UE_ID,distance_km,SNR_dB,SINR_dB,RSSI_dBm,BER,Throughput_Mbps,Latency_ms,Packet_Loss_pct,Doppler_Hz,Propagation_Delay_ms,Rain_Rate_mmhr,Rain_Fade_dB,Link_Quality_Index,Spectral_Efficiency_bps_hz,network_type
UE_000000,0.0066,31.38,27.214,-63.62,5.1881e-06,9.78,1.5,0.2756,16.8949,2.2e-05,0,0,73.6706,7.703969,WiFi6_5GHz
UE_000001,0.0068,37.98,32.7803,-57.02,1.3e-09,29.74,1.5,0.0786,31.1286,2.3e-05,0,0,75.9789,11.90355,WiFi6_5GHz
UE_000002,0.001,-0.89,-9.2982,-95.89,0.0807027794,32.04,1.6084,37.1428,30.0204,3e-06,0,0,22.9812,0.60028,WiFi6_5GHz
UE_000003,0.0055,15.48,10.1337,-79.52,0.000164688,16.17,1.5,0.9894,-26.286,1.8e-05,0,0,55.9481,3.573717,WiFi6_5GHz
UE_000004,0.0037,5.84,-1.3045,-89.16,0.0016197723,16.52,1.5,25.7486,-31.1574,1.2e-05,0,0,39.4829,1.350936,WiFi6_5GHz
UE_000005,0.0013,8.26,1.5273,-86.74,0.0445643436,12.96,1.5149,12.2733,14.1129,4e-06,0,0,45.4136,1.708192,WiFi6_5GHz
UE_000006,0.0132,52.01,46.339,-42.99,4.7e-09,7.45,1.5,0.34,11.9506,4.4e-05,0,0,80.9097,11.706536,WiFi6_5GHz
UE_000007,0.0092,15.34,10.9923,-79.66,8.69152e-05,8.96,1.5,1.7656,-25.0228,3.1e-05,0,0,58.3566,3.493241,WiFi6_5GHz
UE_000008,0.0061,67.97,59.762,-27.03,2.2e-09,21.5,1.5,0.1506,-1.351,2e-05,0,0,81.2694,11.575653,WiFi6_5GHz
UE_000009,0.0092,11.32,5.9198,-83.68,0.0091824833,21.53,1.5,6.5393,31.67,3.1e-05,0,0,52.2056,2.189764,WiFi6_5GHz
UE_000010,0.0022,10.78,2.3148,-84.22,0.0181848652,15.24,1.5,5.6758,29.9571,7e-06,0,0,50.8558,1.767472,WiFi6_5GHz
UE_000011,0.0022,44.48,40.1574,-50.52,4.7e-09,19.79,1.5,0.0493,-27.3452,7e-06,0,0,80.3202,11.628333,WiFi6_5GHz
UE_000012,0.0056,54.45,48.0361,-40.55,5.8e-09,11.44,1.5,0.1433,12.0256,1.9e-05,0,0,82.1248,11.795174,WiFi6_5GHz
UE_000013,0.0099,12.34,2.9079,-82.66,0.0156097634,38.66,1.5,5.3439,20.6223,3.3e-05,0,0,54.8001,2.126441,WiFi6_5GHz
UE_000014,0.0128,45.39,39.1636,-49.61,8.5e-09,21.42,1.6209,0.3338,4.8074,4.3e-05,0,0,80.6161,12.279024,WiFi6_5GHz
UE_000015,0.007,44.78,39.7119,-50.22,6.7e-09,12.21,1.5,0.236,-31.67,2.3e-05,0,0,81.946,11.487909,WiFi6_5GHz
UE_000016,0.0093,6.24,0.2011,-88.76,0.033282618,6.32,1.5,24.6626,10.8803,3.1e-05,0,0,34.1561,1.135586,WiFi6_5GHz
UE_000017,0.0125,5.95,0.9409,-89.05,0.0151391985,24.53,1.5267,29.0768,-23.8247,4.2e-05,0,0,29.7867,1.249706,WiFi6_5GHz
UE_000018,0.0057,32.12,26.9505,-62.88,2.3796e-06,30.46,1.5099,0.2247,-0.9001,1.9e-05,0,0,78.6185,10.671954,WiFi6_5GHz
UE_000019,0.0036,18.42,10.9778,-76.58,0.0006850082,16.26,1.6219,0.8118,-16.2619,1.2e-05,0,0,61.1613,3.187788,WiFi6_5GHz
UE_000020,0.0069,3.56,-4.0406,-91.44,0.0698319842,13.54,1.5,34.3546,-9.0648,2.3e-05,0,0,27.5534,0.909385,WiFi6_5GHz
UE_000021,0.0067,42.51,38.312,-52.49,9.9e-09,20.31,1.5,0.2577,1.7647,2.2e-05,0,0,78.6252,11.585719,WiFi6_5GHz
UE_000022,0.0039,45.79,42.8073,-49.21,4.2e-09,22.94,1.5,0.3559,-15.6418,1.3e-05,0,0,81.3347,11.906719,WiFi6_5GHz
UE_000023,0.0112,43.41,37.2102,-51.59,2.5e-09,15.23,1.5,0.4238,29.2369,3.7e-05,0,0,80.2617,11.746867,WiFi6_5GHz
UE_000024,0.0039,5.81,-0.5922,-89.19,0.0211731743,14.9,1.5,32.4246,-3.7997,1.3e-05,0,0,31.53,1.272931,WiFi6_5GHz
UE_000025,0.0123,20.76,17.0901,-74.24,8.61997e-05,18.6,1.5,0.9568,23.368,4.1e-05,0,0,62.9815,4.427374,WiFi6_5GHz
UE_000026,0.0064,13.5,5.7295,-81.5,0.0463946451,10.24,1.7534,2.0633,20.0042,2.1e-05,0,0,55.7662,2.745712,WiFi6_5GHz
UE_000027,0.0047,13.82,6.4921,-81.18,0.0470302803,18.34,1.5,2.5068,-27.7586,1.6e-05,0,0,57.3126,1.96551,WiFi6_5GHz
UE_000028,0.0059,6.21,-0.8295,-88.79,0.0073548631,24.05,1.5,21.0553,-8.8853,2e-05,0,0,35.4735,1.389015,WiFi6_5GHz
UE_000029,0.0064,19.46,12.567,-75.54,0.0009594336,18.8,1.6779,1.0183,29.3956,2.1e-05,0,0,62.1279,4.493613,WiFi6_5GHz
UE_000030,0.0031,12.83,4.2127,-82.17,0.0409316861,14.67,1.5,4.5698,-9.655,1e-05,0,0,56.9568,2.506795,WiFi6_5GHz
UE_000031,0.0101,47.15,43.608,-47.85,8.6e-09,18.98,1.5,0.3307,-13.1925,3.4e-05,0,0,77.3662,11.733707,WiFi6_5GHz
UE_000032,0.0021,13.83,9.7703,-81.17,0.0276621182,7.08,1.5,2.7215,-23.6779,7e-06,0,0,53.3792,2.133036,WiFi6_5GHz
UE_000033,0.0041,12.88,4.4239,-82.12,0.0156431412,11.43,1.5,5.6731,22.3538,1.4e-05,0,0,55.0171,2.378955,WiFi6_5GHz
UE_000034,0.0053,2.18,-5.0045,-92.82,0.147270498,12.5,1.5,35.8766,3.6855,1.8e-05,0,0,21.1554,0.63747,WiFi6_5GHz
UE_000035,0.0064,-2.66,-10.1849,-97.66,0.0605327182,21.33,1.5,25.4519,20.2631,2.1e-05,0,0,29.4138,0.288359,WiFi6_5GHz
UE_000036,0.0134,3.25,-1.9164,-91.75,0.0826143953,5.84,1.5,16.6523,12.2949,4.5e-05,0,0,34.2734,0.548333,WiFi6_5GHz
UE_000037,0.0052,11.24,5.6771,-83.76,0.0431906113,13.27,1.5,2.7349,18.7459,1.7e-05,0,0,55.7599,2.314723,WiFi6_5GHz
UE_000038,0.0133,35.55,29.5338,-59.45,8e-09,13.79,1.5093,0.225,-16.0261,4.4e-05,0,0,76.0206,11.720037,WiFi6_5GHz
UE_000039,0.0037,1.45,-5.5271,-93.55,0.1499763834,10.28,1.5,17.8255,-5.7697,1.2e-05,0,0,34.9254,0.351999,WiFi6_5GHz
UE_000040,0.0102,41.54,36.5976,-53.46,1.5e-09,11.54,1.5,0.2327,-7.3154,3.4e-05,0,0,79.2603,11.665535,WiFi6_5GHz
UE_000041,0.0089,29.17,26.5803,-65.83,5.1451e-06,13.32,1.5,0.1047,24.8986,3e-05,0,0,72.9864,7.817667,WiFi6_5GHz
UE_000042,0.0033,9.59,3.3952,-85.41,0.0312153616,19.4,1.5,36.8181,-10.0543,1.1e-05,0,0,33.2549,1.728272,WiFi6_5GHz
UE_000043,0.0067,48.11,43.1771,-46.89,2.5e-09,18.78,1.5,0.0811,28.6808,2.2e-05,0,0,83.2794,11.634287,WiFi6_5GHz
UE_000044,0.0134,8.88,1.4665,-86.12,0.0217819221,26.56,1.5809,25.1234,7.8465,4.5e-05,0,0,38.385,1.737305,WiFi6_5GHz
UE_000045,0.0082,64.66,58.3738,-30.34,3.3e-09,20.11,1.5,0.3251,23.017,2.7e-05,0,0,79.5372,11.626771,WiFi6_5GHz
UE_000046,0.0097,63.36,58.1813,-31.64,1e-09,28.74,1.5,0.3277,-9.7305,3.2e-05,0,0,83.7733,11.923775,WiFi6_5GHz
UE_000047,0.0038,27.13,23.4023,-67.87,6.99e-07,19.09,1.5,0.4433,-31.67,1.3e-05,0,0,68.702,7.019546,WiFi6_5GHz
UE_000048,0.0022,-0.52,-3.4606,-95.52,0.1144598085,8.26,1.5,23.579,-10.7317,7e-06,0,0,28.4135,0.1,WiFi6_5GHz
UE_000049,0.0114,18.12,10.9539,-76.88,0.0006098995,15.99,1.5,0.6761,14.7459,3.8e-05,0,0,61.4525,3.537819,WiFi6_5GHz
UE_000050,0.0035,7.64,-0.0359,-87.36,0.0025427805,22.88,1.5,38.559,12.8895,1.2e-05,0,0,28.0372,1.030106,WiFi6_5GHz
UE_000051,0.0031,27.23,21.9058,-67.77,8.3051e-06,18.28,1.5,0.0944,-20.0058,1e-05,0,0,71.7348,6.988345,WiFi6_5GHz
UE_000052,0.0065,15.9,10.2595,-79.1,0.0002666027,7.63,1.5,0.6112,9.6786,2.2e-05,0,0,56.344,3.562201,WiFi6_5GHz
UE_000053,0.0138,5.11,2.015,-89.89,0.0070915014,25.73,1.5,16.9205,8.6287,4.6e-05,0,0,43.1347,0.995536,WiFi6_5GHz
UE_000054,0.0054,23.47,15.6397,-71.53,0.000586365,20.92,1.5,1.7643,1.5362,1.8e-05,0,0,63.1656,5.428565,WiFi6_5GHz
UE_000055,0.0061,9.17,2.4402,-85.83,0.0386905919,11.74,1.5,35.2092,-11.9477,2e-05,0,0,29.0022,1.305772,WiFi6_5GHz
UE_000056,0.0136,7.55,1.4584,-87.45,0.006635361,10.63,1.5,18.4349,-31.67,4.5e-05,0,0,37.2291,1.201093,WiFi6_5GHz
UE_000057,0.0081,47.05,40.9611,-47.95,8.8e-09,14.27,1.5,0.125,-26.302,2.7e-05,0,0,83.801,11.496735,WiFi6_5GHz
UE_000058,0.0131,35.63,28.8739,-59.37,8e-09,9.58,1.5,0.0983,-2.5875,4.4e-05,0,0,74.2683,11.696683,WiFi6_5GHz
UE_000059,0.0135,24.39,19.2333,-70.61,0.0003638617,30.13,1.5,0.5552,-24.3282,4.5e-05,0,0,66.9081,5.436361,WiFi6_5GHz
UE_000060,0.0111,33.27,25.1123,-61.73,1.1512e-06,12.05,1.5,0.1125,-16.7581,3.7e-05,0,0,72.1846,10.429233,WiFi6_5GHz
UE_000061,0.0136,51.95,45.2175,-43.05,4.2e-09,14.75,1.697,0.1909,-18.822,4.5e-05,0,0,80.6144,11.744578,WiFi6_5GHz
UE_000062,0.0043,27.5,22.4655,-67.5,5.23e-06,12.02,1.5,0.4102,9.1103,1.4e-05,0,0,69.0569,6.989641,WiFi6_5GHz
UE_000063,0.0056,-0.86,-7.5878,-95.86,0.1031780767,13.39,1.8212,18.3026,13.8279,1.9e-05,0,0,30.7528,0.413323,WiFi6_5GHz
UE_000064,0.013,15.19,7.6063,-79.81,0.0003932081,16.14,1.5,0.7666,8.3148,4.3e-05,0,0,57.284,3.059323,WiFi6_5GHz
UE_000065,0.0017,36.41,32.0389,-58.59,2.8e-09,16.15,1.5,0.0016,-1.7968,6e-06,0,0,79.8926,11.901976,WiFi6_5GHz
UE_000066,0.0086,57.68,50.5048,-37.32,7.8e-09,13.74,1.5,0.0549,27.0758,2.9e-05,0,0,77.7566,11.997506,WiFi6_5GHz
UE_000067,0.0109,30.15,25.69,-64.85,8.3615e-06,17.31,1.5,0.3616,-3.1037,3.6e-05,0,0,71.9147,7.915292,WiFi6_5GHz
UE_000068,0.0084,23.57,17.9702,-71.43,0.0006120207,9.45,1.5,1.4923,1.7846,2.8e-05,0,0,62.9749,5.463386,WiFi6_5GHz
UE_000069,0.0124,53.76,51.7338,-41.24,1.7e-09,5.08,1.5,0.206,-10.4738,4.1e-05,0,0,78.359,11.624797,WiFi6_5GHz
UE_000070,0.002,3.65,-3.276,-91.35,0.1436257717,13.14,1.5,28.6224,-1.8019,7e-06,0,0,29.0616,0.311724,WiFi6_5GHz
UE_000071,0.008,21.92,16.0957,-73.08,0.0009529299,11.48,1.5,1.7046,1.5385,2.7e-05,0,0,63.1554,5.445126,WiFi6_5GHz
UE_000072,0.0042,8.88,3.4023,-86.12,0.0214882454,7.36,1.8016,8.7675,-23.8579,1.4e-05,0,0,44.3612,1.58882,WiFi6_5GHz
UE_000073,0.0059,51.05,44.733,-43.95,4.9e-09,19.26,1.5,0.2856,-27.4391,2e-05,0,0,80.5271,11.477905,WiFi6_5GHz
UE_000074,0.0031,24.86,16.8025,-70.14,0.0002075219,19.88,1.5,0.5558,-14.9362,1e-05,0,0,66.6904,5.328831,WiFi6_5GHz
UE_000075,0.0126,14.98,7.9951,-80.02,0.0231268989,13.95,1.5,5.8508,10.4842,4.2e-05,0,0,55.9853,2.360724,WiFi6_5GHz
UE_000076,0.001,48.48,45.0698,-46.52,9.3e-09,20.26,1.5,0.2467,-21.3999,3e-06,0,0,84.063,11.806906,WiFi6_5GHz
UE_000077,0.0057,39.08,31.176,-55.92,4e-09,25.03,1.5,0.2473,-11.0567,1.9e-05,0,0,81.0277,11.561272,WiFi6_5GHz
UE_000078,0.0054,45.59,39.9333,-49.41,1e-09,14.34,1.5,0.1632,6.4611,1.8e-05,0,0,76.3806,11.706985,WiFi6_5GHz
UE_000079,0.0138,5.61,0.2207,-89.39,0.0137715942,26.83,1.5,16.9621,16.0005,4.6e-05,0,0,36.0128,1.118861,WiFi6_5GHz
UE_000080,0.0047,12.6,8.304,-82.4,0.0309741634,15.71,1.5,3.6291,-3.685,1.6e-05,0,0,56.6012,2.329407,WiFi6_5GHz
UE_000081,0.0112,23.77,18.9351,-71.23,0.0005910929,34.78,1.5,1.9754,6.7105,3.7e-05,0,0,65.3833,5.487851,WiFi6_5GHz
UE_000082,0.0057,1.51,-3.8299,-93.49,0.1277087415,23.36,1.5461,37.1857,-25.881,1.9e-05,0,0,24.3281,0.232022,WiFi6_5GHz
UE_000083,0.0112,47.54,43.0236,-47.46,1e-10,10.94,1.6654,0.153,29.1829,3.7e-05,0,0,81.2581,11.617213,WiFi6_5GHz
UE_000084,0.0015,59.62,54.8013,-35.38,3.8e-09,21.92,1.5,0.433,30.3422,5e-06,0,0,86.9366,12.048412,WiFi6_5GHz
UE_000085,0.0055,27.68,26.0352,-67.32,3.8187e-06,15.55,1.5,0.337,16.0248,1.8e-05,0,0,68.4721,7.087142,WiFi6_5GHz
UE_000086,0.0095,4.7,-1.005,-90.3,0.132122211,16.8,1.5,37.0364,-21.7463,3.2e-05,0,0,24.943,0.613,WiFi6_5GHz
UE_000087,0.0034,0.63,-4.4926,-94.37,0.1170541011,13.21,1.5,20.1285,-0.3315,1.1e-05,0,0,31.2203,0.352958,WiFi6_5GHz
UE_000088,0.0099,15.89,10.0796,-79.11,0.0006420014,22.85,1.5,0.9206,14.817,3.3e-05,0,0,59.1209,3.773407,WiFi6_5GHz
UE_000089,0.0027,52.22,44.8985,-42.78,7.8e-09,29.66,1.5078,0.1737,-6.0246,9e-06,0,0,81.9225,11.780484,WiFi6_5GHz
UE_000090,0.0128,7.15,1.788,-87.85,0.0367549899,26.64,1.5,24.0557,-17.6235,4.3e-05,0,0,37.1145,0.877559,WiFi6_5GHz
UE_000091,0.0104,71.18,64.8052,-23.82,2.6e-09,19.82,1.5586,0.1694,12.2391,3.5e-05,0,0,79.6745,11.89624,WiFi6_5GHz
UE_000092,0.0012,53.18,48.9048,-41.82,1.3e-09,13.36,1.6412,0.3967,-24.9641,4e-06,0,0,75.0445,11.928945,WiFi6_5GHz
UE_000093,0.0072,29.26,26.1601,-65.74,5.565e-07,11.89,1.5,0.364,-6.1722,2.4e-05,0,0,68.9474,7.882933,WiFi6_5GHz
UE_000094,0.0132,26.6,22.9124,-68.4,7.4939e-06,14.1,1.5,0.1708,19.0723,4.4e-05,0,0,71.9879,7.09554,WiFi6_5GHz
UE_000095,0.0112,12.21,7.5941,-82.79,0.0086787279,18.47,1.5,6.3681,-12.2223,3.7e-05,0,0,50.9585,2.373768,WiFi6_5GHz
UE_000096,0.0015,42.72,35.0724,-52.28,1.9e-09,34.81,1.5,0.1074,-10.055,5e-06,0,0,86.1141,11.576615,WiFi6_5GHz
UE_000097,0.007,60.22,54.6482,-34.78,5.6e-09,6.88,1.5,0.1791,4.4926,2.3e-05,0,0,83.6307,11.448762,WiFi6_5GHz
UE_000098,0.0024,43.87,38.6716,-51.13,1.6e-09,18.7,1.5,0.2595,4.8449,8e-06,0,0,79.5076,12.008437,WiFi6_5GHz
UE_000099,0.0024,-3.18,-10.0238,-98.18,0.1391026752,21.98,1.5,35.3548,-19.451,8e-06,0,0,24.0568,0.357611,WiFi6_5GHz
UE_000100,0.0115,45.16,40.5008,-49.84,6e-09,14.34,1.5,0.4921,27.209,3.8e-05,0,0,79.0319,11.340482,WiFi6_5GHz
UE_000101,0.0064,23.06,18.9227,-71.94,0.0002494599,12.13,1.5,1.5608,18.3767,2.1e-05,0,0,63.846,5.446415,WiFi6_5GHz
UE_000102,0.0062,12.76,8.3433,-82.24,0.0093401284,23.12,1.5,3.1649,-15.4605,2.1e-05,0,0,55.5084,2.44219,WiFi6_5GHz
UE_000103,0.0077,30.97,25.7234,-64.03,4.9334e-06,11.24,1.5,0.1651,-3.4992,2.6e-05,0,0,72.3182,8.111257,WiFi6_5GHz
UE_000104,0.0051,26.28,23.6585,-68.72,7.273e-06,17.97,1.5,0.2131,-24.5625,1.7e-05,0,0,66.0254,6.867001,WiFi6_5GHz
UE_000105,0.0116,56.55,52.3347,-38.45,8.9e-09,11.29,1.5,0.2736,-15.5734,3.9e-05,0,0,78.0964,11.710004,WiFi6_5GHz
UE_000106,0.0108,-0.86,-4.1201,-95.86,0.0694307969,9.44,1.5,21.8578,0.9304,3.6e-05,0,0,28.3684,0.489998,WiFi6_5GHz
UE_000107,0.0048,44.85,40.5042,-50.15,3e-09,22.59,1.5,0.2905,-31.67,1.6e-05,0,0,79.5327,11.64172,WiFi6_5GHz
UE_000108,0.0022,-1.16,-4.8323,-96.16,0.1472053836,18.86,1.5,11.1522,-17.1535,7e-06,0,0,37.3446,0.365808,WiFi6_5GHz
UE_000109,0.0102,18.19,15.5674,-76.81,0.0007482703,7.24,1.5,1.636,-5.848,3.4e-05,0,0,57.625,3.526181,WiFi6_5GHz
UE_000110,0.0101,48.26,45.9479,-46.74,3.1e-09,18.18,1.5,0.3867,-11.4902,3.4e-05,0,0,81.7361,11.945803,WiFi6_5GHz
UE_000111,0.0101,-4.39,-7.0439,-99.39,0.1083595673,25.38,1.6714,15.4438,19.0604,3.4e-05,0,0,38.5455,0.31979,WiFi6_5GHz
UE_000112,0.0012,36.87,33.1116,-58.13,7e-10,22.22,1.5,0.2027,31.2505,4e-06,0,0,79.3209,11.549909,WiFi6_5GHz
UE_000113,0.0091,42.3,37.4694,-52.7,2.5e-09,10.16,1.5,0.0956,2.7649,3e-05,0,0,77.6945,11.692296,WiFi6_5GHz
UE_000114,0.0088,43.39,34.6533,-51.61,6.1e-09,15.89,1.5,0.1614,24.5659,2.9e-05,0,0,81.1012,12.023768,WiFi6_5GHz
UE_000115,0.0101,50.75,44.7099,-44.25,5.5e-09,24.8,1.5,0.047,28.3836,3.4e-05,0,0,86.5063,11.611403,WiFi6_5GHz
UE_000116,0.01,52.53,47.5442,-42.47,1.4e-09,18.61,1.5,0.4158,-6.812,3.3e-05,0,0,80.5926,11.592501,WiFi6_5GHz
UE_000117,0.0109,32.2,25.1049,-62.8,6.8442e-06,16.47,1.5,0.1153,-8.6948,3.6e-05,0,0,70.8282,10.824338,WiFi6_5GHz
UE_000118,0.0047,1.96,-3.7271,-93.04,0.0655679785,9.46,1.5552,29.7214,24.7997,1.6e-05,0,0,28.7084,0.138815,WiFi6_5GHz
UE_000119,0.0134,55.14,50.6376,-39.86,6.6e-09,15.87,1.5,0.3663,25.8597,4.5e-05,0,0,80.4803,11.355934,WiFi6_5GHz
UE_000120,0.0089,10.08,6.7545,-84.92,0.003002524,10.72,1.5,6.2794,13.9252,3e-05,0,0,49.9751,1.844824,WiFi6_5GHz
UE_000121,0.0107,24.42,15.6329,-70.58,0.000443898,13.61,1.5,1.8165,-24.7287,3.6e-05,0,0,63.9842,5.525121,WiFi6_5GHz
UE_000122,0.0128,24.59,17.369,-70.41,0.0008493007,16.19,1.5,0.6474,22.3107,4.3e-05,0,0,65.7234,5.122316,WiFi6_5GHz
UE_000123,0.0032,48.61,41.7203,-46.39,9.7e-09,8.8,1.5,0.1082,-20.6448,1.1e-05,0,0,77.857,11.568368,WiFi6_5GHz
UE_000124,0.0061,36.0,32.5321,-59.0,5.1e-09,28.02,1.5,0.3243,22.6302,2e-05,0,0,77.621,11.976769,WiFi6_5GHz
UE_000125,0.0113,56.85,49.2224,-38.15,8.2e-09,22.31,1.5,0.3265,15.6393,3.8e-05,0,0,84.1703,11.373978,WiFi6_5GHz
UE_000126,0.0088,0.46,-6.7187,-94.54,0.081378156,14.66,1.5,36.9477,12.2768,2.9e-05,0,0,23.3324,0.480283,WiFi6_5GHz
UE_000127,0.0018,1.13,-3.3381,-93.87,0.0584532301,23.22,1.5,14.6835,25.4432,6e-06,0,0,38.5525,0.1,WiFi6_5GHz
UE_000128,0.0105,32.64,27.4407,-62.36,4.8351e-06,18.06,1.5,0.1412,10.0878,3.5e-05,0,0,72.7671,10.547962,WiFi6_5GHz
UE_000129,0.0015,11.37,5.7351,-83.63,0.0408116644,10.3,1.5,7.315,-19.5901,5e-06,0,0,46.413,2.442178,WiFi6_5GHz
UE_000130,0.0095,34.05,29.8913,-60.95,9.5904e-06,16.27,1.5,0.1033,14.1146,3.2e-05,0,0,74.8322,10.379889,WiFi6_5GHz
UE_000131,0.0103,16.39,12.4475,-78.61,0.0009668866,15.79,1.5,1.7222,19.8894,3.4e-05,0,0,56.327,3.60546,WiFi6_5GHz
UE_000132,0.0128,10.66,5.2049,-84.34,0.0451819971,4.2,1.5,6.2238,22.4941,4.3e-05,0,0,49.7801,1.649446,WiFi6_5GHz
UE_000133,0.0125,30.27,25.9685,-64.73,6.1613e-06,24.98,1.5,0.005,18.0841,4.2e-05,0,0,75.1476,7.594069,WiFi6_5GHz
UE_000134,0.0057,16.18,7.6187,-78.82,6.82693e-05,15.3,1.5,1.7282,-26.033,1.9e-05,0,0,58.404,3.30913,WiFi6_5GHz
UE_000135,0.0044,-2.72,-7.0048,-97.72,0.1254578947,14.42,1.5,21.9246,16.6992,1.5e-05,0,0,33.197,0.141588,WiFi6_5GHz
UE_000136,0.0074,47.02,42.6938,-47.98,1.5e-09,19.58,1.5,0.418,-16.561,2.5e-05,0,0,78.1168,11.765721,WiFi6_5GHz
UE_000137,0.0086,-6.17,-12.4997,-101.17,0.0730612629,26.07,1.5,31.2668,13.6504,2.9e-05,0,0,27.2552,0.584335,WiFi6_5GHz
UE_000138,0.0107,39.99,35.3645,-55.01,3e-10,14.56,1.5,0.1048,25.5469,3.6e-05,0,0,80.2139,11.832608,WiFi6_5GHz
UE_000139,0.0035,9.41,2.2746,-85.59,0.0105092959,17.82,1.5866,29.19,-5.0591,1.2e-05,0,0,32.4155,1.813478,WiFi6_5GHz
UE_000140,0.0012,54.61,47.4959,-40.39,3.1e-09,29.05,1.5,0.3205,6.0069,4e-06,0,0,79.5458,11.814155,WiFi6_5GHz
UE_000141,0.0026,11.11,5.2365,-83.89,0.0306797949,8.66,1.5,4.2549,-24.8356,9e-06,0,0,53.2074,2.517964,WiFi6_5GHz
UE_000142,0.0071,22.44,19.6627,-72.56,0.0009464337,10.8,1.5,0.8384,30.333,2.4e-05,0,0,64.0357,5.192398,WiFi6_5GHz
UE_000143,0.005,9.51,4.8127,-85.49,0.0487804604,10.76,1.5,29.3169,-25.972,1.7e-05,0,0,37.5402,1.685743,WiFi6_5GHz
UE_000144,0.0019,14.39,9.2464,-80.61,0.0490576191,21.18,1.5,6.3046,15.0443,6e-06,0,0,56.2945,2.030369,WiFi6_5GHz
UE_000145,0.0087,23.74,18.1949,-71.26,0.0006080377,17.83,1.5,1.2007,19.4395,2.9e-05,0,0,65.3541,5.225221,WiFi6_5GHz
UE_000146,0.007,48.66,39.9164,-46.34,3.6e-09,10.91,1.5,0.4205,28.8593,2.3e-05,0,0,79.1587,11.523499,WiFi6_5GHz
UE_000147,0.0101,5.43,-3.3375,-89.57,0.0231748555,19.11,1.5,27.6734,0.0421,3.4e-05,0,0,30.9004,1.414221,WiFi6_5GHz
UE_000148,0.0061,45.88,42.3924,-49.12,1.6e-09,17.87,1.5,0.0449,1.2947,2e-05,0,0,83.703,11.712821,WiFi6_5GHz
UE_000149,0.0069,14.77,11.4305,-80.23,0.0417368121,11.12,1.5,6.2947,-20.1542,2.3e-05,0,0,54.9211,2.52492,WiFi6_5GHz
UE_000150,0.0025,7.8,4.1719,-87.2,0.0044062618,19.61,1.5,32.1257,-8.6756,8e-06,0,0,33.8087,1.045732,WiFi6_5GHz
UE_000151,0.0093,12.89,8.4486,-82.11,0.0377941299,16.62,1.5,6.8398,31.67,3.1e-05,0,0,54.533,2.102697,WiFi6_5GHz
UE_000152,0.0036,31.71,23.5708,-63.29,9.5308e-06,24.42,1.5,0.0032,-14.4518,1.2e-05,0,0,70.2443,7.380736,WiFi6_5GHz
UE_000153,0.0132,59.57,52.8006,-35.43,6.8e-09,17.64,1.5,0.3015,-31.67,4.4e-05,0,0,79.5925,11.656702,WiFi6_5GHz
UE_000154,0.0133,13.01,5.8875,-81.99,0.0169057876,19.51,1.5,3.9437,23.6525,4.4e-05,0,0,53.6489,2.506664,WiFi6_5GHz
UE_000155,0.0102,63.45,56.1327,-31.55,2.9e-09,19.76,1.6203,0.1749,0.2543,3.4e-05,0,0,75.4146,11.53944,WiFi6_5GHz
UE_000156,0.0136,11.68,7.6659,-83.32,0.0298020267,27.97,1.5,6.0744,-0.2275,4.5e-05,0,0,55.2858,2.221505,WiFi6_5GHz
UE_000157,0.006,7.61,2.8616,-87.39,0.0239476658,11.89,1.5,13.4852,-7.3783,2e-05,0,0,44.3787,1.071458,WiFi6_5GHz
UE_000158,0.0139,2.63,-3.4248,-92.37,0.087146815,21.26,1.556,36.0003,-17.4578,4.6e-05,0,0,24.8736,0.506952,WiFi6_5GHz
UE_000159,0.0113,45.16,38.1259,-49.84,9e-09,19.25,1.5,0.4839,-14.4671,3.8e-05,0,0,80.1227,11.780024,WiFi6_5GHz
UE_000160,0.004,-1.11,-8.6933,-96.11,0.0610508175,8.41,1.5,11.7063,-4.3117,1.3e-05,0,0,36.7909,0.1,WiFi6_5GHz
UE_000161,0.0061,16.0,10.2671,-79.0,0.0003771568,26.64,1.5,1.3446,-29.3174,2e-05,0,0,59.6827,3.504247,WiFi6_5GHz
UE_000162,0.0131,14.79,10.0952,-80.21,0.0313480555,25.28,1.5,5.8043,-23.0043,4.4e-05,0,0,57.5826,2.624677,WiFi6_5GHz
UE_000163,0.0135,27.36,21.4632,-67.64,3.372e-07,10.37,1.5,0.3647,-25.4886,4.5e-05,0,0,68.9433,6.755499,WiFi6_5GHz
UE_000164,0.006,13.42,9.6059,-81.58,0.0223692177,12.67,1.5038,7.1917,-4.1886,2e-05,0,0,56.2833,2.781539,WiFi6_5GHz
UE_000165,0.0017,0.37,-5.8178,-94.63,0.0920191619,10.36,1.5,22.6338,-13.0876,6e-06,0,0,28.9142,0.595031,WiFi6_5GHz
UE_000166,0.0023,1.12,-6.3463,-93.88,0.1253142422,13.21,1.5,30.9614,22.9024,8e-06,0,0,27.145,0.342623,WiFi6_5GHz
UE_000167,0.0115,1.24,-1.5214,-93.76,0.0558126914,15.16,1.5,36.7952,-11.6191,3.8e-05,0,0,24.4426,0.374447,WiFi6_5GHz
UE_000168,0.0035,26.34,21.9104,-68.66,1.8695e-06,18.04,1.5,0.4536,-11.974,1.2e-05,0,0,72.5451,6.932052,WiFi6_5GHz
UE_000169,0.012,13.07,7.4065,-81.93,0.0071891038,17.1,1.5,5.6581,-1.1028,4e-05,0,0,52.8151,1.88482,WiFi6_5GHz
UE_000170,0.0054,35.67,30.8643,-59.33,8.9e-09,11.12,1.5,0.2135,5.4179,1.8e-05,0,0,73.3856,11.841377,WiFi6_5GHz
UE_000171,0.0135,22.71,15.3404,-72.29,0.0004126803,23.41,1.5,0.8905,-8.0924,4.5e-05,0,0,65.5895,5.130144,WiFi6_5GHz
UE_000172,0.0062,59.54,53.5018,-35.46,9e-10,17.32,1.5172,0.1485,1.551,2.1e-05,0,0,76.6917,11.615237,WiFi6_5GHz
UE_000173,0.0032,6.53,2.839,-88.47,0.0434752615,23.53,1.7398,14.9658,-24.4751,1.1e-05,0,0,39.8336,1.31115,WiFi6_5GHz
UE_000174,0.007,14.37,7.1161,-80.63,0.0028989202,21.68,1.5,5.1422,-17.5706,2.3e-05,0,0,57.6773,2.408982,WiFi6_5GHz
UE_000175,0.0037,60.05,55.8707,-34.95,9.3e-09,24.87,1.9249,0.2807,4.6112,1.2e-05,0,0,80.506,11.559499,WiFi6_5GHz
UE_000176,0.0079,28.28,25.6674,-66.72,9.6435e-06,13.62,1.5,0.3772,-20.6478,2.6e-05,0,0,70.4201,8.050461,WiFi6_5GHz
UE_000177,0.0054,5.01,-2.6219,-89.99,0.0477032315,13.14,1.7324,30.5748,6.9287,1.8e-05,0,0,30.4374,1.083122,WiFi6_5GHz
UE_000178,0.01,16.05,11.0633,-78.95,0.0002653115,24.4,1.55,1.6521,-3.0323,3.3e-05,0,0,55.6133,3.313874,WiFi6_5GHz
UE_000179,0.0111,12.16,4.0473,-82.84,0.0291682228,7.49,1.5,3.4584,31.67,3.7e-05,0,0,53.0897,2.283519,WiFi6_5GHz
UE_000180,0.0052,10.05,7.9453,-84.95,0.0120562949,10.88,1.5,4.3705,31.084,1.7e-05,0,0,52.846,2.041931,WiFi6_5GHz
UE_000181,0.0101,32.62,28.6272,-62.38,2.5584e-06,16.49,1.5,0.3852,-8.7339,3.4e-05,0,0,74.1033,10.087083,WiFi6_5GHz
UE_000182,0.0133,8.47,3.4663,-86.53,0.0349981703,20.47,1.5,10.2334,9.2305,4.4e-05,0,0,46.3456,1.769517,WiFi6_5GHz
UE_000183,0.0044,12.0,4.782,-83.0,0.0116715954,12.18,1.5,6.7864,-13.0067,1.5e-05,0,0,51.8713,2.532981,WiFi6_5GHz
UE_000184,0.0041,8.43,1.8219,-86.57,0.0313312676,9.76,1.667,10.7966,-12.8695,1.4e-05,0,0,46.1952,2.308126,WiFi6_5GHz
UE_000185,0.0069,43.3,40.5348,-51.7,3.5e-09,8.67,1.5,0.2971,-19.099,2.3e-05,0,0,82.8375,11.732188,WiFi6_5GHz
UE_000186,0.0098,7.44,0.9506,-87.56,0.0015595507,13.96,1.5,12.7926,8.926,3.3e-05,0,0,38.237,0.990751,WiFi6_5GHz
UE_000187,0.0126,14.6,6.8131,-80.4,0.0086869424,16.56,1.5,5.6747,30.5647,4.2e-05,0,0,53.1608,2.359232,WiFi6_5GHz
UE_000188,0.0119,32.64,25.8614,-62.36,2.8581e-06,13.23,1.5,0.496,-12.5412,4e-05,0,0,74.4,10.63053,WiFi6_5GHz
UE_000189,0.0097,21.55,18.5361,-73.45,0.0003251436,15.83,1.5969,0.6207,-3.9795,3.2e-05,0,0,62.8343,5.441695,WiFi6_5GHz
UE_000190,0.0035,6.69,3.4219,-88.31,0.005560645,16.97,1.5,30.7007,10.6998,1.2e-05,0,0,30.7971,1.286087,WiFi6_5GHz
UE_000191,0.0015,27.28,23.313,-67.72,1.2488e-06,19.14,1.7296,0.2091,27.6649,5e-06,0,0,70.2428,7.193742,WiFi6_5GHz
UE_000192,0.0059,33.61,29.3516,-61.39,5.2813e-06,10.8,1.5,0.3621,-5.9701,2e-05,0,0,74.477,10.229302,WiFi6_5GHz
UE_000193,0.0134,30.35,27.452,-64.65,5.6682e-06,20.94,1.5,0.2856,-30.0887,4.5e-05,0,0,72.6503,7.794093,WiFi6_5GHz
UE_000194,0.0035,25.03,17.8378,-69.97,7.3685e-06,24.88,1.5577,0.1003,2.4412,1.2e-05,0,0,70.7042,7.091873,WiFi6_5GHz
UE_000195,0.0029,-3.07,-6.5607,-98.07,0.1027040991,16.77,1.6208,15.9548,10.4151,1e-05,0,0,35.8632,0.1,WiFi6_5GHz
UE_000196,0.0135,-1.79,-6.167,-96.79,0.0843616732,22.02,1.5,25.817,27.2855,4.5e-05,0,0,27.6337,0.674914,WiFi6_5GHz
UE_000197,0.0122,-1.15,-6.9572,-96.15,0.0592159468,24.69,1.7544,25.3705,-0.5036,4.1e-05,0,0,29.0834,0.1,WiFi6_5GHz
UE_000198,0.0019,25.58,20.9352,-69.42,3.7696e-06,16.92,1.5,0.007,13.9239,6e-06,0,0,65.5627,7.015691,WiFi6_5GHz
UE_000199,0.0015,28.92,24.3011,-66.08,8.7303e-06,6.8,1.5,0.0592,22.0374,5e-06,0,0,71.8608,7.688176,WiFi6_5GHz
UE_000200,0.0028,9.05,3.5169,-85.95,0.0055661008,25.07,1.8724,30.1366,22.4105,9e-06,0,0,37.6601,1.840798,WiFi6_5GHz
UE_000201,0.0034,79.1,75.5042,-15.9,4e-10,21.38,1.5,0.1433,0.7742,1.1e-05,0,0,81.3475,11.743568,WiFi6_5GHz
UE_000202,0.0017,19.95,11.6383,-75.05,0.0008155769,14.64,1.5,0.7102,-25.2952,6e-06,0,0,64.7947,4.572512,WiFi6_5GHz
UE_000203,0.013,6.48,-0.4317,-88.52,0.0355406691,12.27,1.5,14.0725,-28.1405,4.3e-05,0,0,42.9679,1.168411,WiFi6_5GHz
UE_000204,0.007,23.67,17.9274,-71.33,2.96255e-05,11.45,1.5,1.6909,-3.8421,2.3e-05,0,0,62.4548,5.187155,WiFi6_5GHz
UE_000205,0.001,33.37,27.5523,-61.63,8.5478e-06,14.92,1.5,0.3015,-9.5466,3e-06,0,0,73.9019,10.447083,WiFi6_5GHz
UE_000206,0.0051,4.06,-2.5349,-90.94,0.0578710222,20.91,1.5327,16.8658,20.2482,1.7e-05,0,0,41.0402,1.140225,WiFi6_5GHz
UE_000207,0.0108,41.54,37.6547,-53.46,4e-10,7.67,1.5,0.2909,17.7813,3.6e-05,0,0,79.3443,11.60016,WiFi6_5GHz
UE_000208,0.0081,20.78,16.1883,-74.22,0.0006191276,9.02,1.5,1.4074,-0.21,2.7e-05,0,0,61.0073,4.947794,WiFi6_5GHz
UE_000209,0.004,9.46,4.8774,-85.54,0.0424150286,14.97,1.5,28.6518,9.5475,1.3e-05,0,0,36.077,2.074616,WiFi6_5GHz
UE_000210,0.0015,27.18,23.6533,-67.82,3.9505e-06,25.68,1.5,0.0542,12.7396,5e-06,0,0,66.6403,6.796357,WiFi6_5GHz
UE_000211,0.0082,7.44,1.2495,-87.56,0.029795771,16.05,1.5,31.3068,-21.4293,2.7e-05,0,0,30.4536,1.07466,WiFi6_5GHz
UE_000212,0.0103,42.2,37.5167,-52.8,9e-09,19.55,1.5,0.2431,12.5928,3.4e-05,0,0,82.5929,11.539729,WiFi6_5GHz
UE_000213,0.0045,32.97,26.0764,-62.03,2.087e-06,17.69,1.5284,0.4843,-23.977,1.5e-05,0,0,74.6989,10.482215,WiFi6_5GHz
UE_000214,0.0058,43.02,40.6597,-51.98,8.6e-09,18.38,1.5,0.4037,-7.1668,1.9e-05,0,0,77.5118,11.662187,WiFi6_5GHz
UE_000215,0.0036,27.59,22.9584,-67.41,7.4667e-06,4.98,1.5,0.3702,8.9065,1.2e-05,0,0,66.5449,6.849044,WiFi6_5GHz
UE_000216,0.0123,0.08,-9.4517,-94.92,0.1192196257,14.97,1.5,35.8949,-30.8597,4.1e-05,0,0,24.5645,0.294541,WiFi6_5GHz
UE_000217,0.0124,75.9,68.7442,-19.1,2e-10,15.9,1.5,0.2975,25.978,4.1e-05,0,0,82.1576,11.399957,WiFi6_5GHz
UE_000218,0.0109,18.31,12.5129,-76.69,0.0008648812,14.51,1.6094,0.8393,-12.6394,3.6e-05,0,0,58.333,3.977831,WiFi6_5GHz
UE_000219,0.0066,1.11,-4.0976,-93.89,0.0824450013,19.23,1.5,29.4114,17.2025,2.2e-05,0,0,30.7056,0.460229,WiFi6_5GHz
UE_000220,0.0095,20.5,12.4417,-74.5,0.0006809463,15.43,1.5,1.0252,1.911,3.2e-05,0,0,64.6739,4.636869,WiFi6_5GHz
UE_000221,0.011,-0.99,-8.6837,-95.99,0.0625805654,11.88,1.5,12.4741,-3.118,3.7e-05,0,0,36.2157,0.307936,WiFi6_5GHz
UE_000222,0.0098,39.79,32.0975,-55.21,6e-10,7.3,1.5907,0.2241,-5.1439,3.3e-05,0,0,78.1004,11.801118,WiFi6_5GHz
UE_000223,0.0019,32.57,31.8166,-62.43,6.7567e-06,15.38,1.5,0.4798,-27.6569,6e-06,0,0,73.3824,10.484342,WiFi6_5GHz
UE_000224,0.0099,23.89,18.0442,-71.11,0.0001447696,17.46,1.5,1.5364,-31.67,3.3e-05,0,0,66.8412,5.574117,WiFi6_5GHz
UE_000225,0.0112,15.45,10.5121,-79.55,0.0007542621,33.27,1.5,0.6755,-22.9192,3.7e-05,0,0,56.368,3.292162,WiFi6_5GHz
UE_000226,0.0062,53.49,44.8293,-41.51,5.2e-09,21.01,1.5,0.3624,-13.5341,2.1e-05,0,0,84.5331,11.377743,WiFi6_5GHz
UE_000227,0.0034,22.2,15.8901,-72.8,0.0009159528,10.96,1.5,0.5245,-28.0571,1.1e-05,0,0,67.698,5.260211,WiFi6_5GHz
UE_000228,0.0103,13.04,5.3399,-81.96,0.0275918792,21.04,1.5,7.5055,3.3658,3.4e-05,0,0,55.8394,2.313021,WiFi6_5GHz
UE_000229,0.0021,74.62,68.4616,-20.38,5.5e-09,20.33,1.5,0.0024,-20.6378,7e-06,0,0,81.5963,11.845834,WiFi6_5GHz
UE_000230,0.009,14.89,11.2141,-80.11,0.0317624486,20.61,1.5,7.2126,9.0899,3e-05,0,0,52.8076,2.672899,WiFi6_5GHz
UE_000231,0.0057,59.9,53.2042,-35.1,1.1e-09,8.6,1.5,0.1619,-4.3504,1.9e-05,0,0,79.0993,11.815996,WiFi6_5GHz
UE_000232,0.0038,10.73,7.3415,-84.27,0.0265878551,23.12,1.5238,6.6835,7.7013,1.3e-05,0,0,47.6811,1.488637,WiFi6_5GHz
UE_000233,0.0121,51.99,46.5539,-43.01,6.1e-09,14.8,1.5,0.4718,-31.67,4e-05,0,0,77.9016,11.402804,WiFi6_5GHz
UE_000234,0.011,62.02,54.7853,-32.98,1.7e-09,25.17,1.6041,0.1943,1.0676,3.7e-05,0,0,83.6239,11.892589,WiFi6_5GHz
UE_000235,0.0092,4.93,-3.907,-90.07,0.1431103625,15.0,1.5,13.6194,29.1004,3.1e-05,0,0,36.768,0.550432,WiFi6_5GHz
UE_000236,0.0071,46.0,37.8859,-49.0,3.4e-09,14.87,1.5,0.3433,-6.3833,2.4e-05,0,0,80.6903,11.728354,WiFi6_5GHz
UE_000237,0.0023,4.8,-0.2555,-90.2,0.0926192617,13.99,1.5,35.1664,7.0096,8e-06,0,0,25.3428,0.800067,WiFi6_5GHz
UE_000238,0.0078,9.76,2.9547,-85.24,0.034428094,25.15,1.5,34.7657,-6.7569,2.6e-05,0,0,33.3123,1.875833,WiFi6_5GHz
UE_000239,0.0048,-8.7,-14.3744,-103.7,0.0894727014,7.75,2.0563,23.9754,5.0721,1.6e-05,0,0,28.7822,0.258317,WiFi6_5GHz
UE_000240,0.01,19.99,13.1148,-75.01,0.0001780465,13.35,1.5,1.237,1.4452,3.3e-05,0,0,62.5749,4.660589,WiFi6_5GHz
UE_000241,0.0043,13.72,7.5336,-81.28,0.0296803813,5.71,1.5,4.3684,31.67,1.4e-05,0,0,52.2456,2.378542,WiFi6_5GHz
UE_000242,0.0116,4.57,1.7627,-90.43,0.1456794029,14.92,1.5,10.6627,-12.1862,3.9e-05,0,0,40.8148,0.558212,WiFi6_5GHz
UE_000243,0.0125,-8.28,-12.6831,-103.28,0.0595647046,21.46,1.5,30.8512,-15.0475,4.2e-05,0,0,29.1065,0.181372,WiFi6_5GHz
UE_000244,0.0059,14.33,5.2363,-80.67,0.0362467483,11.17,1.5,2.9817,10.8446,2e-05,0,0,56.3709,2.726234,WiFi6_5GHz
UE_000245,0.0117,20.31,12.4335,-74.69,0.0002561323,22.68,1.5,0.6394,-0.0612,3.9e-05,0,0,65.4982,4.47152,WiFi6_5GHz
UE_000246,0.0075,2.39,-5.3965,-92.61,0.0906267664,6.35,1.5,35.3466,4.4949,2.5e-05,0,0,24.2584,0.530155,WiFi6_5GHz
UE_000247,0.012,10.11,6.3216,-84.89,0.0012556535,26.37,1.5,3.3119,31.67,4e-05,0,0,51.0912,1.457632,WiFi6_5GHz
UE_000248,0.0071,2.61,-2.0797,-92.39,0.0655801789,32.82,1.5,38.3855,-10.2279,2.4e-05,0,0,26.1247,0.531502,WiFi6_5GHz
UE_000249,0.0132,43.24,37.4382,-51.76,1.2e-09,19.87,1.5,0.0945,6.5585,4.4e-05,0,0,77.7145,11.601876,WiFi6_5GHz
UE_000250,0.0106,64.82,57.1534,-30.18,3.3e-09,13.72,1.5,0.0596,-4.9241,3.5e-05,0,0,76.6107,11.72589,WiFi6_5GHz
UE_000251,0.0062,60.01,53.2797,-34.99,3e-10,23.24,1.5,0.1548,-2.4787,2.1e-05,0,0,78.7792,11.61143,WiFi6_5GHz
UE_000252,0.0022,5.99,-2.0566,-89.01,0.049325379,10.48,1.5,33.1028,-31.67,7e-06,0,0,27.1076,0.917829,WiFi6_5GHz
UE_000253,0.0048,50.45,43.792,-44.55,2.4e-09,18.34,1.5,0.1999,-8.2538,1.6e-05,0,0,76.9198,11.705707,WiFi6_5GHz
UE_000254,0.0043,13.23,5.4859,-81.77,0.0489862894,6.54,1.5,5.1278,31.67,1.4e-05,0,0,53.2908,2.265608,WiFi6_5GHz
UE_000255,0.0075,1.47,-3.2167,-93.53,0.0847289789,22.28,1.5,21.8384,6.6642,2.5e-05,0,0,34.619,0.141735,WiFi6_5GHz
UE_000256,0.0095,35.83,27.9573,-59.17,4.1e-09,24.58,1.5,0.3629,-0.3862,3.2e-05,0,0,73.809,11.586829,WiFi6_5GHz
UE_000257,0.0058,59.61,57.235,-35.39,4.9e-09,10.89,1.5,0.2268,-20.9983,1.9e-05,0,0,80.9532,11.503088,WiFi6_5GHz
UE_000258,0.0031,4.34,0.0914,-90.66,0.1428079733,13.76,1.5,8.7554,-17.4455,1e-05,0,0,45.5733,0.4526,WiFi6_5GHz
UE_000259,0.0018,48.96,44.4751,-46.04,5.2e-09,23.24,1.6648,0.3792,0.8368,6e-06,0,0,79.493,11.667012,WiFi6_5GHz
UE_000260,0.002,2.48,-5.14,-92.52,0.1028945585,17.31,1.5,31.6583,-8.7757,7e-06,0,0,30.2954,0.638272,WiFi6_5GHz
UE_000261,0.0119,29.25,25.2522,-65.75,5.2838e-06,13.74,1.5,0.0275,-2.0652,4e-05,0,0,70.3352,8.061207,WiFi6_5GHz
UE_000262,0.0065,12.61,9.771,-82.39,0.0210363163,17.33,1.5,3.7683,2.1255,2.2e-05,0,0,55.8931,2.489917,WiFi6_5GHz
UE_000263,0.0055,45.59,42.6354,-49.41,3.4e-09,13.76,1.5,0.1643,-31.67,1.8e-05,0,0,83.2851,11.525811,WiFi6_5GHz
UE_000264,0.0025,49.43,41.5904,-45.57,1.7e-09,29.07,1.5994,0.1727,-18.5876,8e-06,0,0,79.508,11.941661,WiFi6_5GHz
UE_000265,0.0094,42.43,35.4748,-52.57,3.7e-09,6.42,1.5,0.3421,6.6805,3.1e-05,0,0,80.929,11.51769,WiFi6_5GHz
UE_000266,0.0119,30.98,25.4007,-64.02,5.6846e-06,12.1,1.5,0.1779,-6.0733,4e-05,0,0,72.6398,7.615272,WiFi6_5GHz
UE_000267,0.0036,60.6,54.2714,-34.4,9.3e-09,24.59,1.5,0.2426,-5.2164,1.2e-05,0,0,82.068,11.585603,WiFi6_5GHz
UE_000268,0.0108,12.41,5.8737,-82.59,0.0444138682,28.66,1.5,2.539,1.177,3.6e-05,0,0,54.0765,2.23208,WiFi6_5GHz
UE_000269,0.0047,17.7,13.7032,-77.3,8.02622e-05,8.92,1.5,1.8281,31.1302,1.6e-05,0,0,59.1947,3.396117,WiFi6_5GHz
UE_000270,0.0129,0.12,-4.467,-94.88,0.0707215324,13.07,1.5,14.8125,17.3549,4.3e-05,0,0,34.3062,0.564936,WiFi6_5GHz
UE_000271,0.0042,39.14,34.8739,-55.86,6.6e-09,13.87,1.5,0.3002,18.0313,1.4e-05,0,0,80.319,12.001536,WiFi6_5GHz
UE_000272,0.0052,22.92,17.9588,-72.08,0.0004803984,5.05,1.5,0.7669,-25.4213,1.7e-05,0,0,65.3638,4.99935,WiFi6_5GHz
UE_000273,0.0081,-1.22,-5.0711,-96.22,0.0944983905,18.02,1.5,18.181,10.0898,2.7e-05,0,0,30.63,0.34943,WiFi6_5GHz
UE_000274,0.004,9.55,5.1987,-85.45,0.0459858566,16.14,1.5,29.8608,-19.9731,1.3e-05,0,0,33.8289,1.928544,WiFi6_5GHz
UE_000275,0.0116,29.65,24.3923,-65.35,1.0703e-06,15.38,1.5,0.3102,22.5041,3.9e-05,0,0,72.2423,7.667698,WiFi6_5GHz
UE_000276,0.0141,23.46,16.5574,-71.54,0.0001270603,31.18,1.5,0.8513,-28.4701,4.7e-05,0,0,67.5014,5.159201,WiFi6_5GHz
UE_000277,0.0022,7.55,0.3347,-87.45,0.0304269749,15.06,1.5,11.1921,-0.768,7e-06,0,0,42.1728,1.193011,WiFi6_5GHz
UE_000278,0.005,20.31,14.6728,-74.69,0.0001419072,11.6,1.5,1.5493,8.2536,1.7e-05,0,0,60.0806,4.350213,WiFi6_5GHz
UE_000279,0.0135,44.29,39.4011,-50.71,7.1e-09,30.8,1.7089,0.3991,-13.9215,4.5e-05,0,0,81.5084,12.107188,WiFi6_5GHz
UE_000280,0.0035,41.42,34.5124,-53.58,7e-10,17.41,1.5,0.277,26.6585,1.2e-05,0,0,79.1248,11.674525,WiFi6_5GHz
UE_000281,0.0019,12.57,6.0168,-82.43,0.0296945807,15.14,1.5,4.4474,10.6913,6e-06,0,0,53.117,2.510374,WiFi6_5GHz
UE_000282,0.0047,48.95,44.3836,-46.05,9e-09,11.04,1.5,0.3748,6.8591,1.6e-05,0,0,76.6494,11.613575,WiFi6_5GHz
UE_000283,0.01,41.49,36.205,-53.51,3.5e-09,12.27,1.5,0.0534,15.0211,3.3e-05,0,0,81.1144,11.684808,WiFi6_5GHz
UE_000284,0.012,12.81,8.1231,-82.19,0.0115337448,14.91,1.5,4.8624,6.5079,4e-05,0,0,54.4831,2.543171,WiFi6_5GHz
UE_000285,0.0103,58.11,55.1367,-36.89,6.6e-09,10.06,1.5,0.0159,18.6823,3.4e-05,0,0,81.5164,11.773122,WiFi6_5GHz
UE_000286,0.01,25.02,21.2221,-69.98,8.5447e-06,16.29,1.5,0.0869,-24.3737,3.3e-05,0,0,66.6449,7.138462,WiFi6_5GHz
UE_000287,0.0095,32.1,28.8166,-62.9,8.8076e-06,24.37,1.5,0.4162,-9.0825,3.2e-05,0,0,75.0224,10.544288,WiFi6_5GHz
UE_000288,0.0031,44.49,36.9454,-50.51,7.9e-09,19.49,1.5,0.001,-7.8064,1e-05,0,0,83.1158,11.510931,WiFi6_5GHz
UE_000289,0.0011,6.55,3.212,-88.45,0.029575667,8.04,1.5,16.1377,16.2674,4e-06,0,0,38.476,0.980422,WiFi6_5GHz
UE_000290,0.0056,47.68,40.1073,-47.32,8.4e-09,19.54,1.5,0.243,18.5865,1.9e-05,0,0,78.6187,11.794028,WiFi6_5GHz
UE_000291,0.0041,14.59,7.6299,-80.41,0.0429539058,11.49,1.5,7.0595,-13.8702,1.4e-05,0,0,55.8531,2.279993,WiFi6_5GHz
UE_000292,0.0127,8.78,1.6454,-86.22,0.0326378335,10.04,1.5,32.9158,31.67,4.2e-05,0,0,30.3244,2.046661,WiFi6_5GHz
UE_000293,0.0103,15.48,7.787,-79.52,0.0005000164,13.1,1.5,1.8839,28.6168,3.4e-05,0,0,59.1308,3.436988,WiFi6_5GHz
UE_000294,0.0078,28.91,21.6102,-66.09,8.1631e-06,13.13,1.5,0.1097,-25.0463,2.6e-05,0,0,65.5384,7.858253,WiFi6_5GHz
UE_000295,0.0138,18.54,11.4835,-76.46,0.0004819615,13.18,1.5,1.044,-5.7821,4.6e-05,0,0,56.6176,3.632812,WiFi6_5GHz
UE_000296,0.0026,63.04,54.5115,-31.96,1.2e-09,18.68,1.5,0.1013,3.4124,9e-06,0,0,77.9526,11.507955,WiFi6_5GHz
UE_000297,0.0076,15.32,9.3408,-79.68,0.0005299239,17.59,1.5,0.942,-17.4179,2.5e-05,0,0,56.71,3.407592,WiFi6_5GHz
UE_000298,0.0032,0.3,-4.3642,-94.7,0.1020502619,23.46,1.5,22.0758,10.3804,1.1e-05,0,0,30.2571,0.214418,WiFi6_5GHz
UE_000299,0.0129,-5.91,-9.7422,-100.91,0.1282158372,10.72,1.5,23.7406,-18.1905,4.3e-05,0,0,32.2184,0.455287,WiFi6_5GHz
UE_000300,0.0011,-3.54,-6.5621,-98.54,0.0876439541,28.58,1.5,21.7862,2.5546,4e-06,0,0,32.7013,0.295548,WiFi6_5GHz
UE_000301,0.0072,12.61,7.5839,-82.39,0.027291607,25.32,1.5,6.8971,-25.4009,2.4e-05,0,0,52.8181,1.96107,WiFi6_5GHz
UE_000302,0.0119,52.25,45.4764,-42.75,8.5e-09,11.11,1.5,0.1165,6.6572,4e-05,0,0,81.8206,11.402849,WiFi6_5GHz
UE_000303,0.0095,3.85,-0.863,-91.15,0.077617617,18.76,1.5,13.4512,12.1056,3.2e-05,0,0,40.3369,0.476464,WiFi6_5GHz
UE_000304,0.0136,14.27,10.5769,-80.73,0.019441145,30.62,1.5,4.1027,-9.2205,4.5e-05,0,0,56.7226,2.474629,WiFi6_5GHz
UE_000305,0.0035,66.23,57.0509,-28.77,4.3e-09,13.14,1.5,0.0449,-23.9933,1.2e-05,0,0,84.5522,11.621705,WiFi6_5GHz
UE_000306,0.0073,55.56,49.7131,-39.44,4.7e-09,9.99,1.5,0.4777,-2.4832,2.4e-05,0,0,80.1859,11.487832,WiFi6_5GHz
UE_000307,0.0065,17.21,12.3517,-77.79,0.0004742558,11.34,1.5,0.9527,6.5749,2.2e-05,0,0,59.3484,3.041583,WiFi6_5GHz
UE_000308,0.0026,9.56,3.8582,-85.44,0.0400126091,5.64,1.5,16.4333,-24.0608,9e-06,0,0,41.1326,1.535637,WiFi6_5GHz
UE_000309,0.0069,12.2,6.4547,-82.8,0.0243478765,25.12,1.5,2.1016,21.1231,2.3e-05,0,0,55.4767,2.448457,WiFi6_5GHz
UE_000310,0.0121,35.26,28.2528,-59.74,3.6e-09,18.02,1.5,0.0824,6.8209,4e-05,0,0,75.301,11.548782,WiFi6_5GHz
UE_000311,0.0026,56.43,52.0162,-38.57,4.9e-09,12.32,1.5,0.2271,-29.8638,9e-06,0,0,80.4874,11.710273,WiFi6_5GHz
UE_000312,0.0045,9.12,7.759,-85.88,0.0431296249,15.42,1.5,36.9537,-10.1776,1.5e-05,0,0,28.8381,1.518104,WiFi6_5GHz
UE_000313,0.0109,8.31,0.3942,-86.69,0.0308806669,14.96,1.5,27.3546,16.4387,3.6e-05,0,0,33.9579,2.032602,WiFi6_5GHz
UE_000314,0.0045,49.46,43.6137,-45.54,5.9e-09,16.42,1.5,0.4143,-31.1851,1.5e-05,0,0,81.9618,11.808268,WiFi6_5GHz
UE_000315,0.002,43.28,37.7848,-51.72,9.7e-09,15.05,1.5,0.1923,13.1969,7e-06,0,0,81.5097,11.404419,WiFi6_5GHz
UE_000316,0.0029,19.83,16.7027,-75.17,0.0008349971,17.61,1.5,1.2163,8.0662,1e-05,0,0,62.2529,4.517864,WiFi6_5GHz
UE_000317,0.0015,29.91,22.3741,-65.09,1.146e-07,15.28,1.5,0.1191,-16.1618,5e-06,0,0,72.8223,7.980015,WiFi6_5GHz
UE_000318,0.0028,35.75,31.0073,-59.25,4.5e-09,17.23,1.5,0.4478,2.8481,9e-06,0,0,75.488,11.797053,WiFi6_5GHz
UE_000319,0.0134,11.65,7.3845,-83.35,0.0082579752,12.76,1.5,4.3758,-25.5825,4.5e-05,0,0,49.3947,2.287496,WiFi6_5GHz
UE_000320,0.0059,51.5,46.2833,-43.5,8e-09,18.32,1.5,0.1213,-8.8151,2e-05,0,0,81.4896,11.86486,WiFi6_5GHz
UE_000321,0.0071,5.48,-2.704,-89.52,0.0040087583,30.28,1.7673,32.098,29.1739,2.4e-05,0,0,32.8756,1.15826,WiFi6_5GHz
UE_000322,0.0021,37.38,30.5109,-57.62,8.9e-09,10.7,1.5,0.4079,-5.7603,7e-06,0,0,75.0296,11.729965,WiFi6_5GHz
UE_000323,0.0028,42.88,34.3796,-52.12,2.7e-09,4.09,1.5,0.4791,-16.8192,9e-06,0,0,78.36,11.72008,WiFi6_5GHz
UE_000324,0.0078,-5.46,-12.3982,-100.46,0.072344318,12.69,1.5,14.204,13.0598,2.6e-05,0,0,39.5785,0.531653,WiFi6_5GHz
UE_000325,0.002,6.83,3.3395,-88.17,0.0400670657,11.4,1.5125,22.5359,8.7546,7e-06,0,0,38.7646,1.399116,WiFi6_5GHz
UE_000326,0.0108,8.26,3.1672,-86.74,0.0145374898,15.3,1.5,10.3259,-7.9148,3.6e-05,0,0,48.5127,2.034722,WiFi6_5GHz
UE_000327,0.0132,70.54,64.0093,-24.46,9.2e-09,20.27,1.5,0.1588,0.5738,4.4e-05,0,0,80.7224,11.631864,WiFi6_5GHz
UE_000328,0.0056,48.22,45.0836,-46.78,2.3e-09,17.82,1.5,0.3993,17.8638,1.9e-05,0,0,78.0092,11.601089,WiFi6_5GHz
UE_000329,0.002,31.73,27.853,-63.27,6.8733e-06,20.92,1.5,0.1513,-31.67,7e-06,0,0,76.5531,7.521433,WiFi6_5GHz
UE_000330,0.0042,64.76,58.1412,-30.24,1.5e-09,20.69,1.6844,0.3648,24.1233,1.4e-05,0,0,80.2831,11.52589,WiFi6_5GHz
UE_000331,0.0085,11.43,4.3295,-83.57,0.0059816079,17.24,1.5,2.6153,-8.9148,2.8e-05,0,0,56.0256,1.918844,WiFi6_5GHz
UE_000332,0.004,2.33,-2.2724,-92.67,0.0597270273,26.99,1.5,30.1976,31.67,1.3e-05,0,0,30.0891,0.343423,WiFi6_5GHz
UE_000333,0.0062,2.46,-4.9646,-92.54,0.0800585523,10.79,1.656,25.1185,15.1964,2.1e-05,0,0,30.6164,0.447138,WiFi6_5GHz
UE_000334,0.01,23.9,19.4853,-71.1,0.0002327311,6.47,1.5,0.6516,-24.8719,3.3e-05,0,0,63.9307,5.196678,WiFi6_5GHz
UE_000335,0.0124,30.32,24.1932,-64.68,6.4117e-06,17.99,1.5,0.318,6.5756,4.1e-05,0,0,74.2987,7.853796,WiFi6_5GHz
UE_000336,0.0026,38.96,29.7146,-56.04,1.5e-09,17.39,1.5,0.2987,20.1547,9e-06,0,0,82.499,11.468872,WiFi6_5GHz
UE_000337,0.0141,38.08,35.0033,-56.92,4.1e-09,25.51,1.5,0.2919,-4.592,4.7e-05,0,0,83.0553,11.879139,WiFi6_5GHz
UE_000338,0.0129,1.11,-3.6942,-93.89,0.0804556783,17.6,1.5,21.9853,-22.9558,4.3e-05,0,0,29.634,0.117501,WiFi6_5GHz
UE_000339,0.0122,29.2,25.4474,-65.8,6.5787e-06,25.62,1.7135,0.1849,31.67,4.1e-05,0,0,74.1966,7.94773,WiFi6_5GHz
UE_000340,0.0091,32.62,25.2542,-62.38,5.5988e-06,19.56,1.5,0.2954,-3.0117,3e-05,0,0,72.8924,10.250493,WiFi6_5GHz
UE_000341,0.0029,31.49,25.4763,-63.51,7.5763e-06,12.08,1.5,0.1325,-14.7211,1e-05,0,0,72.3769,7.644384,WiFi6_5GHz
UE_000342,0.0123,18.45,12.4314,-76.55,0.0005217235,6.96,1.5,0.9539,-5.5285,4.1e-05,0,0,59.6965,3.441747,WiFi6_5GHz
UE_000343,0.0016,7.55,0.6856,-87.45,0.0127443881,8.06,1.5,38.9293,11.074,5e-06,0,0,25.8898,1.208658,WiFi6_5GHz
UE_000344,0.0139,13.7,7.5049,-81.3,0.0098755961,22.19,1.5,4.3795,-3.362,4.6e-05,0,0,56.5339,2.18467,WiFi6_5GHz
UE_000345,0.0129,45.02,40.5363,-49.98,5.8e-09,11.26,1.5,0.3468,31.67,4.3e-05,0,0,79.5349,11.584653,WiFi6_5GHz
UE_000346,0.0114,51.46,48.9341,-43.54,1.3e-09,22.25,1.5,0.0594,-0.3572,3.8e-05,0,0,77.7317,11.480221,WiFi6_5GHz
UE_000347,0.0092,31.71,29.0204,-63.29,5.0611e-06,12.69,1.5,0.2741,2.4863,3.1e-05,0,0,72.2732,7.548891,WiFi6_5GHz
UE_000348,0.0104,21.09,13.4478,-73.91,0.0004734147,17.16,1.5,1.1058,8.4593,3.5e-05,0,0,68.543,5.113899,WiFi6_5GHz
UE_000349,0.0068,8.85,3.661,-86.15,0.0472933474,10.22,1.5,33.7328,31.3654,2.3e-05,0,0,26.2624,1.82374,WiFi6_5GHz
UE_000350,0.0018,22.87,15.3433,-72.13,0.0008593102,6.99,1.5,1.0173,10.9517,6e-06,0,0,65.7848,5.20023,WiFi6_5GHz
UE_000351,0.0013,58.62,54.3075,-36.38,1.7e-09,17.02,1.5,0.3691,-6.9125,4e-06,0,0,79.493,11.721259,WiFi6_5GHz
UE_000352,0.0016,14.34,9.5021,-80.66,0.0372349874,13.25,1.5,7.0267,6.7021,5e-06,0,0,54.824,2.218842,WiFi6_5GHz
UE_000353,0.0056,20.25,16.146,-74.75,0.0009055592,13.0,1.5,0.6015,-8.8682,1.9e-05,0,0,62.8408,4.513851,WiFi6_5GHz
UE_000354,0.0095,7.91,3.1213,-87.09,0.0285766819,14.9,1.6399,33.2376,-14.7763,3.2e-05,0,0,34.7055,1.132248,WiFi6_5GHz
UE_000355,0.0039,10.65,3.2678,-84.35,0.026388808,15.93,1.5,6.3341,-12.3518,1.3e-05,0,0,52.1097,1.869922,WiFi6_5GHz
UE_000356,0.0047,26.55,20.3682,-68.45,6.771e-07,11.14,1.5,0.004,-1.009,1.6e-05,0,0,64.0845,6.909805,WiFi6_5GHz
UE_000357,0.0082,37.59,30.1858,-57.41,1e-09,20.26,1.5,0.2143,-17.6129,2.7e-05,0,0,80.5593,11.64991,WiFi6_5GHz
UE_000358,0.007,25.5,22.2202,-69.5,2.4816e-06,21.0,1.5707,0.2463,1.9148,2.3e-05,0,0,70.3842,7.102034,WiFi6_5GHz
UE_000359,0.0027,5.36,0.1701,-89.64,0.0238385408,9.6,1.5,30.768,12.154,9e-06,0,0,27.5925,1.078469,WiFi6_5GHz
UE_000360,0.0015,11.18,6.4213,-83.82,0.0069494294,11.77,1.5,4.3658,24.5243,5e-06,0,0,54.8363,2.74763,WiFi6_5GHz
UE_000361,0.01,17.42,12.6556,-77.58,0.0003253245,19.87,1.5,0.7072,4.0616,3.3e-05,0,0,60.23,3.309854,WiFi6_5GHz
UE_000362,0.0122,-1.32,-9.5822,-96.32,0.0509802314,2.3,1.5,30.8149,19.5186,4.1e-05,0,0,26.2629,0.27782,WiFi6_5GHz
UE_000363,0.005,12.29,7.4208,-82.71,0.0161919451,19.72,1.5187,6.4651,25.4933,1.7e-05,0,0,50.6613,2.399044,WiFi6_5GHz
UE_000364,0.0046,31.03,25.7598,-63.97,1.858e-06,27.85,1.5,0.1744,-28.7067,1.5e-05,0,0,73.4423,8.227868,WiFi6_5GHz
UE_000365,0.011,59.06,54.4557,-35.94,7e-09,25.3,1.5,0.3034,11.8016,3.7e-05,0,0,78.8787,11.846164,WiFi6_5GHz
UE_000366,0.0046,12.36,9.0387,-82.64,0.0277725814,14.62,1.5,3.3152,-8.1605,1.5e-05,0,0,54.6061,2.140522,WiFi6_5GHz
UE_000367,0.0055,36.63,31.2178,-58.37,3.4e-09,27.51,1.5,0.349,30.4092,1.8e-05,0,0,79.282,11.877123,WiFi6_5GHz
UE_000368,0.0123,3.33,-1.3519,-91.67,0.0967142186,14.62,1.5826,27.7337,-16.9386,4.1e-05,0,0,30.3481,0.907097,WiFi6_5GHz
UE_000369,0.0104,41.31,35.5596,-53.69,8.4e-09,20.92,1.555,0.1535,23.7269,3.5e-05,0,0,80.8024,11.835385,WiFi6_5GHz
UE_000370,0.0013,26.04,22.6208,-68.96,7.549e-06,14.38,1.5,0.2684,6.3525,4e-06,0,0,70.0554,7.141405,WiFi6_5GHz
UE_000371,0.0108,5.89,0.4936,-89.11,0.0473202232,24.94,1.5,31.2477,-26.3381,3.6e-05,0,0,31.6141,1.272152,WiFi6_5GHz
UE_000372,0.0109,19.79,10.6565,-75.21,0.0002214156,15.99,1.556,1.5311,-13.9513,3.6e-05,0,0,63.337,4.544524,WiFi6_5GHz
UE_000373,0.0052,21.74,14.5314,-73.26,0.0003848472,12.47,1.6035,0.9728,-21.2536,1.7e-05,0,0,66.058,4.940212,WiFi6_5GHz
UE_000374,0.0123,66.97,65.0206,-28.03,2e-10,16.56,1.5,0.3497,22.956,4.1e-05,0,0,77.3768,11.896241,WiFi6_5GHz
UE_000375,0.0022,8.07,5.3527,-86.93,0.0437312203,10.04,1.5207,21.7917,-18.3364,7e-06,0,0,37.0292,1.682836,WiFi6_5GHz
UE_000376,0.0097,7.22,3.1766,-87.78,0.0087608707,14.1,1.5,19.8254,-25.9225,3.2e-05,0,0,39.7937,1.400977,WiFi6_5GHz
UE_000377,0.0067,58.69,56.0381,-36.31,7.4e-09,12.32,1.5,0.385,-31.1034,2.2e-05,0,0,79.9149,11.516595,WiFi6_5GHz
UE_000378,0.0089,41.45,32.9247,-53.55,9.9e-09,15.04,1.5,0.1274,7.1223,3e-05,0,0,79.6511,11.854611,WiFi6_5GHz
UE_000379,0.0097,20.08,14.4841,-74.92,9.56015e-05,19.53,1.5,1.0478,16.218,3.2e-05,0,0,61.5832,4.477381,WiFi6_5GHz
UE_000380,0.0042,9.89,6.9435,-85.11,0.0054904181,12.65,1.5,17.9122,25.94,1.4e-05,0,0,42.0041,1.725281,WiFi6_5GHz
UE_000381,0.0048,31.78,24.6918,-63.22,7.5608e-06,10.9,1.5,0.1259,3.6974,1.6e-05,0,0,73.6828,7.737518,WiFi6_5GHz
UE_000382,0.0073,21.41,16.9791,-73.59,0.0004509539,5.26,1.5,1.9857,-11.5258,2.4e-05,0,0,62.8714,5.307909,WiFi6_5GHz
UE_000383,0.0089,6.98,1.0338,-88.02,0.0374131407,28.93,1.5,31.7937,-9.8653,3e-05,0,0,32.9591,1.053846,WiFi6_5GHz
UE_000384,0.0019,25.63,20.7237,-69.37,5.14e-08,17.18,1.5,0.1619,-16.6362,6e-06,0,0,67.511,7.016945,WiFi6_5GHz
UE_000385,0.0027,4.18,-4.5283,-90.82,0.0768283604,23.25,1.5418,20.291,-8.7947,9e-06,0,0,34.3116,0.958305,WiFi6_5GHz
UE_000386,0.0091,22.74,17.6613,-72.26,0.0008271711,12.67,1.7637,0.5527,-19.6336,3e-05,0,0,66.1832,5.350214,WiFi6_5GHz
UE_000387,0.0114,39.64,35.9833,-55.36,2.4e-09,26.91,1.5,0.1906,-25.6411,3.8e-05,0,0,82.6036,11.613604,WiFi6_5GHz
UE_000388,0.0137,-3.33,-9.471,-98.33,0.1412351905,36.1,1.5,25.2371,10.5715,4.6e-05,0,0,34.4838,0.440449,WiFi6_5GHz
UE_000389,0.0128,52.14,46.6895,-42.86,5e-10,16.02,1.5,0.446,21.4948,4.3e-05,0,0,78.7201,11.766226,WiFi6_5GHz
UE_000390,0.009,51.09,44.238,-43.91,6e-09,5.28,1.5,0.4947,-10.1034,3e-05,0,0,80.0524,11.946901,WiFi6_5GHz
UE_000391,0.0014,49.29,43.3106,-45.71,3.8e-09,18.12,1.5984,0.0227,-5.9102,5e-06,0,0,77.3513,11.590505,WiFi6_5GHz
UE_000392,0.005,29.88,24.4454,-65.12,8.2413e-06,12.44,1.5,0.2035,-17.4222,1.7e-05,0,0,72.9859,8.100027,WiFi6_5GHz
UE_000393,0.0131,4.64,-4.3162,-90.36,0.0951393063,13.92,1.5,15.145,-2.3272,4.4e-05,0,0,40.315,0.657325,WiFi6_5GHz
UE_000394,0.0043,24.0,18.2196,-71.0,0.0009710374,20.47,1.5,0.5142,-5.2549,1.4e-05,0,0,66.6263,4.96741,WiFi6_5GHz
UE_000395,0.0044,38.53,35.0534,-56.47,7.6e-09,12.29,1.5,0.0397,-3.9908,1.5e-05,0,0,79.0639,11.58543,WiFi6_5GHz
UE_000396,0.006,9.94,0.5676,-85.06,0.0400312493,18.48,1.5,24.9006,-23.3544,2e-05,0,0,35.9017,1.457483,WiFi6_5GHz
UE_000397,0.0108,48.77,44.726,-46.23,4.7e-09,24.33,1.5,0.0647,4.6235,3.6e-05,0,0,81.9083,11.483561,WiFi6_5GHz
UE_000398,0.0066,2.71,0.0338,-92.29,0.0627609302,23.72,1.5,38.3135,-21.9102,2.2e-05,0,0,26.7454,0.494349,WiFi6_5GHz
UE_000399,0.0066,0.0,-6.6694,-95.0,0.0605220638,32.09,1.5,34.2668,18.9346,2.2e-05,0,0,23.4825,0.354577,WiFi6_5GHz
UE_000400,0.0055,8.54,2.7039,-86.46,0.0187214166,10.4,1.5,16.7644,-2.4421,1.8e-05,0,0,41.3041,1.804606,WiFi6_5GHz
UE_000401,0.0017,12.93,8.0363,-82.07,0.032905286,15.91,1.5,6.0513,-24.8001,6e-06,0,0,52.2985,2.118007,WiFi6_5GHz
UE_000402,0.0085,10.3,5.8958,-84.7,0.0030071694,21.29,1.5,3.4848,12.4302,2.8e-05,0,0,54.9144,1.781128,WiFi6_5GHz
UE_000403,0.0085,13.27,10.4433,-81.73,0.0086850343,11.87,1.5,7.9968,12.9955,2.8e-05,0,0,52.3562,2.411594,WiFi6_5GHz
UE_000404,0.0125,34.78,27.2647,-60.22,9.771e-07,10.04,1.5,0.3569,22.8567,4.2e-05,0,0,76.5154,10.58839,WiFi6_5GHz
UE_000405,0.0024,17.03,13.199,-77.97,0.0007347031,26.94,1.5464,1.0781,5.815,8e-06,0,0,61.2759,3.711028,WiFi6_5GHz
UE_000406,0.0091,23.95,16.3706,-71.05,0.0006660816,26.32,1.5,0.9652,-20.8305,3e-05,0,0,71.3427,5.494648,WiFi6_5GHz
UE_000407,0.0075,7.82,1.9575,-87.18,0.0317786552,10.56,1.5,26.4825,7.19,2.5e-05,0,0,37.5739,0.812123,WiFi6_5GHz
UE_000408,0.0129,69.11,63.4122,-25.89,8e-10,28.0,1.5,0.0796,-29.6573,4.3e-05,0,0,82.3222,11.538161,WiFi6_5GHz
UE_000409,0.0108,14.34,8.6946,-80.66,0.0220917346,9.68,1.5,6.5208,-12.5257,3.6e-05,0,0,53.288,2.597015,WiFi6_5GHz
UE_000410,0.0128,13.55,8.9931,-81.45,0.0125587728,32.28,1.5809,2.4781,-11.743,4.3e-05,0,0,58.4233,2.534354,WiFi6_5GHz
UE_000411,0.0038,29.25,24.3999,-65.75,6.8025e-06,16.68,1.5,0.0582,11.7527,1.3e-05,0,0,67.6467,7.735161,WiFi6_5GHz
UE_000412,0.0049,6.49,0.3696,-88.51,0.0444018737,17.56,1.5,18.4706,-20.8096,1.6e-05,0,0,39.8024,1.097015,WiFi6_5GHz
UE_000413,0.0114,59.21,55.6079,-35.79,4.2e-09,9.32,1.5,0.0586,13.0585,3.8e-05,0,0,80.5403,12.047162,WiFi6_5GHz
UE_000414,0.0105,21.34,16.0392,-73.66,0.0001146128,14.64,1.5,0.5357,14.8125,3.5e-05,0,0,63.037,5.391976,WiFi6_5GHz
UE_000415,0.012,21.95,18.4768,-73.05,0.0009340581,13.23,1.5,1.185,-9.1907,4e-05,0,0,64.1914,5.338322,WiFi6_5GHz
UE_000416,0.0082,0.86,-2.9031,-94.14,0.1359812723,17.21,1.5,31.9307,8.9008,2.7e-05,0,0,25.7959,0.500147,WiFi6_5GHz
UE_000417,0.0047,39.32,36.9723,-55.68,3.9e-09,17.77,1.5,0.4624,8.6211,1.6e-05,0,0,75.5063,11.190907,WiFi6_5GHz
UE_000418,0.0042,56.04,51.7109,-38.96,4.6e-09,19.27,1.5,0.249,10.9403,1.4e-05,0,0,81.3268,11.782575,WiFi6_5GHz
UE_000419,0.0041,8.93,3.4963,-86.07,0.0371657341,18.29,1.5,22.4185,30.5138,1.4e-05,0,0,36.7136,1.841516,WiFi6_5GHz
UE_000420,0.0132,5.02,-0.6464,-89.98,0.006892002,26.29,1.5508,28.8539,19.2767,4.4e-05,0,0,30.771,1.356249,WiFi6_5GHz
UE_000421,0.0024,44.48,38.0162,-50.52,6e-09,26.15,1.6206,0.4852,-24.8065,8e-06,0,0,81.4508,11.956536,WiFi6_5GHz
UE_000422,0.0139,7.31,2.2836,-87.69,0.009275309,15.98,1.5,31.0063,29.1555,4.6e-05,0,0,30.3866,1.030208,WiFi6_5GHz
UE_000423,0.0065,64.34,60.6381,-30.66,3.2e-09,18.42,1.5,0.283,13.8744,2.2e-05,0,0,78.4131,11.827228,WiFi6_5GHz
UE_000424,0.0048,25.76,16.5188,-69.24,7.193e-07,17.9,1.5,0.355,1.6542,1.6e-05,0,0,69.0233,7.156663,WiFi6_5GHz
UE_000425,0.0136,19.18,12.093,-75.82,0.0007122861,13.02,1.5,1.1172,-22.1366,4.5e-05,0,0,62.5074,4.824376,WiFi6_5GHz
UE_000426,0.0116,39.56,32.5346,-55.44,6.7e-09,12.74,1.5098,0.3883,-22.453,3.9e-05,0,0,77.9018,11.735419,WiFi6_5GHz
UE_000427,0.0022,5.2,-1.0774,-89.8,0.0357120281,16.87,1.5,33.0384,-6.4034,7e-06,0,0,31.6342,1.170305,WiFi6_5GHz
UE_000428,0.0021,2.69,-1.7774,-92.31,0.1054828196,19.09,1.5,26.4607,30.0737,7e-06,0,0,33.6578,0.47653,WiFi6_5GHz
UE_000429,0.0116,49.23,39.9092,-45.77,4.1e-09,17.14,1.6258,0.0232,20.6585,3.9e-05,0,0,81.4039,12.151904,WiFi6_5GHz
UE_000430,0.014,48.2,40.1253,-46.8,2.3e-09,19.4,1.5,0.4182,-10.9877,4.7e-05,0,0,83.7468,11.57169,WiFi6_5GHz
UE_000431,0.0091,4.79,-3.0704,-90.21,0.0855090391,23.73,1.5,15.7424,-14.9066,3e-05,0,0,42.6835,0.599733,WiFi6_5GHz
UE_000432,0.0047,11.23,8.5409,-83.77,0.0175258471,6.45,1.7727,7.7953,-8.2638,1.6e-05,0,0,49.8642,2.294868,WiFi6_5GHz
UE_000433,0.0066,22.35,18.1102,-72.65,0.0008886904,22.06,1.5,1.8118,-29.5772,2.2e-05,0,0,64.3028,5.040955,WiFi6_5GHz
UE_000434,0.0057,34.3,31.0749,-60.7,4.678e-07,24.25,1.5,0.1756,-6.6866,1.9e-05,0,0,77.1017,10.795893,WiFi6_5GHz
UE_000435,0.0119,41.97,36.5674,-53.03,8.7e-09,19.15,1.8756,0.0721,21.9297,4e-05,0,0,78.0668,11.548641,WiFi6_5GHz
UE_000436,0.0078,6.94,3.2822,-88.06,0.0497130308,7.13,1.5,38.9815,12.7584,2.6e-05,0,0,26.2699,0.841776,WiFi6_5GHz
UE_000437,0.0077,20.72,14.0485,-74.28,0.0004648908,20.31,1.5,1.2196,1.496,2.6e-05,0,0,65.6616,4.64577,WiFi6_5GHz
UE_000438,0.0049,13.49,5.9669,-81.51,0.0109357797,24.94,1.5,5.8757,-4.2806,1.6e-05,0,0,52.9383,2.423579,WiFi6_5GHz
UE_000439,0.0045,23.74,16.9039,-71.26,0.0004348131,14.8,1.5,1.4566,31.67,1.5e-05,0,0,60.4364,5.390794,WiFi6_5GHz
UE_000440,0.0022,59.78,50.5819,-35.22,6.7e-09,19.78,1.5,0.0046,-20.5909,7e-06,0,0,78.5183,11.909862,WiFi6_5GHz
UE_000441,0.0048,24.17,18.0366,-70.83,0.0004810287,22.5,1.5,1.0789,25.7911,1.6e-05,0,0,67.5098,5.339747,WiFi6_5GHz
UE_000442,0.0109,19.96,12.7017,-75.04,0.000978941,10.37,1.5,0.5889,-14.2191,3.6e-05,0,0,63.8124,4.845894,WiFi6_5GHz
UE_000443,0.0071,-2.63,-5.9537,-97.63,0.1026557763,30.56,1.5,36.4233,-16.0215,2.4e-05,0,0,19.0296,0.171661,WiFi6_5GHz
UE_000444,0.0135,14.67,12.1157,-80.33,0.0495379908,11.74,1.5,6.085,-20.0639,4.5e-05,0,0,52.6605,2.633671,WiFi6_5GHz
UE_000445,0.0096,15.56,7.8708,-79.44,0.000545535,26.98,1.5,1.0758,15.937,3.2e-05,0,0,60.7505,3.456214,WiFi6_5GHz
UE_000446,0.0095,39.16,32.4283,-55.84,5.4e-09,28.97,1.5,0.2211,29.1995,3.2e-05,0,0,80.6101,11.43295,WiFi6_5GHz
UE_000447,0.0096,16.94,12.8176,-78.06,0.0008423258,16.02,1.5,0.9301,13.937,3.2e-05,0,0,57.9441,3.360284,WiFi6_5GHz
UE_000448,0.0037,49.49,43.2358,-45.51,5e-09,19.74,1.5,0.301,-29.9795,1.2e-05,0,0,82.3414,11.452711,WiFi6_5GHz
UE_000449,0.0068,32.42,29.6869,-62.58,6.8524e-06,21.98,1.9286,0.1408,-11.3556,2.3e-05,0,0,72.8986,10.395635,WiFi6_5GHz
UE_000450,0.0108,4.08,-0.9758,-90.92,0.0945571328,11.32,1.787,35.0383,31.2542,3.6e-05,0,0,25.2077,0.396659,WiFi6_5GHz
UE_000451,0.0047,43.33,40.9863,-51.67,7.6e-09,20.66,1.5,0.4737,-1.1793,1.6e-05,0,0,78.6993,11.884679,WiFi6_5GHz
UE_000452,0.0101,23.58,17.2078,-71.42,0.000837404,16.12,1.5,1.1483,28.3021,3.4e-05,0,0,65.4451,4.899477,WiFi6_5GHz
UE_000453,0.0107,23.62,18.2101,-71.38,0.000253924,16.87,1.5,0.6637,24.6778,3.6e-05,0,0,64.4711,5.286294,WiFi6_5GHz
UE_000454,0.0029,20.25,15.142,-74.75,0.0002648964,20.4,1.5,1.0115,31.67,1e-05,0,0,62.0134,4.848284,WiFi6_5GHz
UE_000455,0.0141,37.18,31.3718,-57.82,1.3e-09,16.06,1.5,0.331,0.6198,4.7e-05,0,0,80.3547,11.683987,WiFi6_5GHz
UE_000456,0.0097,17.16,13.0793,-77.84,0.0002046566,17.59,1.5,0.7189,-31.0845,3.2e-05,0,0,60.8615,3.373208,WiFi6_5GHz
UE_000457,0.0131,12.41,5.0365,-82.59,0.0470089499,7.24,1.5,7.8128,-24.1547,4.4e-05,0,0,50.2632,2.002533,WiFi6_5GHz
UE_000458,0.0015,41.03,38.33,-53.97,1.3e-09,11.22,1.5,0.1084,20.1187,5e-06,0,0,81.1806,11.646757,WiFi6_5GHz
UE_000459,0.014,29.66,22.6817,-65.34,3.856e-06,15.32,1.5,0.3777,-24.08,4.7e-05,0,0,74.4447,7.74568,WiFi6_5GHz
UE_000460,0.0108,13.1,9.2942,-81.9,0.0163812589,16.14,1.5,5.4444,13.0734,3.6e-05,0,0,53.8336,2.448047,WiFi6_5GHz
UE_000461,0.0086,-7.03,-13.4568,-102.03,0.052489394,16.97,1.5,27.229,-31.67,2.9e-05,0,0,29.3991,0.1,WiFi6_5GHz
UE_000462,0.0136,27.74,23.1753,-67.26,8.0847e-06,12.99,1.6587,0.3545,-0.8954,4.5e-05,0,0,70.6256,7.000784,WiFi6_5GHz
UE_000463,0.0084,39.12,34.1916,-55.88,8.7e-09,16.46,1.5,0.4488,-28.3862,2.8e-05,0,0,79.2658,11.82866,WiFi6_5GHz
UE_000464,0.008,13.11,5.2954,-81.89,0.0190442532,10.68,1.5,7.008,19.4606,2.7e-05,0,0,51.0418,2.455807,WiFi6_5GHz
UE_000465,0.0052,32.79,27.8391,-62.21,7.2879e-06,12.36,1.5,0.2497,-31.67,1.7e-05,0,0,69.0535,10.470007,WiFi6_5GHz
UE_000466,0.0134,42.44,39.1628,-52.56,3.7e-09,16.56,1.5,0.4524,-31.67,4.5e-05,0,0,78.9172,11.877367,WiFi6_5GHz
UE_000467,0.0049,25.01,22.5779,-69.99,1.8411e-06,7.92,1.5,0.2104,-7.9216,1.6e-05,0,0,66.7111,6.567565,WiFi6_5GHz
UE_000468,0.0065,-5.74,-13.1491,-100.74,0.0690965541,10.56,1.5,12.4275,23.8414,2.2e-05,0,0,34.844,0.356453,WiFi6_5GHz
UE_000469,0.0062,74.07,69.7385,-20.93,4.3e-09,22.63,1.5,0.2453,18.6938,2.1e-05,0,0,83.2594,11.465686,WiFi6_5GHz
UE_000470,0.0078,34.43,27.6221,-60.57,2.4613e-06,14.32,1.5,0.2599,7.1285,2.6e-05,0,0,75.012,10.542842,WiFi6_5GHz
UE_000471,0.0054,2.89,-4.9352,-92.11,0.0665597807,6.01,1.5162,31.7601,-22.1357,1.8e-05,0,0,23.8578,0.459876,WiFi6_5GHz
UE_000472,0.0091,-0.11,-5.9332,-95.11,0.1090511487,12.2,1.5,19.5679,-30.9571,3e-05,0,0,32.317,0.380406,WiFi6_5GHz
UE_000473,0.0096,16.82,9.9545,-78.18,0.0002897724,21.62,1.5,1.6636,-31.67,3.2e-05,0,0,57.8661,3.316328,WiFi6_5GHz
UE_000474,0.0023,18.57,14.1162,-76.43,0.0006731424,17.44,1.5,1.8103,8.541,8e-06,0,0,62.2406,3.701478,WiFi6_5GHz
UE_000475,0.014,31.15,22.5231,-63.85,3.5101e-06,19.63,1.5,0.2127,23.8403,4.7e-05,0,0,68.9041,8.106178,WiFi6_5GHz
UE_000476,0.0135,12.95,8.5019,-82.05,0.027622023,16.64,1.5,5.0174,17.6023,4.5e-05,0,0,54.8043,2.580689,WiFi6_5GHz
UE_000477,0.0121,30.03,22.4614,-64.97,1.6191e-06,13.04,1.5,0.1999,-7.6154,4e-05,0,0,73.6894,7.947323,WiFi6_5GHz
UE_000478,0.0039,26.22,20.7539,-68.78,1.162e-07,18.23,1.5428,0.3095,-6.5266,1.3e-05,0,0,69.8527,6.788556,WiFi6_5GHz
UE_000479,0.0127,37.53,33.5412,-57.47,5.7e-09,8.5,1.5,0.164,-9.0791,4.2e-05,0,0,79.7952,11.863813,WiFi6_5GHz
UE_000480,0.011,31.5,24.6352,-63.5,6.1195e-06,10.97,1.5,0.3328,31.67,3.7e-05,0,0,71.9871,7.769758,WiFi6_5GHz
UE_000481,0.0063,11.07,3.2628,-83.93,0.0023713735,33.93,1.6104,6.6227,-23.6402,2.1e-05,0,0,52.5114,2.155113,WiFi6_5GHz
UE_000482,0.0046,12.37,7.4418,-82.63,0.0329686086,27.57,1.5,4.7003,-16.3374,1.5e-05,0,0,51.6929,2.366929,WiFi6_5GHz
UE_000483,0.0112,45.62,37.8126,-49.38,8.4e-09,16.33,1.5,0.0817,8.4894,3.7e-05,0,0,82.2211,11.687858,WiFi6_5GHz
UE_000484,0.0034,16.75,10.8968,-78.25,0.0004425845,7.18,1.5,0.635,-10.8749,1.1e-05,0,0,55.3766,3.462484,WiFi6_5GHz
UE_000485,0.0113,58.52,53.8332,-36.48,6e-10,21.27,1.581,0.0053,24.0855,3.8e-05,0,0,81.1793,11.609917,WiFi6_5GHz
UE_000486,0.0039,13.42,8.3926,-81.58,0.0306094065,16.78,1.5,3.3962,8.3432,1.3e-05,0,0,54.968,2.709366,WiFi6_5GHz
UE_000487,0.0057,18.84,13.4603,-76.16,7.42808e-05,5.16,1.6284,1.1233,-23.8905,1.9e-05,0,0,59.3508,3.394333,WiFi6_5GHz
UE_000488,0.0092,24.69,18.9411,-70.31,2.40242e-05,14.65,1.96,1.0708,-31.022,3.1e-05,0,0,67.1147,5.048247,WiFi6_5GHz
UE_000489,0.0136,68.3,59.8822,-26.7,6.9e-09,9.18,1.5,0.2072,20.2212,4.5e-05,0,0,82.5177,11.535585,WiFi6_5GHz
UE_000490,0.0053,17.69,12.0699,-77.31,0.0008942659,21.29,1.5,0.5582,15.1748,1.8e-05,0,0,58.4129,3.436151,WiFi6_5GHz
UE_000491,0.0134,10.36,7.7394,-84.64,0.0281324616,8.82,1.5,4.5178,17.2991,4.5e-05,0,0,50.5849,1.869582,WiFi6_5GHz
UE_000492,0.0127,5.26,3.2822,-89.74,0.0365635358,22.62,1.5,18.5438,-10.5788,4.2e-05,0,0,38.5784,1.138393,WiFi6_5GHz
UE_000493,0.0126,-1.14,-5.7357,-96.14,0.1318585489,16.21,1.5,18.4829,-18.2411,4.2e-05,0,0,33.5728,0.390844,WiFi6_5GHz
UE_000494,0.0026,2.86,-1.2151,-92.14,0.0890416356,15.13,1.5,37.9763,-18.1936,9e-06,0,0,23.7034,0.657377,WiFi6_5GHz
UE_000495,0.0028,34.91,27.2796,-60.09,3.0683e-06,4.32,1.5,0.2833,-22.7906,9e-06,0,0,77.8738,10.595228,WiFi6_5GHz
UE_000496,0.0025,11.92,4.8374,-83.08,0.0180020104,26.25,1.5,3.8857,-23.2808,8e-06,0,0,57.3017,2.247023,WiFi6_5GHz
UE_000497,0.0058,55.5,50.8117,-39.5,0.0,17.27,1.5,0.4534,3.0279,1.9e-05,0,0,79.1252,11.432396,WiFi6_5GHz
UE_000498,0.0081,18.91,12.5659,-76.09,6.70033e-05,14.74,1.5,1.633,3.8769,2.7e-05,0,0,55.9521,3.413064,WiFi6_5GHz
UE_000499,0.0055,1.73,-1.3403,-93.27,0.0661595362,4.29,1.5,14.3011,31.67,1.8e-05,0,0,32.0396,0.560944,WiFi6_5GHz
UE_000500,0.0076,6.64,2.4393,-88.36,0.0323590763,16.0,1.5,14.2005,29.5443,2.5e-05,0,0,44.3882,0.821555,WiFi6_5GHz
UE_000501,0.0026,5.58,1.3997,-89.42,0.0074052132,21.64,1.5,16.4347,-17.1251,9e-06,0,0,38.7224,0.950473,WiFi6_5GHz
UE_000502,0.0029,50.72,46.1595,-44.28,2e-10,14.4,1.5,0.3735,-9.5241,1e-05,0,0,78.5952,11.557044,WiFi6_5GHz
UE_000503,0.0088,-2.08,-9.7141,-97.08,0.1021078356,5.46,1.5,26.2679,11.2552,2.9e-05,0,0,29.332,0.557422,WiFi6_5GHz
UE_000504,0.0011,50.97,43.467,-44.03,2.6e-09,14.29,1.643,0.2365,17.2748,4e-06,0,0,81.707,11.682059,WiFi6_5GHz
UE_000505,0.0038,11.12,3.2731,-83.88,0.0162478139,29.28,1.5,6.8872,28.2835,1.3e-05,0,0,52.818,2.039096,WiFi6_5GHz
UE_000506,0.0105,35.25,29.5115,-59.75,9e-10,23.76,1.5,0.2093,20.7795,3.5e-05,0,0,78.7253,11.632327,WiFi6_5GHz
UE_000507,0.0031,-2.77,-8.1298,-97.77,0.1497305954,21.39,1.5,10.1535,17.3639,1e-05,0,0,43.3299,0.424922,WiFi6_5GHz
UE_000508,0.0118,25.34,20.7805,-69.66,8.2958e-06,19.94,1.5,0.0453,15.6641,3.9e-05,0,0,68.4854,7.313625,WiFi6_5GHz
UE_000509,0.0027,45.45,41.3527,-49.55,4.3e-09,14.09,1.5,0.0692,18.9975,9e-06,0,0,79.4919,12.033714,WiFi6_5GHz
UE_000510,0.0099,32.29,30.036,-62.71,5.8431e-06,15.17,1.5,0.1364,-7.8394,3.3e-05,0,0,70.4055,10.452984,WiFi6_5GHz
UE_000511,0.0085,-2.2,-9.0034,-97.2,0.0842295783,17.64,1.5,21.8176,-24.3957,2.8e-05,0,0,35.3919,0.1,WiFi6_5GHz
UE_000512,0.0094,58.44,53.9559,-36.56,7.3e-09,8.46,1.5,0.0016,23.342,3.1e-05,0,0,80.4037,11.723247,WiFi6_5GHz
UE_000513,0.0095,-3.07,-9.8203,-98.07,0.098850437,21.64,1.5,24.1075,29.3051,3.2e-05,0,0,29.7658,0.19076,WiFi6_5GHz
UE_000514,0.0049,5.34,0.9525,-89.66,0.0388679051,10.63,1.5,32.5392,-31.67,1.6e-05,0,0,27.2516,1.171213,WiFi6_5GHz
UE_000515,0.0077,10.68,5.7916,-84.32,0.0246712614,4.1,1.5,4.5786,12.3348,2.6e-05,0,0,49.0637,1.859098,WiFi6_5GHz
UE_000516,0.011,42.65,40.4156,-52.35,5e-09,23.89,1.5991,0.0255,-4.3418,3.7e-05,0,0,84.2137,11.615337,WiFi6_5GHz
UE_000517,0.0141,54.17,47.8412,-40.83,8.8e-09,13.26,1.5,0.4514,11.6506,4.7e-05,0,0,79.1774,11.679818,WiFi6_5GHz
UE_000518,0.0041,19.45,12.1142,-75.55,0.0001693262,15.78,1.5,1.645,31.2311,1.4e-05,0,0,63.404,4.696258,WiFi6_5GHz
UE_000519,0.0058,34.38,27.2379,-60.62,6.149e-06,10.4,1.5,0.4359,28.6524,1.9e-05,0,0,73.8163,10.865857,WiFi6_5GHz
UE_000520,0.0075,20.56,14.2585,-74.44,0.0002405264,8.39,1.5,0.8507,-4.4953,2.5e-05,0,0,64.187,4.457771,WiFi6_5GHz
UE_000521,0.0074,39.28,35.3639,-55.72,3.2e-09,2.81,1.58,0.2893,-22.1705,2.5e-05,0,0,79.4728,11.516562,WiFi6_5GHz
UE_000522,0.0081,5.4,-3.0273,-89.6,0.0326316979,20.96,1.5105,21.3924,30.6036,2.7e-05,0,0,37.4028,0.809934,WiFi6_5GHz
UE_000523,0.0015,7.36,-2.1755,-87.64,0.004552288,26.52,1.841,17.1784,-12.1037,5e-06,0,0,41.5206,1.618263,WiFi6_5GHz
UE_000524,0.008,17.81,11.1452,-77.19,0.0004391789,7.63,1.5,1.3811,16.7738,2.7e-05,0,0,61.2491,3.588433,WiFi6_5GHz
UE_000525,0.0087,2.69,-2.1621,-92.31,0.1127132497,25.01,1.5255,18.8507,20.0866,2.9e-05,0,0,35.3154,0.729547,WiFi6_5GHz
UE_000526,0.0122,9.46,3.5212,-85.54,0.0302151122,23.56,1.5,26.3234,31.67,4.1e-05,0,0,39.3468,1.548294,WiFi6_5GHz
UE_000527,0.0047,5.77,-0.9535,-89.23,0.0298988058,18.63,1.5,11.872,2.6689,1.6e-05,0,0,44.389,1.11302,WiFi6_5GHz
UE_000528,0.0088,4.48,0.486,-90.52,0.0722443919,10.76,1.5226,19.3473,-25.9277,2.9e-05,0,0,32.4253,0.500921,WiFi6_5GHz
UE_000529,0.003,35.09,28.7499,-59.91,3.9e-09,8.64,1.5,0.3895,2.849,1e-05,0,0,75.4162,11.766911,WiFi6_5GHz
UE_000530,0.0088,34.75,31.2037,-60.25,2.0228e-06,13.89,1.5426,0.1007,-4.1779,2.9e-05,0,0,72.7219,10.366774,WiFi6_5GHz
UE_000531,0.0048,0.33,-4.3202,-94.67,0.1145562654,8.78,1.5298,29.0845,-10.4526,1.6e-05,0,0,26.5919,0.463815,WiFi6_5GHz
UE_000532,0.0049,5.01,-0.1615,-89.99,0.0299861768,26.29,1.5,11.1097,-5.1105,1.6e-05,0,0,46.3511,1.191401,WiFi6_5GHz
UE_000533,0.0117,14.87,10.3499,-80.13,0.0145030207,27.12,1.5,3.8778,31.67,3.9e-05,0,0,59.1616,2.115082,WiFi6_5GHz
UE_000534,0.008,18.99,14.534,-76.01,0.0008624382,16.35,1.5,1.4617,20.6432,2.7e-05,0,0,63.173,3.66375,WiFi6_5GHz
UE_000535,0.0053,12.06,9.8219,-82.94,0.0147686872,26.39,1.5078,3.4349,0.3213,1.8e-05,0,0,54.4587,2.651231,WiFi6_5GHz
UE_000536,0.003,39.27,34.4099,-55.73,9.3e-09,19.51,1.5,0.0354,31.67,1e-05,0,0,78.1898,11.783024,WiFi6_5GHz
UE_000537,0.0113,-6.46,-9.7572,-101.46,0.1410369965,17.98,1.5,22.242,8.5257,3.8e-05,0,0,32.5099,0.493889,WiFi6_5GHz
UE_000538,0.0064,68.52,63.2563,-26.48,5.3e-09,13.81,1.5,0.3042,-27.1062,2.1e-05,0,0,81.1427,11.498788,WiFi6_5GHz
UE_000539,0.0068,8.33,4.7198,-86.67,0.0454756465,18.06,1.5,10.8092,-31.67,2.3e-05,0,0,48.7641,1.748139,WiFi6_5GHz
UE_000540,0.0094,47.91,46.5777,-47.09,1.6e-09,14.63,1.5,0.298,25.1414,3.1e-05,0,0,79.9417,11.889494,WiFi6_5GHz
UE_000541,0.0131,52.32,47.6189,-42.68,9.3e-09,19.61,1.5,0.3906,-18.5342,4.4e-05,0,0,78.0551,11.744915,WiFi6_5GHz
UE_000542,0.008,12.59,7.8744,-82.41,0.0424803011,13.82,1.5,7.8954,-30.601,2.7e-05,0,0,52.1118,2.259913,WiFi6_5GHz
UE_000543,0.0057,8.89,1.6827,-86.11,0.040971356,10.24,1.5,18.4849,-23.3955,1.9e-05,0,0,39.1847,1.428728,WiFi6_5GHz
UE_000544,0.0078,14.7,12.2209,-80.3,0.048018608,11.36,1.5,3.9701,15.7146,2.6e-05,0,0,55.4747,2.251774,WiFi6_5GHz
UE_000545,0.0078,29.18,27.438,-65.82,6.093e-06,9.79,1.5,0.4674,-31.67,2.6e-05,0,0,70.3011,7.700434,WiFi6_5GHz
UE_000546,0.003,37.95,30.4059,-57.05,8.4e-09,18.61,1.6172,0.0909,-25.3682,1e-05,0,0,76.8866,11.56861,WiFi6_5GHz
UE_000547,0.0063,36.13,30.5725,-58.87,3e-10,16.63,1.8051,0.4044,28.7803,2.1e-05,0,0,76.554,12.098082,WiFi6_5GHz
UE_000548,0.0042,13.57,7.1095,-81.43,0.0034107548,20.98,1.5,3.0379,-14.6882,1.4e-05,0,0,59.9286,2.184627,WiFi6_5GHz
UE_000549,0.0042,5.42,-1.8601,-89.58,0.0116321365,14.78,1.5,34.4417,-2.3168,1.4e-05,0,0,27.0204,1.187159,WiFi6_5GHz
UE_000550,0.0065,8.52,5.3254,-86.48,0.0478131474,14.88,1.5,26.0633,-11.8986,2.2e-05,0,0,36.9032,1.567911,WiFi6_5GHz
UE_000551,0.0027,29.7,24.5671,-65.3,6.012e-07,21.08,1.5,0.3918,-12.4315,9e-06,0,0,72.6312,7.684043,WiFi6_5GHz
UE_000552,0.0043,33.01,28.3255,-61.99,8.5169e-06,16.58,1.5,0.1587,-27.8548,1.4e-05,0,0,75.2929,11.046592,WiFi6_5GHz
UE_000553,0.0098,49.26,43.6479,-45.74,6.5e-09,26.75,1.5,0.4974,-18.3427,3.3e-05,0,0,82.8759,11.795253,WiFi6_5GHz
UE_000554,0.0018,7.55,3.5536,-87.45,0.0367344141,14.55,1.5,25.087,-14.5536,6e-06,0,0,35.471,0.82036,WiFi6_5GHz
UE_000555,0.0043,21.25,18.1833,-73.75,0.0006269172,15.96,1.5,1.4599,-28.9539,1.4e-05,0,0,63.3377,5.648819,WiFi6_5GHz
UE_000556,0.0071,18.29,16.1755,-76.71,0.0006338968,15.31,1.5,1.0107,-29.0846,2.4e-05,0,0,60.9987,3.595378,WiFi6_5GHz
UE_000557,0.0132,25.89,21.1062,-69.11,1.189e-07,14.74,1.5,0.295,-27.4205,4.4e-05,0,0,69.3068,6.737169,WiFi6_5GHz
UE_000558,0.0067,24.96,20.6997,-70.04,0.0004342093,21.43,1.5334,1.4777,-28.1577,2.2e-05,0,0,66.4396,5.362991,WiFi6_5GHz
UE_000559,0.013,47.55,41.752,-47.45,1.2e-09,15.21,1.506,0.336,-2.6334,4.3e-05,0,0,78.6602,11.589013,WiFi6_5GHz
UE_000560,0.0125,-1.98,-8.5489,-96.98,0.1162136942,16.04,1.5,19.2266,17.8203,4.2e-05,0,0,33.2622,0.1,WiFi6_5GHz
UE_000561,0.014,43.56,37.3796,-51.44,5.7e-09,15.85,1.5,0.2274,19.2251,4.7e-05,0,0,77.3581,11.380023,WiFi6_5GHz
UE_000562,0.004,26.13,23.8492,-68.87,7.19e-08,14.97,1.5,0.1137,-4.2954,1.3e-05,0,0,65.862,6.728785,WiFi6_5GHz
UE_000563,0.0068,57.6,54.6508,-37.4,8e-10,19.07,1.5,0.2822,31.67,2.3e-05,0,0,79.6758,11.736332,WiFi6_5GHz
UE_000564,0.0056,42.33,38.7288,-52.67,8.7e-09,11.13,1.5,0.3635,-12.1574,1.9e-05,0,0,77.6104,11.613918,WiFi6_5GHz
UE_000565,0.0054,2.03,-1.3448,-92.97,0.0826819988,33.52,1.712,17.4407,-31.67,1.8e-05,0,0,37.6698,0.647393,WiFi6_5GHz
UE_000566,0.0122,0.74,-7.3481,-94.26,0.0646368991,28.11,1.5,20.84,29.505,4.1e-05,0,0,35.0555,0.288885,WiFi6_5GHz
UE_000567,0.0114,81.07,73.3648,-13.93,9.2e-09,6.61,1.5,0.4589,-31.67,3.8e-05,0,0,81.3904,11.61448,WiFi6_5GHz
UE_000568,0.0104,5.98,3.4507,-89.02,0.0222051795,15.32,1.5,22.588,-9.3592,3.5e-05,0,0,36.7902,1.022103,WiFi6_5GHz
UE_000569,0.0011,24.41,19.889,-70.59,0.000668194,26.19,1.7193,1.7523,17.6701,4e-06,0,0,67.1912,5.200314,WiFi6_5GHz
UE_000570,0.0136,3.93,-0.71,-91.07,0.08784951,15.28,1.5,8.1911,3.5586,4.5e-05,0,0,47.5481,0.483552,WiFi6_5GHz
UE_000571,0.0061,51.04,44.9933,-43.96,1e-10,9.71,1.5,0.184,-3.3849,2e-05,0,0,77.6379,11.625015,WiFi6_5GHz
UE_000572,0.0051,17.07,13.4407,-77.93,0.0005594442,21.16,1.5,1.7454,1.3539,1.7e-05,0,0,61.4982,3.754559,WiFi6_5GHz
UE_000573,0.0027,54.3,47.0167,-40.7,2.4e-09,14.5,1.5,0.0226,-23.0143,9e-06,0,0,79.0035,11.428197,WiFi6_5GHz
UE_000574,0.0124,52.0,47.099,-43.0,4e-09,10.04,1.5508,0.0799,-28.3704,4.1e-05,0,0,82.5136,11.904712,WiFi6_5GHz
UE_000575,0.0088,-2.34,-7.8098,-97.34,0.1092709769,26.06,1.5,31.7551,18.3731,2.9e-05,0,0,23.7915,0.497705,WiFi6_5GHz
UE_000576,0.0024,34.45,31.6731,-60.55,2.5182e-06,9.31,1.5,0.3912,-11.5332,8e-06,0,0,73.4302,10.617505,WiFi6_5GHz
UE_000577,0.0065,13.82,6.2006,-81.18,0.0221387815,3.95,1.5,3.4475,-19.0144,2.2e-05,0,0,54.4395,2.456304,WiFi6_5GHz
UE_000578,0.0084,4.86,0.6158,-90.14,0.0555135209,26.33,1.5991,9.4149,27.1111,2.8e-05,0,0,42.7461,0.853022,WiFi6_5GHz
UE_000579,0.0099,21.16,16.8527,-73.84,2.38931e-05,13.5,1.5,1.3361,-10.4984,3.3e-05,0,0,60.772,5.428944,WiFi6_5GHz
UE_000580,0.0073,17.76,9.524,-77.24,0.0004675344,18.12,1.5,1.9439,-13.7706,2.4e-05,0,0,63.3782,3.249563,WiFi6_5GHz
UE_000581,0.0074,50.47,44.7338,-44.53,8.9e-09,13.21,1.7096,0.3975,27.6386,2.5e-05,0,0,80.9073,11.585255,WiFi6_5GHz
UE_000582,0.0067,11.22,8.0871,-83.78,0.0355461383,17.09,1.5,4.2196,-1.5593,2.2e-05,0,0,54.746,2.456986,WiFi6_5GHz
UE_000583,0.0073,23.33,17.8529,-71.67,0.000253566,24.11,1.5,0.5408,-1.4535,2.4e-05,0,0,66.8269,5.02679,WiFi6_5GHz
UE_000584,0.0022,-2.96,-6.8414,-97.96,0.1019176477,10.49,1.5,20.4763,13.0735,7e-06,0,0,32.0737,0.49809,WiFi6_5GHz
UE_000585,0.0117,23.83,19.5337,-71.17,7.72348e-05,20.46,1.5,1.8135,-8.1419,3.9e-05,0,0,65.7462,5.177382,WiFi6_5GHz
UE_000586,0.0062,20.8,13.7074,-74.2,0.0003460126,13.87,1.5,0.5143,-0.1986,2.1e-05,0,0,57.2836,4.757089,WiFi6_5GHz
UE_000587,0.0099,25.03,18.9792,-69.97,9.7538e-06,23.57,1.6499,0.0142,5.8456,3.3e-05,0,0,68.4797,6.751988,WiFi6_5GHz
UE_000588,0.0031,23.61,16.1547,-71.39,8.59802e-05,14.53,1.5,1.4884,2.4912,1e-05,0,0,68.5811,5.382299,WiFi6_5GHz
UE_000589,0.0075,12.25,6.429,-82.75,0.0368969517,19.52,1.7428,2.1972,31.67,2.5e-05,0,0,53.1634,1.934053,WiFi6_5GHz
UE_000590,0.0134,8.25,1.4576,-86.75,0.0184015651,8.09,1.5,13.7232,2.6502,4.5e-05,0,0,43.9594,1.383012,WiFi6_5GHz
UE_000591,0.0019,14.55,10.5055,-80.45,0.0234454222,12.04,1.5,7.0034,17.0775,6e-06,0,0,51.8756,2.24745,WiFi6_5GHz
UE_000592,0.0015,53.96,46.3264,-41.04,1.1e-09,18.1,1.5,0.4656,-18.838,5e-06,0,0,79.6104,11.697311,WiFi6_5GHz
UE_000593,0.0039,23.67,17.1715,-71.33,0.0006160665,3.82,1.5,1.0359,28.6903,1.3e-05,0,0,64.1118,5.203136,WiFi6_5GHz
UE_000594,0.0133,48.44,41.0906,-46.56,4.6e-09,15.23,1.5,0.0405,6.9941,4.4e-05,0,0,79.7568,11.729432,WiFi6_5GHz
UE_000595,0.008,3.91,-3.2161,-91.09,0.1398457673,4.72,1.5,23.6542,-10.6296,2.7e-05,0,0,32.9375,0.640942,WiFi6_5GHz
UE_000596,0.0025,7.24,4.1021,-87.76,0.0128640085,8.92,1.5,17.8507,-31.67,8e-06,0,0,35.9776,1.479736,WiFi6_5GHz
UE_000597,0.0138,19.6,13.1422,-75.4,0.000687361,22.56,1.5,1.2913,5.6975,4.6e-05,0,0,61.2329,4.64424,WiFi6_5GHz
UE_000598,0.0088,11.89,6.8113,-83.11,0.0462282547,34.44,1.5,6.2244,-29.7445,2.9e-05,0,0,52.5693,2.301264,WiFi6_5GHz
UE_000599,0.0039,15.83,9.4883,-79.17,0.0009517635,10.19,1.5,1.3366,-20.0566,1.3e-05,0,0,56.8365,3.467747,WiFi6_5GHz
UE_000600,0.0057,42.68,38.0033,-52.32,9.4e-09,16.56,1.5,0.3409,-9.773,1.9e-05,0,0,79.62,11.559389,WiFi6_5GHz
UE_000601,0.0015,12.83,5.5537,-82.17,0.0091286483,22.99,1.574,6.3277,3.7115,5e-06,0,0,57.6043,2.623597,WiFi6_5GHz
UE_000602,0.0082,37.42,32.8713,-57.58,1.3e-09,14.96,1.5,0.4467,13.817,2.7e-05,0,0,78.1247,11.753733,WiFi6_5GHz
UE_000603,0.0067,8.84,6.6399,-86.16,0.0478511157,5.96,1.5,36.8817,-25.4703,2.2e-05,0,0,25.7483,1.751157,WiFi6_5GHz
UE_000604,0.0107,77.31,71.3053,-17.69,1.1e-09,18.79,1.7564,0.3032,-1.8508,3.6e-05,0,0,79.4877,11.47875,WiFi6_5GHz
UE_000605,0.0097,34.41,28.6774,-60.59,7.875e-07,17.04,1.5,0.0419,-10.6052,3.2e-05,0,0,75.5827,10.585077,WiFi6_5GHz
UE_000606,0.0086,14.39,7.978,-80.61,0.0052301899,11.88,1.5,3.0329,24.7328,2.9e-05,0,0,54.7897,2.719191,WiFi6_5GHz
UE_000607,0.0089,10.39,5.6521,-84.61,0.0396498623,17.86,1.5,6.8709,9.7073,3e-05,0,0,48.0147,2.154605,WiFi6_5GHz
UE_000608,0.0135,5.95,-1.7911,-89.05,0.0417519811,5.22,1.5,21.9608,15.5067,4.5e-05,0,0,33.297,1.100673,WiFi6_5GHz
UE_000609,0.0043,13.72,10.6353,-81.28,0.0203954597,17.6,1.5,4.1825,-7.3459,1.4e-05,0,0,51.6247,2.262621,WiFi6_5GHz
UE_000610,0.0107,7.94,1.6221,-87.06,0.0276041221,28.73,1.5,35.1081,9.8634,3.6e-05,0,0,31.3533,0.813884,WiFi6_5GHz
UE_000611,0.0048,33.9,29.8263,-61.1,3.8941e-06,10.37,1.5096,0.1048,29.5514,1.6e-05,0,0,71.6833,10.533488,WiFi6_5GHz
UE_000612,0.0117,20.65,13.3556,-74.35,0.0001558961,7.04,1.5,1.7678,-19.9367,3.9e-05,0,0,59.7384,4.53275,WiFi6_5GHz
UE_000613,0.0127,69.01,65.0331,-25.99,6.7e-09,15.66,1.5,0.4838,-3.0267,4.2e-05,0,0,77.3359,11.712587,WiFi6_5GHz
UE_000614,0.0078,10.02,6.7524,-84.98,0.0296531767,16.92,1.5,7.9807,-15.3078,2.6e-05,0,0,50.3896,1.51339,WiFi6_5GHz
UE_000615,0.0076,9.69,7.8276,-85.31,0.0308435052,32.06,1.5307,32.6034,18.0542,2.5e-05,0,0,37.8876,1.676971,WiFi6_5GHz
UE_000616,0.0041,16.43,11.0097,-78.57,0.0006460556,19.29,1.5,0.6376,14.4218,1.4e-05,0,0,60.3382,3.491334,WiFi6_5GHz
UE_000617,0.0055,29.58,24.0705,-65.42,2.2411e-06,9.58,1.5,0.264,-2.4715,1.8e-05,0,0,71.7628,7.823756,WiFi6_5GHz
UE_000618,0.0114,24.64,20.9045,-70.36,3.09203e-05,12.06,1.5,1.3108,-12.0483,3.8e-05,0,0,67.1887,5.292463,WiFi6_5GHz
UE_000619,0.0078,14.17,9.6676,-80.83,0.0088104645,17.3,1.5,5.7035,-17.5756,2.6e-05,0,0,56.9411,2.483617,WiFi6_5GHz
UE_000620,0.0016,42.25,36.1348,-52.75,8.8e-09,14.55,1.5,0.4409,-20.6477,5e-06,0,0,83.2664,11.807756,WiFi6_5GHz
UE_000621,0.0055,46.11,39.2958,-48.89,4.6e-09,14.03,1.6528,0.0876,-8.7393,1.8e-05,0,0,81.8139,11.629125,WiFi6_5GHz
UE_000622,0.01,22.4,18.3613,-72.6,9.62966e-05,17.42,1.5,1.5278,9.7106,3.3e-05,0,0,66.502,4.68986,WiFi6_5GHz
UE_000623,0.0061,0.84,-5.8475,-94.16,0.0797045299,16.74,1.5,9.7975,-23.4491,2e-05,0,0,37.4139,0.263404,WiFi6_5GHz
UE_000624,0.0046,14.45,8.9513,-80.55,0.0449109008,22.39,1.5,4.4308,-23.6209,1.5e-05,0,0,53.5445,2.399184,WiFi6_5GHz
UE_000625,0.0121,55.87,51.591,-39.13,7.1e-09,23.22,1.5,0.2817,-4.7951,4e-05,0,0,79.6801,11.874725,WiFi6_5GHz
UE_000626,0.0028,11.37,3.5407,-83.63,0.0054860909,26.85,1.5,2.5781,-16.7363,9e-06,0,0,52.5193,1.979383,WiFi6_5GHz
UE_000627,0.0132,21.4,13.9823,-73.6,0.0006543308,17.66,1.5,1.726,31.67,4.4e-05,0,0,63.1617,5.323307,WiFi6_5GHz
UE_000628,0.0026,-2.06,-6.6482,-97.06,0.1327782306,15.48,1.5,26.6301,3.5741,9e-06,0,0,25.4945,0.132228,WiFi6_5GHz
UE_000629,0.0062,23.73,18.753,-71.27,0.0001709421,12.36,1.5,0.9667,24.619,2.1e-05,0,0,63.7468,5.07485,WiFi6_5GHz
UE_000630,0.0038,-1.71,-9.8545,-96.71,0.0589047617,11.33,1.5,15.0811,-13.6052,1.3e-05,0,0,33.967,0.696109,WiFi6_5GHz
UE_000631,0.0046,5.9,-3.013,-89.1,0.0314657637,5.2,1.5,24.6685,-11.4644,1.5e-05,0,0,34.764,1.587017,WiFi6_5GHz
UE_000632,0.0073,12.02,8.6307,-82.98,0.0240025592,23.17,1.5,6.6833,17.9324,2.4e-05,0,0,49.5099,2.255623,WiFi6_5GHz
UE_000633,0.0049,60.89,54.8193,-34.11,3.3e-09,9.79,1.5,0.0361,-14.8107,1.6e-05,0,0,80.8621,11.451306,WiFi6_5GHz
UE_000634,0.013,5.58,0.6261,-89.42,0.0380072435,17.27,1.5,17.5195,-24.6343,4.3e-05,0,0,38.6764,1.02033,WiFi6_5GHz
UE_000635,0.0033,-7.15,-14.45,-102.15,0.1406948887,19.3,1.5,27.3625,8.3444,1.1e-05,0,0,26.1986,0.482917,WiFi6_5GHz
UE_000636,0.011,25.97,19.6819,-69.03,7.4685e-06,24.6,1.5,0.0779,9.311,3.7e-05,0,0,69.9747,7.354245,WiFi6_5GHz
UE_000637,0.012,29.79,22.0546,-65.21,3.242e-07,9.31,1.5,0.2115,-16.6382,4e-05,0,0,71.4714,8.025222,WiFi6_5GHz
UE_000638,0.0063,30.41,22.9798,-64.59,1.8785e-06,16.01,1.5,0.1974,-13.2255,2.1e-05,0,0,74.9431,8.023963,WiFi6_5GHz
UE_000639,0.0064,43.07,40.7018,-51.93,6.3e-09,15.43,1.5,0.0442,16.9592,2.1e-05,0,0,78.3261,12.209174,WiFi6_5GHz
UE_000640,0.0042,21.18,16.3103,-73.82,0.0001134661,12.85,1.5,0.713,23.2332,1.4e-05,0,0,65.2753,5.034218,WiFi6_5GHz
UE_000641,0.0105,84.02,78.3019,-10.98,7.9e-09,15.68,1.5,0.4466,-23.5915,3.5e-05,0,0,78.7771,11.72649,WiFi6_5GHz
UE_000642,0.0103,34.89,32.2942,-60.11,9.6351e-06,8.8,1.5,0.0817,-16.3983,3.4e-05,0,0,70.1022,10.704854,WiFi6_5GHz
UE_000643,0.003,19.56,13.8401,-75.44,0.0009779556,23.62,1.5,0.5201,12.9445,1e-05,0,0,66.8973,4.840026,WiFi6_5GHz
UE_000644,0.0104,52.63,47.8226,-42.37,1.5e-09,27.81,1.5,0.1183,-21.3831,3.5e-05,0,0,82.7838,11.530937,WiFi6_5GHz
UE_000645,0.0105,9.41,2.8402,-85.59,0.0280960949,10.7,1.5,12.5721,-3.8501,3.5e-05,0,0,42.5917,1.616805,WiFi6_5GHz
UE_000646,0.0098,28.47,23.6109,-66.53,8.952e-07,18.12,1.5,0.0478,22.2503,3.3e-05,0,0,72.4966,7.428914,WiFi6_5GHz
UE_000647,0.0042,75.55,73.0506,-19.45,9.1e-09,23.3,1.5,0.1178,1.9242,1.4e-05,0,0,82.3711,11.756494,WiFi6_5GHz
UE_000648,0.0027,15.3,12.9429,-79.7,0.0005099642,18.72,1.5,1.7518,24.7253,9e-06,0,0,59.559,3.398788,WiFi6_5GHz
UE_000649,0.0094,12.99,6.4245,-82.01,0.0062554643,12.5,1.5,2.1101,-3.9373,3.1e-05,0,0,56.9944,2.526139,WiFi6_5GHz
UE_000650,0.0075,44.03,37.613,-50.97,7.1e-09,21.2,1.5,0.4487,-1.115,2.5e-05,0,0,81.3045,11.664202,WiFi6_5GHz
UE_000651,0.0055,49.42,44.5422,-45.58,3.4e-09,9.96,1.5,0.4729,2.898,1.8e-05,0,0,78.743,11.848533,WiFi6_5GHz
UE_000652,0.0041,49.28,42.3879,-45.72,5e-10,20.46,1.5,0.2952,-26.851,1.4e-05,0,0,81.7341,11.676106,WiFi6_5GHz
UE_000653,0.0071,56.78,51.7118,-38.22,7.8e-09,19.88,1.5,0.1776,-21.8436,2.4e-05,0,0,84.305,11.555423,WiFi6_5GHz
UE_000654,0.0141,7.53,-0.0028,-87.47,0.0237759529,23.68,1.5,23.0398,-31.3074,4.7e-05,0,0,33.3201,1.349256,WiFi6_5GHz
UE_000655,0.0069,33.88,30.0844,-61.12,3.8941e-06,17.29,1.5,0.3255,-8.811,2.3e-05,0,0,76.6085,10.584007,WiFi6_5GHz
UE_000656,0.0076,31.15,30.095,-63.85,7.7465e-06,9.93,1.5,0.0252,-0.5093,2.5e-05,0,0,69.7306,7.827434,WiFi6_5GHz
UE_000657,0.0135,-0.75,-6.8418,-95.75,0.1284181637,10.32,1.5,31.2486,30.6547,4.5e-05,0,0,27.9799,0.463876,WiFi6_5GHz
UE_000658,0.0083,13.69,7.0791,-81.31,0.0135923172,11.56,1.5,6.6407,-17.306,2.8e-05,0,0,52.8897,2.350456,WiFi6_5GHz
UE_000659,0.0058,5.88,-2.8974,-89.12,0.0362105472,19.91,1.5803,24.2583,0.7472,1.9e-05,0,0,37.8432,0.96827,WiFi6_5GHz
UE_000660,0.0017,24.79,19.0537,-70.21,0.0004964687,15.25,1.5,1.2748,-31.67,6e-06,0,0,65.9526,5.377049,WiFi6_5GHz
UE_000661,0.005,26.07,23.2211,-68.93,5.2783e-06,27.9,1.5,0.2254,-11.4347,1.7e-05,0,0,67.5103,7.10872,WiFi6_5GHz
UE_000662,0.0054,2.23,-1.3723,-92.77,0.1366920209,14.56,1.5,37.5034,4.2122,1.8e-05,0,0,21.2452,0.51744,WiFi6_5GHz
UE_000663,0.014,48.75,43.3827,-46.25,1.9e-09,20.34,1.5,0.1095,22.808,4.7e-05,0,0,77.7362,11.597625,WiFi6_5GHz
UE_000664,0.007,28.62,20.1514,-66.38,9.4119e-06,12.66,1.5,0.0563,-27.3704,2.3e-05,0,0,67.1273,7.536646,WiFi6_5GHz
UE_000665,0.005,35.72,31.1561,-59.28,9.4e-09,24.81,1.5055,0.0662,4.1375,1.7e-05,0,0,74.6503,11.568585,WiFi6_5GHz
UE_000666,0.0061,18.16,12.7469,-76.84,0.0006247736,12.4,1.5,0.5495,31.2693,2e-05,0,0,59.9706,3.646378,WiFi6_5GHz
UE_000667,0.0015,17.52,12.5649,-77.48,0.0004108774,10.01,1.5,1.1841,-8.7052,5e-06,0,0,57.9091,3.451221,WiFi6_5GHz
UE_000668,0.0023,48.62,41.459,-46.38,4.4e-09,19.98,1.5,0.4648,17.1386,8e-06,0,0,79.9544,11.634843,WiFi6_5GHz
UE_000669,0.0114,3.13,-1.0963,-91.87,0.0515415836,17.97,1.5,21.5145,-14.7561,3.8e-05,0,0,31.3595,0.498675,WiFi6_5GHz
UE_000670,0.0016,33.24,27.0054,-61.76,4.041e-06,15.47,1.5,0.3033,-8.8094,5e-06,0,0,73.0327,10.58415,WiFi6_5GHz
UE_000671,0.0135,40.37,36.7945,-54.63,3.3e-09,21.44,1.5,0.2642,-8.113,4.5e-05,0,0,84.1486,11.674004,WiFi6_5GHz
UE_000672,0.0134,18.2,11.5243,-76.8,0.000919229,13.99,1.5,1.9293,-29.8502,4.5e-05,0,0,58.646,3.569125,WiFi6_5GHz
UE_000673,0.0072,22.58,17.8574,-72.42,5.39087e-05,14.12,1.5,1.6546,1.3574,2.4e-05,0,0,61.4334,5.354849,WiFi6_5GHz
UE_000674,0.0071,69.15,63.7012,-25.85,3.6e-09,14.79,1.5,0.3251,29.4678,2.4e-05,0,0,79.1053,11.629865,WiFi6_5GHz
UE_000675,0.0037,8.24,1.4731,-86.76,0.0495638536,7.3,1.7238,32.3378,-14.8183,1.2e-05,0,0,30.013,1.808052,WiFi6_5GHz
UE_000676,0.0029,-1.85,-8.4063,-96.85,0.1102798716,15.78,1.5,28.2281,-30.6168,1e-05,0,0,30.1171,0.1,WiFi6_5GHz
UE_000677,0.005,-4.36,-11.5436,-99.36,0.0538331768,17.62,1.5,22.4173,-1.8292,1.7e-05,0,0,29.1853,0.35566,WiFi6_5GHz
UE_000678,0.0058,7.12,3.3218,-87.88,0.0422532285,19.31,1.5,25.3227,-14.824,1.9e-05,0,0,35.3459,1.258527,WiFi6_5GHz
UE_000679,0.0118,39.67,33.1847,-55.33,5.4e-09,25.03,1.7353,0.2561,-15.3075,3.9e-05,0,0,80.3502,11.687795,WiFi6_5GHz
UE_000680,0.0066,20.49,15.1064,-74.51,0.0004539876,14.03,1.5,0.5663,1.721,2.2e-05,0,0,63.255,4.856321,WiFi6_5GHz
UE_000681,0.0098,39.94,34.1379,-55.06,8e-10,8.69,1.5,0.3832,-31.67,3.3e-05,0,0,80.3788,11.530516,WiFi6_5GHz
UE_000682,0.0104,12.25,9.658,-82.75,0.0061454986,11.8,1.5,6.638,-9.4758,3.5e-05,0,0,51.0672,2.241979,WiFi6_5GHz
UE_000683,0.0047,45.33,37.6889,-49.67,8.5e-09,6.76,1.5,0.3905,-8.1199,1.6e-05,0,0,76.8572,11.503719,WiFi6_5GHz
UE_000684,0.0048,10.09,2.8254,-84.91,0.0028705283,12.18,1.5,2.9374,-21.5595,1.6e-05,0,0,51.0329,1.859277,WiFi6_5GHz
UE_000685,0.0023,35.25,30.5839,-59.75,1.2e-09,3.17,1.5,0.0249,-6.2143,8e-06,0,0,72.4317,11.411232,WiFi6_5GHz
UE_000686,0.0099,43.82,37.8837,-51.18,9.7e-09,17.98,1.5,0.3885,-29.5876,3.3e-05,0,0,76.2624,11.632386,WiFi6_5GHz
UE_000687,0.0016,34.08,30.2988,-60.92,4.7227e-06,22.68,1.5,0.2428,1.4141,5e-06,0,0,74.2872,10.248658,WiFi6_5GHz
UE_000688,0.0033,37.88,34.4836,-57.12,6.9e-09,12.45,1.5,0.2059,25.7867,1.1e-05,0,0,76.3427,11.436146,WiFi6_5GHz
UE_000689,0.0116,45.02,36.8514,-49.98,9e-10,13.34,1.5,0.2564,-29.1644,3.9e-05,0,0,75.6322,12.016891,WiFi6_5GHz
UE_000690,0.0024,30.85,26.0936,-64.15,6.8466e-06,21.07,1.5,0.174,-7.1625,8e-06,0,0,74.8692,7.823034,WiFi6_5GHz
UE_000691,0.0114,19.36,17.778,-75.64,0.0009502658,11.63,1.5,1.9796,9.2731,3.8e-05,0,0,59.4802,4.385621,WiFi6_5GHz
UE_000692,0.0114,-1.83,-8.4938,-96.83,0.0759979875,13.07,1.5,35.735,7.9028,3.8e-05,0,0,21.5949,0.576045,WiFi6_5GHz
UE_000693,0.0068,9.18,6.0068,-85.82,0.0017713421,13.0,1.5,33.1878,1.6771,2.3e-05,0,0,30.0664,1.772075,WiFi6_5GHz
UE_000694,0.0084,37.25,31.76,-57.75,3.3e-09,17.77,1.5,0.3162,24.0078,2.8e-05,0,0,78.8371,11.57699,WiFi6_5GHz
UE_000695,0.0105,-5.67,-8.7937,-100.67,0.058461725,33.04,1.5,27.7365,31.67,3.5e-05,0,0,26.8533,0.318744,WiFi6_5GHz
UE_000696,0.0026,23.97,20.7063,-71.03,0.0005403249,28.37,1.5,0.9406,-19.2375,9e-06,0,0,68.7335,4.953863,WiFi6_5GHz
UE_000697,0.0055,37.07,30.6632,-57.93,4e-10,10.97,1.5,0.1018,3.7435,1.8e-05,0,0,78.0829,11.386674,WiFi6_5GHz
UE_000698,0.0096,51.03,43.8527,-43.97,5.5e-09,18.02,1.7101,0.0708,29.4509,3.2e-05,0,0,82.6103,11.854044,WiFi6_5GHz
UE_000699,0.0107,13.54,7.4048,-81.46,0.049837092,25.29,1.5771,4.9666,24.6761,3.6e-05,0,0,57.4981,2.207456,WiFi6_5GHz
UE_000700,0.0072,10.79,3.5901,-84.21,0.0092880636,12.99,1.5,4.6979,-21.9522,2.4e-05,0,0,48.7913,1.908039,WiFi6_5GHz
UE_000701,0.0124,-3.47,-9.2461,-98.47,0.1452713054,7.82,1.5,16.7184,-31.67,4.1e-05,0,0,34.8708,0.365692,WiFi6_5GHz
UE_000702,0.0032,16.55,9.6011,-78.45,0.0004103743,16.56,1.5,1.7368,-24.4832,1.1e-05,0,0,57.2963,3.498035,WiFi6_5GHz
UE_000703,0.0052,17.16,11.8606,-77.84,0.000408682,24.02,1.5,1.5024,-5.5924,1.7e-05,0,0,59.5912,3.824309,WiFi6_5GHz
UE_000704,0.0013,44.97,37.6823,-50.03,7.5e-09,15.18,1.5,0.4865,26.305,4e-06,0,0,81.2062,11.671613,WiFi6_5GHz
UE_000705,0.0038,26.58,20.9518,-68.42,1.8972e-06,16.12,2.127,0.1365,-20.7473,1.3e-05,0,0,69.5313,6.904829,WiFi6_5GHz
UE_000706,0.0134,16.96,11.1688,-78.04,0.0006884477,12.02,1.5,0.7991,-23.9341,4.5e-05,0,0,57.9749,3.647865,WiFi6_5GHz
UE_000707,0.0031,0.15,-5.9847,-94.85,0.0938003733,11.24,1.5,26.3223,10.2376,1e-05,0,0,27.587,0.429317,WiFi6_5GHz
UE_000708,0.0137,18.94,12.033,-76.06,0.0009679384,13.14,1.5,1.5137,-16.6523,4.6e-05,0,0,60.5987,3.41169,WiFi6_5GHz
UE_000709,0.0072,17.64,11.3261,-77.36,0.0006684015,7.7,1.5,1.917,-19.9334,2.4e-05,0,0,62.5026,3.23653,WiFi6_5GHz
UE_000710,0.001,34.94,27.2814,-60.06,5.3699e-06,19.76,1.5,0.4966,-8.8107,3e-06,0,0,75.4797,10.727594,WiFi6_5GHz
UE_000711,0.0122,6.3,-0.9076,-88.7,0.0022803062,20.88,1.5,35.8248,-25.1947,4.1e-05,0,0,27.9603,1.284169,WiFi6_5GHz
UE_000712,0.008,-5.38,-13.6287,-100.38,0.1327369451,3.04,1.5,9.5427,-31.67,2.7e-05,0,0,37.5016,0.215082,WiFi6_5GHz
UE_000713,0.0088,7.39,1.1966,-87.61,0.0346192974,9.26,1.5,24.9874,18.6581,2.9e-05,0,0,33.5208,0.720684,WiFi6_5GHz
UE_000714,0.007,23.17,15.9561,-71.83,0.000258528,20.16,1.5,1.5334,-31.67,2.3e-05,0,0,67.2516,5.311596,WiFi6_5GHz
UE_000715,0.0071,13.09,6.5346,-81.91,0.0420683118,2.49,1.5,6.4363,23.536,2.4e-05,0,0,49.5994,2.457892,WiFi6_5GHz
UE_000716,0.0025,15.49,5.9325,-79.51,0.000185316,20.04,1.5,0.8217,20.2502,8e-06,0,0,57.2773,3.69821,WiFi6_5GHz
UE_000717,0.0045,33.66,25.9312,-61.34,9.112e-06,16.24,1.5,0.0039,-17.8262,1.5e-05,0,0,75.6091,10.675401,WiFi6_5GHz
UE_000718,0.0016,35.59,31.8048,-59.41,8.9e-09,20.64,1.5,0.1795,13.9838,5e-06,0,0,75.4793,11.459733,WiFi6_5GHz
UE_000719,0.0057,2.86,-3.3283,-92.14,0.0640988505,16.5,1.5,24.6315,-1.0628,1.9e-05,0,0,32.3887,0.655577,WiFi6_5GHz
UE_000720,0.0116,12.94,6.7733,-82.06,0.0417953353,13.34,1.5,5.4515,-31.67,3.9e-05,0,0,52.0029,2.2121,WiFi6_5GHz
UE_000721,0.0079,30.0,22.4061,-65.0,8.6654e-06,22.84,1.5,0.0428,5.2675,2.6e-05,0,0,76.1286,7.710168,WiFi6_5GHz
UE_000722,0.0097,8.71,3.8208,-86.29,0.0261729452,16.96,1.5,10.8371,31.3495,3.2e-05,0,0,47.2955,1.984386,WiFi6_5GHz
UE_000723,0.0019,18.41,14.7749,-76.59,0.0004088673,23.23,1.5,1.9105,-13.2429,6e-06,0,0,61.0752,3.62199,WiFi6_5GHz
UE_000724,0.0132,62.38,58.7807,-32.62,8.1e-09,16.08,1.5,0.2376,-10.8919,4.4e-05,0,0,81.0745,11.607544,WiFi6_5GHz
UE_000725,0.0085,46.54,39.0407,-48.46,9e-10,22.28,1.5,0.2582,-25.8642,2.8e-05,0,0,83.3444,11.609304,WiFi6_5GHz
UE_000726,0.0072,19.68,15.0033,-75.32,0.0004655888,18.3,1.5,0.6114,-10.1511,2.4e-05,0,0,61.3808,4.388573,WiFi6_5GHz
UE_000727,0.0046,37.23,31.718,-57.77,8.2e-09,10.04,1.5561,0.1545,-3.794,1.5e-05,0,0,73.7237,12.340796,WiFi6_5GHz
UE_000728,0.0047,-5.26,-11.2953,-100.26,0.0572006108,7.22,1.5,10.8988,-4.5287,1.6e-05,0,0,36.9267,0.1,WiFi6_5GHz
UE_000729,0.0075,24.95,19.044,-70.05,0.000329493,22.81,1.5,0.9364,27.6913,2.5e-05,0,0,67.437,5.107832,WiFi6_5GHz
UE_000730,0.0091,7.47,-0.0006,-87.53,0.0395499609,26.78,1.5,15.2891,18.109,3e-05,0,0,43.3478,1.080105,WiFi6_5GHz
UE_000731,0.0071,13.96,9.6087,-81.04,0.0103099706,10.39,1.5,3.4719,4.2504,2.4e-05,0,0,55.7506,2.41767,WiFi6_5GHz
UE_000732,0.0045,29.82,25.2861,-65.18,7.9848e-06,13.38,1.5,0.1215,30.1899,1.5e-05,0,0,70.6736,7.871666,WiFi6_5GHz
UE_000733,0.0137,3.69,-1.5635,-91.31,0.0937123041,22.9,1.5,24.2967,20.4025,4.6e-05,0,0,35.7308,0.522091,WiFi6_5GHz
UE_000734,0.0056,18.79,11.0247,-76.21,9.76148e-05,25.4,1.5,1.241,10.8708,1.9e-05,0,0,62.2309,3.580468,WiFi6_5GHz
UE_000735,0.0088,49.93,46.6598,-45.07,1.7e-09,19.03,1.5,0.4469,6.1552,2.9e-05,0,0,82.2053,12.006343,WiFi6_5GHz
UE_000736,0.0138,40.36,35.7015,-54.64,8e-09,14.93,1.5,0.4989,-20.6806,4.6e-05,0,0,82.5441,11.56532,WiFi6_5GHz
UE_000737,0.0083,53.14,48.0296,-41.86,4e-09,20.58,1.5,0.0074,-24.0808,2.8e-05,0,0,83.4015,11.723621,WiFi6_5GHz
UE_000738,0.008,63.68,57.5504,-31.32,8.7e-09,24.6,1.5,0.4641,30.508,2.7e-05,0,0,81.5439,11.446126,WiFi6_5GHz
UE_000739,0.0115,46.37,44.2636,-48.63,8e-09,11.9,1.5,0.2376,16.0685,3.8e-05,0,0,80.1543,11.801665,WiFi6_5GHz
UE_000740,0.0139,23.85,18.5284,-71.15,0.0004438792,8.1,1.5,0.7493,7.8208,4.6e-05,0,0,65.1447,5.317926,WiFi6_5GHz
UE_000741,0.0067,3.95,-1.5896,-91.05,0.0595916554,32.51,1.5,15.092,-14.3933,2.2e-05,0,0,43.3742,0.5417,WiFi6_5GHz
UE_000742,0.0065,3.36,-3.7973,-91.64,0.0613073921,19.9,1.5,27.0815,-10.9409,2.2e-05,0,0,31.0375,0.631633,WiFi6_5GHz
UE_000743,0.0041,43.38,36.7827,-51.62,7.5e-09,16.02,1.5,0.1673,17.8871,1.4e-05,0,0,79.6194,11.967857,WiFi6_5GHz
UE_000744,0.005,63.63,58.9473,-31.37,4.9e-09,19.19,1.5,0.2741,-3.5412,1.7e-05,0,0,80.5423,11.680631,WiFi6_5GHz
UE_000745,0.0023,43.22,38.9915,-51.78,9.2e-09,17.54,1.5,0.4761,-30.7173,8e-06,0,0,81.7339,11.711554,WiFi6_5GHz
UE_000746,0.0119,9.57,6.9248,-85.43,0.0160456562,15.01,1.5,36.0912,-27.3078,4e-05,0,0,28.464,1.673268,WiFi6_5GHz
UE_000747,0.0129,26.85,21.1168,-68.15,4.5876e-06,18.67,1.5,0.0921,-30.8929,4.3e-05,0,0,68.4583,6.811412,WiFi6_5GHz
UE_000748,0.0031,23.27,17.6022,-71.73,0.0006793193,9.8,1.5,0.8949,-10.6522,1e-05,0,0,62.3672,5.320986,WiFi6_5GHz
UE_000749,0.0086,9.34,3.1635,-85.66,0.0258115862,18.8,1.5,20.1258,-22.6966,2.9e-05,0,0,39.9594,1.156297,WiFi6_5GHz
UE_000750,0.0074,22.2,13.5239,-72.8,0.000383212,21.95,1.5,1.3099,20.7556,2.5e-05,0,0,63.0545,5.273301,WiFi6_5GHz
UE_000751,0.0013,27.58,21.986,-67.42,6.0876e-06,6.39,1.5,0.2891,-23.1234,4e-06,0,0,65.2376,7.182462,WiFi6_5GHz
UE_000752,0.0056,43.2,36.8522,-51.8,9.4e-09,24.49,1.5,0.4737,17.744,1.9e-05,0,0,79.6748,11.569448,WiFi6_5GHz
UE_000753,0.0076,14.32,7.0039,-80.68,0.0284672825,17.51,1.5,4.5181,19.4793,2.5e-05,0,0,53.8133,1.981492,WiFi6_5GHz
UE_000754,0.0021,44.64,38.473,-50.36,4.3e-09,21.06,1.6348,0.0308,-18.3869,7e-06,0,0,80.5463,11.782084,WiFi6_5GHz
UE_000755,0.01,49.81,45.7153,-45.19,3.3e-09,15.03,1.5,0.4525,-10.0955,3.3e-05,0,0,82.4783,11.82477,WiFi6_5GHz
UE_000756,0.0104,36.6,30.4589,-58.4,3.3e-09,10.78,1.5,0.4602,3.7629,3.5e-05,0,0,74.7613,11.741363,WiFi6_5GHz
UE_000757,0.0104,0.51,-5.4082,-94.49,0.113003404,18.12,1.5184,34.3114,-4.8859,3.5e-05,0,0,25.089,0.238866,WiFi6_5GHz
UE_000758,0.0092,7.27,2.8472,-87.73,0.0212282787,20.81,1.5,32.5532,-1.1364,3.1e-05,0,0,32.0756,1.102459,WiFi6_5GHz
UE_000759,0.0027,31.35,27.2776,-63.65,8.8168e-06,17.02,1.5,0.3954,-6.536,9e-06,0,0,72.0942,7.82657,WiFi6_5GHz
UE_000760,0.0011,-2.64,-9.0014,-97.64,0.0840338477,18.36,1.5,33.1101,-31.67,4e-06,0,0,26.7391,0.104098,WiFi6_5GHz
UE_000761,0.0132,48.76,46.3793,-46.24,1.9e-09,15.98,1.5,0.2727,-1.8074,4.4e-05,0,0,84.3339,11.663612,WiFi6_5GHz
UE_000762,0.0089,18.63,17.3657,-76.37,0.0005532077,19.01,1.5,0.8448,-1.2664,3e-05,0,0,64.4167,3.340053,WiFi6_5GHz
UE_000763,0.0102,21.39,14.6002,-73.61,0.0006401094,25.05,1.5,1.0452,-5.1674,3.4e-05,0,0,67.2871,5.5674,WiFi6_5GHz
UE_000764,0.008,19.55,16.83,-75.45,0.0004345426,21.69,1.5,1.0707,-11.028,2.7e-05,0,0,63.0241,4.778407,WiFi6_5GHz
UE_000765,0.0067,40.56,36.6271,-54.44,4.5e-09,6.55,1.5,0.3564,30.2988,2.2e-05,0,0,78.168,11.92378,WiFi6_5GHz
UE_000766,0.0069,1.83,0.3316,-93.17,0.1169552316,12.24,1.5,25.0341,-7.6668,2.3e-05,0,0,31.1062,0.1,WiFi6_5GHz
UE_000767,0.0094,31.3,23.842,-63.7,6.9199e-06,16.12,1.5,0.293,29.275,3.1e-05,0,0,72.9812,7.82471,WiFi6_5GHz
UE_000768,0.013,43.71,35.3713,-51.29,6.8e-09,16.2,1.5,0.466,-20.2744,4.3e-05,0,0,78.6068,12.020744,WiFi6_5GHz
UE_000769,0.006,25.05,20.2571,-69.95,5.06e-07,20.6,1.6238,0.3484,-13.7492,2e-05,0,0,70.906,6.784489,WiFi6_5GHz
UE_000770,0.009,34.72,27.5218,-60.28,3.7918e-06,9.17,1.5,0.3066,24.874,3e-05,0,0,70.3494,10.610043,WiFi6_5GHz
UE_000771,0.0011,36.44,30.2283,-58.56,9.2e-09,11.09,1.5,0.1661,-13.5929,4e-06,0,0,80.4793,11.629401,WiFi6_5GHz
UE_000772,0.0024,-0.92,-7.2037,-95.92,0.1202187343,12.58,1.5,8.5621,31.67,8e-06,0,0,40.7636,0.34482,WiFi6_5GHz
UE_000773,0.0043,46.29,41.0112,-48.71,8.6e-09,17.86,1.5,0.2413,-24.8207,1.4e-05,0,0,81.028,11.867877,WiFi6_5GHz
UE_000774,0.009,6.39,0.4847,-88.61,0.003802336,25.18,1.5,25.3511,11.94,3e-05,0,0,35.7848,0.945873,WiFi6_5GHz
UE_000775,0.0089,67.47,62.4446,-27.53,1.3e-09,10.81,1.5,0.0407,19.4094,3e-05,0,0,78.4065,11.839159,WiFi6_5GHz
UE_000776,0.0058,41.99,35.5309,-53.01,7e-10,16.29,1.5,0.3744,31.1871,1.9e-05,0,0,80.6337,11.920745,WiFi6_5GHz
UE_000777,0.003,19.99,12.2571,-75.01,0.0003276932,18.86,1.5,1.9151,-16.7374,1e-05,0,0,59.9782,4.897467,WiFi6_5GHz
UE_000778,0.0047,33.31,27.0602,-61.69,9.2398e-06,21.04,1.5,0.1193,0.277,1.6e-05,0,0,74.6462,10.595897,WiFi6_5GHz
UE_000779,0.011,29.73,22.4804,-65.27,9.0888e-06,13.5,1.5,0.242,25.2092,3.7e-05,0,0,72.3485,7.572957,WiFi6_5GHz
UE_000780,0.0121,11.65,5.54,-83.35,0.0305694087,12.16,1.5,2.0486,-3.8406,4e-05,0,0,54.8362,2.517234,WiFi6_5GHz
UE_000781,0.0095,1.35,-0.585,-93.65,0.0714597814,3.32,1.5,14.7366,12.5138,3.2e-05,0,0,35.2143,0.1,WiFi6_5GHz
UE_000782,0.0032,41.8,34.7042,-53.2,9.2e-09,15.07,1.5,0.2561,-13.4888,1.1e-05,0,0,81.4773,11.610052,WiFi6_5GHz
UE_000783,0.0141,49.01,43.0038,-45.99,1e-08,19.0,1.5,0.1788,8.3302,4.7e-05,0,0,78.9338,11.636266,WiFi6_5GHz
UE_000784,0.0133,-0.86,-4.7791,-95.86,0.1497701122,11.47,1.5,10.0191,13.3076,4.4e-05,0,0,40.5408,0.495513,WiFi6_5GHz
UE_000785,0.0062,12.77,7.5071,-82.23,0.0427484047,21.34,1.5112,4.0561,-19.44,2.1e-05,0,0,57.0702,2.468476,WiFi6_5GHz
UE_000786,0.002,12.62,6.3057,-82.38,0.0335676559,12.3,1.5,3.2019,31.6406,7e-06,0,0,51.2822,2.313266,WiFi6_5GHz
UE_000787,0.0046,4.66,-0.4717,-90.34,0.0883109291,25.4,1.5,9.4405,22.3269,1.5e-05,0,0,45.6028,0.260532,WiFi6_5GHz
UE_000788,0.0069,3.24,-1.8302,-91.76,0.0826574398,19.28,1.5,36.7258,2.057,2.3e-05,0,0,28.1785,0.705246,WiFi6_5GHz
UE_000789,0.0068,33.86,25.6496,-61.14,8.2168e-06,27.88,1.5,0.0395,18.1302,2.3e-05,0,0,76.5956,10.468386,WiFi6_5GHz
UE_000790,0.011,0.53,-4.7352,-94.47,0.1482826338,21.95,1.5,8.7814,15.2083,3.7e-05,0,0,40.1678,0.554219,WiFi6_5GHz
UE_000791,0.0022,47.64,40.9471,-47.36,8.1e-09,16.85,1.5,0.3687,10.7497,7e-06,0,0,80.9223,11.278589,WiFi6_5GHz
UE_000792,0.0051,18.63,12.8824,-76.37,0.000138006,26.64,1.5605,1.6825,-17.741,1.7e-05,0,0,63.8311,3.622614,WiFi6_5GHz
UE_000793,0.0038,48.95,43.2628,-46.05,9.9e-09,12.55,1.5,0.3471,-18.8275,1.3e-05,0,0,78.7643,11.715618,WiFi6_5GHz
UE_000794,0.0115,2.55,-1.662,-92.45,0.0696943152,8.04,1.5,10.2,1.0387,3.8e-05,0,0,40.5205,0.682885,WiFi6_5GHz
UE_000795,0.0099,52.46,49.2525,-42.54,2.6e-09,25.52,1.5,0.4542,14.4089,3.3e-05,0,0,80.9353,11.890183,WiFi6_5GHz
UE_000796,0.0069,17.2,13.012,-77.8,0.0005840412,24.16,1.7578,1.889,-31.67,2.3e-05,0,0,63.5656,3.41316,WiFi6_5GHz
UE_000797,0.0016,46.38,39.7868,-48.62,4e-09,15.62,1.5,0.1716,-25.6397,5e-06,0,0,76.3143,11.673257,WiFi6_5GHz
UE_000798,0.0114,27.11,22.4418,-67.89,4.9458e-06,22.55,1.5,0.393,-17.9112,3.8e-05,0,0,70.0379,7.009105,WiFi6_5GHz
UE_000799,0.0063,38.89,31.921,-56.11,9.2e-09,23.94,1.5,0.4196,16.5446,2.1e-05,0,0,80.0399,11.573611,WiFi6_5GHz
UE_000800,0.0135,3.14,-3.098,-91.86,0.1249326197,14.16,1.5,15.5287,-20.5488,4.5e-05,0,0,39.9438,0.418538,WiFi6_5GHz
UE_000801,0.011,29.02,22.6648,-65.98,7.2957e-06,35.93,1.5,0.4312,31.67,3.7e-05,0,0,77.1494,7.775401,WiFi6_5GHz
UE_000802,0.0066,21.99,13.4964,-73.01,0.0005329129,23.51,1.5,1.3503,31.3832,2.2e-05,0,0,64.1496,5.1679,WiFi6_5GHz
UE_000803,0.0114,38.34,34.3699,-56.66,3e-09,5.16,1.5,0.4377,-12.4823,3.8e-05,0,0,78.1956,11.60846,WiFi6_5GHz
UE_000804,0.0068,48.09,41.3293,-46.91,2.2e-09,16.95,1.5,0.1267,14.7965,2.3e-05,0,0,82.3042,12.302173,WiFi6_5GHz
UE_000805,0.0041,7.77,0.9303,-87.23,0.0413696929,14.89,1.5,35.4865,17.6406,1.4e-05,0,0,30.8225,1.204053,WiFi6_5GHz
UE_000806,0.0061,50.45,46.9684,-44.55,1.2e-09,8.49,1.5,0.3463,3.6199,2e-05,0,0,79.7869,11.660734,WiFi6_5GHz
UE_000807,0.0046,10.87,6.6985,-84.13,0.0098247294,16.01,1.5852,2.17,-10.2367,1.5e-05,0,0,53.8439,1.954455,WiFi6_5GHz
UE_000808,0.0046,19.78,14.48,-75.22,0.0003627114,14.94,1.5,1.6666,5.1071,1.5e-05,0,0,58.9909,4.805913,WiFi6_5GHz
UE_000809,0.0073,54.51,51.7302,-40.49,8.8e-09,17.27,1.5,0.1519,6.1574,2.4e-05,0,0,82.4472,11.486248,WiFi6_5GHz
UE_000810,0.0119,14.21,10.6443,-80.79,0.0425659499,18.6,1.5,3.9268,29.5396,4e-05,0,0,57.0486,2.077859,WiFi6_5GHz
UE_000811,0.0029,29.26,25.3946,-65.74,5.1152e-06,11.4,1.5,0.2495,-22.0043,1e-05,0,0,72.8257,7.990682,WiFi6_5GHz
UE_000812,0.012,13.19,8.01,-81.81,0.0067697185,22.94,1.5,2.8925,2.3678,4e-05,0,0,56.5599,2.346152,WiFi6_5GHz
UE_000813,0.0053,32.86,28.6201,-62.14,4.726e-07,9.83,1.5,0.3455,8.5369,1.8e-05,0,0,75.4864,10.883636,WiFi6_5GHz
UE_000814,0.0068,44.92,40.567,-50.08,4.8e-09,2.12,1.5,0.164,9.2107,2.3e-05,0,0,76.3218,11.726933,WiFi6_5GHz
UE_000815,0.0018,50.96,46.3793,-44.04,8.2e-09,23.34,1.5,0.1063,26.5564,6e-06,0,0,80.3476,11.246333,WiFi6_5GHz
UE_000816,0.0064,11.34,4.5311,-83.66,0.0339040579,18.34,1.5,5.7599,-5.3958,2.1e-05,0,0,48.9531,2.47948,WiFi6_5GHz
UE_000817,0.0129,17.01,12.9168,-77.99,0.0005435146,12.02,1.5,1.5341,31.5165,4.3e-05,0,0,58.0205,3.456992,WiFi6_5GHz
UE_000818,0.0059,49.5,44.6417,-45.5,6e-10,21.67,1.5,0.3831,-1.8236,2e-05,0,0,83.4532,11.755413,WiFi6_5GHz
UE_000819,0.0029,42.86,38.8987,-52.14,7.6e-09,5.08,1.5,0.4634,1.0688,1e-05,0,0,78.0368,11.850184,WiFi6_5GHz
UE_000820,0.0078,13.41,9.4031,-81.59,0.0092900896,7.33,1.5,6.5472,-11.4809,2.6e-05,0,0,55.1832,2.28782,WiFi6_5GHz
UE_000821,0.012,5.66,-0.1216,-89.34,0.0422007838,14.69,1.5506,12.9713,-2.2683,4e-05,0,0,42.4503,0.966512,WiFi6_5GHz
UE_000822,0.0039,11.45,5.1708,-83.55,0.0496828919,12.72,1.5,4.1286,27.8408,1.3e-05,0,0,49.5277,2.707433,WiFi6_5GHz
UE_000823,0.0106,-0.08,-7.8723,-95.08,0.1241060809,6.55,1.5,13.8068,9.1373,3.5e-05,0,0,32.6919,0.207834,WiFi6_5GHz
UE_000824,0.0136,44.74,43.8722,-50.26,2.7e-09,18.87,1.5,0.2339,30.8438,4.5e-05,0,0,78.5409,11.383288,WiFi6_5GHz
UE_000825,0.0113,7.93,4.7694,-87.07,0.0283173258,22.64,1.5113,8.8729,-1.1495,3.8e-05,0,0,47.0309,1.268993,WiFi6_5GHz
UE_000826,0.0138,14.86,9.136,-80.14,0.0238181336,6.53,1.5,3.969,-16.5323,4.6e-05,0,0,56.4971,2.350036,WiFi6_5GHz
UE_000827,0.0012,15.79,11.938,-79.21,0.0006175385,8.98,1.5,1.929,2.2899,4e-06,0,0,56.6106,3.304098,WiFi6_5GHz
UE_000828,0.0102,1.42,-5.1316,-93.58,0.1094051981,13.94,1.5,34.1844,9.6325,3.4e-05,0,0,26.1093,0.439038,WiFi6_5GHz
UE_000829,0.0065,39.14,36.158,-55.86,3.3e-09,11.15,1.5,0.4342,12.401,2.2e-05,0,0,81.7321,11.902831,WiFi6_5GHz
UE_000830,0.0116,-0.69,-6.1674,-95.69,0.0860822295,14.27,1.5,13.0359,26.733,3.9e-05,0,0,37.1072,0.254943,WiFi6_5GHz
UE_000831,0.0048,-3.34,-9.1897,-98.34,0.1142638185,21.55,1.5,18.3077,-15.707,1.6e-05,0,0,36.3259,0.163738,WiFi6_5GHz
UE_000832,0.0122,35.86,27.8852,-59.14,9.8e-09,12.26,1.7141,0.0586,29.5297,4.1e-05,0,0,78.2053,11.542711,WiFi6_5GHz
UE_000833,0.0101,23.02,17.7971,-71.98,0.0002355356,17.4,1.5,1.9364,29.0697,3.4e-05,0,0,64.2471,5.348883,WiFi6_5GHz
UE_000834,0.0059,22.61,14.7294,-72.39,0.0005794409,29.89,1.5,0.7204,26.9881,2e-05,0,0,64.8149,5.605858,WiFi6_5GHz
UE_000835,0.0015,9.57,3.919,-85.43,0.0258739686,12.16,1.5,8.2698,-17.188,5e-06,0,0,44.9806,1.640733,WiFi6_5GHz
UE_000836,0.0047,12.47,9.0305,-82.53,0.029232536,4.11,1.5,5.3623,-25.394,1.6e-05,0,0,50.3604,2.372171,WiFi6_5GHz
UE_000837,0.0102,30.16,25.0887,-64.84,1.4489e-06,5.79,1.5,0.0862,15.0611,3.4e-05,0,0,70.1889,7.82453,WiFi6_5GHz
UE_000838,0.0107,30.91,27.718,-64.09,8.364e-07,13.86,1.5,0.1576,27.0999,3.6e-05,0,0,73.5445,7.857918,WiFi6_5GHz
UE_000839,0.0066,42.66,39.4901,-52.34,8e-10,18.11,1.7096,0.4499,-25.6537,2.2e-05,0,0,81.6145,11.007263,WiFi6_5GHz
UE_000840,0.0072,46.0,42.318,-49.0,5.7e-09,14.39,1.5,0.1504,7.0003,2.4e-05,0,0,81.3509,11.422154,WiFi6_5GHz
UE_000841,0.0113,30.76,26.2148,-64.24,9.5064e-06,9.56,1.5,0.1559,24.7523,3.8e-05,0,0,68.8657,7.799413,WiFi6_5GHz
UE_000842,0.0049,5.76,1.4954,-89.24,0.0447381405,18.86,1.5,10.2553,-16.4066,1.6e-05,0,0,44.395,1.047727,WiFi6_5GHz
UE_000843,0.0016,5.74,0.3928,-89.26,0.021587281,8.89,1.5,23.0669,-22.3758,5e-06,0,0,35.4144,1.299483,WiFi6_5GHz
UE_000844,0.0136,36.75,28.4292,-58.25,6.6e-09,18.22,1.5,0.2224,-2.3907,4.5e-05,0,0,79.6296,11.710634,WiFi6_5GHz
UE_000845,0.013,16.44,11.8524,-78.56,0.0009573792,14.12,1.5,1.6189,7.9156,4.3e-05,0,0,61.674,3.361906,WiFi6_5GHz
UE_000846,0.0112,58.54,54.7075,-36.46,5.8e-09,11.51,1.5,0.4483,23.1732,3.7e-05,0,0,78.0176,11.805188,WiFi6_5GHz
UE_000847,0.0083,0.74,-7.1824,-94.26,0.1379712991,13.19,1.5,23.9845,9.5002,2.8e-05,0,0,27.9198,0.339002,WiFi6_5GHz
UE_000848,0.0048,14.79,10.8446,-80.21,0.0077055129,17.89,1.5,6.5224,31.67,1.6e-05,0,0,55.4327,2.530097,WiFi6_5GHz
UE_000849,0.0045,48.5,43.7717,-46.5,2.7e-09,16.65,1.5,0.3884,-23.4448,1.5e-05,0,0,79.0671,11.701809,WiFi6_5GHz
UE_000850,0.0123,15.09,7.4378,-79.91,0.0009662305,25.49,1.5,1.0001,28.6189,4.1e-05,0,0,58.3829,3.400255,WiFi6_5GHz
UE_000851,0.0056,14.04,9.9744,-80.96,0.025341584,13.0,1.5,7.0286,-20.3396,1.9e-05,0,0,50.2222,2.329469,WiFi6_5GHz
UE_000852,0.0124,46.46,41.0648,-48.54,8.3e-09,7.09,1.5,0.354,21.0884,4.1e-05,0,0,79.8419,11.462542,WiFi6_5GHz
UE_000853,0.0072,9.74,2.4386,-85.26,0.020342842,36.97,1.5,10.4299,-22.7802,2.4e-05,0,0,50.5506,1.66062,WiFi6_5GHz
UE_000854,0.0113,14.1,5.7626,-80.9,0.0294323773,21.94,1.5,2.5601,15.37,3.8e-05,0,0,55.0311,2.062597,WiFi6_5GHz
UE_000855,0.0058,5.73,-1.3346,-89.27,0.02763256,12.79,1.5,19.6791,-10.669,1.9e-05,0,0,35.3354,1.051848,WiFi6_5GHz
UE_000856,0.0112,9.21,0.5249,-85.79,0.0028642599,18.8,1.5144,34.5938,-25.3528,3.7e-05,0,0,31.1181,2.08379,WiFi6_5GHz
UE_000857,0.0101,-5.22,-10.4781,-100.22,0.1393205511,28.41,1.5,9.5039,7.778,3.4e-05,0,0,38.8398,0.286819,WiFi6_5GHz
UE_000858,0.009,36.99,29.4227,-58.01,5.6e-09,18.7,1.5,0.2113,25.4007,3e-05,0,0,79.2047,11.364322,WiFi6_5GHz
UE_000859,0.0089,31.29,24.5154,-63.71,5.54e-08,11.55,1.5,0.2192,-7.3026,3e-05,0,0,71.0644,7.883549,WiFi6_5GHz
UE_000860,0.0077,1.52,-5.7054,-93.48,0.0560895032,26.78,1.5,35.7674,-25.7342,2.6e-05,0,0,25.4301,0.1,WiFi6_5GHz
UE_000861,0.005,33.67,30.1458,-61.33,2.7656e-06,18.81,1.5,0.4739,-18.1315,1.7e-05,0,0,74.7951,10.63787,WiFi6_5GHz
UE_000862,0.0114,1.06,-6.0784,-93.94,0.1185959225,14.37,1.5,36.4121,-21.7647,3.8e-05,0,0,20.2887,0.340428,WiFi6_5GHz
UE_000863,0.0056,32.93,30.4318,-62.07,2.4246e-06,17.82,1.5,0.3141,-31.67,1.9e-05,0,0,78.8492,10.485879,WiFi6_5GHz
UE_000864,0.0077,4.39,-2.0039,-90.61,0.0711905122,6.14,1.5,23.646,-26.174,2.6e-05,0,0,33.036,0.56301,WiFi6_5GHz
UE_000865,0.0105,13.27,7.6355,-81.73,0.0411595968,11.26,1.5,7.7257,5.4788,3.5e-05,0,0,53.4393,2.533125,WiFi6_5GHz
UE_000866,0.0111,11.08,6.2634,-83.92,0.0203917417,18.39,1.5,3.7314,-3.0045,3.7e-05,0,0,55.9061,2.430661,WiFi6_5GHz
UE_000867,0.0101,13.27,7.4277,-81.73,0.0273146358,4.82,1.5,3.7599,31.2998,3.4e-05,0,0,54.7403,2.560041,WiFi6_5GHz
UE_000868,0.0089,2.36,-3.6665,-92.64,0.0675363527,23.15,1.5,31.9583,-11.7521,3e-05,0,0,29.6147,0.760191,WiFi6_5GHz
UE_000869,0.011,10.48,6.8742,-84.52,0.0127209495,13.69,1.5,4.2674,-13.4036,3.7e-05,0,0,52.4114,1.829982,WiFi6_5GHz
UE_000870,0.0054,65.17,57.0798,-29.83,9.1e-09,18.26,1.5,0.2229,-5.0178,1.8e-05,0,0,79.9013,11.754715,WiFi6_5GHz
UE_000871,0.0129,58.34,52.1997,-36.66,3.8e-09,20.73,1.5,0.2194,8.265,4.3e-05,0,0,75.0178,11.712121,WiFi6_5GHz
UE_000872,0.0024,27.21,24.5908,-67.79,5.0174e-06,22.11,1.5,0.1034,6.176,8e-06,0,0,73.6466,6.687945,WiFi6_5GHz
UE_000873,0.0076,-3.76,-8.5446,-98.76,0.133799653,22.43,1.5,31.9436,-14.1275,2.5e-05,0,0,25.8727,0.395069,WiFi6_5GHz
UE_000874,0.0059,17.71,15.1128,-77.29,0.0007071813,12.83,1.5,1.8943,-1.5807,2e-05,0,0,58.0103,3.255817,WiFi6_5GHz
UE_000875,0.0092,47.33,43.854,-47.67,1.3e-09,18.33,1.5,0.2038,0.9818,3.1e-05,0,0,75.9183,11.441577,WiFi6_5GHz
UE_000876,0.0029,12.24,1.9703,-82.76,0.0247343081,14.52,1.5,4.2992,-23.0717,1e-05,0,0,58.5877,1.771512,WiFi6_5GHz
UE_000877,0.0042,-3.84,-9.6599,-98.84,0.0922066603,16.27,1.5,25.4423,24.2675,1.4e-05,0,0,30.4167,0.629177,WiFi6_5GHz
UE_000878,0.0106,21.58,16.0336,-73.42,0.0004142801,21.58,1.5,1.182,-23.3336,3.5e-05,0,0,65.7051,5.60184,WiFi6_5GHz
UE_000879,0.0069,2.79,-2.1549,-92.21,0.1157380882,13.74,1.5,35.9223,26.1063,2.3e-05,0,0,25.9227,0.39565,WiFi6_5GHz
UE_000880,0.0107,49.38,43.887,-45.62,2.5e-09,26.89,1.5,0.3618,28.5496,3.6e-05,0,0,83.1056,11.584692,WiFi6_5GHz
UE_000881,0.0012,4.13,-0.1517,-90.87,0.1110479124,16.71,1.8207,37.8106,31.0615,4e-06,0,0,24.4982,0.475583,WiFi6_5GHz
UE_000882,0.0051,13.11,10.1164,-81.89,0.0457444181,31.86,1.5,4.1636,22.974,1.7e-05,0,0,52.3719,2.860342,WiFi6_5GHz
UE_000883,0.0091,68.63,61.7919,-26.37,7.2e-09,27.64,1.6286,0.3287,-20.9919,3e-05,0,0,86.6102,11.512946,WiFi6_5GHz
UE_000884,0.0139,24.9,18.4918,-70.1,0.0007215853,9.26,1.5,1.9587,-14.758,4.6e-05,0,0,61.999,5.465577,WiFi6_5GHz
UE_000885,0.0135,4.18,-1.8412,-90.82,0.0933868555,18.47,1.5,11.2458,14.0451,4.5e-05,0,0,42.8925,0.285876,WiFi6_5GHz
UE_000886,0.0024,10.72,5.3624,-84.28,0.0050603147,14.19,1.5,6.4434,10.9798,8e-06,0,0,52.2927,1.779252,WiFi6_5GHz
UE_000887,0.0047,29.12,21.9677,-65.88,2.7906e-06,25.45,1.5,0.264,-15.3818,1.6e-05,0,0,70.4343,7.688246,WiFi6_5GHz
UE_000888,0.0029,11.45,5.7986,-83.55,0.0352020633,10.83,1.5,7.9263,23.308,1e-05,0,0,47.0836,2.509151,WiFi6_5GHz
UE_000889,0.0027,28.02,22.6649,-66.98,4.2183e-06,11.95,1.5,0.0535,24.1803,9e-06,0,0,67.3685,7.74236,WiFi6_5GHz
UE_000890,0.0115,26.37,20.1097,-68.63,7.649e-07,5.68,1.5,0.0319,-4.545,3.8e-05,0,0,66.651,6.819416,WiFi6_5GHz
UE_000891,0.0026,28.43,24.4523,-66.57,1.0975e-06,15.81,1.5,0.3613,-24.3787,9e-06,0,0,71.2731,7.780455,WiFi6_5GHz
UE_000892,0.0038,40.12,35.5978,-54.88,1e-09,20.22,1.5,0.3793,-8.4751,1.3e-05,0,0,81.9583,11.533686,WiFi6_5GHz
UE_000893,0.0131,31.17,23.9249,-63.83,1.4108e-06,22.41,1.5,0.0283,-31.67,4.4e-05,0,0,73.6762,7.453462,WiFi6_5GHz
UE_000894,0.0099,10.92,5.5399,-84.08,0.0174404179,25.33,1.5,2.0248,29.2723,3.3e-05,0,0,56.3414,1.760935,WiFi6_5GHz
UE_000895,0.0077,10.14,5.2123,-84.86,0.0425388044,21.29,1.5,5.9656,-19.3084,2.6e-05,0,0,52.1111,1.997151,WiFi6_5GHz
UE_000896,0.0033,30.55,26.1173,-64.45,6.1587e-06,13.28,1.5,0.0054,-31.67,1.1e-05,0,0,72.1448,7.840426,WiFi6_5GHz
UE_000897,0.0113,5.73,-2.0502,-89.27,0.0037022572,8.47,1.5,11.8748,-4.13,3.8e-05,0,0,43.9009,0.95008,WiFi6_5GHz
UE_000898,0.0098,4.41,-4.2912,-90.59,0.0734248464,13.9,1.5197,23.6385,19.346,3.3e-05,0,0,35.7012,0.686243,WiFi6_5GHz
UE_000899,0.0113,22.68,16.3913,-72.32,0.0004017649,17.88,1.637,0.6112,21.308,3.8e-05,0,0,64.2634,5.4512,WiFi6_5GHz
UE_000900,0.0015,14.07,11.6626,-80.93,0.0185875106,15.54,1.5,5.999,10.6471,5e-06,0,0,52.4637,2.45745,WiFi6_5GHz
UE_000901,0.0079,-2.92,-8.9558,-97.92,0.1329473387,9.06,1.5,28.8475,30.3556,2.6e-05,0,0,24.7192,0.237753,WiFi6_5GHz
UE_000902,0.0065,31.39,28.7733,-63.61,9.8384e-06,13.07,1.5,0.3652,30.4834,2.2e-05,0,0,74.7638,7.85492,WiFi6_5GHz
UE_000903,0.0011,40.22,35.5906,-54.78,6.8e-09,23.97,1.5,0.2826,-23.4501,4e-06,0,0,82.2188,11.698213,WiFi6_5GHz
UE_000904,0.0054,35.09,31.1183,-59.91,6.1e-09,20.05,1.5,0.2815,-31.5483,1.8e-05,0,0,77.0623,11.566291,WiFi6_5GHz
UE_000905,0.0044,57.15,53.7203,-37.85,0.0,11.84,1.5,0.1071,-17.0756,1.5e-05,0,0,78.3226,12.09374,WiFi6_5GHz
UE_000906,0.0081,14.56,8.645,-80.44,0.0371144349,12.9,1.5,4.9633,-18.2706,2.7e-05,0,0,51.1748,2.490721,WiFi6_5GHz
UE_000907,0.0073,5.87,1.0742,-89.13,0.0305859184,6.1,1.5,31.9998,3.3561,2.4e-05,0,0,27.1943,0.65491,WiFi6_5GHz
UE_000908,0.0093,25.91,20.7416,-69.09,2.9562e-06,9.94,1.5,0.1859,15.2049,3.1e-05,0,0,65.143,6.849812,WiFi6_5GHz
UE_000909,0.0134,44.01,36.3977,-50.99,6.4e-09,20.1,1.5,0.3322,15.4919,4.5e-05,0,0,83.3297,11.960185,WiFi6_5GHz
UE_000910,0.0129,22.6,14.2871,-72.4,0.0006857142,18.49,1.5,1.7287,9.7162,4.3e-05,0,0,67.1008,5.052085,WiFi6_5GHz
UE_000911,0.0136,6.95,0.8338,-88.05,0.0488464681,10.7,1.5,24.442,-23.8786,4.5e-05,0,0,36.9005,1.295821,WiFi6_5GHz
UE_000912,0.013,-3.3,-7.9626,-98.3,0.0725744743,16.55,1.5,20.3519,18.325,4.3e-05,0,0,32.457,0.323208,WiFi6_5GHz
UE_000913,0.0124,44.39,38.8472,-50.61,3.9e-09,13.81,1.6799,0.0531,-27.6471,4.1e-05,0,0,78.242,11.760747,WiFi6_5GHz
UE_000914,0.0044,30.68,23.5122,-64.32,1.7822e-06,18.7,1.5,0.1558,16.665,1.5e-05,0,0,74.2837,7.489338,WiFi6_5GHz
UE_000915,0.0111,26.05,20.159,-68.95,1.2974e-06,16.58,1.5,0.1829,-18.1289,3.7e-05,0,0,65.9368,6.736247,WiFi6_5GHz
UE_000916,0.0036,33.74,27.9302,-61.26,7.906e-07,15.9,1.5,0.4998,-0.9265,1.2e-05,0,0,73.4552,10.636368,WiFi6_5GHz
UE_000917,0.0115,-7.07,-12.5568,-102.07,0.1169185746,9.07,1.5,33.4579,1.6951,3.8e-05,0,0,24.3084,0.526861,WiFi6_5GHz
UE_000918,0.0117,9.21,5.0666,-85.79,0.0466047699,14.06,1.5,17.08,-28.5972,3.9e-05,0,0,43.8148,1.813064,WiFi6_5GHz
UE_000919,0.0126,-6.49,-12.5019,-101.49,0.1273557609,12.67,1.5,33.1399,-9.7184,4.2e-05,0,0,23.0506,0.730495,WiFi6_5GHz
UE_000920,0.0065,9.39,6.4908,-85.61,0.0195885938,15.37,1.5,37.1871,7.6622,2.2e-05,0,0,32.6452,1.807743,WiFi6_5GHz
UE_000921,0.0047,51.76,48.2353,-43.24,7e-09,4.79,1.5,0.3857,26.1937,1.6e-05,0,0,77.7628,11.55538,WiFi6_5GHz
UE_000922,0.0108,34.75,31.6436,-60.25,1.8376e-06,12.79,1.5,0.3166,-31.67,3.6e-05,0,0,75.6651,10.665031,WiFi6_5GHz
UE_000923,0.0027,30.54,24.7924,-64.46,6.2163e-06,17.55,1.5,0.0284,24.4805,9e-06,0,0,70.7494,7.798999,WiFi6_5GHz
UE_000924,0.0013,20.29,15.4017,-74.71,0.0005840586,20.79,1.5,1.7836,-21.4442,4e-06,0,0,59.8457,4.393459,WiFi6_5GHz
UE_000925,0.0031,39.07,31.8687,-55.93,5.7e-09,17.79,1.5,0.0353,3.6223,1e-05,0,0,78.3653,11.482547,WiFi6_5GHz
UE_000926,0.0043,60.87,55.0408,-34.13,3.8e-09,18.6,1.5,0.4295,24.8995,1.4e-05,0,0,80.4329,11.686512,WiFi6_5GHz
UE_000927,0.0053,55.88,54.0614,-39.12,1.7e-09,24.71,1.5,0.2896,-17.7576,1.8e-05,0,0,82.5191,11.688106,WiFi6_5GHz
UE_000928,0.0041,33.39,29.7905,-61.61,3.6499e-06,18.25,1.5,0.3979,-5.5264,1.4e-05,0,0,71.6565,10.711421,WiFi6_5GHz
UE_000929,0.0125,45.86,40.3564,-49.14,1.8e-09,26.64,1.639,0.1501,12.6924,4.2e-05,0,0,81.116,11.401851,WiFi6_5GHz
UE_000930,0.0107,23.48,16.072,-71.52,0.0007495374,14.03,1.5,1.8902,17.8699,3.6e-05,0,0,68.0782,5.15595,WiFi6_5GHz
UE_000931,0.0058,42.41,37.2075,-52.59,2.8e-09,5.94,1.5,0.1523,26.5411,1.9e-05,0,0,77.3983,11.629238,WiFi6_5GHz
UE_000932,0.0078,16.33,12.3131,-78.67,0.0004719795,15.83,1.5,1.5577,11.1958,2.6e-05,0,0,54.7739,3.443436,WiFi6_5GHz
UE_000933,0.0106,71.01,66.6938,-23.99,9.6e-09,16.49,1.5,0.2945,31.67,3.5e-05,0,0,82.9233,12.129066,WiFi6_5GHz
UE_000934,0.0086,17.61,13.0326,-77.39,0.0009340056,13.35,1.5,1.3737,-28.1962,2.9e-05,0,0,55.4232,3.615416,WiFi6_5GHz
UE_000935,0.0133,14.56,10.3603,-80.44,0.0244292958,12.97,1.5,4.9702,24.9017,4.4e-05,0,0,56.6096,2.345301,WiFi6_5GHz
UE_000936,0.0058,38.53,33.7165,-56.47,8.3e-09,22.12,1.5,0.0908,-30.2934,1.9e-05,0,0,82.9539,11.75332,WiFi6_5GHz
UE_000937,0.0077,45.73,37.5359,-49.27,3.6e-09,12.03,1.5,0.2038,-14.7019,2.6e-05,0,0,80.2797,11.667051,WiFi6_5GHz
UE_000938,0.0084,11.7,4.8135,-83.3,0.0375227586,10.38,1.5,3.1429,29.0951,2.8e-05,0,0,51.8395,2.085657,WiFi6_5GHz
UE_000939,0.0099,15.51,11.5877,-79.49,0.0009942659,28.23,1.5231,1.2707,2.9942,3.3e-05,0,0,60.4113,3.434456,WiFi6_5GHz
UE_000940,0.0031,16.61,10.2402,-78.39,0.0004540787,22.59,1.5,1.1727,3.5907,1e-05,0,0,61.6221,3.54796,WiFi6_5GHz
UE_000941,0.0118,1.36,-3.8584,-93.64,0.1473096283,11.93,1.5,36.3296,12.7052,3.9e-05,0,0,22.8698,0.344722,WiFi6_5GHz
UE_000942,0.01,32.17,26.0221,-62.83,7.5033e-06,13.31,1.8074,0.1189,24.1271,3.3e-05,0,0,75.1237,10.685644,WiFi6_5GHz
UE_000943,0.0126,33.28,27.6053,-61.72,2.075e-06,21.73,1.5,0.2299,-7.8997,4.2e-05,0,0,74.2946,10.327373,WiFi6_5GHz
UE_000944,0.0025,41.01,37.0423,-53.99,4.8e-09,27.95,1.5,0.4525,-3.2866,8e-06,0,0,81.2131,11.551033,WiFi6_5GHz
UE_000945,0.0071,19.59,12.3602,-75.41,0.0002997282,14.75,1.5,1.5959,-18.6287,2.4e-05,0,0,61.4714,4.74332,WiFi6_5GHz
UE_000946,0.0022,15.41,9.7876,-79.59,0.0001280412,12.8,1.5,1.0787,-12.6151,7e-06,0,0,61.363,3.380974,WiFi6_5GHz
UE_000947,0.0135,49.61,45.8525,-45.39,4.4e-09,14.03,1.5,0.3005,5.0609,4.5e-05,0,0,79.7129,11.576189,WiFi6_5GHz
UE_000948,0.0123,13.54,9.8284,-81.46,0.0387663023,10.62,1.6112,7.7185,24.2223,4.1e-05,0,0,54.445,2.162521,WiFi6_5GHz
UE_000949,0.0112,3.86,0.7522,-91.14,0.1367760839,8.05,1.5,10.7863,14.6239,3.7e-05,0,0,39.0803,0.803239,WiFi6_5GHz
UE_000950,0.0064,7.26,2.5612,-87.74,0.0309538505,12.81,1.5,24.9923,8.6606,2.1e-05,0,0,32.1209,1.002039,WiFi6_5GHz
UE_000951,0.0125,29.42,23.9658,-65.58,6.42e-08,17.18,1.5,0.2903,0.9107,4.2e-05,0,0,73.1244,8.021128,WiFi6_5GHz
UE_000952,0.0019,45.98,38.7898,-49.02,7e-10,24.76,1.5,0.246,-5.2549,6e-06,0,0,82.2681,11.603765,WiFi6_5GHz
UE_000953,0.0131,23.51,15.5529,-71.49,0.000286178,17.86,1.5,0.6621,-2.3324,4.4e-05,0,0,67.9327,5.274462,WiFi6_5GHz
UE_000954,0.0102,12.49,4.5439,-82.51,0.0314422189,20.41,1.6884,2.5162,16.0491,3.4e-05,0,0,54.2532,1.9739,WiFi6_5GHz
UE_000955,0.0116,48.71,40.5067,-46.29,9.4e-09,24.01,1.5,0.4772,14.5877,3.9e-05,0,0,84.2155,11.714237,WiFi6_5GHz
UE_000956,0.0101,19.88,14.2619,-75.12,0.000843789,16.08,1.5288,0.8782,0.5419,3.4e-05,0,0,65.1153,4.361636,WiFi6_5GHz
UE_000957,0.0114,48.96,43.1243,-46.04,8.7e-09,13.76,1.5234,0.0324,6.5859,3.8e-05,0,0,81.6018,11.861609,WiFi6_5GHz
UE_000958,0.0095,31.64,27.482,-63.36,8.7543e-06,15.78,1.5,0.2998,17.561,3.2e-05,0,0,72.3933,7.888153,WiFi6_5GHz
UE_000959,0.0139,20.07,13.6548,-74.93,0.0003949789,17.34,1.7031,1.0435,21.9585,4.6e-05,0,0,63.6268,4.816649,WiFi6_5GHz
UE_000960,0.0085,62.25,59.1434,-32.75,7.9e-09,15.15,1.5,0.194,-28.3105,2.8e-05,0,0,81.7374,11.548685,WiFi6_5GHz
UE_000961,0.0064,21.38,16.7898,-73.62,0.0006435386,13.48,1.5,1.5741,8.313,2.1e-05,0,0,59.5877,5.297155,WiFi6_5GHz
UE_000962,0.0015,42.21,38.0953,-52.79,8.2e-09,22.79,1.5,0.355,-29.3364,5e-06,0,0,78.2894,11.863115,WiFi6_5GHz
UE_000963,0.003,40.6,35.079,-54.4,7.1e-09,18.29,1.5,0.2397,14.3955,1e-05,0,0,78.6693,11.940111,WiFi6_5GHz
UE_000964,0.0079,12.34,9.2837,-82.66,0.0050920425,13.76,1.5,7.2611,-16.9189,2.6e-05,0,0,51.5628,2.483068,WiFi6_5GHz
UE_000965,0.0123,48.82,46.3399,-46.18,2.7e-09,24.69,1.5,0.4394,7.3911,4.1e-05,0,0,80.4637,11.75346,WiFi6_5GHz
UE_000966,0.0128,25.92,21.5012,-69.08,9.7007e-06,15.36,1.5,0.48,31.0403,4.3e-05,0,0,66.3292,7.158346,WiFi6_5GHz
UE_000967,0.0022,29.88,24.5774,-65.12,3.2499e-06,10.68,1.5,0.4729,-13.1281,7e-06,0,0,70.0545,7.810433,WiFi6_5GHz
UE_000968,0.0091,10.88,5.4063,-84.12,0.0242914418,18.09,1.5,3.9692,18.0045,3e-05,0,0,56.5506,1.583156,WiFi6_5GHz
UE_000969,0.0031,-1.72,-7.0644,-96.72,0.1476316957,22.89,1.5,9.8889,-21.6606,1e-05,0,0,40.7951,0.573233,WiFi6_5GHz
UE_000970,0.0056,65.65,59.2051,-29.35,4.3e-09,31.23,1.5,0.1305,-29.9517,1.9e-05,0,0,82.6634,12.139845,WiFi6_5GHz
UE_000971,0.0137,20.2,14.8247,-74.8,0.0009560646,8.16,1.5,1.6091,-3.9362,4.6e-05,0,0,60.3571,4.751656,WiFi6_5GHz
UE_000972,0.0049,44.16,37.7216,-50.84,8.5e-09,27.63,1.5,0.4767,11.9731,1.6e-05,0,0,82.4251,11.381541,WiFi6_5GHz
UE_000973,0.0073,29.18,22.9298,-65.82,8.93e-08,11.24,1.5,0.4245,-9.9938,2.4e-05,0,0,74.0854,7.903196,WiFi6_5GHz
UE_000974,0.0033,47.68,45.0194,-47.32,5.5e-09,22.05,1.5,0.4944,-9.3144,1.1e-05,0,0,78.6942,11.841934,WiFi6_5GHz
UE_000975,0.0123,49.19,43.2635,-45.81,1.8e-09,11.51,1.5,0.1235,1.8298,4.1e-05,0,0,81.3903,11.84724,WiFi6_5GHz
UE_000976,0.0097,42.24,34.4752,-52.76,8.6e-09,19.77,1.6344,0.3725,-21.6305,3.2e-05,0,0,80.2213,11.199687,WiFi6_5GHz
UE_000977,0.0052,50.95,47.4555,-44.05,1.1e-09,10.94,1.5,0.1195,-20.0152,1.7e-05,0,0,81.6972,11.348525,WiFi6_5GHz
UE_000978,0.012,35.59,32.0454,-59.41,6.3e-09,20.95,1.5,0.3803,11.5723,4e-05,0,0,76.5922,11.677893,WiFi6_5GHz
UE_000979,0.0119,15.14,10.3789,-79.86,0.0004039424,7.72,1.5,0.8064,9.394,4e-05,0,0,56.1764,3.34766,WiFi6_5GHz
UE_000980,0.0069,63.94,60.472,-31.06,1e-09,23.82,1.664,0.0212,31.5383,2.3e-05,0,0,79.1273,11.915661,WiFi6_5GHz
UE_000981,0.0138,3.04,-2.8711,-91.96,0.0977032426,10.53,1.5,32.8355,6.6174,4.6e-05,0,0,26.3288,0.557031,WiFi6_5GHz
UE_000982,0.0041,16.25,9.7645,-78.75,0.0002102858,15.86,1.5,1.7188,22.5346,1.4e-05,0,0,62.0661,3.345167,WiFi6_5GHz
UE_000983,0.0122,-8.95,-14.8992,-103.95,0.1271160044,9.49,1.5,29.9817,-9.8216,4.1e-05,0,0,29.1969,0.480821,WiFi6_5GHz
UE_000984,0.003,8.25,1.9115,-86.75,0.005738455,12.46,1.5,21.0558,19.6224,1e-05,0,0,36.1679,1.965614,WiFi6_5GHz
UE_000985,0.0067,24.51,18.9306,-70.49,0.0003124766,13.29,1.5,1.6672,-23.1829,2.2e-05,0,0,64.8224,4.827074,WiFi6_5GHz
UE_000986,0.0138,50.66,42.6455,-44.34,2.4e-09,27.22,1.7428,0.2708,30.4452,4.6e-05,0,0,81.5296,11.920087,WiFi6_5GHz
UE_000987,0.0123,17.38,10.2599,-77.62,0.0009384756,13.12,1.5,1.6225,-24.5746,4.1e-05,0,0,59.8531,3.708106,WiFi6_5GHz
UE_000988,0.0082,13.4,7.2177,-81.6,0.0487862845,15.28,1.5,2.5892,4.9099,2.7e-05,0,0,53.87,2.503129,WiFi6_5GHz
UE_000989,0.0112,18.42,13.038,-76.58,0.0001571313,11.02,1.5,0.8241,-31.5906,3.7e-05,0,0,60.2933,3.088234,WiFi6_5GHz
UE_000990,0.0084,21.32,12.8653,-73.68,0.0008500587,24.78,1.6363,0.8746,-29.9628,2.8e-05,0,0,67.1787,5.126896,WiFi6_5GHz
UE_000991,0.0119,9.04,4.4171,-85.96,0.0238707142,22.15,1.5,22.6111,-22.9822,4e-05,0,0,39.711,2.03743,WiFi6_5GHz
UE_000992,0.0119,-7.82,-11.9887,-102.82,0.0637075939,15.14,1.5,20.4719,14.4385,4e-05,0,0,32.3354,0.433208,WiFi6_5GHz
UE_000993,0.0017,7.57,0.3487,-87.43,0.0421974995,19.31,1.5,17.8806,-31.67,6e-06,0,0,43.4105,1.162877,WiFi6_5GHz
UE_000994,0.011,-2.47,-7.0562,-97.47,0.055231653,16.84,1.5,24.4731,14.9694,3.7e-05,0,0,27.0902,0.139573,WiFi6_5GHz
UE_000995,0.0012,43.96,38.3677,-51.04,5.3e-09,8.32,1.5,0.4387,-27.3628,4e-06,0,0,78.0103,11.50789,WiFi6_5GHz
UE_000996,0.0068,29.74,23.1727,-65.26,4.3897e-06,20.83,2.1767,0.3925,-22.2749,2.3e-05,0,0,77.4367,7.609002,WiFi6_5GHz
UE_000997,0.0116,53.04,45.37,-41.96,3.7e-09,18.78,1.5,0.125,-3.8892,3.9e-05,0,0,81.2668,11.966424,WiFi6_5GHz
UE_000998,0.0059,13.91,5.3491,-81.09,0.0341128187,9.95,1.5,5.5479,-7.7654,2e-05,0,0,52.0607,2.489756,WiFi6_5GHz
UE_000999,0.0107,39.28,30.4396,-55.72,2.9e-09,20.57,1.5,0.2721,12.8566,3.6e-05,0,0,80.5363,11.504791,WiFi6_5GHz
UE_001000,0.0026,8.36,2.0246,-86.64,0.0485846177,31.65,1.5,25.616,-2.89,9e-06,0,0,34.4083,1.970486,WiFi6_5GHz
UE_001001,0.0086,59.74,54.474,-35.26,7e-09,7.1,1.6004,0.0261,-29.1126,2.9e-05,0,0,80.2157,11.601221,WiFi6_5GHz
UE_001002,0.0021,34.24,27.1227,-60.76,5.9257e-06,16.46,1.5,0.0004,2.7833,7e-06,0,0,74.0032,10.28237,WiFi6_5GHz
UE_001003,0.0054,60.41,51.2537,-34.59,2.4e-09,18.88,1.5,0.4312,-19.0295,1.8e-05,0,0,80.5116,11.731665,WiFi6_5GHz
UE_001004,0.0054,29.13,26.0471,-65.87,5.2668e-06,7.01,1.5,0.3024,14.6609,1.8e-05,0,0,72.9948,7.662884,WiFi6_5GHz
UE_001005,0.0066,12.39,5.5022,-82.61,0.0248064835,13.49,1.5,6.8606,31.2721,2.2e-05,0,0,52.9971,1.976887,WiFi6_5GHz
UE_001006,0.0058,33.2,29.3753,-61.8,7.9933e-06,16.68,1.5,0.4756,16.9002,1.9e-05,0,0,72.5945,10.887029,WiFi6_5GHz
UE_001007,0.0053,21.77,13.292,-73.23,0.0001109507,19.81,1.5,1.3906,-31.67,1.8e-05,0,0,63.0195,4.619374,WiFi6_5GHz
UE_001008,0.0052,31.5,26.0112,-63.5,7.615e-06,3.91,1.5,0.2738,31.6294,1.7e-05,0,0,72.2231,7.546032,WiFi6_5GHz
UE_001009,0.0138,24.16,19.1064,-70.84,0.0009139844,11.02,1.5,0.9751,26.7728,4.6e-05,0,0,68.7978,5.223786,WiFi6_5GHz
UE_001010,0.0116,21.16,17.8015,-73.84,2.71879e-05,10.21,1.5,0.5232,11.1963,3.9e-05,0,0,63.8364,5.547326,WiFi6_5GHz
UE_001011,0.013,29.35,26.9435,-65.65,4.6635e-06,10.57,1.5,0.3705,-27.9936,4.3e-05,0,0,72.8018,7.783559,WiFi6_5GHz
UE_001012,0.0118,35.94,31.0626,-59.06,8.8e-09,16.18,1.5,0.2887,17.5684,3.9e-05,0,0,69.9727,11.737146,WiFi6_5GHz
UE_001013,0.0035,22.56,18.0486,-72.44,0.0007206654,19.51,1.5,1.9555,-16.4641,1.2e-05,0,0,65.2164,5.270864,WiFi6_5GHz
UE_001014,0.0137,30.42,23.7139,-64.58,4.9304e-06,7.17,1.5,0.208,-13.6404,4.6e-05,0,0,70.4871,7.639004,WiFi6_5GHz
UE_001015,0.0015,1.92,-6.5486,-93.08,0.0654061145,21.08,1.5,18.9162,21.925,5e-06,0,0,34.7439,0.434689,WiFi6_5GHz
UE_001016,0.0098,15.04,7.9899,-79.96,0.0009083703,12.17,1.5,1.4412,-3.8323,3.3e-05,0,0,56.0473,3.392171,WiFi6_5GHz
UE_001017,0.0035,13.63,7.1446,-81.37,0.0412243506,19.01,1.5,4.0083,12.6129,1.2e-05,0,0,47.817,2.258161,WiFi6_5GHz
UE_001018,0.0111,19.94,14.0358,-75.06,0.0001598166,5.3,1.5,1.5693,-30.7286,3.7e-05,0,0,58.2614,4.600703,WiFi6_5GHz
UE_001019,0.0019,8.56,3.4916,-86.44,0.0438294599,14.63,1.5,37.5977,30.6264,6e-06,0,0,32.223,1.360376,WiFi6_5GHz
UE_001020,0.0038,-1.09,-9.1361,-96.09,0.1099566305,14.18,1.5,23.8704,26.9757,1.3e-05,0,0,30.5167,0.1,WiFi6_5GHz
UE_001021,0.0023,4.2,-1.4464,-90.8,0.0507183103,14.84,1.5,30.7826,17.1424,8e-06,0,0,32.0222,1.284666,WiFi6_5GHz
UE_001022,0.0044,57.54,51.7706,-37.46,3.1e-09,26.35,1.5,0.3301,-0.2275,1.5e-05,0,0,83.7004,11.337791,WiFi6_5GHz
UE_001023,0.0125,8.17,0.6364,-86.83,0.0459760819,20.97,1.5,38.2789,-12.3509,4.2e-05,0,0,28.1104,1.680853,WiFi6_5GHz
UE_001024,0.0102,4.23,-4.2314,-90.77,0.128689002,7.33,1.5,11.6337,12.5831,3.4e-05,0,0,39.4229,0.663676,WiFi6_5GHz
UE_001025,0.0038,5.58,-1.1529,-89.42,0.0387943151,15.17,1.5,30.6996,-8.5523,1.3e-05,0,0,30.6118,0.96546,WiFi6_5GHz
UE_001026,0.0051,8.42,2.7218,-86.58,0.0337671183,15.67,1.5,16.101,20.7644,1.7e-05,0,0,44.2098,1.962067,WiFi6_5GHz
UE_001027,0.0058,0.69,-8.1644,-94.31,0.1413648492,6.36,1.572,20.2783,12.2356,1.9e-05,0,0,35.0693,0.397637,WiFi6_5GHz
UE_001028,0.0016,7.82,-1.6648,-87.18,0.029453229,15.27,1.5,38.5991,-21.2236,5e-06,0,0,28.6712,1.151691,WiFi6_5GHz
UE_001029,0.0041,15.99,12.6401,-79.01,0.0006674046,29.15,1.5,1.0086,18.7301,1.4e-05,0,0,60.395,3.521999,WiFi6_5GHz
UE_001030,0.0127,3.72,-3.4822,-91.28,0.0607808749,25.39,1.5,21.9044,23.466,4.2e-05,0,0,33.4977,0.636318,WiFi6_5GHz
UE_001031,0.0017,21.56,13.4118,-73.44,0.0008537774,13.27,1.6233,1.4915,31.67,6e-06,0,0,61.7589,5.068412,WiFi6_5GHz
UE_001032,0.0067,26.32,20.3856,-68.68,5.1732e-06,14.22,1.5,0.3589,-25.7062,2.2e-05,0,0,66.2826,7.214668,WiFi6_5GHz
UE_001033,0.0099,17.66,13.5174,-77.34,0.0007304621,16.94,1.5,1.7193,-26.8471,3.3e-05,0,0,62.3529,3.726019,WiFi6_5GHz
UE_001034,0.0134,15.51,8.0173,-79.49,0.0006084587,15.76,1.5,1.1877,-7.7129,4.5e-05,0,0,58.2509,3.348459,WiFi6_5GHz
UE_001035,0.0078,27.76,22.0395,-67.24,3.2998e-06,21.92,1.5,0.4509,-5.986,2.6e-05,0,0,69.4671,6.796605,WiFi6_5GHz
UE_001036,0.0138,2.14,-1.8417,-92.86,0.0769719041,15.2,1.5,14.0632,23.6714,4.6e-05,0,0,37.6321,0.409034,WiFi6_5GHz
UE_001037,0.0062,24.37,21.0652,-70.63,6.85371e-05,15.88,1.5,0.6591,28.2324,2.1e-05,0,0,61.6455,5.159515,WiFi6_5GHz
UE_001038,0.0076,35.95,27.8441,-59.05,4.2e-09,13.23,1.5,0.1064,9.1259,2.5e-05,0,0,76.3569,11.417359,WiFi6_5GHz
UE_001039,0.0089,29.9,25.3719,-65.1,1.401e-07,13.77,1.5,0.4161,-14.5121,3e-05,0,0,68.4408,7.940702,WiFi6_5GHz
UE_001040,0.0069,36.16,29.9296,-58.84,3.4e-09,8.04,1.5,0.0127,19.033,2.3e-05,0,0,77.9265,11.619239,WiFi6_5GHz
UE_001041,0.0104,12.64,6.0586,-82.36,0.0066377554,22.08,1.5,4.3177,30.2646,3.5e-05,0,0,56.2098,2.304544,WiFi6_5GHz
UE_001042,0.0027,7.35,-0.7066,-87.65,0.0322730725,23.13,1.5,12.9767,-28.023,9e-06,0,0,44.4587,1.375833,WiFi6_5GHz
UE_001043,0.0133,24.93,17.0624,-70.07,0.000162975,26.36,1.5322,0.9376,19.4969,4.4e-05,0,0,65.3711,5.175846,WiFi6_5GHz
UE_001044,0.0091,9.83,4.7012,-85.17,0.0173234625,21.56,1.5,22.3246,20.2758,3e-05,0,0,39.8825,1.893702,WiFi6_5GHz
UE_001045,0.0013,0.68,-4.7817,-94.32,0.0655060763,17.4,1.5,33.9253,-31.5953,4e-06,0,0,23.491,0.205553,WiFi6_5GHz
UE_001046,0.0052,11.11,6.4907,-83.89,0.0045348125,17.69,1.7226,4.8689,-11.5284,1.7e-05,0,0,52.9016,2.234906,WiFi6_5GHz
UE_001047,0.0076,34.12,25.4018,-60.88,1.1564e-06,35.46,1.5,0.435,-17.1667,2.5e-05,0,0,77.3747,10.690469,WiFi6_5GHz
UE_001048,0.009,55.29,48.3237,-39.71,1.3e-09,31.42,1.5,0.034,-24.2843,3e-05,0,0,82.0895,11.925237,WiFi6_5GHz
UE_001049,0.0071,31.84,29.3449,-63.16,7.6511e-06,14.44,1.5,0.4226,-6.5045,2.4e-05,0,0,73.419,7.734801,WiFi6_5GHz
UE_001050,0.0027,60.85,58.3573,-34.15,8e-09,15.12,1.5,0.0347,21.1281,9e-06,0,0,80.206,11.83105,WiFi6_5GHz
UE_001051,0.0054,46.79,40.7932,-48.21,2e-10,26.12,1.5,0.3012,-26.8357,1.8e-05,0,0,81.3281,11.648789,WiFi6_5GHz
UE_001052,0.0082,43.17,34.4231,-51.83,5e-10,23.29,1.5,0.4239,1.2937,2.7e-05,0,0,81.1411,11.625461,WiFi6_5GHz
UE_001053,0.0101,45.69,37.9021,-49.31,2.5e-09,16.68,1.9895,0.3639,-23.8937,3.4e-05,0,0,79.8287,11.617399,WiFi6_5GHz
UE_001054,0.0103,39.99,33.5855,-55.01,1.4e-09,9.74,1.5,0.417,-14.7413,3.4e-05,0,0,79.7405,11.89905,WiFi6_5GHz
UE_001055,0.0033,6.15,3.527,-88.85,0.0265502452,14.4,1.5,20.3445,19.2468,1.1e-05,0,0,37.6115,1.028563,WiFi6_5GHz
UE_001056,0.0093,53.23,46.4497,-41.77,5.6e-09,30.89,1.5,0.1507,-3.9502,3.1e-05,0,0,83.6337,11.898976,WiFi6_5GHz
UE_001057,0.0053,6.43,1.4883,-88.57,0.0139574763,18.96,1.5,28.2731,-23.5124,1.8e-05,0,0,34.8685,0.984909,WiFi6_5GHz
UE_001058,0.001,17.96,10.7302,-77.04,0.0008938996,13.87,1.5,1.3537,21.4777,3e-06,0,0,56.9391,3.679193,WiFi6_5GHz
UE_001059,0.0074,40.83,37.2854,-54.17,1e-10,23.62,1.7085,0.1383,18.3335,2.5e-05,0,0,79.4991,11.277356,WiFi6_5GHz
UE_001060,0.0015,48.17,41.977,-46.83,6.3e-09,11.75,1.5551,0.1716,-12.8647,5e-06,0,0,79.9718,11.814471,WiFi6_5GHz
UE_001061,0.0102,11.03,4.1199,-83.97,0.0195912952,16.79,1.5,6.0937,-14.8205,3.4e-05,0,0,51.51,2.268361,WiFi6_5GHz
UE_001062,0.0069,59.93,52.5915,-35.07,5.9e-09,20.79,1.5,0.2736,25.7218,2.3e-05,0,0,81.742,11.842616,WiFi6_5GHz
UE_001063,0.001,15.74,7.7348,-79.26,5.82521e-05,11.34,1.5,1.4283,21.9884,3e-06,0,0,58.2408,3.375422,WiFi6_5GHz
UE_001064,0.0104,34.14,29.012,-60.86,9.3743e-06,15.27,1.5,0.3903,-30.4822,3.5e-05,0,0,72.2913,10.655337,WiFi6_5GHz
UE_001065,0.0045,14.35,7.5333,-80.65,0.0233029516,12.38,1.5699,5.9127,-6.6481,1.5e-05,0,0,52.7604,2.20678,WiFi6_5GHz
UE_001066,0.003,16.11,9.0505,-78.89,0.0002831876,7.94,1.5,1.0252,20.5407,1e-05,0,0,56.8025,3.444812,WiFi6_5GHz
UE_001067,0.0075,6.11,-1.0618,-88.89,0.0147842009,10.46,1.5,20.7274,31.0094,2.5e-05,0,0,35.1366,1.343944,WiFi6_5GHz
UE_001068,0.0047,4.88,0.0524,-90.12,0.0870307615,17.44,1.6277,21.1369,-24.1588,1.6e-05,0,0,33.0248,0.628902,WiFi6_5GHz
UE_001069,0.0136,5.97,-1.5306,-89.03,0.0051766439,13.98,1.5338,11.3341,27.45,4.5e-05,0,0,42.9115,1.04547,WiFi6_5GHz
UE_001070,0.0032,4.0,-0.2108,-91.0,0.1267967491,16.3,1.5,20.4698,13.1421,1.1e-05,0,0,33.7893,0.94298,WiFi6_5GHz
UE_001071,0.0095,37.63,33.9889,-57.37,3.4e-09,7.2,1.6253,0.0188,18.8533,3.2e-05,0,0,78.6218,11.709607,WiFi6_5GHz
UE_001072,0.0077,49.29,43.6677,-45.71,6e-09,10.25,1.5,0.3566,20.4482,2.6e-05,0,0,79.843,11.828272,WiFi6_5GHz
UE_001073,0.0015,13.02,10.3922,-81.98,0.0388331436,19.26,1.5,6.1781,-23.4697,5e-06,0,0,53.3608,2.517498,WiFi6_5GHz
UE_001074,0.0054,13.6,8.8401,-81.4,0.0188449041,10.06,1.5,7.3782,26.5774,1.8e-05,0,0,48.6898,2.351598,WiFi6_5GHz
UE_001075,0.0086,38.84,31.857,-56.16,1.4e-09,23.01,1.612,0.0473,27.4831,2.9e-05,0,0,84.0672,11.715041,WiFi6_5GHz
UE_001076,0.0042,14.94,11.1824,-80.06,0.0274163647,26.47,1.5,4.0078,-21.8153,1.4e-05,0,0,58.5106,2.809476,WiFi6_5GHz
UE_001077,0.0078,46.02,42.1393,-48.98,8.2e-09,16.13,1.5,0.1508,-1.6663,2.6e-05,0,0,78.109,12.005947,WiFi6_5GHz
UE_001078,0.0109,58.27,49.0841,-36.73,8.3e-09,8.52,1.5,0.2335,-4.201,3.6e-05,0,0,82.0543,11.784021,WiFi6_5GHz
UE_001079,0.0054,22.82,14.9068,-72.18,0.000905313,24.24,1.5,1.9421,-9.1532,1.8e-05,0,0,67.1192,5.393716,WiFi6_5GHz
UE_001080,0.0117,2.9,-1.7795,-92.1,0.0918985249,24.73,1.5,23.8511,2.257,3.9e-05,0,0,34.9849,0.739978,WiFi6_5GHz
UE_001081,0.014,34.32,26.9856,-60.68,7.5967e-06,20.41,1.5,0.2804,31.67,4.7e-05,0,0,76.1612,10.516986,WiFi6_5GHz
UE_001082,0.0014,42.64,36.6744,-52.36,3.7e-09,28.52,1.5,0.3176,-31.67,5e-06,0,0,81.5445,11.588945,WiFi6_5GHz
UE_001083,0.0054,69.13,63.4486,-25.87,2.5e-09,13.06,1.5,0.174,-6.3495,1.8e-05,0,0,78.9709,11.608861,WiFi6_5GHz
UE_001084,0.003,48.63,40.7626,-46.37,2.5e-09,9.46,1.5,0.1571,-11.6584,1e-05,0,0,83.2736,11.806667,WiFi6_5GHz
UE_001085,0.0079,15.44,11.0533,-79.56,0.0008482951,10.66,1.5641,1.7452,26.3316,2.6e-05,0,0,55.1639,3.569442,WiFi6_5GHz
UE_001086,0.0044,8.57,4.3477,-86.43,0.018221017,14.81,1.5,32.064,18.7952,1.5e-05,0,0,33.1948,1.897199,WiFi6_5GHz
UE_001087,0.0118,6.22,3.7708,-88.78,0.0386168308,7.97,1.5,34.0969,8.1469,3.9e-05,0,0,28.7683,1.730772,WiFi6_5GHz
UE_001088,0.0068,17.91,11.9315,-77.09,0.0006689174,3.64,1.5,1.6315,26.4945,2.3e-05,0,0,58.4742,4.03521,WiFi6_5GHz
UE_001089,0.0048,5.83,-1.8872,-89.17,0.0162956044,14.66,1.5,13.5585,30.7668,1.6e-05,0,0,39.9045,1.171216,WiFi6_5GHz
UE_001090,0.0023,-3.26,-8.5106,-98.26,0.0837183215,27.61,1.5,31.3834,-22.3473,8e-06,0,0,26.6675,0.329532,WiFi6_5GHz
UE_001091,0.0017,13.08,8.5217,-81.92,0.0100751602,19.63,1.5,2.7552,31.2961,6e-06,0,0,53.5379,2.291412,WiFi6_5GHz
UE_001092,0.0064,7.09,5.4422,-87.91,0.049523713,8.05,1.5,13.3816,26.218,2.1e-05,0,0,40.5931,1.244779,WiFi6_5GHz
UE_001093,0.0021,11.98,9.2508,-83.02,0.0302111713,11.58,1.5,5.1041,-11.3384,7e-06,0,0,51.817,2.16503,WiFi6_5GHz
UE_001094,0.0056,22.01,17.1522,-72.99,0.0003763432,15.99,1.7597,1.5727,1.8189,1.9e-05,0,0,61.8371,5.234998,WiFi6_5GHz
UE_001095,0.0024,22.4,16.059,-72.6,0.0007699273,22.85,1.5,0.5758,26.774,8e-06,0,0,69.5239,5.249073,WiFi6_5GHz
UE_001096,0.007,-0.87,-3.2539,-95.87,0.133835528,19.11,1.5,16.8299,-27.5492,2.3e-05,0,0,35.2373,0.265788,WiFi6_5GHz
UE_001097,0.0026,39.03,31.9555,-55.97,2.3e-09,30.32,1.5347,0.3059,23.7872,9e-06,0,0,79.4231,11.622723,WiFi6_5GHz
UE_001098,0.0118,0.7,-4.4748,-94.3,0.1173381166,27.06,1.6176,28.5718,25.8652,3.9e-05,0,0,26.69,0.532681,WiFi6_5GHz
UE_001099,0.001,50.27,44.3732,-44.73,2.6e-09,9.86,1.5,0.4473,24.5483,3e-06,0,0,80.6893,11.522613,WiFi6_5GHz
UE_001100,0.004,15.11,7.9348,-79.89,0.0009159935,11.14,1.5,1.3512,-7.6728,1.3e-05,0,0,58.1617,3.466594,WiFi6_5GHz
UE_001101,0.0034,14.85,10.5159,-80.15,0.0363869723,28.01,1.5,4.2045,14.9534,1.1e-05,0,0,57.9402,2.040592,WiFi6_5GHz
UE_001102,0.0101,59.73,51.7072,-35.27,7.6e-09,28.46,1.5857,0.048,-14.6535,3.4e-05,0,0,80.5862,11.959652,WiFi6_5GHz
UE_001103,0.008,6.84,3.2886,-88.16,0.0435604959,15.62,1.5,37.2638,-9.9881,2.7e-05,0,0,30.2522,0.776368,WiFi6_5GHz
UE_001104,0.0053,42.96,38.7163,-52.04,5.4e-09,28.18,1.5,0.0785,18.9281,1.8e-05,0,0,84.8033,11.574242,WiFi6_5GHz
UE_001105,0.0031,41.03,36.257,-53.97,8.3e-09,13.54,1.5,0.4053,-28.8574,1e-05,0,0,79.6966,11.542223,WiFi6_5GHz
UE_001106,0.0127,25.2,16.0216,-69.8,7.0391e-06,9.38,1.5,0.3131,1.3613,4.2e-05,0,0,64.9216,6.890639,WiFi6_5GHz
UE_001107,0.0052,56.62,49.439,-38.38,9e-09,21.63,1.5,0.4183,-8.2729,1.7e-05,0,0,82.1064,11.278338,WiFi6_5GHz
UE_001108,0.0108,25.4,16.9148,-69.6,6.7606e-06,9.64,1.5,0.1975,6.96,3.6e-05,0,0,67.009,6.865211,WiFi6_5GHz
UE_001109,0.0134,35.36,29.5518,-59.64,4.3e-09,18.57,1.5,0.384,-14.6078,4.5e-05,0,0,76.3597,11.999585,WiFi6_5GHz
UE_001110,0.0134,6.85,4.2013,-88.15,0.0260209667,18.07,1.5,24.8069,14.4527,4.5e-05,0,0,33.2669,0.940681,WiFi6_5GHz
UE_001111,0.0028,-0.34,-2.2489,-95.34,0.1124238511,25.7,1.5,36.4332,-14.1326,9e-06,0,0,21.6679,0.1,WiFi6_5GHz
UE_001112,0.0108,12.83,5.1919,-82.17,0.0344531233,21.74,1.5,7.1045,28.5136,3.6e-05,0,0,53.7268,1.774514,WiFi6_5GHz
UE_001113,0.0038,54.27,50.2532,-40.73,6.5e-09,15.49,1.5,0.3585,-12.864,1.3e-05,0,0,78.7062,11.694371,WiFi6_5GHz
UE_001114,0.0022,64.92,59.1464,-30.08,2.4e-09,12.14,1.6022,0.0838,-14.3207,7e-06,0,0,80.7978,11.567898,WiFi6_5GHz
UE_001115,0.006,39.01,34.0998,-55.99,9.7e-09,20.07,1.5,0.0612,-31.67,2e-05,0,0,81.3244,11.772098,WiFi6_5GHz
UE_001116,0.0095,-1.81,-7.0761,-96.81,0.0554973037,15.28,1.5,35.7842,14.3137,3.2e-05,0,0,24.4115,0.128005,WiFi6_5GHz
UE_001117,0.0096,6.59,-1.3903,-88.41,0.0481289014,23.18,1.5,16.0281,-29.5782,3.2e-05,0,0,43.9261,1.271461,WiFi6_5GHz
UE_001118,0.0047,14.34,8.8295,-80.66,0.0497798042,20.07,1.5,7.6311,14.7323,1.6e-05,0,0,53.8983,2.443159,WiFi6_5GHz
UE_001119,0.0139,66.58,59.5263,-28.42,5.8e-09,12.68,1.5,0.1333,30.0324,4.6e-05,0,0,81.1527,11.179261,WiFi6_5GHz
UE_001120,0.008,9.63,0.904,-85.37,0.039579786,22.93,1.5,29.4093,-29.5444,2.7e-05,0,0,35.9214,1.672422,WiFi6_5GHz
UE_001121,0.001,46.78,40.1168,-48.22,3.4e-09,12.18,1.5,0.404,9.5043,3e-06,0,0,80.1837,11.930016,WiFi6_5GHz
UE_001122,0.0028,26.55,23.5262,-68.45,2.0652e-06,16.31,1.5,0.172,-28.5716,9e-06,0,0,70.414,7.088391,WiFi6_5GHz
UE_001123,0.0014,13.17,9.9585,-81.83,0.0321071406,21.78,1.5,6.7901,-9.8704,5e-06,0,0,50.5189,2.422437,WiFi6_5GHz
UE_001124,0.0114,31.82,24.3558,-63.18,8.2677e-06,18.63,1.5776,0.0198,-18.033,3.8e-05,0,0,78.6352,7.539886,WiFi6_5GHz
UE_001125,0.0099,11.25,4.1939,-83.75,0.0180792332,15.05,1.5,3.5405,-24.4944,3.3e-05,0,0,56.7757,2.337387,WiFi6_5GHz
UE_001126,0.0052,21.05,16.6607,-73.95,0.0001667027,10.95,1.5,0.6544,31.67,1.7e-05,0,0,58.0851,5.328209,WiFi6_5GHz
UE_001127,0.0061,41.18,34.8918,-53.82,5.5e-09,13.21,1.5,0.1163,-24.9536,2e-05,0,0,78.2134,11.554237,WiFi6_5GHz
UE_001128,0.0056,22.82,17.2714,-72.18,0.0001423768,19.7,1.5,1.3822,26.1879,1.9e-05,0,0,66.2421,5.179252,WiFi6_5GHz
UE_001129,0.0108,36.97,29.7951,-58.03,6e-10,18.22,1.5,0.2986,19.8989,3.6e-05,0,0,79.4462,11.431801,WiFi6_5GHz
UE_001130,0.0037,30.11,23.4374,-64.89,7.0656e-06,18.11,1.6397,0.1604,7.2223,1.2e-05,0,0,69.9472,7.981644,WiFi6_5GHz
UE_001131,0.0141,11.35,6.091,-83.65,0.0326875659,11.94,1.5,6.4168,-21.5113,4.7e-05,0,0,47.781,2.350353,WiFi6_5GHz
UE_001132,0.0044,21.83,14.5039,-73.17,0.0006978445,13.56,1.5,0.8589,13.5026,1.5e-05,0,0,63.1022,4.909825,WiFi6_5GHz
UE_001133,0.0099,0.03,-4.7667,-94.97,0.1426928223,30.03,1.5,36.7741,2.3424,3.3e-05,0,0,23.3376,0.177352,WiFi6_5GHz
UE_001134,0.0131,28.83,26.7602,-66.17,3.449e-06,14.14,1.5,0.1114,24.9263,4.4e-05,0,0,69.2848,7.928103,WiFi6_5GHz
UE_001135,0.0062,17.82,13.6167,-77.18,0.0004389359,20.61,1.5,1.8383,22.4502,2.1e-05,0,0,62.3534,3.458711,WiFi6_5GHz
UE_001136,0.0066,49.06,44.5477,-45.94,1.3e-09,16.68,1.5,0.3006,1.8841,2.2e-05,0,0,82.7906,11.740247,WiFi6_5GHz
UE_001137,0.0037,6.22,-3.5111,-88.78,0.025311721,14.36,1.5,8.5818,23.0047,1.2e-05,0,0,46.5321,0.853789,WiFi6_5GHz
UE_001138,0.0116,11.13,6.7529,-83.87,0.0267665694,12.06,1.5,4.2142,-29.2933,3.9e-05,0,0,53.7226,1.939377,WiFi6_5GHz
UE_001139,0.0088,19.87,14.2379,-75.13,0.0003090062,28.64,1.5,1.5337,-0.8047,2.9e-05,0,0,62.6982,4.798175,WiFi6_5GHz
UE_001140,0.006,18.86,11.0113,-76.14,0.0003313259,22.28,1.5,0.5273,-10.613,2e-05,0,0,61.9683,3.741892,WiFi6_5GHz
UE_001141,0.0035,53.22,45.7348,-41.78,1.6e-09,7.29,1.5,0.3398,30.9502,1.2e-05,0,0,79.6114,11.291679,WiFi6_5GHz
UE_001142,0.0093,7.22,4.2203,-87.78,0.0265508197,14.5,1.5,23.1418,30.1926,3.1e-05,0,0,36.3462,1.202125,WiFi6_5GHz
UE_001143,0.0089,57.84,52.6789,-37.16,7e-09,19.64,1.5,0.1663,25.0698,3e-05,0,0,79.2886,12.140341,WiFi6_5GHz
UE_001144,0.0088,5.15,-1.4184,-89.85,0.0051830678,16.39,1.5775,30.1872,-12.6499,2.9e-05,0,0,29.8313,0.941663,WiFi6_5GHz
UE_001145,0.0012,21.08,16.6028,-73.92,0.0007431438,26.77,1.5,1.4338,-11.1231,4e-06,0,0,65.8374,5.085899,WiFi6_5GHz
UE_001146,0.0058,-1.45,-8.2705,-96.45,0.0673137213,19.6,1.5,31.905,19.8369,1.9e-05,0,0,24.7626,0.748516,WiFi6_5GHz
UE_001147,0.0016,30.28,24.9313,-64.72,3.0386e-06,15.8,1.5,0.2237,20.7221,5e-06,0,0,70.9892,7.747886,WiFi6_5GHz
UE_001148,0.0094,23.15,16.7452,-71.85,0.0008180746,12.86,1.5,0.6856,-3.6369,3.1e-05,0,0,66.8443,4.749427,WiFi6_5GHz
UE_001149,0.0124,-3.16,-10.7182,-98.16,0.1401560316,28.36,1.5,38.8771,-28.6489,4.1e-05,0,0,20.246,0.1,WiFi6_5GHz
UE_001150,0.001,55.44,51.4743,-39.56,0.0,24.49,1.5,0.4877,-22.9942,3e-06,0,0,80.01,11.803149,WiFi6_5GHz
UE_001151,0.01,58.55,54.1518,-36.45,2.1e-09,15.26,1.5,0.3483,-10.6001,3.3e-05,0,0,81.5306,11.674405,WiFi6_5GHz
UE_001152,0.0056,14.41,10.5756,-80.59,0.0321950355,15.61,1.9103,3.1835,12.8419,1.9e-05,0,0,51.816,2.57555,WiFi6_5GHz
UE_001153,0.0025,69.42,64.3534,-25.58,4.6e-09,9.32,1.5,0.2124,21.2193,8e-06,0,0,76.7743,11.500422,WiFi6_5GHz
UE_001154,0.0059,9.75,5.8038,-85.25,0.0039541602,15.78,1.5,8.2391,-1.587,2e-05,0,0,51.7594,1.788067,WiFi6_5GHz
UE_001155,0.0029,48.22,41.4481,-46.78,3.1e-09,22.86,1.5,0.1228,2.1669,1e-05,0,0,86.3265,11.991874,WiFi6_5GHz
UE_001156,0.0065,56.13,50.1427,-38.87,9.4e-09,25.67,1.5,0.2187,-10.411,2.2e-05,0,0,80.7203,11.199672,WiFi6_5GHz
UE_001157,0.0081,56.05,52.5323,-38.95,9.8e-09,24.64,1.5,0.341,21.163,2.7e-05,0,0,80.0372,11.633632,WiFi6_5GHz
UE_001158,0.0127,28.91,25.3393,-66.09,2.3057e-06,16.04,1.5,0.0162,-15.5679,4.2e-05,0,0,70.3472,7.782964,WiFi6_5GHz
UE_001159,0.0069,57.99,51.6802,-37.01,8.5e-09,35.87,1.6138,0.2538,-12.9173,2.3e-05,0,0,82.1929,12.330662,WiFi6_5GHz
UE_001160,0.0098,40.56,33.7322,-54.44,1.4e-09,27.17,1.5,0.2613,-27.6126,3.3e-05,0,0,78.0551,11.611422,WiFi6_5GHz
UE_001161,0.001,15.12,10.7845,-79.88,0.0003590462,20.49,1.5,0.9039,3.9505,3e-06,0,0,60.249,3.170911,WiFi6_5GHz
UE_001162,0.0014,29.22,26.3415,-65.78,3.8031e-06,9.92,1.6015,0.0845,0.5795,5e-06,0,0,69.9967,7.675245,WiFi6_5GHz
UE_001163,0.0065,48.03,43.1313,-46.97,3.3e-09,21.02,1.5,0.2003,-17.2733,2.2e-05,0,0,82.6687,11.789528,WiFi6_5GHz
UE_001164,0.0135,10.83,6.3716,-84.17,0.0297557231,20.33,2.0035,7.9305,-19.2782,4.5e-05,0,0,52.3009,1.259034,WiFi6_5GHz
UE_001165,0.0092,4.81,-0.403,-90.19,0.1123163672,16.37,1.8872,28.7287,23.1977,3.1e-05,0,0,35.2203,0.1,WiFi6_5GHz
UE_001166,0.0086,90.33,85.5601,-4.67,3.5e-09,4.76,1.5,0.3823,-8.4485,2.9e-05,0,0,74.2516,11.577714,WiFi6_5GHz
UE_001167,0.0029,16.06,14.2018,-78.94,0.0008440918,10.24,1.5,1.422,5.2091,1e-05,0,0,57.3719,3.469505,WiFi6_5GHz
UE_001168,0.0054,6.3,-1.0247,-88.7,0.0339838905,20.6,1.5,33.4352,27.4069,1.8e-05,0,0,28.4643,1.219354,WiFi6_5GHz
UE_001169,0.0073,72.85,65.9714,-22.15,1.3e-09,11.07,1.5,0.359,25.5877,2.4e-05,0,0,78.696,12.056483,WiFi6_5GHz
UE_001170,0.0139,-4.49,-9.1348,-99.49,0.1454378911,18.1,1.5,14.2447,-19.5544,4.6e-05,0,0,33.9299,0.1,WiFi6_5GHz
UE_001171,0.0032,53.44,49.448,-41.56,7.4e-09,18.45,1.5,0.1316,17.8839,1.1e-05,0,0,83.9069,11.704186,WiFi6_5GHz
UE_001172,0.0051,23.59,15.2652,-71.41,2.58037e-05,10.17,1.5,0.6362,-9.6365,1.7e-05,0,0,66.2403,5.500591,WiFi6_5GHz
UE_001173,0.0134,30.67,25.4368,-64.33,7.2944e-06,20.1,1.5,0.4367,-7.1108,4.5e-05,0,0,72.9641,7.76268,WiFi6_5GHz
UE_001174,0.0098,33.99,29.9871,-61.01,3.5364e-06,10.78,1.5,0.0058,-29.3446,3.3e-05,0,0,73.356,10.265845,WiFi6_5GHz
UE_001175,0.0136,21.37,12.7056,-73.63,0.0003100608,11.11,1.5,1.537,8.3904,4.5e-05,0,0,65.4697,5.528313,WiFi6_5GHz
UE_001176,0.0082,48.19,40.4259,-46.81,8e-09,23.34,1.5,0.0476,-6.0259,2.7e-05,0,0,79.1391,11.500098,WiFi6_5GHz
UE_001177,0.0135,-5.68,-11.5656,-100.68,0.0828845771,12.33,1.5,24.652,-15.6304,4.5e-05,0,0,28.4379,0.368219,WiFi6_5GHz
UE_001178,0.0025,66.35,61.5195,-28.65,3e-09,23.28,1.5,0.3499,-24.1003,8e-06,0,0,82.4943,11.843146,WiFi6_5GHz
UE_001179,0.0033,17.73,11.0172,-77.27,0.0006671929,9.2,1.5,1.0193,28.716,1.1e-05,0,0,61.1394,3.587761,WiFi6_5GHz
UE_001180,0.0082,24.14,15.8636,-70.86,0.0007761887,18.8,1.5,0.9637,7.1938,2.7e-05,0,0,66.33,5.371316,WiFi6_5GHz
UE_001181,0.0036,60.9,53.5337,-34.1,8.6e-09,5.96,1.5,0.3605,30.7806,1.2e-05,0,0,78.6857,11.94952,WiFi6_5GHz
UE_001182,0.0039,48.28,42.0081,-46.72,8.8e-09,23.88,1.5,0.0533,-2.3152,1.3e-05,0,0,81.4559,11.43075,WiFi6_5GHz
UE_001183,0.0089,12.97,9.7754,-82.03,0.0229171068,15.91,1.5,5.7324,-13.4996,3e-05,0,0,49.3149,2.300818,WiFi6_5GHz
UE_001184,0.0139,52.88,44.6513,-42.12,4.3e-09,28.17,1.5984,0.0546,-10.7986,4.6e-05,0,0,79.5291,11.900989,WiFi6_5GHz
UE_001185,0.0109,68.1,63.9391,-26.9,9e-09,11.66,1.5,0.3064,-25.4746,3.6e-05,0,0,80.4076,11.57376,WiFi6_5GHz
UE_001186,0.0128,44.79,37.5263,-50.21,5.8e-09,11.13,1.8279,0.3013,-5.7391,4.3e-05,0,0,81.0114,11.703079,WiFi6_5GHz
UE_001187,0.0125,9.1,4.6356,-85.9,0.0139046659,6.94,1.5,33.6687,-12.0075,4.2e-05,0,0,31.1085,1.805478,WiFi6_5GHz
UE_001188,0.0061,25.77,22.1333,-69.23,6.9528e-06,20.19,1.5,0.3531,-31.67,2e-05,0,0,69.8028,7.554712,WiFi6_5GHz
UE_001189,0.0022,7.99,0.165,-87.01,0.0279171745,15.79,1.5337,29.7143,23.6767,7e-06,0,0,30.7072,1.482563,WiFi6_5GHz
UE_001190,0.0058,25.3,16.8027,-69.7,1.9238e-06,16.1,1.5,0.4532,-12.1442,1.9e-05,0,0,68.4091,6.877222,WiFi6_5GHz
UE_001191,0.0103,49.63,43.7848,-45.37,3e-09,20.77,1.5,0.2884,3.8407,3.4e-05,0,0,80.2235,11.518571,WiFi6_5GHz
UE_001192,0.0137,24.25,15.858,-70.75,0.0009171177,13.27,1.5468,0.7288,2.0882,4.6e-05,0,0,62.4785,5.293266,WiFi6_5GHz
UE_001193,0.011,21.3,13.425,-73.7,0.0002137307,20.18,1.5,1.5175,-1.1619,3.7e-05,0,0,67.2234,5.547744,WiFi6_5GHz
UE_001194,0.0031,25.62,18.9307,-69.38,8.9481e-06,14.84,1.5,0.2165,-17.759,1e-05,0,0,66.8258,7.008136,WiFi6_5GHz
UE_001195,0.0022,49.56,41.373,-45.44,7.5e-09,10.43,1.5,0.3855,-26.24,7e-06,0,0,80.555,11.689497,WiFi6_5GHz
UE_001196,0.0105,16.12,11.0637,-78.88,0.0001005443,18.58,1.5,1.2472,11.3509,3.5e-05,0,0,59.6977,3.589665,WiFi6_5GHz
UE_001197,0.0122,54.14,48.3249,-40.86,8e-09,16.37,1.5,0.2959,2.9679,4.1e-05,0,0,78.7105,11.630372,WiFi6_5GHz
UE_001198,0.0028,-0.39,-4.2068,-95.39,0.0712939408,13.4,1.5,36.0086,-16.8376,9e-06,0,0,23.8987,0.673233,WiFi6_5GHz
UE_001199,0.0066,17.89,10.8913,-77.11,0.0005096956,16.54,1.5,0.6459,-1.4964,2.2e-05,0,0,57.7734,3.190741,WiFi6_5GHz
UE_001200,0.0113,55.17,51.7037,-39.83,5.3e-09,19.12,1.5,0.4863,21.2081,3.8e-05,0,0,85.9849,12.118085,WiFi6_5GHz
UE_001201,0.0119,9.69,5.4969,-85.31,0.0202715044,19.44,1.5,20.7527,-26.0088,4e-05,0,0,40.2958,1.760182,WiFi6_5GHz
UE_001202,0.0029,3.01,-0.5456,-91.99,0.0634279774,19.41,1.5,8.9499,-14.4996,1e-05,0,0,43.6545,0.899813,WiFi6_5GHz
UE_001203,0.003,43.45,41.3723,-51.55,6.4e-09,15.68,1.5,0.2449,-15.14,1e-05,0,0,78.3743,11.729724,WiFi6_5GHz
UE_001204,0.0046,9.69,4.2045,-85.31,0.0362837281,16.34,1.5,36.1862,-18.2128,1.5e-05,0,0,27.2987,1.724841,WiFi6_5GHz
UE_001205,0.0092,2.39,-5.4048,-92.61,0.1293605442,12.54,1.5,18.3681,-18.2062,3.1e-05,0,0,36.982,0.62613,WiFi6_5GHz
UE_001206,0.0126,70.88,67.6743,-24.12,8.9e-09,16.52,1.5,0.3127,-2.6225,4.2e-05,0,0,80.1311,11.864722,WiFi6_5GHz
UE_001207,0.0076,12.18,4.5928,-82.82,0.014067481,11.61,1.5,2.3874,20.6794,2.5e-05,0,0,49.9255,2.289482,WiFi6_5GHz
UE_001208,0.0063,53.64,50.8561,-41.36,6.5e-09,18.68,1.5,0.0333,26.1923,2.1e-05,0,0,81.2143,11.87621,WiFi6_5GHz
UE_001209,0.0053,18.31,15.0202,-76.69,0.0004238048,17.92,1.5,0.9045,17.3894,1.8e-05,0,0,61.6469,3.367678,WiFi6_5GHz
UE_001210,0.0021,16.47,10.6717,-78.53,0.0005117028,14.82,1.5,0.7985,19.5267,7e-06,0,0,61.7697,3.270101,WiFi6_5GHz
UE_001211,0.0063,14.07,10.6194,-80.93,0.0403670501,16.14,1.5,3.2839,12.8309,2.1e-05,0,0,55.1347,2.103083,WiFi6_5GHz
UE_001212,0.0035,7.46,-0.6265,-87.54,0.0114995116,26.97,1.5,33.2626,-13.7657,1.2e-05,0,0,31.3412,1.07105,WiFi6_5GHz
UE_001213,0.0067,30.45,26.1039,-64.55,8.2419e-06,9.72,1.5,0.2365,22.4542,2.2e-05,0,0,68.5516,7.722105,WiFi6_5GHz
UE_001214,0.0054,19.54,15.2082,-75.46,0.0006152338,18.35,1.5,0.8184,0.2611,1.8e-05,0,0,62.7732,4.608982,WiFi6_5GHz
UE_001215,0.0136,43.23,39.5517,-51.77,2e-10,9.6,1.5,0.2158,30.257,4.5e-05,0,0,81.1185,11.662881,WiFi6_5GHz
UE_001216,0.0123,12.45,4.1446,-82.55,0.0178921127,19.11,1.5,3.5117,31.67,4.1e-05,0,0,55.9373,2.314843,WiFi6_5GHz
UE_001217,0.0075,33.98,28.4876,-61.02,2.4015e-06,15.49,1.5,0.0019,9.2547,2.5e-05,0,0,74.6589,10.213527,WiFi6_5GHz
UE_001218,0.0072,29.86,23.0693,-65.14,8.5665e-06,15.68,1.5,0.3877,31.67,2.4e-05,0,0,67.5694,7.779364,WiFi6_5GHz
UE_001219,0.0052,6.67,0.0794,-88.33,0.0443532316,18.72,1.5,24.1469,-5.73,1.7e-05,0,0,38.3091,1.204022,WiFi6_5GHz
UE_001220,0.004,50.19,46.1261,-44.81,8.4e-09,33.99,1.5,0.1188,19.1826,1.3e-05,0,0,83.4111,11.673387,WiFi6_5GHz
UE_001221,0.004,14.03,6.5904,-80.97,0.0177738349,15.94,1.5,4.6079,19.6487,1.3e-05,0,0,52.518,2.687529,WiFi6_5GHz
UE_001222,0.0035,-4.23,-8.5678,-99.23,0.102135467,8.34,1.5,8.2736,-19.8485,1.2e-05,0,0,37.8645,0.31512,WiFi6_5GHz
UE_001223,0.0097,4.74,-1.5631,-90.26,0.10816661,34.51,1.5,11.4423,31.67,3.2e-05,0,0,42.8491,0.581611,WiFi6_5GHz
UE_001224,0.0134,17.36,11.8204,-77.64,0.0004672673,17.2,1.5,1.2692,23.78,4.5e-05,0,0,59.9691,3.348916,WiFi6_5GHz
UE_001225,0.0035,4.56,0.1767,-90.44,0.1336662592,13.96,1.5,10.7775,-7.0723,1.2e-05,0,0,45.3286,0.652044,WiFi6_5GHz
UE_001226,0.0094,58.97,52.5478,-36.03,2.2e-09,26.9,1.6769,0.1207,19.1393,3.1e-05,0,0,82.7291,11.643822,WiFi6_5GHz
UE_001227,0.0088,10.17,3.5967,-84.83,0.047018575,6.1,1.5,4.5015,31.67,2.9e-05,0,0,49.0556,1.509353,WiFi6_5GHz
UE_001228,0.0057,20.6,14.6199,-74.4,0.000581738,8.89,1.5,1.7992,-20.41,1.9e-05,0,0,61.2329,4.43314,WiFi6_5GHz
UE_001229,0.006,11.88,7.7504,-83.12,0.0369469641,16.76,1.5,2.1944,31.67,2e-05,0,0,53.8561,2.453546,WiFi6_5GHz
UE_001230,0.0113,52.98,44.0849,-42.02,7.7e-09,16.69,1.5,0.0062,-18.5905,3.8e-05,0,0,82.9638,12.038975,WiFi6_5GHz
UE_001231,0.012,1.52,-2.1593,-93.48,0.0565716125,8.98,1.5,36.6259,-10.1139,4e-05,0,0,23.3061,0.165786,WiFi6_5GHz
UE_001232,0.0035,51.4,48.7831,-43.6,3.8e-09,10.0,1.5,0.1021,-23.7701,1.2e-05,0,0,80.5693,11.567058,WiFi6_5GHz
UE_001233,0.0055,1.73,-2.0733,-93.27,0.068562788,10.29,1.5,35.8942,6.5731,1.8e-05,0,0,22.1242,0.145923,WiFi6_5GHz
UE_001234,0.0098,32.17,28.3628,-62.83,9.477e-06,19.29,1.5,0.1808,-7.245,3.3e-05,0,0,72.607,10.926198,WiFi6_5GHz
UE_001235,0.0075,40.95,36.7735,-54.05,3.6e-09,23.41,1.5,0.1447,9.9979,2.5e-05,0,0,77.9217,11.485047,WiFi6_5GHz
UE_001236,0.0137,5.31,-0.2806,-89.69,0.0196944123,19.27,1.5,20.9347,10.9463,4.6e-05,0,0,37.8563,1.235308,WiFi6_5GHz
UE_001237,0.001,15.02,7.3729,-79.98,0.0006739725,10.15,1.5,0.5899,17.6777,3e-06,0,0,59.3384,3.356172,WiFi6_5GHz
UE_001238,0.0107,93.45,86.4448,-1.55,8.4e-09,21.69,1.5,0.0774,-27.3471,3.6e-05,0,0,80.4539,11.584883,WiFi6_5GHz
UE_001239,0.0087,24.67,20.1638,-70.33,0.0009683318,24.48,1.5,1.3418,-6.2836,2.9e-05,0,0,69.2813,5.664167,WiFi6_5GHz
UE_001240,0.011,36.55,32.2815,-58.45,1.1e-09,17.22,1.5,0.4817,-31.67,3.7e-05,0,0,75.7358,11.882941,WiFi6_5GHz
UE_001241,0.0038,15.47,11.4487,-79.53,0.0009816699,20.38,1.5,0.5056,-30.0122,1.3e-05,0,0,58.359,3.527424,WiFi6_5GHz
UE_001242,0.0017,18.43,12.5093,-76.57,0.0004947069,23.85,1.5,0.7348,31.67,6e-06,0,0,60.871,3.41845,WiFi6_5GHz
UE_001243,0.0062,5.23,-1.5136,-89.77,0.0466967312,16.35,1.5,13.422,9.311,2.1e-05,0,0,39.1414,1.017979,WiFi6_5GHz
UE_001244,0.0048,37.39,33.1585,-57.61,5.5e-09,23.69,1.5,0.3634,2.232,1.6e-05,0,0,80.4242,11.770607,WiFi6_5GHz
UE_001245,0.0125,31.42,28.3739,-63.58,7.4179e-06,20.01,1.5,0.1735,-15.257,4.2e-05,0,0,71.6488,7.992373,WiFi6_5GHz
UE_001246,0.0059,39.04,35.6525,-55.96,4e-09,15.37,1.5,0.3331,18.1165,2e-05,0,0,81.0592,11.651948,WiFi6_5GHz
UE_001247,0.0017,27.91,24.6745,-67.09,6.9963e-06,22.29,1.5,0.2944,-31.67,6e-06,0,0,69.2931,7.101756,WiFi6_5GHz
UE_001248,0.0045,27.38,20.1018,-67.62,7.1589e-06,6.64,1.5,0.0169,7.1998,1.5e-05,0,0,70.2173,6.747066,WiFi6_5GHz
UE_001249,0.0026,18.9,14.6303,-76.1,0.0005158573,10.76,1.5,1.9525,-12.7396,9e-06,0,0,60.6381,3.340753,WiFi6_5GHz
UE_001250,0.0064,32.89,25.9752,-62.11,1.6284e-06,17.21,1.5,0.3726,27.4839,2.1e-05,0,0,72.7203,10.246373,WiFi6_5GHz
UE_001251,0.0044,25.72,19.3645,-69.28,1.0751e-06,16.42,1.5,0.4968,-12.0346,1.5e-05,0,0,64.2289,6.9336,WiFi6_5GHz
UE_001252,0.0141,1.91,-3.4272,-93.09,0.0572165243,12.65,1.5,38.7984,25.1176,4.7e-05,0,0,23.1372,0.608653,WiFi6_5GHz
UE_001253,0.01,15.63,9.957,-79.37,0.0003616022,14.89,1.5,1.347,16.3272,3.3e-05,0,0,59.2891,3.354086,WiFi6_5GHz
UE_001254,0.0056,60.42,50.3498,-34.58,3.8e-09,11.35,1.5,0.2337,18.9319,1.9e-05,0,0,79.2799,11.600479,WiFi6_5GHz
UE_001255,0.0134,75.34,72.0182,-19.66,4.3e-09,6.01,1.5,0.3325,30.6309,4.5e-05,0,0,78.2457,11.877671,WiFi6_5GHz
UE_001256,0.0091,1.35,-7.4088,-93.65,0.0768400818,4.02,1.5,28.2034,-31.67,3e-05,0,0,26.7049,0.221527,WiFi6_5GHz
UE_001257,0.0021,23.3,17.84,-71.7,0.0002044181,10.1,1.5,1.321,6.9675,7e-06,0,0,65.0286,5.559684,WiFi6_5GHz
UE_001258,0.0131,-0.96,-4.1848,-95.96,0.0978893711,2.71,1.5,21.3566,-5.9302,4.4e-05,0,0,28.8571,0.1,WiFi6_5GHz
UE_001259,0.0052,20.86,14.54,-74.14,0.0001616956,13.86,1.5028,1.9147,18.2713,1.7e-05,0,0,65.0256,4.573003,WiFi6_5GHz
UE_001260,0.005,4.4,0.6266,-90.6,0.1136758666,4.54,1.5,21.6338,-4.671,1.7e-05,0,0,34.7154,0.243484,WiFi6_5GHz
UE_001261,0.0131,5.03,-2.7768,-89.97,0.0461654289,20.9,1.5,25.1073,2.0153,4.4e-05,0,0,28.5655,0.950483,WiFi6_5GHz
UE_001262,0.0116,17.64,12.3143,-77.36,0.0009519908,30.48,1.5,1.3051,-21.5618,3.9e-05,0,0,61.6084,3.124137,WiFi6_5GHz
UE_001263,0.0138,11.74,7.7412,-83.26,0.0252883944,8.81,1.5109,4.4106,-16.2918,4.6e-05,0,0,53.6989,2.372062,WiFi6_5GHz
UE_001264,0.0107,9.61,5.1335,-85.39,0.0499915177,21.23,1.5,35.9374,-2.9736,3.6e-05,0,0,28.9614,1.922649,WiFi6_5GHz
UE_001265,0.0068,-3.55,-8.9819,-98.55,0.1149300834,7.9,1.5,36.5666,19.5613,2.3e-05,0,0,15.7829,0.449768,WiFi6_5GHz
UE_001266,0.0022,60.05,56.0675,-34.95,3.7e-09,18.66,1.5,0.1978,-3.051,7e-06,0,0,79.8694,11.62928,WiFi6_5GHz
UE_001267,0.0126,56.07,49.1187,-38.93,6.2e-09,16.54,1.5,0.3719,2.3719,4.2e-05,0,0,80.112,11.633439,WiFi6_5GHz
UE_001268,0.012,-1.2,-8.8623,-96.2,0.0932570103,11.07,1.5,29.993,-16.433,4e-05,0,0,23.3975,0.1,WiFi6_5GHz
UE_001269,0.013,7.65,0.4757,-87.35,0.0342327942,8.8,1.5,17.1274,23.2189,4.3e-05,0,0,40.669,1.069824,WiFi6_5GHz
UE_001270,0.0022,32.33,27.1957,-62.67,1.0363e-06,14.39,1.5,0.1443,31.67,7e-06,0,0,73.4501,10.550688,WiFi6_5GHz
UE_001271,0.0126,5.27,-0.5155,-89.73,0.0435559753,9.91,1.5,20.4239,-16.4711,4.2e-05,0,0,36.1483,1.22505,WiFi6_5GHz
UE_001272,0.0108,14.24,10.1739,-80.76,0.0055582631,21.57,1.5,6.2843,22.8336,3.6e-05,0,0,51.4361,2.600537,WiFi6_5GHz
UE_001273,0.0036,72.4,67.4646,-22.6,9.9e-09,15.42,1.5,0.3393,16.7315,1.2e-05,0,0,77.5577,11.881923,WiFi6_5GHz
UE_001274,0.0042,55.98,50.7283,-39.02,6.8e-09,14.95,1.5556,0.4034,5.5994,1.4e-05,0,0,78.8924,11.356686,WiFi6_5GHz
UE_001275,0.0038,15.07,12.4441,-79.93,0.0001799321,17.88,1.5,1.2576,21.0024,1.3e-05,0,0,61.6128,3.678581,WiFi6_5GHz
UE_001276,0.0027,7.42,2.8709,-87.58,0.0349668053,14.09,1.5,29.7718,1.0209,9e-06,0,0,33.3446,0.993937,WiFi6_5GHz
UE_001277,0.003,30.77,26.8394,-64.23,8.7581e-06,10.66,1.5,0.3767,30.2265,1e-05,0,0,71.9389,7.969271,WiFi6_5GHz
UE_001278,0.0039,61.13,55.5269,-33.87,5e-09,15.85,1.8772,0.4061,26.9623,1.3e-05,0,0,80.0593,11.515915,WiFi6_5GHz
UE_001279,0.0026,11.05,4.6217,-83.95,0.0393849614,17.65,1.5,3.3823,26.0822,9e-06,0,0,51.7257,1.962434,WiFi6_5GHz
UE_001280,0.0139,-0.74,-7.7705,-95.74,0.0881432699,4.23,1.5,22.0921,1.1383,4.6e-05,0,0,31.898,0.26762,WiFi6_5GHz
UE_001281,0.0135,15.57,10.143,-79.43,0.0001092835,22.47,1.5,1.3509,-13.089,4.5e-05,0,0,57.5406,3.655049,WiFi6_5GHz
UE_001282,0.0124,2.51,-5.1582,-92.49,0.0669572213,34.0,1.5,8.7042,-8.4327,4.1e-05,0,0,45.6196,0.541508,WiFi6_5GHz
UE_001283,0.0038,22.42,18.5867,-72.58,0.0001552083,23.66,1.5,0.8239,12.2686,1.3e-05,0,0,64.451,5.556961,WiFi6_5GHz
UE_001284,0.0032,46.15,40.6824,-48.85,2e-09,18.9,1.7064,0.2042,10.0095,1.1e-05,0,0,78.393,11.866836,WiFi6_5GHz
UE_001285,0.007,78.83,74.2565,-16.17,7.4e-09,9.94,1.5,0.0463,-0.9941,2.3e-05,0,0,84.8492,11.658706,WiFi6_5GHz
UE_001286,0.0027,36.06,32.6667,-58.94,6.4e-09,22.09,1.5,0.2524,-29.0746,9e-06,0,0,81.7918,11.54712,WiFi6_5GHz
UE_001287,0.0022,45.55,36.0778,-49.45,2.3e-09,21.23,1.5,0.3245,3.9991,7e-06,0,0,83.1505,11.589379,WiFi6_5GHz
UE_001288,0.0123,11.32,3.1781,-83.68,0.0332818238,17.85,1.6293,3.0602,9.65,4.1e-05,0,0,52.4311,2.380177,WiFi6_5GHz
UE_001289,0.0117,-6.21,-12.5477,-101.21,0.1194866587,31.38,1.5,36.628,2.522,3.9e-05,0,0,24.2368,0.57152,WiFi6_5GHz
UE_001290,0.0124,19.54,15.8826,-75.46,0.0009740086,22.36,1.5964,1.9464,20.1187,4.1e-05,0,0,60.0535,4.797313,WiFi6_5GHz
UE_001291,0.0035,-1.59,-4.4033,-96.59,0.1042433932,8.21,1.5,29.4152,14.2088,1.2e-05,0,0,24.7724,0.536847,WiFi6_5GHz
UE_001292,0.0062,29.32,23.959,-65.68,5.5147e-06,14.69,1.5,0.4732,-22.8766,2.1e-05,0,0,69.0162,7.522552,WiFi6_5GHz
UE_001293,0.0034,32.78,29.8856,-62.22,7.832e-06,17.63,1.5898,0.0144,-27.313,1.1e-05,0,0,75.9653,10.670671,WiFi6_5GHz
UE_001294,0.0071,5.71,-1.8045,-89.29,0.049161345,10.6,1.5,38.7719,-27.6757,2.4e-05,0,0,26.3992,1.518183,WiFi6_5GHz
UE_001295,0.0064,10.99,1.8227,-84.01,0.0417321151,26.07,1.5,4.4272,2.2621,2.1e-05,0,0,54.3342,1.887849,WiFi6_5GHz
UE_001296,0.0071,43.85,39.5586,-51.15,5.6e-09,21.17,1.5,0.3507,-31.3828,2.4e-05,0,0,81.4628,11.530644,WiFi6_5GHz
UE_001297,0.0017,18.46,11.3934,-76.54,0.000913986,7.29,1.5,1.5023,2.9564,6e-06,0,0,58.7733,3.244832,WiFi6_5GHz
UE_001298,0.0106,55.04,49.6342,-39.96,5.5e-09,9.04,1.5,0.2872,-31.67,3.5e-05,0,0,79.2683,11.830236,WiFi6_5GHz
UE_001299,0.0141,41.33,34.8937,-53.67,5e-09,14.25,1.5,0.2955,-24.3479,4.7e-05,0,0,77.9925,11.291637,WiFi6_5GHz
UE_001300,0.0056,35.16,29.9168,-59.84,1.3e-09,23.98,1.5,0.3103,29.8742,1.9e-05,0,0,79.3878,11.895035,WiFi6_5GHz
UE_001301,0.002,-3.43,-6.3002,-98.43,0.0710115364,20.24,1.5,36.4327,-30.2314,7e-06,0,0,23.4265,0.221156,WiFi6_5GHz
UE_001302,0.005,25.29,19.6064,-69.71,5.918e-06,10.37,1.5,0.2231,22.3068,1.7e-05,0,0,70.6875,6.774168,WiFi6_5GHz
UE_001303,0.0081,32.28,23.45,-62.72,1.1943e-06,20.96,1.5,0.2703,14.8291,2.7e-05,0,0,72.7745,10.522367,WiFi6_5GHz
UE_001304,0.0064,31.35,25.2363,-63.65,9.014e-06,11.82,1.5,0.1042,-9.7801,2.1e-05,0,0,71.8225,8.026745,WiFi6_5GHz
UE_001305,0.0047,34.44,27.0225,-60.56,6.2158e-06,18.74,1.5,0.229,26.7565,1.6e-05,0,0,75.9714,10.197213,WiFi6_5GHz
UE_001306,0.0041,19.28,12.4379,-75.72,0.0004427199,9.76,1.6742,1.783,18.5228,1.4e-05,0,0,57.4927,4.720177,WiFi6_5GHz
UE_001307,0.0063,6.89,1.7615,-88.11,0.0475809296,26.36,1.5,36.7692,-2.7533,2.1e-05,0,0,31.3686,1.316658,WiFi6_5GHz
UE_001308,0.0095,9.24,4.7884,-85.76,0.0344332159,4.32,1.5,33.6529,-19.663,3.2e-05,0,0,29.2252,1.549832,WiFi6_5GHz
UE_001309,0.0035,10.73,5.1778,-84.27,0.0350588263,23.74,1.5,2.0033,26.69,1.2e-05,0,0,53.9299,1.431417,WiFi6_5GHz
UE_001310,0.0065,9.39,1.8376,-85.61,0.0428039415,19.26,1.6412,11.1893,-15.6161,2.2e-05,0,0,49.5844,1.344149,WiFi6_5GHz
UE_001311,0.0017,9.33,3.7611,-85.67,0.0087547191,11.4,1.5,34.5436,-28.3226,6e-06,0,0,31.1193,1.928439,WiFi6_5GHz
UE_001312,0.0107,81.75,76.9652,-13.25,7.7e-09,23.03,1.5,0.3394,-17.4452,3.6e-05,0,0,80.0886,11.675606,WiFi6_5GHz
UE_001313,0.0087,6.25,-0.2428,-88.75,0.0412037537,10.1,1.5,32.777,-31.67,2.9e-05,0,0,28.1246,0.834044,WiFi6_5GHz
UE_001314,0.0132,22.21,18.8093,-72.79,0.0009956213,18.1,1.5,0.8893,-26.359,4.4e-05,0,0,63.9846,5.435523,WiFi6_5GHz
UE_001315,0.0123,-5.54,-13.1959,-100.54,0.0968655432,20.14,1.5,13.9509,19.9644,4.1e-05,0,0,36.5186,0.243965,WiFi6_5GHz
UE_001316,0.0097,-7.04,-10.0952,-102.04,0.1131743058,16.3,1.5,28.092,-2.3308,3.2e-05,0,0,29.135,0.220817,WiFi6_5GHz
UE_001317,0.0129,17.12,9.8288,-77.88,0.000959743,19.13,1.8022,0.7945,5.3962,4.3e-05,0,0,59.4659,3.599166,WiFi6_5GHz
UE_001318,0.0054,14.91,10.7731,-80.09,0.047895846,13.54,1.5,5.6174,27.3705,1.8e-05,0,0,53.435,2.262563,WiFi6_5GHz
UE_001319,0.0141,60.27,55.2949,-34.73,9.3e-09,20.62,1.5,0.3026,-6.3146,4.7e-05,0,0,81.5911,11.42471,WiFi6_5GHz
UE_001320,0.0088,59.02,52.2026,-35.98,5.2e-09,31.7,1.5,0.0667,-18.1283,2.9e-05,0,0,82.9241,11.704792,WiFi6_5GHz
UE_001321,0.0133,71.1,64.1459,-23.9,9.7e-09,19.14,1.5,0.3933,-27.163,4.4e-05,0,0,81.715,12.09386,WiFi6_5GHz
UE_001322,0.0132,13.45,9.4322,-81.55,0.0220700191,8.56,1.5,3.7346,-10.8783,4.4e-05,0,0,50.7019,2.530475,WiFi6_5GHz
UE_001323,0.0088,7.06,1.0287,-87.94,0.0115093962,38.56,1.5,38.7879,-4.8956,2.9e-05,0,0,28.1997,1.138137,WiFi6_5GHz
UE_001324,0.0065,20.66,15.0498,-74.34,0.0004554767,16.3,1.5,0.8204,-3.3818,2.2e-05,0,0,65.0459,4.636349,WiFi6_5GHz
UE_001325,0.0124,29.51,24.7419,-65.49,9.6813e-06,12.96,1.5,0.2832,21.9158,4.1e-05,0,0,70.3032,7.698928,WiFi6_5GHz
UE_001326,0.0068,70.44,62.7636,-24.56,6.3e-09,10.94,1.5,0.2757,-20.7737,2.3e-05,0,0,78.7329,11.866503,WiFi6_5GHz
UE_001327,0.0136,5.65,-0.0156,-89.35,0.0045837666,20.92,1.5,15.367,-20.9978,4.5e-05,0,0,36.8877,1.071759,WiFi6_5GHz
UE_001328,0.0031,-1.76,-9.4874,-96.76,0.1182141344,13.18,1.5,24.4429,9.7554,1e-05,0,0,29.0305,0.1,WiFi6_5GHz
UE_001329,0.0056,12.95,7.8449,-82.05,0.0184306249,24.62,1.5,2.2466,5.2309,1.9e-05,0,0,57.1808,2.182336,WiFi6_5GHz
UE_001330,0.0121,2.29,-2.0095,-92.71,0.1175170142,13.18,1.5,14.4551,10.6009,4e-05,0,0,37.5212,0.61632,WiFi6_5GHz
UE_001331,0.0121,13.23,10.1518,-81.77,0.0204440076,37.04,1.5,5.4753,27.9939,4e-05,0,0,53.8959,2.226703,WiFi6_5GHz
UE_001332,0.0066,44.58,41.7689,-50.42,9.3e-09,12.09,1.5,0.1979,23.555,2.2e-05,0,0,79.138,11.504112,WiFi6_5GHz
UE_001333,0.002,49.07,41.5008,-45.93,6.1e-09,18.89,1.5,0.072,-29.7226,7e-06,0,0,85.396,12.000545,WiFi6_5GHz
UE_001334,0.0131,61.4,54.7487,-33.6,1.5e-09,28.36,1.5,0.4237,-1.6436,4.4e-05,0,0,81.9459,11.477975,WiFi6_5GHz
UE_001335,0.0022,1.98,-0.3258,-93.02,0.0623146363,19.36,1.5,21.7915,26.5595,7e-06,0,0,31.7097,0.120886,WiFi6_5GHz
UE_001336,0.0042,46.69,41.1732,-48.31,3.8e-09,27.77,1.524,0.2336,-30.1877,1.4e-05,0,0,80.2013,11.723201,WiFi6_5GHz
UE_001337,0.0066,59.51,54.884,-35.49,2.7e-09,15.03,1.5,0.1085,-31.67,2.2e-05,0,0,79.7512,11.4624,WiFi6_5GHz
UE_001338,0.0124,8.77,3.094,-86.23,0.006235651,16.1,1.5,8.6437,-21.0059,4.1e-05,0,0,48.1878,1.696073,WiFi6_5GHz
UE_001339,0.003,52.14,46.9606,-42.86,5.6e-09,15.08,1.5,0.2537,9.7077,1e-05,0,0,81.4453,11.563471,WiFi6_5GHz
UE_001340,0.0111,8.79,0.8114,-86.21,0.039479114,17.23,1.5,29.0422,5.487,3.7e-05,0,0,34.5516,1.786394,WiFi6_5GHz
UE_001341,0.0098,6.27,-1.9695,-88.73,0.0137428758,23.28,1.5,29.2834,-5.5346,3.3e-05,0,0,33.0109,1.171299,WiFi6_5GHz
UE_001342,0.01,38.52,33.6452,-56.48,5.8e-09,13.28,1.5868,0.404,14.2849,3.3e-05,0,0,77.7451,11.811479,WiFi6_5GHz
UE_001343,0.0013,27.0,22.7036,-68.0,5.524e-06,12.13,1.5,0.3068,-26.6942,4e-06,0,0,67.9068,7.045053,WiFi6_5GHz
UE_001344,0.0039,47.14,41.3536,-47.86,4.7e-09,20.94,1.5,0.1357,6.785,1.3e-05,0,0,79.7719,11.599892,WiFi6_5GHz
UE_001345,0.0139,0.14,-5.446,-94.86,0.1174170252,24.16,1.5,13.8233,22.2772,4.6e-05,0,0,37.9302,0.43446,WiFi6_5GHz
UE_001346,0.0085,19.57,13.1945,-75.43,0.0009892305,15.1,1.5,0.5667,-21.4306,2.8e-05,0,0,61.0731,4.824689,WiFi6_5GHz
UE_001347,0.0108,-2.08,-5.0765,-97.08,0.121900169,14.38,1.5,34.3395,-29.3214,3.6e-05,0,0,25.0485,0.148805,WiFi6_5GHz
UE_001348,0.003,-0.58,-9.0585,-95.58,0.1286716059,10.75,1.5,28.639,-10.9045,1e-05,0,0,25.7189,0.338774,WiFi6_5GHz
UE_001349,0.0029,28.48,25.035,-66.52,3.1155e-06,19.32,1.5,0.2371,24.76,1e-05,0,0,69.7129,7.654565,WiFi6_5GHz
UE_001350,0.0072,13.99,6.2062,-81.01,0.0151449037,11.23,1.5,6.8058,7.8341,2.4e-05,0,0,53.5727,2.738658,WiFi6_5GHz
UE_001351,0.0054,12.6,7.333,-82.4,0.0019943548,30.28,1.5434,6.468,-30.9172,1.8e-05,0,0,53.6109,2.09038,WiFi6_5GHz
UE_001352,0.0106,11.6,8.4522,-83.4,0.0031578924,22.06,1.5,5.2569,10.6578,3.5e-05,0,0,53.552,1.989027,WiFi6_5GHz
UE_001353,0.0137,-2.89,-7.9196,-97.89,0.1432794965,17.5,1.5515,29.5735,0.3034,4.6e-05,0,0,27.9629,0.157481,WiFi6_5GHz
UE_001354,0.0039,35.65,29.4134,-59.35,1e-10,4.54,1.5,0.1732,10.522,1.3e-05,0,0,72.7328,11.640974,WiFi6_5GHz
UE_001355,0.004,39.72,35.2646,-55.28,6.1e-09,14.19,1.5,0.4846,24.0788,1.3e-05,0,0,80.4233,11.968351,WiFi6_5GHz
UE_001356,0.0043,11.41,3.8919,-83.59,0.0258127708,11.11,1.5,5.6926,-3.2142,1.4e-05,0,0,47.3858,2.151043,WiFi6_5GHz
UE_001357,0.007,10.51,5.4077,-84.49,0.0216623461,23.43,1.5,5.1983,-2.091,2.3e-05,0,0,50.664,1.54818,WiFi6_5GHz
UE_001358,0.0013,3.23,-3.6463,-91.77,0.1272708866,18.81,1.6082,28.0055,15.9743,4e-06,0,0,31.2293,0.316179,WiFi6_5GHz
UE_001359,0.0052,12.01,4.4072,-82.99,0.0377215101,19.3,1.5,6.1229,-30.835,1.7e-05,0,0,51.4668,2.686153,WiFi6_5GHz
UE_001360,0.0055,27.5,24.778,-67.5,3.175e-06,7.44,1.5,0.3134,21.1965,1.8e-05,0,0,72.0966,6.949147,WiFi6_5GHz
UE_001361,0.0022,8.35,4.6012,-86.65,0.0167703795,11.74,1.5,29.7975,2.325,7e-06,0,0,34.9912,2.269609,WiFi6_5GHz
UE_001362,0.0041,51.88,42.8066,-43.12,3.2e-09,23.04,1.5,0.149,0.123,1.4e-05,0,0,81.053,11.79817,WiFi6_5GHz
UE_001363,0.0061,1.85,-5.3019,-93.15,0.1350905895,16.6,1.5,22.1488,-6.4873,2e-05,0,0,32.947,0.50377,WiFi6_5GHz
UE_001364,0.0029,29.26,25.5122,-65.74,4.2107e-06,16.4,1.5,0.0737,17.7813,1e-05,0,0,72.23,7.756403,WiFi6_5GHz
UE_001365,0.0094,53.25,47.0917,-41.75,6.7e-09,4.52,1.5,0.3343,31.4304,3.1e-05,0,0,79.7099,11.891792,WiFi6_5GHz
UE_001366,0.0098,13.66,5.1486,-81.34,0.0352692862,18.34,1.5,3.7575,21.8376,3.3e-05,0,0,52.6364,2.632178,WiFi6_5GHz
UE_001367,0.011,26.74,22.0428,-68.26,1.2391e-06,5.35,1.5,0.2898,-6.2268,3.7e-05,0,0,67.2361,6.851708,WiFi6_5GHz
UE_001368,0.0139,17.96,12.6824,-77.04,0.0003314783,28.76,1.5,1.656,-15.5207,4.6e-05,0,0,62.1194,3.619339,WiFi6_5GHz
UE_001369,0.0074,55.74,50.3933,-39.26,9e-10,6.59,1.5,0.2291,-25.9642,2.5e-05,0,0,78.6058,11.57486,WiFi6_5GHz
UE_001370,0.0094,70.56,64.7824,-24.44,7.7e-09,12.28,1.5,0.1562,-25.1882,3.1e-05,0,0,79.2213,11.572966,WiFi6_5GHz
UE_001371,0.0098,66.24,57.8596,-28.76,8.3e-09,11.1,1.5046,0.1997,9.2176,3.3e-05,0,0,80.8467,11.898476,WiFi6_5GHz
UE_001372,0.0043,24.53,19.8895,-70.47,0.0001184632,22.12,1.5,1.6226,21.5355,1.4e-05,0,0,69.8325,5.125259,WiFi6_5GHz
UE_001373,0.0017,6.63,2.6055,-88.37,0.0205897577,35.35,1.5,35.9027,-10.0449,6e-06,0,0,30.483,0.884475,WiFi6_5GHz
UE_001374,0.0095,-7.13,-10.5481,-102.13,0.1034796039,23.28,1.5,27.3939,28.4435,3.2e-05,0,0,25.3803,0.368909,WiFi6_5GHz
UE_001375,0.0139,51.69,44.0385,-43.31,1.5e-09,10.83,1.5,0.2706,-26.4245,4.6e-05,0,0,79.8224,11.639733,WiFi6_5GHz
UE_001376,0.0122,28.38,24.5671,-66.62,4.9416e-06,15.05,1.5,0.1277,2.4442,4.1e-05,0,0,68.8324,7.707266,WiFi6_5GHz
UE_001377,0.0054,18.72,13.0512,-76.28,0.0004568555,11.31,1.5,1.4014,7.0888,1.8e-05,0,0,59.2665,3.691571,WiFi6_5GHz
UE_001378,0.0027,-2.09,-9.8163,-97.09,0.1285976009,17.16,1.5,28.7763,-8.6638,9e-06,0,0,26.3398,0.203338,WiFi6_5GHz
UE_001379,0.0082,21.66,14.8932,-73.34,0.0006721885,25.11,1.5,1.2265,-23.9771,2.7e-05,0,0,64.494,4.92065,WiFi6_5GHz
UE_001380,0.0083,33.09,28.6534,-61.91,8.1811e-06,24.93,1.5,0.192,-8.1824,2.8e-05,0,0,73.4635,10.399442,WiFi6_5GHz
UE_001381,0.0106,47.93,43.0421,-47.07,6.8e-09,14.28,1.5,0.259,29.3906,3.5e-05,0,0,79.6807,11.693553,WiFi6_5GHz
UE_001382,0.0115,56.09,49.2768,-38.91,4.2e-09,13.94,1.5,0.0577,-18.1568,3.8e-05,0,0,77.3196,11.461347,WiFi6_5GHz
UE_001383,0.0049,3.31,-0.6159,-91.69,0.1052855542,13.9,1.5,8.1519,8.7744,1.6e-05,0,0,43.8734,0.774309,WiFi6_5GHz
UE_001384,0.0086,33.95,26.6657,-61.05,8.8172e-06,9.25,1.5,0.1637,-29.2057,2.9e-05,0,0,75.6667,10.415618,WiFi6_5GHz
UE_001385,0.0029,23.39,17.483,-71.61,0.0004455767,19.72,1.5,1.5148,13.8617,1e-05,0,0,66.0499,5.060447,WiFi6_5GHz
UE_001386,0.01,-1.7,-7.4309,-96.7,0.1031359211,8.7,1.625,29.1711,-17.6888,3.3e-05,0,0,25.2705,0.1,WiFi6_5GHz
UE_001387,0.0097,56.38,51.1391,-38.62,8.7e-09,20.37,1.5,0.4467,6.8778,3.2e-05,0,0,81.913,11.671652,WiFi6_5GHz
UE_001388,0.011,31.43,27.0362,-63.57,5.999e-07,15.93,1.5,0.046,-27.9234,3.7e-05,0,0,70.3317,7.410531,WiFi6_5GHz
UE_001389,0.0044,29.42,27.3589,-65.58,8.15e-06,9.02,1.5,0.1845,30.1023,1.5e-05,0,0,68.9598,7.443268,WiFi6_5GHz
UE_001390,0.0117,20.91,18.0155,-74.09,0.000745721,8.49,1.5,0.6461,9.8666,3.9e-05,0,0,61.8851,4.762,WiFi6_5GHz
UE_001391,0.013,9.11,2.0159,-85.89,0.0417235841,19.31,1.6203,26.2708,14.7274,4.3e-05,0,0,35.2626,1.772851,WiFi6_5GHz
UE_001392,0.0095,35.43,31.0408,-59.57,3.3e-09,9.29,1.5,0.4951,-20.0754,3.2e-05,0,0,75.7922,11.689198,WiFi6_5GHz
UE_001393,0.0106,18.95,13.2838,-76.05,0.0009176509,14.95,1.5,1.5835,-16.6635,3.5e-05,0,0,56.9945,3.467884,WiFi6_5GHz
UE_001394,0.0046,26.73,19.8098,-68.27,4.82e-08,14.29,1.5,0.4924,-7.199,1.5e-05,0,0,67.0772,7.076781,WiFi6_5GHz
UE_001395,0.0114,-4.58,-12.7652,-99.58,0.0744232037,25.11,1.5068,24.7463,-14.1814,3.8e-05,0,0,33.5484,0.186723,WiFi6_5GHz
UE_001396,0.0103,10.22,1.016,-84.78,0.0045817018,27.62,1.5,2.9052,-17.6773,3.4e-05,0,0,54.6426,1.652441,WiFi6_5GHz
UE_001397,0.0086,22.52,15.4328,-72.48,0.0006459322,23.95,1.5,1.8103,-15.3189,2.9e-05,0,0,65.272,5.277176,WiFi6_5GHz
UE_001398,0.0023,10.25,6.7456,-84.75,0.0020926875,23.42,1.5,2.9504,-31.1373,8e-06,0,0,51.536,1.747596,WiFi6_5GHz
UE_001399,0.0139,40.44,36.1592,-54.56,3.2e-09,19.99,1.5,0.1379,1.8479,4.6e-05,0,0,83.1056,11.484795,WiFi6_5GHz
UE_001400,0.0087,24.97,19.7213,-70.03,0.0001467749,13.85,1.5,1.7179,-31.5675,2.9e-05,0,0,63.7195,5.600864,WiFi6_5GHz
UE_001401,0.0126,37.28,34.1332,-57.72,3.4e-09,26.62,1.5,0.0452,-2.6891,4.2e-05,0,0,78.6178,11.629105,WiFi6_5GHz
UE_001402,0.0067,29.72,24.8118,-65.28,3.967e-06,4.94,1.5,0.4219,13.4412,2.2e-05,0,0,69.6437,7.890331,WiFi6_5GHz
UE_001403,0.0011,21.58,17.1675,-73.42,0.0006653064,10.46,1.5,0.8727,-21.0274,4e-06,0,0,60.6715,5.304818,WiFi6_5GHz
UE_001404,0.0084,37.19,32.2938,-57.81,8.7e-09,14.21,1.5,0.3511,-24.6806,2.8e-05,0,0,76.1892,11.298112,WiFi6_5GHz
UE_001405,0.0051,10.75,1.9805,-84.25,0.0044684405,23.24,1.5,5.3899,3.5637,1.7e-05,0,0,52.68,1.835761,WiFi6_5GHz
UE_001406,0.0135,8.83,6.2096,-86.17,0.0433855091,11.8,1.5,36.843,0.7651,4.5e-05,0,0,28.3894,1.197567,WiFi6_5GHz
UE_001407,0.0031,6.27,-0.2334,-88.73,0.0200590757,8.03,1.5,30.4449,-11.5831,1e-05,0,0,30.2307,0.977863,WiFi6_5GHz
UE_001408,0.0063,17.18,12.1544,-77.82,0.0004436134,13.93,1.9285,1.6719,-29.7109,2.1e-05,0,0,60.2107,3.751977,WiFi6_5GHz
UE_001409,0.0051,9.22,2.1097,-85.78,0.0292737574,7.35,1.5,31.7027,30.8099,1.7e-05,0,0,34.4408,1.793367,WiFi6_5GHz
UE_001410,0.0113,6.5,0.535,-88.5,0.0317359073,18.24,1.5,19.6158,8.377,3.8e-05,0,0,40.3282,0.79364,WiFi6_5GHz
UE_001411,0.0032,8.05,4.3041,-86.95,0.0289778775,9.52,1.5,24.4571,-25.8126,1.1e-05,0,0,35.9307,1.828608,WiFi6_5GHz
UE_001412,0.0094,32.12,25.6403,-62.88,5.4765e-06,10.8,1.5,0.2023,-27.5073,3.1e-05,0,0,66.2597,10.278719,WiFi6_5GHz
UE_001413,0.0019,8.0,0.5623,-87.0,0.0019975911,23.97,1.5,19.255,-8.4307,6e-06,0,0,39.6388,1.428196,WiFi6_5GHz
UE_001414,0.0072,14.12,9.4698,-80.88,0.0046265868,20.82,1.5,6.04,30.9393,2.4e-05,0,0,54.1092,2.223233,WiFi6_5GHz
UE_001415,0.0039,7.87,2.7762,-87.13,0.0212519906,20.04,1.7677,21.3321,-22.3525,1.3e-05,0,0,39.6034,1.178676,WiFi6_5GHz
UE_001416,0.0022,27.31,23.3422,-67.69,7.3828e-06,18.13,1.5604,0.3938,-28.2145,7e-06,0,0,66.2036,7.331078,WiFi6_5GHz
UE_001417,0.0101,21.58,16.1035,-73.42,0.0007324642,13.16,1.6753,1.0921,7.0639,3.4e-05,0,0,62.3075,5.031598,WiFi6_5GHz
UE_001418,0.0079,50.47,47.3039,-44.53,1.9e-09,12.31,1.8526,0.4956,-21.2076,2.6e-05,0,0,76.6204,11.833909,WiFi6_5GHz
UE_001419,0.005,49.62,42.4538,-45.38,7.9e-09,20.08,1.5,0.4832,-31.67,1.7e-05,0,0,84.3295,11.68491,WiFi6_5GHz
UE_001420,0.008,56.26,52.9895,-38.74,1.7e-09,22.61,1.5,0.3612,28.0197,2.7e-05,0,0,78.268,11.674788,WiFi6_5GHz
UE_001421,0.0018,32.21,26.5698,-62.79,9.794e-07,10.88,1.6305,0.3742,-22.2422,6e-06,0,0,69.4075,10.579801,WiFi6_5GHz
UE_001422,0.008,18.0,10.2546,-77.0,0.0009043049,16.87,1.5,0.7593,-22.753,2.7e-05,0,0,63.2929,3.75689,WiFi6_5GHz
UE_001423,0.0082,23.0,17.1845,-72.0,0.0002555934,16.7,1.8512,0.5982,26.9879,2.7e-05,0,0,62.9522,5.186594,WiFi6_5GHz
UE_001424,0.003,75.34,69.4638,-19.66,3e-09,28.2,1.6545,0.4058,6.3115,1e-05,0,0,84.5643,11.512611,WiFi6_5GHz
UE_001425,0.0028,5.26,-1.1218,-89.74,0.0049587262,9.53,1.5,18.805,4.5024,9e-06,0,0,38.1788,1.243995,WiFi6_5GHz
UE_001426,0.0115,56.9,52.1001,-38.1,9.5e-09,6.61,1.5,0.2352,4.4731,3.8e-05,0,0,81.9234,11.159034,WiFi6_5GHz
UE_001427,0.0018,67.81,63.9362,-27.19,9.6e-09,20.7,1.5,0.1505,-16.274,6e-06,0,0,77.4266,11.813915,WiFi6_5GHz
UE_001428,0.0129,25.55,20.8818,-69.45,6.8894e-06,7.78,1.5,0.2598,14.99,4.3e-05,0,0,65.674,7.031902,WiFi6_5GHz
UE_001429,0.0017,26.67,22.596,-68.33,3.7659e-06,13.66,1.5,0.2232,-14.0577,6e-06,0,0,66.7656,6.916567,WiFi6_5GHz
UE_001430,0.0044,50.74,44.9332,-44.26,3.2e-09,19.47,1.5,0.4186,24.1275,1.5e-05,0,0,83.1858,11.658719,WiFi6_5GHz
UE_001431,0.0073,36.84,31.2955,-58.16,8.2e-09,16.75,1.5,0.4659,29.5316,2.4e-05,0,0,78.6094,11.77095,WiFi6_5GHz
UE_001432,0.0046,28.55,19.1844,-66.45,5.8432e-06,17.64,1.5,0.1936,-27.8525,1.5e-05,0,0,69.1155,7.588546,WiFi6_5GHz
UE_001433,0.0059,7.12,0.8096,-87.88,0.0196453393,14.18,1.5,9.592,17.3316,2e-05,0,0,46.435,1.254336,WiFi6_5GHz
UE_001434,0.0109,2.35,-3.3623,-92.65,0.1311080509,22.77,1.5,11.0322,-9.6469,3.6e-05,0,0,43.5325,0.48317,WiFi6_5GHz
UE_001435,0.0094,53.14,46.182,-41.86,2.5e-09,28.22,1.9339,0.3564,6.9549,3.1e-05,0,0,83.6878,11.7966,WiFi6_5GHz
UE_001436,0.0112,-3.76,-8.2048,-98.76,0.0552539972,20.73,1.5,18.7998,4.5656,3.7e-05,0,0,36.9785,0.163268,WiFi6_5GHz
UE_001437,0.0051,5.69,1.9499,-89.31,0.0273729495,17.88,1.5,31.9388,-0.8661,1.7e-05,0,0,30.5505,0.962817,WiFi6_5GHz
UE_001438,0.0057,49.41,42.4801,-45.59,7.5e-09,17.62,1.5,0.1216,17.1959,1.9e-05,0,0,81.5847,11.749946,WiFi6_5GHz
UE_001439,0.0101,50.27,45.412,-44.73,8e-09,31.4,1.5,0.3029,-10.4962,3.4e-05,0,0,80.3187,11.89165,WiFi6_5GHz
UE_001440,0.0077,42.29,38.6129,-52.71,9.8e-09,28.09,1.5,0.3621,24.4124,2.6e-05,0,0,80.0033,11.678579,WiFi6_5GHz
UE_001441,0.0122,69.78,62.9156,-25.22,8e-10,21.28,1.5,0.3071,22.027,4.1e-05,0,0,79.9346,11.303785,WiFi6_5GHz
UE_001442,0.0078,3.97,-0.9623,-91.03,0.0912086506,6.04,1.5,21.6161,12.6839,2.6e-05,0,0,33.4492,0.46022,WiFi6_5GHz
UE_001443,0.009,51.46,49.0695,-43.54,6e-10,11.66,1.5,0.1848,29.2082,3e-05,0,0,78.7329,11.866001,WiFi6_5GHz
UE_001444,0.0121,33.64,26.8288,-61.36,1.806e-07,23.1,1.5,0.0651,31.67,4e-05,0,0,76.9792,10.493227,WiFi6_5GHz
UE_001445,0.0027,54.18,47.9073,-40.82,5.9e-09,17.2,1.5,0.0978,14.659,9e-06,0,0,84.7195,11.726733,WiFi6_5GHz
UE_001446,0.0064,25.0,20.8795,-70.0,4.9046e-06,23.72,1.5,0.3017,23.2154,2.1e-05,0,0,67.2329,6.86296,WiFi6_5GHz
UE_001447,0.0046,-2.4,-7.8754,-97.4,0.0956164278,5.8,1.5,21.9193,31.3996,1.5e-05,0,0,30.1045,0.271632,WiFi6_5GHz
UE_001448,0.0054,-5.39,-10.4688,-100.39,0.0960942327,8.4,1.5,38.6598,-13.0651,1.8e-05,0,0,16.1593,0.1,WiFi6_5GHz
UE_001449,0.0093,40.48,35.8085,-54.52,1.3e-09,16.83,1.5801,0.3186,12.7052,3.1e-05,0,0,78.5616,11.82041,WiFi6_5GHz
UE_001450,0.0048,10.0,1.9581,-85.0,0.0120615226,12.68,1.5,5.8803,23.864,1.6e-05,0,0,51.9003,1.336238,WiFi6_5GHz
UE_001451,0.0121,-5.97,-10.8847,-100.97,0.0795312664,22.2,1.5,12.8688,-21.3249,4e-05,0,0,37.31,0.127479,WiFi6_5GHz
UE_001452,0.0097,24.26,18.8787,-70.74,0.0006795496,14.7,1.5,1.5198,-17.0694,3.2e-05,0,0,66.5234,5.161874,WiFi6_5GHz
UE_001453,0.0047,44.22,40.8674,-50.78,2.9e-09,28.71,1.6335,0.2998,17.9542,1.6e-05,0,0,82.0147,11.426751,WiFi6_5GHz
UE_001454,0.0044,25.95,21.5094,-69.05,8.286e-06,10.05,1.5696,0.0749,24.3754,1.5e-05,0,0,64.2529,6.948139,WiFi6_5GHz
UE_001455,0.0125,52.49,47.7935,-42.51,2.5e-09,23.33,1.6171,0.0678,26.5621,4.2e-05,0,0,81.276,11.538643,WiFi6_5GHz
UE_001456,0.0128,7.18,1.9131,-87.82,0.0162684731,12.77,1.5,21.1591,-28.9356,4.3e-05,0,0,39.5386,1.064985,WiFi6_5GHz
UE_001457,0.0107,31.84,24.1904,-63.16,3.7802e-06,17.77,1.5,0.156,-8.2631,3.6e-05,0,0,70.2615,7.977045,WiFi6_5GHz
UE_001458,0.0026,26.18,21.7116,-68.82,3.466e-07,20.9,1.9066,0.4086,16.1667,9e-06,0,0,68.8749,7.330454,WiFi6_5GHz
UE_001459,0.0049,23.99,18.2133,-71.01,0.0009197903,11.44,1.5,0.7858,-16.4153,1.6e-05,0,0,68.716,5.045931,WiFi6_5GHz
UE_001460,0.0115,31.81,28.2957,-63.19,2.3477e-06,15.25,1.5,0.4625,-22.7527,3.8e-05,0,0,74.1345,7.800987,WiFi6_5GHz
UE_001461,0.0035,35.54,30.2277,-59.46,9.1e-09,15.16,1.8005,0.0234,11.8403,1.2e-05,0,0,75.0871,11.740822,WiFi6_5GHz
UE_001462,0.0093,8.24,4.7504,-86.76,0.0308110857,22.64,1.5,37.681,10.3197,3.1e-05,0,0,30.349,1.649972,WiFi6_5GHz
UE_001463,0.0129,-0.95,-8.5066,-95.95,0.1198141679,16.69,1.6098,38.5053,-5.2337,4.3e-05,0,0,22.1002,0.117225,WiFi6_5GHz
UE_001464,0.004,9.43,3.9536,-85.57,0.0125747653,5.86,1.5,18.7319,-31.67,1.3e-05,0,0,42.8346,2.137826,WiFi6_5GHz
UE_001465,0.0107,16.84,12.7655,-78.16,0.0008375786,41.03,1.5,0.932,30.5309,3.6e-05,0,0,63.6546,3.808108,WiFi6_5GHz
UE_001466,0.0075,1.05,-5.241,-93.95,0.0580769787,24.84,1.5,15.9655,22.3355,2.5e-05,0,0,36.7694,0.12323,WiFi6_5GHz
UE_001467,0.0038,-5.24,-10.5674,-100.24,0.0963564472,6.49,1.5,29.5575,31.67,1.3e-05,0,0,27.6022,0.202784,WiFi6_5GHz
UE_001468,0.0117,34.32,29.1537,-60.68,8.6461e-06,16.2,1.5,0.4808,-17.0471,3.9e-05,0,0,73.5094,10.941692,WiFi6_5GHz
UE_001469,0.0129,26.85,20.3356,-68.15,8.9352e-06,18.69,1.5,0.4436,-1.7277,4.3e-05,0,0,70.1264,6.84837,WiFi6_5GHz
UE_001470,0.0028,39.02,34.97,-55.98,4.7e-09,17.67,1.5,0.0674,5.1216,9e-06,0,0,81.9338,11.772479,WiFi6_5GHz
UE_001471,0.0029,-0.76,-7.8108,-95.76,0.0764803806,11.04,1.5,15.8639,-8.7024,1e-05,0,0,39.4419,0.1,WiFi6_5GHz
UE_001472,0.0094,17.98,11.8786,-77.02,0.0007700612,32.2,1.5646,1.9344,15.6373,3.1e-05,0,0,59.1442,3.521684,WiFi6_5GHz
UE_001473,0.0111,68.31,65.5669,-26.69,3.4e-09,13.08,1.5606,0.4739,25.8568,3.7e-05,0,0,77.527,11.816009,WiFi6_5GHz
UE_001474,0.0113,47.74,38.2045,-47.26,3.6e-09,14.86,1.5,0.478,11.093,3.8e-05,0,0,78.9444,11.683984,WiFi6_5GHz
UE_001475,0.0039,44.54,39.3476,-50.46,9.4e-09,18.01,1.5,0.0204,31.67,1.3e-05,0,0,83.9769,11.611341,WiFi6_5GHz
UE_001476,0.0135,2.07,-3.6022,-92.93,0.0990452024,18.19,1.5,22.9316,31.4716,4.5e-05,0,0,32.896,0.300371,WiFi6_5GHz
UE_001477,0.0128,31.55,29.0299,-63.45,3.0329e-06,22.05,1.5,0.2259,-24.7464,4.3e-05,0,0,74.5107,7.593684,WiFi6_5GHz
UE_001478,0.0019,41.04,35.5223,-53.96,3.5e-09,35.21,1.5,0.02,-14.8104,6e-06,0,0,82.9738,11.518638,WiFi6_5GHz
UE_001479,0.0075,26.63,17.4642,-68.37,5.3293e-06,19.27,1.5,0.3889,14.4999,2.5e-05,0,0,70.9466,6.961046,WiFi6_5GHz
UE_001480,0.0076,7.84,3.213,-87.16,0.0169178846,23.72,1.5,15.3263,-29.3113,2.5e-05,0,0,45.6504,1.194659,WiFi6_5GHz
UE_001481,0.0124,41.07,34.7981,-53.93,8.9e-09,13.62,1.5,0.263,-31.67,4.1e-05,0,0,80.3878,11.89961,WiFi6_5GHz
UE_001482,0.0066,18.8,11.7925,-76.2,0.0001166664,17.0,1.5,1.5748,27.185,2.2e-05,0,0,60.2501,3.409881,WiFi6_5GHz
UE_001483,0.0043,3.99,-1.3699,-91.01,0.0992636398,20.93,1.5,18.9011,-25.3044,1.4e-05,0,0,38.0331,0.305057,WiFi6_5GHz
UE_001484,0.0121,15.29,13.0227,-79.71,0.0003195795,17.01,1.5,0.9971,4.91,4e-05,0,0,58.6123,3.740724,WiFi6_5GHz
UE_001485,0.0051,48.97,45.8524,-46.03,3.9e-09,17.96,1.7091,0.0386,-17.4595,1.7e-05,0,0,80.971,11.424455,WiFi6_5GHz
UE_001486,0.0077,-0.17,-5.8001,-95.17,0.1024169976,21.57,1.5,16.637,-31.67,2.6e-05,0,0,37.843,0.214526,WiFi6_5GHz
UE_001487,0.0135,48.77,44.2409,-46.23,6.3e-09,21.89,1.5,0.2984,-6.1479,4.5e-05,0,0,79.8896,11.587594,WiFi6_5GHz
UE_001488,0.013,5.86,-1.0296,-89.14,0.0376002592,9.89,1.5,28.9658,27.4825,4.3e-05,0,0,32.73,1.208884,WiFi6_5GHz
UE_001489,0.004,17.44,13.6389,-77.56,0.000869393,14.24,1.5,0.6606,-19.6735,1.3e-05,0,0,57.8827,3.364632,WiFi6_5GHz
UE_001490,0.0094,13.23,8.6085,-81.77,0.0084977198,22.39,1.5,3.8317,-27.1107,3.1e-05,0,0,51.9741,2.266137,WiFi6_5GHz
UE_001491,0.0052,8.11,0.7403,-86.89,0.029741552,17.85,1.5,8.1371,-21.0053,1.7e-05,0,0,50.5896,1.612587,WiFi6_5GHz
UE_001492,0.0137,35.78,28.3757,-59.22,4.9e-09,17.9,1.6009,0.1624,-19.2421,4.6e-05,0,0,75.9093,11.547132,WiFi6_5GHz
UE_001493,0.0054,8.19,3.4553,-86.81,0.0120062231,14.74,1.5,11.9958,-8.9786,1.8e-05,0,0,42.7925,1.485919,WiFi6_5GHz
UE_001494,0.0093,9.16,5.1072,-85.84,0.0175178349,14.06,1.5,32.1364,17.6627,3.1e-05,0,0,30.5006,1.45202,WiFi6_5GHz
UE_001495,0.0125,-4.91,-7.9088,-99.91,0.1495324698,16.35,1.5,17.3282,-9.4233,4.2e-05,0,0,36.3545,0.370482,WiFi6_5GHz
UE_001496,0.0033,-4.93,-13.3477,-99.93,0.1000110873,12.92,1.5,12.3123,-26.1967,1.1e-05,0,0,38.1583,0.508712,WiFi6_5GHz
UE_001497,0.0072,44.1,36.3177,-50.9,4.4e-09,16.26,1.5,0.3611,2.7031,2.4e-05,0,0,80.4066,11.716779,WiFi6_5GHz
UE_001498,0.011,3.23,-3.9786,-91.77,0.0532913134,8.37,1.5,21.2935,23.1715,3.7e-05,0,0,35.1431,0.50379,WiFi6_5GHz
UE_001499,0.002,6.83,2.478,-88.17,0.0233866516,17.46,1.5,25.2257,24.6825,7e-06,0,0,38.3029,0.998478,WiFi6_5GHz
UE_001500,0.0027,19.13,13.4188,-75.87,8.99883e-05,17.81,1.5,1.1485,13.8082,9e-06,0,0,65.2157,4.338416,WiFi6_5GHz
UE_001501,0.0134,43.75,38.0546,-51.25,3.7e-09,14.65,1.5,0.237,13.224,4.5e-05,0,0,78.8211,11.845623,WiFi6_5GHz
UE_001502,0.0112,16.34,10.332,-78.66,0.0006192116,12.29,1.5,1.0203,-13.8215,3.7e-05,0,0,57.4167,3.285933,WiFi6_5GHz
UE_001503,0.0076,49.22,42.439,-45.78,3.2e-09,4.08,1.5,0.4292,-12.5957,2.5e-05,0,0,82.669,11.669074,WiFi6_5GHz
UE_001504,0.0129,58.9,50.4182,-36.1,2e-10,16.83,1.5051,0.1032,-22.0019,4.3e-05,0,0,78.4051,11.813373,WiFi6_5GHz
UE_001505,0.01,73.96,67.3827,-21.04,2.1e-09,15.8,1.5,0.4786,-31.67,3.3e-05,0,0,80.3168,11.633657,WiFi6_5GHz
UE_001506,0.0059,37.08,32.6502,-57.92,2.5e-09,14.6,1.5,0.3741,-2.7927,2e-05,0,0,78.1158,11.628154,WiFi6_5GHz
UE_001507,0.0027,46.98,43.2782,-48.02,9.5e-09,15.78,1.5,0.0182,26.3852,9e-06,0,0,79.7897,11.594425,WiFi6_5GHz
UE_001508,0.0021,35.9,28.1078,-59.1,8.4e-09,17.22,1.5,0.013,11.047,7e-06,0,0,74.0665,11.746153,WiFi6_5GHz
UE_001509,0.0014,42.79,38.2297,-52.21,8.5e-09,21.04,1.5,0.1225,-22.8143,5e-06,0,0,80.736,11.470259,WiFi6_5GHz
UE_001510,0.0029,16.52,10.0971,-78.48,0.0004906402,8.91,1.5,0.8917,-2.4948,1e-05,0,0,61.4051,3.439479,WiFi6_5GHz
UE_001511,0.011,8.18,2.7215,-86.82,0.027738296,16.66,1.5,33.757,6.315,3.7e-05,0,0,31.4158,1.614845,WiFi6_5GHz
UE_001512,0.0067,23.56,15.5627,-71.44,0.0007735423,10.35,1.5,1.9683,18.7797,2.2e-05,0,0,64.8796,5.238377,WiFi6_5GHz
UE_001513,0.0074,51.26,46.0647,-43.74,1.8e-09,16.56,1.5,0.3869,-7.6661,2.5e-05,0,0,79.8138,11.781103,WiFi6_5GHz
UE_001514,0.003,43.98,39.6164,-51.02,8.2e-09,12.86,1.5,0.3684,25.9941,1e-05,0,0,78.0446,11.794825,WiFi6_5GHz
UE_001515,0.013,24.71,21.9135,-70.29,0.0004582092,11.39,1.5,1.6223,-23.0054,4.3e-05,0,0,65.6686,5.709675,WiFi6_5GHz
UE_001516,0.002,46.97,40.6152,-48.03,8.9e-09,10.51,1.5,0.0889,-23.8185,7e-06,0,0,81.8786,11.545132,WiFi6_5GHz
UE_001517,0.006,2.99,-4.8515,-92.01,0.127950093,19.44,1.5,37.7774,-25.292,2e-05,0,0,25.0718,0.734302,WiFi6_5GHz
UE_001518,0.0049,26.77,24.56,-68.23,3.517e-06,17.11,1.5,0.1783,16.2943,1.6e-05,0,0,67.5784,6.694081,WiFi6_5GHz
UE_001519,0.0125,36.49,33.6399,-58.51,3.2e-09,0.74,1.5,0.3928,-25.9138,4.2e-05,0,0,75.2138,11.307562,WiFi6_5GHz
UE_001520,0.0037,-6.99,-11.4232,-101.99,0.0713087549,15.13,1.5,38.0755,-17.9892,1.2e-05,0,0,25.5208,0.724406,WiFi6_5GHz
UE_001521,0.0015,2.02,-3.3721,-92.98,0.1334236022,24.7,1.5,26.7737,-0.2858,5e-06,0,0,29.4553,0.806052,WiFi6_5GHz
UE_001522,0.0056,10.57,7.0687,-84.43,0.0389028865,31.19,1.5,7.2313,-19.3647,1.9e-05,0,0,50.8849,1.910339,WiFi6_5GHz
UE_001523,0.0101,0.63,-7.0351,-94.37,0.1210514932,13.56,1.5,34.8933,-26.2471,3.4e-05,0,0,23.4337,0.1,WiFi6_5GHz
UE_001524,0.0082,41.68,33.1539,-53.32,2.1e-09,14.53,1.5,0.3701,22.9922,2.7e-05,0,0,80.1438,11.467914,WiFi6_5GHz
UE_001525,0.0121,1.57,-4.323,-93.43,0.107513147,23.83,1.6451,25.8263,-7.7084,4e-05,0,0,32.301,0.522819,WiFi6_5GHz
UE_001526,0.0092,35.3,32.2104,-59.7,3e-09,23.98,1.7478,0.4606,-17.7866,3.1e-05,0,0,78.968,11.726667,WiFi6_5GHz
UE_001527,0.0046,10.4,6.5696,-84.6,0.0347442859,16.11,1.5,2.1331,31.67,1.5e-05,0,0,56.7862,1.830506,WiFi6_5GHz
UE_001528,0.0074,15.61,12.8113,-79.39,0.0008730621,17.03,1.5,0.9698,10.6528,2.5e-05,0,0,59.6794,3.74051,WiFi6_5GHz
UE_001529,0.012,4.11,2.2426,-90.89,0.083206619,13.18,1.5,14.4367,11.913,4e-05,0,0,41.2212,0.57668,WiFi6_5GHz
UE_001530,0.0097,51.78,46.8706,-43.22,3.1e-09,18.52,1.5,0.4129,0.0508,3.2e-05,0,0,80.5442,11.721884,WiFi6_5GHz
UE_001531,0.0114,61.06,56.4325,-33.94,7.9e-09,12.76,1.5,0.1008,-1.6844,3.8e-05,0,0,80.0843,11.867921,WiFi6_5GHz
UE_001532,0.0135,6.24,3.2509,-88.76,0.0154974023,10.59,1.5,37.409,6.1315,4.5e-05,0,0,26.971,0.944649,WiFi6_5GHz
UE_001533,0.0074,8.28,3.2012,-86.72,0.0103244371,21.36,1.5,25.7389,-18.0871,2.5e-05,0,0,31.9335,1.638085,WiFi6_5GHz
UE_001534,0.0028,37.73,32.8624,-57.27,4.6e-09,7.33,1.5,0.4897,-23.974,9e-06,0,0,77.0435,11.842809,WiFi6_5GHz
UE_001535,0.0077,37.22,28.2357,-57.78,4.8e-09,13.97,1.5,0.1999,15.6069,2.6e-05,0,0,74.892,11.765104,WiFi6_5GHz
UE_001536,0.0125,35.31,29.5863,-59.69,1.7e-09,12.66,1.5,0.0567,-18.8744,4.2e-05,0,0,70.4434,11.792715,WiFi6_5GHz
UE_001537,0.0066,13.98,6.9496,-81.02,0.0122358176,15.91,1.5,7.6713,26.0887,2.2e-05,0,0,52.2515,2.298689,WiFi6_5GHz
UE_001538,0.0114,-1.84,-7.2129,-96.84,0.1436497624,18.04,1.5,11.4318,24.0761,3.8e-05,0,0,37.2115,0.205642,WiFi6_5GHz
UE_001539,0.0077,6.02,-0.6217,-88.98,0.0251697229,13.47,1.5,10.9316,-13.423,2.6e-05,0,0,41.6727,1.348648,WiFi6_5GHz
UE_001540,0.0117,60.42,54.1635,-34.58,9e-09,20.97,1.5,0.4822,-1.5714,3.9e-05,0,0,79.2249,11.851443,WiFi6_5GHz
UE_001541,0.0104,9.88,1.0822,-85.12,0.0397523578,7.29,1.5,21.3536,8.5481,3.5e-05,0,0,41.1365,1.886087,WiFi6_5GHz
UE_001542,0.0108,5.97,-1.8092,-89.03,0.0444114141,11.8,1.9564,32.4195,9.3432,3.6e-05,0,0,30.3298,1.249442,WiFi6_5GHz
UE_001543,0.0037,21.29,15.2665,-73.71,3.19004e-05,17.95,1.5,0.5445,21.3919,1.2e-05,0,0,65.1432,5.060641,WiFi6_5GHz
UE_001544,0.0077,55.02,50.7529,-39.98,5.4e-09,12.65,1.6001,0.036,26.0239,2.6e-05,0,0,81.682,11.468524,WiFi6_5GHz
UE_001545,0.0099,13.79,9.9278,-81.21,0.0227805158,18.42,1.5544,3.8596,-7.2051,3.3e-05,0,0,56.1604,2.573534,WiFi6_5GHz
UE_001546,0.0087,35.36,32.3392,-59.64,6.3e-09,18.86,1.5,0.2713,12.6318,2.9e-05,0,0,79.2342,11.64895,WiFi6_5GHz
UE_001547,0.0012,11.3,7.5385,-83.7,0.0049882304,10.79,1.5,5.35,-23.1641,4e-06,0,0,53.4717,2.368414,WiFi6_5GHz
UE_001548,0.0057,14.62,9.9815,-80.38,0.0057551688,13.22,1.5,2.261,-22.8203,1.9e-05,0,0,55.8512,2.26364,WiFi6_5GHz
UE_001549,0.0066,19.42,11.222,-75.58,0.0005685187,17.71,1.5,0.978,-0.893,2.2e-05,0,0,65.9382,4.796201,WiFi6_5GHz
UE_001550,0.0017,5.07,-0.5815,-89.93,0.0322332452,30.08,1.5,37.2172,21.0613,6e-06,0,0,26.8276,1.500133,WiFi6_5GHz
UE_001551,0.0106,21.74,14.3839,-73.26,0.00066599,12.9,1.5,0.7034,-8.1149,3.5e-05,0,0,64.5175,5.016572,WiFi6_5GHz
UE_001552,0.0029,32.89,25.0745,-62.11,4.4229e-06,6.6,1.5,0.1456,2.6428,1e-05,0,0,71.9606,10.228041,WiFi6_5GHz
UE_001553,0.0038,26.83,22.081,-68.17,4.4037e-06,14.0,1.5,0.1006,-11.9424,1.3e-05,0,0,66.3893,6.983459,WiFi6_5GHz
UE_001554,0.0097,5.43,0.9361,-89.57,0.0417174174,8.17,1.5,28.3549,-31.67,3.2e-05,0,0,24.5403,1.179716,WiFi6_5GHz
UE_001555,0.0015,17.09,12.5738,-77.91,0.0008393238,16.22,1.5,1.396,2.3095,5e-06,0,0,59.3443,3.582981,WiFi6_5GHz
UE_001556,0.0025,4.15,-0.6955,-90.85,0.0939560589,16.94,1.5,17.1099,31.67,8e-06,0,0,38.8286,0.346706,WiFi6_5GHz
UE_001557,0.0073,19.39,15.3387,-75.61,0.0008913322,9.12,1.5,0.6909,-11.6446,2.4e-05,0,0,56.014,4.802229,WiFi6_5GHz
UE_001558,0.0127,28.44,21.4882,-66.56,4.8263e-06,13.18,1.5,0.3362,19.6989,4.2e-05,0,0,69.9491,7.64709,WiFi6_5GHz
UE_001559,0.0044,9.28,2.4842,-85.72,0.0295180195,24.0,1.5,28.1877,25.4545,1.5e-05,0,0,34.2157,1.880565,WiFi6_5GHz
UE_001560,0.013,6.9,4.0251,-88.1,0.0465877073,11.8,1.5,32.7402,24.2053,4.3e-05,0,0,30.1418,1.125891,WiFi6_5GHz
UE_001561,0.0066,13.52,6.1839,-81.48,0.0453023865,12.22,1.5,2.0568,20.4728,2.2e-05,0,0,54.5563,2.406045,WiFi6_5GHz
UE_001562,0.0031,15.88,7.8224,-79.12,0.0007456372,12.42,1.5,1.4636,-8.3767,1e-05,0,0,55.6667,3.854169,WiFi6_5GHz
UE_001563,0.0064,28.54,20.9616,-66.46,9.9167e-06,18.34,1.5,0.2664,-6.006,2.1e-05,0,0,71.2243,8.136656,WiFi6_5GHz
UE_001564,0.0083,53.61,49.8203,-41.39,4.9e-09,12.67,1.5,0.447,-9.9047,2.8e-05,0,0,76.7458,11.768992,WiFi6_5GHz
UE_001565,0.0068,10.82,4.5288,-84.18,0.047902701,8.53,1.5,5.7799,-31.67,2.3e-05,0,0,48.6078,1.959125,WiFi6_5GHz
UE_001566,0.0061,32.32,25.207,-62.68,2.0297e-06,10.76,1.5,0.078,-17.5834,2e-05,0,0,72.3254,10.420783,WiFi6_5GHz
UE_001567,0.0141,10.98,4.1476,-84.02,0.0260304531,13.93,1.5,6.6722,-30.9032,4.7e-05,0,0,49.6008,1.773084,WiFi6_5GHz
UE_001568,0.0116,58.56,53.5373,-36.44,8.6e-09,9.69,1.5,0.2227,21.6486,3.9e-05,0,0,77.3918,11.715386,WiFi6_5GHz
UE_001569,0.0102,16.96,13.0671,-78.04,0.0009506141,36.95,1.5,1.0409,1.6591,3.4e-05,0,0,61.0587,3.945857,WiFi6_5GHz
UE_001570,0.0061,6.6,-0.6891,-88.4,0.0417177976,22.54,1.5,30.7053,21.1549,2e-05,0,0,30.9509,1.154015,WiFi6_5GHz
UE_001571,0.0041,35.16,31.4923,-59.84,7e-10,12.21,1.5,0.1881,5.1154,1.4e-05,0,0,75.035,11.833564,WiFi6_5GHz
UE_001572,0.0017,17.17,11.3475,-77.83,0.0002045141,16.28,1.5,1.5192,8.938,6e-06,0,0,59.3022,3.722048,WiFi6_5GHz
UE_001573,0.0129,20.58,15.1627,-74.42,0.0006848373,18.88,1.5,1.4975,-26.0063,4.3e-05,0,0,61.3569,4.668772,WiFi6_5GHz
UE_001574,0.0133,12.88,7.6345,-82.12,0.0388288913,20.48,1.5,2.7196,5.0837,4.4e-05,0,0,55.1704,2.444235,WiFi6_5GHz
UE_001575,0.0038,45.27,39.0617,-49.73,4e-10,16.02,1.5,0.421,-14.5451,1.3e-05,0,0,84.465,11.74416,WiFi6_5GHz
UE_001576,0.0121,27.7,22.0576,-67.3,6.1343e-06,8.38,1.5,0.2079,30.1941,4e-05,0,0,67.1519,7.063287,WiFi6_5GHz
UE_001577,0.0126,10.12,3.3348,-84.88,0.0389510162,28.7,1.5,3.8493,31.67,4.2e-05,0,0,54.0061,1.939765,WiFi6_5GHz
UE_001578,0.0107,5.79,1.0103,-89.21,0.0403811657,29.42,1.5,17.2991,20.2603,3.6e-05,0,0,40.211,1.22335,WiFi6_5GHz
UE_001579,0.006,6.94,1.6158,-88.06,0.0332980137,23.61,1.5,27.6611,-0.6114,2e-05,0,0,37.6834,1.364711,WiFi6_5GHz
UE_001580,0.0055,58.07,49.3502,-36.93,1.8e-09,19.42,1.5,0.2242,23.43,1.8e-05,0,0,79.1257,11.809744,WiFi6_5GHz
UE_001581,0.0122,18.4,10.2846,-76.6,0.0008308346,17.83,1.5,1.6374,10.1886,4.1e-05,0,0,63.663,3.307052,WiFi6_5GHz
UE_001582,0.011,24.44,17.8466,-70.56,0.0006678094,17.22,1.5069,1.6445,-0.9491,3.7e-05,0,0,64.0044,5.185578,WiFi6_5GHz
UE_001583,0.0129,62.09,58.7256,-32.91,5.5e-09,11.95,1.5,0.3209,-26.4435,4.3e-05,0,0,78.2135,11.489996,WiFi6_5GHz
UE_001584,0.0033,12.33,6.2856,-82.67,0.01522556,10.7,1.5,3.2447,15.1021,1.1e-05,0,0,52.8247,2.408552,WiFi6_5GHz
UE_001585,0.0077,35.42,30.6355,-59.58,1.8e-09,17.96,1.5,0.1894,7.7188,2.6e-05,0,0,73.6935,11.91384,WiFi6_5GHz
UE_001586,0.0061,16.73,9.5507,-78.27,0.0006603039,9.86,1.5,1.8394,-18.1109,2e-05,0,0,58.3111,3.348079,WiFi6_5GHz
UE_001587,0.0015,5.56,1.9212,-89.44,0.0186130319,18.56,1.5,33.3991,-9.5911,5e-06,0,0,27.7954,1.110265,WiFi6_5GHz
UE_001588,0.004,15.6,12.1367,-79.4,0.0003709616,15.53,1.5,0.7156,-30.8481,1.3e-05,0,0,57.1965,3.2306,WiFi6_5GHz
UE_001589,0.0135,32.99,24.8595,-62.01,8.001e-07,18.18,1.7605,0.146,0.7336,4.5e-05,0,0,73.5639,10.878795,WiFi6_5GHz
UE_001590,0.0096,30.68,25.7207,-64.32,1.7492e-06,19.01,1.5,0.2679,23.8915,3.2e-05,0,0,76.4972,8.221151,WiFi6_5GHz
UE_001591,0.0055,48.45,41.9871,-46.55,5.9e-09,6.22,1.5,0.3921,5.6279,1.8e-05,0,0,75.83,11.512118,WiFi6_5GHz
UE_001592,0.0073,13.15,7.5491,-81.85,0.0128689804,10.62,1.5,4.1165,11.3625,2.4e-05,0,0,57.2278,2.234521,WiFi6_5GHz
UE_001593,0.0137,30.66,25.1025,-64.34,9.2027e-06,18.24,1.5692,0.3015,-25.2842,4.6e-05,0,0,70.3266,7.890955,WiFi6_5GHz
UE_001594,0.0109,-3.69,-13.0427,-98.69,0.1311056378,22.15,1.5,27.3983,6.2144,3.6e-05,0,0,26.2571,0.28072,WiFi6_5GHz
UE_001595,0.0011,38.31,33.0887,-56.69,8e-10,20.97,1.6051,0.3644,0.4298,4e-06,0,0,76.3429,11.696434,WiFi6_5GHz
UE_001596,0.0054,44.6,43.0325,-50.4,5.2e-09,0.0,1.5,0.2756,8.1095,1.8e-05,0,0,79.8453,11.603969,WiFi6_2.4GHz
UE_001597,0.0056,50.65,47.9313,-44.35,1.3e-09,0.0,1.5,0.0786,14.9417,1.9e-05,0,0,73.587,11.90355,WiFi6_2.4GHz
UE_001598,0.0031,21.84,17.3668,-73.16,2.25219e-05,0.0,1.5,1.3588,-14.9556,1e-05,0,0,66.8069,5.440936,WiFi6_2.4GHz
UE_001599,0.0012,24.17,20.2217,-70.83,0.0008901776,0.0,1.5,0.7068,6.7742,4e-06,0,0,64.9548,5.218192,WiFi6_2.4GHz
UE_001600,0.005,81.66,77.1455,-13.34,2.2e-09,0.0,1.5,0.1506,-0.6485,1.7e-05,0,0,78.2624,11.575653,WiFi6_2.4GHz
UE_001601,0.0074,31.5,29.1536,-63.5,1.6782e-06,0.0,1.5,0.3783,15.4285,2.5e-05,0,0,70.8013,7.649764,WiFi6_2.4GHz
UE_001602,0.0046,65.31,62.0775,-29.69,5.8e-09,0.0,1.5,0.1433,5.7723,1.5e-05,0,0,80.5248,11.795174,WiFi6_2.4GHz
UE_001603,0.008,28.05,22.4923,-66.95,2.9886e-06,0.0,1.5,0.2787,9.8987,2.7e-05,0,0,66.3863,7.586441,WiFi6_2.4GHz
UE_001604,0.0075,22.23,19.5327,-72.77,0.0006622406,0.0,1.5,1.3063,5.2226,2.5e-05,0,0,62.2354,5.225586,WiFi6_2.4GHz
UE_001605,0.01,21.92,19.8823,-73.08,0.0002956695,0.0,1.5,1.5198,-11.4359,3.3e-05,0,0,58.0269,5.339706,WiFi6_2.4GHz
UE_001606,0.0057,19.65,15.1411,-75.35,0.0002063366,0.0,1.5,1.7752,-4.3511,1.9e-05,0,0,60.6226,5.009385,WiFi6_2.4GHz
UE_001607,0.0055,54.75,53.282,-40.25,9.9e-09,0.0,1.5,0.2577,0.8471,1.8e-05,0,0,75.7846,11.585719,WiFi6_2.4GHz
UE_001608,0.0021,51.5,47.6724,-43.5,5.6e-09,0.0,1.5,0.2301,8.1153,7e-06,0,0,78.4195,11.662266,WiFi6_2.4GHz
UE_001609,0.0061,64.4,59.2186,-30.6,4.6e-09,0.0,1.5,0.1624,1.8861,2e-05,0,0,79.0606,11.576528,WiFi6_2.4GHz
UE_001610,0.0033,21.77,18.3552,-73.23,0.0004175805,0.0,1.5,1.6818,-1.8238,1.1e-05,0,0,63.1179,5.362931,WiFi6_2.4GHz
UE_001611,0.0098,35.02,33.0267,-59.98,8e-10,0.0,1.5,0.1523,11.2167,3.3e-05,0,0,73.3734,11.447374,WiFi6_2.4GHz
UE_001612,0.0048,22.15,18.936,-72.85,0.0001383942,0.0,1.5,1.1317,-4.2649,1.6e-05,0,0,58.8289,5.479015,WiFi6_2.4GHz
UE_001613,0.0052,34.01,31.0075,-60.99,9.5906e-06,0.0,1.5265,0.1728,14.1099,1.7e-05,0,0,72.9564,10.343613,WiFi6_2.4GHz
UE_001614,0.0019,29.48,28.171,-65.52,5.4458e-06,0.0,1.5,0.0601,-11.3654,6e-06,0,0,67.7888,7.593036,WiFi6_2.4GHz
UE_001615,0.0035,28.61,23.8994,-66.39,2.9954e-06,0.0,1.5,0.3061,10.7298,1.2e-05,0,0,70.6227,7.838955,WiFi6_2.4GHz
UE_001616,0.0108,24.13,21.901,-70.87,0.0003328825,0.0,1.5,0.9187,5.9015,3.6e-05,0,0,61.8123,5.228333,WiFi6_2.4GHz
UE_001617,0.0043,31.38,28.7602,-63.62,8.6117e-06,0.0,1.5,0.0612,8.998,1.4e-05,0,0,73.2404,7.774723,WiFi6_2.4GHz
UE_001618,0.0082,53.9,50.9936,-41.1,1.5e-09,0.0,1.5,0.2327,-3.5114,2.7e-05,0,0,77.6463,11.665535,WiFi6_2.4GHz
UE_001619,0.0072,42.58,41.6253,-52.42,5.1e-09,0.0,1.5,0.1047,11.9513,2.4e-05,0,0,80.5997,11.717667,WiFi6_2.4GHz
UE_001620,0.0107,24.8,20.1868,-70.2,0.0004298797,0.0,1.5,1.3285,3.7663,3.6e-05,0,0,63.952,5.247305,WiFi6_2.4GHz
UE_001621,0.0066,74.19,71.4379,-20.81,3.3e-09,0.0,1.5,0.3251,11.0481,2.2e-05,0,0,76.7246,11.626771,WiFi6_2.4GHz
UE_001622,0.002,15.68,14.2482,-79.32,0.0006481521,0.0,1.5,1.2538,-5.1512,7e-06,0,0,55.2893,3.104625,WiFi6_2.4GHz
UE_001623,0.0091,32.91,29.1359,-62.09,6.0635e-06,0.0,1.5,0.0587,7.078,3e-05,0,0,72.5531,10.557819,WiFi6_2.4GHz
UE_001624,0.0053,31.13,27.6637,-63.87,2.5994e-06,0.0,1.5,0.0371,4.6457,1.8e-05,0,0,68.9711,7.852201,WiFi6_2.4GHz
UE_001625,0.011,21.14,19.8145,-73.86,0.0001330732,0.0,1.5,0.9316,4.1418,3.7e-05,0,0,63.8117,5.085536,WiFi6_2.4GHz
UE_001626,0.0109,23.48,20.4408,-71.52,0.0001238573,0.0,1.5,1.0049,-15.2746,3.6e-05,0,0,60.8543,5.291093,WiFi6_2.4GHz
UE_001627,0.0066,58.76,55.1076,-36.24,8.8e-09,0.0,1.5,0.125,-12.625,2.2e-05,0,0,81.8052,11.496735,WiFi6_2.4GHz
UE_001628,0.0089,46.35,41.7863,-48.65,1.1e-09,0.0,1.5,0.1125,-8.0439,3e-05,0,0,76.388,11.599233,WiFi6_2.4GHz
UE_001629,0.0109,63.11,60.2309,-31.89,4.2e-09,0.0,1.582,0.1909,-9.0346,3.6e-05,0,0,78.6917,11.744578,WiFi6_2.4GHz
UE_001630,0.0104,30.57,26.5402,-64.43,3.8769e-06,0.0,1.5,0.0889,3.9911,3.5e-05,0,0,68.9186,7.349323,WiFi6_2.4GHz
UE_001631,0.0015,49.31,47.8272,-45.69,2.8e-09,0.0,1.5,0.0016,-0.8625,5e-06,0,0,80.7752,11.901976,WiFi6_2.4GHz
UE_001632,0.0068,37.34,34.4392,-57.66,6.1e-09,0.0,1.5,0.3308,0.8566,2.3e-05,0,0,74.4465,11.903386,WiFi6_2.4GHz
UE_001633,0.0099,64.63,64.3684,-30.37,1.7e-09,0.0,1.5,0.206,-5.0274,3.3e-05,0,0,77.6485,11.624797,WiFi6_2.4GHz
UE_001634,0.0035,24.74,22.4765,-70.26,0.0004239462,0.0,1.7474,0.5371,-11.4518,1.2e-05,0,0,62.5513,5.09882,WiFi6_2.4GHz
UE_001635,0.0049,62.32,59.5484,-32.68,4.9e-09,0.0,1.5,0.2856,-13.1708,1.6e-05,0,0,77.8334,11.477905,WiFi6_2.4GHz
UE_001636,0.001,60.03,58.8968,-34.97,9.3e-09,0.0,1.5,0.2467,-10.272,3e-06,0,0,81.2294,11.806906,WiFi6_2.4GHz
UE_001637,0.0047,51.69,47.3287,-43.31,4e-09,0.0,1.5,0.2473,-5.3072,1.6e-05,0,0,78.332,11.561272,WiFi6_2.4GHz
UE_001638,0.0039,28.32,26.3324,-66.68,6.1211e-06,0.0,1.5,0.1358,-1.7688,1.3e-05,0,0,70.3983,7.789407,WiFi6_2.4GHz
UE_001639,0.009,37.55,34.8581,-57.45,5.9e-09,0.0,1.5,0.4918,3.2211,3e-05,0,0,73.5276,11.927851,WiFi6_2.4GHz
UE_001640,0.0014,69.76,67.5901,-25.24,3.8e-09,0.0,1.5,0.433,14.5642,5e-06,0,0,83.8708,12.048412,WiFi6_2.4GHz
UE_001641,0.0045,41.16,41.1152,-53.84,3.8e-09,0.0,1.5,0.337,7.6919,1.5e-05,0,0,77.0772,11.767142,WiFi6_2.4GHz
UE_001642,0.008,31.14,28.0846,-63.86,6.3875e-06,0.0,1.5,0.1402,7.1122,2.7e-05,0,0,69.7691,8.063407,WiFi6_2.4GHz
UE_001643,0.0024,63.3,59.6997,-31.7,7.8e-09,0.0,1.5,0.1737,-2.8918,8e-06,0,0,77.7838,11.780484,WiFi6_2.4GHz
UE_001644,0.0012,64.18,62.5897,-30.82,1.3e-09,0.0,1.5382,0.3967,-11.9828,4e-06,0,0,73.3016,11.928945,WiFi6_2.4GHz
UE_001645,0.0059,42.67,41.2481,-52.33,5e-10,0.0,1.5,0.364,-2.9627,2e-05,0,0,76.682,11.782933,WiFi6_2.4GHz
UE_001646,0.0014,54.96,50.4829,-40.04,1.9e-09,0.0,1.5,0.1074,-4.8264,5e-06,0,0,81.2456,11.576615,WiFi6_2.4GHz
UE_001647,0.0057,70.36,67.6399,-24.64,5.6e-09,0.0,1.5,0.1791,2.1564,1.9e-05,0,0,82.6685,11.448762,WiFi6_2.4GHz
UE_001648,0.0092,57.2,54.2485,-37.8,6e-09,0.0,1.5,0.4921,13.0603,3.1e-05,0,0,77.0263,11.340482,WiFi6_2.4GHz
UE_001649,0.0053,36.91,34.7507,-58.09,2.4e-09,0.0,1.5,0.3536,8.8208,1.8e-05,0,0,75.0421,11.886415,WiFi6_2.4GHz
UE_001650,0.0042,39.95,39.1823,-55.05,7.3e-09,0.0,1.5,0.2131,-11.79,1.4e-05,0,0,75.4734,11.547001,WiFi6_2.4GHz
UE_001651,0.0093,67.16,64.4598,-27.84,8.9e-09,0.0,1.5,0.2736,-7.4752,3.1e-05,0,0,76.5174,11.710004,WiFi6_2.4GHz
UE_001652,0.002,15.1,13.5665,-79.9,0.0009723333,0.0,1.5,0.6525,-8.2337,7e-06,0,0,54.6499,3.585808,WiFi6_2.4GHz
UE_001653,0.0082,32.98,33.201,-62.02,7.4598e-06,0.0,1.5,0.3787,-2.807,2.7e-05,0,0,70.3596,10.546181,WiFi6_2.4GHz
UE_001654,0.0012,49.66,48.1504,-45.34,7e-10,0.0,1.5,0.2027,15.0002,4e-06,0,0,78.9519,11.549909,WiFi6_2.4GHz
UE_001655,0.0073,54.6,52.197,-40.4,2.5e-09,0.0,1.5,0.0956,1.3272,2.4e-05,0,0,76.2735,11.692296,WiFi6_2.4GHz
UE_001656,0.0081,63.64,61.6631,-31.36,1.4e-09,0.0,1.5,0.4158,-3.2698,2.7e-05,0,0,77.9898,11.592501,WiFi6_2.4GHz
UE_001657,0.0087,45.45,41.6731,-49.55,6.8e-09,0.0,1.5,0.1153,-4.1735,2.9e-05,0,0,75.3497,11.994338,WiFi6_2.4GHz
UE_001658,0.0072,25.86,25.5716,-69.14,4.183e-07,0.0,1.5,0.3566,6.6841,2.4e-05,0,0,66.08,7.114824,WiFi6_2.4GHz
UE_001659,0.0086,38.21,32.6227,-56.79,4.4e-09,0.0,1.5,0.4388,-11.8698,2.9e-05,0,0,75.0301,11.965121,WiFi6_2.4GHz
UE_001660,0.005,48.84,47.3494,-46.16,5.1e-09,0.0,1.5,0.3243,10.8625,1.7e-05,0,0,77.2021,11.976769,WiFi6_2.4GHz
UE_001661,0.0091,67.36,63.6167,-27.64,8.2e-09,0.0,1.5,0.3265,7.5069,3e-05,0,0,81.05,11.373978,WiFi6_2.4GHz
UE_001662,0.0084,45.76,43.6812,-49.24,4.8e-09,0.0,1.5,0.1412,4.8422,2.8e-05,0,0,76.6812,11.717962,WiFi6_2.4GHz
UE_001663,0.0014,27.18,24.8467,-67.82,8.1267e-06,0.0,1.5,0.4429,-9.4033,5e-06,0,0,63.2114,7.122178,WiFi6_2.4GHz
UE_001664,0.0102,26.44,23.7542,-68.56,9.0177e-06,0.0,1.5,0.352,10.7972,3.4e-05,0,0,66.7642,6.919446,WiFi6_2.4GHz
UE_001665,0.01,43.6,42.0945,-51.4,6.2e-09,0.0,1.5,0.005,8.6803,3.3e-05,0,0,80.1676,11.494069,WiFi6_2.4GHz
UE_001666,0.006,58.72,57.2692,-36.28,1.5e-09,0.0,1.5,0.418,-7.9493,2e-05,0,0,75.3783,11.765721,WiFi6_2.4GHz
UE_001667,0.007,10.26,6.4834,-84.74,0.0123000188,0.0,1.5,6.5032,6.5522,2.3e-05,0,0,48.4606,2.044335,WiFi6_2.4GHz
UE_001668,0.0012,65.36,61.2869,-29.64,3.1e-09,0.0,1.5,0.3205,2.8833,4e-06,0,0,75.4829,11.814155,WiFi6_2.4GHz
UE_001669,0.0023,26.91,23.8137,-68.09,6.061e-06,0.0,1.5,0.1879,-11.9211,8e-06,0,0,68.4283,7.197964,WiFi6_2.4GHz
UE_001670,0.0017,29.97,26.4141,-65.03,9.8079e-06,0.0,1.5,0.3587,7.2212,6e-06,0,0,70.7762,7.490369,WiFi6_2.4GHz
UE_001671,0.0071,37.55,34.4021,-57.45,6e-09,0.0,1.5,0.2336,9.331,2.4e-05,0,0,75.5641,11.665221,WiFi6_2.4GHz
UE_001672,0.005,57.74,56.0575,-37.26,1.6e-09,0.0,1.5,0.0449,0.6214,1.7e-05,0,0,81.2037,11.712821,WiFi6_2.4GHz
UE_001673,0.0056,30.24,28.7483,-64.76,8.3153e-06,0.0,1.5,0.3579,-9.674,1.9e-05,0,0,70.7077,7.98492,WiFi6_2.4GHz
UE_001674,0.003,45.01,40.6385,-49.99,9.5e-09,0.0,1.5,0.0032,-6.9369,1e-05,0,0,74.0826,11.280736,WiFi6_2.4GHz
UE_001675,0.0106,69.77,65.9706,-25.23,6.8e-09,0.0,1.5,0.3015,-15.828,3.5e-05,0,0,77.1254,11.656702,WiFi6_2.4GHz
UE_001676,0.0109,27.42,25.9522,-67.58,5.8821e-06,0.0,1.5,0.3395,-0.1092,3.6e-05,0,0,68.8226,6.901505,WiFi6_2.4GHz
UE_001677,0.0049,23.51,21.2624,-71.49,0.0004736365,0.0,1.5,0.7654,-3.5416,1.6e-05,0,0,64.7819,5.161458,WiFi6_2.4GHz
UE_001678,0.0034,15.14,11.4059,-79.86,0.0001194031,0.0,1.5,0.6793,-2.0696,1.1e-05,0,0,55.9308,3.303157,WiFi6_2.4GHz
UE_001679,0.005,31.2,28.8105,-63.8,3.7149e-06,0.0,1.5,0.2815,-14.0724,1.7e-05,0,0,69.9382,7.794247,WiFi6_2.4GHz
UE_001680,0.005,33.19,31.3897,-61.81,4.3667e-06,0.0,1.5,0.4326,-2.0105,1.7e-05,0,0,76.1474,10.971539,WiFi6_2.4GHz
UE_001681,0.0016,21.36,18.7645,-73.64,0.0004259897,0.0,1.5,1.2081,-6.2821,5e-06,0,0,59.5659,5.565031,WiFi6_2.4GHz
UE_001682,0.003,39.93,37.9324,-55.07,1.9e-09,0.0,1.5,0.4536,-5.7475,1e-05,0,0,81.9133,11.612052,WiFi6_2.4GHz
UE_001683,0.0096,28.8,26.0472,-66.2,1.2718e-06,0.0,1.5,0.3048,-0.5294,3.2e-05,0,0,67.6188,7.34482,WiFi6_2.4GHz
UE_001684,0.0051,69.67,65.6654,-25.33,9e-10,0.0,1.5,0.1485,0.7445,1.7e-05,0,0,74.2903,11.615237,WiFi6_2.4GHz
UE_001685,0.0027,22.5,21.2353,-72.5,0.0008681737,0.0,1.5428,0.8371,-11.748,9e-06,0,0,59.8135,5.40115,WiFi6_2.4GHz
UE_001686,0.0064,41.7,40.7142,-53.3,9.6e-09,0.0,1.5,0.3772,-9.911,2.1e-05,0,0,78.7702,11.950461,WiFi6_2.4GHz
UE_001687,0.0045,21.07,16.615,-73.93,0.0009535959,0.0,1.6312,1.5923,3.3258,1.5e-05,0,0,61.3541,5.173122,WiFi6_2.4GHz
UE_001688,0.0043,25.95,25.5068,-69.05,2.2641e-06,0.0,1.5,0.1975,14.9203,1.4e-05,0,0,67.9117,7.311931,WiFi6_2.4GHz
UE_001689,0.0082,45.85,44.0995,-49.15,2.6e-09,0.0,1.5,0.3852,-4.1923,2.7e-05,0,0,78.2545,11.257083,WiFi6_2.4GHz
UE_001690,0.0034,24.36,21.3404,-70.64,0.0006228154,0.0,1.5938,0.6353,-6.1774,1.1e-05,0,0,65.3719,5.818126,WiFi6_2.4GHz
UE_001691,0.0056,55.45,54.5366,-39.55,3.5e-09,0.0,1.5,0.2971,-9.1675,1.9e-05,0,0,81.625,11.732188,WiFi6_2.4GHz
UE_001692,0.0096,45.8,42.1944,-49.2,2.9e-09,0.0,1.5,0.496,-6.0198,3.2e-05,0,0,78.9896,11.80053,WiFi6_2.4GHz
UE_001693,0.0078,35.62,34.5716,-59.38,3.2e-09,0.0,1.5,0.0402,-1.9101,2.6e-05,0,0,73.4218,11.881695,WiFi6_2.4GHz
UE_001694,0.0048,46.66,44.6632,-48.34,5.3e-09,0.0,1.5,0.3621,-2.8657,1.6e-05,0,0,78.5578,11.399302,WiFi6_2.4GHz
UE_001695,0.0107,43.7,43.0728,-51.3,5.7e-09,0.0,1.5,0.2856,-14.4426,3.6e-05,0,0,78.1654,11.694093,WiFi6_2.4GHz
UE_001696,0.0108,19.28,17.535,-75.72,0.0003501806,0.0,1.5,1.3621,13.097,3.6e-05,0,0,57.1002,5.064914,WiFi6_2.4GHz
UE_001697,0.0098,19.87,16.519,-75.13,0.0001012379,0.0,1.5458,1.3405,-0.2417,3.3e-05,0,0,58.6748,4.331784,WiFi6_2.4GHz
UE_001698,0.0025,24.88,22.625,-70.12,0.0001022539,0.0,1.6598,1.5711,10.757,8e-06,0,0,66.5755,5.350798,WiFi6_2.4GHz
UE_001699,0.0029,87.45,85.4907,-7.55,4e-10,0.0,1.5,0.1433,0.3716,1e-05,0,0,78.3572,11.743568,WiFi6_2.4GHz
UE_001700,0.0057,37.46,35.2886,-57.54,2e-10,0.0,1.5,0.397,-1.8442,1.9e-05,0,0,73.749,11.627155,WiFi6_2.4GHz
UE_001701,0.001,46.49,43.9171,-48.51,8.5e-09,0.0,1.5,0.3015,-4.5824,3e-06,0,0,77.6165,11.617083,WiFi6_2.4GHz
UE_001702,0.0065,35.07,33.6233,-59.93,6.2e-09,0.0,1.5,0.3025,-0.1008,2.2e-05,0,0,72.9578,11.967794,WiFi6_2.4GHz
UE_001703,0.0033,25.34,24.192,-69.66,8.4536e-06,0.0,1.5,0.3331,4.5828,1.1e-05,0,0,66.0313,7.344616,WiFi6_2.4GHz
UE_001704,0.0083,54.51,52.0239,-40.49,9e-09,0.0,1.5,0.2431,6.0445,2.8e-05,0,0,79.8587,11.539729,WiFi6_2.4GHz
UE_001705,0.0038,46.08,42.743,-48.92,2.1e-09,0.0,1.5,0.4843,-11.509,1.3e-05,0,0,78.4106,11.652215,WiFi6_2.4GHz
UE_001706,0.0098,16.24,10.5293,-78.76,0.0006952743,0.0,1.5,1.8498,-14.8126,3.3e-05,0,0,58.4346,3.514541,WiFi6_2.4GHz
UE_001707,0.0099,84.71,80.7717,-10.29,2e-10,0.0,1.5,0.2975,12.4694,3.3e-05,0,0,79.9338,11.399957,WiFi6_2.4GHz
UE_001708,0.0076,34.83,30.7155,-60.17,6.7805e-06,0.0,1.5,0.1751,0.9173,2.5e-05,0,0,75.5995,10.486869,WiFi6_2.4GHz
UE_001709,0.0088,15.22,11.445,-79.78,0.0001345476,0.0,1.5,0.7165,-1.4967,2.9e-05,0,0,55.4086,3.527936,WiFi6_2.4GHz
UE_001710,0.008,37.66,34.5605,-57.34,1.4e-09,0.0,1.5,0.3455,-15.578,2.7e-05,0,0,77.2114,12.014117,WiFi6_2.4GHz
UE_001711,0.009,30.77,27.7632,-64.23,7.5203e-06,0.0,1.5,0.0585,-11.0012,3e-05,0,0,65.5153,7.582162,WiFi6_2.4GHz
UE_001712,0.0083,28.76,24.8517,-66.24,5.4315e-06,0.0,1.5,0.4588,1.6156,2.8e-05,0,0,71.1689,7.773021,WiFi6_2.4GHz
UE_001713,0.0019,83.49,79.9356,-11.51,5.5e-09,0.0,1.5,0.0024,-9.9061,6e-06,0,0,78.7529,11.845834,WiFi6_2.4GHz
UE_001714,0.0032,26.54,25.6245,-68.46,5.2268e-06,0.0,1.5,0.3903,3.6966,1.1e-05,0,0,62.3444,6.758637,WiFi6_2.4GHz
UE_001715,0.0097,63.14,61.0959,-31.86,6.1e-09,0.0,1.5,0.4718,-15.272,3.2e-05,0,0,75.8317,11.402804,WiFi6_2.4GHz
UE_001716,0.0058,57.92,53.4293,-37.08,3.4e-09,0.0,1.5,0.3433,-3.064,1.9e-05,0,0,78.6106,11.728354,WiFi6_2.4GHz
UE_001717,0.002,20.82,18.4352,-74.18,0.0004319307,0.0,1.5,1.8145,3.3646,7e-06,0,0,58.7831,4.900067,WiFi6_2.4GHz
UE_001718,0.008,34.39,31.4986,-60.61,1.7057e-06,0.0,1.5,0.2457,0.6937,2.7e-05,0,0,73.9432,10.510589,WiFi6_2.4GHz
UE_001719,0.0036,29.39,26.026,-65.61,5.8573e-06,0.0,1.5,0.1974,15.8942,1.2e-05,0,0,67.832,7.838542,WiFi6_2.4GHz
UE_001720,0.0048,29.91,24.6563,-65.09,7.196e-06,0.0,1.5,0.0818,5.2054,1.6e-05,0,0,70.3001,8.186234,WiFi6_2.4GHz
UE_001721,0.0094,34.66,30.1615,-60.34,2.4937e-06,0.0,1.5,0.0465,-0.0294,3.1e-05,0,0,75.2625,10.32152,WiFi6_2.4GHz
UE_001722,0.0058,18.68,16.2388,-76.32,0.0001642438,0.0,1.5,1.9703,-4.9094,1.9e-05,0,0,58.9389,3.461502,WiFi6_2.4GHz
UE_001723,0.0106,55.4,52.1341,-39.6,1.2e-09,0.0,1.5,0.0945,3.1481,3.5e-05,0,0,74.9355,11.601876,WiFi6_2.4GHz
UE_001724,0.002,21.91,17.7276,-73.09,0.0009863699,0.0,1.5,1.7147,-15.9427,7e-06,0,0,59.6924,5.007829,WiFi6_2.4GHz
UE_001725,0.004,61.82,58.572,-33.18,2.4e-09,0.0,1.5,0.1999,-3.9618,1.3e-05,0,0,74.3548,11.705707,WiFi6_2.4GHz
UE_001726,0.0077,48.7,44.5827,-46.3,4.1e-09,0.0,1.5,0.3629,-0.1854,2.6e-05,0,0,74.02,11.586829,WiFi6_2.4GHz
UE_001727,0.0048,69.79,69.034,-25.21,4.9e-09,0.0,1.5,0.2268,-10.0792,1.6e-05,0,0,79.4301,11.503088,WiFi6_2.4GHz
UE_001728,0.0018,18.61,13.9087,-76.39,0.0005336561,0.0,1.5,1.6448,-4.2123,6e-06,0,0,61.2277,3.568272,WiFi6_2.4GHz
UE_001729,0.0096,42.68,40.8667,-52.32,5.3e-09,0.0,1.5,0.0275,-0.9913,3.2e-05,0,0,77.8198,11.961207,WiFi6_2.4GHz
UE_001730,0.0022,60.95,56.5557,-34.05,1.7e-09,0.0,1.5,0.1727,-8.922,7e-06,0,0,75.5636,11.941661,WiFi6_2.4GHz
UE_001731,0.0076,54.71,50.8462,-40.29,3.7e-09,0.0,1.5,0.3421,3.2067,2.5e-05,0,0,80.0311,11.51769,WiFi6_2.4GHz
UE_001732,0.0087,28.12,23.968,-66.88,8.8611e-06,0.0,1.5,0.0449,0.565,2.9e-05,0,0,65.4132,7.69208,WiFi6_2.4GHz
UE_001733,0.0039,32.6,30.5906,-62.4,7.19e-07,0.0,1.5,0.4427,14.9425,1.3e-05,0,0,71.8728,10.416117,WiFi6_2.4GHz
UE_001734,0.0043,41.47,38.0482,-53.53,4.8e-09,0.0,1.5,0.089,-12.2022,1.4e-05,0,0,80.037,11.43935,WiFi6_2.4GHz
UE_001735,0.0066,19.83,17.8407,-75.17,0.0004505341,0.0,1.5,0.9926,4.8431,2.2e-05,0,0,56.4792,4.73943,WiFi6_2.4GHz
UE_001736,0.0113,37.28,33.7514,-57.72,1.2e-09,0.0,1.5,0.1171,-13.6657,3.8e-05,0,0,75.7037,11.599201,WiFi6_2.4GHz
UE_001737,0.002,23.47,20.1895,-71.53,0.000604545,0.0,1.5,0.6545,-0.3686,7e-06,0,0,60.7514,5.283011,WiFi6_2.4GHz
UE_001738,0.003,53.83,50.2279,-41.17,7e-10,0.0,1.5,0.277,12.7961,1e-05,0,0,76.6898,11.674525,WiFi6_2.4GHz
UE_001739,0.0017,28.29,25.5312,-66.71,5.8602e-06,0.0,1.5,0.204,5.1318,6e-06,0,0,67.4747,7.970374,WiFi6_2.4GHz
UE_001740,0.0096,28.55,26.6822,-66.45,2.1576e-06,0.0,1.5,0.2385,3.1238,3.2e-05,0,0,69.1343,8.003171,WiFi6_2.4GHz
UE_001741,0.0083,68.46,67.3783,-26.54,6.6e-09,0.0,1.5,0.0159,8.9675,2.8e-05,0,0,80.1094,11.773122,WiFi6_2.4GHz
UE_001742,0.0026,56.56,52.6046,-38.44,7.9e-09,0.0,1.5,0.001,-3.7471,9e-06,0,0,80.3899,11.510931,WiFi6_2.4GHz
UE_001743,0.0011,22.52,21.0518,-72.48,0.0005873451,0.0,1.5,0.8938,7.8084,4e-06,0,0,61.097,5.070422,WiFi6_2.4GHz
UE_001744,0.0102,24.59,21.4046,-70.41,0.0006492134,0.0,1.5,1.7056,15.8157,3.4e-05,0,0,62.7605,5.556661,WiFi6_2.4GHz
UE_001745,0.0083,30.8,26.0438,-64.2,4.9547e-06,0.0,1.5,0.4613,13.7361,2.8e-05,0,0,71.6155,7.726988,WiFi6_2.4GHz
UE_001746,0.0023,72.94,68.2861,-22.06,1.2e-09,0.0,1.5,0.1013,1.6379,8e-06,0,0,75.34,11.507955,WiFi6_2.4GHz
UE_001747,0.0062,30.7,27.9389,-64.3,5.2565e-06,0.0,1.5,0.1473,-8.3606,2.1e-05,0,0,68.2168,7.697592,WiFi6_2.4GHz
UE_001748,0.0011,12.8,11.8465,-82.2,0.0194455375,0.0,1.5,4.6683,1.2262,4e-06,0,0,50.8772,2.345548,WiFi6_2.4GHz
UE_001749,0.0059,28.32,25.5063,-66.68,5.3703e-06,0.0,1.5,0.4081,-12.1924,2e-05,0,0,67.1828,7.42107,WiFi6_2.4GHz
UE_001750,0.0109,29.82,27.7583,-65.18,3.7697e-06,0.0,1.5,0.1752,-4.4258,3.6e-05,0,0,68.564,7.934629,WiFi6_2.4GHz
UE_001751,0.003,75.48,70.0247,-19.52,4.3e-09,0.0,1.5,0.0449,-11.5168,1e-05,0,0,82.7144,11.621705,WiFi6_2.4GHz
UE_001752,0.0023,25.42,22.6702,-69.58,7.9638e-06,0.0,1.5,0.136,-11.5492,8e-06,0,0,64.6682,6.805637,WiFi6_2.4GHz
UE_001753,0.0056,27.94,25.4587,-67.06,4.7701e-06,0.0,1.5,0.0085,10.1391,1.9e-05,0,0,67.0777,7.128457,WiFi6_2.4GHz
UE_001754,0.0037,24.97,25.4024,-70.03,0.0008611904,0.0,1.5,1.901,-4.8853,1.2e-05,0,0,63.0199,5.028104,WiFi6_2.4GHz
UE_001755,0.0087,24.24,19.882,-70.76,0.0006137114,0.0,1.5,1.4365,7.8906,2.9e-05,0,0,62.4186,5.542602,WiFi6_2.4GHz
UE_001756,0.0025,34.3,33.2973,-60.7,8.335e-06,0.0,1.5,0.2388,3.8718,8e-06,0,0,73.0778,10.367864,WiFi6_2.4GHz
UE_001757,0.0014,43.26,39.5675,-51.74,1e-10,0.0,1.5,0.1191,-7.7577,5e-06,0,0,79.514,11.880015,WiFi6_2.4GHz
UE_001758,0.0048,62.72,60.1001,-32.28,8e-09,0.0,1.5,0.1213,-4.2313,1.6e-05,0,0,78.9274,11.86486,WiFi6_2.4GHz
UE_001759,0.0058,21.45,17.1871,-73.55,7.07892e-05,0.0,1.5,1.666,14.0035,1.9e-05,0,0,62.4482,5.24826,WiFi6_2.4GHz
UE_001760,0.0063,10.94,7.714,-84.06,0.0119487158,0.0,1.5,3.2008,6.2687,2.1e-05,0,0,54.4295,1.991653,WiFi6_2.4GHz
UE_001761,0.0018,22.78,21.3848,-72.22,0.0007993142,0.0,1.5,1.2034,4.2022,6e-06,0,0,64.8164,5.489116,WiFi6_2.4GHz
UE_001762,0.0046,59.82,58.5521,-35.18,2.3e-09,0.0,1.5,0.3993,8.5746,1.5e-05,0,0,75.5169,11.601089,WiFi6_2.4GHz
UE_001763,0.0018,44.98,44.1428,-50.02,6.9e-09,0.0,1.5,0.1513,-15.9362,6e-06,0,0,80.8635,11.421433,WiFi6_2.4GHz
UE_001764,0.0033,18.42,15.5525,-76.58,0.0001062976,0.0,1.5,1.5741,15.5824,1.1e-05,0,0,58.7414,3.273423,WiFi6_2.4GHz
UE_001765,0.0051,18.59,14.4601,-76.41,0.0003075797,0.0,1.5744,1.3283,7.2943,1.7e-05,0,0,58.5707,3.377138,WiFi6_2.4GHz
UE_001766,0.0022,51.6,46.3341,-43.4,1.5e-09,0.0,1.5,0.2987,9.6743,7e-06,0,0,80.9769,11.468872,WiFi6_2.4GHz
UE_001767,0.0113,50.83,49.6695,-44.17,4.1e-09,0.0,1.5,0.2919,-2.2042,3.8e-05,0,0,81.1675,11.879139,WiFi6_2.4GHz
UE_001768,0.0074,45.79,41.9984,-49.21,5.6e-09,0.0,1.5,0.2954,-1.4456,2.5e-05,0,0,76.6142,11.420493,WiFi6_2.4GHz
UE_001769,0.0025,44.83,41.1982,-50.17,7.6e-09,0.0,1.5,0.1325,-7.0661,8e-06,0,0,78.1337,11.544384,WiFi6_2.4GHz
UE_001770,0.0111,29.38,25.8888,-65.62,1.8195e-06,0.0,1.5,0.1983,-1.6137,3.7e-05,0,0,69.8306,7.64467,WiFi6_2.4GHz
UE_001771,0.0103,56.99,55.504,-38.01,5.8e-09,0.0,1.5,0.3468,15.8902,3.4e-05,0,0,77.9601,11.584653,WiFi6_2.4GHz
UE_001772,0.0084,39.68,35.8904,-55.32,4.7e-09,0.0,1.5,0.2019,4.0605,2.8e-05,0,0,82.9886,11.553899,WiFi6_2.4GHz
UE_001773,0.0055,29.52,26.8357,-65.48,9.4482e-06,0.0,1.5,0.415,15.0554,1.8e-05,0,0,64.2768,7.87374,WiFi6_2.4GHz
UE_001774,0.0015,29.88,26.9236,-65.12,7.3975e-06,0.0,1.5,0.4189,3.217,5e-06,0,0,70.8041,7.678842,WiFi6_2.4GHz
UE_001775,0.0046,34.61,33.0262,-60.39,9.047e-06,0.0,1.5,0.0338,-4.2568,1.5e-05,0,0,73.9515,10.363851,WiFi6_2.4GHz
UE_001776,0.0039,40.12,36.6926,-54.88,7e-10,0.0,1.5,0.004,-0.4843,1.3e-05,0,0,74.2952,11.589805,WiFi6_2.4GHz
UE_001777,0.0066,50.31,46.3233,-44.69,1e-09,0.0,1.5,0.2143,-8.4542,2.2e-05,0,0,79.8345,11.64991,WiFi6_2.4GHz
UE_001778,0.0014,26.97,25.0161,-68.03,1.223e-06,0.0,1.5,0.1972,11.7717,5e-06,0,0,69.6786,7.42763,WiFi6_2.4GHz
UE_001779,0.008,32.38,30.1615,-62.62,3.1919e-06,0.0,1.5,0.0691,1.9495,2.7e-05,0,0,70.95,10.329854,WiFi6_2.4GHz
UE_001780,0.0038,44.31,40.8922,-50.69,1.8e-09,0.0,1.5,0.1744,-13.7792,1.3e-05,0,0,77.3959,12.127868,WiFi6_2.4GHz
UE_001781,0.0088,69.33,66.6912,-25.67,7e-09,0.0,1.5,0.3034,5.6648,2.9e-05,0,0,75.3403,11.846164,WiFi6_2.4GHz
UE_001782,0.0098,19.39,17.3476,-75.61,0.0004724708,0.0,1.5,1.4549,-8.1305,3.3e-05,0,0,59.3019,5.007097,WiFi6_2.4GHz
UE_001783,0.0084,53.7,50.7861,-41.3,8.4e-09,0.0,1.5,0.1535,11.3889,2.8e-05,0,0,77.9435,11.835385,WiFi6_2.4GHz
UE_001784,0.0088,34.28,28.4884,-60.72,2.1434e-06,0.0,1.5,0.3437,-6.6966,2.9e-05,0,0,74.6088,10.394524,WiFi6_2.4GHz
UE_001785,0.0043,35.79,32.1601,-59.21,3.8e-09,0.0,1.5079,0.1576,-10.2017,1.4e-05,0,0,77.2468,11.380212,WiFi6_2.4GHz
UE_001786,0.0079,23.12,21.3575,-71.88,0.0001668013,0.0,1.5,1.0722,-12.4428,2.6e-05,0,0,63.7554,5.490977,WiFi6_2.4GHz
UE_001787,0.0055,68.97,67.8759,-26.03,7.4e-09,0.0,1.5,0.385,-14.9296,1.8e-05,0,0,78.1918,11.516595,WiFi6_2.4GHz
UE_001788,0.0035,25.75,24.3921,-69.25,9.255e-07,0.0,1.5,0.1599,12.4512,1.2e-05,0,0,65.4921,6.995281,WiFi6_2.4GHz
UE_001789,0.004,44.97,41.4573,-50.03,7.6e-09,0.0,1.5,0.1259,1.7747,1.3e-05,0,0,79.3508,11.637518,WiFi6_2.4GHz
UE_001790,0.0017,39.3,37.5777,-55.7,0.0,0.0,1.5,0.1619,-7.9854,6e-06,0,0,77.0695,11.696945,WiFi6_2.4GHz
UE_001791,0.0024,20.17,15.3887,-74.83,0.0002756008,0.0,1.5,1.0947,-4.2214,8e-06,0,0,57.4074,5.058305,WiFi6_2.4GHz
UE_001792,0.011,12.98,10.4927,-82.02,0.0457052433,0.0,1.5,5.3362,5.0743,3.7e-05,0,0,53.5494,2.490449,WiFi6_2.4GHz
UE_001793,0.0103,63.32,60.9594,-31.68,5e-10,0.0,1.5,0.446,10.3175,3.4e-05,0,0,76.4795,11.766226,WiFi6_2.4GHz
UE_001794,0.0041,43.24,41.1011,-51.76,8.2e-09,0.0,1.5,0.2035,-8.3626,1.4e-05,0,0,80.1011,12.000027,WiFi6_2.4GHz
UE_001795,0.0105,20.63,15.3838,-74.37,0.0004568791,0.0,1.5,0.8457,-1.1171,3.5e-05,0,0,61.5256,4.757325,WiFi6_2.4GHz
UE_001796,0.0049,25.8,19.9643,-69.2,7.9676e-06,0.0,1.5,0.2726,-11.2101,1.6e-05,0,0,62.9818,6.727483,WiFi6_2.4GHz
UE_001797,0.0087,60.26,58.0582,-34.74,4.7e-09,0.0,1.5,0.0647,2.2193,2.9e-05,0,0,78.5055,11.483561,WiFi6_2.4GHz
UE_001798,0.0046,24.43,20.9618,-70.57,0.0003680449,0.0,1.5,0.9241,-1.1722,1.5e-05,0,0,63.9074,5.314606,WiFi6_2.4GHz
UE_001799,0.0016,28.64,26.7908,-66.36,6.5148e-06,0.0,1.5,0.3376,-11.9041,5e-06,0,0,67.4822,7.578007,WiFi6_2.4GHz
UE_001800,0.01,47.75,43.8489,-47.25,1e-09,0.0,1.5,0.3569,10.9712,3.3e-05,0,0,79.6787,11.75839,WiFi6_2.4GHz
UE_001801,0.0021,32.07,29.8397,-62.93,7.3229e-06,0.0,1.5,0.1927,2.7912,7e-06,0,0,71.2922,10.731028,WiFi6_2.4GHz
UE_001802,0.0104,78.29,76.4512,-16.71,8e-10,0.0,1.5,0.0796,-14.2355,3.5e-05,0,0,78.4061,11.538161,WiFi6_2.4GHz
UE_001803,0.0087,29.89,26.6437,-65.11,4.3101e-06,0.0,1.5,0.3767,-6.0123,2.9e-05,0,0,69.4789,8.057015,WiFi6_2.4GHz
UE_001804,0.004,22.44,18.8282,-72.56,0.000886895,0.0,1.5,1.0066,-9.9886,1.3e-05,0,0,62.4975,5.187015,WiFi6_2.4GHz
UE_001805,0.0091,69.45,68.0666,-25.55,4.2e-09,0.0,1.5,0.0586,6.2681,3e-05,0,0,79.2368,12.047162,WiFi6_2.4GHz
UE_001806,0.0066,16.99,15.8908,-78.01,0.0008612146,0.0,1.5,1.6579,4.2724,2.2e-05,0,0,56.9083,3.720147,WiFi6_2.4GHz
UE_001807,0.0039,51.92,51.1707,-43.08,3.9e-09,0.0,1.5,0.4624,4.1381,1.3e-05,0,0,73.616,11.190907,WiFi6_2.4GHz
UE_001808,0.0106,21.0,18.7651,-74.0,0.0001290425,0.0,1.5,1.5091,9.2528,3.5e-05,0,0,58.6673,5.446249,WiFi6_2.4GHz
UE_001809,0.0021,56.51,53.0309,-38.49,6e-09,0.0,1.5,0.4852,-11.9071,7e-06,0,0,77.9405,11.956536,WiFi6_2.4GHz
UE_001810,0.004,39.46,34.159,-55.54,7e-10,0.0,1.5,0.355,0.794,1.3e-05,0,0,78.5073,11.836663,WiFi6_2.4GHz
UE_001811,0.0109,33.79,29.4906,-61.21,7.0967e-06,0.0,1.5,0.2057,-10.6256,3.6e-05,0,0,74.0544,10.674376,WiFi6_2.4GHz
UE_001812,0.0019,23.58,20.797,-71.42,0.0005592799,0.0,1.5,1.3933,14.4354,6e-06,0,0,65.3355,5.15653,WiFi6_2.4GHz
UE_001813,0.0093,65.04,59.6372,-29.96,4.1e-09,0.0,1.5,0.0232,9.9161,3.1e-05,0,0,79.1601,12.151904,WiFi6_2.4GHz
UE_001814,0.0039,27.01,26.7894,-67.99,3.3792e-06,0.0,1.7254,0.4829,-3.9666,1.3e-05,0,0,67.5147,6.974868,WiFi6_2.4GHz
UE_001815,0.0054,36.31,35.2662,-58.69,8.9e-09,0.0,1.5,0.4373,-14.1971,1.8e-05,0,0,74.3136,11.480955,WiFi6_2.4GHz
UE_001816,0.0063,22.88,21.4349,-72.12,0.0009942021,0.0,1.5,1.9991,6.124,2.1e-05,0,0,62.9269,4.931776,WiFi6_2.4GHz
UE_001817,0.0063,35.01,31.7032,-59.99,4.6e-09,0.0,1.5,0.2399,0.7181,2.1e-05,0,0,75.9528,11.66577,WiFi6_2.4GHz
UE_001818,0.002,69.89,64.2527,-25.11,6.7e-09,0.0,1.5,0.0046,-9.8837,7e-06,0,0,75.7518,11.909862,WiFi6_2.4GHz
UE_001819,0.004,37.95,35.6768,-57.05,4.8e-09,0.0,1.5,0.193,12.3797,1.3e-05,0,0,76.9883,11.779747,WiFi6_2.4GHz
UE_001820,0.0108,30.18,29.8697,-64.82,9.9058e-06,0.0,1.5,0.3404,-9.6307,3.6e-05,0,0,68.2722,8.093671,WiFi6_2.4GHz
UE_001821,0.0077,30.89,27.018,-64.11,5.414e-06,0.0,1.5,0.1919,7.6498,2.6e-05,0,0,70.9574,7.746214,WiFi6_2.4GHz
UE_001822,0.0031,60.86,58.0163,-34.14,5e-09,0.0,1.5,0.301,-14.3901,1e-05,0,0,79.5806,11.452711,WiFi6_2.4GHz
UE_001823,0.0055,45.61,44.6954,-49.39,6.8e-09,0.0,1.747,0.1408,-5.4507,1.8e-05,0,0,76.6784,11.565635,WiFi6_2.4GHz
UE_001824,0.0081,37.42,34.3767,-57.58,8.4e-09,0.0,1.5,0.2161,13.585,2.7e-05,0,0,75.8981,11.339477,WiFi6_2.4GHz
UE_001825,0.0086,37.41,34.3685,-57.59,2.5e-09,0.0,1.5,0.0546,11.8453,2.9e-05,0,0,74.5684,11.726294,WiFi6_2.4GHz
UE_001826,0.0078,32.14,29.9724,-62.86,1.9743e-06,0.0,1.5,0.073,-14.9206,2.6e-05,0,0,71.9229,10.393208,WiFi6_2.4GHz
UE_001827,0.0105,28.14,24.1734,-66.86,9.3902e-06,0.0,1.5,0.4844,-11.5943,3.5e-05,0,0,67.7121,7.462533,WiFi6_2.4GHz
UE_001828,0.0087,28.79,27.4476,-66.21,3.1459e-06,0.0,1.5,0.287,6.2752,2.9e-05,0,0,68.6111,7.908047,WiFi6_2.4GHz
UE_001829,0.007,9.39,6.4063,-85.61,0.0022198031,0.0,1.5,27.229,-15.7166,2.3e-05,0,0,35.2419,1.497393,WiFi6_2.4GHz
UE_001830,0.0065,28.82,24.9381,-66.18,3.6888e-06,0.0,1.5,0.4173,9.3411,2.2e-05,0,0,67.5192,7.915807,WiFi6_2.4GHz
UE_001831,0.0043,45.96,42.9329,-49.04,7.3e-09,0.0,1.5,0.2497,-15.8757,1.4e-05,0,0,73.6336,11.640007,WiFi6_2.4GHz
UE_001832,0.0053,10.66,6.6621,-84.34,0.0103573115,0.0,1.5,2.8569,11.4439,1.8e-05,0,0,48.8296,1.816453,WiFi6_2.4GHz
UE_001833,0.005,82.88,80.7833,-12.12,4.3e-09,0.0,1.5,0.2453,8.973,1.7e-05,0,0,80.0944,11.465686,WiFi6_2.4GHz
UE_001834,0.0073,16.05,12.019,-78.95,0.0005946064,0.0,1.5,1.0597,-14.8594,2.4e-05,0,0,56.5187,3.600406,WiFi6_2.4GHz
UE_001835,0.0077,31.9,28.1422,-63.1,2.8332e-06,0.0,1.5,0.3879,-15.5689,2.6e-05,0,0,68.8551,7.606328,WiFi6_2.4GHz
UE_001836,0.0108,28.7,26.7844,-66.3,5.4376e-06,0.0,1.5,0.2514,8.4491,3.6e-05,0,0,69.3134,8.040689,WiFi6_2.4GHz
UE_001837,0.0097,43.42,38.9918,-51.58,1.6e-09,0.0,1.5,0.1999,-3.6554,3.2e-05,0,0,80.5894,11.847323,WiFi6_2.4GHz
UE_001838,0.0088,44.8,41.671,-50.2,6.1e-09,0.0,1.5,0.3328,15.9219,2.9e-05,0,0,77.8904,11.669758,WiFi6_2.4GHz
UE_001839,0.0051,26.87,22.8955,-68.13,2.896e-07,0.0,1.5,0.3852,-11.3473,1.7e-05,0,0,65.724,6.835113,WiFi6_2.4GHz
UE_001840,0.0029,31.82,28.4265,-63.18,4.3752e-06,0.0,1.5,0.045,-5.22,1e-05,0,0,67.9369,7.752484,WiFi6_2.4GHz
UE_001841,0.0091,68.89,67.0987,-26.11,6e-10,0.0,1.5,0.0053,11.5611,3e-05,0,0,78.3033,11.609917,WiFi6_2.4GHz
UE_001842,0.0074,38.38,35.1857,-56.62,1e-10,0.0,1.8459,0.1903,-14.8905,2.5e-05,0,0,77.7481,11.488247,WiFi6_2.4GHz
UE_001843,0.0109,77.45,72.4992,-17.55,6.9e-09,0.0,1.5,0.2072,9.7062,3.6e-05,0,0,81.2338,11.535585,WiFi6_2.4GHz
UE_001844,0.0102,21.25,20.9205,-73.75,0.0007285286,0.0,1.5,1.0102,-5.0778,3.4e-05,0,0,60.6455,5.228393,WiFi6_2.4GHz
UE_001845,0.0101,15.11,12.8415,-79.89,0.0008203996,0.0,1.5,1.0072,-8.7557,3.4e-05,0,0,55.7293,3.610844,WiFi6_2.4GHz
UE_001846,0.0021,27.73,24.2302,-67.27,3.4763e-06,0.0,1.5,0.1571,-11.1748,7e-06,0,0,69.8542,6.927023,WiFi6_2.4GHz
UE_001847,0.0047,66.21,63.7169,-28.79,0.0,0.0,1.5,0.4534,1.4534,1.6e-05,0,0,76.7098,11.432396,WiFi6_2.4GHz
UE_001848,0.0062,22.65,20.7034,-72.35,0.0006435813,0.0,1.5,0.8,14.1813,2.1e-05,0,0,64.7492,4.911555,WiFi6_2.4GHz
UE_001849,0.0023,21.59,19.4544,-73.41,0.0001394115,0.0,1.5,0.9081,-8.22,8e-06,0,0,59.6575,5.040473,WiFi6_2.4GHz
UE_001850,0.0011,62.3,58.0724,-32.7,2.6e-09,0.0,1.532,0.2365,8.2919,4e-06,0,0,79.8438,11.682059,WiFi6_2.4GHz
UE_001851,0.0032,26.91,22.8397,-68.09,3.1187e-06,0.0,1.5,0.4073,13.5761,1.1e-05,0,0,66.693,6.719096,WiFi6_2.4GHz
UE_001852,0.0095,39.03,37.0822,-55.97,8.3e-09,0.0,1.5,0.0453,7.5188,3.2e-05,0,0,77.6753,11.993625,WiFi6_2.4GHz
UE_001853,0.0024,57.41,55.1886,-37.59,4.3e-09,0.0,1.5,0.0692,9.1188,8e-06,0,0,77.5213,12.033714,WiFi6_2.4GHz
UE_001854,0.0076,68.8,66.6357,-26.2,7.3e-09,0.0,1.5,0.0016,11.2042,2.5e-05,0,0,79.2205,11.723247,WiFi6_2.4GHz
UE_001855,0.0076,13.22,9.6225,-81.78,0.0249367141,0.0,1.5,5.1176,14.0664,2.5e-05,0,0,50.4798,2.24076,WiFi6_2.4GHz
UE_001856,0.0089,54.8,54.257,-40.2,5e-09,0.0,1.5,0.0255,-2.0841,3e-05,0,0,80.9932,11.615337,WiFi6_2.4GHz
UE_001857,0.0113,64.98,61.8826,-30.02,8.8e-09,0.0,1.5,0.4514,5.5923,3.8e-05,0,0,77.3228,11.679818,WiFi6_2.4GHz
UE_001858,0.0061,34.85,30.5414,-60.15,2.3362e-06,0.0,1.5,0.1169,-2.1577,2e-05,0,0,75.9878,10.307771,WiFi6_2.4GHz
UE_001859,0.006,51.81,49.997,-43.19,3.2e-09,0.0,1.5599,0.2893,-10.6418,2e-05,0,0,79.7343,11.516562,WiFi6_2.4GHz
UE_001860,0.0065,32.68,29.1701,-62.32,4.3408e-06,0.0,1.5,0.2937,8.0514,2.2e-05,0,0,73.8903,10.608433,WiFi6_2.4GHz
UE_001861,0.0071,18.76,16.2992,-76.24,0.0006308612,0.0,1.5,1.025,9.6416,2.4e-05,0,0,57.3366,3.659547,WiFi6_2.4GHz
UE_001862,0.0071,20.5,19.849,-74.5,0.0002302195,0.0,1.5,1.0491,-12.4453,2.4e-05,0,0,56.6951,4.600921,WiFi6_2.4GHz
UE_001863,0.0026,48.03,44.8441,-46.97,3.9e-09,0.0,1.5,0.3895,1.3675,9e-06,0,0,78.504,11.766911,WiFi6_2.4GHz
UE_001864,0.004,20.99,18.0708,-74.01,0.0005956391,0.0,1.5,0.6505,-2.453,1.3e-05,0,0,63.3613,4.701401,WiFi6_2.4GHz
UE_001865,0.0094,30.33,27.4742,-64.67,2.763e-06,0.0,1.5,0.1565,15.8613,3.1e-05,0,0,71.2815,7.575082,WiFi6_2.4GHz
UE_001866,0.0026,51.78,48.828,-43.22,9.3e-09,0.0,1.5,0.0354,15.431,9e-06,0,0,76.0999,11.783024,WiFi6_2.4GHz
UE_001867,0.0091,9.93,8.3924,-85.07,0.0456081283,0.0,1.5,22.242,4.0923,3e-05,0,0,38.6839,1.953889,WiFi6_2.4GHz
UE_001868,0.0076,59.59,59.8919,-35.41,1.6e-09,0.0,1.5,0.298,12.0679,2.5e-05,0,0,77.8956,11.889494,WiFi6_2.4GHz
UE_001869,0.0105,63.51,61.9159,-31.49,9.3e-09,0.0,1.5,0.3906,-8.8964,3.5e-05,0,0,75.3125,11.744915,WiFi6_2.4GHz
UE_001870,0.0064,30.14,29.3728,-64.86,9.596e-06,0.0,1.5,0.1642,7.543,2.1e-05,0,0,69.8356,7.711774,WiFi6_2.4GHz
UE_001871,0.0063,42.59,42.4568,-52.41,6.1e-09,0.0,1.5,0.4674,-15.8091,2.1e-05,0,0,78.3994,11.600434,WiFi6_2.4GHz
UE_001872,0.0035,29.28,26.6795,-65.72,5.015e-07,0.0,1.5,0.0865,-7.0503,1.2e-05,0,0,72.6325,7.644627,WiFi6_2.4GHz
UE_001873,0.0035,21.38,16.8915,-73.62,0.0002248126,0.0,1.5,1.7794,-1.1121,1.2e-05,0,0,59.8556,5.277159,WiFi6_2.4GHz
UE_001874,0.0036,46.21,44.3609,-48.79,8.5e-09,0.0,1.5,0.1587,-13.3703,1.2e-05,0,0,79.0902,12.216592,WiFi6_2.4GHz
UE_001875,0.0079,60.68,57.915,-34.32,6.5e-09,0.0,1.5,0.4974,-8.8045,2.6e-05,0,0,79.1346,11.795253,WiFi6_2.4GHz
UE_001876,0.0058,33.07,33.1816,-61.93,6.3057e-06,0.0,1.5,0.1702,-13.9606,1.9e-05,0,0,72.3287,10.615378,WiFi6_2.4GHz
UE_001877,0.0106,39.51,37.4361,-55.49,1e-10,0.0,1.5,0.295,-13.1618,3.5e-05,0,0,79.1628,11.417169,WiFi6_2.4GHz
UE_001878,0.01,14.25,10.8487,-80.75,0.0334447102,0.0,1.5,4.1729,8.5537,3.3e-05,0,0,53.1374,1.940638,WiFi6_2.4GHz
UE_001879,0.0112,55.63,53.0198,-39.37,5.7e-09,0.0,1.5,0.2274,9.228,3.7e-05,0,0,75.1413,11.380023,WiFi6_2.4GHz
UE_001880,0.0046,54.66,53.3218,-40.34,8.7e-09,0.0,1.5,0.3635,-5.8356,1.5e-05,0,0,76.0538,11.613918,WiFi6_2.4GHz
UE_001881,0.0045,18.15,16.7585,-76.85,0.0003335518,0.0,1.5,0.9568,-15.593,1.5e-05,0,0,57.9118,3.577393,WiFi6_2.4GHz
UE_001882,0.0084,21.99,21.1745,-73.01,0.0004384312,0.0,1.5,1.2059,-4.4924,2.8e-05,0,0,62.3628,5.112103,WiFi6_2.4GHz
UE_001883,0.0011,38.16,36.2031,-56.84,6.6e-09,0.0,1.5,0.4174,8.4817,4e-06,0,0,76.6826,11.640314,WiFi6_2.4GHz
UE_001884,0.0042,32.12,30.907,-62.88,5.5544e-06,0.0,1.5,0.4151,0.6499,1.4e-05,0,0,72.5602,10.774559,WiFi6_2.4GHz
UE_001885,0.0024,65.21,60.6229,-29.79,2.4e-09,0.0,1.5,0.0226,-11.0469,8e-06,0,0,76.9755,11.428197,WiFi6_2.4GHz
UE_001886,0.0021,47.45,46.9385,-47.55,2.5e-09,0.0,1.5,0.3912,-5.5359,7e-06,0,0,76.9843,11.787505,WiFi6_2.4GHz
UE_001887,0.0053,29.47,25.6965,-65.53,4.3197e-06,0.0,1.5,0.1206,-9.1269,1.8e-05,0,0,69.7133,7.916304,WiFi6_2.4GHz
UE_001888,0.0059,32.7,28.0992,-62.3,4.6269e-06,0.0,1.5,0.4813,-6.6099,2e-05,0,0,74.8539,10.269563,WiFi6_2.4GHz
UE_001889,0.006,61.76,58.4889,-33.24,8.9e-09,0.0,1.6079,0.3975,13.2665,2e-05,0,0,79.1838,11.585255,WiFi6_2.4GHz
UE_001890,0.0019,13.28,11.271,-81.72,0.0264396474,0.0,1.5,4.4148,6.2753,6e-06,0,0,52.5224,2.54809,WiFi6_2.4GHz
UE_001891,0.0094,37.64,36.1158,-57.36,7e-10,0.0,1.5,0.4378,-3.9081,3.1e-05,0,0,75.8502,11.617382,WiFi6_2.4GHz
UE_001892,0.0027,37.38,33.0958,-57.62,8e-10,0.0,1.5,0.3295,1.1958,9e-06,0,0,79.3406,11.822299,WiFi6_2.4GHz
UE_001893,0.0061,28.01,24.9592,-66.99,7.3286e-06,0.0,1.5847,0.0164,15.481,2e-05,0,0,65.814,7.394053,WiFi6_2.4GHz
UE_001894,0.0014,64.91,59.6512,-30.09,1.1e-09,0.0,1.5,0.4656,-9.0422,5e-06,0,0,77.0789,11.697311,WiFi6_2.4GHz
UE_001895,0.0033,37.41,33.5706,-57.59,6.1e-09,0.0,1.5,0.1786,13.7713,1.1e-05,0,0,76.1496,11.643136,WiFi6_2.4GHz
UE_001896,0.0022,23.17,21.8851,-71.83,0.0002497014,0.0,1.5,0.9766,-15.8696,7e-06,0,0,59.4854,5.569736,WiFi6_2.4GHz
UE_001897,0.011,34.11,30.1089,-60.89,6.8452e-06,0.0,1.5,0.2638,2.7348,3.7e-05,0,0,71.4326,10.49424,WiFi6_2.4GHz
UE_001898,0.0047,54.97,52.6014,-40.03,9.4e-09,0.0,1.5,0.3409,-4.691,1.6e-05,0,0,77.3039,11.559389,WiFi6_2.4GHz
UE_001899,0.0014,28.52,24.3133,-66.48,1.6672e-06,0.0,1.5,0.3606,1.7815,5e-06,0,0,72.0329,8.083597,WiFi6_2.4GHz
UE_001900,0.0086,85.91,82.8632,-9.09,1.1e-09,0.0,1.6051,0.3032,-0.8884,2.9e-05,0,0,77.0442,11.47875,WiFi6_2.4GHz
UE_001901,0.0078,47.49,45.099,-47.51,8e-10,0.0,1.5,0.0419,-5.0905,2.6e-05,0,0,78.0908,11.755077,WiFi6_2.4GHz
UE_001902,0.0108,21.94,18.0953,-73.06,0.0008333564,0.0,1.5,1.1755,7.4432,3.6e-05,0,0,59.8821,5.190673,WiFi6_2.4GHz
UE_001903,0.0036,29.44,28.7145,-65.56,3.9643e-06,0.0,1.5,0.1819,-3.526,1.2e-05,0,0,65.4826,7.722621,WiFi6_2.4GHz
UE_001904,0.0094,34.91,30.84,-60.09,1.4822e-06,0.0,1.5,0.4226,-9.5696,3.1e-05,0,0,72.0936,10.38275,WiFi6_2.4GHz
UE_001905,0.0102,78.07,75.9165,-16.93,6.7e-09,0.0,1.5,0.4838,-1.4528,3.4e-05,0,0,75.1457,11.712587,WiFi6_2.4GHz
UE_001906,0.0034,31.63,28.8857,-63.37,6.4284e-06,0.0,1.5,0.0459,6.9225,1.1e-05,0,0,71.3196,7.781334,WiFi6_2.4GHz
UE_001907,0.0046,42.99,39.8628,-52.01,2.2e-09,0.0,1.5,0.264,-1.1863,1.5e-05,0,0,79.5404,11.723756,WiFi6_2.4GHz
UE_001908,0.0015,54.61,51.1877,-40.39,8.8e-09,0.0,1.5,0.4409,-9.9109,5e-06,0,0,81.2314,11.807756,WiFi6_2.4GHz
UE_001909,0.0045,58.05,55.0308,-36.95,4.6e-09,0.0,1.544,0.0876,-4.1949,1.5e-05,0,0,79.9843,11.629125,WiFi6_2.4GHz
UE_001910,0.0038,29.95,27.1062,-65.05,8.9624e-06,0.0,1.5,0.2026,-11.338,1.3e-05,0,0,66.6859,7.859184,WiFi6_2.4GHz
UE_001911,0.0097,66.56,64.1537,-28.44,7.1e-09,0.0,1.5,0.2817,-2.3016,3.2e-05,0,0,76.4326,11.874725,WiFi6_2.4GHz
UE_001912,0.0022,14.22,11.3852,-80.78,0.041561333,0.0,1.5,5.6058,1.7156,7e-06,0,0,49.2491,2.182228,WiFi6_2.4GHz
UE_001913,0.0051,37.52,34.9846,-57.48,1.6e-09,0.0,1.5,0.1556,11.8171,1.7e-05,0,0,74.6043,11.51485,WiFi6_2.4GHz
UE_001914,0.0059,27.78,25.9153,-67.22,4.6997e-06,0.0,1.5,0.3903,8.6075,2e-05,0,0,64.0933,6.935623,WiFi6_2.4GHz
UE_001915,0.004,70.88,68.8029,-24.12,3.3e-09,0.0,1.5,0.0361,-7.1091,1.3e-05,0,0,79.4929,11.451306,WiFi6_2.4GHz
UE_001916,0.0088,39.62,35.792,-55.38,7.5e-09,0.0,1.5,0.0779,4.4693,2.9e-05,0,0,78.4779,12.034245,WiFi6_2.4GHz
UE_001917,0.0096,43.2,38.983,-51.8,3e-10,0.0,1.5,0.2115,-7.9864,3.2e-05,0,0,79.1031,11.925222,WiFi6_2.4GHz
UE_001918,0.0035,35.34,33.3807,-59.66,1e-09,0.0,1.5,0.071,11.1519,1.2e-05,0,0,76.2796,11.474218,WiFi6_2.4GHz
UE_001919,0.0084,92.13,89.4456,-2.87,7.9e-09,0.0,1.5,0.4466,-11.3239,2.8e-05,0,0,76.5841,11.72649,WiFi6_2.4GHz
UE_001920,0.0084,63.62,61.8821,-31.38,1.5e-09,0.0,1.5,0.1183,-10.2639,2.8e-05,0,0,78.8943,11.530937,WiFi6_2.4GHz
UE_001921,0.0084,25.28,22.0599,-69.72,5.5343e-06,0.0,1.5,0.0737,-1.848,2.8e-05,0,0,62.9932,6.886805,WiFi6_2.4GHz
UE_001922,0.0023,30.72,29.866,-64.28,5.0551e-06,0.0,1.5,0.4173,11.8681,8e-06,0,0,71.2888,7.688788,WiFi6_2.4GHz
UE_001923,0.0076,28.68,25.547,-66.32,1.0815e-06,0.0,1.5,0.0092,-1.8899,2.5e-05,0,0,70.3216,7.986139,WiFi6_2.4GHz
UE_001924,0.0034,60.77,57.0487,-34.23,5e-10,0.0,1.5,0.2952,-12.8885,1.1e-05,0,0,78.8725,11.676106,WiFi6_2.4GHz
UE_001925,0.0058,67.41,64.4952,-27.59,7.8e-09,0.0,1.5,0.1776,-10.4849,1.9e-05,0,0,81.5246,11.555423,WiFi6_2.4GHz
UE_001926,0.0062,44.42,45.0471,-50.58,7.7e-09,0.0,1.5,0.0252,-0.2444,2.1e-05,0,0,76.0855,11.727434,WiFi6_2.4GHz
UE_001927,0.0108,15.48,12.8357,-79.52,0.0007863398,0.0,1.5,1.6249,14.7142,3.6e-05,0,0,59.0711,3.683876,WiFi6_2.4GHz
UE_001928,0.0016,38.51,35.2968,-56.49,4.9e-09,0.0,1.5,0.2583,-15.9709,5e-06,0,0,76.4763,11.817049,WiFi6_2.4GHz
UE_001929,0.0042,39.71,38.9533,-55.29,5.3e-09,0.0,1.5,0.2254,-5.4886,1.4e-05,0,0,75.5432,11.78872,WiFi6_2.4GHz
UE_001930,0.0057,42.09,36.6174,-52.91,9.4e-09,0.0,1.5,0.0563,-13.1378,1.9e-05,0,0,75.3142,11.436646,WiFi6_2.4GHz
UE_001931,0.0042,48.65,46.4715,-46.35,9.4e-09,0.0,1.5,0.0662,1.986,1.4e-05,0,0,74.9321,11.568585,WiFi6_2.4GHz
UE_001932,0.002,60.15,56.773,-34.85,4.4e-09,0.0,1.5,0.4648,8.2265,7e-06,0,0,77.16,11.634843,WiFi6_2.4GHz
UE_001933,0.0092,19.22,17.3953,-75.78,2.52617e-05,0.0,1.5,1.1539,-7.0829,3.1e-05,0,0,55.9766,4.598675,WiFi6_2.4GHz
UE_001934,0.0107,32.98,29.1652,-62.02,9.1849e-06,0.0,1.5,0.4764,-14.3281,3.6e-05,0,0,70.5532,10.589125,WiFi6_2.4GHz
UE_001935,0.0059,36.44,34.4853,-58.56,4e-10,0.0,1.5,0.3849,0.6516,2e-05,0,0,72.4,11.794849,WiFi6_2.4GHz
UE_001936,0.0025,14.35,11.6114,-80.65,0.0305371371,0.0,1.5,5.9151,-14.6961,8e-06,0,0,54.7696,2.141811,WiFi6_2.4GHz
UE_001937,0.0041,11.99,8.521,-83.01,0.0028782566,0.0,1.5,4.7905,-0.878,1.4e-05,0,0,48.5115,2.40566,WiFi6_2.4GHz
UE_001938,0.0054,34.84,32.5756,-60.16,4.4902e-06,0.0,1.5,0.0221,0.8261,1.8e-05,0,0,74.1979,10.706321,WiFi6_2.4GHz
UE_001939,0.0079,52.41,49.6659,-42.59,8e-10,0.0,1.5,0.3832,-15.9915,2.6e-05,0,0,79.2159,11.530516,WiFi6_2.4GHz
UE_001940,0.004,25.96,20.5645,-69.04,3.914e-07,0.0,1.5,0.0781,-10.3486,1.3e-05,0,0,65.0485,7.129277,WiFi6_2.4GHz
UE_001941,0.0021,48.23,45.9383,-46.77,1.2e-09,0.0,1.5,0.0249,-2.9829,7e-06,0,0,76.1446,11.411232,WiFi6_2.4GHz
UE_001942,0.0028,50.61,49.3727,-44.39,6.9e-09,0.0,1.5,0.2059,12.3776,9e-06,0,0,76.4564,11.436146,WiFi6_2.4GHz
UE_001943,0.0093,57.07,52.8939,-37.93,9e-10,0.0,1.5,0.2564,-13.9989,3.1e-05,0,0,73.7665,12.016891,WiFi6_2.4GHz
UE_001944,0.0091,14.39,11.4868,-80.61,0.0137390139,0.0,1.5,7.3681,3.7933,3e-05,0,0,50.5421,2.626045,WiFi6_2.4GHz
UE_001945,0.0056,25.07,23.6579,-69.93,1.673e-07,0.0,1.5,0.4063,0.805,1.9e-05,0,0,63.1658,7.042075,WiFi6_2.4GHz
UE_001946,0.0022,42.36,41.5958,-52.64,5.4e-09,0.0,1.5,0.1469,-9.234,7e-06,0,0,79.3008,11.393863,WiFi6_2.4GHz
UE_001947,0.0045,54.47,51.569,-40.53,4e-10,0.0,1.5,0.1018,1.7969,1.5e-05,0,0,79.1124,11.386674,WiFi6_2.4GHz
UE_001948,0.0058,26.61,22.8727,-68.39,1.6998e-06,0.0,1.5,0.2248,-10.537,1.9e-05,0,0,63.6844,7.178039,WiFi6_2.4GHz
UE_001949,0.0099,12.87,10.498,-82.13,0.0476829397,0.0,1.5,3.6874,-15.7347,3.3e-05,0,0,53.3916,2.415692,WiFi6_2.4GHz
UE_001950,0.0012,56.91,53.4141,-38.09,7.5e-09,0.0,1.5,0.4865,12.6264,4e-06,0,0,79.0831,11.671613,WiFi6_2.4GHz
UE_001951,0.0032,40.23,36.7207,-54.77,1.9e-09,0.0,1.9999,0.1365,-9.9587,1.1e-05,0,0,79.1742,11.584829,WiFi6_2.4GHz
UE_001952,0.011,33.57,29.9357,-61.43,9.6765e-06,0.0,1.5,0.3379,-7.9931,3.7e-05,0,0,72.3159,10.43169,WiFi6_2.4GHz
UE_001953,0.0059,32.62,30.0791,-62.38,6.6539e-06,0.0,1.5,0.4723,-9.568,2e-05,0,0,75.4593,10.25653,WiFi6_2.4GHz
UE_001954,0.0065,11.02,6.5289,-83.98,0.0415411031,0.0,1.5,2.2986,-15.4556,2.2e-05,0,0,51.3627,2.265082,WiFi6_2.4GHz
UE_001955,0.0072,23.31,19.9997,-71.69,0.000689247,0.0,1.5,1.322,8.9559,2.4e-05,0,0,61.3259,4.810684,WiFi6_2.4GHz
UE_001956,0.0021,34.83,29.0075,-60.17,1.7791e-06,0.0,1.5,0.1072,9.7201,7e-06,0,0,71.855,10.71821,WiFi6_2.4GHz
UE_001957,0.0038,51.23,47.3466,-43.77,9.1e-09,0.0,1.5,0.0039,-8.5566,1.3e-05,0,0,78.8853,11.845401,WiFi6_2.4GHz
UE_001958,0.0093,28.66,26.0422,-66.34,8.3273e-06,0.0,1.5,0.2876,-15.6892,3.1e-05,0,0,67.2023,7.6721,WiFi6_2.4GHz
UE_001959,0.0064,43.35,39.4401,-51.65,8.7e-09,0.0,1.5,0.0428,2.5284,2.1e-05,0,0,81.6842,11.610168,WiFi6_2.4GHz
UE_001960,0.0105,72.19,70.7211,-22.81,8.1e-09,0.0,1.5,0.2376,-5.2281,3.5e-05,0,0,78.8255,11.607544,WiFi6_2.4GHz
UE_001961,0.0069,58.36,54.4565,-36.64,9e-10,0.0,1.5,0.2582,-12.4148,2.3e-05,0,0,80.2283,11.609304,WiFi6_2.4GHz
UE_001962,0.0039,11.12,7.197,-83.88,0.0045282993,0.0,1.5,2.5611,-2.1738,1.3e-05,0,0,50.9917,2.131058,WiFi6_2.4GHz
UE_001963,0.0061,38.68,35.2331,-56.32,3.2e-09,0.0,1.5,0.1455,13.2918,2e-05,0,0,76.7675,11.547832,WiFi6_2.4GHz
UE_001964,0.0037,43.19,40.3242,-51.81,8e-09,0.0,1.5,0.1215,14.4912,1.2e-05,0,0,77.7098,11.771666,WiFi6_2.4GHz
UE_001965,0.0109,19.76,18.2387,-75.24,0.0004427518,0.0,1.5,1.2886,9.7932,3.6e-05,0,0,61.3381,4.622091,WiFi6_2.4GHz
UE_001966,0.0111,52.9,50.6298,-42.1,8e-09,0.0,1.5,0.4989,-9.9267,3.7e-05,0,0,80.456,11.56532,WiFi6_2.4GHz
UE_001967,0.0068,64.12,61.3025,-30.88,4e-09,0.0,1.5,0.0074,-11.5588,2.3e-05,0,0,80.5232,11.723621,WiFi6_2.4GHz
UE_001968,0.0111,37.61,34.5543,-57.39,4.4e-09,0.0,1.5,0.0831,3.754,3.7e-05,0,0,76.4789,11.757926,WiFi6_2.4GHz
UE_001969,0.0055,19.97,17.5303,-75.03,0.0001049574,0.0,1.5,0.8432,-6.9088,1.8e-05,0,0,61.9787,4.6417,WiFi6_2.4GHz
UE_001970,0.0042,73.32,70.2461,-21.68,4.9e-09,0.0,1.5,0.2741,-1.6998,1.4e-05,0,0,77.8584,11.680631,WiFi6_2.4GHz
UE_001971,0.002,55.4,52.9667,-39.6,9.2e-09,0.0,1.5,0.4761,-14.7443,7e-06,0,0,79.2808,11.711554,WiFi6_2.4GHz
UE_001972,0.0027,37.09,33.2683,-57.91,6.8e-09,0.0,1.5,0.1316,-5.1131,9e-06,0,0,73.5784,11.760986,WiFi6_2.4GHz
UE_001973,0.007,25.16,21.9339,-69.84,5.0685e-06,0.0,1.5,0.1956,-10.8944,2.3e-05,0,0,63.9484,6.426297,WiFi6_2.4GHz
UE_001974,0.0046,55.45,52.8037,-39.55,9.4e-09,0.0,1.5,0.4737,8.5171,1.5e-05,0,0,76.2496,11.569448,WiFi6_2.4GHz
UE_001975,0.0062,29.85,26.2585,-65.15,5.61e-06,0.0,1.5,0.2098,9.3501,2.1e-05,0,0,67.7148,7.441492,WiFi6_2.4GHz
UE_001976,0.0083,49.52,46.2526,-45.48,3.3e-09,0.0,1.5,0.4602,1.8062,2.8e-05,0,0,76.2286,11.741363,WiFi6_2.4GHz
UE_001977,0.0084,16.68,13.5577,-78.32,0.0006337337,0.0,1.5,1.7731,-2.3452,2.8e-05,0,0,57.5838,3.458866,WiFi6_2.4GHz
UE_001978,0.0011,13.64,9.2735,-81.36,0.0176765854,0.0,1.5,6.86,-15.2225,4e-06,0,0,52.9332,2.154098,WiFi6_2.4GHz
UE_001979,0.0106,60.34,60.1734,-34.66,1.9e-09,0.0,1.5,0.2727,-0.8676,3.5e-05,0,0,82.0989,11.663612,WiFi6_2.4GHz
UE_001980,0.0065,34.07,33.2468,-60.93,4.294e-06,0.0,1.5,0.1902,-5.2934,2.2e-05,0,0,73.2599,10.628407,WiFi6_2.4GHz
UE_001981,0.0054,52.99,50.93,-42.01,4.5e-09,0.0,1.5,0.3564,14.5434,1.8e-05,0,0,77.2519,11.92378,WiFi6_2.4GHz
UE_001982,0.0105,55.81,51.1689,-39.19,6.8e-09,0.0,1.5,0.466,-9.7317,3.5e-05,0,0,76.3411,12.020744,WiFi6_2.4GHz
UE_001983,0.0049,38.78,35.7153,-56.22,5e-10,0.0,1.5,0.3484,-6.5996,1.6e-05,0,0,80.1896,11.464489,WiFi6_2.4GHz
UE_001984,0.0021,15.29,12.4232,-79.71,0.0007051655,0.0,1.5,0.5272,15.9575,7e-06,0,0,57.5335,3.56482,WiFi6_2.4GHz
UE_001985,0.0036,58.2,56.8025,-36.8,8.6e-09,0.0,1.5,0.2413,-11.9139,1.2e-05,0,0,78.5301,11.867877,WiFi6_2.4GHz
UE_001986,0.0047,54.26,51.5608,-40.74,7e-10,0.0,1.5,0.3744,14.9698,1.6e-05,0,0,78.3554,11.920745,WiFi6_2.4GHz
UE_001987,0.0026,34.44,30.3533,-60.56,3.2158e-06,0.0,1.5,0.4717,-8.034,9e-06,0,0,70.9095,10.747467,WiFi6_2.4GHz
UE_001988,0.0097,27.38,24.1073,-67.62,6.0385e-06,0.0,1.5,0.0041,-1.8435,3.2e-05,0,0,68.2099,7.197234,WiFi6_2.4GHz
UE_001989,0.0077,17.46,17.7964,-77.54,0.0002224518,0.0,1.5,0.826,6.0066,2.6e-05,0,0,57.7633,3.123062,WiFi6_2.4GHz
UE_001990,0.0107,15.36,13.3958,-79.64,0.0009977241,0.0,1.5,0.5977,6.3877,3.6e-05,0,0,58.416,3.715513,WiFi6_2.4GHz
UE_001991,0.0051,28.49,25.4532,-66.51,8.5216e-06,0.0,1.5,0.1713,-9.3312,1.7e-05,0,0,70.3445,7.928476,WiFi6_2.4GHz
UE_001992,0.0056,19.35,15.8803,-75.65,0.0003333087,0.0,1.5,1.89,0.9873,1.9e-05,0,0,61.9089,4.805246,WiFi6_2.4GHz
UE_001993,0.0055,46.88,42.606,-48.12,8.2e-09,0.0,1.5,0.0395,8.7025,1.8e-05,0,0,78.0688,11.638386,WiFi6_2.4GHz
UE_001994,0.0042,33.33,30.938,-61.67,1.3017e-06,0.0,1.5,0.3942,-8.5157,1.4e-05,0,0,73.8674,10.642614,WiFi6_2.4GHz
UE_001995,0.0032,60.37,57.9543,-34.63,9.9e-09,0.0,1.5,0.3471,-9.0372,1.1e-05,0,0,77.0091,11.715618,WiFi6_2.4GHz
UE_001996,0.0057,32.23,30.3497,-62.77,5.8026e-06,0.0,1.5545,0.463,-15.8135,1.9e-05,0,0,74.4998,10.43316,WiFi6_2.4GHz
UE_001997,0.0015,58.19,55.1948,-36.81,4e-09,0.0,1.5,0.1716,-12.307,5e-06,0,0,74.1297,11.673257,WiFi6_2.4GHz
UE_001998,0.0108,19.22,16.5142,-75.78,0.0007518329,0.0,1.5,0.8643,-9.8634,3.6e-05,0,0,61.4337,4.518538,WiFi6_2.4GHz
UE_001999,0.0088,42.4,38.0412,-52.6,7.3e-09,0.0,1.5,0.4312,15.5512,2.9e-05,0,0,81.7317,11.675401,WiFi6_2.4GHz
UE_002000,0.0055,59.73,55.7748,-35.27,2.2e-09,0.0,1.5,0.1267,7.1023,1.8e-05,0,0,79.9336,12.302173,WiFi6_2.4GHz
UE_002001,0.0034,23.66,19.767,-71.34,0.0008256326,0.0,1.5,1.83,8.4675,1.1e-05,0,0,64.2184,5.294053,WiFi6_2.4GHz
UE_002002,0.0038,34.24,31.0885,-60.76,3.5692e-06,0.0,1.5,0.3889,2.4514,1.3e-05,0,0,70.373,10.655913,WiFi6_2.4GHz
UE_002003,0.0059,65.4,64.5081,-29.6,8.8e-09,0.0,1.5,0.1519,2.9555,2e-05,0,0,80.0318,11.486248,WiFi6_2.4GHz
UE_002004,0.0097,28.87,26.6413,-66.13,1.1863e-06,0.0,1.5,0.0744,1.1365,3.2e-05,0,0,68.878,7.806152,WiFi6_2.4GHz
UE_002005,0.0043,46.03,43.6393,-48.97,5e-10,0.0,1.5,0.3455,4.0977,1.4e-05,0,0,80.3591,12.053636,WiFi6_2.4GHz
UE_002006,0.0052,27.08,22.9782,-67.92,6.7184e-06,0.0,1.5,0.3133,-2.59,1.7e-05,0,0,63.652,7.15948,WiFi6_2.4GHz
UE_002007,0.0104,32.07,29.6325,-62.93,5.3936e-06,0.0,1.5,0.3447,15.1279,3.5e-05,0,0,70.2793,10.476992,WiFi6_2.4GHz
UE_002008,0.0063,29.07,26.5918,-65.93,1.7002e-06,0.0,1.5,0.3789,-5.5108,2.1e-05,0,0,71.8146,7.74782,WiFi6_2.4GHz
UE_002009,0.0096,21.63,18.9045,-73.37,0.000842424,0.0,1.5,0.7405,-1.0888,3.2e-05,0,0,62.2714,5.056512,WiFi6_2.4GHz
UE_002010,0.0109,56.75,57.5181,-38.25,2.7e-09,0.0,1.5,0.2339,14.805,3.6e-05,0,0,75.9017,11.383288,WiFi6_2.4GHz
UE_002011,0.0091,23.85,22.9954,-71.15,0.0005619215,0.0,1.5,0.5422,-0.5518,3e-05,0,0,63.1484,5.358993,WiFi6_2.4GHz
UE_002012,0.0082,17.56,14.5837,-77.44,0.0005981115,0.0,1.5,1.767,4.6236,2.7e-05,0,0,59.0626,3.659038,WiFi6_2.4GHz
UE_002013,0.0053,51.77,50.4205,-43.23,3.3e-09,0.0,1.5,0.4342,5.9525,1.8e-05,0,0,80.9251,11.902831,WiFi6_2.4GHz
UE_002014,0.0098,48.78,43.8493,-46.22,9.8e-09,0.0,1.6204,0.0586,14.1742,3.3e-05,0,0,80.2275,11.542711,WiFi6_2.4GHz
UE_002015,0.0082,36.9,34.8235,-58.1,2.3e-09,0.0,1.5,0.4788,13.9535,2.7e-05,0,0,74.8929,11.788883,WiFi6_2.4GHz
UE_002016,0.0039,28.2,26.8685,-66.8,5.766e-06,0.0,1.5,0.2802,-12.1891,1.3e-05,0,0,66.8071,7.832171,WiFi6_2.4GHz
UE_002017,0.0082,43.57,41.2758,-51.43,1.4e-09,0.0,1.5,0.0862,7.2293,2.7e-05,0,0,77.9891,11.72453,WiFi6_2.4GHz
UE_002018,0.0059,57.95,56.4774,-37.05,5.7e-09,0.0,1.5,0.1504,3.3602,2e-05,0,0,79.3383,11.422154,WiFi6_2.4GHz
UE_002019,0.0091,44.11,41.6776,-50.89,9.5e-09,0.0,1.5,0.1559,11.8811,3e-05,0,0,75.6136,11.699413,WiFi6_2.4GHz
UE_002020,0.0109,49.61,45.1683,-45.39,6.6e-09,0.0,1.5,0.2224,-1.1476,3.6e-05,0,0,79.9251,11.710634,WiFi6_2.4GHz
UE_002021,0.0104,31.55,28.7537,-63.45,9.5699e-06,0.0,1.5,0.373,3.7995,3.5e-05,0,0,73.7191,7.651906,WiFi6_2.4GHz
UE_002022,0.004,30.29,28.353,-64.71,1.3771e-06,0.0,1.5,0.3769,15.6085,1.3e-05,0,0,70.4326,7.990097,WiFi6_2.4GHz
UE_002023,0.0038,60.06,57.157,-34.94,2.7e-09,0.0,1.5,0.3884,-11.2535,1.3e-05,0,0,76.7384,11.701809,WiFi6_2.4GHz
UE_002024,0.0099,58.26,55.9819,-36.74,8.3e-09,0.0,1.5,0.354,10.1224,3.3e-05,0,0,78.8503,11.462542,WiFi6_2.4GHz
UE_002025,0.0059,25.61,21.7999,-69.39,3.9536e-06,0.0,1.5,0.0392,-10.9345,2e-05,0,0,65.9269,6.93062,WiFi6_2.4GHz
UE_002026,0.009,25.06,20.3475,-69.94,3.901e-07,0.0,1.5,0.4289,-12.1693,3e-05,0,0,64.2756,7.35379,WiFi6_2.4GHz
UE_002027,0.0081,11.1,7.8038,-83.9,0.04476707,0.0,1.5,2.2911,3.7335,2.7e-05,0,0,49.2025,2.336819,WiFi6_2.4GHz
UE_002028,0.0062,17.65,13.9925,-77.35,7.02861e-05,0.0,1.5,1.8436,-12.3524,2.1e-05,0,0,57.5444,3.3173,WiFi6_2.4GHz
UE_002029,0.0042,46.73,44.8234,-48.27,2.8e-09,0.0,1.5,0.4739,-8.7031,1.4e-05,0,0,77.7031,11.80787,WiFi6_2.4GHz
UE_002030,0.0063,20.44,17.3678,-74.56,0.0002197861,0.0,1.5,1.2571,-12.5635,2.1e-05,0,0,60.5729,4.66301,WiFi6_2.4GHz
UE_002031,0.0085,28.95,25.986,-66.05,8.1976e-06,0.0,1.5,0.4771,2.6298,2.8e-05,0,0,70.231,7.993125,WiFi6_2.4GHz
UE_002032,0.0072,18.45,16.167,-76.55,0.0001836099,0.0,1.5,1.6593,-5.641,2.4e-05,0,0,59.8781,3.690191,WiFi6_2.4GHz
UE_002033,0.0088,26.29,24.9524,-68.71,2.3996e-06,0.0,1.5,0.189,-6.4337,2.9e-05,0,0,66.9449,7.099982,WiFi6_2.4GHz
UE_002034,0.0021,40.81,39.87,-54.19,5e-09,0.0,1.5,0.1034,2.9645,7e-06,0,0,81.7456,11.367945,WiFi6_2.4GHz
UE_002035,0.0062,12.53,10.2809,-82.47,0.04206183,0.0,1.5,6.6342,-6.7812,2.1e-05,0,0,49.9233,2.445069,WiFi6_2.4GHz
UE_002036,0.0025,27.97,21.4246,-67.03,4.8489e-06,0.0,1.5,0.1916,-11.0744,8e-06,0,0,72.9537,6.451512,WiFi6_2.4GHz
UE_002037,0.0035,12.46,8.9224,-82.54,0.0216812635,0.0,1.5,5.3759,11.6484,1.2e-05,0,0,51.9068,2.679177,WiFi6_2.4GHz
UE_002038,0.0086,60.86,58.0067,-34.14,2.5e-09,0.0,1.5,0.3618,13.7038,2.9e-05,0,0,79.3448,11.584692,WiFi6_2.4GHz
UE_002039,0.0012,20.19,18.8167,-74.81,0.0006143743,0.0,1.6884,1.9424,14.9095,4e-06,0,0,59.3674,4.575583,WiFi6_2.4GHz
UE_002040,0.0111,38.62,35.8187,-56.38,7.2e-09,0.0,1.5,0.4862,-7.0838,3.7e-05,0,0,73.6528,11.905577,WiFi6_2.4GHz
UE_002041,0.0108,20.2,17.2012,-74.8,0.0004395299,0.0,1.5,0.6571,6.7416,3.6e-05,0,0,61.1144,4.385876,WiFi6_2.4GHz
UE_002042,0.0025,27.27,24.3736,-67.73,6.983e-06,0.0,1.5,0.4939,11.1878,8e-06,0,0,64.1759,7.189151,WiFi6_2.4GHz
UE_002043,0.0024,41.54,39.1639,-53.46,4.2e-09,0.0,1.5,0.0535,11.6065,8e-06,0,0,76.1797,11.64236,WiFi6_2.4GHz
UE_002044,0.0032,52.59,50.2403,-42.41,1e-09,0.0,1.5,0.3793,-4.068,1.1e-05,0,0,79.1304,11.533686,WiFi6_2.4GHz
UE_002045,0.0105,44.47,40.1502,-50.53,1.4e-09,0.0,1.5,0.0283,-15.4122,3.5e-05,0,0,78.2682,11.353462,WiFi6_2.4GHz
UE_002046,0.0028,43.93,41.2107,-51.07,6.2e-09,0.0,1.5,0.0054,-15.6163,9e-06,0,0,78.5562,11.740426,WiFi6_2.4GHz
UE_002047,0.0091,21.73,17.5221,-73.27,6.45966e-05,0.0,1.5,0.6875,-1.9824,3e-05,0,0,63.8877,5.04008,WiFi6_2.4GHz
UE_002048,0.0014,29.64,28.7609,-65.36,3.5957e-06,0.0,1.5,0.3332,5.1106,5e-06,0,0,67.5459,7.91745,WiFi6_2.4GHz
UE_002049,0.0064,13.36,10.3996,-81.64,0.041644196,0.0,1.5,6.035,14.5707,2.1e-05,0,0,49.7655,2.287753,WiFi6_2.4GHz
UE_002050,0.0045,48.09,46.4892,-46.91,6.1e-09,0.0,1.5,0.2815,-15.1432,1.5e-05,0,0,78.5544,11.566291,WiFi6_2.4GHz
UE_002051,0.0037,67.64,66.0477,-27.36,0.0,0.0,1.5,0.1071,-8.1963,1.2e-05,0,0,76.6666,12.09374,WiFi6_2.4GHz
UE_002052,0.0075,39.54,37.3054,-55.46,2.9e-09,0.0,1.5,0.1859,7.2983,2.5e-05,0,0,75.679,11.529812,WiFi6_2.4GHz
UE_002053,0.0108,56.08,51.6702,-38.92,6.4e-09,0.0,1.5,0.3322,7.4361,3.6e-05,0,0,80.5185,11.960185,WiFi6_2.4GHz
UE_002054,0.0104,12.99,10.2478,-82.01,0.0120614924,0.0,1.5,4.3907,8.796,3.5e-05,0,0,51.7401,2.373208,WiFi6_2.4GHz
UE_002055,0.01,56.47,53.7903,-38.53,3.9e-09,0.0,1.573,0.0531,-13.2706,3.3e-05,0,0,76.4409,11.760747,WiFi6_2.4GHz
UE_002056,0.0031,46.85,43.9029,-48.15,8e-10,0.0,1.5,0.4998,-0.4447,1e-05,0,0,76.7089,11.806368,WiFi6_2.4GHz
UE_002057,0.0092,9.4,6.8176,-85.6,0.0337901016,0.0,1.5,33.4579,0.8136,3.1e-05,0,0,31.2649,1.986861,WiFi6_2.4GHz
UE_002058,0.0053,25.32,24.4365,-69.68,3.7998e-06,0.0,1.5,0.4708,3.6778,1.8e-05,0,0,67.9705,7.077743,WiFi6_2.4GHz
UE_002059,0.0039,63.02,61.0351,-31.98,7e-09,0.0,1.5,0.3857,12.573,1.3e-05,0,0,77.0929,11.55538,WiFi6_2.4GHz
UE_002060,0.0012,34.69,31.5107,-60.31,5.8028e-06,0.0,1.5,0.4279,-10.2932,4e-06,0,0,70.407,10.243459,WiFi6_2.4GHz
UE_002061,0.0026,51.65,48.3576,-43.35,5.7e-09,0.0,1.5,0.0353,1.7387,9e-06,0,0,76.6909,11.482547,WiFi6_2.4GHz
UE_002062,0.0035,46.52,44.7969,-48.48,3.6e-09,0.0,1.5,0.3979,-2.6527,1.2e-05,0,0,74.8878,11.881421,WiFi6_2.4GHz
UE_002063,0.0101,57.73,54.9215,-37.27,1.8e-09,0.0,1.5,0.1501,6.0924,3.4e-05,0,0,77.5596,11.401851,WiFi6_2.4GHz
UE_002064,0.0063,31.49,30.3626,-63.51,4.6718e-06,0.0,1.5,0.3526,5.374,2.1e-05,0,0,66.5974,7.733436,WiFi6_2.4GHz
UE_002065,0.0085,79.95,78.5157,-15.05,9.6e-09,0.0,1.5,0.2945,15.9509,2.8e-05,0,0,80.617,12.129066,WiFi6_2.4GHz
UE_002066,0.0048,51.2,49.4547,-43.8,8.3e-09,0.0,1.5,0.0908,-14.5409,1.6e-05,0,0,81.1465,11.75332,WiFi6_2.4GHz
UE_002067,0.0063,57.64,53.2423,-37.36,3.6e-09,0.0,1.5,0.2038,-7.0569,2.1e-05,0,0,78.5972,11.667051,WiFi6_2.4GHz
UE_002068,0.0026,31.75,29.2881,-63.25,4.4912e-06,0.0,1.5,0.2242,1.7235,9e-06,0,0,72.3182,7.83796,WiFi6_2.4GHz
UE_002069,0.0095,17.5,14.1074,-77.5,0.0009733653,0.0,1.5,1.8708,6.0985,3.2e-05,0,0,57.4128,3.564722,WiFi6_2.4GHz
UE_002070,0.0022,53.44,51.0836,-41.56,4.8e-09,0.0,1.5,0.4525,-1.5776,7e-06,0,0,77.304,11.551033,WiFi6_2.4GHz
UE_002071,0.0058,34.1,29.5184,-60.9,2.9336e-06,0.0,1.5,0.3653,-8.9418,1.9e-05,0,0,72.8936,10.59332,WiFi6_2.4GHz
UE_002072,0.0099,29.25,27.329,-65.75,7.7097e-06,0.0,1.531,0.4765,11.6267,3.3e-05,0,0,71.4461,7.622521,WiFi6_2.4GHz
UE_002073,0.009,19.93,19.3393,-75.07,0.0008690832,0.0,1.5,0.6348,7.0195,3e-05,0,0,58.523,4.903239,WiFi6_2.4GHz
UE_002074,0.0017,57.85,54.404,-37.15,7e-10,0.0,1.5,0.246,-2.5224,6e-06,0,0,78.8052,11.603765,WiFi6_2.4GHz
UE_002075,0.0105,37.32,32.9225,-57.68,2.8e-09,0.0,1.5,0.054,-1.1195,3.5e-05,0,0,77.9083,11.714462,WiFi6_2.4GHz
UE_002076,0.0081,38.61,35.5796,-56.39,8.4e-09,0.0,1.5,0.1261,0.2601,2.7e-05,0,0,79.7724,11.381636,WiFi6_2.4GHz
UE_002077,0.0092,64.77,62.6925,-30.23,8.7e-09,0.0,1.5,0.0324,3.1613,3.1e-05,0,0,79.7059,11.861609,WiFi6_2.4GHz
UE_002078,0.0069,72.07,71.0912,-22.93,7.9e-09,0.0,1.5,0.194,-13.5891,2.3e-05,0,0,79.6186,11.548685,WiFi6_2.4GHz
UE_002079,0.0052,35.5,33.6572,-59.5,6.4e-09,0.0,1.5,0.358,3.9902,1.7e-05,0,0,70.8369,11.737155,WiFi6_2.4GHz
UE_002080,0.0064,28.14,26.7026,-66.86,8.443e-07,0.0,1.5,0.4384,-8.1211,2.1e-05,0,0,67.8369,7.943068,WiFi6_2.4GHz
UE_002081,0.0099,60.38,59.4649,-34.62,2.7e-09,0.0,1.5,0.4394,3.5477,3.3e-05,0,0,77.0105,11.75346,WiFi6_2.4GHz
UE_002082,0.0073,26.64,24.0075,-68.36,4.7586e-06,0.0,1.5,0.1641,8.6422,2.4e-05,0,0,70.2496,6.853156,WiFi6_2.4GHz
UE_002083,0.0027,14.49,11.1717,-80.51,0.0488395309,0.0,1.5,2.3656,-10.3971,9e-06,0,0,55.0951,2.623233,WiFi6_2.4GHz
UE_002084,0.0041,56.25,52.9129,-38.75,8.5e-09,0.0,1.5,0.4767,5.7471,1.4e-05,0,0,78.5608,11.381541,WiFi6_2.4GHz
UE_002085,0.0059,42.61,39.1346,-52.39,1e-10,0.0,1.5,0.4245,-4.797,2e-05,0,0,81.9809,11.803196,WiFi6_2.4GHz
UE_002086,0.0078,54.56,50.3803,-40.44,8.6e-09,0.0,1.5,0.3725,-10.3827,2.6e-05,0,0,77.6203,11.199687,WiFi6_2.4GHz
UE_002087,0.0043,62.19,60.3774,-32.81,1.1e-09,0.0,1.5,0.1195,-9.6073,1.4e-05,0,0,80.1671,11.348525,WiFi6_2.4GHz
UE_002088,0.0057,78.11,76.2828,-16.89,1e-09,0.0,1.5,0.0212,15.1384,1.9e-05,0,0,75.9959,11.915661,WiFi6_2.4GHz
UE_002089,0.011,23.97,20.8659,-71.03,0.0004822621,0.0,1.5,1.7017,3.1764,3.7e-05,0,0,63.1274,5.237031,WiFi6_2.4GHz
UE_002090,0.0025,24.15,20.2986,-70.85,0.0001057361,0.0,1.5,1.1317,9.4188,8e-06,0,0,61.1096,5.475614,WiFi6_2.4GHz
UE_002091,0.0055,38.26,35.2682,-56.74,3.1e-09,0.0,1.5,0.3891,-11.1278,1.8e-05,0,0,75.8142,11.267074,WiFi6_2.4GHz
UE_002092,0.0067,29.12,25.5167,-65.88,9.7526e-06,0.0,1.5,0.0491,2.3568,2.2e-05,0,0,67.1162,7.963129,WiFi6_2.4GHz
UE_002093,0.009,33.13,30.2371,-61.87,1.4947e-06,0.0,1.5,0.108,-15.1635,3e-05,0,0,72.0823,10.108234,WiFi6_2.4GHz
UE_002094,0.0095,8.63,6.4542,-86.37,0.007716721,0.0,1.5,20.4719,6.9305,3.2e-05,0,0,37.7692,1.893208,WiFi6_2.4GHz
UE_002095,0.0016,23.53,19.3513,-71.47,0.0008423576,0.0,1.5,0.9781,-15.7486,5e-06,0,0,65.5098,5.252877,WiFi6_2.4GHz
UE_002096,0.0055,43.13,40.0902,-51.87,4.4e-09,0.0,2.0062,0.3925,-10.6919,1.8e-05,0,0,83.7088,11.509002,WiFi6_2.4GHz
UE_002097,0.0093,64.08,59.8373,-30.92,3.7e-09,0.0,1.5,0.125,-1.8668,3.1e-05,0,0,78.6402,11.966424,WiFi6_2.4GHz
UE_002098,0.0022,24.27,21.6101,-70.73,0.0009714035,0.0,1.5,1.3524,-1.3872,7e-06,0,0,59.4565,5.480486,WiFi6_2.4GHz
UE_002099,0.0069,69.83,67.6445,-25.17,7e-09,0.0,1.5481,0.0261,-13.9741,2.3e-05,0,0,79.2865,11.601221,WiFi6_2.4GHz
UE_002100,0.0045,42.55,41.1351,-52.45,5.3e-09,0.0,1.5,0.3024,7.0373,1.5e-05,0,0,81.5256,11.562884,WiFi6_2.4GHz
UE_002101,0.0054,28.1,24.3204,-66.9,4.8636e-06,0.0,1.5,0.405,15.0106,1.8e-05,0,0,68.9948,7.436887,WiFi6_2.4GHz
UE_002102,0.0043,44.74,42.5771,-50.26,7.6e-09,0.0,1.5,0.2738,15.1821,1.4e-05,0,0,79.1137,11.446032,WiFi6_2.4GHz
UE_002103,0.011,37.88,35.6231,-57.12,9.1e-09,0.0,1.5,0.1584,12.8509,3.7e-05,0,0,79.7852,11.663786,WiFi6_2.4GHz
UE_002104,0.0095,48.73,45.6453,-46.27,8.8e-09,0.0,1.5,0.2887,8.4328,3.2e-05,0,0,71.2623,11.737146,WiFi6_2.4GHz
UE_002105,0.003,36.48,33.7694,-58.52,7.2e-09,0.0,1.5,0.4852,-7.9028,1e-05,0,0,75.6102,11.710864,WiFi6_2.4GHz
UE_002106,0.0079,30.48,26.3038,-64.52,9.0754e-06,0.0,1.5,0.3137,-1.8395,2.6e-05,0,0,68.5779,7.682171,WiFi6_2.4GHz
UE_002107,0.003,29.32,26.1532,-65.68,8.2108e-06,0.0,1.5,0.1674,6.0542,1e-05,0,0,61.3491,7.718161,WiFi6_2.4GHz
UE_002108,0.0032,15.14,10.9606,-79.86,0.0006035706,0.0,1.5,1.2679,12.9483,1.1e-05,0,0,56.2697,3.239156,WiFi6_2.4GHz
UE_002109,0.002,20.24,17.9875,-74.76,1.71113e-05,0.0,1.5,1.6024,8.2284,7e-06,0,0,62.687,5.384666,WiFi6_2.4GHz
UE_002110,0.0082,20.25,14.9323,-74.75,0.0007890211,0.0,1.5,0.6758,6.0399,2.7e-05,0,0,59.4395,4.763676,WiFi6_2.4GHz
UE_002111,0.0032,21.58,17.937,-73.42,0.0007735994,0.0,1.5,1.5984,-4.1051,1.1e-05,0,0,61.1447,5.05546,WiFi6_2.4GHz
UE_002112,0.0015,28.58,22.9103,-66.42,5.811e-06,0.0,1.5,0.4935,-10.1873,5e-06,0,0,69.1272,7.781691,WiFi6_2.4GHz
UE_002113,0.0034,35.2,33.8112,-59.8,6.6e-09,0.0,1.5,0.1695,8.9905,1.1e-05,0,0,73.6647,11.711999,WiFi6_2.4GHz
UE_002114,0.0055,39.94,37.303,-55.06,5.2e-09,0.0,1.5,0.3589,-12.339,1.8e-05,0,0,76.2113,11.894668,WiFi6_2.4GHz
UE_002115,0.008,32.59,30.3995,-62.41,7.2801e-06,0.0,1.5,0.4064,-12.8866,2.7e-05,0,0,73.8891,10.746019,WiFi6_2.4GHz
UE_002116,0.0111,18.27,16.8865,-76.73,0.0002770219,0.0,1.5,0.7934,11.3623,3.7e-05,0,0,58.1262,3.339034,WiFi6_2.4GHz
UE_002117,0.0051,38.1,36.6134,-56.9,6e-10,0.0,1.5,0.053,13.5516,1.7e-05,0,0,71.8268,11.599515,WiFi6_2.4GHz
UE_002118,0.0056,49.05,46.7079,-45.95,3.4e-09,0.0,1.5,0.0127,9.1358,1.9e-05,0,0,80.1621,11.619239,WiFi6_2.4GHz
UE_002119,0.0084,28.38,25.2461,-66.62,1.1594e-06,0.0,1.5,0.1931,14.527,2.8e-05,0,0,69.5382,7.764544,WiFi6_2.4GHz
UE_002120,0.0074,25.73,23.1142,-69.27,3.338e-06,0.0,1.5,0.231,9.7324,2.5e-05,0,0,64.9421,7.163702,WiFi6_2.4GHz
UE_002121,0.0012,16.9,13.4644,-78.1,0.0001635102,0.0,1.5,1.7545,-15.1658,4e-06,0,0,55.8723,3.425553,WiFi6_2.4GHz
UE_002122,0.0073,66.07,62.3473,-28.93,1.3e-09,0.0,1.5,0.034,-11.6565,2.4e-05,0,0,77.6951,11.925237,WiFi6_2.4GHz
UE_002123,0.0058,45.08,44.1868,-49.92,7.6e-09,0.0,1.5,0.4226,-3.1222,1.9e-05,0,0,78.5394,11.634801,WiFi6_2.4GHz
UE_002124,0.0067,55.42,50.5956,-39.58,5e-10,0.0,1.5,0.4239,0.621,2.2e-05,0,0,77.8837,11.625461,WiFi6_2.4GHz
UE_002125,0.0082,57.69,53.7549,-37.31,2.5e-09,0.0,1.8575,0.3639,-11.469,2.7e-05,0,0,77.6568,11.617399,WiFi6_2.4GHz
UE_002126,0.0075,64.24,60.6556,-30.76,5.6e-09,0.0,1.5,0.1507,-1.8961,2.5e-05,0,0,79.3134,11.898976,WiFi6_2.4GHz
UE_002127,0.0043,22.44,20.5957,-72.56,0.0002717939,0.0,1.5,1.481,-11.286,1.4e-05,0,0,63.4,5.074909,WiFi6_2.4GHz
UE_002128,0.0014,59.76,56.4541,-35.24,6.3e-09,0.0,1.5,0.1716,-6.1751,5e-06,0,0,78.3956,11.814471,WiFi6_2.4GHz
UE_002129,0.0083,26.86,22.8527,-68.14,3.8003e-06,0.0,1.5,0.3411,-7.1138,2.8e-05,0,0,66.7006,6.948361,WiFi6_2.4GHz
UE_002130,0.0084,47.12,43.8749,-47.88,9.4e-09,0.0,1.5,0.3903,-14.6314,2.8e-05,0,0,75.2832,11.825337,WiFi6_2.4GHz
UE_002131,0.0038,29.89,26.4662,-65.11,4.5571e-06,0.0,1.5,0.3261,-3.1911,1.3e-05,0,0,68.2928,7.66678,WiFi6_2.4GHz
UE_002132,0.0039,20.93,18.6663,-74.07,0.0003766045,0.0,1.5,1.1357,-11.5962,1.3e-05,0,0,57.6064,4.728902,WiFi6_2.4GHz
UE_002133,0.0109,21.92,17.1462,-73.08,9.43853e-05,0.0,1.5,0.6613,13.176,3.6e-05,0,0,61.7953,5.13547,WiFi6_2.4GHz
UE_002134,0.0062,60.71,58.0778,-34.29,6e-09,0.0,1.5,0.3566,9.8151,2.1e-05,0,0,78.4094,11.828272,WiFi6_2.4GHz
UE_002135,0.0014,28.77,27.8542,-66.23,7.7233e-06,0.0,1.5,0.3482,-11.2655,5e-06,0,0,68.1855,7.977498,WiFi6_2.4GHz
UE_002136,0.0035,30.39,28.2223,-64.61,5.3957e-06,0.0,1.5,0.1673,-10.4713,1.2e-05,0,0,70.7891,8.269476,WiFi6_2.4GHz
UE_002137,0.0063,57.91,56.3319,-37.09,8.2e-09,0.0,1.5,0.1508,-0.7998,2.1e-05,0,0,75.8531,12.005947,WiFi6_2.4GHz
UE_002138,0.0094,18.96,16.3193,-76.04,0.0004247954,0.0,1.5,1.267,1.0834,3.1e-05,0,0,60.0557,3.669978,WiFi6_2.4GHz
UE_002139,0.0112,47.39,43.3942,-47.61,7.6e-09,0.0,1.5,0.2804,15.6106,3.7e-05,0,0,78.2767,11.686986,WiFi6_2.4GHz
UE_002140,0.0025,60.21,56.2267,-34.79,2.5e-09,0.0,1.5,0.1571,-5.596,8e-06,0,0,81.9505,11.806667,WiFi6_2.4GHz
UE_002141,0.0064,30.83,29.4118,-64.17,8.4692e-06,0.0,1.5,0.4151,12.6391,2.1e-05,0,0,68.0701,7.859442,WiFi6_2.4GHz
UE_002142,0.0056,32.75,29.3935,-62.25,6.6591e-06,0.0,1.5,0.3772,12.7173,1.9e-05,0,0,71.7542,11.05521,WiFi6_2.4GHz
UE_002143,0.004,21.82,16.8549,-73.18,0.0003190336,0.0,1.5,0.769,14.7681,1.3e-05,0,0,60.0438,5.261216,WiFi6_2.4GHz
UE_002144,0.0052,23.02,23.3385,-71.98,0.0009903771,0.0,1.5,0.7604,12.5847,1.7e-05,0,0,61.4964,5.334779,WiFi6_2.4GHz
UE_002145,0.0019,27.76,26.7658,-67.24,5.9655e-06,0.0,1.5,0.2587,-5.4424,6e-06,0,0,67.111,6.84503,WiFi6_2.4GHz
UE_002146,0.0057,15.32,14.7702,-79.68,0.0008399717,0.0,1.5,0.9273,-13.2236,1.9e-05,0,0,56.1636,3.485788,WiFi6_2.4GHz
UE_002147,0.0022,51.61,48.4384,-43.39,2.3e-09,0.0,1.5,0.3059,11.4179,7e-06,0,0,76.0736,11.622723,WiFi6_2.4GHz
UE_002148,0.0034,30.48,27.0523,-64.52,9.1523e-06,0.0,1.5,0.2837,-3.6829,1.1e-05,0,0,70.7366,7.756594,WiFi6_2.4GHz
UE_002149,0.0029,30.25,28.0328,-64.75,7.2246e-06,0.0,1.5,0.1837,7.1777,1e-05,0,0,70.0752,7.500592,WiFi6_2.4GHz
UE_002150,0.0044,55.09,52.9378,-39.91,5.4e-09,0.0,1.5,0.0785,9.0855,1.5e-05,0,0,80.8621,11.574242,WiFi6_2.4GHz
UE_002151,0.0027,53.46,51.4671,-41.54,8.3e-09,0.0,1.5,0.4053,-13.8516,9e-06,0,0,77.8029,11.542223,WiFi6_2.4GHz
UE_002152,0.0087,39.11,34.4718,-55.89,6.8e-09,0.0,1.5,0.1975,3.3408,2.9e-05,0,0,77.657,11.545211,WiFi6_2.4GHz
UE_002153,0.0107,48.3,45.063,-46.7,4.3e-09,0.0,1.5,0.384,-7.0117,3.6e-05,0,0,77.8225,11.999585,WiFi6_2.4GHz
UE_002154,0.0087,28.55,24.565,-66.45,6.8303e-06,0.0,1.5,0.4254,13.6865,2.9e-05,0,0,68.7227,7.234514,WiFi6_2.4GHz
UE_002155,0.0032,65.18,62.7917,-29.82,6.5e-09,0.0,1.5,0.3585,-6.1747,1.1e-05,0,0,76.5398,11.694371,WiFi6_2.4GHz
UE_002156,0.0077,14.48,11.2873,-80.52,0.0036936788,0.0,1.5,7.3776,6.8706,2.6e-05,0,0,53.1538,2.178005,WiFi6_2.4GHz
UE_002157,0.0078,22.56,18.0762,-72.44,0.0009621962,0.0,1.5,0.8885,-14.1975,2.6e-05,0,0,64.3628,5.361461,WiFi6_2.4GHz
UE_002158,0.0065,25.53,20.0445,-69.47,7.8756e-06,0.0,1.5,0.3453,-14.1813,2.2e-05,0,0,65.2577,6.942422,WiFi6_2.4GHz
UE_002159,0.001,58.5,55.2865,-36.5,3.4e-09,0.0,1.5,0.404,4.5621,3e-06,0,0,78.4802,11.930016,WiFi6_2.4GHz
UE_002160,0.0092,45.05,41.5705,-49.95,8.3e-09,0.0,1.5,0.0198,-8.6559,3.1e-05,0,0,83.2817,11.439886,WiFi6_2.4GHz
UE_002161,0.008,27.06,23.4744,-67.94,3.4921e-06,0.0,1.5,0.1284,-11.7573,2.7e-05,0,0,70.6918,7.017387,WiFi6_2.4GHz
UE_002162,0.0046,36.65,33.8297,-58.35,1.3e-09,0.0,1.5,0.2941,12.5702,1.5e-05,0,0,76.2856,11.619252,WiFi6_2.4GHz
UE_002163,0.0087,49.75,46.0558,-45.25,6e-10,0.0,1.5,0.2986,9.5515,2.9e-05,0,0,79.5492,11.431801,WiFi6_2.4GHz
UE_002164,0.0037,40.45,37.0926,-54.55,6.9e-09,0.0,1.5,0.1196,6.4813,1.2e-05,0,0,77.5783,11.349825,WiFi6_2.4GHz
UE_002165,0.008,21.03,18.6616,-73.97,0.0009276589,0.0,1.5,1.8923,1.1244,2.7e-05,0,0,59.8728,5.147352,WiFi6_2.4GHz
UE_002166,0.0054,60.49,57.5496,-34.51,1.3e-09,0.0,1.5,0.3006,0.9043,1.8e-05,0,0,80.4577,11.740247,WiFi6_2.4GHz
UE_002167,0.0031,22.23,16.2925,-72.77,0.000501196,0.0,1.5,0.5281,11.0422,1e-05,0,0,63.695,4.943789,WiFi6_2.4GHz
UE_002168,0.0049,33.49,29.3986,-61.51,3.2525e-06,0.0,1.5,0.0091,-5.0943,1.6e-05,0,0,71.9856,10.761892,WiFi6_2.4GHz
UE_002169,0.003,64.22,59.7996,-30.78,1.6e-09,0.0,1.5,0.3398,14.8561,1e-05,0,0,78.5918,11.291679,WiFi6_2.4GHz
UE_002170,0.0071,21.15,18.4298,-73.85,9.4515e-05,0.0,1.5,1.5736,-6.072,2.4e-05,0,0,59.9756,5.031663,WiFi6_2.4GHz
UE_002171,0.0012,35.27,32.9876,-59.73,7.4e-09,0.0,1.5,0.3113,-5.3391,4e-06,0,0,75.2292,11.525899,WiFi6_2.4GHz
UE_002172,0.0076,36.91,33.21,-58.09,8.2e-09,0.0,1.5,0.0619,-1.7457,2.5e-05,0,0,77.4855,11.189427,WiFi6_2.4GHz
UE_002173,0.01,13.11,9.1908,-81.89,0.0451764555,0.0,1.5,7.9762,-13.7515,3.3e-05,0,0,47.5591,2.148539,WiFi6_2.4GHz
UE_002174,0.0046,29.98,27.6759,-65.02,6.37e-06,0.0,1.7877,0.0986,6.1641,1.5e-05,0,0,65.3834,8.03555,WiFi6_2.4GHz
UE_002175,0.0022,78.54,76.6024,-16.46,4.6e-09,0.0,1.5,0.2124,10.1852,7e-06,0,0,75.4708,11.500422,WiFi6_2.4GHz
UE_002176,0.0053,66.8,63.5013,-28.2,9.4e-09,0.0,1.5,0.2187,-4.9973,1.8e-05,0,0,77.1301,11.199672,WiFi6_2.4GHz
UE_002177,0.0066,66.7,64.8585,-28.3,9.8e-09,0.0,1.5,0.341,10.1582,2.2e-05,0,0,76.5911,11.633632,WiFi6_2.4GHz
UE_002178,0.0079,57.42,53.721,-37.58,1.4e-09,0.0,1.5,0.2613,-13.2541,2.6e-05,0,0,74.2551,11.611422,WiFi6_2.4GHz
UE_002179,0.001,34.54,33.067,-60.46,3.5322e-06,0.0,1.5,0.1346,1.8962,3e-06,0,0,74.8688,10.190911,WiFi6_2.4GHz
UE_002180,0.0108,26.61,23.9144,-68.39,5.8726e-06,0.0,1.8378,0.4942,-9.2535,3.6e-05,0,0,68.234,6.529034,WiFi6_2.4GHz
UE_002181,0.0075,20.82,17.8297,-74.18,0.000626932,0.0,1.758,1.503,11.1349,2.5e-05,0,0,64.5496,4.076906,WiFi6_2.4GHz
UE_002182,0.0044,22.27,18.6189,-72.73,0.0006764092,0.0,1.5,1.7307,13.1553,1.5e-05,0,0,59.8803,5.309354,WiFi6_2.4GHz
UE_002183,0.0059,81.78,77.9159,-13.22,1.3e-09,0.0,1.5,0.359,12.2821,2e-05,0,0,77.1477,12.056483,WiFi6_2.4GHz
UE_002184,0.0042,37.46,32.9836,-57.54,2e-10,0.0,1.5,0.0454,-4.6255,1.4e-05,0,0,77.3328,11.940591,WiFi6_2.4GHz
UE_002185,0.0107,44.0,40.6618,-51.0,7.3e-09,0.0,1.5,0.4367,-3.4132,3.6e-05,0,0,78.3166,11.66268,WiFi6_2.4GHz
UE_002186,0.0066,59.79,55.1101,-35.21,8e-09,0.0,1.5,0.0476,-2.8924,2.2e-05,0,0,75.8748,11.500098,WiFi6_2.4GHz
UE_002187,0.0108,10.7,8.2533,-84.3,0.0171134428,0.0,1.5,5.223,-7.5026,3.6e-05,0,0,48.5304,1.828219,WiFi6_2.4GHz
UE_002188,0.0067,37.83,33.4865,-57.17,7.7e-09,0.0,1.5,0.1546,3.453,2.2e-05,0,0,76.1981,11.811316,WiFi6_2.4GHz
UE_002189,0.003,70.92,67.3122,-24.08,8.6e-09,0.0,1.5,0.3605,14.7747,1e-05,0,0,77.8522,11.94952,WiFi6_2.4GHz
UE_002190,0.0111,63.92,59.1676,-31.08,4.3e-09,0.0,1.5,0.0546,-5.1833,3.7e-05,0,0,75.7092,11.900989,WiFi6_2.4GHz
UE_002191,0.0088,77.34,74.9992,-17.66,9e-09,0.0,1.5,0.3064,-12.2278,2.9e-05,0,0,78.7768,11.57376,WiFi6_2.4GHz
UE_002192,0.005,39.42,37.628,-55.58,6.9e-09,0.0,1.5,0.3531,-15.8261,1.7e-05,0,0,78.9227,12.234712,WiFi6_2.4GHz
UE_002193,0.0019,23.88,19.7408,-71.12,0.0005538368,0.0,1.5,1.5507,11.3648,6e-06,0,0,60.4972,5.572563,WiFi6_2.4GHz
UE_002194,0.011,37.97,32.9766,-57.03,9.2e-09,0.0,1.5,0.0763,1.0023,3.7e-05,0,0,73.1029,11.733266,WiFi6_2.4GHz
UE_002195,0.0089,35.45,31.5717,-59.55,2.1e-09,0.0,1.5,0.3392,-0.5577,3e-05,0,0,77.5376,11.987744,WiFi6_2.4GHz
UE_002196,0.0085,35.32,33.6322,-59.68,9e-10,0.0,1.5,0.2491,5.4485,2.8e-05,0,0,74.539,11.779665,WiFi6_2.4GHz
UE_002197,0.0098,69.39,65.9438,-25.61,8e-09,0.0,1.5,0.2959,1.4246,3.3e-05,0,0,76.421,11.630372,WiFi6_2.4GHz
UE_002198,0.0091,65.89,64.3128,-29.11,5.3e-09,0.0,1.5,0.4863,10.1799,3e-05,0,0,83.3108,12.118085,WiFi6_2.4GHz
UE_002199,0.0095,25.59,23.7463,-69.41,3.939e-06,0.0,1.5,0.2057,-12.4842,3.2e-05,0,0,64.6606,7.030182,WiFi6_2.4GHz
UE_002200,0.0038,25.52,22.9798,-69.48,7.2036e-06,0.0,1.5,0.4546,-8.7422,1.3e-05,0,0,61.7695,6.994841,WiFi6_2.4GHz
UE_002201,0.0075,18.45,14.5318,-76.55,0.0007956694,0.0,1.5,1.0017,-8.739,2.5e-05,0,0,60.413,3.55613,WiFi6_2.4GHz
UE_002202,0.0051,64.68,64.2217,-30.32,6.5e-09,0.0,1.5,0.0333,12.5723,1.7e-05,0,0,78.6017,11.87621,WiFi6_2.4GHz
UE_002203,0.0044,33.11,31.4078,-61.89,4.1857e-06,0.0,1.5,0.1348,8.3469,1.5e-05,0,0,72.584,10.387678,WiFi6_2.4GHz
UE_002204,0.003,23.39,18.1075,-71.61,0.000222133,0.0,1.5,1.7224,-6.6075,1e-05,0,0,61.726,5.16105,WiFi6_2.4GHz
UE_002205,0.0055,43.75,41.6626,-51.25,8.2e-09,0.0,1.5,0.2365,10.778,1.8e-05,0,0,75.5484,11.622105,WiFi6_2.4GHz
UE_002206,0.0099,28.23,23.7342,-66.77,3.4539e-06,0.0,1.5,0.126,15.7364,3.3e-05,0,0,69.2424,7.774843,WiFi6_2.4GHz
UE_002207,0.0061,47.05,44.895,-47.95,2.4e-09,0.0,1.5,0.0019,4.4423,2e-05,0,0,77.76,11.383527,WiFi6_2.4GHz
UE_002208,0.0033,61.5,59.3552,-33.5,8.4e-09,0.0,1.5,0.1188,9.2077,1.1e-05,0,0,78.6572,11.673387,WiFi6_2.4GHz
UE_002209,0.0034,29.63,25.8429,-65.37,3.4298e-06,0.0,1.5,0.2173,9.4314,1.1e-05,0,0,66.7531,8.147529,WiFi6_2.4GHz
UE_002210,0.0107,32.35,29.5844,-62.65,4.6242e-06,0.0,1.5,0.2564,11.4144,3.6e-05,0,0,71.329,10.368916,WiFi6_2.4GHz
UE_002211,0.003,20.54,17.952,-74.46,0.000838296,0.0,1.5,0.6344,-3.3947,1e-05,0,0,63.8606,4.752044,WiFi6_2.4GHz
UE_002212,0.0047,34.9,32.2289,-60.1,5.7794e-06,0.0,1.5,0.4331,-9.7968,1.6e-05,0,0,73.3778,10.28314,WiFi6_2.4GHz
UE_002213,0.0049,27.67,26.3992,-67.33,7.3388e-06,0.0,1.5,0.0162,15.2446,1.6e-05,0,0,66.7246,7.133546,WiFi6_2.4GHz
UE_002214,0.003,62.54,62.0288,-32.46,3.8e-09,0.0,1.5,0.1021,-11.4096,1e-05,0,0,79.1707,11.567058,WiFi6_2.4GHz
UE_002215,0.0045,17.87,15.599,-77.13,0.0001937716,0.0,1.5,1.8497,3.1551,1.5e-05,0,0,56.6309,3.365923,WiFi6_2.4GHz
UE_002216,0.011,21.29,17.7973,-73.71,0.0003877034,0.0,1.5,1.1259,5.2542,3.7e-05,0,0,61.8417,5.325308,WiFi6_2.4GHz
UE_002217,0.001,30.4,26.6393,-64.6,6.7101e-06,0.0,1.5,0.03,8.4853,3e-06,0,0,71.7352,7.646172,WiFi6_2.4GHz
UE_002218,0.0088,49.33,46.7358,-45.67,1.1e-09,0.0,1.5,0.4817,-15.5099,2.9e-05,0,0,76.3462,11.882941,WiFi6_2.4GHz
UE_002219,0.0032,30.87,28.6241,-64.13,9.815e-06,0.0,1.5,0.0019,-14.4058,1.1e-05,0,0,69.3066,7.817424,WiFi6_2.4GHz
UE_002220,0.004,50.19,48.6425,-44.81,5.5e-09,0.0,1.5,0.3634,1.0714,1.3e-05,0,0,79.3947,11.770607,WiFi6_2.4GHz
UE_002221,0.0101,44.66,43.2848,-50.34,7.4e-09,0.0,1.5,0.1735,-7.3234,3.4e-05,0,0,76.3577,11.892373,WiFi6_2.4GHz
UE_002222,0.0037,40.99,37.408,-54.01,7.2e-09,0.0,1.5,0.0169,3.4559,1.2e-05,0,0,80.3312,11.427066,WiFi6_2.4GHz
UE_002223,0.0022,33.58,30.8337,-61.42,5.1146e-06,0.0,1.5,0.4842,-6.115,7e-06,0,0,72.9194,10.360753,WiFi6_2.4GHz
UE_002224,0.0113,18.07,15.4497,-76.93,8.14436e-05,0.0,1.5,1.9902,12.0565,3.8e-05,0,0,59.1029,3.828653,WiFi6_2.4GHz
UE_002225,0.0081,30.91,27.5745,-64.09,3.558e-06,0.0,1.5,0.2823,7.837,2.7e-05,0,0,71.2591,7.644086,WiFi6_2.4GHz
UE_002226,0.0074,17.48,12.2902,-77.52,0.0002757168,0.0,1.5,1.4776,-15.2571,2.5e-05,0,0,57.3884,3.441527,WiFi6_2.4GHz
UE_002227,0.0019,37.14,33.7491,-57.86,2e-09,0.0,1.5,0.2737,3.3444,6e-06,0,0,76.3973,11.999684,WiFi6_2.4GHz
UE_002228,0.0041,20.47,19.8155,-74.53,0.0006403911,0.0,1.5,1.1597,-2.2421,1.4e-05,0,0,61.2661,4.343484,WiFi6_2.4GHz
UE_002229,0.0105,21.06,15.832,-73.94,0.000922526,0.0,1.5,1.3278,0.9674,3.5e-05,0,0,54.912,5.040483,WiFi6_2.4GHz
UE_002230,0.0086,25.48,23.6677,-69.52,9.9983e-06,0.0,1.5,0.4506,-1.4273,2.9e-05,0,0,62.6264,7.192649,WiFi6_2.4GHz
UE_002231,0.0055,12.78,10.2059,-82.22,0.0328157409,0.0,1.5,7.529,9.3894,1.8e-05,0,0,44.4743,2.499768,WiFi6_2.4GHz
UE_002232,0.0096,15.05,10.8856,-79.95,0.0004382444,0.0,1.5,1.5642,-7.8878,3.2e-05,0,0,53.2416,3.233527,WiFi6_2.4GHz
UE_002233,0.0104,23.61,20.4057,-71.39,0.0006814381,0.0,1.5,0.9416,11.1451,3.5e-05,0,0,63.7787,5.159824,WiFi6_2.4GHz
UE_002234,0.0087,29.82,27.5375,-65.18,9.393e-07,0.0,1.5,0.357,10.9601,2.9e-05,0,0,65.8514,8.060537,WiFi6_2.4GHz
UE_002235,0.003,81.34,78.2783,-13.66,9.9e-09,0.0,1.5,0.3393,8.0311,1e-05,0,0,75.4011,11.881923,WiFi6_2.4GHz
UE_002236,0.0023,23.32,21.096,-71.68,0.0006962681,0.0,1.5,1.5535,0.49,8e-06,0,0,63.3751,5.083937,WiFi6_2.4GHz
UE_002237,0.0026,44.14,41.8926,-50.86,8.8e-09,0.0,1.5,0.3767,14.5087,9e-06,0,0,78.5243,11.869271,WiFi6_2.4GHz
UE_002238,0.0111,20.27,16.0559,-74.73,0.0003876184,0.0,1.5,1.1819,0.5464,3.7e-05,0,0,62.4466,4.65762,WiFi6_2.4GHz
UE_002239,0.0108,34.86,32.1408,-60.14,1.0119e-06,0.0,1.5,0.2836,-6.2827,3.6e-05,0,0,71.9608,10.675049,WiFi6_2.4GHz
UE_002240,0.0027,57.98,55.7887,-37.02,2e-09,0.0,1.5541,0.2042,4.8045,9e-06,0,0,75.9354,11.866836,WiFi6_2.4GHz
UE_002241,0.0057,87.8,85.6526,-7.2,7.4e-09,0.0,1.5,0.0463,-0.4772,1.9e-05,0,0,83.459,11.658706,WiFi6_2.4GHz
UE_002242,0.0098,31.48,26.8374,-63.52,6.5915e-06,0.0,1.5,0.0884,4.632,3.3e-05,0,0,69.6373,7.840177,WiFi6_2.4GHz
UE_002243,0.0094,15.05,11.2564,-79.95,0.0006979179,0.0,1.5,1.8852,1.2106,3.1e-05,0,0,55.2877,3.79152,WiFi6_2.4GHz
UE_002244,0.0051,47.39,45.4003,-47.61,5.5e-09,0.0,1.5,0.4732,-10.9808,1.7e-05,0,0,76.3067,11.422552,WiFi6_2.4GHz
UE_002245,0.0029,50.53,50.2695,-44.47,7.8e-09,0.0,1.5,0.0144,-13.1103,1e-05,0,0,79.9266,11.840671,WiFi6_2.4GHz
UE_002246,0.0058,55.98,54.1806,-39.02,5.6e-09,0.0,1.5,0.3507,-15.0638,1.9e-05,0,0,78.502,11.530644,WiFi6_2.4GHz
UE_002247,0.0015,33.18,29.2998,-61.82,9.132e-06,0.0,1.5,0.3341,1.4191,5e-06,0,0,71.3826,10.264832,WiFi6_2.4GHz
UE_002248,0.0046,48.12,45.2568,-46.88,1.3e-09,0.0,1.5,0.3103,14.3396,1.5e-05,0,0,80.269,11.895035,WiFi6_2.4GHz
UE_002249,0.0018,12.87,11.9446,-82.13,0.0112956528,0.0,1.5,7.5031,-14.5111,6e-06,0,0,50.4016,2.271156,WiFi6_2.4GHz
UE_002250,0.0053,44.58,42.4428,-50.42,9e-09,0.0,1.5,0.1042,-4.6945,1.8e-05,0,0,77.7381,11.926745,WiFi6_2.4GHz
UE_002251,0.0039,47.45,44.0192,-47.55,6.2e-09,0.0,1.5,0.229,12.8431,1.3e-05,0,0,78.2154,11.367213,WiFi6_2.4GHz
UE_002252,0.0077,25.13,22.416,-69.87,6.8263e-06,0.0,1.5,0.4138,-9.4382,2.6e-05,0,0,63.8319,6.819832,WiFi6_2.4GHz
UE_002253,0.0029,26.55,23.7814,-68.45,6.9538e-06,0.0,1.5,0.0003,12.8112,1e-05,0,0,65.7361,6.701417,WiFi6_2.4GHz
UE_002254,0.0086,90.19,87.7384,-4.81,7.7e-09,0.0,1.5,0.3394,-8.3737,2.9e-05,0,0,76.8676,11.675606,WiFi6_2.4GHz
UE_002255,0.0071,22.25,18.7183,-72.75,0.0008222799,0.0,1.5,1.6989,-15.2692,2.4e-05,0,0,60.6339,4.924044,WiFi6_2.4GHz
UE_002256,0.0078,9.39,8.4271,-85.61,0.0319554099,0.0,1.5,28.092,-1.1188,2.6e-05,0,0,35.0715,1.680817,WiFi6_2.4GHz
UE_002257,0.0103,32.14,28.1856,-62.86,9.5938e-06,0.0,1.6478,0.0982,2.5902,3.4e-05,0,0,70.5676,10.619166,WiFi6_2.4GHz
UE_002258,0.0071,69.28,65.9479,-25.72,5.2e-09,0.0,1.5,0.0667,-8.7016,2.4e-05,0,0,78.4905,11.704792,WiFi6_2.4GHz
UE_002259,0.0106,79.91,76.8203,-15.09,9.7e-09,0.0,1.5,0.3933,-13.0382,3.5e-05,0,0,79.0381,12.09386,WiFi6_2.4GHz
UE_002260,0.0053,34.97,32.2579,-60.03,4.5053e-06,0.0,1.5,0.1068,-1.6233,1.8e-05,0,0,75.7449,10.486349,WiFi6_2.4GHz
UE_002261,0.0099,42.95,40.0477,-52.05,9.7e-09,0.0,1.5,0.2832,10.5196,3.3e-05,0,0,77.6694,11.598928,WiFi6_2.4GHz
UE_002262,0.0026,14.52,10.3488,-80.48,0.0344249259,0.0,1.5,5.1825,4.6826,9e-06,0,0,52.2386,2.125594,WiFi6_2.4GHz
UE_002263,0.0046,28.66,25.8553,-66.34,3.5637e-06,0.0,1.5,0.0205,2.5108,1.5e-05,0,0,68.9107,7.642336,WiFi6_2.4GHz
UE_002264,0.0054,56.64,55.6036,-38.36,9.3e-09,0.0,1.5,0.1979,11.3064,1.8e-05,0,0,77.4471,11.504112,WiFi6_2.4GHz
UE_002265,0.0018,60.51,56.5976,-34.49,6.1e-09,0.0,1.5,0.072,-14.2668,6e-06,0,0,82.754,12.000545,WiFi6_2.4GHz
UE_002266,0.0035,58.5,55.5184,-36.5,3.8e-09,0.0,1.5,0.2336,-14.4901,1.2e-05,0,0,76.3467,11.723201,WiFi6_2.4GHz
UE_002267,0.0054,69.64,67.4895,-25.36,2.7e-09,0.0,1.5,0.1085,-15.8026,1.8e-05,0,0,77.6491,11.4624,WiFi6_2.4GHz
UE_002268,0.0089,24.6,20.5226,-70.4,0.0007874352,0.0,1.5,1.5182,2.6338,3e-05,0,0,63.6191,5.296394,WiFi6_2.4GHz
UE_002269,0.0079,22.28,17.912,-72.72,0.0002674581,0.0,1.5,1.5298,-2.6566,2.6e-05,0,0,61.5544,5.261299,WiFi6_2.4GHz
UE_002270,0.0033,58.85,55.9759,-36.15,4.7e-09,0.0,1.5,0.1357,3.2568,1.1e-05,0,0,76.8432,11.599892,WiFi6_2.4GHz
UE_002271,0.0111,16.29,13.442,-78.71,0.0006774285,0.0,1.5,0.7818,10.693,3.7e-05,0,0,57.0424,3.65446,WiFi6_2.4GHz
UE_002272,0.0026,15.67,10.3582,-79.33,0.0007888489,0.0,1.5,1.4987,-5.2342,9e-06,0,0,55.3243,3.558774,WiFi6_2.4GHz
UE_002273,0.0025,41.95,40.9082,-53.05,3.1e-09,0.0,1.5,0.2371,11.8848,8e-06,0,0,77.0908,11.554565,WiFi6_2.4GHz
UE_002274,0.0086,27.41,26.2998,-67.59,4.499e-07,0.0,1.5,0.2714,5.1157,2.9e-05,0,0,67.4963,6.669027,WiFi6_2.4GHz
UE_002275,0.011,13.45,10.8702,-81.55,0.0467069533,0.0,1.5,6.1755,0.1456,3.7e-05,0,0,52.3456,2.207481,WiFi6_2.4GHz
UE_002276,0.0036,27.17,23.1664,-67.83,5.0688e-06,0.0,1.5,0.3077,-1.5428,1.2e-05,0,0,63.0738,6.831043,WiFi6_2.4GHz
UE_002277,0.0057,26.29,23.2901,-68.71,4.2226e-06,0.0,1.5,0.2665,-1.0037,1.9e-05,0,0,64.356,6.81818,WiFi6_2.4GHz
UE_002278,0.0046,41.03,40.0621,-53.97,3.2e-09,0.0,1.5,0.3134,10.1743,1.5e-05,0,0,81.9935,11.629147,WiFi6_2.4GHz
UE_002279,0.0019,24.27,22.2341,-70.73,0.000328626,0.0,1.5,1.5547,1.116,6e-06,0,0,65.3836,5.779609,WiFi6_2.4GHz
UE_002280,0.0025,42.68,40.8952,-52.32,4.2e-09,0.0,1.5,0.0737,8.535,8e-06,0,0,79.3338,11.656403,WiFi6_2.4GHz
UE_002281,0.0076,64.14,61.0889,-30.86,6.7e-09,0.0,1.5,0.3343,15.0866,2.5e-05,0,0,79.0778,11.891792,WiFi6_2.4GHz
UE_002282,0.0111,32.77,30.1836,-62.23,3.254e-06,0.0,1.5,0.3853,-7.4499,3.7e-05,0,0,71.8703,10.639339,WiFi6_2.4GHz
UE_002283,0.006,66.44,63.9689,-28.56,9e-10,0.0,1.5,0.2291,-12.4628,2e-05,0,0,77.6841,11.57486,WiFi6_2.4GHz
UE_002284,0.0036,38.28,36.4675,-56.72,1.1e-09,0.0,1.5,0.3742,10.337,1.2e-05,0,0,79.5702,11.565259,WiFi6_2.4GHz
UE_002285,0.0015,22.59,20.59,-72.41,0.0004057931,0.0,1.5,1.8501,-4.8216,5e-06,0,0,61.3326,4.974475,WiFi6_2.4GHz
UE_002286,0.0098,41.88,40.1435,-53.12,4.9e-09,0.0,1.5,0.1277,1.1732,3.3e-05,0,0,76.895,11.607266,WiFi6_2.4GHz
UE_002287,0.0044,33.42,31.0392,-61.58,4.5192e-06,0.0,1.5,0.3005,3.4026,1.5e-05,0,0,71.253,10.711571,WiFi6_2.4GHz
UE_002288,0.0067,46.18,44.2223,-48.82,8.2e-09,0.0,1.5,0.192,-3.9276,2.2e-05,0,0,76.0231,11.569442,WiFi6_2.4GHz
UE_002289,0.0085,59.55,57.8445,-35.45,6.8e-09,0.0,1.5,0.259,14.1075,2.8e-05,0,0,77.6835,11.693553,WiFi6_2.4GHz
UE_002290,0.0069,46.99,43.0815,-48.01,8.8e-09,0.0,1.5,0.1637,-14.0187,2.3e-05,0,0,79.6667,11.585618,WiFi6_2.4GHz
UE_002291,0.0025,37.13,34.9627,-57.87,4.4e-09,0.0,1.5,0.3383,6.6536,8e-06,0,0,76.0685,11.500447,WiFi6_2.4GHz
UE_002292,0.0089,44.69,43.2476,-50.31,6e-10,0.0,1.5,0.046,-13.4032,3e-05,0,0,75.6024,11.310531,WiFi6_2.4GHz
UE_002293,0.0036,42.77,42.604,-52.23,8.1e-09,0.0,1.5,0.1845,14.4491,1.2e-05,0,0,76.9558,11.343268,WiFi6_2.4GHz
UE_002294,0.0076,48.29,45.798,-46.71,3.3e-09,0.0,1.5,0.4951,-9.6362,2.5e-05,0,0,78.4917,11.689198,WiFi6_2.4GHz
UE_002295,0.0086,33.59,30.8261,-61.41,9.169e-06,0.0,1.5,0.3612,-7.9985,2.9e-05,0,0,68.4972,10.487884,WiFi6_2.4GHz
UE_002296,0.0083,26.02,20.7533,-68.98,7.402e-07,0.0,1.5,0.0754,-8.4851,2.8e-05,0,0,66.4186,6.922441,WiFi6_2.4GHz
UE_002297,0.0069,36.49,32.8228,-58.51,6.4e-09,0.0,1.5,0.4368,-7.3531,2.3e-05,0,0,75.0266,11.717176,WiFi6_2.4GHz
UE_002298,0.007,38.68,35.516,-56.32,1.4e-09,0.0,1.5,0.406,-15.1524,2.3e-05,0,0,74.6196,12.040864,WiFi6_2.4GHz
UE_002299,0.0101,50.03,48.4255,-44.97,3.4e-09,0.0,1.5,0.0452,-1.2907,3.4e-05,0,0,77.2747,11.629105,WiFi6_2.4GHz
UE_002300,0.0068,49.97,47.3741,-45.03,8.7e-09,0.0,1.5,0.3511,-11.8467,2.3e-05,0,0,76.6605,11.298112,WiFi6_2.4GHz
UE_002301,0.0042,26.55,21.6527,-68.45,7.171e-07,0.0,1.5,0.2825,1.7106,1.4e-05,0,0,66.5286,7.105761,WiFi6_2.4GHz
UE_002302,0.0052,32.18,29.8121,-62.82,4.3856e-06,0.0,1.8206,0.3906,-14.2612,1.7e-05,0,0,72.3404,10.771977,WiFi6_2.4GHz
UE_002303,0.0042,25.11,21.7322,-69.89,5.7744e-06,0.0,1.5,0.3823,14.7888,1.4e-05,0,0,67.3937,7.063367,WiFi6_2.4GHz
UE_002304,0.0076,45.33,42.7282,-49.67,5.5e-09,0.0,1.5,0.2023,-13.2035,2.5e-05,0,0,71.6442,11.448719,WiFi6_2.4GHz
UE_002305,0.0017,23.93,19.8429,-71.07,3.01554e-05,0.0,1.5,1.0446,-4.0467,6e-06,0,0,61.8984,4.938196,WiFi6_2.4GHz
UE_002306,0.002,40.83,38.7658,-54.17,7.4e-09,0.0,1.5,0.3938,-13.543,7e-06,0,0,74.8453,12.011078,WiFi6_2.4GHz
UE_002307,0.0081,35.72,31.8687,-59.28,7.3e-09,0.0,1.574,0.1974,3.3907,2.7e-05,0,0,73.5366,11.471598,WiFi6_2.4GHz
UE_002308,0.0065,66.94,65.297,-28.06,1.7e-09,0.0,1.5,0.3612,13.4495,2.2e-05,0,0,75.1058,11.674788,WiFi6_2.4GHz
UE_002309,0.0016,45.47,42.8584,-49.53,1e-09,0.0,1.5482,0.3742,-10.6763,5e-06,0,0,74.8025,11.749801,WiFi6_2.4GHz
UE_002310,0.0026,83.96,80.1692,-11.04,3e-09,0.0,1.5,0.4058,3.0295,9e-06,0,0,80.8087,11.512611,WiFi6_2.4GHz
UE_002311,0.0024,21.3,17.2804,-73.7,8.99824e-05,0.0,1.5,1.0228,2.1612,8e-06,0,0,62.2798,5.333995,WiFi6_2.4GHz
UE_002312,0.0104,39.21,36.2855,-55.79,6.9e-09,0.0,1.5,0.2598,7.1952,3.5e-05,0,0,76.5383,11.711902,WiFi6_2.4GHz
UE_002313,0.0015,40.29,38.9064,-54.71,3.8e-09,0.0,1.5,0.2232,-6.7477,5e-06,0,0,76.5188,11.596567,WiFi6_2.4GHz
UE_002314,0.0038,42.03,36.6246,-52.97,5.8e-09,0.0,1.5,0.1936,-13.3692,1.3e-05,0,0,76.6672,11.488546,WiFi6_2.4GHz
UE_002315,0.0048,23.04,19.6713,-71.96,0.000386712,0.0,1.5,0.577,8.3192,1.6e-05,0,0,64.1606,5.344336,WiFi6_2.4GHz
UE_002316,0.009,12.56,10.8386,-82.44,0.0035744586,0.0,1.5,4.0903,2.1915,3e-05,0,0,54.4984,2.213268,WiFi6_2.4GHz
UE_002317,0.0042,21.66,19.7734,-73.34,0.0005428412,0.0,1.5,1.6583,-0.4157,1.4e-05,0,0,61.4341,5.052817,WiFi6_2.4GHz
UE_002318,0.0063,54.6,53.1681,-40.4,9.8e-09,0.0,1.5,0.3621,11.7179,2.1e-05,0,0,76.0746,11.678579,WiFi6_2.4GHz
UE_002319,0.0098,78.86,74.9817,-16.14,8e-10,0.0,1.5,0.3071,10.5729,3.3e-05,0,0,76.9583,11.303785,WiFi6_2.4GHz
UE_002320,0.0097,46.75,42.9443,-48.25,2e-10,0.0,1.5,0.0651,15.495,3.2e-05,0,0,79.3134,11.663227,WiFi6_2.4GHz
UE_002321,0.0023,65.0,61.7961,-30.0,5.9e-09,0.0,1.5,0.0978,7.0363,8e-06,0,0,82.3139,11.726733,WiFi6_2.4GHz
UE_002322,0.0044,11.0,9.163,-84.0,0.023586174,0.0,1.5,7.9342,-6.2712,1.5e-05,0,0,44.3054,2.112244,WiFi6_2.4GHz
UE_002323,0.0075,52.93,51.1722,-42.07,1.3e-09,0.0,1.5,0.3186,6.0985,2.5e-05,0,0,76.3054,11.82041,WiFi6_2.4GHz
UE_002324,0.0079,38.03,34.5459,-56.97,6.8e-09,0.0,1.5,0.3399,-8.1933,2.6e-05,0,0,77.2725,11.601874,WiFi6_2.4GHz
UE_002325,0.0039,56.25,54.4645,-38.75,2.9e-09,0.0,1.5,0.2998,8.618,1.3e-05,0,0,78.1622,11.426751,WiFi6_2.4GHz
UE_002326,0.0103,23.12,21.3143,-71.88,0.0003184855,0.0,1.5,1.1367,-13.8891,3.4e-05,0,0,64.5349,5.154985,WiFi6_2.4GHz
UE_002327,0.0086,45.1,40.821,-49.9,3.8e-09,0.0,1.5,0.156,-3.9663,2.9e-05,0,0,74.9162,11.877045,WiFi6_2.4GHz
UE_002328,0.0092,45.02,43.3655,-49.98,2.3e-09,0.0,1.5,0.4625,-10.9213,3.1e-05,0,0,79.1679,11.700987,WiFi6_2.4GHz
UE_002329,0.0029,48.47,45.5266,-46.53,9.1e-09,0.0,1.6819,0.0234,5.6833,1e-05,0,0,77.014,11.740822,WiFi6_2.4GHz
UE_002330,0.0034,25.26,23.0658,-69.74,2.3698e-06,0.0,1.5,0.1731,-15.7415,1.1e-05,0,0,67.763,7.407826,WiFi6_2.4GHz
UE_002331,0.0086,31.91,30.2819,-63.09,8.361e-06,0.0,1.5,0.144,14.6548,2.9e-05,0,0,71.6076,8.098108,WiFi6_2.4GHz
UE_002332,0.0094,47.35,44.9411,-47.65,8.6e-09,0.0,1.5,0.4808,-8.1826,3.1e-05,0,0,76.2137,12.111692,WiFi6_2.4GHz
UE_002333,0.0103,40.44,37.416,-54.56,8.9e-09,0.0,1.5,0.4436,-0.8293,3.4e-05,0,0,79.0187,11.52837,WiFi6_2.4GHz
UE_002334,0.0076,32.78,29.7529,-62.22,7.6797e-06,0.0,1.5,0.4781,7.5059,2.5e-05,0,0,68.603,10.541684,WiFi6_2.4GHz
UE_002335,0.0089,77.52,77.2979,-17.48,3.4e-09,0.0,1.5,0.4739,12.4113,3e-05,0,0,75.7716,11.816009,WiFi6_2.4GHz
UE_002336,0.0108,18.23,15.9694,-76.77,0.0004955475,0.0,1.5,1.2225,15.1064,3.6e-05,0,0,58.408,3.230371,WiFi6_2.4GHz
UE_002337,0.0103,44.78,44.7078,-50.22,3e-09,0.0,1.5,0.2259,-11.8783,3.4e-05,0,0,78.8205,11.493684,WiFi6_2.4GHz
UE_002338,0.0062,28.56,27.0048,-66.44,3.2553e-06,0.0,1.5,0.1182,-14.0694,2.1e-05,0,0,70.2118,7.824659,WiFi6_2.4GHz
UE_002339,0.0099,57.91,55.4473,-37.09,8.9e-09,0.0,1.5,0.263,-15.9082,3.3e-05,0,0,78.4829,11.89961,WiFi6_2.4GHz
UE_002340,0.0097,30.63,30.2331,-64.37,3.1339e-06,0.0,1.5,0.1657,2.3568,3.2e-05,0,0,70.1887,8.030724,WiFi6_2.4GHz
UE_002341,0.0042,60.45,59.162,-34.55,3.9e-09,0.0,1.5654,0.0386,-8.3805,1.4e-05,0,0,78.6343,11.424455,WiFi6_2.4GHz
UE_002342,0.0104,21.83,18.1249,-73.17,0.0007494746,0.0,1.5,1.5145,13.1916,3.5e-05,0,0,62.9175,5.298884,WiFi6_2.4GHz
UE_002343,0.0033,32.4,31.3213,-62.6,8.6821e-06,0.0,1.5,0.0535,-9.4433,1.1e-05,0,0,69.3702,10.384632,WiFi6_2.4GHz
UE_002344,0.011,48.67,45.1945,-46.33,4.9e-09,0.0,1.5,0.1624,-9.2362,3.7e-05,0,0,77.2214,11.547132,WiFi6_2.4GHz
UE_002345,0.0045,24.12,21.7054,-70.88,0.0002323706,0.0,1.5,0.6933,-4.3097,1.5e-05,0,0,61.9149,4.995919,WiFi6_2.4GHz
UE_002346,0.0028,11.43,6.5229,-83.57,0.0255054328,0.0,1.5,2.8346,-12.5744,9e-06,0,0,52.428,2.558712,WiFi6_2.4GHz
UE_002347,0.0058,56.25,52.1017,-38.75,4.4e-09,0.0,1.5,0.3611,1.2975,1.9e-05,0,0,78.1325,11.716779,WiFi6_2.4GHz
UE_002348,0.0023,37.95,35.2621,-57.05,8e-10,0.0,1.5,0.2162,6.6279,8e-06,0,0,79.79,11.358416,WiFi6_2.4GHz
UE_002349,0.0108,60.33,58.008,-34.67,3.7e-09,0.0,1.5,0.237,6.3475,3.6e-05,0,0,76.7721,11.845623,WiFi6_2.4GHz
UE_002350,0.0104,69.26,64.1987,-25.74,2e-10,0.0,1.5,0.1032,-10.5609,3.5e-05,0,0,76.0575,11.813373,WiFi6_2.4GHz
UE_002351,0.0081,82.81,79.2655,-12.19,2.1e-09,0.0,1.5,0.4786,-15.8084,2.7e-05,0,0,78.107,11.633657,WiFi6_2.4GHz
UE_002352,0.0019,48.69,44.5519,-46.31,8.4e-09,0.0,1.5,0.013,5.3025,6e-06,0,0,75.2456,11.746153,WiFi6_2.4GHz
UE_002353,0.0013,55.05,53.1437,-39.95,8.5e-09,0.0,1.5,0.1225,-10.9509,4e-06,0,0,77.7933,11.470259,WiFi6_2.4GHz
UE_002354,0.0055,37.4,33.0091,-57.6,7.7e-09,0.0,1.5,0.4894,9.0143,1.8e-05,0,0,76.49,11.678377,WiFi6_2.4GHz
UE_002355,0.006,62.44,60.303,-32.56,1.8e-09,0.0,1.5,0.3869,-3.6797,2e-05,0,0,77.4978,11.781103,WiFi6_2.4GHz
UE_002356,0.0018,58.74,55.2587,-36.26,8.9e-09,0.0,1.5,0.0889,-11.4329,6e-06,0,0,80.4086,11.545132,WiFi6_2.4GHz
UE_002357,0.0049,19.09,14.9953,-75.91,0.0007817059,0.0,1.5,1.9408,-12.1402,1.6e-05,0,0,59.4126,4.834302,WiFi6_2.4GHz
UE_002358,0.0031,14.28,12.2349,-80.72,0.0114412899,0.0,1.5,7.8211,-8.6348,1e-05,0,0,55.2936,2.774406,WiFi6_2.4GHz
UE_002359,0.0014,22.95,19.7789,-72.05,0.0008358937,0.0,1.5,1.4084,-0.1372,5e-06,0,0,60.5743,5.486052,WiFi6_2.4GHz
UE_002360,0.0067,54.02,49.3197,-40.98,2.1e-09,0.0,1.5,0.3701,11.0362,2.2e-05,0,0,78.1116,11.467914,WiFi6_2.4GHz
UE_002361,0.0097,17.67,14.4351,-77.33,0.0005793802,0.0,1.5,1.3626,-3.7,3.2e-05,0,0,58.9144,3.742819,WiFi6_2.4GHz
UE_002362,0.006,30.88,29.8124,-64.12,8.7191e-06,0.0,1.5,0.1566,5.1134,2e-05,0,0,71.1802,8.03051,WiFi6_2.4GHz
UE_002363,0.0096,20.13,20.0195,-74.87,0.0003387455,0.0,1.5,0.8115,5.7182,3.2e-05,0,0,62.1295,4.67668,WiFi6_2.4GHz
UE_002364,0.0108,22.24,21.1259,-72.76,0.0003029067,0.0,1.5,1.923,2.9431,3.6e-05,0,0,62.2374,5.034649,WiFi6_2.4GHz
UE_002365,0.006,24.19,22.2365,-70.81,0.0001983917,0.0,1.5,1.3583,-8.6818,2e-05,0,0,58.4959,5.148085,WiFi6_2.4GHz
UE_002366,0.01,48.26,45.3606,-46.74,1.7e-09,0.0,1.5,0.0567,-9.0597,3.3e-05,0,0,72.7765,11.792715,WiFi6_2.4GHz
UE_002367,0.0054,29.55,25.0683,-65.45,2.3007e-06,0.0,1.5,0.4726,12.5226,1.8e-05,0,0,68.2646,7.758689,WiFi6_2.4GHz
UE_002368,0.0094,70.49,68.0413,-24.51,9e-09,0.0,1.5,0.4822,-0.7543,3.1e-05,0,0,76.292,11.851443,WiFi6_2.4GHz
UE_002369,0.0084,25.73,20.601,-69.27,7.9107e-06,0.0,1.5,0.2154,4.1031,2.8e-05,0,0,67.5358,7.156087,WiFi6_2.4GHz
UE_002370,0.0063,65.76,63.4249,-29.24,5.4e-09,0.0,1.5031,0.036,12.4915,2.1e-05,0,0,80.0312,11.468524,WiFi6_2.4GHz
UE_002371,0.008,29.42,27.6705,-65.58,4.4506e-06,0.0,1.5,0.155,-3.4585,2.7e-05,0,0,69.7016,8.033534,WiFi6_2.4GHz
UE_002372,0.0047,30.09,27.4055,-64.91,9.795e-07,0.0,1.5,0.0217,-10.9537,1.6e-05,0,0,68.9739,7.72364,WiFi6_2.4GHz
UE_002373,0.0054,33.94,29.246,-61.06,5.646e-06,0.0,1.5,0.1593,-0.4287,1.8e-05,0,0,76.6911,10.646201,WiFi6_2.4GHz
UE_002374,0.0025,46.02,41.0382,-48.98,4.4e-09,0.0,1.5,0.1456,1.2686,8e-06,0,0,77.2588,11.398041,WiFi6_2.4GHz
UE_002375,0.0032,40.4,38.1166,-54.6,4.4e-09,0.0,1.5,0.1006,-5.7324,1.1e-05,0,0,75.955,11.663459,WiFi6_2.4GHz
UE_002376,0.0022,20.17,18.0179,-74.83,0.000445165,0.0,1.5,0.9408,15.4955,7e-06,0,0,60.8417,4.446706,WiFi6_2.4GHz
UE_002377,0.0059,33.86,32.3027,-61.14,8.9034e-06,0.0,1.5,0.0636,-5.5894,2e-05,0,0,67.8019,10.652229,WiFi6_2.4GHz
UE_002378,0.0104,22.89,22.5309,-72.11,0.0009310578,0.0,1.5,1.6971,11.6185,3.5e-05,0,0,62.3821,5.215891,WiFi6_2.4GHz
UE_002379,0.0054,29.24,25.4777,-65.76,9.0423e-06,0.0,1.5,0.0047,9.827,1.8e-05,0,0,67.9176,7.866045,WiFi6_2.4GHz
UE_002380,0.0067,64.67,63.5072,-30.33,4.9e-09,0.0,1.5,0.447,-4.7542,2.2e-05,0,0,74.9737,11.768992,WiFi6_2.4GHz
UE_002381,0.0055,26.64,23.7108,-68.36,9.5724e-06,0.0,1.5,0.315,-15.599,1.8e-05,0,0,64.7605,7.229125,WiFi6_2.4GHz
UE_002382,0.0093,68.85,66.3204,-26.15,8.6e-09,0.0,1.5,0.2227,10.3913,3.1e-05,0,0,76.0366,11.715386,WiFi6_2.4GHz
UE_002383,0.0082,32.04,30.2921,-62.96,9.5017e-06,0.0,1.5,0.1803,0.7964,2.7e-05,0,0,69.6376,10.965857,WiFi6_2.4GHz
UE_002384,0.0015,32.17,28.8982,-62.83,1.9728e-06,0.0,1.5,0.3397,4.2902,5e-06,0,0,70.9064,10.742048,WiFi6_2.4GHz
UE_002385,0.0103,34.89,32.6232,-60.11,6.8197e-06,0.0,1.5,0.3325,-12.483,3.4e-05,0,0,71.9844,10.518772,WiFi6_2.4GHz
UE_002386,0.0097,41.28,37.6241,-53.72,6.1e-09,0.0,1.5,0.2079,14.4932,3.2e-05,0,0,76.7424,11.743287,WiFi6_2.4GHz
UE_002387,0.0101,25.91,21.7264,-69.09,7.7474e-06,0.0,1.5,0.1541,15.9141,3.4e-05,0,0,66.1771,7.209765,WiFi6_2.4GHz
UE_002388,0.0045,68.4,63.6514,-26.6,1.8e-09,0.0,1.5,0.2242,11.2464,1.5e-05,0,0,76.4097,11.809744,WiFi6_2.4GHz
UE_002389,0.0098,33.14,28.4031,-61.86,8.293e-06,0.0,1.5,0.3791,4.8905,3.3e-05,0,0,74.8734,10.327052,WiFi6_2.4GHz
UE_002390,0.0028,32.26,29.3138,-62.74,2.9103e-06,0.0,1.5,0.1037,7.249,9e-06,0,0,70.7804,10.598552,WiFi6_2.4GHz
UE_002391,0.0063,52.94,50.5195,-42.06,1.8e-09,0.0,1.5,0.1894,3.705,2.1e-05,0,0,75.1891,11.91384,WiFi6_2.4GHz
UE_002392,0.0033,30.9,30.0185,-64.1,3.6524e-06,0.0,1.5,0.0719,-14.8071,1.1e-05,0,0,68.8246,7.5206,WiFi6_2.4GHz
UE_002393,0.0108,46.11,41.0266,-48.89,8e-10,0.0,1.6149,0.146,0.3521,3.6e-05,0,0,77.3327,12.048795,WiFi6_2.4GHz
UE_002394,0.0059,28.85,25.6891,-66.15,2.4298e-06,0.0,1.5,0.1764,5.454,2e-05,0,0,72.0057,7.694521,WiFi6_2.4GHz
UE_002395,0.0109,44.05,40.7663,-50.95,9.2e-09,0.0,1.5,0.3015,-12.1364,3.6e-05,0,0,76.0324,11.790955,WiFi6_2.4GHz
UE_002396,0.0078,20.39,13.6255,-74.61,0.0005231457,12.02,1.5,1.3267,16.8949,2.6e-05,0,0,63.6938,4.583969,WiFi6_5GHz
UE_002397,0.0081,27.34,19.6593,-67.66,1.3414e-06,17.56,1.5,0.0786,31.1286,2.7e-05,0,0,64.9654,7.22355,WiFi6_5GHz
UE_002398,0.001,-14.2,-26.2837,-109.2,0.0807027794,18.1,1.5,37.1428,30.0204,3e-06,0,0,21.1637,0.60028,WiFi6_5GHz
UE_002399,0.0065,2.66,-5.6488,-92.34,0.0656250486,4.0,1.5,18.1138,-26.286,2.2e-05,0,0,32.0514,0.643717,WiFi6_5GHz
UE_002400,0.0145,-7.14,-16.833,-102.14,0.1348313492,1.56,1.5,24.6992,-19.0194,4.8e-05,0,0,27.6891,0.173822,WiFi6_5GHz
UE_002401,0.0037,1.21,-5.195,-93.79,0.0719934689,1.52,1.5,27.6332,-31.67,1.2e-05,0,0,26.2613,0.454499,WiFi6_5GHz
UE_002402,0.0042,-7.31,-17.1258,-102.31,0.0512648415,25.08,1.5,25.7486,-31.1574,1.4e-05,0,0,35.5701,0.470936,WiFi6_5GHz
UE_002403,0.0013,-4.73,-14.2471,-99.73,0.1389068236,15.99,1.5411,12.2733,14.1129,4e-06,0,0,38.5779,0.248192,WiFi6_5GHz
UE_002404,0.0158,42.6,33.3516,-52.4,4.7e-09,19.72,1.5,0.34,11.9506,5.3e-05,0,0,82.6257,11.706536,WiFi6_5GHz
UE_002405,0.0109,2.54,-3.3173,-92.46,0.0577692139,20.94,1.5407,34.1561,-25.0228,3.6e-05,0,0,28.0193,0.563241,WiFi6_5GHz
UE_002406,0.0169,21.6,14.7259,-73.4,0.0002896624,0.0,1.5,1.6712,25.279,5.6e-05,0,0,64.3176,5.147733,WiFi6_5GHz
UE_002407,0.0154,3.94,-4.5711,-91.06,0.1348983012,0.0,1.5,28.2207,10.0788,5.1e-05,0,0,26.4201,0.398313,WiFi6_5GHz
UE_002408,0.0072,65.77,53.8684,-29.23,2.2e-09,23.62,1.5,0.1506,-1.351,2.4e-05,0,0,81.5659,11.575653,WiFi6_5GHz
UE_002409,0.0109,3.5,-4.9539,-91.5,0.0666989455,8.74,1.5,31.4532,31.67,3.6e-05,0,0,27.6039,0.429764,WiFi6_5GHz
UE_002410,0.0025,3.0,-9.2375,-92.0,0.0850711534,2.52,1.5,26.9916,29.9571,8e-06,0,0,28.6053,0.597472,WiFi6_5GHz
UE_002411,0.0025,39.81,32.8781,-55.19,4.7e-09,12.37,1.5,0.0493,-27.3452,8e-06,0,0,79.1162,11.628333,WiFi6_5GHz
UE_002412,0.0072,18.59,11.3081,-76.41,0.0004749873,0.0,1.5,0.9873,-20.6098,2.4e-05,0,0,57.0342,3.337857,WiFi6_5GHz
UE_002413,0.0033,25.86,19.1948,-69.14,9.8372e-06,1.52,1.5,0.09,24.0519,1.1e-05,0,0,70.9762,7.189714,WiFi6_5GHz
UE_002414,0.0066,50.31,40.7147,-44.69,5.8e-09,16.96,1.5,0.1433,12.0256,2.2e-05,0,0,82.8969,11.795174,WiFi6_5GHz
UE_002415,0.0119,4.36,-8.9465,-90.64,0.0798158436,12.15,1.5,25.2768,20.6223,4e-05,0,0,31.3325,0.366441,WiFi6_5GHz
UE_002416,0.0154,40.34,30.8184,-54.66,8.5e-09,6.8,1.5,0.3338,4.8074,5.1e-05,0,0,78.7187,12.279024,WiFi6_5GHz
UE_002417,0.0083,39.68,32.3961,-55.32,6.7e-09,20.14,1.5,0.236,-31.67,2.8e-05,0,0,82.7751,11.487909,WiFi6_5GHz
UE_002418,0.0118,15.04,9.4692,-79.96,0.0005973876,0.0,1.5,0.8821,-19.7802,3.9e-05,0,0,55.1872,3.592709,WiFi6_5GHz
UE_002419,0.0168,33.55,26.2325,-61.45,8.9667e-06,0.04,1.5,0.3913,3.1387,5.6e-05,0,0,69.845,10.550415,WiFi6_5GHz
UE_002420,0.0111,-6.89,-16.2705,-101.89,0.1158828938,0.78,1.5,24.6626,10.8803,3.7e-05,0,0,27.9213,0.255586,WiFi6_5GHz
UE_002421,0.015,-7.14,-15.1206,-102.14,0.0788555072,9.93,1.5,29.0768,-23.8247,5e-05,0,0,22.571,0.369706,WiFi6_5GHz
UE_002422,0.0067,21.09,12.7158,-73.91,0.0002448283,3.18,1.5,1.1741,-0.9001,2.2e-05,0,0,64.5554,5.401954,WiFi6_5GHz
UE_002423,0.0042,5.7,-5.3843,-89.3,0.0344094958,14.75,1.6086,14.4432,-16.2619,1.4e-05,0,0,41.0982,0.847788,WiFi6_5GHz
UE_002424,0.0035,-3.54,-8.5489,-98.54,0.0514960404,0.0,1.5,18.2275,-7.6887,1.2e-05,0,0,30.0575,0.325261,WiFi6_5GHz
UE_002425,0.0086,-3.75,-16.2173,-98.75,0.1065554179,0.12,1.5,36.128,-31.67,2.9e-05,0,0,21.6659,0.1,WiFi6_5GHz
UE_002426,0.0082,-4.63,-15.3224,-99.63,0.0698319842,10.51,1.5,34.3546,-9.0648,2.7e-05,0,0,24.0146,0.619385,WiFi6_5GHz
UE_002427,0.0079,37.24,30.312,-57.76,9.9e-09,28.59,1.5,0.2577,1.7647,2.6e-05,0,0,77.3682,11.585719,WiFi6_5GHz
UE_002428,0.0045,40.79,36.0854,-54.21,4.2e-09,11.13,1.5,0.3559,-15.6418,1.5e-05,0,0,79.6829,11.906719,WiFi6_5GHz
UE_002429,0.0134,38.19,28.8955,-56.81,2.5e-09,9.81,1.5,0.4238,29.2369,4.5e-05,0,0,77.9199,11.746867,WiFi6_5GHz
UE_002430,0.0078,-3.95,-10.1969,-98.95,0.1002067984,0.24,1.5,36.0656,28.1194,2.6e-05,0,0,22.8578,0.1,WiFi6_5GHz
UE_002431,0.0144,24.05,18.3283,-70.95,0.0005375389,0.49,1.5,1.845,-28.0344,4.8e-05,0,0,61.4436,5.159563,WiFi6_5GHz
UE_002432,0.0027,28.39,17.4711,-66.61,5.5947e-06,14.83,1.5,0.2301,16.9068,9e-06,0,0,70.3349,7.762266,WiFi6_5GHz
UE_002433,0.0089,44.25,32.6768,-50.75,4.6e-09,24.77,1.5,0.1624,3.9293,3e-05,0,0,82.5249,11.576528,WiFi6_5GHz
UE_002434,0.0166,-12.09,-18.6003,-107.09,0.0983541863,14.78,1.5,33.7747,14.6544,5.5e-05,0,0,25.9773,0.608614,WiFi6_5GHz
UE_002435,0.0095,16.44,9.8219,-78.56,0.0006686264,21.97,1.5,0.6239,-27.2031,3.2e-05,0,0,56.712,3.476727,WiFi6_5GHz
UE_002436,0.0126,14.88,4.4284,-80.12,0.0415760849,1.77,1.5,3.1281,-31.1969,4.2e-05,0,0,54.7223,2.530655,WiFi6_5GHz
UE_002437,0.0166,0.2,-3.7976,-94.8,0.117383695,0.56,1.5,18.1909,31.67,5.5e-05,0,0,35.1714,0.361229,WiFi6_5GHz
UE_002438,0.0045,-2.32,-11.7096,-97.32,0.0911697436,11.31,1.5,32.4246,-3.7997,1.5e-05,0,0,25.9441,0.392931,WiFi6_5GHz
UE_002439,0.0147,13.11,7.7634,-81.89,0.004771499,27.59,1.5,3.8274,23.368,4.9e-05,0,0,55.705,2.087374,WiFi6_5GHz
UE_002440,0.0076,5.66,-6.0234,-89.34,0.0463946451,13.57,1.7811,8.3269,20.0042,2.5e-05,0,0,45.3229,1.575712,WiFi6_5GHz
UE_002441,0.0055,5.95,-4.9352,-89.05,0.0470302803,13.48,1.5,10.6185,-27.7586,1.8e-05,0,0,44.5468,0.79551,WiFi6_5GHz
UE_002442,0.0047,8.3,1.3494,-86.7,0.0058473647,2.05,1.5241,21.0256,13.2606,1.6e-05,0,0,35.2495,1.425704,WiFi6_5GHz
UE_002443,0.0049,68.3,60.7551,-26.7,6.2e-09,0.98,1.5,0.1942,28.0765,1.6e-05,0,0,74.2829,11.935413,WiFi6_5GHz
UE_002444,0.0069,-6.91,-17.775,-101.91,0.0629691083,28.89,1.5,21.0553,-8.8853,2.3e-05,0,0,30.7167,0.509015,WiFi6_5GHz
UE_002445,0.0075,6.81,-3.9735,-88.19,0.0479921666,23.77,1.7259,18.7125,29.3956,2.5e-05,0,0,40.3533,0.983613,WiFi6_5GHz
UE_002446,0.0035,-0.07,-12.1676,-95.07,0.131493237,12.83,1.5,21.2775,-9.655,1.2e-05,0,0,34.7631,0.456795,WiFi6_5GHz
UE_002447,0.0121,37.37,32.2838,-57.63,8.6e-09,5.85,1.5,0.3307,-13.1925,4e-05,0,0,73.2285,11.733707,WiFi6_5GHz
UE_002448,0.0105,31.91,23.8581,-63.09,7.6532e-06,0.0,1.5,0.0826,-26.2048,3.5e-05,0,0,69.6099,7.76257,WiFi6_5GHz
UE_002449,0.0033,80.76,76.2143,-14.24,9.1e-09,2.02,1.6827,0.0159,-14.8617,1.1e-05,0,0,76.5876,11.585946,WiFi6_5GHz
UE_002450,0.0023,0.96,-5.8503,-94.04,0.1044124862,3.03,1.5,11.728,-23.6779,8e-06,0,0,35.7782,0.1,WiFi6_5GHz
UE_002451,0.0048,-0.01,-12.2117,-95.01,0.0798839617,6.28,1.5,26.9778,22.3538,1.6e-05,0,0,29.37,0.328955,WiFi6_5GHz
UE_002452,0.0062,-11.03,-22.0494,-106.03,0.147270498,4.34,1.5,35.8766,3.6855,2.1e-05,0,0,18.1067,0.34747,WiFi6_5GHz
UE_002453,0.0075,-16.04,-26.4833,-111.04,0.0605327182,23.58,1.5,25.4519,20.2631,2.5e-05,0,0,29.7285,0.288359,WiFi6_5GHz
UE_002454,0.0012,29.59,19.5849,-65.41,5.4386e-06,0.0,1.5,0.2989,-6.4942,4e-06,0,0,69.7466,7.787877,WiFi6_5GHz
UE_002455,0.0155,28.81,20.978,-66.19,8.4801e-06,0.17,1.5,0.0803,27.7185,5.2e-05,0,0,67.069,7.517488,WiFi6_5GHz
UE_002456,0.0161,-4.78,-12.8838,-99.78,0.0826143953,1.31,1.5,16.6523,12.2949,5.4e-05,0,0,30.7961,0.258333,WiFi6_5GHz
UE_002457,0.0061,3.42,-5.0861,-91.58,0.1361032884,2.72,1.5,11.7972,18.7459,2e-05,0,0,41.6327,0.554723,WiFi6_5GHz
UE_002458,0.0159,30.17,20.9493,-64.83,7.999e-06,17.63,1.5432,0.225,-16.0261,5.3e-05,0,0,71.8088,7.820037,WiFi6_5GHz
UE_002459,0.0042,-6.63,-17.041,-101.63,0.1499763834,7.18,1.5,17.8255,-5.7697,1.4e-05,0,0,33.223,0.351999,WiFi6_5GHz
UE_002460,0.0121,-6.1,-12.7619,-101.1,0.0796215204,0.0,1.5,22.8385,-23.5114,4e-05,0,0,27.9701,0.318055,WiFi6_5GHz
UE_002461,0.0121,3.81,-4.2832,-91.19,0.0649513714,0.12,1.5,35.3301,-31.1071,4e-05,0,0,24.6096,0.595276,WiFi6_5GHz
UE_002462,0.0122,31.14,24.1616,-63.86,1.5569e-06,12.74,1.5,0.2327,-7.3154,4.1e-05,0,0,71.6757,7.765535,WiFi6_5GHz
UE_002463,0.0106,17.97,13.7454,-77.03,0.0005188823,34.74,1.5,0.8142,24.8986,3.5e-05,0,0,65.7274,3.527667,WiFi6_5GHz
UE_002464,0.0038,-3.42,-13.1508,-98.42,0.1116640033,6.91,1.5,36.8181,-10.0543,1.3e-05,0,0,23.1168,0.268272,WiFi6_5GHz
UE_002465,0.008,38.42,31.8602,-56.58,2.5e-09,1.5,1.5,0.0811,28.6808,2.7e-05,0,0,79.4801,11.634287,WiFi6_5GHz
UE_002466,0.0103,-9.85,-17.2654,-104.85,0.0921820679,1.96,1.5,13.137,-23.9045,3.4e-05,0,0,33.721,0.34478,WiFi6_5GHz
UE_002467,0.0029,30.03,23.7035,-64.97,6.5671e-06,1.21,1.5,0.3585,-7.5599,1e-05,0,0,72.0377,7.709254,WiFi6_5GHz
UE_002468,0.016,-4.12,-14.3338,-99.12,0.0924120859,42.42,1.7745,25.1234,7.8465,5.3e-05,0,0,32.597,0.277305,WiFi6_5GHz
UE_002469,0.0097,56.78,46.9597,-38.22,3.3e-09,13.02,1.5,0.3251,23.017,3.2e-05,0,0,78.5456,11.626771,WiFi6_5GHz
UE_002470,0.0115,55.27,46.4869,-39.73,1e-09,9.72,1.5,0.3277,-9.7305,3.8e-05,0,0,81.1132,11.923775,WiFi6_5GHz
UE_002471,0.0044,15.47,9.8098,-79.53,7.82837e-05,6.08,1.5,1.8299,-31.67,1.5e-05,0,0,55.791,3.509546,WiFi6_5GHz
UE_002472,0.0163,-15.16,-22.3749,-110.16,0.0590323659,2.28,1.5,9.0902,-13.6038,5.4e-05,0,0,37.8809,0.329471,WiFi6_5GHz
UE_002473,0.0056,20.8,11.8328,-74.2,0.0006275807,0.76,1.5,1.7638,-14.8436,1.9e-05,0,0,60.997,4.587986,WiFi6_5GHz
UE_002474,0.0025,-13.83,-18.2795,-108.83,0.1144598085,4.87,1.5,23.579,-10.7317,8e-06,0,0,27.9394,0.1,WiFi6_5GHz
UE_002475,0.0136,5.39,-5.1681,-89.61,0.0306919979,22.19,1.5,11.6391,14.7459,4.5e-05,0,0,44.1533,1.197819,WiFi6_5GHz
UE_002476,0.0041,-5.45,-17.0349,-100.45,0.0531485317,10.18,1.5,38.559,12.8895,1.4e-05,0,0,19.5759,0.150106,WiFi6_5GHz
UE_002477,0.0036,15.62,6.7498,-79.38,0.0008320339,2.66,1.5,0.7833,-20.0058,1.2e-05,0,0,58.9498,3.478345,WiFi6_5GHz
UE_002478,0.0042,-20.18,-25.7696,-115.18,0.0556214233,0.74,1.5,14.615,-13.0307,1.4e-05,0,0,34.4914,0.70666,WiFi6_5GHz
UE_002479,0.0055,5.11,-4.2782,-89.89,0.0220117283,0.2,1.5,27.6889,5.2234,1.8e-05,0,0,32.041,1.230596,WiFi6_5GHz
UE_002480,0.0076,3.1,-4.7147,-91.9,0.0759194645,1.15,1.5,10.2991,9.6786,2.5e-05,0,0,38.0275,0.632201,WiFi6_5GHz
UE_002481,0.0165,-8.0,-12.8645,-103.0,0.0624316355,24.98,1.5,16.9205,8.6287,5.5e-05,0,0,38.5586,0.115536,WiFi6_5GHz
UE_002482,0.0063,10.95,-0.3572,-84.05,0.0295271587,17.7,1.5,7.0573,1.5362,2.1e-05,0,0,48.3673,1.918565,WiFi6_5GHz
UE_002483,0.0072,-3.89,-14.3911,-98.89,0.1269195752,8.06,1.5,35.2092,-11.9477,2.4e-05,0,0,20.4637,0.1,WiFi6_5GHz
UE_002484,0.0051,20.24,11.9619,-74.76,0.0002924367,0.0,1.5,1.2015,24.2672,1.7e-05,0,0,58.7556,4.56872,WiFi6_5GHz
UE_002485,0.0154,7.78,0.528,-87.22,0.040220515,1.4,1.5,18.5785,23.4759,5.1e-05,0,0,35.2177,0.8474,WiFi6_5GHz
UE_002486,0.0163,-5.49,-14.634,-100.49,0.0615007367,12.05,1.5,18.4349,-31.67,5.4e-05,0,0,30.8215,0.321093,WiFi6_5GHz
UE_002487,0.0096,37.17,28.6446,-57.83,8.8e-09,0.54,1.5,0.125,-26.302,3.2e-05,0,0,79.4044,11.496735,WiFi6_5GHz
UE_002488,0.0157,24.89,15.3297,-70.11,0.0007974198,16.66,1.5,0.7949,-2.5875,5.2e-05,0,0,65.4144,5.256683,WiFi6_5GHz
UE_002489,0.0162,12.14,4.4473,-82.86,0.0185143684,2.1,1.5,2.2208,-24.3282,5.4e-05,0,0,51.2014,2.516361,WiFi6_5GHz
UE_002490,0.0023,-7.71,-16.3012,-102.71,0.138757655,0.0,1.5,29.9603,-10.1083,8e-06,0,0,25.729,0.45131,WiFi6_5GHz
UE_002491,0.014,-10.2,-19.0464,-105.2,0.1455576955,0.14,1.5,29.0698,-26.4658,4.7e-05,0,0,24.6834,0.156567,WiFi6_5GHz
UE_002492,0.0132,22.4,10.6484,-72.6,0.0001230877,14.36,1.5,0.8374,-16.7581,4.4e-05,0,0,62.5317,5.159233,WiFi6_5GHz
UE_002493,0.0163,42.56,31.974,-52.44,4.2e-09,17.33,1.7199,0.1909,-18.822,5.4e-05,0,0,80.9473,11.744578,WiFi6_5GHz
UE_002494,0.0051,16.01,8.7278,-78.99,0.0005272945,7.72,1.5,1.7307,9.1103,1.7e-05,0,0,57.5553,3.479641,WiFi6_5GHz
UE_002495,0.0066,-14.18,-24.1215,-109.18,0.1031780767,2.01,1.7321,18.3026,13.8279,2.2e-05,0,0,29.2698,0.413323,WiFi6_5GHz
UE_002496,0.0035,3.23,-3.5342,-91.77,0.124405398,0.0,1.5,11.3527,20.9237,1.2e-05,0,0,37.7463,0.533015,WiFi6_5GHz
UE_002497,0.0162,14.67,10.8501,-80.33,0.0225452417,0.49,1.5,4.518,-30.2091,5.4e-05,0,0,53.5069,2.607801,WiFi6_5GHz
UE_002498,0.0156,2.35,-8.7876,-92.65,0.088707884,13.68,1.5,13.5092,8.3148,5.2e-05,0,0,37.5366,0.129323,WiFi6_5GHz
UE_002499,0.0018,25.73,18.4706,-69.27,2.7637e-06,9.88,1.5,0.0016,-1.7968,6e-06,0,0,69.6707,7.221976,WiFi6_5GHz
UE_002500,0.0103,48.96,39.0273,-46.04,7.8e-09,3.6,1.5,0.0549,27.0758,3.4e-05,0,0,76.3384,11.997506,WiFi6_5GHz
UE_002501,0.0131,19.01,12.7842,-75.99,0.0008376264,16.44,1.5,1.5848,-3.1037,4.4e-05,0,0,61.2615,4.795292,WiFi6_5GHz
UE_002502,0.0017,6.99,-5.3246,-88.01,0.0118036765,1.14,1.5,26.4667,22.8424,6e-06,0,0,33.3097,0.712543,WiFi6_5GHz
UE_002503,0.0118,23.37,11.1044,-71.63,0.0001156695,0.11,1.5,0.5161,12.7369,3.9e-05,0,0,63.3313,5.137648,WiFi6_5GHz
UE_002504,0.01,11.09,2.7911,-83.91,0.0307969846,16.27,1.5,5.9692,1.7846,3.3e-05,0,0,50.1389,2.543386,WiFi6_5GHz
UE_002505,0.0149,44.51,40.7191,-50.49,1.7e-09,23.18,1.5,0.206,-10.4738,5e-05,0,0,80.8905,11.624797,WiFi6_5GHz
UE_002506,0.0022,-9.53,-19.9094,-104.53,0.1436257717,9.58,1.5,28.6224,-1.8019,7e-06,0,0,25.37,0.1,WiFi6_5GHz
UE_002507,0.0095,9.3,0.3202,-85.7,0.0476702697,41.17,1.5,32.8957,1.5385,3.2e-05,0,0,36.271,1.935126,WiFi6_5GHz
UE_002508,0.0124,33.24,24.2165,-61.76,3.686e-06,0.0,1.5,0.3892,8.3625,4.1e-05,0,0,72.6217,10.244508,WiFi6_5GHz
UE_002509,0.0102,11.16,2.8009,-83.84,0.0075477626,0.0,1.5,6.2209,-11.5734,3.4e-05,0,0,49.4983,2.46892,WiFi6_5GHz
UE_002510,0.0048,-4.13,-12.822,-99.13,0.0918127456,10.99,1.8306,8.7675,-23.8579,1.6e-05,0,0,37.0635,0.12882,WiFi6_5GHz
UE_002511,0.007,41.57,31.7075,-53.43,4.9e-09,14.14,1.5,0.2856,-27.4391,2.3e-05,0,0,79.811,11.477905,WiFi6_5GHz
UE_002512,0.0035,12.7,0.7244,-82.3,0.0107763353,32.62,1.5224,2.223,-14.9362,1.2e-05,0,0,56.7362,2.408831,WiFi6_5GHz
UE_002513,0.0151,2.17,-8.2837,-92.83,0.0951569365,12.87,1.5,27.8957,10.4842,5e-05,0,0,30.4941,0.600724,WiFi6_5GHz
UE_002514,0.0088,-2.35,-13.1969,-97.35,0.1099071108,0.0,1.5,23.5983,-4.9831,2.9e-05,0,0,26.7997,0.365974,WiFi6_5GHz
UE_002515,0.0074,-4.56,-15.8927,-99.56,0.1287044819,0.02,1.5,33.7615,-19.0612,2.5e-05,0,0,22.5558,0.435019,WiFi6_5GHz
UE_002516,0.001,43.76,38.0728,-51.24,9.3e-09,21.79,1.5,0.2467,-21.3999,3e-06,0,0,84.277,11.806906,WiFi6_5GHz
UE_002517,0.0067,33.58,22.1333,-61.42,4.028e-06,33.76,1.5,0.2473,-11.0567,2.2e-05,0,0,77.4362,10.391272,WiFi6_5GHz
UE_002518,0.0064,40.53,32.0477,-54.47,1e-09,12.84,1.5,0.1632,6.4611,2.1e-05,0,0,76.1708,11.706985,WiFi6_5GHz
UE_002519,0.0166,-2.55,-10.5865,-97.55,0.0760644779,4.81,1.5,16.9621,16.0005,5.5e-05,0,0,28.0243,0.238861,WiFi6_5GHz
UE_002520,0.0109,16.46,11.5271,-78.54,6.50832e-05,0.0,1.5,1.6852,-11.792,3.6e-05,0,0,58.8454,3.2758,WiFi6_5GHz
UE_002521,0.0013,25.1,16.1252,-69.9,9.12e-06,0.0,1.5,0.2775,-11.1117,4e-06,0,0,66.6954,6.953654,WiFi6_5GHz
UE_002522,0.0055,-0.29,-6.8944,-95.29,0.111171762,14.51,1.5,16.4169,-3.685,1.8e-05,0,0,37.2111,0.279407,WiFi6_5GHz
UE_002523,0.0135,11.39,4.4121,-83.61,0.0297611613,23.75,1.5,7.9018,6.7105,4.5e-05,0,0,49.2092,2.567851,WiFi6_5GHz
UE_002524,0.0067,-11.72,-19.4349,-106.72,0.1277087415,0.0,1.5,37.1857,-25.881,2.2e-05,0,0,19.796,0.232022,WiFi6_5GHz
UE_002525,0.0134,37.71,31.2562,-57.29,1e-10,15.7,1.7059,0.153,29.1829,4.5e-05,0,0,79.8707,11.617213,WiFi6_5GHz
UE_002526,0.0121,-11.85,-22.5727,-106.85,0.0508026264,0.15,1.5,10.6805,-7.5202,4e-05,0,0,35.3305,0.473739,WiFi6_5GHz
UE_002527,0.0142,17.09,9.0903,-77.91,0.0001625289,0.0,1.5,1.38,27.7769,4.7e-05,0,0,56.7283,3.523491,WiFi6_5GHz
UE_002528,0.0016,51.01,43.5425,-43.99,3.8e-09,12.18,1.5,0.433,30.3422,5e-06,0,0,85.5743,12.048412,WiFi6_5GHz
UE_002529,0.0064,16.17,12.9253,-78.83,0.0003874402,13.68,1.5,1.511,16.0248,2.1e-05,0,0,57.3867,3.577142,WiFi6_5GHz
UE_002530,0.0113,-8.42,-16.3527,-103.42,0.132122211,17.98,1.5,37.0364,-21.7463,3.8e-05,0,0,20.9955,0.323,WiFi6_5GHz
UE_002531,0.004,-12.61,-19.5729,-107.61,0.1170541011,15.08,1.5,20.1285,-0.3315,1.3e-05,0,0,30.9305,0.352958,WiFi6_5GHz
UE_002532,0.0031,22.48,14.5121,-72.52,0.0006620382,0.18,1.5,1.6401,3.5656,1e-05,0,0,61.2598,5.361026,WiFi6_5GHz
UE_002533,0.0136,18.48,13.2893,-76.52,0.000419324,2.61,1.5,1.1178,-22.2229,4.5e-05,0,0,62.7193,3.326325,WiFi6_5GHz
UE_002534,0.0118,8.04,-0.5253,-86.96,0.0322808767,35.52,1.5,16.6931,14.817,3.9e-05,0,0,43.9136,2.013407,WiFi6_5GHz
UE_002535,0.0031,47.73,36.6873,-47.27,7.8e-09,18.6,1.5,0.1737,-6.0246,1e-05,0,0,80.3852,11.780484,WiFi6_5GHz
UE_002536,0.0153,-0.95,-8.2344,-95.95,0.1229693671,2.07,1.5,24.0557,-17.6235,5.1e-05,0,0,27.4219,0.1,WiFi6_5GHz
UE_002537,0.0124,68.88,58.8867,-26.12,2.6e-09,10.22,1.5,0.1694,12.2391,4.1e-05,0,0,78.4034,11.89624,WiFi6_5GHz
UE_002538,0.014,13.94,1.286,-81.06,0.0272649059,4.13,1.5,7.2432,-27.6669,4.7e-05,0,0,50.6362,2.318926,WiFi6_5GHz
UE_002539,0.0074,46.44,38.1183,-48.56,3e-09,0.0,1.5,0.1415,-14.2278,2.5e-05,0,0,76.4245,11.605619,WiFi6_5GHz
UE_002540,0.0013,43.92,36.9599,-51.08,1.3e-09,22.6,1.7259,0.3967,-24.9641,4e-06,0,0,76.2335,11.928945,WiFi6_5GHz
UE_002541,0.0085,18.1,13.3221,-76.9,6.41531e-05,20.62,1.5,1.5921,-6.1722,2.8e-05,0,0,59.6162,3.592933,WiFi6_5GHz
UE_002542,0.0158,14.86,8.8061,-80.14,0.0377075839,17.18,1.504,4.049,19.0723,5.3e-05,0,0,59.6553,2.41554,WiFi6_5GHz
UE_002543,0.0134,-0.71,-7.3123,-95.71,0.0656708734,24.32,1.5,30.5683,-12.2223,4.5e-05,0,0,25.58,0.323768,WiFi6_5GHz
UE_002544,0.0028,-7.63,-19.3408,-102.63,0.088060982,0.62,1.5,11.4098,13.7474,9e-06,0,0,33.9105,0.332605,WiFi6_5GHz
UE_002545,0.0081,11.21,8.1791,-83.79,0.0463296876,0.74,1.5,3.6556,11.8558,2.7e-05,0,0,51.3263,2.528421,WiFi6_5GHz
UE_002546,0.0016,37.46,26.6419,-57.54,1.9e-09,37.9,1.5,0.1074,-10.055,5e-06,0,0,84.3238,11.576615,WiFi6_5GHz
UE_002547,0.0083,56.71,48.2866,-38.29,5.6e-09,7.04,1.5,0.1791,4.4926,2.8e-05,0,0,83.6531,11.448762,WiFi6_5GHz
UE_002548,0.0027,38.68,30.6717,-56.32,1.6e-09,13.81,1.5,0.2595,4.8449,9e-06,0,0,77.6687,12.008437,WiFi6_5GHz
UE_002549,0.0027,-11.55,-21.4344,-106.55,0.1391026752,11.66,1.5,35.3548,-19.451,9e-06,0,0,22.6135,0.357611,WiFi6_5GHz
UE_002550,0.0098,55.48,50.984,-39.52,1e-09,0.98,1.5,0.4852,-7.136,3.3e-05,0,0,78.7075,11.538176,WiFi6_5GHz
UE_002551,0.015,-7.78,-20.1735,-102.78,0.0569111024,0.18,1.5,8.6114,-17.7968,5e-05,0,0,38.3966,0.382448,WiFi6_5GHz
UE_002552,0.0137,40.15,33.7831,-54.85,6e-09,16.4,1.5,0.4921,27.209,4.6e-05,0,0,79.32,11.340482,WiFi6_5GHz
UE_002553,0.0076,15.54,9.4246,-79.46,0.0002494599,31.96,1.5,1.5608,18.3767,2.5e-05,0,0,60.0395,3.696415,WiFi6_5GHz
UE_002554,0.0073,4.82,-1.6113,-90.18,0.0670206702,22.68,1.5,14.0186,-15.4605,2.4e-05,0,0,41.5419,0.68219,WiFi6_5GHz
UE_002555,0.0092,24.93,17.4021,-70.07,0.0004979051,5.6,1.5,0.9954,-3.4992,3.1e-05,0,0,65.7122,5.571257,WiFi6_5GHz
UE_002556,0.0082,32.36,21.4087,-62.64,6.81e-08,0.37,1.5,0.1835,7.1934,2.7e-05,0,0,73.4122,10.672515,WiFi6_5GHz
UE_002557,0.0091,36.67,29.6198,-58.33,2.7e-09,0.0,1.5,0.338,2.1578,3e-05,0,0,72.4046,11.857945,WiFi6_5GHz
UE_002558,0.006,14.53,10.0547,-80.47,0.0366244006,26.8,1.5,4.5577,-24.5625,2e-05,0,0,54.1942,2.187001,WiFi6_5GHz
UE_002559,0.0139,47.7,41.9696,-47.3,8.9e-09,23.15,1.5,0.2736,-15.5734,4.6e-05,0,0,79.7551,11.710004,WiFi6_5GHz
UE_002560,0.0128,-14.16,-19.6208,-109.16,0.0694307969,17.51,1.5,21.8578,0.9304,4.3e-05,0,0,29.4971,0.489998,WiFi6_5GHz
UE_002561,0.0056,34.78,28.5459,-60.22,3.0072e-06,18.57,1.5,0.2905,-31.67,1.9e-05,0,0,74.403,10.47172,WiFi6_5GHz
UE_002562,0.0145,-3.99,-7.2211,-98.99,0.0640976647,1.55,1.5,18.5452,14.3969,4.8e-05,0,0,32.1902,0.377779,WiFi6_5GHz
UE_002563,0.0158,44.85,38.5753,-50.15,5.4e-09,0.05,1.5,0.1943,14.1878,5.3e-05,0,0,78.184,11.620887,WiFi6_5GHz
UE_002564,0.0025,-14.47,-20.281,-109.47,0.1472053836,9.05,1.5,11.1522,-17.1535,8e-06,0,0,35.9726,0.365808,WiFi6_5GHz
UE_002565,0.0122,5.47,0.0038,-89.53,0.0375406515,2.74,1.5,31.4765,-5.848,4.1e-05,0,0,26.7371,1.186181,WiFi6_5GHz
UE_002566,0.0121,38.49,34.6752,-56.51,3.1e-09,16.3,1.5,0.3867,-11.4902,4e-05,0,0,80.1519,11.945803,WiFi6_5GHz
UE_002567,0.012,-17.81,-22.2417,-112.81,0.1083595673,19.55,1.614,15.4438,19.0604,4e-05,0,0,37.8002,0.31979,WiFi6_5GHz
UE_002568,0.0047,2.11,-8.2968,-92.89,0.1380719762,1.24,1.5,23.1617,0.0238,1.6e-05,0,0,32.4553,0.705041,WiFi6_5GHz
UE_002569,0.0073,4.41,-6.8641,-90.59,0.1472864481,0.14,1.5,13.6806,8.6721,2.4e-05,0,0,38.7162,0.802315,WiFi6_5GHz
UE_002570,0.0012,31.13,25.1228,-63.87,7.277e-07,21.17,1.5,0.2027,31.2505,4e-06,0,0,74.1515,7.649909,WiFi6_5GHz
UE_002571,0.0108,36.99,29.7319,-58.01,2.5e-09,18.84,1.5,0.0956,2.7649,3.6e-05,0,0,76.2747,11.692296,WiFi6_5GHz
UE_002572,0.0104,38.18,25.66,-56.82,6.1e-09,14.64,1.5,0.1614,24.5659,3.5e-05,0,0,79.3339,12.023768,WiFi6_5GHz
UE_002573,0.0121,46.22,36.7553,-48.78,5.5e-09,4.41,1.5,0.047,28.3836,4e-05,0,0,83.6545,11.611403,WiFi6_5GHz
UE_002574,0.006,42.0,35.6197,-53.0,7.4e-09,1.81,1.5,0.1548,-8.7424,2e-05,0,0,81.2847,11.343218,WiFi6_5GHz
UE_002575,0.0047,3.84,-0.5603,-91.16,0.0877332881,0.99,1.5,29.1672,31.4939,1.6e-05,0,0,25.8311,0.811186,WiFi6_5GHz
UE_002576,0.0119,48.18,40.1853,-46.82,1.4e-09,14.52,1.5,0.4158,-6.812,4e-05,0,0,80.0206,11.592501,WiFi6_5GHz
UE_002577,0.013,26.29,15.8767,-68.71,6.8442e-06,9.65,1.5,0.1153,-8.6948,4.3e-05,0,0,64.7031,7.314338,WiFi6_5GHz
UE_002578,0.0055,-6.23,-14.9335,-101.23,0.0655679785,6.12,1.529,29.7214,24.7997,1.8e-05,0,0,26.5582,0.138815,WiFi6_5GHz
UE_002579,0.016,50.94,43.3757,-44.06,6.6e-09,8.86,1.5,0.3663,25.8597,5.3e-05,0,0,79.4999,11.355934,WiFi6_5GHz
UE_002580,0.0164,26.67,21.6995,-68.33,3.6622e-06,0.0,1.5,0.2063,-22.3543,5.5e-05,0,0,67.9244,6.869688,WiFi6_5GHz
UE_002581,0.0145,24.79,14.7517,-70.21,0.0007907617,1.12,1.5,1.3579,-10.4877,4.8e-05,0,0,65.1052,4.890495,WiFi6_5GHz
UE_002582,0.0106,-2.93,-9.2926,-97.93,0.0540867837,17.88,1.5,30.1104,13.9252,3.5e-05,0,0,26.8802,0.384824,WiFi6_5GHz
UE_002583,0.0128,12.24,0.2531,-82.76,0.0224757577,7.54,1.5,7.2658,-24.7287,4.3e-05,0,0,48.9846,2.605121,WiFi6_5GHz
UE_002584,0.0153,12.35,1.7426,-82.65,0.0425411462,7.94,1.5,2.5894,22.3107,5.1e-05,0,0,52.6146,2.202316,WiFi6_5GHz
UE_002585,0.0036,38.85,28.2625,-56.15,9.7e-09,8.07,1.5,0.1082,-20.6448,1.2e-05,0,0,76.7487,11.568368,WiFi6_5GHz
UE_002586,0.0149,-6.22,-12.6618,-101.22,0.1258282753,1.48,1.5,8.9799,24.8322,5e-05,0,0,41.9962,0.118204,WiFi6_5GHz
UE_002587,0.004,-10.87,-18.9881,-105.87,0.1221448757,0.74,1.5,14.4068,-16.286,1.3e-05,0,0,34.2784,0.214057,WiFi6_5GHz
UE_002588,0.0072,25.21,19.7649,-69.79,5.1469e-06,24.3,1.5,0.3243,22.6302,2.4e-05,0,0,67.6595,7.296769,WiFi6_5GHz
UE_002589,0.0135,47.92,36.4081,-47.08,8.2e-09,2.38,1.5,0.3265,15.6393,4.5e-05,0,0,81.3829,11.373978,WiFi6_5GHz
UE_002590,0.0105,-12.83,-23.9033,-107.83,0.081378156,1.82,1.5,36.9477,12.2768,3.5e-05,0,0,21.1341,0.480283,WiFi6_5GHz
UE_002591,0.002,-12.13,-19.0831,-107.13,0.0584532301,8.16,1.5,14.6835,25.4432,7e-06,0,0,35.4575,0.1,WiFi6_5GHz
UE_002592,0.0131,1.26,-7.8907,-93.74,0.1321655156,0.02,1.5,10.1677,-31.4773,4.4e-05,0,0,41.6628,0.3242,WiFi6_5GHz
UE_002593,0.0113,28.71,20.4049,-66.29,9.5945e-06,1.35,1.5,0.405,3.4317,3.8e-05,0,0,70.048,7.384523,WiFi6_5GHz
UE_002594,0.0125,21.7,13.3802,-73.3,0.0004881668,16.26,1.5,0.9237,10.0878,4.2e-05,0,0,62.4413,5.277962,WiFi6_5GHz
UE_002595,0.0016,-1.6,-10.5366,-96.6,0.1312482947,15.17,1.5,35.4608,-19.5901,5e-06,0,0,19.1032,0.392178,WiFi6_5GHz
UE_002596,0.0113,23.17,17.1949,-71.83,0.0009594104,17.68,1.5,0.8098,14.1146,3.8e-05,0,0,65.0565,5.109889,WiFi6_5GHz
UE_002597,0.0123,3.54,-1.9887,-91.46,0.1466552156,8.61,1.5,33.258,19.8894,4.1e-05,0,0,23.8638,0.67546,WiFi6_5GHz
UE_002598,0.0073,31.94,20.0045,-63.06,3.2544e-06,0.63,1.5,0.4481,5.6044,2.4e-05,0,0,71.8665,8.00353,WiFi6_5GHz
UE_002599,0.0151,40.31,27.9622,-54.69,4.4e-09,0.04,1.5,0.4576,-23.7304,5e-05,0,0,79.8484,11.71502,WiFi6_5GHz
UE_002600,0.0153,2.67,-5.5544,-92.33,0.140167341,0.0,1.5,29.823,22.4941,5.1e-05,0,0,27.0738,0.479446,WiFi6_5GHz
UE_002601,0.015,24.21,17.1125,-70.79,0.000619585,11.43,1.5,0.5149,18.0841,5e-05,0,0,67.6231,5.054069,WiFi6_5GHz
UE_002602,0.0067,8.42,-3.856,-86.58,0.0038840357,6.93,1.5,33.382,-26.033,2.2e-05,0,0,30.1524,1.54913,WiFi6_5GHz
UE_002603,0.0052,-11.09,-18.0099,-106.09,0.1254578947,5.94,1.5,21.9246,16.6992,1.7e-05,0,0,32.011,0.141588,WiFi6_5GHz
UE_002604,0.0167,-3.25,-10.6974,-98.25,0.1098097409,0.0,1.5,34.9732,-17.6102,5.6e-05,0,0,21.2406,0.110116,WiFi6_5GHz
UE_002605,0.0068,-4.66,-11.7041,-99.66,0.0698672702,0.64,1.5,15.4329,-28.7367,2.3e-05,0,0,38.5032,0.333337,WiFi6_5GHz
UE_002606,0.0088,37.08,29.8785,-57.92,1.5e-09,12.23,1.5,0.418,-16.561,2.9e-05,0,0,74.5338,11.765721,WiFi6_5GHz
UE_002607,0.0102,-19.65,-28.5327,-114.65,0.0730612629,41.76,1.6471,31.2668,13.6504,3.4e-05,0,0,29.2702,0.584335,WiFi6_5GHz
UE_002608,0.0128,29.49,22.568,-65.51,2.744e-07,23.7,1.5,0.1048,25.5469,4.3e-05,0,0,72.3047,7.932608,WiFi6_5GHz
UE_002609,0.0041,-3.63,-14.4934,-98.63,0.0694067263,4.48,1.5,29.19,-5.0591,1.4e-05,0,0,22.4217,0.353478,WiFi6_5GHz
UE_002610,0.016,-13.77,-18.0103,-108.77,0.1286659865,0.64,1.5,30.3955,-9.0704,5.3e-05,0,0,22.5721,0.18476,WiFi6_5GHz
UE_002611,0.0146,4.69,-5.1885,-90.31,0.1013822611,0.53,1.5,17.3197,2.7621,4.9e-05,0,0,36.7154,0.740445,WiFi6_5GHz
UE_002612,0.0013,45.46,35.3048,-49.54,3.1e-09,33.36,1.5,0.3205,6.0069,4e-06,0,0,80.1486,11.814155,WiFi6_5GHz
UE_002613,0.003,-1.86,-10.5108,-96.86,0.1105710099,4.75,1.5,19.6502,-24.8356,1e-05,0,0,33.0705,0.467964,WiFi6_5GHz
UE_002614,0.0084,9.81,5.4164,-85.19,0.0473487389,7.26,1.5,14.9943,30.333,2.8e-05,0,0,43.4151,1.682398,WiFi6_5GHz
UE_002615,0.0059,-3.51,-10.6518,-98.51,0.1475111437,18.67,1.5,29.3169,-25.972,2e-05,0,0,30.3252,0.225743,WiFi6_5GHz
UE_002616,0.0078,54.27,44.1503,-40.73,4.6e-09,0.0,1.5,0.0372,12.4159,2.6e-05,0,0,80.9887,11.448875,WiFi6_5GHz
UE_002617,0.0105,43.61,31.0337,-51.39,4.1e-09,0.04,1.5,0.3625,-2.282,3.5e-05,0,0,73.407,12.123353,WiFi6_5GHz
UE_002618,0.0021,1.54,-5.1912,-93.46,0.1480767738,33.57,1.5,30.2405,15.0443,7e-06,0,0,31.4401,0.1,WiFi6_5GHz
UE_002619,0.0104,11.39,3.4477,-83.61,0.0305998461,18.73,1.5,4.8026,19.4395,3.5e-05,0,0,52.3648,2.305221,WiFi6_5GHz
UE_002620,0.0083,38.93,26.2419,-56.07,3.6e-09,1.64,1.5,0.4205,28.8593,2.8e-05,0,0,76.926,11.523499,WiFi6_5GHz
UE_002621,0.0121,-7.67,-20.3859,-102.67,0.0952548071,7.94,1.5,27.6734,0.0421,4e-05,0,0,24.5869,0.534221,WiFi6_5GHz
UE_002622,0.0047,46.5,35.685,-48.5,6.2e-09,1.36,1.5,0.3113,-7.9915,1.6e-05,0,0,77.282,11.502403,WiFi6_5GHz
UE_002623,0.0023,-7.32,-18.328,-102.32,0.058774316,0.78,1.5,29.6424,25.3076,8e-06,0,0,19.3388,0.274146,WiFi6_5GHz
UE_002624,0.0072,40.92,35.6274,-54.08,1.6e-09,13.34,1.5,0.0449,1.2947,2.4e-05,0,0,83.0694,11.712821,WiFi6_5GHz
UE_002625,0.0082,6.92,1.7326,-88.08,0.0417368121,21.95,1.5947,30.1895,-20.1542,2.7e-05,0,0,34.1344,1.35492,WiFi6_5GHz
UE_002626,0.0029,-0.24,-5.4623,-95.24,0.0569515547,12.28,1.5,32.1257,-8.6756,1e-05,0,0,25.9585,0.165732,WiFi6_5GHz
UE_002627,0.0111,5.0,-2.5057,-90.0,0.0377941299,3.14,1.5,33.0054,31.67,3.7e-05,0,0,28.9711,0.932697,WiFi6_5GHz
UE_002628,0.0092,33.59,23.4947,-61.41,4.9602e-06,0.58,1.5,0.1288,-27.0435,3.1e-05,0,0,72.9906,10.595867,WiFi6_5GHz
UE_002629,0.0035,44.03,34.5836,-50.97,4.4e-09,0.05,1.5,0.0947,-28.2835,1.2e-05,0,0,78.8787,11.876748,WiFi6_5GHz
UE_002630,0.0042,20.73,8.8231,-74.27,0.0009535024,35.14,1.5,0.5096,-14.4518,1.4e-05,0,0,61.8115,4.260736,WiFi6_5GHz
UE_002631,0.0158,50.98,41.2406,-44.02,6.8e-09,28.8,1.5,0.3015,-31.67,5.3e-05,0,0,81.1533,11.656702,WiFi6_5GHz
UE_002632,0.016,0.07,-10.0578,-94.93,0.082460791,21.78,1.5,18.0425,23.6525,5.3e-05,0,0,33.6062,0.456664,WiFi6_5GHz
UE_002633,0.0121,55.36,44.5681,-39.64,2.9e-09,19.11,1.6142,0.1749,0.2543,4e-05,0,0,75.3312,11.53944,WiFi6_5GHz
UE_002634,0.0022,-10.68,-21.3191,-105.68,0.0519120926,0.4,1.5,8.22,31.5923,7e-06,0,0,39.3352,0.359961,WiFi6_5GHz
UE_002635,0.0067,-1.56,-11.7857,-96.56,0.1373430971,0.0,1.5,35.1151,9.8144,2.2e-05,0,0,22.377,0.325949,WiFi6_5GHz
UE_002636,0.0163,-1.27,-7.8305,-96.27,0.1087796464,18.94,1.5,29.0513,-0.2275,5.4e-05,0,0,29.0741,0.171505,WiFi6_5GHz
UE_002637,0.0071,-5.42,-12.6692,-100.42,0.096831971,19.14,1.5,13.4852,-7.3783,2.4e-05,0,0,38.7339,0.191458,WiFi6_5GHz
UE_002638,0.0167,-10.59,-19.9592,-105.59,0.087146815,7.1,1.5,36.0003,-17.4578,5.6e-05,0,0,20.6602,0.216952,WiFi6_5GHz
UE_002639,0.0135,35.12,24.1348,-59.88,9e-09,16.24,1.5,0.4839,-14.4671,4.5e-05,0,0,75.4318,11.780024,WiFi6_5GHz
UE_002640,0.0034,2.78,-0.6123,-92.22,0.1218962329,3.5,1.5065,22.2059,-23.2686,1.1e-05,0,0,29.0309,0.381042,WiFi6_5GHz
UE_002641,0.0045,40.78,36.4622,-54.22,8e-10,0.41,1.5,0.1566,-25.8669,1.5e-05,0,0,78.7077,11.80462,WiFi6_5GHz
UE_002642,0.0047,-9.45,-20.8824,-104.45,0.0610508175,4.9,1.5,11.7063,-4.3117,1.6e-05,0,0,36.3,0.1,WiFi6_5GHz
UE_002643,0.0072,8.21,-0.8663,-86.79,0.0191724081,36.54,1.5,25.4543,-29.3174,2.4e-05,0,0,38.7961,1.744247,WiFi6_5GHz
UE_002644,0.0157,6.93,0.4138,-88.07,0.0313480555,19.1,1.5,27.6558,-23.0043,5.2e-05,0,0,35.8334,1.454677,WiFi6_5GHz
UE_002645,0.0162,20.74,11.9514,-74.26,4.24207e-05,25.0,1.5,1.5942,-25.4886,5.4e-05,0,0,64.4089,4.415499,WiFi6_5GHz
UE_002646,0.0119,25.83,16.6486,-69.17,9.3852e-06,0.05,1.5,0.1409,-18.1827,4e-05,0,0,69.8009,6.858474,WiFi6_5GHz
UE_002647,0.0163,-4.11,-14.9971,-99.11,0.1444886931,0.0,1.5,31.1059,-23.304,5.4e-05,0,0,21.8292,0.431383,WiFi6_5GHz
UE_002648,0.0071,5.67,-0.1578,-89.33,0.0223692177,9.24,1.5,34.824,-4.1886,2.4e-05,0,0,31.3139,1.611539,WiFi6_5GHz
UE_002649,0.0019,-7.74,-17.52,-102.74,0.0920191619,21.87,1.5,22.6338,-13.0876,6e-06,0,0,30.2003,0.595031,WiFi6_5GHz
UE_002650,0.0026,-6.97,-17.7248,-101.97,0.1253142422,4.18,1.5,30.9614,22.9024,9e-06,0,0,24.902,0.342623,WiFi6_5GHz
UE_002651,0.0138,-6.84,-11.7665,-101.84,0.0558126914,14.1,1.5,36.7952,-11.6191,4.6e-05,0,0,23.2093,0.374447,WiFi6_5GHz
UE_002652,0.0088,36.13,24.8683,-58.87,6.2e-09,1.4,1.5,0.1869,-25.0085,2.9e-05,0,0,76.9263,11.398939,WiFi6_5GHz
UE_002653,0.0115,-3.52,-8.3618,-98.52,0.1028291575,0.0,1.5,14.5972,2.5514,3.8e-05,0,0,37.3864,0.391989,WiFi6_5GHz
UE_002654,0.0041,14.53,7.6684,-80.47,0.0101207971,16.74,1.5,7.4431,-11.974,1.4e-05,0,0,57.5491,2.252052,WiFi6_5GHz
UE_002655,0.0144,0.16,-8.4142,-94.84,0.062630824,5.57,1.5,26.9002,-1.1028,4.8e-05,0,0,26.2896,0.1,WiFi6_5GHz
UE_002656,0.0063,24.86,17.3046,-70.14,0.0008937734,6.85,1.5,1.1404,5.4179,2.1e-05,0,0,62.7354,5.401377,WiFi6_5GHz
UE_002657,0.0162,10.14,-1.1044,-84.86,0.0209306432,26.38,1.5,3.5621,-8.0924,5.4e-05,0,0,53.2936,1.620144,WiFi6_5GHz
UE_002658,0.0137,32.72,25.6497,-62.28,5.2771e-06,2.52,1.5,0.4484,22.1718,4.6e-05,0,0,71.456,10.459689,WiFi6_5GHz
UE_002659,0.0048,-18.49,-28.3221,-113.49,0.0671601702,0.08,1.5,10.2174,22.6761,1.6e-05,0,0,36.0237,0.1,WiFi6_5GHz
UE_002660,0.0073,50.93,42.8582,-44.07,9e-10,21.36,1.555,0.1485,1.551,2.4e-05,0,0,77.2106,11.615237,WiFi6_5GHz
UE_002661,0.0037,-6.57,-12.6872,-101.57,0.1366842071,12.04,1.6348,14.9658,-24.4751,1.2e-05,0,0,32.6409,0.43115,WiFi6_5GHz
UE_002662,0.0083,1.48,-9.1319,-93.52,0.0538753474,15.87,1.5,24.2349,-17.5706,2.8e-05,0,0,33.3471,0.358982,WiFi6_5GHz
UE_002663,0.0042,51.58,44.9996,-43.42,9.3e-09,9.57,1.7861,0.2807,4.6112,1.4e-05,0,0,78.5354,11.559499,WiFi6_5GHz
UE_002664,0.0078,5.21,-3.7791,-89.79,0.0458636733,0.12,1.5,16.5265,-14.4178,2.6e-05,0,0,33.7306,1.265063,WiFi6_5GHz
UE_002665,0.005,-5.8,-17.1567,-100.8,0.1446697748,0.19,1.5,34.4343,-31.67,1.7e-05,0,0,20.7623,0.549671,WiFi6_5GHz
UE_002666,0.0094,16.92,12.6806,-78.08,0.0009646718,0.38,1.5,1.6316,-20.6478,3.1e-05,0,0,57.8242,3.760461,WiFi6_5GHz
UE_002667,0.0064,-8.08,-18.8888,-103.08,0.1453127173,26.12,1.8547,30.5748,6.9287,2.1e-05,0,0,27.7199,0.203122,WiFi6_5GHz
UE_002668,0.012,3.23,-4.6511,-91.77,0.0757890412,14.33,1.5,31.8107,-3.0323,4e-05,0,0,23.716,0.383874,WiFi6_5GHz
UE_002669,0.0133,-0.75,-12.5999,-95.75,0.1074861689,2.58,1.5,15.5349,31.67,4.4e-05,0,0,34.0216,0.233519,WiFi6_5GHz
UE_002670,0.0154,14.68,7.7814,-80.32,0.0413163827,0.11,1.5,2.539,31.67,5.1e-05,0,0,52.2029,2.184418,WiFi6_5GHz
UE_002671,0.01,-4.36,-13.0544,-99.36,0.0863874403,0.0,1.5,36.2754,10.6139,3.3e-05,0,0,21.1702,0.1,WiFi6_5GHz
UE_002672,0.0061,-2.92,-6.6861,-97.92,0.072563867,12.02,1.5,20.2475,31.084,2e-05,0,0,34.0341,0.581931,WiFi6_5GHz
UE_002673,0.0121,21.71,15.4748,-73.29,0.0002625429,2.58,1.5,1.6556,-8.7339,4e-05,0,0,61.7973,4.817083,WiFi6_5GHz
UE_002674,0.0159,-4.57,-12.8768,-99.57,0.119384021,9.1,1.5,10.2334,9.2305,5.3e-05,0,0,37.3441,0.309517,WiFi6_5GHz
UE_002675,0.0051,-0.92,-10.9432,-95.92,0.071778766,14.68,1.5,32.7298,-13.0067,1.7e-05,0,0,25.0906,0.482981,WiFi6_5GHz
UE_002676,0.0098,5.24,-6.5507,-89.76,0.0231610888,0.12,1.5,36.6555,21.1102,3.3e-05,0,0,23.5394,1.324501,WiFi6_5GHz
UE_002677,0.0122,-2.92,-13.0416,-97.92,0.0573742793,0.0,1.5,23.0064,7.7476,4.1e-05,0,0,28.6168,0.119293,WiFi6_5GHz
UE_002678,0.0047,-4.56,-14.7567,-99.56,0.111900546,5.14,1.6311,10.7966,-12.8695,1.6e-05,0,0,38.2167,0.848126,WiFi6_5GHz
UE_002679,0.0081,33.05,28.4329,-61.95,3.459e-06,16.63,1.5,0.2971,-19.099,2.7e-05,0,0,77.8696,10.562188,WiFi6_5GHz
UE_002680,0.0116,-5.6,-15.5311,-100.6,0.0511419403,20.64,1.5,12.7926,8.926,3.9e-05,0,0,32.6613,0.110751,WiFi6_5GHz
UE_002681,0.0152,1.78,-9.7244,-93.22,0.0656876375,1.04,1.5,26.9861,30.5647,5.1e-05,0,0,26.1115,0.309232,WiFi6_5GHz
UE_002682,0.0117,31.65,25.928,-63.35,8.2144e-06,0.0,1.5,0.3052,-26.2633,3.9e-05,0,0,71.3145,7.653056,WiFi6_5GHz
UE_002683,0.0093,-6.76,-16.7503,-101.76,0.0828078676,0.92,1.5744,19.3847,-8.7123,3.1e-05,0,0,30.8303,0.277457,WiFi6_5GHz
UE_002684,0.0143,26.72,16.7685,-68.28,2.8581e-06,17.2,1.5,0.496,-12.5412,4.8e-05,0,0,69.7752,7.12053,WiFi6_5GHz
UE_002685,0.0116,13.9,8.9206,-81.1,0.0165980166,23.34,1.6675,2.4828,-3.9795,3.9e-05,0,0,55.9111,2.521695,WiFi6_5GHz
UE_002686,0.004,-1.43,-6.5974,-96.43,0.0593074387,4.0,1.5,30.7007,10.6998,1.3e-05,0,0,23.1294,0.406087,WiFi6_5GHz
UE_002687,0.0016,20.71,15.0255,-74.29,0.0001327671,15.86,1.6999,1.1274,27.6649,5e-06,0,0,63.483,4.853742,WiFi6_5GHz
UE_002688,0.0095,13.38,3.8081,-81.62,0.0444167922,0.11,1.5,3.6374,-7.7438,3.2e-05,0,0,55.7787,2.812403,WiFi6_5GHz
UE_002689,0.0046,42.99,34.0774,-52.01,6.7e-09,0.0,1.5,0.2253,1.2356,1.5e-05,0,0,79.8508,11.404508,WiFi6_5GHz
UE_002690,0.0069,22.71,16.19,-72.29,0.0005323831,8.15,1.5,1.5864,-5.9701,2.3e-05,0,0,63.7841,4.959302,WiFi6_5GHz
UE_002691,0.016,19.35,14.1812,-75.65,0.0005707239,24.18,1.5,1.3567,-30.0887,5.3e-05,0,0,62.7919,4.674093,WiFi6_5GHz
UE_002692,0.0041,12.92,2.3432,-82.08,0.0370926052,13.52,1.5,3.203,2.4412,1.4e-05,0,0,56.6005,2.411873,WiFi6_5GHz
UE_002693,0.0033,-16.46,-22.1342,-111.46,0.1027040991,9.33,1.5578,15.9548,10.4151,1.1e-05,0,0,34.8996,0.1,WiFi6_5GHz
UE_002694,0.0029,29.36,23.2462,-65.64,6.6283e-06,0.0,1.5,0.3652,-24.9513,1e-05,0,0,66.9137,7.683817,WiFi6_5GHz
UE_002695,0.0043,-7.09,-16.3564,-102.09,0.0887111743,1.55,1.5,8.6775,26.1295,1.4e-05,0,0,38.847,0.421095,WiFi6_5GHz
UE_002696,0.0162,-4.97,-11.9789,-99.97,0.0843616732,12.56,1.5,25.817,27.2855,5.4e-05,0,0,26.3106,0.674914,WiFi6_5GHz
UE_002697,0.0146,-4.33,-12.5933,-99.33,0.0592159468,26.85,1.7769,25.3705,-0.5036,4.9e-05,0,0,29.3581,0.1,WiFi6_5GHz
UE_002698,0.0021,24.55,17.5711,-70.45,0.0003825755,7.9,1.5,0.521,13.9239,7e-06,0,0,63.0705,5.255691,WiFi6_5GHz
UE_002699,0.0017,28.07,21.6387,-66.93,8.7303e-06,3.83,1.5,0.0592,22.0374,6e-06,0,0,70.7017,7.688176,WiFi6_5GHz
UE_002700,0.0028,51.98,44.2964,-43.02,9.4e-09,3.1,1.5,0.3888,2.7412,9e-06,0,0,77.748,11.680643,WiFi6_5GHz
UE_002701,0.0082,-2.51,-11.9343,-97.51,0.1027788323,0.0,1.5,17.3281,11.9743,2.7e-05,0,0,35.1565,0.362759,WiFi6_5GHz
UE_002702,0.0032,1.0,-7.8111,-94.0,0.059318573,20.58,1.8279,30.1366,22.4105,1.1e-05,0,0,30.0426,0.380798,WiFi6_5GHz
UE_002703,0.004,77.11,71.8776,-17.89,4e-10,16.98,1.5,0.1433,0.7742,1.3e-05,0,0,80.7321,11.743568,WiFi6_5GHz
UE_002704,0.0019,12.27,0.1335,-82.73,0.0408719896,17.13,1.5,2.8407,-25.2952,6e-06,0,0,57.0572,2.232512,WiFi6_5GHz
UE_002705,0.0156,-1.58,-11.6828,-96.58,0.1204911615,3.66,1.5,14.0725,-28.1405,5.2e-05,0,0,36.0937,0.288411,WiFi6_5GHz
UE_002706,0.015,34.08,23.5454,-60.92,3.4858e-06,0.1,1.5,0.4753,3.5661,5e-05,0,0,74.8074,10.541449,WiFi6_5GHz
UE_002707,0.0139,-8.28,-16.1524,-103.28,0.1113476596,1.12,1.5,20.9678,8.2398,4.6e-05,0,0,29.0509,0.167046,WiFi6_5GHz
UE_002708,0.0083,11.26,1.9463,-83.74,0.0019713623,11.79,1.5,6.7634,-3.8421,2.8e-05,0,0,48.3919,2.267155,WiFi6_5GHz
UE_002709,0.001,22.57,13.5076,-72.43,0.000856093,27.38,1.5,1.4044,-9.5466,3e-06,0,0,65.4876,5.177083,WiFi6_5GHz
UE_002710,0.0059,-9.12,-19.377,-104.12,0.0578710222,12.62,1.5,16.8658,20.2482,2e-05,0,0,36.3682,0.850225,WiFi6_5GHz
UE_002711,0.0129,31.15,24.7153,-63.85,4.123e-07,15.4,1.5,0.2909,17.7813,4.3e-05,0,0,72.6817,7.70016,WiFi6_5GHz
UE_002712,0.0013,-4.12,-9.5413,-99.12,0.1081665016,0.81,1.5,25.5135,24.0042,4e-06,0,0,30.0753,0.455803,WiFi6_5GHz
UE_002713,0.0166,-3.28,-12.9116,-98.28,0.0975583694,0.0,1.5,8.108,-19.3812,5.5e-05,0,0,38.9481,0.675047,WiFi6_5GHz
UE_002714,0.0096,13.1,5.3633,-81.9,0.0311487388,7.48,1.5,5.6296,-0.21,3.2e-05,0,0,51.3654,2.607794,WiFi6_5GHz
UE_002715,0.0046,1.43,-6.5872,-93.57,0.1345204665,15.34,1.5,28.6518,9.5475,1.5e-05,0,0,29.1025,0.614616,WiFi6_5GHz
UE_002716,0.0016,20.54,14.5886,-74.46,0.0004005028,8.1,1.5,0.6627,12.7396,5e-06,0,0,57.9815,4.456357,WiFi6_5GHz
UE_002717,0.0098,-0.62,-9.879,-95.62,0.1087668796,0.05,1.5,31.3068,-21.4293,3.3e-05,0,0,21.7058,0.19466,WiFi6_5GHz
UE_002718,0.0025,-11.35,-19.1436,-106.35,0.0686111996,2.06,1.555,12.6005,24.0624,8e-06,0,0,34.3449,0.14077,WiFi6_5GHz
UE_002719,0.0144,67.02,58.2707,-27.98,9.2e-09,0.11,1.5267,0.04,-16.6131,4.8e-05,0,0,80.7566,11.615669,WiFi6_5GHz
UE_002720,0.0122,36.98,30.0994,-58.02,9e-09,19.24,1.5,0.2431,12.5928,4.1e-05,0,0,79.9071,11.539729,WiFi6_5GHz
UE_002721,0.0053,27.01,16.5597,-67.99,2.087e-06,13.1,1.5,0.4843,-23.977,1.8e-05,0,0,68.8765,6.972215,WiFi6_5GHz
UE_002722,0.0068,37.78,33.5498,-57.22,8.6e-09,13.13,1.5,0.4037,-7.1668,2.3e-05,0,0,74.8351,11.662187,WiFi6_5GHz
UE_002723,0.0041,21.13,14.5019,-73.87,0.0007489492,16.97,1.5,1.6107,8.9065,1.4e-05,0,0,61.7742,5.089044,WiFi6_5GHz
UE_002724,0.0117,-13.85,-22.008,-108.85,0.1046037814,0.0,1.5,20.2856,-17.9561,3.9e-05,0,0,26.3186,0.403468,WiFi6_5GHz
UE_002725,0.0146,14.19,9.834,-80.81,0.0209558999,0.0,1.5,7.7171,-7.4648,4.9e-05,0,0,52.9277,2.162446,WiFi6_5GHz
UE_002726,0.0147,-13.21,-26.5626,-108.21,0.1192196257,19.94,1.5,35.8949,-30.8597,4.9e-05,0,0,25.1896,0.294541,WiFi6_5GHz
UE_002727,0.0148,69.04,58.6666,-25.96,2e-10,8.76,1.5,0.2975,25.978,4.9e-05,0,0,81.159,11.399957,WiFi6_5GHz
UE_002728,0.013,5.56,-2.7728,-89.44,0.0433122998,6.55,1.5445,15.0124,-12.6394,4.3e-05,0,0,37.0573,1.637831,WiFi6_5GHz
UE_002729,0.0078,-12.17,-18.9927,-107.17,0.0824450013,6.68,1.5,29.4114,17.2025,2.6e-05,0,0,27.9791,0.460229,WiFi6_5GHz
UE_002730,0.0093,28.48,21.956,-66.52,1.5065e-06,0.14,1.5,0.2713,31.67,3.1e-05,0,0,70.7406,7.792749,WiFi6_5GHz
UE_002731,0.0133,22.59,16.323,-72.41,0.0004496153,0.0,1.5,1.9278,-4.7676,4.4e-05,0,0,64.6179,5.166435,WiFi6_5GHz
UE_002732,0.0113,12.83,0.8279,-82.17,0.0342084553,8.37,1.5,4.1006,1.911,3.8e-05,0,0,55.0038,2.296869,WiFi6_5GHz
UE_002733,0.0131,-9.3,-20.9123,-104.3,0.0625805654,15.66,1.5,12.4741,-3.118,4.4e-05,0,0,36.7444,0.307936,WiFi6_5GHz
UE_002734,0.0118,34.29,22.7377,-60.71,5.916e-07,9.73,1.6099,0.2241,-5.1439,3.9e-05,0,0,73.6043,10.631118,WiFi6_5GHz
UE_002735,0.002,26.65,24.2907,-68.35,6.7567e-06,11.01,1.5,0.4798,-27.6569,7e-06,0,0,67.5912,6.974342,WiFi6_5GHz
UE_002736,0.011,29.77,19.5302,-65.23,2.1372e-06,1.67,1.5,0.2956,-12.8136,3.7e-05,0,0,72.5362,7.849569,WiFi6_5GHz
UE_002737,0.0145,23.67,12.9402,-71.33,5.98428e-05,0.83,1.5,1.1458,-31.67,4.8e-05,0,0,65.6531,4.9909,WiFi6_5GHz
UE_002738,0.0118,11.5,2.908,-83.5,0.0076704134,27.24,1.5,6.1457,-31.67,3.9e-05,0,0,54.4131,2.654117,WiFi6_5GHz
UE_002739,0.0134,2.64,-4.2291,-92.36,0.1251779888,9.11,1.5,11.6261,-22.9192,4.5e-05,0,0,34.7606,0.362162,WiFi6_5GHz
UE_002740,0.0073,44.3,31.6704,-50.7,5.2e-09,17.03,1.5,0.3624,-13.5341,2.4e-05,0,0,83.9765,11.377743,WiFi6_5GHz
UE_002741,0.004,9.53,0.7815,-85.47,0.0458400872,24.02,1.5,8.5056,-28.0571,1.3e-05,0,0,53.3222,1.750211,WiFi6_5GHz
UE_002742,0.0121,56.34,52.0421,-38.66,5e-10,0.0,1.5,0.202,-23.9004,4e-05,0,0,79.669,11.652995,WiFi6_5GHz
UE_002743,0.0162,35.32,26.6661,-59.68,8e-10,0.0,1.5,0.2209,-9.5893,5.4e-05,0,0,73.7056,11.263767,WiFi6_5GHz
UE_002744,0.0123,5.14,-6.3519,-89.86,0.0275918792,31.71,1.5,36.445,3.3658,4.1e-05,0,0,31.8683,1.143021,WiFi6_5GHz
UE_002745,0.0024,72.7,63.9377,-22.3,5.5e-09,17.7,1.5,0.0024,-20.6378,8e-06,0,0,81.2284,11.845834,WiFi6_5GHz
UE_002746,0.0108,7.05,1.6763,-87.95,0.0317624486,10.12,1.5,34.932,9.0899,3.6e-05,0,0,26.7117,1.502899,WiFi6_5GHz
UE_002747,0.0067,56.46,46.5695,-38.54,1.1e-09,2.99,1.5,0.1619,-4.3504,2.2e-05,0,0,78.3146,11.815996,WiFi6_5GHz
UE_002748,0.0059,-1.18,-7.946,-96.18,0.141077803,2.1,1.5,16.4019,-21.28,2e-05,0,0,30.7929,0.243709,WiFi6_5GHz
UE_002749,0.0042,35.32,28.3959,-59.68,5.8e-09,0.32,1.5,0.2278,27.8743,1.4e-05,0,0,71.9516,11.592399,WiFi6_5GHz
UE_002750,0.0044,-2.21,-8.0714,-97.21,0.1022201125,40.79,1.7301,32.1983,7.7013,1.5e-05,0,0,24.1566,0.1,WiFi6_5GHz
UE_002751,0.0144,42.53,33.7019,-52.47,6.1e-09,18.23,1.5,0.4718,-31.67,4.8e-05,0,0,78.3814,11.402804,WiFi6_5GHz
UE_002752,0.0132,53.85,43.3333,-41.15,1.7e-09,5.55,1.5,0.1943,1.0676,4.4e-05,0,0,81.0067,11.892589,WiFi6_5GHz
UE_002753,0.0109,-8.18,-20.996,-103.18,0.1431103625,14.44,1.5,13.6194,29.1004,3.6e-05,0,0,32.3759,0.260432,WiFi6_5GHz
UE_002754,0.0043,-4.31,-12.1475,-99.31,0.1000707929,3.96,1.5,36.8904,5.1377,1.4e-05,0,0,18.4072,0.586982,WiFi6_5GHz
UE_002755,0.0125,11.18,2.4591,-83.82,0.0449385215,0.2,1.5,4.9322,-25.9453,4.2e-05,0,0,49.4923,2.269385,WiFi6_5GHz
UE_002756,0.0084,36.07,24.3326,-58.93,3.4e-09,16.85,1.5,0.3433,-6.3833,2.8e-05,0,0,77.5285,11.728354,WiFi6_5GHz
UE_002757,0.0026,-8.39,-16.1162,-103.39,0.0926192617,0.07,1.5,35.1664,7.0096,9e-06,0,0,19.196,0.510067,WiFi6_5GHz
UE_002758,0.0092,-3.24,-13.3672,-98.24,0.1182206001,1.14,1.5,34.7657,-6.7569,3.1e-05,0,0,21.4143,0.415833,WiFi6_5GHz
UE_002759,0.0057,-22.29,-30.7194,-117.29,0.0894727014,4.77,2.0335,23.9754,5.0721,1.9e-05,0,0,28.3932,0.258317,WiFi6_5GHz
UE_002760,0.016,46.12,38.0414,-48.88,1.8e-09,2.08,1.5,0.3656,11.2147,5.3e-05,0,0,77.5635,11.701776,WiFi6_5GHz
UE_002761,0.0026,11.45,1.4672,-83.55,0.0316962163,0.0,1.5,4.461,-1.2635,9e-06,0,0,49.6333,2.327352,WiFi6_5GHz
UE_002762,0.0119,12.32,1.4611,-82.68,0.0093174507,7.83,1.5,4.948,1.4452,4e-05,0,0,52.7127,2.320589,WiFi6_5GHz
UE_002763,0.005,5.84,-3.1689,-89.16,0.0296803813,0.05,1.5,20.2368,31.67,1.7e-05,0,0,34.3869,1.208542,WiFi6_5GHz
UE_002764,0.0138,-3.61,-8.1511,-98.61,0.1456794029,22.1,1.5,10.6627,-12.1862,4.6e-05,0,0,37.8202,0.268212,WiFi6_5GHz
UE_002765,0.015,-16.85,-23.5186,-111.85,0.0595647046,21.15,1.5,30.8512,-15.0475,5e-05,0,0,29.0631,0.181372,WiFi6_5GHz
UE_002766,0.0132,20.69,8.609,-74.31,0.0009638212,2.03,1.5,0.5187,-28.1276,4.4e-05,0,0,57.8471,4.625465,WiFi6_5GHz
UE_002767,0.0067,11.34,7.2949,-83.66,0.0191614591,0.0,1.5,4.8989,18.0485,2.2e-05,0,0,47.0035,1.931654,WiFi6_5GHz
UE_002768,0.0069,6.49,-6.4437,-88.51,0.0362467483,11.82,1.5,13.0722,10.8446,2.3e-05,0,0,43.1335,1.556234,WiFi6_5GHz
UE_002769,0.0139,12.65,1.3955,-82.35,0.0131823046,19.02,1.5,2.5578,-0.0612,4.6e-05,0,0,57.0541,2.13152,WiFi6_5GHz
UE_002770,0.0089,-5.83,-17.3716,-100.83,0.0906267664,10.52,1.5,35.3466,4.4949,3e-05,0,0,22.7504,0.240155,WiFi6_5GHz
UE_002771,0.0144,2.13,-3.2585,-92.87,0.0505217418,10.78,1.5,14.7779,31.67,4.8e-05,0,0,34.5782,0.287632,WiFi6_5GHz
UE_002772,0.0167,9.18,-1.2655,-85.82,0.0154752302,0.08,1.5,26.0398,23.4431,5.6e-05,0,0,30.9866,1.802408,WiFi6_5GHz
UE_002773,0.0089,6.0,1.5627,-89.0,0.0480057626,1.14,1.5,29.1045,-15.411,3e-05,0,0,33.4166,1.407814,WiFi6_5GHz
UE_002774,0.0085,-10.62,-17.5583,-105.62,0.0655801789,35.24,1.5,38.3855,-10.2279,2.8e-05,0,0,24.1794,0.241502,WiFi6_5GHz
UE_002775,0.0159,33.02,24.6822,-61.98,1.1652e-06,6.6,1.5,0.0945,6.5585,5.3e-05,0,0,69.7511,10.431876,WiFi6_5GHz
UE_002776,0.0126,56.99,45.5082,-38.01,3.3e-09,7.28,1.5,0.0596,-4.9241,4.2e-05,0,0,75.71,11.72589,WiFi6_5GHz
UE_002777,0.0073,51.64,41.5054,-43.36,3e-10,7.3,1.5,0.1548,-2.4787,2.4e-05,0,0,76.5498,11.61143,WiFi6_5GHz
UE_002778,0.0027,-7.85,-18.292,-102.85,0.103746956,0.02,1.5,12.6548,15.226,9e-06,0,0,36.8988,0.213261,WiFi6_5GHz
UE_002779,0.0038,24.54,17.3224,-70.46,0.0008936833,0.0,1.5,1.3281,-31.67,1.3e-05,0,0,65.8835,5.200963,WiFi6_5GHz
UE_002780,0.0025,-7.14,-19.0508,-102.14,0.1486232225,12.77,1.5,33.1028,-31.67,8e-06,0,0,22.1866,0.1,WiFi6_5GHz
UE_002781,0.0056,40.91,30.842,-54.09,2.4e-09,31.5,1.5,0.1999,-8.2538,1.9e-05,0,0,78.7604,11.705707,WiFi6_5GHz
UE_002782,0.005,0.3,-11.0596,-94.7,0.1479312028,16.19,1.5,24.1603,31.67,1.7e-05,0,0,31.1264,0.215608,WiFi6_5GHz
UE_002783,0.0089,-11.77,-18.1903,-106.77,0.0847289789,28.65,1.5,21.8384,6.6642,3e-05,0,0,34.2236,0.141735,WiFi6_5GHz
UE_002784,0.0047,35.71,26.7611,-59.29,8.9e-09,0.0,1.5,0.1868,20.9421,1.6e-05,0,0,72.3684,12.043365,WiFi6_5GHz
UE_002785,0.0058,23.85,15.7032,-71.15,0.0007084627,0.0,1.5,0.876,-1.4005,1.9e-05,0,0,62.2261,5.420471,WiFi6_5GHz
UE_002786,0.0113,25.08,13.452,-69.92,4.1028e-06,25.29,1.5,0.3629,-0.3862,3.8e-05,0,0,64.5021,6.906829,WiFi6_5GHz
UE_002787,0.0068,51.07,47.076,-43.93,4.9e-09,10.07,1.5,0.2268,-20.9983,2.3e-05,0,0,80.8385,11.503088,WiFi6_5GHz
UE_002788,0.0035,-8.77,-14.604,-103.77,0.1428079733,24.04,1.5563,8.7554,-17.4455,1.2e-05,0,0,43.1449,0.1626,WiFi6_5GHz
UE_002789,0.0019,39.3,33.0669,-55.7,5.2e-09,18.01,1.6148,0.3792,0.8368,6e-06,0,0,78.2099,11.667012,WiFi6_5GHz
UE_002790,0.0045,32.9,24.9142,-62.1,1.2721e-06,0.0,1.5,0.2519,9.8348,1.5e-05,0,0,72.6663,10.596796,WiFi6_5GHz
UE_002791,0.003,36.21,27.5248,-58.79,2.8e-09,0.0,1.5,0.144,-27.0526,1e-05,0,0,75.4432,11.557262,WiFi6_5GHz
UE_002792,0.0022,-5.68,-16.2187,-100.68,0.1028945585,29.97,1.5,31.6583,-8.7757,7e-06,0,0,29.896,0.348272,WiFi6_5GHz
UE_002793,0.0143,23.13,16.9476,-71.87,0.0005326279,6.3,1.5,0.5826,-2.0652,4.8e-05,0,0,63.5838,5.521207,WiFi6_5GHz
UE_002794,0.0076,4.7,-0.1156,-90.3,0.0908904414,12.49,1.5,17.1364,2.1255,2.5e-05,0,0,39.7256,0.729917,WiFi6_5GHz
UE_002795,0.0065,40.59,36.0109,-54.41,3.4e-09,23.11,1.5,0.1643,-31.67,2.2e-05,0,0,84.5928,11.525811,WiFi6_5GHz
UE_002796,0.0056,1.19,-4.2674,-93.81,0.0634983199,0.05,1.5513,35.3776,-6.5283,1.9e-05,0,0,25.2732,0.283238,WiFi6_5GHz
UE_002797,0.0092,6.77,-3.2934,-88.23,0.0036602287,0.15,1.5,19.2087,19.2979,3.1e-05,0,0,36.2324,1.182589,WiFi6_5GHz
UE_002798,0.0028,39.74,28.4552,-55.26,1.7e-09,37.6,1.701,0.1727,-18.5876,9e-06,0,0,80.3496,11.941661,WiFi6_5GHz
UE_002799,0.0113,32.13,22.0833,-62.87,3.7444e-06,26.49,1.5,0.3421,6.6805,3.8e-05,0,0,76.8497,10.34769,WiFi6_5GHz
UE_002800,0.0142,19.9,11.5938,-75.1,0.0005723493,19.64,1.5,1.0337,-6.0733,4.7e-05,0,0,63.4507,4.495272,WiFi6_5GHz
UE_002801,0.0041,52.17,42.8247,-42.83,9.3e-09,15.56,1.5,0.2426,-5.2164,1.4e-05,0,0,80.8051,11.585603,WiFi6_5GHz
UE_002802,0.01,-3.17,-11.8658,-98.17,0.0531192579,2.09,1.5,28.5161,-11.1421,3.3e-05,0,0,27.4136,0.1,WiFi6_5GHz
UE_002803,0.0122,35.44,27.5799,-59.56,5e-09,0.44,1.5,0.2252,-1.5365,4.1e-05,0,0,74.0696,11.420436,WiFi6_5GHz
UE_002804,0.0129,-0.53,-9.4505,-95.53,0.1385997309,7.84,1.5,10.7848,1.177,4.3e-05,0,0,35.0201,0.18208,WiFi6_5GHz
UE_002805,0.0055,4.99,-0.9943,-90.01,0.0570971897,13.64,1.5,35.4471,31.1302,1.8e-05,0,0,27.183,0.466117,WiFi6_5GHz
UE_002806,0.0154,-13.15,-20.9484,-108.15,0.0707215324,12.98,1.5,14.8125,17.3549,5.1e-05,0,0,34.1887,0.564936,WiFi6_5GHz
UE_002807,0.0049,28.63,22.7983,-66.37,6.5685e-06,12.48,1.5,0.3002,18.0313,1.6e-05,0,0,70.9284,8.101536,WiFi6_5GHz
UE_002808,0.0089,21.95,11.6919,-73.05,0.0009884751,0.45,1.5,1.9748,13.174,3e-05,0,0,62.186,5.52664,WiFi6_5GHz
UE_002809,0.006,9.74,-0.5812,-85.26,0.044458034,0.17,1.5,12.1199,21.9143,2e-05,0,0,43.3026,1.697947,WiFi6_5GHz
UE_002810,0.0061,16.54,10.0394,-78.46,0.0004803984,0.11,1.5,0.7669,-25.4213,2e-05,0,0,59.0903,3.24935,WiFi6_5GHz
UE_002811,0.0096,-9.39,-15.1029,-104.39,0.0944983905,16.55,1.5,18.181,10.0898,3.2e-05,0,0,30.4244,0.34943,WiFi6_5GHz
UE_002812,0.0046,1.73,-5.3799,-93.27,0.1418078707,9.07,1.5,29.8608,-19.9731,1.5e-05,0,0,25.9976,0.468544,WiFi6_5GHz
UE_002813,0.0139,23.8,16.7567,-71.2,0.0001150713,17.08,1.5,1.4306,22.5041,4.6e-05,0,0,66.6431,5.127698,WiFi6_5GHz
UE_002814,0.0058,11.0,-0.5619,-84.0,0.0246763018,0.54,1.5501,3.7758,25.5442,1.9e-05,0,0,47.3736,2.422035,WiFi6_5GHz
UE_002815,0.0083,-4.59,-14.2047,-99.59,0.0722203164,0.0,1.5,11.8503,9.196,2.8e-05,0,0,36.2698,0.219221,WiFi6_5GHz
UE_002816,0.0169,10.99,0.7133,-84.01,0.0067938941,31.36,1.5,3.405,-28.4701,5.6e-05,0,0,54.9783,1.649201,WiFi6_5GHz
UE_002817,0.0025,-5.51,-16.6602,-100.51,0.1100550509,6.52,1.5,11.1921,-0.768,8e-06,0,0,34.3722,0.313011,WiFi6_5GHz
UE_002818,0.0058,7.63,-1.1895,-87.37,0.0075287407,30.86,1.5,29.6856,8.2536,1.9e-05,0,0,33.6433,0.840213,WiFi6_5GHz
UE_002819,0.0162,34.1,27.0241,-60.9,7.0532e-06,8.89,1.5007,0.3991,-13.9215,5.4e-05,0,0,73.5355,10.937188,WiFi6_5GHz
UE_002820,0.003,7.47,-1.0918,-87.53,0.0076399094,2.77,1.5,9.6941,18.5694,1e-05,0,0,46.1395,1.488614,WiFi6_5GHz
UE_002821,0.0042,33.95,24.4243,-61.05,6.5781e-06,1.56,1.5,0.1454,-31.1111,1.4e-05,0,0,72.0685,10.26113,WiFi6_5GHz
UE_002822,0.0041,36.12,25.9069,-58.88,7e-10,23.68,1.5,0.277,26.6585,1.4e-05,0,0,76.6067,11.674525,WiFi6_5GHz
UE_002823,0.0021,4.67,-5.6775,-90.33,0.1085603688,17.84,1.5,20.6451,10.6913,7e-06,0,0,36.199,0.750374,WiFi6_5GHz
UE_002824,0.0055,44.23,37.2322,-50.77,9e-09,27.4,1.5,0.3748,6.8591,1.8e-05,0,0,78.9375,11.613575,WiFi6_5GHz
UE_002825,0.0119,36.11,28.6293,-58.89,3.5e-09,7.37,1.5,0.0534,15.0211,4e-05,0,0,77.0253,11.684808,WiFi6_5GHz
UE_002826,0.0162,24.1,14.8144,-70.9,0.0005593701,0.42,1.5,1.1587,-27.2171,5.4e-05,0,0,63.0907,5.322906,WiFi6_5GHz
UE_002827,0.0161,9.5,3.5732,-85.5,0.0066083145,0.05,1.5,21.4063,31.5932,5.4e-05,0,0,37.4991,1.737785,WiFi6_5GHz
UE_002828,0.0143,-0.07,-7.576,-95.07,0.0714974383,10.74,1.5,22.7891,6.5079,4.8e-05,0,0,31.1997,0.493171,WiFi6_5GHz
UE_002829,0.0123,49.46,44.595,-45.54,6.6e-09,6.68,1.5,0.0159,18.6823,4.1e-05,0,0,81.0437,11.773122,WiFi6_5GHz
UE_002830,0.012,12.92,7.2693,-82.08,0.0428617005,2.73,1.5,3.0424,-24.3737,4e-05,0,0,52.2663,2.458462,WiFi6_5GHz
UE_002831,0.0113,21.09,15.603,-73.91,0.0008818326,6.16,1.5,1.7487,-9.0825,3.8e-05,0,0,61.9876,5.274288,WiFi6_5GHz
UE_002832,0.0135,-4.62,-13.8387,-99.62,0.0803980924,0.86,1.5,22.2594,-28.7651,4.5e-05,0,0,29.746,0.134242,WiFi6_5GHz
UE_002833,0.009,-2.04,-10.3894,-97.04,0.0791852452,0.0,1.5,18.7239,27.8701,3e-05,0,0,34.1019,0.41582,WiFi6_5GHz
UE_002834,0.0035,39.43,28.2962,-55.57,7.9e-09,28.23,1.5,0.001,-7.8064,1.2e-05,0,0,83.8394,11.510931,WiFi6_5GHz
UE_002835,0.0012,-1.53,-6.7377,-96.53,0.1083176878,12.17,1.5,16.1377,16.2674,4e-06,0,0,33.3224,0.100422,WiFi6_5GHz
UE_002836,0.0066,42.82,31.8789,-52.18,8.4e-09,25.41,1.5,0.243,18.5865,2.2e-05,0,0,79.4396,11.794028,WiFi6_5GHz
UE_002837,0.0047,6.74,-3.777,-88.26,0.0429539058,12.16,1.5,34.1406,-13.8702,1.6e-05,0,0,31.7183,1.109993,WiFi6_5GHz
UE_002838,0.0075,-2.97,-8.7144,-97.97,0.1258924292,0.0,1.6167,17.6124,9.5219,2.5e-05,0,0,31.7036,0.157701,WiFi6_5GHz
UE_002839,0.0014,42.22,32.4817,-52.78,5.2e-09,0.0,1.5,0.3887,-19.0243,5e-06,0,0,75.541,11.744526,WiFi6_5GHz
UE_002840,0.0152,-4.25,-15.3338,-99.25,0.1145670072,10.63,1.5,32.9158,31.67,5.1e-05,0,0,22.7244,0.586661,WiFi6_5GHz
UE_002841,0.0123,2.61,-8.0198,-92.39,0.099496604,7.91,1.5,36.6002,28.6168,4.1e-05,0,0,24.8896,0.506988,WiFi6_5GHz
UE_002842,0.0093,17.8,7.453,-77.2,0.0008179633,4.37,1.5,0.829,-25.0463,3.1e-05,0,0,54.1309,3.568253,WiFi6_5GHz
UE_002843,0.0165,5.79,-4.894,-89.21,0.024359711,8.04,1.5,19.2417,-5.7821,5.5e-05,0,0,33.0773,1.292812,WiFi6_5GHz
UE_002844,0.0092,-15.4,-22.0379,-110.4,0.1004103033,0.0,1.5,36.9232,25.8887,3.1e-05,0,0,19.3761,0.597576,WiFi6_5GHz
UE_002845,0.0109,-7.97,-20.3298,-102.97,0.0770046597,1.4,1.5,19.8416,29.3676,3.6e-05,0,0,31.668,0.1,WiFi6_5GHz
UE_002846,0.003,60.0,47.5969,-35.0,1.2e-09,21.62,1.5,0.1013,3.4124,1e-05,0,0,78.3638,11.507955,WiFi6_5GHz
UE_002847,0.009,7.47,-1.7272,-87.53,0.0267336091,15.75,1.5,17.1341,-17.4179,3e-05,0,0,39.2043,1.067592,WiFi6_5GHz
UE_002848,0.0036,-8.02,-14.8347,-103.02,0.1020502619,3.46,1.5,22.0758,10.3804,1.2e-05,0,0,27.1974,0.214418,WiFi6_5GHz
UE_002849,0.0154,-14.4,-21.0683,-109.4,0.1282158372,20.94,1.5,23.7406,-18.1905,5.1e-05,0,0,33.6478,0.455287,WiFi6_5GHz
UE_002850,0.0084,3.23,-8.0294,-91.77,0.1149400061,0.0,1.5,17.3235,-11.3481,2.8e-05,0,0,34.731,0.760345,WiFi6_5GHz
UE_002851,0.0041,7.75,-0.7454,-87.25,0.0188600925,0.16,1.5,33.8869,16.8153,1.4e-05,0,0,24.3889,1.232757,WiFi6_5GHz
UE_002852,0.0011,-16.96,-22.0507,-111.96,0.0876439541,46.05,1.5,21.7862,2.5546,4e-06,0,0,35.1447,0.295548,WiFi6_5GHz
UE_002853,0.0086,-0.31,-7.5485,-95.31,0.1036563408,3.57,1.5,33.3018,-25.4009,2.9e-05,0,0,21.8163,0.1,WiFi6_5GHz
UE_002854,0.0142,42.93,33.0874,-52.07,8.5e-09,5.22,1.5,0.1165,6.6572,4.7e-05,0,0,80.9968,11.402849,WiFi6_5GHz
UE_002855,0.0114,-9.29,-17.3616,-104.29,0.077617617,1.44,1.5,13.4512,12.1056,3.8e-05,0,0,34.5457,0.186464,WiFi6_5GHz
UE_002856,0.0096,54.98,45.5015,-40.02,9.6e-09,0.0,1.5,0.0036,-8.3845,3.2e-05,0,0,78.3711,11.688815,WiFi6_5GHz
UE_002857,0.0097,40.09,33.6252,-54.91,2.8e-09,0.14,1.5,0.2071,31.67,3.2e-05,0,0,77.6976,11.757917,WiFi6_5GHz
UE_002858,0.0163,6.43,1.1055,-88.57,0.019441145,22.58,1.5,18.8642,-9.2205,5.4e-05,0,0,39.2757,1.304629,WiFi6_5GHz
UE_002859,0.004,63.44,50.5371,-31.56,4.3e-09,30.4,1.5,0.0449,-23.9933,1.3e-05,0,0,86.9662,11.621705,WiFi6_5GHz
UE_002860,0.0086,51.61,42.817,-43.39,4.7e-09,31.95,1.5,0.4777,-2.4832,2.9e-05,0,0,83.2572,11.487832,WiFi6_5GHz
UE_002861,0.0076,9.38,1.6678,-85.62,0.0239783166,24.53,1.5,17.3554,6.5749,2.5e-05,0,0,43.8274,1.281583,WiFi6_5GHz
UE_002862,0.0143,10.81,2.9748,-84.19,0.0454965124,2.78,1.5,5.3942,6.478,4.8e-05,0,0,48.6002,1.593815,WiFi6_5GHz
UE_002863,0.0017,6.07,-1.4906,-88.93,0.0473262779,0.04,1.5,32.0373,11.4296,6e-06,0,0,30.7438,1.006486,WiFi6_5GHz
UE_002864,0.003,-3.44,-12.0938,-98.44,0.1296175696,7.2,1.5,16.4333,-24.0608,1e-05,0,0,32.9857,0.1,WiFi6_5GHz
UE_002865,0.0082,-0.76,-9.7693,-95.76,0.0976487275,30.12,1.5,8.525,21.1231,2.7e-05,0,0,41.3834,0.398457,WiFi6_5GHz
UE_002866,0.0145,24.46,15.0475,-70.54,0.0003683933,5.6,1.5,0.7471,6.8209,4.8e-05,0,0,63.6878,5.108782,WiFi6_5GHz
UE_002867,0.003,47.53,40.1813,-47.47,4.9e-09,8.93,1.5,0.2271,-29.8638,1e-05,0,0,80.0133,11.710273,WiFi6_5GHz
UE_002868,0.0141,7.24,-2.694,-87.76,0.0455691307,0.74,1.5832,31.9995,1.1299,4.7e-05,0,0,31.3197,1.22918,WiFi6_5GHz
UE_002869,0.0015,2.47,-10.3583,-92.53,0.1447111023,0.0,1.5,37.2797,-15.0789,5e-06,0,0,19.1525,0.897172,WiFi6_5GHz
UE_002870,0.0052,1.1,-2.0544,-93.9,0.1359788263,16.26,1.5,36.9537,-10.1776,1.7e-05,0,0,21.9381,0.1,WiFi6_5GHz
UE_002871,0.013,0.25,-11.2236,-94.75,0.1109809528,7.95,1.5,27.3546,16.4387,4.3e-05,0,0,25.925,0.572602,WiFi6_5GHz
UE_002872,0.0052,44.85,36.2313,-50.15,5.9e-09,4.17,1.5,0.4143,-31.1851,1.7e-05,0,0,80.2485,11.808268,WiFi6_5GHz
UE_002873,0.0023,38.13,29.7678,-56.87,9.7e-09,1.2,1.5,0.1923,13.1969,8e-06,0,0,77.9364,11.404419,WiFi6_5GHz
UE_002874,0.0091,24.33,16.7601,-70.67,0.0003656673,0.0,1.5,1.0529,-6.8122,3e-05,0,0,61.5109,5.087731,WiFi6_5GHz
UE_002875,0.0037,19.49,12.812,-75.51,0.0002567509,0.0,1.5,1.8789,-23.3712,1.2e-05,0,0,62.3379,4.964278,WiFi6_5GHz
UE_002876,0.0033,7.1,1.8481,-87.9,0.0418331921,0.77,1.5,22.8036,8.0662,1.1e-05,0,0,34.9209,1.007864,WiFi6_5GHz
UE_002877,0.0016,18.81,7.4308,-76.19,2.03703e-05,2.94,1.5,0.8573,-16.1618,5e-06,0,0,60.9107,3.690015,WiFi6_5GHz
UE_002878,0.0032,25.02,17.5684,-69.98,4.5174e-06,4.48,1.5,0.4478,2.8481,1.1e-05,0,0,64.316,7.117053,WiFi6_5GHz
UE_002879,0.016,-1.29,-7.9822,-96.29,0.0648121942,2.56,1.5,20.2747,-25.5825,5.3e-05,0,0,27.5827,0.237496,WiFi6_5GHz
UE_002880,0.015,9.96,-0.9623,-85.04,0.0115540487,0.0,1.5,19.239,12.3805,5e-05,0,0,40.2155,1.579564,WiFi6_5GHz
UE_002881,0.0036,2.79,-2.2101,-92.21,0.1179375892,4.43,1.5,10.9578,-13.7463,1.2e-05,0,0,39.4996,0.7185,WiFi6_5GHz
UE_002882,0.007,47.03,39.2165,-47.97,8e-09,24.83,1.5,0.1213,-8.8151,2.3e-05,0,0,82.4001,11.86486,WiFi6_5GHz
UE_002883,0.0084,-2.65,-14.755,-97.65,0.0561403231,46.44,1.9797,32.098,29.1739,2.8e-05,0,0,30.0819,0.27826,WiFi6_5GHz
UE_002884,0.0024,31.75,21.0017,-63.25,8.9158e-06,24.6,1.5,0.4079,-5.7603,8e-06,0,0,72.0474,7.829965,WiFi6_5GHz
UE_002885,0.0032,37.67,25.535,-57.33,2.7e-09,3.25,1.5,0.4791,-16.8192,1.1e-05,0,0,76.2037,11.72008,WiFi6_5GHz
UE_002886,0.0135,44.53,37.3006,-50.47,8.2e-09,0.0,1.5,0.251,-23.2038,4.5e-05,0,0,79.509,11.761509,WiFi6_5GHz
UE_002887,0.0022,-6.13,-15.802,-101.13,0.1297419381,0.08,1.5,32.6301,-15.1903,7e-06,0,0,22.392,0.401311,WiFi6_5GHz
UE_002888,0.0093,-18.9,-29.5504,-113.9,0.072344318,11.14,1.5,14.204,13.0598,3.1e-05,0,0,39.3617,0.531653,WiFi6_5GHz
UE_002889,0.0022,-6.25,-11.8357,-101.25,0.1297287056,15.58,1.5481,22.5359,8.7546,7e-06,0,0,33.3295,0.519116,WiFi6_5GHz
UE_002890,0.0129,-4.78,-12.4102,-99.78,0.0776275302,14.38,1.5,10.3259,-7.9148,4.3e-05,0,0,41.1565,0.574722,WiFi6_5GHz
UE_002891,0.0159,63.22,52.9898,-31.78,9.2e-09,4.89,1.5,0.1588,0.5738,5.3e-05,0,0,78.5713,11.631864,WiFi6_5GHz
UE_002892,0.0056,-4.98,-15.7147,-99.98,0.132575862,2.24,1.5,19.5355,-12.8279,1.9e-05,0,0,31.3834,0.238311,WiFi6_5GHz
UE_002893,0.002,29.8,22.6746,-65.2,4.5853e-06,0.37,1.5,0.2279,-21.7368,7e-06,0,0,68.3184,7.784119,WiFi6_5GHz
UE_002894,0.0066,38.43,33.4251,-56.57,2.3e-09,18.72,1.5,0.3993,17.8638,2.2e-05,0,0,76.7614,11.601089,WiFi6_5GHz
UE_002895,0.0022,20.72,13.8032,-74.28,0.0006901501,37.64,1.5646,0.9538,-31.67,7e-06,0,0,68.6645,4.401433,WiFi6_5GHz
UE_002896,0.0049,56.93,46.6384,-38.07,1.5e-09,3.87,1.543,0.3648,24.1233,1.6e-05,0,0,78.103,11.52589,WiFi6_5GHz
UE_002897,0.0102,-1.53,-11.991,-96.53,0.0601665467,1.83,1.5,11.179,-8.9148,3.4e-05,0,0,38.3796,0.1,WiFi6_5GHz
UE_002898,0.0121,22.23,12.0421,-72.77,8.83849e-05,0.0,1.5,0.6906,24.2496,4e-05,0,0,63.4704,5.295821,WiFi6_5GHz
UE_002899,0.0036,19.63,7.6861,-75.37,0.0004446507,0.0,1.5,0.8891,-14.6668,1.2e-05,0,0,63.0148,5.027689,WiFi6_5GHz
UE_002900,0.0046,-10.9,-17.2374,-105.9,0.0597270273,17.18,1.5,30.1976,31.67,1.5e-05,0,0,26.6783,0.1,WiFi6_5GHz
UE_002901,0.0073,-10.76,-21.4793,-105.76,0.0800585523,16.52,1.705,25.1185,15.1964,2.4e-05,0,0,29.2055,0.157138,WiFi6_5GHz
UE_002902,0.0119,11.54,4.1003,-83.46,0.0120240631,17.67,1.5,2.6062,-24.8719,4e-05,0,0,53.4291,2.276678,WiFi6_5GHz
UE_002903,0.0149,19.25,10.1189,-75.75,0.0006444065,22.04,1.5,1.4539,6.5756,5e-05,0,0,64.4507,4.733796,WiFi6_5GHz
UE_002904,0.005,3.14,-3.8761,-91.86,0.0944597272,0.0,1.5,32.4189,8.2548,1.7e-05,0,0,25.9081,0.734926,WiFi6_5GHz
UE_002905,0.0086,49.37,41.7077,-45.63,0.0,0.02,1.5,0.4826,2.2355,2.9e-05,0,0,75.9409,11.756061,WiFi6_5GHz
UE_002906,0.0029,33.45,20.2252,-61.55,1.5166e-06,24.1,1.5,0.2987,20.1547,1e-05,0,0,78.6162,10.298872,WiFi6_5GHz
UE_002907,0.0169,32.48,27.487,-62.52,4.1348e-06,33.49,1.5,0.2919,-4.592,5.6e-05,0,0,79.2714,10.709139,WiFi6_5GHz
UE_002908,0.0155,-7.15,-14.4532,-102.15,0.0804556783,18.23,1.5,21.9853,-22.9558,5.2e-05,0,0,28.7508,0.117501,WiFi6_5GHz
UE_002909,0.0146,23.13,16.6517,-71.87,0.0006609555,25.12,1.7083,1.0548,31.67,4.9e-05,0,0,68.2641,5.40773,WiFi6_5GHz
UE_002910,0.0153,35.37,24.7995,-59.63,4e-10,0.71,1.5,0.4818,5.0063,5.1e-05,0,0,70.1607,11.765171,WiFi6_5GHz
UE_002911,0.0167,35.2,22.3743,-59.8,8.2e-09,1.48,1.5,0.0551,-29.4419,5.6e-05,0,0,76.5767,11.660245,WiFi6_5GHz
UE_002912,0.0109,21.61,10.6701,-73.39,0.0005638486,25.48,1.5,1.3861,-3.0117,3.6e-05,0,0,63.3874,4.980493,WiFi6_5GHz
UE_002913,0.0033,20.52,12.1245,-74.48,0.0007598168,17.55,1.5,0.8976,-14.7211,1.1e-05,0,0,63.0528,4.524384,WiFi6_5GHz
UE_002914,0.0147,5.76,-4.1816,-89.24,0.0263277293,12.01,1.5,17.3804,-5.5285,4.9e-05,0,0,38.7693,1.101747,WiFi6_5GHz
UE_002915,0.0017,-5.53,-14.8824,-100.53,0.073968139,22.15,1.5,38.9293,11.074,6e-06,0,0,21.2542,0.328658,WiFi6_5GHz
UE_002916,0.0065,43.17,36.7976,-51.83,2.8e-09,1.0,1.5,0.0212,13.1042,2.2e-05,0,0,79.6107,11.453034,WiFi6_5GHz
UE_002917,0.0161,54.53,47.2535,-40.47,8e-10,0.43,1.5,0.2428,15.4223,5.4e-05,0,0,76.8553,12.031021,WiFi6_5GHz
UE_002918,0.0167,0.87,-8.029,-94.13,0.0681134614,17.15,1.5,20.294,-3.362,5.6e-05,0,0,34.4011,0.13467,WiFi6_5GHz
UE_002919,0.0154,35.0,27.5186,-60.0,5.8e-09,18.71,1.5,0.3468,31.67,5.1e-05,0,0,76.2019,11.584653,WiFi6_5GHz
UE_002920,0.0136,41.95,37.6085,-53.05,1.3e-09,5.71,1.5,0.0594,-0.3572,4.5e-05,0,0,75.4184,11.480221,WiFi6_5GHz
UE_002921,0.011,20.68,15.8376,-74.32,0.0005105554,4.92,1.5,1.3224,2.4863,3.7e-05,0,0,60.8633,4.428891,WiFi6_5GHz
UE_002922,0.007,11.72,3.6838,-83.28,0.0172771251,0.0,1.5,3.8797,20.0603,2.3e-05,0,0,48.1172,2.316029,WiFi6_5GHz
UE_002923,0.0094,-5.56,-17.0098,-100.56,0.0867498463,0.0,1.6902,34.9244,12.3908,3.1e-05,0,0,21.0611,0.426379,WiFi6_5GHz
UE_002924,0.0124,14.21,2.7152,-80.79,0.0239366853,15.82,1.5,4.4232,8.4593,4.1e-05,0,0,60.209,2.193899,WiFi6_5GHz
UE_002925,0.008,1.0,-6.6937,-94.0,0.1444762192,7.51,1.5,33.7328,31.3654,2.7e-05,0,0,19.0146,0.36374,WiFi6_5GHz
UE_002926,0.002,16.43,5.0893,-78.57,0.0008593102,20.64,1.5,1.0173,10.9517,7e-06,0,0,62.0589,3.45023,WiFi6_5GHz
UE_002927,0.0014,55.48,49.02,-39.52,1.7e-09,14.37,1.5,0.3691,-6.9125,5e-06,0,0,79.1223,11.721259,WiFi6_5GHz
UE_002928,0.0114,41.2,33.0368,-53.8,7e-10,0.0,1.5,0.1107,23.5275,3.8e-05,0,0,75.9502,11.456703,WiFi6_5GHz
UE_002929,0.0012,15.43,7.979,-79.57,0.0003563638,0.02,1.5,0.5025,1.1207,4e-06,0,0,57.3419,3.278774,WiFi6_5GHz
UE_002930,0.0017,1.49,-5.2293,-93.51,0.123948954,25.3,1.5,33.9714,6.7021,6e-06,0,0,27.9933,0.168842,WiFi6_5GHz
UE_002931,0.0065,7.58,0.9558,-87.42,0.0453256553,8.39,1.5,10.098,-8.8682,2.2e-05,0,0,45.0223,1.003851,WiFi6_5GHz
UE_002932,0.0113,-5.12,-12.6656,-100.12,0.1062789427,23.5,1.7202,33.2376,-14.7763,3.8e-05,0,0,28.8891,0.252248,WiFi6_5GHz
UE_002933,0.0045,-2.33,-13.5979,-97.33,0.1018138939,5.54,1.5,30.3928,-12.3518,1.5e-05,0,0,25.9156,0.409922,WiFi6_5GHz
UE_002934,0.0025,58.18,49.1673,-36.82,3.7e-09,3.3,1.5,0.1596,-14.4027,8e-06,0,0,76.8929,11.732231,WiFi6_5GHz
UE_002935,0.0077,-6.73,-17.7751,-101.73,0.06820316,0.0,1.5,37.7682,-9.182,2.6e-05,0,0,23.071,0.344922,WiFi6_5GHz
UE_002936,0.0055,14.84,5.9037,-80.16,0.0042720245,2.06,1.5,2.0478,-1.009,1.8e-05,0,0,51.2582,2.229805,WiFi6_5GHz
UE_002937,0.0097,26.99,16.1682,-68.01,9.833e-07,11.85,1.5,0.2143,-17.6129,3.2e-05,0,0,70.1081,6.96991,WiFi6_5GHz
UE_002938,0.0083,13.46,8.3921,-81.54,0.0131231539,6.08,1.5,4.9554,1.9148,2.8e-05,0,0,54.83,2.422034,WiFi6_5GHz
UE_002939,0.0031,-7.79,-15.375,-102.79,0.096609267,9.02,1.5,30.768,12.154,1e-05,0,0,22.8214,0.198469,WiFi6_5GHz
UE_002940,0.0121,28.71,20.0602,-66.29,5.0767e-06,0.0,1.5,0.4265,11.9766,4e-05,0,0,66.7893,7.740295,WiFi6_5GHz
UE_002941,0.0111,2.52,-3.4041,-92.48,0.0905169031,1.57,1.5,35.5381,-24.584,3.7e-05,0,0,22.9655,0.472334,WiFi6_5GHz
UE_002942,0.0016,-1.77,-9.3335,-96.77,0.0621416926,1.82,1.5,20.2235,24.5243,5e-06,0,0,33.497,0.69763,WiFi6_5GHz
UE_002943,0.0119,4.64,-2.6703,-90.36,0.0818509563,10.0,1.5,12.2812,4.0616,4e-05,0,0,40.2478,0.379854,WiFi6_5GHz
UE_002944,0.0146,-14.65,-26.6658,-109.65,0.0509802314,4.5,1.5,30.8149,19.5186,4.9e-05,0,0,26.5706,0.27782,WiFi6_5GHz
UE_002945,0.0059,-0.65,-8.2083,-95.65,0.0810039697,20.58,1.5268,31.0698,25.4933,2e-05,0,0,24.2457,0.349044,WiFi6_5GHz
UE_002946,0.0021,23.15,13.4673,-71.85,0.0005153035,0.0,1.5,1.4918,-16.0882,7e-06,0,0,60.2509,5.154755,WiFi6_5GHz
UE_002947,0.012,3.29,-2.3518,-91.71,0.1455043934,0.55,1.5,11.2658,1.0936,4e-05,0,0,41.3082,0.713569,WiFi6_5GHz
UE_002948,0.0054,25.0,17.8774,-70.0,1.858e-06,35.74,1.5,0.1744,-28.7067,1.8e-05,0,0,69.2695,7.447868,WiFi6_5GHz
UE_002949,0.0131,55.54,48.9702,-39.46,7e-09,18.48,1.5,0.3034,11.8016,4.4e-05,0,0,77.9249,11.846164,WiFi6_5GHz
UE_002950,0.0053,4.41,-0.949,-90.59,0.1046379213,10.01,1.5,14.7951,-8.1605,1.8e-05,0,0,39.6461,0.380522,WiFi6_5GHz
UE_002951,0.0065,30.89,22.0933,-64.11,3.3789e-06,24.85,1.5,0.349,30.4092,2.2e-05,0,0,73.8875,7.977123,WiFi6_5GHz
UE_002952,0.0061,20.76,10.1038,-74.24,0.0009503387,1.61,1.5,1.6362,-27.499,2e-05,0,0,62.7313,4.652498,WiFi6_5GHz
UE_002953,0.0141,58.87,51.351,-36.13,1.6e-09,0.8,1.5,0.2865,-27.944,4.7e-05,0,0,79.5817,11.815419,WiFi6_5GHz
UE_002954,0.0147,-9.91,-17.2315,-104.91,0.0967142186,11.8,1.5587,27.7337,-16.9386,4.9e-05,0,0,27.0691,0.617097,WiFi6_5GHz
UE_002955,0.0124,30.93,22.3431,-64.07,8.4043e-06,20.58,1.5517,0.1535,23.7269,4.1e-05,0,0,72.8225,7.935385,WiFi6_5GHz
UE_002956,0.0013,14.14,7.8967,-80.86,0.0379782142,31.7,1.5,5.2212,6.3525,4e-06,0,0,58.8904,2.461405,WiFi6_5GHz
UE_002957,0.0129,-7.22,-14.7493,-102.22,0.1445310677,15.76,1.5,31.2477,-26.3381,4.3e-05,0,0,25.1764,0.392152,WiFi6_5GHz
UE_002958,0.0088,5.59,-0.6267,-89.41,0.0153292012,0.05,1.5,18.8763,7.3233,2.9e-05,0,0,34.4616,0.852995,WiFi6_5GHz
UE_002959,0.0167,-22.83,-29.4354,-117.83,0.1170893762,0.04,1.5,23.6462,-24.1014,5.6e-05,0,0,30.9095,0.535955,WiFi6_5GHz
UE_002960,0.013,7.15,-5.3254,-87.85,0.0114640031,20.32,1.5957,29.3098,-13.9513,4.3e-05,0,0,35.0272,1.034524,WiFi6_5GHz
UE_002961,0.0061,9.13,-1.6573,-85.87,0.0195530415,19.22,1.6632,17.7704,-21.2536,2e-05,0,0,45.1277,1.430212,WiFi6_5GHz
UE_002962,0.0147,59.25,55.6741,-35.75,2e-10,18.39,1.5,0.3497,22.956,4.9e-05,0,0,77.6327,11.896241,WiFi6_5GHz
UE_002963,0.0024,-4.96,-9.4077,-99.96,0.1372065721,11.74,1.5346,21.7917,-18.3364,8e-06,0,0,30.1888,0.222836,WiFi6_5GHz
UE_002964,0.0046,-5.88,-14.3898,-100.88,0.0794576129,0.34,1.5,9.9236,17.7992,1.5e-05,0,0,40.6281,0.572161,WiFi6_5GHz
UE_002965,0.0101,1.67,-3.0587,-93.33,0.0705249054,0.0,1.5,30.7374,-10.0869,3.4e-05,0,0,24.6371,0.1,WiFi6_5GHz
UE_002966,0.0116,-0.88,-7.2044,-95.88,0.0658385116,8.33,1.5,19.8254,-25.9225,3.9e-05,0,0,32.6692,0.520977,WiFi6_5GHz
UE_002967,0.008,55.09,50.8803,-39.91,7.4e-09,9.18,1.5,0.385,-31.1034,2.7e-05,0,0,79.4757,11.516595,WiFi6_5GHz
UE_002968,0.0105,36.12,24.1627,-58.88,9.9e-09,16.07,1.5,0.1274,7.1223,3.5e-05,0,0,76.4002,11.854611,WiFi6_5GHz
UE_002969,0.0116,12.37,3.7146,-82.63,0.005236844,5.34,1.5,4.1912,16.218,3.9e-05,0,0,50.8373,2.137381,WiFi6_5GHz
UE_002970,0.0087,9.82,2.076,-85.18,0.0442996559,1.72,1.5,22.0297,9.5499,2.9e-05,0,0,36.1006,1.972731,WiFi6_5GHz
UE_002971,0.0154,39.22,31.5355,-55.78,4.7e-09,0.26,1.5,0.0366,-16.522,5.1e-05,0,0,79.1189,11.849234,WiFi6_5GHz
UE_002972,0.0049,-3.12,-7.6551,-98.12,0.0591641186,8.91,1.5,17.9122,25.94,1.6e-05,0,0,32.8273,0.265281,WiFi6_5GHz
UE_002973,0.0056,20.77,10.1063,-74.23,0.000758278,13.61,1.5,0.8777,3.6974,1.9e-05,0,0,63.9462,4.617518,WiFi6_5GHz
UE_002974,0.0086,8.78,1.848,-86.22,0.0228249934,13.41,1.5,38.7037,-11.5258,2.9e-05,0,0,29.4228,1.797909,WiFi6_5GHz
UE_002975,0.0106,-6.14,-15.3128,-101.14,0.124312532,18.66,1.5,31.7937,-9.8653,3.5e-05,0,0,25.4153,0.173846,WiFi6_5GHz
UE_002976,0.0101,-1.67,-9.6883,-96.67,0.1398347174,1.08,1.5,28.7976,-3.7265,3.4e-05,0,0,25.8541,0.130333,WiFi6_5GHz
UE_002977,0.0157,4.79,0.3108,-90.21,0.1493851082,0.0,1.5,19.7349,3.6746,5.2e-05,0,0,37.7626,0.883014,WiFi6_5GHz
UE_002978,0.0021,18.64,10.5496,-76.36,1.41042e-05,10.33,1.5,0.9858,-16.6362,7e-06,0,0,59.9086,3.506945,WiFi6_5GHz
UE_002979,0.0031,-4.0,-16.6352,-99.0,0.0768283604,22.23,1.5317,20.291,-8.7947,1e-05,0,0,30.5237,0.668305,WiFi6_5GHz
UE_002980,0.0108,15.17,7.9835,-79.83,0.0008271711,9.38,1.7367,0.5527,-19.6336,3.6e-05,0,0,59.1323,3.600214,WiFi6_5GHz
UE_002981,0.0137,34.19,28.0133,-60.81,2.3856e-06,20.19,1.5,0.1906,-25.6411,4.6e-05,0,0,76.895,10.443604,WiFi6_5GHz
UE_002982,0.0085,19.91,12.4704,-75.09,0.0009639641,0.5,1.5,1.7235,5.0849,2.8e-05,0,0,58.6415,4.842549,WiFi6_5GHz
UE_002983,0.0115,0.85,-6.5528,-94.15,0.050551857,0.0,1.5,35.7155,-2.6173,3.8e-05,0,0,21.828,0.1,WiFi6_5GHz
UE_002984,0.0165,-16.72,-26.5147,-111.72,0.1412351905,51.88,1.5057,25.2371,10.5715,5.5e-05,0,0,36.6838,0.440449,WiFi6_5GHz
UE_002985,0.0153,42.85,34.3097,-52.15,5e-10,5.29,1.5,0.446,21.4948,5.1e-05,0,0,77.2194,11.766226,WiFi6_5GHz
UE_002986,0.0107,41.57,31.7252,-53.43,6e-09,1.89,1.5,0.4947,-10.1034,3.6e-05,0,0,79.5783,11.946901,WiFi6_5GHz
UE_002987,0.0015,39.61,30.3359,-55.39,3.8e-09,20.49,1.6206,0.0227,-5.9102,5e-06,0,0,77.3145,11.590505,WiFi6_5GHz
UE_002988,0.0034,47.5,37.7929,-47.5,6.7e-09,0.0,1.5,0.2039,-7.0179,1.1e-05,0,0,76.8719,11.79919,WiFi6_5GHz
UE_002989,0.004,34.73,26.9233,-60.27,7.211e-07,0.0,1.5,0.0503,3.9576,1.3e-05,0,0,73.7057,10.470102,WiFi6_5GHz
UE_002990,0.0059,18.8,10.0698,-76.2,0.0008257107,13.88,1.5,1.1104,-17.4222,2e-05,0,0,62.911,3.810027,WiFi6_5GHz
UE_002991,0.0158,-8.53,-21.1963,-103.53,0.0951393063,6.58,1.5,15.145,-2.3272,5.3e-05,0,0,35.2284,0.367325,WiFi6_5GHz
UE_002992,0.005,11.65,2.6111,-83.35,0.0485664993,4.92,1.5,2.0568,-5.2549,1.7e-05,0,0,52.6564,2.04741,WiFi6_5GHz
UE_002993,0.0052,28.05,21.9054,-66.95,7.5715e-06,9.05,1.5,0.0397,-3.9908,1.7e-05,0,0,69.4408,7.68543,WiFi6_5GHz
UE_002994,0.0113,17.51,10.3232,-77.49,0.0003850865,1.41,1.5231,0.6021,-20.3368,3.8e-05,0,0,56.6344,4.07432,WiFi6_5GHz
UE_002995,0.0093,-3.09,-7.8123,-98.09,0.1305145493,2.59,1.5,22.8113,11.4637,3.1e-05,0,0,28.2249,0.166384,WiFi6_5GHz
UE_002996,0.007,-3.04,-15.9492,-98.04,0.1296556108,8.52,1.5,24.9006,-23.3544,2.3e-05,0,0,25.8112,0.1,WiFi6_5GHz
UE_002997,0.0128,39.09,33.2038,-55.91,4.7e-09,15.67,1.5,0.0647,4.6235,4.3e-05,0,0,79.9009,11.483561,WiFi6_5GHz
UE_002998,0.0078,-10.48,-14.7328,-105.48,0.0627609302,2.73,1.5,38.3135,-21.9102,2.6e-05,0,0,21.4385,0.204349,WiFi6_5GHz
UE_002999,0.0078,-13.29,-23.3428,-108.29,0.0605220638,19.16,1.5,34.2668,18.9346,2.6e-05,0,0,21.6741,0.354577,WiFi6_5GHz
UE_003000,0.0054,15.42,6.2711,-79.58,0.0009806186,0.98,1.5,0.9179,10.2734,1.8e-05,0,0,58.7803,3.326736,WiFi6_5GHz
UE_003001,0.0131,-6.36,-14.7639,-101.36,0.1186823464,0.2,1.5,25.6587,27.5199,4.4e-05,0,0,26.7782,0.142941,WiFi6_5GHz
UE_003002,0.0065,-4.45,-12.654,-99.45,0.0861661564,8.61,1.5,16.7644,-2.4421,2.2e-05,0,0,33.5813,0.344606,WiFi6_5GHz
UE_003003,0.0019,0.0,-7.9382,-95.0,0.1151128285,12.22,1.5,28.9319,-24.8001,6e-06,0,0,25.8017,0.1,WiFi6_5GHz
UE_003004,0.0101,-2.64,-9.4535,-97.64,0.054096264,21.64,1.5,15.6714,12.4302,3.4e-05,0,0,38.1389,0.321128,WiFi6_5GHz
UE_003005,0.0102,0.36,-4.2386,-94.64,0.0656837435,17.42,1.5,38.9835,12.9955,3.4e-05,0,0,21.9729,0.361594,WiFi6_5GHz
UE_003006,0.0012,-5.83,-10.2155,-100.83,0.1247065309,0.0,1.5,23.8485,23.3756,4e-06,0,0,28.6553,0.1,WiFi6_5GHz
UE_003007,0.0166,-4.54,-15.6356,-99.54,0.1481283034,0.0,1.5,15.0663,14.9498,5.5e-05,0,0,30.8945,0.311077,WiFi6_5GHz
UE_003008,0.015,23.98,12.8505,-71.02,0.0001058364,8.08,1.5,1.5706,22.8567,5e-05,0,0,66.0133,5.31839,WiFi6_5GHz
UE_003009,0.0027,4.23,-1.2017,-90.77,0.1232023335,31.62,1.5981,19.9478,5.815,9e-06,0,0,38.5714,0.781028,WiFi6_5GHz
UE_003010,0.0108,11.6,0.2511,-83.4,0.0334727273,6.25,1.5,3.8609,-20.8305,3.6e-05,0,0,55.8733,2.574648,WiFi6_5GHz
UE_003011,0.0088,-5.27,-13.0745,-100.27,0.1128135821,14.34,1.5,26.4825,7.19,2.9e-05,0,0,31.26,0.1,WiFi6_5GHz
UE_003012,0.0088,-7.03,-13.526,-102.03,0.1273053821,0.6,1.5,25.5233,12.1563,2.9e-05,0,0,26.5471,0.313679,WiFi6_5GHz
UE_003013,0.0075,44.5,37.0133,-50.5,8.2e-09,0.0,1.5,0.2325,13.8974,2.5e-05,0,0,75.7031,11.687999,WiFi6_5GHz
UE_003014,0.0155,66.75,57.1931,-28.25,8e-10,26.3,1.5,0.0796,-29.6573,5.2e-05,0,0,82.0844,11.538161,WiFi6_5GHz
UE_003015,0.0129,6.48,-1.5644,-88.52,0.0220917346,19.5,1.5127,31.3573,-12.5257,4.3e-05,0,0,31.8475,1.427015,WiFi6_5GHz
UE_003016,0.0154,5.69,-1.0764,-89.31,0.0125587728,13.29,1.5,10.4702,-11.743,5.1e-05,0,0,43.8654,1.364354,WiFi6_5GHz
UE_003017,0.0044,23.15,16.1726,-71.85,0.0006831351,4.8,1.5,0.6746,11.7527,1.5e-05,0,0,60.2526,5.195161,WiFi6_5GHz
UE_003018,0.005,16.21,9.3417,-78.79,0.0004519955,1.08,1.7747,1.7012,25.5665,1.7e-05,0,0,55.9422,3.706233,WiFi6_5GHz
UE_003019,0.0015,11.86,2.9682,-83.14,0.0256699432,0.68,1.5,5.3943,23.2021,5e-06,0,0,48.4774,2.585716,WiFi6_5GHz
UE_003020,0.0057,-1.59,-10.2191,-96.59,0.1385752525,21.1,1.5,18.4706,-20.8096,1.9e-05,0,0,34.6187,0.217015,WiFi6_5GHz
UE_003021,0.0136,55.64,49.8193,-39.36,4.2e-09,17.12,1.5511,0.0586,13.0585,4.5e-05,0,0,81.5689,12.047162,WiFi6_5GHz
UE_003022,0.0126,13.68,5.0361,-81.32,0.0061778047,15.36,1.5,2.1426,14.8125,4.2e-05,0,0,55.4051,2.471976,WiFi6_5GHz
UE_003023,0.0144,14.34,9.3303,-80.66,0.0467362088,13.3,1.5,4.74,-9.1907,4.8e-05,0,0,55.2636,2.418322,WiFi6_5GHz
UE_003024,0.0045,0.87,-7.5959,-94.13,0.1024721826,0.0,1.5,15.7179,31.67,1.5e-05,0,0,32.8928,0.256799,WiFi6_5GHz
UE_003025,0.0044,29.55,26.398,-65.45,4.2152e-06,0.04,1.5,0.3019,-12.1616,1.5e-05,0,0,68.498,7.947429,WiFi6_5GHz
UE_003026,0.0097,-12.44,-18.8669,-107.44,0.1359812723,20.6,1.5,31.9307,8.9008,3.2e-05,0,0,25.5175,0.500147,WiFi6_5GHz
UE_003027,0.0055,28.82,24.874,-66.18,3.8581e-06,15.0,1.5,0.4624,8.6211,1.8e-05,0,0,65.9314,7.290907,WiFi6_5GHz
UE_003028,0.0049,47.0,39.7655,-48.0,4.6e-09,4.73,1.5,0.249,10.9403,1.6e-05,0,0,79.2932,11.782575,WiFi6_5GHz
UE_003029,0.0047,-4.13,-12.2195,-99.13,0.1238076207,2.8,1.5,22.4185,30.5138,1.6e-05,0,0,26.7334,0.381516,WiFi6_5GHz
UE_003030,0.0106,22.45,17.9332,-72.55,0.000239598,1.28,1.5,0.5078,30.3894,3.5e-05,0,0,62.973,5.169154,WiFi6_5GHz
UE_003031,0.0153,4.55,0.2482,-90.45,0.1162086914,0.88,1.5,15.679,21.5309,5.1e-05,0,0,36.2256,0.301479,WiFi6_5GHz
UE_003032,0.0159,-8.15,-17.2479,-103.15,0.062024494,29.32,1.5834,28.8539,19.2767,5.3e-05,0,0,26.7625,0.476249,WiFi6_5GHz
UE_003033,0.0027,34.32,24.8714,-60.68,5.9726e-06,39.26,1.7753,0.4852,-24.8065,9e-06,0,0,78.1257,10.786536,WiFi6_5GHz
UE_003034,0.0167,-5.76,-13.4185,-100.76,0.0668883856,13.56,1.5,31.0063,29.1555,5.6e-05,0,0,23.6519,0.150208,WiFi6_5GHz
UE_003035,0.0077,56.36,49.8851,-38.64,3.2e-09,16.45,1.5,0.283,13.8744,2.6e-05,0,0,78.1376,11.827228,WiFi6_5GHz
UE_003036,0.0044,39.43,32.5299,-55.57,7e-09,0.08,1.5,0.1748,-27.7425,1.5e-05,0,0,78.0515,11.935847,WiFi6_5GHz
UE_003037,0.015,16.94,5.7139,-78.06,0.0001338347,0.0,1.5,1.883,-5.9478,5e-05,0,0,55.9379,3.323199,WiFi6_5GHz
UE_003038,0.0057,18.92,5.7386,-76.08,8.02901e-05,28.1,1.5,1.5649,1.6542,1.9e-05,0,0,63.6893,3.646663,WiFi6_5GHz
UE_003039,0.0164,11.49,1.6153,-83.51,0.035759617,16.23,1.5,4.4687,-22.1366,5.5e-05,0,0,54.0792,2.484376,WiFi6_5GHz
UE_003040,0.0139,34.05,23.5915,-60.95,6.6971e-06,20.83,1.5825,0.3883,-22.453,4.6e-05,0,0,74.1234,10.565419,WiFi6_5GHz
UE_003041,0.0024,-2.88,-12.3444,-97.88,0.1208408737,11.94,1.5,33.0384,-6.4034,8e-06,0,0,26.3947,0.290305,WiFi6_5GHz
UE_003042,0.0041,9.5,1.5972,-85.5,0.0104553681,0.05,1.5,10.0467,26.0443,1.4e-05,0,0,45.3704,1.942698,WiFi6_5GHz
UE_003043,0.0159,74.52,63.1073,-20.48,4.1e-09,0.0,1.5,0.4336,14.2396,5.3e-05,0,0,77.3363,11.811206,WiFi6_5GHz
UE_003044,0.0023,-5.37,-11.5219,-100.37,0.1054828196,29.43,1.5,26.4607,30.0737,8e-06,0,0,32.7502,0.18653,WiFi6_5GHz
UE_003045,0.0138,45.05,31.8113,-49.95,4.1e-09,11.72,1.5789,0.0232,20.6585,4.6e-05,0,0,80.7031,12.151904,WiFi6_5GHz
UE_003046,0.0167,43.92,32.1975,-51.08,2.3e-09,26.12,1.5,0.4182,-10.9877,5.6e-05,0,0,84.6866,11.57169,WiFi6_5GHz
UE_003047,0.0108,-3.23,-15.0094,-98.23,0.0855090391,8.96,1.5,15.7424,-14.9066,3.6e-05,0,0,36.4265,0.309733,WiFi6_5GHz
UE_003048,0.014,18.01,10.1428,-76.99,0.0003209936,1.47,1.5,0.8998,-26.3073,4.7e-05,0,0,57.7188,3.336073,WiFi6_5GHz
UE_003049,0.0119,17.97,8.7208,-77.03,0.0005135228,1.74,1.5,1.4718,-25.5754,4e-05,0,0,55.9746,3.28382,WiFi6_5GHz
UE_003050,0.0055,3.26,-1.8976,-91.74,0.0837262186,3.67,1.7518,37.9423,-8.2638,1.8e-05,0,0,23.2021,0.534868,WiFi6_5GHz
UE_003051,0.0078,14.74,7.3042,-80.26,0.044490736,12.74,1.5,7.2472,-29.5772,2.6e-05,0,0,52.8563,2.120955,WiFi6_5GHz
UE_003052,0.0067,28.42,23.6605,-66.58,4.678e-07,22.23,1.5,0.1756,-6.6866,2.2e-05,0,0,71.6741,8.065893,WiFi6_5GHz
UE_003053,0.0142,36.67,29.018,-58.33,8.7e-09,12.85,1.8197,0.0721,21.9297,4.7e-05,0,0,74.3401,11.548641,WiFi6_5GHz
UE_003054,0.0126,-5.6,-12.6051,-100.6,0.1270450476,1.55,1.5,9.8218,7.802,4.2e-05,0,0,39.1324,0.24128,WiFi6_5GHz
UE_003055,0.0167,-4.34,-12.514,-99.34,0.1423686386,0.12,1.5,37.6684,11.1732,5.6e-05,0,0,23.7403,0.1,WiFi6_5GHz
UE_003056,0.0093,-6.19,-12.0605,-101.19,0.1494143485,6.65,1.5,38.9815,12.7584,3.1e-05,0,0,20.1303,0.1,WiFi6_5GHz
UE_003057,0.0091,8.07,-1.9662,-86.93,0.0235147956,10.19,1.5,22.8709,1.496,3e-05,0,0,39.2983,1.71577,WiFi6_5GHz
UE_003058,0.0058,0.56,-10.6676,-94.44,0.0702771015,4.51,1.5,28.0244,-4.2806,1.9e-05,0,0,24.5693,0.373579,WiFi6_5GHz
UE_003059,0.0052,11.39,1.0548,-83.61,0.0220261011,2.87,1.5,5.8263,31.67,1.7e-05,0,0,45.1606,2.470794,WiFi6_5GHz
UE_003060,0.0045,34.44,22.8237,-60.56,1.8808e-06,1.34,1.5,0.1251,-5.3091,1.5e-05,0,0,71.2208,10.651579,WiFi6_5GHz
UE_003061,0.0036,31.35,24.1344,-63.65,3.2445e-06,1.81,1.5,0.2985,-7.0212,1.2e-05,0,0,70.9465,8.004131,WiFi6_5GHz
UE_003062,0.0025,56.21,43.451,-38.79,6.7e-09,29.17,1.5,0.0046,-20.5909,8e-06,0,0,79.8315,11.909862,WiFi6_5GHz
UE_003063,0.0057,16.86,6.8663,-78.14,0.0004810287,29.99,1.5,1.0789,25.7911,1.9e-05,0,0,62.1611,3.589747,WiFi6_5GHz
UE_003064,0.013,12.32,1.3195,-82.68,0.0489576849,29.8,1.5,2.3556,-14.2191,4.3e-05,0,0,58.7124,2.505894,WiFi6_5GHz
UE_003065,0.0085,-10.96,-15.9387,-105.96,0.1026557763,24.28,1.5,36.4233,-16.0215,2.8e-05,0,0,18.1513,0.171661,WiFi6_5GHz
UE_003066,0.0013,70.08,64.4033,-24.92,9e-09,0.0,1.5,0.0805,31.67,4e-06,0,0,81.303,11.462176,WiFi6_5GHz
UE_003067,0.0019,17.54,12.3455,-77.46,0.0002929115,0.05,1.5,0.7641,28.8241,6e-06,0,0,57.4498,3.26671,WiFi6_5GHz
UE_003068,0.0162,1.82,-2.9783,-93.18,0.149057124,1.32,1.5,29.1059,-20.0639,5.4e-05,0,0,25.2024,0.583671,WiFi6_5GHz
UE_003069,0.0114,2.79,-8.7164,-92.21,0.1040944453,13.08,1.5,19.8995,15.937,3.8e-05,0,0,35.5662,0.526214,WiFi6_5GHz
UE_003070,0.0113,28.56,18.6669,-66.44,5.45e-06,13.57,1.5,0.2211,29.1995,3.8e-05,0,0,69.1812,7.53295,WiFi6_5GHz
UE_003071,0.0114,4.12,-1.5421,-90.88,0.134073318,15.77,1.5,16.889,13.937,3.8e-05,0,0,36.4615,0.430284,WiFi6_5GHz
UE_003072,0.0153,12.32,2.6407,-82.68,0.0313089423,0.0,1.5,2.854,13.1389,5.1e-05,0,0,49.5281,2.230209,WiFi6_5GHz
UE_003073,0.0053,2.04,-2.9382,-92.96,0.1055955416,0.0,1.6461,33.3045,-4.4618,1.8e-05,0,0,24.6179,0.297928,WiFi6_5GHz
UE_003074,0.0042,39.81,30.1453,-55.19,5e-09,26.3,1.5,0.301,-29.9795,1.4e-05,0,0,83.0926,11.452711,WiFi6_5GHz
UE_003075,0.008,21.4,16.8484,-73.6,0.0006880781,28.78,1.999,0.9223,-11.3556,2.7e-05,0,0,63.6203,5.125635,WiFi6_5GHz
UE_003076,0.0129,-9.08,-16.8417,-104.08,0.0945571328,24.84,1.9113,35.0383,31.2542,4.3e-05,0,0,23.3771,0.106659,WiFi6_5GHz
UE_003077,0.0055,33.18,28.9113,-61.82,7.6204e-06,9.61,1.5,0.4737,-1.1793,1.8e-05,0,0,71.1864,10.714679,WiFi6_5GHz
UE_003078,0.0098,10.06,1.7681,-84.94,0.0188277821,0.0,1.5,6.5632,-17.9447,3.3e-05,0,0,48.2841,1.524181,WiFi6_5GHz
UE_003079,0.0077,16.1,7.434,-78.9,0.0003539752,0.0,1.5,1.0111,28.0734,2.6e-05,0,0,56.5782,3.646161,WiFi6_5GHz
UE_003080,0.012,11.2,1.4988,-83.8,0.0419523205,8.56,1.5,4.5933,28.3021,4e-05,0,0,51.3469,1.979477,WiFi6_5GHz
UE_003081,0.0128,11.17,3.3916,-83.83,0.0130730077,22.42,1.5,2.6549,24.6778,4.3e-05,0,0,53.0772,2.366294,WiFi6_5GHz
UE_003082,0.0033,7.56,-1.1227,-87.44,0.013616084,18.39,1.5,18.5701,31.67,1.1e-05,0,0,39.373,1.338284,WiFi6_5GHz
UE_003083,0.0169,26.49,17.9444,-68.51,1.2782e-06,11.18,1.5,0.331,0.6198,5.6e-05,0,0,70.3184,7.003987,WiFi6_5GHz
UE_003084,0.0034,-1.56,-5.0839,-96.56,0.0848072494,0.71,1.7805,18.1866,-31.67,1.1e-05,0,0,32.5793,0.265091,WiFi6_5GHz
UE_003085,0.0063,33.5,24.7876,-61.5,9.6142e-06,1.63,1.5,0.2415,19.8751,2.1e-05,0,0,70.6366,10.533633,WiFi6_5GHz
UE_003086,0.0116,4.39,-1.6038,-90.61,0.0696622869,26.47,1.5,12.5229,-31.0845,3.9e-05,0,0,43.363,0.443208,WiFi6_5GHz
UE_003087,0.0157,-0.51,-11.2903,-95.51,0.143895816,17.4,1.5,38.0328,-24.1547,5.2e-05,0,0,21.4536,0.1,WiFi6_5GHz
UE_003088,0.0017,30.6,26.3291,-64.4,1.3022e-06,12.19,1.5,0.1084,20.1187,6e-06,0,0,73.0913,7.746757,WiFi6_5GHz
UE_003089,0.0168,18.57,8.5001,-76.43,0.0003911358,28.2,1.5,1.633,-24.08,5.6e-05,0,0,65.7377,3.45568,WiFi6_5GHz
UE_003090,0.0068,42.4,29.857,-52.6,1e-09,0.0,1.5,0.1685,29.7728,2.3e-05,0,0,78.7499,11.393832,WiFi6_5GHz
UE_003091,0.0059,51.93,42.0359,-43.07,4.7e-09,1.31,1.5,0.383,21.5244,2e-05,0,0,75.4969,11.739042,WiFi6_5GHz
UE_003092,0.013,0.23,-6.0392,-94.77,0.0813903243,19.62,1.5,25.7962,13.0734,4.3e-05,0,0,30.0131,0.398047,WiFi6_5GHz
UE_003093,0.0102,-20.56,-30.43,-115.56,0.052489394,7.46,1.5,27.229,-31.67,3.4e-05,0,0,28.069,0.1,WiFi6_5GHz
UE_003094,0.0163,16.29,9.8635,-78.71,0.0008101945,13.65,1.6643,1.5634,-0.8954,5.4e-05,0,0,59.9174,3.490784,WiFi6_5GHz
UE_003095,0.01,28.62,21.5075,-66.38,8.7457e-06,19.66,1.5,0.4488,-28.3862,3.3e-05,0,0,70.5258,7.92866,WiFi6_5GHz
UE_003096,0.0067,33.13,27.5435,-61.87,6.2031e-06,0.33,1.5,0.2582,3.1342,2.2e-05,0,0,72.1461,10.563165,WiFi6_5GHz
UE_003097,0.0132,55.97,52.9314,-39.03,2.8e-09,0.05,1.5,0.4304,31.67,4.4e-05,0,0,76.0633,11.46658,WiFi6_5GHz
UE_003098,0.0095,0.21,-11.5373,-94.79,0.0868250064,5.18,1.5,33.8747,19.4606,3.2e-05,0,0,21.7629,0.405807,WiFi6_5GHz
UE_003099,0.0061,21.82,14.9454,-73.18,0.0007312373,16.69,1.5,1.249,-31.67,2e-05,0,0,59.4198,5.200007,WiFi6_5GHz
UE_003100,0.0161,32.11,27.0131,-62.89,3.7518e-06,26.65,1.5,0.4524,-31.67,5.4e-05,0,0,73.4246,10.707367,WiFi6_5GHz
UE_003101,0.0057,12.96,8.7595,-82.04,0.0099813208,10.5,1.5,4.5244,-7.9216,1.9e-05,0,0,53.7628,1.887565,WiFi6_5GHz
UE_003102,0.0152,27.17,16.5308,-67.83,4.228e-06,1.32,1.5,0.2458,12.7009,5.1e-05,0,0,65.6149,7.278435,WiFi6_5GHz
UE_003103,0.013,1.38,-5.7007,-93.62,0.0572241521,0.08,1.5,8.9483,8.716,4.3e-05,0,0,37.4521,0.1,WiFi6_5GHz
UE_003104,0.0077,-19.19,-30.0104,-114.19,0.0690965541,13.03,1.5,12.4275,23.8414,2.6e-05,0,0,35.1895,0.356453,WiFi6_5GHz
UE_003105,0.0073,67.26,60.6936,-27.74,4.3e-09,14.79,1.5,0.2453,18.6938,2.4e-05,0,0,82.1629,11.465686,WiFi6_5GHz
UE_003106,0.0092,23.57,13.9544,-71.43,0.0002529232,5.05,1.5,1.2798,7.1285,3.1e-05,0,0,63.5593,5.272842,WiFi6_5GHz
UE_003107,0.0063,-10.31,-21.4711,-105.31,0.0665597807,31.16,1.751,31.7601,-22.1357,2.1e-05,0,0,24.5603,0.169876,WiFi6_5GHz
UE_003108,0.0162,-1.32,-7.9068,-96.32,0.0796045528,0.6,1.5,36.6197,10.2599,5.4e-05,0,0,18.9935,0.1,WiFi6_5GHz
UE_003109,0.0018,3.94,-2.9526,-91.06,0.1462152866,0.0,1.5,30.3901,27.0304,6e-06,0,0,22.1256,0.694538,WiFi6_5GHz
UE_003110,0.0108,-13.41,-21.0255,-108.41,0.1090511487,11.0,1.5,19.5679,-30.9571,3.6e-05,0,0,32.1492,0.380406,WiFi6_5GHz
UE_003111,0.0114,4.01,-5.9632,-90.99,0.0782598396,12.6,1.5,32.0468,-31.67,3.8e-05,0,0,25.9194,0.386328,WiFi6_5GHz
UE_003112,0.0026,5.87,-1.335,-89.13,0.0338222018,17.12,1.5,35.0796,8.541,9e-06,0,0,29.7568,1.361478,WiFi6_5GHz
UE_003113,0.0168,20.09,8.0698,-74.91,0.0003568564,1.53,1.5,1.1381,23.8403,5.6e-05,0,0,56.1019,4.986178,WiFi6_5GHz
UE_003114,0.0052,-9.83,-19.4308,-104.83,0.0994479013,2.17,1.5,27.0141,0.1613,1.7e-05,0,0,25.1488,0.238338,WiFi6_5GHz
UE_003115,0.0043,-0.44,-7.3142,-95.44,0.1267088245,0.0,1.5459,8.1127,10.3174,1.4e-05,0,0,37.4752,0.347006,WiFi6_5GHz
UE_003116,0.0162,0.09,-6.8906,-94.91,0.1043306592,14.57,1.5,23.5898,17.6023,5.4e-05,0,0,31.3569,0.530689,WiFi6_5GHz
UE_003117,0.0145,18.94,8.231,-76.06,0.0001694629,23.84,1.5,1.0997,-7.6154,4.8e-05,0,0,64.9194,3.657323,WiFi6_5GHz
UE_003118,0.0045,14.47,6.6323,-80.53,0.0015207612,1.36,1.5,5.7146,-6.5266,1.5e-05,0,0,53.7994,2.108556,WiFi6_5GHz
UE_003119,0.0152,26.85,21.1337,-68.15,5.6977e-06,33.48,1.5,0.164,-9.0791,5.1e-05,0,0,73.9439,7.183813,WiFi6_5GHz
UE_003120,0.0112,-12.0,-15.6446,-107.0,0.0710969959,0.0,1.5,17.993,-20.4069,3.7e-05,0,0,27.9313,0.1,WiFi6_5GHz
UE_003121,0.0058,27.62,14.1591,-67.38,8.4858e-06,0.0,1.5,0.3623,-31.67,1.9e-05,0,0,66.191,7.224838,WiFi6_5GHz
UE_003122,0.0131,20.55,9.9494,-74.45,0.0006154418,8.67,1.5,1.4984,31.67,4.4e-05,0,0,61.337,4.649758,WiFi6_5GHz
UE_003123,0.0074,-1.89,-13.5299,-96.89,0.0527987215,33.74,1.6081,31.8837,-23.6402,2.5e-05,0,0,26.6084,0.105113,WiFi6_5GHz
UE_003124,0.0054,-0.54,-8.2737,-95.54,0.1152420583,11.28,1.5,21.9515,-16.3374,1.8e-05,0,0,27.5323,0.316929,WiFi6_5GHz
UE_003125,0.0134,35.72,24.2449,-59.28,8.4e-09,7.49,1.5,0.0817,8.4894,4.5e-05,0,0,77.2397,11.687858,WiFi6_5GHz
UE_003126,0.0151,37.5,32.6654,-57.5,8.5e-09,2.15,1.5,0.4364,-6.9482,5e-05,0,0,77.0262,11.674859,WiFi6_5GHz
UE_003127,0.0111,-2.82,-11.5957,-97.82,0.1258145411,0.11,1.5,27.3928,-10.4585,3.7e-05,0,0,26.2343,0.548755,WiFi6_5GHz
UE_003128,0.0039,3.96,-4.353,-91.04,0.0936954072,17.2,1.5,10.7908,-10.8749,1.3e-05,0,0,39.0766,0.532484,WiFi6_5GHz
UE_003129,0.0135,49.96,42.3778,-45.04,6e-10,1.63,1.5,0.0053,24.0855,4.5e-05,0,0,78.5312,11.609917,WiFi6_5GHz
UE_003130,0.0045,0.54,-6.1906,-94.46,0.1104273602,12.91,1.5,15.2136,8.3432,1.5e-05,0,0,35.5814,0.659366,WiFi6_5GHz
UE_003131,0.0067,6.16,-2.0892,-88.84,0.0041815761,29.26,1.8482,20.8807,-23.8905,2.2e-05,0,0,38.6933,1.054333,WiFi6_5GHz
UE_003132,0.0121,-17.92,-25.0142,-112.92,0.1107789718,0.11,1.5,22.5022,-2.1732,4e-05,0,0,26.5183,0.1,WiFi6_5GHz
UE_003133,0.0042,15.34,7.5497,-79.66,3.95182e-05,0.0,1.5,1.8779,-8.1805,1.4e-05,0,0,55.6353,3.399413,WiFi6_5GHz
UE_003134,0.0109,12.48,4.1765,-82.52,0.0016941247,14.44,1.9582,4.2833,-31.022,3.6e-05,0,0,54.3445,2.128247,WiFi6_5GHz
UE_003135,0.0163,60.79,48.9052,-34.21,6.9e-09,10.86,1.5,0.2072,20.2212,5.4e-05,0,0,82.7527,11.535585,WiFi6_5GHz
UE_003136,0.0062,4.9,-4.0952,-90.1,0.139319792,20.56,1.5,9.2033,15.1748,2.1e-05,0,0,41.5778,0.506151,WiFi6_5GHz
UE_003137,0.016,-2.64,-7.3328,-97.64,0.1053723706,11.36,1.5,21.0085,17.2991,5.3e-05,0,0,31.3042,0.409582,WiFi6_5GHz
UE_003138,0.0095,-13.52,-21.6351,-108.52,0.1137025068,0.6,1.5,33.2692,17.8606,3.2e-05,0,0,19.0125,0.201638,WiFi6_5GHz
UE_003139,0.0079,32.69,27.44,-62.31,6.852e-06,0.0,1.5,0.3841,15.5254,2.6e-05,0,0,70.7505,10.465749,WiFi6_5GHz
UE_003140,0.0152,-7.86,-11.4862,-102.86,0.1225786445,20.94,1.5,18.5438,-10.5788,5.1e-05,0,0,33.7409,0.258393,WiFi6_5GHz
UE_003141,0.0151,-14.48,-21.4028,-109.48,0.1318585489,16.96,1.5,18.4829,-18.2411,5e-05,0,0,33.6777,0.390844,WiFi6_5GHz
UE_003142,0.003,-10.35,-17.2899,-105.35,0.0890416356,9.99,1.5,37.9763,-18.1936,1e-05,0,0,20.482,0.367377,WiFi6_5GHz
UE_003143,0.0031,24.15,12.8013,-70.85,0.0003130733,26.16,1.5,1.3499,-22.7906,1e-05,0,0,70.8296,5.325228,WiFi6_5GHz
UE_003144,0.0093,38.3,26.4961,-56.7,6.7e-09,1.88,1.5,0.4758,-31.67,3.1e-05,0,0,76.6552,11.669464,WiFi6_5GHz
UE_003145,0.0021,51.93,45.299,-43.07,9e-09,0.0,1.5,0.3751,-18.7992,7e-06,0,0,78.7507,11.944044,WiFi6_5GHz
UE_003146,0.0028,-0.97,-11.6354,-95.97,0.0846979804,24.02,1.5,17.743,-23.2808,9e-06,0,0,37.677,0.197023,WiFi6_5GHz
UE_003147,0.0068,46.5,39.6164,-48.5,0.0,15.9,1.5,0.4534,3.0279,2.3e-05,0,0,78.9335,11.432396,WiFi6_5GHz
UE_003148,0.0096,6.19,-3.6433,-88.81,0.0038213746,4.46,1.5,31.4159,3.8769,3.2e-05,0,0,24.2928,1.073064,WiFi6_5GHz
UE_003149,0.0064,-11.52,-16.5344,-106.52,0.0661595362,22.15,1.5,14.3011,31.67,2.1e-05,0,0,33.0237,0.560944,WiFi6_5GHz
UE_003150,0.0136,47.54,43.1,-47.46,2.5e-09,0.07,1.5,0.4762,-6.8091,4.5e-05,0,0,77.1417,11.787605,WiFi6_5GHz
UE_003151,0.0113,2.28,-4.1103,-92.72,0.0972268997,0.0,1.5,25.0534,0.782,3.8e-05,0,0,29.455,0.463257,WiFi6_5GHz
UE_003152,0.009,-6.43,-12.8848,-101.43,0.1139981148,17.69,1.5,14.2005,29.5443,3e-05,0,0,38.8145,0.1,WiFi6_5GHz
UE_003153,0.003,-7.55,-13.7751,-102.55,0.0630718638,33.8,1.5,16.4347,-17.1251,1e-05,0,0,35.5406,0.1,WiFi6_5GHz
UE_003154,0.0034,41.18,34.5245,-53.82,2e-10,37.82,1.6501,0.3735,-9.5241,1.1e-05,0,0,81.6877,11.557044,WiFi6_5GHz
UE_003155,0.0105,-15.42,-26.7059,-110.42,0.1021078356,10.28,1.5,26.2679,11.2552,3.5e-05,0,0,30.0061,0.557422,WiFi6_5GHz
UE_003156,0.0128,27.98,20.3202,-67.02,3.3237e-06,0.04,1.5,0.3094,27.35,4.3e-05,0,0,68.6446,7.212531,WiFi6_5GHz
UE_003157,0.0168,6.22,-0.0808,-88.78,0.0017355921,0.0,1.5,21.7034,-19.4102,5.6e-05,0,0,34.3019,1.362203,WiFi6_5GHz
UE_003158,0.0011,46.54,35.7617,-48.46,2.6e-09,19.84,1.6931,0.2365,17.2748,4e-06,0,0,82.4222,11.682059,WiFi6_5GHz
UE_003159,0.0044,3.16,-8.4635,-91.84,0.0811179875,43.12,1.5,33.2507,28.2835,1.5e-05,0,0,30.889,0.279096,WiFi6_5GHz
UE_003160,0.0126,29.48,20.9703,-65.52,8.812e-07,14.4,1.5,0.2093,20.7795,4.2e-05,0,0,72.3675,7.732327,WiFi6_5GHz
UE_003161,0.0036,-11.15,-19.6644,-106.15,0.1497305954,7.49,1.5,10.1535,17.3639,1.2e-05,0,0,41.3858,0.424922,WiFi6_5GHz
UE_003162,0.0028,45.0,35.7237,-50.0,4.2e-09,0.27,1.5,0.1527,-20.4789,9e-06,0,0,82.1442,11.704536,WiFi6_5GHz
UE_003163,0.0107,2.54,-4.1301,-92.46,0.1468509396,0.0,1.5,18.8247,22.9674,3.6e-05,0,0,34.9432,0.646906,WiFi6_5GHz
UE_003164,0.0141,13.28,6.1088,-81.72,0.0416412068,17.76,1.5,2.544,15.6641,4.7e-05,0,0,56.0262,2.633625,WiFi6_5GHz
UE_003165,0.0031,35.47,29.4968,-59.53,4.3e-09,15.17,1.5,0.0692,18.9975,1e-05,0,0,75.6792,12.033714,WiFi6_5GHz
UE_003166,0.0118,21.28,17.1324,-73.72,0.0005880504,19.96,1.5,0.9093,-7.8394,3.9e-05,0,0,60.9462,5.182984,WiFi6_5GHz
UE_003167,0.0101,-15.53,-25.9828,-110.53,0.0842295783,15.3,1.5,21.8176,-24.3957,3.4e-05,0,0,35.0646,0.1,WiFi6_5GHz
UE_003168,0.0142,27.95,22.6691,-67.05,8.9959e-06,0.08,1.5,0.0802,-13.0234,4.7e-05,0,0,70.4787,7.194992,WiFi6_5GHz
UE_003169,0.01,0.51,-4.9249,-94.49,0.1068802205,0.43,1.5,22.339,-7.6137,3.3e-05,0,0,26.7187,0.430447,WiFi6_5GHz
UE_003170,0.0112,49.77,42.9661,-45.23,7.3e-09,7.97,1.5,0.0016,23.342,3.7e-05,0,0,80.3352,11.723247,WiFi6_5GHz
UE_003171,0.0113,-16.45,-26.3531,-111.45,0.098850437,12.49,1.5,24.1075,29.3051,3.8e-05,0,0,28.4861,0.19076,WiFi6_5GHz
UE_003172,0.0057,-7.76,-14.5201,-102.76,0.127281439,13.28,1.5,32.5392,-31.67,1.9e-05,0,0,22.9497,0.291213,WiFi6_5GHz
UE_003173,0.0091,-2.29,-9.544,-97.29,0.0983086966,17.14,1.5,21.3227,12.3348,3e-05,0,0,30.8091,0.399098,WiFi6_5GHz
UE_003174,0.0012,-2.28,-8.2755,-97.28,0.0788217913,0.0,1.5,33.2324,-20.0792,4e-06,0,0,24.0691,0.1,WiFi6_5GHz
UE_003175,0.0067,-5.36,-14.3406,-100.36,0.0860295037,0.0,1.5,35.7534,9.3497,2.2e-05,0,0,21.4144,0.2058,WiFi6_5GHz
UE_003176,0.0132,32.38,28.4542,-62.62,5.0102e-06,13.1,1.5,0.0255,-4.3418,4.4e-05,0,0,76.1579,10.445337,WiFi6_5GHz
UE_003177,0.0169,45.08,35.5199,-49.92,8.8e-09,6.42,1.5,0.4514,11.6506,5.6e-05,0,0,78.2208,11.679818,WiFi6_5GHz
UE_003178,0.0048,6.7,-3.8984,-88.3,0.0088858432,11.46,1.5,31.6628,31.2311,1.6e-05,0,0,32.4014,1.186258,WiFi6_5GHz
UE_003179,0.0068,23.58,13.1485,-71.42,0.0006183706,9.38,1.5,1.8078,28.6524,2.3e-05,0,0,63.3442,5.595857,WiFi6_5GHz
UE_003180,0.0112,8.02,1.3973,-86.98,0.0447443505,0.0,1.5,33.3762,-20.1656,3.7e-05,0,0,27.9694,1.529593,WiFi6_5GHz
UE_003181,0.009,7.26,-3.1953,-87.74,0.0044408881,0.01,1.5,17.6327,-24.0387,3e-05,0,0,38.6578,1.30978,WiFi6_5GHz
UE_003182,0.0089,12.86,4.5656,-82.14,0.0124098936,5.33,1.5,3.4029,-4.4953,3e-05,0,0,55.3856,2.117771,WiFi6_5GHz
UE_003183,0.0088,33.72,27.7008,-61.28,3.1841e-06,7.57,1.6158,0.2893,-22.1705,2.9e-05,0,0,75.2298,10.346562,WiFi6_5GHz
UE_003184,0.0097,-2.72,-14.3416,-97.72,0.1145544855,20.12,1.5025,21.3924,30.6036,3.2e-05,0,0,32.5701,0.1,WiFi6_5GHz
UE_003185,0.0016,-0.66,-14.0672,-95.66,0.0572495673,3.76,1.6403,17.1784,-12.1037,5e-06,0,0,32.1421,0.738263,WiFi6_5GHz
UE_003186,0.0134,-1.76,-12.0677,-96.76,0.1391004955,1.02,1.5,25.219,-12.7421,4.5e-05,0,0,27.8957,0.1,WiFi6_5GHz
UE_003187,0.0155,0.75,-6.9274,-94.25,0.0608162263,0.31,1.5,10.5806,17.5572,5.2e-05,0,0,37.6548,0.313155,WiFi6_5GHz
UE_003188,0.0095,5.05,-4.7696,-89.95,0.0222421889,0.91,1.5,26.2098,16.7738,3.2e-05,0,0,33.2284,1.248433,WiFi6_5GHz
UE_003189,0.0104,-10.54,-17.7835,-105.54,0.1127132497,11.25,1.5,18.8507,20.0866,3.5e-05,0,0,31.0683,0.439547,WiFi6_5GHz
UE_003190,0.0147,-3.53,-12.4245,-98.53,0.109622678,16.93,1.5,26.3234,31.67,4.9e-05,0,0,30.1421,0.1,WiFi6_5GHz
UE_003191,0.0056,-7.34,-17.8685,-102.34,0.1089771546,19.34,1.5,11.872,2.6689,1.9e-05,0,0,39.4395,0.23302,WiFi6_5GHz
UE_003192,0.004,-5.66,-16.7636,-100.66,0.0887210196,0.0,1.5,36.6513,-15.8656,1.3e-05,0,0,21.9685,0.263208,WiFi6_5GHz
UE_003193,0.0052,-22.1,-32.6037,-117.1,0.067340851,0.0,1.5,11.1725,-1.393,1.7e-05,0,0,37.4008,0.336778,WiFi6_5GHz
UE_003194,0.0104,-8.68,-16.017,-103.68,0.0722443919,5.63,1.5,19.3473,-25.9277,3.5e-05,0,0,27.8154,0.210921,WiFi6_5GHz
UE_003195,0.0034,24.31,14.8156,-70.69,0.0003917617,11.22,1.5,1.6686,2.849,1.1e-05,0,0,65.5246,5.326911,WiFi6_5GHz
UE_003196,0.0104,23.9,18.5917,-71.1,0.0002094709,13.02,1.5351,0.8022,-4.1779,3.5e-05,0,0,62.6658,5.096774,WiFi6_5GHz
UE_003197,0.0056,-12.94,-20.166,-107.94,0.1145562654,31.67,1.7489,29.0845,-10.4526,1.9e-05,0,0,29.2374,0.463815,WiFi6_5GHz
UE_003198,0.0069,11.85,5.2866,-83.15,0.0342820743,2.3,1.5,2.3601,13.4239,2.3e-05,0,0,51.1696,2.431691,WiFi6_5GHz
UE_003199,0.0126,-2.2,-8.2535,-97.2,0.0874811287,0.19,1.5971,33.7979,0.3794,4.2e-05,0,0,24.1416,0.384383,WiFi6_5GHz
UE_003200,0.0057,-3.14,-10.5638,-98.14,0.1091554628,21.58,1.5,11.1097,-5.1105,1.9e-05,0,0,41.3086,0.311401,WiFi6_5GHz
UE_003201,0.0139,7.02,0.8357,-87.98,0.0145030207,26.96,1.5,17.7021,31.67,4.6e-05,0,0,43.4087,0.945082,WiFi6_5GHz
UE_003202,0.0095,11.3,4.1772,-83.7,0.0431913863,12.47,1.5,5.8469,20.6432,3.2e-05,0,0,53.0906,2.49375,WiFi6_5GHz
UE_003203,0.0062,4.18,0.2798,-90.82,0.0780993617,17.94,1.5,15.4136,0.3213,2.1e-05,0,0,38.7127,0.891231,WiFi6_5GHz
UE_003204,0.0025,59.64,49.523,-35.36,6e-09,1.34,1.5,0.2321,25.3692,8e-06,0,0,78.644,11.870229,WiFi6_5GHz
UE_003205,0.0084,27.07,16.7889,-67.93,9.993e-06,4.42,1.5,0.4555,5.3088,2.8e-05,0,0,66.6729,6.92562,WiFi6_5GHz
UE_003206,0.0034,28.72,21.9519,-66.28,9.2547e-06,20.77,1.5,0.0354,31.67,1.1e-05,0,0,69.1348,7.883024,WiFi6_5GHz
UE_003207,0.0135,-19.97,-25.0267,-114.97,0.1410369965,19.63,1.5,22.242,8.5257,4.5e-05,0,0,32.7406,0.493889,WiFi6_5GHz
UE_003208,0.0076,61.05,53.0209,-33.95,5.3e-09,25.31,1.5,0.3042,-27.1062,2.5e-05,0,0,82.7511,11.498788,WiFi6_5GHz
UE_003209,0.008,-4.72,-10.5043,-99.72,0.1407666255,9.91,1.5,10.8092,-31.67,2.7e-05,0,0,40.3355,0.288139,WiFi6_5GHz
UE_003210,0.0134,-4.73,-12.4265,-99.73,0.1465134073,0.1,1.5,14.2239,-10.6189,4.5e-05,0,0,36.2649,0.406686,WiFi6_5GHz
UE_003211,0.0107,26.9,20.1113,-68.1,2.0233e-06,0.25,1.5,0.142,2.5457,3.6e-05,0,0,66.7072,7.021243,WiFi6_5GHz
UE_003212,0.0112,38.15,35.1835,-56.85,1.6e-09,18.01,1.5,0.298,25.1414,3.7e-05,0,0,78.7957,11.889494,WiFi6_5GHz
UE_003213,0.0157,43.08,35.2719,-51.92,9.3e-09,32.42,1.5,0.3906,-18.5342,5.2e-05,0,0,79.8468,11.744915,WiFi6_5GHz
UE_003214,0.0095,-0.31,-7.0734,-95.31,0.1346536758,7.0,1.5,38.4596,-30.601,3.2e-05,0,0,20.5493,0.209913,WiFi6_5GHz
UE_003215,0.0067,-4.12,-14.6813,-99.12,0.1315741958,13.67,1.5,18.4849,-23.3955,2.2e-05,0,0,31.8857,0.1,WiFi6_5GHz
UE_003216,0.0138,5.14,-0.2731,-89.86,0.0093715092,0.0,1.5078,23.7632,-28.6747,4.6e-05,0,0,32.6711,1.167498,WiFi6_5GHz
UE_003217,0.003,29.94,20.6929,-65.06,7.9852e-06,0.96,1.5,0.2746,-17.6373,1e-05,0,0,67.608,7.74579,WiFi6_5GHz
UE_003218,0.0093,6.83,2.639,-88.17,0.048018608,6.58,1.5,18.179,15.7146,3.1e-05,0,0,38.8117,1.081774,WiFi6_5GHz
UE_003219,0.0092,23.07,19.7192,-71.93,0.0006128237,12.2,1.5,1.9023,-31.67,3.1e-05,0,0,64.3721,5.160434,WiFi6_5GHz
UE_003220,0.0035,32.32,22.0834,-62.68,8.3528e-06,13.04,1.5679,0.0909,-25.3682,1.2e-05,0,0,71.2414,10.39861,WiFi6_5GHz
UE_003221,0.0074,30.44,23.0065,-64.56,2.712e-07,18.54,1.8225,0.4044,28.7803,2.5e-05,0,0,71.8212,8.198082,WiFi6_5GHz
UE_003222,0.0013,33.42,27.4344,-61.58,6.1531e-06,0.07,1.5,0.3303,-30.6704,4e-06,0,0,69.1389,10.580906,WiFi6_5GHz
UE_003223,0.0128,-5.39,-14.8196,-100.39,0.1313128268,0.02,1.5,28.5261,3.6878,4.3e-05,0,0,20.5059,0.139662,WiFi6_5GHz
UE_003224,0.0048,5.63,-4.6905,-89.37,0.0034107548,17.1,1.5,13.3623,-14.6882,1.6e-05,0,0,45.8203,1.014627,WiFi6_5GHz
UE_003225,0.0049,-2.74,-12.8118,-97.74,0.0716982377,5.88,1.5,34.4417,-2.3168,1.6e-05,0,0,21.0331,0.307159,WiFi6_5GHz
UE_003226,0.0077,0.51,-4.8896,-94.49,0.1455370355,17.12,1.5,26.0633,-11.8986,2.6e-05,0,0,30.2077,0.107911,WiFi6_5GHz
UE_003227,0.003,23.61,15.1493,-71.39,6.85864e-05,20.34,1.5,1.6755,-12.4315,1e-05,0,0,66.3761,5.144043,WiFi6_5GHz
UE_003228,0.0016,20.68,15.6007,-74.32,0.0003481915,0.08,1.5,0.8341,-18.6643,5e-06,0,0,58.0453,4.560448,WiFi6_5GHz
UE_003229,0.0063,58.99,53.6066,-36.01,3.9e-09,0.59,1.5,0.3273,27.0736,2.1e-05,0,0,77.9127,11.668783,WiFi6_5GHz
UE_003230,0.005,22.08,14.5601,-72.92,0.0008530287,30.46,1.5,0.976,-27.8548,1.7e-05,0,0,67.1464,5.776592,WiFi6_5GHz
UE_003231,0.0117,39.59,31.1307,-55.41,6.5e-09,40.93,1.5,0.4974,-18.3427,3.9e-05,0,0,84.5003,11.795253,WiFi6_5GHz
UE_003232,0.002,-5.5,-12.0015,-100.5,0.1229273758,17.59,1.5,25.087,-14.5536,7e-06,0,0,29.2899,0.1,WiFi6_5GHz
UE_003233,0.0051,8.6,3.1171,-86.4,0.0315342835,12.64,1.5,27.8376,-28.9539,1.7e-05,0,0,34.8959,2.138819,WiFi6_5GHz
UE_003234,0.0152,-10.49,-17.7584,-105.49,0.0953813807,1.72,1.5,32.2725,-4.7297,5.1e-05,0,0,22.048,0.408319,WiFi6_5GHz
UE_003235,0.0089,39.01,32.2344,-55.99,7.9e-09,0.0,1.5,0.2897,-31.67,3e-05,0,0,74.5267,11.872597,WiFi6_5GHz
UE_003236,0.0084,5.54,1.1995,-89.46,0.0318797401,23.52,1.5349,18.5549,-29.0846,2.8e-05,0,0,39.7018,1.255378,WiFi6_5GHz
UE_003237,0.0159,13.96,6.4662,-81.04,0.0015343049,34.11,1.5,5.5397,-27.4205,5.3e-05,0,0,58.2152,2.057169,WiFi6_5GHz
UE_003238,0.008,12.89,5.928,-82.11,0.0219962159,4.71,1.5,5.9107,-28.1577,2.7e-05,0,0,50.739,2.442991,WiFi6_5GHz
UE_003239,0.0156,37.8,28.4403,-57.2,1.2e-09,4.58,1.5,0.336,-2.6334,5.2e-05,0,0,75.2558,11.589013,WiFi6_5GHz
UE_003240,0.0023,-6.49,-12.8956,-101.49,0.141641803,0.92,1.5,14.7774,27.5044,8e-06,0,0,33.8453,0.1,WiFi6_5GHz
UE_003241,0.0067,11.78,6.6417,-83.22,0.0457679459,0.22,1.5,6.6978,28.104,2.2e-05,0,0,49.7257,2.644063,WiFi6_5GHz
UE_003242,0.0149,-10.37,-20.1065,-105.37,0.1162136942,26.55,1.5,19.2266,17.8203,5e-05,0,0,34.7321,0.1,WiFi6_5GHz
UE_003243,0.0168,38.33,28.5793,-56.67,5.7e-09,12.21,1.5,0.2274,19.2251,5.6e-05,0,0,75.3878,11.380023,WiFi6_5GHz
UE_003244,0.0046,19.3,14.7103,-75.7,1.61373e-05,16.74,1.5,0.8412,-4.2954,1.5e-05,0,0,59.667,4.388785,WiFi6_5GHz
UE_003245,0.008,53.81,49.2232,-41.19,8e-10,13.73,1.5,0.2822,31.67,2.7e-05,0,0,78.929,11.736332,WiFi6_5GHz
UE_003246,0.0108,7.53,-1.4982,-87.47,0.0011420126,2.64,1.5,9.1271,16.0824,3.6e-05,0,0,44.7414,1.165235,WiFi6_5GHz
UE_003247,0.0075,14.51,5.9565,-80.49,0.0465247384,0.0,1.5,3.3511,-16.6093,2.5e-05,0,0,55.9073,2.414235,WiFi6_5GHz
UE_003248,0.0066,37.12,31.2558,-57.88,8.7e-09,22.1,1.5,0.3635,-12.1574,2.2e-05,0,0,76.6247,11.613918,WiFi6_5GHz
UE_003249,0.0064,-6.18,-11.538,-101.18,0.0826819988,16.52,1.5364,17.4407,-31.67,2.1e-05,0,0,33.7301,0.357393,WiFi6_5GHz
UE_003250,0.0146,-7.54,-19.3688,-102.54,0.0646368991,3.3,1.5,20.84,29.505,4.9e-05,0,0,30.938,0.288885,WiFi6_5GHz
UE_003251,0.0137,79.46,67.8205,-15.54,9.2e-09,13.34,1.5,0.4589,-31.67,4.6e-05,0,0,82.3317,11.61448,WiFi6_5GHz
UE_003252,0.0135,41.72,30.017,-53.28,8.6e-09,3.7,1.5,0.1614,-5.1904,4.5e-05,0,0,79.217,11.526698,WiFi6_5GHz
UE_003253,0.0153,5.01,0.5999,-89.99,0.0430890224,0.0,1.5,11.7086,-16.9231,5.1e-05,0,0,39.5499,0.99011,WiFi6_5GHz
UE_003254,0.0124,-7.11,-11.3531,-102.11,0.0932758765,16.12,1.5,22.588,-9.3592,4.1e-05,0,0,31.6696,0.142103,WiFi6_5GHz
UE_003255,0.0012,12.17,5.0848,-82.83,0.0335772775,30.14,1.7621,7.0091,17.6701,4e-06,0,0,53.6117,2.280314,WiFi6_5GHz
UE_003256,0.0163,-9.2,-16.445,-104.2,0.08784951,0.04,1.5,8.1911,3.5586,5.4e-05,0,0,41.9779,0.193552,WiFi6_5GHz
UE_003257,0.0072,41.65,33.3165,-53.35,1e-10,8.59,1.5,0.184,-3.3849,2.4e-05,0,0,77.4812,11.625015,WiFi6_5GHz
UE_003258,0.0142,35.97,29.7077,-59.03,9.9e-09,2.56,1.5,0.2465,-0.2085,4.7e-05,0,0,80.1183,11.626349,WiFi6_5GHz
UE_003259,0.01,6.62,-3.7045,-88.38,0.0231325007,0.1,1.5,20.0705,16.1295,3.3e-05,0,0,35.6704,1.08442,WiFi6_5GHz
UE_003260,0.006,4.33,-1.7155,-90.67,0.1054994136,30.04,1.5231,33.7374,1.3539,2e-05,0,0,31.0567,0.824559,WiFi6_5GHz
UE_003261,0.0031,45.23,35.2504,-49.77,2.4e-09,25.06,1.5,0.0226,-23.0143,1e-05,0,0,80.4804,11.428197,WiFi6_5GHz
UE_003262,0.0149,42.69,35.1777,-52.31,4e-09,3.46,1.5001,0.0799,-28.3704,5e-05,0,0,81.6552,11.904712,WiFi6_5GHz
UE_003263,0.0105,-15.74,-23.7653,-110.74,0.1092709769,14.04,1.5,31.7551,18.3731,3.5e-05,0,0,22.1104,0.497705,WiFi6_5GHz
UE_003264,0.0063,32.55,26.0516,-62.45,3.8602e-06,0.12,1.5,0.2449,-9.0478,2.1e-05,0,0,69.157,10.752624,WiFi6_5GHz
UE_003265,0.0071,31.61,22.8838,-63.39,5.9111e-06,0.02,1.5,0.2546,24.0545,2.4e-05,0,0,69.5284,7.320986,WiFi6_5GHz
UE_003266,0.0027,28.64,23.5977,-66.36,2.5182e-06,7.9,1.5,0.3912,-11.5332,9e-06,0,0,68.1492,7.887505,WiFi6_5GHz
UE_003267,0.0076,5.94,-5.5254,-89.06,0.0221387815,0.0,1.5,15.4785,-19.0144,2.5e-05,0,0,39.2798,1.286304,WiFi6_5GHz
UE_003268,0.0099,-3.29,-9.8647,-98.29,0.0555135209,5.46,1.5,9.4149,27.1111,3.3e-05,0,0,35.6956,0.563022,WiFi6_5GHz
UE_003269,0.0118,13.53,6.8069,-81.47,0.0016876367,27.9,1.5734,5.3446,-10.4984,3.9e-05,0,0,53.4507,2.508944,WiFi6_5GHz
UE_003270,0.016,3.22,0.0411,-91.78,0.1115081158,4.51,1.5,21.7731,-31.6596,5.3e-05,0,0,33.9119,0.676231,WiFi6_5GHz
UE_003271,0.0017,48.33,37.2727,-46.67,5.3e-09,0.32,1.5,0.4591,22.068,6e-06,0,0,75.216,11.325295,WiFi6_5GHz
UE_003272,0.0087,5.02,-6.8512,-89.98,0.0236456419,13.52,1.5,37.8399,-13.7706,2.9e-05,0,0,28.577,0.909563,WiFi6_5GHz
UE_003273,0.0088,40.92,32.7188,-54.08,8.9e-09,15.46,1.7291,0.3975,27.6386,2.9e-05,0,0,81.1982,11.585255,WiFi6_5GHz
UE_003274,0.0079,-1.74,-6.6203,-96.74,0.1205023231,17.36,1.5,19.4681,-1.5593,2.6e-05,0,0,35.1916,0.406986,WiFi6_5GHz
UE_003275,0.0087,10.9,2.5456,-84.1,0.0130552879,1.64,1.5,2.163,-1.4535,2.9e-05,0,0,51.768,1.51679,WiFi6_5GHz
UE_003276,0.0087,35.14,31.019,-59.86,5.4e-09,0.04,1.5,0.1711,3.8098,2.9e-05,0,0,73.9297,11.827759,WiFi6_5GHz
UE_003277,0.0042,-3.9,-10.3302,-98.9,0.0554625863,0.08,1.5,9.453,26.657,1.4e-05,0,0,31.3009,0.164991,WiFi6_5GHz
UE_003278,0.0024,-16.36,-22.1138,-111.36,0.1019176477,8.08,1.5,20.4763,13.0735,8e-06,0,0,31.7366,0.49809,WiFi6_5GHz
UE_003279,0.014,11.43,4.3617,-83.57,0.004327782,28.27,1.5,7.2539,-8.1419,4.7e-05,0,0,52.501,2.257382,WiFi6_5GHz
UE_003280,0.0073,8.15,-2.6823,-86.85,0.0176309279,8.23,1.5,8.2955,-0.1986,2.4e-05,0,0,40.4381,1.827089,WiFi6_5GHz
UE_003281,0.0118,12.94,2.9855,-82.06,0.048792482,7.54,1.5082,2.1705,5.8456,3.9e-05,0,0,54.4496,2.071988,WiFi6_5GHz
UE_003282,0.0142,37.27,25.333,-57.73,9.6e-09,0.14,1.5,0.0312,-20.6124,4.7e-05,0,0,76.3256,11.518514,WiFi6_5GHz
UE_003283,0.0121,23.49,14.8724,-71.51,0.0007494797,0.0,1.5,1.918,-6.7269,4e-05,0,0,64.4754,5.135925,WiFi6_5GHz
UE_003284,0.0036,11.15,0.5236,-83.85,0.004760635,0.01,1.5,5.9537,2.4912,1.2e-05,0,0,52.7855,2.462299,WiFi6_5GHz
UE_003285,0.009,-0.68,-9.2712,-95.68,0.123259085,16.8,1.7179,9.0187,31.67,3e-05,0,0,37.7219,0.1,WiFi6_5GHz
UE_003286,0.0161,-4.81,-15.1119,-99.81,0.0855133982,26.23,1.5,13.7232,2.6502,5.4e-05,0,0,39.2777,0.1,WiFi6_5GHz
UE_003287,0.002,1.69,-4.7643,-93.31,0.0958069842,18.06,1.5,33.8509,17.0775,7e-06,0,0,24.2551,0.19745,WiFi6_5GHz
UE_003288,0.0094,7.33,-4.4734,-87.67,0.0300129798,2.18,1.5,35.7182,-25.9741,3.1e-05,0,0,29.1314,1.375832,WiFi6_5GHz
UE_003289,0.0163,-12.13,-18.658,-107.13,0.1299760202,0.5,1.5,36.5424,12.893,5.4e-05,0,0,23.5473,0.333818,WiFi6_5GHz
UE_003290,0.0016,44.74,34.7317,-50.26,1.1e-09,23.99,1.5,0.4656,-18.838,5e-06,0,0,80.4342,11.697311,WiFi6_5GHz
UE_003291,0.0046,11.23,2.0724,-83.77,0.0309972312,9.6,1.5,4.1436,28.6903,1.5e-05,0,0,52.0431,2.283136,WiFi6_5GHz
UE_003292,0.0159,38.65,27.8356,-56.35,4.6e-09,34.41,1.5719,0.0405,6.9941,5.3e-05,0,0,81.1704,11.729432,WiFi6_5GHz
UE_003293,0.0095,-9.22,-19.377,-104.22,0.1398457673,8.47,1.5,23.6542,-10.6296,3.2e-05,0,0,30.0407,0.350942,WiFi6_5GHz
UE_003294,0.0026,11.07,3.4219,-83.93,0.0067232365,1.53,1.5,4.5292,14.2503,9e-06,0,0,48.5748,2.325804,WiFi6_5GHz
UE_003295,0.0043,1.59,-5.0585,-93.41,0.1259531959,0.0,1.5,23.4002,8.4575,1.4e-05,0,0,33.5685,0.1,WiFi6_5GHz
UE_003296,0.0028,-5.81,-10.8008,-100.81,0.0742122623,7.96,1.5,17.8507,-31.67,9e-06,0,0,29.5083,0.599736,WiFi6_5GHz
UE_003297,0.0165,6.96,-1.9546,-88.04,0.0345259498,16.62,1.5,24.3542,5.6975,5.5e-05,0,0,34.5583,1.13424,WiFi6_5GHz
UE_003298,0.0105,-1.09,-8.4043,-96.09,0.1423025607,4.6,1.5,29.8261,-29.7445,3.5e-05,0,0,22.8629,0.251264,WiFi6_5GHz
UE_003299,0.0045,3.02,-6.2236,-91.98,0.1451276226,2.26,1.5,25.2892,-20.0566,1.5e-05,0,0,29.1644,0.537747,WiFi6_5GHz
UE_003300,0.0168,58.01,53.3352,-36.99,6.7e-09,1.48,1.5,0.3661,4.3376,5.6e-05,0,0,79.7289,11.609457,WiFi6_5GHz
UE_003301,0.0113,10.41,4.9692,-84.59,0.0080009446,0.0,1.5,5.4524,-21.3956,3.8e-05,0,0,52.3738,1.774783,WiFi6_5GHz
UE_003302,0.0067,37.45,30.4652,-57.55,9.4e-09,2.56,1.5,0.3409,-9.773,2.2e-05,0,0,75.4307,11.559389,WiFi6_5GHz
UE_003303,0.0016,4.96,-5.3859,-90.04,0.0665890783,17.52,1.522,30.3597,3.7115,5e-06,0,0,34.6112,0.863597,WiFi6_5GHz
UE_003304,0.0098,31.73,24.4856,-63.27,1.3048e-06,2.46,1.5,0.4467,13.817,3.3e-05,0,0,71.3977,7.853733,WiFi6_5GHz
UE_003305,0.008,0.8,-3.0531,-94.2,0.1456145219,16.7,1.5,36.8817,-25.4703,2.7e-05,0,0,20.2154,0.291157,WiFi6_5GHz
UE_003306,0.0152,34.88,22.3554,-60.12,6.6367e-06,1.03,1.5,0.2329,31.67,5.1e-05,0,0,74.0858,10.137919,WiFi6_5GHz
UE_003307,0.0043,-1.37,-7.0584,-96.37,0.1149331435,0.22,1.5,18.0796,24.061,1.4e-05,0,0,29.9327,0.21171,WiFi6_5GHz
UE_003308,0.0128,75.25,66.2875,-19.75,1.1e-09,12.73,1.7029,0.3032,-1.8508,4.3e-05,0,0,78.7055,11.47875,WiFi6_5GHz
UE_003309,0.0116,28.63,19.5558,-66.37,7.875e-07,11.59,1.5,0.0419,-10.6052,3.9e-05,0,0,69.763,7.855077,WiFi6_5GHz
UE_003310,0.0102,6.53,-2.9372,-88.47,0.0052301899,9.14,1.5,13.3366,24.7328,3.4e-05,0,0,40.9241,1.549191,WiFi6_5GHz
UE_003311,0.0105,2.37,-4.8139,-92.63,0.1288772701,15.92,1.5,33.1661,9.7073,3.5e-05,0,0,23.8699,0.984605,WiFi6_5GHz
UE_003312,0.0069,23.21,17.266,-71.79,0.0003437453,0.0,1.5,0.9758,24.1875,2.3e-05,0,0,64.2369,5.29513,WiFi6_5GHz
UE_003313,0.0071,-3.1,-12.1341,-98.1,0.1350599557,0.45,1.5,19.7294,24.6187,2.4e-05,0,0,32.6921,0.250535,WiFi6_5GHz
UE_003314,0.0162,-7.16,-18.7974,-102.16,0.1331673084,4.96,1.5,21.9608,15.5067,5.4e-05,0,0,28.0544,0.220673,WiFi6_5GHz
UE_003315,0.005,0.87,-4.5739,-94.13,0.0895825708,32.65,1.5,19.2763,-7.3459,1.7e-05,0,0,32.8103,0.212621,WiFi6_5GHz
UE_003316,0.0128,-5.12,-13.7831,-100.12,0.1042941267,4.85,1.5,35.1081,9.8634,4.3e-05,0,0,21.066,0.1,WiFi6_5GHz
UE_003317,0.0056,23.05,16.7254,-71.95,0.0003949088,18.64,1.5813,0.8143,29.5514,1.9e-05,0,0,62.804,5.263488,WiFi6_5GHz
UE_003318,0.0081,-5.11,-13.8411,-100.11,0.1330087805,0.52,1.5,30.5419,-29.4536,2.7e-05,0,0,24.6442,0.131457,WiFi6_5GHz
UE_003319,0.0074,-5.76,-14.6708,-100.76,0.1098396204,0.38,1.5,26.9881,-23.4878,2.5e-05,0,0,28.0606,0.160651,WiFi6_5GHz
UE_003320,0.014,12.96,2.4413,-82.04,0.0082211223,13.36,1.5,7.0712,-19.9367,4.7e-05,0,0,50.494,2.19275,WiFi6_5GHz
UE_003321,0.0152,66.59,60.7898,-28.41,6.7e-09,9.9,1.5,0.4838,-3.0267,5.1e-05,0,0,76.5303,11.712587,WiFi6_5GHz
UE_003322,0.0092,2.0,-3.4382,-93.0,0.1084758709,2.37,1.5,38.9004,-15.3078,3.1e-05,0,0,21.5169,0.34339,WiFi6_5GHz
UE_003323,0.009,1.71,-1.9315,-93.29,0.1109051127,12.26,1.5,32.6034,18.0542,3e-05,0,0,28.1734,0.216971,WiFi6_5GHz
UE_003324,0.0091,4.14,-2.7436,-90.86,0.0872711953,0.0,1.5,23.3423,22.976,3e-05,0,0,32.729,0.62385,WiFi6_5GHz
UE_003325,0.0119,-2.25,-6.5709,-97.25,0.1321644631,0.1,1.5,37.1633,-21.9493,4e-05,0,0,18.5913,0.1,WiFi6_5GHz
UE_003326,0.0048,3.64,-4.4564,-91.36,0.1142480431,21.04,1.5,10.8441,14.4218,1.6e-05,0,0,42.849,0.561334,WiFi6_5GHz
UE_003327,0.0065,18.54,10.6482,-76.46,0.0002311043,11.95,1.5,1.2919,-2.4715,2.2e-05,0,0,61.7753,3.533756,WiFi6_5GHz
UE_003328,0.0136,12.53,7.0981,-82.47,0.002035447,14.25,1.5,5.2434,-12.0483,4.5e-05,0,0,54.3779,2.372463,WiFi6_5GHz
UE_003329,0.0092,1.3,-5.6501,-93.7,0.0659397234,21.6,1.5,27.1345,-17.5756,3.1e-05,0,0,32.5434,0.433617,WiFi6_5GHz
UE_003330,0.0075,51.45,48.1499,-43.55,8.4e-09,0.86,1.5,0.3103,31.67,2.5e-05,0,0,79.1017,11.36896,WiFi6_5GHz
UE_003331,0.0086,6.18,-2.3345,-88.82,0.0363617253,4.25,1.5,20.7824,8.8928,2.9e-05,0,0,32.997,1.271852,WiFi6_5GHz
UE_003332,0.0018,31.95,23.142,-63.05,8.7587e-06,29.11,1.5,0.4409,-20.6477,6e-06,0,0,78.259,7.907756,WiFi6_5GHz
UE_003333,0.0064,36.21,25.6008,-58.79,4.6e-09,15.32,1.664,0.0876,-8.7393,2.1e-05,0,0,78.6644,11.629125,WiFi6_5GHz
UE_003334,0.0119,9.81,3.3617,-85.19,0.0052712455,15.0,1.5,29.2407,9.7106,4e-05,0,0,37.3826,1.17986,WiFi6_5GHz
UE_003335,0.0072,-12.45,-21.8467,-107.45,0.0797045299,19.65,1.5,9.7975,-23.4491,2.4e-05,0,0,37.0859,0.263404,WiFi6_5GHz
UE_003336,0.0049,44.95,37.5587,-50.05,2e-10,1.01,1.5,0.1957,18.3082,1.6e-05,0,0,81.2732,11.787265,WiFi6_5GHz
UE_003337,0.0057,-5.95,-11.7667,-100.95,0.1253347479,0.32,1.5,8.9468,11.926,1.9e-05,0,0,37.5475,0.1,WiFi6_5GHz
UE_003338,0.0054,1.62,-6.5335,-93.38,0.1396140832,12.0,1.5,20.559,-23.6209,1.8e-05,0,0,30.5265,0.349184,WiFi6_5GHz
UE_003339,0.0144,46.88,40.7284,-48.12,7.1e-09,5.36,1.5,0.2817,-4.7951,4.8e-05,0,0,77.1822,11.874725,WiFi6_5GHz
UE_003340,0.0032,-1.55,-13.0572,-96.55,0.0591552876,4.04,1.5,10.9868,-16.7363,1.1e-05,0,0,33.9901,0.1,WiFi6_5GHz
UE_003341,0.0158,8.76,-2.1067,-86.24,0.0328911187,16.32,1.5,33.3379,31.67,5.3e-05,0,0,31.6503,1.813307,WiFi6_5GHz
UE_003342,0.0058,-6.62,-13.0175,-101.62,0.1431293202,0.48,1.5,24.9742,-7.9252,1.9e-05,0,0,27.1882,0.430112,WiFi6_5GHz
UE_003343,0.0075,41.88,33.2386,-53.12,9.3e-09,0.0,1.5,0.2536,10.3622,2.5e-05,0,0,79.6229,11.867018,WiFi6_5GHz
UE_003344,0.0029,-15.42,-21.7616,-110.42,0.1327782306,2.86,1.5,26.6301,3.5741,1e-05,0,0,23.7295,0.132228,WiFi6_5GHz
UE_003345,0.0073,11.33,3.9113,-83.67,0.0089658222,9.0,1.5,3.8668,24.619,2.4e-05,0,0,50.5678,2.15485,WiFi6_5GHz
UE_003346,0.0044,-15.06,-26.2073,-110.06,0.0589047617,10.56,1.5,15.0811,-13.6052,1.5e-05,0,0,33.8593,0.696109,WiFi6_5GHz
UE_003347,0.0053,-7.2,-19.7481,-102.2,0.112175028,17.68,1.5,24.6685,-11.4644,1.8e-05,0,0,31.347,0.707017,WiFi6_5GHz
UE_003348,0.0087,1.16,-3.707,-93.84,0.0956160372,0.0,1.5,8.0148,14.0218,2.9e-05,0,0,40.3107,0.380347,WiFi6_5GHz
UE_003349,0.0139,28.05,22.4531,-66.95,7.8658e-06,0.0,1.5,0.0062,-20.855,4.6e-05,0,0,71.5523,7.505284,WiFi6_5GHz
UE_003350,0.0086,-0.93,-5.844,-95.93,0.0969439984,27.39,1.5,32.1969,17.9324,2.9e-05,0,0,23.2277,0.205623,WiFi6_5GHz
UE_003351,0.0057,52.55,42.4858,-42.45,3.3e-09,5.47,1.5,0.0361,-14.8107,1.9e-05,0,0,80.2579,11.451306,WiFi6_5GHz
UE_003352,0.0156,-7.54,-14.3193,-102.54,0.1255249867,20.04,1.5,17.5195,-24.6343,5.2e-05,0,0,34.1814,0.14033,WiFi6_5GHz
UE_003353,0.0038,-20.69,-31.3009,-115.69,0.1406948887,0.13,1.5,27.3625,8.3444,1.3e-05,0,0,23.5175,0.482917,WiFi6_5GHz
UE_003354,0.0112,51.48,40.754,-43.52,5.4e-09,2.08,1.5,0.0162,-28.785,3.7e-05,0,0,79.495,11.632971,WiFi6_5GHz
UE_003355,0.0066,37.57,30.0758,-57.43,3.2e-09,0.27,1.5,0.2188,27.0373,2.2e-05,0,0,75.7189,11.285102,WiFi6_5GHz
UE_003356,0.0131,14.1,5.3518,-80.9,0.0375830071,19.13,1.5,2.9346,9.311,4.4e-05,0,0,56.9922,2.674245,WiFi6_5GHz
UE_003357,0.0143,18.74,7.4861,-76.26,4.11324e-05,7.3,1.5,1.1344,-16.6382,4.8e-05,0,0,60.9299,3.735222,WiFi6_5GHz
UE_003358,0.0075,19.31,7.9615,-75.69,0.0001951623,12.92,1.5,1.0921,-13.2255,2.5e-05,0,0,64.2249,4.903963,WiFi6_5GHz
UE_003359,0.0075,32.88,28.7061,-62.12,6.3272e-06,5.52,1.5,0.0442,16.9592,2.5e-05,0,0,70.7101,11.039174,WiFi6_5GHz
UE_003360,0.0016,27.61,20.2794,-67.39,3.9758e-06,0.0,1.5,0.086,11.7001,5e-06,0,0,67.72,7.049666,WiFi6_5GHz
UE_003361,0.0169,40.57,29.6684,-54.43,1.2e-09,0.17,1.5,0.0078,-20.4343,5.6e-05,0,0,77.7321,11.815145,WiFi6_5GHz
UE_003362,0.0049,8.53,0.7499,-86.47,0.0061210486,14.2,1.5,12.4018,23.2332,1.6e-05,0,0,46.9025,1.524218,WiFi6_5GHz
UE_003363,0.0125,77.19,68.4382,-17.81,7.9e-09,9.53,1.5,0.4466,-23.5915,4.2e-05,0,0,77.917,11.72649,WiFi6_5GHz
UE_003364,0.0123,24.13,19.728,-70.87,0.0009638434,1.96,1.5,0.7451,-16.3983,4.1e-05,0,0,59.3053,5.434854,WiFi6_5GHz
UE_003365,0.0034,6.89,-1.2818,-88.11,0.0489089156,26.82,1.5,8.415,12.9445,1.1e-05,0,0,51.1978,1.330026,WiFi6_5GHz
UE_003366,0.0128,23.14,12.8998,-71.86,0.0004503629,1.17,1.5,1.6792,-23.4735,4.3e-05,0,0,64.5321,5.233298,WiFi6_5GHz
UE_003367,0.0073,-11.26,-20.8956,-106.26,0.1075667146,0.0,1.5,32.7878,16.0664,2.4e-05,0,0,24.1714,0.495046,WiFi6_5GHz
UE_003368,0.0124,48.27,40.3932,-46.73,1.5e-09,29.44,1.5,0.1183,-21.3831,4.1e-05,0,0,83.0118,11.530937,WiFi6_5GHz
UE_003369,0.0125,1.44,-8.4795,-93.56,0.1052981528,25.86,1.5,12.5721,-3.8501,4.2e-05,0,0,37.7382,0.156805,WiFi6_5GHz
UE_003370,0.0116,22.21,14.9495,-72.79,9.7724e-05,14.12,1.5,0.6433,22.2503,3.9e-05,0,0,66.0779,4.888914,WiFi6_5GHz
UE_003371,0.0049,73.76,69.3456,-21.24,9.1e-09,6.72,1.5,0.1178,1.9242,1.6e-05,0,0,80.0522,11.756494,WiFi6_5GHz
UE_003372,0.0051,15.56,6.9094,-79.44,4.66819e-05,2.55,1.5,1.1738,-28.7489,1.7e-05,0,0,56.1212,3.621039,WiFi6_5GHz
UE_003373,0.008,11.36,6.2917,-83.64,0.0074878119,0.72,1.5,6.6024,-2.6223,2.7e-05,0,0,48.3887,2.027804,WiFi6_5GHz
UE_003374,0.003,2.51,-1.3502,-92.49,0.1005014329,17.29,1.5,33.8715,24.7253,1e-05,0,0,27.5782,0.468788,WiFi6_5GHz
UE_003375,0.0112,0.05,-9.9481,-94.95,0.0607254374,21.4,1.5,8.5688,-3.9373,3.7e-05,0,0,42.7764,0.476139,WiFi6_5GHz
UE_003376,0.0089,33.84,23.797,-61.16,7.082e-06,14.91,1.5,0.4487,-1.115,3e-05,0,0,75.0348,10.494202,WiFi6_5GHz
UE_003377,0.0065,39.8,32.6997,-55.2,3.4e-09,7.96,1.5,0.4729,2.898,2.2e-05,0,0,78.2883,11.848533,WiFi6_5GHz
UE_003378,0.0053,-3.53,-9.6755,-98.53,0.0894443705,1.55,1.5,12.8526,1.0954,1.8e-05,0,0,37.3512,0.224104,WiFi6_5GHz
UE_003379,0.0055,-10.12,-17.6878,-105.12,0.0628619776,0.0,1.5,35.4711,-11.8144,1.8e-05,0,0,19.9052,0.1,WiFi6_5GHz
UE_003380,0.0047,44.66,34.5972,-50.34,5e-10,24.84,1.5,0.2952,-26.851,1.6e-05,0,0,82.3467,11.676106,WiFi6_5GHz
UE_003381,0.0084,52.95,45.7284,-42.05,7.8e-09,11.46,1.5,0.1776,-21.8436,2.8e-05,0,0,83.1274,11.555423,WiFi6_5GHz
UE_003382,0.0169,-0.53,-11.7401,-95.53,0.0964815365,6.14,1.5,23.0398,-31.3074,5.6e-05,0,0,24.2782,0.469256,WiFi6_5GHz
UE_003383,0.0081,27.98,22.1497,-67.02,3.8941e-06,14.77,1.5,0.3255,-8.811,2.7e-05,0,0,71.0935,7.074007,WiFi6_5GHz
UE_003384,0.0023,41.29,31.5595,-53.71,8.4e-09,0.38,1.5,0.1231,-1.0587,8e-06,0,0,79.7123,11.381328,WiFi6_5GHz
UE_003385,0.0092,5.91,-5.4343,-89.09,0.0199316252,0.0,1.5,8.5023,11.9544,3.1e-05,0,0,38.8824,1.321242,WiFi6_5GHz
UE_003386,0.009,25.11,22.373,-69.89,7.7465e-06,3.6,1.5,0.0252,-0.5093,3e-05,0,0,63.5603,7.047434,WiFi6_5GHz
UE_003387,0.0162,-9.03,-18.5692,-104.03,0.1284181637,22.52,1.5322,31.2486,30.6547,5.4e-05,0,0,29.6469,0.463876,WiFi6_5GHz
UE_003388,0.0099,5.87,-4.5082,-89.13,0.0135923172,19.84,1.5,31.9769,-17.306,3.3e-05,0,0,30.9641,1.180456,WiFi6_5GHz
UE_003389,0.0068,-2.24,-14.6066,-97.24,0.1218582595,7.37,1.5,24.2583,0.7472,2.3e-05,0,0,31.0423,0.1,WiFi6_5GHz
UE_003390,0.0027,-17.14,-29.6248,-112.14,0.1122710001,0.0,1.5,28.153,-29.6279,9e-06,0,0,24.4137,0.1,WiFi6_5GHz
UE_003391,0.0083,-7.64,-17.5581,-102.64,0.0731860489,1.09,1.5,31.0579,18.6895,2.8e-05,0,0,28.035,0.137082,WiFi6_5GHz
UE_003392,0.0019,12.66,4.4005,-82.34,0.0250777419,4.58,1.5,5.099,-31.67,6e-06,0,0,51.3951,2.457049,WiFi6_5GHz
UE_003393,0.0059,14.22,9.2789,-80.78,0.0268403565,16.78,1.5,4.705,-11.4347,2e-05,0,0,52.7147,2.42872,WiFi6_5GHz
UE_003394,0.0064,-10.99,-17.0413,-105.99,0.1366920209,1.31,1.5,37.5034,4.2122,2.1e-05,0,0,17.4408,0.22744,WiFi6_5GHz
UE_003395,0.0168,39.05,29.8322,-55.95,1.9e-09,5.2,1.5,0.1095,22.808,5.6e-05,0,0,74.7875,11.597625,WiFi6_5GHz
UE_003396,0.0145,-3.83,-9.858,-98.83,0.1391528838,0.0,1.5,35.6954,18.7591,4.8e-05,0,0,18.4178,0.1,WiFi6_5GHz
UE_003397,0.0078,-5.41,-16.5714,-100.41,0.1204874604,0.06,1.5,16.7874,21.219,2.6e-05,0,0,32.1288,0.1,WiFi6_5GHz
UE_003398,0.0083,22.46,10.9953,-72.54,0.0009417179,17.02,1.5,0.6688,-27.3704,2.8e-05,0,0,61.9545,4.996646,WiFi6_5GHz
UE_003399,0.0059,29.94,22.9907,-65.06,9.444e-06,48.19,1.8039,0.0662,4.1375,2e-05,0,0,72.4988,7.668585,WiFi6_5GHz
UE_003400,0.0071,10.36,1.9216,-84.64,0.0314281887,12.01,1.5,2.1982,31.2693,2.4e-05,0,0,52.0342,1.886378,WiFi6_5GHz
UE_003401,0.0016,9.76,2.6363,-85.24,0.0208414065,13.12,1.5,22.1371,-8.7052,5e-06,0,0,38.1226,1.691221,WiFi6_5GHz
UE_003402,0.0116,2.47,-7.5053,-92.53,0.1239462444,0.0,1.5,22.4085,11.6847,3.9e-05,0,0,32.851,0.70656,WiFi6_5GHz
UE_003403,0.0041,13.2,3.7645,-81.8,0.0250251121,0.0,1.5,5.7581,14.9627,1.4e-05,0,0,50.3203,2.600683,WiFi6_5GHz
UE_003404,0.0025,38.91,27.965,-56.09,4.4e-09,28.51,1.5,0.4648,17.1386,8e-06,0,0,80.1937,11.634843,WiFi6_5GHz
UE_003405,0.0137,-10.07,-16.698,-105.07,0.0515415836,13.44,1.5,21.5145,-14.7561,4.6e-05,0,0,27.9872,0.208675,WiFi6_5GHz
UE_003406,0.0018,22.38,13.8717,-72.62,0.0004094672,10.3,1.5,1.41,-8.8094,6e-06,0,0,62.0977,5.31415,WiFi6_5GHz
UE_003407,0.0162,29.86,24.6692,-65.14,3.278e-06,11.13,1.5,0.2642,-8.113,5.4e-05,0,0,73.8341,7.774004,WiFi6_5GHz
UE_003408,0.0136,36.76,32.8182,-58.24,3.2e-09,0.97,1.5,0.3975,-15.1688,4.5e-05,0,0,77.2869,11.367336,WiFi6_5GHz
UE_003409,0.0129,-11.03,-20.6313,-106.03,0.0591758165,0.94,1.5,35.535,-0.4011,4.3e-05,0,0,19.9037,0.477641,WiFi6_5GHz
UE_003410,0.0161,5.43,-4.1067,-89.57,0.0460022453,21.06,1.5,37.539,-29.8502,5.4e-05,0,0,25.6344,1.229125,WiFi6_5GHz
UE_003411,0.0086,9.95,2.4595,-85.05,0.0031732582,25.33,1.5,31.8609,1.3574,2.9e-05,0,0,32.587,1.844849,WiFi6_5GHz
UE_003412,0.0085,61.71,53.201,-33.29,3.6e-09,4.17,1.5,0.3251,29.4678,2.8e-05,0,0,77.62,11.629865,WiFi6_5GHz
UE_003413,0.0042,-4.77,-14.8402,-99.77,0.1491099053,10.86,1.7521,32.3378,-14.8183,1.4e-05,0,0,23.2663,0.348052,WiFi6_5GHz
UE_003414,0.0099,13.34,6.9539,-81.66,0.0060439498,0.8,1.5,7.4408,-2.5186,3.3e-05,0,0,49.7434,2.459545,WiFi6_5GHz
UE_003415,0.0125,-1.98,-10.2078,-96.98,0.1375533732,0.52,1.5,16.995,30.12,4.2e-05,0,0,31.9446,0.1,WiFi6_5GHz
UE_003416,0.0033,-15.23,-25.6041,-110.23,0.1102798716,15.15,1.5,28.2281,-30.6168,1.1e-05,0,0,30.029,0.1,WiFi6_5GHz
UE_003417,0.0058,-17.76,-28.6583,-112.76,0.0538331768,21.09,1.5,22.4173,-1.8292,1.9e-05,0,0,29.6706,0.35566,WiFi6_5GHz
UE_003418,0.0069,-5.97,-12.3689,-100.97,0.1341902623,15.76,1.5,25.3227,-14.824,2.3e-05,0,0,28.6194,0.378527,WiFi6_5GHz
UE_003419,0.0141,29.21,19.2232,-65.79,5.3861e-06,15.27,1.6426,0.2561,-15.3075,4.7e-05,0,0,69.9456,7.787795,WiFi6_5GHz
UE_003420,0.0102,3.25,-0.635,-91.75,0.0600343568,0.0,1.6445,13.4669,13.3021,3.4e-05,0,0,43.444,0.624774,WiFi6_5GHz
UE_003421,0.0161,-15.18,-22.4033,-110.18,0.1493011459,0.0,1.5,28.8178,-23.6233,5.4e-05,0,0,27.9626,0.355769,WiFi6_5GHz
UE_003422,0.0078,7.81,-0.6928,-87.19,0.0229751425,3.48,1.5,9.371,1.721,2.6e-05,0,0,45.0405,1.346321,WiFi6_5GHz
UE_003423,0.0116,29.41,20.5499,-65.59,7.646e-07,22.33,1.5,0.3832,-31.67,3.9e-05,0,0,73.0728,7.630516,WiFi6_5GHz
UE_003424,0.0124,-0.71,-4.9849,-95.71,0.0605010175,2.77,1.5,31.9632,-9.4758,4.1e-05,0,0,22.8515,0.191979,WiFi6_5GHz
UE_003425,0.0055,35.25,24.1547,-59.75,8.5e-09,11.77,1.5,0.3905,-8.1199,1.8e-05,0,0,73.4016,11.503719,WiFi6_5GHz
UE_003426,0.0034,-6.36,-13.1391,-101.36,0.0900316997,0.0,1.5,29.2086,26.4496,1.1e-05,0,0,22.6812,0.251584,WiFi6_5GHz
UE_003427,0.0061,6.53,-0.3577,-88.47,0.0314717699,0.0,1.5,35.9316,21.5572,2e-05,0,0,23.9241,1.48818,WiFi6_5GHz
UE_003428,0.0057,-2.91,-12.0437,-97.91,0.0538174047,6.0,1.5,12.8431,-21.5595,1.9e-05,0,0,34.99,0.399277,WiFi6_5GHz
UE_003429,0.0026,24.5,17.4595,-70.5,0.0001244162,2.86,1.5,0.5746,-6.2143,9e-06,0,0,62.6297,4.971232,WiFi6_5GHz
UE_003430,0.0118,33.65,24.2657,-61.35,9.6506e-06,20.95,1.5,0.3885,-29.5876,3.9e-05,0,0,71.1215,10.462386,WiFi6_5GHz
UE_003431,0.0017,23.22,17.4164,-71.78,0.0004770219,8.21,1.5,1.2283,1.4141,6e-06,0,0,62.1292,4.978658,WiFi6_5GHz
UE_003432,0.0092,2.06,-7.8132,-92.94,0.1270889899,1.68,1.5,18.8538,5.4678,3.1e-05,0,0,33.574,0.638409,WiFi6_5GHz
UE_003433,0.0061,31.29,25.9671,-63.71,5.6181e-06,5.53,1.5,0.1305,27.8483,2e-05,0,0,70.0097,7.587153,WiFi6_5GHz
UE_003434,0.0038,32.29,26.7345,-62.71,6.893e-06,3.04,1.5,0.2059,25.7867,1.3e-05,0,0,70.1354,10.266146,WiFi6_5GHz
UE_003435,0.0138,40.0,27.8389,-55.0,9e-10,33.28,1.5,0.2564,-29.1644,4.6e-05,0,0,78.421,12.016891,WiFi6_5GHz
UE_003436,0.0027,24.8,17.8876,-70.2,0.0006874968,18.32,1.5,1.022,-7.1625,9e-06,0,0,68.6473,5.283034,WiFi6_5GHz
UE_003437,0.0137,11.65,8.1563,-83.35,0.047538408,0.38,1.5,7.9183,9.2731,4.6e-05,0,0,47.3537,2.045621,WiFi6_5GHz
UE_003438,0.0128,-13.07,-21.4405,-108.07,0.0858110048,0.0,1.5,16.2118,-11.9746,4.3e-05,0,0,30.6096,0.1,WiFi6_5GHz
UE_003439,0.0131,-12.69,-21.4612,-107.69,0.0956181103,0.0,1.5,31.5241,19.9957,4.4e-05,0,0,20.4462,0.245631,WiFi6_5GHz
UE_003440,0.0136,-15.19,-25.6144,-110.19,0.0759979875,14.83,1.5,35.735,7.9028,4.5e-05,0,0,21.8411,0.576045,WiFi6_5GHz
UE_003441,0.0081,-3.8,-8.7342,-98.8,0.0515741675,15.75,1.5,33.1878,1.6771,2.7e-05,0,0,22.4185,0.312075,WiFi6_5GHz
UE_003442,0.01,26.57,18.5792,-68.43,3.3182e-06,25.08,1.5,0.3162,24.0078,3.3e-05,0,0,70.5145,6.89699,WiFi6_5GHz
UE_003443,0.0125,-19.15,-24.5187,-114.15,0.058461725,5.72,1.5,27.7365,31.67,4.2e-05,0,0,23.0323,0.318744,WiFi6_5GHz
UE_003444,0.0113,-6.67,-12.7225,-101.67,0.1252296169,0.04,1.5,22.5728,24.5285,3.8e-05,0,0,30.89,0.391079,WiFi6_5GHz
UE_003445,0.0155,-5.1,-11.2464,-100.1,0.1048149677,0.08,1.5,26.9881,-27.5548,5.2e-05,0,0,24.9484,0.1,WiFi6_5GHz
UE_003446,0.0029,17.76,11.9969,-77.24,0.0005403249,24.23,1.5,0.9406,-19.2375,1e-05,0,0,62.7208,3.203863,WiFi6_5GHz
UE_003447,0.0065,31.8,21.8875,-63.2,4.239e-07,5.45,1.5,0.1018,3.7435,2.2e-05,0,0,72.6996,7.486674,WiFi6_5GHz
UE_003448,0.0115,47.05,36.6719,-47.95,5.5e-09,15.03,1.6833,0.0708,29.4509,3.8e-05,0,0,82.2248,11.854044,WiFi6_5GHz
UE_003449,0.0127,5.81,-3.9433,-89.19,0.049837092,7.39,1.5,23.3276,24.6761,4.2e-05,0,0,36.555,1.037456,WiFi6_5GHz
UE_003450,0.0095,60.26,45.5114,-34.74,9.4e-09,0.53,1.5,0.0944,-11.2999,3.2e-05,0,0,80.5021,11.847284,WiFi6_5GHz
UE_003451,0.0092,-4.3,-12.7207,-99.3,0.0919392427,0.34,1.5,19.727,24.5712,3.1e-05,0,0,35.7196,0.49597,WiFi6_5GHz
UE_003452,0.0085,-2.18,-12.8425,-97.18,0.0669144156,14.57,1.5,21.9391,-21.9522,2.8e-05,0,0,28.519,0.448039,WiFi6_5GHz
UE_003453,0.0148,-16.87,-26.0502,-111.87,0.1452713054,5.22,1.5,16.7184,-31.67,4.9e-05,0,0,34.5072,0.365692,WiFi6_5GHz
UE_003454,0.0037,3.78,-6.361,-91.22,0.0904418534,13.23,1.5,33.5606,-24.4832,1.2e-05,0,0,25.257,0.568035,WiFi6_5GHz
UE_003455,0.0061,4.39,-4.4318,-90.61,0.0902709062,4.35,1.5,28.7161,-5.5924,2e-05,0,0,28.2217,0.894309,WiFi6_5GHz
UE_003456,0.0103,14.96,7.5006,-80.04,0.0376385056,0.0,1.5,4.2929,15.0736,3.4e-05,0,0,55.4033,2.264162,WiFi6_5GHz
UE_003457,0.0057,18.31,12.6645,-76.69,0.0001996216,0.0,1.5,1.967,0.1462,1.9e-05,0,0,57.458,4.383376,WiFi6_5GHz
UE_003458,0.0014,39.92,28.8404,-55.08,7.5e-09,12.4,1.5,0.4865,26.305,5e-06,0,0,80.7474,11.671613,WiFi6_5GHz
UE_003459,0.0044,19.88,12.1328,-75.12,0.0001970177,3.95,2.0283,0.9096,-20.7473,1.5e-05,0,0,61.5914,4.564829,WiFi6_5GHz
UE_003460,0.0161,9.19,0.3933,-85.81,0.0345797371,0.19,1.5,14.1817,-23.9341,5.4e-05,0,0,40.943,1.887865,WiFi6_5GHz
UE_003461,0.0036,-8.13,-17.1341,-103.13,0.0938003733,25.48,1.5,26.3223,10.2376,1.2e-05,0,0,29.4474,0.429317,WiFi6_5GHz
UE_003462,0.0035,24.24,17.7864,-70.76,0.0004550128,1.02,1.5,0.7903,-26.1368,1.2e-05,0,0,63.033,5.114601,WiFi6_5GHz
UE_003463,0.0021,33.84,22.8644,-61.16,5.8733e-06,0.0,1.5,0.3603,2.6383,7e-06,0,0,73.0253,10.867996,WiFi6_5GHz
UE_003464,0.0164,6.25,-3.9298,-88.75,0.0484131108,16.97,1.5,28.9494,-16.6523,5.5e-05,0,0,32.4436,1.07169,WiFi6_5GHz
UE_003465,0.0085,4.9,-5.187,-90.1,0.1165052023,2.04,1.5,37.2854,-19.9334,2.8e-05,0,0,27.8915,0.30653,WiFi6_5GHz
UE_003466,0.0011,24.21,12.9815,-70.79,0.000541158,7.55,1.5,1.9898,-8.8107,4e-06,0,0,63.426,5.457594,WiFi6_5GHz
UE_003467,0.0146,-6.77,-16.244,-101.77,0.0526128699,1.36,1.5,35.8248,-25.1947,4.9e-05,0,0,19.7178,0.404169,WiFi6_5GHz
UE_003468,0.0155,51.22,41.9388,-43.78,5e-10,0.0,1.5,0.3107,31.318,5.2e-05,0,0,75.6309,11.805318,WiFi6_5GHz
UE_003469,0.0121,-12.36,-19.6645,-107.36,0.0889953736,2.31,1.5,30.6043,-21.5738,4e-05,0,0,23.767,0.249507,WiFi6_5GHz
UE_003470,0.0095,-18.85,-30.8563,-113.85,0.1327369451,1.66,1.5,9.5427,-31.67,3.2e-05,0,0,37.3086,0.215082,WiFi6_5GHz
UE_003471,0.0105,-5.66,-14.7365,-100.66,0.118610811,31.29,1.5,24.9874,18.6581,3.5e-05,0,0,30.1357,0.1,WiFi6_5GHz
UE_003472,0.0082,10.63,0.424,-84.37,0.0133008799,24.97,1.5,6.1337,-31.67,2.7e-05,0,0,54.0029,1.801596,WiFi6_5GHz
UE_003473,0.0084,0.17,-9.3391,-94.83,0.1338128812,7.45,1.5,30.9211,23.536,2.8e-05,0,0,23.2928,0.407892,WiFi6_5GHz
UE_003474,0.0115,-5.49,-15.8361,-100.49,0.0926379723,0.0,1.5,36.701,-17.4191,3.8e-05,0,0,20.6,0.380539,WiFi6_5GHz
UE_003475,0.0063,28.09,17.9506,-66.91,5.7129e-06,0.0,1.5,0.004,-2.2258,2.1e-05,0,0,71.064,8.018985,WiFi6_5GHz
UE_003476,0.0028,7.8,-5.4924,-87.2,0.0096772552,19.22,1.5,14.6475,20.2502,9e-06,0,0,41.5712,1.35821,WiFi6_5GHz
UE_003477,0.0053,28.06,16.4857,-66.94,9.112e-06,14.78,1.5,0.0039,-17.8262,1.8e-05,0,0,70.5049,7.945401,WiFi6_5GHz
UE_003478,0.0018,30.11,24.5874,-64.89,8.9021e-06,28.62,1.5,0.1795,13.9838,6e-06,0,0,71.8004,7.559733,WiFi6_5GHz
UE_003479,0.0068,-5.22,-14.6657,-100.22,0.0640988505,4.61,1.5,24.6315,-1.0628,2.3e-05,0,0,28.2232,0.365577,WiFi6_5GHz
UE_003480,0.0141,1.61,-9.7937,-93.39,0.1329058323,0.78,1.5,32.9461,14.1616,4.7e-05,0,0,22.5903,0.455078,WiFi6_5GHz
UE_003481,0.0021,23.34,15.7938,-71.66,0.0001636526,0.01,1.5,1.0572,-12.9052,7e-06,0,0,69.0862,5.134825,WiFi6_5GHz
UE_003482,0.0138,5.05,-4.6657,-89.95,0.0417953353,13.44,1.5,25.8326,-31.67,4.6e-05,0,0,32.0483,1.0421,WiFi6_5GHz
UE_003483,0.0094,23.88,12.6021,-71.12,0.0008677431,26.1,1.5,0.6284,5.2675,3.1e-05,0,0,70.8542,5.170168,WiFi6_5GHz
UE_003484,0.0116,0.63,-6.6452,-94.37,0.1013733575,15.93,1.5,10.8371,31.3495,3.9e-05,0,0,40.0814,0.524386,WiFi6_5GHz
UE_003485,0.0021,10.68,4.3625,-84.32,0.0207419168,23.87,1.5,7.6421,-13.2429,7e-06,0,0,50.7269,1.86199,WiFi6_5GHz
UE_003486,0.0102,53.59,48.8437,-41.41,4e-09,0.0,1.5,0.4538,-27.7635,3.4e-05,0,0,79.6193,11.382322,WiFi6_5GHz
UE_003487,0.0145,-3.65,-12.4354,-98.65,0.1125803588,0.12,1.5,9.9568,28.513,4.8e-05,0,0,36.3163,0.1,WiFi6_5GHz
UE_003488,0.0158,54.13,48.4002,-40.87,8.1e-09,20.12,1.5,0.2376,-10.8919,5.3e-05,0,0,81.6395,11.607544,WiFi6_5GHz
UE_003489,0.0101,36.63,25.5349,-58.37,9e-10,21.89,1.5,0.2582,-25.8642,3.4e-05,0,0,80.3411,11.609304,WiFi6_5GHz
UE_003490,0.0085,7.03,-0.3517,-87.97,0.0235493453,24.39,1.525,10.3029,-10.1511,2.8e-05,0,0,44.9209,0.878573,WiFi6_5GHz
UE_003491,0.0053,26.58,18.175,-68.42,8.2101e-06,3.54,1.506,0.1545,-3.794,1.8e-05,0,0,63.557,7.660796,WiFi6_5GHz
UE_003492,0.0051,-12.39,-20.5973,-107.39,0.0734533684,0.0,1.5,11.0724,-13.9867,1.7e-05,0,0,35.0193,0.54359,WiFi6_5GHz
UE_003493,0.0103,44.71,35.2451,-50.29,2.3e-09,0.0,1.5,0.3654,-1.1772,3.4e-05,0,0,77.5965,11.668407,WiFi6_5GHz
UE_003494,0.0055,-13.73,-21.8775,-108.73,0.0572006108,1.27,1.5,10.8988,-4.5287,1.8e-05,0,0,36.0946,0.1,WiFi6_5GHz
UE_003495,0.0089,17.89,9.5249,-77.11,0.000329493,12.34,1.5,0.9364,27.6913,3e-05,0,0,59.7951,3.357832,WiFi6_5GHz
UE_003496,0.0108,-0.57,-11.6358,-95.57,0.1286733896,25.25,1.5,15.2891,18.109,3.6e-05,0,0,36.5975,0.200105,WiFi6_5GHz
UE_003497,0.0085,6.07,-1.2972,-88.93,0.0103099706,11.07,1.5,15.6047,4.2504,2.8e-05,0,0,41.1645,1.24767,WiFi6_5GHz
UE_003498,0.0161,32.63,25.8227,-62.37,4.7727e-06,0.0,1.5,0.379,31.67,5.4e-05,0,0,75.01,10.386294,WiFi6_5GHz
UE_003499,0.0149,2.12,-9.2597,-92.88,0.0553696393,1.62,1.5,38.1492,-7.6164,5e-05,0,0,21.8719,0.374223,WiFi6_5GHz
UE_003500,0.0052,23.75,17.548,-71.25,0.0008002954,13.45,1.5,0.8646,30.1899,1.7e-05,0,0,64.8958,5.331666,WiFi6_5GHz
UE_003501,0.0164,-4.47,-13.4556,-99.47,0.0937123041,35.34,1.5595,24.2967,20.4025,5.5e-05,0,0,34.1693,0.232091,WiFi6_5GHz
UE_003502,0.0066,11.03,-0.6605,-83.97,0.0053364916,13.28,1.5,4.9639,10.8708,2.2e-05,0,0,51.3593,2.410468,WiFi6_5GHz
UE_003503,0.0105,45.32,40.08,-49.68,1.7e-09,0.13,1.5,0.4469,6.1552,3.5e-05,0,0,79.562,12.006343,WiFi6_5GHz
UE_003504,0.0045,18.85,9.3986,-76.15,0.0008466159,0.0,1.5,1.0534,-29.6115,1.5e-05,0,0,56.9698,3.466771,WiFi6_5GHz
UE_003505,0.0013,11.02,4.9294,-83.98,0.0383281911,0.0,1.5,6.0025,-9.5621,4e-06,0,0,46.9634,2.24043,WiFi6_5GHz
UE_003506,0.0166,29.95,22.9031,-65.05,7.9763e-06,31.64,1.5,0.4989,-20.6806,5.5e-05,0,0,76.0874,7.66532,WiFi6_5GHz
UE_003507,0.0099,43.98,36.5767,-51.02,4e-09,29.86,1.5,0.0074,-24.0808,3.3e-05,0,0,84.6994,11.723621,WiFi6_5GHz
UE_003508,0.0095,55.66,45.8801,-39.34,8.7e-09,11.81,1.5,0.4641,30.508,3.2e-05,0,0,79.7551,11.446126,WiFi6_5GHz
UE_003509,0.0137,36.43,32.6767,-58.57,8e-09,22.17,1.5,0.2376,16.0685,4.6e-05,0,0,78.4669,11.801665,WiFi6_5GHz
UE_003510,0.0155,14.16,8.3316,-80.84,0.0011760867,0.05,1.5,6.4067,-11.5992,5.2e-05,0,0,51.8675,2.254196,WiFi6_5GHz
UE_003511,0.0059,54.51,41.3181,-40.49,6.1e-09,0.0,1.5,0.1663,19.0857,2e-05,0,0,71.801,11.939909,WiFi6_5GHz
UE_003512,0.0166,16.45,8.8624,-78.55,0.0004438792,4.95,1.5,0.7493,7.8208,5.5e-05,0,0,58.2291,3.567926,WiFi6_5GHz
UE_003513,0.0079,-4.23,-12.8695,-99.23,0.0595916554,47.94,1.5,15.092,-14.3933,2.6e-05,0,0,42.076,0.2517,WiFi6_5GHz
UE_003514,0.0077,-4.83,-15.0945,-99.83,0.0613073921,1.57,1.5,27.0815,-10.9409,2.6e-05,0,0,25.5339,0.341633,WiFi6_5GHz
UE_003515,0.0048,38.16,27.6469,-56.84,7.5e-09,14.51,1.5,0.1673,17.8871,1.6e-05,0,0,77.7982,11.967857,WiFi6_5GHz
UE_003516,0.0102,2.78,-4.5704,-92.22,0.1188678309,1.91,1.5,14.5057,7.9229,3.4e-05,0,0,34.7165,0.641494,WiFi6_5GHz
UE_003517,0.0109,-10.68,-18.229,-105.68,0.1055435852,2.3,1.5,31.9753,-26.4302,3.6e-05,0,0,25.5131,0.415919,WiFi6_5GHz
UE_003518,0.0059,55.58,49.2885,-39.42,4.9e-09,9.94,1.5,0.2741,-3.5412,2e-05,0,0,79.2486,11.680631,WiFi6_5GHz
UE_003519,0.0026,33.0,26.9764,-62.0,9.2253e-06,5.27,1.5,0.4761,-30.7173,9e-06,0,0,73.8929,10.541554,WiFi6_5GHz
UE_003520,0.0143,-3.39,-7.606,-98.39,0.0807054208,19.69,1.5,36.0912,-27.3078,4.8e-05,0,0,20.7448,0.213268,WiFi6_5GHz
UE_003521,0.0154,15.24,7.0216,-79.76,0.0004636349,8.88,1.5,0.7764,-30.8929,5.1e-05,0,0,56.4917,3.301412,WiFi6_5GHz
UE_003522,0.0026,26.72,18.1084,-68.28,6.5079e-06,1.33,1.5,0.2623,19.9665,9e-06,0,0,66.9029,6.972711,WiFi6_5GHz
UE_003523,0.0076,10.78,0.2758,-84.22,0.0226650883,0.0,1.5,4.0153,-31.67,2.5e-05,0,0,46.2492,1.686257,WiFi6_5GHz
UE_003524,0.0036,10.82,3.3062,-84.18,0.0341279233,17.58,1.5,3.5798,-10.6522,1.2e-05,0,0,50.8405,1.810986,WiFi6_5GHz
UE_003525,0.0102,-3.71,-12.837,-98.71,0.1006358902,27.24,1.5,20.1258,-22.6966,3.4e-05,0,0,32.9674,0.1,WiFi6_5GHz
UE_003526,0.0088,9.6,-2.8855,-85.4,0.0194721091,13.76,1.5,24.7379,20.7556,2.9e-05,0,0,35.8661,1.763301,WiFi6_5GHz
UE_003527,0.0013,16.15,8.1905,-78.85,0.0006122854,7.92,1.5,1.3673,-23.1234,4e-06,0,0,54.7592,3.672462,WiFi6_5GHz
UE_003528,0.0074,8.07,1.7899,-86.93,0.0449214906,0.0,1.5,37.2998,1.8126,2.5e-05,0,0,26.7658,1.794318,WiFi6_5GHz
UE_003529,0.0068,50.66,43.0052,-44.34,6.1e-09,0.0,1.5,0.0647,17.8131,2.3e-05,0,0,78.3791,11.52882,WiFi6_5GHz
UE_003530,0.0066,33.01,22.9607,-61.99,9.3736e-06,29.38,1.5,0.4737,17.744,2.2e-05,0,0,74.2424,10.399448,WiFi6_5GHz
UE_003531,0.009,1.41,-9.6307,-93.59,0.1060556787,33.35,1.5,21.0101,19.4793,3e-05,0,0,34.1606,0.1,WiFi6_5GHz
UE_003532,0.0023,34.49,25.4775,-60.51,4.2756e-06,7.87,1.5203,0.0308,-18.3869,8e-06,0,0,74.0199,10.612084,WiFi6_5GHz
UE_003533,0.0119,40.15,34.3649,-54.85,3.3e-09,7.22,1.5,0.4525,-10.0955,4e-05,0,0,81.386,11.82477,WiFi6_5GHz
UE_003534,0.0096,47.72,41.6743,-47.28,8.7e-09,0.0,1.5,0.1561,-10.1179,3.2e-05,0,0,77.5598,11.686198,WiFi6_5GHz
UE_003535,0.0135,-4.56,-13.8163,-99.56,0.0717983568,0.38,1.5,19.9878,6.2188,4.5e-05,0,0,30.771,0.338955,WiFi6_5GHz
UE_003536,0.0124,25.95,16.9352,-69.05,3.2918e-06,5.14,1.5,0.4602,3.7629,4.1e-05,0,0,64.6537,7.061363,WiFi6_5GHz
UE_003537,0.0124,-12.77,-21.4841,-107.77,0.113003404,26.74,1.6033,34.3114,-4.8859,4.1e-05,0,0,25.7448,0.238866,WiFi6_5GHz
UE_003538,0.011,-5.79,-12.2582,-100.79,0.0912822015,12.32,1.5,32.5532,-1.1364,3.7e-05,0,0,24.5269,0.222459,WiFi6_5GHz
UE_003539,0.003,20.41,14.4949,-74.59,0.0008827469,7.38,1.5,1.6861,-6.536,1e-05,0,0,60.3461,4.70657,WiFi6_5GHz
UE_003540,0.0061,-15.47,-26.4526,-110.47,0.1372418397,1.78,1.5,24.4757,26.1173,2e-05,0,0,28.8594,0.312399,WiFi6_5GHz
UE_003541,0.0033,-1.59,-7.6614,-96.59,0.0875624601,0.04,1.5,36.3884,-15.768,1.1e-05,0,0,19.1215,0.719479,WiFi6_5GHz
UE_003542,0.0011,-16.0,-24.3562,-111.0,0.0840338477,18.46,1.5,33.1101,-31.67,4e-06,0,0,26.753,0.104098,WiFi6_5GHz
UE_003543,0.0159,39.01,34.4152,-55.99,1.9e-09,8.68,1.5,0.2727,-1.8074,5.3e-05,0,0,82.4467,11.663612,WiFi6_5GHz
UE_003544,0.0106,5.88,3.0455,-89.12,0.0278860362,15.06,1.5,15.1248,-1.2664,3.5e-05,0,0,43.5541,1.000053,WiFi6_5GHz
UE_003545,0.0122,8.78,-0.6783,-86.22,0.0321872306,14.82,1.5,19.2671,-5.1674,4.1e-05,0,0,43.1419,2.0574,WiFi6_5GHz
UE_003546,0.0016,24.86,16.8288,-70.14,0.0006675574,1.31,1.5,1.1912,-7.0754,5e-06,0,0,66.1937,5.529123,WiFi6_5GHz
UE_003547,0.0021,0.94,-7.8121,-94.06,0.0629184366,0.33,1.5,17.5172,21.3474,7e-06,0,0,32.5502,0.175015,WiFi6_5GHz
UE_003548,0.0096,11.84,7.2231,-83.16,0.0220127126,21.12,1.5,4.2829,-11.028,3.2e-05,0,0,54.139,2.438407,WiFi6_5GHz
UE_003549,0.0079,35.15,29.3442,-59.85,4.5e-09,18.4,1.5,0.3564,30.2988,2.6e-05,0,0,75.5816,11.92378,WiFi6_5GHz
UE_003550,0.0082,-6.37,-10.0673,-101.37,0.1169552316,13.76,1.5,25.0341,-7.6668,2.7e-05,0,0,29.7175,0.1,WiFi6_5GHz
UE_003551,0.0112,25.33,14.588,-69.67,6.9199e-06,7.15,1.5,0.293,29.275,3.7e-05,0,0,66.5029,7.04471,WiFi6_5GHz
UE_003552,0.0169,56.09,52.4069,-38.91,6e-10,0.17,1.5,0.324,-4.5268,5.6e-05,0,0,80.2622,11.787348,WiFi6_5GHz
UE_003553,0.0053,14.22,8.2519,-80.78,0.0012611324,0.18,1.6094,7.6145,-6.8067,1.8e-05,0,0,53.392,2.579091,WiFi6_5GHz
UE_003554,0.0156,38.55,26.5137,-56.45,6.8e-09,4.02,1.5,0.466,-20.2744,5.2e-05,0,0,75.6346,12.020744,WiFi6_5GHz
UE_003555,0.0071,17.95,11.4289,-77.05,5.91515e-05,6.02,1.5,1.5452,-13.7492,2.4e-05,0,0,62.0382,3.274489,WiFi6_5GHz
UE_003556,0.0107,28.84,17.7067,-66.16,3.7918e-06,9.61,1.5,0.3066,24.874,3.6e-05,0,0,65.266,7.880043,WiFi6_5GHz
UE_003557,0.0012,30.68,20.8106,-64.32,9.1546e-06,18.84,1.5,0.1661,-13.5929,4e-06,0,0,76.5232,7.729401,WiFi6_5GHz
UE_003558,0.0167,5.7,0.3731,-89.3,0.0422313668,0.0,1.5,33.5526,9.0258,5.6e-05,0,0,26.1631,1.13618,WiFi6_5GHz
UE_003559,0.0047,-5.94,-11.8223,-100.94,0.1471063087,0.11,1.5,37.7,-3.8953,1.6e-05,0,0,16.9608,0.457049,WiFi6_5GHz
UE_003560,0.0027,-14.23,-23.9307,-109.23,0.1202187343,9.56,1.5,8.5621,31.67,9e-06,0,0,40.3412,0.34482,WiFi6_5GHz
UE_003561,0.0051,36.38,27.2199,-58.62,8.6e-09,19.69,1.5,0.2413,-24.8207,1.7e-05,0,0,78.1164,11.867877,WiFi6_5GHz
UE_003562,0.0107,-6.69,-15.6355,-101.69,0.055719053,5.73,1.5,25.3511,11.94,3.6e-05,0,0,27.4733,0.1,WiFi6_5GHz
UE_003563,0.0106,59.81,52.1123,-35.19,1.3e-09,5.5,1.5,0.0407,19.4094,3.5e-05,0,0,77.6638,11.839159,WiFi6_5GHz
UE_003564,0.0052,-5.18,-10.4019,-100.18,0.1088076886,0.04,1.5,33.7795,-22.8382,1.7e-05,0,0,23.3936,0.1,WiFi6_5GHz
UE_003565,0.0168,-6.67,-14.2432,-101.67,0.1309361324,2.41,1.5,36.0529,7.7075,5.6e-05,0,0,18.2626,0.144923,WiFi6_5GHz
UE_003566,0.0068,31.71,21.491,-63.29,6.676e-07,10.18,1.5,0.3744,31.1871,2.3e-05,0,0,72.5254,8.020745,WiFi6_5GHz
UE_003567,0.0035,7.36,-4.0191,-87.64,0.0167242077,16.46,1.5,37.2451,-16.7374,1.2e-05,0,0,25.9439,1.387467,WiFi6_5GHz
UE_003568,0.0055,22.42,13.2902,-72.58,0.0009246691,12.52,1.5,0.8578,0.277,1.8e-05,0,0,63.4525,5.325897,WiFi6_5GHz
UE_003569,0.0132,18.62,7.8678,-76.38,0.0009097027,7.1,1.5,1.2259,25.2092,4.4e-05,0,0,61.1014,3.282957,WiFi6_5GHz
UE_003570,0.0166,9.3,4.3566,-85.7,0.046878691,0.46,1.5,32.9182,-28.7704,5.5e-05,0,0,30.0893,1.714809,WiFi6_5GHz
UE_003571,0.0105,31.39,22.3638,-63.61,4.4625e-06,0.6,1.5758,0.2717,4.7819,3.5e-05,0,0,69.2099,7.826968,WiFi6_5GHz
UE_003572,0.0145,-1.26,-10.2073,-96.26,0.1103457321,13.03,1.5,8.2512,-3.8406,4.8e-05,0,0,40.7881,0.467234,WiFi6_5GHz
UE_003573,0.0113,-11.94,-16.1464,-106.94,0.0714597814,14.57,1.5,14.7366,12.5138,3.8e-05,0,0,35.6065,0.1,WiFi6_5GHz
UE_003574,0.0037,31.49,20.7479,-63.51,9.1758e-06,11.44,1.5,0.2561,-13.4888,1.2e-05,0,0,73.5233,7.710052,WiFi6_5GHz
UE_003575,0.0169,39.24,30.1654,-55.76,1e-08,10.2,1.5,0.1788,8.3302,5.6e-05,0,0,77.038,11.636266,WiFi6_5GHz
UE_003576,0.0097,-6.22,-15.6517,-101.22,0.0516172463,0.62,1.5,19.6665,30.8358,3.2e-05,0,0,31.1364,0.322642,WiFi6_5GHz
UE_003577,0.0098,-15.47,-20.1447,-110.47,0.1459880183,0.52,1.5,20.0276,-7.7366,3.3e-05,0,0,30.264,0.218115,WiFi6_5GHz
UE_003578,0.016,-14.16,-20.034,-109.16,0.1497701122,14.93,1.5,10.0191,13.3076,5.3e-05,0,0,41.0247,0.495513,WiFi6_5GHz
UE_003579,0.0073,-0.08,-7.569,-95.08,0.135200826,11.5,1.5,18.6232,-19.44,2.4e-05,0,0,35.196,0.418476,WiFi6_5GHz
UE_003580,0.0022,-0.29,-10.0286,-95.29,0.116464604,15.76,1.5,14.2098,31.6406,7e-06,0,0,33.6673,0.263266,WiFi6_5GHz
UE_003581,0.0053,-8.46,-15.9067,-103.46,0.0883109291,12.5,1.5,9.4405,22.3269,1.8e-05,0,0,39.7211,0.1,WiFi6_5GHz
UE_003582,0.0114,31.84,22.1656,-63.16,7.8356e-06,0.01,1.5,0.0018,-28.0631,3.8e-05,0,0,69.7821,7.618439,WiFi6_5GHz
UE_003583,0.0156,0.55,-9.0053,-94.45,0.1045392535,2.31,1.5,33.6114,-22.4648,5.2e-05,0,0,24.5507,0.212153,WiFi6_5GHz
UE_003584,0.0082,-4.91,-11.5808,-99.91,0.0826574398,14.68,1.5,36.7258,2.057,2.7e-05,0,0,24.7001,0.415246,WiFi6_5GHz
UE_003585,0.008,28.0,15.8532,-67.0,8.2168e-06,32.0,1.5,0.0395,18.1302,2.7e-05,0,0,72.0443,7.738386,WiFi6_5GHz
UE_003586,0.0132,-7.73,-15.433,-102.73,0.1482826338,5.14,1.5,8.7814,15.2083,4.4e-05,0,0,37.353,0.554219,WiFi6_5GHz
UE_003587,0.0024,42.89,32.8514,-52.11,8.1e-09,11.51,1.5,0.3687,10.7497,8e-06,0,0,80.1754,11.278589,WiFi6_5GHz
UE_003588,0.0081,1.63,-4.5799,-93.37,0.1093770852,0.89,1.5,37.2296,-15.2149,2.7e-05,0,0,24.8963,0.141368,WiFi6_5GHz
UE_003589,0.0144,25.16,17.1982,-69.84,3.9363e-06,0.79,1.5,0.3226,-31.67,4.8e-05,0,0,60.1597,7.059683,WiFi6_5GHz
UE_003590,0.006,10.91,1.8067,-84.09,0.0073356481,26.62,1.5603,6.7298,-17.741,2e-05,0,0,53.8381,1.862614,WiFi6_5GHz
UE_003591,0.0044,44.24,35.2813,-50.76,9.9e-09,7.62,1.5,0.3471,-18.8275,1.5e-05,0,0,78.0748,11.715618,WiFi6_5GHz
UE_003592,0.0137,-5.68,-11.9451,-100.68,0.0696943152,0.0,1.5,10.2,1.0387,4.6e-05,0,0,37.1648,0.392885,WiFi6_5GHz
UE_003593,0.0118,48.13,42.1835,-46.87,2.6e-09,19.12,1.5,0.4542,14.4089,3.9e-05,0,0,80.0402,11.890183,WiFi6_5GHz
UE_003594,0.0053,57.81,51.6995,-37.19,2e-09,1.82,1.5,0.063,18.9981,1.8e-05,0,0,81.968,11.736779,WiFi6_5GHz
UE_003595,0.0168,-14.73,-26.8869,-109.73,0.0823284031,1.23,1.5,23.6832,-31.67,5.6e-05,0,0,27.9105,0.115561,WiFi6_5GHz
UE_003596,0.0082,4.43,-2.0657,-90.57,0.1079839576,21.64,1.7328,36.7052,-31.67,2.7e-05,0,0,29.7517,0.48316,WiFi6_5GHz
UE_003597,0.0018,36.43,26.2388,-58.57,4e-09,22.69,1.5,0.1716,-25.6397,6e-06,0,0,74.1793,11.673257,WiFi6_5GHz
UE_003598,0.0136,15.5,8.6593,-79.5,0.0004991374,3.5,1.5,1.679,-17.9112,4.5e-05,0,0,56.3904,3.499105,WiFi6_5GHz
UE_003599,0.0074,28.37,18.3843,-66.63,9.2379e-06,2.86,1.5,0.4196,16.5446,2.5e-05,0,0,67.8866,7.673611,WiFi6_5GHz
UE_003600,0.0023,37.36,28.9177,-57.64,9.8e-09,0.0,1.5,0.4817,-25.569,8e-06,0,0,77.8916,12.09406,WiFi6_5GHz
UE_003601,0.0119,54.23,47.0783,-40.77,4.8e-09,0.52,1.5,0.1348,29.4644,4e-05,0,0,79.685,11.533518,WiFi6_5GHz
UE_003602,0.0162,-10.04,-19.8102,-105.04,0.1249326197,21.09,1.5,15.5287,-20.5488,5.4e-05,0,0,38.1656,0.128538,WiFi6_5GHz
UE_003603,0.0131,17.9,9.5484,-77.1,0.0007320024,33.12,1.5,1.7937,31.67,4.4e-05,0,0,66.153,3.485401,WiFi6_5GHz
UE_003604,0.0078,9.36,-3.1039,-85.64,0.0268815467,10.41,1.5,25.5737,31.3832,2.6e-05,0,0,35.7385,1.6579,WiFi6_5GHz
UE_003605,0.0136,27.82,21.9069,-67.18,2.9895e-06,7.96,1.5,0.4377,-12.4823,4.5e-05,0,0,69.3822,6.92846,WiFi6_5GHz
UE_003606,0.0059,-18.5,-23.6146,-113.5,0.0557912101,0.0,1.5,10.2835,27.4675,2e-05,0,0,41.4778,0.325739,WiFi6_5GHz
UE_003607,0.0086,19.13,8.1902,-75.87,0.0007302467,0.0,1.5,1.7437,-5.4695,2.9e-05,0,0,55.7661,4.79877,WiFi6_5GHz
UE_003608,0.008,38.35,28.7838,-56.65,2.2e-09,13.86,1.5,0.1267,14.7965,2.7e-05,0,0,80.4283,12.302173,WiFi6_5GHz
UE_003609,0.0047,-5.29,-15.0763,-100.29,0.1323871284,2.43,1.5,35.4865,17.6406,1.6e-05,0,0,22.281,0.324053,WiFi6_5GHz
UE_003610,0.0072,40.88,35.3324,-54.12,1.2e-09,6.75,1.5,0.3463,3.6199,2.4e-05,0,0,79.5435,11.660734,WiFi6_5GHz
UE_003611,0.0053,-2.06,-8.0512,-97.06,0.0680096519,11.11,1.5433,8.8781,-10.2367,1.8e-05,0,0,39.3982,0.494455,WiFi6_5GHz
UE_003612,0.0161,-2.06,-9.8994,-97.06,0.1381016311,0.06,1.5,28.7885,26.2803,5.4e-05,0,0,23.9613,0.292722,WiFi6_5GHz
UE_003613,0.0037,7.64,2.8841,-87.36,0.0212608549,0.8,1.5,16.0176,-4.5086,1.2e-05,0,0,38.2451,0.945182,WiFi6_5GHz
UE_003614,0.0054,12.09,4.6415,-82.91,0.0184574308,21.23,1.5,6.6663,5.1071,1.8e-05,0,0,49.9369,2.465913,WiFi6_5GHz
UE_003615,0.0086,50.47,45.8023,-44.53,8.8e-09,19.07,1.5,0.1519,6.1574,2.9e-05,0,0,82.699,11.486248,WiFi6_5GHz
UE_003616,0.0142,6.31,1.0367,-88.69,0.0425659499,9.46,1.5,17.9552,29.5396,4.7e-05,0,0,39.8652,0.907859,WiFi6_5GHz
UE_003617,0.0033,23.11,17.2532,-71.89,0.0005159198,0.91,1.5,1.2486,-22.0043,1.1e-05,0,0,65.3369,5.450682,WiFi6_5GHz
UE_003618,0.0051,-4.55,-15.5368,-99.55,0.0749472225,1.15,1.5,9.7061,26.7158,1.7e-05,0,0,34.5628,0.451969,WiFi6_5GHz
UE_003619,0.014,53.35,41.481,-41.65,8.6e-09,0.38,1.5,0.471,11.5035,4.7e-05,0,0,80.045,12.02312,WiFi6_5GHz
UE_003620,0.0144,5.29,-2.8414,-89.71,0.0067697185,40.86,1.5,12.6113,2.3678,4.8e-05,0,0,45.9237,1.176152,WiFi6_5GHz
UE_003621,0.0062,26.99,20.9009,-68.01,4.726e-07,8.36,1.5,0.3455,8.5369,2.1e-05,0,0,70.1446,7.373636,WiFi6_5GHz
UE_003622,0.008,39.84,33.4873,-55.16,4.8e-09,19.4,1.5,0.164,9.2107,2.7e-05,0,0,78.5986,11.726933,WiFi6_5GHz
UE_003623,0.002,46.48,39.8899,-48.52,8.2e-09,15.0,1.5,0.1063,26.5564,7e-06,0,0,79.1811,11.246333,WiFi6_5GHz
UE_003624,0.01,-10.01,-17.0573,-105.01,0.1491190218,0.0,1.5,27.5371,31.67,3.3e-05,0,0,24.2482,0.203615,WiFi6_5GHz
UE_003625,0.0101,37.39,27.903,-57.61,5.6e-09,0.2,1.5,0.0688,17.8219,3.4e-05,0,0,79.1253,11.507643,WiFi6_5GHz
UE_003626,0.0076,-1.63,-11.1461,-96.63,0.1171511386,10.27,1.5,27.4263,-5.3958,2.5e-05,0,0,24.0132,0.42948,WiFi6_5GHz
UE_003627,0.0155,4.21,-1.5389,-90.79,0.1038903599,1.82,1.5,29.3707,31.5165,5.2e-05,0,0,27.5499,0.526992,WiFi6_5GHz
UE_003628,0.007,39.84,31.6487,-55.16,6e-10,7.89,1.5,0.3831,-1.8236,2.3e-05,0,0,81.386,11.755413,WiFi6_5GHz
UE_003629,0.0033,32.68,26.1052,-62.32,7.6403e-06,5.52,1.5,0.4634,1.0688,1.1e-05,0,0,71.6933,10.680184,WiFi6_5GHz
UE_003630,0.0115,-6.22,-17.7699,-101.22,0.0622080437,0.0,1.5,18.458,15.5971,3.8e-05,0,0,32.3828,0.455917,WiFi6_5GHz
UE_003631,0.0016,-6.84,-15.54,-101.84,0.0785254007,0.0,1.5,34.7951,11.0519,5e-06,0,0,21.4462,0.67528,WiFi6_5GHz
UE_003632,0.0092,0.54,-4.9955,-94.46,0.0669185502,6.34,1.5,31.4939,-11.4809,3.1e-05,0,0,27.7921,0.23782,WiFi6_5GHz
UE_003633,0.0143,-7.43,-16.2676,-102.43,0.1340832322,19.48,1.5938,12.9713,-2.2683,4.8e-05,0,0,38.115,0.1,WiFi6_5GHz
UE_003634,0.0045,-1.55,-10.585,-96.55,0.1493528406,18.94,1.5,18.9979,27.8408,1.5e-05,0,0,30.8472,0.657433,WiFi6_5GHz
UE_003635,0.0127,-13.41,-24.0743,-108.41,0.1241060809,9.01,1.5,13.8068,9.1373,4.2e-05,0,0,33.0359,0.207834,WiFi6_5GHz
UE_003636,0.0128,-5.91,-16.9749,-100.91,0.1170705891,0.05,1.5,9.6863,-9.9094,4.3e-05,0,0,37.9619,0.149503,WiFi6_5GHz
UE_003637,0.0068,-15.04,-23.9611,-110.04,0.0505187122,0.0,1.5066,28.9052,12.809,2.3e-05,0,0,22.016,0.426279,WiFi6_5GHz
UE_003638,0.0163,39.65,37.1463,-55.35,2.7e-09,9.06,1.5,0.2339,30.8438,5.4e-05,0,0,76.8626,11.383288,WiFi6_5GHz
UE_003639,0.0135,-0.15,-5.6166,-95.15,0.1057496445,21.12,1.5,8.8729,-1.1495,4.5e-05,0,0,39.8934,0.388993,WiFi6_5GHz
UE_003640,0.0166,7.05,-1.0251,-87.95,0.0238181336,3.14,1.5,18.1731,-16.5323,5.5e-05,0,0,40.084,1.180036,WiFi6_5GHz
UE_003641,0.0013,8.0,2.1336,-87.0,0.0310700889,24.34,1.5,37.5331,2.2899,4e-06,0,0,29.1195,1.544098,WiFi6_5GHz
UE_003642,0.0151,-8.42,-20.1859,-103.42,0.1235316046,0.05,1.6932,17.9127,4.3563,5e-05,0,0,31.5956,0.373625,WiFi6_5GHz
UE_003643,0.0035,23.21,10.0594,-71.79,0.0003800683,0.02,1.5,0.5837,-25.8732,1.2e-05,0,0,60.4597,5.344141,WiFi6_5GHz
UE_003644,0.0121,-11.82,-21.9469,-106.82,0.1094051981,21.96,1.5,34.1844,9.6325,4e-05,0,0,25.9885,0.439038,WiFi6_5GHz
UE_003645,0.0077,28.66,24.0454,-66.34,3.3038e-06,10.83,1.5,0.4342,12.401,2.6e-05,0,0,72.5173,8.002831,WiFi6_5GHz
UE_003646,0.0139,-13.99,-22.5806,-108.99,0.0860822295,7.59,1.5,13.0359,26.733,4.6e-05,0,0,36.1729,0.254943,WiFi6_5GHz
UE_003647,0.0056,-16.73,-25.6263,-111.73,0.1142638185,5.06,1.5,18.3077,-15.707,1.9e-05,0,0,34.0196,0.163738,WiFi6_5GHz
UE_003648,0.0129,54.9,44.9331,-40.1,4.7e-09,2.79,1.5,0.224,-4.0942,4.3e-05,0,0,78.5055,11.281163,WiFi6_5GHz
UE_003649,0.006,-7.27,-16.6229,-102.27,0.0584538985,1.64,1.5,37.383,4.3898,2e-05,0,0,20.0018,0.446448,WiFi6_5GHz
UE_003650,0.0146,30.1,19.081,-64.9,9.799e-06,13.27,1.7226,0.0586,29.5297,4.9e-05,0,0,73.2962,7.642711,WiFi6_5GHz
UE_003651,0.0121,15.48,7.1107,-79.52,0.0002355356,12.29,1.5,1.9364,29.0697,4e-05,0,0,56.9349,3.598883,WiFi6_5GHz
UE_003652,0.007,15.03,4.0505,-79.97,0.0005794409,10.15,1.5,0.7204,26.9881,2.3e-05,0,0,55.4216,3.855858,WiFi6_5GHz
UE_003653,0.0016,1.56,-6.8531,-93.44,0.1007632013,6.76,1.5,8.2698,-17.188,5e-06,0,0,37.2166,0.180733,WiFi6_5GHz
UE_003654,0.0081,49.6,41.6819,-45.4,8.3e-09,0.0,1.5,0.0748,8.0227,2.7e-05,0,0,82.8618,11.465018,WiFi6_5GHz
UE_003655,0.0037,-11.5,-19.7911,-106.5,0.070069962,0.0,1.5,12.5095,-28.5743,1.2e-05,0,0,35.2845,0.128932,WiFi6_5GHz
UE_003656,0.0055,-0.39,-5.9376,-95.39,0.1076174203,1.84,1.5,25.372,-25.394,1.8e-05,0,0,26.3049,0.322171,WiFi6_5GHz
UE_003657,0.0122,19.11,11.2617,-75.89,0.0001525951,9.32,1.5,0.7585,15.0611,4.1e-05,0,0,60.5829,4.70453,WiFi6_5GHz
UE_003658,0.0128,19.87,14.7691,-75.13,9.18932e-05,2.11,1.5,0.9727,27.0999,4.3e-05,0,0,61.7186,4.737918,WiFi6_5GHz
UE_003659,0.0078,32.36,26.8788,-62.64,8.129e-07,23.87,1.765,0.4499,-25.6537,2.6e-05,0,0,75.6675,9.837263,WiFi6_5GHz
UE_003660,0.003,-2.61,-13.8932,-97.61,0.125864435,0.14,1.5,31.2759,-31.67,1e-05,0,0,21.3527,0.1,WiFi6_5GHz
UE_003661,0.0154,-3.71,-8.5047,-98.71,0.1298572203,0.0,1.5,13.4308,5.6667,5.1e-05,0,0,34.7532,0.127053,WiFi6_5GHz
UE_003662,0.0085,41.09,35.1986,-53.91,5.7e-09,7.5,1.5,0.1504,7.0003,2.8e-05,0,0,80.3873,11.422154,WiFi6_5GHz
UE_003663,0.0136,24.76,18.1019,-70.24,0.0009510875,21.45,1.5,0.9678,24.7523,4.5e-05,0,0,64.7582,5.259413,WiFi6_5GHz
UE_003664,0.0057,-2.35,-9.4927,-97.35,0.1392615112,13.05,1.5,10.2553,-16.4066,1.9e-05,0,0,38.5424,0.167727,WiFi6_5GHz
UE_003665,0.0017,-2.33,-9.5595,-97.33,0.0920148591,14.28,1.5,23.0669,-22.3758,6e-06,0,0,31.1458,0.419483,WiFi6_5GHz
UE_003666,0.0086,23.48,18.2058,-71.52,0.0009162389,2.18,1.5,0.9226,-22.3729,2.9e-05,0,0,64.9136,5.541088,WiFi6_5GHz
UE_003667,0.0077,20.8,14.8233,-74.2,0.0004463983,0.0,1.5,0.879,-18.9458,2.6e-05,0,0,57.5929,4.708315,WiFi6_5GHz
UE_003668,0.0163,26.11,13.91,-68.89,6.61e-06,12.38,1.5,0.2224,-2.3907,5.4e-05,0,0,69.5029,7.030634,WiFi6_5GHz
UE_003669,0.0156,3.58,-2.799,-91.42,0.1456948664,11.24,1.5,31.1234,7.9156,5.2e-05,0,0,31.1056,0.431906,WiFi6_5GHz
UE_003670,0.0133,49.93,43.8632,-45.07,5.8e-09,2.62,1.5,0.4483,23.1732,4.4e-05,0,0,76.7742,11.805188,WiFi6_5GHz
UE_003671,0.0099,-12.52,-24.1157,-107.52,0.1379712991,12.1,1.5,23.9845,9.5002,3.3e-05,0,0,27.1199,0.339002,WiFi6_5GHz
UE_003672,0.0156,10.5,0.0439,-84.5,0.0217397725,0.0,1.5,4.2278,-1.3649,5.2e-05,0,0,49.3821,1.636001,WiFi6_5GHz
UE_003673,0.0035,-17.75,-24.9725,-112.75,0.0694355692,1.36,1.5,34.6949,15.6921,1.2e-05,0,0,21.8826,0.314375,WiFi6_5GHz
UE_003674,0.0056,6.96,1.0063,-88.04,0.0077055129,27.13,1.5,31.3657,31.67,1.9e-05,0,0,33.9486,1.360097,WiFi6_5GHz
UE_003675,0.0053,43.78,37.2265,-51.22,2.7e-09,25.67,1.5,0.3884,-23.4448,1.8e-05,0,0,80.3286,11.701809,WiFi6_5GHz
UE_003676,0.0147,7.26,-4.3635,-87.74,0.0483285826,17.9,1.5,18.3361,28.6189,4.9e-05,0,0,39.3573,1.060255,WiFi6_5GHz
UE_003677,0.0066,6.12,0.2729,-88.88,0.025341584,9.44,1.5,33.9813,-20.3396,2.2e-05,0,0,25.517,1.159469,WiFi6_5GHz
UE_003678,0.01,45.37,39.199,-49.63,4.8e-09,0.39,1.5,0.1661,22.8276,3.3e-05,0,0,78.8908,11.899882,WiFi6_5GHz
UE_003679,0.0135,-11.66,-17.235,-106.66,0.1273624473,1.52,1.5,28.995,-14.9821,4.5e-05,0,0,24.3666,0.521728,WiFi6_5GHz
UE_003680,0.0148,36.48,27.9676,-58.52,8.3e-09,9.4,1.5,0.354,21.0884,4.9e-05,0,0,77.085,11.462542,WiFi6_5GHz
UE_003681,0.0086,-3.28,-14.0727,-98.28,0.0894751877,40.94,1.5329,10.4299,-22.7802,2.9e-05,0,0,42.5432,0.20062,WiFi6_5GHz
UE_003682,0.0135,1.28,-10.7163,-93.72,0.1080252598,2.22,1.5,10.8936,15.37,4.5e-05,0,0,35.7136,0.1,WiFi6_5GHz
UE_003683,0.0068,-7.4,-17.3741,-102.4,0.1043521632,10.24,1.5,19.6791,-10.669,2.3e-05,0,0,29.965,0.171848,WiFi6_5GHz
UE_003684,0.0015,11.25,2.8369,-83.75,0.0465103792,0.8,1.5,3.7535,1.824,5e-06,0,0,57.6974,2.320273,WiFi6_5GHz
UE_003685,0.0022,7.07,-3.2291,-87.93,0.011839422,1.06,1.7903,34.1442,29.5573,7e-06,0,0,27.3713,1.28135,WiFi6_5GHz
UE_003686,0.0134,1.2,-11.4576,-93.8,0.0538046121,15.24,1.5,34.5938,-25.3528,4.5e-05,0,0,23.629,0.62379,WiFi6_5GHz
UE_003687,0.012,-13.7,-20.9199,-108.7,0.1393205511,26.65,1.5,9.5039,7.778,4e-05,0,0,38.5936,0.286819,WiFi6_5GHz
UE_003688,0.0107,31.35,20.1192,-63.65,5.6357e-06,7.1,1.5,0.2113,25.4007,3.6e-05,0,0,72.6473,7.464322,WiFi6_5GHz
UE_003689,0.0106,25.28,15.5638,-69.72,5.54e-08,22.54,1.5,0.2192,-7.3026,3.5e-05,0,0,67.3427,7.103549,WiFi6_5GHz
UE_003690,0.0063,5.25,-7.0246,-89.75,0.0096459849,2.28,1.5763,10.5052,13.1576,2.1e-05,0,0,36.5089,1.454211,WiFi6_5GHz
UE_003691,0.0132,65.22,59.2287,-29.78,9.2e-09,0.0,1.5,0.2809,3.5124,4.4e-05,0,0,78.8971,11.746284,WiFi6_5GHz
UE_003692,0.0091,-6.72,-17.5134,-101.72,0.0560895032,10.88,1.5,35.7674,-25.7342,3e-05,0,0,21.8763,0.1,WiFi6_5GHz
UE_003693,0.0059,27.79,22.6482,-67.21,2.7656e-06,15.23,1.5,0.4739,-18.1315,2e-05,0,0,69.1494,7.12787,WiFi6_5GHz
UE_003694,0.0137,-7.2,-18.1692,-102.2,0.1185959225,15.54,1.5,36.4121,-21.7647,4.6e-05,0,0,19.5248,0.340428,WiFi6_5GHz
UE_003695,0.0066,27.06,22.7396,-67.94,2.4246e-06,20.01,1.5,0.3141,-31.67,2.2e-05,0,0,74.0192,6.975879,WiFi6_5GHz
UE_003696,0.0115,37.63,29.8237,-57.37,3.4e-09,0.02,1.5,0.2546,25.9181,3.8e-05,0,0,75.7558,11.653768,WiFi6_5GHz
UE_003697,0.0158,43.01,33.8839,-51.99,7.6e-09,0.14,1.5,0.2652,6.2771,5.3e-05,0,0,76.284,11.854244,WiFi6_5GHz
UE_003698,0.0092,-8.73,-18.4457,-103.73,0.0711905122,5.43,1.5,23.646,-26.174,3.1e-05,0,0,29.0954,0.27301,WiFi6_5GHz
UE_003699,0.0125,0.35,-7.9551,-94.65,0.1319583607,12.61,1.5,37.583,5.4788,4.2e-05,0,0,23.1838,0.483125,WiFi6_5GHz
UE_003700,0.0133,-1.86,-9.9265,-96.86,0.0895749831,13.15,1.5,16.9456,-3.0045,4.4e-05,0,0,37.0076,0.380661,WiFi6_5GHz
UE_003701,0.012,0.37,-7.2247,-94.63,0.1037033383,4.24,1.5,17.0931,31.2998,4e-05,0,0,34.8248,0.510041,WiFi6_5GHz
UE_003702,0.0048,-4.42,-14.2523,-99.42,0.1482124283,1.02,1.5,38.8977,-14.5696,1.6e-05,0,0,18.699,0.415937,WiFi6_5GHz
UE_003703,0.0084,-12.58,-18.3889,-107.58,0.1157497734,0.16,1.5,15.5418,-19.9444,2.8e-05,0,0,37.0307,0.1,WiFi6_5GHz
UE_003704,0.0106,-10.9,-20.6701,-105.9,0.0675363527,30.84,1.5,31.9583,-11.7521,3.5e-05,0,0,28.6252,0.470191,WiFi6_5GHz
UE_003705,0.0131,-2.52,-8.3939,-97.52,0.0739203051,8.43,1.5,19.7151,-13.4036,4.4e-05,0,0,32.6034,0.369982,WiFi6_5GHz
UE_003706,0.0063,57.29,45.927,-37.71,9.1e-09,18.61,1.5,0.2229,-5.0178,2.1e-05,0,0,79.9503,11.754715,WiFi6_5GHz
UE_003707,0.0155,49.79,40.7352,-45.21,3.8e-09,16.42,1.5,0.2194,8.265,5.2e-05,0,0,74.415,11.712121,WiFi6_5GHz
UE_003708,0.0066,9.47,3.9206,-85.53,0.0351741998,0.14,1.5,10.7881,-14.0408,2.2e-05,0,0,45.0504,1.969607,WiFi6_5GHz
UE_003709,0.01,0.12,-3.9741,-94.88,0.1273937331,0.85,1.5,37.133,-27.5742,3.3e-05,0,0,21.6439,0.1,WiFi6_5GHz
UE_003710,0.0027,15.61,11.3115,-79.39,0.0005062302,27.55,1.5,0.8102,6.176,9e-06,0,0,63.8044,3.177945,WiFi6_5GHz
UE_003711,0.009,-17.2,-24.5202,-112.2,0.133799653,42.86,1.5669,31.9436,-14.1275,3e-05,0,0,28.6484,0.395069,WiFi6_5GHz
UE_003712,0.007,4.97,0.6612,-90.03,0.1204223559,26.37,1.5,36.8155,-1.5807,2.3e-05,0,0,26.3711,0.325817,WiFi6_5GHz
UE_003713,0.011,37.45,32.0843,-57.55,1.3e-09,18.74,1.5,0.2038,0.9818,3.7e-05,0,0,73.7444,11.441577,WiFi6_5GHz
UE_003714,0.0148,12.9,3.615,-82.1,0.0258208123,0.58,1.5,7.6982,22.9613,4.9e-05,0,0,52.3051,2.58437,WiFi6_5GHz
UE_003715,0.0018,25.96,14.7375,-69.04,9.3673e-06,0.0,1.5,0.2104,6.8883,6e-06,0,0,67.4266,6.967451,WiFi6_5GHz
UE_003716,0.0033,4.33,-9.6639,-90.67,0.0984373634,7.31,1.5,19.8792,-23.0717,1.1e-05,0,0,40.6709,0.1,WiFi6_5GHz
UE_003717,0.0049,-12.3,-20.4022,-107.3,0.0922066603,12.06,1.5,25.4423,24.2675,1.6e-05,0,0,29.8279,0.629177,WiFi6_5GHz
UE_003718,0.0127,13.94,5.2226,-81.06,0.0210098209,17.33,1.5,4.7279,-23.3336,4.2e-05,0,0,56.1527,2.68184,WiFi6_5GHz
UE_003719,0.0082,-5.39,-13.0157,-100.39,0.1157380882,4.52,1.5,35.9223,26.1063,2.7e-05,0,0,22.192,0.10565,WiFi6_5GHz
UE_003720,0.0089,6.98,-5.1471,-88.02,0.0302856823,0.0,1.5,17.4384,-19.9915,3e-05,0,0,40.7177,1.257537,WiFi6_5GHz
UE_003721,0.0089,67.68,59.1207,-27.32,6.6e-09,0.0,1.5,0.3873,28.6731,3e-05,0,0,75.0925,11.833929,WiFi6_5GHz
UE_003722,0.0128,39.73,31.5973,-55.27,2.5e-09,28.15,1.5,0.3618,28.5496,4.3e-05,0,0,83.0456,11.584692,WiFi6_5GHz
UE_003723,0.0013,-9.0,-16.1901,-104.0,0.1110479124,2.77,1.7082,37.8106,31.0615,4e-06,0,0,19.0721,0.185583,WiFi6_5GHz
UE_003724,0.006,0.19,-4.5989,-94.81,0.1413151389,0.94,1.5,19.1786,22.974,2e-05,0,0,27.1175,0.810342,WiFi6_5GHz
UE_003725,0.0108,61.12,51.805,-33.88,7.2e-09,17.85,1.5316,0.3287,-20.9919,3.6e-05,0,0,85.3592,11.512946,WiFi6_5GHz
UE_003726,0.01,16.97,7.4459,-78.03,8.34434e-05,0.83,1.5,1.198,-1.133,3.3e-05,0,0,54.4169,3.405768,WiFi6_5GHz
UE_003727,0.0012,-2.39,-14.3572,-97.39,0.079667809,0.98,1.5467,25.2802,-16.1875,4e-06,0,0,29.4143,0.451133,WiFi6_5GHz
UE_003728,0.0167,17.82,7.8049,-77.18,0.0007215853,14.29,1.5,1.9587,-14.758,5.6e-05,0,0,56.5075,3.715577,WiFi6_5GHz
UE_003729,0.0161,-4.02,-13.0636,-99.02,0.0933868555,33.92,1.5,11.2458,14.0451,5.4e-05,0,0,41.3958,0.1,WiFi6_5GHz
UE_003730,0.0027,2.76,-5.7766,-92.24,0.0582863565,10.34,1.5,30.9575,10.9798,9e-06,0,0,29.075,0.609252,WiFi6_5GHz
UE_003731,0.0055,23.02,12.4309,-71.98,0.0002855534,15.42,1.5,1.292,-15.3818,1.8e-05,0,0,63.035,5.148246,WiFi6_5GHz
UE_003732,0.0111,25.89,18.1976,-69.11,1.3336e-06,0.0,1.5,0.3288,-5.7691,3.7e-05,0,0,66.0874,7.050631,WiFi6_5GHz
UE_003733,0.006,43.48,40.4357,-51.52,2.9e-09,0.0,1.5,0.1755,2.0754,2e-05,0,0,79.2405,11.664454,WiFi6_5GHz
UE_003734,0.0033,-1.48,-9.8863,-96.48,0.1198001292,4.22,1.5,38.6195,23.308,1.1e-05,0,0,16.4653,0.459151,WiFi6_5GHz
UE_003735,0.0031,16.65,8.3159,-78.35,0.0004270428,28.92,1.6327,0.6605,24.1803,1e-05,0,0,59.2422,3.45236,WiFi6_5GHz
UE_003736,0.0137,14.65,5.7828,-80.35,0.004702559,12.92,1.5,2.3832,-4.545,4.6e-05,0,0,55.9013,2.139416,WiFi6_5GHz
UE_003737,0.0029,17.13,11.0993,-77.87,0.0001177735,3.1,1.5,1.5838,-24.3787,1e-05,0,0,58.8243,3.490455,WiFi6_5GHz
UE_003738,0.0167,7.46,-2.9196,-87.54,0.0260859101,2.22,1.5,34.6527,8.7463,5.6e-05,0,0,25.2917,1.085759,WiFi6_5GHz
UE_003739,0.0119,-4.85,-14.8179,-99.85,0.0858326516,0.98,1.5,25.0986,0.3006,4e-05,0,0,26.1877,0.360307,WiFi6_5GHz
UE_003740,0.0044,34.68,27.9854,-60.32,1.0147e-06,18.79,1.5,0.3793,-8.4751,1.5e-05,0,0,77.1033,10.363686,WiFi6_5GHz
UE_003741,0.0157,25.11,14.9397,-69.89,1.4108e-06,19.15,1.5,0.0283,-31.67,5.2e-05,0,0,67.9178,6.673462,WiFi6_5GHz
UE_003742,0.0118,2.94,-5.9083,-92.06,0.0835518733,10.59,1.5,8.1282,29.2723,3.9e-05,0,0,43.385,0.590935,WiFi6_5GHz
UE_003743,0.0092,2.12,-5.2404,-92.88,0.1347730702,9.12,1.5,28.4888,-19.3084,3.1e-05,0,0,28.9535,0.827151,WiFi6_5GHz
UE_003744,0.009,57.2,48.8612,-37.8,4.5e-09,0.0,1.5,0.2814,26.5668,3e-05,0,0,78.285,11.78984,WiFi6_5GHz
UE_003745,0.0161,2.39,-8.5251,-92.61,0.1331326356,0.0,1.5,14.7161,-22.8546,5.4e-05,0,0,33.2591,0.511648,WiFi6_5GHz
UE_003746,0.0038,19.55,13.4038,-75.45,0.000619333,4.02,1.5,0.5161,-31.67,1.3e-05,0,0,60.8973,4.720426,WiFi6_5GHz
UE_003747,0.0135,-7.34,-18.6925,-102.34,0.0555148106,24.91,1.5,11.8748,-4.13,4.5e-05,0,0,41.1865,0.1,WiFi6_5GHz
UE_003748,0.0117,-8.72,-21.0806,-103.72,0.0734248464,3.67,1.5,23.6385,19.346,3.9e-05,0,0,30.4357,0.396243,WiFi6_5GHz
UE_003749,0.0135,10.08,0.728,-84.92,0.0203903836,10.35,1.5722,2.445,21.308,4.5e-05,0,0,51.0889,1.9412,WiFi6_5GHz
UE_003750,0.0041,-3.2,-14.6369,-98.2,0.0537828377,0.17,1.5,30.1742,1.9324,1.4e-05,0,0,25.6923,0.377426,WiFi6_5GHz
UE_003751,0.0152,22.32,13.2488,-72.68,0.0005018393,1.1,1.5,1.7869,-26.0327,5.1e-05,0,0,58.9567,5.368654,WiFi6_5GHz
UE_003752,0.0016,1.19,-2.7456,-93.81,0.0858928787,10.18,1.5,28.6613,10.6471,5e-06,0,0,25.9169,0.40745,WiFi6_5GHz
UE_003753,0.0093,-16.27,-25.3813,-111.27,0.1329473387,17.08,1.5622,28.8475,30.3556,3.1e-05,0,0,25.765,0.237753,WiFi6_5GHz
UE_003754,0.0077,20.39,15.718,-74.61,0.0009839817,9.27,1.5,1.5957,30.4834,2.6e-05,0,0,63.8186,4.73492,WiFi6_5GHz
UE_003755,0.0012,29.77,22.7318,-65.23,6.7743e-06,8.1,1.5,0.2826,-23.4501,4e-06,0,0,71.0479,7.798213,WiFi6_5GHz
UE_003756,0.0161,-2.64,-9.5827,-97.64,0.0899219885,0.0,1.5,18.3951,4.3191,5.4e-05,0,0,29.3962,0.536286,WiFi6_5GHz
UE_003757,0.0051,22.42,12.6655,-72.58,0.0002624241,3.13,1.5,1.2242,24.2468,1.7e-05,0,0,59.7494,5.278646,WiFi6_5GHz
UE_003758,0.0064,24.31,17.9674,-70.69,0.0006108137,29.78,1.5,1.3446,-31.5483,2.1e-05,0,0,68.3092,5.126291,WiFi6_5GHz
UE_003759,0.0051,48.31,43.0428,-46.69,0.0,28.74,1.5,0.1071,-17.0756,1.7e-05,0,0,80.6862,12.09374,WiFi6_5GHz
UE_003760,0.0097,1.73,-6.9161,-93.27,0.1237029284,14.44,1.5,23.3105,-18.2706,3.2e-05,0,0,28.4029,0.440721,WiFi6_5GHz
UE_003761,0.0086,-7.23,-14.2277,-102.23,0.1103794253,21.33,1.5,31.9998,3.3561,2.9e-05,0,0,24.1881,0.1,WiFi6_5GHz
UE_003762,0.0139,48.44,38.2024,-46.56,4.7e-09,1.86,1.5,0.3516,11.5385,4.6e-05,0,0,81.9219,11.387603,WiFi6_5GHz
UE_003763,0.0108,-2.27,-13.6,-97.27,0.1280968919,2.8,1.5,15.5529,-27.1564,3.6e-05,0,0,33.7189,0.173924,WiFi6_5GHz
UE_003764,0.0111,13.98,5.8778,-81.02,0.0154508237,12.96,1.5,4.2305,15.2049,3.7e-05,0,0,52.5339,2.169812,WiFi6_5GHz
UE_003765,0.0161,33.89,23.0753,-61.11,6.4512e-06,32.2,1.5,0.3322,15.4919,5.4e-05,0,0,79.6757,10.790185,WiFi6_5GHz
UE_003766,0.0155,9.98,-2.2887,-85.02,0.0344444418,6.2,1.5,33.3924,9.7162,5.2e-05,0,0,34.0422,1.542085,WiFi6_5GHz
UE_003767,0.0163,-6.09,-14.8097,-101.09,0.1476458532,22.39,1.5,24.442,-23.8786,5.4e-05,0,0,32.4542,0.415821,WiFi6_5GHz
UE_003768,0.0112,-7.05,-14.2988,-102.05,0.1240083806,2.0,1.5,10.2756,21.1597,3.7e-05,0,0,35.8595,0.1,WiFi6_5GHz
UE_003769,0.0066,23.01,20.4452,-71.99,0.0009024728,0.02,1.5,1.2822,-23.2946,2.2e-05,0,0,60.0703,5.641337,WiFi6_5GHz
UE_003770,0.0156,-16.74,-23.3229,-111.74,0.0725744743,17.85,1.5,20.3519,18.325,5.2e-05,0,0,32.6389,0.323208,WiFi6_5GHz
UE_003771,0.0149,34.36,25.9541,-60.64,3.9557e-06,9.8,1.6465,0.0531,-27.6471,5e-05,0,0,72.7868,10.590747,WiFi6_5GHz
UE_003772,0.0052,19.61,9.2686,-75.39,0.0001856227,3.42,1.5,0.9675,16.665,1.7e-05,0,0,61.9401,4.369338,WiFi6_5GHz
UE_003773,0.0132,14.19,5.1599,-80.81,0.0073147963,10.19,1.5,4.1954,-18.1289,4.4e-05,0,0,52.0935,2.056247,WiFi6_5GHz
UE_003774,0.0082,6.14,-0.9015,-88.86,0.0474185385,0.05,1.6656,8.2239,31.3354,2.7e-05,0,0,45.2936,1.578288,WiFi6_5GHz
UE_003775,0.005,26.06,17.0607,-68.94,1.4833e-06,0.0,1.5,0.167,-6.8151,1.7e-05,0,0,67.8037,7.056897,WiFi6_5GHz
UE_003776,0.0042,22.9,14.2275,-72.1,8.7354e-05,15.14,1.5,1.9994,-0.9265,1.4e-05,0,0,62.9026,5.366368,WiFi6_5GHz
UE_003777,0.0138,-20.61,-29.0011,-115.61,0.1169185746,14.71,1.5,33.4579,1.6951,4.6e-05,0,0,25.0972,0.526861,WiFi6_5GHz
UE_003778,0.014,-3.79,-9.5117,-98.79,0.143070959,27.17,1.5,17.08,-28.5972,4.7e-05,0,0,37.5896,0.353064,WiFi6_5GHz
UE_003779,0.015,-20.0,-29.058,-115.0,0.1273557609,4.12,1.5,33.1399,-9.7184,5e-05,0,0,21.8548,0.730495,WiFi6_5GHz
UE_003780,0.0023,-1.44,-13.2176,-96.44,0.1327672673,0.08,1.5,17.4141,24.2154,8e-06,0,0,33.4637,0.468779,WiFi6_5GHz
UE_003781,0.0063,41.64,35.8469,-53.36,8.7e-09,2.54,1.5,0.3022,-28.1799,2.1e-05,0,0,80.4426,11.553245,WiFi6_5GHz
UE_003782,0.0077,1.41,-3.505,-93.59,0.0879359057,17.62,1.5,37.1871,7.6622,2.6e-05,0,0,25.9774,0.347743,WiFi6_5GHz
UE_003783,0.0055,47.44,42.3755,-47.56,7e-09,2.82,1.5,0.3857,26.1937,1.8e-05,0,0,77.4873,11.55538,WiFi6_5GHz
UE_003784,0.013,28.88,23.4555,-66.12,1.8376e-06,35.28,1.5045,0.3166,-31.67,4.3e-05,0,0,73.6688,7.935031,WiFi6_5GHz
UE_003785,0.0031,24.5,16.0239,-70.5,0.0006250406,2.65,1.5,0.5853,24.4805,1e-05,0,0,63.0235,5.258999,WiFi6_5GHz
UE_003786,0.0106,2.16,-8.6442,-92.84,0.1028642573,1.24,1.5,8.1159,-3.5906,3.5e-05,0,0,39.1318,0.468552,WiFi6_5GHz
UE_003787,0.0087,5.68,-5.0482,-89.32,0.0016936109,0.0,1.5,33.9453,15.8101,2.9e-05,0,0,27.9891,1.138349,WiFi6_5GHz
UE_003788,0.0014,7.64,1.0427,-87.36,0.0294130004,15.38,1.5,34.5279,-21.4442,5e-06,0,0,27.0303,0.883459,WiFi6_5GHz
UE_003789,0.0035,28.47,17.3598,-66.53,5.7376e-06,17.38,1.5,0.0353,3.6223,1.2e-05,0,0,69.033,7.582547,WiFi6_5GHz
UE_003790,0.0051,52.38,43.9709,-42.62,3.8e-09,3.42,1.5,0.4295,24.8995,1.7e-05,0,0,78.3098,11.686512,WiFi6_5GHz
UE_003791,0.0062,46.87,43.4914,-48.13,1.7e-09,0.8,1.5,0.2896,-17.7576,2.1e-05,0,0,79.1751,11.688106,WiFi6_5GHz
UE_003792,0.0089,31.33,25.146,-63.67,5.1421e-06,0.0,1.5708,0.2746,-0.7793,3e-05,0,0,71.3603,7.761342,WiFi6_5GHz
UE_003793,0.0095,6.93,-1.6072,-88.07,0.0393794332,0.84,1.5,21.8994,-27.2899,3.2e-05,0,0,36.1262,0.960643,WiFi6_5GHz
UE_003794,0.0048,22.45,16.9742,-72.55,0.0003707152,11.47,1.5,1.6938,-5.5264,1.6e-05,0,0,60.305,5.441421,WiFi6_5GHz
UE_003795,0.015,35.87,27.6713,-59.13,1.8e-09,33.22,1.7127,0.1501,12.6924,5e-05,0,0,78.3327,11.401851,WiFi6_5GHz
UE_003796,0.0128,11.04,-0.0721,-83.96,0.037603364,19.73,1.5,7.5608,17.8699,4.3e-05,0,0,54.3554,2.23595,WiFi6_5GHz
UE_003797,0.0068,32.17,23.9572,-62.83,2.8484e-06,10.52,1.5,0.1523,26.5411,2.3e-05,0,0,71.1876,10.459238,WiFi6_5GHz
UE_003798,0.0015,34.63,25.2686,-60.37,5.1724e-06,1.1,1.5,0.063,-8.3248,5e-06,0,0,72.6417,10.437014,WiFi6_5GHz
UE_003799,0.0029,-13.15,-24.5275,-108.15,0.110033022,0.05,1.5,16.7771,1.3423,1e-05,0,0,33.3484,0.1,WiFi6_5GHz
UE_003800,0.0093,3.47,-3.4365,-91.53,0.0966645965,11.4,1.5,29.8592,11.1958,3.1e-05,0,0,24.7599,0.513436,WiFi6_5GHz
UE_003801,0.0127,63.88,56.6819,-31.12,9.6e-09,29.92,1.5,0.2945,31.67,4.2e-05,0,0,84.8016,12.129066,WiFi6_5GHz
UE_003802,0.0102,4.91,-1.7036,-90.09,0.1433339022,19.5,1.5,26.0562,-28.1962,3.4e-05,0,0,29.3487,0.685416,WiFi6_5GHz
UE_003803,0.0159,1.72,-4.1562,-93.28,0.0978148894,8.97,1.5,23.3458,24.9017,5.3e-05,0,0,33.0359,0.295301,WiFi6_5GHz
UE_003804,0.0015,14.8,7.9935,-80.2,0.033801509,0.0,1.5,7.5633,-13.0,5e-06,0,0,50.9548,2.530437,WiFi6_5GHz
UE_003805,0.0146,-19.37,-23.3752,-114.37,0.118267247,0.61,1.5,25.1187,21.995,4.9e-05,0,0,23.9244,0.20669,WiFi6_5GHz
UE_003806,0.0069,32.95,25.0683,-62.05,8.2591e-06,7.35,1.5,0.0908,-30.2934,2.3e-05,0,0,76.0057,10.58332,WiFi6_5GHz
UE_003807,0.0092,40.79,28.7995,-54.21,3.6e-09,22.12,1.5,0.2038,-14.7019,3.1e-05,0,0,81.6909,11.667051,WiFi6_5GHz
UE_003808,0.01,3.76,-6.5625,-91.24,0.1245362421,16.18,1.5,13.9052,29.0951,3.3e-05,0,0,38.8043,0.325657,WiFi6_5GHz
UE_003809,0.0119,7.72,1.4591,-87.28,0.0497161897,12.01,1.5,23.9268,2.9942,4e-05,0,0,36.8315,1.094456,WiFi6_5GHz
UE_003810,0.0103,4.67,-6.1614,-90.33,0.0627515241,1.36,1.5,34.7634,13.5008,3.4e-05,0,0,28.0039,0.899518,WiFi6_5GHz
UE_003811,0.0101,11.96,5.1671,-83.04,0.0367248207,4.95,1.5,7.7136,24.7154,3.4e-05,0,0,50.0186,2.794282,WiFi6_5GHz
UE_003812,0.0035,3.86,-6.4177,-91.14,0.0948564334,26.08,1.5,21.9019,3.5907,1.2e-05,0,0,37.666,0.61796,WiFi6_5GHz
UE_003813,0.0142,-11.86,-18.9042,-106.86,0.1473096283,0.12,1.5,36.3296,12.7052,4.7e-05,0,0,20.0281,0.344722,WiFi6_5GHz
UE_003814,0.012,21.16,12.5121,-73.84,0.0007525794,19.84,1.8659,0.8568,24.1271,4e-05,0,0,65.8589,5.415644,WiFi6_5GHz
UE_003815,0.0151,22.41,13.4777,-72.59,0.0002146423,23.56,1.5,1.1897,-7.8997,5e-05,0,0,64.4241,5.057373,WiFi6_5GHz
UE_003816,0.0102,2.99,-2.2323,-92.01,0.0787390382,1.02,1.5,15.2451,-23.8729,3.4e-05,0,0,35.7769,0.608618,WiFi6_5GHz
UE_003817,0.0103,56.14,46.4077,-38.86,6.1e-09,3.48,1.5,0.0061,4.034,3.4e-05,0,0,75.1171,11.719502,WiFi6_5GHz
UE_003818,0.0028,35.68,30.101,-59.32,4.8e-09,28.7,1.5,0.4525,-3.2866,9e-06,0,0,77.538,11.551033,WiFi6_5GHz
UE_003819,0.0084,11.89,2.0119,-83.11,0.0153400847,0.43,1.5,6.3838,-18.6287,2.8e-05,0,0,49.662,2.40332,WiFi6_5GHz
UE_003820,0.0025,7.58,-0.4725,-87.42,0.0068424413,18.99,1.5,19.9602,-12.6151,8e-06,0,0,43.274,1.040974,WiFi6_5GHz
UE_003821,0.0161,44.94,38.8575,-50.06,4.4e-09,19.04,1.5,0.3005,5.0609,5.4e-05,0,0,80.4136,11.576189,WiFi6_5GHz
UE_003822,0.0099,31.64,21.5178,-63.36,9.752e-07,0.12,1.5685,0.2129,14.613,3.3e-05,0,0,71.3587,8.006212,WiFi6_5GHz
UE_003823,0.0029,-3.58,-9.8083,-98.58,0.0820122014,0.0,1.5,36.2009,-18.4449,1e-05,0,0,20.3936,0.254556,WiFi6_5GHz
UE_003824,0.0148,0.66,-4.8422,-94.34,0.1270740863,4.73,1.5652,37.5457,24.2223,4.9e-05,0,0,23.2874,0.112521,WiFi6_5GHz
UE_003825,0.0134,-9.34,-14.9649,-104.34,0.1367760839,17.67,1.5,10.7863,14.6239,4.5e-05,0,0,37.0482,0.513239,WiFi6_5GHz
UE_003826,0.0075,-5.79,-13.0448,-100.79,0.1111303072,27.07,1.5,24.9923,8.6606,2.5e-05,0,0,27.7628,0.122039,WiFi6_5GHz
UE_003827,0.015,18.32,10.9426,-76.68,1.53683e-05,2.03,1.5,1.3709,0.9107,5e-05,0,0,60.6003,3.731128,WiFi6_5GHz
UE_003828,0.0073,11.48,2.9933,-83.52,0.0297000809,1.73,1.5,4.7838,31.67,2.4e-05,0,0,50.4336,2.415274,WiFi6_5GHz
UE_003829,0.008,45.85,39.5891,-49.15,5.2e-09,0.59,1.5,0.2378,-2.0937,2.7e-05,0,0,79.8767,11.824882,WiFi6_5GHz
UE_003830,0.0021,41.01,30.0755,-53.99,7e-10,18.8,1.5,0.246,-5.2549,7e-06,0,0,81.4346,11.603765,WiFi6_5GHz
UE_003831,0.0157,16.05,4.5332,-78.95,0.000286178,14.63,1.5,0.6621,-2.3324,5.2e-05,0,0,60.9534,3.524462,WiFi6_5GHz
UE_003832,0.0122,4.59,-6.4094,-90.41,0.1121269773,12.8,1.6202,10.6669,16.0491,4.1e-05,0,0,41.1347,0.2139,WiFi6_5GHz
UE_003833,0.0139,44.0,32.2191,-51.0,9.4e-09,10.68,1.5,0.4772,14.5877,4.6e-05,0,0,82.3512,11.714237,WiFi6_5GHz
UE_003834,0.0125,-4.24,-13.0894,-99.24,0.0933322901,2.82,1.5,9.0241,-5.0095,4.2e-05,0,0,37.399,0.411485,WiFi6_5GHz
UE_003835,0.0125,6.25,-3.4482,-88.75,0.0443167893,0.0,1.5,9.8241,8.212,4.2e-05,0,0,41.4898,1.15686,WiFi6_5GHz
UE_003836,0.012,12.74,4.5342,-82.26,0.0422683433,13.09,1.5029,3.5129,0.5419,4e-05,0,0,56.7924,2.021636,WiFi6_5GHz
UE_003837,0.0137,44.74,35.1461,-50.26,8.7e-09,1.79,1.5,0.0324,6.5859,4.6e-05,0,0,79.9563,11.861609,WiFi6_5GHz
UE_003838,0.0113,25.94,19.6647,-69.06,8.7543e-06,28.23,1.5,0.2998,17.561,3.8e-05,0,0,69.1471,7.108153,WiFi6_5GHz
UE_003839,0.0166,12.97,3.2805,-82.03,0.0200545124,17.97,1.7088,4.1738,21.9585,5.5e-05,0,0,55.4887,2.476649,WiFi6_5GHz
UE_003840,0.0076,1.37,-7.4775,-93.63,0.1215812001,0.0,1.5253,24.2804,-17.3803,2.5e-05,0,0,24.9608,0.307318,WiFi6_5GHz
UE_003841,0.0019,-2.74,-13.7963,-97.74,0.0543874661,0.0,1.5,20.4756,30.8068,6e-06,0,0,30.1466,0.265784,WiFi6_5GHz
UE_003842,0.0101,54.04,48.8056,-40.96,7.9e-09,16.9,1.5,0.194,-28.3105,3.4e-05,0,0,81.9822,11.548685,WiFi6_5GHz
UE_003843,0.0075,8.72,1.3823,-86.28,0.0323569605,24.6,1.5,30.1975,8.313,2.5e-05,0,0,31.7171,1.787155,WiFi6_5GHz
UE_003844,0.0016,31.89,25.5116,-63.11,8.1738e-06,12.08,1.5,0.355,-29.3364,5e-06,0,0,69.6953,7.963115,WiFi6_5GHz
UE_003845,0.0035,30.27,21.8707,-64.73,7.1247e-06,2.82,1.5,0.2397,14.3955,1.2e-05,0,0,67.9919,8.040111,WiFi6_5GHz
UE_003846,0.0033,38.36,24.9384,-56.64,5.5e-09,1.13,1.5,0.4324,-11.8548,1.1e-05,0,0,77.292,11.60186,WiFi6_5GHz
UE_003847,0.0089,22.45,11.5514,-72.55,0.0007364428,0.83,1.5,0.953,22.3513,3e-05,0,0,62.456,5.383326,WiFi6_5GHz
UE_003848,0.0094,-0.55,-5.2251,-95.55,0.0583511072,12.2,1.5,35.1825,-16.9189,3.1e-05,0,0,22.6488,0.433068,WiFi6_5GHz
UE_003849,0.0147,39.18,35.1349,-55.82,2.7e-09,31.54,1.5,0.4394,7.3911,4.9e-05,0,0,80.7042,11.75346,WiFi6_5GHz
UE_003850,0.0153,14.01,7.8486,-80.99,0.0485318975,10.74,1.5,7.7597,31.0403,5.1e-05,0,0,50.5953,2.478346,WiFi6_5GHz
UE_003851,0.0025,18.83,10.9616,-76.17,0.0003310727,15.67,1.5,1.9186,-13.1281,8e-06,0,0,60.1569,3.520433,WiFi6_5GHz
UE_003852,0.007,-6.46,-16.7708,-101.46,0.0758449827,0.08,1.5,24.437,-12.1542,2.3e-05,0,0,27.0207,0.368841,WiFi6_5GHz
UE_003853,0.0086,46.39,40.6307,-48.61,7.7e-09,0.0,1.5,0.2495,-30.4503,2.9e-05,0,0,77.8106,11.68819,WiFi6_5GHz
UE_003854,0.0108,-2.12,-10.4349,-97.12,0.0975335547,10.06,1.5,18.1742,18.0045,3.6e-05,0,0,36.8017,0.123156,WiFi6_5GHz
UE_003855,0.0036,-15.07,-22.4405,-110.07,0.1476316957,23.5,1.5,9.8889,-21.6606,1.2e-05,0,0,40.8804,0.573233,WiFi6_5GHz
UE_003856,0.0067,57.91,48.1927,-37.09,4.3e-09,8.82,1.5,0.1305,-29.9517,2.2e-05,0,0,79.5292,12.139845,WiFi6_5GHz
UE_003857,0.0164,7.47,-1.1664,-87.53,0.0478254182,8.53,1.5,30.9223,-3.9362,5.5e-05,0,0,30.4797,1.241656,WiFi6_5GHz
UE_003858,0.0161,-2.47,-6.7141,-97.47,0.143971559,2.19,1.5,21.3485,-3.2186,5.4e-05,0,0,31.5762,0.292805,WiFi6_5GHz
UE_003859,0.0028,-5.07,-9.5212,-100.07,0.1189782789,0.0,1.5,24.5465,-21.9115,9e-06,0,0,27.9825,0.368296,WiFi6_5GHz
UE_003860,0.0057,39.0,29.4602,-56.0,8.5e-09,19.54,1.5,0.4767,11.9731,1.9e-05,0,0,80.4187,11.381541,WiFi6_5GHz
UE_003861,0.0086,23.05,14.025,-71.95,1.78556e-05,12.54,1.5,1.7735,-9.9938,2.9e-05,0,0,68.0388,5.363196,WiFi6_5GHz
UE_003862,0.0038,42.86,38.5487,-52.14,5.5e-09,14.01,1.5,0.4944,-9.3144,1.3e-05,0,0,77.5697,11.841934,WiFi6_5GHz
UE_003863,0.0147,44.55,35.8193,-50.45,1.8e-09,0.45,1.5,0.1235,1.8298,4.9e-05,0,0,79.8435,11.84724,WiFi6_5GHz
UE_003864,0.0042,9.99,1.2867,-85.01,0.0373093039,1.9,1.5,30.9346,6.8701,1.4e-05,0,0,32.3521,2.020486,WiFi6_5GHz
UE_003865,0.0106,13.75,9.1517,-81.25,0.008215665,2.08,1.5,6.5002,14.0658,3.5e-05,0,0,50.2959,2.536253,WiFi6_5GHz
UE_003866,0.0116,32.04,20.69,-62.96,8.637e-06,27.37,1.7107,0.3725,-21.6305,3.9e-05,0,0,74.2263,10.029687,WiFi6_5GHz
UE_003867,0.0061,41.49,36.3136,-53.51,1.1e-09,18.2,1.5,0.1195,-20.0152,2e-05,0,0,82.7126,11.348525,WiFi6_5GHz
UE_003868,0.0143,24.82,19.0902,-70.18,0.0006363805,2.47,1.5,1.641,11.5723,4.8e-05,0,0,63.7758,5.237893,WiFi6_5GHz
UE_003869,0.0143,2.33,-4.0241,-92.67,0.0897921666,5.74,1.5,14.3317,9.394,4.8e-05,0,0,36.0207,0.41766,WiFi6_5GHz
UE_003870,0.0154,62.64,58.7452,-32.36,4e-10,0.14,1.5,0.2512,22.0883,5.1e-05,0,0,77.0417,11.721419,WiFi6_5GHz
UE_003871,0.0151,49.6,41.5181,-45.4,5e-10,0.08,1.5,0.2463,31.67,5e-05,0,0,78.632,11.636094,WiFi6_5GHz
UE_003872,0.0082,61.6,56.4911,-33.4,1e-09,34.32,1.78,0.0212,31.5383,2.7e-05,0,0,80.4544,11.915661,WiFi6_5GHz
UE_003873,0.0165,-4.98,-13.6982,-99.98,0.0977032426,0.01,1.5,32.8355,6.6174,5.5e-05,0,0,22.1974,0.267031,WiFi6_5GHz
UE_003874,0.0048,8.67,-1.097,-86.33,0.0109131378,5.67,1.5,33.1894,22.5346,1.6e-05,0,0,33.835,1.585167,WiFi6_5GHz
UE_003875,0.0146,-17.36,-26.5,-112.36,0.1271160044,2.4,1.5,29.9817,-9.8216,4.9e-05,0,0,28.2053,0.480821,WiFi6_5GHz
UE_003876,0.0158,48.56,39.0691,-46.44,5.7e-09,1.76,1.5,0.174,-22.8414,5.3e-05,0,0,79.1038,11.65438,WiFi6_5GHz
UE_003877,0.0151,-6.93,-11.5685,-101.93,0.1473487273,0.01,1.5,15.1205,-28.6778,5e-05,0,0,34.1956,0.221198,WiFi6_5GHz
UE_003878,0.0034,-4.79,-13.6155,-99.79,0.0596703163,24.86,1.5,21.0558,19.6224,1.1e-05,0,0,30.6834,0.505614,WiFi6_5GHz
UE_003879,0.008,12.28,4.113,-82.72,0.015971063,11.34,1.5,6.6687,-23.1829,2.7e-05,0,0,50.6424,1.907074,WiFi6_5GHz
UE_003880,0.0166,41.09,30.1162,-53.91,2.4e-09,4.09,1.5371,0.2708,30.4452,5.5e-05,0,0,78.5454,11.920087,WiFi6_5GHz
UE_003881,0.0147,4.65,-6.3116,-90.35,0.1437854175,14.8,1.5,31.198,-24.5746,4.9e-05,0,0,29.9906,0.778106,WiFi6_5GHz
UE_003882,0.0081,31.13,25.614,-63.87,6.7994e-06,0.0,1.5,0.4282,-20.5262,2.7e-05,0,0,67.33,8.254618,WiFi6_5GHz
UE_003883,0.0056,30.0,18.9462,-65.0,4.8274e-06,0.0,1.5,0.4209,6.0108,1.9e-05,0,0,68.4964,7.846964,WiFi6_5GHz
UE_003884,0.0098,5.55,-3.2113,-89.45,0.0487862845,18.97,1.5,11.044,4.9099,3.3e-05,0,0,42.0976,1.333129,WiFi6_5GHz
UE_003885,0.0135,10.66,2.7889,-84.34,0.0082822579,26.57,1.5,3.2963,-31.5906,4.5e-05,0,0,54.0934,1.328234,WiFi6_5GHz
UE_003886,0.01,13.64,1.6934,-81.36,0.0425786618,1.84,1.5,3.4983,-29.9628,3.3e-05,0,0,55.7347,2.206896,WiFi6_5GHz
UE_003887,0.0142,1.04,-6.1548,-93.96,0.096674927,14.4,1.5,22.6111,-22.9822,4.7e-05,0,0,31.6271,0.57743,WiFi6_5GHz
UE_003888,0.0155,42.37,38.0554,-52.63,3.4e-09,0.0,1.5,0.0453,-21.0481,5.2e-05,0,0,78.0414,11.880325,WiFi6_5GHz
UE_003889,0.0133,36.82,26.0705,-58.18,6.1e-09,0.07,1.5821,0.4631,-6.1275,4.4e-05,0,0,73.6232,11.841724,WiFi6_5GHz
UE_003890,0.0142,-21.39,-27.5516,-116.39,0.0637075939,20.04,1.5,20.4719,14.4385,4.7e-05,0,0,33.0207,0.433208,WiFi6_5GHz
UE_003891,0.0019,-5.47,-15.7339,-100.47,0.1340765296,13.19,1.5,17.8806,-31.67,6e-06,0,0,35.9308,0.282877,WiFi6_5GHz
UE_003892,0.0131,-15.84,-22.8331,-110.84,0.055231653,19.24,1.5,24.4731,14.9694,4.4e-05,0,0,27.4258,0.139573,WiFi6_5GHz
UE_003893,0.0012,33.85,24.9326,-61.15,5.3374e-06,9.64,1.5,0.4387,-27.3628,4e-06,0,0,72.8137,10.33789,WiFi6_5GHz
UE_003894,0.0161,6.84,-3.5034,-88.16,0.0422815314,1.93,1.5,28.9761,23.2763,5.4e-05,0,0,35.4872,1.038979,WiFi6_5GHz
UE_003895,0.0118,22.46,12.2735,-72.54,0.0008310174,1.32,1.5,1.4199,5.9573,3.9e-05,0,0,66.2874,5.278152,WiFi6_5GHz
UE_003896,0.008,23.65,13.5552,-71.35,0.000444021,25.24,2.2205,1.6774,-22.2749,2.7e-05,0,0,71.8476,5.069002,WiFi6_5GHz
UE_003897,0.0138,48.74,37.6427,-46.26,3.7e-09,22.1,1.5,0.125,-3.8892,4.6e-05,0,0,81.7311,11.966424,WiFi6_5GHz
UE_003898,0.007,6.06,-6.4297,-88.94,0.0341128187,0.32,1.5,26.3307,-7.7654,2.3e-05,0,0,30.5227,1.319756,WiFi6_5GHz
UE_003899,0.0128,33.75,21.9273,-61.25,2.8813e-06,14.76,1.5,0.2721,12.8566,4.3e-05,0,0,74.885,10.334791,WiFi6_5GHz
UE_003900,0.0084,7.77,-4.2906,-87.23,0.0476720587,0.0,1.5028,21.1148,-18.8563,2.8e-05,0,0,35.2957,1.045512,WiFi6_5GHz
UE_003901,0.0036,73.11,64.8462,-21.89,5.7e-09,1.05,1.5,0.2234,-31.0866,1.2e-05,0,0,77.3084,11.609494,WiFi6_5GHz
UE_003902,0.0029,-4.64,-14.6508,-99.64,0.1471114647,36.25,1.5,25.616,-2.89,1e-05,0,0,27.7366,0.510486,WiFi6_5GHz
UE_003903,0.0102,51.16,42.8135,-43.84,7e-09,10.33,1.626,0.0261,-29.1126,3.4e-05,0,0,80.6363,11.601221,WiFi6_5GHz
UE_003904,0.0023,23.45,13.2932,-71.55,0.0005962443,14.23,1.5,0.5013,2.7833,8e-06,0,0,63.929,5.01237,WiFi6_5GHz
UE_003905,0.0063,52.06,39.0164,-42.94,2.4e-09,11.97,1.5,0.4312,-19.0295,2.1e-05,0,0,79.5452,11.731665,WiFi6_5GHz
UE_003906,0.0103,34.77,24.1896,-60.23,9.6065e-06,0.0,1.5,0.3597,-31.318,3.4e-05,0,0,72.3569,10.657022,WiFi6_5GHz
UE_003907,0.0132,-11.92,-17.623,-106.92,0.1161498007,2.56,1.5,33.8097,-31.4817,4.4e-05,0,0,21.5917,0.1,WiFi6_5GHz
UE_003908,0.0064,18.02,13.2691,-76.98,0.0005309437,1.23,1.5,1.4072,14.6609,2.1e-05,0,0,61.7569,3.372884,WiFi6_5GHz
UE_003909,0.0078,-0.51,-10.506,-95.51,0.0985846601,0.71,1.5,33.113,31.2721,2.6e-05,0,0,23.5399,0.1,WiFi6_5GHz
UE_003910,0.0068,22.28,16.4085,-72.72,0.0008011373,13.25,1.5,1.9268,16.9002,2.3e-05,0,0,61.6295,5.617029,WiFi6_5GHz
UE_003911,0.0062,9.18,-3.2725,-85.82,0.0059965475,9.34,1.5,26.4063,-31.67,2.1e-05,0,0,34.5032,1.109374,WiFi6_5GHz
UE_003912,0.0036,26.4,19.143,-68.6,7.6914e-06,0.52,1.5,0.4716,9.3705,1.2e-05,0,0,63.9974,7.429953,WiFi6_5GHz
UE_003913,0.0067,-8.17,-14.45,-103.17,0.0844553394,1.7,1.5,22.3919,11.1188,2.2e-05,0,0,32.9716,0.1,WiFi6_5GHz
UE_003914,0.0061,20.51,11.6954,-74.49,0.0007636473,0.29,1.5,1.3214,31.6294,2e-05,0,0,61.429,4.426032,WiFi6_5GHz
UE_003915,0.0165,11.8,3.9496,-83.2,0.0457426637,6.26,1.5,3.9006,26.7728,5.5e-05,0,0,55.4418,2.303786,WiFi6_5GHz
UE_003916,0.0139,8.49,3.1042,-86.51,0.0018507165,14.14,1.5,8.4801,11.1963,4.6e-05,0,0,48.1993,2.037326,WiFi6_5GHz
UE_003917,0.0156,18.27,14.2764,-76.73,0.0004711581,16.46,1.5222,1.6115,-27.9936,5.2e-05,0,0,63.1079,3.493559,WiFi6_5GHz
UE_003918,0.0095,13.91,4.0224,-81.09,0.0069106154,0.12,1.5,3.0709,-1.8823,3.2e-05,0,0,52.5782,2.104511,WiFi6_5GHz
UE_003919,0.0084,2.83,-1.4173,-92.17,0.1146004159,0.86,1.5,18.461,27.9972,2.8e-05,0,0,31.8057,0.597738,WiFi6_5GHz
UE_003920,0.0141,25.16,18.4898,-69.84,8.7581e-06,9.13,1.5,0.2887,17.5684,4.7e-05,0,0,59.5542,7.057146,WiFi6_5GHz
UE_003921,0.0041,9.95,3.6377,-85.05,0.03617435,21.42,1.5,38.08,-16.4641,1.4e-05,0,0,31.293,1.760864,WiFi6_5GHz
UE_003922,0.0164,19.36,9.4837,-75.64,0.0004976063,13.54,1.5,1.1239,-13.6404,5.5e-05,0,0,61.1134,4.519004,WiFi6_5GHz
UE_003923,0.0016,-11.3,-22.8969,-106.3,0.0654061145,12.59,1.5,18.9162,21.925,5e-06,0,0,31.8765,0.434689,WiFi6_5GHz
UE_003924,0.0126,12.59,5.6238,-82.41,0.0315173833,0.0,1.5,3.918,19.2429,4.2e-05,0,0,49.8953,2.227404,WiFi6_5GHz
UE_003925,0.0165,47.76,40.2205,-47.24,2.9e-09,1.05,1.5,0.1523,21.1593,5.5e-05,0,0,80.8666,11.59199,WiFi6_5GHz
UE_003926,0.0117,2.26,-7.664,-92.74,0.1407444733,14.88,1.5,27.4508,-3.8323,3.9e-05,0,0,28.571,0.462171,WiFi6_5GHz
UE_003927,0.0041,0.77,-9.0341,-94.23,0.1320905114,15.28,1.5,18.3761,12.6129,1.4e-05,0,0,26.8326,0.208161,WiFi6_5GHz
UE_003928,0.0132,7.23,-0.8733,-87.77,0.0084151634,2.55,1.5,30.0979,-30.7286,4.4e-05,0,0,28.4679,1.090703,WiFi6_5GHz
UE_003929,0.0021,-4.49,-11.3085,-99.49,0.137407061,8.71,1.5,37.5977,30.6264,7e-06,0,0,23.905,0.1,WiFi6_5GHz
UE_003930,0.0125,23.57,16.723,-71.43,0.0002620242,0.0,1.5,1.0927,9.348,4.2e-05,0,0,59.6906,5.547329,WiFi6_5GHz
UE_003931,0.0126,3.93,-2.8166,-91.07,0.1141628257,0.55,1.5,36.1904,18.3548,4.2e-05,0,0,27.6969,0.618995,WiFi6_5GHz
UE_003932,0.0122,-8.92,-20.5251,-103.92,0.128689002,2.74,1.5,11.6337,12.5831,4.1e-05,0,0,35.0797,0.373676,WiFi6_5GHz
UE_003933,0.0044,-7.5,-17.3228,-102.5,0.1271312553,4.61,1.5,30.6996,-8.5523,1.5e-05,0,0,24.2523,0.1,WiFi6_5GHz
UE_003934,0.006,-4.63,-12.1153,-99.63,0.1168716701,13.41,1.5,16.101,20.7644,2e-05,0,0,36.5262,0.502067,WiFi6_5GHz
UE_003935,0.0068,-12.55,-24.8409,-107.55,0.1413648492,15.86,1.6502,20.2783,12.2356,2.3e-05,0,0,35.6989,0.397637,WiFi6_5GHz
UE_003936,0.008,-6.68,-12.214,-101.68,0.1401548613,0.0,1.5,12.0916,23.645,2.7e-05,0,0,37.7256,0.212933,WiFi6_5GHz
UE_003937,0.0149,34.07,29.3111,-60.93,6.2622e-06,0.0,1.5,0.2091,14.3611,5e-05,0,0,71.9041,10.57725,WiFi6_5GHz
UE_003938,0.0018,-0.06,-13.3599,-95.06,0.1080678143,10.36,1.5,38.5991,-21.2236,6e-06,0,0,21.142,0.271691,WiFi6_5GHz
UE_003939,0.0047,8.35,3.0389,-86.65,0.0335382089,9.2,1.5,18.512,18.7301,1.6e-05,0,0,39.6997,1.761999,WiFi6_5GHz
UE_003940,0.0152,-4.31,-15.3907,-99.31,0.0607808749,0.02,1.5,21.9044,23.466,5.1e-05,0,0,26.6944,0.346318,WiFi6_5GHz
UE_003941,0.0019,14.79,2.8256,-80.21,0.0427627184,1.41,1.5309,5.9659,31.67,6e-06,0,0,51.4208,2.148412,WiFi6_5GHz
UE_003942,0.0149,-6.17,-18.1509,-101.17,0.1446262898,0.01,1.5,20.8835,6.993,5e-05,0,0,27.9716,0.748682,WiFi6_5GHz
UE_003943,0.0031,42.93,37.7187,-52.07,5.7e-09,0.1,1.5,0.0825,-29.7294,1e-05,0,0,76.9302,11.646898,WiFi6_5GHz
UE_003944,0.0079,14.5,5.2681,-80.5,0.02632511,1.18,1.5,6.3065,-25.7062,2.6e-05,0,0,50.3037,2.534668,WiFi6_5GHz
UE_003945,0.0118,4.92,-1.1747,-90.08,0.1227739524,6.56,1.5,33.1995,-26.8471,3.9e-05,0,0,29.5741,0.796019,WiFi6_5GHz
UE_003946,0.016,2.67,-8.5032,-92.33,0.1104503758,19.54,1.5,22.2119,-7.7129,5.3e-05,0,0,34.0675,0.418459,WiFi6_5GHz
UE_003947,0.0093,16.34,7.4539,-78.66,0.0003360164,5.0,1.5,1.8526,-5.986,3.1e-05,0,0,56.2096,3.286605,WiFi6_5GHz
UE_003948,0.009,22.8,17.2305,-72.2,0.0005509864,0.0,1.5,1.1657,-22.3402,3e-05,0,0,63.749,5.055705,WiFi6_5GHz
UE_003949,0.002,10.56,0.202,-84.44,0.0051444804,1.61,1.5,3.9309,-10.3176,7e-06,0,0,48.6708,1.962197,WiFi6_5GHz
UE_003950,0.0166,-6.08,-12.66,-101.08,0.0769719041,12.27,1.5,14.0632,23.6714,5.5e-05,0,0,35.3498,0.119034,WiFi6_5GHz
UE_003951,0.0073,17.07,11.9469,-77.93,6.85371e-05,11.14,1.5,0.6591,28.2324,2.4e-05,0,0,54.5951,3.409515,WiFi6_5GHz
UE_003952,0.009,30.17,19.1942,-64.83,4.2395e-06,28.01,1.5,0.1064,9.1259,3e-05,0,0,73.3665,7.517359,WiFi6_5GHz
UE_003953,0.0106,23.77,16.8874,-71.23,2.28916e-05,34.46,1.5,1.7482,-14.5121,3.5e-05,0,0,65.1168,5.400702,WiFi6_5GHz
UE_003954,0.0087,39.66,29.9002,-55.34,4.7e-09,0.0,1.5,0.4451,-26.9501,2.9e-05,0,0,75.5627,11.695141,WiFi6_5GHz
UE_003955,0.0157,17.98,13.3154,-77.02,0.0002478356,1.4,1.5,1.9289,-17.2225,5.2e-05,0,0,58.3349,3.345516,WiFi6_5GHz
UE_003956,0.0081,25.51,15.3914,-69.49,3.4036e-06,2.49,1.5,0.0127,19.033,2.7e-05,0,0,67.8316,6.939239,WiFi6_5GHz
UE_003957,0.0125,-0.27,-10.2989,-95.27,0.0615056234,29.08,1.5,19.9749,30.2646,4.2e-05,0,0,36.0922,0.254544,WiFi6_5GHz
UE_003958,0.0031,-5.74,-17.3848,-100.74,0.113822597,16.67,1.5,12.9767,-28.023,1e-05,0,0,37.124,0.495833,WiFi6_5GHz
UE_003959,0.0159,12.78,1.2281,-82.22,0.0085714902,5.29,1.5,3.7504,19.4969,5.3e-05,0,0,50.0292,2.255846,WiFi6_5GHz
UE_003960,0.0153,0.09,-12.2967,-94.91,0.0850774788,0.78,1.5,35.2576,9.8229,5.1e-05,0,0,21.0344,0.211631,WiFi6_5GHz
UE_003961,0.0018,-3.87,-11.6088,-98.87,0.0550486457,1.36,1.5,21.8831,19.8282,6e-06,0,0,27.0672,0.396602,WiFi6_5GHz
UE_003962,0.0109,1.85,-5.7918,-93.15,0.0833131887,8.45,1.5,22.3246,20.2758,3.6e-05,0,0,31.0665,0.433702,WiFi6_5GHz
UE_003963,0.0014,-7.55,-15.0377,-102.55,0.0655060763,30.59,1.5,33.9253,-31.5953,5e-06,0,0,24.7408,0.205553,WiFi6_5GHz
UE_003964,0.0062,3.15,-3.4501,-91.85,0.057213903,14.3,1.6925,22.8229,-11.5284,2.1e-05,0,0,33.9902,0.474906,WiFi6_5GHz
UE_003965,0.0091,28.26,15.751,-66.74,1.1564e-06,6.25,1.5,0.435,-17.1667,3e-05,0,0,68.1619,7.960469,WiFi6_5GHz
UE_003966,0.0076,36.17,27.5404,-58.83,1.2e-09,1.13,1.5,0.4826,-23.4643,2.5e-05,0,0,77.5147,11.591448,WiFi6_5GHz
UE_003967,0.0162,6.21,-3.1666,-88.79,0.005806742,1.1,1.5,16.9015,31.67,5.4e-05,0,0,37.8134,1.515868,WiFi6_5GHz
UE_003968,0.0107,51.27,41.0601,-43.73,1.3e-09,35.92,1.5,0.034,-24.2843,3.6e-05,0,0,82.7189,11.925237,WiFi6_5GHz
UE_003969,0.0084,25.85,21.753,-69.15,7.6511e-06,3.63,1.5,0.4226,-6.5045,2.8e-05,0,0,66.6659,6.954801,WiFi6_5GHz
UE_003970,0.003,57.49,52.064,-37.51,8e-09,17.22,1.5,0.0347,21.1281,1e-05,0,0,80.4997,11.83105,WiFi6_5GHz
UE_003971,0.0063,41.92,32.9173,-53.08,2e-10,14.98,1.5,0.3012,-26.8357,2.1e-05,0,0,79.77,11.648789,WiFi6_5GHz
UE_003972,0.001,2.73,-1.7961,-92.27,0.0602254019,0.07,1.5,9.7458,23.27,3e-06,0,0,41.1835,0.611524,WiFi6_5GHz
UE_003973,0.0149,58.53,49.8083,-36.47,7.9e-09,0.05,1.5,0.2286,-18.4943,5e-05,0,0,79.8818,11.885092,WiFi6_5GHz
UE_003974,0.0098,32.98,20.3106,-62.02,5.1e-07,23.37,1.5,0.4239,1.2937,3.3e-05,0,0,75.0098,10.455461,WiFi6_5GHz
UE_003975,0.0121,35.74,24.0994,-59.26,2.5e-09,31.16,2.1361,0.3639,-23.8937,4e-05,0,0,77.9476,11.617399,WiFi6_5GHz
UE_003976,0.0123,29.5,19.4958,-65.5,1.4498e-06,39.34,1.7189,0.417,-14.7413,4.1e-05,0,0,74.4347,7.99905,WiFi6_5GHz
UE_003977,0.0038,-6.97,-11.1202,-101.97,0.1021433575,11.23,1.5,20.3445,19.2468,1.3e-05,0,0,31.7869,0.148563,WiFi6_5GHz
UE_003978,0.0033,-14.5,-21.3404,-109.5,0.1390125977,0.0,1.5,20.4419,-28.3219,1.1e-05,0,0,34.2861,0.204098,WiFi6_5GHz
UE_003979,0.0051,33.03,21.5312,-61.97,5.8368e-06,0.0,1.5,0.3868,14.0757,1.7e-05,0,0,73.2947,10.372295,WiFi6_5GHz
UE_003980,0.0111,44.01,34.0339,-50.99,5.6e-09,34.8,1.5,0.1507,-3.9502,3.7e-05,0,0,84.1806,11.898976,WiFi6_5GHz
UE_003981,0.0062,-6.62,-14.659,-101.62,0.0764438293,3.93,1.5,28.2731,-23.5124,2.1e-05,0,0,27.1402,0.104909,WiFi6_5GHz
UE_003982,0.0011,5.2,-5.2353,-89.8,0.0447485642,7.82,1.5,25.6436,21.4777,4e-06,0,0,29.3575,1.339193,WiFi6_5GHz
UE_003983,0.0087,30.44,24.6807,-64.56,1.475e-07,14.72,1.6254,0.1383,18.3335,2.9e-05,0,0,69.9907,7.377356,WiFi6_5GHz
UE_003984,0.0055,66.74,59.685,-28.26,2.9e-09,1.57,1.5,0.3744,1.6618,1.8e-05,0,0,77.9858,11.899296,WiFi6_5GHz
UE_003985,0.0067,6.51,-3.272,-88.49,0.03634151,0.13,1.5,29.4921,-0.5072,2.2e-05,0,0,31.4209,0.801465,WiFi6_5GHz
UE_003986,0.0016,38.42,29.34,-56.58,6.3e-09,11.82,1.5557,0.1716,-12.8647,5e-06,0,0,78.5984,11.814471,WiFi6_5GHz
UE_003987,0.0122,-1.89,-11.703,-96.89,0.0879414187,15.76,1.5,29.1509,-14.8205,4.1e-05,0,0,26.9345,0.218361,WiFi6_5GHz
UE_003988,0.0081,51.47,40.4892,-43.53,5.9e-09,7.92,1.5,0.2736,25.7218,2.7e-05,0,0,79.942,11.842616,WiFi6_5GHz
UE_003989,0.0011,2.9,-8.9382,-92.1,0.0548739542,0.75,1.5,27.1842,21.9884,4e-06,0,0,29.0145,0.445422,WiFi6_5GHz
UE_003990,0.0029,31.31,20.3248,-63.69,3.6787e-06,1.65,1.5,0.1671,25.1908,1e-05,0,0,67.9483,7.651923,WiFi6_5GHz
UE_003991,0.0036,25.65,14.1845,-69.35,6.0854e-06,0.34,1.5,0.3871,10.9313,1.2e-05,0,0,65.4705,7.228468,WiFi6_5GHz
UE_003992,0.0124,23.23,16.2191,-71.77,0.0009379947,28.49,1.5,1.671,-30.4822,4.1e-05,0,0,63.7731,5.385337,WiFi6_5GHz
UE_003993,0.0053,1.48,-8.7296,-93.52,0.0955162278,1.34,1.5,28.2154,-6.6481,1.8e-05,0,0,25.7437,0.15678,WiFi6_5GHz
UE_003994,0.0034,3.3,-7.6995,-91.7,0.0775947112,6.46,1.5,18.8532,20.5407,1.1e-05,0,0,33.9585,0.514812,WiFi6_5GHz
UE_003995,0.0089,-7.0,-18.0747,-102.0,0.0781310221,4.19,1.5,20.7274,31.0094,3e-05,0,0,28.9134,0.463944,WiFi6_5GHz
UE_003996,0.015,55.24,43.1406,-39.76,3.7e-09,0.0,1.5,0.2405,23.4174,5e-05,0,0,79.0995,11.392813,WiFi6_5GHz
UE_003997,0.0145,38.33,31.9091,-56.67,4.7e-09,1.1,1.5,0.3775,-15.2545,4.8e-05,0,0,75.8256,11.683311,WiFi6_5GHz
UE_003998,0.0055,-8.21,-15.6015,-103.21,0.0870307615,27.46,1.7265,21.1369,-24.1588,1.8e-05,0,0,30.0357,0.338902,WiFi6_5GHz
UE_003999,0.0163,-7.15,-17.3775,-102.15,0.058523763,22.1,1.6083,11.3341,27.45,5.4e-05,0,0,38.7326,0.16547,WiFi6_5GHz
UE_004000,0.0037,-9.16,-15.5495,-104.16,0.1267967491,5.22,1.5,20.4698,13.1421,1.2e-05,0,0,28.7396,0.65298,WiFi6_5GHz
UE_004001,0.0113,27.04,20.4287,-67.96,3.4441e-06,11.27,1.6578,0.0188,18.8533,3.8e-05,0,0,69.8851,7.029607,WiFi6_5GHz
UE_004002,0.0081,53.91,46.6588,-41.09,7.1e-09,0.07,1.5,0.1738,-14.9677,2.7e-05,0,0,79.6954,11.710312,WiFi6_5GHz
UE_004003,0.0048,12.42,4.3266,-82.58,0.0048766169,2.52,1.5,6.65,-21.3999,1.6e-05,0,0,49.3764,2.101905,WiFi6_5GHz
UE_004004,0.0091,44.57,35.9576,-50.43,6e-09,6.01,1.5,0.3566,20.4482,3e-05,0,0,79.25,11.828272,WiFi6_5GHz
UE_004005,0.0016,5.16,0.8202,-89.84,0.0388331436,18.1,1.5,29.5866,-23.4697,5e-06,0,0,31.3156,1.347498,WiFi6_5GHz
UE_004006,0.0063,5.73,-1.4366,-89.27,0.0188449041,27.85,1.5,35.7872,26.5774,2.1e-05,0,0,26.0807,1.181598,WiFi6_5GHz
UE_004007,0.0102,33.33,23.1081,-61.67,1.3678e-06,7.81,1.5,0.0473,27.4831,3.4e-05,0,0,77.2566,10.545041,WiFi6_5GHz
UE_004008,0.014,8.53,3.253,-86.47,0.0469928332,0.0,1.5,38.5302,20.2496,4.7e-05,0,0,22.4227,1.471002,WiFi6_5GHz
UE_004009,0.0016,0.33,-8.5889,-94.67,0.0681946472,1.35,1.5,26.8479,-2.9343,5e-06,0,0,26.8471,0.42948,WiFi6_5GHz
UE_004010,0.0049,2.09,-3.2574,-92.91,0.1039109484,44.34,1.5,18.3737,-21.8153,1.6e-05,0,0,40.5572,1.049476,WiFi6_5GHz
UE_004011,0.0093,36.02,29.8367,-58.98,8.2e-09,35.03,1.5,0.1508,-1.6663,3.1e-05,0,0,77.2699,12.005947,WiFi6_5GHz
UE_004012,0.013,49.57,36.4429,-45.43,8.3e-09,15.77,1.5,0.2335,-4.201,4.3e-05,0,0,83.0683,11.784021,WiFi6_5GHz
UE_004013,0.0063,10.27,-0.9186,-84.73,0.0453134721,10.79,1.5,7.7684,-9.1532,2.1e-05,0,0,50.5221,1.883716,WiFi6_5GHz
UE_004014,0.0147,40.6,32.2192,-54.4,8.7e-09,0.0,1.5,0.2551,6.8056,4.9e-05,0,0,80.6401,11.583016,WiFi6_5GHz
UE_004015,0.0047,6.89,-4.3311,-88.11,0.033489738,0.99,1.5,19.2857,-24.003,1.6e-05,0,0,36.2079,1.16608,WiFi6_5GHz
UE_004016,0.014,-5.31,-12.0283,-100.31,0.0918985249,24.22,1.5,23.8511,2.257,4.7e-05,0,0,32.3761,0.449978,WiFi6_5GHz
UE_004017,0.0169,28.53,17.857,-66.47,7.5967e-06,37.65,1.5,0.2804,31.67,5.6e-05,0,0,73.5062,7.786986,WiFi6_5GHz
UE_004018,0.0015,37.36,27.8425,-57.64,3.7e-09,14.16,1.5,0.3176,-31.67,5e-06,0,0,77.2261,11.588945,WiFi6_5GHz
UE_004019,0.0063,66.71,58.6623,-28.29,2.5e-09,15.7,1.5,0.174,-6.3495,2.1e-05,0,0,79.3402,11.608861,WiFi6_5GHz
UE_004020,0.0142,32.54,22.2086,-62.46,1.9263e-06,0.0,1.5,0.4408,22.7875,4.7e-05,0,0,67.6597,11.025274,WiFi6_5GHz
UE_004021,0.0051,16.67,10.2413,-78.33,0.0002428812,0.0,1.5,1.3323,28.8947,1.7e-05,0,0,59.9427,3.734621,WiFi6_5GHz
UE_004022,0.0034,43.88,32.1285,-51.12,2.5e-09,4.08,1.5,0.1571,-11.6584,1.1e-05,0,0,82.5211,11.806667,WiFi6_5GHz
UE_004023,0.0094,7.65,0.2949,-87.35,0.0424913723,14.6,1.5972,33.7347,26.3316,3.1e-05,0,0,28.3522,1.229442,WiFi6_5GHz
UE_004024,0.0051,0.56,-5.5628,-94.44,0.0851449327,15.79,1.5,32.064,18.7952,1.7e-05,0,0,26.3231,0.437199,WiFi6_5GHz
UE_004025,0.0141,-1.89,-6.3701,-96.89,0.1267690425,30.07,1.5,34.0969,8.1469,4.7e-05,0,0,26.4167,0.850772,WiFi6_5GHz
UE_004026,0.0065,6.18,1.4694,-88.82,0.0168988664,0.0,1.5,31.6672,1.7205,2.2e-05,0,0,29.8301,0.745748,WiFi6_5GHz
UE_004027,0.0133,26.15,15.5221,-68.85,5.9637e-06,0.0,1.5,0.2548,6.6138,4.4e-05,0,0,66.4319,6.949238,WiFi6_5GHz
UE_004028,0.0081,5.17,-3.4305,-89.83,0.0336130823,0.0,1.5,31.3837,26.4945,2.7e-05,0,0,27.7456,1.69521,WiFi6_5GHz
UE_004029,0.0057,-7.28,-17.7492,-102.28,0.0812155193,15.62,1.5,13.5585,30.7668,1.9e-05,0,0,34.9375,0.291216,WiFi6_5GHz
UE_004030,0.0026,-16.64,-25.1549,-111.64,0.0837183215,1.94,1.5,31.3834,-22.3473,9e-06,0,0,23.0773,0.329532,WiFi6_5GHz
UE_004031,0.0019,0.2,-6.775,-94.8,0.0685207352,9.45,1.5,11.9017,31.2961,6e-06,0,0,34.9809,0.241412,WiFi6_5GHz
UE_004032,0.0147,-15.06,-21.2389,-110.06,0.0568486118,1.13,1.5,18.3823,13.5255,4.9e-05,0,0,30.945,0.288264,WiFi6_5GHz
UE_004033,0.002,-15.81,-25.6724,-110.81,0.0577549327,1.36,1.5,14.2213,2.9704,7e-06,0,0,33.0379,0.73043,WiFi6_5GHz
UE_004034,0.0076,-5.97,-9.5842,-100.97,0.1490279857,0.9,1.5,13.3816,26.218,2.5e-05,0,0,33.3893,0.364779,WiFi6_5GHz
UE_004035,0.0024,-0.98,-5.4441,-95.98,0.1096146354,17.86,1.5,24.0379,-11.3384,8e-06,0,0,30.0758,0.11503,WiFi6_5GHz
UE_004036,0.0065,9.43,2.4575,-85.57,0.019132137,18.37,1.7812,30.1698,1.8189,2.2e-05,0,0,32.8048,1.724998,WiFi6_5GHz
UE_004037,0.0027,9.85,0.628,-85.15,0.0386125637,7.5,1.5,9.567,26.774,9e-06,0,0,50.6322,1.739073,WiFi6_5GHz
UE_004038,0.0141,-0.62,-10.0094,-95.62,0.0586704483,0.0,1.5,37.3328,-16.4889,4.7e-05,0,0,18.8872,0.1,WiFi6_5GHz
UE_004039,0.002,24.86,20.3512,-70.14,0.0002821913,2.27,1.5,1.9504,15.2116,7e-06,0,0,64.9801,5.125592,WiFi6_5GHz
UE_004040,0.0083,-14.2,-18.4179,-109.2,0.133835528,26.96,1.5,16.8299,-27.5492,2.8e-05,0,0,36.3353,0.265788,WiFi6_5GHz
UE_004041,0.0029,28.46,17.4827,-66.54,2.2982e-06,18.98,1.5,0.3059,23.7872,1e-05,0,0,68.6307,7.722723,WiFi6_5GHz
UE_004042,0.0141,-12.61,-19.8239,-107.61,0.1173381166,0.21,1.5,28.5718,25.8652,4.7e-05,0,0,22.4656,0.532681,WiFi6_5GHz
UE_004043,0.001,40.75,31.8993,-54.25,2.6e-09,2.03,1.5,0.4473,24.5483,3e-06,0,0,79.5941,11.522613,WiFi6_5GHz
UE_004044,0.0024,50.96,40.0263,-44.04,4.6e-09,0.42,1.5,0.378,-20.9864,8e-06,0,0,78.6887,11.518146,WiFi6_5GHz
UE_004045,0.0031,58.04,46.9114,-36.96,4e-10,0.0,1.5,0.2389,12.1197,1e-05,0,0,76.5214,11.886194,WiFi6_5GHz
UE_004046,0.0047,2.29,-8.6327,-92.71,0.1415144974,5.29,1.5,25.5905,-7.6728,1.6e-05,0,0,30.5879,0.536594,WiFi6_5GHz
UE_004047,0.0039,2.0,-4.451,-93.0,0.1222183108,24.37,1.5,19.3898,14.9534,1.3e-05,0,0,36.4532,0.280592,WiFi6_5GHz
UE_004048,0.012,51.1,39.1096,-43.9,7.6e-09,15.51,1.5,0.048,-14.6535,4e-05,0,0,78.8795,11.959652,WiFi6_5GHz
UE_004049,0.0095,-6.2,-11.5125,-101.2,0.1368581549,2.78,1.5,37.2638,-9.9881,3.2e-05,0,0,22.4714,0.1,WiFi6_5GHz
UE_004050,0.012,-6.03,-16.2054,-101.03,0.1068510471,0.22,1.5,30.8627,-21.2751,4e-05,0,0,22.9712,0.239335,WiFi6_5GHz
UE_004051,0.0019,9.17,3.1321,-85.83,0.0033646564,0.01,1.5,11.1577,-5.4711,6e-06,0,0,46.1662,2.227219,WiFi6_5GHz
UE_004052,0.0062,37.69,31.3547,-57.31,5.4e-09,18.78,1.5,0.0785,18.9281,2.1e-05,0,0,81.4674,11.574242,WiFi6_5GHz
UE_004053,0.0036,35.55,27.9969,-59.45,8.3e-09,11.1,1.5,0.4053,-28.8574,1.2e-05,0,0,75.4616,11.542223,WiFi6_5GHz
UE_004054,0.0152,18.15,5.8301,-76.85,0.0007065743,16.76,1.5,1.4392,1.3613,5.1e-05,0,0,59.0631,3.380639,WiFi6_5GHz
UE_004055,0.0061,52.82,41.7736,-42.18,9e-09,12.13,1.5,0.4183,-8.2729,2e-05,0,0,80.7777,11.278338,WiFi6_5GHz
UE_004056,0.0049,38.91,34.6764,-56.09,3.1e-09,0.14,1.5,0.1141,-9.3099,1.6e-05,0,0,76.3998,11.573265,WiFi6_5GHz
UE_004057,0.0062,25.11,20.4543,-69.89,7.8688e-06,2.35,1.5569,0.1319,-28.6212,2.1e-05,0,0,67.0599,6.599914,WiFi6_5GHz
UE_004058,0.0129,18.38,6.0478,-76.62,0.0006789752,0.6,1.5,1.0925,6.96,4.3e-05,0,0,59.0285,3.355211,WiFi6_5GHz
UE_004059,0.016,29.66,21.2806,-65.34,4.2749e-06,14.68,1.5,0.384,-14.6078,5.3e-05,0,0,70.8282,8.099585,WiFi6_5GHz
UE_004060,0.0161,-1.17,-5.7079,-96.17,0.1010631973,15.91,1.5,24.8069,14.4527,5.4e-05,0,0,26.971,0.1,WiFi6_5GHz
UE_004061,0.0032,-8.63,-12.1422,-103.63,0.1124238511,12.57,1.5,36.4332,-14.1326,1.1e-05,0,0,19.8315,0.1,WiFi6_5GHz
UE_004062,0.0012,-8.63,-20.2123,-103.63,0.1234569424,3.05,1.5,13.3559,-27.0413,4e-06,0,0,33.5008,0.515746,WiFi6_5GHz
UE_004063,0.015,18.64,11.038,-76.36,0.0002791664,0.81,1.5,0.6678,-0.2123,5e-05,0,0,59.3064,3.781733,WiFi6_5GHz
UE_004064,0.0129,-0.09,-11.3812,-95.09,0.1182716801,27.14,1.5,34.3734,28.5136,4.3e-05,0,0,25.7757,0.1,WiFi6_5GHz
UE_004065,0.0044,45.25,39.6046,-49.75,6.5e-09,19.86,1.5,0.3585,-12.864,1.5e-05,0,0,79.3174,11.694371,WiFi6_5GHz
UE_004066,0.0024,57.02,48.3752,-37.98,2.4e-09,12.36,1.604,0.0838,-14.3207,8e-06,0,0,80.8264,11.567898,WiFi6_5GHz
UE_004067,0.0071,28.45,20.368,-66.55,9.6755e-06,27.54,1.5,0.0612,-31.67,2.4e-05,0,0,73.1292,7.872098,WiFi6_5GHz
UE_004068,0.01,35.23,28.9827,-59.77,9.2e-09,0.14,1.5,0.0077,31.67,3.3e-05,0,0,73.2813,12.17023,WiFi6_5GHz
UE_004069,0.0133,18.27,8.8937,-76.73,0.0005044377,1.45,1.5,0.962,-31.67,4.4e-05,0,0,59.5312,3.279542,WiFi6_5GHz
UE_004070,0.0114,-10.14,-17.4796,-105.14,0.0554973037,13.27,1.5,35.7842,14.3137,3.8e-05,0,0,24.1304,0.128005,WiFi6_5GHz
UE_004071,0.0115,-1.51,-12.9869,-96.51,0.1461814313,13.26,1.5,16.0281,-29.5782,3.8e-05,0,0,36.7725,0.391461,WiFi6_5GHz
UE_004072,0.0055,6.44,-2.1865,-88.56,0.0497798042,13.26,1.5,37.094,14.7323,1.8e-05,0,0,27.1469,1.273159,WiFi6_5GHz
UE_004073,0.0167,63.93,53.7985,-31.07,5.8e-09,6.6,1.5,0.1333,30.0324,5.6e-05,0,0,80.3023,11.179261,WiFi6_5GHz
UE_004074,0.0066,11.59,4.6585,-83.41,0.0412478479,0.18,1.5,2.0103,5.8283,2.2e-05,0,0,52.1097,2.202242,WiFi6_5GHz
UE_004075,0.0026,23.79,18.3383,-71.21,0.0001768109,0.0,1.5,0.5389,-19.6371,9e-06,0,0,65.3134,5.263981,WiFi6_5GHz
UE_004076,0.0095,-3.35,-15.3164,-98.35,0.1287342572,12.51,1.5,29.4093,-29.5444,3.2e-05,0,0,26.0378,0.212422,WiFi6_5GHz
UE_004077,0.001,36.82,26.707,-58.18,3.4e-09,1.88,1.5,0.404,9.5043,3e-06,0,0,75.9607,11.930016,WiFi6_5GHz
UE_004078,0.0032,14.82,10.1355,-80.18,0.0110806392,17.97,1.5,4.0642,-28.5716,1.1e-05,0,0,57.8874,2.408391,WiFi6_5GHz
UE_004079,0.0015,0.27,-4.468,-94.73,0.1134839605,10.84,1.5,32.7487,-9.8704,5e-06,0,0,21.0612,0.372437,WiFi6_5GHz
UE_004080,0.0054,54.02,43.8744,-40.98,7e-09,0.1,1.5,0.4123,13.2281,1.8e-05,0,0,79.7782,11.660918,WiFi6_5GHz
UE_004081,0.0065,-3.32,-15.0901,-98.32,0.1465790883,1.0,1.5,16.1727,29.4382,2.2e-05,0,0,36.5171,0.1,WiFi6_5GHz
UE_004082,0.0136,20.9,9.4511,-74.1,0.0008283351,17.21,1.5646,0.5595,-18.033,4.5e-05,0,0,68.5515,4.419886,WiFi6_5GHz
UE_004083,0.0119,-1.72,-12.2467,-96.72,0.0848555779,0.17,1.5,15.9594,-24.4944,4e-05,0,0,36.89,0.287387,WiFi6_5GHz
UE_004084,0.0062,8.4,2.206,-86.6,0.0087559905,1.62,1.5,11.1918,31.67,2.1e-05,0,0,38.9567,1.818209,WiFi6_5GHz
UE_004085,0.0072,30.73,21.8399,-64.27,5.5256e-06,12.58,1.5,0.1163,-24.9536,2.4e-05,0,0,70.014,7.654237,WiFi6_5GHz
UE_004086,0.0101,5.86,-2.1265,-89.14,0.0128449185,0.0,1.5,38.3745,-2.3248,3.4e-05,0,0,22.3422,1.126676,WiFi6_5GHz
UE_004087,0.0137,-8.7,-16.7826,-103.7,0.1275548927,0.0,1.5,31.5391,-15.5241,4.6e-05,0,0,23.5804,0.442532,WiFi6_5GHz
UE_004088,0.0066,15.24,6.9631,-79.76,0.0001423768,13.43,1.5,1.3822,26.1879,2.2e-05,0,0,58.7326,3.429252,WiFi6_5GHz
UE_004089,0.0129,31.3,20.6444,-63.7,5.74e-07,7.92,1.5,0.2986,19.8989,4.3e-05,0,0,73.0443,7.531801,WiFi6_5GHz
UE_004090,0.0043,24.05,13.7869,-70.95,0.0007092028,6.44,1.5418,0.9813,7.2223,1.4e-05,0,0,62.6057,5.441644,WiFi6_5GHz
UE_004091,0.0169,3.43,-4.3233,-91.57,0.1146685018,10.44,1.5,30.8203,-21.5113,5.6e-05,0,0,24.9979,0.590353,WiFi6_5GHz
UE_004092,0.0063,4.36,1.2298,-90.64,0.0718614248,0.0,1.5,12.1172,-1.1419,2.1e-05,0,0,37.0966,0.655038,WiFi6_5GHz
UE_004093,0.0129,5.9,-4.8248,-89.1,0.0306038508,0.05,1.5,9.126,30.1462,4.3e-05,0,0,41.2848,1.535005,WiFi6_5GHz
UE_004094,0.0051,20.18,8.8853,-74.82,0.0006978445,4.36,1.5,0.8589,13.5026,1.7e-05,0,0,60.3717,4.329825,WiFi6_5GHz
UE_004095,0.0118,-3.12,-10.345,-98.12,0.1426928223,21.45,1.5,36.7741,2.3424,3.9e-05,0,0,22.1114,0.177352,WiFi6_5GHz
UE_004096,0.0157,28.0,24.065,-67.0,3.449e-06,22.61,1.5,0.1114,24.9263,5.2e-05,0,0,69.7432,7.928103,WiFi6_5GHz
UE_004097,0.0073,15.21,8.9353,-79.79,0.0004389359,5.97,1.5,1.8383,22.4502,2.4e-05,0,0,58.0221,3.458711,WiFi6_5GHz
UE_004098,0.0107,0.6,-6.3563,-94.4,0.085453327,0.42,1.5,13.6163,29.0193,3.6e-05,0,0,36.2488,0.623563,WiFi6_5GHz
UE_004099,0.0082,2.43,-1.5872,-92.57,0.1254965653,0.95,1.5,28.2767,-28.0781,2.7e-05,0,0,28.2342,0.471864,WiFi6_5GHz
UE_004100,0.0078,39.33,33.2457,-55.67,1.3e-09,20.65,1.5,0.3006,1.8841,2.6e-05,0,0,82.7596,11.740247,WiFi6_5GHz
UE_004101,0.0042,-6.86,-20.3848,-101.86,0.0996157571,22.52,1.5,8.5818,23.0047,1.4e-05,0,0,42.2309,0.1,WiFi6_5GHz
UE_004102,0.0139,-1.85,-8.2896,-96.85,0.1025848356,1.06,1.5,19.4398,-29.2933,4.6e-05,0,0,32.6853,0.1,WiFi6_5GHz
UE_004103,0.0105,7.16,-0.3152,-87.84,0.0157992951,5.69,1.5,29.3637,-0.8047,3.5e-05,0,0,30.5275,1.288175,WiFi6_5GHz
UE_004104,0.0165,3.6,-5.683,-91.4,0.0837016855,1.15,1.5,34.5489,-17.1843,5.5e-05,0,0,21.5713,0.628148,WiFi6_5GHz
UE_004105,0.0123,13.84,9.1074,-81.16,0.013173222,2.54,1.5,6.5136,15.165,4.1e-05,0,0,52.5913,2.222958,WiFi6_5GHz
UE_004106,0.007,6.09,-5.516,-88.91,0.0169040071,30.77,1.5,8.565,-10.613,2.3e-05,0,0,46.8295,1.401892,WiFi6_5GHz
UE_004107,0.0041,43.92,33.37,-51.08,1.6e-09,0.76,1.5,0.3398,30.9502,1.4e-05,0,0,78.6981,11.291679,WiFi6_5GHz
UE_004108,0.0111,-5.79,-11.0395,-100.79,0.10214453,17.87,1.5,23.1418,30.1926,3.7e-05,0,0,30.5,0.322125,WiFi6_5GHz
UE_004109,0.0106,49.08,40.7544,-45.92,7e-09,14.67,1.5,0.1663,25.0698,3.5e-05,0,0,78.5934,12.140341,WiFi6_5GHz
UE_004110,0.0027,8.67,2.7359,-86.33,0.0199602865,0.0,1.5,38.6164,15.1509,9e-06,0,0,31.562,1.620714,WiFi6_5GHz
UE_004111,0.0062,0.79,-3.3191,-94.21,0.1174369946,2.94,1.5,19.2065,-4.9867,2.1e-05,0,0,31.2071,0.291226,WiFi6_5GHz
UE_004112,0.0104,-8.02,-18.4367,-103.02,0.058536873,13.72,1.5542,30.1872,-12.6499,3.5e-05,0,0,24.9801,0.1,WiFi6_5GHz
UE_004113,0.0013,8.42,1.748,-86.58,0.0372869158,12.3,1.5,27.2977,-11.1231,4e-06,0,0,36.1567,1.575899,WiFi6_5GHz
UE_004114,0.0068,-14.82,-25.2429,-109.82,0.0673137213,0.08,1.5,31.905,19.8369,2.3e-05,0,0,22.0326,0.748516,WiFi6_5GHz
UE_004115,0.0018,19.19,11.1099,-75.81,0.0003101334,12.79,1.5,1.1712,20.7221,6e-06,0,0,60.2571,4.627886,WiFi6_5GHz
UE_004116,0.0167,35.16,25.4753,-59.84,3e-10,0.53,1.5,0.4929,3.5887,5.6e-05,0,0,75.5253,11.729706,WiFi6_5GHz
UE_004117,0.0134,4.83,-6.0225,-90.17,0.0685069639,0.04,1.5,16.5905,-22.7462,4.5e-05,0,0,36.7625,0.746371,WiFi6_5GHz
UE_004118,0.0112,15.59,6.4805,-79.41,0.0008180746,28.19,1.5,0.6856,-3.6369,3.7e-05,0,0,62.3734,2.999427,WiFi6_5GHz
UE_004119,0.0149,-11.53,-22.7271,-106.53,0.1401560316,25.44,1.5,38.8771,-28.6489,5e-05,0,0,19.8376,0.1,WiFi6_5GHz
UE_004120,0.001,51.45,44.8247,-43.55,0.0,4.65,1.5,0.4877,-22.9942,3e-06,0,0,77.2351,11.803149,WiFi6_5GHz
UE_004121,0.0119,54.9,48.0874,-40.1,2.1e-09,11.73,1.5,0.3483,-10.6001,4e-05,0,0,81.0369,11.674405,WiFi6_5GHz
UE_004122,0.0144,21.87,15.218,-73.13,0.0005499717,0.0,1.5,1.091,-2.0749,4.8e-05,0,0,60.6969,5.119049,WiFi6_5GHz
UE_004123,0.0131,26.54,15.3231,-68.46,3.0934e-06,0.0,1.5,0.1728,3.1869,4.4e-05,0,0,65.8522,6.834966,WiFi6_5GHz
UE_004124,0.0066,6.6,1.2352,-88.4,0.0321950355,18.44,1.9358,14.1147,12.8419,2.2e-05,0,0,38.3397,1.40555,WiFi6_5GHz
UE_004125,0.0029,66.84,58.6443,-28.16,4.6e-09,15.17,1.5,0.2124,21.2193,1e-05,0,0,77.5924,11.500422,WiFi6_5GHz
UE_004126,0.007,1.74,-4.4872,-93.26,0.0560288984,30.63,1.6315,8.2391,-1.587,2.3e-05,0,0,46.6673,0.328067,WiFi6_5GHz
UE_004127,0.0033,43.51,34.1661,-51.49,3.1e-09,21.6,1.5,0.1228,2.1669,1.1e-05,0,0,86.1503,11.991874,WiFi6_5GHz
UE_004128,0.0041,8.2,0.408,-86.8,0.0144514064,0.11,1.5,17.0224,3.5467,1.4e-05,0,0,43.5793,1.417682,WiFi6_5GHz
UE_004129,0.0108,19.15,8.7001,-75.85,0.0007050809,0.16,1.5,1.295,22.1359,3.6e-05,0,0,63.5495,4.596346,WiFi6_5GHz
UE_004130,0.0077,47.28,38.6041,-47.72,9.4e-09,25.28,1.5,0.2187,-10.411,2.6e-05,0,0,80.6658,11.199672,WiFi6_5GHz
UE_004131,0.0096,47.1,41.9061,-47.9,9.8e-09,32.25,1.5,0.341,21.163,3.2e-05,0,0,81.1016,11.633632,WiFi6_5GHz
UE_004132,0.0152,17.75,12.477,-77.25,0.0002375043,12.75,1.5,0.5485,-15.5679,5.1e-05,0,0,59.7808,3.492964,WiFi6_5GHz
UE_004133,0.0082,49.27,39.5029,-45.73,8.5e-09,15.64,1.5,0.2538,-12.9173,2.7e-05,0,0,79.5023,12.330662,WiFi6_5GHz
UE_004134,0.0071,-6.19,-16.665,-101.19,0.1141598988,0.12,1.5,8.1771,31.67,2.4e-05,0,0,36.5604,0.306401,WiFi6_5GHz
UE_004135,0.0047,-18.9,-27.5737,-113.9,0.1139817374,0.54,1.5,23.3082,-10.9021,1.6e-05,0,0,26.9484,0.308028,WiFi6_5GHz
UE_004136,0.0117,40.5,30.5435,-54.5,1.4e-09,30.93,1.5,0.2613,-27.6126,3.9e-05,0,0,78.581,11.611422,WiFi6_5GHz
UE_004137,0.001,12.4,5.2019,-82.6,0.0182760235,22.96,1.5,3.6155,3.9505,3e-06,0,0,56.4762,2.000911,WiFi6_5GHz
UE_004138,0.0014,28.42,23.8657,-66.58,3.8031e-06,16.99,1.6617,0.0845,0.5795,5e-06,0,0,70.212,7.675245,WiFi6_5GHz
UE_004139,0.0077,48.78,40.7984,-46.22,3.3e-09,18.54,1.5,0.2003,-17.2733,2.6e-05,0,0,82.3219,11.789528,WiFi6_5GHz
UE_004140,0.0024,6.85,1.845,-88.15,0.0279749753,2.94,1.5,33.7239,-25.3921,8e-06,0,0,30.9618,0.992291,WiFi6_5GHz
UE_004141,0.0093,38.81,30.5337,-56.19,8.5e-09,4.46,1.5,0.0694,-12.8514,3.1e-05,0,0,78.6282,11.617177,WiFi6_5GHz
UE_004142,0.0162,2.88,-3.3412,-92.12,0.1086851492,33.1,2.139,38.641,-19.2782,5.4e-05,0,0,27.2792,0.1,WiFi6_5GHz
UE_004143,0.011,-3.36,-10.7958,-98.36,0.1123163672,17.95,1.9015,28.7287,23.1977,3.7e-05,0,0,31.2152,0.1,WiFi6_5GHz
UE_004144,0.0102,88.16,80.1593,-6.84,3.5e-09,1.87,1.5,0.3823,-8.4485,3.4e-05,0,0,73.8474,11.577714,WiFi6_5GHz
UE_004145,0.0033,8.27,4.6504,-86.73,0.0422833329,12.9,1.5,27.0545,5.2091,1.1e-05,0,0,34.4966,1.709505,WiFi6_5GHz
UE_004146,0.0032,56.4,50.0633,-38.6,9.6e-09,0.19,1.5,0.0368,-10.3762,1.1e-05,0,0,76.5997,11.79241,WiFi6_5GHz
UE_004147,0.0026,30.47,19.4341,-64.53,5.3653e-06,1.32,1.5,0.2603,2.0236,9e-06,0,0,69.4703,7.89793,WiFi6_5GHz
UE_004148,0.0063,-6.83,-17.8283,-101.83,0.1173140623,19.52,1.5,33.4352,27.4069,2.1e-05,0,0,22.8007,0.339354,WiFi6_5GHz
UE_004149,0.0086,65.62,55.7269,-29.38,1.3e-09,40.6,1.5,0.359,25.5877,2.9e-05,0,0,82.826,12.056483,WiFi6_5GHz
UE_004150,0.0166,-17.94,-25.1631,-112.94,0.1454378911,13.49,1.5,14.2447,-19.5544,5.5e-05,0,0,33.2851,0.1,WiFi6_5GHz
UE_004151,0.0037,44.32,38.1179,-50.68,7.4e-09,27.92,1.5,0.1316,17.8839,1.2e-05,0,0,85.2314,11.704186,WiFi6_5GHz
UE_004152,0.0089,11.29,3.6779,-83.71,0.0492643126,1.66,1.5,5.7831,-27.4844,3e-05,0,0,56.2446,2.125314,WiFi6_5GHz
UE_004153,0.0081,-9.08,-17.4485,-104.08,0.1243339323,0.23,1.5,31.9773,8.9179,2.7e-05,0,0,23.0518,0.1,WiFi6_5GHz
UE_004154,0.006,16.2,4.0269,-78.8,2.58037e-05,7.72,1.5,0.6362,-9.6365,2e-05,0,0,59.4313,3.750591,WiFi6_5GHz
UE_004155,0.0161,24.6,17.4719,-70.4,0.0007318822,20.89,1.5,1.8101,-7.1108,5.4e-05,0,0,66.8829,5.22268,WiFi6_5GHz
UE_004156,0.0117,28.13,22.42,-66.87,3.5364e-06,0.77,1.5,0.0058,-29.3446,3.9e-05,0,0,66.8285,7.535845,WiFi6_5GHz
UE_004157,0.0163,13.69,1.0806,-81.31,0.0158514921,24.09,1.5,6.1481,8.3904,5.4e-05,0,0,57.6092,2.608313,WiFi6_5GHz
UE_004158,0.0049,10.24,-0.5401,-84.76,0.0263959561,1.58,1.5,4.5041,4.1366,1.6e-05,0,0,49.0888,1.394579,WiFi6_5GHz
UE_004159,0.0094,-10.08,-15.879,-105.08,0.1298536846,0.0,1.5,25.4016,-11.4653,3.1e-05,0,0,28.0291,0.23851,WiFi6_5GHz
UE_004160,0.0097,38.48,27.6318,-56.52,8e-09,28.99,1.5,0.0476,-6.0259,3.2e-05,0,0,78.5993,11.500098,WiFi6_5GHz
UE_004161,0.0161,-19.15,-28.4744,-114.15,0.0828845771,6.64,1.5,24.652,-15.6304,5.4e-05,0,0,27.6421,0.368219,WiFi6_5GHz
UE_004162,0.0028,58.61,51.5021,-36.39,3e-09,9.73,1.5,0.3499,-24.1003,9e-06,0,0,80.5992,11.843146,WiFi6_5GHz
UE_004163,0.0038,4.97,-5.3908,-90.03,0.1163831199,7.8,1.5,18.733,28.716,1.3e-05,0,0,38.4237,0.657761,WiFi6_5GHz
UE_004164,0.0029,24.37,12.3617,-70.63,0.0002094913,1.74,1.5,1.7525,7.9094,1e-05,0,0,65.9764,4.852591,WiFi6_5GHz
UE_004165,0.0022,-0.68,-8.7297,-95.68,0.1384046806,0.14,1.5,8.2254,-6.8737,7e-06,0,0,41.6779,0.1,WiFi6_5GHz
UE_004166,0.0098,16.84,4.6308,-78.16,0.0007761887,23.26,1.5,0.9637,7.1938,3.3e-05,0,0,60.5663,3.621316,WiFi6_5GHz
UE_004167,0.0041,57.54,46.4153,-37.46,8.6e-09,13.28,1.5,0.3605,30.7806,1.4e-05,0,0,79.7095,11.94952,WiFi6_5GHz
UE_004168,0.0045,43.45,34.797,-51.55,8.8e-09,2.44,1.5,0.0533,-2.3152,1.5e-05,0,0,78.4573,11.43075,WiFi6_5GHz
UE_004169,0.0106,5.08,-0.1314,-89.92,0.0229171068,8.87,1.5,27.2839,-13.4996,3.5e-05,0,0,27.6115,1.130818,WiFi6_5GHz
UE_004170,0.0114,40.45,33.2311,-54.55,7.6e-09,1.7,1.5,0.287,2.3581,3.8e-05,0,0,78.2148,11.722248,WiFi6_5GHz
UE_004171,0.0111,35.11,28.1181,-59.89,2.2e-09,0.0,1.5,0.4742,16.9118,3.7e-05,0,0,71.8011,11.516066,WiFi6_5GHz
UE_004172,0.0167,43.48,31.7751,-51.52,4.3e-09,52.04,1.9252,0.0546,-10.7986,5.6e-05,0,0,82.469,11.900989,WiFi6_5GHz
UE_004173,0.0131,60.51,54.529,-34.49,9e-09,21.17,1.5,0.3064,-25.4746,4.4e-05,0,0,81.7377,11.57376,WiFi6_5GHz
UE_004174,0.0153,34.75,24.4231,-60.25,5.8496e-06,23.65,1.9416,0.3013,-5.7391,5.1e-05,0,0,78.0299,10.533079,WiFi6_5GHz
UE_004175,0.0149,-3.91,-11.1178,-98.91,0.0763360529,14.41,1.5,33.6687,-12.0075,5e-05,0,0,24.1908,0.345478,WiFi6_5GHz
UE_004176,0.0159,-14.07,-24.1157,-109.07,0.1131573219,1.2,1.5,23.2052,5.6308,5.3e-05,0,0,28.7232,0.507438,WiFi6_5GHz
UE_004177,0.0093,49.09,38.6398,-45.91,6.1e-09,0.31,1.5,0.0224,-25.3054,3.1e-05,0,0,77.8085,11.704694,WiFi6_5GHz
UE_004178,0.0072,18.81,13.3287,-76.19,0.0006980293,17.65,1.5,1.5593,-31.67,2.4e-05,0,0,62.5843,4.044712,WiFi6_5GHz
UE_004179,0.0025,-0.04,-11.5508,-95.04,0.1049330091,21.57,1.5872,29.7143,23.6767,8e-06,0,0,24.4591,0.602563,WiFi6_5GHz
UE_004180,0.0068,18.23,5.8036,-76.77,0.0001996591,7.49,1.5,1.8595,-12.1442,2.3e-05,0,0,60.1171,3.367222,WiFi6_5GHz
UE_004181,0.0123,45.06,36.0735,-49.94,3e-09,9.82,1.5,0.2884,3.8407,4.1e-05,0,0,78.6921,11.518571,WiFi6_5GHz
UE_004182,0.0123,22.78,15.199,-72.22,0.000698617,0.13,1.5985,1.1646,-31.67,4.1e-05,0,0,67.0521,5.521667,WiFi6_5GHz
UE_004183,0.0128,44.45,37.8014,-50.55,3.5e-09,1.16,1.5,0.3953,-13.4604,4.3e-05,0,0,77.7715,11.723098,WiFi6_5GHz
UE_004184,0.0164,17.0,5.2095,-78.0,0.0009171177,8.76,1.5098,0.7288,2.0882,5.5e-05,0,0,55.5491,3.543266,WiFi6_5GHz
UE_004185,0.0132,13.66,1.7883,-81.34,0.0110836425,21.6,1.5,6.0699,-1.1619,4.4e-05,0,0,57.8188,2.627744,WiFi6_5GHz
UE_004186,0.0035,18.66,9.0369,-76.34,0.0008957596,12.8,1.5,1.1496,-17.759,1.2e-05,0,0,59.8524,3.498136,WiFi6_5GHz
UE_004187,0.0024,44.96,32.7801,-50.04,7.5e-09,25.73,1.5,0.3855,-26.24,8e-06,0,0,82.6948,11.689497,WiFi6_5GHz
UE_004188,0.0061,-4.52,-10.2622,-99.52,0.1043273723,4.67,1.5,19.8549,-10.6591,2e-05,0,0,29.5376,0.283485,WiFi6_5GHz
UE_004189,0.0144,-1.83,-10.4169,-96.83,0.1103734485,1.88,1.5,31.9548,-3.4917,4.8e-05,0,0,23.4858,0.1,WiFi6_5GHz
UE_004190,0.0125,8.47,0.0452,-86.53,0.0054814861,16.51,1.5,23.4423,11.3509,4.2e-05,0,0,38.4869,1.829665,WiFi6_5GHz
UE_004191,0.0146,50.57,42.386,-44.43,8e-09,30.51,1.5,0.2959,2.9679,4.9e-05,0,0,80.6882,11.630372,WiFi6_5GHz
UE_004192,0.0031,-8.54,-14.5822,-103.54,0.0712939408,8.55,1.5,36.0086,-16.8376,1e-05,0,0,23.2204,0.673233,WiFi6_5GHz
UE_004193,0.0078,10.32,-0.4046,-84.68,0.0257324104,6.64,1.5,2.5837,-1.4964,2.6e-05,0,0,48.5229,1.430741,WiFi6_5GHz
UE_004194,0.0135,18.89,11.8908,-76.11,0.0007283288,0.0,1.5,1.7027,3.8536,4.5e-05,0,0,58.3592,3.676971,WiFi6_5GHz
UE_004195,0.0067,38.82,26.6731,-56.18,7.4e-09,1.7,1.5,0.4305,4.2678,2.2e-05,0,0,78.7841,11.587082,WiFi6_5GHz
UE_004196,0.0136,46.15,40.7945,-48.85,5.3e-09,24.48,1.536,0.4863,21.2081,4.5e-05,0,0,86.6906,12.118085,WiFi6_5GHz
UE_004197,0.0142,-3.28,-9.8226,-98.28,0.0893296009,23.63,1.5,20.7527,-26.0088,4.7e-05,0,0,32.4031,0.300182,WiFi6_5GHz
UE_004198,0.0034,-10.21,-15.8006,-105.21,0.0634279774,0.2,1.5,8.9499,-14.4996,1.1e-05,0,0,38.334,0.609813,WiFi6_5GHz
UE_004199,0.0034,33.34,29.139,-61.66,6.4413e-06,0.12,1.5,0.2449,-15.14,1.1e-05,0,0,70.3705,10.559724,WiFi6_5GHz
UE_004200,0.0067,18.7,10.6305,-76.3,0.0009606049,0.82,1.5,1.8324,9.4543,2.2e-05,0,0,59.2421,3.395903,WiFi6_5GHz
UE_004201,0.011,30.06,19.4064,-64.94,5.7977e-06,0.15,1.5,0.45,3.7754,3.7e-05,0,0,69.1743,7.800806,WiFi6_5GHz
UE_004202,0.0054,1.7,-6.7307,-93.3,0.1220076083,24.67,1.5,36.1862,-18.2128,1.8e-05,0,0,21.4725,0.264841,WiFi6_5GHz
UE_004203,0.011,-5.85,-17.5214,-100.85,0.1293605442,18.58,1.5,18.3681,-18.2062,3.7e-05,0,0,35.7356,0.33613,WiFi6_5GHz
UE_004204,0.0152,68.73,63.4373,-26.27,8.9e-09,26.62,1.5,0.3127,-2.6225,5.1e-05,0,0,81.5437,11.864722,WiFi6_5GHz
UE_004205,0.009,4.2,-7.2163,-90.8,0.0766683287,33.06,1.5,10.0016,20.6794,3e-05,0,0,41.0621,0.529482,WiFi6_5GHz
UE_004206,0.002,-13.59,-18.3386,-108.59,0.0831558399,0.02,1.5,37.5446,31.1855,7e-06,0,0,18.6771,0.495346,WiFi6_5GHz
UE_004207,0.0022,-0.95,-6.2646,-95.95,0.0640152823,0.05,1.5,25.0217,27.6927,7e-06,0,0,25.6798,0.774077,WiFi6_5GHz
UE_004208,0.0074,49.48,44.3706,-45.52,6.5e-09,38.39,1.5,0.0333,26.1923,2.5e-05,0,0,83.9709,11.87621,WiFi6_5GHz
UE_004209,0.0062,10.61,5.7326,-84.39,0.0214812477,10.22,1.5,3.6181,17.3894,2.1e-05,0,0,52.093,1.607678,WiFi6_5GHz
UE_004210,0.0024,8.68,-0.2635,-86.32,0.0258317561,0.67,1.5,14.1683,19.5267,8e-06,0,0,44.404,1.510101,WiFi6_5GHz
UE_004211,0.0075,6.18,0.3851,-88.82,0.0403670501,7.06,1.5,14.6334,12.8309,2.5e-05,0,0,39.6857,0.933083,WiFi6_5GHz
UE_004212,0.0153,65.52,53.4746,-29.48,4.1e-09,0.06,1.5891,0.3904,9.2353,5.1e-05,0,0,79.5513,11.69286,WiFi6_5GHz
UE_004213,0.0051,60.43,49.9291,-34.57,7.4e-09,0.0,1.6647,0.4167,-6.9908,1.7e-05,0,0,76.3666,11.665471,WiFi6_5GHz
UE_004214,0.0041,-5.6,-16.4905,-100.6,0.0714275747,23.02,1.5,33.2626,-13.7657,1.4e-05,0,0,24.2612,0.19105,WiFi6_5GHz
UE_004215,0.0079,19.33,12.7252,-75.67,0.0008257752,10.56,1.5,1.2094,22.4542,2.6e-05,0,0,58.3154,4.602105,WiFi6_5GHz
UE_004216,0.0063,6.85,0.0545,-88.15,0.0309560155,16.16,1.5,14.5797,0.2611,2.1e-05,0,0,42.5419,1.098982,WiFi6_5GHz
UE_004217,0.0163,33.01,26.9125,-61.99,2.507e-07,0.02,1.5,0.2158,30.257,5.4e-05,0,0,73.6624,10.492881,WiFi6_5GHz
UE_004218,0.0106,36.44,30.0229,-58.56,8.8e-09,0.05,1.5,0.1064,9.2571,3.5e-05,0,0,76.6526,11.476083,WiFi6_5GHz
UE_004219,0.0065,34.94,30.0407,-60.06,8.0472e-06,0.12,1.5,0.3929,23.9748,2.2e-05,0,0,72.194,10.383479,WiFi6_5GHz
UE_004220,0.0147,-0.45,-12.5651,-95.45,0.0844736993,17.81,1.5,15.8104,31.67,4.9e-05,0,0,36.9779,0.264843,WiFi6_5GHz
UE_004221,0.0089,23.1,14.2702,-71.9,0.000246992,7.52,1.5,0.5058,9.2547,3e-05,0,0,63.7012,4.943527,WiFi6_5GHz
UE_004222,0.0085,18.82,8.5673,-76.18,0.0008579375,14.99,1.5,1.6632,31.67,2.8e-05,0,0,56.9953,3.489364,WiFi6_5GHz
UE_004223,0.0061,-6.43,-16.4202,-101.43,0.1384759829,16.74,1.5,24.1469,-5.73,2e-05,0,0,32.196,0.324022,WiFi6_5GHz
UE_004224,0.0145,6.84,-4.5059,-88.16,0.007576354,0.0,1.5,31.7897,2.7324,4.8e-05,0,0,27.827,1.223128,WiFi6_5GHz
UE_004225,0.0057,20.54,16.3515,-74.46,0.0008780215,0.01,1.5,1.8124,-14.7041,1.9e-05,0,0,59.1985,4.776901,WiFi6_5GHz
UE_004226,0.0046,40.67,34.687,-54.33,8.4e-09,30.27,1.5,0.1188,19.1826,1.5e-05,0,0,82.8908,11.673387,WiFi6_5GHz
UE_004227,0.0047,1.16,-9.9321,-93.84,0.084232316,28.85,1.5,21.4743,19.6487,1.6e-05,0,0,32.2506,0.637529,WiFi6_5GHz
UE_004228,0.004,-17.66,-23.9313,-112.66,0.102135467,23.04,1.5,8.2736,-19.8485,1.3e-05,0,0,39.9204,0.31512,WiFi6_5GHz
UE_004229,0.0115,-8.41,-16.7379,-103.41,0.10816661,1.9,1.5,11.4423,31.67,3.8e-05,0,0,34.1408,0.291611,WiFi6_5GHz
UE_004230,0.0111,19.55,13.9525,-75.45,0.0009319081,0.04,1.5,1.7098,11.9988,3.7e-05,0,0,61.3815,4.534707,WiFi6_5GHz
UE_004231,0.0095,-4.03,-15.2108,-99.03,0.113540884,1.62,1.5,22.2503,24.4567,3.2e-05,0,0,29.9537,0.597385,WiFi6_5GHz
UE_004232,0.0161,4.61,-3.7036,-90.39,0.0961886132,20.89,1.5,23.8974,23.78,5.4e-05,0,0,34.8237,0.418916,WiFi6_5GHz
UE_004233,0.0041,-8.62,-14.7987,-103.62,0.1336662592,26.88,1.5,10.7775,-7.0723,1.4e-05,0,0,43.1456,0.362044,WiFi6_5GHz
UE_004234,0.0112,50.38,40.4375,-44.62,2.2e-09,12.29,1.5392,0.1207,19.1393,3.7e-05,0,0,80.8536,11.643822,WiFi6_5GHz
UE_004235,0.0104,-2.78,-12.0475,-97.78,0.1439154591,7.69,1.5,20.9242,31.67,3.5e-05,0,0,29.8518,0.1,WiFi6_5GHz
UE_004236,0.0095,36.83,26.0292,-58.17,2.1e-09,1.9,1.5,0.1815,-29.9781,3.2e-05,0,0,74.1343,11.328916,WiFi6_5GHz
UE_004237,0.0056,-6.88,-14.4568,-101.88,0.0699149205,0.0,1.5,14.8785,-13.1062,1.9e-05,0,0,32.4193,0.228477,WiFi6_5GHz
UE_004238,0.0067,7.92,-1.3692,-87.08,0.0292981458,9.93,1.5,34.85,-20.41,2.2e-05,0,0,29.097,0.92314,WiFi6_5GHz
UE_004239,0.0071,-1.05,-8.0383,-96.05,0.1233611513,6.77,1.5,9.0045,31.67,2.4e-05,0,0,37.6985,0.403546,WiFi6_5GHz
UE_004240,0.0136,43.73,31.097,-51.27,7.7e-09,9.95,1.5,0.0062,-18.5905,4.5e-05,0,0,82.0212,12.038975,WiFi6_5GHz
UE_004241,0.0143,-11.72,-17.1422,-106.72,0.0565716125,28.2,1.5,36.6259,-10.1139,4.8e-05,0,0,24.6642,0.165786,WiFi6_5GHz
UE_004242,0.0159,5.44,-1.3493,-89.56,0.009432102,0.0,1.5,22.5809,1.3128,5.3e-05,0,0,34.2341,0.949804,WiFi6_5GHz
UE_004243,0.0166,6.49,-0.6158,-88.51,0.0242838351,0.68,1.5,27.4627,-11.5214,5.5e-05,0,0,27.9839,1.150419,WiFi6_5GHz
UE_004244,0.004,46.9,42.1774,-48.1,3.8e-09,12.55,1.5,0.1021,-23.7701,1.3e-05,0,0,80.926,11.567058,WiFi6_5GHz
UE_004245,0.0065,-6.5,-11.8356,-101.5,0.068562788,20.62,1.5,35.8942,6.5731,2.2e-05,0,0,22.0552,0.145923,WiFi6_5GHz
UE_004246,0.0117,26.25,20.4769,-68.75,9.477e-06,20.2,1.5,0.1808,-7.245,3.9e-05,0,0,67.5543,7.416198,WiFi6_5GHz
UE_004247,0.0089,35.6,28.6003,-59.4,3.6e-09,9.86,1.5,0.1447,9.9979,3e-05,0,0,72.1766,11.485047,WiFi6_5GHz
UE_004248,0.0074,-2.0,-9.0413,-97.0,0.1332661576,0.0,1.5,10.1468,13.1814,2.5e-05,0,0,40.7039,0.1,WiFi6_5GHz
UE_004249,0.0085,17.06,9.493,-77.94,0.0009794049,4.11,1.5,1.0222,26.8114,2.8e-05,0,0,56.7743,3.563135,WiFi6_5GHz
UE_004250,0.0164,-7.78,-15.4685,-102.78,0.0881518618,17.96,1.5,20.9347,10.9463,5.5e-05,0,0,33.0268,0.355308,WiFi6_5GHz
UE_004251,0.001,2.13,-9.4034,-92.87,0.117067934,14.35,1.5,9.857,17.6777,3e-06,0,0,42.7066,0.426172,WiFi6_5GHz
UE_004252,0.0128,86.49,76.4059,-8.51,8.4e-09,10.14,1.5,0.0774,-27.3471,4.3e-05,0,0,78.8385,11.584883,WiFi6_5GHz
UE_004253,0.0103,12.49,5.9108,-82.51,0.0484325842,24.72,1.5,5.3672,-6.2836,3.4e-05,0,0,56.0769,2.744167,WiFi6_5GHz
UE_004254,0.0024,29.52,23.1698,-65.48,5.0499e-06,0.0,1.5,0.4711,17.9302,8e-06,0,0,69.9403,8.002377,WiFi6_5GHz
UE_004255,0.0075,35.28,28.1489,-59.72,6.3e-09,1.36,1.5,0.4088,-15.8539,2.5e-05,0,0,75.8668,11.393167,WiFi6_5GHz
UE_004256,0.0131,25.81,19.8672,-69.19,1.1143e-06,20.5,1.5,0.4817,-31.67,4.4e-05,0,0,66.797,7.202941,WiFi6_5GHz
UE_004257,0.0044,2.67,-3.1268,-92.33,0.1481484705,23.6,1.5,8.1165,-30.0122,1.5e-05,0,0,42.7306,0.597424,WiFi6_5GHz
UE_004258,0.0019,5.69,-3.0904,-89.31,0.0249905451,17.84,1.5,12.8536,31.67,6e-06,0,0,41.1145,1.07845,WiFi6_5GHz
UE_004259,0.0073,-7.91,-17.9617,-102.91,0.1432586352,18.18,1.5,13.422,9.311,2.4e-05,0,0,34.821,0.137979,WiFi6_5GHz
UE_004260,0.0075,43.15,32.4355,-51.85,8.3e-09,0.72,1.5,0.0389,-11.7479,2.5e-05,0,0,73.5962,11.642299,WiFi6_5GHz
UE_004261,0.0022,-10.76,-18.751,-105.76,0.0503340877,0.0,1.5,9.4691,11.9451,7e-06,0,0,36.2202,0.1,WiFi6_5GHz
UE_004262,0.0056,31.73,24.8145,-63.27,5.5209e-06,16.04,1.5,0.3634,2.232,1.9e-05,0,0,74.4018,7.870607,WiFi6_5GHz
UE_004263,0.015,25.36,20.6429,-69.64,7.4179e-06,20.78,1.5,0.1735,-15.257,5e-05,0,0,66.4539,7.212373,WiFi6_5GHz
UE_004264,0.0069,33.54,28.3881,-61.46,4.0137e-06,8.97,1.5,0.3331,18.1165,2.3e-05,0,0,75.3516,10.481948,WiFi6_5GHz
UE_004265,0.0018,21.54,15.3994,-73.46,0.0007023351,4.96,1.5,1.3832,-31.67,6e-06,0,0,60.5977,5.341756,WiFi6_5GHz
UE_004266,0.0039,-16.76,-25.5606,-111.76,0.0696118303,0.08,1.5,11.1273,12.5529,1.3e-05,0,0,34.2911,0.221216,WiFi6_5GHz
UE_004267,0.0073,55.03,44.8235,-39.97,5.7e-09,0.0,1.5,0.4392,-6.7916,2.4e-05,0,0,76.1799,11.677395,WiFi6_5GHz
UE_004268,0.0052,15.87,4.8956,-79.13,0.0007184453,1.77,1.5,0.5508,7.1998,1.7e-05,0,0,59.1227,3.237066,WiFi6_5GHz
UE_004269,0.0029,6.18,0.3869,-88.82,0.0260373816,0.18,1.5,38.0183,-12.7396,1e-05,0,0,24.9093,1.000753,WiFi6_5GHz
UE_004270,0.0076,21.99,11.6573,-73.01,0.0001703805,13.17,1.5,1.6179,27.4839,2.5e-05,0,0,61.8196,4.976373,WiFi6_5GHz
UE_004271,0.0051,13.82,4.4185,-81.18,0.0062244061,6.08,1.5,7.9622,-12.0346,1.7e-05,0,0,47.5848,2.2536,WiFi6_5GHz
UE_004272,0.0014,16.87,7.5045,-78.13,0.0002258256,0.0,1.5,1.2309,-19.9098,5e-06,0,0,56.9303,3.729699,WiFi6_5GHz
UE_004273,0.0125,8.34,-1.415,-86.66,0.0263060259,0.0,1.5,18.4092,14.7259,4.2e-05,0,0,39.2874,1.611063,WiFi6_5GHz
UE_004274,0.0169,-11.27,-19.324,-106.27,0.0572165243,21.17,1.5,38.7984,25.1176,5.6e-05,0,0,22.6575,0.608653,WiFi6_5GHz
UE_004275,0.0119,2.83,-5.1805,-92.17,0.0855153719,18.38,1.5,25.5052,16.3272,4e-05,0,0,33.0912,0.424086,WiFi6_5GHz
UE_004276,0.0066,52.0,38.2106,-43.0,3.8e-09,12.79,1.5,0.2337,18.9319,2.2e-05,0,0,79.4813,11.600479,WiFi6_5GHz
UE_004277,0.016,68.34,63.4488,-26.66,4.3e-09,0.9,1.5,0.3325,30.6309,5.3e-05,0,0,77.531,11.877671,WiFi6_5GHz
UE_004278,0.0095,-4.86,-13.4825,-99.86,0.1191935351,0.0,1.5,36.5468,-15.4217,3.2e-05,0,0,15.9905,0.105794,WiFi6_5GHz
UE_004279,0.0094,14.37,9.5174,-80.63,0.0356754105,0.4,1.5,4.1779,21.1513,3.1e-05,0,0,52.4844,2.144795,WiFi6_5GHz
UE_004280,0.0109,-11.95,-24.2777,-106.95,0.0768400818,8.6,1.5,28.2034,-31.67,3.6e-05,0,0,26.1642,0.221527,WiFi6_5GHz
UE_004281,0.0023,10.79,3.2608,-84.21,0.0106227126,7.03,1.5,5.284,6.9675,8e-06,0,0,51.1126,2.049684,WiFi6_5GHz
UE_004282,0.0157,-14.28,-19.2859,-109.28,0.0978893711,0.92,1.5,21.3566,-5.9302,5.2e-05,0,0,28.6068,0.1,WiFi6_5GHz
UE_004283,0.0062,8.19,-1.3881,-86.81,0.0085081656,29.2,1.6521,37.2376,18.2713,2.1e-05,0,0,33.2599,1.643003,WiFi6_5GHz
UE_004284,0.0098,48.28,42.3517,-46.72,4.6e-09,0.05,1.5,0.0106,-18.5884,3.3e-05,0,0,77.5503,11.70935,WiFi6_5GHz
UE_004285,0.006,7.11,0.8698,-87.89,0.0182826408,0.0,1.6763,10.828,12.03,2e-05,0,0,43.1676,1.12598,WiFi6_5GHz
UE_004286,0.0059,-8.73,-15.6224,-103.73,0.1136758666,3.78,1.5,21.6338,-4.671,2e-05,0,0,30.7591,0.1,WiFi6_5GHz
UE_004287,0.0157,-8.09,-18.4756,-103.09,0.1421743447,3.84,1.5,25.1073,2.0153,5.2e-05,0,0,21.7783,0.1,WiFi6_5GHz
UE_004288,0.0139,4.88,-3.6695,-90.12,0.1451505817,21.34,1.5,24.6387,-21.5618,4.6e-05,0,0,34.2076,0.194137,WiFi6_5GHz
UE_004289,0.0166,-1.16,-6.8655,-96.16,0.0995681518,6.03,1.5,20.4546,-16.2918,5.5e-05,0,0,32.7662,0.322062,WiFi6_5GHz
UE_004290,0.0137,6.39,0.6796,-88.61,0.0440928567,0.08,1.6002,8.7188,-30.8276,4.6e-05,0,0,44.8792,1.381471,WiFi6_5GHz
UE_004291,0.0034,-17.62,-24.8314,-112.62,0.117513969,0.0,1.5,35.2572,6.4586,1.1e-05,0,0,19.4583,0.600899,WiFi6_5GHz
UE_004292,0.0128,-3.4,-10.5407,-98.4,0.1499826893,37.52,1.5,35.9374,-2.9736,4.3e-05,0,0,22.831,0.462649,WiFi6_5GHz
UE_004293,0.008,-16.97,-25.2598,-111.97,0.1149300834,10.82,1.5,36.5666,19.5613,2.7e-05,0,0,16.1913,0.449768,WiFi6_5GHz
UE_004294,0.0025,51.52,44.9474,-43.48,3.7e-09,9.63,1.5,0.1978,-3.051,8e-06,0,0,78.6064,11.62928,WiFi6_5GHz
UE_004295,0.0151,47.14,36.5067,-47.86,6.2e-09,22.55,1.5,0.3719,2.3719,5e-05,0,0,80.9526,11.633439,WiFi6_5GHz
UE_004296,0.005,-11.17,-18.6422,-106.17,0.0680548961,2.94,1.5,29.2375,-5.5838,1.7e-05,0,0,25.0028,0.49976,WiFi6_5GHz
UE_004297,0.0113,21.66,11.9476,-73.34,0.0008434059,0.12,1.5,1.1009,-7.5701,3.8e-05,0,0,61.9907,5.292385,WiFi6_5GHz
UE_004298,0.0144,-14.51,-25.6702,-109.51,0.0932570103,0.54,1.5,29.993,-16.433,4.8e-05,0,0,21.9247,0.1,WiFi6_5GHz
UE_004299,0.0156,-5.39,-16.5343,-100.39,0.117822029,3.7,1.5,17.1274,23.2189,5.2e-05,0,0,33.262,0.189824,WiFi6_5GHz
UE_004300,0.0025,21.35,13.5001,-73.65,0.0001117099,3.93,1.5,0.9328,31.67,8e-06,0,0,61.8742,5.280688,WiFi6_5GHz
UE_004301,0.0151,-7.82,-17.5692,-102.82,0.1368489292,12.22,1.5,20.4239,-16.4711,5e-05,0,0,31.8601,0.34505,WiFi6_5GHz
UE_004302,0.0077,0.27,-5.4989,-94.73,0.0788031258,0.0,1.5,26.9858,-27.4754,2.6e-05,0,0,27.4789,0.691348,WiFi6_5GHz
UE_004303,0.0109,7.41,1.0848,-87.59,0.0027252661,0.0,1.5,14.9382,-11.6926,3.6e-05,0,0,39.9785,1.107547,WiFi6_5GHz
UE_004304,0.013,1.37,-4.4796,-93.63,0.0593025777,32.7,1.5,30.1356,22.8336,4.3e-05,0,0,26.4422,0.550537,WiFi6_5GHz
UE_004305,0.0041,65.3,58.491,-29.7,9.9e-09,2.46,1.5,0.3393,16.7315,1.4e-05,0,0,75.7451,11.881923,WiFi6_5GHz
UE_004306,0.0048,46.97,39.3257,-48.03,6.8e-09,15.96,1.5645,0.4034,5.5994,1.6e-05,0,0,79.0228,11.356686,WiFi6_5GHz
UE_004307,0.0045,2.21,-2.0519,-92.79,0.0671648593,3.85,1.5,23.657,21.0024,1.5e-05,0,0,34.0395,0.748581,WiFi6_5GHz
UE_004308,0.0115,7.63,1.0055,-87.37,0.0301659851,2.32,1.5,13.3573,-3.6131,3.8e-05,0,0,39.8122,0.682854,WiFi6_5GHz
UE_004309,0.0041,-11.28,-17.1161,-106.28,0.0524202876,0.0,1.5,23.4547,6.8963,1.4e-05,0,0,26.3419,0.16705,WiFi6_5GHz
UE_004310,0.003,-0.66,-7.5342,-95.66,0.1193200108,14.86,1.5,29.7718,1.0209,1e-05,0,0,26.9597,0.113937,WiFi6_5GHz
UE_004311,0.0034,24.76,19.1461,-70.24,0.0008769292,9.94,1.5,1.6301,30.2265,1.1e-05,0,0,65.776,5.429271,WiFi6_5GHz
UE_004312,0.0046,57.73,49.4338,-37.27,5e-09,16.22,1.8805,0.4061,26.9623,1.5e-05,0,0,80.1071,11.515915,WiFi6_5GHz
UE_004313,0.0029,3.09,-6.1233,-91.91,0.1283366558,8.08,1.5,15.1421,26.0822,1e-05,0,0,35.884,0.202434,WiFi6_5GHz
UE_004314,0.0041,9.92,3.9139,-85.08,0.001167046,0.0,1.5,26.4529,10.2044,1.4e-05,0,0,31.878,1.943854,WiFi6_5GHz
UE_004315,0.0149,0.4,-9.3666,-94.6,0.1131741104,0.94,1.5,20.7041,-1.8438,5e-05,0,0,28.3589,0.349709,WiFi6_5GHz
UE_004316,0.0167,-3.92,-13.7669,-98.92,0.0881432699,0.13,1.5,22.0921,1.1383,5.6e-05,0,0,31.3246,0.26762,WiFi6_5GHz
UE_004317,0.0161,12.89,4.7552,-82.11,0.0059140336,18.14,1.5,5.4036,-13.089,5.4e-05,0,0,51.9921,2.485049,WiFi6_5GHz
UE_004318,0.0149,-0.54,-12.124,-95.54,0.0669572213,11.76,1.5,8.7042,-8.4327,5e-05,0,0,40.3129,0.251508,WiFi6_5GHz
UE_004319,0.0044,20.87,14.7253,-74.13,0.0001552083,4.38,1.5,0.8239,12.2686,1.5e-05,0,0,60.3982,4.976961,WiFi6_5GHz
UE_004320,0.0157,-0.67,-8.846,-95.67,0.1418635202,2.86,1.5,25.0663,22.4627,5.2e-05,0,0,25.394,0.301343,WiFi6_5GHz
UE_004321,0.0149,-0.66,-10.8196,-95.66,0.0882954737,0.55,1.5,26.7171,-2.1882,5e-05,0,0,25.607,0.305608,WiFi6_5GHz
UE_004322,0.0036,41.23,32.4862,-53.77,2e-09,19.0,1.7073,0.2042,10.0095,1.2e-05,0,0,78.4059,11.866836,WiFi6_5GHz
UE_004323,0.0082,77.09,70.0904,-17.91,7.4e-09,14.98,1.5,0.0463,-0.9941,2.7e-05,0,0,85.5541,11.658706,WiFi6_5GHz
UE_004324,0.0031,30.28,25.2828,-64.72,6.4281e-06,7.84,1.5,0.2524,-29.0746,1e-05,0,0,74.7413,7.64712,WiFi6_5GHz
UE_004325,0.0024,40.56,27.5766,-54.44,2.3e-09,13.16,1.5,0.3245,3.9991,8e-06,0,0,82.0218,11.589379,WiFi6_5GHz
UE_004326,0.0047,2.3,-6.4556,-92.7,0.0515737097,0.22,1.5,33.6068,0.9066,1.6e-05,0,0,19.6592,0.913223,WiFi6_5GHz
UE_004327,0.0117,-6.75,-19.2711,-101.75,0.0899699413,0.79,1.5,31.7405,-19.9426,3.9e-05,0,0,22.242,0.534261,WiFi6_5GHz
UE_004328,0.0147,8.52,-3.1213,-86.48,0.0332818238,22.12,1.6697,13.478,9.65,4.9e-05,0,0,43.851,1.790177,WiFi6_5GHz
UE_004329,0.014,-9.55,-18.4319,-104.55,0.1194866587,21.29,1.5,36.628,2.522,4.7e-05,0,0,22.8256,0.57152,WiFi6_5GHz
UE_004330,0.0148,17.31,11.8551,-77.69,0.0009740086,19.65,1.5703,1.9464,20.1187,4.9e-05,0,0,57.755,3.627313,WiFi6_5GHz
UE_004331,0.004,-4.79,-9.7764,-99.79,0.1042433932,6.55,1.5,29.4152,14.2088,1.3e-05,0,0,24.5402,0.536847,WiFi6_5GHz
UE_004332,0.0051,40.25,29.4698,-54.75,9.3e-09,0.0,1.5,0.4495,-15.208,1.7e-05,0,0,80.8896,11.62452,WiFi6_5GHz
UE_004333,0.0051,51.26,44.7108,-43.74,9.2e-09,0.0,1.5,0.0019,2.4316,1.7e-05,0,0,76.8025,11.884581,WiFi6_5GHz
UE_004334,0.0073,28.52,19.7878,-66.48,5.5147e-06,1.93,1.5,0.4732,-22.8766,2.4e-05,0,0,66.5316,7.522552,WiFi6_5GHz
UE_004335,0.0039,32.14,26.6117,-62.86,7.832e-06,6.62,1.5,0.0144,-27.313,1.3e-05,0,0,73.975,10.670671,WiFi6_5GHz
UE_004336,0.0085,2.76,-8.1606,-92.24,0.1482884593,13.95,1.5,38.7719,-27.6757,2.8e-05,0,0,24.2865,0.928183,WiFi6_5GHz
UE_004337,0.0076,8.17,-4.748,-86.83,0.0417321151,9.05,1.5,20.5403,2.2621,2.5e-05,0,0,39.1573,1.887849,WiFi6_5GHz
UE_004338,0.0117,-17.26,-26.3752,-112.26,0.0644699917,0.3,1.5,20.0009,10.4145,3.9e-05,0,0,28.7928,0.170711,WiFi6_5GHz
UE_004339,0.0019,13.75,4.8409,-81.25,0.0071474331,0.14,1.5,3.5139,-7.6188,6e-06,0,0,54.4435,2.311024,WiFi6_5GHz
UE_004340,0.0084,38.75,31.9665,-56.25,5.6e-09,24.07,1.5,0.3507,-31.3828,2.8e-05,0,0,80.7747,11.530644,WiFi6_5GHz
UE_004341,0.0018,10.74,0.4871,-84.26,0.0457427426,1.24,1.5,6.0091,2.9564,6e-06,0,0,48.2832,1.484832,WiFi6_5GHz
UE_004342,0.0127,51.0,42.7261,-44.0,5.5e-09,23.11,1.5,0.2872,-31.67,4.2e-05,0,0,81.2361,11.830236,WiFi6_5GHz
UE_004343,0.0169,35.95,26.3934,-59.05,5e-09,19.84,1.5,0.2955,-24.3479,5.6e-05,0,0,75.2306,11.291637,WiFi6_5GHz
UE_004344,0.0114,32.99,25.0077,-62.01,9.5047e-06,3.12,1.5504,0.2209,-31.67,3.8e-05,0,0,72.7455,10.825699,WiFi6_5GHz
UE_004345,0.0162,13.14,2.6604,-81.86,0.0155580275,2.42,1.5,2.5295,10.4186,5.4e-05,0,0,52.4092,2.513808,WiFi6_5GHz
UE_004346,0.0066,24.37,16.7468,-70.63,0.000136694,18.2,1.5,1.4308,29.8742,2.2e-05,0,0,68.4199,5.455035,WiFi6_5GHz
UE_004347,0.0022,-16.83,-21.645,-111.83,0.0710115364,31.08,1.5,36.4327,-30.2314,7e-06,0,0,24.9426,0.221156,WiFi6_5GHz
UE_004348,0.0059,13.27,4.9976,-81.73,0.029978191,7.58,1.5,4.6769,22.3068,2e-05,0,0,56.9247,2.094168,WiFi6_5GHz
UE_004349,0.0096,21.33,8.5992,-73.67,0.0001273638,11.94,1.5,1.311,14.8291,3.2e-05,0,0,61.2646,5.252367,WiFi6_5GHz
UE_004350,0.0096,53.68,47.6757,-41.32,8.1e-09,0.87,1.5,0.1886,-20.7402,3.2e-05,0,0,75.564,11.671458,WiFi6_5GHz
UE_004351,0.0116,22.51,14.0489,-72.49,0.0008215424,1.66,1.5,0.5269,-7.9118,3.9e-05,0,0,62.5273,5.522388,WiFi6_5GHz
UE_004352,0.0076,20.3,10.2098,-74.7,0.0009022871,1.79,1.5,0.8125,-9.7801,2.5e-05,0,0,60.2968,4.906745,WiFi6_5GHz
UE_004353,0.0054,23.59,12.1858,-71.41,0.0006249847,27.69,1.5,1.187,26.7565,1.8e-05,0,0,67.1153,4.927213,WiFi6_5GHz
UE_004354,0.0048,6.55,-3.1081,-88.45,0.0224174512,6.47,1.6483,34.5152,18.5228,1.6e-05,0,0,24.9432,1.210177,WiFi6_5GHz
UE_004355,0.0074,-6.19,-13.5041,-101.19,0.1450631216,23.85,1.5,36.7692,-2.7533,2.5e-05,0,0,24.9888,0.436658,WiFi6_5GHz
UE_004356,0.0056,-6.48,-12.8259,-101.48,0.1045038737,0.0,1.5,15.941,-11.4626,1.9e-05,0,0,34.9779,0.1,WiFi6_5GHz
UE_004357,0.0155,-8.4,-16.1261,-103.4,0.1143403496,1.65,1.5,21.8081,11.805,5.2e-05,0,0,34.2787,0.434094,WiFi6_5GHz
UE_004358,0.0113,1.26,-4.9291,-93.74,0.1182310529,8.5,1.5,33.6529,-19.663,3.8e-05,0,0,22.8273,0.1,WiFi6_5GHz
UE_004359,0.004,2.76,-5.5758,-92.24,0.1195078087,17.95,1.5,8.017,26.69,1.3e-05,0,0,42.2914,0.261417,WiFi6_5GHz
UE_004360,0.0077,1.41,-9.4979,-93.59,0.1353141663,15.56,1.6076,11.1893,-15.6161,2.6e-05,0,0,42.1253,0.1,WiFi6_5GHz
UE_004361,0.0018,1.3,-7.1318,-93.7,0.0658259574,5.44,1.5,34.5436,-28.3226,6e-06,0,0,23.2595,0.468439,WiFi6_5GHz
UE_004362,0.003,27.7,17.0074,-67.3,7.7753e-06,1.08,1.5,0.1435,-21.2011,1e-05,0,0,69.4011,7.079764,WiFi6_5GHz
UE_004363,0.0095,59.21,46.1429,-35.79,9.1e-09,0.0,1.5,0.3951,-14.4922,3.2e-05,0,0,83.7287,11.719006,WiFi6_5GHz
UE_004364,0.0128,74.92,67.8019,-20.08,7.7e-09,37.26,1.5023,0.3394,-17.4452,4.3e-05,0,0,82.076,11.675606,WiFi6_5GHz
UE_004365,0.0104,-6.87,-16.3239,-101.87,0.1320484769,14.44,1.5,32.777,-31.67,3.5e-05,0,0,23.2629,0.1,WiFi6_5GHz
UE_004366,0.0159,9.57,4.4011,-85.43,0.0497832784,6.89,1.5,16.046,-26.359,5.3e-05,0,0,41.6409,1.925523,WiFi6_5GHz
UE_004367,0.0147,-19.02,-30.62,-114.02,0.0968655432,24.75,1.5,13.9509,19.9644,4.9e-05,0,0,37.1633,0.243965,WiFi6_5GHz
UE_004368,0.0044,47.98,40.892,-47.02,3.1e-09,0.0,1.5,0.2738,12.4028,1.5e-05,0,0,75.1444,11.688947,WiFi6_5GHz
UE_004369,0.002,28.73,18.0869,-66.27,2.8069e-06,0.83,1.5,0.0493,-10.2104,7e-06,0,0,71.4118,7.677516,WiFi6_5GHz
UE_004370,0.0115,-20.58,-25.7276,-115.58,0.1131743058,22.76,1.5,28.092,-2.3308,3.8e-05,0,0,30.0385,0.220817,WiFi6_5GHz
UE_004371,0.0154,4.34,-6.2881,-90.66,0.1459336377,32.53,1.9422,14.0869,5.3962,5.1e-05,0,0,41.466,0.669166,WiFi6_5GHz
UE_004372,0.0063,2.06,-4.619,-92.94,0.1457058081,8.87,1.5,26.6902,27.3705,2.1e-05,0,0,28.0299,0.502563,WiFi6_5GHz
UE_004373,0.0169,51.86,43.7649,-43.14,9.3e-09,6.96,1.5,0.3026,-6.3146,5.6e-05,0,0,79.6806,11.42471,WiFi6_5GHz
UE_004374,0.0143,34.53,22.9411,-60.47,9.368e-07,2.24,1.5,0.4819,27.8648,4.8e-05,0,0,74.6914,10.491449,WiFi6_5GHz
UE_004375,0.0102,24.68,17.9671,-70.32,0.000246553,1.74,1.5,1.2014,-22.2163,3.4e-05,0,0,65.855,5.217253,WiFi6_5GHz
UE_004376,0.0105,50.53,40.2273,-44.47,5.2e-09,39.71,1.5,0.0667,-18.1283,3.5e-05,0,0,84.0443,11.704792,WiFi6_5GHz
UE_004377,0.0159,63.75,52.9315,-31.25,9.7e-09,18.14,1.5,0.3933,-27.163,5.3e-05,0,0,81.5752,12.09386,WiFi6_5GHz
UE_004378,0.0158,0.55,-5.706,-94.45,0.093000039,16.98,1.5,16.9623,-10.8783,5.3e-05,0,0,32.1127,0.480475,WiFi6_5GHz
UE_004379,0.0105,-6.01,-14.5349,-101.01,0.0714477473,20.72,1.5,38.7879,-4.8956,3.5e-05,0,0,19.5271,0.258137,WiFi6_5GHz
UE_004380,0.0101,29.84,24.0069,-65.16,7.9301e-06,0.0,1.5,0.3017,-1.2814,3.4e-05,0,0,69.7563,7.695961,WiFi6_5GHz
UE_004381,0.0034,36.03,30.0745,-58.97,8.2e-09,1.47,1.5,0.352,-27.957,1.1e-05,0,0,73.6194,11.422804,WiFi6_5GHz
UE_004382,0.0077,8.05,-0.4582,-86.95,0.023048848,35.24,1.5,14.6207,-3.3818,2.6e-05,0,0,47.8148,1.706349,WiFi6_5GHz
UE_004383,0.0149,18.45,11.8161,-76.55,0.0009684184,18.09,1.5,1.3496,21.9158,5e-05,0,0,60.6596,3.408928,WiFi6_5GHz
UE_004384,0.008,63.13,51.4547,-31.87,6.3e-09,11.62,1.5,0.2757,-20.7737,2.7e-05,0,0,78.828,11.866503,WiFi6_5GHz
UE_004385,0.0163,-7.42,-15.5338,-102.42,0.0573138095,39.2,1.5,15.367,-20.9978,5.4e-05,0,0,34.5006,0.191759,WiFi6_5GHz
UE_004386,0.0041,6.37,1.2095,-88.63,0.0092980392,2.79,1.5,30.8796,-30.3028,1.4e-05,0,0,26.3997,1.303005,WiFi6_5GHz
UE_004387,0.0042,4.96,-4.1184,-90.04,0.076323539,0.92,1.5,28.1367,-6.901,1.4e-05,0,0,29.7753,0.94617,WiFi6_5GHz
UE_004388,0.0036,-15.1,-26.3837,-110.1,0.1182141344,11.09,1.5,24.4429,9.7554,1.2e-05,0,0,28.7382,0.1,WiFi6_5GHz
UE_004389,0.0066,0.01,-7.3955,-94.99,0.0855727039,34.28,1.5416,9.274,5.2309,2.2e-05,0,0,42.6539,0.132336,WiFi6_5GHz
UE_004390,0.0145,-10.92,-17.1107,-105.92,0.1175170142,7.5,1.5,14.4551,10.6009,4.8e-05,0,0,34.723,0.32632,WiFi6_5GHz
UE_004391,0.0145,0.27,-4.3373,-94.73,0.0896816481,12.07,1.5,25.9559,27.9939,4.8e-05,0,0,25.935,0.176703,WiFi6_5GHz
UE_004392,0.0145,2.77,-4.5316,-92.23,0.1043120488,0.08,1.5,31.9338,-31.67,4.8e-05,0,0,24.1347,0.368261,WiFi6_5GHz
UE_004393,0.0085,1.43,-8.5861,-93.57,0.1267655365,4.03,1.5,25.2542,6.7348,2.8e-05,0,0,27.2556,0.428244,WiFi6_5GHz
UE_004394,0.0077,39.52,34.9342,-55.48,9.3e-09,28.5,1.5,0.1979,23.555,2.6e-05,0,0,81.0131,11.504112,WiFi6_5GHz
UE_004395,0.0022,44.4,33.1741,-50.6,6.1e-09,18.38,1.5,0.072,-29.7226,7e-06,0,0,85.3246,12.000545,WiFi6_5GHz
UE_004396,0.0157,58.08,48.3068,-36.92,1.5e-09,17.73,1.5,0.4237,-1.6436,5.2e-05,0,0,80.4592,11.477975,WiFi6_5GHz
UE_004397,0.0025,-6.24,-10.3649,-101.24,0.0623146363,4.86,1.5,21.7915,26.5595,8e-06,0,0,27.9492,0.120886,WiFi6_5GHz
UE_004398,0.0146,2.67,-6.426,-92.33,0.0515758856,0.0,1.5,8.6945,13.3414,4.9e-05,0,0,38.846,0.34407,WiFi6_5GHz
UE_004399,0.006,11.2,1.2764,-83.8,0.0183716544,0.08,1.5,4.0443,4.259,2e-05,0,0,50.0319,2.445056,WiFi6_5GHz
UE_004400,0.0049,36.8,28.748,-58.2,3.8e-09,31.32,1.5635,0.2336,-30.1877,1.6e-05,0,0,77.8497,11.723201,WiFi6_5GHz
UE_004401,0.0078,51.03,43.9284,-43.97,2.7e-09,19.69,1.5,0.1085,-31.67,2.6e-05,0,0,80.4029,11.4624,WiFi6_5GHz
UE_004402,0.0149,-4.25,-13.0154,-99.25,0.0606850021,29.91,1.5,8.6437,-21.0059,5e-05,0,0,42.4456,0.236073,WiFi6_5GHz
UE_004403,0.0035,42.75,35.9532,-52.25,5.6e-09,3.52,1.5,0.2537,9.7077,1.2e-05,0,0,79.8285,11.563471,WiFi6_5GHz
UE_004404,0.0093,41.43,34.3648,-53.57,4e-10,1.06,1.5,0.214,26.3387,3.1e-05,0,0,73.7969,11.826767,WiFi6_5GHz
UE_004405,0.0131,25.24,15.9442,-69.76,6.5806e-06,0.34,1.5,0.0671,-20.3499,4.4e-05,0,0,68.1045,7.132387,WiFi6_5GHz
UE_004406,0.0133,-4.25,-16.1299,-99.25,0.1285288042,17.84,1.5,29.0422,5.487,4.4e-05,0,0,26.9456,0.326394,WiFi6_5GHz
UE_004407,0.0117,-6.78,-18.8911,-101.78,0.076005869,40.8,1.5,29.2834,-5.5346,3.9e-05,0,0,29.975,0.291299,WiFi6_5GHz
UE_004408,0.0119,27.94,20.8162,-67.06,5.769e-06,18.15,1.6298,0.404,14.2849,4e-05,0,0,69.1162,7.131479,WiFi6_5GHz
UE_004409,0.0013,15.37,9.3161,-79.63,0.0005564325,14.89,1.5,1.4203,-26.6942,4e-06,0,0,57.4028,3.535053,WiFi6_5GHz
UE_004410,0.0074,63.59,54.9049,-31.41,4.7e-09,0.41,1.5,0.1656,-20.4869,2.5e-05,0,0,78.0059,11.261879,WiFi6_5GHz
UE_004411,0.0114,8.77,-1.3396,-86.23,0.0194017258,3.34,1.5,22.2358,-31.67,3.8e-05,0,0,39.2959,1.755453,WiFi6_5GHz
UE_004412,0.0045,37.19,28.4913,-57.81,4.7e-09,37.5,1.6523,0.1357,6.785,1.5e-05,0,0,79.4434,11.599892,WiFi6_5GHz
UE_004413,0.0166,-13.15,-21.4741,-108.15,0.1174170252,34.41,1.5,13.8233,22.2772,5.5e-05,0,0,39.2413,0.43446,WiFi6_5GHz
UE_004414,0.0102,6.93,-2.7427,-88.07,0.0494669665,5.92,1.5,9.3792,-21.4306,3.4e-05,0,0,43.0802,1.314689,WiFi6_5GHz
UE_004415,0.0129,-15.45,-20.2399,-110.45,0.121900169,12.66,1.5,34.3395,-29.3214,4.3e-05,0,0,24.8079,0.148805,WiFi6_5GHz
UE_004416,0.0055,42.32,32.6414,-52.68,1.9e-09,1.57,1.5,0.3879,26.985,1.8e-05,0,0,80.8701,11.687476,WiFi6_5GHz
UE_004417,0.0016,-5.09,-11.4564,-100.09,0.115600646,2.09,1.5,25.7484,-24.448,5e-06,0,0,28.5935,0.776314,WiFi6_5GHz
UE_004418,0.0035,-8.89,-20.5352,-103.89,0.1286716059,14.76,1.5,28.639,-10.9045,1.2e-05,0,0,26.2797,0.338774,WiFi6_5GHz
UE_004419,0.0033,22.19,16.3417,-72.81,0.0003177562,28.35,1.5,1.2113,24.76,1.1e-05,0,0,64.8476,5.114565,WiFi6_5GHz
UE_004420,0.0085,6.09,-5.5092,-88.91,0.0151449037,0.44,1.5,32.8301,7.8341,2.8e-05,0,0,28.4689,1.568658,WiFi6_5GHz
UE_004421,0.0063,4.65,-3.0004,-90.35,0.0520292956,12.09,1.5,31.0845,-30.9172,2.1e-05,0,0,28.3837,0.33038,WiFi6_5GHz
UE_004422,0.0048,6.79,0.2113,-88.21,0.0283241592,0.0,1.5,36.7127,6.9306,1.6e-05,0,0,23.8282,1.057491,WiFi6_5GHz
UE_004423,0.0065,0.39,-9.4058,-94.61,0.0622759404,1.28,1.5,9.8501,-27.8639,2.2e-05,0,0,40.0189,0.11438,WiFi6_5GHz
UE_004424,0.0127,-1.36,-6.5454,-96.36,0.054403862,20.56,1.5,24.8274,10.6578,4.2e-05,0,0,30.647,0.1,WiFi6_5GHz
UE_004425,0.0165,-16.25,-23.7294,-111.25,0.1432794965,39.72,1.7966,29.5735,0.3034,5.5e-05,0,0,30.7717,0.157481,WiFi6_5GHz
UE_004426,0.0046,24.85,15.0601,-70.15,2.27322e-05,10.01,1.5,1.0195,10.522,1.5e-05,0,0,63.5053,5.200974,WiFi6_5GHz
UE_004427,0.0046,29.23,21.9282,-65.77,6.105e-06,9.04,1.5,0.4846,24.0788,1.5e-05,0,0,70.5243,8.068351,WiFi6_5GHz
UE_004428,0.0033,39.95,29.4787,-55.05,1.7e-09,0.24,1.5,0.1256,-19.323,1.1e-05,0,0,77.4457,11.934135,WiFi6_5GHz
UE_004429,0.0116,45.15,36.2712,-49.85,6.1e-09,0.0,1.5,0.1863,29.8417,3.9e-05,0,0,81.2055,11.877711,WiFi6_5GHz
UE_004430,0.005,-1.54,-12.5725,-96.54,0.1006383077,0.15,1.5,27.0786,-3.2142,1.7e-05,0,0,22.1602,0.101043,WiFi6_5GHz
UE_004431,0.0084,-2.48,-9.6847,-97.48,0.0921680533,26.73,1.5,24.5245,-2.091,2.8e-05,0,0,29.5407,0.1,WiFi6_5GHz
UE_004432,0.0013,-9.96,-20.7393,-104.96,0.1272708866,10.41,1.5353,28.0055,15.9743,4e-06,0,0,27.3172,0.1,WiFi6_5GHz
UE_004433,0.0061,-0.92,-12.1303,-95.92,0.1249418574,2.74,1.5,29.3016,-30.835,2e-05,0,0,23.7838,0.636153,WiFi6_5GHz
UE_004434,0.0155,18.8,10.2453,-76.2,0.0002118473,1.47,1.5,1.7476,-31.67,5.2e-05,0,0,57.4111,3.634839,WiFi6_5GHz
UE_004435,0.016,-4.62,-16.474,-99.62,0.1327420497,2.26,1.5335,20.9639,8.4811,5.3e-05,0,0,29.539,0.359534,WiFi6_5GHz
UE_004436,0.0065,16.01,11.5339,-78.99,0.0003236517,9.75,1.5,1.4402,21.1965,2.2e-05,0,0,61.6436,3.439147,WiFi6_5GHz
UE_004437,0.0024,-4.68,-10.1416,-99.68,0.0821844479,9.63,1.5,29.7975,2.325,8e-06,0,0,27.3898,0.809609,WiFi6_5GHz
UE_004438,0.0048,42.46,29.8097,-52.54,3.2e-09,6.02,1.5,0.149,0.123,1.6e-05,0,0,78.6725,11.79817,WiFi6_5GHz
UE_004439,0.0072,-11.39,-21.7778,-106.39,0.1350905895,7.09,1.5,22.1488,-6.4873,2.4e-05,0,0,29.9982,0.50377,WiFi6_5GHz
UE_004440,0.0018,-4.03,-12.1898,-99.03,0.1088678826,1.49,1.5,8.8478,-9.7158,6e-06,0,0,38.0224,0.298725,WiFi6_5GHz
UE_004441,0.0019,21.93,11.3004,-73.07,0.0006903426,0.0,1.5,1.4705,-27.9277,6e-06,0,0,62.0482,5.412586,WiFi6_5GHz
UE_004442,0.0033,18.11,12.3993,-76.89,0.0004262815,16.18,1.5,0.721,17.7813,1.1e-05,0,0,62.028,3.466403,WiFi6_5GHz
UE_004443,0.0112,43.92,34.6544,-51.08,6.7e-09,7.36,1.5,0.3343,31.4304,3.7e-05,0,0,80.1071,11.891792,WiFi6_5GHz
UE_004444,0.0117,0.76,-11.6538,-94.24,0.1199373188,4.28,1.5,17.0802,21.8376,3.9e-05,0,0,30.8422,0.582178,WiFi6_5GHz
UE_004445,0.0131,15.06,8.7412,-79.94,0.000131803,1.78,1.5,1.3693,-6.2268,4.4e-05,0,0,55.8248,3.341708,WiFi6_5GHz
UE_004446,0.0084,6.03,-1.3112,-88.97,0.0390189349,0.0,1.5,19.4096,6.7937,2.8e-05,0,0,36.4234,1.145303,WiFi6_5GHz
UE_004447,0.0167,-5.62,-11.0087,-100.62,0.0761716253,0.0,1.5,25.27,-25.98,5.6e-05,0,0,27.0801,0.156366,WiFi6_5GHz
UE_004448,0.0167,5.23,-2.7388,-89.77,0.016911552,48.89,1.5413,31.8902,-15.5207,5.6e-05,0,0,34.3648,1.279339,WiFi6_5GHz
UE_004449,0.0087,46.75,38.5277,-48.25,9e-10,28.28,1.5,0.2291,-25.9642,2.9e-05,0,0,81.6394,11.57486,WiFi6_5GHz
UE_004450,0.0112,63.37,54.4687,-31.63,7.7e-09,18.2,1.5,0.1562,-25.1882,3.7e-05,0,0,80.0493,11.572966,WiFi6_5GHz
UE_004451,0.0117,58.59,46.612,-36.41,8.3e-09,17.5,1.5599,0.1997,9.2176,3.9e-05,0,0,81.6744,11.898476,WiFi6_5GHz
UE_004452,0.0077,35.17,26.1237,-59.83,3e-09,2.16,1.5,0.034,-26.1327,2.6e-05,0,0,74.2819,11.568111,WiFi6_5GHz
UE_004453,0.0092,29.75,20.4351,-65.25,9.6091e-06,1.86,1.5,0.3063,20.3996,3.1e-05,0,0,69.0966,7.916014,WiFi6_5GHz
UE_004454,0.005,12.3,4.8315,-82.7,0.0063683785,15.59,1.5,6.4902,21.5355,1.7e-05,0,0,55.0976,2.205259,WiFi6_5GHz
UE_004455,0.0019,-6.44,-12.489,-101.44,0.0899790973,32.05,1.5,35.9027,-10.0449,6e-06,0,0,24.2202,0.1,WiFi6_5GHz
UE_004456,0.0113,-20.65,-26.0148,-115.65,0.1034796039,23.47,1.5,27.3939,28.4435,3.8e-05,0,0,25.4069,0.368909,WiFi6_5GHz
UE_004457,0.0166,42.21,30.6697,-52.79,1.5e-09,6.08,1.5,0.2706,-26.4245,5.5e-05,0,0,79.1581,11.639733,WiFi6_5GHz
UE_004458,0.0115,-14.35,-19.4714,-109.35,0.0726133376,2.04,1.5,31.6781,26.1981,3.8e-05,0,0,23.2418,0.338233,WiFi6_5GHz
UE_004459,0.0104,31.2,24.239,-63.8,2.8225e-06,0.0,1.5,0.2267,11.3723,3.5e-05,0,0,69.6778,7.952477,WiFi6_5GHz
UE_004460,0.0146,17.08,11.1906,-77.92,0.0004987144,9.56,1.5,0.883,2.4442,4.9e-05,0,0,57.6929,3.417266,WiFi6_5GHz
UE_004461,0.0063,5.98,-2.9768,-89.02,0.0231170899,11.49,1.5,26.63,7.0888,2.1e-05,0,0,31.9721,1.351571,WiFi6_5GHz
UE_004462,0.0031,-15.45,-26.7285,-110.45,0.1285976009,44.68,1.7357,28.7763,-8.6638,1e-05,0,0,29.9013,0.203338,WiFi6_5GHz
UE_004463,0.0097,9.01,-0.5184,-85.99,0.0337749859,10.57,1.5,23.0136,-23.9771,3.2e-05,0,0,37.4256,1.41065,WiFi6_5GHz
UE_004464,0.0027,-9.23,-20.6782,-104.23,0.0790881969,0.43,1.5,36.259,28.5276,9e-06,0,0,19.5826,0.29509,WiFi6_5GHz
UE_004465,0.0014,6.57,-0.3947,-88.43,0.0443437542,0.96,1.5,28.6204,-15.1717,5e-06,0,0,31.2814,1.045741,WiFi6_5GHz
UE_004466,0.0099,22.13,15.2145,-72.87,0.0008197457,13.45,1.5,1.0761,-8.1824,3.3e-05,0,0,61.7012,5.129442,WiFi6_5GHz
UE_004467,0.0127,38.15,30.0797,-56.85,6.8e-09,22.29,1.5,0.259,29.3906,4.2e-05,0,0,79.1822,11.693553,WiFi6_5GHz
UE_004468,0.0137,47.16,36.7531,-47.84,4.2e-09,19.38,1.5,0.0577,-18.1568,4.6e-05,0,0,78.0804,11.461347,WiFi6_5GHz
UE_004469,0.0057,-9.89,-16.0428,-104.89,0.1052855542,20.37,1.5,8.1519,8.7744,1.9e-05,0,0,41.8821,0.484309,WiFi6_5GHz
UE_004470,0.0127,3.22,-8.0334,-91.78,0.1194737011,0.79,1.5,25.4948,9.6891,4.2e-05,0,0,30.2721,0.769498,WiFi6_5GHz
UE_004471,0.0077,27.44,19.9025,-67.56,7.9476e-06,0.32,1.5,0.3564,11.7305,2.6e-05,0,0,66.8199,6.961874,WiFi6_5GHz
UE_004472,0.0102,28.09,17.4299,-66.91,8.8172e-06,5.66,1.5,0.1637,-29.2057,3.4e-05,0,0,70.0371,7.685618,WiFi6_5GHz
UE_004473,0.0033,15.9,6.2533,-79.1,0.0004455767,2.12,1.5,1.5148,13.8617,1.1e-05,0,0,57.0346,3.310447,WiFi6_5GHz
UE_004474,0.012,-10.07,-18.8038,-105.07,0.1031359211,6.17,1.6053,29.1711,-17.6888,4e-05,0,0,24.9406,0.1,WiFi6_5GHz
UE_004475,0.0115,52.52,44.2184,-42.48,8.7e-09,9.23,1.5,0.4467,6.8778,3.8e-05,0,0,80.355,11.671652,WiFi6_5GHz
UE_004476,0.0031,-1.79,-8.2386,-96.79,0.1460283862,0.0,1.5,15.6178,-11.2736,1e-05,0,0,32.0468,0.379998,WiFi6_5GHz
UE_004477,0.0014,2.5,-5.1501,-92.5,0.0954652318,0.13,1.5,23.6971,-19.3755,5e-06,0,0,29.1811,0.883137,WiFi6_5GHz
UE_004478,0.0132,20.43,13.0849,-74.57,6.8461e-05,22.08,1.5,0.6379,-27.9234,4.4e-05,0,0,61.1874,4.290531,WiFi6_5GHz
UE_004479,0.0051,18.28,14.3237,-76.72,0.0008166653,8.81,1.5,1.0536,30.1023,1.7e-05,0,0,58.6258,3.153268,WiFi6_5GHz
UE_004480,0.014,8.26,3.7541,-86.74,0.0374144744,17.98,1.5,11.0188,9.8666,4.7e-05,0,0,45.4944,1.832,WiFi6_5GHz
UE_004481,0.0156,-3.86,-13.8546,-98.86,0.1331093552,14.21,1.5745,26.2708,14.7274,5.2e-05,0,0,26.6339,0.312851,WiFi6_5GHz
UE_004482,0.0084,-4.08,-18.355,-99.08,0.083134016,0.0,1.5,12.1993,-23.9054,2.8e-05,0,0,35.8618,0.422013,WiFi6_5GHz
UE_004483,0.011,57.22,47.6407,-37.78,4e-10,0.16,1.5,0.0905,-17.3975,3.7e-05,0,0,77.1391,11.864432,WiFi6_5GHz
UE_004484,0.0113,29.61,23.3235,-65.39,3.3483e-06,1.64,1.5,0.4951,-20.0754,3.8e-05,0,0,69.6298,7.789198,WiFi6_5GHz
UE_004485,0.0127,11.23,2.6616,-83.77,0.0459241364,8.19,1.5,6.3342,-16.6635,4.2e-05,0,0,46.2488,2.297884,WiFi6_5GHz
UE_004486,0.0053,20.12,10.6015,-74.88,1.37838e-05,6.41,1.5,1.9772,-7.199,1.8e-05,0,0,59.2396,4.736781,WiFi6_5GHz
UE_004487,0.0136,-13.03,-25.0029,-108.03,0.0744232037,14.57,1.5,24.7463,-14.1814,4.5e-05,0,0,32.0825,0.186723,WiFi6_5GHz
UE_004488,0.0132,33.74,27.6293,-61.26,7.104e-06,0.7,1.5,0.3576,31.1327,4.4e-05,0,0,71.5428,10.328387,WiFi6_5GHz
UE_004489,0.0106,-13.38,-19.3234,-108.38,0.1061927664,4.5,1.5,24.8356,2.2897,3.5e-05,0,0,23.8784,0.241717,WiFi6_5GHz
UE_004490,0.0123,-2.74,-15.8814,-97.74,0.0573095955,26.99,1.5,12.6769,-17.6773,4.1e-05,0,0,39.3481,0.192441,WiFi6_5GHz
UE_004491,0.0102,9.93,-0.5772,-85.07,0.0324754314,23.97,1.5,35.0797,-15.3189,3.4e-05,0,0,32.9321,1.767176,WiFi6_5GHz
UE_004492,0.0026,-2.73,-8.304,-97.73,0.0522299744,1.68,1.5,12.9102,-31.1373,9e-06,0,0,33.1422,0.287596,WiFi6_5GHz
UE_004493,0.0166,30.01,23.2871,-64.99,3.2344e-06,12.52,1.5,0.1379,1.8479,5.5e-05,0,0,73.3196,7.584795,WiFi6_5GHz
UE_004494,0.0086,-11.39,-20.2664,-106.39,0.1040004837,1.24,1.5,23.6147,12.939,2.9e-05,0,0,24.6097,0.463066,WiFi6_5GHz
UE_004495,0.0059,33.61,24.5621,-61.39,5.291e-06,0.3,1.5,0.1213,-8.3031,2e-05,0,0,70.1604,10.492374,WiFi6_5GHz
UE_004496,0.0103,12.87,5.5366,-82.13,0.0077696671,19.38,1.5,6.8715,-31.5675,3.4e-05,0,0,50.6018,2.680864,WiFi6_5GHz
UE_004497,0.0151,26.64,21.9509,-68.36,3.4155e-06,17.46,1.5,0.0452,-2.6891,5e-05,0,0,68.0267,6.949105,WiFi6_5GHz
UE_004498,0.0079,18.62,11.0918,-76.38,0.0004021352,9.25,1.5,1.7658,13.4412,2.6e-05,0,0,59.6725,3.600331,WiFi6_5GHz
UE_004499,0.0011,8.89,2.85,-86.11,0.0334343561,19.4,1.5,15.7034,-21.0274,4e-06,0,0,41.3113,1.794818,WiFi6_5GHz
UE_004500,0.0159,-2.48,-11.8667,-97.48,0.0748507483,0.0,1.5,29.0946,-4.0916,5.3e-05,0,0,25.5848,0.522269,WiFi6_5GHz
UE_004501,0.0033,-7.38,-15.6022,-102.38,0.1249154719,0.0,1.5,17.6551,1.2788,1.1e-05,0,0,31.1067,0.427433,WiFi6_5GHz
UE_004502,0.01,26.61,19.4134,-68.39,8.7237e-06,7.98,1.5,0.3511,-24.6806,3.3e-05,0,0,66.0603,6.618112,WiFi6_5GHz
UE_004503,0.006,-2.2,-14.8417,-97.2,0.05707845,31.29,1.5,25.5145,3.5637,2e-05,0,0,31.4992,0.375761,WiFi6_5GHz
UE_004504,0.0162,-4.18,-8.4503,-99.18,0.1365010391,24.86,1.5,36.843,0.7651,5.4e-05,0,0,22.4898,0.1,WiFi6_5GHz
UE_004505,0.0035,-6.8,-17.0229,-101.8,0.0888960729,5.88,1.5,30.4449,-11.5831,1.2e-05,0,0,24.4437,0.1,WiFi6_5GHz
UE_004506,0.0023,39.78,28.2839,-55.22,8.5e-09,0.02,1.5,0.0058,-1.6763,8e-06,0,0,74.9129,11.9631,WiFi6_5GHz
UE_004507,0.0155,16.41,9.8346,-78.59,0.0001382572,0.0,1.5,1.6348,24.8482,5.2e-05,0,0,56.7839,3.255091,WiFi6_5GHz
UE_004508,0.0074,4.44,-3.2434,-90.56,0.0937993312,23.27,2.015,32.2189,-29.7109,2.5e-05,0,0,30.6827,0.821977,WiFi6_5GHz
UE_004509,0.006,-3.8,-14.6428,-98.8,0.1077015458,14.01,1.5,31.7027,30.8099,2e-05,0,0,27.3048,0.333367,WiFi6_5GHz
UE_004510,0.0135,-6.59,-15.7103,-101.59,0.1127263414,15.95,1.5,19.6158,8.377,4.5e-05,0,0,34.3204,0.1,WiFi6_5GHz
UE_004511,0.0037,-5.0,-10.4094,-100.0,0.1070977091,9.8,1.5,24.4571,-25.8126,1.2e-05,0,0,28.9261,0.368608,WiFi6_5GHz
UE_004512,0.0137,51.71,44.4418,-43.29,4e-09,1.78,1.5,0.2294,12.0615,4.6e-05,0,0,80.9594,11.612054,WiFi6_5GHz
UE_004513,0.0011,34.87,28.6037,-60.13,4.8147e-06,0.87,1.5,0.084,8.1276,4e-06,0,0,75.8664,10.353389,WiFi6_5GHz
UE_004514,0.0112,21.15,10.7924,-73.85,0.0005517243,0.81,1.5,1.1069,-27.5073,3.7e-05,0,0,54.6839,5.008719,WiFi6_5GHz
UE_004515,0.0021,-5.0,-15.7883,-100.0,0.0520359002,7.09,1.5,19.255,-8.4307,7e-06,0,0,30.2779,0.1,WiFi6_5GHz
UE_004516,0.0085,1.25,-5.0323,-93.75,0.0574011976,12.88,1.5,28.8733,30.9393,2.8e-05,0,0,27.1007,0.173233,WiFi6_5GHz
UE_004517,0.0045,-5.17,-13.459,-100.17,0.0913305931,27.17,1.8393,21.3321,-22.3525,1.5e-05,0,0,33.627,0.298676,WiFi6_5GHz
UE_004518,0.0169,-10.92,-13.8047,-105.92,0.1084139189,0.0,1.5,38.1088,18.1273,5.6e-05,0,0,22.327,0.1,WiFi6_5GHz
UE_004519,0.0148,-7.32,-15.1444,-102.32,0.1175513487,0.05,1.5,9.2222,-14.3303,4.9e-05,0,0,36.5559,0.528619,WiFi6_5GHz
UE_004520,0.0025,20.71,14.8386,-74.29,0.0007406413,26.08,1.6382,1.6815,-28.2145,8e-06,0,0,60.6201,4.991078,WiFi6_5GHz
UE_004521,0.012,13.92,6.8184,-81.08,0.0367583306,12.14,1.6667,4.3686,7.0639,4e-05,0,0,53.3725,2.111598,WiFi6_5GHz
UE_004522,0.0094,45.95,40.8991,-49.05,1.9e-09,26.44,1.9853,0.4956,-21.2076,3.1e-05,0,0,78.4348,11.833909,WiFi6_5GHz
UE_004523,0.0059,44.98,34.2155,-50.02,7.9e-09,2.81,1.5,0.4832,-31.67,2e-05,0,0,81.9141,11.68491,WiFi6_5GHz
UE_004524,0.0128,-5.48,-10.3794,-100.48,0.1185757903,0.0,1.5,29.6279,26.579,4.3e-05,0,0,24.8961,0.300515,WiFi6_5GHz
UE_004525,0.0012,20.18,12.9265,-74.82,0.0007095152,4.1,1.5,1.0416,-13.1577,4e-06,0,0,59.2429,4.556829,WiFi6_5GHz
UE_004526,0.0095,47.3,42.4019,-47.7,1.7e-09,30.11,1.5,0.3612,28.0197,3.2e-05,0,0,79.317,11.674788,WiFi6_5GHz
UE_004527,0.002,21.28,12.6113,-73.72,0.0001060676,2.92,1.569,1.6227,-22.2422,7e-06,0,0,58.0051,5.309801,WiFi6_5GHz
UE_004528,0.0095,5.26,-6.0595,-89.74,0.0452635775,10.12,1.5,13.3598,-22.753,3.2e-05,0,0,43.1241,1.41689,WiFi6_5GHz
UE_004529,0.0098,10.4,1.2816,-84.6,0.0131556324,21.94,1.9003,2.3928,26.9879,3.3e-05,0,0,51.4499,1.676594,WiFi6_5GHz
UE_004530,0.0137,5.38,0.2053,-89.62,0.0136722998,0.53,1.5,8.158,0.0448,4.6e-05,0,0,43.3223,1.009881,WiFi6_5GHz
UE_004531,0.0127,-9.65,-15.4975,-104.65,0.0553477276,0.0,1.5,20.0873,18.713,4.2e-05,0,0,27.1222,0.1,WiFi6_5GHz
UE_004532,0.0035,68.39,60.4284,-26.61,3e-09,51.68,1.9748,0.4058,6.3115,1.2e-05,0,0,87.4576,11.512611,WiFi6_5GHz
UE_004533,0.0032,-7.88,-16.624,-102.88,0.058079033,1.42,1.5,18.805,4.5024,1.1e-05,0,0,32.442,0.363995,WiFi6_5GHz
UE_004534,0.0138,48.04,41.4739,-46.96,9.5e-09,9.98,1.5,0.2352,4.4731,4.6e-05,0,0,82.3948,11.159034,WiFi6_5GHz
UE_004535,0.0019,60.32,54.3753,-34.68,9.6e-09,27.42,1.5,0.1505,-16.274,6e-06,0,0,78.3665,11.813915,WiFi6_5GHz
UE_004536,0.013,15.38,8.9876,-79.62,0.0006387716,2.12,1.5,1.7627,-14.8948,4.3e-05,0,0,54.79,3.373138,WiFi6_5GHz
UE_004537,0.0043,19.4,14.1149,-75.6,0.0001129884,0.0,1.5,1.1017,-5.7413,1.4e-05,0,0,63.4955,4.817092,WiFi6_5GHz
UE_004538,0.0155,13.59,7.1782,-81.41,0.0347425908,6.34,1.5,5.118,14.99,5.2e-05,0,0,51.8934,2.351902,WiFi6_5GHz
UE_004539,0.0018,15.01,8.2456,-79.99,0.0003822101,8.53,1.5,1.1696,-14.0577,6e-06,0,0,55.2389,3.406567,WiFi6_5GHz
UE_004540,0.0051,41.18,32.2725,-53.82,3.2e-09,3.04,1.5,0.4186,24.1275,1.7e-05,0,0,80.8879,11.658719,WiFi6_5GHz
UE_004541,0.0087,26.2,17.6825,-68.8,8.2075e-06,5.17,1.5,0.4659,29.5316,2.9e-05,0,0,67.6798,7.09095,WiFi6_5GHz
UE_004542,0.0158,-1.4,-8.4513,-96.4,0.0511455692,0.23,1.5,10.9826,-11.841,5.3e-05,0,0,38.4846,0.506671,WiFi6_5GHz
UE_004543,0.0115,-3.71,-9.7779,-98.71,0.0672716747,0.61,1.5,28.1223,5.5937,3.8e-05,0,0,27.2565,0.1,WiFi6_5GHz
UE_004544,0.0053,17.31,3.9841,-77.69,0.0005880681,12.25,1.5,1.0809,-27.8525,1.8e-05,0,0,57.9579,3.298546,WiFi6_5GHz
UE_004545,0.0069,-5.94,-15.192,-100.94,0.0880517128,7.0,1.5,9.592,17.3316,2.3e-05,0,0,39.2008,0.374336,WiFi6_5GHz
UE_004546,0.013,-10.88,-20.0693,-105.88,0.1311080509,14.22,1.5,11.0322,-9.6469,4.3e-05,0,0,40.2804,0.19317,WiFi6_5GHz
UE_004547,0.0112,43.98,33.4762,-51.02,2.5e-09,19.15,1.8427,0.3564,6.9549,3.7e-05,0,0,82.5305,11.7966,WiFi6_5GHz
UE_004548,0.0149,-12.41,-19.2334,-107.41,0.1193318825,0.22,1.5,15.7464,18.3433,5e-05,0,0,36.3904,0.147891,WiFi6_5GHz
UE_004549,0.0153,-1.12,-8.9193,-96.12,0.061255589,1.35,1.5,28.7714,5.2065,5.1e-05,0,0,24.5336,0.174268,WiFi6_5GHz
UE_004550,0.0134,-12.16,-19.3281,-107.16,0.0552539972,29.28,1.5,18.7998,4.5656,4.5e-05,0,0,38.1743,0.163268,WiFi6_5GHz
UE_004551,0.006,-2.44,-8.0336,-97.44,0.1038223459,8.38,1.5,31.9388,-0.8661,2e-05,0,0,24.2431,0.1,WiFi6_5GHz
UE_004552,0.0067,44.76,34.3864,-50.24,7.5e-09,7.97,1.5,0.1216,17.1959,2.2e-05,0,0,80.235,11.749946,WiFi6_5GHz
UE_004553,0.012,45.7,37.48,-49.3,8e-09,23.35,1.5,0.3029,-10.4962,4e-05,0,0,79.1928,11.89165,WiFi6_5GHz
UE_004554,0.0126,-1.81,-11.1834,-96.81,0.0783046438,0.59,1.5,23.1116,14.3062,4.2e-05,0,0,26.9071,0.674907,WiFi6_5GHz
UE_004555,0.0018,47.24,37.6927,-47.76,9.1e-09,2.73,1.5,0.1515,21.9395,6e-06,0,0,80.3297,11.824158,WiFi6_5GHz
UE_004556,0.0091,32.02,26.0976,-62.98,9.8012e-06,36.7,1.5768,0.3621,24.4124,3e-05,0,0,74.1313,10.508579,WiFi6_5GHz
UE_004557,0.0147,62.36,52.5095,-32.64,8e-10,11.99,1.5,0.3071,22.027,4.9e-05,0,0,78.6353,11.303785,WiFi6_5GHz
UE_004558,0.0093,-9.21,-17.7739,-104.21,0.0912086506,5.74,1.5,21.6161,12.6839,3.1e-05,0,0,29.9335,0.17022,WiFi6_5GHz
UE_004559,0.0107,41.96,37.4112,-53.04,6e-10,2.55,1.5,0.1848,29.2082,3.6e-05,0,0,77.4588,11.866001,WiFi6_5GHz
UE_004560,0.0093,43.79,32.757,-51.21,3.9e-09,0.26,1.5,0.1131,30.9346,3.1e-05,0,0,78.308,11.25944,WiFi6_5GHz
UE_004561,0.002,12.8,4.0686,-82.2,0.0381824941,0.04,1.5,6.2867,-0.1111,7e-06,0,0,48.9422,2.202451,WiFi6_5GHz
UE_004562,0.0145,22.81,12.9933,-72.19,2.69096e-05,28.14,1.5,0.6954,31.67,4.8e-05,0,0,67.8038,5.223227,WiFi6_5GHz
UE_004563,0.003,45.1,35.7585,-49.9,5.9e-09,23.5,1.5,0.0978,14.659,1e-05,0,0,85.6006,11.726733,WiFi6_5GHz
UE_004564,0.0075,12.94,6.8399,-82.06,0.0250074868,19.12,1.5,5.6201,23.2154,2.5e-05,0,0,52.6278,2.18296,WiFi6_5GHz
UE_004565,0.0053,-15.76,-23.5775,-110.76,0.0956164278,4.75,1.5,21.9193,31.3996,1.8e-05,0,0,29.9577,0.271632,WiFi6_5GHz
UE_004566,0.0065,49.91,43.3157,-45.09,7.5e-09,0.06,1.5,0.454,-25.9066,2.2e-05,0,0,79.2241,11.783419,WiFi6_5GHz
UE_004567,0.0167,39.6,30.2706,-55.4,7.3e-09,0.0,1.582,0.4869,-11.0064,5.6e-05,0,0,76.0772,11.907858,WiFi6_5GHz
UE_004568,0.0063,-18.87,-27.1905,-113.87,0.0960942327,1.97,1.5,38.6598,-13.0651,2.1e-05,0,0,15.26,0.1,WiFi6_5GHz
UE_004569,0.011,30.06,22.4749,-64.94,1.2609e-06,6.86,1.5,0.3186,12.7052,3.7e-05,0,0,68.5674,7.92041,WiFi6_5GHz
UE_004570,0.0056,-3.0,-14.5134,-98.0,0.072574536,12.21,1.5,28.0481,23.864,1.9e-05,0,0,28.8745,0.1,WiFi6_5GHz
UE_004571,0.0145,-19.42,-26.9772,-114.42,0.0795312664,13.99,1.5,12.8688,-21.3249,4.8e-05,0,0,36.1617,0.127479,WiFi6_5GHz
UE_004572,0.004,13.95,6.0733,-81.05,0.0434516911,0.55,1.5,3.78,-8.0814,1.3e-05,0,0,52.1312,2.138684,WiFi6_5GHz
UE_004573,0.0163,5.05,-8.1502,-89.95,0.0055286242,0.0,1.5,12.159,15.1639,5.4e-05,0,0,40.0653,1.431292,WiFi6_5GHz
UE_004574,0.0116,16.98,9.7015,-78.02,0.0006795496,13.23,1.5,1.5198,-17.0694,3.9e-05,0,0,59.9478,3.411874,WiFi6_5GHz
UE_004575,0.0055,39.11,34.1903,-55.89,2.9e-09,48.98,1.9033,0.2998,17.9542,1.8e-05,0,0,83.742,11.426751,WiFi6_5GHz
UE_004576,0.0051,19.11,12.3849,-75.89,0.0008301455,5.89,1.537,0.7247,24.3754,1.7e-05,0,0,57.3093,4.608139,WiFi6_5GHz
UE_004577,0.015,48.23,40.8544,-46.77,2.5e-09,11.75,1.5117,0.0678,26.5621,5e-05,0,0,79.785,11.538643,WiFi6_5GHz
UE_004578,0.0021,14.26,2.5832,-80.74,0.0050352781,0.05,1.5413,7.6246,-14.7446,7e-06,0,0,49.8825,2.131058,WiFi6_5GHz
UE_004579,0.0075,-2.62,-11.7934,-97.62,0.131869469,0.0,1.5,26.0348,-3.1009,2.5e-05,0,0,28.6241,0.438805,WiFi6_5GHz
UE_004580,0.0153,-5.89,-14.6182,-100.89,0.0811601491,9.87,1.5,21.1591,-28.9356,5.1e-05,0,0,32.8505,0.184985,WiFi6_5GHz
UE_004581,0.0128,20.85,9.8298,-74.15,0.0003836225,12.04,1.5,0.9679,-8.2631,4.3e-05,0,0,59.3234,4.857045,WiFi6_5GHz
UE_004582,0.0029,14.35,7.7914,-80.65,0.0026508119,11.14,1.8199,6.9034,16.1667,1e-05,0,0,53.101,2.650454,WiFi6_5GHz
UE_004583,0.0057,11.63,4.0733,-83.37,0.0460300263,1.46,1.5,3.1434,-16.4153,1.9e-05,0,0,54.994,2.125931,WiFi6_5GHz
UE_004584,0.0155,-2.75,-14.5956,-97.75,0.1210938828,2.06,1.5,34.1518,-26.0255,5.2e-05,0,0,22.2575,0.1,WiFi6_5GHz
UE_004585,0.0023,1.68,-4.2512,-93.32,0.0621634608,1.66,1.5,28.6234,5.5525,8e-06,0,0,27.0352,0.477746,WiFi6_5GHz
UE_004586,0.0137,20.86,15.4859,-74.14,0.0002416611,10.08,1.5,1.8874,-22.7527,4.6e-05,0,0,62.9167,4.680987,WiFi6_5GHz
UE_004587,0.004,24.76,17.0787,-70.24,0.0009101596,13.55,1.7866,0.5703,11.8403,1.3e-05,0,0,65.0959,5.300822,WiFi6_5GHz
UE_004588,0.0111,-4.8,-10.0443,-99.8,0.1108389503,2.97,1.5,37.681,10.3197,3.7e-05,0,0,20.3879,0.189972,WiFi6_5GHz
UE_004589,0.0155,-14.31,-25.7095,-109.31,0.1198141679,16.12,1.6047,38.5053,-5.2337,5.2e-05,0,0,22.0267,0.117225,WiFi6_5GHz
UE_004590,0.0018,43.43,33.516,-51.57,7.6e-09,0.0,1.5,0.4248,-6.0912,6e-06,0,0,77.9745,11.672389,WiFi6_5GHz
UE_004591,0.0024,17.31,9.4393,-77.69,0.0004963423,0.26,1.5,1.5597,8.9499,8e-06,0,0,58.1197,3.371869,WiFi6_5GHz
UE_004592,0.0047,-3.56,-12.3186,-98.56,0.07362197,11.35,1.5,18.7319,-31.67,1.6e-05,0,0,35.3512,0.677826,WiFi6_5GHz
UE_004593,0.0128,4.02,-2.5009,-90.98,0.1335937978,36.74,1.5,16.9289,30.5309,4.3e-05,0,0,41.5827,0.878108,WiFi6_5GHz
UE_004594,0.0089,-12.24,-21.6264,-107.24,0.0580769787,3.86,1.5,15.9655,22.3355,3e-05,0,0,32.9164,0.12323,WiFi6_5GHz
UE_004595,0.0044,-18.72,-27.4035,-113.72,0.0963564472,13.42,1.5,29.5575,31.67,1.5e-05,0,0,28.5715,0.202784,WiFi6_5GHz
UE_004596,0.0084,3.98,-3.4311,-91.02,0.1028556868,0.39,1.5,17.2568,-5.3633,2.8e-05,0,0,37.9469,0.710287,WiFi6_5GHz
UE_004597,0.0143,-10.12,-23.1712,-105.12,0.1148802105,0.0,1.5,23.4707,-0.21,4.8e-05,0,0,27.7709,0.106887,WiFi6_5GHz
UE_004598,0.014,23.47,15.5464,-71.53,0.0008658307,11.52,1.5,1.9424,-17.0471,4.7e-05,0,0,62.4242,5.671692,WiFi6_5GHz
UE_004599,0.0154,15.18,5.1752,-79.82,0.0008944776,4.57,1.5,1.8307,-1.7277,5.1e-05,0,0,57.0512,3.33837,WiFi6_5GHz
UE_004600,0.0031,28.46,21.5058,-66.54,4.6623e-06,17.18,1.5,0.0674,5.1216,1e-05,0,0,72.6253,7.872479,WiFi6_5GHz
UE_004601,0.0033,-14.04,-24.3093,-109.04,0.0764803806,21.94,1.5,15.8639,-8.7024,1.1e-05,0,0,40.9663,0.1,WiFi6_5GHz
UE_004602,0.0093,-13.04,-24.7921,-108.04,0.0995867394,0.82,1.5,19.8124,29.516,3.1e-05,0,0,28.0581,0.332157,WiFi6_5GHz
UE_004603,0.0045,-1.35,-5.6089,-96.35,0.0962781929,0.0,1.5,19.8944,25.78,1.5e-05,0,0,32.819,0.1,WiFi6_5GHz
UE_004604,0.0112,5.2,-3.9758,-89.8,0.0386191897,39.24,1.6522,37.6439,15.6373,3.7e-05,0,0,25.9488,1.181684,WiFi6_5GHz
UE_004605,0.0133,60.76,55.4959,-34.24,3.4e-09,7.76,1.5173,0.4739,25.8568,4.4e-05,0,0,76.8358,11.816009,WiFi6_5GHz
UE_004606,0.0135,37.93,24.4235,-57.07,3.6e-09,15.96,1.5,0.478,11.093,4.5e-05,0,0,77.287,11.683984,WiFi6_5GHz
UE_004607,0.0045,34.46,26.2919,-60.54,9.3873e-06,8.75,1.5,0.0204,31.67,1.5e-05,0,0,77.8342,10.441341,WiFi6_5GHz
UE_004608,0.0032,30.8,24.2587,-64.2,4.123e-06,0.0,1.5,0.2032,30.8972,1.1e-05,0,0,68.8362,7.800412,WiFi6_5GHz
UE_004609,0.0035,38.3,27.59,-56.7,2e-09,0.01,1.5,0.4253,-23.507,1.2e-05,0,0,78.8122,12.027762,WiFi6_5GHz
UE_004610,0.0162,-6.14,-15.2238,-101.14,0.0990452024,18.28,1.5,22.9316,31.4716,5.4e-05,0,0,31.0973,0.1,WiFi6_5GHz
UE_004611,0.0154,25.49,20.522,-69.51,3.0329e-06,11.82,1.5,0.2259,-24.7464,5.1e-05,0,0,67.7774,6.813684,WiFi6_5GHz
UE_004612,0.0021,35.68,27.5825,-59.32,3.5e-09,12.6,1.5,0.02,-14.8104,7e-06,0,0,76.0315,11.518638,WiFi6_5GHz
UE_004613,0.0089,19.9,6.9349,-75.1,0.0005371403,7.56,1.5,1.6668,14.4999,3e-05,0,0,62.6009,4.621046,WiFi6_5GHz
UE_004614,0.0142,17.39,9.932,-77.61,0.0002539106,0.0,1.5,0.8704,-5.0565,4.7e-05,0,0,58.1457,3.649924,WiFi6_5GHz
UE_004615,0.0063,42.19,34.4032,-52.81,2.1e-09,0.08,1.5,0.1607,21.1556,2.1e-05,0,0,75.0462,11.732429,WiFi6_5GHz
UE_004616,0.009,-0.05,-7.7488,-95.05,0.0824854788,15.93,1.5,15.3263,-29.3113,3e-05,0,0,37.7009,0.314659,WiFi6_5GHz
UE_004617,0.0149,36.12,26.0389,-58.88,8.9e-09,14.82,1.5,0.263,-31.67,5e-05,0,0,77.1606,11.89961,WiFi6_5GHz
UE_004618,0.0079,11.44,0.8872,-83.56,0.0062794462,27.34,1.5,6.2992,27.185,2.6e-05,0,0,52.2278,2.239881,WiFi6_5GHz
UE_004619,0.0051,-4.02,-12.3485,-99.02,0.0992636398,1.65,1.5,18.9011,-25.3044,1.7e-05,0,0,31.8453,0.1,WiFi6_5GHz
UE_004620,0.0083,38.38,34.2992,-56.62,3.9e-09,0.0,1.5,0.2278,-2.6023,2.8e-05,0,0,76.8637,11.3348,WiFi6_5GHz
UE_004621,0.008,-13.54,-22.3908,-108.54,0.122151768,0.0,1.5,10.6192,-22.6071,2.7e-05,0,0,38.9027,0.266977,WiFi6_5GHz
UE_004622,0.0145,2.47,-1.6677,-92.53,0.0812706606,26.06,1.5,18.2729,4.91,4.8e-05,0,0,37.5863,0.810724,WiFi6_5GHz
UE_004623,0.006,39.28,34.3328,-55.72,3.9e-09,34.32,1.8812,0.0386,-17.4595,2e-05,0,0,82.4191,11.424455,WiFi6_5GHz
UE_004624,0.0091,-13.47,-22.6728,-108.47,0.1024169976,22.53,1.5,16.637,-31.67,3e-05,0,0,37.9773,0.214526,WiFi6_5GHz
UE_004625,0.0162,39.08,32.625,-55.92,6.3e-09,38.31,1.6552,0.2984,-6.1479,5.4e-05,0,0,81.1918,11.587594,WiFi6_5GHz
UE_004626,0.0148,-4.51,-13.4996,-99.51,0.0866295818,1.44,1.5,27.8458,-13.8489,4.9e-05,0,0,24.2877,0.1,WiFi6_5GHz
UE_004627,0.016,1.17,-9.9382,-93.83,0.0695134474,0.0,1.5,17.1034,-0.0581,5.3e-05,0,0,30.7135,0.570371,WiFi6_5GHz
UE_004628,0.0156,-2.25,-12.3242,-97.25,0.1246944066,1.62,1.5,28.9658,27.4825,5.2e-05,0,0,26.4458,0.328884,WiFi6_5GHz
UE_004629,0.0046,9.65,3.1265,-85.35,0.0435356122,11.84,1.5,11.3191,-19.6735,1.5e-05,0,0,43.8984,1.604632,WiFi6_5GHz
UE_004630,0.0112,5.32,-0.8869,-89.68,0.0084977198,25.98,1.5,17.4637,-27.1107,3.7e-05,0,0,36.8165,1.096137,WiFi6_5GHz
UE_004631,0.0061,0.09,-10.9542,-94.91,0.1086562285,14.03,1.5,8.1371,-21.0053,2e-05,0,0,43.0379,0.152587,WiFi6_5GHz
UE_004632,0.0105,14.73,7.7273,-80.27,0.0099599764,2.41,1.5,6.0932,-12.5651,3.5e-05,0,0,51.8976,2.044403,WiFi6_5GHz
UE_004633,0.0083,-1.4,-7.7488,-96.4,0.1363466447,3.41,1.5,16.537,23.7378,2.8e-05,0,0,34.3862,0.1,WiFi6_5GHz
UE_004634,0.0165,29.96,18.6269,-65.04,4.9345e-06,10.68,1.5385,0.1624,-19.2421,5.5e-05,0,0,69.8831,7.647132,WiFi6_5GHz
UE_004635,0.0064,0.18,-6.8749,-94.82,0.0724616799,1.34,1.5,11.9958,-8.9786,2.1e-05,0,0,33.9097,0.1,WiFi6_5GHz
UE_004636,0.0111,1.14,-4.5022,-93.86,0.0837098672,22.21,1.5,32.1364,17.6627,3.7e-05,0,0,24.623,0.1,WiFi6_5GHz
UE_004637,0.015,-13.36,-18.6935,-108.36,0.1495324698,9.1,1.5,17.3282,-9.4233,5e-05,0,0,35.3405,0.370482,WiFi6_5GHz
UE_004638,0.0028,48.17,37.8566,-46.83,7e-10,0.01,1.5,0.4427,0.1278,9e-06,0,0,75.3799,11.857727,WiFi6_5GHz
UE_004639,0.0093,12.82,1.2568,-82.18,0.0014210166,0.0,1.5,5.2042,-27.866,3.1e-05,0,0,50.6661,2.100455,WiFi6_5GHz
UE_004640,0.0038,-18.38,-30.3082,-113.38,0.1000110873,9.96,1.5,12.3123,-26.1967,1.3e-05,0,0,37.7443,0.508712,WiFi6_5GHz
UE_004641,0.0085,33.99,22.5738,-61.01,4.3662e-06,5.98,1.5,0.3611,2.7031,2.8e-05,0,0,73.7101,10.546779,WiFi6_5GHz
UE_004642,0.0132,-9.91,-21.064,-104.91,0.0532913134,14.86,1.5,21.2935,23.1715,4.4e-05,0,0,33.2245,0.21379,WiFi6_5GHz
UE_004643,0.0022,-6.26,-12.7731,-101.26,0.0956870441,14.41,1.5,25.2257,24.6825,7e-06,0,0,31.9,0.118478,WiFi6_5GHz
UE_004644,0.0021,-4.9,-9.6967,-99.9,0.1327656348,0.08,1.5,37.1899,-12.9595,7e-06,0,0,21.119,0.248664,WiFi6_5GHz
UE_004645,0.0011,-1.37,-6.7131,-96.37,0.142331867,1.85,1.5,19.8559,-14.1319,4e-06,0,0,28.7869,0.584397,WiFi6_5GHz
UE_004646,0.003,16.88,8.1455,-78.12,8.99883e-05,20.58,1.5,1.1485,13.8082,1e-05,0,0,63.6344,3.168416,WiFi6_5GHz
UE_004647,0.0161,44.07,35.0011,-50.93,3.7e-09,6.4,1.5,0.237,13.224,5.4e-05,0,0,77.6672,11.845623,WiFi6_5GHz
UE_004648,0.0134,13.71,5.0229,-81.29,0.0311528996,7.39,1.5,4.0814,-13.8215,4.5e-05,0,0,52.4679,2.115933,WiFi6_5GHz
UE_004649,0.009,50.12,39.8623,-44.88,3.2e-09,14.95,1.5,0.4292,-12.5957,3e-05,0,0,84.1893,11.669074,WiFi6_5GHz
UE_004650,0.0124,24.76,16.8331,-70.24,0.0008485245,1.49,1.5,1.7365,-26.2364,4.1e-05,0,0,65.1084,5.243669,WiFi6_5GHz
UE_004651,0.009,30.68,23.5937,-64.32,1.4138e-06,0.0,1.5,0.1198,29.9252,3e-05,0,0,69.6954,7.8915,WiFi6_5GHz
UE_004652,0.0155,55.4,43.4976,-39.6,2e-10,27.64,1.6114,0.1032,-22.0019,5.2e-05,0,0,79.7874,11.813373,WiFi6_5GHz
UE_004653,0.012,71.92,62.31,-23.08,2.1e-09,21.79,1.5,0.4786,-31.67,4e-05,0,0,81.1545,11.633657,WiFi6_5GHz
UE_004654,0.007,31.43,24.5198,-63.57,2.4676e-06,9.01,1.5,0.3741,-2.7927,2.3e-05,0,0,72.3902,7.728154,WiFi6_5GHz
UE_004655,0.0031,42.2,36.3662,-52.8,9.5e-09,12.02,1.5,0.0182,26.3852,1e-05,0,0,79.2638,11.594425,WiFi6_5GHz
UE_004656,0.0037,-8.58,-19.2526,-103.58,0.054862209,0.0,1.5,18.1209,9.1856,1.2e-05,0,0,33.0006,0.20026,WiFi6_5GHz
UE_004657,0.0015,15.3,3.5377,-79.7,0.0008939668,0.0,1.5,1.8611,6.9518,5e-06,0,0,53.1388,3.351557,WiFi6_5GHz
UE_004658,0.0024,25.12,13.6737,-69.88,8.3967e-06,9.6,1.5,0.013,11.047,8e-06,0,0,63.5682,7.066153,WiFi6_5GHz
UE_004659,0.0015,32.51,25.2956,-62.49,8.5255e-06,20.03,1.5,0.1225,-22.8143,5e-06,0,0,74.041,10.300259,WiFi6_5GHz
UE_004660,0.0033,3.69,-5.4853,-91.31,0.0985495173,8.97,1.5,16.0946,-2.4948,1.1e-05,0,0,40.4418,0.509479,WiFi6_5GHz
UE_004661,0.0131,-4.83,-13.3175,-99.83,0.104567951,12.69,1.5,33.757,6.315,4.4e-05,0,0,23.7031,0.154845,WiFi6_5GHz
UE_004662,0.0053,-6.32,-16.8196,-101.32,0.141961834,0.36,1.5,36.7937,18.3124,1.8e-05,0,0,20.6522,0.463828,WiFi6_5GHz
UE_004663,0.0163,0.79,-5.5175,-94.21,0.129726191,1.04,1.5,18.4232,13.4724,5.4e-05,0,0,30.0674,0.1,WiFi6_5GHz
UE_004664,0.0079,16.1,4.4962,-78.9,0.0007735423,11.48,1.5,1.9683,18.7797,2.6e-05,0,0,58.5101,3.488377,WiFi6_5GHz
UE_004665,0.0087,46.85,38.5965,-48.15,1.8e-09,23.39,1.5,0.3869,-7.6661,2.9e-05,0,0,80.7691,11.781103,WiFi6_5GHz
UE_004666,0.0035,38.82,32.7296,-56.18,8.2e-09,10.3,1.5,0.3684,25.9941,1.2e-05,0,0,76.654,11.794825,WiFi6_5GHz
UE_004667,0.0156,17.54,12.7008,-77.46,0.0004582092,21.13,1.5,1.6223,-23.0054,5.2e-05,0,0,60.757,3.959675,WiFi6_5GHz
UE_004668,0.0115,-9.72,-18.3697,-104.72,0.0892946225,0.0,1.5,32.4746,15.2305,3.8e-05,0,0,19.1379,0.337542,WiFi6_5GHz
UE_004669,0.0147,-2.05,-12.0851,-97.05,0.1326769581,0.0,1.5,35.8663,-21.6491,4.9e-05,0,0,20.9135,0.461107,WiFi6_5GHz
UE_004670,0.0022,37.06,27.8316,-57.94,8.9e-09,7.93,1.5,0.0889,-23.8185,7e-06,0,0,78.9452,11.545132,WiFi6_5GHz
UE_004671,0.007,-10.2,-21.7882,-105.2,0.127950093,8.54,1.5,37.7774,-25.292,2.3e-05,0,0,20.9311,0.444302,WiFi6_5GHz
UE_004672,0.0057,15.1,11.1091,-79.9,0.0003575396,5.22,1.5,1.0348,16.2943,1.9e-05,0,0,55.1552,3.184081,WiFi6_5GHz
UE_004673,0.0149,25.79,21.2033,-69.21,3.2232e-06,18.48,1.5,0.3928,-25.9138,5e-05,0,0,68.3324,6.627562,WiFi6_5GHz
UE_004674,0.0086,20.75,15.6889,-74.25,2.62168e-05,0.53,1.5,1.4001,6.595,2.9e-05,0,0,62.9052,5.092665,WiFi6_5GHz
UE_004675,0.0132,-3.13,-10.6208,-98.13,0.1029497611,0.0,1.5,18.8173,21.1042,4.4e-05,0,0,28.9205,0.58569,WiFi6_5GHz
UE_004676,0.0043,-15.29,-22.1113,-110.29,0.0713087549,5.23,1.5,38.0755,-17.9892,1.4e-05,0,0,24.1362,0.724406,WiFi6_5GHz
UE_004677,0.0016,-6.05,-13.663,-101.05,0.1334236022,17.99,1.5,26.7737,-0.2858,5e-06,0,0,26.7493,0.516052,WiFi6_5GHz
UE_004678,0.0066,2.72,-3.1676,-92.28,0.1273528296,9.91,1.5,35.0285,-19.3647,2.2e-05,0,0,23.2212,0.740339,WiFi6_5GHz
UE_004679,0.0121,-7.52,-18.6707,-102.52,0.1210514932,1.55,1.5,34.8933,-26.2471,4e-05,0,0,21.2027,0.1,WiFi6_5GHz
UE_004680,0.0098,15.47,6.7589,-79.53,0.0006515523,1.68,1.5,1.7484,18.4168,3.3e-05,0,0,59.1359,3.118776,WiFi6_5GHz
UE_004681,0.0159,33.49,25.6088,-61.51,8.3372e-06,2.15,1.5,0.1195,16.7518,5.3e-05,0,0,72.9568,10.379357,WiFi6_5GHz
UE_004682,0.0098,36.34,23.9882,-58.66,2.1e-09,14.03,1.5,0.3701,22.9922,3.3e-05,0,0,76.8713,11.467914,WiFi6_5GHz
UE_004683,0.0145,-6.67,-15.2211,-101.67,0.107513147,12.87,1.5441,25.8263,-7.7084,4.8e-05,0,0,29.5176,0.522819,WiFi6_5GHz
UE_004684,0.0109,29.51,24.2917,-65.49,2.9882e-06,5.74,1.5882,0.4606,-17.7866,3.6e-05,0,0,71.5455,7.826667,WiFi6_5GHz
UE_004685,0.0054,2.46,-2.9242,-92.54,0.1188658897,2.82,1.5,8.6877,31.67,1.8e-05,0,0,43.7783,0.660506,WiFi6_5GHz
UE_004686,0.0052,53.85,45.941,-41.15,5.4e-09,1.53,1.5,0.3141,10.8337,1.7e-05,0,0,81.5665,11.85643,WiFi6_5GHz
UE_004687,0.009,8.19,4.3614,-86.81,0.024071427,0.0,1.5,37.5524,-30.7931,3e-05,0,0,24.4168,1.862632,WiFi6_5GHz
UE_004688,0.0088,7.76,3.2302,-87.24,0.0437172155,13.87,1.5,17.7097,10.6528,2.9e-05,0,0,41.6381,1.40051,WiFi6_5GHz
UE_004689,0.0144,-4.06,-7.6843,-99.06,0.083206619,24.8,1.5,14.4367,11.913,4.8e-05,0,0,39.2502,0.28668,WiFi6_5GHz
UE_004690,0.0116,47.46,39.4716,-47.54,3.1e-09,39.68,1.5,0.4129,0.0508,3.9e-05,0,0,83.5036,11.721884,WiFi6_5GHz
UE_004691,0.0136,57.72,50.7953,-37.28,7.9e-09,21.32,1.5,0.1008,-1.6844,4.5e-05,0,0,81.2815,11.867921,WiFi6_5GHz
UE_004692,0.0169,28.35,24.9063,-66.65,7.6268e-06,1.04,1.5199,0.1149,14.072,5.6e-05,0,0,66.6675,7.860345,WiFi6_5GHz
UE_004693,0.0166,20.61,10.6479,-74.39,0.0008760039,2.52,1.5,1.1645,29.3207,5.5e-05,0,0,64.9488,4.452081,WiFi6_5GHz
UE_004694,0.0161,-6.82,-11.6841,-101.82,0.0795865352,4.02,1.5,37.409,6.1315,5.4e-05,0,0,20.5922,0.1,WiFi6_5GHz
UE_004695,0.0088,-4.76,-12.9641,-99.76,0.0690294635,29.1,1.5,25.7389,-18.0871,2.9e-05,0,0,25.771,0.178085,WiFi6_5GHz
UE_004696,0.0032,27.1,19.6446,-67.9,4.6462e-06,20.54,1.5,0.4897,-23.974,1.1e-05,0,0,69.5898,7.162809,WiFi6_5GHz
UE_004697,0.0091,26.67,14.1383,-68.33,4.837e-06,14.4,1.5,0.1999,15.6069,3e-05,0,0,65.7209,7.085104,WiFi6_5GHz
UE_004698,0.0047,6.8,-2.5475,-88.2,0.0490500486,0.17,1.5,12.5444,-31.67,1.6e-05,0,0,42.5335,1.111539,WiFi6_5GHz
UE_004699,0.0035,-2.22,-9.5149,-97.22,0.0591584342,0.0,1.5,13.4201,-11.0771,1.2e-05,0,0,35.9595,0.1,WiFi6_5GHz
UE_004700,0.015,29.51,20.9621,-65.49,1.7396e-06,15.38,1.5,0.0567,-18.8744,5e-05,0,0,65.7488,7.892715,WiFi6_5GHz
UE_004701,0.0078,6.1,-3.4791,-88.9,0.0122358176,4.44,1.5,37.3016,26.0887,2.6e-05,0,0,24.7585,1.128689,WiFi6_5GHz
UE_004702,0.0136,-10.19,-18.3857,-105.19,0.1436497624,4.74,1.5,11.4318,24.0761,4.5e-05,0,0,35.3514,0.205642,WiFi6_5GHz
UE_004703,0.0091,-2.05,-11.6154,-97.05,0.0993259651,16.18,1.5,10.9316,-13.423,3e-05,0,0,36.7842,0.468648,WiFi6_5GHz
UE_004704,0.0169,14.08,10.0383,-80.92,0.0031241057,0.0,1.5,2.0005,20.4049,5.6e-05,0,0,55.8913,2.119921,WiFi6_5GHz
UE_004705,0.0097,-2.21,-15.3102,-97.21,0.1052416415,0.61,1.5,16.3734,2.9818,3.2e-05,0,0,35.6026,0.350825,WiFi6_5GHz
UE_004706,0.014,56.85,46.7857,-38.15,9e-09,12.66,1.5,0.4822,-1.5714,4.7e-05,0,0,78.0627,11.851443,WiFi6_5GHz
UE_004707,0.0125,1.88,-10.5866,-93.12,0.1290864446,20.15,1.5,21.3536,8.5481,4.2e-05,0,0,35.9351,0.426087,WiFi6_5GHz
UE_004708,0.0129,-2.1,-13.5849,-97.1,0.1385947227,15.92,1.9918,32.4195,9.3432,4.3e-05,0,0,25.6392,0.369442,WiFi6_5GHz
UE_004709,0.0043,13.68,4.8608,-81.32,0.0020839574,7.21,1.5,2.178,21.3919,1.4e-05,0,0,55.9353,2.140641,WiFi6_5GHz
UE_004710,0.0064,42.23,38.9073,-52.77,6.5e-09,1.71,1.5,0.1807,10.1487,2.1e-05,0,0,77.2742,11.671733,WiFi6_5GHz
UE_004711,0.0099,26.33,13.7741,-68.67,7.4739e-06,0.28,1.5,0.4082,-30.3185,3.3e-05,0,0,65.2183,6.972366,WiFi6_5GHz
UE_004712,0.0092,45.98,39.7808,-49.02,5.4e-09,10.86,1.5852,0.036,26.0239,3.1e-05,0,0,81.4498,11.468524,WiFi6_5GHz
UE_004713,0.0118,0.95,-5.0249,-94.05,0.0944500323,24.78,1.6162,17.6079,-7.2051,3.9e-05,0,0,36.9266,0.523534,WiFi6_5GHz
UE_004714,0.0103,24.55,19.8382,-70.45,0.0006343895,29.09,1.5779,1.3139,12.6318,3.4e-05,0,0,70.4428,5.20895,WiFi6_5GHz
UE_004715,0.0013,-1.69,-7.3023,-96.69,0.0581392458,5.71,1.5,25.3084,-23.1641,4e-06,0,0,30.0798,0.318414,WiFi6_5GHz
UE_004716,0.0079,48.47,37.6179,-46.53,7.9e-09,0.0,1.5352,0.1917,18.4845,2.6e-05,0,0,79.3233,11.778884,WiFi6_5GHz
UE_004717,0.0109,4.9,-7.6551,-90.1,0.0638304224,0.0,1.5,31.8264,-30.9387,3.6e-05,0,0,23.7347,0.829299,WiFi6_5GHz
UE_004718,0.0067,1.73,-4.8624,-93.27,0.0597044262,17.29,1.5,9.3484,-22.8203,2.2e-05,0,0,40.5985,0.21364,WiFi6_5GHz
UE_004719,0.0078,6.68,-5.022,-88.32,0.028643855,22.16,1.5,17.8797,-0.893,2.6e-05,0,0,44.5787,1.286201,WiFi6_5GHz
UE_004720,0.0019,-8.05,-16.0244,-103.05,0.1137413168,15.81,1.5,37.2172,21.0613,6e-06,0,0,20.3955,0.620133,WiFi6_5GHz
UE_004721,0.0126,9.06,-2.0792,-85.94,0.0334681908,19.51,1.5272,12.203,-8.1149,4.2e-05,0,0,46.9422,1.506572,WiFi6_5GHz
UE_004722,0.0131,20.89,8.8581,-74.11,0.0003865984,0.11,1.5,0.8538,-28.2417,4.4e-05,0,0,59.8245,4.903451,WiFi6_5GHz
UE_004723,0.0114,54.61,46.6747,-40.39,1.3e-09,0.0,1.5,0.3223,-15.944,3.8e-05,0,0,76.9415,11.60738,WiFi6_5GHz
UE_004724,0.0033,21.91,11.2609,-73.09,0.0004473129,2.13,1.5,0.9367,2.6428,1.1e-05,0,0,61.2208,4.958041,WiFi6_5GHz
UE_004725,0.0044,15.19,7.9754,-79.81,0.0004454085,11.5,1.5,0.8017,-11.9424,1.5e-05,0,0,55.4052,3.473459,WiFi6_5GHz
UE_004726,0.0115,-7.65,-14.5139,-102.65,0.1330967703,10.44,1.5,28.3549,-31.67,3.8e-05,0,0,20.1065,0.299716,WiFi6_5GHz
UE_004727,0.0016,4.28,-2.3458,-90.72,0.1337700848,8.81,1.5,26.5181,2.3095,5e-06,0,0,30.9953,0.652981,WiFi6_5GHz
UE_004728,0.0015,0.99,-7.083,-94.01,0.1111595389,0.0,1.5,29.302,19.6785,5e-06,0,0,24.5599,0.1,WiFi6_5GHz
UE_004729,0.0073,-5.4,-9.4879,-100.4,0.1226184882,1.71,1.5,37.5727,-27.1616,2.4e-05,0,0,20.5902,0.456748,WiFi6_5GHz
UE_004730,0.0029,-4.01,-11.5488,-99.01,0.0939560589,19.34,1.5,17.1099,31.67,1e-05,0,0,35.533,0.1,WiFi6_5GHz
UE_004731,0.0087,11.67,5.1248,-83.33,0.0446214917,7.99,1.5,2.7637,-11.6446,2.9e-05,0,0,47.7723,2.462229,WiFi6_5GHz
UE_004732,0.0152,22.08,11.4302,-72.92,0.000487286,5.21,1.5,1.5086,19.6989,5.1e-05,0,0,62.5179,5.10709,WiFi6_5GHz
UE_004733,0.0051,1.3,-8.8045,-93.7,0.1082000398,2.38,1.5,28.1877,25.4545,1.7e-05,0,0,24.2095,0.420565,WiFi6_5GHz
UE_004734,0.0011,2.56,-6.4534,-92.44,0.0868613822,0.64,1.5,11.2839,-7.876,4e-06,0,0,40.7144,0.56364,WiFi6_5GHz
UE_004735,0.0108,66.87,58.7049,-28.13,6.6e-09,2.1,1.5,0.1568,-16.6729,3.6e-05,0,0,76.1788,11.856845,WiFi6_5GHz
UE_004736,0.0155,-6.15,-11.5408,-101.15,0.1430361374,14.96,1.5,32.7402,24.2053,5.2e-05,0,0,24.5463,0.245891,WiFi6_5GHz
UE_004737,0.0078,0.66,-10.2499,-94.34,0.1404130336,7.28,1.5,8.2937,20.4728,2.6e-05,0,0,38.6149,0.356045,WiFi6_5GHz
UE_004738,0.0035,3.09,-8.9064,-91.91,0.1243067857,13.61,1.5,27.9152,-8.3767,1.2e-05,0,0,27.6857,0.924169,WiFi6_5GHz
UE_004739,0.0075,17.27,5.8166,-77.73,0.0009917455,23.06,1.5,1.2993,-6.006,2.5e-05,0,0,61.3611,3.846656,WiFi6_5GHz
UE_004740,0.0141,16.38,4.1467,-78.62,0.0005807106,0.0,1.5,1.966,31.67,4.7e-05,0,0,56.1178,3.742389,WiFi6_5GHz
UE_004741,0.0049,-18.83,-30.1152,-113.83,0.0637872768,0.04,1.5,23.37,27.1717,1.6e-05,0,0,23.5149,0.630123,WiFi6_5GHz
UE_004742,0.0099,44.43,38.0134,-50.57,4.9e-09,9.0,1.5,0.447,-9.9047,3.3e-05,0,0,76.2325,11.768992,WiFi6_5GHz
UE_004743,0.008,-2.16,-11.8132,-97.16,0.145719798,2.67,1.5,27.5296,-31.67,2.7e-05,0,0,24.3786,0.499125,WiFi6_5GHz
UE_004744,0.0072,21.43,10.996,-73.57,0.0002101488,20.91,1.5,0.7339,-17.5834,2.4e-05,0,0,63.7958,5.150783,WiFi6_5GHz
UE_004745,0.0169,-2.0,-12.2078,-97.0,0.1010825573,14.58,1.5,32.1395,-30.9032,5.6e-05,0,0,23.759,0.313084,WiFi6_5GHz
UE_004746,0.0121,-1.74,-10.8574,-96.74,0.1129560605,0.05,1.5,18.0861,25.4852,4e-05,0,0,31.4363,0.510689,WiFi6_5GHz
UE_004747,0.0102,-6.4,-17.2794,-101.4,0.116153027,0.0,1.5,14.7237,-20.4767,3.4e-05,0,0,31.8586,0.429847,WiFi6_5GHz
UE_004748,0.0138,49.78,42.2642,-45.22,8.6e-09,8.46,1.5,0.2227,21.6486,4.6e-05,0,0,77.2198,11.715386,WiFi6_5GHz
UE_004749,0.0122,4.2,-1.838,-90.8,0.1450115209,13.22,1.5,19.1796,1.6591,4.1e-05,0,0,34.9475,1.015857,WiFi6_5GHz
UE_004750,0.0072,-6.5,-16.3076,-101.5,0.133097546,2.6,1.5,30.7053,21.1549,2.4e-05,0,0,22.3871,0.274015,WiFi6_5GHz
UE_004751,0.0048,24.41,18.9826,-70.59,7.72168e-05,9.22,1.5,1.0644,5.1154,1.6e-05,0,0,64.6489,5.393564,WiFi6_5GHz
UE_004752,0.0088,1.89,-9.0071,-93.11,0.1234133261,0.0,1.5,8.3967,-28.1118,2.9e-05,0,0,38.9529,0.1,WiFi6_5GHz
UE_004753,0.016,-3.3,-14.108,-98.3,0.1408225488,0.16,1.5,33.4238,-4.2198,5.3e-05,0,0,22.5999,0.406724,WiFi6_5GHz
UE_004754,0.0018,4.4,-3.9732,-90.6,0.0696478903,12.39,1.5,29.0641,8.938,6e-06,0,0,29.9274,0.792048,WiFi6_5GHz
UE_004755,0.0154,7.92,-0.6478,-87.08,0.034401038,21.01,1.5,28.6153,-26.0063,5.1e-05,0,0,33.1941,1.158772,WiFi6_5GHz
UE_004756,0.0159,-0.04,-7.9736,-95.04,0.1272018189,12.8,1.5,11.7179,5.0837,5.3e-05,0,0,37.0581,0.394235,WiFi6_5GHz
UE_004757,0.0045,35.3,25.6257,-59.7,4e-10,6.37,1.5,0.421,-14.5451,1.5e-05,0,0,79.0028,11.74416,WiFi6_5GHz
UE_004758,0.0053,5.43,-2.3507,-89.57,0.0285700651,0.0,1.5,20.1307,15.1714,1.8e-05,0,0,36.1428,1.237449,WiFi6_5GHz
UE_004759,0.0085,37.13,29.7054,-57.87,2.5e-09,0.01,1.5,0.4718,7.2206,2.8e-05,0,0,75.5192,11.466827,WiFi6_5GHz
UE_004760,0.0145,16.23,8.6011,-78.77,0.0006169138,0.4,1.5,1.1237,30.1941,4.8e-05,0,0,55.4125,3.553287,WiFi6_5GHz
UE_004761,0.0151,-2.86,-12.2467,-97.86,0.1274510534,20.0,1.5,17.5546,31.67,5e-05,0,0,35.1489,0.479765,WiFi6_5GHz
UE_004762,0.0128,-7.35,-14.8287,-102.35,0.1303697259,0.9,1.5,17.2991,20.2603,4.3e-05,0,0,31.1559,0.34335,WiFi6_5GHz
UE_004763,0.007,-6.11,-13.6756,-101.11,0.1159143137,6.06,1.5,27.6611,-0.6114,2.3e-05,0,0,29.1564,0.484711,WiFi6_5GHz
UE_004764,0.0011,20.62,15.8338,-74.38,0.0004616219,0.04,1.6078,1.4487,-27.6034,4e-06,0,0,59.6055,4.620744,WiFi6_5GHz
UE_004765,0.0094,5.77,0.823,-89.23,0.0221684222,1.34,1.5,13.9173,-9.5163,3.1e-05,0,0,37.8745,1.539051,WiFi6_5GHz
UE_004766,0.0065,49.29,36.5989,-45.71,1.8e-09,33.62,1.5,0.2242,23.43,2.2e-05,0,0,81.1118,11.809744,WiFi6_5GHz
UE_004767,0.0146,5.65,-5.8439,-89.35,0.0416271662,8.69,1.5,31.506,10.1886,4.9e-05,0,0,32.0819,0.967052,WiFi6_5GHz
UE_004768,0.0132,12.16,2.2939,-82.84,0.0335582443,1.24,1.5,6.5779,-0.9491,4.4e-05,0,0,47.8704,2.265578,WiFi6_5GHz
UE_004769,0.0154,54.0,48.7892,-41.0,5.5e-09,25.28,1.5,0.3209,-26.4435,5.1e-05,0,0,80.0779,11.489996,WiFi6_5GHz
UE_004770,0.0088,-6.52,-14.8568,-101.52,0.1187033662,0.38,1.5,32.3935,-26.2768,2.9e-05,0,0,23.9646,0.1,WiFi6_5GHz
UE_004771,0.016,27.42,19.822,-67.58,4.4337e-06,0.0,1.5,0.0333,9.1008,5.3e-05,0,0,70.5395,7.21783,WiFi6_5GHz
UE_004772,0.0038,4.54,-4.6026,-90.46,0.079031755,7.86,1.5,14.4308,15.1021,1.3e-05,0,0,38.4407,0.648552,WiFi6_5GHz
UE_004773,0.0092,30.03,22.8816,-64.97,1.7866e-06,15.96,1.5,0.1894,7.7188,3.1e-05,0,0,68.6975,8.01384,WiFi6_5GHz
UE_004774,0.0072,9.09,-1.6933,-85.91,0.0331867588,11.88,1.5,35.6809,-18.1109,2.4e-05,0,0,30.2154,1.588079,WiFi6_5GHz
UE_004775,0.0017,-2.36,-8.8134,-97.36,0.0859449631,3.76,1.5,33.3991,-9.5911,6e-06,0,0,20.8604,0.230265,WiFi6_5GHz
UE_004776,0.0108,24.61,19.2032,-70.39,0.0006225232,0.23,1.5,0.9385,30.8055,3.6e-05,0,0,62.8398,5.568043,WiFi6_5GHz
UE_004777,0.0148,-3.21,-15.7894,-98.21,0.065876122,0.32,1.5839,34.1774,22.4363,4.9e-05,0,0,22.5607,0.238785,WiFi6_5GHz
UE_004778,0.0046,7.79,1.7448,-87.21,0.018865774,15.15,1.5,12.4554,-30.8481,1.5e-05,0,0,42.7841,0.8906,WiFi6_5GHz
UE_004779,0.0162,27.02,15.8424,-67.98,8.001e-07,20.45,1.7818,0.146,0.7336,5.4e-05,0,0,68.6318,7.368795,WiFi6_5GHz
UE_004780,0.0115,24.66,17.2447,-70.34,0.0001823538,20.33,1.5,1.3037,23.8915,3.8e-05,0,0,70.7503,5.681151,WiFi6_5GHz
UE_004781,0.0065,43.69,33.4144,-51.31,5.9e-09,4.43,1.5,0.3921,5.6279,2.2e-05,0,0,75.5797,11.512118,WiFi6_5GHz
UE_004782,0.0125,-5.63,-15.1576,-100.63,0.0529429113,0.0,1.5,25.7197,-25.1531,4.2e-05,0,0,23.0622,0.248169,WiFi6_5GHz
UE_004783,0.0032,31.63,23.0679,-63.37,4.9919e-06,0.94,1.5,0.2461,-12.9793,1.1e-05,0,0,72.2588,8.019195,WiFi6_5GHz
UE_004784,0.0086,0.24,-7.8009,-94.76,0.074222409,14.94,1.5,18.9351,11.3625,2.9e-05,0,0,37.0366,0.184521,WiFi6_5GHz
UE_004785,0.0164,19.66,11.8287,-75.34,0.0009209877,20.64,1.5916,1.4044,-25.2842,5.5e-05,0,0,60.3028,4.770955,WiFi6_5GHz
UE_004786,0.013,-17.1,-30.2929,-112.1,0.1311056378,3.46,1.5,27.3983,6.2144,4.3e-05,0,0,23.6431,0.28072,WiFi6_5GHz
UE_004787,0.0011,27.74,20.3872,-67.26,8.341e-07,7.73,1.5,0.3644,0.4298,4e-06,0,0,65.3705,7.016434,WiFi6_5GHz
UE_004788,0.0115,25.24,16.0279,-69.76,2.6885e-06,1.42,1.5,0.2921,20.27,3.8e-05,0,0,65.8879,7.131819,WiFi6_5GHz
UE_004789,0.0121,69.04,59.9127,-25.96,9.8e-09,0.58,1.5,0.2812,26.581,4e-05,0,0,73.4261,11.678421,WiFi6_5GHz
UE_004790,0.0054,36.64,33.7733,-58.36,5.2e-09,14.0,1.5,0.2756,20.2739,1.8e-05,0,0,78.8633,11.603969,WiFi6E_6GHz
UE_004791,0.0056,42.69,38.7308,-52.31,1.3e-09,22.21,1.5,0.0786,31.67,1.9e-05,0,0,76.6933,11.90355,WiFi6E_6GHz
UE_004792,0.001,7.36,0.7895,-87.64,0.0160443619,22.68,1.5081,37.1428,31.67,3e-06,0,0,28.2343,1.48028,WiFi6E_6GHz
UE_004793,0.0031,13.88,8.0712,-81.12,0.0016197723,21.02,1.5,5.4352,-31.67,1e-05,0,0,60.1686,2.520936,WiFi6E_6GHz
UE_004794,0.0012,16.22,10.8795,-78.78,0.0008901776,27.31,1.6513,0.7068,16.9355,4e-06,0,0,61.6337,3.468192,WiFi6E_6GHz
UE_004795,0.0105,55.14,51.2577,-39.86,4.7e-09,28.49,1.5,0.34,14.3407,3.5e-05,0,0,83.8523,11.706536,WiFi6E_6GHz
UE_004796,0.005,73.7,67.3387,-21.3,2.2e-09,21.46,1.5,0.1506,-1.6212,1.7e-05,0,0,81.2638,11.575653,WiFi6E_6GHz
UE_004797,0.0074,23.55,19.6767,-71.45,0.0001753196,17.64,1.5,1.6348,31.67,2.5e-05,0,0,65.5067,5.109764,WiFi6E_6GHz
UE_004798,0.002,23.1,16.5209,-71.9,0.0003572044,11.8,1.5,1.4189,31.67,7e-06,0,0,63.8834,5.277472,WiFi6E_6GHz
UE_004799,0.0046,57.35,52.5268,-37.65,5.8e-09,7.26,1.5,0.1433,14.4307,1.5e-05,0,0,81.5402,11.795174,WiFi6E_6GHz
UE_004800,0.008,20.09,12.5951,-74.91,0.0003051769,5.1,1.5,1.336,24.7467,2.7e-05,0,0,59.4569,4.466441,WiFi6E_6GHz
UE_004801,0.0103,49.29,44.7112,-45.71,8.5e-09,2.35,1.5,0.3338,5.7688,3.4e-05,0,0,78.0964,12.279024,WiFi6E_6GHz
UE_004802,0.0075,14.28,9.9119,-80.72,0.033282618,8.4,1.5,5.225,13.0564,2.5e-05,0,0,53.942,2.305586,WiFi6E_6GHz
UE_004803,0.01,13.97,10.4466,-81.03,0.0151391985,15.23,1.5,6.0794,-28.5897,3.3e-05,0,0,50.2779,2.419706,WiFi6E_6GHz
UE_004804,0.0046,37.33,33.7629,-57.67,2.4e-09,14.39,1.5,0.2247,-1.0801,1.5e-05,0,0,80.9418,11.841954,WiFi6E_6GHz
UE_004805,0.0057,11.69,5.6353,-83.31,0.0107176722,15.29,1.5,7.1009,-10.8777,1.9e-05,0,0,52.3822,2.669385,WiFi6E_6GHz
UE_004806,0.0055,46.8,43.967,-48.2,9.9e-09,38.06,1.5,0.2577,2.1177,1.8e-05,0,0,81.1077,11.585719,WiFi6E_6GHz
UE_004807,0.0033,49.66,47.5382,-45.34,4.2e-09,37.29,1.5,0.3559,-18.7701,1.1e-05,0,0,83.3416,11.906719,WiFi6E_6GHz
UE_004808,0.0021,43.54,37.9396,-51.46,5.6e-09,14.83,1.5,0.2301,20.2882,7e-06,0,0,80.4937,11.662266,WiFi6E_6GHz
UE_004809,0.0061,56.44,49.6607,-38.56,4.6e-09,36.1,1.5,0.1624,4.7152,2e-05,0,0,84.1095,11.576528,WiFi6E_6GHz
UE_004810,0.0111,9.35,7.021,-85.65,0.0246935513,31.54,1.5,33.7747,17.5853,3.7e-05,0,0,36.5026,2.068614,WiFi6E_6GHz
UE_004811,0.0033,13.82,8.9115,-81.18,0.0211731743,12.1,1.5,6.7273,-4.5596,1.1e-05,0,0,54.6197,2.442931,WiFi6E_6GHz
UE_004812,0.0098,27.06,24.2284,-67.94,7.789e-07,33.12,1.5,0.1523,28.0416,3.3e-05,0,0,71.0405,6.767374,WiFi6E_6GHz
UE_004813,0.0052,21.26,15.4459,-73.74,0.0009271571,33.75,1.9852,0.5158,24.0051,1.7e-05,0,0,66.5536,5.665712,WiFi6E_6GHz
UE_004814,0.0048,14.2,9.0732,-80.8,0.0073548631,22.5,1.5,4.5268,-10.6623,1.6e-05,0,0,52.8432,2.559015,WiFi6E_6GHz
UE_004815,0.0052,26.06,21.1123,-68.94,9.5906e-06,22.75,1.7157,0.1728,31.67,1.7e-05,0,0,68.9513,6.833613,WiFi6E_6GHz
UE_004816,0.0026,20.6,13.7228,-74.4,0.000816783,21.95,1.5,1.1425,-11.5861,9e-06,0,0,66.9707,4.846795,WiFi6E_6GHz
UE_004817,0.0019,21.53,18.8456,-73.47,0.0005486836,10.68,1.5,0.6804,-28.4135,6e-06,0,0,61.9287,5.053036,WiFi6E_6GHz
UE_004818,0.0035,20.65,14.0667,-74.35,0.0003058512,12.38,1.5,1.4183,26.8246,1.2e-05,0,0,64.6762,4.718955,WiFi6E_6GHz
UE_004819,0.0044,10.32,5.053,-84.68,0.048662544,7.87,1.5,7.3955,4.4226,1.5e-05,0,0,45.8875,1.80747,WiFi6E_6GHz
UE_004820,0.0108,16.17,12.4723,-78.83,0.0003328825,7.94,1.5,0.9187,14.7538,3.6e-05,0,0,55.9578,3.478333,WiFi6E_6GHz
UE_004821,0.0043,23.42,19.3287,-71.58,0.0008624226,9.83,1.5,0.6837,22.495,1.4e-05,0,0,67.2511,5.234723,WiFi6E_6GHz
UE_004822,0.0106,45.09,40.6761,-49.91,8e-09,15.35,1.5228,0.225,-19.2313,3.5e-05,0,0,80.116,11.720037,WiFi6E_6GHz
UE_004823,0.0082,45.94,42.0156,-49.06,1.5e-09,15.94,1.5,0.2327,-8.7784,2.7e-05,0,0,79.8757,11.665535,WiFi6E_6GHz
UE_004824,0.0072,34.62,32.8478,-60.38,5.1451e-06,40.12,1.5,0.1047,29.8783,2.4e-05,0,0,81.5034,10.547667,WiFi6E_6GHz
UE_004825,0.0028,17.43,13.0032,-77.57,0.0006204736,19.2,1.5,1.8944,-12.0652,9e-06,0,0,62.4739,3.488272,WiFi6E_6GHz
UE_004826,0.0107,16.84,10.8267,-78.16,0.0004298797,27.62,1.5922,1.3285,9.4158,3.6e-05,0,0,60.7375,3.497305,WiFi6E_6GHz
UE_004827,0.0066,66.23,61.7108,-28.77,3.3e-09,12.96,1.5,0.3251,27.6204,2.2e-05,0,0,78.5372,11.626771,WiFi6E_6GHz
UE_004828,0.0078,65.1,61.7235,-29.9,1e-09,17.42,1.5,0.3277,-11.6766,2.6e-05,0,0,82.1901,11.923775,WiFi6E_6GHz
UE_004829,0.002,7.72,5.5338,-87.28,0.0325853062,12.3,1.5,23.579,-12.878,7e-06,0,0,35.7335,0.764625,WiFi6E_6GHz
UE_004830,0.0091,24.95,19.4799,-70.05,0.0006098995,26.54,1.5405,0.6761,17.695,3e-05,0,0,68.8549,5.287819,WiFi6E_6GHz
UE_004831,0.003,15.6,9.8787,-79.4,4.11705e-05,21.58,1.5,1.9787,15.4674,1e-05,0,0,58.2693,3.370106,WiFi6E_6GHz
UE_004832,0.0053,23.17,18.6166,-71.83,0.0002666027,12.43,1.5,0.6112,11.6143,1.8e-05,0,0,63.3765,5.312201,WiFi6E_6GHz
UE_004833,0.011,13.18,10.9698,-81.82,0.0070915014,30.87,1.5,3.7266,10.3545,3.7e-05,0,0,59.3726,2.165536,WiFi6E_6GHz
UE_004834,0.0044,29.27,23.1782,-65.73,5.826e-06,23.32,1.5,0.4214,1.8435,1.5e-05,0,0,69.4371,7.968565,WiFi6E_6GHz
UE_004835,0.0109,15.52,10.9546,-79.48,0.0001238573,14.86,1.5,1.0049,-31.67,3.6e-05,0,0,55.9676,3.541093,WiFi6E_6GHz
UE_004836,0.0066,50.8,45.9294,-44.2,8.8e-09,5.87,1.5,0.125,-31.5624,2.2e-05,0,0,82.6262,11.496735,WiFi6E_6GHz
UE_004837,0.0105,40.65,35.2959,-54.35,8e-09,21.96,1.5,0.0983,-3.105,3.5e-05,0,0,79.8235,11.696683,WiFi6E_6GHz
UE_004838,0.0089,38.39,32.0293,-56.61,1.1e-09,17.19,1.5,0.1125,-20.1098,3e-05,0,0,77.3834,11.599233,WiFi6E_6GHz
UE_004839,0.0109,55.15,50.3442,-39.85,4.2e-09,23.1,1.7746,0.1909,-22.5864,3.6e-05,0,0,81.6875,11.744578,WiFi6E_6GHz
UE_004840,0.0036,33.11,29.1993,-61.89,5.23e-06,13.58,1.5,0.4102,10.9323,1.2e-05,0,0,74.1838,10.499641,WiFi6E_6GHz
UE_004841,0.0104,22.62,16.8132,-72.38,0.0003932081,22.18,1.5,0.7666,9.9777,3.5e-05,0,0,64.63,4.809323,WiFi6E_6GHz
UE_004842,0.0015,41.35,38.4231,-53.65,2.8e-09,22.3,1.5,0.0016,-2.1561,5e-06,0,0,83.894,11.901976,WiFi6E_6GHz
UE_004843,0.007,60.12,54.3235,-34.88,7.8e-09,12.63,1.5,0.0549,31.67,2.3e-05,0,0,77.6013,11.997506,WiFi6E_6GHz
UE_004844,0.0068,29.38,25.1297,-65.62,6.0849e-06,12.02,1.5,0.3308,2.1416,2.3e-05,0,0,69.1626,8.003386,WiFi6E_6GHz
UE_004845,0.0099,56.67,55.5261,-38.33,1.7e-09,27.42,1.5,0.206,-12.5686,3.3e-05,0,0,81.4835,11.624797,WiFi6E_6GHz
UE_004846,0.0018,11.76,6.5607,-83.24,0.0468766281,11.56,1.5,5.9914,-2.1623,6e-06,0,0,50.4439,2.071724,WiFi6E_6GHz
UE_004847,0.0035,16.78,12.9094,-78.22,0.0004239462,11.96,1.8387,0.5371,-28.6294,1.2e-05,0,0,57.1477,3.34882,WiFi6E_6GHz
UE_004848,0.0049,54.36,49.8157,-40.64,4.9e-09,27.57,1.5,0.2856,-31.67,1.6e-05,0,0,81.6893,11.477905,WiFi6E_6GHz
UE_004849,0.0026,30.58,24.4816,-64.42,2.0032e-06,36.99,1.5758,0.0186,-17.9235,9e-06,0,0,74.3403,7.868831,WiFi6E_6GHz
UE_004850,0.001,52.07,49.7983,-42.93,9.3e-09,24.4,1.5,0.2467,-25.6799,3e-06,0,0,84.642,11.806906,WiFi6E_6GHz
UE_004851,0.0047,43.73,37.5973,-51.27,4e-09,36.06,1.5,0.2473,-13.2681,1.6e-05,0,0,83.3753,11.561272,WiFi6E_6GHz
UE_004852,0.0045,49.5,45.2562,-45.5,1e-09,29.0,1.5,0.1632,7.7534,1.5e-05,0,0,78.431,11.706985,WiFi6E_6GHz
UE_004853,0.0039,20.36,17.2182,-74.64,0.0006156004,12.45,1.5,0.9073,-4.422,1.3e-05,0,0,64.68,4.669407,WiFi6E_6GHz
UE_004854,0.009,29.59,25.8266,-65.41,5.8738e-06,32.94,1.5,0.4918,8.0527,3e-05,0,0,71.1696,8.027851,WiFi6E_6GHz
UE_004855,0.0047,9.67,5.5176,-85.33,0.0390772834,5.26,1.5,37.1857,-31.0572,1.6e-05,0,0,28.9929,1.692022,WiFi6E_6GHz
UE_004856,0.0014,61.8,58.3057,-33.2,3.8e-09,19.76,1.5,0.433,31.67,5e-06,0,0,86.6345,12.048412,WiFi6E_6GHz
UE_004857,0.0045,33.2,32.3552,-61.8,3.8187e-06,26.22,1.5,0.337,19.2298,1.5e-05,0,0,74.7944,10.597142,WiFi6E_6GHz
UE_004858,0.0077,12.8,8.2088,-82.2,0.0412398834,14.9,1.5,7.62,-26.0956,2.6e-05,0,0,50.6215,2.373,WiFi6E_6GHz
UE_004859,0.008,23.19,18.7571,-71.81,0.0006420014,26.55,1.5,0.9206,17.7804,2.7e-05,0,0,66.0259,5.523407,WiFi6E_6GHz
UE_004860,0.0024,55.34,49.8791,-39.66,7.8e-09,21.53,1.5,0.1737,-7.2295,8e-06,0,0,80.795,11.780484,WiFi6E_6GHz
UE_004861,0.0102,15.07,10.6692,-79.93,0.0007323967,13.13,1.5,1.2769,-21.1482,3.4e-05,0,0,56.7568,3.217559,WiFi6E_6GHz
UE_004862,0.0012,56.22,53.2873,-38.78,1.3e-09,15.91,1.6634,0.3967,-29.957,4e-06,0,0,75.3741,11.928945,WiFi6E_6GHz
UE_004863,0.0059,34.71,32.4491,-60.29,5.565e-07,21.45,1.5,0.364,-7.4066,2e-05,0,0,75.0532,10.612933,WiFi6E_6GHz
UE_004864,0.0106,32.26,29.7555,-62.74,7.4939e-06,19.49,1.5252,0.1708,22.8868,3.5e-05,0,0,77.6635,10.60554,WiFi6E_6GHz
UE_004865,0.0014,47.0,40.9377,-48.0,1.9e-09,27.72,1.5,0.1074,-12.066,5e-06,0,0,85.1225,11.576615,WiFi6E_6GHz
UE_004866,0.0057,62.41,58.2641,-32.59,5.6e-09,18.88,1.5,0.1791,5.3911,1.9e-05,0,0,85.3091,11.448762,WiFi6E_6GHz
UE_004867,0.0021,48.05,44.2565,-46.95,1.6e-09,36.71,1.5,0.2595,5.8138,7e-06,0,0,82.0265,12.008437,WiFi6E_6GHz
UE_004868,0.0092,49.24,45.4346,-45.76,6e-09,23.23,1.5,0.4921,31.67,3.1e-05,0,0,80.2753,11.340482,WiFi6E_6GHz
UE_004869,0.0053,28.95,25.8017,-66.05,2.4264e-06,37.94,1.5,0.3536,22.052,1.8e-05,0,0,73.3834,7.986415,WiFi6E_6GHz
UE_004870,0.0051,20.53,17.1206,-74.47,0.0001785046,26.89,1.5,0.7912,-18.5526,1.7e-05,0,0,64.356,4.78219,WiFi6E_6GHz
UE_004871,0.0042,26.99,25.2954,-68.01,7.273e-06,22.87,1.5,0.2131,-29.4751,1.4e-05,0,0,67.332,6.867001,WiFi6E_6GHz
UE_004872,0.0093,54.2,50.7422,-40.8,8.9e-09,28.69,1.5,0.2736,-18.688,3.1e-05,0,0,80.53,11.710004,WiFi6E_6GHz
UE_004873,0.0087,2.39,0.2303,-92.61,0.0694307969,29.43,1.5,21.8578,1.1165,2.9e-05,0,0,33.2555,0.779998,WiFi6E_6GHz
UE_004874,0.002,7.14,4.5371,-87.86,0.048630638,10.81,1.5,11.1522,-20.5842,7e-06,0,0,42.4662,1.245808,WiFi6E_6GHz
UE_004875,0.0082,25.02,23.8192,-69.98,7.4598e-06,14.4,1.5,0.3787,-7.0176,2.7e-05,0,0,65.4086,7.036181,WiFi6E_6GHz
UE_004876,0.0082,51.86,50.2993,-43.14,3.1e-09,29.97,1.5,0.3867,-13.7883,2.7e-05,0,0,83.385,11.945803,WiFi6E_6GHz
UE_004877,0.0012,41.7,39.066,-53.3,7e-10,25.43,1.5,0.2027,31.67,4e-06,0,0,82.5086,11.549909,WiFi6E_6GHz
UE_004878,0.0073,46.64,43.0232,-48.36,2.5e-09,26.15,1.5,0.0956,3.3179,2.4e-05,0,0,79.9308,11.692296,WiFi6E_6GHz
UE_004879,0.0071,47.6,40.7549,-47.4,6.1e-09,19.71,1.5,0.1614,29.479,2.4e-05,0,0,81.6355,12.023768,WiFi6E_6GHz
UE_004880,0.0081,55.69,52.2086,-39.31,1.4e-09,16.68,1.5,0.4158,-8.1744,2.7e-05,0,0,80.3227,11.592501,WiFi6E_6GHz
UE_004881,0.0087,37.49,32.054,-57.51,6.8e-09,15.6,1.5,0.1153,-10.4337,2.9e-05,0,0,75.3352,11.994338,WiFi6E_6GHz
UE_004882,0.0039,10.15,5.9711,-84.85,0.0086283095,20.38,1.6505,6.2041,29.7596,1.3e-05,0,0,52.3608,1.598815,WiFi6E_6GHz
UE_004883,0.0072,17.9,16.0931,-77.1,5.04592e-05,20.17,1.5,1.5699,16.7102,2.4e-05,0,0,61.1582,3.604824,WiFi6E_6GHz
UE_004884,0.0086,30.25,23.0628,-64.75,4.3884e-06,19.89,1.5,0.4388,-29.6744,2.9e-05,0,0,70.8469,8.065121,WiFi6E_6GHz
UE_004885,0.0102,30.33,24.8022,-64.67,8.4793e-06,19.81,1.5,0.0491,26.7728,3.4e-05,0,0,71.6356,7.662316,WiFi6E_6GHz
UE_004886,0.005,40.88,38.4008,-54.12,5.1e-09,22.28,1.5,0.3243,27.1562,1.7e-05,0,0,80.3182,11.976769,WiFi6E_6GHz
UE_004887,0.0091,59.4,53.7146,-35.6,8.2e-09,9.8,1.5,0.3265,18.7671,3e-05,0,0,82.4206,11.373978,WiFi6E_6GHz
UE_004888,0.0071,8.67,3.4386,-86.33,0.0163752964,19.35,1.5,36.9477,14.7322,2.4e-05,0,0,31.1721,1.940283,WiFi6E_6GHz
UE_004889,0.0084,37.8,34.1609,-57.2,4.8e-09,21.83,1.5,0.1412,12.1054,2.8e-05,0,0,77.8094,11.717962,WiFi6E_6GHz
UE_004890,0.0014,19.22,15.2359,-75.78,0.0008143581,27.78,1.5,1.8287,-23.5082,5e-06,0,0,59.2433,4.782178,WiFi6E_6GHz
UE_004891,0.0076,39.17,35.9195,-55.83,9.6e-09,31.49,1.5,0.1033,16.9375,2.5e-05,0,0,81.4409,11.549889,WiFi6E_6GHz
UE_004892,0.0102,18.48,14.4096,-76.52,0.0009026567,6.52,1.5,1.5559,26.9929,3.4e-05,0,0,59.9393,3.409446,WiFi6E_6GHz
UE_004893,0.01,35.64,32.7365,-59.36,6.2e-09,22.6,1.5,0.005,21.7009,3.3e-05,0,0,79.5135,11.494069,WiFi6E_6GHz
UE_004894,0.0047,23.43,16.7261,-71.57,6.82693e-05,19.41,1.5,1.7282,-31.2397,1.6e-05,0,0,65.3225,5.05913,WiFi6E_6GHz
UE_004895,0.006,50.76,47.8715,-44.24,1.5e-09,13.37,1.5,0.418,-19.8732,2e-05,0,0,77.2483,11.765721,WiFi6E_6GHz
UE_004896,0.007,2.3,-2.7531,-92.7,0.0730612629,40.78,1.6336,31.2668,16.3805,2.3e-05,0,0,31.1621,0.874335,WiFi6E_6GHz
UE_004897,0.0086,44.53,41.0528,-50.47,3e-10,32.67,1.5,0.1048,30.6562,2.9e-05,0,0,82.7555,11.832608,WiFi6E_6GHz
UE_004898,0.0012,57.41,51.8164,-37.59,3.1e-09,25.53,1.5,0.3205,7.2082,4e-06,0,0,79.0535,11.814155,WiFi6E_6GHz
UE_004899,0.0023,18.95,14.4651,-76.05,0.000609653,10.86,1.5,1.0637,-29.8028,8e-06,0,0,62.4207,3.687964,WiFi6E_6GHz
UE_004900,0.0058,28.43,26.4609,-66.57,9.4595e-06,15.28,1.5,0.1128,31.67,1.9e-05,0,0,70.3687,7.732398,WiFi6E_6GHz
UE_004901,0.0017,22.01,17.6602,-72.99,0.0009809601,20.49,1.5,1.5762,18.0531,6e-06,0,0,65.8966,4.950369,WiFi6E_6GHz
UE_004902,0.0071,29.59,25.2435,-65.41,6.0447e-06,28.5,1.5,0.2336,23.3274,2.4e-05,0,0,72.5851,7.765221,WiFi6E_6GHz
UE_004903,0.0057,52.27,45.4987,-42.73,3.6e-09,8.35,1.5,0.4205,31.67,1.9e-05,0,0,78.8007,11.523499,WiFi6E_6GHz
UE_004904,0.005,49.78,47.195,-45.22,1.6e-09,22.11,1.5,0.0449,1.5536,1.7e-05,0,0,84.296,11.712821,WiFi6E_6GHz
UE_004905,0.0056,22.28,19.8644,-72.72,0.0008330499,18.29,1.56,1.5737,-24.1851,1.9e-05,0,0,65.4482,5.44492,WiFi6E_6GHz
UE_004906,0.0022,15.79,12.9589,-79.21,7.88204e-05,21.17,1.5,1.6674,-10.4107,7e-06,0,0,60.5426,3.385732,WiFi6E_6GHz
UE_004907,0.003,37.05,30.7947,-57.95,9.5e-09,19.36,1.5,0.0032,-17.3421,1e-05,0,0,74.2091,11.280736,WiFi6E_6GHz
UE_004908,0.0106,61.82,56.5356,-33.18,6.8e-09,32.26,1.5,0.3015,-31.67,3.5e-05,0,0,81.6372,11.656702,WiFi6E_6GHz
UE_004909,0.0107,20.77,15.1501,-74.23,0.0003313618,16.4,1.5,0.9859,28.383,3.6e-05,0,0,61.9,4.846664,WiFi6E_6GHz
UE_004910,0.0109,19.46,16.719,-75.54,0.0005919185,19.46,1.5,1.5186,-0.273,3.6e-05,0,0,63.8235,4.561505,WiFi6E_6GHz
UE_004911,0.0049,15.55,12.052,-79.45,0.0004736365,18.86,1.5,0.7654,-8.8539,1.6e-05,0,0,60.4547,3.411458,WiFi6E_6GHz
UE_004912,0.0111,10.78,6.3824,-84.22,0.0192019394,23.71,1.5801,7.4194,-20.9494,3.7e-05,0,0,50.6392,1.676952,WiFi6E_6GHz
UE_004913,0.0034,7.18,1.5213,-87.82,0.0064149006,9.5,1.5,11.7063,-5.174,1.1e-05,0,0,43.2259,0.963157,WiFi6E_6GHz
UE_004914,0.005,23.24,19.1788,-71.76,0.0003771568,34.5,1.5,1.3446,-31.67,1.7e-05,0,0,67.117,5.254247,WiFi6E_6GHz
UE_004915,0.0105,22.31,18.5259,-72.69,0.0006231546,32.39,1.5,1.4511,-27.6051,3.5e-05,0,0,67.9476,5.544677,WiFi6E_6GHz
UE_004916,0.005,25.23,22.4228,-69.77,4.3667e-06,15.78,1.5306,0.4326,-5.0263,1.7e-05,0,0,71.352,7.461539,WiFi6E_6GHz
UE_004917,0.0016,13.41,9.0184,-81.59,0.0215893893,21.94,1.5,4.8323,-15.7052,5e-06,0,0,53.355,2.645031,WiFi6E_6GHz
UE_004918,0.002,14.19,8.368,-80.81,0.0379039787,14.22,1.5,6.4441,27.4829,7e-06,0,0,54.4386,2.392623,WiFi6E_6GHz
UE_004919,0.003,31.97,28.7564,-63.03,1.8695e-06,16.7,1.5,0.4536,-14.3688,1e-05,0,0,77.2839,7.712052,WiFi6E_6GHz
UE_004920,0.0096,20.85,16.6418,-74.15,0.0001350452,14.48,1.5,1.4145,-1.3234,3.2e-05,0,0,61.9764,4.22482,WiFi6E_6GHz
UE_004921,0.0044,40.58,37.1492,-54.42,8.9e-09,18.34,1.5,0.2135,6.5015,1.5e-05,0,0,78.1841,11.841377,WiFi6E_6GHz
UE_004922,0.0051,61.71,56.6886,-33.29,9e-10,15.23,1.5,0.1485,1.8612,1.7e-05,0,0,76.4204,11.615237,WiFi6E_6GHz
UE_004923,0.0027,14.54,12.0621,-80.46,0.0434752615,21.99,1.7245,3.3482,-29.3701,9e-06,0,0,54.0927,2.48115,WiFi6E_6GHz
UE_004924,0.0057,21.93,16.3551,-73.07,4.83659e-05,23.03,1.5,1.2856,-21.0847,1.9e-05,0,0,66.9533,5.328982,WiFi6E_6GHz
UE_004925,0.0064,33.74,31.9408,-61.26,9.6435e-06,8.51,1.5,0.3772,-24.7774,2.1e-05,0,0,74.4829,10.780461,WiFi6E_6GHz
UE_004926,0.0045,13.11,7.0665,-81.89,0.0477032315,33.39,1.9358,6.3693,8.3144,1.5e-05,0,0,55.6253,2.253122,WiFi6E_6GHz
UE_004927,0.0081,23.32,19.7804,-71.68,0.0002653115,27.28,1.58,1.6521,-3.6387,2.7e-05,0,0,62.3408,5.063874,WiFi6E_6GHz
UE_004928,0.0043,17.99,16.7161,-77.01,0.0002333823,14.97,1.5,1.0926,31.67,1.4e-05,0,0,62.4667,3.801931,WiFi6E_6GHz
UE_004929,0.0082,37.89,35.0183,-57.11,2.6e-09,8.99,1.5,0.3852,-10.4807,2.7e-05,0,0,77.6656,11.257083,WiFi6E_6GHz
UE_004930,0.0106,16.42,13.0678,-78.58,0.0006969018,22.02,1.5,0.6081,11.0766,3.5e-05,0,0,59.6886,3.529517,WiFi6E_6GHz
UE_004931,0.0034,16.4,11.5862,-78.6,0.0006228154,12.24,1.6874,0.6353,-15.4434,1.1e-05,0,0,60.0047,4.068126,WiFi6E_6GHz
UE_004932,0.0056,47.49,45.6507,-47.51,3.5e-09,31.48,1.5,0.2971,-22.9189,1.9e-05,0,0,86.0278,11.732188,WiFi6E_6GHz
UE_004933,0.0079,15.45,10.6814,-79.55,2.13052e-05,32.48,1.5,0.7319,10.7112,2.6e-05,0,0,55.5672,3.330751,WiFi6E_6GHz
UE_004934,0.0096,37.84,32.6479,-57.16,2.9e-09,18.49,1.5,0.496,-15.0495,3.2e-05,0,0,79.6856,11.80053,WiFi6E_6GHz
UE_004935,0.0078,27.66,25.6289,-67.34,3.1901e-06,30.09,1.7389,0.0402,-4.7753,2.6e-05,0,0,70.3738,7.201695,WiFi6E_6GHz
UE_004936,0.003,14.69,12.3716,-80.31,0.005560645,24.94,1.5,6.3937,12.8398,1e-05,0,0,54.4932,2.456087,WiFi6E_6GHz
UE_004937,0.0048,38.7,35.5724,-56.3,5.3e-09,13.7,1.5,0.3621,-7.1642,1.6e-05,0,0,79.3364,11.399302,WiFi6E_6GHz
UE_004938,0.0107,35.74,33.9774,-59.26,5.7e-09,34.04,1.5,0.2856,-31.67,3.6e-05,0,0,79.1988,11.694093,WiFi6E_6GHz
UE_004939,0.003,30.76,25.2601,-64.24,7.3685e-06,32.69,1.6434,0.1003,2.9294,1e-05,0,0,76.7057,7.871873,WiFi6E_6GHz
UE_004940,0.0108,11.32,8.259,-83.68,0.0178372199,14.31,1.5,5.4485,31.67,3.6e-05,0,0,49.5172,2.724914,WiFi6E_6GHz
UE_004941,0.0098,11.91,7.3309,-83.09,0.0055158139,34.39,1.8624,5.362,-0.6043,3.3e-05,0,0,53.5556,1.991784,WiFi6E_6GHz
UE_004942,0.0017,35.91,32.4322,-59.09,3.8e-09,18.69,1.5,0.007,16.7087,6e-06,0,0,74.849,11.695691,WiFi6E_6GHz
UE_004943,0.0025,16.93,13.036,-78.07,0.0001022539,13.28,1.7622,1.5711,26.8926,8e-06,0,0,61.3517,3.600798,WiFi6E_6GHz
UE_004944,0.0029,79.49,76.7124,-15.51,4e-10,25.1,1.5,0.1433,0.929,1e-05,0,0,81.8677,11.743568,WiFi6E_6GHz
UE_004945,0.0016,26.41,20.0107,-68.59,8.139e-06,30.66,1.5,0.0701,-30.3542,5e-06,0,0,73.0981,6.912512,WiFi6E_6GHz
UE_004946,0.0057,29.5,25.543,-65.5,2.08e-07,17.1,1.5,0.397,-4.6105,1.9e-05,0,0,69.1757,7.727155,WiFi6E_6GHz
UE_004947,0.001,38.53,34.3347,-56.47,8.5e-09,31.81,1.5,0.3015,-11.4559,3e-06,0,0,80.7792,11.617083,WiFi6E_6GHz
UE_004948,0.0042,12.11,7.3461,-82.89,0.0048568009,23.38,1.5569,3.716,24.2978,1.4e-05,0,0,56.8293,2.900225,WiFi6E_6GHz
UE_004949,0.0065,27.11,24.0908,-67.89,6.1567e-06,11.41,1.5,0.3025,-0.2519,2.2e-05,0,0,67.5886,7.287794,WiFi6E_6GHz
UE_004950,0.0033,17.38,14.5147,-77.62,0.0008467526,20.74,1.5,1.4993,11.4571,1.1e-05,0,0,61.2195,3.834616,WiFi6E_6GHz
UE_004951,0.0014,32.77,30.4557,-62.23,3.9505e-06,29.84,1.5013,0.0542,15.2875,5e-06,0,0,72.1117,10.306357,WiFi6E_6GHz
UE_004952,0.0083,46.55,42.9653,-48.45,9e-09,17.24,1.5,0.2431,15.1113,2.8e-05,0,0,82.2699,11.539729,WiFi6E_6GHz
UE_004953,0.0038,38.12,33.0047,-56.88,2.1e-09,17.68,1.5283,0.4843,-28.7724,1.3e-05,0,0,79.2038,11.652215,WiFi6E_6GHz
UE_004954,0.0048,47.27,45.8446,-47.73,8.6e-09,28.39,1.5,0.4037,-8.6001,1.6e-05,0,0,78.9118,11.662187,WiFi6E_6GHz
UE_004955,0.0098,8.28,0.6588,-86.72,0.0349176166,17.86,1.5,35.8949,-31.67,3.3e-05,0,0,32.1437,1.754541,WiFi6E_6GHz
UE_004956,0.0099,76.75,71.2029,-18.25,2e-10,18.03,1.5116,0.2975,31.1736,3.3e-05,0,0,82.4414,11.399957,WiFi6E_6GHz
UE_004957,0.0087,25.09,20.5608,-69.91,8.6365e-06,12.83,1.595,0.1131,-15.1673,2.9e-05,0,0,64.5136,7.487831,WiFi6E_6GHz
UE_004958,0.0076,26.87,20.7836,-68.13,6.7805e-06,21.17,1.5,0.1751,2.2932,2.5e-05,0,0,71.5954,6.976869,WiFi6E_6GHz
UE_004959,0.0088,7.26,1.5257,-87.74,0.0071644771,19.56,1.5,12.4741,-3.7416,2.9e-05,0,0,43.6423,1.187936,WiFi6E_6GHz
UE_004960,0.0079,44.37,38.6075,-50.63,6e-10,21.98,1.7185,0.2241,-6.1727,2.6e-05,0,0,80.1814,11.801118,WiFi6E_6GHz
UE_004961,0.008,29.7,25.2274,-65.3,1.3699e-06,24.72,1.5,0.3455,-31.67,2.7e-05,0,0,73.7038,8.114117,WiFi6E_6GHz
UE_004962,0.009,22.82,18.8476,-72.18,0.0007542621,15.7,1.5,0.6755,-27.503,3e-05,0,0,60.3594,5.042162,WiFi6E_6GHz
UE_004963,0.0051,56.53,49.8538,-38.47,5.2e-09,15.52,1.5,0.3624,-16.2409,1.7e-05,0,0,83.7653,11.377743,WiFi6E_6GHz
UE_004964,0.0083,20.8,14.9958,-74.2,0.0005472645,22.99,1.5,1.8764,4.0389,2.8e-05,0,0,66.5105,4.653021,WiFi6E_6GHz
UE_004965,0.0019,75.53,70.6736,-19.47,5.5e-09,25.43,1.5,0.0024,-24.7653,6e-06,0,0,82.3096,11.845834,WiFi6E_6GHz
UE_004966,0.0073,22.35,19.523,-72.65,0.000631527,24.8,1.5,1.8032,10.9079,2.4e-05,0,0,63.3888,5.592899,WiFi6E_6GHz
UE_004967,0.0032,18.58,16.428,-76.42,0.0005269791,24.16,1.5343,1.6709,9.2415,1.1e-05,0,0,57.8958,3.248637,WiFi6E_6GHz
UE_004968,0.0097,55.18,51.4399,-39.82,6.1e-09,21.7,1.5,0.4718,-31.67,3.2e-05,0,0,78.8667,11.402804,WiFi6E_6GHz
UE_004969,0.0089,63.97,58.3763,-31.03,1.7e-09,16.41,1.5201,0.1943,1.2811,3e-05,0,0,82.5011,11.892589,WiFi6E_6GHz
UE_004970,0.0058,49.96,43.6576,-45.04,3.4e-09,21.2,1.5,0.3433,-7.66,1.9e-05,0,0,81.5756,11.728354,WiFi6E_6GHz
UE_004971,0.002,12.86,9.1399,-82.14,0.0218834382,3.1,1.5,7.258,8.4115,7e-06,0,0,48.7623,2.560067,WiFi6E_6GHz
UE_004972,0.0063,17.64,12.4957,-77.36,0.0006853839,6.86,1.5,1.7951,-8.1082,2.1e-05,0,0,58.7843,3.635833,WiFi6E_6GHz
UE_004973,0.008,26.43,21.5467,-68.57,1.7057e-06,12.95,1.5,0.2457,1.7342,2.7e-05,0,0,68.7894,7.000589,WiFi6E_6GHz
UE_004974,0.0036,21.43,16.6548,-73.57,0.0005894608,5.63,1.5,1.0921,31.67,1.2e-05,0,0,61.0809,5.298542,WiFi6E_6GHz
UE_004975,0.0093,12.61,10.6695,-82.39,0.0478829074,35.07,1.5,2.5154,-14.6235,3.1e-05,0,0,55.8907,2.318212,WiFi6E_6GHz
UE_004976,0.0048,21.95,14.7763,-73.05,0.0007221282,14.04,1.5,0.7454,13.0135,1.6e-05,0,0,64.8733,5.646234,WiFi6E_6GHz
UE_004977,0.0094,26.71,20.5225,-68.29,2.4937e-06,30.92,1.5,0.0465,-0.0735,3.1e-05,0,0,72.6308,6.81152,WiFi6E_6GHz
UE_004978,0.0061,10.5,4.591,-84.5,0.0209071156,23.59,1.5,7.2929,5.3939,2e-05,0,0,51.749,1.700155,WiFi6E_6GHz
UE_004979,0.0058,10.73,7.1646,-84.27,0.0086342877,6.7,1.5,7.8811,-12.2735,1.9e-05,0,0,49.1307,1.701502,WiFi6E_6GHz
UE_004980,0.0106,47.44,42.9062,-47.56,1.2e-09,5.08,1.5,0.0945,7.8702,3.5e-05,0,0,75.646,11.601876,WiFi6E_6GHz
UE_004981,0.0085,66.48,60.721,-28.52,3.3e-09,5.55,1.5,0.0596,-5.909,2.8e-05,0,0,75.4681,11.72589,WiFi6E_6GHz
UE_004982,0.002,13.95,7.8355,-81.05,0.049325379,10.71,1.5,6.8586,-31.67,7e-06,0,0,50.9279,2.087829,WiFi6E_6GHz
UE_004983,0.004,53.86,48.907,-41.14,2.4e-09,49.49,1.5,0.1999,-9.9046,1.3e-05,0,0,81.2765,11.705707,WiFi6E_6GHz
UE_004984,0.0036,20.93,14.9937,-74.07,0.0009795189,33.27,1.5,1.2819,31.67,1.2e-05,0,0,66.2321,4.605608,WiFi6E_6GHz
UE_004985,0.0077,40.74,34.745,-54.26,4.1e-09,16.87,1.5,0.3629,-0.4634,2.6e-05,0,0,76.3795,11.586829,WiFi6E_6GHz
UE_004986,0.0048,61.83,60.2645,-33.17,4.9e-09,19.58,1.5,0.2268,-25.1979,1.6e-05,0,0,82.1686,11.503088,WiFi6E_6GHz
UE_004987,0.0026,12.46,9.004,-82.54,0.0464759069,44.9,1.8119,2.1462,-20.9346,9e-06,0,0,60.8898,2.2126,WiFi6E_6GHz
UE_004988,0.0018,10.65,4.4893,-84.35,0.0269183337,21.94,1.5,6.579,-10.5308,6e-06,0,0,54.1682,1.808272,WiFi6E_6GHz
UE_004989,0.0096,34.72,31.8145,-60.28,5.2838e-06,17.69,1.5,0.0275,-2.4782,3.2e-05,0,0,75.6739,10.791207,WiFi6E_6GHz
UE_004990,0.0053,20.41,18.5592,-74.59,0.0004148154,17.48,1.5,0.9421,2.5506,1.8e-05,0,0,64.5508,4.829917,WiFi6E_6GHz
UE_004991,0.0022,52.99,46.873,-42.01,1.7e-09,30.72,1.6179,0.1727,-22.3051,7e-06,0,0,79.7163,11.941661,WiFi6E_6GHz
UE_004992,0.0076,46.75,41.3405,-48.25,3.7e-09,23.53,1.5,0.3421,8.0166,2.5e-05,0,0,83.322,11.51769,WiFi6E_6GHz
UE_004993,0.0095,36.35,32.1342,-58.65,5.7e-09,27.56,1.5118,0.1779,-7.288,3.2e-05,0,0,79.4863,11.515272,WiFi6E_6GHz
UE_004994,0.0087,20.16,14.8158,-74.84,0.0008871373,16.12,1.5,0.6347,1.4124,2.9e-05,0,0,60.3246,4.57208,WiFi6E_6GHz
UE_004995,0.0039,24.64,21.6369,-70.36,8.02622e-05,22.67,1.5,1.8281,31.67,1.3e-05,0,0,67.1903,5.146117,WiFi6E_6GHz
UE_004996,0.0103,8.34,5.3587,-86.66,0.0111535509,25.28,1.5,14.8125,20.8259,3.4e-05,0,0,43.2064,2.024936,WiFi6E_6GHz
UE_004997,0.0043,33.51,29.3185,-61.49,4.7567e-06,8.49,1.5,0.089,-30.5055,1.4e-05,0,0,75.5457,10.26935,WiFi6E_6GHz
UE_004998,0.0066,11.88,8.9598,-83.12,0.0228042114,27.17,1.5,3.9705,12.1077,2.2e-05,0,0,51.414,2.39943,WiFi6E_6GHz
UE_004999,0.0034,22.15,19.178,-72.85,0.0009188979,23.71,1.5,1.5578,-23.9678,1.1e-05,0,0,64.0556,5.438544,WiFi6E_6GHz
UE_005000,0.0113,29.32,24.1044,-65.68,1.1912e-06,25.9,1.5,0.1171,-31.67,3.8e-05,0,0,72.3611,7.699201,WiFi6E_6GHz
UE_005001,0.002,15.52,10.2721,-79.48,0.000604545,16.17,1.5,0.6545,-0.9216,7e-06,0,0,56.0567,3.533011,WiFi6E_6GHz
UE_005002,0.0041,26.7,22.654,-68.3,1.3411e-06,32.5,1.5,0.3498,9.9043,1.4e-05,0,0,69.3639,6.690213,WiFi6E_6GHz
UE_005003,0.003,45.87,40.6152,-49.13,7e-10,22.1,1.5,0.277,31.67,1e-05,0,0,79.7807,11.674525,WiFi6E_6GHz
UE_005004,0.0017,20.33,15.674,-74.67,0.0005897477,24.4,1.5,1.1119,12.8296,6e-06,0,0,63.3403,4.850374,WiFi6E_6GHz
UE_005005,0.0039,52.53,49.1792,-42.47,9e-09,38.58,1.5,0.3748,8.2309,1.3e-05,0,0,80.5011,11.613575,WiFi6E_6GHz
UE_005006,0.0096,20.59,17.3127,-74.41,0.0002228246,15.37,1.5,1.2156,7.8095,3.2e-05,0,0,63.6926,4.883171,WiFi6E_6GHz
UE_005007,0.0083,60.5,58.4725,-34.5,6.6e-09,15.41,1.5,0.0159,22.4187,2.8e-05,0,0,82.2647,11.773122,WiFi6E_6GHz
UE_005008,0.0081,30.83,27.9586,-64.17,8.5447e-06,14.29,1.5,0.0869,-29.2484,2.7e-05,0,0,71.4489,7.918462,WiFi6E_6GHz
UE_005009,0.0026,48.6,42.85,-46.4,7.9e-09,23.22,1.5,0.001,-9.3677,9e-06,0,0,83.6374,11.510931,WiFi6E_6GHz
UE_005010,0.0011,14.56,12.1569,-80.44,0.029575667,15.82,1.5,3.575,19.5209,4e-06,0,0,54.6258,2.150422,WiFi6E_6GHz
UE_005011,0.0046,51.44,45.5515,-43.56,8.4e-09,28.42,1.5,0.243,22.3038,1.5e-05,0,0,79.8606,11.794028,WiFi6E_6GHz
UE_005012,0.0102,16.64,11.48,-78.36,0.0006492134,9.14,1.5,1.7056,31.67,3.4e-05,0,0,57.0826,3.806661,WiFi6E_6GHz
UE_005013,0.0083,22.85,16.6254,-72.15,0.0005000164,16.17,1.5,1.8839,31.67,2.8e-05,0,0,66.0089,5.186988,WiFi6E_6GHz
UE_005014,0.0063,34.4,28.6237,-60.6,8.1631e-06,14.79,1.5,0.1097,-30.0556,2.1e-05,0,0,70.5744,10.588253,WiFi6E_6GHz
UE_005015,0.0023,64.98,58.3888,-30.02,1.2e-09,13.47,1.5,0.1013,4.0948,8e-06,0,0,77.224,11.507955,WiFi6E_6GHz
UE_005016,0.0062,22.74,18.3699,-72.26,0.0005299239,24.89,1.5,0.942,-20.9015,2.1e-05,0,0,64.2235,5.157592,WiFi6E_6GHz
UE_005017,0.0027,8.48,4.8911,-86.52,0.0265046283,12.47,1.5,22.0758,12.4565,9e-06,0,0,35.8775,1.674418,WiFi6E_6GHz
UE_005018,0.0011,4.84,2.8522,-90.16,0.0876439541,28.74,1.5,21.7862,3.0655,4e-06,0,0,36.9587,0.585548,WiFi6E_6GHz
UE_005019,0.0059,20.36,16.4401,-74.64,0.0005411978,15.9,1.5,1.7243,-30.4811,2e-05,0,0,61.5978,4.30107,WiFi6E_6GHz
UE_005020,0.0095,55.36,50.121,-39.64,8.5e-09,16.58,1.5,0.1165,7.9886,3.2e-05,0,0,82.5856,11.402849,WiFi6E_6GHz
UE_005021,0.0109,21.86,18.9826,-73.14,0.0003825864,18.37,1.5,1.0257,-11.0646,3.6e-05,0,0,63.6231,5.394629,WiFi6E_6GHz
UE_005022,0.003,67.52,60.2028,-27.48,4.3e-09,27.1,1.5,0.0449,-28.7919,1e-05,0,0,86.5046,11.621705,WiFi6E_6GHz
UE_005023,0.0059,58.31,53.9362,-36.69,4.7e-09,53.07,1.5,0.4777,-2.9799,2e-05,0,0,86.2111,11.487832,WiFi6E_6GHz
UE_005024,0.0023,17.46,13.2342,-77.54,0.0007982139,5.74,1.5,0.9081,-28.8729,8e-06,0,0,58.0111,3.295637,WiFi6E_6GHz
UE_005025,0.0056,19.98,15.8667,-75.02,0.0004817224,18.5,1.5,0.5254,25.3477,1.9e-05,0,0,62.3687,4.788457,WiFi6E_6GHz
UE_005026,0.0097,40.23,34.4254,-54.77,3.6e-09,7.38,1.5,0.0824,8.1851,3.2e-05,0,0,77.9604,11.548782,WiFi6E_6GHz
UE_005027,0.0037,17.01,16.5457,-77.99,0.0008611904,16.23,1.5,1.901,-12.2132,1.2e-05,0,0,58.3249,3.278104,WiFi6E_6GHz
UE_005028,0.0087,16.28,10.1431,-78.72,0.0006137114,14.84,1.5,1.4365,19.7264,2.9e-05,0,0,57.5291,3.792602,WiFi6E_6GHz
UE_005029,0.0037,53.01,48.5499,-41.99,5.9e-09,14.65,1.5,0.4143,-31.67,1.2e-05,0,0,81.7142,11.808268,WiFi6E_6GHz
UE_005030,0.0025,26.34,24.275,-68.66,8.335e-06,5.77,1.5,0.2388,9.6794,8e-06,0,0,66.9198,6.857864,WiFi6E_6GHz
UE_005031,0.0014,35.3,29.6858,-59.7,1e-10,11.13,1.5,0.1191,-19.3942,5e-06,0,0,76.9581,11.880015,WiFi6E_6GHz
UE_005032,0.0025,40.68,37.2918,-54.32,4.5e-09,42.77,1.5661,0.4478,3.4177,8e-06,0,0,82.6982,11.797053,WiFi6E_6GHz
UE_005033,0.0048,54.76,50.8417,-40.24,8e-09,21.54,1.5,0.1213,-10.5781,1.6e-05,0,0,81.94,11.86486,WiFi6E_6GHz
UE_005034,0.0058,13.49,7.2666,-81.51,0.0040087583,45.84,1.9705,6.6641,31.67,1.9e-05,0,0,58.1166,2.32826,WiFi6E_6GHz
UE_005035,0.0019,42.21,37.2806,-52.79,8.9e-09,22.98,1.5,0.4079,-6.9124,6e-06,0,0,79.0396,11.729965,WiFi6E_6GHz
UE_005036,0.0063,2.98,-2.1021,-92.02,0.072344318,14.02,1.5,14.204,15.6718,2.1e-05,0,0,42.372,0.821653,WiFi6E_6GHz
UE_005037,0.0018,14.82,12.3771,-80.18,0.0400670657,28.76,1.6776,4.8134,10.5056,6e-06,0,0,59.3431,2.569116,WiFi6E_6GHz
UE_005038,0.0087,16.21,12.386,-78.79,0.0002835125,34.77,1.605,0.6125,-9.4978,2.9e-05,0,0,64.2904,3.794722,WiFi6E_6GHz
UE_005039,0.0046,51.86,49.6578,-43.14,2.3e-09,19.22,1.5,0.3993,21.4366,1.5e-05,0,0,78.2051,11.601089,WiFi6E_6GHz
UE_005040,0.0018,37.02,34.6629,-57.98,6.9e-09,29.46,1.5,0.1513,-31.67,6e-06,0,0,82.3763,11.421433,WiFi6E_6GHz
UE_005041,0.0035,66.44,61.6575,-28.56,1.5e-09,12.48,1.6108,0.3648,28.9479,1.2e-05,0,0,79.2245,11.52589,WiFi6E_6GHz
UE_005042,0.0033,10.47,6.735,-84.53,0.0057662434,20.65,1.5,6.2963,31.67,1.1e-05,0,0,51.6462,1.513423,WiFi6E_6GHz
UE_005043,0.0051,10.63,4.8527,-84.37,0.0157286906,26.06,1.7973,5.3133,18.2356,1.7e-05,0,0,52.4242,1.617138,WiFi6E_6GHz
UE_005044,0.008,29.72,26.8178,-65.28,2.2576e-06,23.34,1.5,0.0505,-29.8463,2.7e-05,0,0,71.7679,7.736678,WiFi6E_6GHz
UE_005045,0.0022,43.64,36.3844,-51.36,1.5e-09,24.45,1.5,0.2987,24.1856,7e-06,0,0,84.3965,11.468872,WiFi6E_6GHz
UE_005046,0.0113,42.87,40.7514,-52.13,4.1e-09,32.43,1.5,0.2919,-5.5104,3.8e-05,0,0,85.7032,11.879139,WiFi6E_6GHz
UE_005047,0.0104,9.32,5.7653,-85.68,0.0159232823,18.56,1.5,21.9853,-27.547,3.5e-05,0,0,36.952,1.577501,WiFi6E_6GHz
UE_005048,0.0074,37.83,32.2513,-57.17,5.6e-09,19.77,1.5,0.2954,-3.614,2.5e-05,0,0,77.4805,11.420493,WiFi6E_6GHz
UE_005049,0.0025,36.88,32.0573,-58.12,7.6e-09,25.91,1.5,0.1325,-17.6653,8e-06,0,0,79.0274,11.544384,WiFi6E_6GHz
UE_005050,0.0099,25.24,21.1828,-69.76,5.1738e-06,29.21,1.5,0.1513,-6.6343,3.3e-05,0,0,69.2642,6.951747,WiFi6E_6GHz
UE_005051,0.0111,21.42,16.5769,-73.58,0.0001893233,24.86,1.5,1.0949,-4.0344,3.7e-05,0,0,65.7678,5.10467,WiFi6E_6GHz
UE_005052,0.0103,49.03,46.0451,-45.97,5.8e-09,26.31,1.5,0.3468,31.67,3.4e-05,0,0,81.6398,11.584653,WiFi6E_6GHz
UE_005053,0.0091,54.76,53.1419,-40.24,1.3e-09,26.54,1.5,0.0594,-0.4286,3e-05,0,0,78.3317,11.480221,WiFi6E_6GHz
UE_005054,0.0084,31.72,26.0041,-63.28,4.6863e-06,16.33,1.5,0.2019,10.1511,2.8e-05,0,0,78.3076,7.653899,WiFi6E_6GHz
UE_005055,0.0055,21.56,17.6233,-73.44,0.0009453146,12.3,1.5,1.7451,31.67,1.8e-05,0,0,58.1794,5.33374,WiFi6E_6GHz
UE_005056,0.0016,33.41,27.7903,-61.59,8.5803e-06,28.72,1.5,0.1724,13.1421,5e-06,0,0,78.5881,10.47023,WiFi6E_6GHz
UE_005057,0.0015,21.92,18.0229,-73.08,0.0007420946,12.24,1.5,1.7567,8.0426,5e-06,0,0,64.6935,5.138842,WiFi6E_6GHz
UE_005058,0.0046,26.65,23.8061,-68.35,9.047e-06,12.86,1.5,0.0338,-10.6419,1.5e-05,0,0,68.7851,6.853851,WiFi6E_6GHz
UE_005059,0.0076,15.85,12.4397,-79.15,0.0005671615,32.5,1.8177,1.7212,-17.7316,2.5e-05,0,0,64.1006,3.472248,WiFi6E_6GHz
UE_005060,0.0039,32.16,27.3554,-62.84,6.771e-07,13.75,1.5,0.004,-1.2108,1.3e-05,0,0,69.3583,10.419805,WiFi6E_6GHz
UE_005061,0.0066,42.35,36.6546,-52.65,1e-09,24.69,1.5,0.2143,-21.1355,2.2e-05,0,0,83.2877,11.64991,WiFi6E_6GHz
UE_005062,0.0057,31.2,28.8143,-63.8,2.4816e-06,24.82,1.6086,0.2463,2.2978,1.9e-05,0,0,75.8597,7.882034,WiFi6E_6GHz
UE_005063,0.0014,19.02,15.6637,-75.98,0.0001302028,10.19,1.5,1.0915,29.4292,5e-06,0,0,63.5742,5.08763,WiFi6E_6GHz
UE_005064,0.008,24.42,20.9286,-70.58,0.0003253245,20.96,1.5,0.7072,4.8739,2.7e-05,0,0,66.5074,5.059854,WiFi6E_6GHz
UE_005065,0.0098,6.95,0.5646,-88.05,0.0014803134,11.83,1.5,30.8149,23.4223,3.3e-05,0,0,33.6771,1.15782,WiFi6E_6GHz
UE_005066,0.0038,36.35,32.006,-58.65,1.8e-09,26.63,1.5,0.1744,-31.67,1.3e-05,0,0,77.9266,12.127868,WiFi6E_6GHz
UE_005067,0.0088,61.37,57.7484,-33.63,7e-09,21.61,1.5,0.3034,14.162,2.9e-05,0,0,78.3626,11.846164,WiFi6E_6GHz
UE_005068,0.0038,20.1,17.7976,-74.9,0.0005509154,11.27,1.5,0.8288,-9.7926,1.3e-05,0,0,62.5039,4.480522,WiFi6E_6GHz
UE_005069,0.0098,11.43,8.0678,-83.57,0.0238899671,10.42,1.5473,5.8194,-20.3263,3.3e-05,0,0,50.9388,2.667097,WiFi6E_6GHz
UE_005070,0.0084,45.74,41.4078,-49.26,8.4e-09,26.42,1.6102,0.1535,28.4723,2.8e-05,0,0,81.5042,11.835385,WiFi6E_6GHz
UE_005071,0.0012,31.65,29.6429,-63.35,7.549e-06,30.9,1.5,0.2684,7.6231,4e-06,0,0,77.2746,7.921405,WiFi6E_6GHz
UE_005072,0.0088,26.32,18.8575,-68.68,2.1434e-06,16.06,1.5566,0.3437,-16.7415,2.9e-05,0,0,69.8209,6.884524,WiFi6E_6GHz
UE_005073,0.0043,27.84,22.4207,-67.16,3.7925e-06,23.94,1.709,0.1576,-25.5043,1.4e-05,0,0,73.3936,6.700212,WiFi6E_6GHz
UE_005074,0.0099,68.17,67.0339,-26.83,2e-10,21.18,1.5,0.3497,27.5472,3.3e-05,0,0,78.0229,11.896241,WiFi6E_6GHz
UE_005075,0.0079,15.16,12.257,-79.84,0.0001668013,19.89,1.5,1.0722,-31.107,2.6e-05,0,0,59.5723,3.740977,WiFi6E_6GHz
UE_005076,0.0055,61.01,59.137,-33.99,7.4e-09,16.9,1.5,0.385,-31.67,1.8e-05,0,0,80.5554,11.516595,WiFi6E_6GHz
UE_005077,0.0072,45.91,39.1006,-49.09,9.9e-09,22.04,1.5,0.1274,8.5468,2.4e-05,0,0,80.6301,11.854611,WiFi6E_6GHz
UE_005078,0.0035,17.79,15.6378,-77.21,0.0001007248,14.62,1.5,0.9796,31.128,1.2e-05,0,0,60.0464,3.485281,WiFi6E_6GHz
UE_005079,0.004,37.01,31.7095,-57.99,7.6e-09,19.88,1.5,0.1259,4.4369,1.3e-05,0,0,79.515,11.637518,WiFi6E_6GHz
UE_005080,0.0059,27.57,24.3897,-67.43,4.4596e-06,22.54,1.5,0.4952,-13.831,2e-05,0,0,71.6336,7.067909,WiFi6E_6GHz
UE_005081,0.0017,31.34,28.0257,-63.66,5.14e-08,14.72,1.5,0.1619,-19.9635,6e-06,0,0,72.1632,7.796945,WiFi6E_6GHz
UE_005082,0.0024,12.21,5.4652,-82.79,0.0141458966,30.73,1.6214,4.3789,-10.5536,8e-06,0,0,52.487,2.718305,WiFi6E_6GHz
UE_005083,0.0074,28.69,24.6651,-66.31,8.256e-06,26.42,1.8931,0.0176,-23.5604,2.5e-05,0,0,73.4978,7.890214,WiFi6E_6GHz
UE_005084,0.011,5.02,0.7059,-89.98,0.0457052433,26.84,1.5,25.2371,12.6858,3.7e-05,0,0,37.5812,1.320449,WiFi6E_6GHz
UE_005085,0.0103,55.36,51.4545,-39.64,5e-10,16.62,1.5,0.446,25.7937,3.4e-05,0,0,78.804,11.766226,WiFi6E_6GHz
UE_005086,0.0073,54.32,48.9645,-40.68,6e-09,12.88,1.5,0.4947,-12.1241,2.4e-05,0,0,81.1153,11.946901,WiFi6E_6GHz
UE_005087,0.0041,35.29,31.5033,-59.71,8.2e-09,16.51,1.5,0.2035,-20.9066,1.4e-05,0,0,78.2889,12.000027,WiFi6E_6GHz
UE_005088,0.0105,12.67,5.5688,-82.33,0.0231182601,14.78,1.5,3.3829,-2.7926,3.5e-05,0,0,55.0013,2.417325,WiFi6E_6GHz
UE_005089,0.0036,29.78,25.6289,-65.22,9.7077e-06,19.2,1.5,0.0047,-6.3059,1.2e-05,0,0,71.8328,7.50741,WiFi6E_6GHz
UE_005090,0.0049,17.84,10.2359,-77.16,0.0007985905,10.56,1.5,1.3178,-28.0252,1.6e-05,0,0,56.8237,3.217483,WiFi6E_6GHz
UE_005091,0.0087,52.31,49.1871,-42.69,4.7e-09,22.31,1.5,0.0647,5.5482,2.9e-05,0,0,81.6258,11.483561,WiFi6E_6GHz
UE_005092,0.0054,10.85,8.962,-84.15,0.0072528558,16.6,1.5,7.8671,-26.2922,1.8e-05,0,0,52.389,1.664349,WiFi6E_6GHz
UE_005093,0.0046,16.47,11.8179,-78.53,0.0003680449,13.28,1.5,0.9241,-2.9306,1.5e-05,0,0,58.7997,3.564606,WiFi6E_6GHz
UE_005094,0.0016,20.69,17.3186,-74.31,0.000654617,15.98,1.5,1.5128,-29.7602,5e-06,0,0,62.0076,4.458007,WiFi6E_6GHz
UE_005095,0.0069,18.2,15.0005,-76.8,5.0553e-05,27.2,1.5,0.8712,14.9163,2.3e-05,0,0,64.3289,3.541128,WiFi6E_6GHz
UE_005096,0.01,39.79,34.0818,-55.21,1e-09,10.66,1.5,0.3569,27.428,3.3e-05,0,0,80.9859,11.75839,WiFi6E_6GHz
UE_005097,0.0021,24.11,21.0793,-70.89,0.0007347031,35.47,1.6441,1.0781,6.9781,7e-06,0,0,68.5447,5.461028,WiFi6E_6GHz
UE_005098,0.0073,29.77,24.0754,-65.23,6.6305e-06,20.58,1.5,0.1551,-24.9967,2.4e-05,0,0,76.1518,8.034648,WiFi6E_6GHz
UE_005099,0.0104,70.33,66.5617,-24.67,8e-10,19.22,1.5,0.0796,-31.67,3.5e-05,0,0,81.0942,11.538161,WiFi6E_6GHz
UE_005100,0.0087,21.93,17.4842,-73.07,0.0004361391,24.09,1.5574,1.6302,-15.0309,2.9e-05,0,0,65.0096,5.517015,WiFi6E_6GHz
UE_005101,0.0103,21.32,17.8678,-73.68,0.0002435344,38.95,1.6637,0.6195,-14.0916,3.4e-05,0,0,67.2454,5.454354,WiFi6E_6GHz
UE_005102,0.004,14.48,9.6139,-80.52,0.0444018737,15.42,1.5,4.0266,-24.9715,1.3e-05,0,0,55.7533,2.267015,WiFi6E_6GHz
UE_005103,0.0091,61.49,58.9973,-33.51,4.2e-09,27.36,1.6517,0.0586,15.6702,3e-05,0,0,82.8784,12.047162,WiFi6E_6GHz
UE_005104,0.0085,27.55,23.9208,-67.45,1.0656e-06,31.96,1.5,0.0119,17.775,2.8e-05,0,0,71.2289,7.151976,WiFi6E_6GHz
UE_005105,0.0066,9.03,6.5989,-85.97,0.0431308234,26.63,1.5,31.9307,10.681,2.2e-05,0,0,34.2621,1.960147,WiFi6E_6GHz
UE_005106,0.0039,43.96,42.4115,-51.04,3.9e-09,19.62,1.5,0.4624,10.3453,1.3e-05,0,0,76.3601,11.190907,WiFi6E_6GHz
UE_005107,0.0035,58.7,55.8236,-36.3,4.6e-09,16.32,1.5,0.249,13.1283,1.2e-05,0,0,80.9142,11.782575,WiFi6E_6GHz
UE_005108,0.0106,13.04,9.0893,-81.96,0.006892002,18.96,1.5,6.0362,23.132,3.5e-05,0,0,51.452,2.526249,WiFi6E_6GHz
UE_005109,0.0021,48.55,43.5785,-46.45,6e-09,33.98,1.7085,0.4852,-29.7678,7e-06,0,0,82.4387,11.956536,WiFi6E_6GHz
UE_005110,0.0111,15.23,11.5197,-79.77,0.000177195,24.3,1.5,1.6132,31.67,3.7e-05,0,0,57.322,3.370208,WiFi6E_6GHz
UE_005111,0.004,31.5,24.2289,-63.5,7.193e-07,21.5,1.5,0.355,1.985,1.3e-05,0,0,74.5493,7.936663,WiFi6E_6GHz
UE_005112,0.0109,25.83,20.1368,-69.17,7.0967e-06,22.98,1.5,0.2057,-26.564,3.6e-05,0,0,70.3034,7.164376,WiFi6E_6GHz
UE_005113,0.0093,44.09,38.7811,-50.91,6.7e-09,30.35,1.6814,0.3883,-26.9436,3.1e-05,0,0,80.5404,11.735419,WiFi6E_6GHz
UE_005114,0.0019,15.62,11.9948,-79.38,0.0005592799,21.02,1.5,1.3933,31.67,6e-06,0,0,61.3104,3.40653,WiFi6E_6GHz
UE_005115,0.0093,57.08,49.7182,-37.92,4.1e-09,15.07,1.6074,0.0232,24.7902,3.1e-05,0,0,81.1368,12.151904,WiFi6E_6GHz
UE_005116,0.0112,56.26,50.0092,-38.74,2.3e-09,40.24,1.5,0.4182,-13.1853,3.7e-05,0,0,86.6614,11.57169,WiFi6E_6GHz
UE_005117,0.0039,19.05,17.5951,-75.95,0.0003438896,10.03,1.8009,1.9488,-9.9165,1.3e-05,0,0,60.9208,4.634868,WiFi6E_6GHz
UE_005118,0.0054,28.35,25.7082,-66.65,8.8768e-06,23.43,1.5,0.4373,-31.67,1.8e-05,0,0,70.6255,7.580955,WiFi6E_6GHz
UE_005119,0.0047,39.39,36.9321,-55.61,5e-10,24.68,1.5,0.1756,-8.0239,1.6e-05,0,0,81.6156,11.965893,WiFi6E_6GHz
UE_005120,0.0063,14.92,12.3685,-80.08,0.0497130308,17.0,1.5,7.9964,15.3101,2.1e-05,0,0,54.4951,2.011776,WiFi6E_6GHz
UE_005121,0.0063,27.06,22.0709,-67.94,4.6003e-06,11.33,1.5,0.2399,1.7952,2.1e-05,0,0,70.5811,6.98577,WiFi6E_6GHz
UE_005122,0.0041,21.22,15.5492,-73.78,0.0002107433,17.61,1.5,1.4689,-5.1367,1.4e-05,0,0,61.5017,5.343579,WiFi6E_6GHz
UE_005123,0.002,61.93,54.5123,-33.07,6.7e-09,19.67,1.5,0.0046,-24.7091,7e-06,0,0,78.5029,11.909862,WiFi6E_6GHz
UE_005124,0.004,29.99,25.7867,-65.01,4.7631e-06,30.37,1.5,0.193,30.9493,1.3e-05,0,0,74.2709,7.879747,WiFi6E_6GHz
UE_005125,0.0087,26.47,21.0828,-68.53,9.7875e-06,34.14,1.5,0.0296,-17.0629,2.9e-05,0,0,73.1916,7.185894,WiFi6E_6GHz
UE_005126,0.0108,22.22,20.7877,-72.78,0.0009906655,8.1,1.5,1.5213,-24.0767,3.6e-05,0,0,61.6831,5.553671,WiFi6E_6GHz
UE_005127,0.0077,22.93,17.1494,-72.07,0.000545535,19.64,1.5,1.0758,19.1245,2.6e-05,0,0,66.1727,5.206214,WiFi6E_6GHz
UE_005128,0.0076,43.8,38.6491,-51.2,5.4e-09,20.65,1.5,0.2211,31.67,2.5e-05,0,0,80.1814,11.43295,WiFi6E_6GHz
UE_005129,0.0031,52.9,48.351,-42.1,5e-09,20.97,1.5,0.301,-31.67,1e-05,0,0,82.5134,11.452711,WiFi6E_6GHz
UE_005130,0.0055,37.65,35.8261,-57.35,6.8e-09,27.97,1.9902,0.1408,-13.6268,1.8e-05,0,0,78.2375,11.565635,WiFi6E_6GHz
UE_005131,0.0087,12.18,8.4772,-82.82,0.022832995,37.0,2.0501,7.2332,31.67,2.9e-05,0,0,53.3898,2.156659,WiFi6E_6GHz
UE_005132,0.0081,29.46,24.7522,-65.54,8.3593e-06,12.31,1.5,0.2161,31.67,2.7e-05,0,0,70.6548,7.439477,WiFi6E_6GHz
UE_005133,0.0086,29.45,25.2243,-65.55,2.4714e-06,25.31,1.5,0.0546,29.6133,2.9e-05,0,0,71.1432,7.826294,WiFi6E_6GHz
UE_005134,0.0025,26.64,23.3193,-68.36,2.5821e-06,28.3,1.5,0.1705,31.67,8e-06,0,0,69.2487,7.188284,WiFi6E_6GHz
UE_005135,0.0078,24.19,21.0658,-70.81,0.0002046566,22.51,1.5,0.7189,-31.67,2.6e-05,0,0,67.7008,5.123208,WiFi6E_6GHz
UE_005136,0.0105,20.18,14.51,-74.82,0.0009395686,19.42,1.5,1.9532,-28.9856,3.5e-05,0,0,62.5216,4.342533,WiFi6E_6GHz
UE_005137,0.0014,45.48,43.5655,-49.52,1.3e-09,21.74,1.5,0.1084,24.1424,5e-06,0,0,82.652,11.646757,WiFi6E_6GHz
UE_005138,0.0087,20.83,18.2559,-74.17,0.0003207642,16.74,1.5,1.3611,15.6881,2.9e-05,0,0,63.2988,4.788047,WiFi6E_6GHz
UE_005139,0.007,1.43,-3.2752,-93.57,0.052489394,21.05,1.5,27.229,-31.67,2.3e-05,0,0,31.221,0.1,WiFi6E_6GHz
UE_005140,0.0109,33.29,29.6562,-61.71,8.0847e-06,31.22,1.8381,0.3545,-1.0745,3.6e-05,0,0,77.8128,10.510784,WiFi6E_6GHz
UE_005141,0.0065,20.86,15.0117,-74.14,0.0003745676,15.39,1.5361,1.752,23.3527,2.2e-05,0,0,61.807,4.795807,WiFi6E_6GHz
UE_005142,0.0043,38.0,34.011,-57.0,7.3e-09,20.72,1.5,0.2497,-31.67,1.4e-05,0,0,74.7815,11.640007,WiFi6E_6GHz
UE_005143,0.0108,46.66,44.2927,-48.34,3.7e-09,40.0,1.5,0.4524,-31.67,3.6e-05,0,0,82.1955,11.877367,WiFi6E_6GHz
UE_005144,0.0053,2.7,-3.0035,-92.3,0.0690965541,14.12,1.5,12.4275,28.6097,1.8e-05,0,0,37.7044,0.646453,WiFi6E_6GHz
UE_005145,0.005,74.92,71.7059,-20.08,4.3e-09,29.76,1.5,0.2453,22.4326,1.7e-05,0,0,84.2566,11.465686,WiFi6E_6GHz
UE_005146,0.0063,39.45,34.046,-55.55,2.5e-09,7.96,1.5,0.2599,8.5542,2.1e-05,0,0,78.515,11.712842,WiFi6E_6GHz
UE_005147,0.0073,8.1,3.1729,-86.9,0.0299350629,17.02,1.5,19.5679,-31.67,2.4e-05,0,0,40.0787,1.840406,WiFi6E_6GHz
UE_005148,0.0077,23.94,18.6283,-71.06,0.0002897724,26.35,1.5,1.6636,-31.67,2.6e-05,0,0,64.7576,5.066328,WiFi6E_6GHz
UE_005149,0.0021,25.37,22.2918,-69.63,6.7017e-06,24.3,1.5,0.4368,10.2492,7e-06,0,0,70.0305,7.211478,WiFi6E_6GHz
UE_005150,0.0108,20.74,17.5582,-74.26,0.0005478735,24.03,1.5,1.2543,21.1228,3.6e-05,0,0,65.0663,4.920689,WiFi6E_6GHz
UE_005151,0.0097,35.46,29.4616,-59.54,1.6e-09,22.34,1.5,0.1999,-9.1384,3.2e-05,0,0,79.7414,11.847323,WiFi6E_6GHz
UE_005152,0.0033,31.94,27.6597,-63.06,1.162e-07,13.79,1.5034,0.3095,-7.832,1.1e-05,0,0,74.2848,7.568556,WiFi6E_6GHz
UE_005153,0.0088,36.84,31.8431,-58.16,6.1e-09,13.15,1.5,0.3328,31.67,2.9e-05,0,0,76.9645,11.669758,WiFi6E_6GHz
UE_005154,0.0051,18.91,13.0192,-76.09,3.77073e-05,31.85,1.5859,1.6557,-28.3683,1.7e-05,0,0,62.2944,3.325113,WiFi6E_6GHz
UE_005155,0.0038,20.19,16.6645,-74.81,0.0006558964,13.46,1.5,1.1751,-19.6049,1.3e-05,0,0,58.8217,4.706929,WiFi6E_6GHz
UE_005156,0.0029,23.86,19.2367,-71.14,0.0004425845,21.36,1.5,0.635,-13.0499,1e-05,0,0,63.5811,5.212484,WiFi6E_6GHz
UE_005157,0.0091,60.93,57.691,-34.07,6e-10,10.66,1.5,0.0053,28.9027,3e-05,0,0,79.7942,11.609917,WiFi6E_6GHz
UE_005158,0.0033,21.2,17.0242,-73.8,0.0006082309,15.8,1.5,0.849,10.0119,1.1e-05,0,0,63.2712,5.629366,WiFi6E_6GHz
UE_005159,0.0074,30.42,25.9484,-64.58,1.515e-07,10.67,1.9265,0.1903,-31.67,2.5e-05,0,0,72.1771,7.588247,WiFi6E_6GHz
UE_005160,0.0109,69.49,62.8057,-25.51,6.9e-09,14.38,1.5,0.2072,24.2655,3.6e-05,0,0,83.245,11.535585,WiFi6E_6GHz
UE_005161,0.0044,24.6,20.6675,-70.4,0.0008942659,31.74,1.5,0.5582,18.2098,1.5e-05,0,0,65.9207,5.186151,WiFi6E_6GHz
UE_005162,0.0102,13.3,12.1463,-81.7,0.0365635358,16.9,1.5,4.0407,-12.6945,3.4e-05,0,0,54.1102,2.308393,WiFi6E_6GHz
UE_005163,0.0101,7.15,3.7179,-87.85,0.0411106889,24.89,1.5,18.4829,-21.8894,3.4e-05,0,0,41.0431,1.270844,WiFi6E_6GHz
UE_005164,0.0023,11.02,8.3773,-83.98,0.0201304014,27.8,1.5,7.8019,-21.8324,8e-06,0,0,51.958,2.417377,WiFi6E_6GHz
UE_005165,0.0021,19.77,14.4788,-75.23,0.00035351,20.7,1.5,0.9714,-27.937,7e-06,0,0,65.2624,4.587023,WiFi6E_6GHz
UE_005166,0.0047,58.25,54.6593,-36.75,0.0,23.46,1.5,0.4534,3.6335,1.6e-05,0,0,79.9909,11.432396,WiFi6E_6GHz
UE_005167,0.0066,25.61,21.0105,-69.39,5.852e-07,16.31,1.5,0.3777,4.6523,2.2e-05,0,0,62.8389,6.923064,WiFi6E_6GHz
UE_005168,0.0062,14.69,11.6164,-80.31,0.0323590763,19.42,1.5,3.2001,31.67,2.1e-05,0,0,58.9618,1.991555,WiFi6E_6GHz
UE_005169,0.0023,13.63,10.472,-81.37,0.0074052132,24.57,1.5,3.6325,-20.5501,8e-06,0,0,54.3824,2.120473,WiFi6E_6GHz
UE_005170,0.0025,53.99,50.477,-41.01,2e-10,36.73,1.6361,0.3735,-11.4289,8e-06,0,0,81.5522,11.557044,WiFi6E_6GHz
UE_005171,0.0011,54.34,48.4747,-40.66,2.6e-09,17.28,1.6694,0.2365,20.7297,4e-06,0,0,82.093,11.682059,WiFi6E_6GHz
UE_005172,0.0032,18.95,12.9914,-76.05,0.0003180681,37.98,1.5,1.7218,31.67,1.1e-05,0,0,64.1972,3.209096,WiFi6E_6GHz
UE_005173,0.0085,40.33,35.9771,-54.67,9e-10,19.72,1.5,0.2093,24.9354,2.8e-05,0,0,82.3166,11.632327,WiFi6E_6GHz
UE_005174,0.0095,31.07,27.8164,-63.93,8.2958e-06,19.59,1.5,0.0453,18.7969,3.2e-05,0,0,73.4502,8.093625,WiFi6E_6GHz
UE_005175,0.0024,49.45,46.2906,-45.55,4.3e-09,18.26,1.5,0.0692,22.7969,8e-06,0,0,80.0751,12.033714,WiFi6E_6GHz
UE_005176,0.008,37.51,36.2028,-57.49,5.8e-09,27.0,1.5,0.1364,-9.4073,2.7e-05,0,0,76.6275,11.622984,WiFi6E_6GHz
UE_005177,0.0076,60.84,57.5158,-34.16,7.3e-09,11.24,1.5,0.0016,28.0105,2.5e-05,0,0,80.7925,11.723247,WiFi6E_6GHz
UE_005178,0.0076,5.26,0.0861,-89.74,0.0249367141,20.52,1.5,24.1075,31.67,2.5e-05,0,0,34.2117,1.07076,WiFi6E_6GHz
UE_005179,0.004,13.39,10.1889,-81.61,0.0388679051,26.04,1.5,6.7495,-31.67,1.3e-05,0,0,52.9824,2.341213,WiFi6E_6GHz
UE_005180,0.0089,46.84,45.4513,-48.16,5e-09,18.34,1.5456,0.0255,-5.2102,3e-05,0,0,83.5027,11.615337,WiFi6E_6GHz
UE_005181,0.0113,57.02,52.3069,-37.98,8.8e-09,17.8,1.5,0.4514,13.9807,3.8e-05,0,0,79.8124,11.679818,WiFi6E_6GHz
UE_005182,0.0035,25.98,20.2755,-69.02,1.6177e-06,18.4,1.5,0.3817,31.67,1.2e-05,0,0,70.294,7.036258,WiFi6E_6GHz
UE_005183,0.0061,26.89,21.5849,-68.11,2.3362e-06,13.95,1.5,0.1169,-5.3943,2e-05,0,0,70.9738,6.797771,WiFi6E_6GHz
UE_005184,0.006,43.85,40.9855,-51.15,3.2e-09,16.51,1.6905,0.2893,-26.6046,2e-05,0,0,81.8842,11.516562,WiFi6E_6GHz
UE_005185,0.0066,13.48,6.6498,-81.52,0.0326316979,36.01,1.6753,4.5921,31.67,2.2e-05,0,0,57.1462,1.979934,WiFi6E_6GHz
UE_005186,0.0065,24.72,19.6327,-70.28,0.0004391789,7.19,1.5,1.3811,20.1286,2.2e-05,0,0,67.2338,5.338433,WiFi6E_6GHz
UE_005187,0.0071,10.8,7.1435,-84.2,0.0317294924,17.9,1.5,4.1001,24.104,2.4e-05,0,0,50.9038,1.899547,WiFi6E_6GHz
UE_005188,0.0098,17.34,12.879,-77.66,0.0006002645,13.8,1.5,1.3866,31.67,3.3e-05,0,0,60.8619,3.308294,WiFi6E_6GHz
UE_005189,0.0071,12.54,10.2175,-82.46,0.011899752,17.1,1.5771,4.1962,-31.1133,2.4e-05,0,0,50.0103,2.260921,WiFi6E_6GHz
UE_005190,0.0026,40.07,35.307,-54.93,3.9e-09,13.39,1.5,0.3895,3.4188,9e-06,0,0,80.3768,11.766911,WiFi6E_6GHz
UE_005191,0.0071,39.82,37.1546,-55.18,2e-09,22.4,1.6207,0.1007,-5.0135,2.4e-05,0,0,78.253,11.536774,WiFi6E_6GHz
UE_005192,0.004,13.03,8.9847,-81.97,0.0299861768,17.32,1.5,2.6019,-6.1326,1.3e-05,0,0,57.5678,2.361401,WiFi6E_6GHz
UE_005193,0.0094,22.37,18.682,-72.63,0.0002828161,35.6,1.5,0.9695,31.67,3.1e-05,0,0,68.7744,5.035082,WiFi6E_6GHz
UE_005194,0.0065,25.71,22.5874,-69.29,8.6119e-06,19.06,1.5,0.3206,24.7718,2.2e-05,0,0,70.1635,7.17375,WiFi6E_6GHz
UE_005195,0.0026,43.82,39.914,-51.18,9.3e-09,16.42,1.5,0.0354,31.67,9e-06,0,0,78.3964,11.783024,WiFi6E_6GHz
UE_005196,0.0091,1.98,-0.4374,-93.02,0.1410369965,36.12,1.5,22.242,10.2309,3e-05,0,0,36.7794,0.493889,WiFi6E_6GHz
UE_005197,0.0052,69.74,65.8589,-25.26,5.3e-09,27.55,1.5,0.3042,-31.67,1.7e-05,0,0,83.0644,11.498788,WiFi6E_6GHz
UE_005198,0.0076,51.63,51.1148,-43.37,1.6e-09,18.43,1.5,0.298,30.1697,2.5e-05,0,0,80.4732,11.889494,WiFi6E_6GHz
UE_005199,0.0105,55.55,52.4024,-39.45,9.3e-09,28.64,1.5,0.3906,-22.241,3.5e-05,0,0,79.3181,11.744915,WiFi6E_6GHz
UE_005200,0.0065,20.35,16.6583,-74.65,0.0008480714,16.51,1.5,1.9739,-31.67,2.2e-05,0,0,63.0739,4.599913,WiFi6E_6GHz
UE_005201,0.0064,22.18,20.5569,-72.82,0.0009599678,18.34,1.5,0.9925,18.8575,2.1e-05,0,0,64.9047,5.171774,WiFi6E_6GHz
UE_005202,0.0063,34.63,33.6924,-60.37,6.093e-06,14.02,1.5,0.4674,-31.67,2.1e-05,0,0,75.6614,10.430434,WiFi6E_6GHz
UE_005203,0.0026,42.73,36.5321,-52.27,8.4e-09,26.05,1.6903,0.0909,-30.4418,9e-06,0,0,79.6317,11.56861,WiFi6E_6GHz
UE_005204,0.0035,21.33,16.7995,-73.67,5.87071e-05,16.91,1.5,0.7595,-17.6259,1.2e-05,0,0,67.6099,5.104627,WiFi6E_6GHz
UE_005205,0.0035,13.42,7.5357,-81.58,0.0116321365,9.98,1.5,7.1177,-2.7802,1.2e-05,0,0,50.8644,2.357159,WiFi6E_6GHz
UE_005206,0.0053,16.45,14.3578,-78.55,0.0009558167,22.41,1.5,1.374,-14.2783,1.8e-05,0,0,60.7215,3.327911,WiFi6E_6GHz
UE_005207,0.0036,38.25,34.9832,-56.75,8.5e-09,15.34,1.5,0.1587,-31.67,1.2e-05,0,0,79.7044,12.216592,WiFi6E_6GHz
UE_005208,0.0079,52.72,48.5314,-42.28,6.5e-09,45.0,1.5,0.4974,-22.0113,2.6e-05,0,0,85.4283,11.795253,WiFi6E_6GHz
UE_005209,0.0016,15.52,12.7762,-79.48,0.000731981,32.31,1.5,1.3268,-17.4643,5e-06,0,0,60.1596,3.16036,WiFi6E_6GHz
UE_005210,0.0058,25.11,24.1085,-69.89,6.3057e-06,21.35,1.5136,0.1702,-31.67,1.9e-05,0,0,68.3331,7.105378,WiFi6E_6GHz
UE_005211,0.0106,31.56,28.1311,-63.44,1.189e-07,29.95,1.5,0.295,-31.67,3.5e-05,0,0,76.3954,7.517169,WiFi6E_6GHz
UE_005212,0.0055,30.72,27.8105,-64.28,4.2907e-06,25.59,1.5751,0.3259,-31.67,1.8e-05,0,0,72.7489,7.902991,WiFi6E_6GHz
UE_005213,0.01,6.29,1.3049,-88.71,0.0334447102,18.97,1.5,19.2266,21.3843,3.3e-05,0,0,39.1757,0.770638,WiFi6E_6GHz
UE_005214,0.0112,47.68,43.2847,-47.32,5.7e-09,18.19,1.5,0.2274,23.0701,3.7e-05,0,0,77.6854,11.380023,WiFi6E_6GHz
UE_005215,0.0033,31.81,30.6836,-63.19,7.19e-08,31.28,1.5,0.1137,-5.1545,1.1e-05,0,0,73.1131,7.508785,WiFi6E_6GHz
UE_005216,0.0046,46.71,44.2403,-48.29,8.7e-09,14.74,1.5,0.3635,-14.5889,1.5e-05,0,0,78.1153,11.613918,WiFi6E_6GHz
UE_005217,0.0045,10.19,7.8069,-84.81,0.0170141794,26.86,1.6371,3.8272,-31.67,1.5e-05,0,0,52.6963,1.817393,WiFi6E_6GHz
UE_005218,0.0098,8.91,2.6923,-86.09,0.0081720806,12.82,1.5,20.84,31.67,3.3e-05,0,0,40.0658,1.748885,WiFi6E_6GHz
UE_005219,0.0084,14.03,12.3576,-80.97,0.0222051795,20.26,1.5,4.8235,-11.231,2.8e-05,0,0,55.9124,2.192103,WiFi6E_6GHz
UE_005220,0.0011,30.2,26.961,-64.8,6.6518e-06,26.88,1.7266,0.4174,21.2041,4e-06,0,0,73.2008,7.740314,WiFi6E_6GHz
UE_005221,0.0109,12.02,8.6825,-82.98,0.0195462599,6.4,1.5,2.037,4.2704,3.6e-05,0,0,57.3299,2.243552,WiFi6E_6GHz
UE_005222,0.0042,24.16,21.7389,-70.84,0.0005594442,22.52,1.5,1.7454,1.6247,1.4e-05,0,0,67.8921,5.504559,WiFi6E_6GHz
UE_005223,0.0024,57.25,51.3148,-37.75,2.4e-09,27.86,1.5,0.0226,-27.6171,8e-06,0,0,80.872,11.428197,WiFi6E_6GHz
UE_005224,0.01,55.23,51.6346,-39.77,4e-09,22.8,1.665,0.0799,-31.67,3.3e-05,0,0,84.159,11.904712,WiFi6E_6GHz
UE_005225,0.0021,39.49,37.8458,-55.51,2.5e-09,19.72,1.5,0.3912,-13.8398,7e-06,0,0,79.2961,11.787505,WiFi6E_6GHz
UE_005226,0.0053,21.51,15.8135,-73.49,0.0004370897,3.17,1.5,0.8619,-22.8173,1.8e-05,0,0,62.7165,5.376304,WiFi6E_6GHz
UE_005227,0.0068,12.91,9.831,-82.09,0.0037016252,15.57,1.5,2.2739,31.67,2.3e-05,0,0,52.9834,2.613022,WiFi6E_6GHz
UE_005228,0.0059,24.75,18.3316,-70.25,0.0004675344,15.9,1.5,1.9439,-16.5247,2e-05,0,0,69.1839,4.999563,WiFi6E_6GHz
UE_005229,0.006,53.8,49.2963,-41.2,8.9e-09,21.64,1.7862,0.3975,31.67,2e-05,0,0,81.993,11.585255,WiFi6E_6GHz
UE_005230,0.0055,18.98,16.7207,-76.02,0.000707973,22.13,1.5035,1.0549,-1.8711,1.8e-05,0,0,64.2653,3.626986,WiFi6E_6GHz
UE_005231,0.0019,5.32,2.3748,-89.68,0.0264396474,14.29,1.5,20.4763,15.6882,6e-06,0,0,37.2602,1.37809,WiFi6E_6GHz
UE_005232,0.0094,29.68,26.7698,-65.32,6.885e-07,28.24,1.5,0.4378,-9.7703,3.1e-05,0,0,72.8349,7.717382,WiFi6E_6GHz
UE_005233,0.005,27.11,21.8872,-67.89,3.4007e-06,16.48,1.5,0.0048,-0.2383,1.7e-05,0,0,63.4965,7.097089,WiFi6E_6GHz
UE_005234,0.0027,29.42,23.5502,-65.58,7.767e-07,5.42,1.5,0.3295,2.9894,9e-06,0,0,73.1336,7.922299,WiFi6E_6GHz
UE_005235,0.0061,20.05,15.6141,-74.95,0.0007352649,28.73,1.8362,0.5493,31.67,2e-05,0,0,62.219,4.274053,WiFi6E_6GHz
UE_005236,0.0107,16.2,11.1623,-78.8,0.0003615826,29.04,1.5,0.7769,3.1803,3.6e-05,0,0,62.1446,3.143012,WiFi6E_6GHz
UE_005237,0.0014,56.95,50.5038,-38.05,1.1e-09,15.38,1.5,0.4656,-22.6056,5e-06,0,0,79.23,11.697311,WiFi6E_6GHz
UE_005238,0.0033,29.45,24.2811,-65.55,6.1258e-06,17.81,1.5,0.1786,31.67,1.1e-05,0,0,71.6755,7.743136,WiFi6E_6GHz
UE_005239,0.0106,52.03,46.4131,-42.97,4.6e-09,46.71,1.7402,0.0405,8.393,3.5e-05,0,0,83.8667,11.729432,WiFi6E_6GHz
UE_005240,0.0022,15.21,12.9986,-79.79,0.0002497014,11.7,1.5,0.9766,-31.67,7e-06,0,0,54.1568,3.819736,WiFi6E_6GHz
UE_005241,0.011,26.15,20.9206,-68.85,6.8452e-06,22.94,1.5,0.2638,6.837,3.7e-05,0,0,67.676,6.98424,WiFi6E_6GHz
UE_005242,0.0071,19.67,15.7091,-75.33,0.0009237954,20.74,1.5,1.5561,-31.67,2.4e-05,0,0,60.4533,4.641264,WiFi6E_6GHz
UE_005243,0.0047,47.01,43.4873,-47.99,9.4e-09,14.38,1.5,0.3409,-11.7276,1.6e-05,0,0,79.3151,11.559389,WiFi6E_6GHz
UE_005244,0.0014,20.56,14.8185,-74.44,0.0001742319,22.37,1.5678,1.5819,4.4538,5e-06,0,0,67.3309,4.963597,WiFi6E_6GHz
UE_005245,0.0067,42.2,38.9991,-52.8,1.3e-09,16.59,1.5,0.4467,16.5804,2.2e-05,0,0,80.6102,11.753733,WiFi6E_6GHz
UE_005246,0.0086,77.96,73.4343,-17.04,1.1e-09,19.42,1.7623,0.3032,-2.221,2.9e-05,0,0,79.5687,11.47875,WiFi6E_6GHz
UE_005247,0.0078,39.53,35.4682,-55.47,8e-10,18.34,1.5,0.0419,-12.7262,2.6e-05,0,0,80.2446,11.755077,WiFi6E_6GHz
UE_005248,0.0069,21.97,17.0856,-73.03,9.54671e-05,25.29,1.5,0.7582,29.6793,2.3e-05,0,0,64.7559,5.639191,WiFi6E_6GHz
UE_005249,0.0108,13.98,8.1871,-81.02,0.0417519811,10.97,1.5,4.7021,18.608,3.6e-05,0,0,52.1907,2.270673,WiFi6E_6GHz
UE_005250,0.0036,21.48,19.5749,-73.52,0.0004018675,31.24,1.5,1.0456,-8.815,1.2e-05,0,0,62.3332,5.182621,WiFi6E_6GHz
UE_005251,0.0086,15.88,10.7346,-79.12,0.0005475119,15.56,1.5,1.8117,11.8361,2.9e-05,0,0,57.8027,3.153884,WiFi6E_6GHz
UE_005252,0.0094,26.95,21.2678,-68.05,1.4822e-06,9.43,1.5,0.4226,-23.924,3.1e-05,0,0,66.4475,6.87275,WiFi6E_6GHz
UE_005253,0.0102,70.11,67.0448,-24.89,6.7e-09,15.51,1.5,0.4838,-3.6321,3.4e-05,0,0,77.3149,11.712587,WiFi6E_6GHz
UE_005254,0.0063,17.86,15.6777,-77.14,0.0005889111,15.18,1.5,1.9952,-18.3694,2.1e-05,0,0,60.8432,3.27339,WiFi6E_6GHz
UE_005255,0.0034,23.67,19.5877,-71.33,0.0006460556,22.86,1.5,0.6376,17.3061,1.1e-05,0,0,67.1725,5.241334,WiFi6E_6GHz
UE_005256,0.0046,35.03,30.7117,-59.97,2.2e-09,26.2,1.5,0.264,-2.9658,1.5e-05,0,0,78.856,11.723756,WiFi6E_6GHz
UE_005257,0.0092,30.42,27.5328,-64.58,2.211e-07,37.26,1.5,0.2703,-14.4579,3.1e-05,0,0,76.4377,7.832463,WiFi6E_6GHz
UE_005258,0.0015,46.65,41.8813,-48.35,8.8e-09,20.98,1.5,0.4409,-24.7772,5e-06,0,0,84.1657,11.807756,WiFi6E_6GHz
UE_005259,0.0045,50.09,45.1733,-44.91,4.6e-09,17.74,1.6857,0.0876,-10.4872,1.5e-05,0,0,82.2927,11.629125,WiFi6E_6GHz
UE_005260,0.0081,28.44,25.606,-66.56,8.808e-07,23.57,1.5,0.3426,11.6527,2.7e-05,0,0,73.4069,7.22986,WiFi6E_6GHz
UE_005261,0.0038,21.99,17.8188,-73.01,0.0008971794,11.15,1.5,1.1077,-28.3451,1.3e-05,0,0,60.7001,5.319184,WiFi6E_6GHz
UE_005262,0.0097,58.6,55.2573,-36.4,7.1e-09,16.44,1.5,0.2817,-5.7541,3.2e-05,0,0,78.7319,11.874725,WiFi6E_6GHz
UE_005263,0.0024,19.22,13.2296,-75.78,0.0001006373,11.8,1.5,0.6445,-20.0835,8e-06,0,0,58.5226,4.319383,WiFi6E_6GHz
UE_005264,0.0022,6.26,2.5485,-88.74,0.041561333,10.06,1.5,26.6301,4.2889,7e-06,0,0,30.214,1.012228,WiFi6E_6GHz
UE_005265,0.0051,29.56,25.8038,-65.44,1.6341e-06,19.71,1.5,0.1556,29.5428,1.7e-05,0,0,70.396,7.61485,WiFi6E_6GHz
UE_005266,0.0032,6.6,-0.0431,-88.4,0.0053633332,23.16,1.5,15.0811,-16.3263,1.1e-05,0,0,41.3965,1.576109,WiFi6E_6GHz
UE_005267,0.0059,19.82,17.193,-75.18,0.0004747456,23.1,1.5,1.6708,21.5188,2e-05,0,0,59.5382,4.595623,WiFi6E_6GHz
UE_005268,0.004,62.92,58.8461,-32.08,3.3e-09,11.5,1.5,0.0361,-17.7728,1.3e-05,0,0,81.1013,11.451306,WiFi6E_6GHz
UE_005269,0.0104,13.62,9.5787,-81.38,0.0380072435,34.52,1.5,3.8425,-29.5612,3.5e-05,0,0,56.8913,2.19033,WiFi6E_6GHz
UE_005270,0.0088,31.66,26.6019,-63.34,7.4685e-06,24.64,1.5,0.0779,11.1732,2.9e-05,0,0,74.959,8.134245,WiFi6E_6GHz
UE_005271,0.0096,35.24,29.2638,-59.76,3e-10,12.65,1.5,0.2115,-19.9659,3.2e-05,0,0,76.7073,11.925222,WiFi6E_6GHz
UE_005272,0.0052,35.75,30.279,-59.25,1.9e-09,21.51,1.5,0.1974,-15.8706,1.7e-05,0,0,80.3849,11.923963,WiFi6E_6GHz
UE_005273,0.0035,27.38,23.9655,-67.62,1.0541e-06,18.28,1.5,0.071,27.8798,1.2e-05,0,0,71.8712,6.794218,WiFi6E_6GHz
UE_005274,0.0084,84.17,79.9687,-10.83,7.9e-09,22.91,1.5,0.4466,-28.3098,2.8e-05,0,0,79.7883,11.72649,WiFi6E_6GHz
UE_005275,0.0083,39.94,38.2473,-55.06,9.6e-09,15.04,1.5,0.0817,-19.6779,2.8e-05,0,0,75.3937,11.874854,WiFi6E_6GHz
UE_005276,0.0084,55.66,52.3874,-39.34,1.5e-09,26.77,1.5,0.1183,-25.6597,2.8e-05,0,0,82.6384,11.530937,WiFi6E_6GHz
UE_005277,0.0084,17.32,12.425,-77.68,0.0005574517,34.88,1.5,0.7212,-4.6201,2.8e-05,0,0,60.4914,3.376805,WiFi6E_6GHz
UE_005278,0.0079,33.98,30.3216,-61.02,8.952e-07,33.42,1.5,0.0478,26.7004,2.6e-05,0,0,79.4577,10.158914,WiFi6E_6GHz
UE_005279,0.0023,22.76,21.1544,-72.24,0.0005099642,20.68,1.5,1.7518,29.6704,8e-06,0,0,66.3606,5.148788,WiFi6E_6GHz
UE_005280,0.0076,20.72,15.8708,-74.28,0.0001161818,25.14,1.5,0.5275,-4.7248,2.5e-05,0,0,66.5404,4.866139,WiFi6E_6GHz
UE_005281,0.0061,48.2,43.596,-46.8,7.1e-09,23.78,1.5,0.4487,-1.338,2e-05,0,0,81.6654,11.664202,WiFi6E_6GHz
UE_005282,0.0034,52.81,47.5033,-42.19,5e-10,26.41,1.5,0.2952,-31.67,1.1e-05,0,0,82.5662,11.676106,WiFi6E_6GHz
UE_005283,0.0058,59.45,55.4585,-35.55,7.8e-09,24.63,1.5,0.1776,-26.2123,1.9e-05,0,0,84.9693,11.555423,WiFi6E_6GHz
UE_005284,0.0113,15.49,9.7959,-79.51,0.0004701672,14.12,1.5,1.2277,-31.67,3.8e-05,0,0,52.9301,3.689256,WiFi6E_6GHz
UE_005285,0.0062,36.46,36.246,-58.54,7.7e-09,7.24,1.5,0.0252,-0.6111,2.1e-05,0,0,74.0006,11.727434,WiFi6E_6GHz
UE_005286,0.0108,7.52,3.1519,-87.48,0.0394249002,25.08,1.558,31.2486,31.67,3.6e-05,0,0,36.5535,1.343876,WiFi6E_6GHz
UE_005287,0.0067,21.43,16.7027,-73.57,0.0002644162,23.55,1.5,1.6602,-20.7672,2.2e-05,0,0,64.5318,5.270456,WiFi6E_6GHz
UE_005288,0.0016,30.55,26.0752,-64.45,4.9189e-06,13.63,1.5,0.2583,-31.67,5e-06,0,0,71.4176,7.917049,WiFi6E_6GHz
UE_005289,0.0042,31.75,29.9472,-63.25,5.2783e-06,23.52,1.5,0.2254,-13.7216,1.4e-05,0,0,71.8677,7.88872,WiFi6E_6GHz
UE_005290,0.0045,10.38,8.0022,-84.62,0.0434790902,9.21,1.5,7.7103,5.0546,1.5e-05,0,0,46.7263,1.68744,WiFi6E_6GHz
UE_005291,0.0057,34.13,27.1594,-60.87,9.4119e-06,15.86,1.5,0.0563,-31.67,1.9e-05,0,0,72.3961,10.266646,WiFi6E_6GHz
UE_005292,0.0042,40.7,37.3288,-54.3,9.4e-09,45.98,1.7695,0.0662,4.965,1.4e-05,0,0,81.0341,11.568585,WiFi6E_6GHz
UE_005293,0.005,24.98,21.0796,-70.02,0.0006247736,21.91,1.5,0.5495,31.67,1.7e-05,0,0,67.2682,5.396378,WiFi6E_6GHz
UE_005294,0.002,52.19,46.921,-42.81,4.4e-09,21.96,1.5,0.4648,20.5663,7e-06,0,0,80.2313,11.634843,WiFi6E_6GHz
UE_005295,0.0092,11.26,8.2345,-83.74,0.001755376,16.16,1.5,4.6157,-17.7073,3.1e-05,0,0,49.0527,2.258675,WiFi6E_6GHz
UE_005296,0.0015,38.38,33.2823,-56.62,4e-09,21.04,1.5,0.3033,-10.5712,5e-06,0,0,78.3092,11.75415,WiFi6E_6GHz
UE_005297,0.0107,25.02,19.7747,-69.98,9.1849e-06,17.08,1.5,0.4764,-31.67,3.6e-05,0,0,65.977,7.079125,WiFi6E_6GHz
UE_005298,0.0059,28.48,25.1413,-66.52,4.531e-07,24.93,1.5,0.3849,1.6289,2e-05,0,0,68.9217,7.894849,WiFi6E_6GHz
UE_005299,0.0058,70.27,66.3513,-24.73,3.6e-09,21.22,1.5,0.3251,31.67,1.9e-05,0,0,80.0046,11.629865,WiFi6E_6GHz
UE_005300,0.0025,6.4,1.7525,-88.6,0.0305371371,18.82,1.5,28.2281,-31.67,8e-06,0,0,36.1423,0.971811,WiFi6E_6GHz
UE_005301,0.0041,4.03,-1.2963,-90.97,0.0538331768,20.38,1.5,22.4173,-2.1951,1.4e-05,0,0,33.0976,0.64566,WiFi6E_6GHz
UE_005302,0.0048,15.06,12.5621,-79.94,0.0008434836,14.72,1.5,1.3382,-17.7887,1.6e-05,0,0,57.0261,3.598527,WiFi6E_6GHz
UE_005303,0.0054,26.88,23.056,-68.12,4.4902e-06,16.7,1.5,0.0221,2.0652,1.8e-05,0,0,69.5686,7.196321,WiFi6E_6GHz
UE_005304,0.0079,44.45,40.1769,-50.55,8e-10,17.54,1.5,0.3832,-31.67,2.6e-05,0,0,81.6691,11.530516,WiFi6E_6GHz
UE_005305,0.0083,20.04,18.2894,-74.96,0.0001139601,16.22,1.5,1.6595,-11.371,2.8e-05,0,0,61.693,4.581979,WiFi6E_6GHz
UE_005306,0.004,18.0,11.67,-77.0,4.77923e-05,15.38,1.5,0.7343,-25.8714,1.3e-05,0,0,59.8139,3.619277,WiFi6E_6GHz
UE_005307,0.0021,40.28,36.8011,-54.72,1.2e-09,16.53,1.5,0.0249,-7.4572,7e-06,0,0,78.4565,11.411232,WiFi6E_6GHz
UE_005308,0.008,47.97,43.7578,-47.03,9.7e-09,35.49,1.5,0.3885,-31.67,2.7e-05,0,0,78.7113,11.632386,WiFi6E_6GHz
UE_005309,0.0028,42.65,40.3332,-52.35,6.9e-09,16.8,1.5,0.2059,30.944,9e-06,0,0,78.8061,11.436146,WiFi6E_6GHz
UE_005310,0.0093,49.11,42.9376,-45.89,9e-10,25.8,1.5,0.2564,-31.67,3.1e-05,0,0,77.3749,12.016891,WiFi6E_6GHz
UE_005311,0.0021,36.22,32.5415,-58.78,6.8e-09,34.75,1.5,0.174,-8.5949,7e-06,0,0,81.4813,11.723034,WiFi6E_6GHz
UE_005312,0.0091,6.43,1.6465,-88.57,0.0137390139,12.35,1.5,35.735,9.4833,3e-05,0,0,27.1205,1.456045,WiFi6E_6GHz
UE_005313,0.0056,17.11,14.8174,-77.89,2.55843e-05,28.58,1.5,1.7188,2.0125,1.9e-05,0,0,59.3567,3.532075,WiFi6E_6GHz
UE_005314,0.0068,42.05,37.8104,-52.95,3.3e-09,39.52,1.5548,0.3162,28.8094,2.3e-05,0,0,84.2184,11.57699,WiFi6E_6GHz
UE_005315,0.0022,34.4,32.3861,-60.6,5.3615e-06,18.67,1.5,0.1469,-23.085,7e-06,0,0,77.012,10.223863,WiFi6E_6GHz
UE_005316,0.0045,46.52,41.8661,-48.48,4e-10,13.68,1.5,0.1018,4.4922,1.5e-05,0,0,81.0257,11.386674,WiFi6E_6GHz
UE_005317,0.0078,58.63,53.0532,-36.37,5.5e-09,26.48,1.7931,0.0708,31.67,2.6e-05,0,0,83.6922,11.854044,WiFi6E_6GHz
UE_005318,0.0058,18.65,13.1814,-76.35,0.0001774527,14.2,1.5,1.1745,-26.3426,1.9e-05,0,0,58.0967,3.668039,WiFi6E_6GHz
UE_005319,0.0099,4.91,0.836,-90.09,0.1452713054,17.89,1.5,16.7184,-31.67,3.3e-05,0,0,40.5755,0.655692,WiFi6E_6GHz
UE_005320,0.0027,23.75,18.3972,-71.25,0.0004103743,23.14,1.5,1.7368,-29.3798,9e-06,0,0,64.5166,5.248035,WiFi6E_6GHz
UE_005321,0.0012,48.95,43.5582,-46.05,7.5e-09,22.08,1.5,0.4865,31.5661,4e-06,0,0,82.1712,11.671613,WiFi6E_6GHz
UE_005322,0.0032,32.27,27.7012,-62.73,1.8972e-06,13.04,2.1003,0.1365,-24.8968,1.1e-05,0,0,74.1118,10.414829,WiFi6E_6GHz
UE_005323,0.0107,24.03,19.7416,-70.97,0.0006884477,4.45,1.5,0.7991,-28.7209,3.6e-05,0,0,63.1024,5.397865,WiFi6E_6GHz
UE_005324,0.011,25.62,20.3494,-69.38,9.6765e-06,15.03,1.5,0.3379,-19.9828,3.7e-05,0,0,67.4617,6.92169,WiFi6E_6GHz
UE_005325,0.0059,24.66,20.2326,-70.34,0.0006684015,9.37,1.5,1.917,-23.9201,2e-05,0,0,68.8787,4.98653,WiFi6E_6GHz
UE_005326,0.001,39.95,34.0763,-55.05,5.4e-09,18.78,1.5,0.4966,-10.5729,3e-06,0,0,79.7264,11.897594,WiFi6E_6GHz
UE_005327,0.0065,3.06,-3.3099,-91.94,0.1327369451,10.54,1.5,9.5427,-31.67,2.2e-05,0,0,41.2281,0.505082,WiFi6E_6GHz
UE_005328,0.0072,15.35,10.5981,-79.65,0.000689247,33.78,1.5,1.322,22.3898,2.4e-05,0,0,59.0854,3.060684,WiFi6E_6GHz
UE_005329,0.0057,28.96,23.2422,-66.04,2.5179e-06,43.08,1.6875,0.3445,-31.67,1.9e-05,0,0,76.0568,7.851596,WiFi6E_6GHz
UE_005330,0.0021,26.87,19.18,-68.13,1.7791e-06,18.89,1.5,0.1072,24.3002,7e-06,0,0,67.532,7.20821,WiFi6E_6GHz
UE_005331,0.0038,43.27,37.4639,-51.73,9.1e-09,19.54,1.5,0.0039,-21.3914,1.3e-05,0,0,81.6182,11.845401,WiFi6E_6GHz
UE_005332,0.0015,45.03,42.1135,-49.97,8.9e-09,40.36,1.5,0.1795,16.7806,5e-06,0,0,82.0961,11.459733,WiFi6E_6GHz
UE_005333,0.0093,20.7,16.3077,-74.3,0.0008342323,12.32,1.5,1.3629,-31.67,3.1e-05,0,0,61.2711,4.5521,WiFi6E_6GHz
UE_005334,0.0064,35.39,29.6381,-59.61,8.7e-09,30.21,1.5,0.0428,6.3209,2.1e-05,0,0,81.8756,11.610168,WiFi6E_6GHz
UE_005335,0.0078,16.64,12.9437,-78.36,0.0005185962,25.47,1.5,0.6373,31.67,2.6e-05,0,0,61.9628,3.744386,WiFi6E_6GHz
UE_005336,0.0105,64.23,61.6959,-30.77,8.1e-09,16.7,1.5,0.2376,-13.0703,3.5e-05,0,0,81.1612,11.607544,WiFi6E_6GHz
UE_005337,0.0069,50.4,44.6986,-44.6,9e-10,35.66,1.5,0.2582,-31.0371,2.3e-05,0,0,85.2157,11.609304,WiFi6E_6GHz
UE_005338,0.0058,26.23,22.9057,-68.77,4.6073e-06,33.75,1.6283,0.0371,-12.1813,1.9e-05,0,0,69.4846,6.728573,WiFi6E_6GHz
UE_005339,0.0039,3.16,-1.8192,-91.84,0.0572006108,8.68,1.5,10.8988,-5.4344,1.3e-05,0,0,39.8959,0.371058,WiFi6E_6GHz
UE_005340,0.0061,30.72,26.0436,-64.28,3.234e-06,21.36,1.5,0.1455,31.67,2e-05,0,0,72.7899,7.647832,WiFi6E_6GHz
UE_005341,0.0073,15.46,9.787,-79.54,0.0007888666,35.15,1.5,0.8527,21.7308,2.4e-05,0,0,60.7638,3.420105,WiFi6E_6GHz
UE_005342,0.0037,35.23,31.5302,-59.77,8e-09,15.75,1.5,0.1215,31.67,1.2e-05,0,0,75.7388,11.771666,WiFi6E_6GHz
UE_005343,0.0109,11.81,8.4226,-83.19,0.022419029,38.25,1.5964,5.1542,24.483,3.6e-05,0,0,57.1359,2.282091,WiFi6E_6GHz
UE_005344,0.0046,25.48,19.6773,-69.52,8.941e-07,27.19,1.5,0.247,13.045,1.5e-05,0,0,68.9722,7.090468,WiFi6E_6GHz
UE_005345,0.0111,44.94,41.4756,-50.06,8e-09,26.35,1.5,0.4989,-24.8167,3.7e-05,0,0,84.1413,11.56532,WiFi6E_6GHz
UE_005346,0.0068,56.16,52.1961,-38.84,4e-09,31.47,1.5,0.0074,-28.897,2.3e-05,0,0,84.9246,11.723621,WiFi6E_6GHz
UE_005347,0.0065,65.38,61.0756,-29.62,8.7e-09,25.05,1.5,0.4641,31.67,2.2e-05,0,0,81.6068,11.446126,WiFi6E_6GHz
UE_005348,0.0111,29.65,25.4614,-65.35,4.3882e-06,12.8,1.5,0.0831,9.385,3.7e-05,0,0,71.3041,7.857926,WiFi6E_6GHz
UE_005349,0.0055,12.01,8.0203,-82.99,0.0056999112,43.56,1.5,3.3726,-17.2719,1.8e-05,0,0,59.4845,2.3017,WiFi6E_6GHz
UE_005350,0.0053,11.48,5.8763,-83.52,0.0065406221,12.7,1.5,5.6932,-13.1291,1.8e-05,0,0,50.846,2.391633,WiFi6E_6GHz
UE_005351,0.0042,65.36,61.4817,-29.64,4.9e-09,16.9,1.5,0.2741,-4.2494,1.4e-05,0,0,80.222,11.680631,WiFi6E_6GHz
UE_005352,0.002,47.44,44.1091,-47.56,9.2e-09,20.66,1.5,0.4761,-31.67,7e-06,0,0,82.1703,11.711554,WiFi6E_6GHz
UE_005353,0.0096,17.48,15.6201,-77.52,0.0003139837,23.93,1.5,1.8593,-31.67,3.2e-05,0,0,58.5764,3.433268,WiFi6E_6GHz
UE_005354,0.0027,29.13,24.3853,-65.87,6.764e-06,15.66,1.5,0.1316,-12.7826,9e-06,0,0,68.8036,7.860986,WiFi6E_6GHz
UE_005355,0.007,17.2,12.4987,-77.8,0.0005112953,35.24,1.513,1.0867,-27.2359,2.3e-05,0,0,61.3249,2.916297,WiFi6E_6GHz
UE_005356,0.006,28.25,21.4786,-66.75,3.776e-06,36.46,1.5,0.27,24.9068,2e-05,0,0,71.0443,7.813301,WiFi6E_6GHz
UE_005357,0.0046,47.49,42.9929,-47.51,9.4e-09,21.73,1.5,0.4737,21.2928,1.5e-05,0,0,79.2888,11.569448,WiFi6E_6GHz
UE_005358,0.0062,21.89,16.4362,-73.11,0.0005649512,35.02,1.5,1.1295,23.3752,2.1e-05,0,0,65.0582,4.901492,WiFi6E_6GHz
UE_005359,0.0018,48.67,43.9257,-46.33,4.3e-09,21.08,1.635,0.0308,-22.0643,6e-06,0,0,80.5488,11.782084,WiFi6E_6GHz
UE_005360,0.0083,41.56,36.8557,-53.44,3.3e-09,0.01,1.5,0.4602,4.5155,2.8e-05,0,0,76.23,11.741363,WiFi6E_6GHz
UE_005361,0.0084,8.72,4.1997,-86.28,0.031871668,0.0,1.5,34.3114,-5.863,2.8e-05,0,0,29.7609,1.698866,WiFi6E_6GHz
UE_005362,0.0075,15.26,11.8599,-79.74,0.0004186938,0.11,1.5,1.6881,-1.3636,2.5e-05,0,0,55.9571,3.442459,WiFi6E_6GHz
UE_005363,0.0011,5.68,0.3161,-89.32,0.0176765854,15.35,1.5,33.1101,-31.67,4e-06,0,0,31.2881,0.984098,WiFi6E_6GHz
UE_005364,0.0106,52.38,51.1064,-42.62,1.9e-09,16.24,1.5,0.2727,-2.1689,3.5e-05,0,0,84.3703,11.663612,WiFi6E_6GHz
UE_005365,0.0072,25.34,24.8608,-69.66,5.4915e-06,19.88,1.5,0.1149,-1.5197,2.4e-05,0,0,70.8774,6.850053,WiFi6E_6GHz
UE_005366,0.0065,26.11,24.3384,-68.89,4.294e-06,17.73,1.5,0.1902,-13.2336,2.2e-05,0,0,68.7747,7.118407,WiFi6E_6GHz
UE_005367,0.0054,45.03,42.0336,-49.97,4.5e-09,20.04,1.5,0.3564,31.67,1.8e-05,0,0,80.0547,11.92378,WiFi6E_6GHz
UE_005368,0.0056,10.01,9.611,-84.99,0.0338080635,31.67,1.5,5.2969,-9.2002,1.9e-05,0,0,53.6332,1.49532,WiFi6E_6GHz
UE_005369,0.0105,47.85,41.3601,-47.15,6.8e-09,20.28,1.5,0.466,-24.3293,3.5e-05,0,0,79.1775,12.020744,WiFi6E_6GHz
UE_005370,0.0049,30.82,26.8912,-64.18,5.06e-07,10.44,1.5343,0.3484,-16.499,1.6e-05,0,0,74.643,7.564489,WiFi6E_6GHz
UE_005371,0.0073,39.75,34.5193,-55.25,3.8e-09,14.29,1.5,0.3066,29.8488,2.4e-05,0,0,75.4668,11.780043,WiFi6E_6GHz
UE_005372,0.0021,7.33,2.7547,-87.67,0.0354071798,12.46,1.5,8.5621,31.67,7e-06,0,0,47.1606,1.22482,WiFi6E_6GHz
UE_005373,0.0036,50.24,46.9019,-44.76,8.6e-09,28.16,1.5,0.2413,-29.7848,1.2e-05,0,0,82.4685,11.867877,WiFi6E_6GHz
UE_005374,0.0073,14.38,9.9947,-80.62,0.003802336,22.17,1.5,5.3583,14.328,2.4e-05,0,0,55.171,2.115873,WiFi6E_6GHz
UE_005375,0.0047,46.31,41.7308,-48.69,7e-10,16.9,1.5,0.3744,31.67,1.6e-05,0,0,80.7191,11.920745,WiFi6E_6GHz
UE_005376,0.0026,26.48,20.5702,-68.52,3.2158e-06,14.8,1.5,0.4717,-20.0849,9e-06,0,0,66.0144,7.237467,WiFi6E_6GHz
UE_005377,0.0039,38.45,33.6402,-56.55,9.2e-09,18.2,1.5,0.1193,0.3325,1.3e-05,0,0,78.7465,11.765897,WiFi6E_6GHz
UE_005378,0.0097,19.42,14.7287,-75.58,0.0006074227,12.41,1.5,0.5122,-4.6087,3.2e-05,0,0,62.6548,4.857234,WiFi6E_6GHz
UE_005379,0.0077,9.5,8.7007,-85.5,0.0115152929,20.12,1.539,14.7366,15.0166,2.6e-05,0,0,44.6477,1.363062,WiFi6E_6GHz
UE_005380,0.0028,46.1,40.8273,-48.9,9.2e-09,25.51,1.5,0.2561,-16.1865,9e-06,0,0,82.9374,11.610052,WiFi6E_6GHz
UE_005381,0.0107,7.4,4.4584,-87.6,0.049887355,13.76,1.5,10.0191,15.9691,3.6e-05,0,0,47.3361,1.375513,WiFi6E_6GHz
UE_005382,0.0051,20.53,16.3802,-74.47,0.0008534882,15.65,1.5,1.014,-23.328,1.7e-05,0,0,65.0281,4.808476,WiFi6E_6GHz
UE_005383,0.0018,20.4,15.7979,-74.6,0.0006679996,18.3,1.5,0.8005,31.67,6e-06,0,0,60.4683,4.653266,WiFi6E_6GHz
UE_005384,0.0056,11.39,7.1201,-83.61,0.0170021455,20.96,1.5,7.5598,2.4683,1.9e-05,0,0,54.2409,2.465246,WiFi6E_6GHz
UE_005385,0.0055,38.92,32.6778,-56.08,8.2e-09,32.87,1.5,0.0395,21.7563,1.8e-05,0,0,81.721,11.638386,WiFi6E_6GHz
UE_005386,0.0089,8.73,4.6837,-86.27,0.0491584906,13.35,1.5,8.7814,18.2499,3e-05,0,0,46.14,2.014219,WiFi6E_6GHz
UE_005387,0.0042,25.37,21.3002,-69.63,1.3017e-06,14.79,1.5,0.3942,-21.2892,1.4e-05,0,0,68.9709,7.132614,WiFi6E_6GHz
UE_005388,0.0032,52.41,48.3585,-42.59,9.9e-09,7.05,1.5,0.3471,-22.593,1.1e-05,0,0,77.9951,11.715618,WiFi6E_6GHz
UE_005389,0.0092,10.71,7.5246,-84.29,0.0106502145,9.96,1.5,2.4258,1.2465,3.1e-05,0,0,52.9125,1.852885,WiFi6E_6GHz
UE_005390,0.0057,24.27,21.2359,-70.73,0.0005840412,30.1,1.8211,1.889,-31.67,1.9e-05,0,0,70.5054,5.16316,WiFi6E_6GHz
UE_005391,0.0015,50.23,45.4358,-44.77,4e-09,29.38,1.5,0.1716,-30.7676,5e-06,0,0,78.2388,11.673257,WiFi6E_6GHz
UE_005392,0.0091,32.67,29.088,-62.33,4.9458e-06,12.76,1.5,0.393,-21.4934,3e-05,0,0,73.5337,10.519105,WiFi6E_6GHz
UE_005393,0.0108,11.26,6.7881,-83.74,0.0377169836,20.98,1.5,3.4572,-24.6585,3.6e-05,0,0,55.7409,2.178538,WiFi6E_6GHz
UE_005394,0.0088,34.44,29.083,-60.56,7.2957e-06,36.92,1.5,0.4312,31.67,2.9e-05,0,0,82.0304,10.505401,WiFi6E_6GHz
UE_005395,0.0054,28.07,21.5616,-66.93,5.2867e-06,14.82,1.5,0.2834,31.67,1.8e-05,0,0,68.9382,7.7079,WiFi6E_6GHz
UE_005396,0.0055,51.77,46.4121,-43.23,2.2e-09,18.82,1.5,0.1267,17.7558,1.8e-05,0,0,82.5657,12.302173,WiFi6E_6GHz
UE_005397,0.0034,15.7,10.3336,-79.3,0.0008256326,13.46,1.5,1.83,21.1687,1.1e-05,0,0,59.1359,3.544053,WiFi6E_6GHz
UE_005398,0.005,53.83,51.3814,-41.17,1.2e-09,19.95,1.5,0.3463,4.3439,1.7e-05,0,0,81.3897,11.660734,WiFi6E_6GHz
UE_005399,0.0038,26.28,22.0543,-68.72,3.5692e-06,14.84,1.5,0.3889,6.1285,1.3e-05,0,0,65.4835,7.145913,WiFi6E_6GHz
UE_005400,0.0059,57.44,55.6042,-37.56,8.8e-09,17.16,1.5,0.1519,7.3889,2e-05,0,0,82.4318,11.486248,WiFi6E_6GHz
UE_005401,0.0095,21.79,19.0781,-73.21,0.0008498018,18.2,1.5,0.9817,31.67,3.2e-05,0,0,65.513,4.997859,WiFi6E_6GHz
UE_005402,0.0097,20.91,17.2056,-74.09,0.0001265719,28.98,1.5,0.7231,2.8413,3.2e-05,0,0,65.5503,4.686152,WiFi6E_6GHz
UE_005403,0.0043,38.07,34.7547,-56.93,5e-10,18.04,1.5,0.3455,10.2442,1.4e-05,0,0,81.1934,12.053636,WiFi6E_6GHz
UE_005404,0.0055,48.93,45.5768,-46.07,4.8e-09,32.39,1.5,0.164,11.0528,1.8e-05,0,0,80.5553,11.726933,WiFi6E_6GHz
UE_005405,0.0052,19.12,13.6646,-75.88,0.0006747963,15.3,1.5,1.44,-6.4749,1.7e-05,0,0,58.1046,4.81948,WiFi6E_6GHz
UE_005406,0.0104,24.11,20.8447,-70.89,0.0005435146,8.63,1.5,1.5341,31.67,3.5e-05,0,0,63.7589,5.206992,WiFi6E_6GHz
UE_005407,0.0048,53.02,49.8283,-41.98,6e-10,21.17,1.5,0.3831,-2.1884,1.6e-05,0,0,83.3833,11.755413,WiFi6E_6GHz
UE_005408,0.0063,21.11,17.8675,-73.89,0.0001774936,6.49,1.5,1.6368,-13.777,2.1e-05,0,0,64.9509,5.20782,WiFi6E_6GHz
UE_005409,0.0096,13.67,9.4165,-81.33,0.0422007838,26.17,1.6601,2.9622,-2.7219,3.2e-05,0,0,57.3472,2.136512,WiFi6E_6GHz
UE_005410,0.0033,19.26,14.3587,-75.74,0.0009935931,29.82,1.5,1.0322,31.67,1.1e-05,0,0,60.7379,5.047433,WiFi6E_6GHz
UE_005411,0.0109,48.79,48.7402,-46.21,2.7e-09,19.38,1.5,0.2339,31.67,3.6e-05,0,0,78.6122,11.383288,WiFi6E_6GHz
UE_005412,0.0091,15.89,13.8824,-79.11,0.0005619215,25.84,1.5438,0.5422,-1.3794,3e-05,0,0,59.744,3.608993,WiFi6E_6GHz
UE_005413,0.0111,22.34,17.7915,-72.66,0.0004710194,16.29,1.5,0.9922,-19.8388,3.7e-05,0,0,66.3153,5.270036,WiFi6E_6GHz
UE_005414,0.0082,9.6,4.836,-85.4,0.0301085471,15.82,1.5,34.1844,11.559,2.7e-05,0,0,33.5298,1.899038,WiFi6E_6GHz
UE_005415,0.0053,43.81,41.6442,-51.19,3.3e-09,12.86,1.5,0.4342,14.8812,1.8e-05,0,0,82.7237,11.902831,WiFi6E_6GHz
UE_005416,0.0093,7.59,3.6691,-87.41,0.0186802924,22.36,1.5,13.0359,31.67,3.1e-05,0,0,44.8799,1.134943,WiFi6E_6GHz
UE_005417,0.0098,40.82,34.3672,-54.18,9.8e-09,18.91,1.7727,0.0586,31.67,3.3e-05,0,0,82.6864,11.542711,WiFi6E_6GHz
UE_005418,0.0082,28.94,25.2903,-66.06,2.2859e-06,21.86,1.5,0.4788,31.67,2.7e-05,0,0,70.9852,7.888883,WiFi6E_6GHz
UE_005419,0.0049,28.53,22.1989,-66.47,5.7562e-06,27.24,1.5,0.0735,31.67,1.6e-05,0,0,70.039,8.145858,WiFi6E_6GHz
UE_005420,0.0039,20.24,17.8545,-74.76,0.0005804125,12.5,1.5,1.3406,-30.4728,1.3e-05,0,0,60.9106,4.712171,WiFi6E_6GHz
UE_005421,0.0082,35.61,31.9273,-59.39,1.4e-09,15.34,1.5,0.0862,18.0733,2.7e-05,0,0,76.2933,11.72453,WiFi6E_6GHz
UE_005422,0.0086,36.19,33.9525,-58.81,8e-10,13.38,1.5,0.1576,31.67,2.9e-05,0,0,78.0973,11.757918,WiFi6E_6GHz
UE_005423,0.0059,50.0,47.4227,-45.0,5.7e-09,14.87,1.5,0.1504,8.4004,2e-05,0,0,81.4181,11.422154,WiFi6E_6GHz
UE_005424,0.0091,36.15,32.6612,-58.85,9.5e-09,28.89,1.5,0.1559,29.7028,3e-05,0,0,76.2854,11.699413,WiFi6E_6GHz
UE_005425,0.004,13.79,10.9644,-81.21,0.0447381405,30.43,1.5,2.4365,-19.688,1.3e-05,0,0,58.0515,2.217727,WiFi6E_6GHz
UE_005426,0.0109,41.65,35.2687,-53.35,6.6e-09,15.15,1.5,0.2224,-2.8689,3.6e-05,0,0,82.044,11.710634,WiFi6E_6GHz
UE_005427,0.0104,23.6,19.908,-71.4,0.0009573792,16.15,1.5,1.6189,9.4988,3.5e-05,0,0,68.223,5.111906,WiFi6E_6GHz
UE_005428,0.009,60.95,58.2346,-34.05,5.8e-09,14.25,1.5,0.4483,27.8078,3e-05,0,0,78.4008,11.805188,WiFi6E_6GHz
UE_005429,0.004,22.33,19.3888,-72.67,0.0001454787,19.6,1.5,1.6306,31.67,1.3e-05,0,0,65.4052,5.450097,WiFi6E_6GHz
UE_005430,0.0038,52.1,48.2843,-42.9,2.7e-09,27.12,1.5,0.3884,-28.1337,1.3e-05,0,0,80.5314,11.701809,WiFi6E_6GHz
UE_005431,0.0099,22.54,16.8735,-72.46,0.0009662305,27.67,1.5,1.0001,31.67,3.3e-05,0,0,65.2066,5.150255,WiFi6E_6GHz
UE_005432,0.0099,50.3,46.4634,-44.7,8.3e-09,12.9,1.5,0.354,25.3061,3.3e-05,0,0,80.6545,11.462542,WiFi6E_6GHz
UE_005433,0.0059,17.65,12.0942,-77.35,0.0004008044,36.84,1.5,0.6176,-27.3363,2e-05,0,0,63.7436,3.42062,WiFi6E_6GHz
UE_005434,0.009,21.79,15.2821,-73.21,0.0005844501,9.08,1.5,0.64,18.444,3e-05,0,0,61.1921,4.982597,WiFi6E_6GHz
UE_005435,0.009,17.1,10.4012,-77.9,4.76657e-05,11.96,1.5,1.7868,-30.4233,3e-05,0,0,58.1129,3.84379,WiFi6E_6GHz
UE_005436,0.0081,3.14,-1.1371,-91.86,0.1393205511,37.57,1.5,9.5039,9.3336,2.7e-05,0,0,42.8684,0.576819,WiFi6E_6GHz
UE_005437,0.0073,41.82,36.0845,-53.18,5.6e-09,12.55,1.5,0.2113,30.4809,2.4e-05,0,0,80.9783,11.364322,WiFi6E_6GHz
UE_005438,0.0062,9.69,4.2485,-85.31,0.0039838566,21.16,1.5,35.7674,-30.881,2.1e-05,0,0,31.7928,1.5573,WiFi6E_6GHz
UE_005439,0.0042,38.77,36.0546,-56.23,2.8e-09,22.97,1.5,0.4739,-21.7578,1.4e-05,0,0,79.8395,11.80787,WiFi6E_6GHz
UE_005440,0.0092,9.21,3.987,-85.79,0.034612002,17.08,1.5,36.4121,-26.1176,3.1e-05,0,0,27.799,1.800428,WiFi6E_6GHz
UE_005441,0.0063,12.48,7.7469,-82.52,0.011383351,7.32,1.5,5.0283,-31.4088,2.1e-05,0,0,52.2142,2.32301,WiFi6E_6GHz
UE_005442,0.0085,20.99,16.6907,-74.01,0.0008213878,18.74,1.5,1.9314,6.5746,2.8e-05,0,0,64.9547,4.873125,WiFi6E_6GHz
UE_005443,0.0089,18.91,15.7184,-76.09,0.0004017923,19.13,1.5,0.9329,-3.6054,3e-05,0,0,64.6548,3.600661,WiFi6E_6GHz
UE_005444,0.0072,10.49,6.3353,-84.51,0.0095928128,15.19,1.5,6.6371,-14.1025,2.4e-05,0,0,51.8467,1.930191,WiFi6E_6GHz
UE_005445,0.0088,18.33,15.8583,-76.67,0.000246811,15.08,1.5,1.0669,-16.0843,2.9e-05,0,0,61.5262,3.589982,WiFi6E_6GHz
UE_005446,0.0044,66.72,60.2662,-28.28,9.1e-09,28.03,1.5,0.2229,-6.0213,1.5e-05,0,0,81.2678,11.754715,WiFi6E_6GHz
UE_005447,0.0021,32.85,31.0704,-62.15,5.0174e-06,18.74,1.5,0.1034,7.4111,7e-06,0,0,78.1103,10.197945,WiFi6E_6GHz
UE_005448,0.0062,4.57,1.0532,-90.43,0.133799653,42.02,1.5551,31.9436,-16.953,2.1e-05,0,0,32.5441,0.685069,WiFi6E_6GHz
UE_005449,0.0049,24.63,22.8887,-70.37,0.0007071813,35.7,1.5,1.8943,-1.8968,1.6e-05,0,0,67.2639,5.005817,WiFi6E_6GHz
UE_005450,0.0025,20.01,11.6025,-74.99,0.0004895299,9.1,1.5,1.0748,-27.686,8e-06,0,0,66.6953,4.111512,WiFi6E_6GHz
UE_005451,0.0035,4.5,-0.1788,-90.5,0.0922066603,22.82,1.5,25.4423,29.121,1.2e-05,0,0,35.2703,0.919177,WiFi6E_6GHz
UE_005452,0.0086,27.73,23.7692,-67.27,4.0896e-06,20.65,1.5,0.2273,-28.0003,2.9e-05,0,0,71.5682,7.36184,WiFi6E_6GHz
UE_005453,0.0086,52.9,48.7269,-42.1,2.5e-09,26.4,1.5,0.3618,31.67,2.9e-05,0,0,83.0371,11.584692,WiFi6E_6GHz
UE_005454,0.0012,12.23,9.4025,-82.77,0.0309134771,14.33,1.7998,7.7698,31.67,4e-06,0,0,50.5353,2.235583,WiFi6E_6GHz
UE_005455,0.0042,20.9,18.8041,-74.1,0.0009140199,7.64,1.5,1.0409,27.5688,1.4e-05,0,0,57.8025,5.200342,WiFi6E_6GHz
UE_005456,0.0111,30.67,26.0653,-64.33,7.1905e-06,20.67,1.5,0.4862,-17.7096,3.7e-05,0,0,69.5874,8.005577,WiFi6E_6GHz
UE_005457,0.0108,12.24,7.73,-82.76,0.0222595592,36.6,1.5,2.6282,16.8541,3.6e-05,0,0,58.0047,2.045876,WiFi6E_6GHz
UE_005458,0.0021,18.63,14.8619,-76.37,9.20349e-05,26.28,1.5,1.6108,13.1757,7e-06,0,0,64.0026,3.539252,WiFi6E_6GHz
UE_005459,0.0025,19.31,15.0361,-75.69,0.0007010213,13.91,1.5,1.9816,27.9696,8e-06,0,0,58.2027,4.849151,WiFi6E_6GHz
UE_005460,0.0024,33.58,29.7144,-61.42,4.2183e-06,31.43,1.6609,0.0535,29.0163,8e-06,0,0,74.7617,10.47236,WiFi6E_6GHz
UE_005461,0.0092,32.05,27.0931,-62.95,7.649e-07,24.45,1.5,0.0319,-5.454,3.1e-05,0,0,74.2462,10.329416,WiFi6E_6GHz
UE_005462,0.0032,44.63,41.194,-50.37,1e-09,20.1,1.5,0.3793,-10.1701,1.1e-05,0,0,81.9416,11.533686,WiFi6E_6GHz
UE_005463,0.0105,36.51,30.7276,-58.49,1.4e-09,20.86,1.5,0.0283,-31.67,3.5e-05,0,0,78.132,11.353462,WiFi6E_6GHz
UE_005464,0.008,18.74,15.0941,-76.26,0.0003421635,15.12,1.5,0.5062,31.67,2.7e-05,0,0,62.7294,3.520935,WiFi6E_6GHz
UE_005465,0.0028,35.97,32.394,-59.03,6.2e-09,11.55,1.5,0.0054,-31.67,9e-06,0,0,76.6454,11.740426,WiFi6E_6GHz
UE_005466,0.0091,13.77,7.776,-81.23,0.0037022572,31.4,1.5,2.75,-4.956,3e-05,0,0,59.9922,2.12008,WiFi6E_6GHz
UE_005467,0.0079,12.5,5.6285,-82.5,0.0124781747,14.47,1.5246,5.0268,23.2152,2.6e-05,0,0,54.7842,2.446243,WiFi6E_6GHz
UE_005468,0.0014,21.69,20.0468,-73.31,0.0003653395,17.1,1.5,1.4997,12.7766,5e-06,0,0,62.2335,5.37745,WiFi6E_6GHz
UE_005469,0.0064,5.4,0.9019,-89.6,0.041644196,24.77,1.6361,28.8475,31.67,2.1e-05,0,0,31.4755,1.117753,WiFi6E_6GHz
UE_005470,0.0053,36.71,35.121,-58.29,9.8e-09,23.74,1.5,0.3652,31.67,1.8e-05,0,0,80.9111,11.75492,WiFi6E_6GHz
UE_005471,0.0045,40.14,37.3537,-54.86,6.1e-09,28.67,1.5,0.2815,-31.67,1.5e-05,0,0,82.5642,11.566291,WiFi6E_6GHz
UE_005472,0.0037,59.69,57.179,-35.31,0.0,25.88,1.5,0.1071,-20.4907,1.2e-05,0,0,80.2862,12.09374,WiFi6E_6GHz
UE_005473,0.0066,22.13,17.5805,-72.87,0.000739659,46.23,1.5,1.2408,-21.9247,2.2e-05,0,0,64.8463,5.410721,WiFi6E_6GHz
UE_005474,0.0075,31.58,27.8785,-63.42,2.9562e-06,14.52,1.5,0.1859,18.2458,2.5e-05,0,0,70.7448,7.629812,WiFi6E_6GHz
UE_005475,0.0108,48.12,42.1089,-46.88,6.4e-09,38.86,1.5,0.3322,18.5903,3.6e-05,0,0,85.9535,11.960185,WiFi6E_6GHz
UE_005476,0.0104,28.56,22.2249,-66.44,6.8286e-06,17.63,1.5,0.4096,11.6594,3.5e-05,0,0,73.0411,7.592085,WiFi6E_6GHz
UE_005477,0.0104,5.03,1.3276,-89.97,0.0120614924,15.95,1.5,20.3519,21.9901,3.5e-05,0,0,36.7744,1.203208,WiFi6E_6GHz
UE_005478,0.01,48.51,44.3988,-46.49,3.9e-09,24.21,1.7768,0.0531,-31.67,3.3e-05,0,0,79.5784,11.760747,WiFi6E_6GHz
UE_005479,0.0037,36.04,30.459,-58.96,1.8e-09,13.24,1.5,0.1558,19.998,1.2e-05,0,0,78.2101,11.389338,WiFi6E_6GHz
UE_005480,0.0031,38.89,34.5116,-56.11,8e-10,12.2,1.5,0.4998,-1.1118,1e-05,0,0,77.444,11.806368,WiFi6E_6GHz
UE_005481,0.0092,1.44,-2.5946,-93.56,0.1169185746,19.8,1.5,33.4579,2.0341,3.1e-05,0,0,27.0691,0.526861,WiFi6E_6GHz
UE_005482,0.0094,17.11,13.7557,-77.89,0.0009314025,30.46,1.5,0.9394,-31.67,3.1e-05,0,0,63.3675,3.573064,WiFi6E_6GHz
UE_005483,0.0053,17.36,15.4686,-77.64,0.0003855655,16.24,1.5,1.9123,9.1946,1.8e-05,0,0,62.3527,3.567743,WiFi6E_6GHz
UE_005484,0.0039,55.06,52.3052,-39.94,7e-09,12.46,1.5,0.3857,31.4324,1.3e-05,0,0,78.8355,11.55538,WiFi6E_6GHz
UE_005485,0.0087,39.77,37.8226,-55.23,1.8e-09,39.51,1.5588,0.3166,-31.67,2.9e-05,0,0,83.7229,11.835031,WiFi6E_6GHz
UE_005486,0.0012,26.73,22.6962,-68.27,5.8028e-06,22.49,1.5,0.4279,-25.7331,4e-06,0,0,66.5875,6.733459,WiFi6E_6GHz
UE_005487,0.0026,43.69,38.4432,-51.31,5.7e-09,20.95,1.5,0.0353,4.3468,9e-06,0,0,79.621,11.482547,WiFi6E_6GHz
UE_005488,0.0036,62.96,58.4208,-32.04,3.8e-09,18.69,1.5,0.4295,29.8794,1.2e-05,0,0,80.4454,11.686512,WiFi6E_6GHz
UE_005489,0.0035,38.56,35.8987,-56.44,3.6e-09,21.24,1.5,0.3979,-6.6317,1.2e-05,0,0,76.5984,11.881421,WiFi6E_6GHz
UE_005490,0.0101,49.77,45.614,-45.23,1.8e-09,39.68,1.7941,0.1501,15.2309,3.4e-05,0,0,82.7506,11.401851,WiFi6E_6GHz
UE_005491,0.0086,29.39,23.8341,-65.61,7.4726e-06,29.83,1.5,0.4634,21.4439,2.9e-05,0,0,76.3739,7.69595,WiFi6E_6GHz
UE_005492,0.0063,23.53,20.9578,-71.47,0.0004719795,12.8,1.5,1.5577,13.4349,2.1e-05,0,0,60.6501,5.193436,WiFi6E_6GHz
UE_005493,0.0085,71.99,69.1147,-23.01,9.6e-09,43.24,1.5,0.2945,31.67,2.8e-05,0,0,86.6645,12.129066,WiFi6E_6GHz
UE_005494,0.0069,24.56,21.0006,-70.44,0.0009340056,39.22,1.5,1.3737,-31.67,2.3e-05,0,0,65.1227,5.365416,WiFi6E_6GHz
UE_005495,0.0048,43.24,39.9606,-51.76,8.3e-09,13.02,1.5,0.0908,-31.67,1.6e-05,0,0,82.9674,11.75332,WiFi6E_6GHz
UE_005496,0.0063,49.68,43.3841,-45.32,3.6e-09,25.89,1.5,0.2038,-17.6423,2.1e-05,0,0,82.2182,11.667051,WiFi6E_6GHz
UE_005497,0.0068,19.51,14.3414,-75.49,0.0007479088,41.91,1.6128,0.7857,31.67,2.3e-05,0,0,64.4565,4.425657,WiFi6E_6GHz
UE_005498,0.0026,23.79,19.3741,-71.21,0.0004540787,27.9,1.5,1.1727,4.3088,9e-06,0,0,68.6473,5.29796,WiFi6E_6GHz
UE_005499,0.0095,9.54,5.2345,-85.46,0.0486817179,5.26,1.5,36.3296,15.2463,3.2e-05,0,0,29.0944,1.804722,WiFi6E_6GHz
UE_005500,0.0081,37.38,32.4821,-57.62,7.5e-09,19.45,1.8622,0.1189,28.9525,2.7e-05,0,0,80.4743,11.855644,WiFi6E_6GHz
UE_005501,0.0022,45.48,42.318,-49.52,4.8e-09,27.74,1.5,0.4525,-3.9439,7e-06,0,0,81.1837,11.551033,WiFi6E_6GHz
UE_005502,0.0058,26.14,20.2343,-68.86,2.9336e-06,9.2,1.5,0.3653,-22.3544,1.9e-05,0,0,67.2153,7.08332,WiFi6E_6GHz
UE_005503,0.002,22.79,18.3827,-72.21,0.0001280412,26.62,1.5,1.0787,-15.1381,7e-06,0,0,69.7534,5.130974,WiFi6E_6GHz
UE_005504,0.0099,21.29,18.4737,-73.71,0.0007730335,12.3,1.6251,1.9296,29.0668,3.3e-05,0,0,65.1551,5.082521,WiFi6E_6GHz
UE_005505,0.009,11.97,10.1208,-83.03,0.0435202811,22.32,1.5,2.5393,17.5486,3e-05,0,0,53.4589,2.563239,WiFi6E_6GHz
UE_005506,0.0052,15.23,11.8092,-79.77,0.00061519,28.8,1.5,1.3222,10.3927,1.7e-05,0,0,56.5042,3.342039,WiFi6E_6GHz
UE_005507,0.0017,49.89,44.5719,-45.11,7e-10,20.32,1.5,0.246,-6.3059,6e-06,0,0,81.6472,11.603765,WiFi6E_6GHz
UE_005508,0.0105,29.36,23.1827,-65.64,2.7969e-06,19.31,1.5,0.054,-2.7989,3.5e-05,0,0,73.644,7.814462,WiFi6E_6GHz
UE_005509,0.0082,20.25,13.8305,-74.75,0.0006250571,27.32,1.7581,0.629,19.2589,2.7e-05,0,0,63.1344,4.3139,WiFi6E_6GHz
UE_005510,0.0081,30.65,26.3258,-64.35,8.4237e-06,17.86,1.5448,0.1261,0.6503,2.7e-05,0,0,75.2506,7.481636,WiFi6E_6GHz
UE_005511,0.0092,56.81,52.8534,-38.19,8.7e-09,10.1,1.5,0.0324,7.9031,3.1e-05,0,0,81.1185,11.861609,WiFi6E_6GHz
UE_005512,0.0076,41.51,38.4106,-53.49,8.8e-09,41.71,1.5,0.2998,21.0731,2.5e-05,0,0,83.3349,11.788153,WiFi6E_6GHz
UE_005513,0.0069,64.11,62.0673,-30.89,7.9e-09,25.04,1.5,0.194,-31.67,2.3e-05,0,0,83.1207,11.548685,WiFi6E_6GHz
UE_005514,0.0052,27.55,24.3335,-67.45,6.403e-06,25.52,1.5,0.358,9.9756,1.7e-05,0,0,67.4499,7.057155,WiFi6E_6GHz
UE_005515,0.0014,46.56,43.5772,-48.44,8.2e-09,27.14,1.5,0.355,-31.67,5e-06,0,0,78.8978,11.863115,WiFi6E_6GHz
UE_005516,0.0064,20.18,17.9332,-74.82,9.2676e-05,13.38,1.5,1.8153,-20.3027,2.1e-05,0,0,61.8606,4.823068,WiFi6E_6GHz
UE_005517,0.0099,52.42,50.7224,-42.58,2.7e-09,35.69,1.5,0.4394,8.8693,3.3e-05,0,0,82.0021,11.75346,WiFi6E_6GHz
UE_005518,0.0102,31.64,28.0925,-63.36,9.7007e-06,22.69,1.5,0.48,31.67,3.4e-05,0,0,72.3594,7.938346,WiFi6E_6GHz
UE_005519,0.0073,18.68,14.6269,-76.32,0.0004805822,11.99,1.5,0.9923,21.6055,2.4e-05,0,0,64.4307,3.343156,WiFi6E_6GHz
UE_005520,0.0027,6.53,2.1987,-88.47,0.0488395309,30.64,1.5,9.8889,-25.9927,9e-06,0,0,47.5928,1.453233,WiFi6E_6GHz
UE_005521,0.0046,67.22,62.4113,-27.78,4.3e-09,21.46,1.5,0.1305,-31.67,1.5e-05,0,0,81.297,12.139845,WiFi6E_6GHz
UE_005522,0.0041,48.29,43.4023,-46.71,8.5e-09,26.2,1.5,0.4767,14.3677,1.4e-05,0,0,82.2251,11.381541,WiFi6E_6GHz
UE_005523,0.0059,34.65,29.7872,-60.35,8.93e-08,17.11,1.5,0.4245,-11.9925,2e-05,0,0,79.6927,10.633196,WiFi6E_6GHz
UE_005524,0.0028,51.4,49.5648,-43.6,5.5e-09,14.96,1.5,0.4944,-11.1772,9e-06,0,0,77.7026,11.841934,WiFi6E_6GHz
UE_005525,0.0078,46.6,40.6277,-48.4,8.6e-09,27.02,1.707,0.3725,-25.9567,2.6e-05,0,0,81.1469,11.199687,WiFi6E_6GHz
UE_005526,0.0043,54.23,51.5765,-40.77,1.1e-09,19.94,1.5,0.1195,-24.0183,1.4e-05,0,0,82.9559,11.348525,WiFi6E_6GHz
UE_005527,0.0096,40.57,38.118,-54.43,6.3e-09,13.51,1.5,0.3803,13.8867,3.2e-05,0,0,79.4104,11.677893,WiFi6E_6GHz
UE_005528,0.0057,70.16,67.5124,-24.84,1e-09,22.52,1.6511,0.0212,31.67,1.9e-05,0,0,78.9612,11.915661,WiFi6E_6GHz
UE_005529,0.011,16.01,11.5024,-78.99,0.0004822621,2.44,1.5,1.7017,7.9409,3.7e-05,0,0,56.5036,3.487031,WiFi6E_6GHz
UE_005530,0.0034,27.49,22.6453,-67.51,2.0311e-06,12.36,1.5,0.4063,27.0415,1.1e-05,0,0,72.253,6.855167,WiFi6E_6GHz
UE_005531,0.0025,16.19,11.0951,-78.81,0.0001057361,26.41,1.514,1.1317,23.5469,8e-06,0,0,57.8212,3.725614,WiFi6E_6GHz
UE_005532,0.0055,30.3,26.0144,-64.7,3.0623e-06,16.9,1.5,0.3891,-27.8195,1.8e-05,0,0,71.2129,7.367074,WiFi6E_6GHz
UE_005533,0.0111,54.02,47.4852,-40.98,2.4e-09,14.2,1.6179,0.2708,31.67,3.7e-05,0,0,79.8609,11.920087,WiFi6E_6GHz
UE_005534,0.0067,21.16,16.2672,-73.84,0.000975478,20.45,1.5,0.6473,5.8919,2.2e-05,0,0,62.6279,5.423129,WiFi6E_6GHz
UE_005535,0.009,25.17,21.0326,-69.83,1.4947e-06,32.97,1.5,0.108,-31.67,3e-05,0,0,69.7285,6.598234,WiFi6E_6GHz
UE_005536,0.0068,27.55,20.8413,-67.45,8.487e-06,17.63,1.5673,0.1249,-31.67,2.3e-05,0,0,72.1947,6.886896,WiFi6E_6GHz
UE_005537,0.0095,0.67,-2.5023,-94.33,0.0637075939,27.48,1.5,20.4719,17.3261,3.2e-05,0,0,34.6475,0.433208,WiFi6E_6GHz
UE_005538,0.0016,15.57,9.87,-79.43,0.0008423576,20.45,1.5,0.9781,-31.67,5e-06,0,0,61.4049,3.502877,WiFi6E_6GHz
UE_005539,0.0088,5.82,2.4372,-89.18,0.00356351,23.44,1.5,24.4731,17.9633,2.9e-05,0,0,33.1057,1.019573,WiFi6E_6GHz
UE_005540,0.0055,35.17,30.3665,-59.83,4.4e-09,22.05,2.1885,0.3925,-26.7298,1.8e-05,0,0,82.3442,11.509002,WiFi6E_6GHz
UE_005541,0.0093,56.12,50.1637,-38.88,3.7e-09,27.69,1.5,0.125,-4.6671,3.1e-05,0,0,82.5129,11.966424,WiFi6E_6GHz
UE_005542,0.0049,21.64,15.0435,-73.36,0.0006790141,6.48,1.5,1.387,-9.3184,1.6e-05,0,0,61.0063,5.409756,WiFi6E_6GHz
UE_005543,0.0022,16.32,11.8224,-78.68,0.0009714035,27.41,1.5,1.3524,-3.4679,7e-06,0,0,56.3339,3.730486,WiFi6E_6GHz
UE_005544,0.0069,61.88,58.1542,-33.12,7e-09,15.16,1.6667,0.0261,-31.67,2.3e-05,0,0,81.2621,11.601221,WiFi6E_6GHz
UE_005545,0.0018,39.33,33.7325,-55.67,5.9e-09,31.29,1.5,0.0004,3.3399,6e-06,0,0,80.5311,11.45237,WiFi6E_6GHz
UE_005546,0.0045,34.59,32.3411,-60.41,5.2668e-06,12.94,1.5,0.3024,17.5931,1.5e-05,0,0,78.6016,10.392884,WiFi6E_6GHz
UE_005547,0.0054,20.14,14.8063,-74.86,0.0004909881,5.19,1.5,1.7151,31.67,1.8e-05,0,0,61.9158,4.316887,WiFi6E_6GHz
UE_005548,0.0048,38.42,35.6187,-56.58,8e-09,14.83,1.5,0.4756,20.2803,1.6e-05,0,0,76.9032,12.057029,WiFi6E_6GHz
UE_005549,0.0043,36.78,32.9542,-58.22,7.6e-09,13.12,1.5,0.2738,31.67,1.4e-05,0,0,78.1312,11.446032,WiFi6E_6GHz
UE_005550,0.011,29.92,26.2647,-65.08,9.132e-06,18.1,1.5,0.1584,31.67,3.7e-05,0,0,75.3516,7.763786,WiFi6E_6GHz
UE_005551,0.0093,27.43,25.0852,-67.57,1.834e-07,20.78,1.5,0.0077,13.4355,3.1e-05,0,0,71.1314,7.307326,WiFi6E_6GHz
UE_005552,0.0095,40.77,36.7889,-54.23,8.8e-09,13.38,1.5,0.2887,21.082,3.2e-05,0,0,73.1336,11.737146,WiFi6E_6GHz
UE_005553,0.003,28.52,24.909,-66.48,7.1813e-06,34.52,1.5681,0.4852,-19.757,1e-05,0,0,73.3901,7.810864,WiFi6E_6GHz
UE_005554,0.0109,35.81,30.689,-59.19,4.9e-09,20.04,1.5,0.208,-16.3685,3.6e-05,0,0,77.0033,11.539004,WiFi6E_6GHz
UE_005555,0.0079,22.52,16.9068,-72.48,0.0009083703,20.8,1.5,1.4412,-4.5988,2.6e-05,0,0,63.7993,5.142171,WiFi6E_6GHz
UE_005556,0.003,21.37,16.5439,-73.63,0.0008226961,21.82,1.5,1.0021,15.1355,1e-05,0,0,56.9095,5.178161,WiFi6E_6GHz
UE_005557,0.0089,26.4,21.5953,-68.6,1.5218e-06,12.22,1.5,0.3564,-31.67,3e-05,0,0,65.6591,6.940703,WiFi6E_6GHz
UE_005558,0.0082,12.29,5.4004,-82.71,0.039557611,10.45,1.5,2.7033,15.0997,2.7e-05,0,0,52.6364,2.423676,WiFi6E_6GHz
UE_005559,0.0032,13.62,8.432,-81.38,0.0387943151,9.06,1.5,6.3935,-10.2628,1.1e-05,0,0,52.3731,2.13546,WiFi6E_6GHz
UE_005560,0.0042,16.31,11.5053,-78.69,0.0006720295,32.9,1.5,0.892,24.9173,1.4e-05,0,0,63.2727,3.722067,WiFi6E_6GHz
UE_005561,0.0015,20.62,13.0428,-74.38,0.0005848714,16.24,1.5,1.9806,-25.4683,5e-06,0,0,63.4803,4.661691,WiFi6E_6GHz
UE_005562,0.0034,27.24,24.8706,-67.76,6.6438e-06,12.2,1.5,0.1695,22.4761,1.1e-05,0,0,68.406,7.031999,WiFi6E_6GHz
UE_005563,0.0102,16.62,11.357,-78.38,0.0001167307,2.29,1.5,1.1728,28.1592,3.4e-05,0,0,54.8439,3.566318,WiFi6E_6GHz
UE_005564,0.0055,31.98,27.6943,-63.02,5.1732e-06,13.51,1.5,0.3589,-30.8475,1.8e-05,0,0,71.1358,7.994668,WiFi6E_6GHz
UE_005565,0.008,24.63,21.4634,-70.37,0.0007304621,21.45,1.5,1.7193,-31.67,2.7e-05,0,0,69.0825,5.476019,WiFi6E_6GHz
UE_005566,0.0107,22.89,17.2375,-72.11,0.0006084587,31.08,1.5,1.1877,-9.2555,3.6e-05,0,0,66.851,5.098459,WiFi6E_6GHz
UE_005567,0.0111,10.32,7.6374,-84.68,0.014216233,14.3,1.5,3.1735,28.4057,3.7e-05,0,0,51.6443,1.579034,WiFi6E_6GHz
UE_005568,0.0051,30.14,27.7443,-64.86,6.007e-07,19.22,1.5,0.053,31.67,1.7e-05,0,0,67.5499,7.699515,WiFi6E_6GHz
UE_005569,0.0062,40.84,34.169,-54.16,4.2e-09,39.98,1.5,0.1064,10.9511,2.1e-05,0,0,83.6419,11.417359,WiFi6E_6GHz
UE_005570,0.0056,41.09,36.8038,-53.91,3.4e-09,11.79,1.5,0.0127,22.8396,1.9e-05,0,0,81.811,11.619239,WiFi6E_6GHz
UE_005571,0.0084,20.42,15.5624,-74.58,0.0001239057,31.74,1.5,1.0794,31.67,2.8e-05,0,0,66.4442,4.644544,WiFi6E_6GHz
UE_005572,0.0023,15.31,9.0475,-79.69,0.0006418437,26.69,1.5,0.7408,-31.67,8e-06,0,0,59.7652,3.715833,WiFi6E_6GHz
UE_005573,0.0074,17.77,13.8977,-77.23,0.0003398006,14.2,1.5,1.1931,24.331,2.5e-05,0,0,59.3464,3.653702,WiFi6E_6GHz
UE_005574,0.0012,8.94,4.4914,-86.06,0.0085979774,39.73,1.5,33.9253,-31.67,4e-06,0,0,33.8416,1.665553,WiFi6E_6GHz
UE_005575,0.0043,18.88,15.2511,-76.12,8.14176e-05,39.94,1.969,1.2172,-13.8341,1.4e-05,0,0,64.8526,3.404906,WiFi6E_6GHz
UE_005576,0.0073,53.11,47.7655,-41.89,1.3e-09,27.9,1.5,0.034,-29.1412,2.4e-05,0,0,81.5972,11.925237,WiFi6E_6GHz
UE_005577,0.0058,32.12,30.4259,-62.88,7.6511e-06,12.41,1.5,0.4226,-7.8054,1.9e-05,0,0,73.3801,10.464801,WiFi6E_6GHz
UE_005578,0.0023,58.01,56.984,-36.99,8e-09,39.09,1.5,0.0347,25.3537,8e-06,0,0,83.5584,11.83105,WiFi6E_6GHz
UE_005579,0.0067,47.46,40.6743,-47.54,5e-10,26.13,1.5,0.4239,1.5524,2.2e-05,0,0,81.5383,11.625461,WiFi6E_6GHz
UE_005580,0.0082,49.73,43.8685,-45.27,2.5e-09,41.92,2.2722,0.3639,-28.6725,2.7e-05,0,0,83.014,11.617399,WiFi6E_6GHz
UE_005581,0.0083,44.52,39.9154,-50.48,1.4e-09,35.71,1.6722,0.417,-17.6896,2.8e-05,0,0,83.1714,11.89905,WiFi6E_6GHz
UE_005582,0.0075,56.28,51.0977,-38.72,5.6e-09,26.11,1.5,0.1507,-4.7402,2.5e-05,0,0,82.9652,11.898976,WiFi6E_6GHz
UE_005583,0.0043,14.49,11.097,-80.51,0.0139574763,15.54,1.5,5.9238,-28.2149,1.4e-05,0,0,55.7692,2.154909,WiFi6E_6GHz
UE_005584,0.001,24.85,19.223,-70.15,0.0008938996,14.89,1.5,1.3537,25.7733,3e-06,0,0,63.1105,5.429193,WiFi6E_6GHz
UE_005585,0.0014,51.8,47.0506,-43.2,6.3e-09,17.16,1.6019,0.1716,-15.4377,5e-06,0,0,80.6713,11.814471,WiFi6E_6GHz
UE_005586,0.0083,18.9,13.4413,-76.1,0.00038562,14.16,1.5,1.5234,-17.7846,2.8e-05,0,0,60.9581,3.438361,WiFi6E_6GHz
UE_005587,0.0056,62.09,56.5726,-32.91,5.9e-09,26.15,1.5,0.2736,30.8661,1.9e-05,0,0,82.4917,11.842616,WiFi6E_6GHz
UE_005588,0.0084,39.16,34.9734,-55.84,9.4e-09,18.24,1.5,0.3903,-31.67,2.8e-05,0,0,77.0992,11.825337,WiFi6E_6GHz
UE_005589,0.0038,21.93,16.8097,-73.07,0.0004606107,6.25,1.5208,1.4782,-7.9777,1.3e-05,0,0,61.438,5.12678,WiFi6E_6GHz
UE_005590,0.0026,23.36,18.2705,-71.64,0.0002831876,22.81,1.5,1.0252,24.6489,9e-06,0,0,65.2259,5.194812,WiFi6E_6GHz
UE_005591,0.0039,12.97,9.4244,-82.03,0.0191450731,21.93,1.6699,4.5426,-28.9905,1.3e-05,0,0,51.3173,2.388902,WiFi6E_6GHz
UE_005592,0.0109,13.96,7.8228,-81.04,0.0051766439,31.21,1.7047,2.6453,31.67,3.6e-05,0,0,57.6739,2.21547,WiFi6E_6GHz
UE_005593,0.0027,12.09,8.9686,-82.91,0.038630407,20.22,1.5,4.4135,15.7706,9e-06,0,0,51.7088,2.70298,WiFi6E_6GHz
UE_005594,0.0062,52.75,48.6228,-42.25,6e-09,16.36,1.5,0.3566,24.5378,2.1e-05,0,0,80.6975,11.828272,WiFi6E_6GHz
UE_005595,0.0014,20.82,19.0482,-74.18,0.0007743839,22.02,1.5,1.5445,-28.1637,5e-06,0,0,63.542,4.857498,WiFi6E_6GHz
UE_005596,0.0045,21.33,17.7735,-73.67,0.0003705399,37.16,1.5,1.8445,31.67,1.5e-05,0,0,62.7909,5.271598,WiFi6E_6GHz
UE_005597,0.0035,22.43,19.4674,-72.57,0.0005437184,23.05,1.5,1.002,-26.1783,1.2e-05,0,0,66.5129,5.729476,WiFi6E_6GHz
UE_005598,0.0063,49.95,47.2206,-45.05,8.2e-09,26.48,1.5,0.1508,-1.9995,2.1e-05,0,0,79.5566,12.005947,WiFi6E_6GHz
UE_005599,0.0087,60.57,53.3547,-34.43,8.3e-09,23.84,1.5,0.2335,-5.0412,2.9e-05,0,0,84.1969,11.784021,WiFi6E_6GHz
UE_005600,0.0094,11.0,7.3399,-84.0,0.0215302772,21.81,1.5,5.068,2.7084,3.1e-05,0,0,53.7045,2.499978,WiFi6E_6GHz
UE_005601,0.0112,39.43,33.7649,-55.57,7.6e-09,41.66,1.5,0.2804,31.67,3.7e-05,0,0,83.6045,11.686986,WiFi6E_6GHz
UE_005602,0.0013,46.91,42.7203,-48.09,3.7e-09,27.94,1.5,0.3176,-31.67,4e-06,0,0,81.4634,11.588945,WiFi6E_6GHz
UE_005603,0.0025,52.25,46.3246,-42.75,2.5e-09,11.32,1.5,0.1571,-13.9901,8e-06,0,0,83.5337,11.806667,WiFi6E_6GHz
UE_005604,0.0064,22.87,19.9675,-72.13,0.0008482951,22.29,1.6682,1.7452,31.5979,2.1e-05,0,0,63.1648,5.319442,WiFi6E_6GHz
UE_005605,0.0037,16.54,13.268,-78.46,0.0003579348,23.28,1.5,1.6644,22.5543,1.2e-05,0,0,60.8401,3.657199,WiFi6E_6GHz
UE_005606,0.0056,24.79,20.1225,-70.21,0.0006689174,4.32,1.5,1.6315,31.67,1.9e-05,0,0,64.5893,5.78521,WiFi6E_6GHz
UE_005607,0.004,13.86,7.5189,-81.14,0.0162956044,16.19,1.5,3.0758,31.67,1.3e-05,0,0,53.8644,2.341216,WiFi6E_6GHz
UE_005608,0.002,5.06,1.4416,-89.94,0.0175219775,10.84,1.5,31.3834,-26.8167,7e-06,0,0,28.7496,1.209532,WiFi6E_6GHz
UE_005609,0.0052,15.06,14.3953,-79.94,0.0009903771,9.08,1.5,0.7604,31.4616,1.7e-05,0,0,55.8013,3.584779,WiFi6E_6GHz
UE_005610,0.0019,19.8,17.9383,-75.2,0.0006001849,22.3,1.5,1.276,-13.6061,6e-06,0,0,62.6127,4.50503,WiFi6E_6GHz
UE_005611,0.0046,28.04,24.2395,-66.96,3.7067e-06,31.23,1.9132,0.3576,2.1827,1.5e-05,0,0,69.8366,7.774998,WiFi6E_6GHz
UE_005612,0.0057,7.36,5.8931,-87.64,0.0420794087,25.13,1.5,16.8299,-31.67,1.9e-05,0,0,42.5193,1.145788,WiFi6E_6GHz
UE_005613,0.0022,43.65,38.5269,-51.35,2.3e-09,26.61,1.5,0.3059,28.5446,7e-06,0,0,79.7953,11.622723,WiFi6E_6GHz
UE_005614,0.0095,8.87,4.7147,-86.13,0.0339956771,7.97,1.5,28.5718,31.0382,3.2e-05,0,0,31.3122,1.992681,WiFi6E_6GHz
UE_005615,0.0034,22.52,17.2185,-72.48,0.0009159935,11.01,1.5,1.3512,-9.2074,1.1e-05,0,0,64.6272,5.216594,WiFi6E_6GHz
UE_005616,0.0029,22.29,19.0144,-72.71,0.0007249613,35.28,1.5,1.0511,17.9441,1e-05,0,0,67.4884,4.960592,WiFi6E_6GHz
UE_005617,0.0081,61.86,55.821,-33.14,7.6e-09,27.74,1.5779,0.048,-17.5842,2.7e-05,0,0,80.495,11.959652,WiFi6E_6GHz
UE_005618,0.0044,47.13,43.9321,-47.87,5.4e-09,27.47,1.5,0.0785,22.7137,1.5e-05,0,0,84.704,11.574242,WiFi6E_6GHz
UE_005619,0.0027,45.51,42.127,-49.49,8.3e-09,21.3,1.5,0.4053,-31.67,9e-06,0,0,80.7819,11.542223,WiFi6E_6GHz
UE_005620,0.0102,30.94,23.3323,-64.06,7.0391e-06,28.12,1.5,0.3131,1.6336,3.4e-05,0,0,72.5651,7.670639,WiFi6E_6GHz
UE_005621,0.0087,31.15,24.5883,-63.85,6.7606e-06,10.4,1.5,0.1975,8.352,2.9e-05,0,0,72.1465,7.645211,WiFi6E_6GHz
UE_005622,0.0107,40.34,35.8174,-54.66,4.3e-09,21.91,1.5,0.384,-17.5293,3.6e-05,0,0,80.8869,11.999585,WiFi6E_6GHz
UE_005623,0.0108,14.84,13.136,-80.16,0.0260209667,28.56,1.5,5.2529,17.3432,3.6e-05,0,0,54.2598,2.110681,WiFi6E_6GHz
UE_005624,0.0087,20.59,14.7785,-74.41,0.0006858896,22.14,1.5,1.7761,31.67,2.9e-05,0,0,63.9884,4.114514,WiFi6E_6GHz
UE_005625,0.0032,57.22,54.0175,-37.78,6.5e-09,28.38,1.5,0.3585,-15.4368,1.1e-05,0,0,80.509,11.694371,WiFi6E_6GHz
UE_005626,0.0019,66.5,62.162,-28.5,2.4e-09,26.37,1.7355,0.0838,-17.1848,6e-06,0,0,82.6254,11.567898,WiFi6E_6GHz
UE_005627,0.0077,6.52,2.2906,-88.48,0.0036936788,11.93,1.5,35.7842,17.1764,2.6e-05,0,0,29.648,1.008005,WiFi6E_6GHz
UE_005628,0.0078,14.6,8.3679,-80.4,0.0481289014,19.55,1.5,3.5538,-31.67,2.6e-05,0,0,58.4235,2.441461,WiFi6E_6GHz
UE_005629,0.0039,21.89,17.9375,-73.11,0.0009955511,13.82,1.5,1.9078,17.6788,1.3e-05,0,0,63.2992,5.363159,WiFi6E_6GHz
UE_005630,0.0065,17.57,10.4643,-77.43,0.0007894691,12.3,1.5,1.5359,-31.67,2.2e-05,0,0,59.2497,3.432422,WiFi6E_6GHz
UE_005631,0.001,50.54,45.6016,-44.46,3.4e-09,8.44,1.5,0.404,11.4052,3e-06,0,0,79.6606,11.930016,WiFi6E_6GHz
UE_005632,0.0024,32.26,30.0665,-62.74,2.0652e-06,23.04,1.5,0.172,-31.67,8e-06,0,0,76.3515,10.598391,WiFi6E_6GHz
UE_005633,0.0092,37.09,31.6182,-57.91,8.3e-09,18.96,1.5807,0.0198,-21.6396,3.1e-05,0,0,83.2889,11.439886,WiFi6E_6GHz
UE_005634,0.008,19.1,13.7792,-75.9,0.0003550702,4.06,1.5,0.8851,-29.3933,2.7e-05,0,0,63.8095,4.677387,WiFi6E_6GHz
UE_005635,0.0043,27.36,23.873,-67.64,1.5913e-06,9.87,1.5,0.0515,31.67,1.4e-05,0,0,63.8418,7.088209,WiFi6E_6GHz
UE_005636,0.0046,28.69,24.5055,-66.31,1.3458e-06,22.52,1.5,0.2941,31.4254,1.5e-05,0,0,72.4703,7.719252,WiFi6E_6GHz
UE_005637,0.0087,41.79,36.3554,-53.21,6e-10,12.6,1.5,0.2986,23.8786,2.9e-05,0,0,81.3114,11.431801,WiFi6E_6GHz
UE_005638,0.0031,35.5,30.6227,-59.5,7.1e-09,17.12,1.6307,0.1604,8.6667,1e-05,0,0,74.536,11.881644,WiFi6E_6GHz
UE_005639,0.0037,32.49,27.1482,-62.51,6.951e-06,15.39,1.5,0.1196,16.2032,1.2e-05,0,0,73.1595,10.179825,WiFi6E_6GHz
UE_005640,0.008,13.07,9.4874,-81.93,0.0464194829,29.96,1.5,7.5692,2.8109,2.7e-05,0,0,53.459,2.227352,WiFi6E_6GHz
UE_005641,0.0105,39.01,37.8728,-55.99,3.4e-09,26.02,1.5,0.1114,29.9116,3.5e-05,0,0,79.8539,11.828103,WiFi6E_6GHz
UE_005642,0.0054,52.53,48.8037,-42.47,1.3e-09,15.41,1.5,0.3006,2.2609,1.8e-05,0,0,82.613,11.740247,WiFi6E_6GHz
UE_005643,0.0031,14.27,6.4357,-80.73,0.025311721,21.74,1.5,2.1126,27.6056,1e-05,0,0,58.7549,2.023789,WiFi6E_6GHz
UE_005644,0.0093,18.92,15.5741,-76.08,0.0005305899,10.28,1.5,1.0535,-31.67,3.1e-05,0,0,62.3159,3.109377,WiFi6E_6GHz
UE_005645,0.0049,25.53,19.56,-69.47,3.2525e-06,23.04,1.5,0.0091,-12.7356,1.6e-05,0,0,68.243,7.251892,WiFi6E_6GHz
UE_005646,0.003,56.27,50.3172,-38.73,1.6e-09,6.51,1.5,0.3398,31.67,1e-05,0,0,79.5023,11.291679,WiFi6E_6GHz
UE_005647,0.0075,15.21,13.3352,-79.79,0.0005262308,21.78,1.5,1.2327,31.67,2.5e-05,0,0,58.3999,3.542125,WiFi6E_6GHz
UE_005648,0.0071,13.19,8.5457,-81.81,0.0051830678,12.0,1.5397,6.2943,-15.1799,2.4e-05,0,0,51.6145,2.111663,WiFi6E_6GHz
UE_005649,0.0012,27.31,23.9302,-67.69,7.4081e-06,19.72,1.5,0.3113,-13.3477,4e-06,0,0,71.0222,6.845899,WiFi6E_6GHz
UE_005650,0.0048,6.82,1.8008,-88.18,0.0094837234,5.83,1.5,31.905,23.8043,1.6e-05,0,0,28.8043,1.628516,WiFi6E_6GHz
UE_005651,0.0076,28.95,23.8976,-66.05,8.1642e-06,22.19,1.5,0.0619,-4.3643,2.5e-05,0,0,73.624,7.289427,WiFi6E_6GHz
UE_005652,0.01,5.15,-0.5887,-89.85,0.0451764555,29.62,1.5,38.8771,-31.67,3.3e-05,0,0,24.9285,0.978539,WiFi6E_6GHz
UE_005653,0.001,58.11,55.4741,-36.89,0.0,18.16,1.5,0.4877,-27.5931,3e-06,0,0,79.1247,11.803149,WiFi6E_6GHz
UE_005654,0.0046,22.02,18.9507,-72.98,0.000640267,13.58,1.8927,0.7959,15.4102,1.5e-05,0,0,59.7428,5.49555,WiFi6E_6GHz
UE_005655,0.0022,70.58,67.0779,-24.42,4.6e-09,16.74,1.5,0.2124,25.4631,7e-06,0,0,77.812,11.500422,WiFi6E_6GHz
UE_005656,0.0049,17.63,14.8244,-77.37,6.96861e-05,36.9,1.7067,0.5116,-1.9044,1.6e-05,0,0,66.3097,3.548067,WiFi6E_6GHz
UE_005657,0.0053,58.84,54.197,-36.16,9.4e-09,16.3,1.5,0.2187,-12.4932,1.8e-05,0,0,79.4098,11.199672,WiFi6E_6GHz
UE_005658,0.0066,58.74,56.0604,-36.26,9.8e-09,40.52,1.5,0.341,25.3956,2.2e-05,0,0,82.2582,11.633632,WiFi6E_6GHz
UE_005659,0.0102,34.4,31.6804,-60.6,2.3057e-06,38.05,1.7229,0.0162,-18.6814,3.4e-05,0,0,77.9575,10.512964,WiFi6E_6GHz
UE_005660,0.0079,49.46,44.1966,-45.54,1.4e-09,29.79,1.5,0.2613,-31.67,2.6e-05,0,0,78.4215,11.611422,WiFi6E_6GHz
UE_005661,0.001,26.58,23.6758,-68.42,3.5322e-06,30.7,1.5,0.1346,4.7406,3e-06,0,0,72.1975,6.680911,WiFi6E_6GHz
UE_005662,0.0013,39.28,37.2394,-55.72,3.8e-09,23.96,1.7282,0.0845,0.6954,4e-06,0,0,80.6083,11.575245,WiFi6E_6GHz
UE_005663,0.0108,18.65,15.073,-76.35,0.000590983,25.26,2.0523,1.9826,-23.1338,3.6e-05,0,0,63.5861,3.019034,WiFi6E_6GHz
UE_005664,0.0075,12.86,8.7584,-82.14,0.0315350199,24.34,1.9631,6.012,27.8372,2.5e-05,0,0,57.8483,1.736906,WiFi6E_6GHz
UE_005665,0.0069,90.37,87.2154,-4.63,3.5e-09,8.74,1.5,0.3823,-10.1382,2.3e-05,0,0,74.8082,11.577714,WiFi6E_6GHz
UE_005666,0.0044,14.31,8.8221,-80.69,0.0339838905,17.79,1.5,6.9229,31.67,1.5e-05,0,0,52.075,2.389354,WiFi6E_6GHz
UE_005667,0.0059,73.83,68.4586,-21.17,1.3e-09,35.11,1.5,0.359,30.7053,2e-05,0,0,82.0582,12.056483,WiFi6E_6GHz
UE_005668,0.0111,3.88,0.5244,-91.12,0.1454378911,28.39,1.5,14.2447,-23.4653,3.7e-05,0,0,38.764,0.212246,WiFi6E_6GHz
UE_005669,0.0042,29.5,23.0994,-65.5,1.695e-07,16.79,1.5,0.0454,-11.5638,1.4e-05,0,0,72.7161,8.040591,WiFi6E_6GHz
UE_005670,0.0107,36.05,31.7643,-58.95,7.3e-09,32.97,1.5,0.4367,-8.533,3.6e-05,0,0,79.4716,11.66268,WiFi6E_6GHz
UE_005671,0.0079,39.08,35.9306,-55.92,3.5e-09,10.38,1.5,0.0058,-31.67,2.6e-05,0,0,77.7538,11.435845,WiFi6E_6GHz
UE_005672,0.0066,51.84,45.618,-43.16,8e-09,20.23,1.5,0.0476,-7.2311,2.2e-05,0,0,78.7042,11.500098,WiFi6E_6GHz
UE_005673,0.0108,2.74,-1.4261,-92.26,0.0828845771,11.45,1.5,24.652,-18.7565,3.6e-05,0,0,30.7123,0.658219,WiFi6E_6GHz
UE_005674,0.0022,67.93,64.2383,-27.07,3e-09,25.1,1.5,0.3499,-28.9203,7e-06,0,0,82.7489,11.843146,WiFi6E_6GHz
UE_005675,0.0067,29.87,23.5601,-65.13,7.7415e-06,28.5,1.5,0.1546,8.6325,2.2e-05,0,0,73.2191,7.911316,WiFi6E_6GHz
UE_005676,0.003,62.96,57.4729,-32.04,8.6e-09,24.11,1.5,0.3605,31.67,1e-05,0,0,81.2242,11.94952,WiFi6E_6GHz
UE_005677,0.0032,51.93,46.8486,-43.07,8.8e-09,14.78,1.5,0.0533,-2.7783,1.1e-05,0,0,80.1832,11.43075,WiFi6E_6GHz
UE_005678,0.0111,55.96,49.4695,-39.04,4.3e-09,30.04,1.619,0.0546,-12.9583,3.7e-05,0,0,79.7655,11.900989,WiFi6E_6GHz
UE_005679,0.0088,69.38,66.1292,-25.62,9e-09,26.82,1.5,0.3064,-30.5695,2.9e-05,0,0,82.5279,11.57376,WiFi6E_6GHz
UE_005680,0.0102,48.83,43.0979,-46.17,5.8e-09,36.13,2.0816,0.3013,-6.8869,3.4e-05,0,0,84.1985,11.703079,WiFi6E_6GHz
UE_005681,0.005,31.46,28.7457,-63.54,6.9528e-06,20.73,1.5,0.3531,-31.67,1.7e-05,0,0,74.857,8.334712,WiFi6E_6GHz
UE_005682,0.0019,15.92,9.9379,-79.08,0.0005538368,28.68,1.6604,1.5507,28.412,6e-06,0,0,57.3478,3.822563,WiFi6E_6GHz
UE_005683,0.0047,31.02,24.4872,-63.98,1.9238e-06,21.3,1.5,0.4532,-14.573,1.6e-05,0,0,74.1414,7.657222,WiFi6E_6GHz
UE_005684,0.011,30.01,23.3173,-64.99,9.1636e-06,15.08,1.5624,0.0763,2.5058,3.7e-05,0,0,68.1709,7.833266,WiFi6E_6GHz
UE_005685,0.0089,27.49,21.6133,-67.51,2.0658e-06,27.31,1.5,0.3392,-1.3943,3e-05,0,0,74.3922,7.307744,WiFi6E_6GHz
UE_005686,0.0026,31.34,26.1176,-63.66,8.9481e-06,18.56,1.5,0.2165,-21.3108,9e-06,0,0,72.3511,7.788136,WiFi6E_6GHz
UE_005687,0.0085,27.36,23.988,-67.64,9.237e-07,22.9,1.5,0.2491,13.6211,2.8e-05,0,0,70.7768,7.099665,WiFi6E_6GHz
UE_005688,0.0098,61.43,56.7993,-33.57,8e-09,37.53,1.5,0.2959,3.5614,3.3e-05,0,0,81.67,11.630372,WiFi6E_6GHz
UE_005689,0.0024,12.65,9.9459,-82.35,0.011434031,27.95,1.5,7.421,-20.2051,8e-06,0,0,55.3278,2.723233,WiFi6E_6GHz
UE_005690,0.0091,57.93,55.4083,-37.07,5.3e-09,18.6,1.5,0.4863,25.4498,3e-05,0,0,85.9122,12.118085,WiFi6E_6GHz
UE_005691,0.0095,17.63,14.6116,-77.37,0.000399363,25.41,1.5,1.1171,-31.2105,3.2e-05,0,0,60.6653,3.520182,WiFi6E_6GHz
UE_005692,0.0025,11.06,8.5219,-83.94,0.0075797089,5.52,1.5,2.1838,-17.3995,8e-06,0,0,53.0927,2.659813,WiFi6E_6GHz
UE_005693,0.0038,17.57,13.5572,-77.43,0.0007228753,14.19,1.5,1.8638,-21.8554,1.3e-05,0,0,55.8945,3.484841,WiFi6E_6GHz
UE_005694,0.0075,10.49,4.6335,-84.51,0.0398866666,23.78,1.5,4.0067,-21.8474,2.5e-05,0,0,54.8476,1.79613,WiFi6E_6GHz
UE_005695,0.0101,71.94,69.7778,-23.06,8.9e-09,30.94,1.5,0.3127,-3.147,3.4e-05,0,0,82.1479,11.864722,WiFi6E_6GHz
UE_005696,0.0051,56.73,55.1089,-38.27,6.5e-09,24.17,1.5,0.0333,31.4308,1.7e-05,0,0,81.9821,11.87621,WiFi6E_6GHz
UE_005697,0.0044,25.16,22.664,-69.84,4.1857e-06,12.01,1.5,0.1348,20.8673,1.5e-05,0,0,67.3075,6.877678,WiFi6E_6GHz
UE_005698,0.0019,23.63,19.4042,-71.37,0.0005117028,7.87,1.5,0.7985,23.4321,6e-06,0,0,67.0627,5.020101,WiFi6E_6GHz
UE_005699,0.003,15.43,8.7455,-79.57,0.000222133,27.62,1.5,1.7224,-16.5188,1e-05,0,0,58.6239,3.41105,WiFi6E_6GHz
UE_005700,0.0055,35.79,32.5733,-59.21,8.2e-09,15.78,1.5,0.2365,26.945,1.8e-05,0,0,74.0716,11.622105,WiFi6E_6GHz
UE_005701,0.0045,26.09,22.99,-68.91,6.1174e-06,25.7,1.5,0.1061,0.3134,1.5e-05,0,0,69.989,6.948982,WiFi6E_6GHz
UE_005702,0.0099,20.27,13.8694,-74.73,0.0003512896,21.74,1.5,0.8779,31.67,3.3e-05,0,0,64.8359,4.654843,WiFi6E_6GHz
UE_005703,0.0061,39.09,35.2663,-55.91,2.4e-09,14.01,1.5,0.0019,11.1056,2e-05,0,0,78.9232,11.383527,WiFi6E_6GHz
UE_005704,0.0059,35.25,30.1903,-59.75,8.6e-09,21.09,1.5,0.3877,31.67,2e-05,0,0,73.0423,11.679364,WiFi6E_6GHz
UE_005705,0.0033,53.54,50.4357,-41.46,8.4e-09,26.44,1.5,0.1188,23.0191,1.1e-05,0,0,82.3551,11.673387,WiFi6E_6GHz
UE_005706,0.0034,21.68,16.0666,-73.32,0.0003488999,28.52,1.5,1.152,23.5785,1.1e-05,0,0,63.1866,5.607529,WiFi6E_6GHz
UE_005707,0.0029,4.15,0.779,-90.85,0.102135467,33.7,1.5,8.2736,-23.8182,1e-05,0,0,45.0426,0.60512,WiFi6E_6GHz
UE_005708,0.0107,24.39,20.2374,-70.61,0.0004672673,15.53,1.5,1.2692,28.536,3.6e-05,0,0,65.8868,5.098916,WiFi6E_6GHz
UE_005709,0.003,12.58,9.0943,-82.42,0.041996467,28.02,1.5,2.5376,-8.4868,1e-05,0,0,59.5945,2.412044,WiFi6E_6GHz
UE_005710,0.0076,61.28,56.6179,-33.72,2.2e-09,25.13,1.6584,0.1207,22.9671,2.5e-05,0,0,82.5041,11.643822,WiFi6E_6GHz
UE_005711,0.0047,26.94,22.6144,-68.06,5.7794e-06,9.61,1.5,0.4331,-24.492,1.6e-05,0,0,67.7569,6.77314,WiFi6E_6GHz
UE_005712,0.0049,19.71,17.0098,-75.29,0.0007362754,19.97,1.5,0.5486,31.67,1.6e-05,0,0,62.2114,4.793546,WiFi6E_6GHz
UE_005713,0.0091,56.02,48.9939,-38.98,7.7e-09,19.84,1.5,0.0062,-22.3086,3e-05,0,0,83.4044,12.038975,WiFi6E_6GHz
UE_005714,0.003,54.58,53.016,-40.42,3.8e-09,19.04,1.5,0.1021,-28.5241,1e-05,0,0,81.8337,11.567058,WiFi6E_6GHz
UE_005715,0.0045,9.91,6.8729,-85.09,0.0100957661,21.74,1.5,35.8942,7.8877,1.5e-05,0,0,30.8831,1.605923,WiFi6E_6GHz
UE_005716,0.0079,37.45,34.6258,-57.55,9.5e-09,22.73,1.5,0.1808,-8.694,2.6e-05,0,0,77.7081,12.096198,WiFi6E_6GHz
UE_005717,0.011,13.33,8.7883,-81.67,0.0196944123,20.08,1.5,4.5035,13.1355,3.7e-05,0,0,55.5199,2.405308,WiFi6E_6GHz
UE_005718,0.001,22.44,16.7361,-72.56,0.0006739725,19.9,1.5,0.5899,21.2132,3e-06,0,0,67.1946,5.106172,WiFi6E_6GHz
UE_005719,0.0086,94.39,88.9243,-0.61,8.4e-09,33.0,1.5947,0.0774,-31.67,2.9e-05,0,0,81.9202,11.584883,WiFi6E_6GHz
UE_005720,0.0088,41.37,37.9387,-53.63,1.1e-09,19.02,1.5,0.4817,-31.67,2.9e-05,0,0,79.0063,11.882941,WiFi6E_6GHz
UE_005721,0.0032,22.92,19.7864,-72.08,0.0009816699,33.51,1.5,0.5056,-31.67,1.1e-05,0,0,66.7142,5.277424,WiFi6E_6GHz
UE_005722,0.0016,25.22,20.7292,-69.78,4.9011e-06,27.77,1.5,0.0783,31.67,5e-06,0,0,67.7814,6.92845,WiFi6E_6GHz
UE_005723,0.004,42.23,39.3405,-52.77,5.5e-09,22.06,1.5,0.3634,2.6784,1.3e-05,0,0,82.48,11.770607,WiFi6E_6GHz
UE_005724,0.0101,36.7,34.4893,-58.3,7.4e-09,32.16,1.5151,0.1735,-18.3085,3.4e-05,0,0,77.9497,11.892373,WiFi6E_6GHz
UE_005725,0.0048,43.64,41.1347,-51.36,4e-09,23.57,1.5,0.3331,21.7398,1.6e-05,0,0,83.0461,11.651948,WiFi6E_6GHz
UE_005726,0.0037,33.03,27.5999,-61.97,7.1589e-06,15.07,1.5,0.0169,8.6398,1.2e-05,0,0,76.3401,10.257066,WiFi6E_6GHz
UE_005727,0.0022,25.62,22.112,-69.38,5.1146e-06,4.04,1.5,0.4842,-15.2875,7e-06,0,0,66.5195,6.850753,WiFi6E_6GHz
UE_005728,0.0052,38.05,32.8442,-56.95,1.6e-09,23.77,1.5,0.3726,31.67,1.7e-05,0,0,78.1528,11.416373,WiFi6E_6GHz
UE_005729,0.0113,10.11,6.1313,-84.89,0.0045360969,13.22,1.5,7.961,30.1411,3.8e-05,0,0,50.1595,2.068653,WiFi6E_6GHz
UE_005730,0.0081,22.95,18.4457,-72.05,0.0003616022,24.57,1.5,1.347,19.5926,2.7e-05,0,0,67.0479,5.104086,WiFi6E_6GHz
UE_005731,0.0046,62.53,54.3194,-32.47,3.8e-09,20.76,1.5,0.2337,22.7183,1.5e-05,0,0,80.596,11.600479,WiFi6E_6GHz
UE_005732,0.0074,9.52,2.5457,-85.48,0.0141516401,10.36,1.5,28.2034,-31.67,2.5e-05,0,0,34.7404,1.681527,WiFi6E_6GHz
UE_005733,0.0019,29.18,24.7545,-65.82,1.9719e-06,13.56,1.5,0.2737,8.361,6e-06,0,0,71.3288,8.099684,WiFi6E_6GHz
UE_005734,0.0105,7.27,4.9357,-87.73,0.0244657919,8.2,1.5,21.3566,-7.1163,3.5e-05,0,0,35.9862,0.860645,WiFi6E_6GHz
UE_005735,0.0041,12.51,10.296,-82.49,0.0322011746,11.21,1.5,4.6388,-5.6052,1.4e-05,0,0,53.6387,2.003484,WiFi6E_6GHz
UE_005736,0.0105,13.1,6.5826,-81.9,0.0461654289,10.26,1.5,5.3111,2.4184,3.5e-05,0,0,46.8286,2.120483,WiFi6E_6GHz
UE_005737,0.0093,24.59,20.8762,-70.41,0.0009519908,29.86,1.5,1.3051,-25.8742,3.1e-05,0,0,67.6029,4.874137,WiFi6E_6GHz
UE_005738,0.0086,17.52,14.3756,-77.48,0.0009998286,27.62,1.5,1.8518,-3.5684,2.9e-05,0,0,58.6261,3.682649,WiFi6E_6GHz
UE_005739,0.0055,4.82,0.817,-90.18,0.1149300834,20.76,1.5,36.5666,23.4736,1.8e-05,0,0,21.799,0.739768,WiFi6E_6GHz
UE_005740,0.0019,62.17,59.4825,-32.83,3.7e-09,27.42,1.5,0.1978,-3.6612,6e-06,0,0,81.0945,11.62928,WiFi6E_6GHz
UE_005741,0.0096,7.09,1.1766,-87.91,0.0221959351,9.51,1.5,29.993,-19.7196,3.2e-05,0,0,29.383,0.893527,WiFi6E_6GHz
UE_005742,0.0104,15.65,10.4607,-79.35,0.0006814381,10.82,1.5,0.9416,27.8627,3.5e-05,0,0,58.327,3.409824,WiFi6E_6GHz
UE_005743,0.002,37.56,33.7835,-57.44,1e-09,19.67,1.5,0.1443,31.67,7e-06,0,0,78.7648,11.720688,WiFi6E_6GHz
UE_005744,0.0087,21.86,18.6857,-73.14,0.0001020955,21.05,1.5,1.5711,27.4004,2.9e-05,0,0,61.0522,5.520537,WiFi6E_6GHz
UE_005745,0.003,73.39,69.3914,-21.61,9.9e-09,11.34,1.5,0.3393,20.0778,1e-05,0,0,76.9871,11.881923,WiFi6E_6GHz
UE_005746,0.0035,58.64,54.5846,-36.36,6.8e-09,18.19,1.5846,0.4034,6.7193,1.2e-05,0,0,79.3102,11.356686,WiFi6E_6GHz
UE_005747,0.0023,15.36,11.9735,-79.64,0.0006962681,13.1,1.5,1.5535,1.2251,8e-06,0,0,58.2423,3.333937,WiFi6E_6GHz
UE_005748,0.0026,36.18,33.091,-58.82,8.8e-09,14.79,1.5,0.3767,31.67,9e-06,0,0,77.2503,11.869271,WiFi6E_6GHz
UE_005749,0.0033,63.09,58.8334,-31.91,5e-09,33.66,2.0604,0.4061,31.67,1.1e-05,0,0,82.3268,11.515915,WiFi6E_6GHz
UE_005750,0.0111,12.31,6.6877,-82.69,0.0196902022,6.24,1.5,4.7275,1.366,3.7e-05,0,0,54.0815,2.31762,WiFi6E_6GHz
UE_005751,0.0108,26.9,22.8269,-68.1,1.0119e-06,24.02,1.5,0.2836,-15.7068,3.6e-05,0,0,68.3552,7.165049,WiFi6E_6GHz
UE_005752,0.01,15.52,9.8097,-79.48,0.0001778765,18.3,1.5,0.5341,-10.1193,3.3e-05,0,0,60.0448,3.471508,WiFi6E_6GHz
UE_005753,0.0027,50.02,46.1906,-44.98,2e-09,20.89,1.7252,0.2042,12.0113,9e-06,0,0,78.6484,11.866836,WiFi6E_6GHz
UE_005754,0.0057,79.84,76.4795,-15.16,7.4e-09,16.15,1.5,0.0463,-1.1929,1.9e-05,0,0,85.7177,11.658706,WiFi6E_6GHz
UE_005755,0.0023,40.91,38.3187,-54.09,6.4e-09,31.08,1.5,0.2524,-31.67,8e-06,0,0,86.4967,11.54712,WiFi6E_6GHz
UE_005756,0.0098,23.52,17.1278,-71.48,0.0006622246,23.38,1.6821,0.7651,11.58,3.3e-05,0,0,65.2864,5.300177,WiFi6E_6GHz
UE_005757,0.0094,7.09,2.0243,-87.91,0.0350484628,23.83,1.5,36.628,3.0264,3.1e-05,0,0,29.3846,1.45152,WiFi6E_6GHz
UE_005758,0.0099,30.32,27.5613,-64.68,9.7377e-06,23.86,1.6113,0.4821,24.1424,3.3e-05,0,0,70.6162,7.917313,WiFi6E_6GHz
UE_005759,0.0051,39.43,35.7546,-55.57,5.5e-09,15.21,1.5,0.4732,-27.4519,1.7e-05,0,0,77.9352,11.422552,WiFi6E_6GHz
UE_005760,0.0029,42.57,40.9926,-52.43,7.8e-09,15.14,1.5676,0.0144,-31.67,1e-05,0,0,81.9617,11.840671,WiFi6E_6GHz
UE_005761,0.0058,18.54,12.7285,-76.46,0.0009830557,17.78,1.5,1.989,-31.67,1.9e-05,0,0,62.2085,3.858183,WiFi6E_6GHz
UE_005762,0.0058,48.02,44.9746,-46.98,5.6e-09,24.87,1.5,0.3507,-31.67,1.9e-05,0,0,81.9803,11.530644,WiFi6E_6GHz
UE_005763,0.0015,25.22,19.7466,-69.78,9.132e-06,7.06,1.5,0.3341,3.5477,5e-06,0,0,65.405,6.754832,WiFi6E_6GHz
UE_005764,0.0085,57.79,53.8182,-37.21,5.5e-09,32.81,1.5,0.2872,-31.67,2.8e-05,0,0,82.5928,11.830236,WiFi6E_6GHz
UE_005765,0.0046,40.16,36.1068,-54.84,1.3e-09,19.16,1.5,0.3103,31.67,1.5e-05,0,0,82.9487,11.895035,WiFi6E_6GHz
UE_005766,0.0018,4.92,3.0222,-90.08,0.0710115364,28.3,1.5,36.4327,-31.67,6e-06,0,0,28.8588,0.511156,WiFi6E_6GHz
UE_005767,0.0042,31.01,26.6207,-63.99,5.918e-06,20.81,1.5,0.2231,26.7682,1.4e-05,0,0,77.1526,7.554168,WiFi6E_6GHz
UE_005768,0.0053,36.62,32.4945,-58.38,9e-09,11.86,1.5,0.1042,-11.7361,1.8e-05,0,0,76.4393,11.926745,WiFi6E_6GHz
UE_005769,0.0039,39.49,34.0659,-55.51,6.2e-09,34.35,1.5,0.229,31.67,1.3e-05,0,0,82.5733,11.367213,WiFi6E_6GHz
UE_005770,0.0034,25.85,20.4159,-69.15,4.3765e-06,18.38,1.7484,0.4277,22.2273,1.1e-05,0,0,65.2253,7.060177,WiFi6E_6GHz
UE_005771,0.0077,17.17,13.5872,-77.83,0.0006854874,15.48,1.5,1.7413,-23.5956,2.6e-05,0,0,58.1809,3.309832,WiFi6E_6GHz
UE_005772,0.0029,18.59,14.4296,-76.41,0.0006981273,23.99,1.5,0.5008,31.67,1e-05,0,0,61.8055,3.191417,WiFi6E_6GHz
UE_005773,0.0054,17.3,11.4254,-77.7,0.0008546102,25.54,1.7029,0.6543,-18.7394,1.8e-05,0,0,64.0618,3.104149,WiFi6E_6GHz
UE_005774,0.0086,82.24,78.6218,-12.76,7.7e-09,20.72,1.5,0.3394,-20.9343,2.9e-05,0,0,79.7655,11.675606,WiFi6E_6GHz
UE_005775,0.0071,14.29,9.2777,-80.71,0.0412037537,18.43,1.5,6.7956,-31.67,2.4e-05,0,0,52.9795,2.004044,WiFi6E_6GHz
UE_005776,0.0106,28.22,25.7034,-66.78,9.9558e-06,23.42,1.5,0.1298,-31.6308,3.5e-05,0,0,70.4743,7.975523,WiFi6E_6GHz
UE_005777,0.0078,1.43,-0.579,-93.57,0.1131743058,21.84,1.5,28.092,-2.7969,2.6e-05,0,0,31.1611,0.220817,WiFi6E_6GHz
UE_005778,0.0103,24.19,18.5672,-70.81,0.000959743,37.64,2.005,0.7945,6.4754,3.4e-05,0,0,67.9936,5.349166,WiFi6E_6GHz
UE_005779,0.0044,22.33,19.4641,-72.67,0.0009574875,13.99,1.5,1.4044,31.67,1.5e-05,0,0,62.6911,5.182563,WiFi6E_6GHz
UE_005780,0.0071,61.32,56.2452,-33.68,5.2e-09,26.38,1.5,0.0667,-21.754,2.4e-05,0,0,82.18,11.704792,WiFi6E_6GHz
UE_005781,0.0106,71.95,66.9281,-23.05,9.7e-09,30.64,1.5,0.3933,-31.67,3.5e-05,0,0,83.3234,12.09386,WiFi6E_6GHz
UE_005782,0.0105,21.18,18.2813,-73.82,0.0004357004,17.26,1.5,0.9337,-13.054,3.5e-05,0,0,60.4779,5.450475,WiFi6E_6GHz
UE_005783,0.0053,27.02,22.8589,-67.98,4.5053e-06,22.82,1.5,0.1068,-4.0582,1.8e-05,0,0,71.9802,6.976349,WiFi6E_6GHz
UE_005784,0.0099,35.0,31.1648,-60.0,9.7e-09,23.84,1.5,0.2832,26.2989,3.3e-05,0,0,76.6286,11.598928,WiFi6E_6GHz
UE_005785,0.0055,71.44,65.763,-23.56,6.3e-09,18.94,1.5,0.2757,-24.9284,1.8e-05,0,0,79.8517,11.866503,WiFi6E_6GHz
UE_005786,0.0026,6.57,0.6207,-88.43,0.0344249259,8.24,1.5,24.4429,11.7064,9e-06,0,0,34.0884,0.955594,WiFi6E_6GHz
UE_005787,0.0046,20.7,16.7451,-74.3,0.0003621698,30.09,1.5,0.5616,6.277,1.5e-05,0,0,65.8072,4.522336,WiFi6E_6GHz
UE_005788,0.0097,10.44,7.0861,-84.56,0.034083337,13.69,1.5,3.2494,12.7211,3.2e-05,0,0,51.9069,1.78632,WiFi6E_6GHz
UE_005789,0.0054,48.68,46.7562,-46.32,9.3e-09,15.99,1.5,0.1979,28.2659,1.8e-05,0,0,79.6834,11.504112,WiFi6E_6GHz
UE_005790,0.0018,52.55,46.8092,-42.45,6.1e-09,25.22,1.5,0.072,-31.67,6e-06,0,0,86.2813,12.000545,WiFi6E_6GHz
UE_005791,0.0105,63.42,58.3297,-31.58,1.5e-09,26.48,1.5,0.4237,-1.9723,3.5e-05,0,0,81.6829,11.477975,WiFi6E_6GHz
UE_005792,0.0035,50.54,46.2908,-44.46,3.8e-09,28.43,1.5312,0.2336,-31.67,1.2e-05,0,0,80.2849,11.723201,WiFi6E_6GHz
UE_005793,0.0054,61.68,58.2917,-33.32,2.7e-09,18.47,1.5,0.1085,-31.67,1.8e-05,0,0,80.2323,11.4624,WiFi6E_6GHz
UE_005794,0.01,16.68,12.5486,-78.32,0.0001157815,36.24,1.5,0.5311,-25.2071,3.3e-05,0,0,63.1263,3.456073,WiFi6E_6GHz
UE_005795,0.0089,16.64,10.612,-78.36,0.0007874352,20.3,1.5,1.5182,6.5844,3e-05,0,0,59.4933,3.546394,WiFi6E_6GHz
UE_005796,0.0079,14.32,8.0162,-80.68,0.0137428758,35.23,1.5,6.1194,-6.6415,2.6e-05,0,0,56.5747,2.341299,WiFi6E_6GHz
UE_005797,0.008,43.2,39.4497,-51.8,5.8e-09,20.64,1.6531,0.404,17.1419,2.7e-05,0,0,79.9886,11.811479,WiFi6E_6GHz
UE_005798,0.0033,50.89,46.5598,-44.11,4.7e-09,24.67,1.5054,0.1357,8.1421,1.1e-05,0,0,80.287,11.599892,WiFi6E_6GHz
UE_005799,0.0111,8.33,4.113,-86.67,0.0340343423,43.32,1.5,13.8233,26.7326,3.7e-05,0,0,47.7762,1.89446,WiFi6E_6GHz
UE_005800,0.0069,26.18,21.4531,-68.82,9.8913e-06,12.81,1.5,0.0222,-25.7168,2.3e-05,0,0,66.8856,7.164689,WiFi6E_6GHz
UE_005801,0.0026,7.71,0.8148,-87.29,0.0395490869,12.34,1.5,28.639,-13.0854,9e-06,0,0,32.6875,1.218774,WiFi6E_6GHz
UE_005802,0.0025,33.99,31.7466,-61.01,3.1155e-06,38.63,1.5,0.2371,29.712,8e-06,0,0,77.2348,10.384565,WiFi6E_6GHz
UE_005803,0.0058,21.61,15.7338,-73.39,0.0002957848,6.48,1.5,1.7015,9.401,1.9e-05,0,0,62.8479,5.658658,WiFi6E_6GHz
UE_005804,0.0086,19.45,17.321,-75.55,5.35982e-05,22.0,1.5,1.3142,12.7893,2.9e-05,0,0,62.9397,4.329027,WiFi6E_6GHz
UE_005805,0.011,5.49,1.6853,-89.51,0.0467069533,41.55,1.8216,29.5735,0.3641,3.7e-05,0,0,35.8009,1.037481,WiFi6E_6GHz
UE_005806,0.0033,40.65,36.19,-54.35,1e-10,20.36,1.5,0.1732,12.6264,1.1e-05,0,0,78.7517,11.640974,WiFi6E_6GHz
UE_005807,0.0036,19.21,13.4491,-75.79,0.0005113192,9.75,1.5,1.4232,-3.8571,1.2e-05,0,0,56.7574,4.491043,WiFi6E_6GHz
UE_005808,0.0057,18.33,14.2789,-76.67,0.0004274637,22.74,1.5,1.2996,-2.5092,1.9e-05,0,0,59.9092,3.30818,WiFi6E_6GHz
UE_005809,0.0012,11.4,6.4753,-83.6,0.0388627344,18.43,1.6047,5.872,19.1691,4e-06,0,0,52.5173,2.076179,WiFi6E_6GHz
UE_005810,0.0046,33.08,31.2351,-61.92,3.175e-06,13.96,1.5,0.3134,25.4358,1.5e-05,0,0,77.891,10.459147,WiFi6E_6GHz
UE_005811,0.0019,16.31,13.4177,-78.69,0.000328626,16.31,1.5,1.5547,2.79,6e-06,0,0,60.6997,4.029609,WiFi6E_6GHz
UE_005812,0.0035,55.1,47.815,-39.9,3.2e-09,15.07,1.5,0.149,0.1476,1.2e-05,0,0,79.9383,11.79817,WiFi6E_6GHz
UE_005813,0.0025,34.72,31.9537,-60.28,4.2107e-06,16.53,1.5,0.0737,21.3376,8e-06,0,0,77.0257,10.486403,WiFi6E_6GHz
UE_005814,0.0076,56.18,51.5753,-38.82,6.7e-09,13.85,1.5,0.3343,31.67,2.5e-05,0,0,81.0148,11.891792,WiFi6E_6GHz
UE_005815,0.0079,21.35,14.7898,-73.65,0.0007023795,25.58,1.5,0.9394,26.2052,2.6e-05,0,0,62.1842,5.552178,WiFi6E_6GHz
UE_005816,0.0111,24.81,20.878,-70.19,0.0003314783,33.42,1.5,1.656,-18.6249,3.7e-05,0,0,68.7649,5.369339,WiFi6E_6GHz
UE_005817,0.006,58.49,54.5811,-36.51,9e-10,39.23,1.5,0.2291,-31.157,2e-05,0,0,83.1708,11.57486,WiFi6E_6GHz
UE_005818,0.0076,71.71,67.4942,-23.29,7.7e-09,30.72,1.5,0.1562,-30.2258,2.5e-05,0,0,81.8003,11.572966,WiFi6E_6GHz
UE_005819,0.0036,30.32,27.0935,-64.68,1.1045e-06,21.09,1.5,0.3742,25.8426,1.2e-05,0,0,75.5549,7.665259,WiFi6E_6GHz
UE_005820,0.0015,14.64,11.6278,-80.36,0.0205897577,32.37,1.5,7.4005,-12.0539,5e-06,0,0,55.3456,2.054475,WiFi6E_6GHz
UE_005821,0.0077,1.32,-1.1247,-93.68,0.1034796039,27.81,1.5,27.3939,31.67,2.6e-05,0,0,27.1689,0.368909,WiFi6E_6GHz
UE_005822,0.0098,33.92,31.1453,-61.08,4.9416e-06,16.12,1.5,0.1277,2.933,3.3e-05,0,0,73.8296,10.437266,WiFi6E_6GHz
UE_005823,0.0044,25.46,21.4352,-69.54,4.5192e-06,19.71,1.5,0.3005,8.5066,1.5e-05,0,0,67.0446,7.201571,WiFi6E_6GHz
UE_005824,0.0024,6.23,0.2798,-88.77,0.0395128244,47.41,1.7772,28.7763,-10.3965,8e-06,0,0,35.6837,1.083338,WiFi6E_6GHz
UE_005825,0.0067,38.22,35.0229,-56.78,8.2e-09,21.9,1.5,0.192,-9.8189,2.2e-05,0,0,77.5285,11.569442,WiFi6E_6GHz
UE_005826,0.0085,51.59,48.2933,-43.41,6.8e-09,24.83,1.5,0.259,31.67,2.8e-05,0,0,81.1562,11.693553,WiFi6E_6GHz
UE_005827,0.0092,58.72,53.7036,-36.28,4.2e-09,30.4,1.5,0.0577,-21.7881,3.1e-05,0,0,79.6217,11.461347,WiFi6E_6GHz
UE_005828,0.0069,39.03,33.4336,-55.97,8.8e-09,9.49,1.5,0.1637,-31.67,2.3e-05,0,0,80.1452,11.585618,WiFi6E_6GHz
UE_005829,0.0025,29.17,25.1328,-65.83,4.4054e-06,10.06,1.5,0.3383,16.634,8e-06,0,0,70.5105,7.600447,WiFi6E_6GHz
UE_005830,0.0081,6.58,2.3505,-88.42,0.0270366013,15.2,1.6792,29.1711,-21.2265,2.7e-05,0,0,31.871,0.95072,WiFi6E_6GHz
UE_005831,0.0089,36.74,33.8219,-58.26,6e-10,19.21,1.5,0.046,-31.67,3e-05,0,0,75.4367,11.310531,WiFi6E_6GHz
UE_005832,0.0036,34.81,33.6965,-60.19,8.15e-06,21.88,1.5,0.1845,31.67,1.2e-05,0,0,75.4746,10.173268,WiFi6E_6GHz
UE_005833,0.0094,27.18,25.0912,-67.82,7.4341e-06,26.91,1.5,0.0487,11.8399,3.1e-05,0,0,70.3305,7.102,WiFi6E_6GHz
UE_005834,0.0076,40.33,36.8894,-54.67,3.3e-09,11.06,1.5,0.4951,-24.0905,2.5e-05,0,0,80.0385,11.689198,WiFi6E_6GHz
UE_005835,0.0086,25.64,21.425,-69.36,9.169e-06,13.68,1.5,0.3612,-19.9962,2.9e-05,0,0,63.4542,6.977884,WiFi6E_6GHz
UE_005836,0.0038,32.35,26.7289,-62.65,4.82e-08,15.85,1.5,0.4924,-8.6388,1.3e-05,0,0,72.2129,10.586781,WiFi6E_6GHz
UE_005837,0.0083,18.06,10.8246,-76.94,8.2365e-05,23.29,1.5,0.7263,-21.2128,2.8e-05,0,0,62.2937,3.412441,WiFi6E_6GHz
UE_005838,0.0069,28.53,23.1528,-66.47,6.4271e-06,25.85,1.5,0.4368,-18.3826,2.3e-05,0,0,71.677,7.817176,WiFi6E_6GHz
UE_005839,0.002,18.11,15.6404,-76.89,3.20767e-05,11.65,1.5,0.7376,-31.67,7e-06,0,0,58.1858,3.507596,WiFi6E_6GHz
UE_005840,0.007,30.72,26.5136,-64.28,1.3902e-06,16.1,1.5,0.406,-31.67,2.3e-05,0,0,69.9064,8.140864,WiFi6E_6GHz
UE_005841,0.0101,42.07,39.6943,-52.93,3.4e-09,19.04,1.5,0.0452,-3.2269,3.4e-05,0,0,79.9377,11.629105,WiFi6E_6GHz
UE_005842,0.0055,35.16,31.5617,-59.84,4e-09,10.85,1.5,0.4219,16.1294,1.8e-05,0,0,75.2302,11.790331,WiFi6E_6GHz
UE_005843,0.0068,42.01,38.264,-52.99,8.7e-09,10.34,1.5,0.3511,-29.6168,2.3e-05,0,0,78.1067,11.298112,WiFi6E_6GHz
UE_005844,0.0042,18.59,11.7566,-76.41,8.00767e-05,30.45,1.5,1.3475,4.2764,1.4e-05,0,0,63.1397,3.595761,WiFi6E_6GHz
UE_005845,0.0108,16.74,14.9446,-78.26,0.0008663603,29.28,1.5,1.8956,0.9181,3.6e-05,0,0,60.1576,2.957567,WiFi6E_6GHz
UE_005846,0.0052,24.22,20.5232,-70.78,0.0004436134,17.42,1.9593,1.6719,-31.67,1.7e-05,0,0,66.8213,5.501977,WiFi6E_6GHz
UE_005847,0.0042,17.15,11.9059,-77.85,0.0005812453,18.6,1.5,1.6469,31.67,1.4e-05,0,0,62.2195,3.553367,WiFi6E_6GHz
UE_005848,0.0091,14.49,10.1027,-80.51,0.0317359073,32.27,1.5,4.2482,10.0524,3e-05,0,0,59.1326,1.96364,WiFi6E_6GHz
UE_005849,0.0076,37.37,32.8292,-57.63,5.5e-09,5.54,1.5,0.2023,-31.67,2.5e-05,0,0,70.1178,11.448719,WiFi6E_6GHz
UE_005850,0.0017,15.97,10.2076,-79.03,3.01554e-05,33.42,1.5,1.0446,-10.1169,6e-06,0,0,59.6075,3.188196,WiFi6E_6GHz
UE_005851,0.0059,21.76,17.9258,-73.24,8.32719e-05,21.86,1.5,1.51,31.67,2e-05,0,0,63.8435,5.143233,WiFi6E_6GHz
UE_005852,0.002,32.88,29.864,-62.12,7.3828e-06,25.36,1.6308,0.3938,-31.67,7e-06,0,0,72.0027,10.841078,WiFi6E_6GHz
UE_005853,0.0081,27.76,23.0961,-67.24,7.3003e-06,16.81,1.7072,0.1974,8.4767,2.7e-05,0,0,68.7602,6.791598,WiFi6E_6GHz
UE_005854,0.0064,53.83,51.6063,-41.17,1.9e-09,33.04,2.0589,0.4956,-25.4491,2.1e-05,0,0,79.2681,11.833909,WiFi6E_6GHz
UE_005855,0.0065,58.98,56.5232,-36.02,1.7e-09,22.73,1.5,0.3612,31.67,2.2e-05,0,0,78.2848,11.674788,WiFi6E_6GHz
UE_005856,0.0016,37.52,33.3941,-57.48,1e-09,15.32,1.6682,0.3742,-26.6907,5e-06,0,0,74.6288,11.749801,WiFi6E_6GHz
UE_005857,0.0065,24.86,18.9016,-70.14,0.0009043049,17.42,1.5,0.7593,-27.3036,2.2e-05,0,0,69.3723,5.50689,WiFi6E_6GHz
UE_005858,0.0026,76.0,71.1665,-19.0,3e-09,20.82,1.5793,0.4058,7.5738,9e-06,0,0,83.6238,11.512611,WiFi6E_6GHz
UE_005859,0.0024,13.34,8.1393,-81.66,0.0049587262,11.72,1.5,4.0913,5.4029,8e-06,0,0,54.987,2.413995,WiFi6E_6GHz
UE_005860,0.0093,59.5,55.5832,-35.5,9.5e-09,22.66,1.581,0.2352,5.3677,3.1e-05,0,0,84.0694,11.159034,WiFi6E_6GHz
UE_005861,0.0104,31.25,27.4537,-63.75,6.8894e-06,16.67,1.5,0.2598,17.988,3.5e-05,0,0,71.9048,7.811902,WiFi6E_6GHz
UE_005862,0.0015,32.33,29.6012,-62.67,3.7659e-06,19.9,1.5,0.2232,-16.8693,5e-06,0,0,72.5908,10.426567,WiFi6E_6GHz
UE_005863,0.0036,54.11,49.8536,-40.89,3.2e-09,17.37,1.5,0.4186,28.9529,1.2e-05,0,0,82.8921,11.658719,WiFi6E_6GHz
UE_005864,0.0038,34.07,26.6845,-60.93,5.8432e-06,13.22,1.5,0.1936,-31.67,1.3e-05,0,0,73.3274,10.318546,WiFi6E_6GHz
UE_005865,0.0048,15.08,10.2405,-79.92,0.000386712,21.82,1.5,0.577,20.798,1.6e-05,0,0,60.2474,3.594336,WiFi6E_6GHz
UE_005866,0.0088,10.5,6.5262,-84.5,0.040742945,28.84,1.5,2.5869,-11.5763,2.9e-05,0,0,56.9263,1.65317,WiFi6E_6GHz
UE_005867,0.009,4.6,1.5169,-90.4,0.0552539972,25.81,1.5,18.7998,5.4787,3e-05,0,0,41.714,0.453268,WiFi6E_6GHz
UE_005868,0.0042,13.7,10.8866,-81.3,0.0273729495,21.93,1.5,6.6333,-1.0394,1.4e-05,0,0,54.3472,2.132817,WiFi6E_6GHz
UE_005869,0.0047,52.92,47.712,-42.08,7.5e-09,19.03,1.5,0.1216,20.635,1.6e-05,0,0,81.7819,11.749946,WiFi6E_6GHz
UE_005870,0.0063,46.64,44.0855,-48.36,9.8e-09,28.85,1.5,0.3621,29.2948,2.1e-05,0,0,80.1096,11.678579,WiFi6E_6GHz
UE_005871,0.0098,70.9,65.5287,-24.1,8e-10,26.04,1.5,0.3071,26.4324,3.3e-05,0,0,80.6003,11.303785,WiFi6E_6GHz
UE_005872,0.0064,12.1,8.9835,-82.9,0.0211922388,22.6,1.5,4.6354,15.2207,2.1e-05,0,0,53.7641,2.22022,WiFi6E_6GHz
UE_005873,0.0097,38.79,33.4816,-56.21,2e-10,30.24,1.5,0.0651,31.67,3.2e-05,0,0,82.484,11.663227,WiFi6E_6GHz
UE_005874,0.0023,57.04,52.3017,-37.96,5.9e-09,36.02,1.5,0.0978,17.5908,8e-06,0,0,87.3517,11.726733,WiFi6E_6GHz
UE_005875,0.0052,30.78,27.6492,-64.22,4.9046e-06,43.28,1.5023,0.3017,27.8585,1.7e-05,0,0,75.0233,7.64296,WiFi6E_6GHz
UE_005876,0.0044,3.04,-0.4179,-91.96,0.0960942327,12.05,1.5,38.6598,-15.6781,1.5e-05,0,0,19.3298,0.352244,WiFi6E_6GHz
UE_005877,0.0075,44.97,41.7553,-50.03,1.3e-09,15.72,1.5702,0.3186,15.2462,2.5e-05,0,0,78.4184,11.82041,WiFi6E_6GHz
UE_005878,0.004,17.89,11.5838,-77.11,0.0002334879,14.57,1.5,1.4701,28.6368,1.3e-05,0,0,61.8955,3.096238,WiFi6E_6GHz
UE_005879,0.0079,30.08,25.6473,-64.92,6.7664e-06,18.18,1.5207,0.3399,-20.4833,2.6e-05,0,0,72.8337,7.701874,WiFi6E_6GHz
UE_005880,0.0039,48.3,45.731,-46.7,2.9e-09,48.64,1.8978,0.2998,21.545,1.3e-05,0,0,84.4799,11.426751,WiFi6E_6GHz
UE_005881,0.0037,31.69,28.3916,-63.31,8.286e-06,18.7,1.6444,0.0749,29.2505,1.2e-05,0,0,70.3939,7.728139,WiFi6E_6GHz
UE_005882,0.0103,15.16,11.6237,-79.84,0.0003184855,15.77,1.5,1.1367,-31.67,3.4e-05,0,0,59.7755,3.404985,WiFi6E_6GHz
UE_005883,0.0086,37.14,31.1757,-57.86,3.8e-09,16.65,1.5,0.156,-9.9157,2.9e-05,0,0,74.7423,11.877045,WiFi6E_6GHz
UE_005884,0.0023,31.82,28.3967,-63.18,3.466e-07,17.12,1.8714,0.4086,19.4,8e-06,0,0,73.3241,8.110454,WiFi6E_6GHz
UE_005885,0.0092,37.06,34.4756,-57.94,2.3e-09,17.87,1.5,0.4625,-27.3032,3.1e-05,0,0,79.0947,11.700987,WiFi6E_6GHz
UE_005886,0.0029,40.51,36.3821,-54.49,9.1e-09,24.14,1.885,0.0234,14.2083,1e-05,0,0,80.1425,11.740822,WiFi6E_6GHz
UE_005887,0.0075,16.15,13.5378,-78.85,0.0006123056,12.62,1.5,1.9362,12.3836,2.5e-05,0,0,58.7822,3.409972,WiFi6E_6GHz
UE_005888,0.0034,17.3,13.4647,-77.7,0.0002438575,11.64,1.5,1.0193,-31.67,1.1e-05,0,0,61.8835,3.897826,WiFi6E_6GHz
UE_005889,0.0086,23.95,21.0987,-71.05,0.0008375786,36.0,1.5,0.932,31.67,2.9e-05,0,0,69.1724,5.558108,WiFi6E_6GHz
UE_005890,0.0061,9.26,4.5168,-85.74,0.0049577196,15.29,1.5,15.9655,26.8026,2e-05,0,0,42.6175,1.58323,WiFi6E_6GHz
UE_005891,0.0094,39.39,35.6024,-55.61,8.6e-09,22.01,1.5,0.4808,-20.4565,3.1e-05,0,0,78.7583,12.111692,WiFi6E_6GHz
UE_005892,0.0103,32.48,27.7108,-62.52,8.9352e-06,20.81,1.5,0.4436,-2.0733,3.4e-05,0,0,75.3492,10.35837,WiFi6E_6GHz
UE_005893,0.0024,43.68,41.0821,-51.32,4.7e-09,22.26,1.5,0.0674,6.146,8e-06,0,0,83.4333,11.772479,WiFi6E_6GHz
UE_005894,0.0076,24.82,20.2558,-70.18,0.0007700612,34.68,1.5941,1.9344,18.7647,2.5e-05,0,0,65.44,5.271684,WiFi6E_6GHz
UE_005895,0.0089,69.56,68.0774,-25.44,3.4e-09,11.44,1.5469,0.4739,31.0282,3e-05,0,0,77.3144,11.816009,WiFi6E_6GHz
UE_005896,0.0091,51.44,43.89,-43.56,3.6e-09,38.05,1.618,0.478,13.3116,3e-05,0,0,82.0438,11.683984,WiFi6E_6GHz
UE_005897,0.0108,10.27,6.3036,-84.73,0.0250321492,11.49,1.5,4.89,31.67,3.6e-05,0,0,50.6991,1.470371,WiFi6E_6GHz
UE_005898,0.0103,36.83,35.5339,-58.17,3e-09,13.6,1.5,0.2259,-29.6957,3.4e-05,0,0,77.9489,11.493684,WiFi6E_6GHz
UE_005899,0.0017,45.55,41.3222,-49.45,3.5e-09,14.62,1.5,0.02,-17.7724,6e-06,0,0,80.094,11.518638,WiFi6E_6GHz
UE_005900,0.0062,20.6,17.5089,-74.4,0.0003316062,18.22,1.5,0.8545,-31.67,2.1e-05,0,0,65.323,4.704659,WiFi6E_6GHz
UE_005901,0.0099,49.96,45.5927,-45.04,8.9e-09,33.72,1.5,0.263,-31.67,3.3e-05,0,0,83.1989,11.89961,WiFi6E_6GHz
UE_005902,0.0054,29.59,24.3552,-65.41,1.0864e-06,41.08,1.5,0.3583,31.67,1.8e-05,0,0,73.839,7.699881,WiFi6E_6GHz
UE_005903,0.0097,22.68,21.3479,-72.32,0.0003195795,19.29,1.5,0.9971,5.892,3.2e-05,0,0,65.3974,5.490724,WiFi6E_6GHz
UE_005904,0.0042,52.49,50.2872,-42.51,3.9e-09,28.9,1.8187,0.0386,-20.9514,1.4e-05,0,0,82.3673,11.424455,WiFi6E_6GHz
UE_005905,0.0062,8.08,4.2362,-86.92,0.0266843288,26.28,1.5,16.637,-31.67,2.1e-05,0,0,45.5718,1.674526,WiFi6E_6GHz
UE_005906,0.0104,13.87,8.5726,-81.13,0.0376002592,7.38,1.5,6.0579,31.67,3.5e-05,0,0,54.0722,2.378884,WiFi6E_6GHz
UE_005907,0.0033,24.44,22.0001,-70.56,0.000869393,10.02,1.5,0.6606,-23.6082,1.1e-05,0,0,63.4175,5.114632,WiFi6E_6GHz
UE_005908,0.0076,21.0,17.1712,-74.0,0.0001614845,30.39,1.5,0.9579,-31.67,2.5e-05,0,0,61.7338,5.186137,WiFi6E_6GHz
UE_005909,0.011,40.71,35.2701,-54.29,4.9e-09,13.28,1.5602,0.1624,-23.0905,3.7e-05,0,0,79.0053,11.547132,WiFi6E_6GHz
UE_005910,0.0045,16.17,12.5953,-78.83,0.0002323706,7.24,1.5,0.6933,-10.7744,1.5e-05,0,0,55.9713,3.245919,WiFi6E_6GHz
UE_005911,0.0075,17.11,13.8519,-77.89,0.0003437277,22.67,1.5,1.6679,21.1952,2.5e-05,0,0,58.1921,3.21202,WiFi6E_6GHz
UE_005912,0.0028,3.47,-3.1924,-91.53,0.1000110873,16.92,1.5,12.3123,-31.436,9e-06,0,0,41.754,0.798712,WiFi6E_6GHz
UE_005913,0.0058,48.29,42.3247,-46.71,4.4e-09,8.98,1.5,0.3611,3.2438,1.9e-05,0,0,79.3884,11.716779,WiFi6E_6GHz
UE_005914,0.0089,11.37,6.1341,-83.63,0.0026127435,20.21,1.5,4.5729,27.8058,3e-05,0,0,54.6398,2.26379,WiFi6E_6GHz
UE_005915,0.0023,29.99,25.7904,-65.01,8.172e-07,24.51,1.5,0.2162,16.5698,8e-06,0,0,76.2529,7.458416,WiFi6E_6GHz
UE_005916,0.0108,52.37,48.3613,-42.63,3.7e-09,12.59,1.5,0.237,15.8688,3.6e-05,0,0,78.533,11.845623,WiFi6E_6GHz
UE_005917,0.009,27.6,22.9316,-67.4,6.1575e-06,13.96,1.5,0.1734,-16.5858,3e-05,0,0,68.0456,6.795933,WiFi6E_6GHz
UE_005918,0.0104,61.3,54.5284,-33.7,2e-10,26.31,1.5972,0.1032,-26.4022,3.5e-05,0,0,79.6187,11.813373,WiFi6E_6GHz
UE_005919,0.0081,74.85,69.7891,-20.15,2.1e-09,21.64,1.5,0.4786,-31.67,2.7e-05,0,0,81.1336,11.633657,WiFi6E_6GHz
UE_005920,0.0049,41.88,38.6904,-53.12,2.5e-09,25.66,1.5,0.3741,-3.3512,1.6e-05,0,0,82.2176,11.628154,WiFi6E_6GHz
UE_005921,0.0019,40.73,34.7648,-54.27,8.4e-09,13.42,1.5,0.013,13.2564,6e-06,0,0,77.1225,11.746153,WiFi6E_6GHz
UE_005922,0.0013,47.1,43.8667,-47.9,8.5e-09,26.06,1.5,0.1225,-27.3772,4e-06,0,0,81.4381,11.470259,WiFi6E_6GHz
UE_005923,0.0025,23.66,18.6133,-71.34,0.0004906402,19.0,1.5,0.8917,-2.9938,8e-06,0,0,69.0638,5.189479,WiFi6E_6GHz
UE_005924,0.0055,29.44,23.2459,-65.56,7.7148e-06,15.31,1.5,0.4894,22.5357,1.8e-05,0,0,71.6663,7.778377,WiFi6E_6GHz
UE_005925,0.006,54.48,50.8138,-40.52,1.8e-09,25.56,1.5,0.3869,-9.1993,2e-05,0,0,81.0726,11.781103,WiFi6E_6GHz
UE_005926,0.0026,48.08,44.5799,-46.92,8.2e-09,31.55,1.5,0.3684,31.1929,9e-06,0,0,80.6586,11.794825,WiFi6E_6GHz
UE_005927,0.0018,50.78,45.8619,-44.22,8.9e-09,15.38,1.5,0.0889,-28.5823,6e-06,0,0,82.5597,11.545132,WiFi6E_6GHz
UE_005928,0.0049,11.13,5.1619,-83.87,0.0391955456,13.91,1.5,7.7634,-30.3504,1.6e-05,0,0,50.6606,2.494302,WiFi6E_6GHz
UE_005929,0.004,32.48,31.1604,-62.52,3.517e-06,9.5,1.5,0.1783,19.5532,1.3e-05,0,0,71.5103,10.204081,WiFi6E_6GHz
UE_005930,0.0031,6.32,3.0809,-88.68,0.0114412899,13.36,1.5,38.0755,-21.587,1e-05,0,0,30.8033,1.604406,WiFi6E_6GHz
UE_005931,0.0014,14.99,10.7084,-80.01,0.0418775651,28.15,1.5,5.6336,-0.343,5e-06,0,0,54.8379,2.566052,WiFi6E_6GHz
UE_005932,0.0046,22.95,20.6419,-72.05,0.000775793,22.95,1.5,1.8078,-23.2377,1.5e-05,0,0,64.0416,5.420339,WiFi6E_6GHz
UE_005933,0.0067,46.06,39.4468,-48.94,2.1e-09,13.54,1.5,0.3701,27.5906,2.2e-05,0,0,80.0053,11.467914,WiFi6E_6GHz
UE_005934,0.0097,9.71,5.146,-85.29,0.029181442,25.33,1.6604,25.8263,-9.2501,3.2e-05,0,0,39.6146,1.982819,WiFi6E_6GHz
UE_005935,0.0074,40.28,38.2548,-54.72,3e-09,16.52,1.677,0.4606,-21.3439,2.5e-05,0,0,82.1236,11.726667,WiFi6E_6GHz
UE_005936,0.006,22.92,20.9868,-72.08,0.0008730621,17.79,1.5,0.9698,12.7834,2e-05,0,0,66.182,5.49051,WiFi6E_6GHz
UE_005937,0.0096,12.17,11.1811,-82.83,0.0172712433,26.59,1.5,3.2458,14.2956,3.2e-05,0,0,57.3229,2.33668,WiFi6E_6GHz
UE_005938,0.0078,55.01,51.6401,-39.99,3.1e-09,38.02,1.5,0.4129,0.0609,2.6e-05,0,0,83.2715,11.721884,WiFi6E_6GHz
UE_005939,0.0108,14.28,12.2284,-80.72,0.0154974023,14.12,1.5,7.6921,7.3578,3.6e-05,0,0,53.5491,2.114649,WiFi6E_6GHz
UE_005940,0.006,16.23,12.7138,-78.77,0.0001983917,38.29,1.5,1.3583,-21.7045,2e-05,0,0,56.8862,3.398085,WiFi6E_6GHz
UE_005941,0.0024,42.49,38.9162,-52.51,4.6e-09,30.43,1.5,0.4897,-28.7688,8e-06,0,0,82.2605,11.842809,WiFi6E_6GHz
UE_005942,0.01,40.3,35.9885,-54.7,1.7e-09,21.67,1.5,0.0567,-22.6493,3.3e-05,0,0,75.8073,11.792715,WiFi6E_6GHz
UE_005943,0.0054,21.59,15.834,-73.41,0.0002370094,22.95,1.5,1.9178,31.3065,1.8e-05,0,0,63.5829,5.218689,WiFi6E_6GHz
UE_005944,0.0091,6.41,2.4484,-88.59,0.0468883836,18.86,1.5,11.4318,28.8914,3e-05,0,0,42.935,1.085642,WiFi6E_6GHz
UE_005945,0.0094,62.53,58.1774,-32.47,9e-09,22.42,1.5,0.4822,-1.8857,3.1e-05,0,0,79.4277,11.851443,WiFi6E_6GHz
UE_005946,0.0084,17.77,10.8066,-77.23,0.0007929558,26.54,1.5,1.1461,10.2578,2.8e-05,0,0,63.6861,3.646087,WiFi6E_6GHz
UE_005947,0.0087,14.03,8.1037,-80.97,0.0444114141,34.18,2.1806,6.7263,11.2118,2.9e-05,0,0,56.709,2.419442,WiFi6E_6GHz
UE_005948,0.0063,57.8,54.4989,-37.2,5.4e-09,15.46,1.6243,0.036,31.2287,2.1e-05,0,0,82.0456,11.468524,WiFi6E_6GHz
UE_005949,0.008,21.46,18.6541,-73.54,0.0004500553,32.42,1.6997,0.9649,-8.6462,2.7e-05,0,0,66.5081,5.493534,WiFi6E_6GHz
UE_005950,0.007,40.29,38.1147,-54.71,6.3e-09,34.47,1.6402,0.2713,15.1582,2.3e-05,0,0,85.3065,11.64895,WiFi6E_6GHz
UE_005951,0.0047,22.13,18.4685,-72.87,0.0001060738,15.17,1.5,0.5652,-27.3843,1.6e-05,0,0,63.7822,5.18364,WiFi6E_6GHz
UE_005952,0.0054,25.98,19.534,-69.02,5.646e-06,23.01,1.5,0.1593,-1.0716,1.8e-05,0,0,72.9443,7.136201,WiFi6E_6GHz
UE_005953,0.0016,13.13,8.64,-81.87,0.0322332452,25.75,1.5,7.6549,25.2736,5e-06,0,0,52.2246,2.670133,WiFi6E_6GHz
UE_005954,0.0025,38.06,31.6613,-56.94,4.4e-09,10.03,1.5,0.1456,3.1714,8e-06,0,0,76.9641,11.398041,WiFi6E_6GHz
UE_005955,0.0032,32.44,28.9238,-62.56,4.4037e-06,22.24,1.5,0.1006,-14.3309,1.1e-05,0,0,72.4505,10.493459,WiFi6E_6GHz
UE_005956,0.0078,13.51,10.2012,-81.49,0.0417174174,19.27,1.5,5.9397,-31.67,2.6e-05,0,0,47.5315,2.349716,WiFi6E_6GHz
UE_005957,0.0022,12.21,8.7112,-82.79,0.0225384689,17.15,1.5,3.7632,31.67,7e-06,0,0,54.4661,2.106706,WiFi6E_6GHz
UE_005958,0.0059,25.9,23.0957,-69.1,8.9034e-06,19.58,1.5,0.0636,-13.9735,2e-05,0,0,63.5753,7.142229,WiFi6E_6GHz
UE_005959,0.0102,33.96,28.8571,-61.04,4.8263e-06,20.36,1.557,0.3362,23.6387,3.4e-05,0,0,75.7139,10.37709,WiFi6E_6GHz
UE_005960,0.0104,14.93,13.313,-80.07,0.0465877073,11.48,1.5,6.7884,29.0463,3.5e-05,0,0,53.7591,2.295891,WiFi6E_6GHz
UE_005961,0.0054,21.28,15.7308,-73.72,0.000905089,16.84,1.5,0.5142,24.5674,1.8e-05,0,0,62.9813,5.326045,WiFi6E_6GHz
UE_005962,0.0026,23.24,17.1518,-71.76,0.0007456372,34.32,1.5,1.4636,-10.0521,9e-06,0,0,65.1696,5.604169,WiFi6E_6GHz
UE_005963,0.0067,56.71,54.2337,-38.29,4.9e-09,14.66,1.5,0.447,-11.8856,2.2e-05,0,0,77.0241,11.768992,WiFi6E_6GHz
UE_005964,0.0055,18.68,14.0698,-76.32,0.000957626,11.88,1.5,1.445,-31.67,1.8e-05,0,0,58.7327,3.719125,WiFi6E_6GHz
UE_005965,0.005,37.56,32.1075,-57.44,2e-09,32.53,1.5,0.078,-21.1001,1.7e-05,0,0,79.9552,11.590783,WiFi6E_6GHz
UE_005966,0.0093,60.89,57.1138,-34.11,8.6e-09,11.11,1.5,0.2227,25.9783,3.1e-05,0,0,77.5904,11.715386,WiFi6E_6GHz
UE_005967,0.0082,24.08,21.2596,-70.92,0.0009506141,22.6,1.5,1.0409,1.9909,2.7e-05,0,0,65.2817,5.695857,WiFi6E_6GHz
UE_005968,0.005,14.61,8.5802,-80.39,0.0417177976,14.18,1.5,6.3946,25.3859,1.7e-05,0,0,52.3743,2.324015,WiFi6E_6GHz
UE_005969,0.0015,24.21,19.6629,-70.79,0.0002045141,16.94,1.5,1.5192,10.7256,5e-06,0,0,65.5545,5.472048,WiFi6E_6GHz
UE_005970,0.0103,26.93,23.0879,-68.07,6.8197e-06,28.18,1.5,0.3325,-31.2076,3.4e-05,0,0,68.9606,7.008772,WiFi6E_6GHz
UE_005971,0.0106,20.62,16.7185,-74.38,0.000774298,23.25,1.5,0.6799,6.1005,3.5e-05,0,0,63.6378,4.784235,WiFi6E_6GHz
UE_005972,0.0097,33.32,28.6708,-61.68,6.1343e-06,9.62,1.5,0.2079,31.67,3.2e-05,0,0,72.2428,10.573287,WiFi6E_6GHz
UE_005973,0.0101,17.95,12.4656,-77.05,0.0007767654,29.25,1.5,0.9623,31.67,3.4e-05,0,0,62.7849,3.699765,WiFi6E_6GHz
UE_005974,0.0086,13.8,10.3698,-81.2,0.0403811657,12.2,1.5,3.7998,24.3124,2.9e-05,0,0,53.4647,2.39335,WiFi6E_6GHz
UE_005975,0.0045,60.44,53.7058,-34.56,1.8e-09,27.15,1.5,0.2242,28.116,1.5e-05,0,0,80.2069,11.809744,WiFi6E_6GHz
UE_005976,0.0098,25.18,18.7539,-69.82,8.293e-06,18.36,1.5,0.3791,12.2263,3.3e-05,0,0,70.4762,6.817052,WiFi6E_6GHz
UE_005977,0.0089,30.21,25.2529,-64.79,6.6479e-06,6.94,1.5,0.3815,-1.1389,3e-05,0,0,68.4334,7.725578,WiFi6E_6GHz
UE_005978,0.0028,24.3,19.8047,-70.7,0.0002974144,14.25,1.5,0.8112,18.1226,9e-06,0,0,65.3549,5.328552,WiFi6E_6GHz
UE_005979,0.0063,44.98,41.3775,-50.02,1.8e-09,28.92,1.5,0.1894,9.2625,2.1e-05,0,0,79.2338,11.91384,WiFi6E_6GHz
UE_005980,0.005,27.87,22.4927,-67.13,6.5722e-06,36.7,1.5,0.4465,-21.7331,1.7e-05,0,0,72.7054,6.858079,WiFi6E_6GHz
UE_005981,0.0033,22.94,20.7676,-72.06,0.0003709616,22.34,1.5,0.7156,-31.67,1.1e-05,0,0,64.5715,4.9806,WiFi6E_6GHz
UE_005982,0.0108,38.16,31.5531,-56.84,8e-10,24.08,1.8174,0.146,0.8803,3.6e-05,0,0,78.8436,12.048795,WiFi6E_6GHz
UE_005983,0.0078,36.0,32.2688,-59.0,1.7e-09,20.15,1.5,0.2679,28.6698,2.6e-05,0,0,81.3116,12.121151,WiFi6E_6GHz
UE_005984,0.0059,20.89,16.5091,-74.11,0.0002498018,17.67,1.5,1.0291,13.635,2e-05,0,0,66.9654,4.574521,WiFi6E_6GHz
UE_005985,0.0109,36.1,31.6794,-58.9,9.2e-09,31.28,1.7029,0.3015,-30.341,3.6e-05,0,0,76.7472,11.790955,WiFi6E_6GHz
UE_005986,0.0087,4.68,-2.7527,-90.32,0.1311056378,16.19,1.5,27.3983,7.4573,2.9e-05,0,0,29.5186,0.57072,WiFi6E_6GHz
UE_005987,0.0066,32.75,28.584,-62.25,5.1881e-06,0.4,1.5,0.2756,8.1095,2.2e-05,0,0,73.5575,10.433969,WiFi6_2.4GHz
UE_005988,0.0068,39.36,34.1603,-55.64,1.3e-09,0.52,1.5,0.0786,14.9417,2.3e-05,0,0,73.0997,11.90355,WiFi6_2.4GHz
UE_005989,0.001,0.48,-7.9282,-94.52,0.0807027794,0.65,1.5,37.1428,14.4098,3e-06,0,0,19.1431,0.60028,WiFi6_2.4GHz
UE_005990,0.0055,16.86,11.5137,-78.14,0.000164688,0.55,1.5,0.9894,-12.6173,1.8e-05,0,0,54.971,3.573717,WiFi6_2.4GHz
UE_005991,0.0037,12.21,5.0655,-82.79,0.0016197723,0.54,1.5,5.4352,-14.9556,1.2e-05,0,0,55.8431,2.520936,WiFi6_2.4GHz
UE_005992,0.0013,14.64,7.9073,-80.36,0.0445643436,0.57,1.5,2.8271,6.7742,4e-06,0,0,55.3366,2.298192,WiFi6_2.4GHz
UE_005993,0.0132,58.38,52.709,-36.62,4.7e-09,0.44,1.5,0.34,5.7363,4.4e-05,0,0,79.9292,11.706536,WiFi6_2.4GHz
UE_005994,0.0092,21.71,17.3623,-73.29,8.69152e-05,0.49,1.5,1.7656,-12.0109,3.1e-05,0,0,62.7457,5.243241,WiFi6_2.4GHz
UE_005995,0.0061,79.34,71.132,-15.66,2.2e-09,0.96,1.5,0.1506,-0.6485,2e-05,0,0,78.3967,11.575653,WiFi6_2.4GHz
UE_005996,0.0092,22.69,17.2898,-72.31,0.0001753196,0.78,1.5,1.6348,15.4285,3.1e-05,0,0,62.3962,5.109764,WiFi6_2.4GHz
UE_005997,0.0022,22.15,13.6848,-72.85,0.0003572044,0.93,1.5,1.4189,14.3794,7e-06,0,0,61.5319,5.277472,WiFi6_2.4GHz
UE_005998,0.0022,55.85,51.5274,-39.15,4.7e-09,0.85,1.5,0.0493,-13.1257,7e-06,0,0,77.6712,11.628333,WiFi6_2.4GHz
UE_005999,0.0056,60.83,54.4161,-34.17,5.8e-09,0.25,1.5,0.1433,5.7723,1.9e-05,0,0,80.5598,11.795174,WiFi6_2.4GHz
UE_006000,0.0099,18.71,9.2779,-76.29,0.0003051769,0.41,1.5,1.336,9.8987,3.3e-05,0,0,57.5934,3.296441,WiFi6_2.4GHz
UE_006001,0.0128,51.76,45.5336,-43.24,8.5e-09,0.27,1.5,0.3338,2.3075,4.3e-05,0,0,77.8055,12.279024,WiFi6_2.4GHz
UE_006002,0.007,51.15,46.0819,-43.85,6.7e-09,0.22,1.5,0.236,-15.2152,2.3e-05,0,0,80.2691,11.487909,WiFi6_2.4GHz
UE_006003,0.0093,7.62,1.5811,-87.38,0.033282618,0.05,1.5,24.6626,5.2226,3.1e-05,0,0,34.4867,1.135586,WiFi6_2.4GHz
UE_006004,0.0125,7.33,2.3209,-87.67,0.0151391985,0.11,1.5,29.0768,-11.4359,4.2e-05,0,0,27.6113,1.249706,WiFi6_2.4GHz
UE_006005,0.0057,33.5,28.3305,-61.5,2.3796e-06,0.11,1.5,0.2247,-0.432,1.9e-05,0,0,75.5934,10.671954,WiFi6_2.4GHz
UE_006006,0.0036,19.8,12.3578,-75.2,0.0006850082,0.11,1.5,0.8118,-7.8057,1.2e-05,0,0,60.2586,4.357788,WiFi6_2.4GHz
UE_006007,0.0069,9.94,2.3394,-85.06,0.0107176722,0.07,1.5,34.3546,-4.3511,2.3e-05,0,0,31.252,2.079385,WiFi6_2.4GHz
UE_006008,0.0067,48.88,44.682,-46.12,9.9e-09,0.07,1.5,0.2577,0.8471,2.2e-05,0,0,75.7944,11.585719,WiFi6_2.4GHz
UE_006009,0.0039,52.16,49.1773,-42.84,4.2e-09,0.09,1.5,0.3559,-7.5081,1.3e-05,0,0,78.1389,11.906719,WiFi6_2.4GHz
UE_006010,0.0112,49.79,43.5902,-45.21,2.5e-09,0.09,1.5,0.4238,14.0337,3.7e-05,0,0,78.1442,11.746867,WiFi6_2.4GHz
UE_006011,0.0039,7.19,0.7878,-87.81,0.0211731743,1.09,1.5,32.4246,-1.8238,1.3e-05,0,0,30.806,1.272931,WiFi6_2.4GHz
UE_006012,0.0123,22.13,18.4601,-72.87,8.61997e-05,1.21,1.5,0.9568,11.2167,4.1e-05,0,0,61.7481,5.007374,WiFi6_2.4GHz
UE_006013,0.0064,14.87,7.0995,-80.13,0.0463946451,0.89,1.6825,2.0633,9.602,2.1e-05,0,0,55.7436,2.745712,WiFi6_2.4GHz
UE_006014,0.0047,15.19,7.8621,-79.81,0.0009399995,0.95,1.5,0.6267,-13.3241,1.6e-05,0,0,57.2844,3.13551,WiFi6_2.4GHz
UE_006015,0.0059,12.59,5.5505,-82.41,0.0073548631,0.93,1.5,4.5268,-4.2649,2e-05,0,0,48.4176,2.559015,WiFi6_2.4GHz
UE_006016,0.0064,25.83,18.937,-69.17,9.5906e-06,0.87,1.5327,0.1728,14.1099,2.1e-05,0,0,65.9131,6.833613,WiFi6_2.4GHz
UE_006017,0.0031,19.21,10.5927,-75.79,0.000816783,0.72,1.5,1.1425,-4.6344,1e-05,0,0,62.7853,4.846795,WiFi6_2.4GHz
UE_006018,0.0101,53.53,49.988,-41.47,8.6e-09,0.84,1.5,0.3307,-6.3324,3.4e-05,0,0,74.8291,11.733707,WiFi6_2.4GHz
UE_006019,0.0021,15.21,11.1503,-79.79,0.0005486836,0.48,1.5,0.6804,-11.3654,7e-06,0,0,54.9721,3.303036,WiFi6_2.4GHz
UE_006020,0.0041,14.26,5.8039,-80.74,0.0156431412,0.78,1.5,5.6731,10.7298,1.4e-05,0,0,54.7351,2.378955,WiFi6_2.4GHz
UE_006021,0.0053,3.55,-3.6345,-91.45,0.147270498,0.7,1.5,35.8766,1.769,1.8e-05,0,0,20.7038,0.63747,WiFi6_2.4GHz
UE_006022,0.0064,-1.28,-8.8049,-96.28,0.0605327182,1.16,1.5,25.4519,9.7263,2.1e-05,0,0,26.5928,0.288359,WiFi6_2.4GHz
UE_006023,0.0134,14.62,9.4536,-80.38,0.0169810537,0.46,1.5,3.6746,5.9015,4.5e-05,0,0,51.7887,2.308333,WiFi6_2.4GHz
UE_006024,0.0052,22.62,17.0571,-72.38,0.0008624226,0.49,1.5,0.6837,8.998,1.7e-05,0,0,65.2449,5.234723,WiFi6_2.4GHz
UE_006025,0.0133,46.93,40.9138,-48.07,8e-09,0.52,1.5,0.225,-7.6925,4.4e-05,0,0,78.0697,11.720037,WiFi6_2.4GHz
UE_006026,0.0037,12.83,5.8529,-82.17,0.0499884279,0.55,1.5,3.9017,-2.7694,1.2e-05,0,0,52.4475,2.401999,WiFi6_2.4GHz
UE_006027,0.0102,47.91,42.9676,-47.09,1.5e-09,0.73,1.5,0.2327,-3.5114,3.4e-05,0,0,77.7484,11.665535,WiFi6_2.4GHz
UE_006028,0.0089,35.55,32.9603,-59.45,5.1e-09,0.85,1.5,0.1047,11.9513,3e-05,0,0,76.8248,11.717667,WiFi6_2.4GHz
UE_006029,0.0033,15.97,9.7752,-79.03,0.0006204736,0.88,1.5,1.8944,-4.8261,1.1e-05,0,0,58.6342,3.488272,WiFi6_2.4GHz
UE_006030,0.0067,54.48,49.5471,-40.52,2.5e-09,0.7,1.5,0.0811,13.7668,2.2e-05,0,0,80.7508,11.634287,WiFi6_2.4GHz
UE_006031,0.0134,10.26,2.8465,-84.74,0.0217819221,1.23,1.5,5.3142,3.7663,4.5e-05,0,0,48.8466,1.737305,WiFi6_2.4GHz
UE_006032,0.0082,66.04,59.7538,-28.96,3.3e-09,1.05,1.5,0.3251,11.0481,2.7e-05,0,0,76.8714,11.626771,WiFi6_2.4GHz
UE_006033,0.0097,64.73,59.5513,-30.27,1e-09,1.26,1.5,0.3277,-4.6706,3.2e-05,0,0,79.93,11.923775,WiFi6_2.4GHz
UE_006034,0.0038,28.51,24.7823,-66.49,6.99e-07,1.1,1.5,0.4433,-15.9474,1.3e-05,0,0,67.3934,7.799546,WiFi6_2.4GHz
UE_006035,0.0022,0.85,-2.0906,-94.15,0.1144598085,0.8,1.5,23.579,-5.1512,7e-06,0,0,28.1139,0.1,WiFi6_2.4GHz
UE_006036,0.0114,19.5,12.3339,-75.5,0.0006098995,1.18,1.5,0.6761,7.078,3.8e-05,0,0,60.5886,4.707819,WiFi6_2.4GHz
UE_006037,0.0035,9.02,1.3441,-85.98,0.0025427805,1.08,1.5,38.559,6.187,1.2e-05,0,0,26.1957,1.610106,WiFi6_2.4GHz
UE_006038,0.0031,28.6,23.2758,-66.4,8.3051e-06,1.64,1.5,0.0944,-9.6028,1e-05,0,0,70.6063,7.768345,WiFi6_2.4GHz
UE_006039,0.0065,17.28,11.6395,-77.72,0.0002666027,0.97,1.5,0.6112,4.6457,2.2e-05,0,0,56.62,3.562201,WiFi6_2.4GHz
UE_006040,0.0138,6.49,3.395,-88.51,0.0070915014,1.23,1.5,16.9205,4.1418,4.6e-05,0,0,40.9157,0.995536,WiFi6_2.4GHz
UE_006041,0.0054,24.85,17.0197,-70.15,0.000586365,1.27,1.5,1.7643,0.7374,1.8e-05,0,0,61.6248,5.428565,WiFi6_2.4GHz
UE_006042,0.0061,10.55,3.8202,-84.45,0.0386905919,0.7,1.5,7.2663,-5.7349,2e-05,0,0,46.5777,1.305772,WiFi6_2.4GHz
UE_006043,0.0136,8.92,2.8284,-86.08,0.006635361,0.37,1.5,18.4349,-15.2746,4.5e-05,0,0,36.9929,1.781093,WiFi6_2.4GHz
UE_006044,0.0081,48.43,42.3411,-46.57,8.8e-09,0.39,1.5,0.125,-12.625,2.7e-05,0,0,81.8597,11.496735,WiFi6_2.4GHz
UE_006045,0.0131,37.0,30.2439,-58.0,8e-09,0.41,1.5,0.0983,-1.242,4.4e-05,0,0,74.1845,11.696683,WiFi6_2.4GHz
UE_006046,0.0135,25.77,20.6133,-69.23,3.5808e-06,0.69,1.5,0.0184,-11.6775,4.5e-05,0,0,64.3422,7.196361,WiFi6_2.4GHz
UE_006047,0.0111,39.65,31.4923,-55.35,1.1e-09,0.17,1.5,0.1125,-8.0439,3.7e-05,0,0,76.1055,11.599233,WiFi6_2.4GHz
UE_006048,0.0136,58.32,51.5875,-36.68,4.2e-09,2.55,1.6001,0.1909,-9.0346,4.5e-05,0,0,79.0262,11.744578,WiFi6_2.4GHz
UE_006049,0.0043,33.88,28.8455,-61.12,5.23e-06,0.13,1.5,0.4102,4.3729,1.4e-05,0,0,72.9764,10.499641,WiFi6_2.4GHz
UE_006050,0.0056,5.52,-1.2078,-89.48,0.0270572576,0.2,1.7193,18.3026,6.6374,1.9e-05,0,0,33.8623,1.293323,WiFi6_2.4GHz
UE_006051,0.013,21.56,13.9763,-73.44,0.0003932081,0.72,1.5,0.7666,3.9911,4.3e-05,0,0,60.7011,4.809323,WiFi6_2.4GHz
UE_006052,0.0017,42.78,38.4089,-52.22,2.8e-09,0.71,1.5,0.0016,-0.8625,6e-06,0,0,80.8745,11.901976,WiFi6_2.4GHz
UE_006053,0.0086,64.06,56.8848,-30.94,7.8e-09,0.79,1.5,0.0549,12.9964,2.9e-05,0,0,75.9454,11.997506,WiFi6_2.4GHz
UE_006054,0.0109,36.53,32.07,-58.47,8.4e-09,0.78,1.5,0.3616,-1.4898,3.6e-05,0,0,75.1853,11.815292,WiFi6_2.4GHz
UE_006055,0.0084,29.95,24.3502,-65.05,6.0849e-06,0.9,1.5,0.3308,0.8566,2.8e-05,0,0,68.1062,8.003386,WiFi6_2.4GHz
UE_006056,0.0124,60.14,58.1138,-34.86,1.7e-09,0.74,1.5,0.206,-5.0274,4.1e-05,0,0,77.752,11.624797,WiFi6_2.4GHz
UE_006057,0.002,10.02,3.094,-84.98,0.0468766281,0.88,1.5,5.9914,-0.8649,7e-06,0,0,47.4277,1.481724,WiFi6_2.4GHz
UE_006058,0.008,28.29,22.4657,-66.71,9.525e-06,1.08,1.5,0.4015,0.7385,2.7e-05,0,0,68.1099,7.985126,WiFi6_2.4GHz
UE_006059,0.0042,15.25,9.7723,-79.75,0.0004239462,0.75,1.7527,0.5371,-11.4518,1.4e-05,0,0,54.346,3.34882,WiFi6_2.4GHz
UE_006060,0.0059,57.43,51.113,-37.57,4.9e-09,0.89,1.5,0.2856,-13.1708,2e-05,0,0,77.9578,11.477905,WiFi6_2.4GHz
UE_006061,0.0031,31.24,23.1825,-63.76,2.0032e-06,1.04,1.5,0.0186,-7.1694,1e-05,0,0,69.9823,7.868831,WiFi6_2.4GHz
UE_006062,0.0126,21.36,14.3751,-73.64,0.0004570537,0.86,1.5,1.4627,5.0324,4.2e-05,0,0,62.5499,5.280724,WiFi6_2.4GHz
UE_006063,0.001,49.85,46.4398,-45.15,9.3e-09,1.51,1.5,0.2467,-10.272,3e-06,0,0,81.4406,11.806906,WiFi6_2.4GHz
UE_006064,0.0057,40.46,32.556,-54.54,4e-09,1.53,1.5,0.2473,-5.3072,1.9e-05,0,0,78.546,11.561272,WiFi6_2.4GHz
UE_006065,0.0054,46.96,41.3033,-48.04,1e-09,1.05,1.5,0.1632,3.1013,1.8e-05,0,0,74.5219,11.706985,WiFi6_2.4GHz
UE_006066,0.0138,6.98,1.5907,-88.02,0.0137715942,1.48,1.5,16.9621,7.6802,4.6e-05,0,0,33.6661,1.118861,WiFi6_2.4GHz
UE_006067,0.0047,13.98,9.684,-81.02,0.0309741634,1.17,1.5,3.6291,-1.7688,1.6e-05,0,0,55.7752,2.329407,WiFi6_2.4GHz
UE_006068,0.0112,25.14,20.3051,-69.86,5.8738e-06,1.73,1.5,0.4918,3.2211,3.7e-05,0,0,62.9108,7.247851,WiFi6_2.4GHz
UE_006069,0.0057,2.88,-2.4599,-92.12,0.1277087415,1.19,1.5,37.1857,-12.4229,1.9e-05,0,0,22.4824,0.522022,WiFi6_2.4GHz
UE_006070,0.0112,48.91,44.3936,-46.09,1e-10,1.15,1.5907,0.153,14.0078,3.7e-05,0,0,79.98,11.617213,WiFi6_2.4GHz
UE_006071,0.0015,65.99,61.1713,-29.01,3.8e-09,0.63,1.5,0.433,14.5642,5e-06,0,0,83.9589,12.048412,WiFi6_2.4GHz
UE_006072,0.0055,34.06,32.4152,-60.94,3.8187e-06,0.56,1.5,0.337,7.6919,1.8e-05,0,0,71.9581,10.597142,WiFi6_2.4GHz
UE_006073,0.0095,11.07,5.365,-83.93,0.0412398834,0.52,1.5,7.62,-10.4382,3.2e-05,0,0,47.0965,2.373,WiFi6_2.4GHz
UE_006074,0.0034,7.0,1.8774,-88.0,0.0338565096,0.49,1.5,20.1285,-0.1591,1.1e-05,0,0,35.015,1.232958,WiFi6_2.4GHz
UE_006075,0.0099,22.27,16.4596,-72.73,0.0006420014,0.38,1.5,0.9206,7.1122,3.3e-05,0,0,61.5607,5.523407,WiFi6_2.4GHz
UE_006076,0.0027,58.6,51.2785,-36.4,7.8e-09,0.41,1.5,0.1737,-2.8918,9e-06,0,0,77.8411,11.780484,WiFi6_2.4GHz
UE_006077,0.0128,13.53,8.168,-81.47,0.0367549899,0.4,1.5,5.1076,-8.4593,4.3e-05,0,0,51.1734,2.047559,WiFi6_2.4GHz
UE_006078,0.0104,77.55,71.1752,-17.45,2.6e-09,0.31,1.5,0.1694,5.8748,3.5e-05,0,0,77.0173,11.89624,WiFi6_2.4GHz
UE_006079,0.0012,59.55,55.2748,-35.45,1.3e-09,1.76,1.5507,0.3967,-11.9828,4e-06,0,0,73.5326,11.928945,WiFi6_2.4GHz
UE_006080,0.0072,35.63,32.5301,-59.37,5e-10,0.54,1.5,0.364,-2.9627,2.4e-05,0,0,72.9337,11.782933,WiFi6_2.4GHz
UE_006081,0.0132,32.97,29.2824,-62.03,7.4939e-06,0.64,1.5,0.1708,9.1547,4.4e-05,0,0,75.6791,10.60554,WiFi6_2.4GHz
UE_006082,0.0112,18.58,13.9641,-76.42,0.0001651416,0.66,1.5,1.592,-5.8667,3.7e-05,0,0,57.1029,3.543768,WiFi6_2.4GHz
UE_006083,0.0015,49.1,41.4524,-45.9,1.9e-09,1.44,1.5,0.1074,-4.8264,5e-06,0,0,81.447,11.576615,WiFi6_2.4GHz
UE_006084,0.007,66.6,61.0282,-28.4,5.6e-09,0.78,1.5,0.1791,2.1564,2.3e-05,0,0,82.7776,11.448762,WiFi6_2.4GHz
UE_006085,0.0024,50.25,45.0516,-44.75,1.6e-09,1.35,1.5,0.2595,2.3255,8e-06,0,0,77.081,12.008437,WiFi6_2.4GHz
UE_006086,0.0024,3.19,-3.6538,-91.81,0.1391026752,1.25,1.5,35.3548,-9.3365,8e-06,0,0,23.9488,0.647611,WiFi6_2.4GHz
UE_006087,0.0115,51.54,46.8808,-43.46,6e-09,0.62,1.5,0.4921,13.0603,3.8e-05,0,0,77.1131,11.340482,WiFi6_2.4GHz
UE_006088,0.0064,29.44,25.3027,-65.56,2.4264e-06,0.62,1.5,0.3536,8.8208,2.1e-05,0,0,68.5926,7.986415,WiFi6_2.4GHz
UE_006089,0.0062,19.13,14.7133,-75.87,0.0001785046,0.9,1.5,0.7912,-7.421,2.1e-05,0,0,59.4961,4.78219,WiFi6_2.4GHz
UE_006090,0.0077,37.34,32.0934,-57.66,4.9e-09,0.6,1.5,0.1651,-1.6796,2.6e-05,0,0,76.4038,12.011257,WiFi6_2.4GHz
UE_006091,0.0051,32.66,30.0385,-62.34,7.273e-06,0.6,1.5,0.2131,-11.79,1.7e-05,0,0,69.1786,10.377001,WiFi6_2.4GHz
UE_006092,0.0116,62.92,58.7047,-32.08,8.9e-09,0.56,1.5,0.2736,-7.4752,3.9e-05,0,0,76.5957,11.710004,WiFi6_2.4GHz
UE_006093,0.0108,5.52,2.2599,-89.48,0.0105210905,0.55,1.5,21.8578,0.4466,3.6e-05,0,0,31.9551,1.369998,WiFi6_2.4GHz
UE_006094,0.0048,51.23,46.8842,-43.77,3e-09,0.76,1.5,0.2905,-15.8396,1.6e-05,0,0,76.4796,11.64172,WiFi6_2.4GHz
UE_006095,0.0022,0.22,-3.4523,-94.78,0.1472053836,0.51,1.5,11.1522,-8.2337,7e-06,0,0,34.9707,0.365808,WiFi6_2.4GHz
UE_006096,0.0102,19.57,16.9474,-75.43,0.0007482703,0.43,1.5,1.636,-2.807,3.4e-05,0,0,57.8801,4.696181,WiFi6_2.4GHz
UE_006097,0.0101,49.63,47.3179,-45.37,3.1e-09,0.63,1.5,0.3867,-5.5153,3.4e-05,0,0,79.2815,11.945803,WiFi6_2.4GHz
UE_006098,0.0101,-3.02,-5.6739,-98.02,0.1083595673,0.61,1.5,15.4438,9.149,3.4e-05,0,0,35.2903,0.31979,WiFi6_2.4GHz
UE_006099,0.0012,43.24,39.4816,-51.76,7e-10,0.53,1.5,0.2027,15.0002,4e-06,0,0,79.026,11.549909,WiFi6_2.4GHz
UE_006100,0.0091,48.68,43.8494,-46.32,2.5e-09,0.33,1.5,0.0956,1.3272,3e-05,0,0,76.3196,11.692296,WiFi6_2.4GHz
UE_006101,0.0088,49.77,41.0333,-45.23,6.1e-09,0.45,1.5,0.1614,11.7916,2.9e-05,0,0,78.9418,12.023768,WiFi6_2.4GHz
UE_006102,0.0101,57.13,51.0899,-37.87,5.5e-09,0.4,1.5,0.047,13.6241,3.4e-05,0,0,83.0937,11.611403,WiFi6_2.4GHz
UE_006103,0.01,53.91,48.9242,-41.09,1.4e-09,0.8,1.5,0.4158,-3.2698,3.3e-05,0,0,78.1017,11.592501,WiFi6_2.4GHz
UE_006104,0.0109,33.58,26.4849,-61.42,6.8442e-06,0.89,1.5,0.1153,-4.1735,3.6e-05,0,0,69.8566,10.824338,WiFi6_2.4GHz
UE_006105,0.0047,3.33,-2.3571,-91.67,0.0655679785,0.65,1.5,29.7214,11.9038,1.6e-05,0,0,28.7423,0.428815,WiFi6_2.4GHz
UE_006106,0.0134,56.51,52.0076,-38.49,6.6e-09,0.93,1.5,0.3663,12.4126,4.5e-05,0,0,78.3908,11.355934,WiFi6_2.4GHz
UE_006107,0.0089,16.46,13.1345,-78.54,5.04592e-05,0.62,1.5,1.5699,6.6841,3e-05,0,0,57.164,3.604824,WiFi6_2.4GHz
UE_006108,0.0107,30.79,22.0029,-64.21,4.3884e-06,0.59,1.5,0.4388,-11.8698,3.6e-05,0,0,68.6201,8.065121,WiFi6_2.4GHz
UE_006109,0.0128,30.96,23.739,-64.04,8.4793e-06,0.57,1.5,0.0491,10.7091,4.3e-05,0,0,69.496,7.662316,WiFi6_2.4GHz
UE_006110,0.0032,54.99,48.1003,-40.01,9.7e-09,0.43,1.5,0.1082,-9.9095,1.1e-05,0,0,76.6864,11.568368,WiFi6_2.4GHz
UE_006111,0.0061,42.37,38.9021,-52.63,5.1e-09,0.78,1.5,0.3243,10.8625,2e-05,0,0,77.3112,11.976769,WiFi6_2.4GHz
UE_006112,0.0113,63.23,55.6024,-31.77,8.2e-09,0.79,1.5,0.3265,7.5069,3.8e-05,0,0,81.1605,11.373978,WiFi6_2.4GHz
UE_006113,0.0088,6.84,-0.3387,-88.16,0.0163752964,0.52,1.5,36.9477,5.8929,2.9e-05,0,0,26.9373,1.360283,WiFi6_2.4GHz
UE_006114,0.0018,7.5,3.0319,-87.5,0.0051420827,1.87,1.5,14.6835,12.2127,6e-06,0,0,41.1403,0.963895,WiFi6_2.4GHz
UE_006115,0.0105,39.01,33.8107,-55.99,4.8e-09,0.44,1.5,0.1412,4.8422,3.5e-05,0,0,75.8765,11.717962,WiFi6_2.4GHz
UE_006116,0.0015,17.74,12.1051,-77.26,0.0008143581,0.93,1.5,1.8287,-9.4033,5e-06,0,0,54.1931,3.612178,WiFi6_2.4GHz
UE_006117,0.0095,40.43,36.2713,-54.57,9.6e-09,0.38,1.5,0.1033,6.775,3.2e-05,0,0,77.8161,11.549889,WiFi6_2.4GHz
UE_006118,0.0103,22.77,18.8275,-72.23,0.0009668866,1.38,1.5,1.7222,9.5469,3.4e-05,0,0,59.8941,5.35546,WiFi6_2.4GHz
UE_006119,0.0128,12.04,6.5849,-82.96,0.0451819971,0.82,1.5,6.2238,10.7972,4.3e-05,0,0,50.5149,2.239446,WiFi6_2.4GHz
UE_006120,0.0125,31.64,27.3385,-63.36,6.1613e-06,1.25,1.5,0.005,8.6803,4.2e-05,0,0,73.0274,7.594069,WiFi6_2.4GHz
UE_006121,0.0057,17.56,8.9987,-77.44,6.82693e-05,1.19,1.5,1.7282,-12.4959,1.9e-05,0,0,57.638,3.30913,WiFi6_2.4GHz
UE_006122,0.0044,-1.35,-5.6348,-96.35,0.1254578947,1.28,1.5,21.9246,8.0156,1.5e-05,0,0,31.3592,0.141588,WiFi6_2.4GHz
UE_006123,0.0074,53.39,49.0638,-41.61,1.5e-09,0.28,1.5,0.418,-7.9493,2.5e-05,0,0,75.4175,11.765721,WiFi6_2.4GHz
UE_006124,0.0086,0.2,-6.1297,-94.8,0.0730612629,0.27,1.5,31.2668,6.5522,2.9e-05,0,0,23.8218,0.584335,WiFi6_2.4GHz
UE_006125,0.0107,46.37,41.7445,-48.63,3e-10,0.24,1.5,0.1048,12.2625,3.6e-05,0,0,78.2198,11.832608,WiFi6_2.4GHz
UE_006126,0.0035,15.78,8.6446,-79.22,0.0002021266,0.3,1.5,1.5253,-2.4284,1.2e-05,0,0,53.3783,3.573478,WiFi6_2.4GHz
UE_006127,0.0012,60.99,53.8759,-34.01,3.1e-09,0.05,1.5,0.3205,2.8833,4e-06,0,0,75.4898,11.814155,WiFi6_2.4GHz
UE_006128,0.0026,17.49,11.6165,-77.51,0.000609653,0.03,1.5,1.0637,-11.9211,9e-06,0,0,59.6285,3.687964,WiFi6_2.4GHz
UE_006129,0.0071,28.81,26.0327,-66.19,9.4595e-06,0.04,1.5,0.1128,14.5599,2.4e-05,0,0,68.5697,7.732398,WiFi6_2.4GHz
UE_006130,0.005,15.89,11.1927,-79.11,0.0009753603,0.05,1.5,1.5315,-12.4665,1.7e-05,0,0,59.436,3.445743,WiFi6_2.4GHz
UE_006131,0.0019,20.76,15.6164,-74.24,0.0009809601,0.11,1.5,1.5762,7.2212,6e-06,0,0,61.9525,4.370369,WiFi6_2.4GHz
UE_006132,0.0087,30.11,24.5649,-64.89,6.0447e-06,0.11,1.5,0.2336,9.331,2.9e-05,0,0,69.0695,7.765221,WiFi6_2.4GHz
UE_006133,0.007,55.03,46.2864,-39.97,3.6e-09,0.07,1.5,0.4205,13.8525,2.3e-05,0,0,77.6426,11.523499,WiFi6_2.4GHz
UE_006134,0.0101,11.81,3.0425,-83.19,0.0231748555,0.13,1.5,5.8078,0.0202,3.4e-05,0,0,47.8448,2.584221,WiFi6_2.4GHz
UE_006135,0.0061,52.26,48.7724,-42.74,1.6e-09,0.25,1.5,0.0449,0.6214,2e-05,0,0,81.2386,11.712821,WiFi6_2.4GHz
UE_006136,0.0069,21.15,17.8105,-73.85,0.0008330499,0.2,1.5,1.5737,-9.674,2.3e-05,0,0,62.0026,5.44492,WiFi6_2.4GHz
UE_006137,0.0025,14.18,10.5519,-80.82,0.0044062618,0.26,1.5,6.6695,-4.1643,8e-06,0,0,53.0029,2.215732,WiFi6_2.4GHz
UE_006138,0.0093,19.26,14.8186,-75.74,0.0007533916,0.22,1.5,1.7099,15.4476,3.1e-05,0,0,61.1014,4.442697,WiFi6_2.4GHz
UE_006139,0.0036,33.09,24.9508,-61.91,9.5308e-06,0.59,1.5,0.0032,-6.9369,1.2e-05,0,0,68.1189,10.110736,WiFi6_2.4GHz
UE_006140,0.0132,60.95,54.1806,-34.05,6.8e-09,0.63,1.5,0.3015,-15.828,4.4e-05,0,0,77.2135,11.656702,WiFi6_2.4GHz
UE_006141,0.0133,14.39,7.2675,-80.61,0.0169057876,0.61,1.5,3.9437,11.3532,4.4e-05,0,0,52.2131,2.506664,WiFi6_2.4GHz
UE_006142,0.0102,64.82,57.5027,-30.18,2.9e-09,0.55,1.5,0.1749,0.122,3.4e-05,0,0,72.8746,11.53944,WiFi6_2.4GHz
UE_006143,0.0136,18.06,14.0459,-76.94,0.0005919185,0.07,1.5,1.5186,-0.1092,4.5e-05,0,0,59.8866,3.391505,WiFi6_2.4GHz
UE_006144,0.006,13.99,9.2416,-81.01,0.0239476658,0.05,1.5,3.0616,-3.5416,2e-05,0,0,54.987,2.241458,WiFi6_2.4GHz
UE_006145,0.0139,9.01,2.9552,-85.99,0.0192019394,0.06,1.5,36.0003,-8.3798,4.6e-05,0,0,27.5593,1.676952,WiFi6_2.4GHz
UE_006146,0.0113,51.54,44.5059,-43.46,9e-09,0.06,1.5,0.4839,-6.9442,3.8e-05,0,0,77.4388,11.780024,WiFi6_2.4GHz
UE_006147,0.004,5.27,-2.3133,-89.73,0.0064149006,0.04,1.5,11.7063,-2.0696,1.3e-05,0,0,40.2315,0.963157,WiFi6_2.4GHz
UE_006148,0.0061,22.37,16.6371,-72.63,0.0003771568,0.07,1.5,1.3446,-14.0724,2e-05,0,0,61.5403,5.254247,WiFi6_2.4GHz
UE_006149,0.0131,21.16,16.4652,-73.84,0.0006231546,0.05,1.5,1.4511,-11.0421,4.4e-05,0,0,62.4182,5.544677,WiFi6_2.4GHz
UE_006150,0.0135,33.73,27.8332,-61.27,3.372e-07,0.06,1.5,0.3647,-12.2345,4.5e-05,0,0,73.0751,10.265499,WiFi6_2.4GHz
UE_006151,0.006,24.8,20.9859,-70.2,0.0004417454,0.92,1.5,1.7979,-2.0105,2e-05,0,0,68.0596,5.701539,WiFi6_2.4GHz
UE_006152,0.0017,11.74,5.5522,-83.26,0.0215893893,0.9,1.5,4.8323,-6.2821,6e-06,0,0,48.9511,2.645031,WiFi6_2.4GHz
UE_006153,0.0023,12.5,5.0337,-82.5,0.0379039787,0.91,1.5,6.4441,10.9932,8e-06,0,0,51.0983,2.392623,WiFi6_2.4GHz
UE_006154,0.0115,12.62,9.8586,-82.38,0.0038482188,0.98,1.5,7.5733,-5.5772,3.8e-05,0,0,51.1489,2.424447,WiFi6_2.4GHz
UE_006155,0.0035,32.72,28.2904,-62.28,1.8695e-06,1.14,1.5,0.4536,-5.7475,1.2e-05,0,0,75.764,10.442052,WiFi6_2.4GHz
UE_006156,0.012,19.45,13.7865,-75.55,0.0001350452,1.22,1.5,1.4145,-0.5294,4e-05,0,0,58.8969,4.22482,WiFi6_2.4GHz
UE_006157,0.0054,42.05,37.2443,-52.95,8.9e-09,1.03,1.5,0.2135,2.6006,1.8e-05,0,0,75.7631,11.841377,WiFi6_2.4GHz
UE_006158,0.0135,29.09,21.7204,-65.91,4.0734e-06,1.7,1.5,0.1302,-3.8844,4.5e-05,0,0,68.6231,7.670144,WiFi6_2.4GHz
UE_006159,0.0062,60.91,54.8718,-34.09,9e-10,1.21,1.5,0.1485,0.7445,2.1e-05,0,0,74.4595,11.615237,WiFi6_2.4GHz
UE_006160,0.0032,7.9,4.209,-87.1,0.0434752615,1.51,1.5535,14.9658,-11.748,1.1e-05,0,0,38.1798,1.31115,WiFi6_2.4GHz
UE_006161,0.007,15.74,8.4861,-79.26,4.83659e-05,1.1,1.5,1.2856,-8.4339,2.3e-05,0,0,58.4699,3.578982,WiFi6_2.4GHz
UE_006162,0.0037,61.42,57.2407,-33.58,9.3e-09,1.51,1.7251,0.2807,2.2134,1.2e-05,0,0,77.4826,11.559499,WiFi6_2.4GHz
UE_006163,0.0079,29.66,27.0474,-65.34,9.6435e-06,0.05,1.5,0.3772,-9.911,2.6e-05,0,0,69.7297,8.050461,WiFi6_2.4GHz
UE_006164,0.0054,6.39,-1.2419,-88.61,0.0477032315,0.04,1.6315,30.5748,3.3258,1.8e-05,0,0,29.9358,1.083122,WiFi6_2.4GHz
UE_006165,0.01,17.43,12.4433,-77.57,0.0002653115,0.06,1.5,1.6521,-1.4555,3.3e-05,0,0,53.4776,3.313874,WiFi6_2.4GHz
UE_006166,0.0111,13.54,5.4273,-81.46,0.0291682228,0.05,1.5,3.4584,15.5602,3.7e-05,0,0,53.2566,2.283519,WiFi6_2.4GHz
UE_006167,0.0052,16.42,14.3153,-78.58,0.0002333823,0.23,1.5,1.0926,14.9203,1.7e-05,0,0,59.0314,3.801931,WiFi6_2.4GHz
UE_006168,0.0101,38.99,34.9972,-56.01,2.6e-09,0.23,1.5,0.3852,-4.1923,3.4e-05,0,0,77.4029,11.257083,WiFi6_2.4GHz
UE_006169,0.0133,14.85,9.8463,-80.15,0.0349981703,0.23,1.5,2.4323,4.4306,4.4e-05,0,0,54.098,2.359517,WiFi6_2.4GHz
UE_006170,0.0044,18.38,11.162,-76.62,0.0002256098,0.16,1.5,1.6966,-6.2432,1.5e-05,0,0,59.0353,3.702981,WiFi6_2.4GHz
UE_006171,0.0041,14.8,8.1919,-80.2,0.0313312676,0.13,1.5947,2.5413,-6.1774,1.4e-05,0,0,55.8022,2.898126,WiFi6_2.4GHz
UE_006172,0.0069,49.67,46.9048,-45.33,3.5e-09,0.15,1.5,0.2971,-9.1675,2.3e-05,0,0,81.6459,11.732188,WiFi6_2.4GHz
UE_006173,0.0098,13.81,7.3206,-81.19,0.0015595507,0.17,1.5,2.9276,4.2845,3.3e-05,0,0,48.2058,2.160751,WiFi6_2.4GHz
UE_006174,0.0126,20.97,13.1831,-74.03,0.0001653076,0.18,1.5,1.4187,14.6711,4.2e-05,0,0,59.1718,4.699232,WiFi6_2.4GHz
UE_006175,0.0119,39.01,32.2314,-55.99,2.9e-09,0.15,1.5,0.496,-6.0198,4e-05,0,0,78.1443,11.80053,WiFi6_2.4GHz
UE_006176,0.0097,27.93,24.9161,-67.07,3.1901e-06,0.13,1.5,0.0402,-1.9101,3.2e-05,0,0,66.7112,7.201695,WiFi6_2.4GHz
UE_006177,0.0035,13.06,9.7919,-81.94,0.005560645,0.16,1.5,6.3937,5.1359,1.2e-05,0,0,49.6013,2.456087,WiFi6_2.4GHz
UE_006178,0.0015,33.66,29.693,-61.34,1.2488e-06,0.18,1.5764,0.2091,13.2792,5e-06,0,0,73.3604,10.703742,WiFi6_2.4GHz
UE_006179,0.0059,39.99,35.7316,-55.01,5.3e-09,0.19,1.5,0.3621,-2.8657,2e-05,0,0,78.5756,11.399302,WiFi6_2.4GHz
UE_006180,0.0134,36.72,33.822,-58.28,5.7e-09,0.16,1.5,0.2856,-14.4426,4.5e-05,0,0,75.3178,11.694093,WiFi6_2.4GHz
UE_006181,0.0035,31.41,24.2178,-63.59,7.3685e-06,0.23,1.5,0.1003,1.1718,1.2e-05,0,0,72.9095,7.871873,WiFi6_2.4GHz
UE_006182,0.0029,3.31,-0.1807,-91.69,0.1027040991,0.17,1.5,15.9548,4.9993,1e-05,0,0,36.5851,0.306372,WiFi6_2.4GHz
UE_006183,0.0135,9.58,5.203,-85.42,0.0178372199,0.46,1.5,25.817,13.097,4.5e-05,0,0,33.0008,2.134914,WiFi6_2.4GHz
UE_006184,0.0122,10.22,4.4128,-84.78,0.0055158139,0.42,1.5487,5.362,-0.2417,4.1e-05,0,0,47.7083,1.401784,WiFi6_2.4GHz
UE_006185,0.0019,36.95,32.3052,-58.05,3.8e-09,0.37,1.5,0.007,6.6835,6e-06,0,0,73.1968,11.695691,WiFi6_2.4GHz
UE_006186,0.0015,40.3,35.6811,-54.7,8.7e-09,0.25,1.5,0.0592,10.578,5e-06,0,0,80.6397,11.588176,WiFi6_2.4GHz
UE_006187,0.0028,15.42,9.8869,-79.58,0.0001022539,1.47,1.6702,1.5711,10.757,9e-06,0,0,58.4909,3.600798,WiFi6_2.4GHz
UE_006188,0.0034,85.48,81.8842,-9.52,4e-10,0.35,1.5,0.1433,0.3716,1.1e-05,0,0,78.4062,11.743568,WiFi6_2.4GHz
UE_006189,0.0017,26.32,18.0083,-68.68,8.139e-06,1.56,1.5,0.0701,-12.1417,6e-06,0,0,68.9494,6.912512,WiFi6_2.4GHz
UE_006190,0.013,12.86,5.9483,-82.14,0.0355406691,0.21,1.5,3.1753,-13.5075,4.3e-05,0,0,53.8491,2.338411,WiFi6_2.4GHz
UE_006191,0.007,30.04,24.2974,-64.96,2.08e-07,0.56,1.5,0.397,-1.8442,2.3e-05,0,0,67.3349,7.727155,WiFi6_2.4GHz
UE_006192,0.001,39.75,33.9323,-55.25,8.5e-09,2.64,1.5,0.3015,-4.5824,3e-06,0,0,77.767,11.617083,WiFi6_2.4GHz
UE_006193,0.0051,10.44,3.8451,-84.56,0.0048568009,0.51,1.5,3.716,9.7191,1.7e-05,0,0,52.2389,2.310225,WiFi6_2.4GHz
UE_006194,0.0108,47.91,44.0247,-47.09,4e-10,0.32,1.5,0.2909,8.535,3.6e-05,0,0,78.3163,11.60016,WiFi6_2.4GHz
UE_006195,0.0081,22.15,17.5583,-72.85,0.0006191276,0.17,1.5,1.4074,-0.1008,2.7e-05,0,0,60.9683,5.527794,WiFi6_2.4GHz
UE_006196,0.004,10.83,6.2474,-84.17,0.0424150286,0.18,1.5,5.9971,4.5828,1.3e-05,0,0,49.7295,2.074616,WiFi6_2.4GHz
UE_006197,0.0015,28.55,25.0233,-66.45,3.9505e-06,0.24,1.5,0.0542,6.115,5e-06,0,0,64.281,7.576357,WiFi6_2.4GHz
UE_006198,0.0082,8.81,2.6195,-86.19,0.029795771,0.17,1.5,31.3068,-10.2861,2.7e-05,0,0,29.4313,1.65466,WiFi6_2.4GHz
UE_006199,0.0103,43.57,38.8867,-51.43,9e-09,1.22,1.5,0.2431,6.0445,3.4e-05,0,0,80.0293,11.539729,WiFi6_2.4GHz
UE_006200,0.0045,34.35,27.4564,-60.65,2.087e-06,1.04,1.5,0.4843,-11.509,1.5e-05,0,0,73.6123,10.482215,WiFi6_2.4GHz
UE_006201,0.0058,44.4,42.0397,-50.6,8.6e-09,1.12,1.5,0.4037,-3.44,1.9e-05,0,0,75.0978,11.662187,WiFi6_2.4GHz
UE_006202,0.0036,28.96,24.3284,-66.04,7.4667e-06,0.67,1.5,0.3702,4.2751,1.2e-05,0,0,67.1409,7.629044,WiFi6_2.4GHz
UE_006203,0.0123,6.46,-3.0717,-88.54,0.0349176166,0.04,1.5,35.8949,-14.8126,4.1e-05,0,0,28.0589,1.174541,WiFi6_2.4GHz
UE_006204,0.0124,82.28,75.1242,-12.72,2e-10,0.03,1.5,0.2975,12.4694,4.1e-05,0,0,79.938,11.399957,WiFi6_2.4GHz
UE_006205,0.0109,24.68,18.8829,-70.32,0.0008648812,0.04,1.5,0.8393,-6.0669,3.6e-05,0,0,62.0164,5.727831,WiFi6_2.4GHz
UE_006206,0.0066,7.48,2.2724,-87.52,0.0168980506,2.82,1.5,29.4114,8.2572,2.2e-05,0,0,33.9842,1.340229,WiFi6_2.4GHz
UE_006207,0.0095,21.87,13.8117,-73.13,0.0006809463,0.07,1.5,1.0252,0.9173,3.2e-05,0,0,63.7244,5.216869,WiFi6_2.4GHz
UE_006208,0.011,0.38,-7.3137,-94.62,0.0625805654,0.05,1.5,12.4741,-1.4967,3.7e-05,0,0,34.8936,0.307936,WiFi6_2.4GHz
UE_006209,0.0098,41.16,33.4675,-53.84,6e-10,0.04,1.5372,0.2241,-2.4691,3.3e-05,0,0,77.334,11.801118,WiFi6_2.4GHz
UE_006210,0.0019,33.95,33.1966,-61.05,6.7567e-06,0.07,1.5,0.4798,-13.2753,6e-06,0,0,72.4487,10.484342,WiFi6_2.4GHz
UE_006211,0.0099,25.26,19.4142,-69.74,1.3699e-06,0.34,1.5,0.3455,-15.578,3.3e-05,0,0,66.409,7.334117,WiFi6_2.4GHz
UE_006212,0.0112,16.83,11.8921,-78.17,0.0007542621,0.57,1.5,0.6755,-11.0012,3.7e-05,0,0,53.0021,3.292162,WiFi6_2.4GHz
UE_006213,0.0062,54.87,46.2093,-40.13,5.2e-09,0.42,1.5,0.3624,-6.4964,2.1e-05,0,0,81.6534,11.377743,WiFi6_2.4GHz
UE_006214,0.0034,23.57,17.2601,-71.43,0.0009159528,0.39,1.5,0.5245,-13.4674,1.1e-05,0,0,67.4185,5.260211,WiFi6_2.4GHz
UE_006215,0.0103,19.42,11.7199,-75.58,0.0005472645,0.16,1.5,1.8764,1.6156,3.4e-05,0,0,62.11,4.653021,WiFi6_2.4GHz
UE_006216,0.0021,81.0,74.8416,-14.0,5.5e-09,0.13,1.5,0.0024,-9.9061,7e-06,0,0,78.7711,11.845834,WiFi6_2.4GHz
UE_006217,0.009,21.26,17.5841,-73.74,0.000631527,0.1,1.5,1.8032,4.3632,3e-05,0,0,58.9805,5.592899,WiFi6_2.4GHz
UE_006218,0.0057,66.27,59.5742,-28.73,1.1e-09,1.06,1.5,0.1619,-2.0882,1.9e-05,0,0,78.0447,11.815996,WiFi6_2.4GHz
UE_006219,0.0038,12.1,8.7115,-82.9,0.0265878551,0.52,1.5,6.6835,3.6966,1.3e-05,0,0,45.748,2.078637,WiFi6_2.4GHz
UE_006220,0.0121,53.37,47.9339,-41.63,6.1e-09,0.45,1.5,0.4718,-15.272,4e-05,0,0,75.8947,11.402804,WiFi6_2.4GHz
UE_006221,0.011,63.4,56.1653,-31.6,1.7e-09,0.52,1.5,0.1943,0.5124,3.7e-05,0,0,80.3033,11.892589,WiFi6_2.4GHz
UE_006222,0.0092,6.3,-2.537,-88.7,0.0466240776,0.64,1.5,13.6194,13.9682,3.1e-05,0,0,35.9584,1.140432,WiFi6_2.4GHz
UE_006223,0.0071,52.37,44.2559,-42.63,3.4e-09,1.07,1.5,0.3433,-3.064,2.4e-05,0,0,78.7602,11.728354,WiFi6_2.4GHz
UE_006224,0.0023,11.18,6.1245,-83.82,0.0218834382,0.76,1.5,7.258,3.3646,8e-06,0,0,46.965,2.560067,WiFi6_2.4GHz
UE_006225,0.0078,16.14,9.3347,-78.86,0.0006853839,1.36,1.5,1.7951,-3.2433,2.6e-05,0,0,56.7025,3.635833,WiFi6_2.4GHz
UE_006226,0.0048,-2.33,-8.0044,-97.33,0.0894727014,0.72,2.0041,23.9754,2.4346,1.6e-05,0,0,27.8627,0.258317,WiFi6_2.4GHz
UE_006227,0.01,26.36,19.4848,-68.64,1.7057e-06,1.38,1.5,0.2457,0.6937,3.3e-05,0,0,67.11,7.000589,WiFi6_2.4GHz
UE_006228,0.0043,20.09,13.9036,-74.91,0.0005894608,0.38,1.5,1.0921,15.8942,1.4e-05,0,0,59.1741,4.718542,WiFi6_2.4GHz
UE_006229,0.0116,10.94,8.1327,-84.06,0.0478829074,0.64,1.5,2.5154,-5.8494,3.9e-05,0,0,49.614,1.728212,WiFi6_2.4GHz
UE_006230,0.0125,-1.91,-6.3131,-96.91,0.0595647046,0.54,1.5,30.8512,-7.2228,4.2e-05,0,0,26.1806,0.181372,WiFi6_2.4GHz
UE_006231,0.0059,20.7,11.6063,-74.3,0.0007221282,0.57,1.5,0.7454,5.2054,2e-05,0,0,61.8956,5.066234,WiFi6_2.4GHz
UE_006232,0.0117,26.68,18.8035,-68.32,2.4937e-06,0.74,1.5,0.0465,-0.0294,3.9e-05,0,0,68.3835,6.81152,WiFi6_2.4GHz
UE_006233,0.0075,8.76,0.9735,-86.24,0.0209071156,0.47,1.5,35.3466,2.1576,2.5e-05,0,0,29.0098,1.700155,WiFi6_2.4GHz
UE_006234,0.012,16.48,12.6916,-78.52,1.51652e-05,0.82,1.5,0.828,15.7748,4e-05,0,0,54.6837,3.217632,WiFi6_2.4GHz
UE_006235,0.0071,8.99,4.3003,-86.01,0.0086342877,1.05,1.5,38.3855,-4.9094,2.4e-05,0,0,27.2639,1.701502,WiFi6_2.4GHz
UE_006236,0.0132,49.61,43.8082,-45.39,1.2e-09,1.24,1.5,0.0945,3.1481,4.4e-05,0,0,75.1089,11.601876,WiFi6_2.4GHz
UE_006237,0.0106,71.2,63.5334,-23.8,3.3e-09,0.75,1.5,0.0596,-2.3636,3.5e-05,0,0,74.7968,11.72589,WiFi6_2.4GHz
UE_006238,0.0062,66.39,59.6597,-28.61,3e-10,0.97,1.5,0.1548,-1.1898,2.1e-05,0,0,75.6645,11.61143,WiFi6_2.4GHz
UE_006239,0.0022,12.36,4.3134,-82.64,0.049325379,0.21,1.5,6.8586,-15.9427,7e-06,0,0,48.0682,2.087829,WiFi6_2.4GHz
UE_006240,0.0048,56.82,50.162,-38.18,2.4e-09,0.27,1.5,0.1999,-3.9618,1.6e-05,0,0,74.3925,11.705707,WiFi6_2.4GHz
UE_006241,0.0043,19.6,11.8559,-75.4,0.0009795189,0.46,1.5,1.2819,15.5063,1.4e-05,0,0,60.4795,4.605608,WiFi6_2.4GHz
UE_006242,0.0075,7.84,3.1533,-87.16,0.0180171997,0.3,1.5,21.8384,3.1988,2.5e-05,0,0,37.1186,1.021735,WiFi6_2.4GHz
UE_006243,0.0095,42.2,34.3273,-52.8,4.1e-09,1.28,1.5,0.3629,-0.1854,3.2e-05,0,0,74.199,11.586829,WiFi6_2.4GHz
UE_006244,0.0058,65.99,63.615,-29.01,4.9e-09,0.9,1.5,0.2268,-10.0792,1.9e-05,0,0,79.556,11.503088,WiFi6_2.4GHz
UE_006245,0.0031,10.72,6.4714,-84.28,0.0464759069,1.14,1.5,2.1462,-8.3739,1e-05,0,0,53.6275,1.6226,WiFi6_2.4GHz
UE_006246,0.0018,55.33,50.8451,-39.67,5.2e-09,1.09,1.5,0.3792,0.4017,6e-06,0,0,76.596,11.667012,WiFi6_2.4GHz
UE_006247,0.002,8.85,1.23,-86.15,0.0269183337,0.05,1.5,31.6583,-4.2123,7e-06,0,0,33.4552,1.808272,WiFi6_2.4GHz
UE_006248,0.0119,35.63,31.6322,-59.37,5.3e-09,0.05,1.5,0.0275,-0.9913,4e-05,0,0,74.003,11.961207,WiFi6_2.4GHz
UE_006249,0.0065,18.99,16.151,-76.01,0.0004148154,0.05,1.5,0.9421,1.0203,2.2e-05,0,0,60.8705,3.659917,WiFi6_2.4GHz
UE_006250,0.0055,51.96,49.0054,-43.04,3.4e-09,2.61,1.5,0.1643,-15.2401,1.8e-05,0,0,81.7257,11.525811,WiFi6_2.4GHz
UE_006251,0.0025,55.81,47.9704,-39.19,1.7e-09,1.36,1.5,0.1727,-8.922,8e-06,0,0,75.7538,11.941661,WiFi6_2.4GHz
UE_006252,0.0094,48.81,41.8548,-46.19,3.7e-09,0.89,1.5,0.3421,3.2067,3.1e-05,0,0,80.1555,11.51769,WiFi6_2.4GHz
UE_006253,0.0119,37.36,31.7807,-57.64,5.7e-09,1.2,1.5,0.1779,-2.9152,4e-05,0,0,76.6978,11.515272,WiFi6_2.4GHz
UE_006254,0.0036,66.97,60.6414,-28.03,9.3e-09,1.35,1.5,0.2426,-2.5039,1.2e-05,0,0,78.8177,11.585603,WiFi6_2.4GHz
UE_006255,0.0108,18.79,12.2537,-76.21,0.0008871373,1.35,1.5,0.6347,0.565,3.6e-05,0,0,57.0601,3.40208,WiFi6_2.4GHz
UE_006256,0.0047,24.08,20.0832,-70.92,8.02622e-05,1.03,1.5,1.8281,14.9425,1.6e-05,0,0,63.6737,5.146117,WiFi6_2.4GHz
UE_006257,0.0129,6.49,1.903,-88.51,0.0111535509,0.97,1.5,14.8125,8.3304,4.3e-05,0,0,38.1877,1.444936,WiFi6_2.4GHz
UE_006258,0.0042,45.51,41.2439,-49.49,6.6e-09,1.02,1.5,0.3002,8.655,1.4e-05,0,0,79.2743,12.001536,WiFi6_2.4GHz
UE_006259,0.0052,34.29,29.3288,-60.71,4.7567e-06,0.38,1.5,0.089,-12.2022,1.7e-05,0,0,75.0939,10.26935,WiFi6_2.4GHz
UE_006260,0.0081,10.15,6.2989,-84.85,0.0228042114,0.55,1.5,3.9705,4.8431,2.7e-05,0,0,46.1772,1.80943,WiFi6_2.4GHz
UE_006261,0.004,20.92,16.5687,-74.08,0.0009188979,0.51,1.5,1.5578,-9.5871,1.3e-05,0,0,59.7346,4.858544,WiFi6_2.4GHz
UE_006262,0.0116,41.03,35.7723,-53.97,1.1e-09,0.57,1.5,0.3102,10.802,3.9e-05,0,0,79.2272,11.567698,WiFi6_2.4GHz
UE_006263,0.0141,29.84,22.9374,-65.16,1.1912e-06,1.62,1.5,0.1171,-13.6657,4.7e-05,0,0,69.4203,7.699201,WiFi6_2.4GHz
UE_006264,0.0022,13.93,6.7147,-81.07,0.0304269749,1.42,1.5,2.6178,-0.3686,7e-06,0,0,51.344,2.363011,WiFi6_2.4GHz
UE_006265,0.005,26.69,21.0528,-68.31,1.3411e-06,1.1,1.5,0.3498,3.9617,1.7e-05,0,0,64.9635,6.690213,WiFi6_2.4GHz
UE_006266,0.0135,50.67,45.7811,-44.33,7.1e-09,1.49,1.5,0.3991,-6.6823,4.5e-05,0,0,77.6638,12.107188,WiFi6_2.4GHz
UE_006267,0.0035,42.8,35.8924,-52.2,7e-10,1.19,1.5,0.277,12.7961,1.2e-05,0,0,76.8562,11.674525,WiFi6_2.4GHz
UE_006268,0.0019,13.94,7.3868,-81.06,0.0296945807,0.93,1.5,4.4474,5.1318,6e-06,0,0,52.3283,2.510374,WiFi6_2.4GHz
UE_006269,0.0047,50.32,45.7536,-44.68,9e-09,0.63,1.5,0.3748,3.2924,1.6e-05,0,0,75.1934,11.613575,WiFi6_2.4GHz
UE_006270,0.01,42.86,37.575,-52.14,3.5e-09,0.75,1.5,0.0534,7.2101,3.3e-05,0,0,79.5032,11.684808,WiFi6_2.4GHz
UE_006271,0.012,19.18,14.4931,-75.82,0.0002228246,0.13,1.5,1.2156,3.1238,4e-05,0,0,60.3274,4.883171,WiFi6_2.4GHz
UE_006272,0.0103,64.49,61.5167,-30.51,6.6e-09,0.12,1.5,0.0159,8.9675,3.4e-05,0,0,80.1262,11.773122,WiFi6_2.4GHz
UE_006273,0.01,31.39,27.5921,-63.61,8.5447e-06,0.16,1.5,0.0869,-11.6994,3.3e-05,0,0,69.9627,7.918462,WiFi6_2.4GHz
UE_006274,0.0095,38.47,35.1866,-56.53,8.8e-09,2.61,1.5,0.4162,-4.3596,3.2e-05,0,0,77.5528,11.714288,WiFi6_2.4GHz
UE_006275,0.0031,45.87,38.3254,-49.13,7.9e-09,1.25,1.5,0.001,-3.7471,1e-05,0,0,80.5647,11.510931,WiFi6_2.4GHz
UE_006276,0.0011,7.93,4.592,-87.07,0.029575667,0.74,1.5,16.1377,7.8084,4e-06,0,0,38.6625,0.980422,WiFi6_2.4GHz
UE_006277,0.0056,49.05,41.4773,-45.95,8.4e-09,1.24,1.5,0.243,8.9215,1.9e-05,0,0,76.0592,11.794028,WiFi6_2.4GHz
UE_006278,0.0041,15.97,9.0099,-79.03,0.0008576401,0.9,1.5,1.7649,-6.6577,1.4e-05,0,0,58.9734,3.449993,WiFi6_2.4GHz
UE_006279,0.0127,15.15,8.0154,-79.85,0.0006492134,1.71,1.5,1.7056,15.8157,4.2e-05,0,0,54.7397,3.806661,WiFi6_2.4GHz
UE_006280,0.0103,21.85,14.157,-73.15,0.0005000164,0.05,1.5,1.8839,13.7361,3.4e-05,0,0,62.8793,5.186988,WiFi6_2.4GHz
UE_006281,0.0078,35.28,27.9802,-59.72,8.2e-09,0.08,1.5,0.1097,-12.0222,2.6e-05,0,0,69.287,11.758253,WiFi6_2.4GHz
UE_006282,0.0138,24.92,17.8635,-70.08,0.0004819615,0.07,1.5,1.044,-2.7754,4.6e-05,0,0,60.3665,5.382812,WiFi6_2.4GHz
UE_006283,0.0026,69.42,60.8915,-25.58,1.2e-09,0.57,1.5,0.1013,1.6379,9e-06,0,0,75.4198,11.507955,WiFi6_2.4GHz
UE_006284,0.0076,21.69,15.7108,-73.31,0.0005299239,0.59,1.5,0.942,-8.3606,2.5e-05,0,0,59.9061,5.157592,WiFi6_2.4GHz
UE_006285,0.0032,6.67,2.0058,-88.33,0.0265046283,2.82,1.5,22.0758,4.9826,1.1e-05,0,0,32.9441,1.094418,WiFi6_2.4GHz
UE_006286,0.0129,0.46,-3.3722,-94.54,0.1282158372,0.34,1.5,23.7406,-8.7314,4.3e-05,0,0,31.1691,0.455287,WiFi6_2.4GHz
UE_006287,0.0011,2.83,-0.1921,-92.17,0.0876439541,0.94,1.5,21.7862,1.2262,4e-06,0,0,31.3119,0.585548,WiFi6_2.4GHz
UE_006288,0.0072,18.99,13.9639,-76.01,0.0005411978,0.94,1.5,1.7243,-12.1924,2.4e-05,0,0,58.3068,3.13107,WiFi6_2.4GHz
UE_006289,0.0119,58.62,51.8464,-36.38,8.5e-09,0.98,1.5,0.1165,3.1954,4e-05,0,0,80.4038,11.402849,WiFi6_2.4GHz
UE_006290,0.0095,10.22,5.507,-84.78,0.0145326323,0.84,1.5,3.0551,5.8107,3.2e-05,0,0,50.0685,1.646464,WiFi6_2.4GHz
UE_006291,0.0136,20.65,16.9569,-74.35,0.0003825864,0.28,1.5,1.0257,-4.4258,4.5e-05,0,0,60.0343,4.814629,WiFi6_2.4GHz
UE_006292,0.0035,72.6,63.4209,-22.4,4.3e-09,0.17,1.5,0.0449,-11.5168,1.2e-05,0,0,82.7382,11.621705,WiFi6_2.4GHz
UE_006293,0.0073,61.94,56.0931,-33.06,4.7e-09,0.19,1.5,0.4777,-1.1919,2.4e-05,0,0,78.8153,11.487832,WiFi6_2.4GHz
UE_006294,0.0065,23.58,18.7217,-71.42,0.0004742558,0.17,1.5,0.9527,3.1559,2.2e-05,0,0,63.36,4.791583,WiFi6_2.4GHz
UE_006295,0.0026,15.94,10.2382,-79.06,0.0007982139,0.14,1.5,0.9081,-11.5492,9e-06,0,0,55.8979,3.295637,WiFi6_2.4GHz
UE_006296,0.0069,18.58,12.8347,-76.42,0.0004817224,0.31,1.5,0.5254,10.1391,2.3e-05,0,0,58.5996,3.618457,WiFi6_2.4GHz
UE_006297,0.0121,41.64,34.6328,-53.36,3.6e-09,0.25,1.5,0.0824,3.274,4e-05,0,0,76.9632,11.548782,WiFi6_2.4GHz
UE_006298,0.0026,62.81,58.3962,-32.19,4.9e-09,0.15,1.5,0.2271,-14.3346,9e-06,0,0,78.7853,11.710273,WiFi6_2.4GHz
UE_006299,0.0045,10.49,9.129,-84.51,0.0431296249,0.0,1.5,7.6039,-4.8853,1.5e-05,0,0,46.6942,1.518104,WiFi6_2.4GHz
UE_006300,0.0109,9.69,1.7742,-85.31,0.0308806669,0.01,1.5,27.3546,7.8906,3.6e-05,0,0,33.0745,2.032602,WiFi6_2.4GHz
UE_006301,0.0045,50.83,44.9837,-44.17,5.9e-09,0.01,1.5,0.4143,-14.9688,1.5e-05,0,0,79.6666,11.808268,WiFi6_2.4GHz
UE_006302,0.002,44.66,39.1648,-50.34,9.7e-09,0.0,1.5,0.1923,6.3345,7e-06,0,0,79.4048,11.404419,WiFi6_2.4GHz
UE_006303,0.0029,26.21,23.0827,-68.79,8.335e-06,1.47,1.5,0.2388,3.8718,1e-05,0,0,66.2047,6.857864,WiFi6_2.4GHz
UE_006304,0.0015,36.29,28.7541,-58.71,1e-10,1.25,1.5,0.1191,-7.7577,5e-06,0,0,76.4426,11.880015,WiFi6_2.4GHz
UE_006305,0.0028,42.13,37.3873,-52.87,4.5e-09,1.0,1.5,0.4478,1.3671,9e-06,0,0,76.9368,11.797053,WiFi6_2.4GHz
UE_006306,0.0134,18.03,13.7645,-76.97,0.0001566407,0.98,1.5,1.0939,-12.2796,4.5e-05,0,0,55.4334,3.457496,WiFi6_2.4GHz
UE_006307,0.0059,52.87,47.6533,-42.13,8e-09,0.88,1.5,0.1213,-4.2313,2e-05,0,0,79.0505,11.86486,WiFi6_2.4GHz
UE_006308,0.0071,6.85,-1.334,-88.15,0.0040087583,1.44,1.5089,32.098,14.0035,2.4e-05,0,0,30.356,1.15826,WiFi6_2.4GHz
UE_006309,0.0021,38.75,31.8809,-56.25,8.9e-09,0.66,1.5,0.4079,-2.765,7e-06,0,0,74.8241,11.729965,WiFi6_2.4GHz
UE_006310,0.0028,44.25,35.7496,-50.75,2.7e-09,0.67,1.5,0.4791,-8.0732,9e-06,0,0,77.8817,11.72008,WiFi6_2.4GHz
UE_006311,0.0078,-4.08,-11.0182,-99.08,0.072344318,0.84,1.5,14.204,6.2687,2.6e-05,0,0,37.9211,0.531653,WiFi6_2.4GHz
UE_006312,0.002,8.2,4.7095,-86.8,0.0400670657,0.94,1.5,22.5359,4.2022,7e-06,0,0,38.5157,1.979116,WiFi6_2.4GHz
UE_006313,0.0108,9.63,4.5372,-85.37,0.0145374898,1.15,1.5,10.3259,-3.7991,3.6e-05,0,0,47.7324,2.034722,WiFi6_2.4GHz
UE_006314,0.0132,71.91,65.3793,-23.09,9.2e-09,1.25,1.5,0.1588,0.2754,4.4e-05,0,0,78.0622,11.631864,WiFi6_2.4GHz
UE_006315,0.0056,54.59,51.4536,-40.41,2.3e-09,0.56,1.5,0.3993,8.5746,1.9e-05,0,0,75.5953,11.601089,WiFi6_2.4GHz
UE_006316,0.002,38.1,34.223,-56.9,6.9e-09,0.65,1.5,0.1513,-15.9362,7e-06,0,0,79.2919,11.421433,WiFi6_2.4GHz
UE_006317,0.0042,71.14,64.5212,-23.86,1.5e-09,0.59,1.5194,0.3648,11.5792,1.4e-05,0,0,77.6731,11.52589,WiFi6_2.4GHz
UE_006318,0.0085,17.8,10.6995,-77.2,0.0001106488,0.52,1.5,0.6538,-4.2791,2.8e-05,0,0,60.5183,3.088844,WiFi6_2.4GHz
UE_006319,0.004,8.71,4.1076,-86.29,0.0057662434,0.01,1.5,30.1976,15.5824,1.3e-05,0,0,31.8982,1.513423,WiFi6_2.4GHz
UE_006320,0.0062,8.84,1.4154,-86.16,0.0157286906,0.0,1.5744,25.1185,7.2943,2.1e-05,0,0,34.7893,1.617138,WiFi6_2.4GHz
UE_006321,0.01,30.27,25.8553,-64.73,2.2576e-06,0.01,1.5,0.0505,-11.9385,3.3e-05,0,0,68.9862,7.736678,WiFi6_2.4GHz
UE_006322,0.0124,36.7,30.5732,-58.3,6.4e-09,0.02,1.5,0.318,3.1563,4.1e-05,0,0,77.3679,11.753796,WiFi6_2.4GHz
UE_006323,0.0026,40.33,31.0846,-54.67,1.5e-09,0.4,1.5,0.2987,9.6743,9e-06,0,0,81.0328,11.468872,WiFi6_2.4GHz
UE_006324,0.0141,39.45,36.3733,-55.55,4.1e-09,0.59,1.5,0.2919,-2.2042,4.7e-05,0,0,80.7688,11.879139,WiFi6_2.4GHz
UE_006325,0.0129,2.49,-2.3142,-92.51,0.0804556783,0.42,1.5,21.9853,-11.0188,4.3e-05,0,0,28.4387,0.407501,WiFi6_2.4GHz
UE_006326,0.0122,30.57,26.8174,-64.43,6.5787e-06,0.56,1.5,0.1849,15.2263,4.1e-05,0,0,72.1508,7.94773,WiFi6_2.4GHz
UE_006327,0.0091,39.0,31.6342,-56.0,5.6e-09,0.75,1.5,0.2954,-1.4456,3e-05,0,0,75.8441,11.420493,WiFi6_2.4GHz
UE_006328,0.0029,37.87,31.8563,-57.13,7.6e-09,0.92,1.5,0.1325,-7.0661,1e-05,0,0,76.3986,11.544384,WiFi6_2.4GHz
UE_006329,0.0123,24.83,18.8114,-70.17,0.0005217235,0.76,1.5,0.9539,-2.6537,4.1e-05,0,0,64.4119,5.191747,WiFi6_2.4GHz
UE_006330,0.0016,13.92,7.0556,-81.08,0.0127443881,0.59,1.5,7.9863,5.3155,5e-06,0,0,50.2541,2.378658,WiFi6_2.4GHz
UE_006331,0.0139,20.08,13.8849,-74.92,0.0001893233,0.05,1.5,1.0949,-1.6137,4.6e-05,0,0,61.1254,4.52467,WiFi6_2.4GHz
UE_006332,0.0129,51.4,46.9163,-43.6,5.8e-09,0.03,1.5,0.3468,15.8902,4.3e-05,0,0,77.9643,11.584653,WiFi6_2.4GHz
UE_006333,0.0114,57.84,55.3141,-37.16,1.3e-09,0.06,1.5,0.0594,-0.1715,3.8e-05,0,0,74.6282,11.480221,WiFi6_2.4GHz
UE_006334,0.0092,38.09,35.4004,-56.91,5.1e-09,0.03,1.5,0.2741,1.1934,3.1e-05,0,0,76.0851,11.448891,WiFi6_2.4GHz
UE_006335,0.0104,32.46,24.8178,-62.54,4.6863e-06,1.13,1.5,0.2019,4.0605,3.5e-05,0,0,76.8292,10.383899,WiFi6_2.4GHz
UE_006336,0.0068,20.23,15.041,-74.77,0.0009453146,1.05,1.5,1.7451,15.0554,2.3e-05,0,0,55.4423,4.75374,WiFi6_2.4GHz
UE_006337,0.0018,34.25,26.7233,-60.75,8.5803e-06,0.72,1.5,0.1724,5.2568,6e-06,0,0,75.407,10.47023,WiFi6_2.4GHz
UE_006338,0.0013,69.99,65.6775,-25.01,1.7e-09,0.99,1.5,0.3691,-3.318,4e-06,0,0,77.251,11.721259,WiFi6_2.4GHz
UE_006339,0.0016,20.72,15.8821,-74.28,0.0007420946,0.15,1.5,1.7567,3.217,5e-06,0,0,61.9525,4.558842,WiFi6_2.4GHz
UE_006340,0.0056,26.62,22.516,-68.38,9.047e-06,0.17,1.5,0.0338,-4.2568,1.9e-05,0,0,66.9841,6.853851,WiFi6_2.4GHz
UE_006341,0.0095,14.29,9.5013,-80.71,0.0285766819,0.16,1.5247,6.8847,-7.0926,3.2e-05,0,0,55.2599,2.302248,WiFi6_2.4GHz
UE_006342,0.0039,17.02,9.6378,-77.98,0.0005229576,0.22,1.5,1.5835,-5.9289,1.3e-05,0,0,58.5315,3.629922,WiFi6_2.4GHz
UE_006343,0.0047,27.93,21.7482,-67.07,6.771e-07,1.13,1.5,0.004,-0.4843,1.6e-05,0,0,63.892,6.909805,WiFi6_2.4GHz
UE_006344,0.0082,38.96,31.5558,-56.04,1e-09,1.14,1.5,0.2143,-8.4542,2.7e-05,0,0,79.0839,11.64991,WiFi6_2.4GHz
UE_006345,0.007,26.87,23.5902,-68.13,2.4816e-06,1.25,1.5,0.2463,0.9191,2.3e-05,0,0,68.9069,7.102034,WiFi6_2.4GHz
UE_006346,0.0027,6.73,1.5401,-88.27,0.0238385408,0.93,1.5,30.768,5.8339,9e-06,0,0,27.5787,1.078469,WiFi6_2.4GHz
UE_006347,0.0015,12.56,7.8013,-82.44,0.0069494294,0.78,1.5,4.3658,11.7717,5e-06,0,0,54.5067,2.74763,WiFi6_2.4GHz
UE_006348,0.01,18.79,14.0256,-76.21,0.0003253245,1.15,1.5,0.7072,1.9495,3.3e-05,0,0,58.8105,3.309854,WiFi6_2.4GHz
UE_006349,0.0122,0.05,-8.2122,-94.95,0.0509802314,0.6,1.5,30.8149,9.3689,4.1e-05,0,0,26.0689,0.27782,WiFi6_2.4GHz
UE_006350,0.005,13.67,8.8008,-81.33,0.0161919451,0.98,1.5,6.4651,12.2368,1.7e-05,0,0,49.2706,2.399044,WiFi6_2.4GHz
UE_006351,0.0046,32.4,27.1298,-62.6,1.858e-06,1.38,1.5,0.1744,-13.7792,1.5e-05,0,0,70.9389,10.957868,WiFi6_2.4GHz
UE_006352,0.011,60.44,55.8357,-34.56,7e-09,1.45,1.5,0.3034,5.6648,3.7e-05,0,0,75.543,11.846164,WiFi6_2.4GHz
UE_006353,0.0046,13.73,10.4087,-81.27,0.0277725814,1.31,1.5,3.3152,-3.917,1.5e-05,0,0,53.9433,2.140522,WiFi6_2.4GHz
UE_006354,0.0055,38.0,32.5878,-57.0,3.4e-09,1.63,1.5,0.349,14.5964,1.8e-05,0,0,76.8612,11.877123,WiFi6_2.4GHz
UE_006355,0.0123,9.7,5.0181,-85.3,0.0238899671,0.41,1.5,27.7337,-8.1305,4.1e-05,0,0,34.0351,2.077097,WiFi6_2.4GHz
UE_006356,0.0104,47.68,41.9296,-47.32,8.4e-09,0.41,1.5,0.1535,11.3889,3.5e-05,0,0,78.0009,11.835385,WiFi6_2.4GHz
UE_006357,0.0013,32.41,28.9908,-62.59,7.549e-06,0.37,1.5,0.2684,3.0492,4e-06,0,0,73.6697,10.651405,WiFi6_2.4GHz
UE_006358,0.0108,12.26,6.8636,-82.74,0.0473202232,0.5,1.5,6.4996,-12.6423,3.6e-05,0,0,49.6339,2.442152,WiFi6_2.4GHz
UE_006359,0.0109,26.16,17.0265,-68.84,2.1434e-06,0.04,1.5,0.3437,-6.6966,3.6e-05,0,0,67.5094,6.884524,WiFi6_2.4GHz
UE_006360,0.0052,28.12,20.9114,-66.88,3.7925e-06,0.03,1.5082,0.1576,-10.2017,1.7e-05,0,0,70.5395,7.480212,WiFi6_2.4GHz
UE_006361,0.0123,73.35,71.4006,-21.65,2e-10,0.02,1.5,0.3497,11.0189,4.1e-05,0,0,75.0635,11.896241,WiFi6_2.4GHz
UE_006362,0.0022,14.44,11.7227,-80.56,0.0437312203,0.03,1.5,4.6694,-8.8015,7e-06,0,0,52.204,2.272836,WiFi6_2.4GHz
UE_006363,0.0097,13.6,9.5566,-81.4,0.0087608707,0.17,1.5,4.2888,-12.4428,3.2e-05,0,0,53.3873,2.570977,WiFi6_2.4GHz
UE_006364,0.0067,65.07,62.4181,-29.93,7.4e-09,0.19,1.5,0.385,-14.9296,2.2e-05,0,0,78.2184,11.516595,WiFi6_2.4GHz
UE_006365,0.0089,47.83,39.3047,-47.17,9.9e-09,2.32,1.5,0.1274,3.4187,3e-05,0,0,77.8721,11.854611,WiFi6_2.4GHz
UE_006366,0.0097,26.46,20.8641,-68.54,8.738e-07,0.2,1.5,0.1826,7.7847,3.2e-05,0,0,65.0168,6.817381,WiFi6_2.4GHz
UE_006367,0.0042,16.26,13.3135,-78.74,0.0001007248,0.46,1.5,0.9796,12.4512,1.4e-05,0,0,56.7272,3.485281,WiFi6_2.4GHz
UE_006368,0.0048,38.16,31.0718,-56.84,7.6e-09,0.58,1.5,0.1259,1.7747,1.6e-05,0,0,77.822,11.637518,WiFi6_2.4GHz
UE_006369,0.0073,27.78,23.3491,-67.22,4.4596e-06,0.36,1.5,0.4952,-5.5324,2.4e-05,0,0,68.7153,7.067909,WiFi6_2.4GHz
UE_006370,0.0089,13.36,7.4138,-81.64,0.0374131407,0.83,1.5,6.6052,-4.7354,3e-05,0,0,50.758,2.223846,WiFi6_2.4GHz
UE_006371,0.0019,27.0,22.0937,-68.0,5.14e-08,0.03,1.5,0.1619,-7.9854,6e-06,0,0,66.3112,7.016945,WiFi6_2.4GHz
UE_006372,0.0027,5.56,-3.1483,-89.44,0.0141458966,0.03,1.5,20.291,-4.2214,9e-06,0,0,32.3226,1.548305,WiFi6_2.4GHz
UE_006373,0.0091,24.11,19.0313,-70.89,0.0008271711,0.02,1.6667,0.5527,-9.4242,3e-05,0,0,65.7311,5.350214,WiFi6_2.4GHz
UE_006374,0.0114,41.02,37.3633,-53.98,2.4e-09,0.04,1.5,0.1906,-12.3077,3.8e-05,0,0,79.1605,11.613604,WiFi6_2.4GHz
UE_006375,0.0137,-1.95,-8.091,-96.95,0.1412351905,1.37,1.5,25.2371,5.0743,4.6e-05,0,0,29.6265,0.440449,WiFi6_2.4GHz
UE_006376,0.0128,53.52,48.0695,-41.48,5e-10,1.16,1.5,0.446,10.3175,4.3e-05,0,0,76.6418,11.766226,WiFi6_2.4GHz
UE_006377,0.009,52.46,45.608,-42.54,6e-09,0.74,1.5,0.4947,-4.8496,3e-05,0,0,79.4174,11.946901,WiFi6_2.4GHz
UE_006378,0.0014,50.67,44.6906,-44.33,3.8e-09,0.8,1.5,0.0227,-2.8369,5e-06,0,0,75.0489,11.590505,WiFi6_2.4GHz
UE_006379,0.005,36.25,30.8154,-58.75,8.2e-09,0.11,1.5,0.2035,-8.3626,1.7e-05,0,0,76.8352,12.000027,WiFi6_2.4GHz
UE_006380,0.0131,11.01,2.0538,-83.99,0.0231182601,0.13,1.5,3.3829,-1.1171,4.4e-05,0,0,51.4999,2.417325,WiFi6_2.4GHz
UE_006381,0.0043,30.37,24.5896,-64.63,9.7077e-06,0.17,1.5,0.0047,-2.5224,1.4e-05,0,0,69.6875,7.50741,WiFi6_2.4GHz
UE_006382,0.0044,44.91,41.4334,-50.09,7.6e-09,0.12,1.5,0.0397,-1.9156,1.5e-05,0,0,78.6481,11.58543,WiFi6_2.4GHz
UE_006383,0.006,11.31,1.9376,-83.69,0.0400312493,0.56,1.5,5.2711,-11.2101,2e-05,0,0,47.1772,2.047483,WiFi6_2.4GHz
UE_006384,0.0108,50.14,46.096,-44.86,4.7e-09,0.87,1.5,0.0647,2.2193,3.6e-05,0,0,78.6272,11.483561,WiFi6_2.4GHz
UE_006385,0.0066,4.08,1.4038,-90.92,0.0627609302,0.9,1.5,38.3135,-10.5169,2.2e-05,0,0,24.7526,0.494349,WiFi6_2.4GHz
UE_006386,0.0066,1.37,-5.2994,-93.63,0.0605220638,1.49,1.5,34.2668,9.0886,2.2e-05,0,0,20.4015,0.354577,WiFi6_2.4GHz
UE_006387,0.0055,9.91,4.0739,-85.09,0.0187214166,0.43,1.5,16.7644,-1.1722,1.8e-05,0,0,41.1085,1.804606,WiFi6_2.4GHz
UE_006388,0.0017,14.3,9.4063,-80.7,0.032905286,0.58,1.5,6.0513,-11.9041,6e-06,0,0,51.3532,2.118007,WiFi6_2.4GHz
UE_006389,0.0085,11.68,7.2758,-83.32,0.0030071694,0.63,1.5,3.4848,5.9665,2.8e-05,0,0,53.2324,2.371128,WiFi6_2.4GHz
UE_006390,0.0085,14.64,11.8133,-80.36,0.0086850343,0.48,1.5,7.9968,6.2379,2.8e-05,0,0,51.9619,2.411594,WiFi6_2.4GHz
UE_006391,0.0125,36.15,28.6347,-58.85,1e-09,0.96,1.5,0.3569,10.9712,4.2e-05,0,0,76.4442,11.75839,WiFi6_2.4GHz
UE_006392,0.0024,18.4,14.569,-76.6,0.0007347031,1.36,1.5,1.0781,2.7912,8e-06,0,0,58.9536,3.711028,WiFi6_2.4GHz
UE_006393,0.0091,25.33,17.7506,-69.67,6.6305e-06,1.31,1.5,0.1551,-9.9987,3e-05,0,0,69.5717,7.254648,WiFi6_2.4GHz
UE_006394,0.0075,9.2,3.3375,-85.8,0.0317786552,0.83,1.5,26.4825,3.4512,2.5e-05,0,0,37.4205,1.392123,WiFi6_2.4GHz
UE_006395,0.0129,70.48,64.7822,-24.52,8e-10,0.59,1.5,0.0796,-14.2355,4.3e-05,0,0,78.4886,11.538161,WiFi6_2.4GHz
UE_006396,0.0108,15.71,10.0646,-79.29,0.0004361391,0.3,1.5,1.6302,-6.0123,3.6e-05,0,0,56.3098,3.767015,WiFi6_2.4GHz
UE_006397,0.0128,14.92,10.3631,-80.08,0.0125587728,0.88,1.5,2.4781,-5.6366,4.3e-05,0,0,55.3291,2.534354,WiFi6_2.4GHz
UE_006398,0.0038,30.62,25.7699,-64.38,6.8025e-06,0.4,1.5,0.0582,5.6413,1.3e-05,0,0,66.5686,7.735161,WiFi6_2.4GHz
UE_006399,0.0049,7.86,1.7396,-87.14,0.0444018737,0.49,1.5,18.4706,-9.9886,1.6e-05,0,0,38.6137,1.097015,WiFi6_2.4GHz
UE_006400,0.0114,60.59,56.9879,-34.41,4.2e-09,0.42,1.5,0.0586,6.2681,3.8e-05,0,0,79.2955,12.047162,WiFi6_2.4GHz
UE_006401,0.0105,22.71,17.4092,-72.29,0.0001146128,0.47,1.5,0.5357,7.11,3.5e-05,0,0,62.2539,5.391976,WiFi6_2.4GHz
UE_006402,0.012,23.32,19.8468,-71.68,0.0009340581,0.46,1.5,1.185,-4.4115,4e-05,0,0,63.6042,5.338322,WiFi6_2.4GHz
UE_006403,0.0082,2.23,-1.5331,-92.77,0.1359812723,0.94,1.5,31.9307,4.2724,2.7e-05,0,0,24.7191,0.790147,WiFi6_2.4GHz
UE_006404,0.0047,40.7,38.3523,-54.3,3.9e-09,1.05,1.5,0.4624,4.1381,1.6e-05,0,0,73.7629,11.190907,WiFi6_2.4GHz
UE_006405,0.0042,57.42,53.0909,-37.58,4.6e-09,0.91,1.5,0.249,5.2513,1.4e-05,0,0,78.759,11.782575,WiFi6_2.4GHz
UE_006406,0.0041,10.3,4.8663,-84.7,0.0371657341,1.04,1.5,4.7907,14.6466,1.4e-05,0,0,46.7997,1.841516,WiFi6_2.4GHz
UE_006407,0.0132,11.39,5.7236,-83.61,0.006892002,0.78,1.5,6.0362,9.2528,4.4e-05,0,0,47.4656,2.526249,WiFi6_2.4GHz
UE_006408,0.0024,50.85,44.3862,-44.15,6e-09,0.64,1.5,0.4852,-11.9071,8e-06,0,0,78.03,11.956536,WiFi6_2.4GHz
UE_006409,0.0139,13.69,8.6636,-81.31,0.009275309,0.53,1.5,6.4528,13.9946,4.6e-05,0,0,49.5477,2.200208,WiFi6_2.4GHz
UE_006410,0.0065,70.72,67.0181,-24.28,3.2e-09,0.6,1.5,0.283,6.6597,2.2e-05,0,0,75.9208,11.827228,WiFi6_2.4GHz
UE_006411,0.0048,27.14,17.8988,-67.86,7.193e-07,0.05,1.5,0.355,0.794,1.6e-05,0,0,67.7343,7.156663,WiFi6_2.4GHz
UE_006412,0.0136,20.56,13.473,-74.44,0.0007122861,0.05,1.5,1.1172,-10.6256,4.5e-05,0,0,61.9009,4.824376,WiFi6_2.4GHz
UE_006413,0.0116,40.93,33.9046,-54.07,6.7e-09,0.06,1.5,0.3883,-10.7774,3.9e-05,0,0,76.5253,11.735419,WiFi6_2.4GHz
UE_006414,0.0022,6.57,0.2926,-88.43,0.0357120281,0.06,1.5,33.0384,-3.0737,7e-06,0,0,30.4819,1.170305,WiFi6_2.4GHz
UE_006415,0.0021,14.07,9.6026,-80.93,0.0281865816,0.4,1.5,5.573,14.4354,7e-06,0,0,54.3908,2.23653,WiFi6_2.4GHz
UE_006416,0.0116,60.61,51.2892,-34.39,4.1e-09,0.38,1.5,0.0232,9.9161,3.9e-05,0,0,79.2132,12.151904,WiFi6_2.4GHz
UE_006417,0.014,59.57,51.4953,-35.43,2.3e-09,0.47,1.5,0.4182,-5.2741,4.7e-05,0,0,81.0992,11.57169,WiFi6_2.4GHz
UE_006418,0.0091,16.17,8.3096,-78.83,0.0003615395,0.44,1.5,0.8746,-7.1552,3e-05,0,0,58.9142,3.529733,WiFi6_2.4GHz
UE_006419,0.0047,17.6,14.9109,-77.4,0.0003438896,0.77,1.7309,1.9488,-3.9666,1.6e-05,0,0,58.4423,3.464868,WiFi6_2.4GHz
UE_006420,0.0066,28.72,24.4802,-66.28,8.8768e-06,1.2,1.5,0.4373,-14.1971,2.2e-05,0,0,67.8401,7.580955,WiFi6_2.4GHz
UE_006421,0.0057,40.67,37.4449,-54.33,5e-10,1.12,1.5,0.1756,-3.2096,1.9e-05,0,0,78.8542,11.965893,WiFi6_2.4GHz
UE_006422,0.0119,48.35,42.9474,-46.65,8.7e-09,0.96,1.7277,0.0721,10.5263,4e-05,0,0,75.7031,11.548641,WiFi6_2.4GHz
UE_006423,0.0078,13.32,9.6622,-81.68,0.0497130308,0.34,1.5,7.9964,6.124,2.6e-05,0,0,50.765,2.011776,WiFi6_2.4GHz
UE_006424,0.0077,27.09,20.4185,-67.91,4.6003e-06,0.53,1.5,0.2399,0.7181,2.6e-05,0,0,69.0969,6.98577,WiFi6_2.4GHz
UE_006425,0.0049,19.87,12.3469,-75.13,0.0002107433,0.5,1.5,1.4689,-2.0547,1.6e-05,0,0,57.9275,4.763579,WiFi6_2.4GHz
UE_006426,0.0045,30.11,23.2739,-64.89,4.2967e-06,0.43,1.5,0.3189,15.2291,1.5e-05,0,0,64.7297,7.930794,WiFi6_2.4GHz
UE_006427,0.0022,66.15,56.9519,-28.85,6.7e-09,0.06,1.5,0.0046,-9.8837,7e-06,0,0,75.7602,11.909862,WiFi6_2.4GHz
UE_006428,0.0048,30.55,24.4166,-64.45,4.7631e-06,0.06,1.5,0.193,12.3797,1.6e-05,0,0,70.5217,7.879747,WiFi6_2.4GHz
UE_006429,0.0109,26.34,19.0817,-68.66,9.7875e-06,0.96,1.5,0.0296,-6.8252,3.6e-05,0,0,68.4373,7.185894,WiFi6_2.4GHz
UE_006430,0.0071,3.75,0.4263,-91.25,0.1026557763,0.07,1.5,36.4233,-7.6903,2.4e-05,0,0,18.0465,0.461661,WiFi6_2.4GHz
UE_006431,0.0135,21.05,18.4957,-73.95,0.0009906655,0.89,1.5,1.5213,-9.6307,4.5e-05,0,0,59.651,5.553671,WiFi6_2.4GHz
UE_006432,0.0096,21.93,14.2408,-73.07,0.000545535,1.01,1.5,1.0758,7.6498,3.2e-05,0,0,62.6921,5.206214,WiFi6_2.4GHz
UE_006433,0.0095,45.54,38.8083,-49.46,5.4e-09,1.27,1.5,0.2211,14.0157,3.2e-05,0,0,77.4709,11.43295,WiFi6_2.4GHz
UE_006434,0.0096,23.31,19.1876,-71.69,0.0008423258,1.26,1.5,0.9301,6.6898,3.2e-05,0,0,61.4535,5.110284,WiFi6_2.4GHz
UE_006435,0.0037,55.86,49.6058,-39.14,5e-09,0.11,1.5,0.301,-14.3901,1.2e-05,0,0,79.5959,11.452711,WiFi6_2.4GHz
UE_006436,0.0068,38.8,36.0669,-56.2,6.8e-09,0.09,1.7477,0.1408,-5.4507,2.3e-05,0,0,75.6402,11.565635,WiFi6_2.4GHz
UE_006437,0.0108,10.45,5.3942,-84.55,0.022832995,1.81,1.7139,7.2332,15.002,3.6e-05,0,0,47.3644,1.566659,WiFi6_2.4GHz
UE_006438,0.0047,49.7,47.3563,-45.3,7.6e-09,0.1,1.5,0.4737,-0.5661,1.6e-05,0,0,75.8238,11.884679,WiFi6_2.4GHz
UE_006439,0.0101,24.96,18.5878,-70.04,0.000837404,0.64,1.5,1.1483,13.585,3.4e-05,0,0,64.4875,4.899477,WiFi6_2.4GHz
UE_006440,0.0107,25.0,19.5901,-70.0,2.4714e-06,0.54,1.5,0.0546,11.8453,3.6e-05,0,0,63.7851,7.046294,WiFi6_2.4GHz
UE_006441,0.0029,21.63,16.522,-73.37,0.0002648964,0.64,1.5,1.0115,15.7118,1e-05,0,0,60.4573,5.428284,WiFi6_2.4GHz
UE_006442,0.0141,38.55,32.7418,-56.45,1.3e-09,0.48,1.5,0.331,0.2975,4.7e-05,0,0,79.3744,11.683987,WiFi6_2.4GHz
UE_006443,0.0097,23.53,19.4493,-71.47,0.0002046566,1.08,1.5,0.7189,-14.9206,3.2e-05,0,0,64.1261,5.123208,WiFi6_2.4GHz
UE_006444,0.0131,18.78,11.4065,-76.22,0.0009395686,0.82,1.5,1.9532,-11.5943,4.4e-05,0,0,58.6952,3.172533,WiFi6_2.4GHz
UE_006445,0.0015,47.41,44.71,-47.59,1.3e-09,0.96,1.5,0.1084,9.657,5e-06,0,0,79.7457,11.646757,WiFi6_2.4GHz
UE_006446,0.014,36.03,29.0517,-58.97,3.8e-09,1.19,1.5,0.3777,-11.5584,4.7e-05,0,0,78.0422,11.64568,WiFi6_2.4GHz
UE_006447,0.0108,14.48,10.6742,-80.52,0.0163812589,0.8,1.5,5.4444,6.2752,3.6e-05,0,0,52.8957,2.448047,WiFi6_2.4GHz
UE_006448,0.0086,-5.65,-12.0768,-100.65,0.052489394,0.86,1.5,27.229,-15.7166,2.9e-05,0,0,27.1459,0.1,WiFi6_2.4GHz
UE_006449,0.0136,29.11,24.5453,-65.89,8.0847e-06,0.96,1.5655,0.3545,-0.4298,4.5e-05,0,0,70.2555,7.780784,WiFi6_2.4GHz
UE_006450,0.0084,40.49,35.5616,-54.51,8.7e-09,0.76,1.5,0.4488,-13.6254,2.8e-05,0,0,77.84,11.82866,WiFi6_2.4GHz
UE_006451,0.008,19.49,11.6754,-75.51,0.0003745676,0.66,1.5,1.752,9.3411,2.7e-05,0,0,58.5922,4.795807,WiFi6_2.4GHz
UE_006452,0.0052,39.16,34.2091,-55.84,7.3e-09,0.57,1.5,0.2497,-15.8757,1.7e-05,0,0,72.9783,11.640007,WiFi6_2.4GHz
UE_006453,0.0134,48.82,45.5428,-46.18,3.7e-09,0.74,1.5,0.4524,-15.9334,4.5e-05,0,0,76.7046,11.877367,WiFi6_2.4GHz
UE_006454,0.0049,31.38,28.9479,-63.62,1.8411e-06,0.56,1.5,0.2104,-3.8024,1.6e-05,0,0,71.2555,7.347565,WiFi6_2.4GHz
UE_006455,0.0065,0.64,-6.7691,-94.36,0.0690965541,1.12,1.5,12.4275,11.4439,2.2e-05,0,0,34.0837,0.356453,WiFi6_2.4GHz
UE_006456,0.0062,80.44,76.1085,-14.56,4.3e-09,1.85,1.5,0.2453,8.973,2.1e-05,0,0,80.3531,11.465686,WiFi6_2.4GHz
UE_006457,0.0078,40.8,33.9921,-54.2,2.5e-09,1.03,1.5,0.2599,3.4217,2.6e-05,0,0,78.027,11.712842,WiFi6_2.4GHz
UE_006458,0.0054,9.26,1.4348,-85.74,0.0091142925,0.9,1.5,31.7601,-10.6251,1.8e-05,0,0,28.7366,1.629876,WiFi6_2.4GHz
UE_006459,0.0091,6.26,0.4368,-88.74,0.0299350629,0.58,1.5,19.5679,-14.8594,3e-05,0,0,36.1694,1.260406,WiFi6_2.4GHz
UE_006460,0.0096,23.19,16.3245,-71.81,0.0002897724,0.7,1.5,1.6636,-15.5689,3.2e-05,0,0,60.514,5.066328,WiFi6_2.4GHz
UE_006461,0.0023,24.95,20.4962,-70.05,0.0006731424,0.46,1.5,1.8103,4.0997,8e-06,0,0,65.4482,5.451478,WiFi6_2.4GHz
UE_006462,0.014,37.53,28.9031,-57.47,3.5e-09,1.84,1.5,0.2127,11.4434,4.7e-05,0,0,71.9985,12.006178,WiFi6_2.4GHz
UE_006463,0.0135,19.33,14.8819,-75.67,0.0005478735,0.78,1.5,1.2543,8.4491,4.5e-05,0,0,60.5808,4.920689,WiFi6_2.4GHz
UE_006464,0.0121,36.41,28.8414,-58.59,1.6e-09,0.72,1.5,0.1999,-3.6554,4e-05,0,0,77.5488,11.847323,WiFi6_2.4GHz
UE_006465,0.0039,32.59,27.1239,-62.41,1.162e-07,0.8,1.5,0.3095,-3.1328,1.3e-05,0,0,73.0409,10.298556,WiFi6_2.4GHz
UE_006466,0.0127,43.91,39.9212,-51.09,5.7e-09,0.51,1.5,0.164,-4.358,4.2e-05,0,0,80.839,11.863813,WiFi6_2.4GHz
UE_006467,0.011,37.88,31.0152,-57.12,6.1e-09,1.34,1.5,0.3328,15.9219,3.7e-05,0,0,76.2228,11.669758,WiFi6_2.4GHz
UE_006468,0.0063,17.44,9.6328,-77.56,3.77073e-05,1.85,1.5,1.6557,-11.3473,2.1e-05,0,0,56.9171,3.325113,WiFi6_2.4GHz
UE_006469,0.0046,18.74,13.8118,-76.26,0.0006558964,1.58,1.5,1.1751,-7.8419,1.5e-05,0,0,55.8914,3.536929,WiFi6_2.4GHz
UE_006470,0.0112,52.0,44.1926,-43.0,8.4e-09,1.62,1.5,0.0817,4.0749,3.7e-05,0,0,80.1637,11.687858,WiFi6_2.4GHz
UE_006471,0.0034,23.12,17.2668,-71.88,0.0004425845,0.17,1.5,0.635,-5.22,1.1e-05,0,0,59.9699,5.212484,WiFi6_2.4GHz
UE_006472,0.0113,64.9,60.2132,-30.1,6e-10,0.21,1.5,0.0053,11.5611,3.8e-05,0,0,78.3326,11.609917,WiFi6_2.4GHz
UE_006473,0.0039,19.79,14.7626,-75.21,0.0006082309,0.14,1.5,0.849,4.0047,1.3e-05,0,0,59.8472,5.049366,WiFi6_2.4GHz
UE_006474,0.0057,25.22,19.8403,-69.78,6.587e-07,0.12,1.5918,0.2078,-11.4674,1.9e-05,0,0,64.8599,6.904333,WiFi6_2.4GHz
UE_006475,0.0092,26.06,20.3111,-68.94,1.515e-07,0.03,1.8461,0.1903,-14.8905,3.1e-05,0,0,66.972,6.808247,WiFi6_2.4GHz
UE_006476,0.0136,69.67,61.2522,-25.33,6.9e-09,0.02,1.5,0.2072,9.7062,4.5e-05,0,0,81.2366,11.535585,WiFi6_2.4GHz
UE_006477,0.0053,19.07,13.4499,-75.93,0.0008942659,0.04,1.5,0.5582,7.2839,1.8e-05,0,0,56.6484,4.606151,WiFi6_2.4GHz
UE_006478,0.0134,11.74,9.1194,-83.26,0.0281324616,0.03,1.5,4.5178,8.3036,4.5e-05,0,0,50.5631,2.459582,WiFi6_2.4GHz
UE_006479,0.0127,11.63,9.6522,-83.37,0.0365635358,0.16,1.5,4.0407,-5.0778,4.2e-05,0,0,50.3077,2.308393,WiFi6_2.4GHz
UE_006480,0.0126,5.24,0.6443,-89.76,0.0411106889,0.17,1.5,18.4829,-8.7557,4.2e-05,0,0,35.9145,1.270844,WiFi6_2.4GHz
UE_006481,0.0026,9.23,5.1549,-85.77,0.0201304014,0.21,1.5,37.9763,-8.733,9e-06,0,0,27.1904,1.827377,WiFi6_2.4GHz
UE_006482,0.0028,41.29,33.6596,-53.71,3.1e-09,0.11,1.5,0.2833,-10.9395,9e-06,0,0,81.7387,11.765228,WiFi6_2.4GHz
UE_006483,0.0025,18.29,11.2074,-76.71,0.00035351,1.02,1.5,0.9714,-11.1748,8e-06,0,0,61.2149,3.417023,WiFi6_2.4GHz
UE_006484,0.0058,61.88,57.1917,-33.12,0.0,0.82,1.5,0.4534,1.4534,1.9e-05,0,0,76.8245,11.432396,WiFi6_2.4GHz
UE_006485,0.0081,25.29,18.9459,-69.71,5.852e-07,0.69,1.5,0.3777,1.8609,2.7e-05,0,0,60.3743,6.923064,WiFi6_2.4GHz
UE_006486,0.0055,8.1,5.0297,-86.9,0.0089181728,0.57,1.5,14.3011,15.9238,1.8e-05,0,0,37.093,2.020944,WiFi6_2.4GHz
UE_006487,0.0076,13.02,8.8193,-81.98,0.0323590763,0.99,1.5,3.2001,14.1813,2.5e-05,0,0,54.9229,1.991555,WiFi6_2.4GHz
UE_006488,0.0026,11.95,7.7697,-83.05,0.0074052132,1.01,1.5,3.6325,-8.22,9e-06,0,0,49.6173,2.120473,WiFi6_2.4GHz
UE_006489,0.0029,57.09,52.5295,-37.91,2e-10,1.01,1.5,0.3735,-4.5716,1e-05,0,0,76.7224,11.557044,WiFi6_2.4GHz
UE_006490,0.0088,4.3,-3.3341,-90.7,0.1021078356,0.76,1.5,26.2679,5.4025,2.9e-05,0,0,32.4371,0.847422,WiFi6_2.4GHz
UE_006491,0.0011,57.34,49.837,-37.66,2.6e-09,0.03,1.5322,0.2365,8.2919,4e-06,0,0,79.8477,11.682059,WiFi6_2.4GHz
UE_006492,0.0038,17.49,9.6431,-77.51,0.0003180681,0.04,1.5,1.7218,13.5761,1.3e-05,0,0,57.6134,3.209096,WiFi6_2.4GHz
UE_006493,0.0105,41.62,35.8815,-53.38,9e-10,0.05,1.5,0.2093,9.9742,3.5e-05,0,0,79.5655,11.632327,WiFi6_2.4GHz
UE_006494,0.0031,3.61,-1.7498,-91.39,0.1497305954,0.04,1.5,10.1535,8.3347,1e-05,0,0,43.5026,0.714922,WiFi6_2.4GHz
UE_006495,0.0118,26.72,22.1605,-68.28,8.2958e-06,0.92,1.5,0.0453,7.5188,3.9e-05,0,0,67.0327,7.313625,WiFi6_2.4GHz
UE_006496,0.0027,46.82,42.7227,-48.18,4.3e-09,0.78,1.5,0.0692,9.1188,9e-06,0,0,77.6304,12.033714,WiFi6_2.4GHz
UE_006497,0.0099,33.67,31.416,-61.33,5.8431e-06,0.88,1.5,0.1364,-3.7629,3.3e-05,0,0,69.6144,10.452984,WiFi6_2.4GHz
UE_006498,0.0085,-0.83,-7.6334,-95.83,0.0842295783,0.82,1.5,21.8176,-11.7099,2.8e-05,0,0,33.0395,0.1,WiFi6_2.4GHz
UE_006499,0.0094,64.82,60.3359,-30.18,7.3e-09,0.73,1.5,0.0016,11.2042,3.1e-05,0,0,79.3226,11.723247,WiFi6_2.4GHz
UE_006500,0.0095,3.3,-3.4503,-91.7,0.098850437,0.94,1.5,24.1075,14.0664,3.2e-05,0,0,29.7582,0.48076,WiFi6_2.4GHz
UE_006501,0.0049,11.71,7.3225,-83.29,0.0388679051,0.88,1.5,6.7495,-15.6515,1.6e-05,0,0,47.9935,2.341213,WiFi6_2.4GHz
UE_006502,0.0077,17.05,12.1616,-77.95,0.0004882561,0.72,1.5,1.1446,5.9207,2.6e-05,0,0,56.366,3.619098,WiFi6_2.4GHz
UE_006503,0.011,49.03,46.7956,-45.97,5e-09,1.58,1.5,0.0255,-2.0841,3.7e-05,0,0,81.2142,11.615337,WiFi6_2.4GHz
UE_006504,0.0141,60.55,54.2212,-34.45,8.8e-09,1.12,1.5,0.4514,5.5923,4.7e-05,0,0,77.4795,11.679818,WiFi6_2.4GHz
UE_006505,0.0041,25.82,18.4842,-69.18,1.6177e-06,1.04,1.5,0.3817,14.9909,1.4e-05,0,0,67.726,7.036258,WiFi6_2.4GHz
UE_006506,0.0058,40.76,33.6179,-54.24,6.1e-09,0.91,1.5,0.4359,13.7531,1.9e-05,0,0,77.4065,12.035857,WiFi6_2.4GHz
UE_006507,0.0075,26.93,20.6285,-68.07,2.3362e-06,0.86,1.5,0.1169,-2.1577,2.5e-05,0,0,69.178,6.797771,WiFi6_2.4GHz
UE_006508,0.0074,45.65,41.7339,-49.35,3.2e-09,0.67,1.5647,0.2893,-10.6418,2.5e-05,0,0,79.8222,11.516562,WiFi6_2.4GHz
UE_006509,0.0081,11.77,3.3427,-83.23,0.0326316979,1.41,1.5,4.5921,14.6897,2.7e-05,0,0,51.0246,1.979934,WiFi6_2.4GHz
UE_006510,0.0015,13.73,4.1945,-81.27,0.004552288,1.39,1.6231,3.7765,-5.8098,5e-06,0,0,52.4363,2.788263,WiFi6_2.4GHz
UE_006511,0.008,19.19,12.5252,-75.81,0.0004391789,0.31,1.5,1.3811,8.0514,2.7e-05,0,0,61.4328,4.758433,WiFi6_2.4GHz
UE_006512,0.0087,4.06,-0.7921,-90.94,0.1127132497,0.37,1.5,18.8507,9.6416,2.9e-05,0,0,33.0991,0.729547,WiFi6_2.4GHz
UE_006513,0.0122,10.83,4.8912,-84.17,0.0302151122,0.43,1.5,5.5465,15.966,4.1e-05,0,0,50.6292,1.548294,WiFi6_2.4GHz
UE_006514,0.0047,7.14,0.4165,-87.86,0.0298988058,0.4,1.5,11.872,1.2811,1.6e-05,0,0,43.0381,1.11302,WiFi6_2.4GHz
UE_006515,0.0088,10.85,6.856,-84.15,0.011899752,0.59,1.5,4.1962,-12.4453,2.9e-05,0,0,46.3164,1.670921,WiFi6_2.4GHz
UE_006516,0.003,41.46,35.1199,-53.54,3.9e-09,0.54,1.5,0.3895,1.3675,1e-05,0,0,78.5796,11.766911,WiFi6_2.4GHz
UE_006517,0.0088,41.12,37.5737,-53.88,2e-09,0.74,1.5,0.1007,-2.0054,2.9e-05,0,0,75.5284,11.536774,WiFi6_2.4GHz
UE_006518,0.0048,6.7,2.0498,-88.3,0.0326325701,0.54,1.5,29.0845,-5.0173,1.6e-05,0,0,31.0496,1.343815,WiFi6_2.4GHz
UE_006519,0.0049,6.39,1.2185,-88.61,0.0299861768,1.22,1.5,11.1097,-2.453,1.6e-05,0,0,44.0523,1.191401,WiFi6_2.4GHz
UE_006520,0.0117,16.25,11.7299,-78.75,0.0002828161,1.49,1.5,0.9695,15.8613,3.9e-05,0,0,58.6488,3.285082,WiFi6_2.4GHz
UE_006521,0.008,20.36,15.904,-74.64,0.0008624382,1.0,1.5,1.4617,9.9087,2.7e-05,0,0,62.2249,4.83375,WiFi6_2.4GHz
UE_006522,0.0053,13.44,11.2019,-81.56,0.0147686872,1.37,1.5,3.4349,0.1542,1.8e-05,0,0,52.1764,2.651231,WiFi6_2.4GHz
UE_006523,0.003,45.65,40.7899,-49.35,9.3e-09,0.13,1.5,0.0354,15.431,1e-05,0,0,76.1181,11.783024,WiFi6_2.4GHz
UE_006524,0.0113,-0.08,-3.3772,-95.08,0.1410369965,0.16,1.5,22.242,4.0923,3.8e-05,0,0,30.0176,0.493889,WiFi6_2.4GHz
UE_006525,0.0064,74.89,69.6263,-20.11,5.3e-09,0.1,1.5,0.3042,-13.011,2.1e-05,0,0,79.2252,11.498788,WiFi6_2.4GHz
UE_006526,0.0068,14.71,11.0998,-80.29,0.0454756465,0.14,1.5,2.5437,-15.3116,2.3e-05,0,0,57.1387,2.338139,WiFi6_2.4GHz
UE_006527,0.0094,54.29,52.9577,-40.71,1.6e-09,0.22,1.5,0.298,12.0679,3.1e-05,0,0,77.9263,11.889494,WiFi6_2.4GHz
UE_006528,0.0131,58.7,53.9989,-36.3,9.3e-09,0.25,1.5,0.3906,-8.8964,4.4e-05,0,0,75.3475,11.744915,WiFi6_2.4GHz
UE_006529,0.008,18.96,14.2444,-76.04,0.0008480714,0.21,1.5,1.9739,-14.6885,2.7e-05,0,0,59.5779,3.429913,WiFi6_2.4GHz
UE_006530,0.0057,15.26,8.0527,-79.74,0.0008175845,1.83,1.5,1.0073,-11.2298,1.9e-05,0,0,54.7858,3.188728,WiFi6_2.4GHz
UE_006531,0.0078,21.08,18.6009,-73.92,0.0009599678,0.15,1.5,0.9925,7.543,2.6e-05,0,0,61.3981,5.171774,WiFi6_2.4GHz
UE_006532,0.0078,35.55,33.808,-59.45,6.1e-09,0.16,1.5,0.4674,-15.8091,2.6e-05,0,0,74.528,11.600434,WiFi6_2.4GHz
UE_006533,0.003,44.33,36.7859,-50.67,8.4e-09,0.25,1.5,0.0909,-12.1767,1e-05,0,0,76.2554,11.56861,WiFi6_2.4GHz
UE_006534,0.0063,42.51,36.9525,-52.49,3e-10,0.21,1.675,0.4044,13.8146,2.1e-05,0,0,77.8024,12.098082,WiFi6_2.4GHz
UE_006535,0.0042,14.95,8.4895,-80.05,0.0034107548,0.67,1.5,3.0379,-7.0503,1.4e-05,0,0,58.2956,2.184627,WiFi6_2.4GHz
UE_006536,0.0042,6.79,-0.4901,-88.21,0.0116321365,0.65,1.5,34.4417,-1.1121,1.4e-05,0,0,26.2429,1.187159,WiFi6_2.4GHz
UE_006537,0.0065,9.89,6.6954,-85.11,0.0478131474,0.64,1.5,26.0633,-5.7113,2.2e-05,0,0,36.1104,1.567911,WiFi6_2.4GHz
UE_006538,0.0027,31.08,25.9471,-63.92,6.012e-07,0.83,1.5,0.3918,-5.9671,9e-06,0,0,71.0065,7.684043,WiFi6_2.4GHz
UE_006539,0.0043,39.39,34.7055,-55.61,8.5e-09,0.41,1.5,0.1587,-13.3703,1.4e-05,0,0,78.6138,12.216592,WiFi6_2.4GHz
UE_006540,0.0098,55.63,50.0179,-39.37,6.5e-09,0.45,1.5,0.4974,-8.8045,3.3e-05,0,0,79.1975,11.795253,WiFi6_2.4GHz
UE_006541,0.0018,13.92,9.9236,-81.08,0.0367344141,0.43,1.5,5.3072,-6.9857,6e-06,0,0,51.7493,1.99036,WiFi6_2.4GHz
UE_006542,0.0043,27.62,24.5533,-67.38,6.2353e-06,0.37,1.5,0.32,-13.8979,1.4e-05,0,0,67.4618,7.408819,WiFi6_2.4GHz
UE_006543,0.0071,24.66,22.5455,-70.34,0.0006338968,0.98,1.5,1.0107,-13.9606,2.4e-05,0,0,64.5682,5.345378,WiFi6_2.4GHz
UE_006544,0.0132,32.27,27.4862,-62.73,1.189e-07,0.71,1.5,0.295,-13.1618,4.4e-05,0,0,72.9271,10.247169,WiFi6_2.4GHz
UE_006545,0.0067,31.33,27.0697,-63.67,4.2907e-06,0.92,1.5,0.3259,-13.5157,2.2e-05,0,0,69.9239,7.902991,WiFi6_2.4GHz
UE_006546,0.013,53.92,48.122,-41.08,1.2e-09,0.76,1.5,0.336,-1.264,4.3e-05,0,0,76.6465,11.589013,WiFi6_2.4GHz
UE_006547,0.0125,-0.61,-7.1789,-95.61,0.1162136942,0.11,1.5,19.2266,8.5537,4.2e-05,0,0,31.0342,0.1,WiFi6_2.4GHz
UE_006548,0.014,44.93,38.7496,-50.07,5.7e-09,0.1,1.5,0.2274,9.228,4.7e-05,0,0,75.1553,11.380023,WiFi6_2.4GHz
UE_006549,0.004,27.51,25.2292,-67.49,7.19e-08,0.11,1.5,0.1137,-2.0618,1.3e-05,0,0,64.9912,6.728785,WiFi6_2.4GHz
UE_006550,0.0068,58.97,56.0208,-36.03,8e-10,2.0,1.5,0.2822,15.234,2.3e-05,0,0,77.2884,11.736332,WiFi6_2.4GHz
UE_006551,0.0056,43.71,40.1088,-51.29,8.7e-09,0.29,1.5,0.3635,-5.8356,1.9e-05,0,0,76.0943,11.613918,WiFi6_2.4GHz
UE_006552,0.0054,3.4,0.0252,-91.6,0.0826819988,0.45,1.5,17.4407,-15.593,1.8e-05,0,0,34.5019,0.647393,WiFi6_2.4GHz
UE_006553,0.0122,2.12,-5.9681,-92.88,0.0646368991,0.34,1.5,20.84,14.1624,4.1e-05,0,0,32.3791,0.578885,WiFi6_2.4GHz
UE_006554,0.0114,82.45,74.7448,-12.55,9.2e-09,0.24,1.5,0.4589,-15.6718,3.8e-05,0,0,80.4995,11.61448,WiFi6_2.4GHz
UE_006555,0.0104,12.35,9.8207,-82.65,0.0222051795,0.75,1.5,4.8235,-4.4924,3.5e-05,0,0,51.7137,2.192103,WiFi6_2.4GHz
UE_006556,0.0011,30.79,26.269,-64.21,6.6518e-06,0.97,1.5019,0.4174,8.4817,4e-06,0,0,70.3672,7.740314,WiFi6_2.4GHz
UE_006557,0.0136,10.31,5.67,-84.69,0.0195462599,0.79,1.5,2.037,1.7081,4.5e-05,0,0,55.049,1.653552,WiFi6_2.4GHz
UE_006558,0.0061,57.41,51.3633,-37.59,1e-10,0.67,1.5,0.184,-1.6247,2e-05,0,0,76.3735,11.625015,WiFi6_2.4GHz
UE_006559,0.0051,23.45,19.8207,-71.55,0.0005594442,0.04,1.5,1.7454,0.6499,1.7e-05,0,0,64.1268,5.504559,WiFi6_2.4GHz
UE_006560,0.0027,60.67,53.3867,-34.33,2.4e-09,0.04,1.5,0.0226,-11.0469,9e-06,0,0,76.9811,11.428197,WiFi6_2.4GHz
UE_006561,0.0124,58.37,53.469,-36.63,4e-09,0.01,1.5,0.0799,-13.6178,4.1e-05,0,0,81.1727,11.904712,WiFi6_2.4GHz
UE_006562,0.0088,4.03,-1.4398,-90.97,0.1092709769,3.24,1.5,31.7551,8.8191,2.9e-05,0,0,24.1262,0.787705,WiFi6_2.4GHz
UE_006563,0.0024,40.83,38.0531,-54.17,2.5e-09,0.69,1.5,0.3912,-5.5359,8e-06,0,0,77.0808,11.787505,WiFi6_2.4GHz
UE_006564,0.0065,20.19,12.5706,-74.81,0.0004370897,0.62,1.5,0.8619,-9.1269,2.2e-05,0,0,61.2049,4.796304,WiFi6_2.4GHz
UE_006565,0.0084,11.24,6.9958,-83.76,0.0037016252,1.2,1.5,2.2739,13.0133,2.8e-05,0,0,49.5124,2.613022,WiFi6_2.4GHz
UE_006566,0.0099,27.54,23.2327,-67.46,1.502e-07,0.96,1.5,0.2787,-5.0392,3.3e-05,0,0,65.2785,7.188944,WiFi6_2.4GHz
UE_006567,0.0073,19.14,10.904,-75.86,0.0004675344,0.55,1.5,1.9439,-6.6099,2.4e-05,0,0,62.1283,4.419563,WiFi6_2.4GHz
UE_006568,0.0074,51.84,46.1038,-43.16,8.9e-09,0.54,1.6117,0.3975,13.2665,2.5e-05,0,0,79.2547,11.585255,WiFi6_2.4GHz
UE_006569,0.0067,12.59,9.4571,-82.41,0.0355461383,0.58,1.5,4.2196,-0.7484,2.2e-05,0,0,53.6356,2.456986,WiFi6_2.4GHz
UE_006570,0.0073,24.7,19.2229,-70.3,0.000253566,2.04,1.5,0.5408,-0.6977,2.4e-05,0,0,64.9389,5.02679,WiFi6_2.4GHz
UE_006571,0.0022,-1.58,-5.4614,-96.58,0.1019176477,1.06,1.5,20.4763,6.2753,7e-06,0,0,30.7548,0.49809,WiFi6_2.4GHz
UE_006572,0.0117,25.2,20.9037,-69.8,6.885e-07,1.54,1.5,0.4378,-3.9081,3.9e-05,0,0,65.1806,6.937382,WiFi6_2.4GHz
UE_006573,0.0062,22.18,15.0874,-72.82,0.0003460126,1.22,1.5,0.5143,-0.0953,2.1e-05,0,0,56.7219,5.337089,WiFi6_2.4GHz
UE_006574,0.0099,26.41,20.3592,-68.59,9.7538e-06,1.59,1.5,0.0142,2.8059,3.3e-05,0,0,66.7959,6.751988,WiFi6_2.4GHz
UE_006575,0.0031,29.98,22.5247,-65.02,7.767e-07,0.04,1.5,0.3295,1.1958,1e-05,0,0,72.8712,7.922299,WiFi6_2.4GHz
UE_006576,0.0075,18.62,12.799,-76.38,0.0007352649,0.06,1.5852,0.5493,15.481,2.5e-05,0,0,57.2641,3.104053,WiFi6_2.4GHz
UE_006577,0.0134,14.63,7.8376,-80.37,0.0184015651,0.06,1.5,3.1077,1.2721,4.5e-05,0,0,55.2236,1.973012,WiFi6_2.4GHz
UE_006578,0.0019,20.92,16.8755,-74.08,0.0004634891,0.05,1.5,1.7508,8.1972,6e-06,0,0,59.1394,4.58745,WiFi6_2.4GHz
UE_006579,0.0015,60.33,52.6964,-34.67,1.1e-09,1.03,1.5,0.4656,-9.0422,5e-06,0,0,77.223,11.697311,WiFi6_2.4GHz
UE_006580,0.0039,30.04,23.5415,-64.96,6.1258e-06,0.57,1.5,0.1786,13.7713,1.3e-05,0,0,69.7806,7.743136,WiFi6_2.4GHz
UE_006581,0.0133,54.82,47.4706,-40.18,4.6e-09,1.02,1.5,0.0405,3.3572,4.4e-05,0,0,77.7694,11.729432,WiFi6_2.4GHz
UE_006582,0.008,10.29,3.1639,-84.71,0.045024426,0.6,1.5,5.0298,-5.1022,2.7e-05,0,0,49.8825,1.810942,WiFi6_2.4GHz
UE_006583,0.0025,13.62,10.4821,-81.38,0.0128640085,0.46,1.5,3.9066,-15.8696,8e-06,0,0,49.3154,2.649736,WiFi6_2.4GHz
UE_006584,0.0138,25.97,19.5122,-69.03,6.8452e-06,0.61,1.5,0.2638,2.7348,4.6e-05,0,0,64.3954,6.98424,WiFi6_2.4GHz
UE_006585,0.0088,18.27,13.1913,-76.73,0.0009237954,0.79,1.5,1.5561,-14.2774,2.9e-05,0,0,56.438,3.471264,WiFi6_2.4GHz
UE_006586,0.0039,22.21,15.8683,-72.79,0.0009517635,0.5,1.5,1.3366,-9.6272,1.3e-05,0,0,61.0638,5.217747,WiFi6_2.4GHz
UE_006587,0.0057,49.05,44.3733,-45.95,9.4e-09,0.25,1.5,0.3409,-4.691,1.9e-05,0,0,77.3389,11.559389,WiFi6_2.4GHz
UE_006588,0.0015,19.21,11.9337,-75.79,0.0001742319,0.26,1.5,1.5819,1.7815,5e-06,0,0,63.1401,4.963597,WiFi6_2.4GHz
UE_006589,0.0082,43.8,39.2513,-51.2,1.3e-09,0.22,1.5,0.4467,6.6322,2.7e-05,0,0,78.3207,11.753733,WiFi6_2.4GHz
UE_006590,0.0067,15.21,13.0099,-79.79,0.0009565838,0.2,1.5,1.8975,-12.2257,2.2e-05,0,0,52.9422,3.511157,WiFi6_2.4GHz
UE_006591,0.0107,83.69,77.6853,-11.31,1.1e-09,0.08,1.6057,0.3032,-0.8884,3.6e-05,0,0,77.0547,11.47875,WiFi6_2.4GHz
UE_006592,0.0097,40.78,35.0474,-54.22,8e-10,0.09,1.5,0.0419,-5.0905,3.2e-05,0,0,78.1034,11.755077,WiFi6_2.4GHz
UE_006593,0.0086,20.77,14.358,-74.23,9.54671e-05,0.09,1.5,0.7582,11.8717,2.9e-05,0,0,60.1814,5.059191,WiFi6_2.4GHz
UE_006594,0.0089,16.76,12.0221,-78.24,0.000790885,0.12,1.5,1.7177,4.6595,3e-05,0,0,54.4106,3.914605,WiFi6_2.4GHz
UE_006595,0.0135,7.33,-0.4111,-87.67,0.0417519811,0.68,1.5,21.9608,7.4432,4.5e-05,0,0,33.8695,1.100673,WiFi6_2.4GHz
UE_006596,0.0043,15.1,12.0153,-79.9,0.0004018675,1.06,1.5,1.0456,-3.526,1.4e-05,0,0,52.5297,3.432621,WiFi6_2.4GHz
UE_006597,0.0107,9.31,2.9921,-85.69,0.0276041221,1.52,1.5,35.1081,4.7344,3.6e-05,0,0,28.7465,1.393884,WiFi6_2.4GHz
UE_006598,0.0048,35.27,31.1963,-59.73,3.9e-09,0.99,1.5,0.1048,14.1847,1.6e-05,0,0,71.5818,11.703488,WiFi6_2.4GHz
UE_006599,0.0117,27.02,19.7256,-67.98,1.4822e-06,0.41,1.5,0.4226,-9.5696,3.9e-05,0,0,65.2472,6.87275,WiFi6_2.4GHz
UE_006600,0.0127,75.38,71.4031,-19.62,6.7e-09,0.48,1.5,0.4838,-1.4528,4.2e-05,0,0,75.2128,11.712587,WiFi6_2.4GHz
UE_006601,0.0078,16.4,13.1324,-78.6,0.0005889111,0.49,1.5,1.9952,-7.3478,2.6e-05,0,0,57.5111,3.27339,WiFi6_2.4GHz
UE_006602,0.0076,16.06,14.1976,-78.94,0.0006129606,0.89,1.5,1.6905,8.666,2.5e-05,0,0,58.9554,3.436971,WiFi6_2.4GHz
UE_006603,0.0041,22.8,17.3797,-72.2,0.0006460556,0.4,1.5,0.6376,6.9225,1.4e-05,0,0,63.27,5.241334,WiFi6_2.4GHz
UE_006604,0.0055,35.96,30.4505,-59.04,2.2e-09,0.42,1.5,0.264,-1.1863,1.8e-05,0,0,76.0641,11.723756,WiFi6_2.4GHz
UE_006605,0.0114,31.02,27.2845,-63.98,2.211e-07,0.46,1.5,0.2703,-5.7832,3.8e-05,0,0,71.8159,7.832463,WiFi6_2.4GHz
UE_006606,0.0078,20.54,16.0376,-74.46,0.0001678033,0.53,1.5,1.4259,-8.4363,2.6e-05,0,0,62.9114,4.823617,WiFi6_2.4GHz
UE_006607,0.0016,48.63,42.5148,-46.37,8.8e-09,0.34,1.5,0.4409,-9.9109,5e-06,0,0,81.279,11.807756,WiFi6_2.4GHz
UE_006608,0.0055,52.48,45.6658,-42.52,4.6e-09,0.3,1.5461,0.0876,-4.1949,1.8e-05,0,0,80.0237,11.629125,WiFi6_2.4GHz
UE_006609,0.01,28.77,24.7313,-66.23,8.808e-07,0.24,1.5,0.3426,4.6611,3.3e-05,0,0,70.4327,7.22986,WiFi6_2.4GHz
UE_006610,0.0061,7.21,0.5225,-87.79,0.0155552196,0.28,1.5,9.7975,-11.2555,2e-05,0,0,40.6856,1.143404,WiFi6_2.4GHz
UE_006611,0.0046,20.83,15.3313,-74.17,0.0008971794,0.57,1.5,1.1077,-11.338,1.5e-05,0,0,58.2054,4.739184,WiFi6_2.4GHz
UE_006612,0.0121,62.24,57.961,-32.76,7.1e-09,0.73,1.5,0.2817,-2.3016,4e-05,0,0,76.5347,11.874725,WiFi6_2.4GHz
UE_006613,0.0028,17.74,9.9107,-77.26,0.0001006373,0.73,1.5,0.6445,-8.0334,9e-06,0,0,55.6793,3.149383,WiFi6_2.4GHz
UE_006614,0.0132,27.78,20.3623,-67.22,6.5119e-06,0.67,1.5,0.4087,15.791,4.4e-05,0,0,67.2124,7.083307,WiFi6_2.4GHz
UE_006615,0.0026,4.32,-0.2682,-90.68,0.1327782306,0.16,1.5,26.6301,1.7156,9e-06,0,0,27.1319,0.422228,WiFi6_2.4GHz
UE_006616,0.0062,30.11,25.133,-64.89,1.6341e-06,0.11,1.5,0.1556,11.8171,2.1e-05,0,0,68.136,7.61485,WiFi6_2.4GHz
UE_006617,0.0038,4.66,-3.4845,-90.34,0.0589047617,0.16,1.5,15.0811,-6.5305,1.3e-05,0,0,36.4823,0.986109,WiFi6_2.4GHz
UE_006618,0.0046,12.28,3.367,-82.72,0.0314657637,0.11,1.5,5.2262,-5.5029,1.5e-05,0,0,52.0976,2.757017,WiFi6_2.4GHz
UE_006619,0.0073,18.4,15.0107,-76.6,0.0004747456,0.82,1.5,1.6708,8.6075,2.4e-05,0,0,55.1796,3.425623,WiFi6_2.4GHz
UE_006620,0.0049,67.26,61.1893,-27.74,3.3e-09,0.63,1.5,0.0361,-7.1091,1.6e-05,0,0,79.581,11.451306,WiFi6_2.4GHz
UE_006621,0.013,11.95,6.9961,-83.05,0.0380072435,0.8,1.5,3.8425,-11.8245,4.3e-05,0,0,50.714,2.19033,WiFi6_2.4GHz
UE_006622,0.0033,-0.78,-8.08,-95.78,0.1406948887,0.91,1.5,27.3625,4.0053,1.1e-05,0,0,23.6266,0.482917,WiFi6_2.4GHz
UE_006623,0.011,27.35,21.0619,-67.65,7.4685e-06,0.02,1.5,0.0779,4.4693,3.7e-05,0,0,67.7444,7.354245,WiFi6_2.4GHz
UE_006624,0.012,31.16,23.4246,-63.84,3.242e-07,0.02,1.5,0.2115,-7.9864,4e-05,0,0,71.3709,8.025222,WiFi6_2.4GHz
UE_006625,0.0063,31.78,24.3498,-63.22,1.8785e-06,0.02,1.5,0.1974,-6.3482,2.1e-05,0,0,73.9055,8.023963,WiFi6_2.4GHz
UE_006626,0.0064,44.44,42.0718,-50.56,6.3e-09,0.02,1.5,0.0442,8.1404,2.1e-05,0,0,76.1709,12.209174,WiFi6_2.4GHz
UE_006627,0.0042,27.56,22.6903,-67.44,1.0541e-06,0.02,1.5,0.071,11.1519,1.4e-05,0,0,69.4749,6.794218,WiFi6_2.4GHz
UE_006628,0.0105,90.4,84.6819,-4.6,7.9e-09,0.07,1.5,0.4466,-11.3239,3.5e-05,0,0,76.5939,11.72649,WiFi6_2.4GHz
UE_006629,0.0103,41.26,38.6642,-53.74,9.6e-09,0.05,1.5,0.0817,-7.8712,3.4e-05,0,0,73.3497,11.874854,WiFi6_2.4GHz
UE_006630,0.003,25.94,20.2201,-69.06,9.7776e-06,0.06,1.5,0.0067,6.2134,1e-05,0,0,69.5138,7.180026,WiFi6_2.4GHz
UE_006631,0.0104,59.0,54.1926,-36.0,1.5e-09,3.46,1.5,0.1183,-10.2639,3.5e-05,0,0,79.3782,11.530937,WiFi6_2.4GHz
UE_006632,0.0105,15.78,9.2102,-79.22,0.0005574517,0.12,1.5,0.7212,-1.848,3.5e-05,0,0,54.2824,3.376805,WiFi6_2.4GHz
UE_006633,0.0098,34.85,29.9909,-60.15,8.952e-07,0.18,1.5,0.0478,10.6802,3.3e-05,0,0,75.57,10.158914,WiFi6_2.4GHz
UE_006634,0.0042,81.92,79.4206,-13.08,9.1e-09,0.18,1.5,0.1178,0.9236,1.4e-05,0,0,79.1376,11.756494,WiFi6_2.4GHz
UE_006635,0.0027,21.68,19.3229,-73.32,0.0005099642,0.05,1.5,1.7518,11.8681,9e-06,0,0,62.5303,5.148788,WiFi6_2.4GHz
UE_006636,0.0094,19.36,12.7945,-75.64,0.0001161818,0.08,1.5,0.5275,-1.8899,3.1e-05,0,0,61.8455,4.866139,WiFi6_2.4GHz
UE_006637,0.0075,50.4,43.983,-44.6,7.1e-09,0.08,1.5,0.4487,-0.5352,2.5e-05,0,0,78.3507,11.664202,WiFi6_2.4GHz
UE_006638,0.0055,55.8,50.9222,-39.2,3.4e-09,0.05,1.5,0.4729,1.391,1.8e-05,0,0,77.357,11.848533,WiFi6_2.4GHz
UE_006639,0.0041,50.65,43.7579,-44.35,5e-10,0.83,1.5,0.2952,-12.8885,1.4e-05,0,0,78.9886,11.676106,WiFi6_2.4GHz
UE_006640,0.0071,58.15,53.0818,-36.85,7.8e-09,0.85,1.5,0.1776,-10.4849,2.4e-05,0,0,81.6434,11.555423,WiFi6_2.4GHz
UE_006641,0.0141,8.9,1.3672,-86.1,0.0237759529,1.07,1.5,23.0398,-15.0275,4.7e-05,0,0,31.3566,1.929256,WiFi6_2.4GHz
UE_006642,0.0069,35.26,31.4644,-59.74,3.9e-09,0.77,1.5,0.3255,-4.2293,2.3e-05,0,0,75.5055,11.754007,WiFi6_2.4GHz
UE_006643,0.0076,37.52,36.465,-57.48,7.7e-09,1.48,1.5,0.0252,-0.2444,2.5e-05,0,0,74.1225,11.727434,WiFi6_2.4GHz
UE_006644,0.0135,5.63,-0.4618,-89.37,0.0394249002,0.14,1.5,31.2486,14.7142,4.5e-05,0,0,31.4824,1.343876,WiFi6_2.4GHz
UE_006645,0.0083,20.07,13.4591,-74.93,0.0002644162,0.12,1.5,1.6602,-8.3069,2.8e-05,0,0,60.0648,4.690456,WiFi6_2.4GHz
UE_006646,0.0058,12.25,3.4726,-82.75,0.0362105472,0.17,1.5,5.1468,0.3586,1.9e-05,0,0,53.005,2.13827,WiFi6_2.4GHz
UE_006647,0.0017,26.16,20.4237,-68.84,4.9189e-06,1.1,1.5,0.2583,-15.9709,6e-06,0,0,65.8239,7.137049,WiFi6_2.4GHz
UE_006648,0.005,27.45,24.6011,-67.55,5.2783e-06,1.51,1.5,0.2254,-5.4886,1.7e-05,0,0,65.0269,7.10872,WiFi6_2.4GHz
UE_006649,0.0054,3.61,0.0077,-91.39,0.1366920209,1.29,1.5,37.5034,2.0219,1.8e-05,0,0,20.5968,0.51744,WiFi6_2.4GHz
UE_006650,0.014,50.13,44.7627,-44.87,1.9e-09,1.12,1.5,0.1095,10.9479,4.7e-05,0,0,75.0481,11.597625,WiFi6_2.4GHz
UE_006651,0.007,34.99,26.5214,-60.01,9.4119e-06,0.46,1.5,0.0563,-13.1378,2.3e-05,0,0,70.9948,10.266646,WiFi6_2.4GHz
UE_006652,0.005,42.1,37.5361,-52.9,9.4e-09,0.49,1.5,0.0662,1.986,1.7e-05,0,0,75.0006,11.568585,WiFi6_2.4GHz
UE_006653,0.0061,24.53,19.1169,-70.47,0.0006247736,0.34,1.5,0.5495,15.0092,2e-05,0,0,63.8576,5.396378,WiFi6_2.4GHz
UE_006654,0.0015,23.89,18.9349,-71.11,0.0004108774,0.36,1.5,1.1841,-4.1785,5e-06,0,0,62.1332,5.201221,WiFi6_2.4GHz
UE_006655,0.0023,49.99,42.829,-45.01,4.4e-09,1.28,1.5,0.4648,8.2265,8e-06,0,0,77.339,11.634843,WiFi6_2.4GHz
UE_006656,0.0114,4.5,0.2737,-90.5,0.0515415836,1.19,1.5,21.5145,-7.0829,3.8e-05,0,0,30.2114,0.498675,WiFi6_2.4GHz
UE_006657,0.0016,34.62,28.3854,-60.38,4.041e-06,1.14,1.5,0.3033,-4.2285,5e-06,0,0,72.236,10.58415,WiFi6_2.4GHz
UE_006658,0.0135,41.74,38.1645,-53.26,3.3e-09,1.65,1.5,0.2642,-3.8942,4.5e-05,0,0,81.3807,11.674004,WiFi6_2.4GHz
UE_006659,0.0134,19.57,12.8943,-75.43,0.000919229,0.2,1.5,1.9293,-14.3281,4.5e-05,0,0,57.9161,4.739125,WiFi6_2.4GHz
UE_006660,0.0072,23.95,19.2274,-71.05,5.39087e-05,0.19,1.5,1.6546,0.6516,2.4e-05,0,0,60.6839,5.354849,WiFi6_2.4GHz
UE_006661,0.0071,70.52,65.0712,-24.48,3.6e-09,0.19,1.5,0.3251,14.1445,2.4e-05,0,0,77.0633,11.629865,WiFi6_2.4GHz
UE_006662,0.0037,9.62,2.8531,-85.38,0.0495638536,0.12,1.6708,32.3378,-7.1128,1.2e-05,0,0,30.2809,1.808052,WiFi6_2.4GHz
UE_006663,0.0029,4.52,-2.0363,-90.48,0.1102798716,1.25,1.5,28.2281,-14.6961,1e-05,0,0,32.04,0.381811,WiFi6_2.4GHz
UE_006664,0.005,2.01,-5.1736,-92.99,0.0538331768,1.14,1.5,22.4173,-0.878,1.7e-05,0,0,28.6391,0.64566,WiFi6_2.4GHz
UE_006665,0.0058,13.49,9.6918,-81.51,0.0422532285,1.12,1.5,5.3528,-7.1155,1.9e-05,0,0,51.1768,2.428527,WiFi6_2.4GHz
UE_006666,0.0118,46.05,39.5647,-48.95,5.4e-09,1.39,1.5329,0.2561,-7.3476,3.9e-05,0,0,77.5794,11.687795,WiFi6_2.4GHz
UE_006667,0.0066,26.86,21.4764,-68.14,4.4902e-06,0.07,1.5,0.0221,0.8261,2.2e-05,0,0,67.2252,7.196321,WiFi6_2.4GHz
UE_006668,0.0098,46.31,40.5079,-48.69,8e-10,0.08,1.5,0.3832,-15.9915,3.3e-05,0,0,79.2271,11.530516,WiFi6_2.4GHz
UE_006669,0.0104,18.63,16.038,-76.37,0.0001139601,0.11,1.5,1.6595,-4.5484,3.5e-05,0,0,58.2061,3.411979,WiFi6_2.4GHz
UE_006670,0.0047,51.7,44.0589,-43.3,8.5e-09,0.07,1.5,0.3905,-3.8975,1.6e-05,0,0,75.9215,11.503719,WiFi6_2.4GHz
UE_006671,0.0048,16.47,9.2054,-78.53,4.77923e-05,0.13,1.5,0.7343,-10.3486,1.6e-05,0,0,56.3423,3.619277,WiFi6_2.4GHz
UE_006672,0.0023,41.62,36.9539,-53.38,1.2e-09,0.13,1.5,0.0249,-2.9829,8e-06,0,0,76.1628,11.411232,WiFi6_2.4GHz
UE_006673,0.0099,50.19,44.2537,-44.81,9.7e-09,0.14,1.5,0.3885,-14.202,3.3e-05,0,0,73.7673,11.632386,WiFi6_2.4GHz
UE_006674,0.0016,40.45,36.6688,-54.55,4.7e-09,0.18,1.5,0.2428,0.6788,5e-06,0,0,76.3204,11.418658,WiFi6_2.4GHz
UE_006675,0.0033,44.25,40.8536,-50.75,6.9e-09,0.63,1.5,0.2059,12.3776,1.1e-05,0,0,76.5445,11.436146,WiFi6_2.4GHz
UE_006676,0.0116,51.39,43.2214,-43.61,9e-10,0.69,1.5,0.2564,-13.9989,3.9e-05,0,0,73.863,12.016891,WiFi6_2.4GHz
UE_006677,0.0024,37.22,32.4636,-57.78,6.8e-09,0.86,1.5,0.174,-3.438,8e-06,0,0,77.6164,11.723034,WiFi6_2.4GHz
UE_006678,0.0114,25.74,24.158,-69.26,9.4981e-06,0.6,1.5,0.4932,4.4511,3.8e-05,0,0,64.4729,6.725621,WiFi6_2.4GHz
UE_006679,0.0114,4.54,-2.1238,-90.46,0.0759979875,0.47,1.5,35.735,3.7933,3.8e-05,0,0,23.8052,0.866045,WiFi6_2.4GHz
UE_006680,0.0068,15.55,12.3768,-79.45,2.55843e-05,0.45,1.5,1.7188,0.805,2.3e-05,0,0,54.0574,3.532075,WiFi6_2.4GHz
UE_006681,0.0084,43.63,38.14,-51.37,3.3e-09,0.59,1.5,0.3162,11.5238,2.8e-05,0,0,78.8405,11.57699,WiFi6_2.4GHz
UE_006682,0.0105,0.7,-2.4237,-94.3,0.058461725,0.8,1.5,27.7365,15.6828,3.5e-05,0,0,22.9567,0.318744,WiFi6_2.4GHz
UE_006683,0.0026,35.35,32.0863,-59.65,5.4e-09,0.08,1.5,0.1469,-9.234,9e-06,0,0,75.2432,11.393863,WiFi6_2.4GHz
UE_006684,0.0055,48.44,42.0332,-46.56,4e-10,0.06,1.5,0.1018,1.7969,1.8e-05,0,0,79.1208,11.386674,WiFi6_2.4GHz
UE_006685,0.0096,62.41,55.2327,-32.59,5.5e-09,0.1,1.5666,0.0708,14.1364,3.2e-05,0,0,80.279,11.854044,WiFi6_2.4GHz
UE_006686,0.0107,24.92,18.7848,-70.08,0.0009967086,0.07,1.5,1.2417,11.8445,3.6e-05,0,0,66.4101,5.127456,WiFi6_2.4GHz
UE_006687,0.0072,17.17,9.9701,-77.83,0.0001774527,1.62,1.5,1.1745,-10.537,2.4e-05,0,0,55.0422,3.668039,WiFi6_2.4GHz
UE_006688,0.0124,2.9,-2.8761,-92.1,0.1452713054,0.34,1.5,16.7184,-15.7347,4.1e-05,0,0,36.3622,0.655692,WiFi6_2.4GHz
UE_006689,0.0032,22.93,15.9811,-72.07,0.0004103743,0.39,1.5,1.7368,-11.7519,1.1e-05,0,0,60.6173,5.248035,WiFi6_2.4GHz
UE_006690,0.0052,23.54,18.2406,-71.46,0.000408682,0.5,1.5,1.5024,-2.6844,1.7e-05,0,0,61.8842,5.574309,WiFi6_2.4GHz
UE_006691,0.0013,51.35,44.0623,-43.65,7.5e-09,0.88,1.5,0.4865,12.6264,4e-06,0,0,79.2062,11.671613,WiFi6_2.4GHz
UE_006692,0.0038,32.96,27.3318,-62.04,1.8972e-06,1.01,2.007,0.1365,-9.9587,1.3e-05,0,0,73.1468,10.414829,WiFi6_2.4GHz
UE_006693,0.0134,23.33,17.5388,-71.67,0.0006884477,0.66,1.5,0.7991,-11.4884,4.5e-05,0,0,61.9598,5.397865,WiFi6_2.4GHz
UE_006694,0.0031,6.53,0.3953,-88.47,0.0224621829,0.76,1.5,26.3223,4.9141,1e-05,0,0,31.7038,1.309317,WiFi6_2.4GHz
UE_006695,0.0137,20.31,13.403,-74.69,0.0009679384,0.25,1.5,1.5137,-7.9931,4.6e-05,0,0,59.9946,4.58169,WiFi6_2.4GHz
UE_006696,0.0072,19.02,12.7061,-75.98,0.0006684015,0.23,1.5,1.917,-9.568,2.4e-05,0,0,62.6654,4.40653,WiFi6_2.4GHz
UE_006697,0.001,36.31,28.6514,-58.69,5.4e-09,0.24,1.5,0.4966,-4.2291,3e-06,0,0,73.9483,11.897594,WiFi6_2.4GHz
UE_006698,0.0122,7.67,0.4624,-87.33,0.0022803062,0.33,1.5,35.8248,-12.0935,4.1e-05,0,0,26.285,1.284169,WiFi6_2.4GHz
UE_006699,0.008,-4.0,-12.2487,-99.0,0.1327369451,0.37,1.5,9.5427,-15.4556,2.7e-05,0,0,37.1282,0.215082,WiFi6_2.4GHz
UE_006700,0.0088,8.76,2.5666,-86.24,0.0346192974,0.33,1.5,24.9874,8.9559,2.9e-05,0,0,33.4706,1.300684,WiFi6_2.4GHz
UE_006701,0.007,24.55,17.3361,-70.45,0.000258528,0.59,1.5,1.5334,-15.4564,2.3e-05,0,0,65.722,5.311596,WiFi6_2.4GHz
UE_006702,0.0071,14.47,7.9146,-80.53,0.0420683118,0.34,1.5,6.4363,11.2973,2.4e-05,0,0,50.5062,2.457892,WiFi6_2.4GHz
UE_006703,0.0025,26.86,17.3025,-68.14,1.7791e-06,1.32,1.5,0.1072,9.7201,8e-06,0,0,65.0659,7.20821,WiFi6_2.4GHz
UE_006704,0.0045,45.04,37.3112,-49.96,9.1e-09,1.01,1.5,0.0039,-8.5566,1.5e-05,0,0,79.0266,11.845401,WiFi6_2.4GHz
UE_006705,0.0016,46.97,43.1848,-48.03,8.9e-09,1.37,1.5,0.1795,6.7122,5e-06,0,0,76.643,11.459733,WiFi6_2.4GHz
UE_006706,0.0057,14.24,8.0517,-80.76,0.0079084368,1.14,1.5,5.219,-0.5101,1.9e-05,0,0,52.6418,2.415577,WiFi6_2.4GHz
UE_006707,0.0116,14.32,8.1533,-80.68,0.0417953353,0.39,1.5,5.4515,-15.6892,3.9e-05,0,0,51.3992,2.2121,WiFi6_2.4GHz
UE_006708,0.0079,31.38,23.7861,-63.62,8.6654e-06,0.66,1.5,0.0428,2.5284,2.6e-05,0,0,74.234,7.710168,WiFi6_2.4GHz
UE_006709,0.0097,10.08,5.1908,-84.92,0.0261729452,0.62,1.5,2.5491,15.0478,3.2e-05,0,0,51.5217,1.984386,WiFi6_2.4GHz
UE_006710,0.0019,19.78,16.1449,-75.22,0.0004088673,0.58,1.5,1.9105,-6.3566,6e-06,0,0,59.1062,4.79199,WiFi6_2.4GHz
UE_006711,0.0132,63.76,60.1607,-31.24,8.1e-09,0.5,1.5,0.2376,-5.2281,4.4e-05,0,0,78.8955,11.607544,WiFi6_2.4GHz
UE_006712,0.0085,47.92,40.4207,-47.08,9e-10,1.89,1.5,0.2582,-12.4148,2.8e-05,0,0,80.4926,11.609304,WiFi6_2.4GHz
UE_006713,0.0072,21.05,16.3733,-73.95,0.0004655888,0.5,1.5,0.6114,-4.8725,2.4e-05,0,0,60.0901,4.968573,WiFi6_2.4GHz
UE_006714,0.0046,38.6,33.088,-56.4,8.2e-09,0.34,1.5,0.1545,-1.8211,1.5e-05,0,0,73.6343,12.340796,WiFi6_2.4GHz
UE_006715,0.0047,1.11,-4.9253,-93.89,0.0572006108,0.03,1.5,10.8988,-2.1738,1.6e-05,0,0,36.8924,0.1,WiFi6_2.4GHz
UE_006716,0.0075,31.32,25.414,-63.68,3.234e-06,3.84,1.5,0.1455,13.2918,2.5e-05,0,0,70.8646,7.647832,WiFi6_2.4GHz
UE_006717,0.0091,13.84,6.3694,-81.16,0.0395499609,0.05,1.5,3.4108,8.6923,3e-05,0,0,52.7974,2.250105,WiFi6_2.4GHz
UE_006718,0.0071,20.34,15.9887,-74.66,0.0001980994,0.03,1.5,0.868,2.0402,2.4e-05,0,0,61.5534,4.75767,WiFi6_2.4GHz
UE_006719,0.0045,36.19,31.6561,-58.81,8e-09,0.08,1.5,0.1215,14.4912,1.5e-05,0,0,74.3872,11.771666,WiFi6_2.4GHz
UE_006720,0.0137,10.06,4.8065,-84.94,0.022419029,0.07,1.5,5.1542,9.7932,4.6e-05,0,0,50.3824,1.692091,WiFi6_2.4GHz
UE_006721,0.0056,25.17,17.4047,-69.83,8.941e-07,0.09,1.5,0.247,5.218,1.9e-05,0,0,64.9107,7.090468,WiFi6_2.4GHz
UE_006722,0.0088,56.3,53.0298,-38.7,1.7e-09,0.07,1.5,0.4469,2.9545,2.9e-05,0,0,79.5536,12.006343,WiFi6_2.4GHz
UE_006723,0.0138,46.73,42.0715,-48.27,8e-09,1.01,1.5,0.4989,-9.9267,4.6e-05,0,0,80.5972,11.56532,WiFi6_2.4GHz
UE_006724,0.0083,59.51,54.3996,-35.49,4e-09,0.97,1.5,0.0074,-11.5588,2.8e-05,0,0,80.6588,11.723621,WiFi6_2.4GHz
UE_006725,0.008,70.05,63.9204,-24.95,8.7e-09,1.14,1.5,0.4641,14.6438,2.7e-05,0,0,78.2628,11.446126,WiFi6_2.4GHz
UE_006726,0.0115,52.74,50.6336,-42.26,8e-09,0.77,1.5,0.2376,7.7129,3.8e-05,0,0,78.5976,11.801665,WiFi6_2.4GHz
UE_006727,0.0139,25.22,19.8984,-69.78,4.3882e-06,0.04,1.5,0.0831,3.754,4.6e-05,0,0,65.6432,7.077926,WiFi6_2.4GHz
UE_006728,0.0067,5.32,-0.2196,-89.68,0.0056999112,0.05,1.5,15.092,-6.9088,2.2e-05,0,0,40.0331,1.1317,WiFi6_2.4GHz
UE_006729,0.0065,4.73,-2.4273,-90.27,0.0613073921,0.05,1.5,27.0815,-5.2516,2.2e-05,0,0,29.46,0.631633,WiFi6_2.4GHz
UE_006730,0.0041,44.76,38.1627,-50.24,7.5e-09,0.06,1.5,0.1673,8.5858,1.4e-05,0,0,77.3873,11.967857,WiFi6_2.4GHz
UE_006731,0.005,70.0,65.3173,-25.0,4.9e-09,0.3,1.5,0.2741,-1.6998,1.7e-05,0,0,77.9004,11.680631,WiFi6_2.4GHz
UE_006732,0.0023,49.59,45.3615,-45.41,9.2e-09,0.36,1.5,0.4761,-14.7443,8e-06,0,0,79.3311,11.711554,WiFi6_2.4GHz
UE_006733,0.0119,15.95,13.3048,-79.05,0.0003139837,0.23,1.5,1.8593,-13.1077,4e-05,0,0,53.9229,3.433268,WiFi6_2.4GHz
UE_006734,0.0129,33.22,27.4868,-61.78,4.5876e-06,0.2,1.5,0.0921,-14.8286,4.3e-05,0,0,71.4489,10.321412,WiFi6_2.4GHz
UE_006735,0.0031,29.64,23.9722,-65.36,6.764e-06,0.99,1.5,0.1316,-5.1131,1e-05,0,0,67.1981,7.860986,WiFi6_2.4GHz
UE_006736,0.0086,15.72,9.5435,-79.28,0.0005112953,1.1,1.5,1.0867,-10.8944,2.9e-05,0,0,55.271,2.916297,WiFi6_2.4GHz
UE_006737,0.0074,28.58,19.9039,-66.42,3.776e-06,1.08,1.5,0.27,9.9627,2.5e-05,0,0,66.3848,7.813301,WiFi6_2.4GHz
UE_006738,0.0013,33.96,28.366,-61.04,6.0876e-06,0.74,1.5,0.2891,-11.0992,4e-06,0,0,70.0299,10.692462,WiFi6_2.4GHz
UE_006739,0.0056,44.57,38.2222,-50.43,9.4e-09,0.6,1.5,0.4737,8.5171,1.9e-05,0,0,76.3335,11.569448,WiFi6_2.4GHz
UE_006740,0.0076,15.7,8.3839,-79.3,0.0005649512,0.49,1.5,1.1295,9.3501,2.5e-05,0,0,54.8126,3.151492,WiFi6_2.4GHz
UE_006741,0.0021,46.02,39.853,-48.98,4.3e-09,0.49,1.5,0.0308,-8.8257,7e-06,0,0,77.8337,11.782084,WiFi6_2.4GHz
UE_006742,0.01,51.19,47.0953,-43.81,3.3e-09,0.53,1.5,0.4525,-4.8459,3.3e-05,0,0,80.4503,11.82477,WiFi6_2.4GHz
UE_006743,0.0104,42.98,36.8389,-52.02,3.3e-09,0.05,1.5,0.4602,1.8062,3.5e-05,0,0,76.2356,11.741363,WiFi6_2.4GHz
UE_006744,0.0104,6.88,0.9618,-88.12,0.031871668,0.07,1.5,34.3114,-2.3452,3.5e-05,0,0,28.1607,1.118866,WiFi6_2.4GHz
UE_006745,0.0092,13.64,9.2172,-81.36,0.0212282787,0.06,1.5,6.7522,-0.5454,3.1e-05,0,0,51.2863,2.272459,WiFi6_2.4GHz
UE_006746,0.0027,37.73,33.6576,-57.27,8.8e-09,0.06,1.5,0.3954,-3.1373,9e-06,0,0,75.3047,11.72657,WiFi6_2.4GHz
UE_006747,0.0011,-1.26,-7.6214,-96.26,0.0840338477,0.42,1.5,33.1101,-15.2225,4e-06,0,0,24.23,0.104098,WiFi6_2.4GHz
UE_006748,0.0132,50.13,47.7493,-44.87,1.9e-09,0.47,1.5,0.2727,-0.8676,4.4e-05,0,0,82.1647,11.663612,WiFi6_2.4GHz
UE_006749,0.0089,20.0,18.7357,-75.0,0.0005532077,0.45,1.5,0.8448,-0.6079,3e-05,0,0,63.0196,4.510053,WiFi6_2.4GHz
UE_006750,0.0102,22.76,15.9702,-72.24,0.0006401094,3.43,1.5,1.0452,-2.4804,3.4e-05,0,0,65.4621,5.5674,WiFi6_2.4GHz
UE_006751,0.008,25.92,23.2,-69.08,4.294e-06,1.14,1.5,0.1902,-5.2934,2.7e-05,0,0,66.2881,7.118407,WiFi6_2.4GHz
UE_006752,0.0067,46.94,43.0071,-48.06,4.5e-09,0.85,1.5,0.3564,14.5434,2.2e-05,0,0,77.3708,11.92378,WiFi6_2.4GHz
UE_006753,0.0069,8.21,6.7116,-86.79,0.0338080635,0.92,1.5,25.0341,-3.6801,2.3e-05,0,0,35.1055,1.49532,WiFi6_2.4GHz
UE_006754,0.0094,37.68,30.222,-57.32,6.9e-09,0.93,1.5,0.293,14.052,3.1e-05,0,0,76.4393,11.72471,WiFi6_2.4GHz
UE_006755,0.013,50.08,41.7413,-44.92,6.8e-09,0.93,1.5,0.466,-9.7317,4.3e-05,0,0,76.4712,12.020744,WiFi6_2.4GHz
UE_006756,0.006,31.43,26.6371,-63.57,5.06e-07,1.21,1.5,0.3484,-6.5996,2e-05,0,0,73.9276,7.564489,WiFi6_2.4GHz
UE_006757,0.009,41.09,33.8918,-53.91,3.8e-09,0.56,1.5,0.3066,11.9395,3e-05,0,0,73.7653,11.780043,WiFi6_2.4GHz
UE_006758,0.0011,42.81,36.5983,-52.19,9.2e-09,0.85,1.5,0.1661,-6.5246,4e-06,0,0,82.1621,11.629401,WiFi6_2.4GHz
UE_006759,0.0024,0.45,-5.8337,-94.55,0.1202187343,0.2,1.5,8.5621,15.9575,8e-06,0,0,39.4259,0.34482,WiFi6_2.4GHz
UE_006760,0.0043,47.66,42.3812,-47.34,8.6e-09,0.25,1.5,0.2413,-11.9139,1.4e-05,0,0,78.565,11.867877,WiFi6_2.4GHz
UE_006761,0.009,7.77,1.8647,-87.23,0.003802336,0.33,1.5,25.3511,5.7312,3e-05,0,0,33.5168,0.945873,WiFi6_2.4GHz
UE_006762,0.0089,68.84,63.8146,-26.16,1.3e-09,0.18,1.5,0.0407,9.3165,3e-05,0,0,76.9198,11.839159,WiFi6_2.4GHz
UE_006763,0.0058,43.37,36.9109,-51.63,7e-10,1.36,1.5,0.3744,14.9698,1.9e-05,0,0,78.5456,11.920745,WiFi6_2.4GHz
UE_006764,0.003,21.37,13.6371,-73.63,0.0003276932,1.18,1.5,1.9151,-8.034,1e-05,0,0,58.713,5.477467,WiFi6_2.4GHz
UE_006765,0.0047,34.68,28.4302,-60.32,9.2398e-06,1.37,1.5,0.1193,0.133,1.6e-05,0,0,73.0939,10.595897,WiFi6_2.4GHz
UE_006766,0.011,31.11,23.8604,-63.89,9.0888e-06,1.1,1.5,0.242,12.1004,3.7e-05,0,0,71.8218,7.572957,WiFi6_2.4GHz
UE_006767,0.0121,18.02,11.91,-76.98,0.0006074227,0.02,1.5,0.5122,-1.8435,4e-05,0,0,59.697,3.687234,WiFi6_2.4GHz
UE_006768,0.0095,7.72,5.785,-87.28,0.0115152929,0.02,1.5,14.7366,6.0066,3.2e-05,0,0,40.3265,0.783062,WiFi6_2.4GHz
UE_006769,0.0032,48.18,41.0842,-46.82,9.2e-09,0.04,1.5,0.2561,-6.4746,1.1e-05,0,0,79.3752,11.610052,WiFi6_2.4GHz
UE_006770,0.0141,55.38,49.3738,-39.62,1e-08,0.04,1.5,0.1788,3.9985,4.7e-05,0,0,76.282,11.636266,WiFi6_2.4GHz
UE_006771,0.0133,0.52,-3.3991,-94.48,0.1497701122,0.91,1.5,10.0191,6.3877,4.4e-05,0,0,39.5189,0.495513,WiFi6_2.4GHz
UE_006772,0.0062,14.14,8.8771,-80.86,0.0427484047,1.41,1.5,4.0561,-9.3312,2.1e-05,0,0,55.4952,2.468476,WiFi6_2.4GHz
UE_006773,0.002,14.0,7.6857,-81.0,0.0335676559,1.11,1.5,3.2019,15.1875,7e-06,0,0,50.9247,2.313266,WiFi6_2.4GHz
UE_006774,0.0046,6.04,0.9083,-88.96,0.0197723552,1.69,1.5,9.4405,10.7169,1.5e-05,0,0,43.4942,0.850532,WiFi6_2.4GHz
UE_006775,0.0069,4.61,-0.4602,-90.39,0.0826574398,0.91,1.5,36.7258,0.9873,2.3e-05,0,0,26.808,0.705246,WiFi6_2.4GHz
UE_006776,0.0068,35.24,27.0296,-59.76,8.2e-09,0.83,1.5,0.0395,8.7025,2.3e-05,0,0,74.0199,11.638386,WiFi6_2.4GHz
UE_006777,0.011,1.91,-3.3552,-93.09,0.1482826338,0.71,1.5,8.7814,7.3,3.7e-05,0,0,38.4046,0.554219,WiFi6_2.4GHz
UE_006778,0.0022,49.01,42.3171,-45.99,8.1e-09,0.75,1.5,0.3687,5.1599,7e-06,0,0,78.6705,11.278589,WiFi6_2.4GHz
UE_006779,0.0051,25.01,19.2624,-69.99,1.3017e-06,0.26,1.5,0.3942,-8.5157,1.7e-05,0,0,66.6238,7.132614,WiFi6_2.4GHz
UE_006780,0.0038,55.32,49.6328,-39.68,9.9e-09,0.25,1.5,0.3471,-9.0372,1.3e-05,0,0,77.044,11.715618,WiFi6_2.4GHz
UE_006781,0.0115,8.93,4.718,-86.07,0.0106502145,0.23,1.5,10.2,0.4986,3.8e-05,0,0,45.0107,1.852885,WiFi6_2.4GHz
UE_006782,0.0099,58.84,55.6325,-36.16,2.6e-09,0.38,1.5,0.4542,6.9163,3.3e-05,0,0,77.4192,11.890183,WiFi6_2.4GHz
UE_006783,0.0069,23.57,19.382,-71.43,0.0005840412,0.58,1.5586,1.889,-15.8135,2.3e-05,0,0,66.0844,5.16316,WiFi6_2.4GHz
UE_006784,0.0016,52.76,46.1668,-42.24,4e-09,0.43,1.5,0.1716,-12.307,5e-06,0,0,74.1898,11.673257,WiFi6_2.4GHz
UE_006785,0.0114,33.48,28.8118,-61.52,4.9458e-06,0.52,1.5,0.393,-8.5974,3.8e-05,0,0,72.5305,10.519105,WiFi6_2.4GHz
UE_006786,0.0063,45.27,38.301,-49.73,9.2e-09,0.59,1.5,0.4196,7.9414,2.1e-05,0,0,77.7454,11.573611,WiFi6_2.4GHz
UE_006787,0.0135,9.51,3.272,-85.49,0.0377169836,0.25,1.5,15.5287,-9.8634,4.5e-05,0,0,43.5721,1.588538,WiFi6_2.4GHz
UE_006788,0.011,35.4,29.0448,-59.6,7.3e-09,0.37,1.5,0.4312,15.5512,3.7e-05,0,0,77.7585,11.675401,WiFi6_2.4GHz
UE_006789,0.0066,28.36,19.8664,-66.64,5.2867e-06,0.25,1.5,0.2834,15.064,2.2e-05,0,0,67.1542,7.7079,WiFi6_2.4GHz
UE_006790,0.0114,44.71,40.7399,-50.29,3e-09,0.16,1.5,0.4377,-5.9915,3.8e-05,0,0,78.9488,11.60846,WiFi6_2.4GHz
UE_006791,0.0068,54.47,47.7093,-40.53,2.2e-09,0.48,1.5,0.1267,7.1023,2.3e-05,0,0,80.0007,12.302173,WiFi6_2.4GHz
UE_006792,0.0041,14.14,7.3003,-80.86,0.0413696929,0.41,1.5,7.32,8.4675,1.4e-05,0,0,52.4265,2.374053,WiFi6_2.4GHz
UE_006793,0.0061,56.83,53.3484,-38.17,1.2e-09,0.34,1.5,0.3463,1.7376,2e-05,0,0,78.647,11.660734,WiFi6_2.4GHz
UE_006794,0.0046,17.24,13.0685,-77.76,0.0001882956,0.48,1.5,0.5425,-4.9136,1.5e-05,0,0,58.3927,3.714455,WiFi6_2.4GHz
UE_006795,0.0046,21.15,15.85,-73.85,0.0003627114,0.4,1.5,1.6666,2.4514,1.5e-05,0,0,58.1561,5.385913,WiFi6_2.4GHz
UE_006796,0.0073,55.88,53.1002,-39.12,8.8e-09,1.68,1.5,0.1519,2.9555,2.4e-05,0,0,80.2668,11.486248,WiFi6_2.4GHz
UE_006797,0.0119,15.58,12.0143,-79.42,0.0008498018,0.35,1.5,0.9817,14.179,4e-05,0,0,57.5828,3.247859,WiFi6_2.4GHz
UE_006798,0.0029,30.63,26.7646,-64.37,5.1152e-06,0.39,1.5,0.2495,-10.5621,1e-05,0,0,72.4846,7.990682,WiFi6_2.4GHz
UE_006799,0.012,14.56,9.38,-80.44,0.0067697185,0.38,1.5,2.8925,1.1365,4e-05,0,0,54.6035,2.346152,WiFi6_2.4GHz
UE_006800,0.0053,34.24,30.0001,-60.76,4.726e-07,0.26,1.5,0.3455,4.0977,1.8e-05,0,0,75.3555,10.883636,WiFi6_2.4GHz
UE_006801,0.0068,46.29,41.937,-48.71,4.8e-09,0.19,1.5,0.164,4.4211,2.3e-05,0,0,76.0518,11.726933,WiFi6_2.4GHz
UE_006802,0.0018,52.34,47.7593,-42.66,8.2e-09,0.32,1.5,0.1063,12.7471,6e-06,0,0,77.128,11.246333,WiFi6_2.4GHz
UE_006803,0.0064,17.72,10.9111,-77.28,0.0006747963,0.93,1.5,1.44,-2.59,2.1e-05,0,0,54.8698,3.64948,WiFi6_2.4GHz
UE_006804,0.0129,23.39,19.2968,-71.61,0.0005435146,0.94,1.5,1.5341,15.1279,4.3e-05,0,0,62.0533,5.206992,WiFi6_2.4GHz
UE_006805,0.0059,55.88,51.0217,-39.12,6e-10,1.19,1.5,0.3831,-0.8753,2e-05,0,0,80.5889,11.755413,WiFi6_2.4GHz
UE_006806,0.0029,49.24,45.2787,-45.76,7.6e-09,0.56,1.5,0.4634,0.513,1e-05,0,0,77.4046,11.850184,WiFi6_2.4GHz
UE_006807,0.0078,19.78,15.7731,-75.22,0.0001774936,0.12,1.5,1.6368,-5.5108,2.6e-05,0,0,62.8963,4.62782,WiFi6_2.4GHz
UE_006808,0.012,12.03,6.2484,-82.97,0.0422007838,0.19,1.5,2.9622,-1.0888,4e-05,0,0,52.4738,2.136512,WiFi6_2.4GHz
UE_006809,0.0039,17.82,11.5408,-77.18,0.0009935931,0.16,1.5,1.0322,13.3636,1.3e-05,0,0,55.3297,3.877433,WiFi6_2.4GHz
UE_006810,0.0106,6.29,-1.5023,-88.71,0.0373119797,0.13,1.5,13.8068,4.3859,3.5e-05,0,0,37.2977,1.087834,WiFi6_2.4GHz
UE_006811,0.0136,51.12,50.2522,-43.88,2.7e-09,0.48,1.5,0.2339,14.805,4.5e-05,0,0,75.9688,11.383288,WiFi6_2.4GHz
UE_006812,0.0113,14.3,11.1394,-80.7,0.0283173258,0.45,1.5,2.1689,-0.5518,3.8e-05,0,0,53.8124,2.438993,WiFi6_2.4GHz
UE_006813,0.0138,21.23,15.506,-73.77,0.0004710194,0.31,1.5,0.9922,-7.9355,4.6e-05,0,0,63.1091,5.270036,WiFi6_2.4GHz
UE_006814,0.0012,22.17,18.318,-72.83,0.0006175385,0.4,1.5,1.929,1.0991,4e-06,0,0,60.9931,5.054098,WiFi6_2.4GHz
UE_006815,0.0102,7.8,1.2484,-87.2,0.0301085471,0.11,1.5,34.1844,4.6236,3.4e-05,0,0,29.7576,1.319038,WiFi6_2.4GHz
UE_006816,0.0065,45.52,42.538,-49.48,3.3e-09,0.15,1.5,0.4342,5.9525,2.2e-05,0,0,80.9461,11.902831,WiFi6_2.4GHz
UE_006817,0.0116,5.68,0.2026,-89.32,0.0186802924,0.17,1.5,13.0359,12.8319,3.9e-05,0,0,40.1052,1.134943,WiFi6_2.4GHz
UE_006818,0.0048,3.04,-2.8097,-91.96,0.1142638185,0.21,1.5,18.3077,-7.5394,1.6e-05,0,0,36.0013,0.453738,WiFi6_2.4GHz
UE_006819,0.0122,42.24,34.2652,-52.76,9.8e-09,1.71,1.6325,0.0586,14.1742,4.1e-05,0,0,80.4519,11.542711,WiFi6_2.4GHz
UE_006820,0.0101,29.4,24.1771,-65.6,2.2859e-06,0.7,1.5,0.4788,13.9535,3.4e-05,0,0,68.4283,7.888883,WiFi6_2.4GHz
UE_006821,0.0059,28.99,21.1094,-66.01,5.7562e-06,0.88,1.5,0.0735,12.9543,2e-05,0,0,66.7548,8.145858,WiFi6_2.4GHz
UE_006822,0.0015,15.94,10.289,-79.06,0.0005125557,0.72,1.5,0.5131,-8.2502,5e-06,0,0,53.9266,3.400733,WiFi6_2.4GHz
UE_006823,0.0047,18.85,15.4105,-76.15,0.0005804125,0.68,1.5,1.3406,-12.1891,1.6e-05,0,0,58.0412,3.542171,WiFi6_2.4GHz
UE_006824,0.0102,36.54,31.4687,-58.46,1.4e-09,0.8,1.5,0.0862,7.2293,3.4e-05,0,0,75.0735,11.72453,WiFi6_2.4GHz
UE_006825,0.0107,37.28,34.088,-57.72,8e-10,1.08,1.5,0.1576,13.0079,3.6e-05,0,0,77.3308,11.757918,WiFi6_2.4GHz
UE_006826,0.0066,49.03,45.8601,-45.97,8e-10,1.2,1.5731,0.4499,-12.3138,2.2e-05,0,0,79.416,11.007263,WiFi6_2.4GHz
UE_006827,0.0072,52.37,48.688,-42.63,5.7e-09,0.8,1.5,0.1504,3.3602,2.4e-05,0,0,79.4502,11.422154,WiFi6_2.4GHz
UE_006828,0.0113,37.13,32.5848,-57.87,9.5e-09,0.7,1.5,0.1559,11.8811,3.8e-05,0,0,73.2002,11.699413,WiFi6_2.4GHz
UE_006829,0.0049,12.13,7.8654,-82.87,0.0447381405,0.93,1.5,2.4365,-7.8752,1.6e-05,0,0,52.4731,2.217727,WiFi6_2.4GHz
UE_006830,0.0016,12.12,6.7728,-82.88,0.021587281,0.69,1.5,4.9162,-10.7404,5e-06,0,0,51.4852,2.469483,WiFi6_2.4GHz
UE_006831,0.0136,43.13,34.8092,-51.87,6.6e-09,0.48,1.5,0.2224,-1.1476,4.5e-05,0,0,79.9923,11.710634,WiFi6_2.4GHz
UE_006832,0.013,22.81,18.2224,-72.19,0.0009573792,0.52,1.5,1.6189,3.7995,4.3e-05,0,0,65.3457,5.111906,WiFi6_2.4GHz
UE_006833,0.0112,64.92,61.0875,-30.08,5.8e-09,0.49,1.5,0.4483,11.1231,3.7e-05,0,0,76.4763,11.805188,WiFi6_2.4GHz
UE_006834,0.0083,7.12,-0.8024,-87.88,0.0441059365,2.76,1.5,23.9845,4.5601,2.8e-05,0,0,32.0436,1.219002,WiFi6_2.4GHz
UE_006835,0.0048,21.17,17.2246,-73.83,0.0001454787,0.0,1.5,1.6306,15.6085,1.6e-05,0,0,61.6489,5.450097,WiFi6_2.4GHz
UE_006836,0.0045,54.88,50.1517,-40.12,2.7e-09,0.0,1.5,0.3884,-11.2535,1.5e-05,0,0,76.7384,11.701809,WiFi6_2.4GHz
UE_006837,0.0123,21.47,13.8178,-73.53,0.0009662305,0.01,1.5,1.0001,13.7371,4.1e-05,0,0,60.4018,5.150255,WiFi6_2.4GHz
UE_006838,0.0056,20.41,16.3444,-74.59,0.0005017994,0.0,1.5,1.7572,-9.763,1.9e-05,0,0,57.3569,4.669469,WiFi6_2.4GHz
UE_006839,0.0124,52.84,47.4448,-42.16,8.3e-09,0.48,1.5,0.354,10.1224,4.1e-05,0,0,78.9174,11.462542,WiFi6_2.4GHz
UE_006840,0.0072,16.12,8.8186,-78.88,0.0004008044,0.98,1.5,0.6176,-10.9345,2.4e-05,0,0,57.3895,3.42062,WiFi6_2.4GHz
UE_006841,0.0113,20.48,12.1426,-74.52,0.0005844501,0.63,1.5,0.64,7.3776,3.8e-05,0,0,58.864,4.402597,WiFi6_2.4GHz
UE_006842,0.0058,12.11,5.0454,-82.89,0.02763256,0.69,1.5,4.2605,-5.1211,1.9e-05,0,0,49.1093,2.221848,WiFi6_2.4GHz
UE_006843,0.0112,10.58,1.8949,-84.42,0.0028642599,0.41,1.5,7.1472,-12.1693,3.7e-05,0,0,47.3563,2.08379,WiFi6_2.4GHz
UE_006844,0.0101,-3.84,-9.0981,-98.84,0.1393205511,0.54,1.5,9.5039,3.7335,3.4e-05,0,0,34.9419,0.286819,WiFi6_2.4GHz
UE_006845,0.009,38.37,30.8027,-56.63,5.6e-09,0.36,1.5,0.2113,12.1923,3e-05,0,0,77.8471,11.364322,WiFi6_2.4GHz
UE_006846,0.0089,32.67,25.8954,-62.33,5.54e-08,0.33,1.5,0.2192,-3.5053,3e-05,0,0,70.7027,10.613549,WiFi6_2.4GHz
UE_006847,0.0077,7.89,0.6646,-87.11,0.0039838566,0.44,1.5,35.7674,-12.3524,2.6e-05,0,0,27.3199,0.9773,WiFi6_2.4GHz
UE_006848,0.005,40.05,36.5258,-54.95,2.8e-09,0.49,1.5,0.4739,-8.7031,1.7e-05,0,0,77.7716,11.80787,WiFi6_2.4GHz
UE_006849,0.0114,7.44,0.3016,-87.56,0.034612002,0.31,1.5,36.4121,-10.447,3.8e-05,0,0,23.9048,1.220428,WiFi6_2.4GHz
UE_006850,0.0056,39.3,36.8018,-55.7,2.4e-09,0.35,1.5,0.3141,-15.2403,1.9e-05,0,0,81.9795,11.655879,WiFi6_2.4GHz
UE_006851,0.0077,5.77,-0.6239,-89.23,0.011383351,0.74,1.5,23.646,-12.5635,2.6e-05,0,0,33.4882,1.15301,WiFi6_2.4GHz
UE_006852,0.0105,14.64,9.0055,-80.36,0.0411595968,0.89,1.5,7.7257,2.6298,3.5e-05,0,0,53.1877,2.533125,WiFi6_2.4GHz
UE_006853,0.0111,12.45,7.6334,-82.55,0.0203917417,1.05,1.5,3.7314,-1.4422,3.7e-05,0,0,54.6797,2.430661,WiFi6_2.4GHz
UE_006854,0.0101,14.65,8.8077,-80.35,0.0273146358,0.83,1.5,3.7599,15.0239,3.4e-05,0,0,55.3897,2.560041,WiFi6_2.4GHz
UE_006855,0.0089,8.74,2.7135,-86.26,0.0095928128,1.69,1.5,31.9583,-5.641,3e-05,0,0,32.1958,1.930191,WiFi6_2.4GHz
UE_006856,0.011,16.85,13.2442,-78.15,0.000246811,1.49,1.5,1.0669,-6.4337,3.7e-05,0,0,58.3305,3.589982,WiFi6_2.4GHz
UE_006857,0.0054,71.54,63.4498,-23.46,9.1e-09,0.21,1.5,0.2229,-2.4085,1.8e-05,0,0,77.3769,11.754715,WiFi6_2.4GHz
UE_006858,0.0129,64.72,58.5797,-30.28,3.8e-09,0.17,1.5,0.2194,3.9672,4.3e-05,0,0,72.1423,11.712121,WiFi6_2.4GHz
UE_006859,0.0024,33.59,30.9708,-61.41,5.0174e-06,1.4,1.5,0.1034,2.9645,8e-06,0,0,76.3326,10.197945,WiFi6_2.4GHz
UE_006860,0.0076,2.62,-2.1646,-92.38,0.133799653,1.11,1.5,31.9436,-6.7812,2.5e-05,0,0,25.1834,0.685069,WiFi6_2.4GHz
UE_006861,0.0059,24.09,21.4928,-70.91,0.0007071813,1.26,1.5,1.8943,-0.7587,2e-05,0,0,61.9746,5.005817,WiFi6_2.4GHz
UE_006862,0.0092,53.71,50.234,-41.29,1.3e-09,1.13,1.5,0.2038,0.4712,3.1e-05,0,0,73.5127,11.441577,WiFi6_2.4GHz
UE_006863,0.0029,18.62,8.3503,-76.38,0.0004895299,0.38,1.5,1.0748,-11.0744,1e-05,0,0,64.2595,2.941512,WiFi6_2.4GHz
UE_006864,0.0042,2.53,-3.2899,-92.47,0.0922066603,0.53,1.5,25.4423,11.6484,1.4e-05,0,0,30.4291,0.919177,WiFi6_2.4GHz
UE_006865,0.0106,27.95,22.4036,-67.05,4.0896e-06,0.56,1.5,0.2273,-11.2001,3.5e-05,0,0,68.9509,7.36184,WiFi6_2.4GHz
UE_006866,0.0069,9.17,4.2251,-85.83,0.0332116632,0.39,1.5,35.9223,12.531,2.3e-05,0,0,29.6381,1.56565,WiFi6_2.4GHz
UE_006867,0.0107,50.76,45.267,-44.24,2.5e-09,0.15,1.5,0.3618,13.7038,3.6e-05,0,0,79.3657,11.584692,WiFi6_2.4GHz
UE_006868,0.0012,5.51,1.2283,-89.49,0.0309134771,0.09,1.6891,37.8106,14.9095,4e-06,0,0,23.5418,1.065583,WiFi6_2.4GHz
UE_006869,0.0051,14.49,11.4964,-80.51,0.0457444181,0.21,1.5,4.1636,11.0275,1.7e-05,0,0,49.1528,2.860342,WiFi6_2.4GHz
UE_006870,0.0091,70.0,63.1619,-25.0,7.2e-09,0.16,1.5,0.3287,-10.0761,3e-05,0,0,82.9236,11.512946,WiFi6_2.4GHz
UE_006871,0.0139,31.28,24.8718,-63.72,7.1905e-06,0.01,1.5,0.4862,-7.0838,4.6e-05,0,0,67.2317,8.005577,WiFi6_2.4GHz
UE_006872,0.0135,10.56,4.5388,-84.44,0.0222595592,0.01,1.5,2.6282,6.7416,4.5e-05,0,0,51.4173,1.455876,WiFi6_2.4GHz
UE_006873,0.0024,17.09,11.7324,-77.91,9.20349e-05,0.01,1.5,1.6108,5.2703,8e-06,0,0,58.981,3.539252,WiFi6_2.4GHz
UE_006874,0.0047,35.5,28.3477,-59.5,2.8e-09,0.02,1.5,0.264,-7.3833,1.6e-05,0,0,72.4601,11.588246,WiFi6_2.4GHz
UE_006875,0.0029,12.82,7.1686,-82.18,0.0352020633,0.96,1.5,7.9263,11.1878,1e-05,0,0,46.902,2.509151,WiFi6_2.4GHz
UE_006876,0.0027,29.4,24.0449,-65.6,4.2183e-06,0.8,1.5,0.0535,11.6065,9e-06,0,0,67.0165,7.74236,WiFi6_2.4GHz
UE_006877,0.0115,27.75,21.4897,-67.25,7.649e-07,0.66,1.5,0.0319,-2.1816,3.8e-05,0,0,67.1564,6.819416,WiFi6_2.4GHz
UE_006878,0.0026,29.8,25.8223,-65.2,1.0975e-06,0.91,1.5,0.3613,-11.7018,9e-06,0,0,70.3879,7.780455,WiFi6_2.4GHz
UE_006879,0.0038,41.49,36.9678,-53.51,1e-09,0.0,1.5,0.3793,-4.068,1.3e-05,0,0,79.1304,11.533686,WiFi6_2.4GHz
UE_006880,0.0131,32.55,25.3049,-62.45,1.4108e-06,2.63,1.5,0.0283,-15.4122,4.4e-05,0,0,72.1173,10.183462,WiFi6_2.4GHz
UE_006881,0.0099,12.3,6.9199,-82.7,0.0174404179,0.01,1.5,2.0248,14.0507,3.3e-05,0,0,54.0077,2.350935,WiFi6_2.4GHz
UE_006882,0.0077,11.51,6.5823,-83.49,0.0425388044,0.01,1.5,5.9656,-9.268,2.6e-05,0,0,50.3336,2.587151,WiFi6_2.4GHz
UE_006883,0.0033,31.92,27.4873,-63.08,6.1587e-06,0.95,1.5,0.0054,-15.6163,1.1e-05,0,0,71.6191,7.840426,WiFi6_2.4GHz
UE_006884,0.0113,7.1,-0.6802,-87.9,0.0037022572,0.85,1.5,11.8748,-1.9824,3.8e-05,0,0,44.0339,0.95008,WiFi6_2.4GHz
UE_006885,0.0098,5.79,-2.9112,-89.21,0.0124781747,1.09,1.5,23.6385,9.2861,3.3e-05,0,0,35.1411,1.276243,WiFi6_2.4GHz
UE_006886,0.0113,24.05,17.7613,-70.95,0.0004017649,1.29,1.5032,0.6112,10.2278,3.8e-05,0,0,63.3051,5.4512,WiFi6_2.4GHz
UE_006887,0.0015,20.45,18.0426,-74.55,0.0003653395,0.09,1.5,1.4997,5.1106,5e-06,0,0,58.7694,4.79745,WiFi6_2.4GHz
UE_006888,0.0079,3.46,-2.5758,-91.54,0.1329473387,0.09,1.5,28.8475,14.5707,2.6e-05,0,0,26.4922,0.527753,WiFi6_2.4GHz
UE_006889,0.0065,37.76,35.1433,-57.24,9.8e-09,0.11,1.5,0.3652,14.632,2.2e-05,0,0,78.5249,11.75492,WiFi6_2.4GHz
UE_006890,0.0011,46.6,41.9706,-48.4,6.8e-09,0.1,1.5,0.2826,-11.256,4e-06,0,0,78.8803,11.698213,WiFi6_2.4GHz
UE_006891,0.0054,41.46,37.4883,-53.54,6.1e-09,0.17,1.5,0.2815,-15.1432,1.8e-05,0,0,78.5782,11.566291,WiFi6_2.4GHz
UE_006892,0.0044,63.53,60.1003,-31.47,0.0,0.14,1.5,0.1071,-8.1963,1.5e-05,0,0,76.6862,12.09374,WiFi6_2.4GHz
UE_006893,0.0081,20.93,15.015,-74.07,0.000739659,0.17,1.5,1.2408,-8.7699,2.7e-05,0,0,57.3543,4.830721,WiFi6_2.4GHz
UE_006894,0.0073,12.24,7.4442,-82.76,0.0305859184,0.13,1.5,6.6451,1.6109,2.4e-05,0,0,48.1861,1.82491,WiFi6_2.4GHz
UE_006895,0.0093,32.29,27.1216,-62.71,2.9562e-06,0.98,1.5,0.1859,7.2983,3.1e-05,0,0,69.4723,10.359812,WiFi6_2.4GHz
UE_006896,0.0134,50.39,42.7777,-44.61,6.4e-09,1.34,1.5,0.3322,7.4361,4.5e-05,0,0,80.7059,11.960185,WiFi6_2.4GHz
UE_006897,0.0129,28.97,20.6571,-66.03,6.8286e-06,1.19,1.5,0.4096,4.6638,4.3e-05,0,0,71.1006,7.592085,WiFi6_2.4GHz
UE_006898,0.0136,13.33,7.2138,-81.67,0.0488464681,1.04,1.5,5.1823,-11.4617,4.5e-05,0,0,53.4779,2.465821,WiFi6_2.4GHz
UE_006899,0.013,-1.92,-6.5826,-96.92,0.0725744743,0.08,1.5,20.3519,8.796,4.3e-05,0,0,30.1535,0.323208,WiFi6_2.4GHz
UE_006900,0.0124,45.76,40.2172,-49.24,3.9e-09,0.07,1.5735,0.0531,-13.2706,4.1e-05,0,0,76.4501,11.760747,WiFi6_2.4GHz
UE_006901,0.0044,32.06,24.8922,-62.94,1.7822e-06,0.12,1.5,0.1558,7.9992,1.5e-05,0,0,72.8926,10.219338,WiFi6_2.4GHz
UE_006902,0.0111,27.43,21.539,-67.57,1.2974e-06,0.08,1.5,0.1829,-8.7019,3.7e-05,0,0,64.8366,6.736247,WiFi6_2.4GHz
UE_006903,0.0036,40.12,34.3102,-54.88,8e-10,0.94,1.5,0.4998,-0.4447,1.2e-05,0,0,76.8404,11.806368,WiFi6_2.4GHz
UE_006904,0.0115,-0.69,-6.1768,-95.69,0.1169185746,0.87,1.5,33.4579,0.8136,3.8e-05,0,0,23.1615,0.526861,WiFi6_2.4GHz
UE_006905,0.0117,15.59,11.4466,-79.41,0.0009314025,0.92,1.5,0.9394,-13.7267,3.9e-05,0,0,57.9061,3.573064,WiFi6_2.4GHz
UE_006906,0.0126,-0.12,-6.1319,-95.12,0.1273557609,1.07,1.5,33.1399,-4.6648,4.2e-05,0,0,21.4282,0.730495,WiFi6_2.4GHz
UE_006907,0.0065,15.77,12.8708,-79.23,0.0003855655,0.26,1.5,1.9123,3.6778,2.2e-05,0,0,58.7265,3.567743,WiFi6_2.4GHz
UE_006908,0.0047,58.14,54.6153,-36.86,7e-09,0.19,1.5,0.3857,12.573,1.6e-05,0,0,77.1194,11.55538,WiFi6_2.4GHz
UE_006909,0.0108,41.13,38.0236,-53.87,1.8e-09,0.23,1.5,0.3166,-15.8868,3.6e-05,0,0,78.5022,11.835031,WiFi6_2.4GHz
UE_006910,0.0027,36.92,31.1724,-58.08,6.2e-09,0.2,1.5,0.0284,11.7506,9e-06,0,0,73.9053,11.698999,WiFi6_2.4GHz
UE_006911,0.0013,21.67,16.7817,-73.33,0.0005840586,0.55,1.5,1.7836,-10.2932,4e-06,0,0,58.2224,4.973459,WiFi6_2.4GHz
UE_006912,0.0031,40.45,33.2487,-54.55,5.7e-09,0.61,1.5,0.0353,1.7387,1e-05,0,0,76.7763,11.482547,WiFi6_2.4GHz
UE_006913,0.0043,62.24,56.4108,-32.76,3.8e-09,0.73,1.5,0.4295,11.9518,1.4e-05,0,0,77.9336,11.686512,WiFi6_2.4GHz
UE_006914,0.0053,57.26,55.4414,-37.74,1.7e-09,0.66,1.5,0.2896,-8.5236,1.8e-05,0,0,79.1555,11.688106,WiFi6_2.4GHz
UE_006915,0.0041,39.77,36.1705,-55.23,3.6e-09,0.58,1.5,0.3979,-2.6527,1.4e-05,0,0,74.7677,11.881421,WiFi6_2.4GHz
UE_006916,0.0125,52.23,46.7264,-42.77,1.8e-09,0.55,1.5,0.1501,6.0924,4.2e-05,0,0,77.6365,11.401851,WiFi6_2.4GHz
UE_006917,0.0107,29.86,22.452,-65.14,7.4726e-06,0.4,1.5,0.4634,8.5776,3.6e-05,0,0,72.669,7.69595,WiFi6_2.4GHz
UE_006918,0.0058,48.78,43.5775,-46.22,2.8e-09,0.34,1.5,0.1523,12.7397,1.9e-05,0,0,76.6151,11.629238,WiFi6_2.4GHz
UE_006919,0.0078,17.7,13.6831,-77.3,0.0004719795,0.8,1.5,1.5577,5.374,2.6e-05,0,0,53.8706,3.443436,WiFi6_2.4GHz
UE_006920,0.0106,72.38,68.0638,-22.62,9.6e-09,0.96,1.5,0.2945,15.9509,3.5e-05,0,0,80.7512,12.129066,WiFi6_2.4GHz
UE_006921,0.0086,18.99,14.4126,-76.01,0.0009340056,0.8,1.5,1.3737,-13.5342,2.9e-05,0,0,54.8755,3.615416,WiFi6_2.4GHz
UE_006922,0.0133,15.93,11.7303,-79.07,0.0004833674,0.85,1.5,1.2425,11.9528,4.4e-05,0,0,58.5028,3.515301,WiFi6_2.4GHz
UE_006923,0.0058,39.91,35.0965,-55.09,8.3e-09,0.12,1.5,0.0908,-14.5409,1.9e-05,0,0,81.0845,11.75332,WiFi6_2.4GHz
UE_006924,0.0077,47.1,38.9059,-47.9,3.6e-09,0.09,1.5,0.2038,-7.0569,2.6e-05,0,0,78.6098,11.667051,WiFi6_2.4GHz
UE_006925,0.0084,13.08,6.1935,-81.92,0.0375227586,0.1,1.5,3.1429,13.9656,2.8e-05,0,0,51.6092,2.085657,WiFi6_2.4GHz
UE_006926,0.0099,16.89,12.9677,-78.11,0.0009942659,0.13,1.5,1.2707,1.4372,3.3e-05,0,0,57.7169,3.434456,WiFi6_2.4GHz
UE_006927,0.0031,22.99,16.6202,-72.01,0.0004540787,0.3,1.5,1.1727,1.7235,1e-05,0,0,64.0872,5.29796,WiFi6_2.4GHz
UE_006928,0.0118,7.73,2.5116,-87.27,0.0486817179,0.26,1.5,36.3296,6.0985,3.9e-05,0,0,26.8114,1.224722,WiFi6_2.4GHz
UE_006929,0.01,38.54,32.3921,-56.46,7.5e-09,0.24,1.7065,0.1189,11.581,3.3e-05,0,0,78.9925,11.855644,WiFi6_2.4GHz
UE_006930,0.0126,39.66,33.9853,-55.34,2.1e-09,0.24,1.5,0.2299,-3.7919,4.2e-05,0,0,76.8716,11.497373,WiFi6_2.4GHz
UE_006931,0.0025,42.39,38.4223,-52.61,4.8e-09,0.59,1.5,0.4525,-1.5776,8e-06,0,0,77.3865,11.551033,WiFi6_2.4GHz
UE_006932,0.0071,20.96,13.7302,-74.04,0.0002997282,0.5,1.5,1.5959,-8.9418,2.4e-05,0,0,60.6772,4.74332,WiFi6_2.4GHz
UE_006933,0.0022,16.78,11.1576,-78.22,0.0001280412,0.45,1.5,1.0787,-6.0552,7e-06,0,0,60.8345,3.380974,WiFi6_2.4GHz
UE_006934,0.0135,50.99,47.2325,-44.01,4.4e-09,0.36,1.5,0.3005,2.4293,4.5e-05,0,0,77.801,11.576189,WiFi6_2.4GHz
UE_006935,0.0123,19.92,16.2084,-75.08,0.0007730335,0.87,1.5371,1.9296,11.6267,4.1e-05,0,0,62.4651,4.502521,WiFi6_2.4GHz
UE_006936,0.0112,10.23,7.1222,-84.77,0.0435202811,0.91,1.5,2.5393,7.0195,3.7e-05,0,0,48.942,1.973239,WiFi6_2.4GHz
UE_006937,0.0064,13.64,8.9412,-81.36,0.0309538505,0.8,1.5,5.2888,4.1571,2.1e-05,0,0,48.6541,2.172039,WiFi6_2.4GHz
UE_006938,0.0125,35.8,30.3458,-59.2,1e-10,1.13,1.5,0.2903,0.4371,4.2e-05,0,0,76.4621,11.921128,WiFi6_2.4GHz
UE_006939,0.0019,47.36,40.1698,-47.64,7e-10,0.6,1.5,0.246,-2.5224,6e-06,0,0,78.8891,11.603765,WiFi6_2.4GHz
UE_006940,0.0131,24.88,16.9229,-70.12,0.000286178,0.61,1.5,0.6621,-1.1195,4.4e-05,0,0,66.7188,5.274462,WiFi6_2.4GHz
UE_006941,0.0102,13.86,5.9139,-81.14,0.0314422189,0.62,1.5263,2.5162,7.7036,3.4e-05,0,0,52.8819,1.9739,WiFi6_2.4GHz
UE_006942,0.0116,50.08,41.8767,-44.92,9.4e-09,0.59,1.5,0.4772,7.0021,3.9e-05,0,0,80.94,11.714237,WiFi6_2.4GHz
UE_006943,0.0101,31.26,25.6419,-63.74,8.4237e-06,0.72,1.5,0.1261,0.2601,3.4e-05,0,0,73.4419,7.481636,WiFi6_2.4GHz
UE_006944,0.0114,60.33,54.4943,-34.67,8.7e-09,0.57,1.5,0.0324,3.1613,3.8e-05,0,0,79.7856,11.861609,WiFi6_2.4GHz
UE_006945,0.0095,43.02,38.862,-51.98,8.8e-09,0.62,1.5,0.2998,8.4293,3.2e-05,0,0,77.588,11.788153,WiFi6_2.4GHz
UE_006946,0.0139,31.44,25.0248,-63.56,3.8948e-06,1.79,1.5777,0.1812,10.5401,4.6e-05,0,0,72.1063,7.936649,WiFi6_2.4GHz
UE_006947,0.0085,68.63,65.5234,-26.37,7.9e-09,0.57,1.5,0.194,-13.5891,2.8e-05,0,0,79.6983,11.548685,WiFi6_2.4GHz
UE_006948,0.0064,27.75,23.1598,-67.25,6.403e-06,0.58,1.5,0.358,3.9902,2.1e-05,0,0,64.1368,7.057155,WiFi6_2.4GHz
UE_006949,0.0015,48.58,44.4653,-46.42,8.2e-09,0.66,1.5,0.355,-14.0815,5e-06,0,0,75.1943,11.863115,WiFi6_2.4GHz
UE_006950,0.003,46.98,41.459,-48.02,7.1e-09,0.64,1.5,0.2397,6.9098,1e-05,0,0,76.2007,11.940111,WiFi6_2.4GHz
UE_006951,0.0079,18.71,15.6537,-76.29,9.2676e-05,0.97,1.5,1.8153,-8.1211,2.6e-05,0,0,58.8387,3.653068,WiFi6_2.4GHz
UE_006952,0.0123,55.19,52.7099,-39.81,2.7e-09,1.35,1.5,0.4394,3.5477,4.1e-05,0,0,77.1993,11.75346,WiFi6_2.4GHz
UE_006953,0.0128,32.29,27.8712,-62.71,9.7007e-06,0.9,1.5,0.48,14.8993,4.3e-05,0,0,69.8806,10.668346,WiFi6_2.4GHz
UE_006954,0.0022,36.26,30.9574,-58.74,3.2e-09,0.95,1.5,0.4729,-6.3015,7e-06,0,0,74.2762,11.710433,WiFi6_2.4GHz
UE_006955,0.0091,17.26,11.7863,-77.74,0.0004805822,0.26,1.5,0.9923,8.6422,3e-05,0,0,61.5476,3.343156,WiFi6_2.4GHz
UE_006956,0.0031,4.66,-0.6844,-90.34,0.1476316957,0.37,1.5,9.8889,-10.3971,1e-05,0,0,41.723,0.863233,WiFi6_2.4GHz
UE_006957,0.0056,72.02,65.5751,-22.98,4.3e-09,0.4,1.5,0.1305,-14.3768,1.9e-05,0,0,78.3516,12.139845,WiFi6_2.4GHz
UE_006958,0.0137,26.58,21.2047,-68.42,9.5567e-06,0.23,1.5,0.3697,-1.8894,4.6e-05,0,0,65.625,7.091656,WiFi6_2.4GHz
UE_006959,0.0049,50.54,44.1016,-44.46,8.5e-09,0.17,1.5,0.4767,5.7471,1.6e-05,0,0,78.5846,11.381541,WiFi6_2.4GHz
UE_006960,0.0073,35.56,29.3098,-59.44,1e-10,0.11,1.5,0.4245,-4.797,2.4e-05,0,0,78.1113,11.803196,WiFi6_2.4GHz
UE_006961,0.0033,54.06,51.3994,-40.94,5.5e-09,0.22,1.5,0.4944,-4.4709,1.1e-05,0,0,75.6411,11.841934,WiFi6_2.4GHz
UE_006962,0.0123,55.57,49.6435,-39.43,1.8e-09,2.12,1.5,0.1235,0.8783,4.1e-05,0,0,80.077,11.84724,WiFi6_2.4GHz
UE_006963,0.0097,48.61,40.8452,-46.39,8.6e-09,1.02,1.5,0.3725,-10.3827,3.2e-05,0,0,77.7629,11.199687,WiFi6_2.4GHz
UE_006964,0.0052,57.33,53.8355,-37.67,1.1e-09,0.65,1.5,0.1195,-9.6073,1.7e-05,0,0,80.258,11.348525,WiFi6_2.4GHz
UE_006965,0.012,41.97,38.4254,-53.03,6.3e-09,0.98,1.5,0.3803,5.5547,4e-05,0,0,77.658,11.677893,WiFi6_2.4GHz
UE_006966,0.0119,21.52,16.7589,-73.48,0.0004039424,0.53,1.5,0.8064,4.5091,4e-05,0,0,60.7533,5.09766,WiFi6_2.4GHz
UE_006967,0.0069,70.32,66.852,-24.68,1e-09,1.12,1.5,0.0212,15.1384,2.3e-05,0,0,76.1525,11.915661,WiFi6_2.4GHz
UE_006968,0.0138,9.42,3.5089,-85.58,0.0243745889,0.81,1.5,32.8355,3.1764,4.6e-05,0,0,30.5518,1.727031,WiFi6_2.4GHz
UE_006969,0.0041,22.63,16.1445,-72.37,0.0002102858,1.03,1.5,1.7188,10.8166,1.4e-05,0,0,65.5745,5.095167,WiFi6_2.4GHz
UE_006970,0.0122,-2.57,-8.5192,-97.57,0.1271160044,0.91,1.5,29.9817,-4.7144,4.1e-05,0,0,27.9969,0.480821,WiFi6_2.4GHz
UE_006971,0.003,14.62,8.2815,-80.38,0.005738455,0.12,1.5,4.5269,9.4188,1e-05,0,0,50.6112,2.555614,WiFi6_2.4GHz
UE_006972,0.0067,30.89,25.3106,-64.11,3.0623e-06,0.12,1.5,0.3891,-11.1278,2.2e-05,0,0,69.3823,7.367074,WiFi6_2.4GHz
UE_006973,0.0138,57.04,49.0255,-37.96,2.4e-09,0.18,1.5089,0.2708,14.6137,4.6e-05,0,0,78.033,11.920087,WiFi6_2.4GHz
UE_006974,0.0123,23.75,16.6299,-71.25,0.0009384756,0.12,1.5,1.6225,-11.7958,4.1e-05,0,0,63.6086,5.458106,WiFi6_2.4GHz
UE_006975,0.0082,19.78,13.5977,-75.22,0.000975478,0.07,1.5,0.6473,2.3568,2.7e-05,0,0,58.57,4.843129,WiFi6_2.4GHz
UE_006976,0.0112,24.8,19.418,-70.2,0.0001571313,0.06,1.5,0.8241,-15.1635,3.7e-05,0,0,64.3429,4.838234,WiFi6_2.4GHz
UE_006977,0.0084,27.69,19.2353,-67.31,8.487e-06,0.09,1.5,0.1249,-14.3822,2.8e-05,0,0,69.9461,6.886896,WiFi6_2.4GHz
UE_006978,0.0119,15.42,10.7971,-79.58,0.0004720818,4.51,1.5,1.207,-11.0315,4e-05,0,0,56.547,3.79743,WiFi6_2.4GHz
UE_006979,0.0119,-1.44,-5.6087,-96.44,0.0637075939,0.23,1.5,20.4719,6.9305,4e-05,0,0,30.2501,0.433208,WiFi6_2.4GHz
UE_006980,0.0017,13.94,6.7187,-81.06,0.0421974995,0.25,1.5,3.9124,-15.7486,6e-06,0,0,55.2725,2.332877,WiFi6_2.4GHz
UE_006981,0.011,3.91,-0.6762,-91.09,0.055231653,0.3,1.5,24.4731,7.1853,3.7e-05,0,0,28.1981,0.429573,WiFi6_2.4GHz
UE_006982,0.0012,50.33,44.7377,-44.67,5.3e-09,0.26,1.5,0.4387,-13.1341,4e-06,0,0,76.883,11.50789,WiFi6_2.4GHz
UE_006983,0.0068,36.12,29.5527,-58.88,4.4e-09,0.29,2.0082,0.3925,-10.6919,2.3e-05,0,0,80.3519,11.509002,WiFi6_2.4GHz
UE_006984,0.0116,59.42,51.75,-35.58,3.7e-09,0.3,1.5,0.125,-1.8668,3.9e-05,0,0,78.6822,11.966424,WiFi6_2.4GHz
UE_006985,0.0059,20.28,11.7191,-74.72,0.0006790141,0.22,1.5,1.387,-3.7274,2e-05,0,0,58.9408,4.829756,WiFi6_2.4GHz
UE_006986,0.0107,45.66,36.8196,-49.34,2.9e-09,0.36,1.5,0.2721,6.1712,3.6e-05,0,0,78.3398,11.504791,WiFi6_2.4GHz
UE_006987,0.0026,9.73,3.3946,-85.27,0.0485846177,0.19,1.5,25.616,-1.3872,9e-06,0,0,31.207,1.970486,WiFi6_2.4GHz
UE_006988,0.0086,61.11,55.844,-33.89,7e-09,0.1,1.5488,0.0261,-13.9741,2.9e-05,0,0,79.2996,11.601221,WiFi6_2.4GHz
UE_006989,0.0021,35.61,28.4927,-59.39,5.9e-09,0.11,1.5,0.0004,1.336,7e-06,0,0,72.9152,11.45237,WiFi6_2.4GHz
UE_006990,0.0054,61.79,52.6337,-33.21,2.4e-09,0.16,1.5,0.4312,-9.1342,1.8e-05,0,0,77.8934,11.731665,WiFi6_2.4GHz
UE_006991,0.0054,35.5,32.4171,-59.5,5.3e-09,0.73,1.5,0.3024,7.0373,1.8e-05,0,0,77.6902,11.562884,WiFi6_2.4GHz
UE_006992,0.0066,18.76,11.8722,-76.24,0.0004909881,0.95,1.5,1.7151,15.0106,2.2e-05,0,0,60.1153,3.146887,WiFi6_2.4GHz
UE_006993,0.0058,39.57,35.7453,-55.43,8e-09,1.13,1.5,0.4756,8.1121,1.9e-05,0,0,75.9934,12.057029,WiFi6_2.4GHz
UE_006994,0.0053,28.14,19.662,-66.86,1.0287e-06,1.34,1.5,0.2969,-15.5372,1.8e-05,0,0,66.7112,7.159374,WiFi6_2.4GHz
UE_006995,0.0052,32.87,27.3812,-62.13,7.615e-06,0.65,1.5,0.2738,15.1821,1.7e-05,0,0,72.9659,10.276032,WiFi6_2.4GHz
UE_006996,0.0138,25.53,20.4764,-69.47,9.132e-06,0.76,1.5,0.1584,12.8509,4.6e-05,0,0,69.0852,6.983786,WiFi6_2.4GHz
UE_006997,0.0116,22.54,19.1815,-72.46,2.71879e-05,0.66,1.5,0.5232,5.3742,3.9e-05,0,0,63.7083,5.547326,WiFi6_2.4GHz
UE_006998,0.013,30.72,28.3135,-64.28,4.6635e-06,0.66,1.5,0.3705,-13.4369,4.3e-05,0,0,72.6145,7.783559,WiFi6_2.4GHz
UE_006999,0.0118,42.32,37.4426,-52.68,8.8e-09,0.91,1.5,0.2887,8.4328,3.9e-05,0,0,71.3896,11.737146,WiFi6_2.4GHz
UE_007000,0.0035,28.94,24.4286,-66.06,7.1813e-06,1.07,1.5,0.4852,-7.9028,1.2e-05,0,0,69.1624,7.810864,WiFi6_2.4GHz
UE_007001,0.0137,36.8,30.0939,-58.2,4.9e-09,0.58,1.5,0.208,-6.5474,4.6e-05,0,0,75.1479,11.539004,WiFi6_2.4GHz
UE_007002,0.0015,8.29,-0.1786,-86.71,0.0085489961,1.12,1.5,18.9162,10.524,5e-06,0,0,37.5261,1.894689,WiFi6_2.4GHz
UE_007003,0.0098,16.41,9.3599,-78.59,0.0009083703,0.88,1.5,1.4412,-1.8395,3.3e-05,0,0,55.6671,3.392171,WiFi6_2.4GHz
UE_007004,0.0035,15.01,8.5246,-79.99,0.0008226961,1.29,1.5,1.0021,6.0542,1.2e-05,0,0,48.4732,3.428161,WiFi6_2.4GHz
UE_007005,0.0111,21.31,15.4058,-73.69,0.0001598166,0.73,1.5,1.5693,-14.7497,3.7e-05,0,0,58.8209,5.180703,WiFi6_2.4GHz
UE_007006,0.0019,9.94,4.8716,-85.06,0.0438294599,0.93,1.5,37.5977,14.7006,6e-06,0,0,31.5144,1.360376,WiFi6_2.4GHz
UE_007007,0.0038,5.29,-2.7561,-89.71,0.0303787489,0.33,1.5,23.8704,12.9483,1.3e-05,0,0,33.2084,0.899156,WiFi6_2.4GHz
UE_007008,0.0023,10.58,4.9336,-84.42,0.0013519721,0.35,1.5,6.4095,8.2284,8e-06,0,0,51.2019,2.454666,WiFi6_2.4GHz
UE_007009,0.0044,63.92,58.1506,-31.08,3.1e-09,0.54,1.5,0.3301,-0.1092,1.5e-05,0,0,80.0907,11.337791,WiFi6_2.4GHz
UE_007010,0.0125,14.54,7.0064,-80.46,0.0459760819,0.53,1.5,7.8604,-5.9284,4.2e-05,0,0,50.3245,2.270853,WiFi6_2.4GHz
UE_007011,0.0102,10.6,2.1386,-84.4,0.039557611,0.05,1.5,2.7033,6.0399,3.4e-05,0,0,49.7031,1.833676,WiFi6_2.4GHz
UE_007012,0.0038,11.95,5.2171,-83.05,0.0387943151,0.03,1.5,6.3935,-4.1051,1.3e-05,0,0,49.6489,2.13546,WiFi6_2.4GHz
UE_007013,0.0051,14.8,9.1018,-80.2,0.0337671183,0.04,1.5,3.5679,9.9669,1.7e-05,0,0,55.6403,2.552067,WiFi6_2.4GHz
UE_007014,0.0058,7.07,-1.7844,-87.93,0.0457687761,0.04,1.5257,20.2783,5.8731,1.9e-05,0,0,39.8243,1.277637,WiFi6_2.4GHz
UE_007015,0.0016,19.19,9.7052,-75.81,0.0005848714,0.42,1.5,1.9806,-10.1873,5e-06,0,0,60.0164,4.661691,WiFi6_2.4GHz
UE_007016,0.0041,27.36,24.0101,-67.64,6.6438e-06,2.76,1.5,0.1695,8.9905,1.4e-05,0,0,67.1907,7.031999,WiFi6_2.4GHz
UE_007017,0.0127,15.1,7.8978,-79.9,0.0001167307,0.61,1.5,1.1728,11.2637,4.2e-05,0,0,53.2789,3.566318,WiFi6_2.4GHz
UE_007018,0.0017,32.93,24.7818,-62.07,8.5245e-06,0.32,1.5232,0.3305,15.8909,6e-06,0,0,70.7627,10.338412,WiFi6_2.4GHz
UE_007019,0.0067,32.7,26.7656,-62.3,5.1732e-06,0.76,1.5,0.3589,-12.339,2.2e-05,0,0,69.9826,10.724668,WiFi6_2.4GHz
UE_007020,0.0099,24.03,19.8874,-70.97,0.0007304621,0.58,1.5,1.7193,-12.8866,3.3e-05,0,0,65.6386,5.476019,WiFi6_2.4GHz
UE_007021,0.0134,21.89,14.3973,-73.11,0.0006084587,0.73,1.5,1.1877,-3.7022,4.5e-05,0,0,61.7313,5.098459,WiFi6_2.4GHz
UE_007022,0.0078,34.13,28.4095,-60.87,3.2998e-06,0.8,1.5,0.4509,-2.8733,2.6e-05,0,0,72.087,10.306605,WiFi6_2.4GHz
UE_007023,0.0138,8.52,4.5383,-86.48,0.014216233,1.09,1.5,14.0632,11.3623,4.6e-05,0,0,41.2411,1.579034,WiFi6_2.4GHz
UE_007024,0.0062,30.74,27.4352,-64.26,6.007e-07,1.01,1.5,0.053,13.5516,2.1e-05,0,0,65.528,7.699515,WiFi6_2.4GHz
UE_007025,0.0076,42.32,34.2141,-52.68,4.2e-09,0.98,1.5,0.1064,4.3805,2.5e-05,0,0,78.1873,11.417359,WiFi6_2.4GHz
UE_007026,0.0089,36.28,31.7519,-58.72,1e-10,0.98,1.5,0.4161,-6.9658,3e-05,0,0,72.2345,11.840702,WiFi6_2.4GHz
UE_007027,0.0069,42.53,36.2996,-52.47,3.4e-09,0.31,1.5,0.0127,9.1358,2.3e-05,0,0,80.2054,11.619239,WiFi6_2.4GHz
UE_007028,0.0104,19.01,12.4286,-75.99,0.0001239057,0.44,1.5,1.0794,14.527,3.5e-05,0,0,60.8328,4.644544,WiFi6_2.4GHz
UE_007029,0.0027,13.72,5.6634,-81.28,0.0322730725,2.65,1.5,2.9632,-13.451,9e-06,0,0,53.5871,2.545833,WiFi6_2.4GHz
UE_007030,0.0133,31.3,23.4324,-63.7,1.5537e-06,0.49,1.5,0.1459,9.3585,4.4e-05,0,0,67.8735,7.715846,WiFi6_2.4GHz
UE_007031,0.0091,11.21,6.0812,-83.79,0.0173234625,0.02,1.5,4.7725,9.7324,3e-05,0,0,49.3288,2.483702,WiFi6_2.4GHz
UE_007032,0.0013,2.06,-3.4017,-92.94,0.0655060763,0.02,1.5,33.9253,-15.1658,4e-06,0,0,22.2677,0.495553,WiFi6_2.4GHz
UE_007033,0.0052,12.49,7.8707,-82.51,0.0045348125,0.04,1.5817,4.8689,-5.5337,1.7e-05,0,0,51.8124,2.234906,WiFi6_2.4GHz
UE_007034,0.0076,35.49,26.7718,-59.51,1.1e-09,5.02,1.5,0.435,-8.24,2.5e-05,0,0,74.3161,11.860469,WiFi6_2.4GHz
UE_007035,0.009,61.67,54.7037,-33.33,1.3e-09,0.11,1.5,0.034,-11.6565,3e-05,0,0,77.7105,11.925237,WiFi6_2.4GHz
UE_007036,0.0071,38.21,35.7149,-56.79,7.6e-09,0.11,1.5,0.4226,-3.1222,2.4e-05,0,0,76.9886,11.634801,WiFi6_2.4GHz
UE_007037,0.0027,67.23,64.7373,-27.77,8e-09,0.09,1.5,0.0347,10.1415,9e-06,0,0,78.1039,11.83105,WiFi6_2.4GHz
UE_007038,0.0054,53.17,47.1732,-41.83,2e-10,2.37,1.5,0.3012,-12.8811,1.8e-05,0,0,78.0064,11.648789,WiFi6_2.4GHz
UE_007039,0.0082,49.55,40.8031,-45.45,5e-10,0.56,1.5,0.4239,0.621,2.7e-05,0,0,77.9621,11.625461,WiFi6_2.4GHz
UE_007040,0.0101,52.07,44.2821,-42.93,2.5e-09,0.56,1.8614,0.3639,-11.469,3.4e-05,0,0,77.7304,11.617399,WiFi6_2.4GHz
UE_007041,0.0103,46.36,39.9555,-48.64,1.4e-09,0.44,1.5,0.417,-7.0758,3.4e-05,0,0,78.4486,11.89905,WiFi6_2.4GHz
UE_007042,0.0033,12.53,9.907,-82.47,0.0265502452,0.53,1.5,4.3893,9.2385,1.1e-05,0,0,51.4819,2.198563,WiFi6_2.4GHz
UE_007043,0.0093,59.61,52.8297,-35.39,5.6e-09,1.88,1.5,0.1507,-1.8961,3.1e-05,0,0,79.5764,11.898976,WiFi6_2.4GHz
UE_007044,0.0053,12.8,7.8583,-82.2,0.0139574763,0.78,1.5,5.9238,-11.286,1.8e-05,0,0,52.2261,2.154909,WiFi6_2.4GHz
UE_007045,0.001,24.34,17.1102,-70.66,0.0008938996,0.73,1.5,1.3537,10.3093,3e-06,0,0,60.6839,5.429193,WiFi6_2.4GHz
UE_007046,0.0074,47.2,43.6554,-47.8,1e-10,1.02,1.5179,0.1383,8.8001,2.5e-05,0,0,76.5707,11.277356,WiFi6_2.4GHz
UE_007047,0.0015,49.55,43.357,-45.45,6.3e-09,0.1,1.5,0.1716,-6.1751,5e-06,0,0,78.4096,11.814471,WiFi6_2.4GHz
UE_007048,0.0102,12.41,5.4999,-82.59,0.0195912952,0.09,1.5,6.0937,-7.1138,3.4e-05,0,0,50.3819,2.268361,WiFi6_2.4GHz
UE_007049,0.0069,61.31,53.9715,-33.69,5.9e-09,0.18,1.5,0.2736,12.3464,2.3e-05,0,0,78.8595,11.842616,WiFi6_2.4GHz
UE_007050,0.001,17.11,9.1048,-77.89,5.82521e-05,0.11,1.5,1.4283,10.5544,3e-06,0,0,57.8689,3.375422,WiFi6_2.4GHz
UE_007051,0.0104,35.52,30.392,-59.48,9.4e-09,0.63,1.5,0.3903,-14.6314,3.5e-05,0,0,71.4513,11.825337,WiFi6_2.4GHz
UE_007052,0.0045,15.73,8.9133,-79.27,0.0004606107,0.56,1.5,1.4782,-3.1911,1.5e-05,0,0,55.2426,3.37678,WiFi6_2.4GHz
UE_007053,0.003,17.49,10.4305,-77.51,0.0002831876,0.49,1.5,1.0252,9.8595,1e-05,0,0,56.968,3.444812,WiFi6_2.4GHz
UE_007054,0.0075,7.48,0.3082,-87.52,0.0147842009,0.49,1.5,20.7274,14.8845,2.5e-05,0,0,34.9409,1.343944,WiFi6_2.4GHz
UE_007055,0.0047,6.26,1.4324,-88.74,0.0191450731,0.11,1.5,21.1369,-11.5962,1.6e-05,0,0,31.9642,1.218902,WiFi6_2.4GHz
UE_007056,0.0136,7.35,-0.1506,-87.65,0.0051766439,0.07,1.5,11.3341,13.176,4.5e-05,0,0,42.2148,1.04547,WiFi6_2.4GHz
UE_007057,0.0032,5.38,1.1692,-89.62,0.038630407,0.07,1.5,20.4698,6.3082,1.1e-05,0,0,32.7269,1.53298,WiFi6_2.4GHz
UE_007058,0.0095,39.0,35.3589,-56.0,3.4e-09,0.06,1.5727,0.0188,9.0496,3.2e-05,0,0,78.8861,11.709607,WiFi6_2.4GHz
UE_007059,0.0077,50.66,45.0377,-44.34,6e-09,0.11,1.5,0.3566,9.8151,2.6e-05,0,0,78.4248,11.828272,WiFi6_2.4GHz
UE_007060,0.0015,14.4,11.7722,-80.6,0.0388331436,0.16,1.5,6.1781,-11.2655,5e-06,0,0,51.897,2.517498,WiFi6_2.4GHz
UE_007061,0.0054,14.98,10.2201,-80.02,0.0188449041,0.1,1.5,7.3782,12.7572,1.8e-05,0,0,48.5043,2.351598,WiFi6_2.4GHz
UE_007062,0.0086,40.22,33.237,-54.78,1.4e-09,0.18,1.5,0.0473,13.1919,2.9e-05,0,0,82.0257,11.715041,WiFi6_2.4GHz
UE_007063,0.0042,16.31,12.5524,-78.69,0.0005437184,1.37,1.5,1.002,-10.4713,1.4e-05,0,0,58.1257,3.979476,WiFi6_2.4GHz
UE_007064,0.0078,47.39,43.5093,-47.61,8.2e-09,1.2,1.5,0.1508,-0.7998,2.6e-05,0,0,76.0209,12.005947,WiFi6_2.4GHz
UE_007065,0.0109,59.65,50.4641,-35.35,8.3e-09,0.7,1.5,0.2335,-2.0165,3.6e-05,0,0,80.9606,11.784021,WiFi6_2.4GHz
UE_007066,0.0054,24.2,16.2868,-70.8,0.000905313,1.12,1.5,1.9421,-4.3935,1.8e-05,0,0,65.0932,5.393716,WiFi6_2.4GHz
UE_007067,0.0117,9.28,4.6005,-85.72,0.0215302772,0.34,1.5,23.8511,1.0834,3.9e-05,0,0,37.1562,1.909978,WiFi6_2.4GHz
UE_007068,0.014,40.7,33.3656,-54.3,7.6e-09,0.26,1.5,0.2804,15.6106,4.7e-05,0,0,78.313,11.686986,WiFi6_2.4GHz
UE_007069,0.0014,49.01,43.0444,-45.99,3.7e-09,0.33,1.5,0.3176,-15.7341,5e-06,0,0,77.6018,11.588945,WiFi6_2.4GHz
UE_007070,0.0054,75.51,69.8286,-19.49,2.5e-09,0.23,1.5,0.174,-3.0478,1.8e-05,0,0,77.1765,11.608861,WiFi6_2.4GHz
UE_007071,0.003,55.0,47.1326,-40.0,2.5e-09,0.88,1.5,0.1571,-5.596,1e-05,0,0,82.0736,11.806667,WiFi6_2.4GHz
UE_007072,0.0079,21.81,17.4233,-73.19,0.0008482951,0.79,1.5,1.7452,12.6391,2.6e-05,0,0,59.4354,5.319442,WiFi6_2.4GHz
UE_007073,0.0044,14.94,10.7177,-80.06,0.018221017,0.92,1.5,6.6576,9.0217,1.5e-05,0,0,53.1121,2.487199,WiFi6_2.4GHz
UE_007074,0.0118,12.59,10.1408,-82.41,0.0386168308,0.82,1.5,7.051,3.9105,3.9e-05,0,0,50.6792,2.900772,WiFi6_2.4GHz
UE_007075,0.0068,24.28,18.3015,-70.72,0.0006689174,0.28,1.5,1.6315,12.7173,2.3e-05,0,0,63.578,5.78521,WiFi6_2.4GHz
UE_007076,0.0048,12.21,4.4928,-82.79,0.0162956044,0.43,1.5,3.0758,14.7681,1.6e-05,0,0,50.2164,2.341216,WiFi6_2.4GHz
UE_007077,0.0023,3.11,-2.1406,-91.89,0.0837183215,0.66,1.5,31.3834,-10.7267,8e-06,0,0,25.6195,0.619532,WiFi6_2.4GHz
UE_007078,0.0017,19.46,14.9017,-75.54,0.0001933553,0.64,1.5,0.6888,15.0221,6e-06,0,0,57.789,4.631412,WiFi6_2.4GHz
UE_007079,0.0064,8.46,6.8122,-86.54,0.049523713,0.77,1.5,13.3816,12.5847,2.1e-05,0,0,40.7736,1.824779,WiFi6_2.4GHz
UE_007080,0.0021,13.36,10.6308,-81.64,0.0302111713,0.99,1.5,5.1041,-5.4424,7e-06,0,0,51.5434,2.16503,WiFi6_2.4GHz
UE_007081,0.0056,23.39,18.5322,-71.61,0.0003763432,1.13,1.6417,1.5727,0.8731,1.9e-05,0,0,61.1101,5.234998,WiFi6_2.4GHz
UE_007082,0.0024,23.77,17.429,-71.23,0.0007699273,1.04,1.5,0.5758,12.8515,8e-06,0,0,67.6723,5.249073,WiFi6_2.4GHz
UE_007083,0.007,5.5,3.1161,-89.5,0.0420794087,0.39,1.5,16.8299,-13.2236,2.3e-05,0,0,37.4317,1.145788,WiFi6_2.4GHz
UE_007084,0.0026,45.41,38.3355,-49.59,2.3e-09,0.44,1.5,0.3059,11.4179,9e-06,0,0,76.1352,11.622723,WiFi6_2.4GHz
UE_007085,0.0118,7.07,1.8952,-87.93,0.0339956771,0.32,1.5,28.5718,12.4153,3.9e-05,0,0,28.6673,1.412681,WiFi6_2.4GHz
UE_007086,0.001,56.64,50.7432,-38.36,2.6e-09,0.27,1.5,0.4473,11.7832,3e-06,0,0,79.348,11.522613,WiFi6_2.4GHz
UE_007087,0.004,21.48,14.3048,-73.52,0.0009159935,0.29,1.5,1.3512,-3.6829,1.3e-05,0,0,62.2179,5.216594,WiFi6_2.4GHz
UE_007088,0.0034,21.23,16.8959,-73.77,0.0007249613,0.34,1.5,1.0511,7.1777,1.1e-05,0,0,61.6742,4.960592,WiFi6_2.4GHz
UE_007089,0.0101,66.1,58.0772,-28.9,7.6e-09,0.31,1.5,0.048,-7.0337,3.4e-05,0,0,76.7536,11.959652,WiFi6_2.4GHz
UE_007090,0.008,13.21,9.6586,-81.79,0.0435604959,0.26,1.5,7.664,-4.7943,2.7e-05,0,0,52.6519,1.946368,WiFi6_2.4GHz
UE_007091,0.0053,49.33,45.0863,-45.67,5.4e-09,0.27,1.5,0.0785,9.0855,1.8e-05,0,0,80.8998,11.574242,WiFi6_2.4GHz
UE_007092,0.0031,47.41,42.637,-47.59,8.3e-09,0.17,1.5,0.4053,-13.8516,1e-05,0,0,77.8267,11.542223,WiFi6_2.4GHz
UE_007093,0.0127,31.58,22.4016,-63.42,7.0391e-06,0.17,1.5,0.3131,0.6534,4.2e-05,0,0,69.216,7.670639,WiFi6_2.4GHz
UE_007094,0.0052,63.0,55.819,-32.0,9e-09,0.18,1.5,0.4183,-3.971,1.7e-05,0,0,79.1064,11.278338,WiFi6_2.4GHz
UE_007095,0.0108,26.78,18.2948,-68.22,6.7606e-06,0.64,1.5,0.1975,3.3408,3.6e-05,0,0,66.9577,6.865211,WiFi6_2.4GHz
UE_007096,0.0134,36.73,30.9218,-58.27,4.3e-09,0.86,1.5,0.384,-7.0117,4.5e-05,0,0,75.0816,11.999585,WiFi6_2.4GHz
UE_007097,0.0134,8.23,5.5813,-86.77,0.0260209667,0.77,1.5,24.8069,6.9373,4.5e-05,0,0,32.0548,1.520681,WiFi6_2.4GHz
UE_007098,0.0028,1.04,-0.8689,-93.96,0.1124238511,0.94,1.5,36.4332,-6.7836,9e-06,0,0,19.1149,0.1,WiFi6_2.4GHz
UE_007099,0.0108,19.2,11.5619,-75.8,0.0006858896,0.02,1.5,1.7761,13.6865,3.6e-05,0,0,59.6784,4.114514,WiFi6_2.4GHz
UE_007100,0.0038,60.65,56.6332,-34.35,6.5e-09,0.01,1.5,0.3585,-6.1747,1.3e-05,0,0,76.5412,11.694371,WiFi6_2.4GHz
UE_007101,0.0022,71.3,65.5264,-23.7,2.4e-09,0.01,1.5095,0.0838,-6.8739,7e-06,0,0,79.2144,11.567898,WiFi6_2.4GHz
UE_007102,0.006,45.39,40.4798,-49.61,9.7e-09,0.02,1.5,0.0612,-15.6435,2e-05,0,0,79.3865,11.772098,WiFi6_2.4GHz
UE_007103,0.0095,-0.43,-5.6961,-95.43,0.0554973037,0.39,1.5,35.7842,6.8706,3.2e-05,0,0,22.329,0.128005,WiFi6_2.4GHz
UE_007104,0.0096,7.96,-0.0203,-87.04,0.0481289014,0.49,1.5,16.0281,-14.1975,3.2e-05,0,0,41.9514,1.271461,WiFi6_2.4GHz
UE_007105,0.0047,15.71,10.1995,-79.29,0.0009955511,0.38,1.5,1.9078,7.0715,1.6e-05,0,0,56.012,3.613159,WiFi6_2.4GHz
UE_007106,0.0139,67.96,60.9063,-27.04,5.8e-09,0.35,1.5,0.1333,14.4155,4.6e-05,0,0,79.4282,11.179261,WiFi6_2.4GHz
UE_007107,0.008,11.01,2.284,-83.99,0.039579786,0.12,1.5,6.1437,-14.1813,2.7e-05,0,0,48.8525,2.262422,WiFi6_2.4GHz
UE_007108,0.001,48.15,41.4868,-46.85,3.4e-09,0.11,1.5,0.404,4.5621,3e-06,0,0,78.4956,11.930016,WiFi6_2.4GHz
UE_007109,0.0028,27.92,24.8962,-67.08,2.0652e-06,0.1,1.5,0.172,-13.7144,9e-06,0,0,69.3456,7.088391,WiFi6_2.4GHz
UE_007110,0.0014,14.54,11.3285,-80.46,0.0321071406,0.12,1.5,6.7901,-4.7378,5e-06,0,0,48.6883,2.422437,WiFi6_2.4GHz
UE_007111,0.0114,33.19,25.7258,-61.81,8.2677e-06,0.39,1.5,0.0198,-8.6559,3.8e-05,0,0,77.3775,10.269886,WiFi6_2.4GHz
UE_007112,0.0099,12.62,5.5639,-82.38,0.0180792332,0.41,1.5,3.5405,-11.7573,3.3e-05,0,0,55.9269,2.337387,WiFi6_2.4GHz
UE_007113,0.0052,22.42,18.0307,-72.58,0.0001667027,0.38,1.5,0.6544,15.3586,1.7e-05,0,0,57.8055,5.328209,WiFi6_2.4GHz
UE_007114,0.0061,42.55,36.2618,-52.45,5.5e-09,0.42,1.5,0.1163,-11.9777,2e-05,0,0,76.4246,11.554237,WiFi6_2.4GHz
UE_007115,0.0056,24.19,18.6414,-70.81,0.0001423768,1.18,1.5,1.3822,12.5702,1.9e-05,0,0,64.8506,5.179252,WiFi6_2.4GHz
UE_007116,0.0108,38.34,31.1651,-56.66,6e-10,1.13,1.5,0.2986,9.5515,3.6e-05,0,0,78.2547,11.431801,WiFi6_2.4GHz
UE_007117,0.0037,31.49,24.8174,-63.51,7.0656e-06,1.24,1.5034,0.1604,3.4667,1.2e-05,0,0,68.9615,7.981644,WiFi6_2.4GHz
UE_007118,0.0141,12.73,7.471,-82.27,0.0326875659,1.02,1.5,6.4168,-10.3254,4.7e-05,0,0,47.4612,2.350353,WiFi6_2.4GHz
UE_007119,0.0044,33.2,25.8739,-61.8,6.951e-06,0.23,1.5,0.1196,6.4813,1.5e-05,0,0,71.6605,10.179825,WiFi6_2.4GHz
UE_007120,0.0099,11.4,6.6033,-83.6,0.0464194829,0.43,1.5,7.5692,1.1244,3.3e-05,0,0,47.8677,2.227352,WiFi6_2.4GHz
UE_007121,0.0131,40.2,38.1302,-54.8,3.4e-09,0.23,1.5,0.1114,11.9646,4.4e-05,0,0,77.1131,11.828103,WiFi6_2.4GHz
UE_007122,0.0062,29.19,24.9867,-65.81,4.3384e-06,0.33,1.5,0.4461,10.7761,2.1e-05,0,0,70.3582,7.748711,WiFi6_2.4GHz
UE_007123,0.0066,55.43,50.9177,-39.57,1.3e-09,1.03,1.5,0.3006,0.9043,2.2e-05,0,0,80.6018,11.740247,WiFi6_2.4GHz
UE_007124,0.0037,12.59,2.8589,-82.41,0.025311721,1.18,1.5,2.1126,11.0422,1.2e-05,0,0,54.4094,2.023789,WiFi6_2.4GHz
UE_007125,0.0116,17.51,13.1329,-77.49,0.0005305899,0.89,1.5,1.0535,-14.0608,3.9e-05,0,0,59.7689,3.109377,WiFi6_2.4GHz
UE_007126,0.0088,26.25,20.6179,-68.75,3.0272e-06,1.47,1.5,0.3446,-0.3863,2.9e-05,0,0,65.243,7.138175,WiFi6_2.4GHz
UE_007127,0.006,20.24,12.3913,-74.76,0.0003313259,0.08,1.5,0.5273,-5.0943,2e-05,0,0,60.0709,4.911892,WiFi6_2.4GHz
UE_007128,0.0035,54.59,47.1048,-40.41,1.6e-09,0.05,1.5,0.3398,14.8561,1.2e-05,0,0,78.5988,11.291679,WiFi6_2.4GHz
UE_007129,0.0093,8.59,5.5903,-86.41,0.0265508197,0.07,1.5,23.1418,14.4925,3.1e-05,0,0,35.5268,1.782125,WiFi6_2.4GHz
UE_007130,0.0089,59.21,54.0489,-35.79,7e-09,0.08,1.5,0.1663,12.0335,3e-05,0,0,76.5529,12.140341,WiFi6_2.4GHz
UE_007131,0.0088,11.52,4.9516,-83.48,0.0051830678,0.42,1.5,6.2943,-6.072,2.9e-05,0,0,48.582,2.111663,WiFi6_2.4GHz
UE_007132,0.0012,27.46,22.9828,-67.54,7.4081e-06,0.54,1.5,0.3113,-5.3391,4e-06,0,0,68.4709,6.845899,WiFi6_2.4GHz
UE_007133,0.0058,4.92,-1.9005,-90.08,0.0673137213,0.48,1.5,31.905,9.5217,1.9e-05,0,0,26.3935,1.038516,WiFi6_2.4GHz
UE_007134,0.0016,36.66,31.3113,-58.34,3e-09,0.37,1.5,0.2237,9.9466,5e-06,0,0,74.4137,11.647886,WiFi6_2.4GHz
UE_007135,0.0094,29.52,23.1152,-65.48,8.1642e-06,0.44,1.5,0.0619,-1.7457,3.1e-05,0,0,71.0808,7.289427,WiFi6_2.4GHz
UE_007136,0.0124,3.21,-4.3482,-91.79,0.1401560316,0.61,1.5,38.8771,-13.7515,4.1e-05,0,0,19.1737,0.388539,WiFi6_2.4GHz
UE_007137,0.001,61.81,57.8443,-33.19,0.0,0.55,1.5,0.4877,-11.0372,3e-06,0,0,76.6617,11.803149,WiFi6_2.4GHz
UE_007138,0.01,64.93,60.5318,-30.07,2.1e-09,0.52,1.5,0.3483,-5.0881,3.3e-05,0,0,79.4691,11.674405,WiFi6_2.4GHz
UE_007139,0.0056,20.79,16.9556,-74.21,0.000640267,0.17,1.7889,0.7959,6.1641,1.9e-05,0,0,56.9175,4.91555,WiFi6_2.4GHz
UE_007140,0.0025,75.79,70.7234,-19.21,4.6e-09,0.19,1.5,0.2124,10.1852,8e-06,0,0,75.4973,11.500422,WiFi6_2.4GHz
UE_007141,0.0059,16.12,12.1738,-78.88,6.96861e-05,0.17,1.5,0.5116,-0.7618,2e-05,0,0,60.1035,3.548067,WiFi6_2.4GHz
UE_007142,0.0029,54.6,47.8281,-40.4,3.1e-09,3.45,1.5,0.1228,1.0401,1e-05,0,0,83.6118,11.991874,WiFi6_2.4GHz
UE_007143,0.0065,62.5,56.5127,-32.5,9.4e-09,1.03,1.5,0.2187,-4.9973,2.2e-05,0,0,77.2741,11.199672,WiFi6_2.4GHz
UE_007144,0.0081,62.42,58.9023,-32.58,9.8e-09,1.66,1.5,0.341,10.1582,2.7e-05,0,0,76.8232,11.633632,WiFi6_2.4GHz
UE_007145,0.0127,35.28,31.7093,-59.72,2.3e-09,1.02,1.5,0.0162,-7.4726,4.2e-05,0,0,73.8203,11.682964,WiFi6_2.4GHz
UE_007146,0.0069,64.37,58.0602,-30.63,8.5e-09,1.86,1.5,0.2538,-6.2003,2.3e-05,0,0,77.575,12.330662,WiFi6_2.4GHz
UE_007147,0.0098,51.94,45.1122,-43.06,1.4e-09,4.12,1.5,0.2613,-13.2541,3.3e-05,0,0,74.8313,11.611422,WiFi6_2.4GHz
UE_007148,0.001,26.49,22.1545,-68.51,3.5322e-06,1.04,1.5,0.1346,1.8962,3e-06,0,0,67.9705,6.680911,WiFi6_2.4GHz
UE_007149,0.0014,40.59,37.7115,-54.41,3.8e-09,0.7,1.5318,0.0845,0.2782,5e-06,0,0,78.2246,11.575245,WiFi6_2.4GHz
UE_007150,0.0065,59.4,54.5013,-35.6,3.3e-09,0.86,1.5,0.2003,-8.2912,2.2e-05,0,0,79.8491,11.789528,WiFi6_2.4GHz
UE_007151,0.0135,17.2,12.7416,-77.8,0.000590983,0.84,1.8437,1.9826,-9.2535,4.5e-05,0,0,59.1564,3.019034,WiFi6_2.4GHz
UE_007152,0.0092,11.18,5.967,-83.82,0.0315350199,0.84,1.7639,6.012,11.1349,3.1e-05,0,0,53.3345,1.736906,WiFi6_2.4GHz
UE_007153,0.0086,96.7,91.9301,1.7,3.5e-09,0.51,1.5,0.3823,-4.0553,2.9e-05,0,0,73.6572,11.577714,WiFi6_2.4GHz
UE_007154,0.0029,22.44,20.5818,-72.56,0.0008440918,0.57,1.5,1.422,2.5004,1e-05,0,0,61.602,5.219505,WiFi6_2.4GHz
UE_007155,0.0054,12.67,5.3453,-82.33,0.0339838905,0.82,1.5,6.9229,13.1553,1.8e-05,0,0,48.2666,2.389354,WiFi6_2.4GHz
UE_007156,0.0073,79.22,72.3414,-15.78,1.3e-09,0.58,1.5,0.359,12.2821,2.4e-05,0,0,77.2288,12.056483,WiFi6_2.4GHz
UE_007157,0.0139,1.88,-2.7648,-93.12,0.1454378911,2.4,1.5,14.2447,-9.3861,4.6e-05,0,0,33.379,0.1,WiFi6_2.4GHz
UE_007158,0.0032,59.82,55.828,-35.18,7.4e-09,0.9,1.5,0.1316,8.5843,1.1e-05,0,0,81.4524,11.704186,WiFi6_2.4GHz
UE_007159,0.0051,24.97,16.6452,-70.03,2.58037e-05,0.96,1.5,0.6362,-4.6255,1.7e-05,0,0,66.1596,5.500591,WiFi6_2.4GHz
UE_007160,0.0134,32.04,26.8068,-62.96,7.2944e-06,1.43,1.5,0.4367,-3.4132,4.5e-05,0,0,71.5516,10.49268,WiFi6_2.4GHz
UE_007161,0.0098,35.36,31.3571,-59.64,3.5e-09,0.82,1.5,0.0058,-14.0854,3.3e-05,0,0,73.1617,11.435845,WiFi6_2.4GHz
UE_007162,0.0136,22.75,14.0856,-72.25,0.0003100608,1.04,1.5,1.537,4.0274,4.5e-05,0,0,65.2688,5.528313,WiFi6_2.4GHz
UE_007163,0.0082,49.57,41.8059,-45.43,8e-09,0.2,1.5,0.0476,-2.8924,2.7e-05,0,0,75.9028,11.500098,WiFi6_2.4GHz
UE_007164,0.0135,-4.3,-10.1856,-99.3,0.0828845771,0.13,1.5,24.652,-7.5026,4.5e-05,0,0,26.7316,0.368219,WiFi6_2.4GHz
UE_007165,0.0025,67.72,62.8895,-27.28,3e-09,0.18,1.5,0.3499,-11.5681,8e-06,0,0,79.2636,11.843146,WiFi6_2.4GHz
UE_007166,0.0033,19.1,12.3872,-75.9,0.0006671929,0.15,1.5,1.0193,13.7837,1.1e-05,0,0,61.0724,4.757761,WiFi6_2.4GHz
UE_007167,0.0082,30.52,22.2436,-64.48,7.7415e-06,0.6,1.5,0.1546,3.453,2.7e-05,0,0,69.8857,7.911316,WiFi6_2.4GHz
UE_007168,0.0036,67.28,59.9137,-27.72,8.6e-09,0.42,1.5,0.3605,14.7747,1.2e-05,0,0,77.9109,11.94952,WiFi6_2.4GHz
UE_007169,0.0039,54.66,48.3881,-40.34,8.8e-09,0.81,1.5,0.0533,-1.1113,1.3e-05,0,0,78.2294,11.43075,WiFi6_2.4GHz
UE_007170,0.0089,19.34,16.1454,-75.66,0.000452815,0.5,1.5,1.4331,-6.4798,3e-05,0,0,55.4894,4.640818,WiFi6_2.4GHz
UE_007171,0.0139,59.26,51.0313,-35.74,4.3e-09,0.63,1.5,0.0546,-5.1833,4.6e-05,0,0,75.7973,11.900989,WiFi6_2.4GHz
UE_007172,0.0109,74.47,70.3091,-20.53,9e-09,0.29,1.5,0.3064,-12.2278,3.6e-05,0,0,78.8174,11.57376,WiFi6_2.4GHz
UE_007173,0.0128,51.16,43.8963,-43.84,5.8e-09,0.47,1.7468,0.3013,-2.7548,4.3e-05,0,0,79.6194,11.703079,WiFi6_2.4GHz
UE_007174,0.0125,15.48,11.0156,-79.52,0.0002707269,0.33,1.5,1.742,-5.7636,4.2e-05,0,0,56.2324,3.565478,WiFi6_2.4GHz
UE_007175,0.0061,27.14,23.5033,-67.86,6.9528e-06,1.2,1.5,0.3531,-15.8261,2e-05,0,0,68.3456,7.554712,WiFi6_2.4GHz
UE_007176,0.0022,9.36,1.535,-85.64,0.0279171745,0.98,1.5,29.7143,11.3648,7e-06,0,0,29.8757,2.062563,WiFi6_2.4GHz
UE_007177,0.0058,26.67,18.1727,-68.33,1.9238e-06,1.04,1.5,0.4532,-5.8292,1.9e-05,0,0,67.5015,6.877222,WiFi6_2.4GHz
UE_007178,0.0103,51.0,45.1548,-44.0,3e-09,1.51,1.5,0.2884,1.8436,3.4e-05,0,0,77.5298,11.518571,WiFi6_2.4GHz
UE_007179,0.0137,25.63,17.238,-69.37,9.1636e-06,0.85,1.5,0.0763,1.0023,4.6e-05,0,0,62.4243,7.053266,WiFi6_2.4GHz
UE_007180,0.011,22.67,14.795,-72.33,0.0002137307,1.13,1.5,1.5175,-0.5577,3.7e-05,0,0,65.7579,5.547744,WiFi6_2.4GHz
UE_007181,0.0031,27.0,20.3107,-68.0,8.9481e-06,0.97,1.5,0.2165,-8.5243,1e-05,0,0,66.0934,7.008136,WiFi6_2.4GHz
UE_007182,0.0022,50.94,42.753,-44.06,7.5e-09,0.95,1.5,0.3855,-12.5952,7e-06,0,0,79.2291,11.689497,WiFi6_2.4GHz
UE_007183,0.0105,27.5,22.4437,-67.5,9.237e-07,0.1,1.5,0.2491,5.4485,3.5e-05,0,0,67.7105,7.099665,WiFi6_2.4GHz
UE_007184,0.0122,65.52,59.7049,-29.48,8e-09,0.12,1.5,0.2959,1.4246,4.1e-05,0,0,76.4378,11.630372,WiFi6_2.4GHz
UE_007185,0.0028,10.99,7.1732,-84.01,0.011434031,0.1,1.5,7.421,-8.082,9e-06,0,0,49.9802,2.133233,WiFi6_2.4GHz
UE_007186,0.0066,29.27,22.2713,-65.73,5.0524e-06,0.14,1.5,0.0486,-0.7183,2.2e-05,0,0,65.8201,7.480741,WiFi6_2.4GHz
UE_007187,0.0113,56.54,53.0737,-38.46,5.3e-09,0.11,1.5,0.4863,10.1799,3.8e-05,0,0,83.3262,12.118085,WiFi6_2.4GHz
UE_007188,0.0119,11.07,6.8769,-83.93,0.0202715044,0.11,1.5,4.4683,-12.4842,4e-05,0,0,49.2386,2.350182,WiFi6_2.4GHz
UE_007189,0.0029,4.38,0.8244,-90.62,0.0634279774,0.09,1.5,8.9499,-6.9598,1e-05,0,0,42.1511,0.899813,WiFi6_2.4GHz
UE_007190,0.003,44.83,42.7523,-50.17,6.4e-09,0.12,1.5,0.2449,-7.2672,1e-05,0,0,76.198,11.729724,WiFi6_2.4GHz
UE_007191,0.0046,16.06,10.5745,-78.94,0.0007228753,0.47,1.5,1.8638,-8.7422,1.5e-05,0,0,52.6544,3.484841,WiFi6_2.4GHz
UE_007192,0.0092,8.76,0.9652,-86.24,0.0398866666,0.45,1.5,18.3681,-8.739,3.1e-05,0,0,40.8649,1.79613,WiFi6_2.4GHz
UE_007193,0.0126,77.26,74.0543,-17.74,8.9e-09,0.47,1.5,0.3127,-1.2588,4.2e-05,0,0,77.8863,11.864722,WiFi6_2.4GHz
UE_007194,0.0076,18.56,10.9728,-76.44,0.0002740165,0.45,1.5,0.5969,9.9261,2.5e-05,0,0,55.0949,3.459482,WiFi6_2.4GHz
UE_007195,0.0063,60.01,57.2261,-34.99,6.5e-09,0.53,1.5,0.0333,12.5723,2.1e-05,0,0,78.6758,11.87621,WiFi6_2.4GHz
UE_007196,0.0053,24.69,21.4002,-70.31,0.0004238048,0.46,1.5,0.9045,8.3469,1.8e-05,0,0,64.7874,5.117678,WiFi6_2.4GHz
UE_007197,0.0021,22.85,17.0517,-72.15,0.0005117028,0.41,1.5,0.7985,9.3728,7e-06,0,0,65.3368,5.020101,WiFi6_2.4GHz
UE_007198,0.0063,20.44,16.9894,-74.56,0.0008053751,0.38,1.5,0.821,6.1588,2.1e-05,0,0,60.083,4.443083,WiFi6_2.4GHz
UE_007199,0.0035,13.84,5.7535,-81.16,0.0114995116,0.14,1.5,6.8895,-6.6075,1.2e-05,0,0,50.077,2.24105,WiFi6_2.4GHz
UE_007200,0.0067,36.82,32.4739,-58.18,8.2e-09,0.09,1.5,0.2365,10.778,2.2e-05,0,0,72.7785,11.622105,WiFi6_2.4GHz
UE_007201,0.0054,25.91,21.5782,-69.09,6.1174e-06,0.09,1.5,0.1061,0.1253,1.8e-05,0,0,66.2497,6.948982,WiFi6_2.4GHz
UE_007202,0.0136,49.6,45.9217,-45.4,2e-10,0.09,1.5,0.2158,14.5233,4.5e-05,0,0,79.7885,11.662881,WiFi6_2.4GHz
UE_007203,0.0123,18.83,10.5246,-76.17,0.0003512896,1.06,1.5,0.8779,15.7364,4.1e-05,0,0,60.6836,3.484843,WiFi6_2.4GHz
UE_007204,0.0075,40.35,34.8576,-54.65,2.4e-09,0.97,1.5,0.0019,4.4423,2.5e-05,0,0,77.8957,11.383527,WiFi6_2.4GHz
UE_007205,0.0072,36.23,29.4393,-58.77,8.6e-09,0.97,1.5,0.3877,15.4477,2.4e-05,0,0,71.0858,11.679364,WiFi6_2.4GHz
UE_007206,0.0052,13.04,6.4494,-81.96,0.0443532316,1.05,1.5,5.1252,-2.7504,1.7e-05,0,0,53.605,2.374022,WiFi6_2.4GHz
UE_007207,0.004,56.56,52.4961,-38.44,8.4e-09,0.54,1.5,0.1188,9.2077,1.3e-05,0,0,78.7328,11.673387,WiFi6_2.4GHz
UE_007208,0.004,20.4,12.9604,-74.6,0.0003488999,2.03,1.5,1.152,9.4314,1.3e-05,0,0,58.3617,5.027529,WiFi6_2.4GHz
UE_007209,0.0035,2.14,-2.1978,-92.86,0.102135467,0.34,1.5,8.2736,-9.5273,1.2e-05,0,0,38.6181,0.60512,WiFi6_2.4GHz
UE_007210,0.0097,11.11,4.8069,-83.89,0.0295016389,0.52,1.5,2.6663,15.6128,3.2e-05,0,0,49.2947,2.341611,WiFi6_2.4GHz
UE_007211,0.0134,18.74,13.2004,-76.26,0.0004672673,0.15,1.5,1.2692,11.4144,4.5e-05,0,0,58.792,3.348916,WiFi6_2.4GHz
UE_007212,0.0035,5.93,1.5467,-89.07,0.041996467,0.11,1.5,10.7775,-3.3947,1.2e-05,0,0,44.5903,1.242044,WiFi6_2.4GHz
UE_007213,0.0094,60.34,53.9178,-34.66,2.2e-09,0.18,1.5,0.1207,9.1868,3.1e-05,0,0,79.2077,11.643822,WiFi6_2.4GHz
UE_007214,0.0088,11.55,4.9767,-83.45,0.047018575,0.09,1.5,4.5015,15.9669,2.9e-05,0,0,49.4225,2.099353,WiFi6_2.4GHz
UE_007215,0.0057,26.97,20.9899,-68.03,5.7794e-06,0.31,1.5,0.4331,-9.7968,1.9e-05,0,0,66.4824,6.77314,WiFi6_2.4GHz
UE_007216,0.006,18.25,14.1204,-76.75,0.0007362754,2.04,1.5,0.5486,15.2446,2e-05,0,0,58.4262,3.623546,WiFi6_2.4GHz
UE_007217,0.0113,59.36,50.4649,-35.64,7.7e-09,0.45,1.5,0.0062,-8.9234,3.8e-05,0,0,80.6925,12.038975,WiFi6_2.4GHz
UE_007218,0.012,7.9,4.2207,-87.1,0.0042200901,0.37,1.5,36.6259,-4.8546,4e-05,0,0,27.6844,1.045786,WiFi6_2.4GHz
UE_007219,0.0035,52.78,50.1631,-42.22,3.8e-09,0.16,1.5,0.1021,-11.4096,1.2e-05,0,0,79.1931,11.567058,WiFi6_2.4GHz
UE_007220,0.0055,3.11,-0.6933,-91.89,0.068562788,0.18,1.5,35.8942,3.1551,1.8e-05,0,0,21.9177,0.435923,WiFi6_2.4GHz
UE_007221,0.0098,33.54,29.7328,-61.46,9.477e-06,0.21,1.5,0.1808,-3.4776,3.3e-05,0,0,71.1372,10.926198,WiFi6_2.4GHz
UE_007222,0.0075,42.33,38.1535,-52.67,3.6e-09,0.22,1.5,0.1447,4.799,2.5e-05,0,0,74.6783,11.485047,WiFi6_2.4GHz
UE_007223,0.0137,6.68,1.0894,-88.32,0.0196944123,0.48,1.5,20.9347,5.2542,4.6e-05,0,0,36.4271,1.235308,WiFi6_2.4GHz
UE_007224,0.001,16.4,8.7529,-78.6,0.0006739725,0.28,1.5,0.5899,8.4853,3e-06,0,0,59.1655,3.356172,WiFi6_2.4GHz
UE_007225,0.0107,94.83,87.8248,-0.17,8.4e-09,0.5,1.5,0.0774,-13.1266,3.6e-05,0,0,77.4903,11.584883,WiFi6_2.4GHz
UE_007226,0.0087,26.04,21.5338,-68.96,9.6804e-06,0.47,1.5,0.2806,-3.0161,2.9e-05,0,0,67.8022,7.424167,WiFi6_2.4GHz
UE_007227,0.011,42.93,38.6615,-52.07,1.1e-09,0.21,1.5,0.4817,-15.5099,3.7e-05,0,0,76.3755,11.882941,WiFi6_2.4GHz
UE_007228,0.0038,21.85,17.8287,-73.15,0.0009816699,0.19,1.5,0.5056,-14.4058,1.3e-05,0,0,61.1178,5.277424,WiFi6_2.4GHz
UE_007229,0.0017,24.8,18.8793,-70.2,0.0004947069,2.69,1.5,0.7348,15.484,6e-06,0,0,63.4853,5.16845,WiFi6_2.4GHz
UE_007230,0.0062,11.6,4.8564,-83.4,0.0466967312,0.25,1.5,3.0494,4.4693,2.1e-05,0,0,49.1125,2.187979,WiFi6_2.4GHz
UE_007231,0.0048,43.76,39.5285,-51.24,5.5e-09,2.27,1.5,0.3634,1.0714,1.6e-05,0,0,79.7122,11.770607,WiFi6_2.4GHz
UE_007232,0.0125,37.79,34.7439,-57.21,7.4e-09,0.88,1.5,0.1735,-7.3234,4.2e-05,0,0,74.547,11.892373,WiFi6_2.4GHz
UE_007233,0.0059,45.41,42.0225,-49.59,4e-09,0.9,1.5,0.3331,8.6959,2e-05,0,0,79.8754,11.651948,WiFi6_2.4GHz
UE_007234,0.0017,34.28,31.0445,-60.72,6.9963e-06,0.86,1.5,0.2944,-15.2965,6e-06,0,0,71.8697,10.611756,WiFi6_2.4GHz
UE_007235,0.0045,33.76,26.4818,-61.24,7.1589e-06,0.05,1.5,0.0169,3.4559,1.5e-05,0,0,74.8782,10.257066,WiFi6_2.4GHz
UE_007236,0.0026,25.28,21.0103,-69.72,5.1146e-06,1.28,1.5,0.4842,-6.115,9e-06,0,0,65.836,6.850753,WiFi6_2.4GHz
UE_007237,0.0064,39.27,32.3552,-55.73,1.6e-09,0.06,1.5,0.3726,13.1923,2.1e-05,0,0,75.9042,11.416373,WiFi6_2.4GHz
UE_007238,0.0044,32.1,25.7445,-62.9,1.0751e-06,0.08,1.5,0.4968,-5.7766,1.5e-05,0,0,67.5261,10.4436,WiFi6_2.4GHz
UE_007239,0.0141,8.29,2.9528,-86.71,0.0045360969,0.99,1.5,38.7984,12.0565,4.7e-05,0,0,27.0889,2.068653,WiFi6_2.4GHz
UE_007240,0.01,22.01,16.337,-72.99,0.0003616022,1.09,1.5,1.347,7.837,3.3e-05,0,0,62.9415,5.104086,WiFi6_2.4GHz
UE_007241,0.0056,66.79,56.7198,-28.21,3.8e-09,0.87,1.5,0.2337,9.0873,1.9e-05,0,0,77.8141,11.600479,WiFi6_2.4GHz
UE_007242,0.0134,81.72,78.3982,-13.28,4.3e-09,0.69,1.5,0.3325,14.7028,4.5e-05,0,0,77.5016,11.877671,WiFi6_2.4GHz
UE_007243,0.0091,2.73,-6.0288,-92.27,0.0768400818,0.41,1.5,28.2034,-15.2571,3e-05,0,0,27.4075,0.511527,WiFi6_2.4GHz
UE_007244,0.0021,24.67,19.21,-70.33,0.0002044181,0.95,1.5,1.321,3.3444,7e-06,0,0,64.9476,5.559684,WiFi6_2.4GHz
UE_007245,0.0131,0.42,-2.8048,-94.58,0.0978893711,0.78,1.5,21.3566,-2.8465,4.4e-05,0,0,28.9547,0.1,WiFi6_2.4GHz
UE_007246,0.0052,22.24,15.92,-72.76,0.0001616956,0.96,1.5,1.9147,8.7702,1.7e-05,0,0,64.4324,5.153003,WiFi6_2.4GHz
UE_007247,0.005,10.77,6.9966,-84.23,0.0322011746,0.1,1.5,4.6388,-2.2421,1.7e-05,0,0,50.5624,1.413484,WiFi6_2.4GHz
UE_007248,0.0131,11.4,3.5932,-83.6,0.0461654289,0.17,1.5,5.3111,0.9674,4.4e-05,0,0,43.9299,2.120483,WiFi6_2.4GHz
UE_007249,0.0116,24.02,18.6943,-70.98,0.0009519908,0.23,1.5,1.3051,-10.3497,3.9e-05,0,0,62.9601,4.874137,WiFi6_2.4GHz
UE_007250,0.0138,18.11,14.1112,-76.89,0.0005007247,0.13,1.5,1.1026,-7.8201,4.6e-05,0,0,60.1924,3.542062,WiFi6_2.4GHz
UE_007251,0.0107,15.99,11.5135,-79.01,0.0009998286,1.02,1.5,1.8518,-1.4273,3.6e-05,0,0,53.5671,3.682649,WiFi6_2.4GHz
UE_007252,0.0068,2.82,-2.6119,-92.18,0.1149300834,0.69,1.5,36.5666,9.3894,2.3e-05,0,0,17.242,0.739768,WiFi6_2.4GHz
UE_007253,0.0022,66.43,62.4475,-28.57,3.7e-09,1.1,1.5,0.1978,-1.4645,7e-06,0,0,77.4134,11.62928,WiFi6_2.4GHz
UE_007254,0.0126,62.44,55.4887,-32.56,6.2e-09,0.87,1.5,0.3719,1.1385,4.2e-05,0,0,77.9204,11.633439,WiFi6_2.4GHz
UE_007255,0.012,0.18,-7.4823,-94.82,0.0932570103,0.3,1.5,29.993,-7.8878,4e-05,0,0,22.0487,0.1,WiFi6_2.4GHz
UE_007256,0.013,9.03,1.8557,-85.97,0.0342327942,0.31,1.5,17.1274,11.1451,4.3e-05,0,0,40.6891,1.649824,WiFi6_2.4GHz
UE_007257,0.0022,33.7,28.5657,-61.3,1.0363e-06,0.49,1.5,0.1443,15.9935,7e-06,0,0,72.7048,10.550688,WiFi6_2.4GHz
UE_007258,0.0126,6.65,0.8645,-88.35,0.0435559753,0.31,1.5,20.4239,-7.9061,4.2e-05,0,0,36.0131,1.22505,WiFi6_2.4GHz
UE_007259,0.0108,20.62,16.5539,-74.38,0.0001020955,0.02,1.5,1.5711,10.9601,3.6e-05,0,0,57.0259,4.940537,WiFi6_2.4GHz
UE_007260,0.0036,78.77,73.8346,-16.23,9.9e-09,0.02,1.5,0.3393,8.0311,1.2e-05,0,0,75.4038,11.881923,WiFi6_2.4GHz
UE_007261,0.0042,62.36,57.1083,-32.64,6.8e-09,0.02,1.5,0.4034,2.6877,1.4e-05,0,0,76.8721,11.356686,WiFi6_2.4GHz
UE_007262,0.0038,21.44,18.8141,-73.56,0.0001799321,3.96,1.5,1.2576,10.0811,1.3e-05,0,0,65.2397,5.428581,WiFi6_2.4GHz
UE_007263,0.0027,13.79,9.2409,-81.21,0.0349668053,0.94,1.5,6.2139,0.49,9e-06,0,0,52.1804,2.163937,WiFi6_2.4GHz
UE_007264,0.003,37.14,33.2094,-57.86,8.8e-09,0.88,1.5,0.3767,14.5087,1e-05,0,0,76.1449,11.869271,WiFi6_2.4GHz
UE_007265,0.0039,67.51,61.9069,-27.49,5e-09,1.03,1.7598,0.4061,12.9419,1.3e-05,0,0,78.1298,11.515915,WiFi6_2.4GHz
UE_007266,0.0026,17.43,11.0017,-77.57,0.0007855329,1.09,1.5,0.8456,12.5195,9e-06,0,0,56.6183,3.132434,WiFi6_2.4GHz
UE_007267,0.0139,10.63,3.5995,-84.37,0.0196902022,0.15,1.5,4.7275,0.5464,4.6e-05,0,0,51.7598,1.72762,WiFi6_2.4GHz
UE_007268,0.0135,26.94,21.513,-68.06,1.0119e-06,0.26,1.5,0.2836,-6.2827,4.5e-05,0,0,65.0672,7.165049,WiFi6_2.4GHz
UE_007269,0.0124,13.89,6.2218,-81.11,0.0093090384,0.32,1.5,2.1363,-4.0477,4.1e-05,0,0,55.0768,2.301508,WiFi6_2.4GHz
UE_007270,0.0038,33.79,29.9567,-61.21,1.4753e-06,0.24,1.5,0.108,5.8889,1.3e-05,0,0,71.5832,10.826961,WiFi6_2.4GHz
UE_007271,0.0032,52.53,47.0624,-42.47,2e-09,1.28,1.5631,0.2042,4.8045,1.1e-05,0,0,76.1034,11.866836,WiFi6_2.4GHz
UE_007272,0.007,85.21,80.6365,-9.79,7.4e-09,0.95,1.5,0.0463,-0.4772,2.3e-05,0,0,83.5919,11.658706,WiFi6_2.4GHz
UE_007273,0.0027,42.44,39.0467,-52.56,6.4e-09,1.56,1.5,0.2524,-13.9558,9e-06,0,0,82.368,11.54712,WiFi6_2.4GHz
UE_007274,0.0022,51.92,42.4478,-43.08,2.3e-09,1.48,1.5,0.3245,1.9196,7e-06,0,0,80.3883,11.589379,WiFi6_2.4GHz
UE_007275,0.0123,17.69,9.5481,-77.31,0.0006622246,0.37,1.5,0.7651,4.632,4.1e-05,0,0,57.189,3.550177,WiFi6_2.4GHz
UE_007276,0.0117,0.17,-6.1677,-94.83,0.1194866587,0.4,1.5,36.628,1.2106,3.9e-05,0,0,20.0527,0.57152,WiFi6_2.4GHz
UE_007277,0.0124,25.91,22.2526,-69.09,9.7377e-06,0.37,1.5,0.4821,9.657,4.1e-05,0,0,63.6079,7.137313,WiFi6_2.4GHz
UE_007278,0.0035,4.78,1.9667,-90.22,0.1042433932,0.26,1.5,29.4152,6.8202,1.2e-05,0,0,27.843,0.826847,WiFi6_2.4GHz
UE_007279,0.0062,40.69,35.329,-54.31,5.5e-09,0.43,1.5,0.4732,-10.9808,2.1e-05,0,0,76.3668,11.422552,WiFi6_2.4GHz
UE_007280,0.0034,44.15,41.2556,-50.85,7.8e-09,0.61,1.5,0.0144,-13.1103,1.1e-05,0,0,80.0119,11.840671,WiFi6_2.4GHz
UE_007281,0.0071,17.09,9.5755,-77.91,0.0009830557,0.29,1.5,1.989,-13.2843,2.4e-05,0,0,58.4936,3.858183,WiFi6_2.4GHz
UE_007282,0.0064,22.36,13.1927,-72.64,0.000832955,0.64,1.5,1.1068,1.0858,2.1e-05,0,0,62.8547,5.397849,WiFi6_2.4GHz
UE_007283,0.0071,50.23,45.9386,-44.77,5.6e-09,2.27,1.5,0.3507,-15.0638,2.4e-05,0,0,78.8195,11.530644,WiFi6_2.4GHz
UE_007284,0.0017,24.83,17.7634,-70.17,0.000913986,0.46,1.5,1.5023,1.4191,6e-06,0,0,63.3918,4.994832,WiFi6_2.4GHz
UE_007285,0.0106,61.41,56.0042,-33.59,5.5e-09,0.51,1.5,0.2872,-15.8087,3.5e-05,0,0,78.0753,11.830236,WiFi6_2.4GHz
UE_007286,0.0141,47.71,41.2737,-47.29,5e-09,0.6,1.5,0.2955,-11.687,4.7e-05,0,0,76.0834,11.291637,WiFi6_2.4GHz
UE_007287,0.0056,41.53,36.2868,-53.47,1.3e-09,0.43,1.5,0.3103,14.3396,1.9e-05,0,0,80.3291,11.895035,WiFi6_2.4GHz
UE_007288,0.002,2.94,0.0698,-92.06,0.0710115364,0.44,1.5,36.4327,-14.5111,7e-06,0,0,23.2298,0.511156,WiFi6_2.4GHz
UE_007289,0.005,31.67,25.9864,-63.33,5.918e-06,0.31,1.5,0.2231,10.7073,1.7e-05,0,0,74.863,7.554168,WiFi6_2.4GHz
UE_007290,0.0081,38.66,29.83,-56.34,1.2e-09,1.84,1.5,0.2703,7.118,2.7e-05,0,0,75.6829,11.692367,WiFi6_2.4GHz
UE_007291,0.0064,37.73,31.6163,-57.27,9e-09,0.81,1.5,0.1042,-4.6945,2.1e-05,0,0,75.8651,11.926745,WiFi6_2.4GHz
UE_007292,0.0047,40.82,33.4025,-54.18,6.2e-09,1.04,1.5,0.229,12.8431,1.6e-05,0,0,78.3609,11.367213,WiFi6_2.4GHz
UE_007293,0.0041,25.65,18.8079,-69.35,4.3765e-06,0.84,1.6068,0.4277,8.8909,1.4e-05,0,0,62.7698,7.060177,WiFi6_2.4GHz
UE_007294,0.0063,13.27,8.1415,-81.73,0.0475809296,1.28,1.5,7.5682,-1.3216,2.1e-05,0,0,52.162,2.486658,WiFi6_2.4GHz
UE_007295,0.0095,15.61,11.1584,-79.39,0.0006854874,0.72,1.5,1.7413,-9.4382,3.2e-05,0,0,54.7516,3.309832,WiFi6_2.4GHz
UE_007296,0.0035,17.1,11.5478,-77.9,0.0006981273,1.01,1.5,0.5008,12.8112,1.2e-05,0,0,57.2878,3.191417,WiFi6_2.4GHz
UE_007297,0.0065,15.77,8.2176,-79.23,0.0008546102,1.71,1.5,0.6543,-7.4957,2.2e-05,0,0,59.6377,3.104149,WiFi6_2.4GHz
UE_007298,0.0017,15.71,10.1411,-79.29,0.000166677,0.8,1.5,1.7844,-13.5949,6e-06,0,0,56.2188,3.688439,WiFi6_2.4GHz
UE_007299,0.0107,88.12,83.3352,-6.88,7.7e-09,0.27,1.5,0.3394,-8.3737,3.6e-05,0,0,76.9054,11.675606,WiFi6_2.4GHz
UE_007300,0.0087,12.62,6.1272,-82.38,0.0412037537,0.23,1.5,6.7956,-15.2692,2.9e-05,0,0,48.9728,2.004044,WiFi6_2.4GHz
UE_007301,0.0132,28.59,25.1893,-66.41,9.9558e-06,0.35,1.5,0.1298,-12.6523,4.4e-05,0,0,67.5715,7.975523,WiFi6_2.4GHz
UE_007302,0.0123,0.84,-6.8159,-94.16,0.0968655432,0.34,1.5,13.9509,9.5829,4.1e-05,0,0,34.4843,0.243965,WiFi6_2.4GHz
UE_007303,0.0097,-5.66,-8.7152,-100.66,0.1131743058,0.85,1.5,28.092,-1.1188,3.2e-05,0,0,26.9741,0.220817,WiFi6_2.4GHz
UE_007304,0.0129,18.5,11.2088,-76.5,0.000959743,1.12,1.6557,0.7945,2.5902,4.3e-05,0,0,58.3332,3.599166,WiFi6_2.4GHz
UE_007305,0.0054,16.28,12.1431,-78.72,0.0009574875,0.68,1.5,1.4044,13.1378,1.8e-05,0,0,55.5358,3.432563,WiFi6_2.4GHz
UE_007306,0.0141,61.65,56.6749,-33.35,9.3e-09,0.91,1.5,0.3026,-3.031,4.7e-05,0,0,78.8345,11.42471,WiFi6_2.4GHz
UE_007307,0.0088,65.4,58.5826,-29.6,5.2e-09,0.1,1.5,0.0667,-8.7016,2.9e-05,0,0,78.5045,11.704792,WiFi6_2.4GHz
UE_007308,0.0133,77.47,70.5159,-17.53,9.7e-09,0.09,1.5,0.3933,-13.0382,4.4e-05,0,0,79.0507,12.09386,WiFi6_2.4GHz
UE_007309,0.0132,19.82,15.8022,-75.18,0.0004357004,1.71,1.5,0.9337,-5.2216,4.4e-05,0,0,57.1131,4.870475,WiFi6_2.4GHz
UE_007310,0.0088,13.43,7.3987,-81.57,0.0115093962,1.88,1.5,7.9589,-2.3499,2.9e-05,0,0,48.4056,2.308137,WiFi6_2.4GHz
UE_007311,0.0065,27.04,21.4298,-67.96,4.5053e-06,0.46,1.5,0.1068,-1.6233,2.2e-05,0,0,68.8705,6.976349,WiFi6_2.4GHz
UE_007312,0.0124,35.89,31.1219,-59.11,9.7e-09,0.45,1.5,0.2832,10.5196,4.1e-05,0,0,74.1361,11.598928,WiFi6_2.4GHz
UE_007313,0.0068,76.81,69.1336,-18.19,6.3e-09,0.38,1.5,0.2757,-9.9714,2.3e-05,0,0,77.2559,11.866503,WiFi6_2.4GHz
UE_007314,0.0136,12.03,6.3644,-82.97,0.0045837666,0.43,1.5,3.4259,-10.0789,4.5e-05,0,0,47.259,2.241759,WiFi6_2.4GHz
UE_007315,0.0031,-0.38,-8.1074,-95.38,0.1182141344,0.05,1.5,24.4429,4.6826,1e-05,0,0,27.1941,0.1,WiFi6_2.4GHz
UE_007316,0.0056,14.32,9.2149,-80.68,0.0184306249,0.06,1.5,2.2466,2.5108,1.9e-05,0,0,54.9446,2.182336,WiFi6_2.4GHz
UE_007317,0.0121,3.67,-0.6295,-91.33,0.1175170142,0.04,1.5,14.4551,5.0885,4e-05,0,0,36.8909,0.61632,WiFi6_2.4GHz
UE_007318,0.0121,14.61,11.5318,-80.39,0.0204440076,0.09,1.5,5.4753,13.4371,4e-05,0,0,49.9356,2.226703,WiFi6_2.4GHz
UE_007319,0.0066,50.96,48.1489,-44.04,9.3e-09,0.05,1.5,0.1979,11.3064,2.2e-05,0,0,77.4541,11.504112,WiFi6_2.4GHz
UE_007320,0.002,55.44,47.8708,-39.56,6.1e-09,0.04,1.5,0.072,-14.2668,7e-06,0,0,82.7596,12.000545,WiFi6_2.4GHz
UE_007321,0.0131,67.78,61.1287,-27.22,1.5e-09,0.05,1.5,0.4237,-0.7889,4.4e-05,0,0,77.9864,11.477975,WiFi6_2.4GHz
UE_007322,0.0022,8.36,6.0542,-86.64,0.0070341718,0.04,1.5,21.7915,12.7486,7e-06,0,0,34.5901,1.580886,WiFi6_2.4GHz
UE_007323,0.0042,53.07,47.5532,-41.93,3.8e-09,2.09,1.5,0.2336,-14.4901,1.4e-05,0,0,76.639,11.723201,WiFi6_2.4GHz
UE_007324,0.0066,65.88,61.254,-29.12,2.7e-09,0.68,1.5,0.1085,-15.8026,2.2e-05,0,0,77.7442,11.4624,WiFi6_2.4GHz
UE_007325,0.0124,15.14,9.464,-79.86,0.0001157815,0.72,1.5,0.5311,-10.0828,4.1e-05,0,0,56.8109,3.456073,WiFi6_2.4GHz
UE_007326,0.003,58.52,53.3406,-36.48,5.6e-09,0.62,1.5,0.2537,4.6597,1e-05,0,0,79.4229,11.563471,WiFi6_2.4GHz
UE_007327,0.0111,15.16,7.1814,-79.84,0.0007874352,0.93,1.5,1.5182,2.6338,3.7e-05,0,0,55.4892,3.546394,WiFi6_2.4GHz
UE_007328,0.0098,12.65,4.4105,-82.35,0.0137428758,0.88,1.5,6.1194,-2.6566,3.3e-05,0,0,50.3093,2.341299,WiFi6_2.4GHz
UE_007329,0.01,44.9,40.0252,-50.1,5.8e-09,0.72,1.5,0.404,6.8567,3.3e-05,0,0,77.3893,11.811479,WiFi6_2.4GHz
UE_007330,0.0013,33.37,29.0736,-61.63,5.524e-06,0.69,1.5,0.3068,-12.8132,4e-06,0,0,71.8806,10.555053,WiFi6_2.4GHz
UE_007331,0.0039,53.52,47.7336,-41.48,4.7e-09,1.43,1.5,0.1357,3.2568,1.3e-05,0,0,77.0432,11.599892,WiFi6_2.4GHz
UE_007332,0.0139,6.51,0.924,-88.49,0.0340343423,1.45,1.5,13.8233,10.693,4.6e-05,0,0,40.3277,1.31446,WiFi6_2.4GHz
UE_007333,0.0085,25.95,19.5745,-69.05,9.8913e-06,1.19,1.5,0.0222,-10.2867,2.8e-05,0,0,65.0592,7.164689,WiFi6_2.4GHz
UE_007334,0.0108,4.3,1.3035,-90.7,0.121900169,1.16,1.5,34.3395,-14.0743,3.6e-05,0,0,26.9621,0.438805,WiFi6_2.4GHz
UE_007335,0.003,5.79,-2.6885,-89.21,0.0395490869,1.07,1.5,28.639,-5.2342,1e-05,0,0,29.4313,1.218774,WiFi6_2.4GHz
UE_007336,0.0029,34.86,31.415,-60.14,3.1155e-06,0.52,1.5,0.2371,11.8848,1e-05,0,0,72.666,10.384565,WiFi6_2.4GHz
UE_007337,0.0072,20.36,12.5762,-74.64,0.0002957848,0.33,1.5,1.7015,3.7604,2.4e-05,0,0,60.894,5.078658,WiFi6_2.4GHz
UE_007338,0.0054,18.97,13.703,-76.03,3.009e-05,0.58,1.5,1.617,-14.8403,1.8e-05,0,0,58.1933,3.26038,WiFi6_2.4GHz
UE_007339,0.0106,17.98,14.8322,-77.02,5.35982e-05,0.46,1.5,1.3142,5.1157,3.5e-05,0,0,58.6409,3.159027,WiFi6_2.4GHz
UE_007340,0.0137,3.48,-1.5496,-91.52,0.1432794965,0.63,1.5,29.5735,0.1456,4.6e-05,0,0,28.7112,0.447481,WiFi6_2.4GHz
UE_007341,0.0039,42.02,35.7834,-52.98,1e-10,0.71,1.5,0.1732,5.0506,1.3e-05,0,0,76.0034,11.640974,WiFi6_2.4GHz
UE_007342,0.004,46.09,41.6346,-48.91,6.1e-09,0.45,1.5,0.4846,11.5578,1.3e-05,0,0,78.7466,11.968351,WiFi6_2.4GHz
UE_007343,0.0043,17.79,10.2719,-77.21,0.0005113192,0.02,1.5,1.4232,-1.5428,1.4e-05,0,0,54.1541,3.321043,WiFi6_2.4GHz
UE_007344,0.007,16.88,11.7777,-78.12,0.0004274637,0.02,1.5,1.2996,-1.0037,2.3e-05,0,0,55.4628,3.30818,WiFi6_2.4GHz
UE_007345,0.0013,9.61,2.7337,-85.39,0.0388627344,1.96,1.5,28.0055,7.6676,4e-06,0,0,34.5871,1.486179,WiFi6_2.4GHz
UE_007346,0.0052,18.38,10.7772,-76.62,0.0007519244,0.03,1.5,1.5307,-14.8008,1.7e-05,0,0,57.2891,3.856153,WiFi6_2.4GHz
UE_007347,0.0055,33.88,31.158,-61.12,3.175e-06,0.27,1.5,0.3134,10.1743,1.8e-05,0,0,76.6763,10.459147,WiFi6_2.4GHz
UE_007348,0.0022,14.73,10.9812,-80.27,0.0167703795,0.24,1.5,6.2189,1.116,7e-06,0,0,54.0798,2.859609,WiFi6_2.4GHz
UE_007349,0.0041,58.25,49.1766,-36.75,3.2e-09,0.44,1.5,0.149,0.059,1.4e-05,0,0,77.8921,11.79817,WiFi6_2.4GHz
UE_007350,0.0061,8.23,1.0781,-86.77,0.0426943889,0.27,1.5,22.1488,-3.1139,2e-05,0,0,36.2456,1.96377,WiFi6_2.4GHz
UE_007351,0.0029,35.64,31.8922,-59.36,4.2e-09,0.47,1.5,0.0737,8.535,1e-05,0,0,75.5845,11.656403,WiFi6_2.4GHz
UE_007352,0.0094,59.62,53.4617,-35.38,6.7e-09,0.35,1.5,0.3343,15.0866,3.1e-05,0,0,79.1267,11.891792,WiFi6_2.4GHz
UE_007353,0.0098,20.04,11.5286,-74.96,0.0007023795,0.51,1.5,0.9394,10.4821,3.3e-05,0,0,57.5316,4.972178,WiFi6_2.4GHz
UE_007354,0.011,33.11,28.4128,-61.89,1.2391e-06,0.35,1.5,0.2898,-2.9889,3.7e-05,0,0,72.1105,10.361708,WiFi6_2.4GHz
UE_007355,0.0139,19.33,14.0524,-75.67,0.0003314783,1.47,1.5,1.656,-7.4499,4.6e-05,0,0,59.5014,4.789339,WiFi6_2.4GHz
UE_007356,0.0074,57.12,51.7733,-37.88,9e-10,0.6,1.5,0.2291,-12.4628,2.5e-05,0,0,77.768,11.57486,WiFi6_2.4GHz
UE_007357,0.0094,71.93,66.1524,-23.07,7.7e-09,0.91,1.5,0.1562,-12.0903,3.1e-05,0,0,77.6311,11.572966,WiFi6_2.4GHz
UE_007358,0.0098,67.61,59.2296,-27.39,8.3e-09,0.76,1.5,0.1997,4.4244,3.3e-05,0,0,79.4062,11.898476,WiFi6_2.4GHz
UE_007359,0.0043,25.9,21.2595,-69.1,1.1045e-06,0.09,1.5,0.3742,10.337,1.4e-05,0,0,68.7503,6.885259,WiFi6_2.4GHz
UE_007360,0.0017,8.01,3.9855,-86.99,0.0205897577,0.14,1.5,35.9027,-4.8216,6e-06,0,0,26.7661,1.464475,WiFi6_2.4GHz
UE_007361,0.0095,-5.75,-9.1681,-100.75,0.1034796039,0.14,1.5,27.3939,13.6529,3.2e-05,0,0,22.1439,0.368909,WiFi6_2.4GHz
UE_007362,0.0139,53.06,45.4085,-41.94,1.5e-09,0.07,1.5,0.2706,-12.6838,4.6e-05,0,0,78.3175,11.639733,WiFi6_2.4GHz
UE_007363,0.0122,34.76,30.9471,-60.24,4.9416e-06,0.14,1.5,0.1277,1.1732,4.1e-05,0,0,72.3296,10.437266,WiFi6_2.4GHz
UE_007364,0.0054,25.1,19.4312,-69.9,4.5192e-06,0.12,1.5,0.3005,3.4026,1.8e-05,0,0,63.9898,7.201571,WiFi6_2.4GHz
UE_007365,0.0027,4.29,-3.4363,-90.71,0.1285976009,0.14,1.5,28.7763,-4.1586,9e-06,0,0,27.7131,0.493338,WiFi6_2.4GHz
UE_007366,0.0082,28.03,21.2632,-66.97,6.6921e-06,0.16,1.5,0.2422,-11.509,2.7e-05,0,0,67.2092,7.46065,WiFi6_2.4GHz
UE_007367,0.0083,39.46,35.0234,-55.54,8.2e-09,0.9,1.5,0.192,-3.9276,2.8e-05,0,0,75.6764,11.569442,WiFi6_2.4GHz
UE_007368,0.0106,54.3,49.4121,-40.7,6.8e-09,0.78,1.5,0.259,14.1075,3.5e-05,0,0,77.7926,11.693553,WiFi6_2.4GHz
UE_007369,0.0115,62.47,55.6568,-32.53,4.2e-09,0.75,1.5,0.0577,-8.7152,3.8e-05,0,0,75.4748,11.461347,WiFi6_2.4GHz
UE_007370,0.0049,9.68,5.7541,-85.32,0.0280899216,0.55,1.5,8.1519,4.2117,1.6e-05,0,0,47.58,1.944309,WiFi6_2.4GHz
UE_007371,0.0086,35.32,28.0357,-59.68,8.8e-09,0.72,1.5,0.1637,-14.0187,2.9e-05,0,0,75.6724,11.585618,WiFi6_2.4GHz
UE_007372,0.0029,24.77,18.863,-70.23,0.0004455767,1.1,1.5,1.5148,6.6536,1e-05,0,0,64.6532,5.060447,WiFi6_2.4GHz
UE_007373,0.01,-0.33,-6.0609,-95.33,0.1031359211,0.73,1.5654,29.1711,-8.4906,3.3e-05,0,0,24.2285,0.1,WiFi6_2.4GHz
UE_007374,0.0097,57.76,52.5191,-37.24,8.7e-09,1.08,1.5,0.4467,3.3014,3.2e-05,0,0,79.2151,11.671652,WiFi6_2.4GHz
UE_007375,0.011,37.8,33.4062,-57.2,6e-10,1.05,1.5,0.046,-13.4032,3.7e-05,0,0,73.8243,11.310531,WiFi6_2.4GHz
UE_007376,0.0044,35.79,33.7289,-59.21,8.1e-09,0.8,1.5,0.1845,14.4491,1.5e-05,0,0,73.3839,11.343268,WiFi6_2.4GHz
UE_007377,0.0117,27.28,24.3855,-67.72,7.4341e-06,0.89,1.5,0.0487,4.736,3.9e-05,0,0,66.7788,7.102,WiFi6_2.4GHz
UE_007378,0.013,15.49,8.3959,-79.51,0.0008327826,1.04,1.5,1.3841,7.0692,4.3e-05,0,0,54.3895,3.532851,WiFi6_2.4GHz
UE_007379,0.0095,41.81,37.4208,-53.19,3.3e-09,0.92,1.5,0.4951,-9.6362,3.2e-05,0,0,78.6203,11.689198,WiFi6_2.4GHz
UE_007380,0.0106,25.33,19.6638,-69.67,9.169e-06,1.08,1.5,0.3612,-7.9985,3.5e-05,0,0,61.4207,6.977884,WiFi6_2.4GHz
UE_007381,0.0046,33.1,26.1798,-61.9,4.82e-08,0.79,1.5,0.4924,-3.4555,1.5e-05,0,0,70.7629,10.586781,WiFi6_2.4GHz
UE_007382,0.0114,1.8,-6.3852,-93.2,0.0744232037,1.24,1.5,24.7463,-6.807,3.8e-05,0,0,31.7932,0.186723,WiFi6_2.4GHz
UE_007383,0.0103,11.6,2.396,-83.4,0.0045817018,1.32,1.5,2.9052,-8.4851,3.4e-05,0,0,52.1718,2.242441,WiFi6_2.4GHz
UE_007384,0.0086,23.9,16.8128,-71.1,0.0006459322,1.26,1.5,1.8103,-7.3531,2.9e-05,0,0,63.3061,5.277176,WiFi6_2.4GHz
UE_007385,0.0023,11.62,8.1156,-83.38,0.0020926875,1.28,1.5,2.9504,-14.9459,8e-06,0,0,49.6383,2.337596,WiFi6_2.4GHz
UE_007386,0.0139,41.81,37.5292,-53.19,3.2e-09,1.05,1.5,0.1379,0.887,4.6e-05,0,0,80.4567,11.484795,WiFi6_2.4GHz
UE_007387,0.0087,31.35,26.1013,-63.65,1.3902e-06,1.13,1.5,0.406,-15.1524,2.9e-05,0,0,68.3639,8.140864,WiFi6_2.4GHz
UE_007388,0.0126,43.65,40.5032,-51.35,3.4e-09,1.2,1.5,0.0452,-1.2907,4.2e-05,0,0,77.4426,11.629105,WiFi6_2.4GHz
UE_007389,0.0067,36.1,31.1918,-58.9,4e-09,0.81,1.5,0.4219,6.4518,2.2e-05,0,0,74.6485,11.790331,WiFi6_2.4GHz
UE_007390,0.0011,27.96,23.5475,-67.04,6.6226e-06,1.07,1.5,0.1242,-10.0932,4e-06,0,0,65.4205,7.064818,WiFi6_2.4GHz
UE_007391,0.0084,43.57,38.6738,-51.43,8.7e-09,0.08,1.5,0.3511,-11.8467,2.8e-05,0,0,76.6717,11.298112,WiFi6_2.4GHz
UE_007392,0.0051,17.13,8.3605,-77.87,8.00767e-05,0.1,1.5,1.3475,1.7106,1.7e-05,0,0,57.6174,3.595761,WiFi6_2.4GHz
UE_007393,0.0135,15.2,12.5796,-79.8,0.0008663603,0.08,1.5,1.8956,0.3673,4.5e-05,0,0,54.7262,2.957567,WiFi6_2.4GHz
UE_007394,0.0031,12.64,6.1366,-82.36,0.0200590757,0.06,1.5,6.3442,-5.5599,1e-05,0,0,50.1389,2.147863,WiFi6_2.4GHz
UE_007395,0.0063,23.55,18.5244,-71.45,0.0004436134,0.49,1.8241,1.6719,-14.2612,2.1e-05,0,0,64.0322,5.501977,WiFi6_2.4GHz
UE_007396,0.0051,15.6,8.4897,-79.4,0.0005812453,0.26,1.5,1.6469,14.7888,1.7e-05,0,0,58.2982,3.553367,WiFi6_2.4GHz
UE_007397,0.0113,12.87,6.905,-82.13,0.0317359073,0.58,1.5,4.2482,4.021,3.8e-05,0,0,53.283,1.96364,WiFi6_2.4GHz
UE_007398,0.0032,14.43,10.6841,-80.57,0.0289778775,0.46,1.5,5.1852,-12.39,1.1e-05,0,0,52.5998,2.418608,WiFi6_2.4GHz
UE_007399,0.0094,38.5,32.0203,-56.5,5.5e-09,0.29,1.5,0.2023,-13.2035,3.1e-05,0,0,70.3723,11.448719,WiFi6_2.4GHz
UE_007400,0.0019,14.38,6.9423,-80.62,0.0019975911,0.5,1.5,4.1784,-4.0467,6e-06,0,0,51.6032,2.018196,WiFi6_2.4GHz
UE_007401,0.0072,20.5,15.8498,-74.5,8.32719e-05,0.44,1.5,1.51,14.8509,2.4e-05,0,0,59.7452,4.563233,WiFi6_2.4GHz
UE_007402,0.0039,14.24,9.1462,-80.76,0.0212519906,0.39,1.6075,4.5804,-10.7292,1.3e-05,0,0,53.3626,2.348676,WiFi6_2.4GHz
UE_007403,0.0022,33.69,29.7222,-61.31,7.3828e-06,1.13,1.5,0.3938,-13.543,7e-06,0,0,69.4821,10.841078,WiFi6_2.4GHz
UE_007404,0.0101,27.95,22.4735,-67.05,7.3003e-06,0.95,1.5807,0.1974,3.3907,3.4e-05,0,0,66.8625,6.791598,WiFi6_2.4GHz
UE_007405,0.0079,56.85,53.6839,-38.15,1.9e-09,0.83,1.7643,0.4956,-10.1796,2.6e-05,0,0,75.1225,11.833909,WiFi6_2.4GHz
UE_007406,0.005,56.0,48.8338,-39.0,7.9e-09,1.09,1.5,0.4832,-15.306,1.7e-05,0,0,81.6736,11.68491,WiFi6_2.4GHz
UE_007407,0.008,62.64,59.3695,-32.36,1.7e-09,0.22,1.5,0.3612,13.4495,2.7e-05,0,0,75.1366,11.674788,WiFi6_2.4GHz
UE_007408,0.0018,38.59,32.9498,-56.41,1e-09,0.17,1.5494,0.3742,-10.6763,6e-06,0,0,73.5911,11.749801,WiFi6_2.4GHz
UE_007409,0.008,24.37,16.6246,-70.63,0.0009043049,0.19,1.5,0.7593,-10.9214,2.7e-05,0,0,66.5337,5.50689,WiFi6_2.4GHz
UE_007410,0.0082,29.38,23.5645,-65.62,2.4883e-06,0.17,1.7202,0.0327,12.9542,2.7e-05,0,0,66.7451,7.726594,WiFi6_2.4GHz
UE_007411,0.003,81.71,75.8338,-13.29,3e-09,0.8,1.5,0.4058,3.0295,1e-05,0,0,80.9206,11.512611,WiFi6_2.4GHz
UE_007412,0.0028,11.64,5.2582,-83.36,0.0049587262,0.64,1.5,4.0913,2.1612,9e-06,0,0,51.9498,2.413995,WiFi6_2.4GHz
UE_007413,0.0115,63.28,58.4801,-31.72,9.5e-09,0.52,1.5,0.2352,2.1471,3.8e-05,0,0,81.0717,11.159034,WiFi6_2.4GHz
UE_007414,0.0018,74.19,70.3162,-20.81,9.6e-09,0.65,1.5,0.1505,-7.8115,6e-06,0,0,74.6224,11.813915,WiFi6_2.4GHz
UE_007415,0.0129,31.93,27.2618,-63.07,6.8894e-06,0.54,1.5,0.2598,7.1952,4.3e-05,0,0,70.2439,7.811902,WiFi6_2.4GHz
UE_007416,0.0017,33.04,28.966,-61.96,3.7659e-06,0.73,1.5,0.2232,-6.7477,6e-06,0,0,70.5309,10.426567,WiFi6_2.4GHz
UE_007417,0.0044,57.11,51.3032,-37.89,3.2e-09,0.95,1.5,0.4186,11.5812,1.5e-05,0,0,80.5956,11.658719,WiFi6_2.4GHz
UE_007418,0.0073,43.22,37.6755,-51.78,8.2e-09,0.97,1.5,0.4659,14.1752,2.4e-05,0,0,79.1674,11.77095,WiFi6_2.4GHz
UE_007419,0.0046,34.93,25.5644,-60.07,5.8432e-06,0.21,1.5,0.1936,-13.3692,1.5e-05,0,0,72.2603,10.318546,WiFi6_2.4GHz
UE_007420,0.0059,13.5,7.1896,-81.5,0.0196453393,0.19,1.5,2.3081,8.3192,2e-05,0,0,54.73,2.424336,WiFi6_2.4GHz
UE_007421,0.0109,8.72,3.0077,-86.28,0.040742945,0.28,1.5,11.0322,-4.6305,3.6e-05,0,0,45.9607,1.65317,WiFi6_2.4GHz
UE_007422,0.0094,59.52,52.562,-35.48,2.5e-09,0.31,1.6903,0.3564,3.3383,3.1e-05,0,0,80.0815,11.7966,WiFi6_2.4GHz
UE_007423,0.0112,2.62,-1.8248,-92.38,0.0552539972,1.01,1.5,18.7998,2.1915,3.7e-05,0,0,36.5129,0.453268,WiFi6_2.4GHz
UE_007424,0.0051,12.06,8.3199,-82.94,0.0273729495,1.34,1.5,6.6333,-0.4157,1.7e-05,0,0,50.0325,2.132817,WiFi6_2.4GHz
UE_007425,0.0057,55.79,48.8601,-39.21,7.5e-09,1.37,1.5,0.1216,8.254,1.9e-05,0,0,79.3119,11.749946,WiFi6_2.4GHz
UE_007426,0.0101,56.64,51.782,-38.36,8e-09,1.69,1.5,0.3029,-5.0382,3.4e-05,0,0,76.1635,11.89165,WiFi6_2.4GHz
UE_007427,0.0077,48.67,44.9929,-46.33,9.8e-09,0.19,1.5,0.3621,11.7179,2.6e-05,0,0,76.1012,11.678579,WiFi6_2.4GHz
UE_007428,0.0122,76.15,69.2856,-18.85,8e-10,0.12,1.5,0.3071,10.5729,4.1e-05,0,0,76.9751,11.303785,WiFi6_2.4GHz
UE_007429,0.0078,10.34,5.4077,-84.66,0.0211922388,0.09,1.5,4.6354,6.0883,2.6e-05,0,0,49.0759,1.63022,WiFi6_2.4GHz
UE_007430,0.009,57.84,55.4495,-37.16,6e-10,1.38,1.5,0.1848,14.0199,3e-05,0,0,77.2952,11.866001,WiFi6_2.4GHz
UE_007431,0.0121,35.01,28.1988,-59.99,2e-10,0.5,1.5,0.0651,15.495,4e-05,0,0,75.0171,11.663227,WiFi6_2.4GHz
UE_007432,0.0027,55.55,49.2773,-39.45,5.9e-09,0.37,1.5,0.0978,7.0363,9e-06,0,0,82.3657,11.726733,WiFi6_2.4GHz
UE_007433,0.0064,26.38,22.2595,-68.62,4.9046e-06,0.49,1.5,0.3017,11.1434,2.1e-05,0,0,65.1915,6.86296,WiFi6_2.4GHz
UE_007434,0.0046,-1.03,-6.5054,-96.03,0.0956164278,0.27,1.5,21.9193,15.0718,1.5e-05,0,0,29.3311,0.271632,WiFi6_2.4GHz
UE_007435,0.0054,0.98,-4.0988,-94.02,0.0960942327,1.28,1.5,38.6598,-6.2712,1.8e-05,0,0,16.021,0.1,WiFi6_2.4GHz
UE_007436,0.0093,46.86,42.1885,-48.14,1.3e-09,0.14,1.5,0.3186,6.0985,3.1e-05,0,0,76.325,11.82041,WiFi6_2.4GHz
UE_007437,0.0048,16.37,8.3281,-78.63,0.0002334879,0.13,1.5,1.4701,11.4547,1.6e-05,0,0,58.5459,3.096238,WiFi6_2.4GHz
UE_007438,0.0121,0.41,-4.5047,-94.59,0.0795312664,0.22,1.5,12.8688,-10.236,4e-05,0,0,34.5946,0.127479,WiFi6_2.4GHz
UE_007439,0.0097,30.64,25.2587,-64.36,6.7664e-06,0.13,1.5,0.3399,-8.1933,3.2e-05,0,0,70.8244,7.701874,WiFi6_2.4GHz
UE_007440,0.0047,50.59,47.2374,-44.41,2.9e-09,0.21,1.5,0.2998,8.618,1.6e-05,0,0,78.1915,11.426751,WiFi6_2.4GHz
UE_007441,0.0044,32.33,27.8894,-62.67,8.286e-06,1.45,1.5042,0.0749,11.7002,1.5e-05,0,0,68.7123,10.458139,WiFi6_2.4GHz
UE_007442,0.0125,58.87,54.1735,-36.13,2.5e-09,0.14,1.5,0.0678,12.7498,4.2e-05,0,0,78.1754,11.538643,WiFi6_2.4GHz
UE_007443,0.0128,13.55,8.2831,-81.45,0.0162684731,0.41,1.5,4.5469,-13.8891,4.3e-05,0,0,54.0325,2.234985,WiFi6_2.4GHz
UE_007444,0.0107,38.22,30.5704,-56.78,3.8e-09,0.45,1.5,0.156,-3.9663,3.6e-05,0,0,73.4216,11.877045,WiFi6_2.4GHz
UE_007445,0.0026,32.55,28.0816,-62.45,3.466e-07,0.32,1.7376,0.4086,7.76,9e-06,0,0,71.7763,10.840454,WiFi6_2.4GHz
UE_007446,0.0049,30.36,24.5833,-64.64,9.1906e-06,0.29,1.5,0.0953,-7.8793,1.6e-05,0,0,73.173,7.585931,WiFi6_2.4GHz
UE_007447,0.0115,33.19,29.6757,-61.81,2.3477e-06,0.52,1.5,0.4625,-10.9213,3.8e-05,0,0,73.2818,10.530987,WiFi6_2.4GHz
UE_007448,0.0035,36.91,31.5977,-58.09,9.1e-09,2.11,1.6969,0.0234,5.6833,1.2e-05,0,0,74.5871,11.740822,WiFi6_2.4GHz
UE_007449,0.0093,9.61,6.1204,-85.39,0.0308110857,0.81,1.5,37.681,4.9535,3.1e-05,0,0,28.4946,1.649972,WiFi6_2.4GHz
UE_007450,0.0129,0.42,-7.1366,-94.58,0.1198141679,0.53,1.5,38.5053,-2.5122,4.3e-05,0,0,20.3415,0.117225,WiFi6_2.4GHz
UE_007451,0.004,15.8,10.3236,-79.2,0.0002438575,0.01,1.5,1.0193,-15.7415,1.3e-05,0,0,58.9444,3.897826,WiFi6_2.4GHz
UE_007452,0.0107,23.22,19.1455,-71.78,0.0008375786,0.04,1.5,0.932,14.6548,3.6e-05,0,0,63.5043,5.558108,WiFi6_2.4GHz
UE_007453,0.0075,7.43,1.139,-87.57,0.0049577196,0.03,1.5,15.9655,10.721,2.5e-05,0,0,38.882,1.00323,WiFi6_2.4GHz
UE_007454,0.0038,1.13,-4.1974,-93.87,0.0963564472,0.02,1.5,29.5575,15.8567,1.3e-05,0,0,27.6861,0.202784,WiFi6_2.4GHz
UE_007455,0.0117,40.69,35.5237,-54.31,8.6e-09,0.62,1.5,0.4808,-8.1826,3.9e-05,0,0,76.3004,12.111692,WiFi6_2.4GHz
UE_007456,0.0129,33.22,26.7056,-61.78,8.9352e-06,0.69,1.5,0.4436,-0.8293,4.3e-05,0,0,73.1827,10.35837,WiFi6_2.4GHz
UE_007457,0.0028,45.39,41.34,-49.61,4.7e-09,0.65,1.5,0.0674,2.4584,9e-06,0,0,80.4109,11.772479,WiFi6_2.4GHz
UE_007458,0.0029,5.61,-1.4408,-89.39,0.0139753865,0.58,1.5,15.8639,-4.1771,1e-05,0,0,42.8877,0.943633,WiFi6_2.4GHz
UE_007459,0.0094,24.36,18.2586,-70.64,0.0007700612,1.44,1.5,1.9344,7.5059,3.1e-05,0,0,60.5034,5.271684,WiFi6_2.4GHz
UE_007460,0.0111,74.69,71.9469,-20.31,3.4e-09,0.66,1.5,0.4739,12.4113,3.7e-05,0,0,75.8639,11.816009,WiFi6_2.4GHz
UE_007461,0.0113,54.12,44.5845,-40.88,3.6e-09,0.89,1.5,0.478,5.3246,3.8e-05,0,0,76.9906,11.683984,WiFi6_2.4GHz
UE_007462,0.0039,50.91,45.7176,-44.09,9.4e-09,0.86,1.5,0.0204,15.7126,1.3e-05,0,0,81.5783,11.611341,WiFi6_2.4GHz
UE_007463,0.0135,8.45,2.7778,-86.55,0.0250321492,0.13,1.5,22.9316,15.1064,4.5e-05,0,0,35.9526,1.470371,WiFi6_2.4GHz
UE_007464,0.0128,37.92,35.3999,-57.08,3e-09,0.14,1.5,0.2259,-11.8783,4.3e-05,0,0,77.0201,11.493684,WiFi6_2.4GHz
UE_007465,0.0019,47.41,41.8923,-47.59,3.5e-09,0.23,1.5,0.02,-7.109,6e-06,0,0,78.0815,11.518638,WiFi6_2.4GHz
UE_007466,0.0075,33.0,23.8342,-62.0,5.3293e-06,0.12,1.5,0.3889,6.9599,2.5e-05,0,0,73.842,10.471046,WiFi6_2.4GHz
UE_007467,0.0076,19.22,14.593,-75.78,0.0003316062,0.19,1.5,0.8545,-14.0694,2.5e-05,0,0,61.5938,4.704659,WiFi6_2.4GHz
UE_007468,0.0124,52.45,46.1781,-42.55,8.9e-09,0.2,1.5,0.263,-15.9082,4.1e-05,0,0,78.5108,11.89961,WiFi6_2.4GHz
UE_007469,0.0066,30.17,23.1625,-64.83,1.0864e-06,0.2,1.5,0.3583,13.0488,2.2e-05,0,0,68.629,7.699881,WiFi6_2.4GHz
UE_007470,0.0043,15.37,10.0101,-79.63,0.00049771,0.19,1.5,1.0275,-12.1461,1.4e-05,0,0,56.5473,3.235057,WiFi6_2.4GHz
UE_007471,0.0121,21.66,19.3927,-73.34,0.0003195795,0.06,1.5,0.9971,2.3568,4e-05,0,0,61.8154,5.490724,WiFi6_2.4GHz
UE_007472,0.0051,55.34,52.2224,-39.66,3.9e-09,0.08,1.566,0.0386,-8.3805,1.7e-05,0,0,78.6448,11.424455,WiFi6_2.4GHz
UE_007473,0.0077,6.2,0.5699,-88.8,0.0266843288,0.08,1.5,16.637,-15.4237,2.6e-05,0,0,40.2624,1.094526,WiFi6_2.4GHz
UE_007474,0.0135,55.14,50.6109,-39.86,6.3e-09,0.07,1.5,0.2984,-2.951,4.5e-05,0,0,76.8378,11.587594,WiFi6_2.4GHz
UE_007475,0.013,12.23,5.3404,-82.77,0.0376002592,0.41,1.5,6.0579,13.1916,4.3e-05,0,0,51.6624,2.378884,WiFi6_2.4GHz
UE_007476,0.004,23.82,20.0189,-71.18,0.000869393,0.37,1.5,0.6606,-9.4433,1.3e-05,0,0,61.5253,5.114632,WiFi6_2.4GHz
UE_007477,0.0094,19.6,14.9785,-75.4,0.0001614845,0.52,1.5,0.9579,-13.0131,3.1e-05,0,0,56.3312,4.606137,WiFi6_2.4GHz
UE_007478,0.0052,14.49,7.1203,-80.51,0.029741552,0.6,1.5,2.0265,-10.0825,1.7e-05,0,0,57.6766,2.202587,WiFi6_2.4GHz
UE_007479,0.0137,42.16,34.7557,-52.84,4.9e-09,1.24,1.5,0.1624,-9.2362,4.6e-05,0,0,77.3948,11.547132,WiFi6_2.4GHz
UE_007480,0.0054,14.57,9.8353,-80.43,0.0120062231,0.69,1.5,2.7734,-4.3097,1.8e-05,0,0,52.3218,2.075919,WiFi6_2.4GHz
UE_007481,0.0093,15.53,11.4772,-79.47,0.0003437277,0.91,1.5,1.6679,8.4781,3.1e-05,0,0,53.7663,3.21202,WiFi6_2.4GHz
UE_007482,0.0125,1.46,-1.5388,-93.54,0.1495324698,0.86,1.5,17.3282,-4.5232,4.2e-05,0,0,35.4655,0.370482,WiFi6_2.4GHz
UE_007483,0.0033,-3.56,-11.9777,-98.56,0.1000110873,0.86,1.5,12.3123,-12.5744,1.1e-05,0,0,36.4716,0.508712,WiFi6_2.4GHz
UE_007484,0.0072,45.47,37.6877,-49.53,4.4e-09,1.03,1.5,0.3611,1.2975,2.4e-05,0,0,78.2765,11.716779,WiFi6_2.4GHz
UE_007485,0.011,4.6,-2.6086,-90.4,0.0532913134,0.79,1.5,21.2935,11.1223,3.7e-05,0,0,35.2817,0.50379,WiFi6_2.4GHz
UE_007486,0.002,8.2,3.848,-86.8,0.0233866516,1.22,1.5,25.2257,11.8476,7e-06,0,0,37.2303,1.578478,WiFi6_2.4GHz
UE_007487,0.0027,30.51,24.7988,-64.49,8.172e-07,0.63,1.5,0.2162,6.6279,9e-06,0,0,73.3681,7.458416,WiFi6_2.4GHz
UE_007488,0.0134,55.12,49.4246,-39.88,3.7e-09,0.46,1.5,0.237,6.3475,4.5e-05,0,0,76.8365,11.845623,WiFi6_2.4GHz
UE_007489,0.0112,27.72,21.712,-67.28,6.1575e-06,0.46,1.5,0.1734,-6.6343,3.7e-05,0,0,66.2625,6.795933,WiFi6_2.4GHz
UE_007490,0.0076,60.59,53.809,-34.41,3.2e-09,0.37,1.5,0.4292,-6.0459,2.5e-05,0,0,82.1502,11.669074,WiFi6_2.4GHz
UE_007491,0.0129,65.27,56.7882,-29.73,2e-10,1.0,1.5,0.1032,-10.5609,4.3e-05,0,0,76.1974,11.813373,WiFi6_2.4GHz
UE_007492,0.01,80.33,73.7527,-14.67,2.1e-09,1.12,1.5,0.4786,-15.8084,3.3e-05,0,0,78.2636,11.633657,WiFi6_2.4GHz
UE_007493,0.0059,43.45,39.0202,-51.55,2.5e-09,0.93,1.5,0.3741,-1.3405,2e-05,0,0,78.7589,11.628154,WiFi6_2.4GHz
UE_007494,0.0027,53.36,49.6582,-41.64,9.5e-09,0.94,1.5,0.0182,12.6649,9e-06,0,0,77.7142,11.594425,WiFi6_2.4GHz
UE_007495,0.0021,37.27,29.4778,-57.73,8.4e-09,0.01,1.5,0.013,5.3025,7e-06,0,0,72.8582,11.746153,WiFi6_2.4GHz
UE_007496,0.0014,44.17,39.6097,-50.83,8.5e-09,0.0,1.5,0.1225,-10.9509,5e-06,0,0,77.7933,11.470259,WiFi6_2.4GHz
UE_007497,0.0029,17.9,11.4771,-77.1,0.0004906402,0.0,1.5,0.8917,-1.1975,1e-05,0,0,61.3665,3.439479,WiFi6_2.4GHz
UE_007498,0.011,9.56,4.1015,-85.44,0.027738296,0.0,1.5,33.757,3.0312,3.7e-05,0,0,30.2933,1.614845,WiFi6_2.4GHz
UE_007499,0.0067,29.94,21.9427,-65.06,7.7148e-06,0.13,1.5,0.4894,9.0143,2.2e-05,0,0,69.9807,7.778377,WiFi6_2.4GHz
UE_007500,0.0074,57.63,52.4347,-37.37,1.8e-09,0.14,1.5,0.3869,-3.6797,2.5e-05,0,0,77.5173,11.781103,WiFi6_2.4GHz
UE_007501,0.003,50.35,45.9864,-44.65,8.2e-09,0.11,1.5,0.3684,12.4772,1e-05,0,0,76.2614,11.794825,WiFi6_2.4GHz
UE_007502,0.013,31.08,28.2835,-63.92,4.5328e-06,0.11,1.5,0.3741,-11.0426,4.3e-05,0,0,70.4648,8.249675,WiFi6_2.4GHz
UE_007503,0.002,53.35,46.9952,-41.65,8.9e-09,1.03,1.5,0.0889,-11.4329,7e-06,0,0,80.5527,11.545132,WiFi6_2.4GHz
UE_007504,0.006,9.36,1.5185,-85.64,0.0391955456,1.25,1.5,37.7774,-12.1402,2e-05,0,0,28.1015,1.904302,WiFi6_2.4GHz
UE_007505,0.0049,33.14,30.93,-61.86,3.517e-06,1.01,1.5,0.1783,7.8213,1.6e-05,0,0,70.9004,10.204081,WiFi6_2.4GHz
UE_007506,0.0125,42.87,40.0199,-52.13,3.2e-09,0.51,1.5,0.3928,-12.4386,4.2e-05,0,0,78.2529,11.307562,WiFi6_2.4GHz
UE_007507,0.0037,4.39,-0.0432,-90.61,0.0713087549,1.09,1.5,38.0755,-8.6348,1.2e-05,0,0,27.3985,1.014406,WiFi6_2.4GHz
UE_007508,0.0015,13.39,7.9979,-81.61,0.0418775651,1.32,1.5,5.6336,-0.1372,5e-06,0,0,49.6854,2.566052,WiFi6_2.4GHz
UE_007509,0.0056,21.94,18.4387,-73.06,0.000775793,1.23,1.5,1.8078,-9.2951,1.9e-05,0,0,60.12,5.420339,WiFi6_2.4GHz
UE_007510,0.0101,12.01,4.3449,-82.99,0.0358152317,1.12,1.5,7.2052,-12.5986,3.4e-05,0,0,49.4002,2.101545,WiFi6_2.4GHz
UE_007511,0.0082,48.06,39.5339,-46.94,2.1e-09,0.19,1.5,0.3701,11.0362,2.7e-05,0,0,78.1382,11.467914,WiFi6_2.4GHz
UE_007512,0.0121,7.95,2.057,-87.05,0.029181442,0.18,1.5,25.8263,-3.7,4e-05,0,0,34.7527,1.402819,WiFi6_2.4GHz
UE_007513,0.0092,41.67,38.5804,-53.33,3e-09,0.18,1.5476,0.4606,-8.5376,3.1e-05,0,0,79.996,11.726667,WiFi6_2.4GHz
UE_007514,0.0046,16.78,12.9496,-78.22,0.0006917723,0.13,1.5,0.5333,15.7228,1.5e-05,0,0,61.1592,3.590506,WiFi6_2.4GHz
UE_007515,0.0074,21.99,19.1913,-73.01,0.0008730621,1.48,1.5,0.9698,5.1134,2.5e-05,0,0,63.0871,5.49051,WiFi6_2.4GHz
UE_007516,0.012,10.49,8.6226,-84.51,0.0172712433,0.99,1.5,3.2458,5.7182,4e-05,0,0,52.2725,1.74668,WiFi6_2.4GHz
UE_007517,0.0097,58.16,53.2506,-36.84,3.1e-09,1.52,1.5,0.4129,0.0244,3.2e-05,0,0,78.1666,11.721884,WiFi6_2.4GHz
UE_007518,0.0114,67.44,62.8125,-27.56,7.9e-09,1.11,1.5,0.1008,-0.8085,3.8e-05,0,0,78.4549,11.867921,WiFi6_2.4GHz
UE_007519,0.0135,7.62,4.6309,-87.38,0.0154974023,0.91,1.5,37.409,2.9431,4.5e-05,0,0,26.8247,0.944649,WiFi6_2.4GHz
UE_007520,0.0074,9.66,4.5812,-85.34,0.0103244371,1.16,1.5,25.7389,-8.6818,2.5e-05,0,0,30.3158,1.638085,WiFi6_2.4GHz
UE_007521,0.0028,39.1,34.2324,-55.9,4.6e-09,0.67,1.5,0.4897,-11.5075,9e-06,0,0,77.3108,11.842809,WiFi6_2.4GHz
UE_007522,0.0077,38.6,29.6157,-56.4,4.8e-09,0.78,1.5,0.1999,7.4913,2.6e-05,0,0,74.2548,11.765104,WiFi6_2.4GHz
UE_007523,0.0125,41.69,35.9663,-53.31,1.7e-09,0.04,1.5,0.0567,-9.0597,4.2e-05,0,0,72.7821,11.792715,WiFi6_2.4GHz
UE_007524,0.0066,20.36,13.3296,-74.64,0.0002370094,0.03,1.5,1.9178,12.5226,2.2e-05,0,0,59.3011,4.638689,WiFi6_2.4GHz
UE_007525,0.0114,4.53,-0.8429,-90.47,0.1436497624,0.04,1.5,11.4318,11.5566,3.8e-05,0,0,38.6578,0.495642,WiFi6_2.4GHz
UE_007526,0.0077,12.4,5.7583,-82.6,0.0251697229,0.03,1.5,2.5674,-6.443,2.6e-05,0,0,50.7371,2.518648,WiFi6_2.4GHz
UE_007527,0.0117,66.79,60.5335,-28.21,9e-09,1.17,1.5,0.4822,-0.7543,3.9e-05,0,0,76.4557,11.851443,WiFi6_2.4GHz
UE_007528,0.0104,16.25,7.4522,-78.75,0.0007929558,0.86,1.5,1.1461,4.1031,3.5e-05,0,0,58.7645,3.646087,WiFi6_2.4GHz
UE_007529,0.0108,12.34,4.5608,-82.66,0.0444114141,0.99,1.8735,6.7263,4.4847,3.6e-05,0,0,50.9628,2.419442,WiFi6_2.4GHz
UE_007530,0.0037,27.67,21.6465,-67.33,2.31e-07,1.17,1.5,0.0148,10.2681,1.2e-05,0,0,68.7184,6.820641,WiFi6_2.4GHz
UE_007531,0.0077,56.39,52.1229,-38.61,5.4e-09,0.25,1.5048,0.036,12.4915,2.6e-05,0,0,80.064,11.468524,WiFi6_2.4GHz
UE_007532,0.0099,15.16,11.2978,-79.84,0.0004500553,0.3,1.5,0.9649,-3.4585,3.3e-05,0,0,56.7469,3.743534,WiFi6_2.4GHz
UE_007533,0.0087,36.73,33.7092,-58.27,6.3e-09,0.25,1.5,0.2713,6.0633,2.9e-05,0,0,77.8301,11.64895,WiFi6_2.4GHz
UE_007534,0.0012,12.68,8.9185,-82.32,0.0049882304,0.23,1.5,5.35,-11.1188,4e-06,0,0,53.2023,2.368414,WiFi6_2.4GHz
UE_007535,0.0057,20.99,16.3515,-74.01,0.0001060738,0.01,1.5,0.5652,-10.9537,1.9e-05,0,0,60.6644,4.60364,WiFi6_2.4GHz
UE_007536,0.0066,25.8,17.602,-69.2,5.646e-06,0.02,1.5,0.1593,-0.4287,2.2e-05,0,0,69.5714,7.136201,WiFi6_2.4GHz
UE_007537,0.0017,11.44,5.7885,-83.56,0.0322332452,0.03,1.5,7.6549,10.1094,6e-06,0,0,47.1487,2.670133,WiFi6_2.4GHz
UE_007538,0.0106,28.11,20.7539,-66.89,6.6295e-06,0.02,1.5,0.0678,-3.8952,3.5e-05,0,0,68.6973,7.556572,WiFi6_2.4GHz
UE_007539,0.0029,39.26,31.4445,-55.74,4.4e-09,0.01,1.5,0.1456,1.2686,1e-05,0,0,76.6127,11.398041,WiFi6_2.4GHz
UE_007540,0.0038,33.21,28.461,-61.79,4.4037e-06,0.02,1.5,0.1006,-5.7324,1.3e-05,0,0,70.0166,10.493459,WiFi6_2.4GHz
UE_007541,0.0097,11.81,7.3161,-83.19,0.0417174174,0.02,1.5,5.9397,-15.5956,3.2e-05,0,0,43.3517,2.349716,WiFi6_2.4GHz
UE_007542,0.0015,23.46,18.9438,-71.54,0.0008393238,0.02,1.5,1.396,1.1086,5e-06,0,0,62.6523,5.332981,WiFi6_2.4GHz
UE_007543,0.0025,5.53,0.6845,-89.47,0.0225384689,0.12,1.5,17.1099,15.4955,8e-06,0,0,37.6837,0.936706,WiFi6_2.4GHz
UE_007544,0.0073,20.76,16.7087,-74.24,0.0008913322,0.12,1.5,0.6909,-5.5894,2.4e-05,0,0,55.9541,4.802229,WiFi6_2.4GHz
UE_007545,0.0127,29.81,22.8582,-65.19,4.8263e-06,0.13,1.5,0.3362,9.4555,4.2e-05,0,0,69.3227,7.64709,WiFi6_2.4GHz
UE_007546,0.0044,10.66,3.8642,-84.34,0.0295180195,0.18,1.5,5.9073,12.2182,1.5e-05,0,0,46.3741,1.880565,WiFi6_2.4GHz
UE_007547,0.013,13.28,10.4051,-81.72,0.0465877073,0.56,1.5,6.7884,11.6185,4.3e-05,0,0,50.7881,2.295891,WiFi6_2.4GHz
UE_007548,0.0066,19.9,12.5639,-75.1,0.000905089,0.7,1.5,0.5142,9.827,2.2e-05,0,0,59.5165,4.746045,WiFi6_2.4GHz
UE_007549,0.0031,22.25,14.1924,-72.75,0.0007456372,1.29,1.5,1.4636,-4.0208,1e-05,0,0,59.6838,5.604169,WiFi6_2.4GHz
UE_007550,0.0064,34.91,27.3316,-60.09,9.9167e-06,0.95,1.5,0.2664,-2.8829,2.1e-05,0,0,74.3659,10.866656,WiFi6_2.4GHz
UE_007551,0.0083,54.99,51.2003,-40.01,4.9e-09,0.02,1.5,0.447,-4.7542,2.8e-05,0,0,74.9765,11.768992,WiFi6_2.4GHz
UE_007552,0.0068,12.19,5.8988,-82.81,0.047902701,0.02,1.5,5.7799,-15.599,2.3e-05,0,0,48.6164,2.549125,WiFi6_2.4GHz
UE_007553,0.0061,33.7,26.587,-61.3,2.0297e-06,0.01,1.5,0.078,-8.44,2e-05,0,0,72.0294,10.420783,WiFi6_2.4GHz
UE_007554,0.0141,12.35,5.5176,-82.65,0.0260304531,0.01,1.5,6.6722,-14.8336,4.7e-05,0,0,48.8527,2.363084,WiFi6_2.4GHz
UE_007555,0.0116,64.94,59.9173,-30.06,8.6e-09,0.12,1.5,0.2227,10.3913,3.9e-05,0,0,76.0534,11.715386,WiFi6_2.4GHz
UE_007556,0.0102,23.34,19.4471,-71.66,0.0009506141,2.09,1.5,1.0409,0.7964,3.4e-05,0,0,61.7657,5.695857,WiFi6_2.4GHz
UE_007557,0.0061,12.98,5.6909,-82.02,0.0417177976,0.21,1.5,6.3946,10.1544,2e-05,0,0,48.9942,2.324015,WiFi6_2.4GHz
UE_007558,0.0041,41.54,37.8723,-53.46,7e-10,1.43,1.5,0.1881,2.4554,1.4e-05,0,0,77.7624,11.833564,WiFi6_2.4GHz
UE_007559,0.0017,23.55,17.7275,-71.45,0.0002045141,0.1,1.5,1.5192,4.2902,6e-06,0,0,62.6218,5.472048,WiFi6_2.4GHz
UE_007560,0.0129,26.96,21.5427,-68.04,6.8197e-06,0.08,1.5,0.3325,-12.483,4.3e-05,0,0,65.0568,7.008772,WiFi6_2.4GHz
UE_007561,0.0133,19.25,14.0045,-75.75,0.000774298,0.26,1.5,0.6799,2.4402,4.4e-05,0,0,59.2237,4.784235,WiFi6_2.4GHz
UE_007562,0.0038,51.65,45.4417,-43.35,4e-10,0.22,1.5,0.421,-6.9816,1.3e-05,0,0,82.2552,11.74416,WiFi6_2.4GHz
UE_007563,0.0121,34.07,28.4276,-60.93,6.1343e-06,1.48,1.5,0.2079,14.4932,4e-05,0,0,71.7606,10.573287,WiFi6_2.4GHz
UE_007564,0.0126,16.49,9.7048,-78.51,0.0007767654,0.25,1.5,0.9623,15.9141,4.2e-05,0,0,57.4515,3.699765,WiFi6_2.4GHz
UE_007565,0.0107,12.16,7.3803,-82.84,0.0403811657,0.3,1.5,3.7998,9.725,3.6e-05,0,0,50.3654,2.39335,WiFi6_2.4GHz
UE_007566,0.006,13.32,7.9958,-81.68,0.0332980137,0.36,1.5,5.8054,-0.2935,2e-05,0,0,54.0243,2.534711,WiFi6_2.4GHz
UE_007567,0.0055,59.44,50.7202,-35.56,1.8e-09,1.02,1.5,0.2242,11.2464,1.8e-05,0,0,76.5523,11.809744,WiFi6_2.4GHz
UE_007568,0.0122,19.77,11.6546,-75.23,0.0008308346,0.97,1.5,1.6374,4.8905,4.1e-05,0,0,62.5037,4.477052,WiFi6_2.4GHz
UE_007569,0.011,25.81,19.2166,-69.19,6.6479e-06,0.67,1.5,0.3815,-0.4556,3.7e-05,0,0,63.7065,6.945578,WiFi6_2.4GHz
UE_007570,0.0129,63.46,60.0956,-31.54,5.5e-09,0.68,1.5,0.3209,-12.6929,4.3e-05,0,0,76.6373,11.489996,WiFi6_2.4GHz
UE_007571,0.0033,23.71,17.6656,-71.29,0.0002974144,0.02,1.5,0.8112,7.249,1.1e-05,0,0,62.8485,5.328552,WiFi6_2.4GHz
UE_007572,0.0077,46.8,42.0155,-48.2,1.8e-09,0.01,1.5,0.1894,3.705,2.6e-05,0,0,75.1905,11.91384,WiFi6_2.4GHz
UE_007573,0.0061,28.11,20.9307,-66.89,6.5722e-06,0.01,1.5,0.4465,-8.6932,2e-05,0,0,67.7839,7.638079,WiFi6_2.4GHz
UE_007574,0.0015,16.94,13.3012,-78.06,0.0003658551,0.01,1.5,1.729,-4.6038,5e-06,0,0,55.4598,3.450265,WiFi6_2.4GHz
UE_007575,0.004,16.98,13.5167,-78.02,0.0003709616,0.39,1.5,0.7156,-14.8071,1.3e-05,0,0,56.2865,3.2306,WiFi6_2.4GHz
UE_007576,0.0135,34.37,26.2395,-60.63,8.001e-07,0.41,1.6178,0.146,0.3521,4.5e-05,0,0,72.4602,10.878795,WiFi6_2.4GHz
UE_007577,0.0096,32.06,27.1007,-62.94,1.7492e-06,0.48,1.5,0.2679,11.4679,3.2e-05,0,0,75.1131,10.951151,WiFi6_2.4GHz
UE_007578,0.0055,49.82,43.3571,-45.18,5.9e-09,0.31,1.5,0.3921,2.7014,1.8e-05,0,0,75.0035,11.512118,WiFi6_2.4GHz
UE_007579,0.0073,19.53,13.9291,-75.47,0.0002498018,0.11,1.5,1.0291,5.454,2.4e-05,0,0,63.3195,4.574521,WiFi6_2.4GHz
UE_007580,0.0137,37.04,31.4825,-57.96,9.2e-09,2.15,1.5,0.3015,-12.1364,4.6e-05,0,0,73.7431,11.790955,WiFi6_2.4GHz
UE_007581,0.0109,2.69,-6.6627,-92.31,0.1311056378,0.12,1.5,27.3983,2.9829,3.6e-05,0,0,25.5297,0.57072,WiFi6_2.4GHz
UE_007582,0.0011,44.69,39.4687,-50.31,8e-10,0.15,1.5,0.3644,0.2063,4e-06,0,0,75.0379,11.696434,WiFi6_2.4GHz
