=== Thu Sep  3 19:19:41 EDT 2026 KA campaign start (corrected P.838/P.676/P.835 physics, 20GHz LEO) ===
--- train_agents (Phase 5) ---
Gym has been unmaintained since 2022 and does not support NumPy 2.0 amongst other critical functionality.
Please upgrade to Gymnasium, the maintained drop-in replacement of Gym, or contact the authors of your software and request that they upgrade.
Users of this version of Gym should be able to simply replace 'import gym' with 'import gymnasium as gym' in the vast majority of cases.
See the migration guide at https://gymnasium.farama.org/introduction/migration_guide/ for additional information.
evaluating baselines...
  evaluating random (200 episodes)...
    random: 20/200 episodes
    random: 40/200 episodes
    random: 60/200 episodes
    random: 80/200 episodes
    random: 100/200 episodes
    random: 120/200 episodes
    random: 140/200 episodes
    random: 160/200 episodes
    random: 180/200 episodes
    random: 200/200 episodes
  evaluating greedy (200 episodes)...
    greedy: 20/200 episodes
    greedy: 40/200 episodes
    greedy: 60/200 episodes
    greedy: 80/200 episodes
    greedy: 100/200 episodes
    greedy: 120/200 episodes
    greedy: 140/200 episodes
    greedy: 160/200 episodes
    greedy: 180/200 episodes
    greedy: 200/200 episodes
  evaluating hysteresis (200 episodes)...
    hysteresis: 20/200 episodes
    hysteresis: 40/200 episodes
    hysteresis: 60/200 episodes
    hysteresis: 80/200 episodes
    hysteresis: 100/200 episodes
    hysteresis: 120/200 episodes
    hysteresis: 140/200 episodes
    hysteresis: 160/200 episodes
    hysteresis: 180/200 episodes
    hysteresis: 200/200 episodes
  evaluating oracle (200 episodes, DP-planned)...
    oracle: 20/200 episodes
    oracle: 40/200 episodes
    oracle: 60/200 episodes
    oracle: 80/200 episodes
    oracle: 100/200 episodes
    oracle: 120/200 episodes
    oracle: 140/200 episodes
    oracle: 160/200 episodes
    oracle: 180/200 episodes
    oracle: 200/200 episodes
training + evaluating PPO...
  ppo seed=0: found saved model at D:\Projects\TN+NTN\drl\models_ka\ppo_seed0.zip, skipping training
  evaluating ppo seed=0 (200 episodes)...
    ppo seed=0 eval: 20/200 episodes
    ppo seed=0 eval: 40/200 episodes
    ppo seed=0 eval: 60/200 episodes
    ppo seed=0 eval: 80/200 episodes
    ppo seed=0 eval: 100/200 episodes
    ppo seed=0 eval: 120/200 episodes
    ppo seed=0 eval: 140/200 episodes
    ppo seed=0 eval: 160/200 episodes
    ppo seed=0 eval: 180/200 episodes
    ppo seed=0 eval: 200/200 episodes
  ppo seed=1: found saved model at D:\Projects\TN+NTN\drl\models_ka\ppo_seed1.zip, skipping training
  evaluating ppo seed=1 (200 episodes)...
    ppo seed=1 eval: 20/200 episodes
    ppo seed=1 eval: 40/200 episodes
    ppo seed=1 eval: 60/200 episodes
    ppo seed=1 eval: 80/200 episodes
    ppo seed=1 eval: 100/200 episodes
    ppo seed=1 eval: 120/200 episodes
    ppo seed=1 eval: 140/200 episodes
    ppo seed=1 eval: 160/200 episodes
    ppo seed=1 eval: 180/200 episodes
    ppo seed=1 eval: 200/200 episodes
  ppo seed=2: found saved model at D:\Projects\TN+NTN\drl\models_ka\ppo_seed2.zip, skipping training
  evaluating ppo seed=2 (200 episodes)...
    ppo seed=2 eval: 20/200 episodes
    ppo seed=2 eval: 40/200 episodes
    ppo seed=2 eval: 60/200 episodes
    ppo seed=2 eval: 80/200 episodes
    ppo seed=2 eval: 100/200 episodes
    ppo seed=2 eval: 120/200 episodes
    ppo seed=2 eval: 140/200 episodes
    ppo seed=2 eval: 160/200 episodes
    ppo seed=2 eval: 180/200 episodes
    ppo seed=2 eval: 200/200 episodes
training + evaluating DQN...
  dqn seed=0: found saved model at D:\Projects\TN+NTN\drl\models_ka\dqn_seed0.zip, skipping training
  evaluating dqn seed=0 (200 episodes)...
    dqn seed=0 eval: 20/200 episodes
    dqn seed=0 eval: 40/200 episodes
    dqn seed=0 eval: 60/200 episodes
    dqn seed=0 eval: 80/200 episodes
    dqn seed=0 eval: 100/200 episodes
    dqn seed=0 eval: 120/200 episodes
    dqn seed=0 eval: 140/200 episodes
    dqn seed=0 eval: 160/200 episodes
    dqn seed=0 eval: 180/200 episodes
    dqn seed=0 eval: 200/200 episodes
  dqn seed=1: found saved model at D:\Projects\TN+NTN\drl\models_ka\dqn_seed1.zip, skipping training
  evaluating dqn seed=1 (200 episodes)...
    dqn seed=1 eval: 20/200 episodes
    dqn seed=1 eval: 40/200 episodes
    dqn seed=1 eval: 60/200 episodes
    dqn seed=1 eval: 80/200 episodes
    dqn seed=1 eval: 100/200 episodes
    dqn seed=1 eval: 120/200 episodes
    dqn seed=1 eval: 140/200 episodes
    dqn seed=1 eval: 160/200 episodes
    dqn seed=1 eval: 180/200 episodes
    dqn seed=1 eval: 200/200 episodes
  dqn seed=2: found saved model at D:\Projects\TN+NTN\drl\models_ka\dqn_seed2.zip, skipping training
  evaluating dqn seed=2 (200 episodes)...
    dqn seed=2 eval: 20/200 episodes
    dqn seed=2 eval: 40/200 episodes
    dqn seed=2 eval: 60/200 episodes
    dqn seed=2 eval: 80/200 episodes
    dqn seed=2 eval: 100/200 episodes
    dqn seed=2 eval: 120/200 episodes
    dqn seed=2 eval: 140/200 episodes
    dqn seed=2 eval: 160/200 episodes
    dqn seed=2 eval: 180/200 episodes
    dqn seed=2 eval: 200/200 episodes

summary (mean [95% CI]) by policy:
  dqn          reward=  47.17 [  46.99,   47.35]  switch_rate=0.089  outage_rate=0.000
  greedy       reward=  43.18 [  42.96,   43.42]  switch_rate=0.205  outage_rate=0.000
  hysteresis   reward=  44.33 [  44.07,   44.61]  switch_rate=0.059  outage_rate=0.000
  oracle       reward=  48.17 [  47.85,   48.48]  switch_rate=0.041  outage_rate=0.000
  ppo          reward=  47.68 [  47.51,   47.87]  switch_rate=0.047  outage_rate=0.000
  random       reward=   4.13 [   3.02,    5.19]  switch_rate=0.413  outage_rate=0.332

full results: D:\Projects\TN+NTN\drl\figures_ka\phase5_full_eval_results.csv
summary: D:\Projects\TN+NTN\drl\figures_ka\phase5_summary.csv
--- make_phase5_figures ---
figures written to D:\Projects\TN+NTN\drl\figures_ka
--- sweep_reward_handover (Phase 6 + ablation) ---
Gym has been unmaintained since 2022 and does not support NumPy 2.0 amongst other critical functionality.
Please upgrade to Gymnasium, the maintained drop-in replacement of Gym, or contact the authors of your software and request that they upgrade.
Users of this version of Gym should be able to simply replace 'import gym' with 'import gymnasium as gym' in the vast majority of cases.
See the migration guide at https://gymnasium.farama.org/introduction/migration_guide/ for additional information.
running handover-penalty sweep (balanced reward)...
  handover_penalty=0.0 ...
Using cpu device
---------------------------------
| rollout/           |          |
|    ep_len_mean     | 60       |
|    ep_rew_mean     | 7.18     |
| time/              |          |
|    fps             | 112      |
|    iterations      | 1        |
|    time_elapsed    | 18       |
|    total_timesteps | 2048     |
---------------------------------
-----------------------------------------
| rollout/                |             |
|    ep_len_mean          | 60          |
|    ep_rew_mean          | 9.79        |
| time/                   |             |
|    fps                  | 99          |
|    iterations           | 2           |
|    time_elapsed         | 41          |
|    total_timesteps      | 4096        |
| train/                  |             |
|    approx_kl            | 0.018000793 |
|    clip_fraction        | 0.208       |
|    clip_range           | 0.2         |
|    entropy_loss         | -1.6        |
|    explained_variance   | -0.0175     |
|    learning_rate        | 0.0003      |
|    loss                 | 3.29        |
|    n_updates            | 10          |
|    policy_gradient_loss | -0.025      |
|    value_loss           | 8.51        |
-----------------------------------------
-----------------------------------------
| rollout/                |             |
|    ep_len_mean          | 60          |
|    ep_rew_mean          | 11.3        |
| time/                   |             |
|    fps                  | 97          |
|    iterations           | 3           |
|    time_elapsed         | 62          |
|    total_timesteps      | 6144        |
| train/                  |             |
|    approx_kl            | 0.011250217 |
|    clip_fraction        | 0.0629      |
|    clip_range           | 0.2         |
|    entropy_loss         | -1.57       |
|    explained_variance   | 0.115       |
|    learning_rate        | 0.0003      |
|    loss                 | 6.51        |
|    n_updates            | 20          |
|    policy_gradient_loss | -0.0115     |
|    value_loss           | 13.6        |
-----------------------------------------
-----------------------------------------
| rollout/                |             |
|    ep_len_mean          | 60          |
|    ep_rew_mean          | 16          |
| time/                   |             |
|    fps                  | 94          |
|    iterations           | 4           |
|    time_elapsed         | 87          |
|    total_timesteps      | 8192        |
| train/                  |             |
|    approx_kl            | 0.013531708 |
|    clip_fraction        | 0.0949      |
|    clip_range           | 0.2         |
|    entropy_loss         | -1.53       |
|    explained_variance   | 0.148       |
|    learning_rate        | 0.0003      |
|    loss                 | 6.41        |
|    n_updates            | 30          |
|    policy_gradient_loss | -0.0139     |
|    value_loss           | 15.1        |
-----------------------------------------
-----------------------------------------
| rollout/                |             |
|    ep_len_mean          | 60          |
|    ep_rew_mean          | 20.1        |
| time/                   |             |
|    fps                  | 90          |
|    iterations           | 5           |
|    time_elapsed         | 112         |
|    total_timesteps      | 10240       |
| train/                  |             |
|    approx_kl            | 0.010286546 |
|    clip_fraction        | 0.0217      |
|    clip_range           | 0.2         |
|    entropy_loss         | -1.49       |
|    explained_variance   | 0.12        |
|    learning_rate        | 0.0003      |
|    loss                 | 9.77        |
|    n_updates            | 40          |
|    policy_gradient_loss | -0.00462    |
|    value_loss           | 19.6        |
-----------------------------------------
-----------------------------------------
| rollout/                |             |
|    ep_len_mean          | 60          |
|    ep_rew_mean          | 24.5        |
| time/                   |             |
|    fps                  | 88          |
|    iterations           | 6           |
|    time_elapsed         | 138         |
|    total_timesteps      | 12288       |
| train/                  |             |
|    approx_kl            | 0.010798022 |
|    clip_fraction        | 0.036       |
|    clip_range           | 0.2         |
|    entropy_loss         | -1.42       |
|    explained_variance   | 0.0673      |
|    learning_rate        | 0.0003      |
|    loss                 | 10.9        |
|    n_updates            | 50          |
|    policy_gradient_loss | -0.00749    |
|    value_loss           | 22.5        |
-----------------------------------------
-----------------------------------------
| rollout/                |             |
|    ep_len_mean          | 60          |
|    ep_rew_mean          | 28.3        |
| time/                   |             |
|    fps                  | 87          |
|    iterations           | 7           |
|    time_elapsed         | 163         |
|    total_timesteps      | 14336       |
| train/                  |             |
|    approx_kl            | 0.009340273 |
|    clip_fraction        | 0.0367      |
|    clip_range           | 0.2         |
|    entropy_loss         | -1.36       |
|    explained_variance   | 0.052       |
|    learning_rate        | 0.0003      |
|    loss                 | 13.7        |
|    n_updates            | 60          |
|    policy_gradient_loss | -0.00642    |
|    value_loss           | 29.3        |
-----------------------------------------
------------------------------------------
| rollout/                |              |
|    ep_len_mean          | 60           |
|    ep_rew_mean          | 31.4         |
| time/                   |              |
|    fps                  | 87           |
|    iterations           | 8            |
|    time_elapsed         | 187          |
|    total_timesteps      | 16384        |
| train/                  |              |
|    approx_kl            | 0.0033889147 |
|    clip_fraction        | 0.00234      |
|    clip_range           | 0.2          |
|    entropy_loss         | -1.32        |
|    explained_variance   | 0.0613       |
|    learning_rate        | 0.0003       |
|    loss                 | 17.3         |
|    n_updates            | 70           |
|    policy_gradient_loss | -0.00276     |
|    value_loss           | 35.1         |
------------------------------------------
----------------------------------------
| rollout/                |            |
|    ep_len_mean          | 60         |
|    ep_rew_mean          | 34.6       |
| time/                   |            |
|    fps                  | 86         |
|    iterations           | 9          |
|    time_elapsed         | 212        |
|    total_timesteps      | 18432      |
| train/                  |            |
|    approx_kl            | 0.01429216 |
|    clip_fraction        | 0.0301     |
|    clip_range           | 0.2        |
|    entropy_loss         | -1.25      |
|    explained_variance   | 0.0602     |
|    learning_rate        | 0.0003     |
|    loss                 | 19         |
|    n_updates            | 80         |
|    policy_gradient_loss | -0.00599   |
|    value_loss           | 38.9       |
----------------------------------------
-----------------------------------------
| rollout/                |             |
|    ep_len_mean          | 60          |
|    ep_rew_mean          | 36          |
| time/                   |             |
|    fps                  | 86          |
|    iterations           | 10          |
|    time_elapsed         | 237         |
|    total_timesteps      | 20480       |
| train/                  |             |
|    approx_kl            | 0.004196994 |
|    clip_fraction        | 0.00303     |
|    clip_range           | 0.2         |
|    entropy_loss         | -1.22       |
|    explained_variance   | 0.0871      |
|    learning_rate        | 0.0003      |
|    loss                 | 19.7        |
|    n_updates            | 90          |
|    policy_gradient_loss | -0.00264    |
|    value_loss           | 41.3        |
-----------------------------------------
-----------------------------------------
| rollout/                |             |
|    ep_len_mean          | 60          |
|    ep_rew_mean          | 37          |
| time/                   |             |
|    fps                  | 85          |
|    iterations           | 11          |
|    time_elapsed         | 262         |
|    total_timesteps      | 22528       |
| train/                  |             |
|    approx_kl            | 0.006480838 |
|    clip_fraction        | 0.0177      |
|    clip_range           | 0.2         |
|    entropy_loss         | -1.19       |
|    explained_variance   | 0.0934      |
|    learning_rate        | 0.0003      |
|    loss                 | 22.2        |
|    n_updates            | 100         |
|    policy_gradient_loss | -0.00436    |
|    value_loss           | 45.1        |
-----------------------------------------
-----------------------------------------
| rollout/                |             |
|    ep_len_mean          | 60          |
|    ep_rew_mean          | 37.7        |
| time/                   |             |
|    fps                  | 85          |
|    iterations           | 12          |
|    time_elapsed         | 287         |
|    total_timesteps      | 24576       |
| train/                  |             |
|    approx_kl            | 0.006177461 |
|    clip_fraction        | 0.0502      |
|    clip_range           | 0.2         |
|    entropy_loss         | -1.1        |
|    explained_variance   | 0.0852      |
|    learning_rate        | 0.0003      |
|    loss                 | 24.7        |
|    n_updates            | 110         |
|    policy_gradient_loss | -0.00626    |
|    value_loss           | 48          |
-----------------------------------------
------------------------------------------
| rollout/                |              |
|    ep_len_mean          | 60           |
|    ep_rew_mean          | 39           |
| time/                   |              |
|    fps                  | 84           |
|    iterations           | 13           |
|    time_elapsed         | 313          |
|    total_timesteps      | 26624        |
| train/                  |              |
|    approx_kl            | 0.0048123426 |
|    clip_fraction        | 0.0344       |
|    clip_range           | 0.2          |
|    entropy_loss         | -1.07        |
|    explained_variance   | 0.0872       |
|    learning_rate        | 0.0003       |
|    loss                 | 25.9         |
|    n_updates            | 120          |
|    policy_gradient_loss | -0.00397     |
|    value_loss           | 53.7         |
------------------------------------------
------------------------------------------
| rollout/                |              |
|    ep_len_mean          | 60           |
|    ep_rew_mean          | 39.6         |
| time/                   |              |
|    fps                  | 84           |
|    iterations           | 14           |
|    time_elapsed         | 338          |
|    total_timesteps      | 28672        |
| train/                  |              |
|    approx_kl            | 0.0045523774 |
|    clip_fraction        | 0.0149       |
|    clip_range           | 0.2          |
|    entropy_loss         | -1.06        |
|    explained_variance   | 0.098        |
|    learning_rate        | 0.0003       |
|    loss                 | 24.8         |
|    n_updates            | 130          |
|    policy_gradient_loss | -0.00243     |
|    value_loss           | 51.6         |
------------------------------------------
------------------------------------------
| rollout/                |              |
|    ep_len_mean          | 60           |
|    ep_rew_mean          | 40           |
| time/                   |              |
|    fps                  | 84           |
|    iterations           | 15           |
|    time_elapsed         | 364          |
|    total_timesteps      | 30720        |
| train/                  |              |
|    approx_kl            | 0.0064051882 |
|    clip_fraction        | 0.033        |
|    clip_range           | 0.2          |
|    entropy_loss         | -0.981       |
|    explained_variance   | 0.109        |
|    learning_rate        | 0.0003       |
|    loss                 | 23.8         |
|    n_updates            | 140          |
|    policy_gradient_loss | -0.00422     |
|    value_loss           | 56.6         |
------------------------------------------
------------------------------------------
| rollout/                |              |
|    ep_len_mean          | 60           |
|    ep_rew_mean          | 40.5         |
| time/                   |              |
|    fps                  | 84           |
|    iterations           | 16           |
|    time_elapsed         | 390          |
|    total_timesteps      | 32768        |
| train/                  |              |
|    approx_kl            | 0.0043320647 |
|    clip_fraction        | 0.0151       |
|    clip_range           | 0.2          |
|    entropy_loss         | -0.949       |
|    explained_variance   | 0.115        |
|    learning_rate        | 0.0003       |
|    loss                 | 29.7         |
|    n_updates            | 150          |
|    policy_gradient_loss | -0.00383     |
|    value_loss           | 58.2         |
------------------------------------------
-----------------------------------------
| rollout/                |             |
|    ep_len_mean          | 60          |
|    ep_rew_mean          | 41          |
| time/                   |             |
|    fps                  | 83          |
|    iterations           | 17          |
|    time_elapsed         | 415         |
|    total_timesteps      | 34816       |
| train/                  |             |
|    approx_kl            | 0.004006298 |
|    clip_fraction        | 0.0231      |
|    clip_range           | 0.2         |
|    entropy_loss         | -0.907      |
|    explained_variance   | 0.103       |
|    learning_rate        | 0.0003      |
|    loss                 | 28.8        |
|    n_updates            | 160         |
|    policy_gradient_loss | -0.00337    |
|    value_loss           | 58.3        |
-----------------------------------------
------------------------------------------
| rollout/                |              |
|    ep_len_mean          | 60           |
|    ep_rew_mean          | 41.6         |
| time/                   |              |
|    fps                  | 83           |
|    iterations           | 18           |
|    time_elapsed         | 441          |
|    total_timesteps      | 36864        |
| train/                  |              |
|    approx_kl            | 0.0037741805 |
|    clip_fraction        | 0.0315       |
|    clip_range           | 0.2          |
|    entropy_loss         | -0.944       |
|    explained_variance   | 0.119        |
|    learning_rate        | 0.0003       |
|    loss                 | 29.2         |
|    n_updates            | 170          |
|    policy_gradient_loss | -0.00412     |
|    value_loss           | 61.6         |
------------------------------------------
-----------------------------------------
| rollout/                |             |
|    ep_len_mean          | 60          |
|    ep_rew_mean          | 41.4        |
| time/                   |             |
|    fps                  | 83          |
|    iterations           | 19          |
|    time_elapsed         | 468         |
|    total_timesteps      | 38912       |
| train/                  |             |
|    approx_kl            | 0.003617328 |
|    clip_fraction        | 0.0231      |
|    clip_range           | 0.2         |
|    entropy_loss         | -0.949      |
|    explained_variance   | 0.136       |
|    learning_rate        | 0.0003      |
|    loss                 | 25.4        |
|    n_updates            | 180         |
|    policy_gradient_loss | -0.00329    |
|    value_loss           | 57.7        |
-----------------------------------------
------------------------------------------
| rollout/                |              |
|    ep_len_mean          | 60           |
|    ep_rew_mean          | 41.5         |
| time/                   |              |
|    fps                  | 82           |
|    iterations           | 20           |
|    time_elapsed         | 495          |
|    total_timesteps      | 40960        |
| train/                  |              |
|    approx_kl            | 0.0034125675 |
|    clip_fraction        | 0.0199       |
|    clip_range           | 0.2          |
|    entropy_loss         | -0.931       |
|    explained_variance   | 0.129        |
|    learning_rate        | 0.0003       |
|    loss                 | 32.1         |
|    n_updates            | 190          |
|    policy_gradient_loss | -0.00382     |
|    value_loss           | 62.6         |
------------------------------------------
------------------------------------------
| rollout/                |              |
|    ep_len_mean          | 60           |
|    ep_rew_mean          | 41.7         |
| time/                   |              |
|    fps                  | 82           |
|    iterations           | 21           |
|    time_elapsed         | 521          |
|    total_timesteps      | 43008        |
| train/                  |              |
|    approx_kl            | 0.0051389635 |
|    clip_fraction        | 0.0263       |
|    clip_range           | 0.2          |
|    entropy_loss         | -0.945       |
|    explained_variance   | 0.092        |
|    learning_rate        | 0.0003       |
|    loss                 | 30.6         |
|    n_updates            | 200          |
|    policy_gradient_loss | -0.00495     |
|    value_loss           | 63.4         |
------------------------------------------
-----------------------------------------
| rollout/                |             |
|    ep_len_mean          | 60          |
|    ep_rew_mean          | 42.1        |
| time/                   |             |
|    fps                  | 82          |
|    iterations           | 22          |
|    time_elapsed         | 546         |
|    total_timesteps      | 45056       |
| train/                  |             |
|    approx_kl            | 0.002260111 |
|    clip_fraction        | 0.00947     |
|    clip_range           | 0.2         |
|    entropy_loss         | -0.912      |
|    explained_variance   | 0.106       |
|    learning_rate        | 0.0003      |
|    loss                 | 31.1        |
|    n_updates            | 210         |
|    policy_gradient_loss | -0.0027     |
|    value_loss           | 66.3        |
-----------------------------------------
-----------------------------------------
| rollout/                |             |
|    ep_len_mean          | 60          |
|    ep_rew_mean          | 42.4        |
| time/                   |             |
|    fps                  | 82          |
|    iterations           | 23          |
|    time_elapsed         | 572         |
|    total_timesteps      | 47104       |
| train/                  |             |
|    approx_kl            | 0.007652403 |
|    clip_fraction        | 0.0621      |
|    clip_range           | 0.2         |
|    entropy_loss         | -0.879      |
|    explained_variance   | 0.0981      |
|    learning_rate        | 0.0003      |
|    loss                 | 28          |
|    n_updates            | 220         |
|    policy_gradient_loss | -0.00775    |
|    value_loss           | 62.1        |
-----------------------------------------
------------------------------------------
| rollout/                |              |
|    ep_len_mean          | 60           |
|    ep_rew_mean          | 42.7         |
| time/                   |              |
|    fps                  | 82           |
|    iterations           | 24           |
|    time_elapsed         | 598          |
|    total_timesteps      | 49152        |
| train/                  |              |
|    approx_kl            | 0.0026305832 |
|    clip_fraction        | 0.00645      |
|    clip_range           | 0.2          |
|    entropy_loss         | -0.858       |
|    explained_variance   | 0.118        |
|    learning_rate        | 0.0003       |
|    loss                 | 37.7         |
|    n_updates            | 230          |
|    policy_gradient_loss | -0.00246     |
|    value_loss           | 67.2         |
------------------------------------------
-----------------------------------------
| rollout/                |             |
|    ep_len_mean          | 60          |
|    ep_rew_mean          | 43.4        |
| time/                   |             |
|    fps                  | 81          |
|    iterations           | 25          |
|    time_elapsed         | 625         |
|    total_timesteps      | 51200       |
| train/                  |             |
|    approx_kl            | 0.007029406 |
|    clip_fraction        | 0.0354      |
|    clip_range           | 0.2         |
|    entropy_loss         | -0.812      |
|    explained_variance   | 0.0933      |
|    learning_rate        | 0.0003      |
|    loss                 | 31.7        |
|    n_updates            | 240         |
|    policy_gradient_loss | -0.00593    |
|    value_loss           | 65          |
-----------------------------------------
    evaluating (100 episodes)...
    eval: 20/100 episodes
    eval: 40/100 episodes
    eval: 60/100 episodes
    eval: 80/100 episodes
    eval: 100/100 episodes
  handover_penalty=0.05 ...
Using cpu device
---------------------------------
| rollout/           |          |
|    ep_len_mean     | 60       |
|    ep_rew_mean     | 5.8      |
| time/              |          |
|    fps             | 109      |
|    iterations      | 1        |
|    time_elapsed    | 18       |
|    total_timesteps | 2048     |
---------------------------------
-----------------------------------------
| rollout/                |             |
|    ep_len_mean          | 60          |
|    ep_rew_mean          | 8.43        |
| time/                   |             |
|    fps                  | 106         |
|    iterations           | 2           |
|    time_elapsed         | 38          |
|    total_timesteps      | 4096        |
| train/                  |             |
|    approx_kl            | 0.018231135 |
|    clip_fraction        | 0.215       |
|    clip_range           | 0.2         |
|    entropy_loss         | -1.6        |
|    explained_variance   | -0.0185     |
|    learning_rate        | 0.0003      |
|    loss                 | 3.06        |
|    n_updates            | 10          |
|    policy_gradient_loss | -0.0257     |
|    value_loss           | 7.65        |
-----------------------------------------
-----------------------------------------
| rollout/                |             |
|    ep_len_mean          | 60          |
|    ep_rew_mean          | 10          |
| time/                   |             |
|    fps                  | 104         |
|    iterations           | 3           |
|    time_elapsed         | 58          |
|    total_timesteps      | 6144        |
| train/                  |             |
|    approx_kl            | 0.011439238 |
|    clip_fraction        | 0.0742      |
|    clip_range           | 0.2         |
|    entropy_loss         | -1.57       |
|    explained_variance   | 0.118       |
|    learning_rate        | 0.0003      |
|    loss                 | 5.97        |
|    n_updates            | 20          |
|    policy_gradient_loss | -0.0127     |
|    value_loss           | 12.2        |
-----------------------------------------
-----------------------------------------
| rollout/                |             |
|    ep_len_mean          | 60          |
|    ep_rew_mean          | 14.8        |
| time/                   |             |
|    fps                  | 103         |
|    iterations           | 4           |
|    time_elapsed         | 79          |
|    total_timesteps      | 8192        |
| train/                  |             |
|    approx_kl            | 0.013680102 |
|    clip_fraction        | 0.0996      |
|    clip_range           | 0.2         |
|    entropy_loss         | -1.53       |
|    explained_variance   | 0.151       |
|    learning_rate        | 0.0003      |
|    loss                 | 5.79        |
|    n_updates            | 30          |
|    policy_gradient_loss | -0.0146     |
|    value_loss           | 13.7        |
-----------------------------------------
-----------------------------------------
| rollout/                |             |
|    ep_len_mean          | 60          |
|    ep_rew_mean          | 18.9        |
| time/                   |             |
|    fps                  | 101         |
|    iterations           | 5           |
|    time_elapsed         | 101         |
|    total_timesteps      | 10240       |
| train/                  |             |
|    approx_kl            | 0.008726081 |
|    clip_fraction        | 0.0203      |
|    clip_range           | 0.2         |
|    entropy_loss         | -1.49       |
|    explained_variance   | 0.123       |
|    learning_rate        | 0.0003      |
|    loss                 | 8.82        |
|    n_updates            | 40          |
|    policy_gradient_loss | -0.00495    |
|    value_loss           | 17.6        |
-----------------------------------------
-----------------------------------------
| rollout/                |             |
|    ep_len_mean          | 60          |
|    ep_rew_mean          | 23.5        |
| time/                   |             |
|    fps                  | 99          |
|    iterations           | 6           |
|    time_elapsed         | 123         |
|    total_timesteps      | 12288       |
| train/                  |             |
|    approx_kl            | 0.010482339 |
|    clip_fraction        | 0.0351      |
|    clip_range           | 0.2         |
|    entropy_loss         | -1.42       |
|    explained_variance   | 0.0686      |
|    learning_rate        | 0.0003      |
|    loss                 | 9.82        |
|    n_updates            | 50          |
|    policy_gradient_loss | -0.00794    |
|    value_loss           | 20.4        |
-----------------------------------------
-----------------------------------------
| rollout/                |             |
|    ep_len_mean          | 60          |
|    ep_rew_mean          | 27.3        |
| time/                   |             |
|    fps                  | 97          |
|    iterations           | 7           |
|    time_elapsed         | 146         |
|    total_timesteps      | 14336       |
| train/                  |             |
|    approx_kl            | 0.010434468 |
|    clip_fraction        | 0.0325      |
|    clip_range           | 0.2         |
|    entropy_loss         | -1.35       |
|    explained_variance   | 0.0487      |
|    learning_rate        | 0.0003      |
|    loss                 | 12.7        |
|    n_updates            | 60          |
|    policy_gradient_loss | -0.00709    |
|    value_loss           | 27.2        |
-----------------------------------------
------------------------------------------
| rollout/                |              |
|    ep_len_mean          | 60           |
|    ep_rew_mean          | 30.6         |
| time/                   |              |
|    fps                  | 96           |
|    iterations           | 8            |
|    time_elapsed         | 170          |
|    total_timesteps      | 16384        |
| train/                  |              |
|    approx_kl            | 0.0043623457 |
|    clip_fraction        | 0.000635     |
|    clip_range           | 0.2          |
|    entropy_loss         | -1.31        |
|    explained_variance   | 0.0561       |
|    learning_rate        | 0.0003       |
|    loss                 | 15.9         |
|    n_updates            | 70           |
|    policy_gradient_loss | -0.00266     |
|    value_loss           | 32.3         |
------------------------------------------
------------------------------------------
| rollout/                |              |
|    ep_len_mean          | 60           |
|    ep_rew_mean          | 33.6         |
| time/                   |              |
|    fps                  | 95           |
|    iterations           | 9            |
|    time_elapsed         | 193          |
|    total_timesteps      | 18432        |
| train/                  |              |
|    approx_kl            | 0.0122290775 |
|    clip_fraction        | 0.0375       |
|    clip_range           | 0.2          |
|    entropy_loss         | -1.23        |
|    explained_variance   | 0.0576       |
|    learning_rate        | 0.0003       |
|    loss                 | 17.9         |
|    n_updates            | 80           |
|    policy_gradient_loss | -0.00565     |
|    value_loss           | 36.4         |
------------------------------------------
-----------------------------------------
| rollout/                |             |
|    ep_len_mean          | 60          |
|    ep_rew_mean          | 34.9        |
| time/                   |             |
|    fps                  | 94          |
|    iterations           | 10          |
|    time_elapsed         | 217         |
|    total_timesteps      | 20480       |
| train/                  |             |
|    approx_kl            | 0.006705613 |
|    clip_fraction        | 0.00669     |
|    clip_range           | 0.2         |
|    entropy_loss         | -1.2        |
|    explained_variance   | 0.0816      |
|    learning_rate        | 0.0003      |
|    loss                 | 18.5        |
|    n_updates            | 90          |
|    policy_gradient_loss | -0.0028     |
|    value_loss           | 38.7        |
-----------------------------------------
------------------------------------------
| rollout/                |              |
|    ep_len_mean          | 60           |
|    ep_rew_mean          | 35.6         |
| time/                   |              |
|    fps                  | 93           |
|    iterations           | 11           |
|    time_elapsed         | 240          |
|    total_timesteps      | 22528        |
| train/                  |              |
|    approx_kl            | 0.0037184106 |
|    clip_fraction        | 0.0107       |
|    clip_range           | 0.2          |
|    entropy_loss         | -1.16        |
|    explained_variance   | 0.0933       |
|    learning_rate        | 0.0003       |
|    loss                 | 20.8         |
|    n_updates            | 100          |
|    policy_gradient_loss | -0.00333     |
|    value_loss           | 42           |
------------------------------------------
------------------------------------------
| rollout/                |              |
|    ep_len_mean          | 60           |
|    ep_rew_mean          | 36.1         |
| time/                   |              |
|    fps                  | 93           |
|    iterations           | 12           |
|    time_elapsed         | 263          |
|    total_timesteps      | 24576        |
| train/                  |              |
|    approx_kl            | 0.0066346778 |
|    clip_fraction        | 0.0473       |
|    clip_range           | 0.2          |
|    entropy_loss         | -1.08        |
|    explained_variance   | 0.0869       |
|    learning_rate        | 0.0003       |
|    loss                 | 22.9         |
|    n_updates            | 110          |
|    policy_gradient_loss | -0.00677     |
|    value_loss           | 44.8         |
------------------------------------------
------------------------------------------
| rollout/                |              |
|    ep_len_mean          | 60           |
|    ep_rew_mean          | 37.1         |
| time/                   |              |
|    fps                  | 92           |
|    iterations           | 13           |
|    time_elapsed         | 287          |
|    total_timesteps      | 26624        |
| train/                  |              |
|    approx_kl            | 0.0031765471 |
|    clip_fraction        | 0.0222       |
|    clip_range           | 0.2          |
|    entropy_loss         | -1.06        |
|    explained_variance   | 0.0857       |
|    learning_rate        | 0.0003       |
|    loss                 | 23.9         |
|    n_updates            | 120          |
|    policy_gradient_loss | -0.00325     |
|    value_loss           | 49.8         |
------------------------------------------
------------------------------------------
| rollout/                |              |
|    ep_len_mean          | 60           |
|    ep_rew_mean          | 37.6         |
| time/                   |              |
|    fps                  | 92           |
|    iterations           | 14           |
|    time_elapsed         | 310          |
|    total_timesteps      | 28672        |
| train/                  |              |
|    approx_kl            | 0.0025738436 |
|    clip_fraction        | 0.00698      |
|    clip_range           | 0.2          |
|    entropy_loss         | -1.05        |
|    explained_variance   | 0.0984       |
|    learning_rate        | 0.0003       |
|    loss                 | 23           |
|    n_updates            | 130          |
|    policy_gradient_loss | -0.00192     |
|    value_loss           | 47.4         |
------------------------------------------
-----------------------------------------
| rollout/                |             |
|    ep_len_mean          | 60          |
|    ep_rew_mean          | 37.7        |
| time/                   |             |
|    fps                  | 91          |
|    iterations           | 15          |
|    time_elapsed         | 334         |
|    total_timesteps      | 30720       |
| train/                  |             |
|    approx_kl            | 0.007134995 |
|    clip_fraction        | 0.0404      |
|    clip_range           | 0.2         |
|    entropy_loss         | -1          |
|    explained_variance   | 0.114       |
|    learning_rate        | 0.0003      |
|    loss                 | 22.5        |
|    n_updates            | 140         |
|    policy_gradient_loss | -0.00527    |
|    value_loss           | 52.3        |
-----------------------------------------
------------------------------------------
| rollout/                |              |
|    ep_len_mean          | 60           |
|    ep_rew_mean          | 38.1         |
| time/                   |              |
|    fps                  | 91           |
|    iterations           | 16           |
|    time_elapsed         | 357          |
|    total_timesteps      | 32768        |
| train/                  |              |
|    approx_kl            | 0.0032936018 |
|    clip_fraction        | 0.0101       |
|    clip_range           | 0.2          |
|    entropy_loss         | -0.969       |
|    explained_variance   | 0.119        |
|    learning_rate        | 0.0003       |
|    loss                 | 27.8         |
|    n_updates            | 150          |
|    policy_gradient_loss | -0.0037      |
|    value_loss           | 54           |
------------------------------------------
------------------------------------------
| rollout/                |              |
|    ep_len_mean          | 60           |
|    ep_rew_mean          | 39           |
| time/                   |              |
|    fps                  | 91           |
|    iterations           | 17           |
|    time_elapsed         | 381          |
|    total_timesteps      | 34816        |
| train/                  |              |
|    approx_kl            | 0.0042363675 |
|    clip_fraction        | 0.0178       |
|    clip_range           | 0.2          |
|    entropy_loss         | -0.943       |
|    explained_variance   | 0.109        |
|    learning_rate        | 0.0003       |
|    loss                 | 26.9         |
|    n_updates            | 160          |
|    policy_gradient_loss | -0.00311     |
|    value_loss           | 54.2         |
------------------------------------------
-----------------------------------------
| rollout/                |             |
|    ep_len_mean          | 60          |
|    ep_rew_mean          | 39.6        |
| time/                   |             |
|    fps                  | 90          |
|    iterations           | 18          |
|    time_elapsed         | 405         |
|    total_timesteps      | 36864       |
| train/                  |             |
|    approx_kl            | 0.005472026 |
|    clip_fraction        | 0.0458      |
|    clip_range           | 0.2         |
|    entropy_loss         | -0.97       |
|    explained_variance   | 0.12        |
|    learning_rate        | 0.0003      |
|    loss                 | 26.2        |
|    n_updates            | 170         |
|    policy_gradient_loss | -0.00445    |
|    value_loss           | 56          |
-----------------------------------------
----------------------------------------
| rollout/                |            |
|    ep_len_mean          | 60         |
|    ep_rew_mean          | 39.4       |
| time/                   |            |
|    fps                  | 90         |
|    iterations           | 19         |
|    time_elapsed         | 428        |
|    total_timesteps      | 38912      |
| train/                  |            |
|    approx_kl            | 0.00677921 |
|    clip_fraction        | 0.0135     |
|    clip_range           | 0.2        |
|    entropy_loss         | -0.984     |
|    explained_variance   | 0.138      |
|    learning_rate        | 0.0003     |
|    loss                 | 23.2       |
|    n_updates            | 180        |
|    policy_gradient_loss | -0.00304   |
|    value_loss           | 52.9       |
----------------------------------------
------------------------------------------
| rollout/                |              |
|    ep_len_mean          | 60           |
|    ep_rew_mean          | 39.5         |
| time/                   |              |
|    fps                  | 90           |
|    iterations           | 20           |
|    time_elapsed         | 452          |
|    total_timesteps      | 40960        |
| train/                  |              |
|    approx_kl            | 0.0025830315 |
|    clip_fraction        | 0.0137       |
|    clip_range           | 0.2          |
|    entropy_loss         | -0.964       |
|    explained_variance   | 0.126        |
|    learning_rate        | 0.0003       |
|    loss                 | 30.1         |
|    n_updates            | 190          |
|    policy_gradient_loss | -0.00396     |
|    value_loss           | 58.2         |
------------------------------------------
------------------------------------------
| rollout/                |              |
|    ep_len_mean          | 60           |
|    ep_rew_mean          | 39.9         |
| time/                   |              |
|    fps                  | 89           |
|    iterations           | 21           |
|    time_elapsed         | 478          |
|    total_timesteps      | 43008        |
| train/                  |              |
|    approx_kl            | 0.0056282207 |
|    clip_fraction        | 0.0209       |
|    clip_range           | 0.2          |
|    entropy_loss         | -0.963       |
|    explained_variance   | 0.0908       |
|    learning_rate        | 0.0003       |
|    loss                 | 28.2         |
|    n_updates            | 200          |
|    policy_gradient_loss | -0.00467     |
|    value_loss           | 58.2         |
------------------------------------------
------------------------------------------
| rollout/                |              |
|    ep_len_mean          | 60           |
|    ep_rew_mean          | 40.5         |
| time/                   |              |
|    fps                  | 89           |
|    iterations           | 22           |
|    time_elapsed         | 502          |
|    total_timesteps      | 45056        |
| train/                  |              |
|    approx_kl            | 0.0020774868 |
|    clip_fraction        | 0.0103       |
|    clip_range           | 0.2          |
|    entropy_loss         | -0.925       |
|    explained_variance   | 0.108        |
|    learning_rate        | 0.0003       |
|    loss                 | 28.3         |
|    n_updates            | 210          |
|    policy_gradient_loss | -0.00298     |
|    value_loss           | 60.3         |
------------------------------------------
-----------------------------------------
| rollout/                |             |
|    ep_len_mean          | 60          |
|    ep_rew_mean          | 41          |
| time/                   |             |
|    fps                  | 89          |
|    iterations           | 23          |
|    time_elapsed         | 524         |
|    total_timesteps      | 47104       |
| train/                  |             |
|    approx_kl            | 0.008234972 |
|    clip_fraction        | 0.0704      |
|    clip_range           | 0.2         |
|    entropy_loss         | -0.863      |
|    explained_variance   | 0.0974      |
|    learning_rate        | 0.0003      |
|    loss                 | 25.7        |
|    n_updates            | 220         |
|    policy_gradient_loss | -0.00776    |
|    value_loss           | 57.4        |
-----------------------------------------
-----------------------------------------
| rollout/                |             |
|    ep_len_mean          | 60          |
|    ep_rew_mean          | 41.4        |
| time/                   |             |
|    fps                  | 89          |
|    iterations           | 24          |
|    time_elapsed         | 546         |
|    total_timesteps      | 49152       |
| train/                  |             |
|    approx_kl            | 0.002376209 |
|    clip_fraction        | 0.0171      |
|    clip_range           | 0.2         |
|    entropy_loss         | -0.841      |
|    explained_variance   | 0.117       |
|    learning_rate        | 0.0003      |
|    loss                 | 34.7        |
|    n_updates            | 230         |
|    policy_gradient_loss | -0.00264    |
|    value_loss           | 61.6        |
-----------------------------------------
-----------------------------------------
| rollout/                |             |
|    ep_len_mean          | 60          |
|    ep_rew_mean          | 42.3        |
| time/                   |             |
|    fps                  | 90          |
|    iterations           | 25          |
|    time_elapsed         | 567         |
|    total_timesteps      | 51200       |
| train/                  |             |
|    approx_kl            | 0.007311946 |
|    clip_fraction        | 0.0333      |
|    clip_range           | 0.2         |
|    entropy_loss         | -0.799      |
|    explained_variance   | 0.0917      |
|    learning_rate        | 0.0003      |
|    loss                 | 29.1        |
|    n_updates            | 240         |
|    policy_gradient_loss | -0.00556    |
|    value_loss           | 60.1        |
-----------------------------------------
    evaluating (100 episodes)...
    eval: 20/100 episodes
    eval: 40/100 episodes
    eval: 60/100 episodes
    eval: 80/100 episodes
    eval: 100/100 episodes
  handover_penalty=0.15 ...
Using cpu device
---------------------------------
| rollout/           |          |
|    ep_len_mean     | 60       |
|    ep_rew_mean     | 3.04     |
| time/              |          |
|    fps             | 140      |
|    iterations      | 1        |
|    time_elapsed    | 14       |
|    total_timesteps | 2048     |
---------------------------------
-----------------------------------------
| rollout/                |             |
|    ep_len_mean          | 60          |
|    ep_rew_mean          | 5.63        |
| time/                   |             |
|    fps                  | 126         |
|    iterations           | 2           |
|    time_elapsed         | 32          |
|    total_timesteps      | 4096        |
| train/                  |             |
|    approx_kl            | 0.018563678 |
|    clip_fraction        | 0.231       |
|    clip_range           | 0.2         |
|    entropy_loss         | -1.6        |
|    explained_variance   | -0.0208     |
|    learning_rate        | 0.0003      |
|    loss                 | 2.68        |
|    n_updates            | 10          |
|    policy_gradient_loss | -0.0273     |
|    value_loss           | 6.34        |
-----------------------------------------
-----------------------------------------
| rollout/                |             |
|    ep_len_mean          | 60          |
|    ep_rew_mean          | 7.37        |
| time/                   |             |
|    fps                  | 116         |
|    iterations           | 3           |
|    time_elapsed         | 52          |
|    total_timesteps      | 6144        |
| train/                  |             |
|    approx_kl            | 0.012398559 |
|    clip_fraction        | 0.101       |
|    clip_range           | 0.2         |
|    entropy_loss         | -1.57       |
|    explained_variance   | 0.12        |
|    learning_rate        | 0.0003      |
|    loss                 | 5.06        |
|    n_updates            | 20          |
|    policy_gradient_loss | -0.0149     |
|    value_loss           | 9.89        |
-----------------------------------------
-----------------------------------------
| rollout/                |             |
|    ep_len_mean          | 60          |
|    ep_rew_mean          | 12.1        |
| time/                   |             |
|    fps                  | 111         |
|    iterations           | 4           |
|    time_elapsed         | 73          |
|    total_timesteps      | 8192        |
| train/                  |             |
|    approx_kl            | 0.014456598 |
|    clip_fraction        | 0.104       |
|    clip_range           | 0.2         |
|    entropy_loss         | -1.52       |
|    explained_variance   | 0.162       |
|    learning_rate        | 0.0003      |
|    loss                 | 4.77        |
|    n_updates            | 30          |
|    policy_gradient_loss | -0.015      |
|    value_loss           | 11.1        |
-----------------------------------------
-----------------------------------------
| rollout/                |             |
|    ep_len_mean          | 60          |
|    ep_rew_mean          | 16.5        |
| time/                   |             |
|    fps                  | 106         |
|    iterations           | 5           |
|    time_elapsed         | 96          |
|    total_timesteps      | 10240       |
| train/                  |             |
|    approx_kl            | 0.008458497 |
|    clip_fraction        | 0.0276      |
|    clip_range           | 0.2         |
|    entropy_loss         | -1.48       |
|    explained_variance   | 0.128       |
|    learning_rate        | 0.0003      |
|    loss                 | 7.31        |
|    n_updates            | 40          |
|    policy_gradient_loss | -0.00617    |
|    value_loss           | 14.4        |
-----------------------------------------
-----------------------------------------
| rollout/                |             |
|    ep_len_mean          | 60          |
|    ep_rew_mean          | 21.3        |
| time/                   |             |
|    fps                  | 100         |
|    iterations           | 6           |
|    time_elapsed         | 121         |
|    total_timesteps      | 12288       |
| train/                  |             |
|    approx_kl            | 0.012586862 |
|    clip_fraction        | 0.0361      |
|    clip_range           | 0.2         |
|    entropy_loss         | -1.4        |
|    explained_variance   | 0.0729      |
|    learning_rate        | 0.0003      |
|    loss                 | 7.85        |
|    n_updates            | 50          |
|    policy_gradient_loss | -0.00824    |
|    value_loss           | 16.5        |
-----------------------------------------
-----------------------------------------
| rollout/                |             |
|    ep_len_mean          | 60          |
|    ep_rew_mean          | 25.4        |
| time/                   |             |
|    fps                  | 98          |
|    iterations           | 7           |
|    time_elapsed         | 146         |
|    total_timesteps      | 14336       |
| train/                  |             |
|    approx_kl            | 0.011168698 |
|    clip_fraction        | 0.0298      |
|    clip_range           | 0.2         |
|    entropy_loss         | -1.32       |
|    explained_variance   | 0.0427      |
|    learning_rate        | 0.0003      |
|    loss                 | 10.2        |
|    n_updates            | 60          |
|    policy_gradient_loss | -0.00759    |
|    value_loss           | 23.6        |
-----------------------------------------
-----------------------------------------
| rollout/                |             |
|    ep_len_mean          | 60          |
|    ep_rew_mean          | 29.1        |
| time/                   |             |
|    fps                  | 96          |
|    iterations           | 8           |
|    time_elapsed         | 170         |
|    total_timesteps      | 16384       |
| train/                  |             |
|    approx_kl            | 0.003332444 |
|    clip_fraction        | 0.00171     |
|    clip_range           | 0.2         |
|    entropy_loss         | -1.26       |
|    explained_variance   | 0.0439      |
|    learning_rate        | 0.0003      |
|    loss                 | 13.4        |
|    n_updates            | 70          |
|    policy_gradient_loss | -0.00328    |
|    value_loss           | 27.9        |
-----------------------------------------
----------------------------------------
| rollout/                |            |
|    ep_len_mean          | 60         |
|    ep_rew_mean          | 32.6       |
| time/                   |            |
|    fps                  | 94         |
|    iterations           | 9          |
|    time_elapsed         | 194        |
|    total_timesteps      | 18432      |
| train/                  |            |
|    approx_kl            | 0.01222566 |
|    clip_fraction        | 0.0363     |
|    clip_range           | 0.2        |
|    entropy_loss         | -1.17      |
|    explained_variance   | 0.0491     |
|    learning_rate        | 0.0003     |
|    loss                 | 15.8       |
|    n_updates            | 80         |
|    policy_gradient_loss | -0.00685   |
|    value_loss           | 32.3       |
----------------------------------------
------------------------------------------
| rollout/                |              |
|    ep_len_mean          | 60           |
|    ep_rew_mean          | 34.5         |
| time/                   |              |
|    fps                  | 94           |
|    iterations           | 10           |
|    time_elapsed         | 217          |
|    total_timesteps      | 20480        |
| train/                  |              |
|    approx_kl            | 0.0048053246 |
|    clip_fraction        | 0.00269      |
|    clip_range           | 0.2          |
|    entropy_loss         | -1.11        |
|    explained_variance   | 0.0609       |
|    learning_rate        | 0.0003       |
|    loss                 | 16.8         |
|    n_updates            | 90           |
|    policy_gradient_loss | -0.00214     |
|    value_loss           | 35.9         |
------------------------------------------
------------------------------------------
| rollout/                |              |
|    ep_len_mean          | 60           |
|    ep_rew_mean          | 35.6         |
| time/                   |              |
|    fps                  | 92           |
|    iterations           | 11           |
|    time_elapsed         | 243          |
|    total_timesteps      | 22528        |
| train/                  |              |
|    approx_kl            | 0.0040861177 |
|    clip_fraction        | 0.0084       |
|    clip_range           | 0.2          |
|    entropy_loss         | -1.05        |
|    explained_variance   | 0.0657       |
|    learning_rate        | 0.0003       |
|    loss                 | 19.3         |
|    n_updates            | 100          |
|    policy_gradient_loss | -0.00337     |
|    value_loss           | 38.3         |
------------------------------------------
-----------------------------------------
| rollout/                |             |
|    ep_len_mean          | 60          |
|    ep_rew_mean          | 36.2        |
| time/                   |             |
|    fps                  | 88          |
|    iterations           | 12          |
|    time_elapsed         | 277         |
|    total_timesteps      | 24576       |
| train/                  |             |
|    approx_kl            | 0.007318143 |
|    clip_fraction        | 0.0549      |
|    clip_range           | 0.2         |
|    entropy_loss         | -0.969      |
|    explained_variance   | 0.0762      |
|    learning_rate        | 0.0003      |
|    loss                 | 21.3        |
|    n_updates            | 110         |
|    policy_gradient_loss | -0.00564    |
|    value_loss           | 40.7        |
-----------------------------------------
------------------------------------------
| rollout/                |              |
|    ep_len_mean          | 60           |
|    ep_rew_mean          | 37           |
| time/                   |              |
|    fps                  | 86           |
|    iterations           | 13           |
|    time_elapsed         | 306          |
|    total_timesteps      | 26624        |
| train/                  |              |
|    approx_kl            | 0.0033060764 |
|    clip_fraction        | 0.0179       |
|    clip_range           | 0.2          |
|    entropy_loss         | -0.954       |
|    explained_variance   | 0.08         |
|    learning_rate        | 0.0003       |
|    loss                 | 21.7         |
|    n_updates            | 120          |
|    policy_gradient_loss | -0.0023      |
|    value_loss           | 45.9         |
------------------------------------------
------------------------------------------
| rollout/                |              |
|    ep_len_mean          | 60           |
|    ep_rew_mean          | 37.4         |
| time/                   |              |
|    fps                  | 85           |
|    iterations           | 14           |
|    time_elapsed         | 334          |
|    total_timesteps      | 28672        |
| train/                  |              |
|    approx_kl            | 0.0035657908 |
|    clip_fraction        | 0.0301       |
|    clip_range           | 0.2          |
|    entropy_loss         | -0.965       |
|    explained_variance   | 0.0925       |
|    learning_rate        | 0.0003       |
|    loss                 | 21.7         |
|    n_updates            | 130          |
|    policy_gradient_loss | -0.00509     |
|    value_loss           | 44.2         |
------------------------------------------
------------------------------------------
| rollout/                |              |
|    ep_len_mean          | 60           |
|    ep_rew_mean          | 37.6         |
| time/                   |              |
|    fps                  | 84           |
|    iterations           | 15           |
|    time_elapsed         | 363          |
|    total_timesteps      | 30720        |
| train/                  |              |
|    approx_kl            | 0.0066363113 |
|    clip_fraction        | 0.0551       |
|    clip_range           | 0.2          |
|    entropy_loss         | -0.88        |
|    explained_variance   | 0.105        |
|    learning_rate        | 0.0003       |
|    loss                 | 21.5         |
|    n_updates            | 140          |
|    policy_gradient_loss | -0.00655     |
|    value_loss           | 49.9         |
------------------------------------------
------------------------------------------
| rollout/                |              |
|    ep_len_mean          | 60           |
|    ep_rew_mean          | 38.3         |
| time/                   |              |
|    fps                  | 84           |
|    iterations           | 16           |
|    time_elapsed         | 388          |
|    total_timesteps      | 32768        |
| train/                  |              |
|    approx_kl            | 0.0028194706 |
|    clip_fraction        | 0.019        |
|    clip_range           | 0.2          |
|    entropy_loss         | -0.84        |
|    explained_variance   | 0.115        |
|    learning_rate        | 0.0003       |
|    loss                 | 26.5         |
|    n_updates            | 150          |
|    policy_gradient_loss | -0.00242     |
|    value_loss           | 51           |
------------------------------------------
-----------------------------------------
| rollout/                |             |
|    ep_len_mean          | 60          |
|    ep_rew_mean          | 38.8        |
| time/                   |             |
|    fps                  | 83          |
|    iterations           | 17          |
|    time_elapsed         | 414         |
|    total_timesteps      | 34816       |
| train/                  |             |
|    approx_kl            | 0.003946737 |
|    clip_fraction        | 0.0226      |
|    clip_range           | 0.2         |
|    entropy_loss         | -0.811      |
|    explained_variance   | 0.104       |
|    learning_rate        | 0.0003      |
|    loss                 | 25          |
|    n_updates            | 160         |
|    policy_gradient_loss | -0.00325    |
|    value_loss           | 50.8        |
-----------------------------------------
-----------------------------------------
| rollout/                |             |
|    ep_len_mean          | 60          |
|    ep_rew_mean          | 39.1        |
| time/                   |             |
|    fps                  | 83          |
|    iterations           | 18          |
|    time_elapsed         | 440         |
|    total_timesteps      | 36864       |
| train/                  |             |
|    approx_kl            | 0.003106819 |
|    clip_fraction        | 0.0104      |
|    clip_range           | 0.2         |
|    entropy_loss         | -0.814      |
|    explained_variance   | 0.118       |
|    learning_rate        | 0.0003      |
|    loss                 | 25.2        |
|    n_updates            | 170         |
|    policy_gradient_loss | -0.00226    |
|    value_loss           | 53.7        |
-----------------------------------------
------------------------------------------
| rollout/                |              |
|    ep_len_mean          | 60           |
|    ep_rew_mean          | 39.2         |
| time/                   |              |
|    fps                  | 83           |
|    iterations           | 19           |
|    time_elapsed         | 464          |
|    total_timesteps      | 38912        |
| train/                  |              |
|    approx_kl            | 0.0019296992 |
|    clip_fraction        | 0.00552      |
|    clip_range           | 0.2          |
|    entropy_loss         | -0.829       |
|    explained_variance   | 0.134        |
|    learning_rate        | 0.0003       |
|    loss                 | 22.1         |
|    n_updates            | 180          |
|    policy_gradient_loss | -0.00202     |
|    value_loss           | 50.5         |
------------------------------------------
-----------------------------------------
| rollout/                |             |
|    ep_len_mean          | 60          |
|    ep_rew_mean          | 39.3        |
| time/                   |             |
|    fps                  | 83          |
|    iterations           | 20          |
|    time_elapsed         | 490         |
|    total_timesteps      | 40960       |
| train/                  |             |
|    approx_kl            | 0.002567617 |
|    clip_fraction        | 0.0241      |
|    clip_range           | 0.2         |
|    entropy_loss         | -0.815      |
|    explained_variance   | 0.123       |
|    learning_rate        | 0.0003      |
|    loss                 | 28          |
|    n_updates            | 190         |
|    policy_gradient_loss | -0.00416    |
|    value_loss           | 54.5        |
-----------------------------------------
-----------------------------------------
| rollout/                |             |
|    ep_len_mean          | 60          |
|    ep_rew_mean          | 39.5        |
| time/                   |             |
|    fps                  | 83          |
|    iterations           | 21          |
|    time_elapsed         | 515         |
|    total_timesteps      | 43008       |
| train/                  |             |
|    approx_kl            | 0.002791331 |
|    clip_fraction        | 0.0207      |
|    clip_range           | 0.2         |
|    entropy_loss         | -0.813      |
|    explained_variance   | 0.0891      |
|    learning_rate        | 0.0003      |
|    loss                 | 27.5        |
|    n_updates            | 200         |
|    policy_gradient_loss | -0.00405    |
|    value_loss           | 56.3        |
-----------------------------------------
------------------------------------------
| rollout/                |              |
|    ep_len_mean          | 60           |
|    ep_rew_mean          | 39.8         |
| time/                   |              |
|    fps                  | 83           |
|    iterations           | 22           |
|    time_elapsed         | 540          |
|    total_timesteps      | 45056        |
| train/                  |              |
|    approx_kl            | 0.0044181976 |
|    clip_fraction        | 0.0158       |
|    clip_range           | 0.2          |
|    entropy_loss         | -0.782       |
|    explained_variance   | 0.1          |
|    learning_rate        | 0.0003       |
|    loss                 | 27           |
|    n_updates            | 210          |
|    policy_gradient_loss | -0.00354     |
|    value_loss           | 57.9         |
------------------------------------------
------------------------------------------
| rollout/                |              |
|    ep_len_mean          | 60           |
|    ep_rew_mean          | 40.5         |
| time/                   |              |
|    fps                  | 83           |
|    iterations           | 23           |
|    time_elapsed         | 565          |
|    total_timesteps      | 47104        |
| train/                  |              |
|    approx_kl            | 0.0043799486 |
|    clip_fraction        | 0.037        |
|    clip_range           | 0.2          |
|    entropy_loss         | -0.688       |
|    explained_variance   | 0.09         |
|    learning_rate        | 0.0003       |
|    loss                 | 24.6         |
|    n_updates            | 220          |
|    policy_gradient_loss | -0.00582     |
|    value_loss           | 55           |
------------------------------------------
------------------------------------------
| rollout/                |              |
|    ep_len_mean          | 60           |
|    ep_rew_mean          | 41.2         |
| time/                   |              |
|    fps                  | 83           |
|    iterations           | 24           |
|    time_elapsed         | 591          |
|    total_timesteps      | 49152        |
| train/                  |              |
|    approx_kl            | 0.0032762145 |
|    clip_fraction        | 0.0144       |
|    clip_range           | 0.2          |
|    entropy_loss         | -0.65        |
|    explained_variance   | 0.116        |
|    learning_rate        | 0.0003       |
|    loss                 | 33           |
|    n_updates            | 230          |
|    policy_gradient_loss | -0.00299     |
|    value_loss           | 58.3         |
------------------------------------------
-----------------------------------------
| rollout/                |             |
|    ep_len_mean          | 60          |
|    ep_rew_mean          | 42.1        |
| time/                   |             |
|    fps                  | 83          |
|    iterations           | 25          |
|    time_elapsed         | 616         |
|    total_timesteps      | 51200       |
| train/                  |             |
|    approx_kl            | 0.003220728 |
|    clip_fraction        | 0.0309      |
|    clip_range           | 0.2         |
|    entropy_loss         | -0.592      |
|    explained_variance   | 0.0887      |
|    learning_rate        | 0.0003      |
|    loss                 | 28.1        |
|    n_updates            | 240         |
|    policy_gradient_loss | -0.0053     |
|    value_loss           | 58          |
-----------------------------------------
    evaluating (100 episodes)...
    eval: 20/100 episodes
    eval: 40/100 episodes
    eval: 60/100 episodes
    eval: 80/100 episodes
    eval: 100/100 episodes
  handover_penalty=0.3 ...
Using cpu device
---------------------------------
| rollout/           |          |
|    ep_len_mean     | 60       |
|    ep_rew_mean     | -1.1     |
| time/              |          |
|    fps             | 105      |
|    iterations      | 1        |
|    time_elapsed    | 19       |
|    total_timesteps | 2048     |
---------------------------------
-----------------------------------------
| rollout/                |             |
|    ep_len_mean          | 60          |
|    ep_rew_mean          | 1.32        |
| time/                   |             |
|    fps                  | 100         |
|    iterations           | 2           |
|    time_elapsed         | 40          |
|    total_timesteps      | 4096        |
| train/                  |             |
|    approx_kl            | 0.018449526 |
|    clip_fraction        | 0.239       |
|    clip_range           | 0.2         |
|    entropy_loss         | -1.6        |
|    explained_variance   | -0.0244     |
|    learning_rate        | 0.0003      |
|    loss                 | 2.23        |
|    n_updates            | 10          |
|    policy_gradient_loss | -0.029      |
|    value_loss           | 5.07        |
-----------------------------------------
------------------------------------------
| rollout/                |              |
|    ep_len_mean          | 60           |
|    ep_rew_mean          | 3.29         |
| time/                   |              |
|    fps                  | 95           |
|    iterations           | 3            |
|    time_elapsed         | 64           |
|    total_timesteps      | 6144         |
| train/                  |              |
|    approx_kl            | 0.0135061275 |
|    clip_fraction        | 0.146        |
|    clip_range           | 0.2          |
|    entropy_loss         | -1.56        |
|    explained_variance   | 0.119        |
|    learning_rate        | 0.0003       |
|    loss                 | 3.93         |
|    n_updates            | 20           |
|    policy_gradient_loss | -0.0195      |
|    value_loss           | 7.36         |
------------------------------------------
-----------------------------------------
| rollout/                |             |
|    ep_len_mean          | 60          |
|    ep_rew_mean          | 8.02        |
| time/                   |             |
|    fps                  | 94          |
|    iterations           | 4           |
|    time_elapsed         | 86          |
|    total_timesteps      | 8192        |
| train/                  |             |
|    approx_kl            | 0.014407926 |
|    clip_fraction        | 0.123       |
|    clip_range           | 0.2         |
|    entropy_loss         | -1.52       |
|    explained_variance   | 0.167       |
|    learning_rate        | 0.0003      |
|    loss                 | 3.52        |
|    n_updates            | 30          |
|    policy_gradient_loss | -0.0178     |
|    value_loss           | 8.2         |
-----------------------------------------
-----------------------------------------
| rollout/                |             |
|    ep_len_mean          | 60          |
|    ep_rew_mean          | 12.4        |
| time/                   |             |
|    fps                  | 93          |
|    iterations           | 5           |
|    time_elapsed         | 109         |
|    total_timesteps      | 10240       |
| train/                  |             |
|    approx_kl            | 0.009650637 |
|    clip_fraction        | 0.0463      |
|    clip_range           | 0.2         |
|    entropy_loss         | -1.47       |
|    explained_variance   | 0.133       |
|    learning_rate        | 0.0003      |
|    loss                 | 5.14        |
|    n_updates            | 40          |
|    policy_gradient_loss | -0.00919    |
|    value_loss           | 10          |
-----------------------------------------
-----------------------------------------
| rollout/                |             |
|    ep_len_mean          | 60          |
|    ep_rew_mean          | 17          |
| time/                   |             |
|    fps                  | 92          |
|    iterations           | 6           |
|    time_elapsed         | 132         |
|    total_timesteps      | 12288       |
| train/                  |             |
|    approx_kl            | 0.013097979 |
|    clip_fraction        | 0.059       |
|    clip_range           | 0.2         |
|    entropy_loss         | -1.39       |
|    explained_variance   | 0.0761      |
|    learning_rate        | 0.0003      |
|    loss                 | 5.49        |
|    n_updates            | 50          |
|    policy_gradient_loss | -0.0109     |
|    value_loss           | 11.7        |
-----------------------------------------
-----------------------------------------
| rollout/                |             |
|    ep_len_mean          | 60          |
|    ep_rew_mean          | 21.2        |
| time/                   |             |
|    fps                  | 88          |
|    iterations           | 7           |
|    time_elapsed         | 161         |
|    total_timesteps      | 14336       |
| train/                  |             |
|    approx_kl            | 0.015039643 |
|    clip_fraction        | 0.0438      |
|    clip_range           | 0.2         |
|    entropy_loss         | -1.31       |
|    explained_variance   | 0.0405      |
|    learning_rate        | 0.0003      |
|    loss                 | 7.26        |
|    n_updates            | 60          |
|    policy_gradient_loss | -0.00852    |
|    value_loss           | 16.8        |
-----------------------------------------
-----------------------------------------
| rollout/                |             |
|    ep_len_mean          | 60          |
|    ep_rew_mean          | 25.3        |
| time/                   |             |
|    fps                  | 89          |
|    iterations           | 8           |
|    time_elapsed         | 183         |
|    total_timesteps      | 16384       |
| train/                  |             |
|    approx_kl            | 0.006255498 |
|    clip_fraction        | 0.00649     |
|    clip_range           | 0.2         |
|    entropy_loss         | -1.23       |
|    explained_variance   | 0.0404      |
|    learning_rate        | 0.0003      |
|    loss                 | 9.83        |
|    n_updates            | 70          |
|    policy_gradient_loss | -0.00389    |
|    value_loss           | 20.8        |
-----------------------------------------
-----------------------------------------
| rollout/                |             |
|    ep_len_mean          | 60          |
|    ep_rew_mean          | 29.4        |
| time/                   |             |
|    fps                  | 89          |
|    iterations           | 9           |
|    time_elapsed         | 206         |
|    total_timesteps      | 18432       |
| train/                  |             |
|    approx_kl            | 0.013553683 |
|    clip_fraction        | 0.0719      |
|    clip_range           | 0.2         |
|    entropy_loss         | -1.11       |
|    explained_variance   | 0.0471      |
|    learning_rate        | 0.0003      |
|    loss                 | 12.4        |
|    n_updates            | 80          |
|    policy_gradient_loss | -0.0113     |
|    value_loss           | 25.3        |
-----------------------------------------
------------------------------------------
| rollout/                |              |
|    ep_len_mean          | 60           |
|    ep_rew_mean          | 32           |
| time/                   |              |
|    fps                  | 89           |
|    iterations           | 10           |
|    time_elapsed         | 228          |
|    total_timesteps      | 20480        |
| train/                  |              |
|    approx_kl            | 0.0021457188 |
|    clip_fraction        | 0            |
|    clip_range           | 0.2          |
|    entropy_loss         | -1.03        |
|    explained_variance   | 0.0494       |
|    learning_rate        | 0.0003       |
|    loss                 | 13.6         |
|    n_updates            | 90           |
|    policy_gradient_loss | -0.00208     |
|    value_loss           | 29.5         |
------------------------------------------
------------------------------------------
| rollout/                |              |
|    ep_len_mean          | 60           |
|    ep_rew_mean          | 33.8         |
| time/                   |              |
|    fps                  | 89           |
|    iterations           | 11           |
|    time_elapsed         | 251          |
|    total_timesteps      | 22528        |
| train/                  |              |
|    approx_kl            | 0.0066312538 |
|    clip_fraction        | 0.0227       |
|    clip_range           | 0.2          |
|    entropy_loss         | -0.947       |
|    explained_variance   | 0.0448       |
|    learning_rate        | 0.0003       |
|    loss                 | 16.7         |
|    n_updates            | 100          |
|    policy_gradient_loss | -0.00621     |
|    value_loss           | 33.4         |
------------------------------------------
------------------------------------------
| rollout/                |              |
|    ep_len_mean          | 60           |
|    ep_rew_mean          | 35.1         |
| time/                   |              |
|    fps                  | 89           |
|    iterations           | 12           |
|    time_elapsed         | 273          |
|    total_timesteps      | 24576        |
| train/                  |              |
|    approx_kl            | 0.0035489611 |
|    clip_fraction        | 0.0144       |
|    clip_range           | 0.2          |
|    entropy_loss         | -0.869       |
|    explained_variance   | 0.0623       |
|    learning_rate        | 0.0003       |
|    loss                 | 18.1         |
|    n_updates            | 110          |
|    policy_gradient_loss | -0.00391     |
|    value_loss           | 35.1         |
------------------------------------------
------------------------------------------
| rollout/                |              |
|    ep_len_mean          | 60           |
|    ep_rew_mean          | 36.3         |
| time/                   |              |
|    fps                  | 89           |
|    iterations           | 13           |
|    time_elapsed         | 297          |
|    total_timesteps      | 26624        |
| train/                  |              |
|    approx_kl            | 0.0033069823 |
|    clip_fraction        | 0.0115       |
|    clip_range           | 0.2          |
|    entropy_loss         | -0.823       |
|    explained_variance   | 0.0707       |
|    learning_rate        | 0.0003       |
|    loss                 | 19           |
|    n_updates            | 120          |
|    policy_gradient_loss | -0.00138     |
|    value_loss           | 39.9         |
------------------------------------------
------------------------------------------
| rollout/                |              |
|    ep_len_mean          | 60           |
|    ep_rew_mean          | 36.9         |
| time/                   |              |
|    fps                  | 89           |
|    iterations           | 14           |
|    time_elapsed         | 320          |
|    total_timesteps      | 28672        |
| train/                  |              |
|    approx_kl            | 0.0033154013 |
|    clip_fraction        | 0.0195       |
|    clip_range           | 0.2          |
|    entropy_loss         | -0.769       |
|    explained_variance   | 0.0831       |
|    learning_rate        | 0.0003       |
|    loss                 | 19.8         |
|    n_updates            | 130          |
|    policy_gradient_loss | -0.00335     |
|    value_loss           | 41           |
------------------------------------------
------------------------------------------
| rollout/                |              |
|    ep_len_mean          | 60           |
|    ep_rew_mean          | 37.5         |
| time/                   |              |
|    fps                  | 89           |
|    iterations           | 15           |
|    time_elapsed         | 343          |
|    total_timesteps      | 30720        |
| train/                  |              |
|    approx_kl            | 0.0030169191 |
|    clip_fraction        | 0.0279       |
|    clip_range           | 0.2          |
|    entropy_loss         | -0.729       |
|    explained_variance   | 0.0968       |
|    learning_rate        | 0.0003       |
|    loss                 | 20.3         |
|    n_updates            | 140          |
|    policy_gradient_loss | -0.00341     |
|    value_loss           | 46.1         |
------------------------------------------
------------------------------------------
| rollout/                |              |
|    ep_len_mean          | 60           |
|    ep_rew_mean          | 38.3         |
| time/                   |              |
|    fps                  | 89           |
|    iterations           | 16           |
|    time_elapsed         | 365          |
|    total_timesteps      | 32768        |
| train/                  |              |
|    approx_kl            | 0.0019544084 |
|    clip_fraction        | 0.00151      |
|    clip_range           | 0.2          |
|    entropy_loss         | -0.707       |
|    explained_variance   | 0.11         |
|    learning_rate        | 0.0003       |
|    loss                 | 24.4         |
|    n_updates            | 150          |
|    policy_gradient_loss | -0.002       |
|    value_loss           | 46.9         |
------------------------------------------
------------------------------------------
| rollout/                |              |
|    ep_len_mean          | 60           |
|    ep_rew_mean          | 39.1         |
| time/                   |              |
|    fps                  | 89           |
|    iterations           | 17           |
|    time_elapsed         | 389          |
|    total_timesteps      | 34816        |
| train/                  |              |
|    approx_kl            | 0.0044654114 |
|    clip_fraction        | 0.027        |
|    clip_range           | 0.2          |
|    entropy_loss         | -0.639       |
|    explained_variance   | 0.1          |
|    learning_rate        | 0.0003       |
|    loss                 | 24.4         |
|    n_updates            | 160          |
|    policy_gradient_loss | -0.00418     |
|    value_loss           | 49.2         |
------------------------------------------
------------------------------------------
| rollout/                |              |
|    ep_len_mean          | 60           |
|    ep_rew_mean          | 39.6         |
| time/                   |              |
|    fps                  | 88           |
|    iterations           | 18           |
|    time_elapsed         | 414          |
|    total_timesteps      | 36864        |
| train/                  |              |
|    approx_kl            | 0.0020201965 |
|    clip_fraction        | 0.015        |
|    clip_range           | 0.2          |
|    entropy_loss         | -0.642       |
|    explained_variance   | 0.117        |
|    learning_rate        | 0.0003       |
|    loss                 | 24.5         |
|    n_updates            | 170          |
|    policy_gradient_loss | -0.00208     |
|    value_loss           | 51.2         |
------------------------------------------
------------------------------------------
| rollout/                |              |
|    ep_len_mean          | 60           |
|    ep_rew_mean          | 39.9         |
| time/                   |              |
|    fps                  | 88           |
|    iterations           | 19           |
|    time_elapsed         | 440          |
|    total_timesteps      | 38912        |
| train/                  |              |
|    approx_kl            | 0.0039150473 |
|    clip_fraction        | 0.0182       |
|    clip_range           | 0.2          |
|    entropy_loss         | -0.603       |
|    explained_variance   | 0.136        |
|    learning_rate        | 0.0003       |
|    loss                 | 21.8         |
|    n_updates            | 180          |
|    policy_gradient_loss | -0.00257     |
|    value_loss           | 49.3         |
------------------------------------------
------------------------------------------
| rollout/                |              |
|    ep_len_mean          | 60           |
|    ep_rew_mean          | 40.2         |
| time/                   |              |
|    fps                  | 88           |
|    iterations           | 20           |
|    time_elapsed         | 464          |
|    total_timesteps      | 40960        |
| train/                  |              |
|    approx_kl            | 0.0017032872 |
|    clip_fraction        | 0.018        |
|    clip_range           | 0.2          |
|    entropy_loss         | -0.529       |
|    explained_variance   | 0.117        |
|    learning_rate        | 0.0003       |
|    loss                 | 28.2         |
|    n_updates            | 190          |
|    policy_gradient_loss | -0.00385     |
|    value_loss           | 55.1         |
------------------------------------------
------------------------------------------
| rollout/                |              |
|    ep_len_mean          | 60           |
|    ep_rew_mean          | 41           |
| time/                   |              |
|    fps                  | 87           |
|    iterations           | 21           |
|    time_elapsed         | 490          |
|    total_timesteps      | 43008        |
| train/                  |              |
|    approx_kl            | 0.0019203166 |
|    clip_fraction        | 0.00718      |
|    clip_range           | 0.2          |
|    entropy_loss         | -0.525       |
|    explained_variance   | 0.0757       |
|    learning_rate        | 0.0003       |
|    loss                 | 26.6         |
|    n_updates            | 200          |
|    policy_gradient_loss | -0.00241     |
|    value_loss           | 55           |
------------------------------------------
------------------------------------------
| rollout/                |              |
|    ep_len_mean          | 60           |
|    ep_rew_mean          | 41.6         |
| time/                   |              |
|    fps                  | 87           |
|    iterations           | 22           |
|    time_elapsed         | 515          |
|    total_timesteps      | 45056        |
| train/                  |              |
|    approx_kl            | 0.0018442732 |
|    clip_fraction        | 0.00854      |
|    clip_range           | 0.2          |
|    entropy_loss         | -0.495       |
|    explained_variance   | 0.0936       |
|    learning_rate        | 0.0003       |
|    loss                 | 27.4         |
|    n_updates            | 210          |
|    policy_gradient_loss | -0.00191     |
|    value_loss           | 59           |
------------------------------------------
-----------------------------------------
| rollout/                |             |
|    ep_len_mean          | 60          |
|    ep_rew_mean          | 42.2        |
| time/                   |             |
|    fps                  | 87          |
|    iterations           | 23          |
|    time_elapsed         | 538         |
|    total_timesteps      | 47104       |
| train/                  |             |
|    approx_kl            | 0.002621719 |
|    clip_fraction        | 0.0162      |
|    clip_range           | 0.2         |
|    entropy_loss         | -0.473      |
|    explained_variance   | 0.083       |
|    learning_rate        | 0.0003      |
|    loss                 | 25.9        |
|    n_updates            | 220         |
|    policy_gradient_loss | -0.00251    |
|    value_loss           | 56.2        |
-----------------------------------------
-----------------------------------------
| rollout/                |             |
|    ep_len_mean          | 60          |
|    ep_rew_mean          | 42.6        |
| time/                   |             |
|    fps                  | 87          |
|    iterations           | 24          |
|    time_elapsed         | 559         |
|    total_timesteps      | 49152       |
| train/                  |             |
|    approx_kl            | 0.001167683 |
|    clip_fraction        | 0.0128      |
|    clip_range           | 0.2         |
|    entropy_loss         | -0.424      |
|    explained_variance   | 0.108       |
|    learning_rate        | 0.0003      |
|    loss                 | 34.7        |
|    n_updates            | 230         |
|    policy_gradient_loss | -0.00205    |
|    value_loss           | 60.8        |
-----------------------------------------
------------------------------------------
| rollout/                |              |
|    ep_len_mean          | 60           |
|    ep_rew_mean          | 43.3         |
| time/                   |              |
|    fps                  | 88           |
|    iterations           | 25           |
|    time_elapsed         | 580          |
|    total_timesteps      | 51200        |
| train/                  |              |
|    approx_kl            | 0.0023104716 |
|    clip_fraction        | 0.0146       |
|    clip_range           | 0.2          |
|    entropy_loss         | -0.403       |
|    explained_variance   | 0.0851       |
|    learning_rate        | 0.0003       |
|    loss                 | 29.3         |
|    n_updates            | 240          |
|    policy_gradient_loss | -0.00277     |
|    value_loss           | 59.7         |
------------------------------------------
    evaluating (100 episodes)...
    eval: 20/100 episodes
    eval: 40/100 episodes
    eval: 60/100 episodes
    eval: 80/100 episodes
    eval: 100/100 episodes
  handover_penalty=0.5 ...
Using cpu device
---------------------------------
| rollout/           |          |
|    ep_len_mean     | 60       |
|    ep_rew_mean     | -6.63    |
| time/              |          |
|    fps             | 146      |
|    iterations      | 1        |
|    time_elapsed    | 13       |
|    total_timesteps | 2048     |
---------------------------------
-----------------------------------------
| rollout/                |             |
|    ep_len_mean          | 60          |
|    ep_rew_mean          | -4.21       |
| time/                   |             |
|    fps                  | 141         |
|    iterations           | 2           |
|    time_elapsed         | 28          |
|    total_timesteps      | 4096        |
| train/                  |             |
|    approx_kl            | 0.018613283 |
|    clip_fraction        | 0.244       |
|    clip_range           | 0.2         |
|    entropy_loss         | -1.6        |
|    explained_variance   | -0.0287     |
|    learning_rate        | 0.0003      |
|    loss                 | 1.98        |
|    n_updates            | 10          |
|    policy_gradient_loss | -0.0311     |
|    value_loss           | 4.51        |
-----------------------------------------
-----------------------------------------
| rollout/                |             |
|    ep_len_mean          | 60          |
|    ep_rew_mean          | -1.93       |
| time/                   |             |
|    fps                  | 138         |
|    iterations           | 3           |
|    time_elapsed         | 44          |
|    total_timesteps      | 6144        |
| train/                  |             |
|    approx_kl            | 0.018061625 |
|    clip_fraction        | 0.216       |
|    clip_range           | 0.2         |
|    entropy_loss         | -1.55       |
|    explained_variance   | 0.0751      |
|    learning_rate        | 0.0003      |
|    loss                 | 2.97        |
|    n_updates            | 20          |
|    policy_gradient_loss | -0.0276     |
|    value_loss           | 5.51        |
-----------------------------------------
-----------------------------------------
| rollout/                |             |
|    ep_len_mean          | 60          |
|    ep_rew_mean          | 3.14        |
| time/                   |             |
|    fps                  | 127         |
|    iterations           | 4           |
|    time_elapsed         | 64          |
|    total_timesteps      | 8192        |
| train/                  |             |
|    approx_kl            | 0.014612978 |
|    clip_fraction        | 0.17        |
|    clip_range           | 0.2         |
|    entropy_loss         | -1.5        |
|    explained_variance   | 0.158       |
|    learning_rate        | 0.0003      |
|    loss                 | 2.52        |
|    n_updates            | 30          |
|    policy_gradient_loss | -0.0224     |
|    value_loss           | 5.52        |
-----------------------------------------
----------------------------------------
| rollout/                |            |
|    ep_len_mean          | 60         |
|    ep_rew_mean          | 7.81       |
| time/                   |            |
|    fps                  | 121        |
|    iterations           | 5          |
|    time_elapsed         | 84         |
|    total_timesteps      | 10240      |
| train/                  |            |
|    approx_kl            | 0.01083968 |
|    clip_fraction        | 0.101      |
|    clip_range           | 0.2        |
|    entropy_loss         | -1.44      |
|    explained_variance   | 0.124      |
|    learning_rate        | 0.0003     |
|    loss                 | 3.26       |
|    n_updates            | 40         |
|    policy_gradient_loss | -0.0145    |
|    value_loss           | 6.8        |
----------------------------------------
-----------------------------------------
| rollout/                |             |
|    ep_len_mean          | 60          |
|    ep_rew_mean          | 12.7        |
| time/                   |             |
|    fps                  | 116         |
|    iterations           | 6           |
|    time_elapsed         | 105         |
|    total_timesteps      | 12288       |
| train/                  |             |
|    approx_kl            | 0.013622751 |
|    clip_fraction        | 0.084       |
|    clip_range           | 0.2         |
|    entropy_loss         | -1.36       |
|    explained_variance   | 0.111       |
|    learning_rate        | 0.0003      |
|    loss                 | 3.07        |
|    n_updates            | 50          |
|    policy_gradient_loss | -0.0142     |
|    value_loss           | 7.22        |
-----------------------------------------
-----------------------------------------
| rollout/                |             |
|    ep_len_mean          | 60          |
|    ep_rew_mean          | 17.1        |
| time/                   |             |
|    fps                  | 112         |
|    iterations           | 7           |
|    time_elapsed         | 127         |
|    total_timesteps      | 14336       |
| train/                  |             |
|    approx_kl            | 0.012849118 |
|    clip_fraction        | 0.0529      |
|    clip_range           | 0.2         |
|    entropy_loss         | -1.27       |
|    explained_variance   | 0.0265      |
|    learning_rate        | 0.0003      |
|    loss                 | 4.26        |
|    n_updates            | 60          |
|    policy_gradient_loss | -0.00988    |
|    value_loss           | 10.9        |
-----------------------------------------
----------------------------------------
| rollout/                |            |
|    ep_len_mean          | 60         |
|    ep_rew_mean          | 22         |
| time/                   |            |
|    fps                  | 108        |
|    iterations           | 8          |
|    time_elapsed         | 151        |
|    total_timesteps      | 16384      |
| train/                  |            |
|    approx_kl            | 0.00873936 |
|    clip_fraction        | 0.00884    |
|    clip_range           | 0.2        |
|    entropy_loss         | -1.18      |
|    explained_variance   | 0.0301     |
|    learning_rate        | 0.0003     |
|    loss                 | 6.62       |
|    n_updates            | 70         |
|    policy_gradient_loss | -0.00741   |
|    value_loss           | 14.9       |
----------------------------------------
------------------------------------------
| rollout/                |              |
|    ep_len_mean          | 60           |
|    ep_rew_mean          | 26.6         |
| time/                   |              |
|    fps                  | 105          |
|    iterations           | 9            |
|    time_elapsed         | 174          |
|    total_timesteps      | 18432        |
| train/                  |              |
|    approx_kl            | 0.0094912145 |
|    clip_fraction        | 0.0447       |
|    clip_range           | 0.2          |
|    entropy_loss         | -1.03        |
|    explained_variance   | 0.0375       |
|    learning_rate        | 0.0003       |
|    loss                 | 9.64         |
|    n_updates            | 80           |
|    policy_gradient_loss | -0.011       |
|    value_loss           | 20.2         |
------------------------------------------
------------------------------------------
| rollout/                |              |
|    ep_len_mean          | 60           |
|    ep_rew_mean          | 29.9         |
| time/                   |              |
|    fps                  | 103          |
|    iterations           | 10           |
|    time_elapsed         | 197          |
|    total_timesteps      | 20480        |
| train/                  |              |
|    approx_kl            | 0.0023780311 |
|    clip_fraction        | 4.88e-05     |
|    clip_range           | 0.2          |
|    entropy_loss         | -0.961       |
|    explained_variance   | 0.0308       |
|    learning_rate        | 0.0003       |
|    loss                 | 11           |
|    n_updates            | 90           |
|    policy_gradient_loss | -0.00333     |
|    value_loss           | 24.9         |
------------------------------------------
------------------------------------------
| rollout/                |              |
|    ep_len_mean          | 60           |
|    ep_rew_mean          | 31.9         |
| time/                   |              |
|    fps                  | 102          |
|    iterations           | 11           |
|    time_elapsed         | 219          |
|    total_timesteps      | 22528        |
| train/                  |              |
|    approx_kl            | 0.0065334137 |
|    clip_fraction        | 0.026        |
|    clip_range           | 0.2          |
|    entropy_loss         | -0.876       |
|    explained_variance   | 0.0231       |
|    learning_rate        | 0.0003       |
|    loss                 | 14.1         |
|    n_updates            | 100          |
|    policy_gradient_loss | -0.00622     |
|    value_loss           | 28.5         |
------------------------------------------
------------------------------------------
| rollout/                |              |
|    ep_len_mean          | 60           |
|    ep_rew_mean          | 33.5         |
| time/                   |              |
|    fps                  | 101          |
|    iterations           | 12           |
|    time_elapsed         | 243          |
|    total_timesteps      | 24576        |
| train/                  |              |
|    approx_kl            | 0.0032421143 |
|    clip_fraction        | 0.011        |
|    clip_range           | 0.2          |
|    entropy_loss         | -0.784       |
|    explained_variance   | 0.0402       |
|    learning_rate        | 0.0003       |
|    loss                 | 15.5         |
|    n_updates            | 110          |
|    policy_gradient_loss | -0.00269     |
|    value_loss           | 30.3         |
------------------------------------------
------------------------------------------
| rollout/                |              |
|    ep_len_mean          | 60           |
|    ep_rew_mean          | 34.9         |
| time/                   |              |
|    fps                  | 99           |
|    iterations           | 13           |
|    time_elapsed         | 266          |
|    total_timesteps      | 26624        |
| train/                  |              |
|    approx_kl            | 0.0025481237 |
|    clip_fraction        | 0.0142       |
|    clip_range           | 0.2          |
|    entropy_loss         | -0.734       |
|    explained_variance   | 0.0525       |
|    learning_rate        | 0.0003       |
|    loss                 | 16.6         |
|    n_updates            | 120          |
|    policy_gradient_loss | -0.0019      |
|    value_loss           | 35.8         |
------------------------------------------
------------------------------------------
| rollout/                |              |
|    ep_len_mean          | 60           |
|    ep_rew_mean          | 36.1         |
| time/                   |              |
|    fps                  | 99           |
|    iterations           | 14           |
|    time_elapsed         | 288          |
|    total_timesteps      | 28672        |
| train/                  |              |
|    approx_kl            | 0.0038606834 |
|    clip_fraction        | 0.0167       |
|    clip_range           | 0.2          |
|    entropy_loss         | -0.664       |
|    explained_variance   | 0.075        |
|    learning_rate        | 0.0003       |
|    loss                 | 18.3         |
|    n_updates            | 130          |
|    policy_gradient_loss | -0.00356     |
|    value_loss           | 36.9         |
------------------------------------------
----------------------------------------
| rollout/                |            |
|    ep_len_mean          | 60         |
|    ep_rew_mean          | 37.4       |
| time/                   |            |
|    fps                  | 98         |
|    iterations           | 15         |
|    time_elapsed         | 311        |
|    total_timesteps      | 30720      |
| train/                  |            |
|    approx_kl            | 0.00343779 |
|    clip_fraction        | 0.0241     |
|    clip_range           | 0.2        |
|    entropy_loss         | -0.588     |
|    explained_variance   | 0.0838     |
|    learning_rate        | 0.0003     |
|    loss                 | 19.4       |
|    n_updates            | 140        |
|    policy_gradient_loss | -0.00387   |
|    value_loss           | 43.5       |
----------------------------------------
------------------------------------------
| rollout/                |              |
|    ep_len_mean          | 60           |
|    ep_rew_mean          | 38.7         |
| time/                   |              |
|    fps                  | 97           |
|    iterations           | 16           |
|    time_elapsed         | 334          |
|    total_timesteps      | 32768        |
| train/                  |              |
|    approx_kl            | 0.0012069878 |
|    clip_fraction        | 0.00107      |
|    clip_range           | 0.2          |
|    entropy_loss         | -0.545       |
|    explained_variance   | 0.104        |
|    learning_rate        | 0.0003       |
|    loss                 | 23.1         |
|    n_updates            | 150          |
|    policy_gradient_loss | -0.00189     |
|    value_loss           | 44.8         |
------------------------------------------
------------------------------------------
| rollout/                |              |
|    ep_len_mean          | 60           |
|    ep_rew_mean          | 39.5         |
| time/                   |              |
|    fps                  | 97           |
|    iterations           | 17           |
|    time_elapsed         | 357          |
|    total_timesteps      | 34816        |
| train/                  |              |
|    approx_kl            | 0.0023500256 |
|    clip_fraction        | 0.0162       |
|    clip_range           | 0.2          |
|    entropy_loss         | -0.483       |
|    explained_variance   | 0.0966       |
|    learning_rate        | 0.0003       |
|    loss                 | 23.8         |
|    n_updates            | 160          |
|    policy_gradient_loss | -0.00352     |
|    value_loss           | 47.7         |
------------------------------------------
------------------------------------------
| rollout/                |              |
|    ep_len_mean          | 60           |
|    ep_rew_mean          | 40           |
| time/                   |              |
|    fps                  | 96           |
|    iterations           | 18           |
|    time_elapsed         | 380          |
|    total_timesteps      | 36864        |
| train/                  |              |
|    approx_kl            | 0.0018596887 |
|    clip_fraction        | 0.00405      |
|    clip_range           | 0.2          |
|    entropy_loss         | -0.48        |
|    explained_variance   | 0.111        |
|    learning_rate        | 0.0003       |
|    loss                 | 23.4         |
|    n_updates            | 170          |
|    policy_gradient_loss | -0.00172     |
|    value_loss           | 49.7         |
------------------------------------------
------------------------------------------
| rollout/                |              |
|    ep_len_mean          | 60           |
|    ep_rew_mean          | 40.2         |
| time/                   |              |
|    fps                  | 96           |
|    iterations           | 19           |
|    time_elapsed         | 403          |
|    total_timesteps      | 38912        |
| train/                  |              |
|    approx_kl            | 0.0014255381 |
|    clip_fraction        | 0.0022       |
|    clip_range           | 0.2          |
|    entropy_loss         | -0.446       |
|    explained_variance   | 0.132        |
|    learning_rate        | 0.0003       |
|    loss                 | 20.9         |
|    n_updates            | 180          |
|    policy_gradient_loss | -0.00187     |
|    value_loss           | 48.8         |
------------------------------------------
------------------------------------------
| rollout/                |              |
|    ep_len_mean          | 60           |
|    ep_rew_mean          | 40.4         |
| time/                   |              |
|    fps                  | 96           |
|    iterations           | 20           |
|    time_elapsed         | 426          |
|    total_timesteps      | 40960        |
| train/                  |              |
|    approx_kl            | 0.0016861854 |
|    clip_fraction        | 0.0124       |
|    clip_range           | 0.2          |
|    entropy_loss         | -0.404       |
|    explained_variance   | 0.123        |
|    learning_rate        | 0.0003       |
|    loss                 | 28.1         |
|    n_updates            | 190          |
|    policy_gradient_loss | -0.00257     |
|    value_loss           | 54.9         |
------------------------------------------
------------------------------------------
| rollout/                |              |
|    ep_len_mean          | 60           |
|    ep_rew_mean          | 41           |
| time/                   |              |
|    fps                  | 95           |
|    iterations           | 21           |
|    time_elapsed         | 449          |
|    total_timesteps      | 43008        |
| train/                  |              |
|    approx_kl            | 0.0021088393 |
|    clip_fraction        | 0.0145       |
|    clip_range           | 0.2          |
|    entropy_loss         | -0.411       |
|    explained_variance   | 0.0826       |
|    learning_rate        | 0.0003       |
|    loss                 | 26.3         |
|    n_updates            | 200          |
|    policy_gradient_loss | -0.00297     |
|    value_loss           | 54.1         |
------------------------------------------
------------------------------------------
| rollout/                |              |
|    ep_len_mean          | 60           |
|    ep_rew_mean          | 41.6         |
| time/                   |              |
|    fps                  | 95           |
|    iterations           | 22           |
|    time_elapsed         | 472          |
|    total_timesteps      | 45056        |
| train/                  |              |
|    approx_kl            | 0.0014887631 |
|    clip_fraction        | 0.0147       |
|    clip_range           | 0.2          |
|    entropy_loss         | -0.385       |
|    explained_variance   | 0.0902       |
|    learning_rate        | 0.0003       |
|    loss                 | 27.9         |
|    n_updates            | 210          |
|    policy_gradient_loss | -0.00289     |
|    value_loss           | 58.6         |
------------------------------------------
-----------------------------------------
| rollout/                |             |
|    ep_len_mean          | 60          |
|    ep_rew_mean          | 42.4        |
| time/                   |             |
|    fps                  | 95          |
|    iterations           | 23          |
|    time_elapsed         | 495         |
|    total_timesteps      | 47104       |
| train/                  |             |
|    approx_kl            | 0.001610036 |
|    clip_fraction        | 0.0173      |
|    clip_range           | 0.2         |
|    entropy_loss         | -0.351      |
|    explained_variance   | 0.0866      |
|    learning_rate        | 0.0003      |
|    loss                 | 25.6        |
|    n_updates            | 220         |
|    policy_gradient_loss | -0.00231    |
|    value_loss           | 56.5        |
-----------------------------------------
------------------------------------------
| rollout/                |              |
|    ep_len_mean          | 60           |
|    ep_rew_mean          | 42.8         |
| time/                   |              |
|    fps                  | 94           |
|    iterations           | 24           |
|    time_elapsed         | 519          |
|    total_timesteps      | 49152        |
| train/                  |              |
|    approx_kl            | 0.0022375253 |
|    clip_fraction        | 0.0112       |
|    clip_range           | 0.2          |
|    entropy_loss         | -0.315       |
|    explained_variance   | 0.107        |
|    learning_rate        | 0.0003       |
|    loss                 | 35.4         |
|    n_updates            | 230          |
|    policy_gradient_loss | -0.0026      |
|    value_loss           | 60.5         |
------------------------------------------
----------------------------------------
| rollout/                |            |
|    ep_len_mean          | 60         |
|    ep_rew_mean          | 43.4       |
| time/                   |            |
|    fps                  | 94         |
|    iterations           | 25         |
|    time_elapsed         | 542        |
|    total_timesteps      | 51200      |
| train/                  |            |
|    approx_kl            | 0.00100833 |
|    clip_fraction        | 0.00459    |
|    clip_range           | 0.2        |
|    entropy_loss         | -0.287     |
|    explained_variance   | 0.0779     |
|    learning_rate        | 0.0003     |
|    loss                 | 28.8       |
|    n_updates            | 240        |
|    policy_gradient_loss | -0.00176   |
|    value_loss           | 58.5       |
----------------------------------------
    evaluating (100 episodes)...
    eval: 20/100 episodes
    eval: 40/100 episodes
    eval: 60/100 episodes
    eval: 80/100 episodes
    eval: 100/100 episodes
 handover_penalty  reward_mean  switch_rate_mean  outage_rate_mean
             0.00    47.194660          0.068167               0.0
             0.05    46.895675          0.058167               0.0
             0.15    46.568748          0.067667               0.0
             0.30    47.465800          0.042667               0.0
             0.50    46.943546          0.022167               0.0

switch rate monotonically non-increasing with handover penalty: False

running reward-profile sweep (handover_penalty=0.15)...
  reward_profile=balanced ...
Using cpu device
---------------------------------
| rollout/           |          |
|    ep_len_mean     | 60       |
|    ep_rew_mean     | 3.04     |
| time/              |          |
|    fps             | 113      |
|    iterations      | 1        |
|    time_elapsed    | 18       |
|    total_timesteps | 2048     |
---------------------------------
-----------------------------------------
| rollout/                |             |
|    ep_len_mean          | 60          |
|    ep_rew_mean          | 5.63        |
| time/                   |             |
|    fps                  | 107         |
|    iterations           | 2           |
|    time_elapsed         | 38          |
|    total_timesteps      | 4096        |
| train/                  |             |
|    approx_kl            | 0.018563678 |
|    clip_fraction        | 0.231       |
|    clip_range           | 0.2         |
|    entropy_loss         | -1.6        |
|    explained_variance   | -0.0208     |
|    learning_rate        | 0.0003      |
|    loss                 | 2.68        |
|    n_updates            | 10          |
|    policy_gradient_loss | -0.0273     |
|    value_loss           | 6.34        |
-----------------------------------------
-----------------------------------------
| rollout/                |             |
|    ep_len_mean          | 60          |
|    ep_rew_mean          | 7.37        |
| time/                   |             |
|    fps                  | 103         |
|    iterations           | 3           |
|    time_elapsed         | 59          |
|    total_timesteps      | 6144        |
| train/                  |             |
|    approx_kl            | 0.012398559 |
|    clip_fraction        | 0.101       |
|    clip_range           | 0.2         |
|    entropy_loss         | -1.57       |
|    explained_variance   | 0.12        |
|    learning_rate        | 0.0003      |
|    loss                 | 5.06        |
|    n_updates            | 20          |
|    policy_gradient_loss | -0.0149     |
|    value_loss           | 9.89        |
-----------------------------------------
-----------------------------------------
| rollout/                |             |
|    ep_len_mean          | 60          |
|    ep_rew_mean          | 12.1        |
| time/                   |             |
|    fps                  | 103         |
|    iterations           | 4           |
|    time_elapsed         | 79          |
|    total_timesteps      | 8192        |
| train/                  |             |
|    approx_kl            | 0.014456598 |
|    clip_fraction        | 0.104       |
|    clip_range           | 0.2         |
|    entropy_loss         | -1.52       |
|    explained_variance   | 0.162       |
|    learning_rate        | 0.0003      |
|    loss                 | 4.77        |
|    n_updates            | 30          |
|    policy_gradient_loss | -0.015      |
|    value_loss           | 11.1        |
-----------------------------------------
-----------------------------------------
| rollout/                |             |
|    ep_len_mean          | 60          |
|    ep_rew_mean          | 16.5        |
| time/                   |             |
|    fps                  | 102         |
|    iterations           | 5           |
|    time_elapsed         | 99          |
|    total_timesteps      | 10240       |
| train/                  |             |
|    approx_kl            | 0.008458497 |
|    clip_fraction        | 0.0276      |
|    clip_range           | 0.2         |
|    entropy_loss         | -1.48       |
|    explained_variance   | 0.128       |
|    learning_rate        | 0.0003      |
|    loss                 | 7.31        |
|    n_updates            | 40          |
|    policy_gradient_loss | -0.00617    |
|    value_loss           | 14.4        |
-----------------------------------------
-----------------------------------------
| rollout/                |             |
|    ep_len_mean          | 60          |
|    ep_rew_mean          | 21.3        |
| time/                   |             |
|    fps                  | 100         |
|    iterations           | 6           |
|    time_elapsed         | 121         |
|    total_timesteps      | 12288       |
| train/                  |             |
|    approx_kl            | 0.012586862 |
|    clip_fraction        | 0.0361      |
|    clip_range           | 0.2         |
|    entropy_loss         | -1.4        |
|    explained_variance   | 0.0729      |
|    learning_rate        | 0.0003      |
|    loss                 | 7.85        |
|    n_updates            | 50          |
|    policy_gradient_loss | -0.00824    |
|    value_loss           | 16.5        |
-----------------------------------------
-----------------------------------------
| rollout/                |             |
|    ep_len_mean          | 60          |
|    ep_rew_mean          | 25.4        |
| time/                   |             |
|    fps                  | 98          |
|    iterations           | 7           |
|    time_elapsed         | 145         |
|    total_timesteps      | 14336       |
| train/                  |             |
|    approx_kl            | 0.011168698 |
|    clip_fraction        | 0.0298      |
|    clip_range           | 0.2         |
|    entropy_loss         | -1.32       |
|    explained_variance   | 0.0427      |
|    learning_rate        | 0.0003      |
|    loss                 | 10.2        |
|    n_updates            | 60          |
|    policy_gradient_loss | -0.00759    |
|    value_loss           | 23.6        |
-----------------------------------------
-----------------------------------------
| rollout/                |             |
|    ep_len_mean          | 60          |
|    ep_rew_mean          | 29.1        |
| time/                   |             |
|    fps                  | 97          |
|    iterations           | 8           |
|    time_elapsed         | 168         |
|    total_timesteps      | 16384       |
| train/                  |             |
|    approx_kl            | 0.003332444 |
|    clip_fraction        | 0.00171     |
|    clip_range           | 0.2         |
|    entropy_loss         | -1.26       |
|    explained_variance   | 0.0439      |
|    learning_rate        | 0.0003      |
|    loss                 | 13.4        |
|    n_updates            | 70          |
|    policy_gradient_loss | -0.00328    |
|    value_loss           | 27.9        |
-----------------------------------------
----------------------------------------
| rollout/                |            |
|    ep_len_mean          | 60         |
|    ep_rew_mean          | 32.6       |
| time/                   |            |
|    fps                  | 95         |
|    iterations           | 9          |
|    time_elapsed         | 193        |
|    total_timesteps      | 18432      |
| train/                  |            |
|    approx_kl            | 0.01222566 |
|    clip_fraction        | 0.0363     |
|    clip_range           | 0.2        |
|    entropy_loss         | -1.17      |
|    explained_variance   | 0.0491     |
|    learning_rate        | 0.0003     |
|    loss                 | 15.8       |
|    n_updates            | 80         |
|    policy_gradient_loss | -0.00685   |
|    value_loss           | 32.3       |
----------------------------------------
------------------------------------------
| rollout/                |              |
|    ep_len_mean          | 60           |
|    ep_rew_mean          | 34.5         |
| time/                   |              |
|    fps                  | 93           |
|    iterations           | 10           |
|    time_elapsed         | 218          |
|    total_timesteps      | 20480        |
| train/                  |              |
|    approx_kl            | 0.0048053246 |
|    clip_fraction        | 0.00269      |
|    clip_range           | 0.2          |
|    entropy_loss         | -1.11        |
|    explained_variance   | 0.0609       |
|    learning_rate        | 0.0003       |
|    loss                 | 16.8         |
|    n_updates            | 90           |
|    policy_gradient_loss | -0.00214     |
|    value_loss           | 35.9         |
------------------------------------------
------------------------------------------
| rollout/                |              |
|    ep_len_mean          | 60           |
|    ep_rew_mean          | 35.6         |
| time/                   |              |
|    fps                  | 91           |
|    iterations           | 11           |
|    time_elapsed         | 245          |
|    total_timesteps      | 22528        |
| train/                  |              |
|    approx_kl            | 0.0040861177 |
|    clip_fraction        | 0.0084       |
|    clip_range           | 0.2          |
|    entropy_loss         | -1.05        |
|    explained_variance   | 0.0657       |
|    learning_rate        | 0.0003       |
|    loss                 | 19.3         |
|    n_updates            | 100          |
|    policy_gradient_loss | -0.00337     |
|    value_loss           | 38.3         |
------------------------------------------
-----------------------------------------
| rollout/                |             |
|    ep_len_mean          | 60          |
|    ep_rew_mean          | 36.2        |
| time/                   |             |
|    fps                  | 91          |
|    iterations           | 12          |
|    time_elapsed         | 268         |
|    total_timesteps      | 24576       |
| train/                  |             |
|    approx_kl            | 0.007318143 |
|    clip_fraction        | 0.0549      |
|    clip_range           | 0.2         |
|    entropy_loss         | -0.969      |
|    explained_variance   | 0.0762      |
|    learning_rate        | 0.0003      |
|    loss                 | 21.3        |
|    n_updates            | 110         |
|    policy_gradient_loss | -0.00564    |
|    value_loss           | 40.7        |
-----------------------------------------
------------------------------------------
| rollout/                |              |
|    ep_len_mean          | 60           |
|    ep_rew_mean          | 37           |
| time/                   |              |
|    fps                  | 91           |
|    iterations           | 13           |
|    time_elapsed         | 291          |
|    total_timesteps      | 26624        |
| train/                  |              |
|    approx_kl            | 0.0033060764 |
|    clip_fraction        | 0.0179       |
|    clip_range           | 0.2          |
|    entropy_loss         | -0.954       |
|    explained_variance   | 0.08         |
|    learning_rate        | 0.0003       |
|    loss                 | 21.7         |
|    n_updates            | 120          |
|    policy_gradient_loss | -0.0023      |
|    value_loss           | 45.9         |
------------------------------------------
------------------------------------------
| rollout/                |              |
|    ep_len_mean          | 60           |
|    ep_rew_mean          | 37.4         |
| time/                   |              |
|    fps                  | 91           |
|    iterations           | 14           |
|    time_elapsed         | 313          |
|    total_timesteps      | 28672        |
| train/                  |              |
|    approx_kl            | 0.0035657908 |
|    clip_fraction        | 0.0301       |
|    clip_range           | 0.2          |
|    entropy_loss         | -0.965       |
|    explained_variance   | 0.0925       |
|    learning_rate        | 0.0003       |
|    loss                 | 21.7         |
|    n_updates            | 130          |
|    policy_gradient_loss | -0.00509     |
|    value_loss           | 44.2         |
------------------------------------------
------------------------------------------
| rollout/                |              |
|    ep_len_mean          | 60           |
|    ep_rew_mean          | 37.6         |
| time/                   |              |
|    fps                  | 91           |
|    iterations           | 15           |
|    time_elapsed         | 336          |
|    total_timesteps      | 30720        |
| train/                  |              |
|    approx_kl            | 0.0066363113 |
|    clip_fraction        | 0.0551       |
|    clip_range           | 0.2          |
|    entropy_loss         | -0.88        |
|    explained_variance   | 0.105        |
|    learning_rate        | 0.0003       |
|    loss                 | 21.5         |
|    n_updates            | 140          |
|    policy_gradient_loss | -0.00655     |
|    value_loss           | 49.9         |
------------------------------------------
------------------------------------------
| rollout/                |              |
|    ep_len_mean          | 60           |
|    ep_rew_mean          | 38.3         |
| time/                   |              |
|    fps                  | 91           |
|    iterations           | 16           |
|    time_elapsed         | 359          |
|    total_timesteps      | 32768        |
| train/                  |              |
|    approx_kl            | 0.0028194706 |
|    clip_fraction        | 0.019        |
|    clip_range           | 0.2          |
|    entropy_loss         | -0.84        |
|    explained_variance   | 0.115        |
|    learning_rate        | 0.0003       |
|    loss                 | 26.5         |
|    n_updates            | 150          |
|    policy_gradient_loss | -0.00242     |
|    value_loss           | 51           |
------------------------------------------
-----------------------------------------
| rollout/                |             |
|    ep_len_mean          | 60          |
|    ep_rew_mean          | 38.8        |
| time/                   |             |
|    fps                  | 91          |
|    iterations           | 17          |
|    time_elapsed         | 382         |
|    total_timesteps      | 34816       |
| train/                  |             |
|    approx_kl            | 0.003946737 |
|    clip_fraction        | 0.0226      |
|    clip_range           | 0.2         |
|    entropy_loss         | -0.811      |
|    explained_variance   | 0.104       |
|    learning_rate        | 0.0003      |
|    loss                 | 25          |
|    n_updates            | 160         |
|    policy_gradient_loss | -0.00325    |
|    value_loss           | 50.8        |
-----------------------------------------
-----------------------------------------
| rollout/                |             |
|    ep_len_mean          | 60          |
|    ep_rew_mean          | 39.1        |
| time/                   |             |
|    fps                  | 91          |
|    iterations           | 18          |
|    time_elapsed         | 405         |
|    total_timesteps      | 36864       |
| train/                  |             |
|    approx_kl            | 0.003106819 |
|    clip_fraction        | 0.0104      |
|    clip_range           | 0.2         |
|    entropy_loss         | -0.814      |
|    explained_variance   | 0.118       |
|    learning_rate        | 0.0003      |
|    loss                 | 25.2        |
|    n_updates            | 170         |
|    policy_gradient_loss | -0.00226    |
|    value_loss           | 53.7        |
-----------------------------------------
------------------------------------------
| rollout/                |              |
|    ep_len_mean          | 60           |
|    ep_rew_mean          | 39.2         |
| time/                   |              |
|    fps                  | 90           |
|    iterations           | 19           |
|    time_elapsed         | 427          |
|    total_timesteps      | 38912        |
| train/                  |              |
|    approx_kl            | 0.0019296992 |
|    clip_fraction        | 0.00552      |
|    clip_range           | 0.2          |
|    entropy_loss         | -0.829       |
|    explained_variance   | 0.134        |
|    learning_rate        | 0.0003       |
|    loss                 | 22.1         |
|    n_updates            | 180          |
|    policy_gradient_loss | -0.00202     |
|    value_loss           | 50.5         |
------------------------------------------
-----------------------------------------
| rollout/                |             |
|    ep_len_mean          | 60          |
|    ep_rew_mean          | 39.3        |
| time/                   |             |
|    fps                  | 90          |
|    iterations           | 20          |
|    time_elapsed         | 450         |
|    total_timesteps      | 40960       |
| train/                  |             |
|    approx_kl            | 0.002567617 |
|    clip_fraction        | 0.0241      |
|    clip_range           | 0.2         |
|    entropy_loss         | -0.815      |
|    explained_variance   | 0.123       |
|    learning_rate        | 0.0003      |
|    loss                 | 28          |
|    n_updates            | 190         |
|    policy_gradient_loss | -0.00416    |
|    value_loss           | 54.5        |
-----------------------------------------
-----------------------------------------
| rollout/                |             |
|    ep_len_mean          | 60          |
|    ep_rew_mean          | 39.5        |
| time/                   |             |
|    fps                  | 90          |
|    iterations           | 21          |
|    time_elapsed         | 473         |
|    total_timesteps      | 43008       |
| train/                  |             |
|    approx_kl            | 0.002791331 |
|    clip_fraction        | 0.0207      |
|    clip_range           | 0.2         |
|    entropy_loss         | -0.813      |
|    explained_variance   | 0.0891      |
|    learning_rate        | 0.0003      |
|    loss                 | 27.5        |
|    n_updates            | 200         |
|    policy_gradient_loss | -0.00405    |
|    value_loss           | 56.3        |
-----------------------------------------
------------------------------------------
| rollout/                |              |
|    ep_len_mean          | 60           |
|    ep_rew_mean          | 39.8         |
| time/                   |              |
|    fps                  | 90           |
|    iterations           | 22           |
|    time_elapsed         | 495          |
|    total_timesteps      | 45056        |
| train/                  |              |
|    approx_kl            | 0.0044181976 |
|    clip_fraction        | 0.0158       |
|    clip_range           | 0.2          |
|    entropy_loss         | -0.782       |
|    explained_variance   | 0.1          |
|    learning_rate        | 0.0003       |
|    loss                 | 27           |
|    n_updates            | 210          |
|    policy_gradient_loss | -0.00354     |
|    value_loss           | 57.9         |
------------------------------------------
------------------------------------------
| rollout/                |              |
|    ep_len_mean          | 60           |
|    ep_rew_mean          | 40.5         |
| time/                   |              |
|    fps                  | 91           |
|    iterations           | 23           |
|    time_elapsed         | 514          |
|    total_timesteps      | 47104        |
| train/                  |              |
|    approx_kl            | 0.0043799486 |
|    clip_fraction        | 0.037        |
|    clip_range           | 0.2          |
|    entropy_loss         | -0.688       |
|    explained_variance   | 0.09         |
|    learning_rate        | 0.0003       |
|    loss                 | 24.6         |
|    n_updates            | 220          |
|    policy_gradient_loss | -0.00582     |
|    value_loss           | 55           |
------------------------------------------
------------------------------------------
| rollout/                |              |
|    ep_len_mean          | 60           |
|    ep_rew_mean          | 41.2         |
| time/                   |              |
|    fps                  | 92           |
|    iterations           | 24           |
|    time_elapsed         | 534          |
|    total_timesteps      | 49152        |
| train/                  |              |
|    approx_kl            | 0.0032762145 |
|    clip_fraction        | 0.0144       |
|    clip_range           | 0.2          |
|    entropy_loss         | -0.65        |
|    explained_variance   | 0.116        |
|    learning_rate        | 0.0003       |
|    loss                 | 33           |
|    n_updates            | 230          |
|    policy_gradient_loss | -0.00299     |
|    value_loss           | 58.3         |
------------------------------------------
-----------------------------------------
| rollout/                |             |
|    ep_len_mean          | 60          |
|    ep_rew_mean          | 42.1        |
| time/                   |             |
|    fps                  | 92          |
|    iterations           | 25          |
|    time_elapsed         | 552         |
|    total_timesteps      | 51200       |
| train/                  |             |
|    approx_kl            | 0.003220728 |
|    clip_fraction        | 0.0309      |
|    clip_range           | 0.2         |
|    entropy_loss         | -0.592      |
|    explained_variance   | 0.0887      |
|    learning_rate        | 0.0003      |
|    loss                 | 28.1        |
|    n_updates            | 240         |
|    policy_gradient_loss | -0.0053     |
|    value_loss           | 58          |
-----------------------------------------
    evaluating (100 episodes)...
    eval: 20/100 episodes
    eval: 40/100 episodes
    eval: 60/100 episodes
    eval: 80/100 episodes
    eval: 100/100 episodes
  reward_profile=throughput-leaning ...
Using cpu device
---------------------------------
| rollout/           |          |
|    ep_len_mean     | 60       |
|    ep_rew_mean     | 1.57     |
| time/              |          |
|    fps             | 147      |
|    iterations      | 1        |
|    time_elapsed    | 13       |
|    total_timesteps | 2048     |
---------------------------------
-----------------------------------------
| rollout/                |             |
|    ep_len_mean          | 60          |
|    ep_rew_mean          | 4.18        |
| time/                   |             |
|    fps                  | 142         |
|    iterations           | 2           |
|    time_elapsed         | 28          |
|    total_timesteps      | 4096        |
| train/                  |             |
|    approx_kl            | 0.019157004 |
|    clip_fraction        | 0.247       |
|    clip_range           | 0.2         |
|    entropy_loss         | -1.6        |
|    explained_variance   | -0.023      |
|    learning_rate        | 0.0003      |
|    loss                 | 2.61        |
|    n_updates            | 10          |
|    policy_gradient_loss | -0.0289     |
|    value_loss           | 6           |
-----------------------------------------
-----------------------------------------
| rollout/                |             |
|    ep_len_mean          | 60          |
|    ep_rew_mean          | 5.95        |
| time/                   |             |
|    fps                  | 129         |
|    iterations           | 3           |
|    time_elapsed         | 47          |
|    total_timesteps      | 6144        |
| train/                  |             |
|    approx_kl            | 0.013011865 |
|    clip_fraction        | 0.116       |
|    clip_range           | 0.2         |
|    entropy_loss         | -1.57       |
|    explained_variance   | 0.119       |
|    learning_rate        | 0.0003      |
|    loss                 | 4.72        |
|    n_updates            | 20          |
|    policy_gradient_loss | -0.016      |
|    value_loss           | 9.09        |
-----------------------------------------
-----------------------------------------
| rollout/                |             |
|    ep_len_mean          | 60          |
|    ep_rew_mean          | 10.7        |
| time/                   |             |
|    fps                  | 121         |
|    iterations           | 4           |
|    time_elapsed         | 67          |
|    total_timesteps      | 8192        |
| train/                  |             |
|    approx_kl            | 0.013544365 |
|    clip_fraction        | 0.11        |
|    clip_range           | 0.2         |
|    entropy_loss         | -1.52       |
|    explained_variance   | 0.172       |
|    learning_rate        | 0.0003      |
|    loss                 | 4.59        |
|    n_updates            | 30          |
|    policy_gradient_loss | -0.0164     |
|    value_loss           | 10.4        |
-----------------------------------------
-----------------------------------------
| rollout/                |             |
|    ep_len_mean          | 60          |
|    ep_rew_mean          | 15          |
| time/                   |             |
|    fps                  | 116         |
|    iterations           | 5           |
|    time_elapsed         | 87          |
|    total_timesteps      | 10240       |
| train/                  |             |
|    approx_kl            | 0.008941115 |
|    clip_fraction        | 0.0317      |
|    clip_range           | 0.2         |
|    entropy_loss         | -1.47       |
|    explained_variance   | 0.134       |
|    learning_rate        | 0.0003      |
|    loss                 | 6.58        |
|    n_updates            | 40          |
|    policy_gradient_loss | -0.00744    |
|    value_loss           | 12.9        |
-----------------------------------------
-----------------------------------------
| rollout/                |             |
|    ep_len_mean          | 60          |
|    ep_rew_mean          | 19.8        |
| time/                   |             |
|    fps                  | 113         |
|    iterations           | 6           |
|    time_elapsed         | 108         |
|    total_timesteps      | 12288       |
| train/                  |             |
|    approx_kl            | 0.013304725 |
|    clip_fraction        | 0.0459      |
|    clip_range           | 0.2         |
|    entropy_loss         | -1.4        |
|    explained_variance   | 0.0727      |
|    learning_rate        | 0.0003      |
|    loss                 | 7.09        |
|    n_updates            | 50          |
|    policy_gradient_loss | -0.00923    |
|    value_loss           | 15.1        |
-----------------------------------------
-----------------------------------------
| rollout/                |             |
|    ep_len_mean          | 60          |
|    ep_rew_mean          | 23.9        |
| time/                   |             |
|    fps                  | 109         |
|    iterations           | 7           |
|    time_elapsed         | 130         |
|    total_timesteps      | 14336       |
| train/                  |             |
|    approx_kl            | 0.010272993 |
|    clip_fraction        | 0.0305      |
|    clip_range           | 0.2         |
|    entropy_loss         | -1.32       |
|    explained_variance   | 0.0474      |
|    learning_rate        | 0.0003      |
|    loss                 | 9.14        |
|    n_updates            | 60          |
|    policy_gradient_loss | -0.00703    |
|    value_loss           | 20.9        |
-----------------------------------------
------------------------------------------
| rollout/                |              |
|    ep_len_mean          | 60           |
|    ep_rew_mean          | 27.8         |
| time/                   |              |
|    fps                  | 107          |
|    iterations           | 8            |
|    time_elapsed         | 152          |
|    total_timesteps      | 16384        |
| train/                  |              |
|    approx_kl            | 0.0032992149 |
|    clip_fraction        | 0.00298      |
|    clip_range           | 0.2          |
|    entropy_loss         | -1.25        |
|    explained_variance   | 0.0461       |
|    learning_rate        | 0.0003       |
|    loss                 | 12.4         |
|    n_updates            | 70           |
|    policy_gradient_loss | -0.00392     |
|    value_loss           | 25.8         |
------------------------------------------
-----------------------------------------
| rollout/                |             |
|    ep_len_mean          | 60          |
|    ep_rew_mean          | 31.5        |
| time/                   |             |
|    fps                  | 105         |
|    iterations           | 9           |
|    time_elapsed         | 175         |
|    total_timesteps      | 18432       |
| train/                  |             |
|    approx_kl            | 0.012235445 |
|    clip_fraction        | 0.0429      |
|    clip_range           | 0.2         |
|    entropy_loss         | -1.15       |
|    explained_variance   | 0.051       |
|    learning_rate        | 0.0003      |
|    loss                 | 14.8        |
|    n_updates            | 80          |
|    policy_gradient_loss | -0.0081     |
|    value_loss           | 30.1        |
-----------------------------------------
-----------------------------------------
| rollout/                |             |
|    ep_len_mean          | 60          |
|    ep_rew_mean          | 33.9        |
| time/                   |             |
|    fps                  | 103         |
|    iterations           | 10          |
|    time_elapsed         | 198         |
|    total_timesteps      | 20480       |
| train/                  |             |
|    approx_kl            | 0.001731843 |
|    clip_fraction        | 0           |
|    clip_range           | 0.2         |
|    entropy_loss         | -1.08       |
|    explained_variance   | 0.0593      |
|    learning_rate        | 0.0003      |
|    loss                 | 15.6        |
|    n_updates            | 90          |
|    policy_gradient_loss | -0.00151    |
|    value_loss           | 33.6        |
-----------------------------------------
------------------------------------------
| rollout/                |              |
|    ep_len_mean          | 60           |
|    ep_rew_mean          | 35.2         |
| time/                   |              |
|    fps                  | 102          |
|    iterations           | 11           |
|    time_elapsed         | 220          |
|    total_timesteps      | 22528        |
| train/                  |              |
|    approx_kl            | 0.0070738634 |
|    clip_fraction        | 0.0241       |
|    clip_range           | 0.2          |
|    entropy_loss         | -1.01        |
|    explained_variance   | 0.0626       |
|    learning_rate        | 0.0003       |
|    loss                 | 18.5         |
|    n_updates            | 100          |
|    policy_gradient_loss | -0.00501     |
|    value_loss           | 37.2         |
------------------------------------------
------------------------------------------
| rollout/                |              |
|    ep_len_mean          | 60           |
|    ep_rew_mean          | 36.1         |
| time/                   |              |
|    fps                  | 100          |
|    iterations           | 12           |
|    time_elapsed         | 243          |
|    total_timesteps      | 24576        |
| train/                  |              |
|    approx_kl            | 0.0049703633 |
|    clip_fraction        | 0.0314       |
|    clip_range           | 0.2          |
|    entropy_loss         | -0.933       |
|    explained_variance   | 0.0739       |
|    learning_rate        | 0.0003       |
|    loss                 | 20.6         |
|    n_updates            | 110          |
|    policy_gradient_loss | -0.00498     |
|    value_loss           | 39.6         |
------------------------------------------
------------------------------------------
| rollout/                |              |
|    ep_len_mean          | 60           |
|    ep_rew_mean          | 37.2         |
| time/                   |              |
|    fps                  | 99           |
|    iterations           | 13           |
|    time_elapsed         | 266          |
|    total_timesteps      | 26624        |
| train/                  |              |
|    approx_kl            | 0.0039108414 |
|    clip_fraction        | 0.00771      |
|    clip_range           | 0.2          |
|    entropy_loss         | -0.899       |
|    explained_variance   | 0.0719       |
|    learning_rate        | 0.0003       |
|    loss                 | 21.8         |
|    n_updates            | 120          |
|    policy_gradient_loss | -0.00201     |
|    value_loss           | 44.6         |
------------------------------------------
------------------------------------------
| rollout/                |              |
|    ep_len_mean          | 60           |
|    ep_rew_mean          | 37.6         |
| time/                   |              |
|    fps                  | 99           |
|    iterations           | 14           |
|    time_elapsed         | 289          |
|    total_timesteps      | 28672        |
| train/                  |              |
|    approx_kl            | 0.0045481194 |
|    clip_fraction        | 0.028        |
|    clip_range           | 0.2          |
|    entropy_loss         | -0.851       |
|    explained_variance   | 0.0891       |
|    learning_rate        | 0.0003       |
|    loss                 | 21.4         |
|    n_updates            | 130          |
|    policy_gradient_loss | -0.00343     |
|    value_loss           | 44.5         |
------------------------------------------
-----------------------------------------
| rollout/                |             |
|    ep_len_mean          | 60          |
|    ep_rew_mean          | 37.7        |
| time/                   |             |
|    fps                  | 98          |
|    iterations           | 15          |
|    time_elapsed         | 311         |
|    total_timesteps      | 30720       |
| train/                  |             |
|    approx_kl            | 0.006027874 |
|    clip_fraction        | 0.0421      |
|    clip_range           | 0.2         |
|    entropy_loss         | -0.814      |
|    explained_variance   | 0.1         |
|    learning_rate        | 0.0003      |
|    loss                 | 20.8        |
|    n_updates            | 140         |
|    policy_gradient_loss | -0.00363    |
|    value_loss           | 48.6        |
-----------------------------------------
------------------------------------------
| rollout/                |              |
|    ep_len_mean          | 60           |
|    ep_rew_mean          | 38.5         |
| time/                   |              |
|    fps                  | 97           |
|    iterations           | 16           |
|    time_elapsed         | 334          |
|    total_timesteps      | 32768        |
| train/                  |              |
|    approx_kl            | 0.0020309226 |
|    clip_fraction        | 0.00332      |
|    clip_range           | 0.2          |
|    entropy_loss         | -0.787       |
|    explained_variance   | 0.111        |
|    learning_rate        | 0.0003       |
|    loss                 | 25.4         |
|    n_updates            | 150          |
|    policy_gradient_loss | -0.00196     |
|    value_loss           | 49.9         |
------------------------------------------
------------------------------------------
| rollout/                |              |
|    ep_len_mean          | 60           |
|    ep_rew_mean          | 39.3         |
| time/                   |              |
|    fps                  | 97           |
|    iterations           | 17           |
|    time_elapsed         | 357          |
|    total_timesteps      | 34816        |
| train/                  |              |
|    approx_kl            | 0.0020041426 |
|    clip_fraction        | 0.0085       |
|    clip_range           | 0.2          |
|    entropy_loss         | -0.701       |
|    explained_variance   | 0.103        |
|    learning_rate        | 0.0003       |
|    loss                 | 25.2         |
|    n_updates            | 160          |
|    policy_gradient_loss | -0.00244     |
|    value_loss           | 51.2         |
------------------------------------------
------------------------------------------
| rollout/                |              |
|    ep_len_mean          | 60           |
|    ep_rew_mean          | 40           |
| time/                   |              |
|    fps                  | 97           |
|    iterations           | 18           |
|    time_elapsed         | 379          |
|    total_timesteps      | 36864        |
| train/                  |              |
|    approx_kl            | 0.0025653066 |
|    clip_fraction        | 0.0106       |
|    clip_range           | 0.2          |
|    entropy_loss         | -0.733       |
|    explained_variance   | 0.116        |
|    learning_rate        | 0.0003       |
|    loss                 | 26.5         |
|    n_updates            | 170          |
|    policy_gradient_loss | -0.00239     |
|    value_loss           | 55.1         |
------------------------------------------
-----------------------------------------
| rollout/                |             |
|    ep_len_mean          | 60          |
|    ep_rew_mean          | 40          |
| time/                   |             |
|    fps                  | 96          |
|    iterations           | 19          |
|    time_elapsed         | 402         |
|    total_timesteps      | 38912       |
| train/                  |             |
|    approx_kl            | 0.003570646 |
|    clip_fraction        | 0.0224      |
|    clip_range           | 0.2         |
|    entropy_loss         | -0.69       |
|    explained_variance   | 0.135       |
|    learning_rate        | 0.0003      |
|    loss                 | 23.2        |
|    n_updates            | 180         |
|    policy_gradient_loss | -0.0031     |
|    value_loss           | 51.9        |
-----------------------------------------
-----------------------------------------
| rollout/                |             |
|    ep_len_mean          | 60          |
|    ep_rew_mean          | 40.5        |
| time/                   |             |
|    fps                  | 96          |
|    iterations           | 20          |
|    time_elapsed         | 425         |
|    total_timesteps      | 40960       |
| train/                  |             |
|    approx_kl            | 0.003317663 |
|    clip_fraction        | 0.0209      |
|    clip_range           | 0.2         |
|    entropy_loss         | -0.611      |
|    explained_variance   | 0.116       |
|    learning_rate        | 0.0003      |
|    loss                 | 29.7        |
|    n_updates            | 190         |
|    policy_gradient_loss | -0.00419    |
|    value_loss           | 57.4        |
-----------------------------------------
-----------------------------------------
| rollout/                |             |
|    ep_len_mean          | 60          |
|    ep_rew_mean          | 41.1        |
| time/                   |             |
|    fps                  | 95          |
|    iterations           | 21          |
|    time_elapsed         | 448         |
|    total_timesteps      | 43008       |
| train/                  |             |
|    approx_kl            | 0.001809029 |
|    clip_fraction        | 0.0165      |
|    clip_range           | 0.2         |
|    entropy_loss         | -0.599      |
|    explained_variance   | 0.0807      |
|    learning_rate        | 0.0003      |
|    loss                 | 28.2        |
|    n_updates            | 200         |
|    policy_gradient_loss | -0.00407    |
|    value_loss           | 57.6        |
-----------------------------------------
------------------------------------------
| rollout/                |              |
|    ep_len_mean          | 60           |
|    ep_rew_mean          | 41.8         |
| time/                   |              |
|    fps                  | 95           |
|    iterations           | 22           |
|    time_elapsed         | 471          |
|    total_timesteps      | 45056        |
| train/                  |              |
|    approx_kl            | 0.0008743403 |
|    clip_fraction        | 0.00278      |
|    clip_range           | 0.2          |
|    entropy_loss         | -0.564       |
|    explained_variance   | 0.0964       |
|    learning_rate        | 0.0003       |
|    loss                 | 28           |
|    n_updates            | 210          |
|    policy_gradient_loss | -0.00128     |
|    value_loss           | 60.9         |
------------------------------------------
------------------------------------------
| rollout/                |              |
|    ep_len_mean          | 60           |
|    ep_rew_mean          | 42.3         |
| time/                   |              |
|    fps                  | 95           |
|    iterations           | 23           |
|    time_elapsed         | 494          |
|    total_timesteps      | 47104        |
| train/                  |              |
|    approx_kl            | 0.0037717305 |
|    clip_fraction        | 0.0294       |
|    clip_range           | 0.2          |
|    entropy_loss         | -0.542       |
|    explained_variance   | 0.0832       |
|    learning_rate        | 0.0003       |
|    loss                 | 26.8         |
|    n_updates            | 220          |
|    policy_gradient_loss | -0.00417     |
|    value_loss           | 58.6         |
------------------------------------------
------------------------------------------
| rollout/                |              |
|    ep_len_mean          | 60           |
|    ep_rew_mean          | 42.6         |
| time/                   |              |
|    fps                  | 94           |
|    iterations           | 24           |
|    time_elapsed         | 517          |
|    total_timesteps      | 49152        |
| train/                  |              |
|    approx_kl            | 0.0016882191 |
|    clip_fraction        | 0.0126       |
|    clip_range           | 0.2          |
|    entropy_loss         | -0.507       |
|    explained_variance   | 0.112        |
|    learning_rate        | 0.0003       |
|    loss                 | 35.3         |
|    n_updates            | 230          |
|    policy_gradient_loss | -0.00214     |
|    value_loss           | 61.7         |
------------------------------------------
-----------------------------------------
| rollout/                |             |
|    ep_len_mean          | 60          |
|    ep_rew_mean          | 43.3        |
| time/                   |             |
|    fps                  | 94          |
|    iterations           | 25          |
|    time_elapsed         | 540         |
|    total_timesteps      | 51200       |
| train/                  |             |
|    approx_kl            | 0.003320058 |
|    clip_fraction        | 0.0228      |
|    clip_range           | 0.2         |
|    entropy_loss         | -0.492      |
|    explained_variance   | 0.0925      |
|    learning_rate        | 0.0003      |
|    loss                 | 30.3        |
|    n_updates            | 240         |
|    policy_gradient_loss | -0.00406    |
|    value_loss           | 61          |
-----------------------------------------
    evaluating (100 episodes)...
    eval: 20/100 episodes
    eval: 40/100 episodes
    eval: 60/100 episodes
    eval: 80/100 episodes
    eval: 100/100 episodes
  reward_profile=latency-leaning ...
Using cpu device
---------------------------------
| rollout/           |          |
|    ep_len_mean     | 60       |
|    ep_rew_mean     | 4.29     |
| time/              |          |
|    fps             | 117      |
|    iterations      | 1        |
|    time_elapsed    | 17       |
|    total_timesteps | 2048     |
---------------------------------
----------------------------------------
| rollout/                |            |
|    ep_len_mean          | 60         |
|    ep_rew_mean          | 6.84       |
| time/                   |            |
|    fps                  | 113        |
|    iterations           | 2          |
|    time_elapsed         | 36         |
|    total_timesteps      | 4096       |
| train/                  |            |
|    approx_kl            | 0.01789282 |
|    clip_fraction        | 0.211      |
|    clip_range           | 0.2        |
|    entropy_loss         | -1.6       |
|    explained_variance   | -0.0182    |
|    learning_rate        | 0.0003     |
|    loss                 | 2.77       |
|    n_updates            | 10         |
|    policy_gradient_loss | -0.0254    |
|    value_loss           | 6.74       |
----------------------------------------
-----------------------------------------
| rollout/                |             |
|    ep_len_mean          | 60          |
|    ep_rew_mean          | 8.62        |
| time/                   |             |
|    fps                  | 107         |
|    iterations           | 3           |
|    time_elapsed         | 56          |
|    total_timesteps      | 6144        |
| train/                  |             |
|    approx_kl            | 0.012189727 |
|    clip_fraction        | 0.089       |
|    clip_range           | 0.2         |
|    entropy_loss         | -1.57       |
|    explained_variance   | 0.12        |
|    learning_rate        | 0.0003      |
|    loss                 | 5.4         |
|    n_updates            | 20          |
|    policy_gradient_loss | -0.0141     |
|    value_loss           | 10.7        |
-----------------------------------------
-----------------------------------------
| rollout/                |             |
|    ep_len_mean          | 60          |
|    ep_rew_mean          | 13.2        |
| time/                   |             |
|    fps                  | 106         |
|    iterations           | 4           |
|    time_elapsed         | 76          |
|    total_timesteps      | 8192        |
| train/                  |             |
|    approx_kl            | 0.014439736 |
|    clip_fraction        | 0.0986      |
|    clip_range           | 0.2         |
|    entropy_loss         | -1.53       |
|    explained_variance   | 0.153       |
|    learning_rate        | 0.0003      |
|    loss                 | 5.06        |
|    n_updates            | 30          |
|    policy_gradient_loss | -0.0146     |
|    value_loss           | 11.6        |
-----------------------------------------
-----------------------------------------
| rollout/                |             |
|    ep_len_mean          | 60          |
|    ep_rew_mean          | 17.4        |
| time/                   |             |
|    fps                  | 105         |
|    iterations           | 5           |
|    time_elapsed         | 97          |
|    total_timesteps      | 10240       |
| train/                  |             |
|    approx_kl            | 0.008781802 |
|    clip_fraction        | 0.0281      |
|    clip_range           | 0.2         |
|    entropy_loss         | -1.48       |
|    explained_variance   | 0.133       |
|    learning_rate        | 0.0003      |
|    loss                 | 7.75        |
|    n_updates            | 40          |
|    policy_gradient_loss | -0.00582    |
|    value_loss           | 15.3        |
-----------------------------------------
----------------------------------------
| rollout/                |            |
|    ep_len_mean          | 60         |
|    ep_rew_mean          | 22         |
| time/                   |            |
|    fps                  | 103        |
|    iterations           | 6          |
|    time_elapsed         | 118        |
|    total_timesteps      | 12288      |
| train/                  |            |
|    approx_kl            | 0.01196325 |
|    clip_fraction        | 0.036      |
|    clip_range           | 0.2        |
|    entropy_loss         | -1.42      |
|    explained_variance   | 0.0748     |
|    learning_rate        | 0.0003     |
|    loss                 | 8.35       |
|    n_updates            | 50         |
|    policy_gradient_loss | -0.00784   |
|    value_loss           | 17.4       |
----------------------------------------
-----------------------------------------
| rollout/                |             |
|    ep_len_mean          | 60          |
|    ep_rew_mean          | 26          |
| time/                   |             |
|    fps                  | 102         |
|    iterations           | 7           |
|    time_elapsed         | 140         |
|    total_timesteps      | 14336       |
| train/                  |             |
|    approx_kl            | 0.012209538 |
|    clip_fraction        | 0.0274      |
|    clip_range           | 0.2         |
|    entropy_loss         | -1.33       |
|    explained_variance   | 0.0437      |
|    learning_rate        | 0.0003      |
|    loss                 | 11.2        |
|    n_updates            | 60          |
|    policy_gradient_loss | -0.00767    |
|    value_loss           | 25.3        |
-----------------------------------------
-----------------------------------------
| rollout/                |             |
|    ep_len_mean          | 60          |
|    ep_rew_mean          | 29.7        |
| time/                   |             |
|    fps                  | 100         |
|    iterations           | 8           |
|    time_elapsed         | 162         |
|    total_timesteps      | 16384       |
| train/                  |             |
|    approx_kl            | 0.004174157 |
|    clip_fraction        | 0.00269     |
|    clip_range           | 0.2         |
|    entropy_loss         | -1.27       |
|    explained_variance   | 0.0418      |
|    learning_rate        | 0.0003      |
|    loss                 | 14.1        |
|    n_updates            | 70          |
|    policy_gradient_loss | -0.00305    |
|    value_loss           | 28.9        |
-----------------------------------------
-----------------------------------------
| rollout/                |             |
|    ep_len_mean          | 60          |
|    ep_rew_mean          | 33.1        |
| time/                   |             |
|    fps                  | 99          |
|    iterations           | 9           |
|    time_elapsed         | 185         |
|    total_timesteps      | 18432       |
| train/                  |             |
|    approx_kl            | 0.013093907 |
|    clip_fraction        | 0.0395      |
|    clip_range           | 0.2         |
|    entropy_loss         | -1.18       |
|    explained_variance   | 0.049       |
|    learning_rate        | 0.0003      |
|    loss                 | 16.3        |
|    n_updates            | 80          |
|    policy_gradient_loss | -0.00686    |
|    value_loss           | 33.2        |
-----------------------------------------
------------------------------------------
| rollout/                |              |
|    ep_len_mean          | 60           |
|    ep_rew_mean          | 35.1         |
| time/                   |              |
|    fps                  | 98           |
|    iterations           | 10           |
|    time_elapsed         | 208          |
|    total_timesteps      | 20480        |
| train/                  |              |
|    approx_kl            | 0.0033081535 |
|    clip_fraction        | 0.00137      |
|    clip_range           | 0.2          |
|    entropy_loss         | -1.13        |
|    explained_variance   | 0.0647       |
|    learning_rate        | 0.0003       |
|    loss                 | 17           |
|    n_updates            | 90           |
|    policy_gradient_loss | -0.0019      |
|    value_loss           | 36.5         |
------------------------------------------
------------------------------------------
| rollout/                |              |
|    ep_len_mean          | 60           |
|    ep_rew_mean          | 36.2         |
| time/                   |              |
|    fps                  | 97           |
|    iterations           | 11           |
|    time_elapsed         | 230          |
|    total_timesteps      | 22528        |
| train/                  |              |
|    approx_kl            | 0.0032948235 |
|    clip_fraction        | 0.00518      |
|    clip_range           | 0.2          |
|    entropy_loss         | -1.09        |
|    explained_variance   | 0.0682       |
|    learning_rate        | 0.0003       |
|    loss                 | 19.6         |
|    n_updates            | 100          |
|    policy_gradient_loss | -0.00288     |
|    value_loss           | 39.4         |
------------------------------------------
-----------------------------------------
| rollout/                |             |
|    ep_len_mean          | 60          |
|    ep_rew_mean          | 36.7        |
| time/                   |             |
|    fps                  | 97          |
|    iterations           | 12          |
|    time_elapsed         | 253         |
|    total_timesteps      | 24576       |
| train/                  |             |
|    approx_kl            | 0.005927585 |
|    clip_fraction        | 0.0384      |
|    clip_range           | 0.2         |
|    entropy_loss         | -1.02       |
|    explained_variance   | 0.0768      |
|    learning_rate        | 0.0003      |
|    loss                 | 21.8        |
|    n_updates            | 110         |
|    policy_gradient_loss | -0.00481    |
|    value_loss           | 41.4        |
-----------------------------------------
----------------------------------------
| rollout/                |            |
|    ep_len_mean          | 60         |
|    ep_rew_mean          | 37.4       |
| time/                   |            |
|    fps                  | 96         |
|    iterations           | 13         |
|    time_elapsed         | 275        |
|    total_timesteps      | 26624      |
| train/                  |            |
|    approx_kl            | 0.00450857 |
|    clip_fraction        | 0.0255     |
|    clip_range           | 0.2        |
|    entropy_loss         | -0.985     |
|    explained_variance   | 0.0785     |
|    learning_rate        | 0.0003     |
|    loss                 | 22.5       |
|    n_updates            | 120        |
|    policy_gradient_loss | -0.00251   |
|    value_loss           | 47         |
----------------------------------------
------------------------------------------
| rollout/                |              |
|    ep_len_mean          | 60           |
|    ep_rew_mean          | 37.8         |
| time/                   |              |
|    fps                  | 96           |
|    iterations           | 14           |
|    time_elapsed         | 298          |
|    total_timesteps      | 28672        |
| train/                  |              |
|    approx_kl            | 0.0036766874 |
|    clip_fraction        | 0.0108       |
|    clip_range           | 0.2          |
|    entropy_loss         | -0.964       |
|    explained_variance   | 0.0921       |
|    learning_rate        | 0.0003       |
|    loss                 | 22.5         |
|    n_updates            | 130          |
|    policy_gradient_loss | -0.00225     |
|    value_loss           | 46           |
------------------------------------------
-----------------------------------------
| rollout/                |             |
|    ep_len_mean          | 60          |
|    ep_rew_mean          | 38.3        |
| time/                   |             |
|    fps                  | 95          |
|    iterations           | 15          |
|    time_elapsed         | 320         |
|    total_timesteps      | 30720       |
| train/                  |             |
|    approx_kl            | 0.005234681 |
|    clip_fraction        | 0.0372      |
|    clip_range           | 0.2         |
|    entropy_loss         | -0.874      |
|    explained_variance   | 0.103       |
|    learning_rate        | 0.0003      |
|    loss                 | 21.9        |
|    n_updates            | 140         |
|    policy_gradient_loss | -0.00549    |
|    value_loss           | 50.7        |
-----------------------------------------
-----------------------------------------
| rollout/                |             |
|    ep_len_mean          | 60          |
|    ep_rew_mean          | 39.3        |
| time/                   |             |
|    fps                  | 94          |
|    iterations           | 16          |
|    time_elapsed         | 345         |
|    total_timesteps      | 32768       |
| train/                  |             |
|    approx_kl            | 0.002996617 |
|    clip_fraction        | 0.0172      |
|    clip_range           | 0.2         |
|    entropy_loss         | -0.841      |
|    explained_variance   | 0.11        |
|    learning_rate        | 0.0003      |
|    loss                 | 26.8        |
|    n_updates            | 150         |
|    policy_gradient_loss | -0.00274    |
|    value_loss           | 52.1        |
-----------------------------------------
------------------------------------------
| rollout/                |              |
|    ep_len_mean          | 60           |
|    ep_rew_mean          | 39.9         |
| time/                   |              |
|    fps                  | 94           |
|    iterations           | 17           |
|    time_elapsed         | 368          |
|    total_timesteps      | 34816        |
| train/                  |              |
|    approx_kl            | 0.0041592866 |
|    clip_fraction        | 0.0277       |
|    clip_range           | 0.2          |
|    entropy_loss         | -0.811       |
|    explained_variance   | 0.103        |
|    learning_rate        | 0.0003       |
|    loss                 | 26.2         |
|    n_updates            | 160          |
|    policy_gradient_loss | -0.00447     |
|    value_loss           | 52.8         |
------------------------------------------
------------------------------------------
| rollout/                |              |
|    ep_len_mean          | 60           |
|    ep_rew_mean          | 40           |
| time/                   |              |
|    fps                  | 94           |
|    iterations           | 18           |
|    time_elapsed         | 391          |
|    total_timesteps      | 36864        |
| train/                  |              |
|    approx_kl            | 0.0032563705 |
|    clip_fraction        | 0.0169       |
|    clip_range           | 0.2          |
|    entropy_loss         | -0.843       |
|    explained_variance   | 0.118        |
|    learning_rate        | 0.0003       |
|    loss                 | 26.5         |
|    n_updates            | 170          |
|    policy_gradient_loss | -0.00334     |
|    value_loss           | 56.1         |
------------------------------------------
------------------------------------------
| rollout/                |              |
|    ep_len_mean          | 60           |
|    ep_rew_mean          | 39.6         |
| time/                   |              |
|    fps                  | 93           |
|    iterations           | 19           |
|    time_elapsed         | 414          |
|    total_timesteps      | 38912        |
| train/                  |              |
|    approx_kl            | 0.0019237071 |
|    clip_fraction        | 0.00352      |
|    clip_range           | 0.2          |
|    entropy_loss         | -0.851       |
|    explained_variance   | 0.135        |
|    learning_rate        | 0.0003       |
|    loss                 | 22.9         |
|    n_updates            | 180          |
|    policy_gradient_loss | -0.00195     |
|    value_loss           | 51.6         |
------------------------------------------
-----------------------------------------
| rollout/                |             |
|    ep_len_mean          | 60          |
|    ep_rew_mean          | 39.8        |
| time/                   |             |
|    fps                  | 93          |
|    iterations           | 20          |
|    time_elapsed         | 437         |
|    total_timesteps      | 40960       |
| train/                  |             |
|    approx_kl            | 0.002800248 |
|    clip_fraction        | 0.0113      |
|    clip_range           | 0.2         |
|    entropy_loss         | -0.812      |
|    explained_variance   | 0.121       |
|    learning_rate        | 0.0003      |
|    loss                 | 29.1        |
|    n_updates            | 190         |
|    policy_gradient_loss | -0.00395    |
|    value_loss           | 56.1        |
-----------------------------------------
-----------------------------------------
| rollout/                |             |
|    ep_len_mean          | 60          |
|    ep_rew_mean          | 40.2        |
| time/                   |             |
|    fps                  | 93          |
|    iterations           | 21          |
|    time_elapsed         | 460         |
|    total_timesteps      | 43008       |
| train/                  |             |
|    approx_kl            | 0.004348305 |
|    clip_fraction        | 0.0323      |
|    clip_range           | 0.2         |
|    entropy_loss         | -0.791      |
|    explained_variance   | 0.0891      |
|    learning_rate        | 0.0003      |
|    loss                 | 27.9        |
|    n_updates            | 200         |
|    policy_gradient_loss | -0.00469    |
|    value_loss           | 56.9        |
-----------------------------------------
-----------------------------------------
| rollout/                |             |
|    ep_len_mean          | 60          |
|    ep_rew_mean          | 40.9        |
| time/                   |             |
|    fps                  | 93          |
|    iterations           | 22          |
|    time_elapsed         | 480         |
|    total_timesteps      | 45056       |
| train/                  |             |
|    approx_kl            | 0.003975935 |
|    clip_fraction        | 0.0128      |
|    clip_range           | 0.2         |
|    entropy_loss         | -0.746      |
|    explained_variance   | 0.101       |
|    learning_rate        | 0.0003      |
|    loss                 | 28          |
|    n_updates            | 210         |
|    policy_gradient_loss | -0.00385    |
|    value_loss           | 60          |
-----------------------------------------
------------------------------------------
| rollout/                |              |
|    ep_len_mean          | 60           |
|    ep_rew_mean          | 41.7         |
| time/                   |              |
|    fps                  | 94           |
|    iterations           | 23           |
|    time_elapsed         | 499          |
|    total_timesteps      | 47104        |
| train/                  |              |
|    approx_kl            | 0.0044540446 |
|    clip_fraction        | 0.041        |
|    clip_range           | 0.2          |
|    entropy_loss         | -0.66        |
|    explained_variance   | 0.0877       |
|    learning_rate        | 0.0003       |
|    loss                 | 25.5         |
|    n_updates            | 220          |
|    policy_gradient_loss | -0.0058      |
|    value_loss           | 57           |
------------------------------------------
------------------------------------------
| rollout/                |              |
|    ep_len_mean          | 60           |
|    ep_rew_mean          | 42.1         |
| time/                   |              |
|    fps                  | 94           |
|    iterations           | 24           |
|    time_elapsed         | 519          |
|    total_timesteps      | 49152        |
| train/                  |              |
|    approx_kl            | 0.0019335098 |
|    clip_fraction        | 0.00459      |
|    clip_range           | 0.2          |
|    entropy_loss         | -0.642       |
|    explained_variance   | 0.114        |
|    learning_rate        | 0.0003       |
|    loss                 | 33.8         |
|    n_updates            | 230          |
|    policy_gradient_loss | -0.00168     |
|    value_loss           | 59.9         |
------------------------------------------
------------------------------------------
| rollout/                |              |
|    ep_len_mean          | 60           |
|    ep_rew_mean          | 42.9         |
| time/                   |              |
|    fps                  | 95           |
|    iterations           | 25           |
|    time_elapsed         | 537          |
|    total_timesteps      | 51200        |
| train/                  |              |
|    approx_kl            | 0.0031986362 |
|    clip_fraction        | 0.0321       |
|    clip_range           | 0.2          |
|    entropy_loss         | -0.597       |
|    explained_variance   | 0.0903       |
|    learning_rate        | 0.0003       |
|    loss                 | 29.5         |
|    n_updates            | 240          |
|    policy_gradient_loss | -0.00533     |
|    value_loss           | 60           |
------------------------------------------
    evaluating (100 episodes)...
    eval: 20/100 episodes
    eval: 40/100 episodes
    eval: 60/100 episodes
    eval: 80/100 episodes
    eval: 100/100 episodes
  reward_profile=reliability-leaning ...
Using cpu device
---------------------------------
| rollout/           |          |
|    ep_len_mean     | 60       |
|    ep_rew_mean     | 3.26     |
| time/              |          |
|    fps             | 140      |
|    iterations      | 1        |
|    time_elapsed    | 14       |
|    total_timesteps | 2048     |
---------------------------------
-----------------------------------------
| rollout/                |             |
|    ep_len_mean          | 60          |
|    ep_rew_mean          | 5.96        |
| time/                   |             |
|    fps                  | 130         |
|    iterations           | 2           |
|    time_elapsed         | 31          |
|    total_timesteps      | 4096        |
| train/                  |             |
|    approx_kl            | 0.018849164 |
|    clip_fraction        | 0.233       |
|    clip_range           | 0.2         |
|    entropy_loss         | -1.6        |
|    explained_variance   | -0.0211     |
|    learning_rate        | 0.0003      |
|    loss                 | 2.7         |
|    n_updates            | 10          |
|    policy_gradient_loss | -0.0274     |
|    value_loss           | 6.42        |
-----------------------------------------
-----------------------------------------
| rollout/                |             |
|    ep_len_mean          | 60          |
|    ep_rew_mean          | 7.73        |
| time/                   |             |
|    fps                  | 120         |
|    iterations           | 3           |
|    time_elapsed         | 50          |
|    total_timesteps      | 6144        |
| train/                  |             |
|    approx_kl            | 0.012203174 |
|    clip_fraction        | 0.0974      |
|    clip_range           | 0.2         |
|    entropy_loss         | -1.57       |
|    explained_variance   | 0.118       |
|    learning_rate        | 0.0003      |
|    loss                 | 5.18        |
|    n_updates            | 20          |
|    policy_gradient_loss | -0.0145     |
|    value_loss           | 10.1        |
-----------------------------------------
-----------------------------------------
| rollout/                |             |
|    ep_len_mean          | 60          |
|    ep_rew_mean          | 12.6        |
| time/                   |             |
|    fps                  | 116         |
|    iterations           | 4           |
|    time_elapsed         | 70          |
|    total_timesteps      | 8192        |
| train/                  |             |
|    approx_kl            | 0.014015036 |
|    clip_fraction        | 0.0993      |
|    clip_range           | 0.2         |
|    entropy_loss         | -1.53       |
|    explained_variance   | 0.161       |
|    learning_rate        | 0.0003      |
|    loss                 | 4.95        |
|    n_updates            | 30          |
|    policy_gradient_loss | -0.0145     |
|    value_loss           | 11.7        |
-----------------------------------------
----------------------------------------
| rollout/                |            |
|    ep_len_mean          | 60         |
|    ep_rew_mean          | 16.8       |
| time/                   |            |
|    fps                  | 112        |
|    iterations           | 5          |
|    time_elapsed         | 90         |
|    total_timesteps      | 10240      |
| train/                  |            |
|    approx_kl            | 0.00887746 |
|    clip_fraction        | 0.0243     |
|    clip_range           | 0.2        |
|    entropy_loss         | -1.48      |
|    explained_variance   | 0.119      |
|    learning_rate        | 0.0003     |
|    loss                 | 7.4        |
|    n_updates            | 40         |
|    policy_gradient_loss | -0.00596   |
|    value_loss           | 14.6       |
----------------------------------------
------------------------------------------
| rollout/                |              |
|    ep_len_mean          | 60           |
|    ep_rew_mean          | 21.5         |
| time/                   |              |
|    fps                  | 109          |
|    iterations           | 6            |
|    time_elapsed         | 111          |
|    total_timesteps      | 12288        |
| train/                  |              |
|    approx_kl            | 0.0109849395 |
|    clip_fraction        | 0.0283       |
|    clip_range           | 0.2          |
|    entropy_loss         | -1.41        |
|    explained_variance   | 0.0759       |
|    learning_rate        | 0.0003       |
|    loss                 | 8.15         |
|    n_updates            | 50           |
|    policy_gradient_loss | -0.00768     |
|    value_loss           | 17.1         |
------------------------------------------
-----------------------------------------
| rollout/                |             |
|    ep_len_mean          | 60          |
|    ep_rew_mean          | 25.4        |
| time/                   |             |
|    fps                  | 107         |
|    iterations           | 7           |
|    time_elapsed         | 133         |
|    total_timesteps      | 14336       |
| train/                  |             |
|    approx_kl            | 0.013371348 |
|    clip_fraction        | 0.0452      |
|    clip_range           | 0.2         |
|    entropy_loss         | -1.33       |
|    explained_variance   | 0.0443      |
|    learning_rate        | 0.0003      |
|    loss                 | 10.9        |
|    n_updates            | 60          |
|    policy_gradient_loss | -0.00912    |
|    value_loss           | 23.9        |
-----------------------------------------
------------------------------------------
| rollout/                |              |
|    ep_len_mean          | 60           |
|    ep_rew_mean          | 29.1         |
| time/                   |              |
|    fps                  | 105          |
|    iterations           | 8            |
|    time_elapsed         | 155          |
|    total_timesteps      | 16384        |
| train/                  |              |
|    approx_kl            | 0.0067475196 |
|    clip_fraction        | 0.0269       |
|    clip_range           | 0.2          |
|    entropy_loss         | -1.27        |
|    explained_variance   | 0.0497       |
|    learning_rate        | 0.0003       |
|    loss                 | 13.5         |
|    n_updates            | 70           |
|    policy_gradient_loss | -0.00465     |
|    value_loss           | 28.4         |
------------------------------------------
-----------------------------------------
| rollout/                |             |
|    ep_len_mean          | 60          |
|    ep_rew_mean          | 32.4        |
| time/                   |             |
|    fps                  | 103         |
|    iterations           | 9           |
|    time_elapsed         | 178         |
|    total_timesteps      | 18432       |
| train/                  |             |
|    approx_kl            | 0.013389062 |
|    clip_fraction        | 0.0459      |
|    clip_range           | 0.2         |
|    entropy_loss         | -1.18       |
|    explained_variance   | 0.0536      |
|    learning_rate        | 0.0003      |
|    loss                 | 16.4        |
|    n_updates            | 80          |
|    policy_gradient_loss | -0.00699    |
|    value_loss           | 33.3        |
-----------------------------------------
------------------------------------------
| rollout/                |              |
|    ep_len_mean          | 60           |
|    ep_rew_mean          | 34.1         |
| time/                   |              |
|    fps                  | 102          |
|    iterations           | 10           |
|    time_elapsed         | 200          |
|    total_timesteps      | 20480        |
| train/                  |              |
|    approx_kl            | 0.0029117235 |
|    clip_fraction        | 0.000537     |
|    clip_range           | 0.2          |
|    entropy_loss         | -1.15        |
|    explained_variance   | 0.0714       |
|    learning_rate        | 0.0003       |
|    loss                 | 16.9         |
|    n_updates            | 90           |
|    policy_gradient_loss | -0.00222     |
|    value_loss           | 35.9         |
------------------------------------------
------------------------------------------
| rollout/                |              |
|    ep_len_mean          | 60           |
|    ep_rew_mean          | 34.9         |
| time/                   |              |
|    fps                  | 101          |
|    iterations           | 11           |
|    time_elapsed         | 222          |
|    total_timesteps      | 22528        |
| train/                  |              |
|    approx_kl            | 0.0036290926 |
|    clip_fraction        | 0.0102       |
|    clip_range           | 0.2          |
|    entropy_loss         | -1.11        |
|    explained_variance   | 0.0764       |
|    learning_rate        | 0.0003       |
|    loss                 | 19.3         |
|    n_updates            | 100          |
|    policy_gradient_loss | -0.00359     |
|    value_loss           | 38.8         |
------------------------------------------
------------------------------------------
| rollout/                |              |
|    ep_len_mean          | 60           |
|    ep_rew_mean          | 35.5         |
| time/                   |              |
|    fps                  | 100          |
|    iterations           | 12           |
|    time_elapsed         | 244          |
|    total_timesteps      | 24576        |
| train/                  |              |
|    approx_kl            | 0.0058315583 |
|    clip_fraction        | 0.0569       |
|    clip_range           | 0.2          |
|    entropy_loss         | -1.03        |
|    explained_variance   | 0.0825       |
|    learning_rate        | 0.0003       |
|    loss                 | 21.3         |
|    n_updates            | 110          |
|    policy_gradient_loss | -0.0067      |
|    value_loss           | 41.4         |
------------------------------------------
-----------------------------------------
| rollout/                |             |
|    ep_len_mean          | 60          |
|    ep_rew_mean          | 36.3        |
| time/                   |             |
|    fps                  | 99          |
|    iterations           | 13          |
|    time_elapsed         | 267         |
|    total_timesteps      | 26624       |
| train/                  |             |
|    approx_kl            | 0.003107647 |
|    clip_fraction        | 0.0134      |
|    clip_range           | 0.2         |
|    entropy_loss         | -1.01       |
|    explained_variance   | 0.0852      |
|    learning_rate        | 0.0003      |
|    loss                 | 21.9        |
|    n_updates            | 120         |
|    policy_gradient_loss | -0.00224    |
|    value_loss           | 46.3        |
-----------------------------------------
------------------------------------------
| rollout/                |              |
|    ep_len_mean          | 60           |
|    ep_rew_mean          | 36.8         |
| time/                   |              |
|    fps                  | 98           |
|    iterations           | 14           |
|    time_elapsed         | 289          |
|    total_timesteps      | 28672        |
| train/                  |              |
|    approx_kl            | 0.0049220184 |
|    clip_fraction        | 0.0105       |
|    clip_range           | 0.2          |
|    entropy_loss         | -0.988       |
|    explained_variance   | 0.0945       |
|    learning_rate        | 0.0003       |
|    loss                 | 22.1         |
|    n_updates            | 130          |
|    policy_gradient_loss | -0.00159     |
|    value_loss           | 44.7         |
------------------------------------------
------------------------------------------
| rollout/                |              |
|    ep_len_mean          | 60           |
|    ep_rew_mean          | 37.2         |
| time/                   |              |
|    fps                  | 98           |
|    iterations           | 15           |
|    time_elapsed         | 312          |
|    total_timesteps      | 30720        |
| train/                  |              |
|    approx_kl            | 0.0066004023 |
|    clip_fraction        | 0.0446       |
|    clip_range           | 0.2          |
|    entropy_loss         | -0.91        |
|    explained_variance   | 0.111        |
|    learning_rate        | 0.0003       |
|    loss                 | 22.2         |
|    n_updates            | 140          |
|    policy_gradient_loss | -0.00537     |
|    value_loss           | 50.5         |
------------------------------------------
-----------------------------------------
| rollout/                |             |
|    ep_len_mean          | 60          |
|    ep_rew_mean          | 37.9        |
| time/                   |             |
|    fps                  | 97          |
|    iterations           | 16          |
|    time_elapsed         | 334         |
|    total_timesteps      | 32768       |
| train/                  |             |
|    approx_kl            | 0.003121416 |
|    clip_fraction        | 0.0192      |
|    clip_range           | 0.2         |
|    entropy_loss         | -0.883      |
|    explained_variance   | 0.119       |
|    learning_rate        | 0.0003      |
|    loss                 | 26.8        |
|    n_updates            | 150         |
|    policy_gradient_loss | -0.0042     |
|    value_loss           | 52          |
-----------------------------------------
------------------------------------------
| rollout/                |              |
|    ep_len_mean          | 60           |
|    ep_rew_mean          | 38.5         |
| time/                   |              |
|    fps                  | 97           |
|    iterations           | 17           |
|    time_elapsed         | 357          |
|    total_timesteps      | 34816        |
| train/                  |              |
|    approx_kl            | 0.0027047435 |
|    clip_fraction        | 0.00859      |
|    clip_range           | 0.2          |
|    entropy_loss         | -0.875       |
|    explained_variance   | 0.103        |
|    learning_rate        | 0.0003       |
|    loss                 | 25.6         |
|    n_updates            | 160          |
|    policy_gradient_loss | -0.00268     |
|    value_loss           | 52.3         |
------------------------------------------
-----------------------------------------
| rollout/                |             |
|    ep_len_mean          | 60          |
|    ep_rew_mean          | 38.8        |
| time/                   |             |
|    fps                  | 96          |
|    iterations           | 18          |
|    time_elapsed         | 380         |
|    total_timesteps      | 36864       |
| train/                  |             |
|    approx_kl            | 0.004238694 |
|    clip_fraction        | 0.0202      |
|    clip_range           | 0.2         |
|    entropy_loss         | -0.874      |
|    explained_variance   | 0.114       |
|    learning_rate        | 0.0003      |
|    loss                 | 25.1        |
|    n_updates            | 170         |
|    policy_gradient_loss | -0.00314    |
|    value_loss           | 54.1        |
-----------------------------------------
------------------------------------------
| rollout/                |              |
|    ep_len_mean          | 60           |
|    ep_rew_mean          | 38.7         |
| time/                   |              |
|    fps                  | 96           |
|    iterations           | 19           |
|    time_elapsed         | 402          |
|    total_timesteps      | 38912        |
| train/                  |              |
|    approx_kl            | 0.0022140415 |
|    clip_fraction        | 0.00654      |
|    clip_range           | 0.2          |
|    entropy_loss         | -0.885       |
|    explained_variance   | 0.137        |
|    learning_rate        | 0.0003       |
|    loss                 | 22.3         |
|    n_updates            | 180          |
|    policy_gradient_loss | -0.00202     |
|    value_loss           | 50.4         |
------------------------------------------
------------------------------------------
| rollout/                |              |
|    ep_len_mean          | 60           |
|    ep_rew_mean          | 38.9         |
| time/                   |              |
|    fps                  | 96           |
|    iterations           | 20           |
|    time_elapsed         | 425          |
|    total_timesteps      | 40960        |
| train/                  |              |
|    approx_kl            | 0.0023194803 |
|    clip_fraction        | 0.00781      |
|    clip_range           | 0.2          |
|    entropy_loss         | -0.864       |
|    explained_variance   | 0.124        |
|    learning_rate        | 0.0003       |
|    loss                 | 28.1         |
|    n_updates            | 190          |
|    policy_gradient_loss | -0.00212     |
|    value_loss           | 55.4         |
------------------------------------------
------------------------------------------
| rollout/                |              |
|    ep_len_mean          | 60           |
|    ep_rew_mean          | 39.3         |
| time/                   |              |
|    fps                  | 95           |
|    iterations           | 21           |
|    time_elapsed         | 448          |
|    total_timesteps      | 43008        |
| train/                  |              |
|    approx_kl            | 0.0036558232 |
|    clip_fraction        | 0.0211       |
|    clip_range           | 0.2          |
|    entropy_loss         | -0.859       |
|    explained_variance   | 0.0926       |
|    learning_rate        | 0.0003       |
|    loss                 | 27.2         |
|    n_updates            | 200          |
|    policy_gradient_loss | -0.00417     |
|    value_loss           | 55.9         |
------------------------------------------
-----------------------------------------
| rollout/                |             |
|    ep_len_mean          | 60          |
|    ep_rew_mean          | 40.1        |
| time/                   |             |
|    fps                  | 95          |
|    iterations           | 22          |
|    time_elapsed         | 471         |
|    total_timesteps      | 45056       |
| train/                  |             |
|    approx_kl            | 0.004594541 |
|    clip_fraction        | 0.0145      |
|    clip_range           | 0.2         |
|    entropy_loss         | -0.81       |
|    explained_variance   | 0.104       |
|    learning_rate        | 0.0003      |
|    loss                 | 27.2        |
|    n_updates            | 210         |
|    policy_gradient_loss | -0.00269    |
|    value_loss           | 57.9        |
-----------------------------------------
-----------------------------------------
| rollout/                |             |
|    ep_len_mean          | 60          |
|    ep_rew_mean          | 41          |
| time/                   |             |
|    fps                  | 95          |
|    iterations           | 23          |
|    time_elapsed         | 494         |
|    total_timesteps      | 47104       |
| train/                  |             |
|    approx_kl            | 0.007157014 |
|    clip_fraction        | 0.059       |
|    clip_range           | 0.2         |
|    entropy_loss         | -0.716      |
|    explained_variance   | 0.088       |
|    learning_rate        | 0.0003      |
|    loss                 | 25.3        |
|    n_updates            | 220         |
|    policy_gradient_loss | -0.00855    |
|    value_loss           | 56.6        |
-----------------------------------------
------------------------------------------
| rollout/                |              |
|    ep_len_mean          | 60           |
|    ep_rew_mean          | 41.8         |
| time/                   |              |
|    fps                  | 94           |
|    iterations           | 24           |
|    time_elapsed         | 517          |
|    total_timesteps      | 49152        |
| train/                  |              |
|    approx_kl            | 0.0023183553 |
|    clip_fraction        | 0.0122       |
|    clip_range           | 0.2          |
|    entropy_loss         | -0.689       |
|    explained_variance   | 0.115        |
|    learning_rate        | 0.0003       |
|    loss                 | 33.3         |
|    n_updates            | 230          |
|    policy_gradient_loss | -0.00194     |
|    value_loss           | 59.3         |
------------------------------------------
------------------------------------------
| rollout/                |              |
|    ep_len_mean          | 60           |
|    ep_rew_mean          | 42.4         |
| time/                   |              |
|    fps                  | 94           |
|    iterations           | 25           |
|    time_elapsed         | 541          |
|    total_timesteps      | 51200        |
| train/                  |              |
|    approx_kl            | 0.0036898537 |
|    clip_fraction        | 0.0288       |
|    clip_range           | 0.2          |
|    entropy_loss         | -0.649       |
|    explained_variance   | 0.0933       |
|    learning_rate        | 0.0003       |
|    loss                 | 29.2         |
|    n_updates            | 240          |
|    policy_gradient_loss | -0.00453     |
|    value_loss           | 60.1         |
------------------------------------------
    evaluating (100 episodes)...
    eval: 20/100 episodes
    eval: 40/100 episodes
    eval: 60/100 episodes
    eval: 80/100 episodes
    eval: 100/100 episodes
     reward_profile  reward_mean  switch_rate_mean  outage_rate_mean
           balanced    46.568748          0.067667               0.0
 throughput-leaning    47.654272          0.048333               0.0
    latency-leaning    46.914308          0.054833               0.0
reliability-leaning    47.368225          0.045167               0.0

figures + csv written to D:\Projects\TN+NTN\drl\figures_ka
--- eval_geometry_generalization (Phase 1.4) ---
Gym has been unmaintained since 2022 and does not support NumPy 2.0 amongst other critical functionality.
Please upgrade to Gymnasium, the maintained drop-in replacement of Gym, or contact the authors of your software and request that they upgrade.
Users of this version of Gym should be able to simply replace 'import gym' with 'import gymnasium as gym' in the vast majority of cases.
See the migration guide at https://gymnasium.farama.org/introduction/migration_guide/ for additional information.
evaluating hysteresis under nominal geometry...
    hysteresis/nominal: 20/200 episodes
    hysteresis/nominal: 40/200 episodes
    hysteresis/nominal: 60/200 episodes
    hysteresis/nominal: 80/200 episodes
    hysteresis/nominal: 100/200 episodes
    hysteresis/nominal: 120/200 episodes
    hysteresis/nominal: 140/200 episodes
    hysteresis/nominal: 160/200 episodes
    hysteresis/nominal: 180/200 episodes
    hysteresis/nominal: 200/200 episodes
evaluating ppo seed=0 under nominal geometry...
    ppo_seed0/nominal: 20/200 episodes
    ppo_seed0/nominal: 40/200 episodes
    ppo_seed0/nominal: 60/200 episodes
    ppo_seed0/nominal: 80/200 episodes
    ppo_seed0/nominal: 100/200 episodes
    ppo_seed0/nominal: 120/200 episodes
    ppo_seed0/nominal: 140/200 episodes
    ppo_seed0/nominal: 160/200 episodes
    ppo_seed0/nominal: 180/200 episodes
    ppo_seed0/nominal: 200/200 episodes
evaluating ppo seed=1 under nominal geometry...
    ppo_seed1/nominal: 20/200 episodes
    ppo_seed1/nominal: 40/200 episodes
    ppo_seed1/nominal: 60/200 episodes
    ppo_seed1/nominal: 80/200 episodes
    ppo_seed1/nominal: 100/200 episodes
    ppo_seed1/nominal: 120/200 episodes
    ppo_seed1/nominal: 140/200 episodes
    ppo_seed1/nominal: 160/200 episodes
    ppo_seed1/nominal: 180/200 episodes
    ppo_seed1/nominal: 200/200 episodes
evaluating ppo seed=2 under nominal geometry...
    ppo_seed2/nominal: 20/200 episodes
    ppo_seed2/nominal: 40/200 episodes
    ppo_seed2/nominal: 60/200 episodes
    ppo_seed2/nominal: 80/200 episodes
    ppo_seed2/nominal: 100/200 episodes
    ppo_seed2/nominal: 120/200 episodes
    ppo_seed2/nominal: 140/200 episodes
    ppo_seed2/nominal: 160/200 episodes
    ppo_seed2/nominal: 180/200 episodes
    ppo_seed2/nominal: 200/200 episodes
evaluating hysteresis under shifted geometry...
    hysteresis/shifted: 20/200 episodes
    hysteresis/shifted: 40/200 episodes
    hysteresis/shifted: 60/200 episodes
    hysteresis/shifted: 80/200 episodes
    hysteresis/shifted: 100/200 episodes
    hysteresis/shifted: 120/200 episodes
    hysteresis/shifted: 140/200 episodes
    hysteresis/shifted: 160/200 episodes
    hysteresis/shifted: 180/200 episodes
    hysteresis/shifted: 200/200 episodes
evaluating ppo seed=0 under shifted geometry...
    ppo_seed0/shifted: 20/200 episodes
    ppo_seed0/shifted: 40/200 episodes
    ppo_seed0/shifted: 60/200 episodes
    ppo_seed0/shifted: 80/200 episodes
    ppo_seed0/shifted: 100/200 episodes
    ppo_seed0/shifted: 120/200 episodes
    ppo_seed0/shifted: 140/200 episodes
    ppo_seed0/shifted: 160/200 episodes
    ppo_seed0/shifted: 180/200 episodes
    ppo_seed0/shifted: 200/200 episodes
evaluating ppo seed=1 under shifted geometry...
    ppo_seed1/shifted: 20/200 episodes
    ppo_seed1/shifted: 40/200 episodes
    ppo_seed1/shifted: 60/200 episodes
    ppo_seed1/shifted: 80/200 episodes
    ppo_seed1/shifted: 100/200 episodes
    ppo_seed1/shifted: 120/200 episodes
    ppo_seed1/shifted: 140/200 episodes
    ppo_seed1/shifted: 160/200 episodes
    ppo_seed1/shifted: 180/200 episodes
    ppo_seed1/shifted: 200/200 episodes
evaluating ppo seed=2 under shifted geometry...
    ppo_seed2/shifted: 20/200 episodes
    ppo_seed2/shifted: 40/200 episodes
    ppo_seed2/shifted: 60/200 episodes
    ppo_seed2/shifted: 80/200 episodes
    ppo_seed2/shifted: 100/200 episodes
    ppo_seed2/shifted: 120/200 episodes
    ppo_seed2/shifted: 140/200 episodes
    ppo_seed2/shifted: 160/200 episodes
    ppo_seed2/shifted: 180/200 episodes
    ppo_seed2/shifted: 200/200 episodes

    policy geometry  reward_mean  switch_rate_mean  outage_rate_mean
hysteresis  nominal    44.334310          0.059083               0.0
 ppo_seed0  nominal    47.044968          0.060750               0.0
 ppo_seed1  nominal    48.137797          0.044500               0.0
 ppo_seed2  nominal    48.027085          0.032333               0.0
hysteresis  shifted    44.708969          0.076083               0.0
 ppo_seed0  shifted    47.197160          0.067083               0.0
 ppo_seed1  shifted    48.068165          0.046250               0.0
 ppo_seed2  shifted    47.961735          0.039083               0.0

Saved: D:\Projects\TN+NTN\drl\figures_ka\phase8_geometry_generalization.csv
--- significance_tests ---
ppo vs dqn [total_reward]: mean 44.1648 vs 43.4613, Welch p=5.90e-06, MWU p=3.85e-06, d=0.263
ppo vs dqn [switch_rate]: mean 0.0373 vs 0.1421, Welch p=3.03e-165, MWU p=1.66e-149, d=-2.014
ppo vs hysteresis [total_reward]: mean 44.1648 vs 40.9038, Welch p=4.53e-53, MWU p=1.76e-45, d=1.246
ppo vs hysteresis [switch_rate]: mean 0.0373 vs 0.0625, Welch p=1.05e-24, MWU p=2.54e-26, d=-0.851
ppo vs oracle [total_reward]: mean 44.1648 vs 45.2919, Welch p=7.08e-07, MWU p=2.22e-07, d=-0.409
ppo vs oracle [switch_rate]: mean 0.0373 vs 0.0496, Welch p=2.31e-05, MWU p=1.29e-05, d=-0.384
dqn vs hysteresis [total_reward]: mean 43.4613 vs 40.9038, Welch p=2.20e-37, MWU p=9.40e-34, d=1.038
dqn vs hysteresis [switch_rate]: mean 0.1421 vs 0.0625, Welch p=2.10e-94, MWU p=2.23e-57, d=1.335

Saved: D:\Projects\TN+NTN\drl\figures\phase7_significance.csv
=== Thu Sep  3 22:00:05 EDT 2026 KA campaign done ===
