=== Thu Sep  3 12:33:05 EDT 2026 campaign RESUME start ===
--- compute_reward: SKIP (already exists) ---
--- train_cql: SKIP (already exists) ---
--- train_agents (Phase 5, resumable - will skip ppo_seed0) ---
Gym has been unmaintained since 2022 and does not support NumPy 2.0 amongst other critical functionality.
Please upgrade to Gymnasium, the maintained drop-in replacement of Gym, or contact the authors of your software and request that they upgrade.
Users of this version of Gym should be able to simply replace 'import gym' with 'import gymnasium as gym' in the vast majority of cases.
See the migration guide at https://gymnasium.farama.org/introduction/migration_guide/ for additional information.
evaluating baselines...
  evaluating random (200 episodes)...
    random: 20/200 episodes
    random: 40/200 episodes
    random: 60/200 episodes
    random: 80/200 episodes
    random: 100/200 episodes
    random: 120/200 episodes
    random: 140/200 episodes
    random: 160/200 episodes
    random: 180/200 episodes
    random: 200/200 episodes
  evaluating greedy (200 episodes)...
    greedy: 20/200 episodes
    greedy: 40/200 episodes
    greedy: 60/200 episodes
    greedy: 80/200 episodes
    greedy: 100/200 episodes
    greedy: 120/200 episodes
    greedy: 140/200 episodes
    greedy: 160/200 episodes
    greedy: 180/200 episodes
    greedy: 200/200 episodes
  evaluating hysteresis (200 episodes)...
    hysteresis: 20/200 episodes
    hysteresis: 40/200 episodes
    hysteresis: 60/200 episodes
    hysteresis: 80/200 episodes
    hysteresis: 100/200 episodes
    hysteresis: 120/200 episodes
    hysteresis: 140/200 episodes
    hysteresis: 160/200 episodes
    hysteresis: 180/200 episodes
    hysteresis: 200/200 episodes
  evaluating oracle (200 episodes, DP-planned)...
    oracle: 20/200 episodes
    oracle: 40/200 episodes
    oracle: 60/200 episodes
    oracle: 80/200 episodes
    oracle: 100/200 episodes
    oracle: 120/200 episodes
    oracle: 140/200 episodes
    oracle: 160/200 episodes
    oracle: 180/200 episodes
    oracle: 200/200 episodes
training + evaluating PPO...
  ppo seed=0: found saved model at D:\Projects\TN+NTN\drl\models_ka\ppo_seed0.zip, skipping training
  evaluating ppo seed=0 (200 episodes)...
    ppo seed=0 eval: 20/200 episodes
    ppo seed=0 eval: 40/200 episodes
    ppo seed=0 eval: 60/200 episodes
    ppo seed=0 eval: 80/200 episodes
    ppo seed=0 eval: 100/200 episodes
    ppo seed=0 eval: 120/200 episodes
    ppo seed=0 eval: 140/200 episodes
    ppo seed=0 eval: 160/200 episodes
    ppo seed=0 eval: 180/200 episodes
    ppo seed=0 eval: 200/200 episodes
  training ppo seed=1 ...
Using cpu device
---------------------------------
| rollout/           |          |
|    ep_len_mean     | 60       |
|    ep_rew_mean     | 0.251    |
| time/              |          |
|    fps             | 172      |
|    iterations      | 1        |
|    time_elapsed    | 11       |
|    total_timesteps | 2048     |
---------------------------------
-----------------------------------------
| rollout/                |             |
|    ep_len_mean          | 60          |
|    ep_rew_mean          | 3.93        |
| time/                   |             |
|    fps                  | 162         |
|    iterations           | 2           |
|    time_elapsed         | 25          |
|    total_timesteps      | 4096        |
| train/                  |             |
|    approx_kl            | 0.014788501 |
|    clip_fraction        | 0.128       |
|    clip_range           | 0.2         |
|    entropy_loss         | -1.6        |
|    explained_variance   | -0.00361    |
|    learning_rate        | 0.0003      |
|    loss                 | 3.73        |
|    n_updates            | 10          |
|    policy_gradient_loss | -0.0186     |
|    value_loss           | 8.57        |
-----------------------------------------
-----------------------------------------
| rollout/                |             |
|    ep_len_mean          | 60          |
|    ep_rew_mean          | 7.42        |
| time/                   |             |
|    fps                  | 145         |
|    iterations           | 3           |
|    time_elapsed         | 42          |
|    total_timesteps      | 6144        |
| train/                  |             |
|    approx_kl            | 0.014329871 |
|    clip_fraction        | 0.141       |
|    clip_range           | 0.2         |
|    entropy_loss         | -1.57       |
|    explained_variance   | 0.153       |
|    learning_rate        | 0.0003      |
|    loss                 | 4.54        |
|    n_updates            | 20          |
|    policy_gradient_loss | -0.0208     |
|    value_loss           | 8.5         |
-----------------------------------------
-----------------------------------------
| rollout/                |             |
|    ep_len_mean          | 60          |
|    ep_rew_mean          | 13.6        |
| time/                   |             |
|    fps                  | 136         |
|    iterations           | 4           |
|    time_elapsed         | 59          |
|    total_timesteps      | 8192        |
| train/                  |             |
|    approx_kl            | 0.013922875 |
|    clip_fraction        | 0.0473      |
|    clip_range           | 0.2         |
|    entropy_loss         | -1.54       |
|    explained_variance   | 0.0543      |
|    learning_rate        | 0.0003      |
|    loss                 | 3.98        |
|    n_updates            | 30          |
|    policy_gradient_loss | -0.00968    |
|    value_loss           | 11.2        |
-----------------------------------------
-----------------------------------------
| rollout/                |             |
|    ep_len_mean          | 60          |
|    ep_rew_mean          | 18.9        |
| time/                   |             |
|    fps                  | 134         |
|    iterations           | 5           |
|    time_elapsed         | 76          |
|    total_timesteps      | 10240       |
| train/                  |             |
|    approx_kl            | 0.010533882 |
|    clip_fraction        | 0.0354      |
|    clip_range           | 0.2         |
|    entropy_loss         | -1.47       |
|    explained_variance   | 0.137       |
|    learning_rate        | 0.0003      |
|    loss                 | 5.63        |
|    n_updates            | 40          |
|    policy_gradient_loss | -0.00844    |
|    value_loss           | 13.7        |
-----------------------------------------
----------------------------------------
| rollout/                |            |
|    ep_len_mean          | 60         |
|    ep_rew_mean          | 23.1       |
| time/                   |            |
|    fps                  | 129        |
|    iterations           | 6          |
|    time_elapsed         | 94         |
|    total_timesteps      | 12288      |
| train/                  |            |
|    approx_kl            | 0.01088742 |
|    clip_fraction        | 0.025      |
|    clip_range           | 0.2        |
|    entropy_loss         | -1.41      |
|    explained_variance   | 0.0263     |
|    learning_rate        | 0.0003     |
|    loss                 | 9.01       |
|    n_updates            | 50         |
|    policy_gradient_loss | -0.00656   |
|    value_loss           | 18.5       |
----------------------------------------
------------------------------------------
| rollout/                |              |
|    ep_len_mean          | 60           |
|    ep_rew_mean          | 26.1         |
| time/                   |              |
|    fps                  | 126          |
|    iterations           | 7            |
|    time_elapsed         | 113          |
|    total_timesteps      | 14336        |
| train/                  |              |
|    approx_kl            | 0.0029474054 |
|    clip_fraction        | 0.00171      |
|    clip_range           | 0.2          |
|    entropy_loss         | -1.37        |
|    explained_variance   | 0.0322       |
|    learning_rate        | 0.0003       |
|    loss                 | 12           |
|    n_updates            | 60           |
|    policy_gradient_loss | -0.00313     |
|    value_loss           | 22.8         |
------------------------------------------
------------------------------------------
| rollout/                |              |
|    ep_len_mean          | 60           |
|    ep_rew_mean          | 28.7         |
| time/                   |              |
|    fps                  | 124          |
|    iterations           | 8            |
|    time_elapsed         | 131          |
|    total_timesteps      | 16384        |
| train/                  |              |
|    approx_kl            | 0.0061583323 |
|    clip_fraction        | 0.00747      |
|    clip_range           | 0.2          |
|    entropy_loss         | -1.32        |
|    explained_variance   | 0.0664       |
|    learning_rate        | 0.0003       |
|    loss                 | 13.5         |
|    n_updates            | 70           |
|    policy_gradient_loss | -0.00457     |
|    value_loss           | 27.8         |
------------------------------------------
------------------------------------------
| rollout/                |              |
|    ep_len_mean          | 60           |
|    ep_rew_mean          | 29.8         |
| time/                   |              |
|    fps                  | 123          |
|    iterations           | 9            |
|    time_elapsed         | 149          |
|    total_timesteps      | 18432        |
| train/                  |              |
|    approx_kl            | 0.0067066196 |
|    clip_fraction        | 0.0206       |
|    clip_range           | 0.2          |
|    entropy_loss         | -1.24        |
|    explained_variance   | 0.0456       |
|    learning_rate        | 0.0003       |
|    loss                 | 16           |
|    n_updates            | 80           |
|    policy_gradient_loss | -0.0044      |
|    value_loss           | 31.3         |
------------------------------------------
-----------------------------------------
| rollout/                |             |
|    ep_len_mean          | 60          |
|    ep_rew_mean          | 30.6        |
| time/                   |             |
|    fps                  | 123         |
|    iterations           | 10          |
|    time_elapsed         | 165         |
|    total_timesteps      | 20480       |
| train/                  |             |
|    approx_kl            | 0.005245811 |
|    clip_fraction        | 0.0105      |
|    clip_range           | 0.2         |
|    entropy_loss         | -1.2        |
|    explained_variance   | 0.0541      |
|    learning_rate        | 0.0003      |
|    loss                 | 16.4        |
|    n_updates            | 90          |
|    policy_gradient_loss | -0.00398    |
|    value_loss           | 33.6        |
-----------------------------------------
-----------------------------------------
| rollout/                |             |
|    ep_len_mean          | 60          |
|    ep_rew_mean          | 32.1        |
| time/                   |             |
|    fps                  | 124         |
|    iterations           | 11          |
|    time_elapsed         | 181         |
|    total_timesteps      | 22528       |
| train/                  |             |
|    approx_kl            | 0.008464122 |
|    clip_fraction        | 0.0423      |
|    clip_range           | 0.2         |
|    entropy_loss         | -1.09       |
|    explained_variance   | 0.0676      |
|    learning_rate        | 0.0003      |
|    loss                 | 18          |
|    n_updates            | 100         |
|    policy_gradient_loss | -0.00746    |
|    value_loss           | 37.9        |
-----------------------------------------
------------------------------------------
| rollout/                |              |
|    ep_len_mean          | 60           |
|    ep_rew_mean          | 33.3         |
| time/                   |              |
|    fps                  | 124          |
|    iterations           | 12           |
|    time_elapsed         | 197          |
|    total_timesteps      | 24576        |
| train/                  |              |
|    approx_kl            | 0.0029983723 |
|    clip_fraction        | 0.0158       |
|    clip_range           | 0.2          |
|    entropy_loss         | -1.07        |
|    explained_variance   | 0.0893       |
|    learning_rate        | 0.0003       |
|    loss                 | 18.3         |
|    n_updates            | 110          |
|    policy_gradient_loss | -0.00374     |
|    value_loss           | 38.7         |
------------------------------------------
------------------------------------------
| rollout/                |              |
|    ep_len_mean          | 60           |
|    ep_rew_mean          | 34.3         |
| time/                   |              |
|    fps                  | 124          |
|    iterations           | 13           |
|    time_elapsed         | 213          |
|    total_timesteps      | 26624        |
| train/                  |              |
|    approx_kl            | 0.0070223846 |
|    clip_fraction        | 0.0571       |
|    clip_range           | 0.2          |
|    entropy_loss         | -1.04        |
|    explained_variance   | 0.0774       |
|    learning_rate        | 0.0003       |
|    loss                 | 20.8         |
|    n_updates            | 120          |
|    policy_gradient_loss | -0.00629     |
|    value_loss           | 42           |
------------------------------------------
------------------------------------------
| rollout/                |              |
|    ep_len_mean          | 60           |
|    ep_rew_mean          | 34.5         |
| time/                   |              |
|    fps                  | 124          |
|    iterations           | 14           |
|    time_elapsed         | 230          |
|    total_timesteps      | 28672        |
| train/                  |              |
|    approx_kl            | 0.0056536617 |
|    clip_fraction        | 0.0128       |
|    clip_range           | 0.2          |
|    entropy_loss         | -1.04        |
|    explained_variance   | 0.143        |
|    learning_rate        | 0.0003       |
|    loss                 | 21.6         |
|    n_updates            | 130          |
|    policy_gradient_loss | -0.00318     |
|    value_loss           | 42.9         |
------------------------------------------
------------------------------------------
| rollout/                |              |
|    ep_len_mean          | 60           |
|    ep_rew_mean          | 35.4         |
| time/                   |              |
|    fps                  | 124          |
|    iterations           | 15           |
|    time_elapsed         | 246          |
|    total_timesteps      | 30720        |
| train/                  |              |
|    approx_kl            | 0.0050215754 |
|    clip_fraction        | 0.00996      |
|    clip_range           | 0.2          |
|    entropy_loss         | -1.01        |
|    explained_variance   | 0.104        |
|    learning_rate        | 0.0003       |
|    loss                 | 23.9         |
|    n_updates            | 140          |
|    policy_gradient_loss | -0.00237     |
|    value_loss           | 45.2         |
------------------------------------------
-----------------------------------------
| rollout/                |             |
|    ep_len_mean          | 60          |
|    ep_rew_mean          | 35.5        |
| time/                   |             |
|    fps                  | 125         |
|    iterations           | 16          |
|    time_elapsed         | 261         |
|    total_timesteps      | 32768       |
| train/                  |             |
|    approx_kl            | 0.009270801 |
|    clip_fraction        | 0.0643      |
|    clip_range           | 0.2         |
|    entropy_loss         | -1.01       |
|    explained_variance   | 0.11        |
|    learning_rate        | 0.0003      |
|    loss                 | 26.6        |
|    n_updates            | 150         |
|    policy_gradient_loss | -0.00668    |
|    value_loss           | 46.8        |
-----------------------------------------
------------------------------------------
| rollout/                |              |
|    ep_len_mean          | 60           |
|    ep_rew_mean          | 36.3         |
| time/                   |              |
|    fps                  | 125          |
|    iterations           | 17           |
|    time_elapsed         | 277          |
|    total_timesteps      | 34816        |
| train/                  |              |
|    approx_kl            | 0.0074881106 |
|    clip_fraction        | 0.0531       |
|    clip_range           | 0.2          |
|    entropy_loss         | -0.976       |
|    explained_variance   | 0.0911       |
|    learning_rate        | 0.0003       |
|    loss                 | 24.8         |
|    n_updates            | 160          |
|    policy_gradient_loss | -0.00769     |
|    value_loss           | 48.2         |
------------------------------------------
-----------------------------------------
| rollout/                |             |
|    ep_len_mean          | 60          |
|    ep_rew_mean          | 36.4        |
| time/                   |             |
|    fps                  | 124         |
|    iterations           | 18          |
|    time_elapsed         | 296         |
|    total_timesteps      | 36864       |
| train/                  |             |
|    approx_kl            | 0.006210273 |
|    clip_fraction        | 0.0236      |
|    clip_range           | 0.2         |
|    entropy_loss         | -0.935      |
|    explained_variance   | 0.095       |
|    learning_rate        | 0.0003      |
|    loss                 | 21.7        |
|    n_updates            | 170         |
|    policy_gradient_loss | -0.00395    |
|    value_loss           | 51.3        |
-----------------------------------------
----------------------------------------
| rollout/                |            |
|    ep_len_mean          | 60         |
|    ep_rew_mean          | 37         |
| time/                   |            |
|    fps                  | 122        |
|    iterations           | 19         |
|    time_elapsed         | 317        |
|    total_timesteps      | 38912      |
| train/                  |            |
|    approx_kl            | 0.00479272 |
|    clip_fraction        | 0.0194     |
|    clip_range           | 0.2        |
|    entropy_loss         | -0.904     |
|    explained_variance   | 0.109      |
|    learning_rate        | 0.0003     |
|    loss                 | 20.2       |
|    n_updates            | 180        |
|    policy_gradient_loss | -0.00407   |
|    value_loss           | 45.3       |
----------------------------------------
------------------------------------------
| rollout/                |              |
|    ep_len_mean          | 60           |
|    ep_rew_mean          | 36.9         |
| time/                   |              |
|    fps                  | 121          |
|    iterations           | 20           |
|    time_elapsed         | 336          |
|    total_timesteps      | 40960        |
| train/                  |              |
|    approx_kl            | 0.0066541946 |
|    clip_fraction        | 0.0477       |
|    clip_range           | 0.2          |
|    entropy_loss         | -0.925       |
|    explained_variance   | 0.125        |
|    learning_rate        | 0.0003       |
|    loss                 | 26.2         |
|    n_updates            | 190          |
|    policy_gradient_loss | -0.00498     |
|    value_loss           | 51.7         |
------------------------------------------
-----------------------------------------
| rollout/                |             |
|    ep_len_mean          | 60          |
|    ep_rew_mean          | 37.1        |
| time/                   |             |
|    fps                  | 120         |
|    iterations           | 21          |
|    time_elapsed         | 358         |
|    total_timesteps      | 43008       |
| train/                  |             |
|    approx_kl            | 0.007960759 |
|    clip_fraction        | 0.0509      |
|    clip_range           | 0.2         |
|    entropy_loss         | -0.95       |
|    explained_variance   | 0.168       |
|    learning_rate        | 0.0003      |
|    loss                 | 23.7        |
|    n_updates            | 200         |
|    policy_gradient_loss | -0.00636    |
|    value_loss           | 51.1        |
-----------------------------------------
-----------------------------------------
| rollout/                |             |
|    ep_len_mean          | 60          |
|    ep_rew_mean          | 37.1        |
| time/                   |             |
|    fps                  | 113         |
|    iterations           | 22          |
|    time_elapsed         | 395         |
|    total_timesteps      | 45056       |
| train/                  |             |
|    approx_kl            | 0.006480843 |
|    clip_fraction        | 0.0265      |
|    clip_range           | 0.2         |
|    entropy_loss         | -0.935      |
|    explained_variance   | 0.116       |
|    learning_rate        | 0.0003      |
|    loss                 | 26.3        |
|    n_updates            | 210         |
|    policy_gradient_loss | -0.00349    |
|    value_loss           | 53.3        |
-----------------------------------------
-----------------------------------------
| rollout/                |             |
|    ep_len_mean          | 60          |
|    ep_rew_mean          | 38.2        |
| time/                   |             |
|    fps                  | 114         |
|    iterations           | 23          |
|    time_elapsed         | 412         |
|    total_timesteps      | 47104       |
| train/                  |             |
|    approx_kl            | 0.006680121 |
|    clip_fraction        | 0.0188      |
|    clip_range           | 0.2         |
|    entropy_loss         | -0.903      |
|    explained_variance   | 0.127       |
|    learning_rate        | 0.0003      |
|    loss                 | 27          |
|    n_updates            | 220         |
|    policy_gradient_loss | -0.00385    |
|    value_loss           | 47.7        |
-----------------------------------------
------------------------------------------
| rollout/                |              |
|    ep_len_mean          | 60           |
|    ep_rew_mean          | 38.7         |
| time/                   |              |
|    fps                  | 113          |
|    iterations           | 24           |
|    time_elapsed         | 433          |
|    total_timesteps      | 49152        |
| train/                  |              |
|    approx_kl            | 0.0070111994 |
|    clip_fraction        | 0.0512       |
|    clip_range           | 0.2          |
|    entropy_loss         | -0.859       |
|    explained_variance   | 0.108        |
|    learning_rate        | 0.0003       |
|    loss                 | 26.6         |
|    n_updates            | 230          |
|    policy_gradient_loss | -0.00554     |
|    value_loss           | 55.8         |
------------------------------------------
-----------------------------------------
| rollout/                |             |
|    ep_len_mean          | 60          |
|    ep_rew_mean          | 39.6        |
| time/                   |             |
|    fps                  | 113         |
|    iterations           | 25          |
|    time_elapsed         | 451         |
|    total_timesteps      | 51200       |
| train/                  |             |
|    approx_kl            | 0.005787311 |
|    clip_fraction        | 0.0354      |
|    clip_range           | 0.2         |
|    entropy_loss         | -0.868      |
|    explained_variance   | 0.125       |
|    learning_rate        | 0.0003      |
|    loss                 | 24.5        |
|    n_updates            | 240         |
|    policy_gradient_loss | -0.00389    |
|    value_loss           | 48.8        |
-----------------------------------------
------------------------------------------
| rollout/                |              |
|    ep_len_mean          | 60           |
|    ep_rew_mean          | 39.5         |
| time/                   |              |
|    fps                  | 113          |
|    iterations           | 26           |
|    time_elapsed         | 468          |
|    total_timesteps      | 53248        |
| train/                  |              |
|    approx_kl            | 0.0060011535 |
|    clip_fraction        | 0.0215       |
|    clip_range           | 0.2          |
|    entropy_loss         | -0.865       |
|    explained_variance   | 0.143        |
|    learning_rate        | 0.0003       |
|    loss                 | 27.7         |
|    n_updates            | 250          |
|    policy_gradient_loss | -0.00328     |
|    value_loss           | 54           |
------------------------------------------
------------------------------------------
| rollout/                |              |
|    ep_len_mean          | 60           |
|    ep_rew_mean          | 39.9         |
| time/                   |              |
|    fps                  | 113          |
|    iterations           | 27           |
|    time_elapsed         | 487          |
|    total_timesteps      | 55296        |
| train/                  |              |
|    approx_kl            | 0.0056958795 |
|    clip_fraction        | 0.0361       |
|    clip_range           | 0.2          |
|    entropy_loss         | -0.815       |
|    explained_variance   | 0.0776       |
|    learning_rate        | 0.0003       |
|    loss                 | 30           |
|    n_updates            | 260          |
|    policy_gradient_loss | -0.00504     |
|    value_loss           | 55.6         |
------------------------------------------
------------------------------------------
| rollout/                |              |
|    ep_len_mean          | 60           |
|    ep_rew_mean          | 39.9         |
| time/                   |              |
|    fps                  | 112          |
|    iterations           | 28           |
|    time_elapsed         | 508          |
|    total_timesteps      | 57344        |
| train/                  |              |
|    approx_kl            | 0.0034379824 |
|    clip_fraction        | 0.0143       |
|    clip_range           | 0.2          |
|    entropy_loss         | -0.804       |
|    explained_variance   | 0.114        |
|    learning_rate        | 0.0003       |
|    loss                 | 32.4         |
|    n_updates            | 270          |
|    policy_gradient_loss | -0.00357     |
|    value_loss           | 58.1         |
------------------------------------------
------------------------------------------
| rollout/                |              |
|    ep_len_mean          | 60           |
|    ep_rew_mean          | 40.1         |
| time/                   |              |
|    fps                  | 111          |
|    iterations           | 29           |
|    time_elapsed         | 530          |
|    total_timesteps      | 59392        |
| train/                  |              |
|    approx_kl            | 0.0039408663 |
|    clip_fraction        | 0.0303       |
|    clip_range           | 0.2          |
|    entropy_loss         | -0.792       |
|    explained_variance   | 0.14         |
|    learning_rate        | 0.0003       |
|    loss                 | 26.9         |
|    n_updates            | 280          |
|    policy_gradient_loss | -0.00571     |
|    value_loss           | 54.4         |
------------------------------------------
-----------------------------------------
| rollout/                |             |
|    ep_len_mean          | 60          |
|    ep_rew_mean          | 40.4        |
| time/                   |             |
|    fps                  | 111         |
|    iterations           | 30          |
|    time_elapsed         | 550         |
|    total_timesteps      | 61440       |
| train/                  |             |
|    approx_kl            | 0.005546376 |
|    clip_fraction        | 0.0348      |
|    clip_range           | 0.2         |
|    entropy_loss         | -0.753      |
|    explained_variance   | 0.129       |
|    learning_rate        | 0.0003      |
|    loss                 | 29.5        |
|    n_updates            | 290         |
|    policy_gradient_loss | -0.00518    |
|    value_loss           | 54.1        |
-----------------------------------------
-----------------------------------------
| rollout/                |             |
|    ep_len_mean          | 60          |
|    ep_rew_mean          | 40.9        |
| time/                   |             |
|    fps                  | 110         |
|    iterations           | 31          |
|    time_elapsed         | 575         |
|    total_timesteps      | 63488       |
| train/                  |             |
|    approx_kl            | 0.004922264 |
|    clip_fraction        | 0.029       |
|    clip_range           | 0.2         |
|    entropy_loss         | -0.715      |
|    explained_variance   | 0.114       |
|    learning_rate        | 0.0003      |
|    loss                 | 30.1        |
|    n_updates            | 300         |
|    policy_gradient_loss | -0.00513    |
|    value_loss           | 57.5        |
-----------------------------------------
------------------------------------------
| rollout/                |              |
|    ep_len_mean          | 60           |
|    ep_rew_mean          | 41.5         |
| time/                   |              |
|    fps                  | 108          |
|    iterations           | 32           |
|    time_elapsed         | 601          |
|    total_timesteps      | 65536        |
| train/                  |              |
|    approx_kl            | 0.0018814628 |
|    clip_fraction        | 0.00645      |
|    clip_range           | 0.2          |
|    entropy_loss         | -0.675       |
|    explained_variance   | 0.101        |
|    learning_rate        | 0.0003       |
|    loss                 | 26.3         |
|    n_updates            | 310          |
|    policy_gradient_loss | -0.002       |
|    value_loss           | 53.6         |
------------------------------------------
------------------------------------------
| rollout/                |              |
|    ep_len_mean          | 60           |
|    ep_rew_mean          | 41.6         |
| time/                   |              |
|    fps                  | 108          |
|    iterations           | 33           |
|    time_elapsed         | 621          |
|    total_timesteps      | 67584        |
| train/                  |              |
|    approx_kl            | 0.0031224592 |
|    clip_fraction        | 0.0145       |
|    clip_range           | 0.2          |
|    entropy_loss         | -0.676       |
|    explained_variance   | 0.111        |
|    learning_rate        | 0.0003       |
|    loss                 | 33.2         |
|    n_updates            | 320          |
|    policy_gradient_loss | -0.00342     |
|    value_loss           | 59.3         |
------------------------------------------
-----------------------------------------
| rollout/                |             |
|    ep_len_mean          | 60          |
|    ep_rew_mean          | 42          |
| time/                   |             |
|    fps                  | 108         |
|    iterations           | 34          |
|    time_elapsed         | 641         |
|    total_timesteps      | 69632       |
| train/                  |             |
|    approx_kl            | 0.004248086 |
|    clip_fraction        | 0.0391      |
|    clip_range           | 0.2         |
|    entropy_loss         | -0.66       |
|    explained_variance   | 0.0873      |
|    learning_rate        | 0.0003      |
|    loss                 | 29.6        |
|    n_updates            | 330         |
|    policy_gradient_loss | -0.00436    |
|    value_loss           | 57.3        |
-----------------------------------------
------------------------------------------
| rollout/                |              |
|    ep_len_mean          | 60           |
|    ep_rew_mean          | 42.4         |
| time/                   |              |
|    fps                  | 108          |
|    iterations           | 35           |
|    time_elapsed         | 661          |
|    total_timesteps      | 71680        |
| train/                  |              |
|    approx_kl            | 0.0054829065 |
|    clip_fraction        | 0.0403       |
|    clip_range           | 0.2          |
|    entropy_loss         | -0.649       |
|    explained_variance   | 0.0662       |
|    learning_rate        | 0.0003       |
|    loss                 | 34.1         |
|    n_updates            | 340          |
|    policy_gradient_loss | -0.00509     |
|    value_loss           | 61.8         |
------------------------------------------
------------------------------------------
| rollout/                |              |
|    ep_len_mean          | 60           |
|    ep_rew_mean          | 42.7         |
| time/                   |              |
|    fps                  | 107          |
|    iterations           | 36           |
|    time_elapsed         | 683          |
|    total_timesteps      | 73728        |
| train/                  |              |
|    approx_kl            | 0.0021754275 |
|    clip_fraction        | 0.0207       |
|    clip_range           | 0.2          |
|    entropy_loss         | -0.585       |
|    explained_variance   | 0.131        |
|    learning_rate        | 0.0003       |
|    loss                 | 29.2         |
|    n_updates            | 350          |
|    policy_gradient_loss | -0.00321     |
|    value_loss           | 55.6         |
------------------------------------------
------------------------------------------
| rollout/                |              |
|    ep_len_mean          | 60           |
|    ep_rew_mean          | 42.8         |
| time/                   |              |
|    fps                  | 107          |
|    iterations           | 37           |
|    time_elapsed         | 702          |
|    total_timesteps      | 75776        |
| train/                  |              |
|    approx_kl            | 0.0038651004 |
|    clip_fraction        | 0.0273       |
|    clip_range           | 0.2          |
|    entropy_loss         | -0.558       |
|    explained_variance   | 0.0816       |
|    learning_rate        | 0.0003       |
|    loss                 | 30.8         |
|    n_updates            | 360          |
|    policy_gradient_loss | -0.00535     |
|    value_loss           | 64.6         |
------------------------------------------
------------------------------------------
| rollout/                |              |
|    ep_len_mean          | 60           |
|    ep_rew_mean          | 43           |
| time/                   |              |
|    fps                  | 107          |
|    iterations           | 38           |
|    time_elapsed         | 722          |
|    total_timesteps      | 77824        |
| train/                  |              |
|    approx_kl            | 0.0016921757 |
|    clip_fraction        | 0.00996      |
|    clip_range           | 0.2          |
|    entropy_loss         | -0.5         |
|    explained_variance   | 0.127        |
|    learning_rate        | 0.0003       |
|    loss                 | 27.4         |
|    n_updates            | 370          |
|    policy_gradient_loss | -0.00277     |
|    value_loss           | 58.7         |
------------------------------------------
-----------------------------------------
| rollout/                |             |
|    ep_len_mean          | 60          |
|    ep_rew_mean          | 43.5        |
| time/                   |             |
|    fps                  | 108         |
|    iterations           | 39          |
|    time_elapsed         | 738         |
|    total_timesteps      | 79872       |
| train/                  |             |
|    approx_kl            | 0.004482856 |
|    clip_fraction        | 0.0336      |
|    clip_range           | 0.2         |
|    entropy_loss         | -0.555      |
|    explained_variance   | 0.11        |
|    learning_rate        | 0.0003      |
|    loss                 | 29.9        |
|    n_updates            | 380         |
|    policy_gradient_loss | -0.00434    |
|    value_loss           | 62.8        |
-----------------------------------------
------------------------------------------
| rollout/                |              |
|    ep_len_mean          | 60           |
|    ep_rew_mean          | 43.7         |
| time/                   |              |
|    fps                  | 108          |
|    iterations           | 40           |
|    time_elapsed         | 754          |
|    total_timesteps      | 81920        |
| train/                  |              |
|    approx_kl            | 0.0036719667 |
|    clip_fraction        | 0.0202       |
|    clip_range           | 0.2          |
|    entropy_loss         | -0.528       |
|    explained_variance   | 0.117        |
|    learning_rate        | 0.0003       |
|    loss                 | 28.6         |
|    n_updates            | 390          |
|    policy_gradient_loss | -0.00349     |
|    value_loss           | 59.4         |
------------------------------------------
------------------------------------------
| rollout/                |              |
|    ep_len_mean          | 60           |
|    ep_rew_mean          | 43.9         |
| time/                   |              |
|    fps                  | 108          |
|    iterations           | 41           |
|    time_elapsed         | 770          |
|    total_timesteps      | 83968        |
| train/                  |              |
|    approx_kl            | 0.0031421722 |
|    clip_fraction        | 0.0246       |
|    clip_range           | 0.2          |
|    entropy_loss         | -0.506       |
|    explained_variance   | 0.113        |
|    learning_rate        | 0.0003       |
|    loss                 | 31.9         |
|    n_updates            | 400          |
|    policy_gradient_loss | -0.00275     |
|    value_loss           | 65.1         |
------------------------------------------
-----------------------------------------
| rollout/                |             |
|    ep_len_mean          | 60          |
|    ep_rew_mean          | 43.9        |
| time/                   |             |
|    fps                  | 109         |
|    iterations           | 42          |
|    time_elapsed         | 788         |
|    total_timesteps      | 86016       |
| train/                  |             |
|    approx_kl            | 0.002121937 |
|    clip_fraction        | 0.00723     |
|    clip_range           | 0.2         |
|    entropy_loss         | -0.496      |
|    explained_variance   | 0.161       |
|    learning_rate        | 0.0003      |
|    loss                 | 28.6        |
|    n_updates            | 410         |
|    policy_gradient_loss | -0.00181    |
|    value_loss           | 58.8        |
-----------------------------------------
------------------------------------------
| rollout/                |              |
|    ep_len_mean          | 60           |
|    ep_rew_mean          | 44.4         |
| time/                   |              |
|    fps                  | 108          |
|    iterations           | 43           |
|    time_elapsed         | 810          |
|    total_timesteps      | 88064        |
| train/                  |              |
|    approx_kl            | 0.0025880497 |
|    clip_fraction        | 0.0246       |
|    clip_range           | 0.2          |
|    entropy_loss         | -0.468       |
|    explained_variance   | 0.0978       |
|    learning_rate        | 0.0003       |
|    loss                 | 30.2         |
|    n_updates            | 420          |
|    policy_gradient_loss | -0.00248     |
|    value_loss           | 64.6         |
------------------------------------------
------------------------------------------
| rollout/                |              |
|    ep_len_mean          | 60           |
|    ep_rew_mean          | 44.6         |
| time/                   |              |
|    fps                  | 108          |
|    iterations           | 44           |
|    time_elapsed         | 830          |
|    total_timesteps      | 90112        |
| train/                  |              |
|    approx_kl            | 0.0024084225 |
|    clip_fraction        | 0.0214       |
|    clip_range           | 0.2          |
|    entropy_loss         | -0.451       |
|    explained_variance   | 0.155        |
|    learning_rate        | 0.0003       |
|    loss                 | 26.7         |
|    n_updates            | 430          |
|    policy_gradient_loss | -0.00294     |
|    value_loss           | 62.7         |
------------------------------------------
------------------------------------------
| rollout/                |              |
|    ep_len_mean          | 60           |
|    ep_rew_mean          | 44.9         |
| time/                   |              |
|    fps                  | 108          |
|    iterations           | 45           |
|    time_elapsed         | 849          |
|    total_timesteps      | 92160        |
| train/                  |              |
|    approx_kl            | 0.0028227456 |
|    clip_fraction        | 0.0255       |
|    clip_range           | 0.2          |
|    entropy_loss         | -0.398       |
|    explained_variance   | 0.138        |
|    learning_rate        | 0.0003       |
|    loss                 | 30.4         |
|    n_updates            | 440          |
|    policy_gradient_loss | -0.00408     |
|    value_loss           | 66.7         |
------------------------------------------
------------------------------------------
| rollout/                |              |
|    ep_len_mean          | 60           |
|    ep_rew_mean          | 45.2         |
| time/                   |              |
|    fps                  | 108          |
|    iterations           | 46           |
|    time_elapsed         | 866          |
|    total_timesteps      | 94208        |
| train/                  |              |
|    approx_kl            | 0.0010491812 |
|    clip_fraction        | 0.00664      |
|    clip_range           | 0.2          |
|    entropy_loss         | -0.392       |
|    explained_variance   | 0.168        |
|    learning_rate        | 0.0003       |
|    loss                 | 31           |
|    n_updates            | 450          |
|    policy_gradient_loss | -0.002       |
|    value_loss           | 66           |
------------------------------------------
------------------------------------------
| rollout/                |              |
|    ep_len_mean          | 60           |
|    ep_rew_mean          | 45.2         |
| time/                   |              |
|    fps                  | 108          |
|    iterations           | 47           |
|    time_elapsed         | 883          |
|    total_timesteps      | 96256        |
| train/                  |              |
|    approx_kl            | 0.0014189726 |
|    clip_fraction        | 0.0137       |
|    clip_range           | 0.2          |
|    entropy_loss         | -0.438       |
|    explained_variance   | 0.132        |
|    learning_rate        | 0.0003       |
|    loss                 | 27.8         |
|    n_updates            | 460          |
|    policy_gradient_loss | -0.00177     |
|    value_loss           | 60.5         |
------------------------------------------
-----------------------------------------
| rollout/                |             |
|    ep_len_mean          | 60          |
|    ep_rew_mean          | 45.6        |
| time/                   |             |
|    fps                  | 109         |
|    iterations           | 48          |
|    time_elapsed         | 898         |
|    total_timesteps      | 98304       |
| train/                  |             |
|    approx_kl            | 0.002320671 |
|    clip_fraction        | 0.0172      |
|    clip_range           | 0.2         |
|    entropy_loss         | -0.398      |
|    explained_variance   | 0.136       |
|    learning_rate        | 0.0003      |
|    loss                 | 34.7        |
|    n_updates            | 470         |
|    policy_gradient_loss | -0.0031     |
|    value_loss           | 67          |
-----------------------------------------
------------------------------------------
| rollout/                |              |
|    ep_len_mean          | 60           |
|    ep_rew_mean          | 45.5         |
| time/                   |              |
|    fps                  | 109          |
|    iterations           | 49           |
|    time_elapsed         | 916          |
|    total_timesteps      | 100352       |
| train/                  |              |
|    approx_kl            | 0.0013943673 |
|    clip_fraction        | 0.00742      |
|    clip_range           | 0.2          |
|    entropy_loss         | -0.379       |
|    explained_variance   | 0.122        |
|    learning_rate        | 0.0003       |
|    loss                 | 30.1         |
|    n_updates            | 480          |
|    policy_gradient_loss | -0.0021      |
|    value_loss           | 65.5         |
------------------------------------------
  saved model: D:\Projects\TN+NTN\drl\models_ka\ppo_seed1.zip
  evaluating ppo seed=1 (200 episodes)...
    ppo seed=1 eval: 20/200 episodes
    ppo seed=1 eval: 40/200 episodes
    ppo seed=1 eval: 60/200 episodes
    ppo seed=1 eval: 80/200 episodes
    ppo seed=1 eval: 100/200 episodes
    ppo seed=1 eval: 120/200 episodes
    ppo seed=1 eval: 140/200 episodes
    ppo seed=1 eval: 160/200 episodes
    ppo seed=1 eval: 180/200 episodes
    ppo seed=1 eval: 200/200 episodes
  training ppo seed=2 ...
Using cpu device
---------------------------------
| rollout/           |          |
|    ep_len_mean     | 60       |
|    ep_rew_mean     | -1.07    |
| time/              |          |
|    fps             | 179      |
|    iterations      | 1        |
|    time_elapsed    | 11       |
|    total_timesteps | 2048     |
---------------------------------
-----------------------------------------
| rollout/                |             |
|    ep_len_mean          | 60          |
|    ep_rew_mean          | 3.33        |
| time/                   |             |
|    fps                  | 156         |
|    iterations           | 2           |
|    time_elapsed         | 26          |
|    total_timesteps      | 4096        |
| train/                  |             |
|    approx_kl            | 0.015818419 |
|    clip_fraction        | 0.165       |
|    clip_range           | 0.2         |
|    entropy_loss         | -1.6        |
|    explained_variance   | 0.00982     |
|    learning_rate        | 0.0003      |
|    loss                 | 4.87        |
|    n_updates            | 10          |
|    policy_gradient_loss | -0.0224     |
|    value_loss           | 10.2        |
-----------------------------------------
-----------------------------------------
| rollout/                |             |
|    ep_len_mean          | 60          |
|    ep_rew_mean          | 6.74        |
| time/                   |             |
|    fps                  | 150         |
|    iterations           | 3           |
|    time_elapsed         | 40          |
|    total_timesteps      | 6144        |
| train/                  |             |
|    approx_kl            | 0.014896932 |
|    clip_fraction        | 0.166       |
|    clip_range           | 0.2         |
|    entropy_loss         | -1.57       |
|    explained_variance   | 0.175       |
|    learning_rate        | 0.0003      |
|    loss                 | 3.89        |
|    n_updates            | 20          |
|    policy_gradient_loss | -0.0212     |
|    value_loss           | 8.49        |
-----------------------------------------
----------------------------------------
| rollout/                |            |
|    ep_len_mean          | 60         |
|    ep_rew_mean          | 13.3       |
| time/                   |            |
|    fps                  | 146        |
|    iterations           | 4          |
|    time_elapsed         | 55         |
|    total_timesteps      | 8192       |
| train/                  |            |
|    approx_kl            | 0.01727985 |
|    clip_fraction        | 0.0682     |
|    clip_range           | 0.2        |
|    entropy_loss         | -1.53      |
|    explained_variance   | 0.0593     |
|    learning_rate        | 0.0003     |
|    loss                 | 4.69       |
|    n_updates            | 30         |
|    policy_gradient_loss | -0.0126    |
|    value_loss           | 11.4       |
----------------------------------------
-----------------------------------------
| rollout/                |             |
|    ep_len_mean          | 60          |
|    ep_rew_mean          | 18.9        |
| time/                   |             |
|    fps                  | 144         |
|    iterations           | 5           |
|    time_elapsed         | 71          |
|    total_timesteps      | 10240       |
| train/                  |             |
|    approx_kl            | 0.013314826 |
|    clip_fraction        | 0.0583      |
|    clip_range           | 0.2         |
|    entropy_loss         | -1.45       |
|    explained_variance   | 0.068       |
|    learning_rate        | 0.0003      |
|    loss                 | 6.22        |
|    n_updates            | 40          |
|    policy_gradient_loss | -0.0094     |
|    value_loss           | 13.8        |
-----------------------------------------
------------------------------------------
| rollout/                |              |
|    ep_len_mean          | 60           |
|    ep_rew_mean          | 23.2         |
| time/                   |              |
|    fps                  | 140          |
|    iterations           | 6            |
|    time_elapsed         | 87           |
|    total_timesteps      | 12288        |
| train/                  |              |
|    approx_kl            | 0.0018784984 |
|    clip_fraction        | 0            |
|    clip_range           | 0.2          |
|    entropy_loss         | -1.41        |
|    explained_variance   | 0.0752       |
|    learning_rate        | 0.0003       |
|    loss                 | 7.14         |
|    n_updates            | 50           |
|    policy_gradient_loss | -0.00156     |
|    value_loss           | 17.6         |
------------------------------------------
-----------------------------------------
| rollout/                |             |
|    ep_len_mean          | 60          |
|    ep_rew_mean          | 26          |
| time/                   |             |
|    fps                  | 137         |
|    iterations           | 7           |
|    time_elapsed         | 104         |
|    total_timesteps      | 14336       |
| train/                  |             |
|    approx_kl            | 0.006130954 |
|    clip_fraction        | 0.0115      |
|    clip_range           | 0.2         |
|    entropy_loss         | -1.35       |
|    explained_variance   | 0.0405      |
|    learning_rate        | 0.0003      |
|    loss                 | 10.9        |
|    n_updates            | 60          |
|    policy_gradient_loss | -0.00428    |
|    value_loss           | 22.9        |
-----------------------------------------
-----------------------------------------
| rollout/                |             |
|    ep_len_mean          | 60          |
|    ep_rew_mean          | 28.3        |
| time/                   |             |
|    fps                  | 138         |
|    iterations           | 8           |
|    time_elapsed         | 118         |
|    total_timesteps      | 16384       |
| train/                  |             |
|    approx_kl            | 0.011550731 |
|    clip_fraction        | 0.0362      |
|    clip_range           | 0.2         |
|    entropy_loss         | -1.29       |
|    explained_variance   | 0.0651      |
|    learning_rate        | 0.0003      |
|    loss                 | 12.8        |
|    n_updates            | 70          |
|    policy_gradient_loss | -0.00908    |
|    value_loss           | 26.3        |
-----------------------------------------
-----------------------------------------
| rollout/                |             |
|    ep_len_mean          | 60          |
|    ep_rew_mean          | 30.2        |
| time/                   |             |
|    fps                  | 137         |
|    iterations           | 9           |
|    time_elapsed         | 134         |
|    total_timesteps      | 18432       |
| train/                  |             |
|    approx_kl            | 0.007052909 |
|    clip_fraction        | 0.0157      |
|    clip_range           | 0.2         |
|    entropy_loss         | -1.21       |
|    explained_variance   | 0.0522      |
|    learning_rate        | 0.0003      |
|    loss                 | 14.6        |
|    n_updates            | 80          |
|    policy_gradient_loss | -0.00271    |
|    value_loss           | 31.2        |
-----------------------------------------
----------------------------------------
| rollout/                |            |
|    ep_len_mean          | 60         |
|    ep_rew_mean          | 31.5       |
| time/                   |            |
|    fps                  | 136        |
|    iterations           | 10         |
|    time_elapsed         | 149        |
|    total_timesteps      | 20480      |
| train/                  |            |
|    approx_kl            | 0.00471949 |
|    clip_fraction        | 0.01       |
|    clip_range           | 0.2        |
|    entropy_loss         | -1.16      |
|    explained_variance   | 0.0315     |
|    learning_rate        | 0.0003     |
|    loss                 | 17.9       |
|    n_updates            | 90         |
|    policy_gradient_loss | -0.00391   |
|    value_loss           | 35.8       |
----------------------------------------
------------------------------------------
| rollout/                |              |
|    ep_len_mean          | 60           |
|    ep_rew_mean          | 33.5         |
| time/                   |              |
|    fps                  | 134          |
|    iterations           | 11           |
|    time_elapsed         | 167          |
|    total_timesteps      | 22528        |
| train/                  |              |
|    approx_kl            | 0.0057623805 |
|    clip_fraction        | 0.0362       |
|    clip_range           | 0.2          |
|    entropy_loss         | -1.04        |
|    explained_variance   | 0.0668       |
|    learning_rate        | 0.0003       |
|    loss                 | 17.4         |
|    n_updates            | 100          |
|    policy_gradient_loss | -0.00643     |
|    value_loss           | 37           |
------------------------------------------
------------------------------------------
| rollout/                |              |
|    ep_len_mean          | 60           |
|    ep_rew_mean          | 34.6         |
| time/                   |              |
|    fps                  | 133          |
|    iterations           | 12           |
|    time_elapsed         | 184          |
|    total_timesteps      | 24576        |
| train/                  |              |
|    approx_kl            | 0.0037530186 |
|    clip_fraction        | 0.0197       |
|    clip_range           | 0.2          |
|    entropy_loss         | -1.03        |
|    explained_variance   | 0.0839       |
|    learning_rate        | 0.0003       |
|    loss                 | 20.1         |
|    n_updates            | 110          |
|    policy_gradient_loss | -0.00256     |
|    value_loss           | 37.9         |
------------------------------------------
-----------------------------------------
| rollout/                |             |
|    ep_len_mean          | 60          |
|    ep_rew_mean          | 36.1        |
| time/                   |             |
|    fps                  | 133         |
|    iterations           | 13          |
|    time_elapsed         | 199         |
|    total_timesteps      | 26624       |
| train/                  |             |
|    approx_kl            | 0.007567725 |
|    clip_fraction        | 0.0501      |
|    clip_range           | 0.2         |
|    entropy_loss         | -0.985      |
|    explained_variance   | 0.0751      |
|    learning_rate        | 0.0003      |
|    loss                 | 25.8        |
|    n_updates            | 120         |
|    policy_gradient_loss | -0.00695    |
|    value_loss           | 43.7        |
-----------------------------------------
----------------------------------------
| rollout/                |            |
|    ep_len_mean          | 60         |
|    ep_rew_mean          | 36.5       |
| time/                   |            |
|    fps                  | 133        |
|    iterations           | 14         |
|    time_elapsed         | 215        |
|    total_timesteps      | 28672      |
| train/                  |            |
|    approx_kl            | 0.00762213 |
|    clip_fraction        | 0.032      |
|    clip_range           | 0.2        |
|    entropy_loss         | -0.91      |
|    explained_variance   | 0.125      |
|    learning_rate        | 0.0003     |
|    loss                 | 23.8       |
|    n_updates            | 130        |
|    policy_gradient_loss | -0.0059    |
|    value_loss           | 46.9       |
----------------------------------------
------------------------------------------
| rollout/                |              |
|    ep_len_mean          | 60           |
|    ep_rew_mean          | 38.3         |
| time/                   |              |
|    fps                  | 131          |
|    iterations           | 15           |
|    time_elapsed         | 233          |
|    total_timesteps      | 30720        |
| train/                  |              |
|    approx_kl            | 0.0064164335 |
|    clip_fraction        | 0.021        |
|    clip_range           | 0.2          |
|    entropy_loss         | -0.84        |
|    explained_variance   | 0.0909       |
|    learning_rate        | 0.0003       |
|    loss                 | 24           |
|    n_updates            | 140          |
|    policy_gradient_loss | -0.00338     |
|    value_loss           | 47.9         |
------------------------------------------
-----------------------------------------
| rollout/                |             |
|    ep_len_mean          | 60          |
|    ep_rew_mean          | 39.8        |
| time/                   |             |
|    fps                  | 131         |
|    iterations           | 16          |
|    time_elapsed         | 249         |
|    total_timesteps      | 32768       |
| train/                  |             |
|    approx_kl            | 0.004027089 |
|    clip_fraction        | 0.0226      |
|    clip_range           | 0.2         |
|    entropy_loss         | -0.735      |
|    explained_variance   | 0.119       |
|    learning_rate        | 0.0003      |
|    loss                 | 27.7        |
|    n_updates            | 150         |
|    policy_gradient_loss | -0.00411    |
|    value_loss           | 50.9        |
-----------------------------------------
-----------------------------------------
| rollout/                |             |
|    ep_len_mean          | 60          |
|    ep_rew_mean          | 41          |
| time/                   |             |
|    fps                  | 130         |
|    iterations           | 17          |
|    time_elapsed         | 266         |
|    total_timesteps      | 34816       |
| train/                  |             |
|    approx_kl            | 0.001930324 |
|    clip_fraction        | 0.00444     |
|    clip_range           | 0.2         |
|    entropy_loss         | -0.717      |
|    explained_variance   | 0.0832      |
|    learning_rate        | 0.0003      |
|    loss                 | 21.9        |
|    n_updates            | 160         |
|    policy_gradient_loss | -0.00175    |
|    value_loss           | 51.4        |
-----------------------------------------
------------------------------------------
| rollout/                |              |
|    ep_len_mean          | 60           |
|    ep_rew_mean          | 41.5         |
| time/                   |              |
|    fps                  | 128          |
|    iterations           | 18           |
|    time_elapsed         | 285          |
|    total_timesteps      | 36864        |
| train/                  |              |
|    approx_kl            | 0.0043407856 |
|    clip_fraction        | 0.0317       |
|    clip_range           | 0.2          |
|    entropy_loss         | -0.713       |
|    explained_variance   | 0.086        |
|    learning_rate        | 0.0003       |
|    loss                 | 27.3         |
|    n_updates            | 170          |
|    policy_gradient_loss | -0.00426     |
|    value_loss           | 59.5         |
------------------------------------------
------------------------------------------
| rollout/                |              |
|    ep_len_mean          | 60           |
|    ep_rew_mean          | 41.3         |
| time/                   |              |
|    fps                  | 127          |
|    iterations           | 19           |
|    time_elapsed         | 304          |
|    total_timesteps      | 38912        |
| train/                  |              |
|    approx_kl            | 0.0019298714 |
|    clip_fraction        | 0.00737      |
|    clip_range           | 0.2          |
|    entropy_loss         | -0.671       |
|    explained_variance   | 0.0894       |
|    learning_rate        | 0.0003       |
|    loss                 | 25.6         |
|    n_updates            | 180          |
|    policy_gradient_loss | -0.00223     |
|    value_loss           | 54.5         |
------------------------------------------
------------------------------------------
| rollout/                |              |
|    ep_len_mean          | 60           |
|    ep_rew_mean          | 41.2         |
| time/                   |              |
|    fps                  | 126          |
|    iterations           | 20           |
|    time_elapsed         | 322          |
|    total_timesteps      | 40960        |
| train/                  |              |
|    approx_kl            | 0.0034864976 |
|    clip_fraction        | 0.0138       |
|    clip_range           | 0.2          |
|    entropy_loss         | -0.633       |
|    explained_variance   | 0.131        |
|    learning_rate        | 0.0003       |
|    loss                 | 29.4         |
|    n_updates            | 190          |
|    policy_gradient_loss | -0.00291     |
|    value_loss           | 60.8         |
------------------------------------------
------------------------------------------
| rollout/                |              |
|    ep_len_mean          | 60           |
|    ep_rew_mean          | 41.5         |
| time/                   |              |
|    fps                  | 127          |
|    iterations           | 21           |
|    time_elapsed         | 338          |
|    total_timesteps      | 43008        |
| train/                  |              |
|    approx_kl            | 0.0037219469 |
|    clip_fraction        | 0.0311       |
|    clip_range           | 0.2          |
|    entropy_loss         | -0.643       |
|    explained_variance   | 0.109        |
|    learning_rate        | 0.0003       |
|    loss                 | 26.4         |
|    n_updates            | 200          |
|    policy_gradient_loss | -0.0035      |
|    value_loss           | 56.9         |
------------------------------------------
------------------------------------------
| rollout/                |              |
|    ep_len_mean          | 60           |
|    ep_rew_mean          | 41.9         |
| time/                   |              |
|    fps                  | 126          |
|    iterations           | 22           |
|    time_elapsed         | 356          |
|    total_timesteps      | 45056        |
| train/                  |              |
|    approx_kl            | 0.0016278547 |
|    clip_fraction        | 0.00718      |
|    clip_range           | 0.2          |
|    entropy_loss         | -0.587       |
|    explained_variance   | 0.114        |
|    learning_rate        | 0.0003       |
|    loss                 | 30.5         |
|    n_updates            | 210          |
|    policy_gradient_loss | -0.00214     |
|    value_loss           | 63.9         |
------------------------------------------
------------------------------------------
| rollout/                |              |
|    ep_len_mean          | 60           |
|    ep_rew_mean          | 42.6         |
| time/                   |              |
|    fps                  | 126          |
|    iterations           | 23           |
|    time_elapsed         | 372          |
|    total_timesteps      | 47104        |
| train/                  |              |
|    approx_kl            | 0.0035389706 |
|    clip_fraction        | 0.0182       |
|    clip_range           | 0.2          |
|    entropy_loss         | -0.554       |
|    explained_variance   | 0.118        |
|    learning_rate        | 0.0003       |
|    loss                 | 29           |
|    n_updates            | 220          |
|    policy_gradient_loss | -0.00286     |
|    value_loss           | 59.9         |
------------------------------------------
------------------------------------------
| rollout/                |              |
|    ep_len_mean          | 60           |
|    ep_rew_mean          | 42.7         |
| time/                   |              |
|    fps                  | 125          |
|    iterations           | 24           |
|    time_elapsed         | 390          |
|    total_timesteps      | 49152        |
| train/                  |              |
|    approx_kl            | 0.0024362698 |
|    clip_fraction        | 0.0155       |
|    clip_range           | 0.2          |
|    entropy_loss         | -0.556       |
|    explained_variance   | 0.0975       |
|    learning_rate        | 0.0003       |
|    loss                 | 32.6         |
|    n_updates            | 230          |
|    policy_gradient_loss | -0.0027      |
|    value_loss           | 64.7         |
------------------------------------------
------------------------------------------
| rollout/                |              |
|    ep_len_mean          | 60           |
|    ep_rew_mean          | 43.5         |
| time/                   |              |
|    fps                  | 125          |
|    iterations           | 25           |
|    time_elapsed         | 408          |
|    total_timesteps      | 51200        |
| train/                  |              |
|    approx_kl            | 0.0022271043 |
|    clip_fraction        | 0.00991      |
|    clip_range           | 0.2          |
|    entropy_loss         | -0.485       |
|    explained_variance   | 0.115        |
|    learning_rate        | 0.0003       |
|    loss                 | 29.7         |
|    n_updates            | 240          |
|    policy_gradient_loss | -0.00242     |
|    value_loss           | 60.4         |
------------------------------------------
------------------------------------------
| rollout/                |              |
|    ep_len_mean          | 60           |
|    ep_rew_mean          | 44.1         |
| time/                   |              |
|    fps                  | 124          |
|    iterations           | 26           |
|    time_elapsed         | 427          |
|    total_timesteps      | 53248        |
| train/                  |              |
|    approx_kl            | 0.0020567062 |
|    clip_fraction        | 0.0144       |
|    clip_range           | 0.2          |
|    entropy_loss         | -0.473       |
|    explained_variance   | 0.118        |
|    learning_rate        | 0.0003       |
|    loss                 | 32.3         |
|    n_updates            | 250          |
|    policy_gradient_loss | -0.00273     |
|    value_loss           | 64.4         |
------------------------------------------
------------------------------------------
| rollout/                |              |
|    ep_len_mean          | 60           |
|    ep_rew_mean          | 44.5         |
| time/                   |              |
|    fps                  | 124          |
|    iterations           | 27           |
|    time_elapsed         | 444          |
|    total_timesteps      | 55296        |
| train/                  |              |
|    approx_kl            | 0.0019143969 |
|    clip_fraction        | 0.0128       |
|    clip_range           | 0.2          |
|    entropy_loss         | -0.42        |
|    explained_variance   | 0.0612       |
|    learning_rate        | 0.0003       |
|    loss                 | 28.6         |
|    n_updates            | 260          |
|    policy_gradient_loss | -0.00261     |
|    value_loss           | 66           |
------------------------------------------
------------------------------------------
| rollout/                |              |
|    ep_len_mean          | 60           |
|    ep_rew_mean          | 44.8         |
| time/                   |              |
|    fps                  | 124          |
|    iterations           | 28           |
|    time_elapsed         | 462          |
|    total_timesteps      | 57344        |
| train/                  |              |
|    approx_kl            | 0.0016638454 |
|    clip_fraction        | 0.0121       |
|    clip_range           | 0.2          |
|    entropy_loss         | -0.39        |
|    explained_variance   | 0.112        |
|    learning_rate        | 0.0003       |
|    loss                 | 37.3         |
|    n_updates            | 270          |
|    policy_gradient_loss | -0.00308     |
|    value_loss           | 68           |
------------------------------------------
------------------------------------------
| rollout/                |              |
|    ep_len_mean          | 60           |
|    ep_rew_mean          | 44.9         |
| time/                   |              |
|    fps                  | 123          |
|    iterations           | 29           |
|    time_elapsed         | 480          |
|    total_timesteps      | 59392        |
| train/                  |              |
|    approx_kl            | 0.0020397578 |
|    clip_fraction        | 0.027        |
|    clip_range           | 0.2          |
|    entropy_loss         | -0.396       |
|    explained_variance   | 0.142        |
|    learning_rate        | 0.0003       |
|    loss                 | 30.9         |
|    n_updates            | 280          |
|    policy_gradient_loss | -0.003       |
|    value_loss           | 64.4         |
------------------------------------------
------------------------------------------
| rollout/                |              |
|    ep_len_mean          | 60           |
|    ep_rew_mean          | 45.4         |
| time/                   |              |
|    fps                  | 122          |
|    iterations           | 30           |
|    time_elapsed         | 501          |
|    total_timesteps      | 61440        |
| train/                  |              |
|    approx_kl            | 0.0014124608 |
|    clip_fraction        | 0.00713      |
|    clip_range           | 0.2          |
|    entropy_loss         | -0.349       |
|    explained_variance   | 0.11         |
|    learning_rate        | 0.0003       |
|    loss                 | 28           |
|    n_updates            | 290          |
|    policy_gradient_loss | -0.00189     |
|    value_loss           | 65.9         |
------------------------------------------
------------------------------------------
| rollout/                |              |
|    ep_len_mean          | 60           |
|    ep_rew_mean          | 45.3         |
| time/                   |              |
|    fps                  | 121          |
|    iterations           | 31           |
|    time_elapsed         | 521          |
|    total_timesteps      | 63488        |
| train/                  |              |
|    approx_kl            | 0.0015423098 |
|    clip_fraction        | 0.0144       |
|    clip_range           | 0.2          |
|    entropy_loss         | -0.366       |
|    explained_variance   | 0.119        |
|    learning_rate        | 0.0003       |
|    loss                 | 30.4         |
|    n_updates            | 300          |
|    policy_gradient_loss | -0.00241     |
|    value_loss           | 69.3         |
------------------------------------------
------------------------------------------
| rollout/                |              |
|    ep_len_mean          | 60           |
|    ep_rew_mean          | 45.8         |
| time/                   |              |
|    fps                  | 121          |
|    iterations           | 32           |
|    time_elapsed         | 539          |
|    total_timesteps      | 65536        |
| train/                  |              |
|    approx_kl            | 0.0025731577 |
|    clip_fraction        | 0.017        |
|    clip_range           | 0.2          |
|    entropy_loss         | -0.365       |
|    explained_variance   | 0.103        |
|    learning_rate        | 0.0003       |
|    loss                 | 33.1         |
|    n_updates            | 310          |
|    policy_gradient_loss | -0.00227     |
|    value_loss           | 64.1         |
------------------------------------------
------------------------------------------
| rollout/                |              |
|    ep_len_mean          | 60           |
|    ep_rew_mean          | 45.6         |
| time/                   |              |
|    fps                  | 120          |
|    iterations           | 33           |
|    time_elapsed         | 562          |
|    total_timesteps      | 67584        |
| train/                  |              |
|    approx_kl            | 0.0013545646 |
|    clip_fraction        | 0.0102       |
|    clip_range           | 0.2          |
|    entropy_loss         | -0.368       |
|    explained_variance   | 0.113        |
|    learning_rate        | 0.0003       |
|    loss                 | 35.4         |
|    n_updates            | 320          |
|    policy_gradient_loss | -0.00228     |
|    value_loss           | 71.4         |
------------------------------------------
------------------------------------------
| rollout/                |              |
|    ep_len_mean          | 60           |
|    ep_rew_mean          | 45.7         |
| time/                   |              |
|    fps                  | 119          |
|    iterations           | 34           |
|    time_elapsed         | 580          |
|    total_timesteps      | 69632        |
| train/                  |              |
|    approx_kl            | 0.0018303363 |
|    clip_fraction        | 0.0113       |
|    clip_range           | 0.2          |
|    entropy_loss         | -0.405       |
|    explained_variance   | 0.111        |
|    learning_rate        | 0.0003       |
|    loss                 | 30.4         |
|    n_updates            | 330          |
|    policy_gradient_loss | -0.0026      |
|    value_loss           | 67.1         |
------------------------------------------
------------------------------------------
| rollout/                |              |
|    ep_len_mean          | 60           |
|    ep_rew_mean          | 45.1         |
| time/                   |              |
|    fps                  | 119          |
|    iterations           | 35           |
|    time_elapsed         | 601          |
|    total_timesteps      | 71680        |
| train/                  |              |
|    approx_kl            | 0.0024546813 |
|    clip_fraction        | 0.0143       |
|    clip_range           | 0.2          |
|    entropy_loss         | -0.382       |
|    explained_variance   | 0.0901       |
|    learning_rate        | 0.0003       |
|    loss                 | 30.1         |
|    n_updates            | 340          |
|    policy_gradient_loss | -0.00228     |
|    value_loss           | 71.1         |
------------------------------------------
------------------------------------------
| rollout/                |              |
|    ep_len_mean          | 60           |
|    ep_rew_mean          | 45.4         |
| time/                   |              |
|    fps                  | 117          |
|    iterations           | 36           |
|    time_elapsed         | 624          |
|    total_timesteps      | 73728        |
| train/                  |              |
|    approx_kl            | 0.0010047153 |
|    clip_fraction        | 0.0185       |
|    clip_range           | 0.2          |
|    entropy_loss         | -0.391       |
|    explained_variance   | 0.143        |
|    learning_rate        | 0.0003       |
|    loss                 | 31.5         |
|    n_updates            | 350          |
|    policy_gradient_loss | -0.00185     |
|    value_loss           | 62.4         |
------------------------------------------
------------------------------------------
| rollout/                |              |
|    ep_len_mean          | 60           |
|    ep_rew_mean          | 45.6         |
| time/                   |              |
|    fps                  | 117          |
|    iterations           | 37           |
|    time_elapsed         | 643          |
|    total_timesteps      | 75776        |
| train/                  |              |
|    approx_kl            | 0.0012230247 |
|    clip_fraction        | 0.0111       |
|    clip_range           | 0.2          |
|    entropy_loss         | -0.367       |
|    explained_variance   | 0.0963       |
|    learning_rate        | 0.0003       |
|    loss                 | 32.1         |
|    n_updates            | 360          |
|    policy_gradient_loss | -0.00162     |
|    value_loss           | 71.2         |
------------------------------------------
------------------------------------------
| rollout/                |              |
|    ep_len_mean          | 60           |
|    ep_rew_mean          | 46.1         |
| time/                   |              |
|    fps                  | 117          |
|    iterations           | 38           |
|    time_elapsed         | 661          |
|    total_timesteps      | 77824        |
| train/                  |              |
|    approx_kl            | 0.0013678109 |
|    clip_fraction        | 0.00576      |
|    clip_range           | 0.2          |
|    entropy_loss         | -0.31        |
|    explained_variance   | 0.1          |
|    learning_rate        | 0.0003       |
|    loss                 | 32.8         |
|    n_updates            | 370          |
|    policy_gradient_loss | -0.00121     |
|    value_loss           | 65.3         |
------------------------------------------
-------------------------------------------
| rollout/                |               |
|    ep_len_mean          | 60            |
|    ep_rew_mean          | 46.3          |
| time/                   |               |
|    fps                  | 117           |
|    iterations           | 39            |
|    time_elapsed         | 678           |
|    total_timesteps      | 79872         |
| train/                  |               |
|    approx_kl            | 0.00076631224 |
|    clip_fraction        | 0.00327       |
|    clip_range           | 0.2           |
|    entropy_loss         | -0.336        |
|    explained_variance   | 0.107         |
|    learning_rate        | 0.0003        |
|    loss                 | 34.1          |
|    n_updates            | 380           |
|    policy_gradient_loss | -0.00138      |
|    value_loss           | 70.6          |
-------------------------------------------
------------------------------------------
| rollout/                |              |
|    ep_len_mean          | 60           |
|    ep_rew_mean          | 46.4         |
| time/                   |              |
|    fps                  | 117          |
|    iterations           | 40           |
|    time_elapsed         | 699          |
|    total_timesteps      | 81920        |
| train/                  |              |
|    approx_kl            | 0.0009850748 |
|    clip_fraction        | 0.00386      |
|    clip_range           | 0.2          |
|    entropy_loss         | -0.289       |
|    explained_variance   | 0.127        |
|    learning_rate        | 0.0003       |
|    loss                 | 33.6         |
|    n_updates            | 390          |
|    policy_gradient_loss | -0.00111     |
|    value_loss           | 65.1         |
------------------------------------------
------------------------------------------
| rollout/                |              |
|    ep_len_mean          | 60           |
|    ep_rew_mean          | 46.1         |
| time/                   |              |
|    fps                  | 116          |
|    iterations           | 41           |
|    time_elapsed         | 718          |
|    total_timesteps      | 83968        |
| train/                  |              |
|    approx_kl            | 0.0013896974 |
|    clip_fraction        | 0.00952      |
|    clip_range           | 0.2          |
|    entropy_loss         | -0.302       |
|    explained_variance   | 0.146        |
|    learning_rate        | 0.0003       |
|    loss                 | 35.8         |
|    n_updates            | 400          |
|    policy_gradient_loss | -0.00122     |
|    value_loss           | 70           |
------------------------------------------
------------------------------------------
| rollout/                |              |
|    ep_len_mean          | 60           |
|    ep_rew_mean          | 46           |
| time/                   |              |
|    fps                  | 116          |
|    iterations           | 42           |
|    time_elapsed         | 739          |
|    total_timesteps      | 86016        |
| train/                  |              |
|    approx_kl            | 0.0013749455 |
|    clip_fraction        | 0.0162       |
|    clip_range           | 0.2          |
|    entropy_loss         | -0.298       |
|    explained_variance   | 0.144        |
|    learning_rate        | 0.0003       |
|    loss                 | 33.2         |
|    n_updates            | 410          |
|    policy_gradient_loss | -0.0024      |
|    value_loss           | 67.1         |
------------------------------------------
------------------------------------------
| rollout/                |              |
|    ep_len_mean          | 60           |
|    ep_rew_mean          | 46.3         |
| time/                   |              |
|    fps                  | 115          |
|    iterations           | 43           |
|    time_elapsed         | 762          |
|    total_timesteps      | 88064        |
| train/                  |              |
|    approx_kl            | 0.0018367756 |
|    clip_fraction        | 0.0145       |
|    clip_range           | 0.2          |
|    entropy_loss         | -0.274       |
|    explained_variance   | 0.1          |
|    learning_rate        | 0.0003       |
|    loss                 | 37           |
|    n_updates            | 420          |
|    policy_gradient_loss | -0.00163     |
|    value_loss           | 71.3         |
------------------------------------------
-----------------------------------------
| rollout/                |             |
|    ep_len_mean          | 60          |
|    ep_rew_mean          | 46.6        |
| time/                   |             |
|    fps                  | 115         |
|    iterations           | 44          |
|    time_elapsed         | 782         |
|    total_timesteps      | 90112       |
| train/                  |             |
|    approx_kl            | 0.000985377 |
|    clip_fraction        | 0.0114      |
|    clip_range           | 0.2         |
|    entropy_loss         | -0.233      |
|    explained_variance   | 0.108       |
|    learning_rate        | 0.0003      |
|    loss                 | 35.6        |
|    n_updates            | 430         |
|    policy_gradient_loss | -0.00147    |
|    value_loss           | 70.8        |
-----------------------------------------
------------------------------------------
| rollout/                |              |
|    ep_len_mean          | 60           |
|    ep_rew_mean          | 46.8         |
| time/                   |              |
|    fps                  | 115          |
|    iterations           | 45           |
|    time_elapsed         | 801          |
|    total_timesteps      | 92160        |
| train/                  |              |
|    approx_kl            | 0.0009840905 |
|    clip_fraction        | 0.0271       |
|    clip_range           | 0.2          |
|    entropy_loss         | -0.25        |
|    explained_variance   | 0.125        |
|    learning_rate        | 0.0003       |
|    loss                 | 30.2         |
|    n_updates            | 440          |
|    policy_gradient_loss | -0.00212     |
|    value_loss           | 69.8         |
------------------------------------------
-----------------------------------------
| rollout/                |             |
|    ep_len_mean          | 60          |
|    ep_rew_mean          | 47          |
| time/                   |             |
|    fps                  | 115         |
|    iterations           | 46          |
|    time_elapsed         | 815         |
|    total_timesteps      | 94208       |
| train/                  |             |
|    approx_kl            | 0.000874114 |
|    clip_fraction        | 0.00576     |
|    clip_range           | 0.2         |
|    entropy_loss         | -0.24       |
|    explained_variance   | 0.132       |
|    learning_rate        | 0.0003      |
|    loss                 | 33.8        |
|    n_updates            | 450         |
|    policy_gradient_loss | -0.00127    |
|    value_loss           | 71.6        |
-----------------------------------------
------------------------------------------
| rollout/                |              |
|    ep_len_mean          | 60           |
|    ep_rew_mean          | 46.7         |
| time/                   |              |
|    fps                  | 115          |
|    iterations           | 47           |
|    time_elapsed         | 832          |
|    total_timesteps      | 96256        |
| train/                  |              |
|    approx_kl            | 0.0008368031 |
|    clip_fraction        | 0.00723      |
|    clip_range           | 0.2          |
|    entropy_loss         | -0.253       |
|    explained_variance   | 0.138        |
|    learning_rate        | 0.0003       |
|    loss                 | 34.9         |
|    n_updates            | 460          |
|    policy_gradient_loss | -0.00203     |
|    value_loss           | 67.4         |
------------------------------------------
------------------------------------------
| rollout/                |              |
|    ep_len_mean          | 60           |
|    ep_rew_mean          | 46.8         |
| time/                   |              |
|    fps                  | 115          |
|    iterations           | 48           |
|    time_elapsed         | 850          |
|    total_timesteps      | 98304        |
| train/                  |              |
|    approx_kl            | 0.0013428372 |
|    clip_fraction        | 0.019        |
|    clip_range           | 0.2          |
|    entropy_loss         | -0.249       |
|    explained_variance   | 0.0702       |
|    learning_rate        | 0.0003       |
|    loss                 | 42.1         |
|    n_updates            | 470          |
|    policy_gradient_loss | -0.00284     |
|    value_loss           | 78.3         |
------------------------------------------
------------------------------------------
| rollout/                |              |
|    ep_len_mean          | 60           |
|    ep_rew_mean          | 46.6         |
| time/                   |              |
|    fps                  | 115          |
|    iterations           | 49           |
|    time_elapsed         | 866          |
|    total_timesteps      | 100352       |
| train/                  |              |
|    approx_kl            | 0.0016999728 |
|    clip_fraction        | 0.0167       |
|    clip_range           | 0.2          |
|    entropy_loss         | -0.266       |
|    explained_variance   | 0.132        |
|    learning_rate        | 0.0003       |
|    loss                 | 31.7         |
|    n_updates            | 480          |
|    policy_gradient_loss | -0.00183     |
|    value_loss           | 67.7         |
------------------------------------------
  saved model: D:\Projects\TN+NTN\drl\models_ka\ppo_seed2.zip
  evaluating ppo seed=2 (200 episodes)...
    ppo seed=2 eval: 20/200 episodes
    ppo seed=2 eval: 40/200 episodes
    ppo seed=2 eval: 60/200 episodes
    ppo seed=2 eval: 80/200 episodes
    ppo seed=2 eval: 100/200 episodes
    ppo seed=2 eval: 120/200 episodes
    ppo seed=2 eval: 140/200 episodes
    ppo seed=2 eval: 160/200 episodes
    ppo seed=2 eval: 180/200 episodes
    ppo seed=2 eval: 200/200 episodes
training + evaluating DQN...
  training dqn seed=0 ...
Using cpu device
----------------------------------
| rollout/            |          |
|    ep_len_mean      | 60       |
|    ep_rew_mean      | -2.62    |
|    exploration_rate | 0.977    |
| time/               |          |
|    episodes         | 4        |
|    fps              | 283      |
|    time_elapsed     | 0        |
|    total_timesteps  | 240      |
----------------------------------
----------------------------------
| rollout/            |          |
|    ep_len_mean      | 60       |
|    ep_rew_mean      | -0.678   |
|    exploration_rate | 0.954    |
| time/               |          |
|    episodes         | 8        |
|    fps              | 260      |
|    time_elapsed     | 1        |
|    total_timesteps  | 480      |
----------------------------------
----------------------------------
| rollout/            |          |
|    ep_len_mean      | 60       |
|    ep_rew_mean      | -0.0969  |
|    exploration_rate | 0.932    |
| time/               |          |
|    episodes         | 12       |
|    fps              | 250      |
|    time_elapsed     | 2        |
|    total_timesteps  | 720      |
----------------------------------
----------------------------------
| rollout/            |          |
|    ep_len_mean      | 60       |
|    ep_rew_mean      | -1.64    |
|    exploration_rate | 0.909    |
| time/               |          |
|    episodes         | 16       |
|    fps              | 222      |
|    time_elapsed     | 4        |
|    total_timesteps  | 960      |
----------------------------------
----------------------------------
| rollout/            |          |
|    ep_len_mean      | 60       |
|    ep_rew_mean      | -0.64    |
|    exploration_rate | 0.886    |
| time/               |          |
|    episodes         | 20       |
|    fps              | 185      |
|    time_elapsed     | 6        |
|    total_timesteps  | 1200     |
| train/              |          |
|    learning_rate    | 0.0001   |
|    loss             | 0.332    |
|    n_updates        | 12       |
----------------------------------
----------------------------------
| rollout/            |          |
|    ep_len_mean      | 60       |
|    ep_rew_mean      | -0.847   |
|    exploration_rate | 0.863    |
| time/               |          |
|    episodes         | 24       |
|    fps              | 173      |
|    time_elapsed     | 8        |
|    total_timesteps  | 1440     |
| train/              |          |
|    learning_rate    | 0.0001   |
|    loss             | 0.302    |
|    n_updates        | 27       |
----------------------------------
----------------------------------
| rollout/            |          |
|    ep_len_mean      | 60       |
|    ep_rew_mean      | 0.585    |
|    exploration_rate | 0.84     |
| time/               |          |
|    episodes         | 28       |
|    fps              | 156      |
|    time_elapsed     | 10       |
|    total_timesteps  | 1680     |
| train/              |          |
|    learning_rate    | 0.0001   |
|    loss             | 0.266    |
|    n_updates        | 42       |
----------------------------------
----------------------------------
| rollout/            |          |
|    ep_len_mean      | 60       |
|    ep_rew_mean      | 1.51     |
|    exploration_rate | 0.818    |
| time/               |          |
|    episodes         | 32       |
|    fps              | 137      |
|    time_elapsed     | 13       |
|    total_timesteps  | 1920     |
| train/              |          |
|    learning_rate    | 0.0001   |
|    loss             | 0.27     |
|    n_updates        | 57       |
----------------------------------
----------------------------------
| rollout/            |          |
|    ep_len_mean      | 60       |
|    ep_rew_mean      | 2.9      |
|    exploration_rate | 0.795    |
| time/               |          |
|    episodes         | 36       |
|    fps              | 134      |
|    time_elapsed     | 16       |
|    total_timesteps  | 2160     |
| train/              |          |
|    learning_rate    | 0.0001   |
|    loss             | 0.3      |
|    n_updates        | 72       |
----------------------------------
----------------------------------
| rollout/            |          |
|    ep_len_mean      | 60       |
|    ep_rew_mean      | 2.91     |
|    exploration_rate | 0.772    |
| time/               |          |
|    episodes         | 40       |
|    fps              | 135      |
|    time_elapsed     | 17       |
|    total_timesteps  | 2400     |
| train/              |          |
|    learning_rate    | 0.0001   |
|    loss             | 0.27     |
|    n_updates        | 87       |
----------------------------------
----------------------------------
| rollout/            |          |
|    ep_len_mean      | 60       |
|    ep_rew_mean      | 3.79     |
|    exploration_rate | 0.749    |
| time/               |          |
|    episodes         | 44       |
|    fps              | 136      |
|    time_elapsed     | 19       |
|    total_timesteps  | 2640     |
| train/              |          |
|    learning_rate    | 0.0001   |
|    loss             | 0.249    |
|    n_updates        | 102      |
----------------------------------
----------------------------------
| rollout/            |          |
|    ep_len_mean      | 60       |
|    ep_rew_mean      | 4.68     |
|    exploration_rate | 0.726    |
| time/               |          |
|    episodes         | 48       |
|    fps              | 137      |
|    time_elapsed     | 21       |
|    total_timesteps  | 2880     |
| train/              |          |
|    learning_rate    | 0.0001   |
|    loss             | 0.212    |
|    n_updates        | 117      |
----------------------------------
----------------------------------
| rollout/            |          |
|    ep_len_mean      | 60       |
|    ep_rew_mean      | 4.86     |
|    exploration_rate | 0.704    |
| time/               |          |
|    episodes         | 52       |
|    fps              | 139      |
|    time_elapsed     | 22       |
|    total_timesteps  | 3120     |
| train/              |          |
|    learning_rate    | 0.0001   |
|    loss             | 0.327    |
|    n_updates        | 132      |
----------------------------------
----------------------------------
| rollout/            |          |
|    ep_len_mean      | 60       |
|    ep_rew_mean      | 5.34     |
|    exploration_rate | 0.681    |
| time/               |          |
|    episodes         | 56       |
|    fps              | 140      |
|    time_elapsed     | 23       |
|    total_timesteps  | 3360     |
| train/              |          |
|    learning_rate    | 0.0001   |
|    loss             | 0.258    |
|    n_updates        | 147      |
----------------------------------
----------------------------------
| rollout/            |          |
|    ep_len_mean      | 60       |
|    ep_rew_mean      | 5.3      |
|    exploration_rate | 0.658    |
| time/               |          |
|    episodes         | 60       |
|    fps              | 140      |
|    time_elapsed     | 25       |
|    total_timesteps  | 3600     |
| train/              |          |
|    learning_rate    | 0.0001   |
|    loss             | 0.248    |
|    n_updates        | 162      |
----------------------------------
----------------------------------
| rollout/            |          |
|    ep_len_mean      | 60       |
|    ep_rew_mean      | 5.59     |
|    exploration_rate | 0.635    |
| time/               |          |
|    episodes         | 64       |
|    fps              | 138      |
|    time_elapsed     | 27       |
|    total_timesteps  | 3840     |
| train/              |          |
|    learning_rate    | 0.0001   |
|    loss             | 0.231    |
|    n_updates        | 177      |
----------------------------------
----------------------------------
| rollout/            |          |
|    ep_len_mean      | 60       |
|    ep_rew_mean      | 5.8      |
|    exploration_rate | 0.612    |
| time/               |          |
|    episodes         | 68       |
|    fps              | 135      |
|    time_elapsed     | 30       |
|    total_timesteps  | 4080     |
| train/              |          |
|    learning_rate    | 0.0001   |
|    loss             | 0.335    |
|    n_updates        | 192      |
----------------------------------
----------------------------------
| rollout/            |          |
|    ep_len_mean      | 60       |
|    ep_rew_mean      | 6.82     |
|    exploration_rate | 0.59     |
| time/               |          |
|    episodes         | 72       |
|    fps              | 132      |
|    time_elapsed     | 32       |
|    total_timesteps  | 4320     |
| train/              |          |
|    learning_rate    | 0.0001   |
|    loss             | 0.271    |
|    n_updates        | 207      |
----------------------------------
----------------------------------
| rollout/            |          |
|    ep_len_mean      | 60       |
|    ep_rew_mean      | 7.25     |
|    exploration_rate | 0.567    |
| time/               |          |
|    episodes         | 76       |
|    fps              | 133      |
|    time_elapsed     | 34       |
|    total_timesteps  | 4560     |
| train/              |          |
|    learning_rate    | 0.0001   |
|    loss             | 0.188    |
|    n_updates        | 222      |
----------------------------------
----------------------------------
| rollout/            |          |
|    ep_len_mean      | 60       |
|    ep_rew_mean      | 7.64     |
|    exploration_rate | 0.544    |
| time/               |          |
|    episodes         | 80       |
|    fps              | 134      |
|    time_elapsed     | 35       |
|    total_timesteps  | 4800     |
| train/              |          |
|    learning_rate    | 0.0001   |
|    loss             | 0.229    |
|    n_updates        | 237      |
----------------------------------
----------------------------------
| rollout/            |          |
|    ep_len_mean      | 60       |
|    ep_rew_mean      | 7.77     |
|    exploration_rate | 0.521    |
| time/               |          |
|    episodes         | 84       |
|    fps              | 135      |
|    time_elapsed     | 37       |
|    total_timesteps  | 5040     |
| train/              |          |
|    learning_rate    | 0.0001   |
|    loss             | 0.385    |
|    n_updates        | 252      |
----------------------------------
----------------------------------
| rollout/            |          |
|    ep_len_mean      | 60       |
|    ep_rew_mean      | 8.26     |
|    exploration_rate | 0.498    |
| time/               |          |
|    episodes         | 88       |
|    fps              | 136      |
|    time_elapsed     | 38       |
|    total_timesteps  | 5280     |
| train/              |          |
|    learning_rate    | 0.0001   |
|    loss             | 0.37     |
|    n_updates        | 267      |
----------------------------------
----------------------------------
| rollout/            |          |
|    ep_len_mean      | 60       |
|    ep_rew_mean      | 8.42     |
|    exploration_rate | 0.476    |
| time/               |          |
|    episodes         | 92       |
|    fps              | 137      |
|    time_elapsed     | 40       |
|    total_timesteps  | 5520     |
| train/              |          |
|    learning_rate    | 0.0001   |
|    loss             | 0.181    |
|    n_updates        | 282      |
----------------------------------
----------------------------------
| rollout/            |          |
|    ep_len_mean      | 60       |
|    ep_rew_mean      | 9.06     |
|    exploration_rate | 0.453    |
| time/               |          |
|    episodes         | 96       |
|    fps              | 136      |
|    time_elapsed     | 42       |
|    total_timesteps  | 5760     |
| train/              |          |
|    learning_rate    | 0.0001   |
|    loss             | 0.205    |
|    n_updates        | 297      |
----------------------------------
----------------------------------
| rollout/            |          |
|    ep_len_mean      | 60       |
|    ep_rew_mean      | 9.04     |
|    exploration_rate | 0.43     |
| time/               |          |
|    episodes         | 100      |
|    fps              | 136      |
|    time_elapsed     | 43       |
|    total_timesteps  | 6000     |
| train/              |          |
|    learning_rate    | 0.0001   |
|    loss             | 0.167    |
|    n_updates        | 312      |
----------------------------------
----------------------------------
| rollout/            |          |
|    ep_len_mean      | 60       |
|    ep_rew_mean      | 10       |
|    exploration_rate | 0.407    |
| time/               |          |
|    episodes         | 104      |
|    fps              | 136      |
|    time_elapsed     | 45       |
|    total_timesteps  | 6240     |
| train/              |          |
|    learning_rate    | 0.0001   |
|    loss             | 0.202    |
|    n_updates        | 327      |
----------------------------------
----------------------------------
| rollout/            |          |
|    ep_len_mean      | 60       |
|    ep_rew_mean      | 10.8     |
|    exploration_rate | 0.384    |
| time/               |          |
|    episodes         | 108      |
|    fps              | 134      |
|    time_elapsed     | 48       |
|    total_timesteps  | 6480     |
| train/              |          |
|    learning_rate    | 0.0001   |
|    loss             | 0.246    |
|    n_updates        | 342      |
----------------------------------
----------------------------------
| rollout/            |          |
|    ep_len_mean      | 60       |
|    ep_rew_mean      | 11.2     |
|    exploration_rate | 0.362    |
| time/               |          |
|    episodes         | 112      |
|    fps              | 133      |
|    time_elapsed     | 50       |
|    total_timesteps  | 6720     |
| train/              |          |
|    learning_rate    | 0.0001   |
|    loss             | 0.261    |
|    n_updates        | 357      |
----------------------------------
----------------------------------
| rollout/            |          |
|    ep_len_mean      | 60       |
|    ep_rew_mean      | 12.3     |
|    exploration_rate | 0.339    |
| time/               |          |
|    episodes         | 116      |
|    fps              | 131      |
|    time_elapsed     | 52       |
|    total_timesteps  | 6960     |
| train/              |          |
|    learning_rate    | 0.0001   |
|    loss             | 0.193    |
|    n_updates        | 372      |
----------------------------------
----------------------------------
| rollout/            |          |
|    ep_len_mean      | 60       |
|    ep_rew_mean      | 13       |
|    exploration_rate | 0.316    |
| time/               |          |
|    episodes         | 120      |
|    fps              | 132      |
|    time_elapsed     | 54       |
|    total_timesteps  | 7200     |
| train/              |          |
|    learning_rate    | 0.0001   |
|    loss             | 0.506    |
|    n_updates        | 387      |
----------------------------------
----------------------------------
| rollout/            |          |
|    ep_len_mean      | 60       |
|    ep_rew_mean      | 13.8     |
|    exploration_rate | 0.293    |
| time/               |          |
|    episodes         | 124      |
|    fps              | 133      |
|    time_elapsed     | 55       |
|    total_timesteps  | 7440     |
| train/              |          |
|    learning_rate    | 0.0001   |
|    loss             | 0.267    |
|    n_updates        | 402      |
----------------------------------
----------------------------------
| rollout/            |          |
|    ep_len_mean      | 60       |
|    ep_rew_mean      | 14.8     |
|    exploration_rate | 0.27     |
| time/               |          |
|    episodes         | 128      |
|    fps              | 133      |
|    time_elapsed     | 57       |
|    total_timesteps  | 7680     |
| train/              |          |
|    learning_rate    | 0.0001   |
|    loss             | 0.29     |
|    n_updates        | 417      |
----------------------------------
----------------------------------
| rollout/            |          |
|    ep_len_mean      | 60       |
|    ep_rew_mean      | 15.9     |
|    exploration_rate | 0.248    |
| time/               |          |
|    episodes         | 132      |
|    fps              | 132      |
|    time_elapsed     | 59       |
|    total_timesteps  | 7920     |
| train/              |          |
|    learning_rate    | 0.0001   |
|    loss             | 0.221    |
|    n_updates        | 432      |
----------------------------------
----------------------------------
| rollout/            |          |
|    ep_len_mean      | 60       |
|    ep_rew_mean      | 16.4     |
|    exploration_rate | 0.225    |
| time/               |          |
|    episodes         | 136      |
|    fps              | 132      |
|    time_elapsed     | 61       |
|    total_timesteps  | 8160     |
| train/              |          |
|    learning_rate    | 0.0001   |
|    loss             | 0.335    |
|    n_updates        | 447      |
----------------------------------
----------------------------------
| rollout/            |          |
|    ep_len_mean      | 60       |
|    ep_rew_mean      | 17.5     |
|    exploration_rate | 0.202    |
| time/               |          |
|    episodes         | 140      |
|    fps              | 131      |
|    time_elapsed     | 63       |
|    total_timesteps  | 8400     |
| train/              |          |
|    learning_rate    | 0.0001   |
|    loss             | 0.25     |
|    n_updates        | 462      |
----------------------------------
----------------------------------
| rollout/            |          |
|    ep_len_mean      | 60       |
|    ep_rew_mean      | 18.2     |
|    exploration_rate | 0.179    |
| time/               |          |
|    episodes         | 144      |
|    fps              | 132      |
|    time_elapsed     | 65       |
|    total_timesteps  | 8640     |
| train/              |          |
|    learning_rate    | 0.0001   |
|    loss             | 0.461    |
|    n_updates        | 477      |
----------------------------------
----------------------------------
| rollout/            |          |
|    ep_len_mean      | 60       |
|    ep_rew_mean      | 19.1     |
|    exploration_rate | 0.156    |
| time/               |          |
|    episodes         | 148      |
|    fps              | 131      |
|    time_elapsed     | 67       |
|    total_timesteps  | 8880     |
| train/              |          |
|    learning_rate    | 0.0001   |
|    loss             | 0.088    |
|    n_updates        | 492      |
----------------------------------
----------------------------------
| rollout/            |          |
|    ep_len_mean      | 60       |
|    ep_rew_mean      | 20.2     |
|    exploration_rate | 0.134    |
| time/               |          |
|    episodes         | 152      |
|    fps              | 130      |
|    time_elapsed     | 69       |
|    total_timesteps  | 9120     |
| train/              |          |
|    learning_rate    | 0.0001   |
|    loss             | 0.414    |
|    n_updates        | 507      |
----------------------------------
----------------------------------
| rollout/            |          |
|    ep_len_mean      | 60       |
|    ep_rew_mean      | 21.4     |
|    exploration_rate | 0.111    |
| time/               |          |
|    episodes         | 156      |
|    fps              | 129      |
|    time_elapsed     | 72       |
|    total_timesteps  | 9360     |
| train/              |          |
|    learning_rate    | 0.0001   |
|    loss             | 0.176    |
|    n_updates        | 522      |
----------------------------------
----------------------------------
| rollout/            |          |
|    ep_len_mean      | 60       |
|    ep_rew_mean      | 22.8     |
|    exploration_rate | 0.088    |
| time/               |          |
|    episodes         | 160      |
|    fps              | 128      |
|    time_elapsed     | 74       |
|    total_timesteps  | 9600     |
| train/              |          |
|    learning_rate    | 0.0001   |
|    loss             | 0.268    |
|    n_updates        | 537      |
----------------------------------
----------------------------------
| rollout/            |          |
|    ep_len_mean      | 60       |
|    ep_rew_mean      | 23.9     |
|    exploration_rate | 0.0652   |
| time/               |          |
|    episodes         | 164      |
|    fps              | 126      |
|    time_elapsed     | 77       |
|    total_timesteps  | 9840     |
| train/              |          |
|    learning_rate    | 0.0001   |
|    loss             | 0.228    |
|    n_updates        | 552      |
----------------------------------
----------------------------------
| rollout/            |          |
|    ep_len_mean      | 60       |
|    ep_rew_mean      | 25.2     |
|    exploration_rate | 0.05     |
| time/               |          |
|    episodes         | 168      |
|    fps              | 125      |
|    time_elapsed     | 80       |
|    total_timesteps  | 10080    |
| train/              |          |
|    learning_rate    | 0.0001   |
|    loss             | 0.375    |
|    n_updates        | 567      |
----------------------------------
----------------------------------
| rollout/            |          |
|    ep_len_mean      | 60       |
|    ep_rew_mean      | 26       |
|    exploration_rate | 0.05     |
| time/               |          |
|    episodes         | 172      |
|    fps              | 120      |
|    time_elapsed     | 85       |
|    total_timesteps  | 10320    |
| train/              |          |
|    learning_rate    | 0.0001   |
|    loss             | 0.25     |
|    n_updates        | 582      |
----------------------------------
----------------------------------
| rollout/            |          |
|    ep_len_mean      | 60       |
|    ep_rew_mean      | 26.9     |
|    exploration_rate | 0.05     |
| time/               |          |
|    episodes         | 176      |
|    fps              | 118      |
|    time_elapsed     | 88       |
|    total_timesteps  | 10560    |
| train/              |          |
|    learning_rate    | 0.0001   |
|    loss             | 0.252    |
|    n_updates        | 597      |
----------------------------------
----------------------------------
| rollout/            |          |
|    ep_len_mean      | 60       |
|    ep_rew_mean      | 28.1     |
|    exploration_rate | 0.05     |
| time/               |          |
|    episodes         | 180      |
|    fps              | 118      |
|    time_elapsed     | 90       |
|    total_timesteps  | 10800    |
| train/              |          |
|    learning_rate    | 0.0001   |
|    loss             | 0.316    |
|    n_updates        | 612      |
----------------------------------
----------------------------------
| rollout/            |          |
|    ep_len_mean      | 60       |
|    ep_rew_mean      | 29.4     |
|    exploration_rate | 0.05     |
| time/               |          |
|    episodes         | 184      |
|    fps              | 118      |
|    time_elapsed     | 93       |
|    total_timesteps  | 11040    |
| train/              |          |
|    learning_rate    | 0.0001   |
|    loss             | 0.44     |
|    n_updates        | 627      |
----------------------------------
----------------------------------
| rollout/            |          |
|    ep_len_mean      | 60       |
|    ep_rew_mean      | 30.6     |
|    exploration_rate | 0.05     |
| time/               |          |
|    episodes         | 188      |
|    fps              | 118      |
|    time_elapsed     | 95       |
|    total_timesteps  | 11280    |
| train/              |          |
|    learning_rate    | 0.0001   |
|    loss             | 0.182    |
|    n_updates        | 642      |
----------------------------------
----------------------------------
| rollout/            |          |
|    ep_len_mean      | 60       |
|    ep_rew_mean      | 31.8     |
|    exploration_rate | 0.05     |
| time/               |          |
|    episodes         | 192      |
|    fps              | 118      |
|    time_elapsed     | 97       |
|    total_timesteps  | 11520    |
| train/              |          |
|    learning_rate    | 0.0001   |
|    loss             | 0.332    |
|    n_updates        | 657      |
----------------------------------
----------------------------------
| rollout/            |          |
|    ep_len_mean      | 60       |
|    ep_rew_mean      | 32.7     |
|    exploration_rate | 0.05     |
| time/               |          |
|    episodes         | 196      |
|    fps              | 117      |
|    time_elapsed     | 100      |
|    total_timesteps  | 11760    |
| train/              |          |
|    learning_rate    | 0.0001   |
|    loss             | 0.224    |
|    n_updates        | 672      |
----------------------------------
----------------------------------
| rollout/            |          |
|    ep_len_mean      | 60       |
|    ep_rew_mean      | 34       |
|    exploration_rate | 0.05     |
| time/               |          |
|    episodes         | 200      |
|    fps              | 117      |
|    time_elapsed     | 102      |
|    total_timesteps  | 12000    |
| train/              |          |
|    learning_rate    | 0.0001   |
|    loss             | 0.165    |
|    n_updates        | 687      |
----------------------------------
----------------------------------
| rollout/            |          |
|    ep_len_mean      | 60       |
|    ep_rew_mean      | 34.8     |
|    exploration_rate | 0.05     |
| time/               |          |
|    episodes         | 204      |
|    fps              | 117      |
|    time_elapsed     | 104      |
|    total_timesteps  | 12240    |
| train/              |          |
|    learning_rate    | 0.0001   |
|    loss             | 0.248    |
|    n_updates        | 702      |
----------------------------------
----------------------------------
| rollout/            |          |
|    ep_len_mean      | 60       |
|    ep_rew_mean      | 35.8     |
|    exploration_rate | 0.05     |
| time/               |          |
|    episodes         | 208      |
|    fps              | 117      |
|    time_elapsed     | 106      |
|    total_timesteps  | 12480    |
| train/              |          |
|    learning_rate    | 0.0001   |
|    loss             | 0.107    |
|    n_updates        | 717      |
----------------------------------
----------------------------------
| rollout/            |          |
|    ep_len_mean      | 60       |
|    ep_rew_mean      | 37.1     |
|    exploration_rate | 0.05     |
| time/               |          |
|    episodes         | 212      |
|    fps              | 117      |
|    time_elapsed     | 108      |
|    total_timesteps  | 12720    |
| train/              |          |
|    learning_rate    | 0.0001   |
|    loss             | 0.275    |
|    n_updates        | 732      |
----------------------------------
----------------------------------
| rollout/            |          |
|    ep_len_mean      | 60       |
|    ep_rew_mean      | 37.9     |
|    exploration_rate | 0.05     |
| time/               |          |
|    episodes         | 216      |
|    fps              | 116      |
|    time_elapsed     | 110      |
|    total_timesteps  | 12960    |
| train/              |          |
|    learning_rate    | 0.0001   |
|    loss             | 0.501    |
|    n_updates        | 747      |
----------------------------------
----------------------------------
| rollout/            |          |
|    ep_len_mean      | 60       |
|    ep_rew_mean      | 38.9     |
|    exploration_rate | 0.05     |
| time/               |          |
|    episodes         | 220      |
|    fps              | 116      |
|    time_elapsed     | 113      |
|    total_timesteps  | 13200    |
| train/              |          |
|    learning_rate    | 0.0001   |
|    loss             | 0.459    |
|    n_updates        | 762      |
----------------------------------
----------------------------------
| rollout/            |          |
|    ep_len_mean      | 60       |
|    ep_rew_mean      | 39.7     |
|    exploration_rate | 0.05     |
| time/               |          |
|    episodes         | 224      |
|    fps              | 115      |
|    time_elapsed     | 116      |
|    total_timesteps  | 13440    |
| train/              |          |
|    learning_rate    | 0.0001   |
|    loss             | 0.471    |
|    n_updates        | 777      |
----------------------------------
----------------------------------
| rollout/            |          |
|    ep_len_mean      | 60       |
|    ep_rew_mean      | 40.1     |
|    exploration_rate | 0.05     |
| time/               |          |
|    episodes         | 228      |
|    fps              | 115      |
|    time_elapsed     | 118      |
|    total_timesteps  | 13680    |
| train/              |          |
|    learning_rate    | 0.0001   |
|    loss             | 0.209    |
|    n_updates        | 792      |
----------------------------------
----------------------------------
| rollout/            |          |
|    ep_len_mean      | 60       |
|    ep_rew_mean      | 40.3     |
|    exploration_rate | 0.05     |
| time/               |          |
|    episodes         | 232      |
|    fps              | 115      |
|    time_elapsed     | 120      |
|    total_timesteps  | 13920    |
| train/              |          |
|    learning_rate    | 0.0001   |
|    loss             | 0.298    |
|    n_updates        | 807      |
----------------------------------
----------------------------------
| rollout/            |          |
|    ep_len_mean      | 60       |
|    ep_rew_mean      | 41.1     |
|    exploration_rate | 0.05     |
| time/               |          |
|    episodes         | 236      |
|    fps              | 115      |
|    time_elapsed     | 122      |
|    total_timesteps  | 14160    |
| train/              |          |
|    learning_rate    | 0.0001   |
|    loss             | 0.353    |
|    n_updates        | 822      |
----------------------------------
----------------------------------
| rollout/            |          |
|    ep_len_mean      | 60       |
|    ep_rew_mean      | 41.5     |
|    exploration_rate | 0.05     |
| time/               |          |
|    episodes         | 240      |
|    fps              | 115      |
|    time_elapsed     | 124      |
|    total_timesteps  | 14400    |
| train/              |          |
|    learning_rate    | 0.0001   |
|    loss             | 0.421    |
|    n_updates        | 837      |
----------------------------------
----------------------------------
| rollout/            |          |
|    ep_len_mean      | 60       |
|    ep_rew_mean      | 42.1     |
|    exploration_rate | 0.05     |
| time/               |          |
|    episodes         | 244      |
|    fps              | 115      |
|    time_elapsed     | 127      |
|    total_timesteps  | 14640    |
| train/              |          |
|    learning_rate    | 0.0001   |
|    loss             | 0.403    |
|    n_updates        | 852      |
----------------------------------
----------------------------------
| rollout/            |          |
|    ep_len_mean      | 60       |
|    ep_rew_mean      | 42.4     |
|    exploration_rate | 0.05     |
| time/               |          |
|    episodes         | 248      |
|    fps              | 114      |
|    time_elapsed     | 129      |
|    total_timesteps  | 14880    |
| train/              |          |
|    learning_rate    | 0.0001   |
|    loss             | 0.552    |
|    n_updates        | 867      |
----------------------------------
----------------------------------
| rollout/            |          |
|    ep_len_mean      | 60       |
|    ep_rew_mean      | 42.7     |
|    exploration_rate | 0.05     |
| time/               |          |
|    episodes         | 252      |
|    fps              | 114      |
|    time_elapsed     | 131      |
|    total_timesteps  | 15120    |
| train/              |          |
|    learning_rate    | 0.0001   |
|    loss             | 0.545    |
|    n_updates        | 882      |
----------------------------------
----------------------------------
| rollout/            |          |
|    ep_len_mean      | 60       |
|    ep_rew_mean      | 43       |
|    exploration_rate | 0.05     |
| time/               |          |
|    episodes         | 256      |
|    fps              | 113      |
|    time_elapsed     | 135      |
|    total_timesteps  | 15360    |
| train/              |          |
|    learning_rate    | 0.0001   |
|    loss             | 0.634    |
|    n_updates        | 897      |
----------------------------------
----------------------------------
| rollout/            |          |
|    ep_len_mean      | 60       |
|    ep_rew_mean      | 43.1     |
|    exploration_rate | 0.05     |
| time/               |          |
|    episodes         | 260      |
|    fps              | 113      |
|    time_elapsed     | 137      |
|    total_timesteps  | 15600    |
| train/              |          |
|    learning_rate    | 0.0001   |
|    loss             | 0.245    |
|    n_updates        | 912      |
----------------------------------
----------------------------------
| rollout/            |          |
|    ep_len_mean      | 60       |
|    ep_rew_mean      | 43.3     |
|    exploration_rate | 0.05     |
| time/               |          |
|    episodes         | 264      |
|    fps              | 113      |
|    time_elapsed     | 139      |
|    total_timesteps  | 15840    |
| train/              |          |
|    learning_rate    | 0.0001   |
|    loss             | 0.359    |
|    n_updates        | 927      |
----------------------------------
----------------------------------
| rollout/            |          |
|    ep_len_mean      | 60       |
|    ep_rew_mean      | 43.5     |
|    exploration_rate | 0.05     |
| time/               |          |
|    episodes         | 268      |
|    fps              | 113      |
|    time_elapsed     | 142      |
|    total_timesteps  | 16080    |
| train/              |          |
|    learning_rate    | 0.0001   |
|    loss             | 0.22     |
|    n_updates        | 942      |
----------------------------------
----------------------------------
| rollout/            |          |
|    ep_len_mean      | 60       |
|    ep_rew_mean      | 43.5     |
|    exploration_rate | 0.05     |
| time/               |          |
|    episodes         | 272      |
|    fps              | 113      |
|    time_elapsed     | 144      |
|    total_timesteps  | 16320    |
| train/              |          |
|    learning_rate    | 0.0001   |
|    loss             | 0.449    |
|    n_updates        | 957      |
----------------------------------
----------------------------------
| rollout/            |          |
|    ep_len_mean      | 60       |
|    ep_rew_mean      | 43.7     |
|    exploration_rate | 0.05     |
| time/               |          |
|    episodes         | 276      |
|    fps              | 112      |
|    time_elapsed     | 146      |
|    total_timesteps  | 16560    |
| train/              |          |
|    learning_rate    | 0.0001   |
|    loss             | 0.401    |
|    n_updates        | 972      |
----------------------------------
----------------------------------
| rollout/            |          |
|    ep_len_mean      | 60       |
|    ep_rew_mean      | 43.8     |
|    exploration_rate | 0.05     |
| time/               |          |
|    episodes         | 280      |
|    fps              | 112      |
|    time_elapsed     | 149      |
|    total_timesteps  | 16800    |
| train/              |          |
|    learning_rate    | 0.0001   |
|    loss             | 0.105    |
|    n_updates        | 987      |
----------------------------------
----------------------------------
| rollout/            |          |
|    ep_len_mean      | 60       |
|    ep_rew_mean      | 43.8     |
|    exploration_rate | 0.05     |
| time/               |          |
|    episodes         | 284      |
|    fps              | 111      |
|    time_elapsed     | 152      |
|    total_timesteps  | 17040    |
| train/              |          |
|    learning_rate    | 0.0001   |
|    loss             | 0.458    |
|    n_updates        | 1002     |
----------------------------------
----------------------------------
| rollout/            |          |
|    ep_len_mean      | 60       |
|    ep_rew_mean      | 43.6     |
|    exploration_rate | 0.05     |
| time/               |          |
|    episodes         | 288      |
|    fps              | 111      |
|    time_elapsed     | 154      |
|    total_timesteps  | 17280    |
| train/              |          |
|    learning_rate    | 0.0001   |
|    loss             | 0.357    |
|    n_updates        | 1017     |
----------------------------------
----------------------------------
| rollout/            |          |
|    ep_len_mean      | 60       |
|    ep_rew_mean      | 43.6     |
|    exploration_rate | 0.05     |
| time/               |          |
|    episodes         | 292      |
|    fps              | 111      |
|    time_elapsed     | 156      |
|    total_timesteps  | 17520    |
| train/              |          |
|    learning_rate    | 0.0001   |
|    loss             | 0.293    |
|    n_updates        | 1032     |
----------------------------------
----------------------------------
| rollout/            |          |
|    ep_len_mean      | 60       |
|    ep_rew_mean      | 43.5     |
|    exploration_rate | 0.05     |
| time/               |          |
|    episodes         | 296      |
|    fps              | 111      |
|    time_elapsed     | 159      |
|    total_timesteps  | 17760    |
| train/              |          |
|    learning_rate    | 0.0001   |
|    loss             | 0.396    |
|    n_updates        | 1047     |
----------------------------------
----------------------------------
| rollout/            |          |
|    ep_len_mean      | 60       |
|    ep_rew_mean      | 43.4     |
|    exploration_rate | 0.05     |
| time/               |          |
|    episodes         | 300      |
|    fps              | 111      |
|    time_elapsed     | 161      |
|    total_timesteps  | 18000    |
| train/              |          |
|    learning_rate    | 0.0001   |
|    loss             | 0.104    |
|    n_updates        | 1062     |
----------------------------------
----------------------------------
| rollout/            |          |
|    ep_len_mean      | 60       |
|    ep_rew_mean      | 43.4     |
|    exploration_rate | 0.05     |
| time/               |          |
|    episodes         | 304      |
|    fps              | 111      |
|    time_elapsed     | 163      |
|    total_timesteps  | 18240    |
| train/              |          |
|    learning_rate    | 0.0001   |
|    loss             | 0.241    |
|    n_updates        | 1077     |
----------------------------------
----------------------------------
| rollout/            |          |
|    ep_len_mean      | 60       |
|    ep_rew_mean      | 43.5     |
|    exploration_rate | 0.05     |
| time/               |          |
|    episodes         | 308      |
|    fps              | 111      |
|    time_elapsed     | 166      |
|    total_timesteps  | 18480    |
| train/              |          |
|    learning_rate    | 0.0001   |
|    loss             | 0.366    |
|    n_updates        | 1092     |
----------------------------------
----------------------------------
| rollout/            |          |
|    ep_len_mean      | 60       |
|    ep_rew_mean      | 43.4     |
|    exploration_rate | 0.05     |
| time/               |          |
|    episodes         | 312      |
|    fps              | 111      |
|    time_elapsed     | 167      |
|    total_timesteps  | 18720    |
| train/              |          |
|    learning_rate    | 0.0001   |
|    loss             | 1.05     |
|    n_updates        | 1107     |
----------------------------------
----------------------------------
| rollout/            |          |
|    ep_len_mean      | 60       |
|    ep_rew_mean      | 43.6     |
|    exploration_rate | 0.05     |
| time/               |          |
|    episodes         | 316      |
|    fps              | 111      |
|    time_elapsed     | 169      |
|    total_timesteps  | 18960    |
| train/              |          |
|    learning_rate    | 0.0001   |
|    loss             | 0.209    |
|    n_updates        | 1122     |
----------------------------------
----------------------------------
| rollout/            |          |
|    ep_len_mean      | 60       |
|    ep_rew_mean      | 43.6     |
|    exploration_rate | 0.05     |
| time/               |          |
|    episodes         | 320      |
|    fps              | 111      |
|    time_elapsed     | 171      |
|    total_timesteps  | 19200    |
| train/              |          |
|    learning_rate    | 0.0001   |
|    loss             | 0.154    |
|    n_updates        | 1137     |
----------------------------------
----------------------------------
| rollout/            |          |
|    ep_len_mean      | 60       |
|    ep_rew_mean      | 43.8     |
|    exploration_rate | 0.05     |
| time/               |          |
|    episodes         | 324      |
|    fps              | 111      |
|    time_elapsed     | 173      |
|    total_timesteps  | 19440    |
| train/              |          |
|    learning_rate    | 0.0001   |
|    loss             | 0.684    |
|    n_updates        | 1152     |
----------------------------------
----------------------------------
| rollout/            |          |
|    ep_len_mean      | 60       |
|    ep_rew_mean      | 43.7     |
|    exploration_rate | 0.05     |
| time/               |          |
|    episodes         | 328      |
|    fps              | 111      |
|    time_elapsed     | 176      |
|    total_timesteps  | 19680    |
| train/              |          |
|    learning_rate    | 0.0001   |
|    loss             | 0.616    |
|    n_updates        | 1167     |
----------------------------------
----------------------------------
| rollout/            |          |
|    ep_len_mean      | 60       |
|    ep_rew_mean      | 43.8     |
|    exploration_rate | 0.05     |
| time/               |          |
|    episodes         | 332      |
|    fps              | 111      |
|    time_elapsed     | 178      |
|    total_timesteps  | 19920    |
| train/              |          |
|    learning_rate    | 0.0001   |
|    loss             | 0.402    |
|    n_updates        | 1182     |
----------------------------------
----------------------------------
| rollout/            |          |
|    ep_len_mean      | 60       |
|    ep_rew_mean      | 43.8     |
|    exploration_rate | 0.05     |
| time/               |          |
|    episodes         | 336      |
|    fps              | 111      |
|    time_elapsed     | 180      |
|    total_timesteps  | 20160    |
| train/              |          |
|    learning_rate    | 0.0001   |
|    loss             | 0.543    |
|    n_updates        | 1197     |
----------------------------------
----------------------------------
| rollout/            |          |
|    ep_len_mean      | 60       |
|    ep_rew_mean      | 43.8     |
|    exploration_rate | 0.05     |
| time/               |          |
|    episodes         | 340      |
|    fps              | 112      |
|    time_elapsed     | 182      |
|    total_timesteps  | 20400    |
| train/              |          |
|    learning_rate    | 0.0001   |
|    loss             | 0.588    |
|    n_updates        | 1212     |
----------------------------------
----------------------------------
| rollout/            |          |
|    ep_len_mean      | 60       |
|    ep_rew_mean      | 43.9     |
|    exploration_rate | 0.05     |
| time/               |          |
|    episodes         | 344      |
|    fps              | 112      |
|    time_elapsed     | 183      |
|    total_timesteps  | 20640    |
| train/              |          |
|    learning_rate    | 0.0001   |
|    loss             | 0.473    |
|    n_updates        | 1227     |
----------------------------------
----------------------------------
| rollout/            |          |
|    ep_len_mean      | 60       |
|    ep_rew_mean      | 44       |
|    exploration_rate | 0.05     |
| time/               |          |
|    episodes         | 348      |
|    fps              | 112      |
|    time_elapsed     | 185      |
|    total_timesteps  | 20880    |
| train/              |          |
|    learning_rate    | 0.0001   |
|    loss             | 0.407    |
|    n_updates        | 1242     |
----------------------------------
----------------------------------
| rollout/            |          |
|    ep_len_mean      | 60       |
|    ep_rew_mean      | 44       |
|    exploration_rate | 0.05     |
| time/               |          |
|    episodes         | 352      |
|    fps              | 112      |
|    time_elapsed     | 187      |
|    total_timesteps  | 21120    |
| train/              |          |
|    learning_rate    | 0.0001   |
|    loss             | 0.687    |
|    n_updates        | 1257     |
----------------------------------
----------------------------------
| rollout/            |          |
|    ep_len_mean      | 60       |
|    ep_rew_mean      | 43.9     |
|    exploration_rate | 0.05     |
| time/               |          |
|    episodes         | 356      |
|    fps              | 113      |
|    time_elapsed     | 188      |
|    total_timesteps  | 21360    |
| train/              |          |
|    learning_rate    | 0.0001   |
|    loss             | 0.478    |
|    n_updates        | 1272     |
----------------------------------
----------------------------------
| rollout/            |          |
|    ep_len_mean      | 60       |
|    ep_rew_mean      | 43.9     |
|    exploration_rate | 0.05     |
| time/               |          |
|    episodes         | 360      |
|    fps              | 113      |
|    time_elapsed     | 190      |
|    total_timesteps  | 21600    |
| train/              |          |
|    learning_rate    | 0.0001   |
|    loss             | 0.547    |
|    n_updates        | 1287     |
----------------------------------
----------------------------------
| rollout/            |          |
|    ep_len_mean      | 60       |
|    ep_rew_mean      | 44.2     |
|    exploration_rate | 0.05     |
| time/               |          |
|    episodes         | 364      |
|    fps              | 113      |
|    time_elapsed     | 192      |
|    total_timesteps  | 21840    |
| train/              |          |
|    learning_rate    | 0.0001   |
|    loss             | 0.87     |
|    n_updates        | 1302     |
----------------------------------
----------------------------------
| rollout/            |          |
|    ep_len_mean      | 60       |
|    ep_rew_mean      | 44.2     |
|    exploration_rate | 0.05     |
| time/               |          |
|    episodes         | 368      |
|    fps              | 113      |
|    time_elapsed     | 194      |
|    total_timesteps  | 22080    |
| train/              |          |
|    learning_rate    | 0.0001   |
|    loss             | 0.521    |
|    n_updates        | 1317     |
----------------------------------
----------------------------------
| rollout/            |          |
|    ep_len_mean      | 60       |
|    ep_rew_mean      | 44.1     |
|    exploration_rate | 0.05     |
| time/               |          |
|    episodes         | 372      |
|    fps              | 114      |
|    time_elapsed     | 195      |
|    total_timesteps  | 22320    |
| train/              |          |
|    learning_rate    | 0.0001   |
|    loss             | 0.782    |
|    n_updates        | 1332     |
----------------------------------
----------------------------------
| rollout/            |          |
|    ep_len_mean      | 60       |
|    ep_rew_mean      | 44.1     |
|    exploration_rate | 0.05     |
| time/               |          |
|    episodes         | 376      |
|    fps              | 114      |
|    time_elapsed     | 197      |
|    total_timesteps  | 22560    |
| train/              |          |
|    learning_rate    | 0.0001   |
|    loss             | 0.335    |
|    n_updates        | 1347     |
----------------------------------
----------------------------------
| rollout/            |          |
|    ep_len_mean      | 60       |
|    ep_rew_mean      | 44.1     |
|    exploration_rate | 0.05     |
| time/               |          |
|    episodes         | 380      |
|    fps              | 114      |
|    time_elapsed     | 199      |
|    total_timesteps  | 22800    |
| train/              |          |
|    learning_rate    | 0.0001   |
|    loss             | 0.528    |
|    n_updates        | 1362     |
----------------------------------
----------------------------------
| rollout/            |          |
|    ep_len_mean      | 60       |
|    ep_rew_mean      | 44.2     |
|    exploration_rate | 0.05     |
| time/               |          |
|    episodes         | 384      |
|    fps              | 114      |
|    time_elapsed     | 201      |
|    total_timesteps  | 23040    |
| train/              |          |
|    learning_rate    | 0.0001   |
|    loss             | 0.511    |
|    n_updates        | 1377     |
----------------------------------
----------------------------------
| rollout/            |          |
|    ep_len_mean      | 60       |
|    ep_rew_mean      | 44.4     |
|    exploration_rate | 0.05     |
| time/               |          |
|    episodes         | 388      |
|    fps              | 114      |
|    time_elapsed     | 203      |
|    total_timesteps  | 23280    |
| train/              |          |
|    learning_rate    | 0.0001   |
|    loss             | 0.748    |
|    n_updates        | 1392     |
----------------------------------
----------------------------------
| rollout/            |          |
|    ep_len_mean      | 60       |
|    ep_rew_mean      | 44.5     |
|    exploration_rate | 0.05     |
| time/               |          |
|    episodes         | 392      |
|    fps              | 114      |
|    time_elapsed     | 205      |
|    total_timesteps  | 23520    |
| train/              |          |
|    learning_rate    | 0.0001   |
|    loss             | 0.72     |
|    n_updates        | 1407     |
----------------------------------
----------------------------------
| rollout/            |          |
|    ep_len_mean      | 60       |
|    ep_rew_mean      | 44.5     |
|    exploration_rate | 0.05     |
| time/               |          |
|    episodes         | 396      |
|    fps              | 114      |
|    time_elapsed     | 207      |
|    total_timesteps  | 23760    |
| train/              |          |
|    learning_rate    | 0.0001   |
|    loss             | 0.744    |
|    n_updates        | 1422     |
----------------------------------
----------------------------------
| rollout/            |          |
|    ep_len_mean      | 60       |
|    ep_rew_mean      | 44.8     |
|    exploration_rate | 0.05     |
| time/               |          |
|    episodes         | 400      |
|    fps              | 114      |
|    time_elapsed     | 210      |
|    total_timesteps  | 24000    |
| train/              |          |
|    learning_rate    | 0.0001   |
|    loss             | 0.73     |
|    n_updates        | 1437     |
----------------------------------
----------------------------------
| rollout/            |          |
|    ep_len_mean      | 60       |
|    ep_rew_mean      | 44.7     |
|    exploration_rate | 0.05     |
| time/               |          |
|    episodes         | 404      |
|    fps              | 114      |
|    time_elapsed     | 212      |
|    total_timesteps  | 24240    |
| train/              |          |
|    learning_rate    | 0.0001   |
|    loss             | 0.432    |
|    n_updates        | 1452     |
----------------------------------
----------------------------------
| rollout/            |          |
|    ep_len_mean      | 60       |
|    ep_rew_mean      | 44.7     |
|    exploration_rate | 0.05     |
| time/               |          |
|    episodes         | 408      |
|    fps              | 114      |
|    time_elapsed     | 214      |
|    total_timesteps  | 24480    |
| train/              |          |
|    learning_rate    | 0.0001   |
|    loss             | 0.533    |
|    n_updates        | 1467     |
----------------------------------
----------------------------------
| rollout/            |          |
|    ep_len_mean      | 60       |
|    ep_rew_mean      | 44.8     |
|    exploration_rate | 0.05     |
| time/               |          |
|    episodes         | 412      |
|    fps              | 114      |
|    time_elapsed     | 216      |
|    total_timesteps  | 24720    |
| train/              |          |
|    learning_rate    | 0.0001   |
|    loss             | 0.526    |
|    n_updates        | 1482     |
----------------------------------
----------------------------------
| rollout/            |          |
|    ep_len_mean      | 60       |
|    ep_rew_mean      | 44.9     |
|    exploration_rate | 0.05     |
| time/               |          |
|    episodes         | 416      |
|    fps              | 114      |
|    time_elapsed     | 217      |
|    total_timesteps  | 24960    |
| train/              |          |
|    learning_rate    | 0.0001   |
|    loss             | 0.174    |
|    n_updates        | 1497     |
----------------------------------
----------------------------------
| rollout/            |          |
|    ep_len_mean      | 60       |
|    ep_rew_mean      | 45       |
|    exploration_rate | 0.05     |
| time/               |          |
|    episodes         | 420      |
|    fps              | 114      |
|    time_elapsed     | 219      |
|    total_timesteps  | 25200    |
| train/              |          |
|    learning_rate    | 0.0001   |
|    loss             | 0.425    |
|    n_updates        | 1512     |
----------------------------------
----------------------------------
| rollout/            |          |
|    ep_len_mean      | 60       |
|    ep_rew_mean      | 44.8     |
|    exploration_rate | 0.05     |
| time/               |          |
|    episodes         | 424      |
|    fps              | 114      |
|    time_elapsed     | 221      |
|    total_timesteps  | 25440    |
| train/              |          |
|    learning_rate    | 0.0001   |
|    loss             | 0.811    |
|    n_updates        | 1527     |
----------------------------------
----------------------------------
| rollout/            |          |
|    ep_len_mean      | 60       |
|    ep_rew_mean      | 44.9     |
|    exploration_rate | 0.05     |
| time/               |          |
|    episodes         | 428      |
|    fps              | 114      |
|    time_elapsed     | 223      |
|    total_timesteps  | 25680    |
| train/              |          |
|    learning_rate    | 0.0001   |
|    loss             | 0.727    |
|    n_updates        | 1542     |
----------------------------------
----------------------------------
| rollout/            |          |
|    ep_len_mean      | 60       |
|    ep_rew_mean      | 44.8     |
|    exploration_rate | 0.05     |
| time/               |          |
|    episodes         | 432      |
|    fps              | 115      |
|    time_elapsed     | 225      |
|    total_timesteps  | 25920    |
| train/              |          |
|    learning_rate    | 0.0001   |
|    loss             | 0.838    |
|    n_updates        | 1557     |
----------------------------------
----------------------------------
| rollout/            |          |
|    ep_len_mean      | 60       |
|    ep_rew_mean      | 44.8     |
|    exploration_rate | 0.05     |
| time/               |          |
|    episodes         | 436      |
|    fps              | 115      |
|    time_elapsed     | 227      |
|    total_timesteps  | 26160    |
| train/              |          |
|    learning_rate    | 0.0001   |
|    loss             | 0.428    |
|    n_updates        | 1572     |
----------------------------------
----------------------------------
| rollout/            |          |
|    ep_len_mean      | 60       |
|    ep_rew_mean      | 45       |
|    exploration_rate | 0.05     |
| time/               |          |
|    episodes         | 440      |
|    fps              | 115      |
|    time_elapsed     | 229      |
|    total_timesteps  | 26400    |
| train/              |          |
|    learning_rate    | 0.0001   |
|    loss             | 0.742    |
|    n_updates        | 1587     |
----------------------------------
----------------------------------
| rollout/            |          |
|    ep_len_mean      | 60       |
|    ep_rew_mean      | 45.2     |
|    exploration_rate | 0.05     |
| time/               |          |
|    episodes         | 444      |
|    fps              | 115      |
|    time_elapsed     | 231      |
|    total_timesteps  | 26640    |
| train/              |          |
|    learning_rate    | 0.0001   |
|    loss             | 0.24     |
|    n_updates        | 1602     |
----------------------------------
----------------------------------
| rollout/            |          |
|    ep_len_mean      | 60       |
|    ep_rew_mean      | 45.1     |
|    exploration_rate | 0.05     |
| time/               |          |
|    episodes         | 448      |
|    fps              | 115      |
|    time_elapsed     | 233      |
|    total_timesteps  | 26880    |
| train/              |          |
|    learning_rate    | 0.0001   |
|    loss             | 0.368    |
|    n_updates        | 1617     |
----------------------------------
----------------------------------
| rollout/            |          |
|    ep_len_mean      | 60       |
|    ep_rew_mean      | 44.9     |
|    exploration_rate | 0.05     |
| time/               |          |
|    episodes         | 452      |
|    fps              | 115      |
|    time_elapsed     | 235      |
|    total_timesteps  | 27120    |
| train/              |          |
|    learning_rate    | 0.0001   |
|    loss             | 0.611    |
|    n_updates        | 1632     |
----------------------------------
----------------------------------
| rollout/            |          |
|    ep_len_mean      | 60       |
|    ep_rew_mean      | 44.8     |
|    exploration_rate | 0.05     |
| time/               |          |
|    episodes         | 456      |
|    fps              | 115      |
|    time_elapsed     | 237      |
|    total_timesteps  | 27360    |
| train/              |          |
|    learning_rate    | 0.0001   |
|    loss             | 0.862    |
|    n_updates        | 1647     |
----------------------------------
----------------------------------
| rollout/            |          |
|    ep_len_mean      | 60       |
|    ep_rew_mean      | 44.7     |
|    exploration_rate | 0.05     |
| time/               |          |
|    episodes         | 460      |
|    fps              | 115      |
|    time_elapsed     | 239      |
|    total_timesteps  | 27600    |
| train/              |          |
|    learning_rate    | 0.0001   |
|    loss             | 0.295    |
|    n_updates        | 1662     |
----------------------------------
----------------------------------
| rollout/            |          |
|    ep_len_mean      | 60       |
|    ep_rew_mean      | 44.5     |
|    exploration_rate | 0.05     |
| time/               |          |
|    episodes         | 464      |
|    fps              | 115      |
|    time_elapsed     | 241      |
|    total_timesteps  | 27840    |
| train/              |          |
|    learning_rate    | 0.0001   |
|    loss             | 0.304    |
|    n_updates        | 1677     |
----------------------------------
----------------------------------
| rollout/            |          |
|    ep_len_mean      | 60       |
|    ep_rew_mean      | 44.3     |
|    exploration_rate | 0.05     |
| time/               |          |
|    episodes         | 468      |
|    fps              | 115      |
|    time_elapsed     | 243      |
|    total_timesteps  | 28080    |
| train/              |          |
|    learning_rate    | 0.0001   |
|    loss             | 0.896    |
|    n_updates        | 1692     |
----------------------------------
----------------------------------
| rollout/            |          |
|    ep_len_mean      | 60       |
|    ep_rew_mean      | 44.3     |
|    exploration_rate | 0.05     |
| time/               |          |
|    episodes         | 472      |
|    fps              | 115      |
|    time_elapsed     | 245      |
|    total_timesteps  | 28320    |
| train/              |          |
|    learning_rate    | 0.0001   |
|    loss             | 0.915    |
|    n_updates        | 1707     |
----------------------------------
----------------------------------
| rollout/            |          |
|    ep_len_mean      | 60       |
|    ep_rew_mean      | 44.4     |
|    exploration_rate | 0.05     |
| time/               |          |
|    episodes         | 476      |
|    fps              | 115      |
|    time_elapsed     | 247      |
|    total_timesteps  | 28560    |
| train/              |          |
|    learning_rate    | 0.0001   |
|    loss             | 1.03     |
|    n_updates        | 1722     |
----------------------------------
----------------------------------
| rollout/            |          |
|    ep_len_mean      | 60       |
|    ep_rew_mean      | 44.4     |
|    exploration_rate | 0.05     |
| time/               |          |
|    episodes         | 480      |
|    fps              | 115      |
|    time_elapsed     | 249      |
|    total_timesteps  | 28800    |
| train/              |          |
|    learning_rate    | 0.0001   |
|    loss             | 0.534    |
|    n_updates        | 1737     |
----------------------------------
----------------------------------
| rollout/            |          |
|    ep_len_mean      | 60       |
|    ep_rew_mean      | 44.3     |
|    exploration_rate | 0.05     |
| time/               |          |
|    episodes         | 484      |
|    fps              | 115      |
|    time_elapsed     | 252      |
|    total_timesteps  | 29040    |
| train/              |          |
|    learning_rate    | 0.0001   |
|    loss             | 0.734    |
|    n_updates        | 1752     |
----------------------------------
----------------------------------
| rollout/            |          |
|    ep_len_mean      | 60       |
|    ep_rew_mean      | 44.2     |
|    exploration_rate | 0.05     |
| time/               |          |
|    episodes         | 488      |
|    fps              | 115      |
|    time_elapsed     | 253      |
|    total_timesteps  | 29280    |
| train/              |          |
|    learning_rate    | 0.0001   |
|    loss             | 0.412    |
|    n_updates        | 1767     |
----------------------------------
----------------------------------
| rollout/            |          |
|    ep_len_mean      | 60       |
|    ep_rew_mean      | 44.1     |
|    exploration_rate | 0.05     |
| time/               |          |
|    episodes         | 492      |
|    fps              | 115      |
|    time_elapsed     | 256      |
|    total_timesteps  | 29520    |
| train/              |          |
|    learning_rate    | 0.0001   |
|    loss             | 0.615    |
|    n_updates        | 1782     |
----------------------------------
----------------------------------
| rollout/            |          |
|    ep_len_mean      | 60       |
|    ep_rew_mean      | 44.2     |
|    exploration_rate | 0.05     |
| time/               |          |
|    episodes         | 496      |
|    fps              | 115      |
|    time_elapsed     | 257      |
|    total_timesteps  | 29760    |
| train/              |          |
|    learning_rate    | 0.0001   |
|    loss             | 0.601    |
|    n_updates        | 1797     |
----------------------------------
----------------------------------
| rollout/            |          |
|    ep_len_mean      | 60       |
|    ep_rew_mean      | 44       |
|    exploration_rate | 0.05     |
| time/               |          |
|    episodes         | 500      |
|    fps              | 115      |
|    time_elapsed     | 260      |
|    total_timesteps  | 30000    |
| train/              |          |
|    learning_rate    | 0.0001   |
|    loss             | 0.733    |
|    n_updates        | 1812     |
----------------------------------
----------------------------------
| rollout/            |          |
|    ep_len_mean      | 60       |
|    ep_rew_mean      | 44       |
|    exploration_rate | 0.05     |
| time/               |          |
|    episodes         | 504      |
|    fps              | 114      |
|    time_elapsed     | 263      |
|    total_timesteps  | 30240    |
| train/              |          |
|    learning_rate    | 0.0001   |
|    loss             | 1.03     |
|    n_updates        | 1827     |
----------------------------------
----------------------------------
| rollout/            |          |
|    ep_len_mean      | 60       |
|    ep_rew_mean      | 43.9     |
|    exploration_rate | 0.05     |
| time/               |          |
|    episodes         | 508      |
|    fps              | 114      |
|    time_elapsed     | 266      |
|    total_timesteps  | 30480    |
| train/              |          |
|    learning_rate    | 0.0001   |
|    loss             | 0.369    |
|    n_updates        | 1842     |
----------------------------------
----------------------------------
| rollout/            |          |
|    ep_len_mean      | 60       |
|    ep_rew_mean      | 44       |
|    exploration_rate | 0.05     |
| time/               |          |
|    episodes         | 512      |
|    fps              | 114      |
|    time_elapsed     | 268      |
|    total_timesteps  | 30720    |
| train/              |          |
|    learning_rate    | 0.0001   |
|    loss             | 0.587    |
|    n_updates        | 1857     |
----------------------------------
----------------------------------
| rollout/            |          |
|    ep_len_mean      | 60       |
|    ep_rew_mean      | 43.9     |
|    exploration_rate | 0.05     |
| time/               |          |
|    episodes         | 516      |
|    fps              | 114      |
|    time_elapsed     | 270      |
|    total_timesteps  | 30960    |
| train/              |          |
|    learning_rate    | 0.0001   |
|    loss             | 0.899    |
|    n_updates        | 1872     |
----------------------------------
----------------------------------
| rollout/            |          |
|    ep_len_mean      | 60       |
|    ep_rew_mean      | 43.8     |
|    exploration_rate | 0.05     |
| time/               |          |
|    episodes         | 520      |
|    fps              | 114      |
|    time_elapsed     | 272      |
|    total_timesteps  | 31200    |
| train/              |          |
|    learning_rate    | 0.0001   |
|    loss             | 0.783    |
|    n_updates        | 1887     |
----------------------------------
----------------------------------
| rollout/            |          |
|    ep_len_mean      | 60       |
|    ep_rew_mean      | 43.7     |
|    exploration_rate | 0.05     |
| time/               |          |
|    episodes         | 524      |
|    fps              | 114      |
|    time_elapsed     | 274      |
|    total_timesteps  | 31440    |
| train/              |          |
|    learning_rate    | 0.0001   |
|    loss             | 1.42     |
|    n_updates        | 1902     |
----------------------------------
----------------------------------
| rollout/            |          |
|    ep_len_mean      | 60       |
|    ep_rew_mean      | 43.7     |
|    exploration_rate | 0.05     |
| time/               |          |
|    episodes         | 528      |
|    fps              | 114      |
|    time_elapsed     | 276      |
|    total_timesteps  | 31680    |
| train/              |          |
|    learning_rate    | 0.0001   |
|    loss             | 0.343    |
|    n_updates        | 1917     |
----------------------------------
----------------------------------
| rollout/            |          |
|    ep_len_mean      | 60       |
|    ep_rew_mean      | 43.9     |
|    exploration_rate | 0.05     |
| time/               |          |
|    episodes         | 532      |
|    fps              | 114      |
|    time_elapsed     | 278      |
|    total_timesteps  | 31920    |
| train/              |          |
|    learning_rate    | 0.0001   |
|    loss             | 0.24     |
|    n_updates        | 1932     |
----------------------------------
----------------------------------
| rollout/            |          |
|    ep_len_mean      | 60       |
|    ep_rew_mean      | 43.8     |
|    exploration_rate | 0.05     |
| time/               |          |
|    episodes         | 536      |
|    fps              | 114      |
|    time_elapsed     | 280      |
|    total_timesteps  | 32160    |
| train/              |          |
|    learning_rate    | 0.0001   |
|    loss             | 1.03     |
|    n_updates        | 1947     |
----------------------------------
----------------------------------
| rollout/            |          |
|    ep_len_mean      | 60       |
|    ep_rew_mean      | 43.8     |
|    exploration_rate | 0.05     |
| time/               |          |
|    episodes         | 540      |
|    fps              | 114      |
|    time_elapsed     | 282      |
|    total_timesteps  | 32400    |
| train/              |          |
|    learning_rate    | 0.0001   |
|    loss             | 1.3      |
|    n_updates        | 1962     |
----------------------------------
----------------------------------
| rollout/            |          |
|    ep_len_mean      | 60       |
|    ep_rew_mean      | 43.5     |
|    exploration_rate | 0.05     |
| time/               |          |
|    episodes         | 544      |
|    fps              | 114      |
|    time_elapsed     | 284      |
|    total_timesteps  | 32640    |
| train/              |          |
|    learning_rate    | 0.0001   |
|    loss             | 0.529    |
|    n_updates        | 1977     |
----------------------------------
----------------------------------
| rollout/            |          |
|    ep_len_mean      | 60       |
|    ep_rew_mean      | 43.5     |
|    exploration_rate | 0.05     |
| time/               |          |
|    episodes         | 548      |
|    fps              | 114      |
|    time_elapsed     | 287      |
|    total_timesteps  | 32880    |
| train/              |          |
|    learning_rate    | 0.0001   |
|    loss             | 1.94     |
|    n_updates        | 1992     |
----------------------------------
----------------------------------
| rollout/            |          |
|    ep_len_mean      | 60       |
|    ep_rew_mean      | 43.6     |
|    exploration_rate | 0.05     |
| time/               |          |
|    episodes         | 552      |
|    fps              | 113      |
|    time_elapsed     | 291      |
|    total_timesteps  | 33120    |
| train/              |          |
|    learning_rate    | 0.0001   |
|    loss             | 0.436    |
|    n_updates        | 2007     |
----------------------------------
----------------------------------
| rollout/            |          |
|    ep_len_mean      | 60       |
|    ep_rew_mean      | 43.7     |
|    exploration_rate | 0.05     |
| time/               |          |
|    episodes         | 556      |
|    fps              | 113      |
|    time_elapsed     | 293      |
|    total_timesteps  | 33360    |
| train/              |          |
|    learning_rate    | 0.0001   |
|    loss             | 0.39     |
|    n_updates        | 2022     |
----------------------------------
----------------------------------
| rollout/            |          |
|    ep_len_mean      | 60       |
|    ep_rew_mean      | 43.9     |
|    exploration_rate | 0.05     |
| time/               |          |
|    episodes         | 560      |
|    fps              | 113      |
|    time_elapsed     | 295      |
|    total_timesteps  | 33600    |
| train/              |          |
|    learning_rate    | 0.0001   |
|    loss             | 0.408    |
|    n_updates        | 2037     |
----------------------------------
----------------------------------
| rollout/            |          |
|    ep_len_mean      | 60       |
|    ep_rew_mean      | 44       |
|    exploration_rate | 0.05     |
| time/               |          |
|    episodes         | 564      |
|    fps              | 113      |
|    time_elapsed     | 297      |
|    total_timesteps  | 33840    |
| train/              |          |
|    learning_rate    | 0.0001   |
|    loss             | 0.548    |
|    n_updates        | 2052     |
----------------------------------
----------------------------------
| rollout/            |          |
|    ep_len_mean      | 60       |
|    ep_rew_mean      | 44       |
|    exploration_rate | 0.05     |
| time/               |          |
|    episodes         | 568      |
|    fps              | 113      |
|    time_elapsed     | 299      |
|    total_timesteps  | 34080    |
| train/              |          |
|    learning_rate    | 0.0001   |
|    loss             | 0.864    |
|    n_updates        | 2067     |
----------------------------------
----------------------------------
| rollout/            |          |
|    ep_len_mean      | 60       |
|    ep_rew_mean      | 44.2     |
|    exploration_rate | 0.05     |
| time/               |          |
|    episodes         | 572      |
|    fps              | 113      |
|    time_elapsed     | 302      |
|    total_timesteps  | 34320    |
| train/              |          |
|    learning_rate    | 0.0001   |
|    loss             | 1.18     |
|    n_updates        | 2082     |
----------------------------------
----------------------------------
| rollout/            |          |
|    ep_len_mean      | 60       |
|    ep_rew_mean      | 44.1     |
|    exploration_rate | 0.05     |
| time/               |          |
|    episodes         | 576      |
|    fps              | 113      |
|    time_elapsed     | 304      |
|    total_timesteps  | 34560    |
| train/              |          |
|    learning_rate    | 0.0001   |
|    loss             | 1.25     |
|    n_updates        | 2097     |
----------------------------------
----------------------------------
| rollout/            |          |
|    ep_len_mean      | 60       |
|    ep_rew_mean      | 44       |
|    exploration_rate | 0.05     |
| time/               |          |
|    episodes         | 580      |
|    fps              | 113      |
|    time_elapsed     | 306      |
|    total_timesteps  | 34800    |
| train/              |          |
|    learning_rate    | 0.0001   |
|    loss             | 0.271    |
|    n_updates        | 2112     |
----------------------------------
----------------------------------
| rollout/            |          |
|    ep_len_mean      | 60       |
|    ep_rew_mean      | 44       |
|    exploration_rate | 0.05     |
| time/               |          |
|    episodes         | 584      |
|    fps              | 113      |
|    time_elapsed     | 309      |
|    total_timesteps  | 35040    |
| train/              |          |
|    learning_rate    | 0.0001   |
|    loss             | 0.395    |
|    n_updates        | 2127     |
----------------------------------
----------------------------------
| rollout/            |          |
|    ep_len_mean      | 60       |
|    ep_rew_mean      | 44       |
|    exploration_rate | 0.05     |
| time/               |          |
|    episodes         | 588      |
|    fps              | 113      |
|    time_elapsed     | 310      |
|    total_timesteps  | 35280    |
| train/              |          |
|    learning_rate    | 0.0001   |
|    loss             | 0.646    |
|    n_updates        | 2142     |
----------------------------------
----------------------------------
| rollout/            |          |
|    ep_len_mean      | 60       |
|    ep_rew_mean      | 43.9     |
|    exploration_rate | 0.05     |
| time/               |          |
|    episodes         | 592      |
|    fps              | 113      |
|    time_elapsed     | 312      |
|    total_timesteps  | 35520    |
| train/              |          |
|    learning_rate    | 0.0001   |
|    loss             | 0.673    |
|    n_updates        | 2157     |
----------------------------------
----------------------------------
| rollout/            |          |
|    ep_len_mean      | 60       |
|    ep_rew_mean      | 43.9     |
|    exploration_rate | 0.05     |
| time/               |          |
|    episodes         | 596      |
|    fps              | 113      |
|    time_elapsed     | 314      |
|    total_timesteps  | 35760    |
| train/              |          |
|    learning_rate    | 0.0001   |
|    loss             | 0.298    |
|    n_updates        | 2172     |
----------------------------------
----------------------------------
| rollout/            |          |
|    ep_len_mean      | 60       |
|    ep_rew_mean      | 44       |
|    exploration_rate | 0.05     |
| time/               |          |
|    episodes         | 600      |
|    fps              | 113      |
|    time_elapsed     | 316      |
|    total_timesteps  | 36000    |
| train/              |          |
|    learning_rate    | 0.0001   |
|    loss             | 0.716    |
|    n_updates        | 2187     |
----------------------------------
----------------------------------
| rollout/            |          |
|    ep_len_mean      | 60       |
|    ep_rew_mean      | 44.1     |
|    exploration_rate | 0.05     |
| time/               |          |
|    episodes         | 604      |
|    fps              | 113      |
|    time_elapsed     | 319      |
|    total_timesteps  | 36240    |
| train/              |          |
|    learning_rate    | 0.0001   |
|    loss             | 1.39     |
|    n_updates        | 2202     |
----------------------------------
----------------------------------
| rollout/            |          |
|    ep_len_mean      | 60       |
|    ep_rew_mean      | 44.3     |
|    exploration_rate | 0.05     |
| time/               |          |
|    episodes         | 608      |
|    fps              | 113      |
|    time_elapsed     | 321      |
|    total_timesteps  | 36480    |
| train/              |          |
|    learning_rate    | 0.0001   |
|    loss             | 0.379    |
|    n_updates        | 2217     |
----------------------------------
----------------------------------
| rollout/            |          |
|    ep_len_mean      | 60       |
|    ep_rew_mean      | 44.2     |
|    exploration_rate | 0.05     |
| time/               |          |
|    episodes         | 612      |
|    fps              | 113      |
|    time_elapsed     | 324      |
|    total_timesteps  | 36720    |
| train/              |          |
|    learning_rate    | 0.0001   |
|    loss             | 0.982    |
|    n_updates        | 2232     |
----------------------------------
----------------------------------
| rollout/            |          |
|    ep_len_mean      | 60       |
|    ep_rew_mean      | 44.3     |
|    exploration_rate | 0.05     |
| time/               |          |
|    episodes         | 616      |
|    fps              | 113      |
|    time_elapsed     | 326      |
|    total_timesteps  | 36960    |
| train/              |          |
|    learning_rate    | 0.0001   |
|    loss             | 0.312    |
|    n_updates        | 2247     |
----------------------------------
----------------------------------
| rollout/            |          |
|    ep_len_mean      | 60       |
|    ep_rew_mean      | 44.2     |
|    exploration_rate | 0.05     |
| time/               |          |
|    episodes         | 620      |
|    fps              | 113      |
|    time_elapsed     | 328      |
|    total_timesteps  | 37200    |
| train/              |          |
|    learning_rate    | 0.0001   |
|    loss             | 1.33     |
|    n_updates        | 2262     |
----------------------------------
----------------------------------
| rollout/            |          |
|    ep_len_mean      | 60       |
|    ep_rew_mean      | 44.5     |
|    exploration_rate | 0.05     |
| time/               |          |
|    episodes         | 624      |
|    fps              | 113      |
|    time_elapsed     | 330      |
|    total_timesteps  | 37440    |
| train/              |          |
|    learning_rate    | 0.0001   |
|    loss             | 2.05     |
|    n_updates        | 2277     |
----------------------------------
----------------------------------
| rollout/            |          |
|    ep_len_mean      | 60       |
|    ep_rew_mean      | 44.6     |
|    exploration_rate | 0.05     |
| time/               |          |
|    episodes         | 628      |
|    fps              | 113      |
|    time_elapsed     | 331      |
|    total_timesteps  | 37680    |
| train/              |          |
|    learning_rate    | 0.0001   |
|    loss             | 0.442    |
|    n_updates        | 2292     |
----------------------------------
----------------------------------
| rollout/            |          |
|    ep_len_mean      | 60       |
|    ep_rew_mean      | 44.5     |
|    exploration_rate | 0.05     |
| time/               |          |
|    episodes         | 632      |
|    fps              | 113      |
|    time_elapsed     | 333      |
|    total_timesteps  | 37920    |
| train/              |          |
|    learning_rate    | 0.0001   |
|    loss             | 0.251    |
|    n_updates        | 2307     |
----------------------------------
----------------------------------
| rollout/            |          |
|    ep_len_mean      | 60       |
|    ep_rew_mean      | 44.6     |
|    exploration_rate | 0.05     |
| time/               |          |
|    episodes         | 636      |
|    fps              | 113      |
|    time_elapsed     | 335      |
|    total_timesteps  | 38160    |
| train/              |          |
|    learning_rate    | 0.0001   |
|    loss             | 0.793    |
|    n_updates        | 2322     |
----------------------------------
----------------------------------
| rollout/            |          |
|    ep_len_mean      | 60       |
|    ep_rew_mean      | 44.5     |
|    exploration_rate | 0.05     |
| time/               |          |
|    episodes         | 640      |
|    fps              | 113      |
|    time_elapsed     | 337      |
|    total_timesteps  | 38400    |
| train/              |          |
|    learning_rate    | 0.0001   |
|    loss             | 0.471    |
|    n_updates        | 2337     |
----------------------------------
----------------------------------
| rollout/            |          |
|    ep_len_mean      | 60       |
|    ep_rew_mean      | 44.7     |
|    exploration_rate | 0.05     |
| time/               |          |
|    episodes         | 644      |
|    fps              | 113      |
|    time_elapsed     | 339      |
|    total_timesteps  | 38640    |
| train/              |          |
|    learning_rate    | 0.0001   |
|    loss             | 0.402    |
|    n_updates        | 2352     |
----------------------------------
----------------------------------
| rollout/            |          |
|    ep_len_mean      | 60       |
|    ep_rew_mean      | 44.6     |
|    exploration_rate | 0.05     |
| time/               |          |
|    episodes         | 648      |
|    fps              | 113      |
|    time_elapsed     | 341      |
|    total_timesteps  | 38880    |
| train/              |          |
|    learning_rate    | 0.0001   |
|    loss             | 0.271    |
|    n_updates        | 2367     |
----------------------------------
----------------------------------
| rollout/            |          |
|    ep_len_mean      | 60       |
|    ep_rew_mean      | 44.6     |
|    exploration_rate | 0.05     |
| time/               |          |
|    episodes         | 652      |
|    fps              | 113      |
|    time_elapsed     | 343      |
|    total_timesteps  | 39120    |
| train/              |          |
|    learning_rate    | 0.0001   |
|    loss             | 0.399    |
|    n_updates        | 2382     |
----------------------------------
----------------------------------
| rollout/            |          |
|    ep_len_mean      | 60       |
|    ep_rew_mean      | 44.5     |
|    exploration_rate | 0.05     |
| time/               |          |
|    episodes         | 656      |
|    fps              | 113      |
|    time_elapsed     | 346      |
|    total_timesteps  | 39360    |
| train/              |          |
|    learning_rate    | 0.0001   |
|    loss             | 0.292    |
|    n_updates        | 2397     |
----------------------------------
----------------------------------
| rollout/            |          |
|    ep_len_mean      | 60       |
|    ep_rew_mean      | 44.4     |
|    exploration_rate | 0.05     |
| time/               |          |
|    episodes         | 660      |
|    fps              | 113      |
|    time_elapsed     | 349      |
|    total_timesteps  | 39600    |
| train/              |          |
|    learning_rate    | 0.0001   |
|    loss             | 0.653    |
|    n_updates        | 2412     |
----------------------------------
----------------------------------
| rollout/            |          |
|    ep_len_mean      | 60       |
|    ep_rew_mean      | 44.3     |
|    exploration_rate | 0.05     |
| time/               |          |
|    episodes         | 664      |
|    fps              | 113      |
|    time_elapsed     | 351      |
|    total_timesteps  | 39840    |
| train/              |          |
|    learning_rate    | 0.0001   |
|    loss             | 0.961    |
|    n_updates        | 2427     |
----------------------------------
----------------------------------
| rollout/            |          |
|    ep_len_mean      | 60       |
|    ep_rew_mean      | 44.3     |
|    exploration_rate | 0.05     |
| time/               |          |
|    episodes         | 668      |
|    fps              | 113      |
|    time_elapsed     | 353      |
|    total_timesteps  | 40080    |
| train/              |          |
|    learning_rate    | 0.0001   |
|    loss             | 1.51     |
|    n_updates        | 2442     |
----------------------------------
----------------------------------
| rollout/            |          |
|    ep_len_mean      | 60       |
|    ep_rew_mean      | 44.2     |
|    exploration_rate | 0.05     |
| time/               |          |
|    episodes         | 672      |
|    fps              | 113      |
|    time_elapsed     | 355      |
|    total_timesteps  | 40320    |
| train/              |          |
|    learning_rate    | 0.0001   |
|    loss             | 0.37     |
|    n_updates        | 2457     |
----------------------------------
----------------------------------
| rollout/            |          |
|    ep_len_mean      | 60       |
|    ep_rew_mean      | 44.3     |
|    exploration_rate | 0.05     |
| time/               |          |
|    episodes         | 676      |
|    fps              | 113      |
|    time_elapsed     | 357      |
|    total_timesteps  | 40560    |
| train/              |          |
|    learning_rate    | 0.0001   |
|    loss             | 0.802    |
|    n_updates        | 2472     |
----------------------------------
----------------------------------
| rollout/            |          |
|    ep_len_mean      | 60       |
|    ep_rew_mean      | 44.2     |
|    exploration_rate | 0.05     |
| time/               |          |
|    episodes         | 680      |
|    fps              | 113      |
|    time_elapsed     | 360      |
|    total_timesteps  | 40800    |
| train/              |          |
|    learning_rate    | 0.0001   |
|    loss             | 0.6      |
|    n_updates        | 2487     |
----------------------------------
----------------------------------
| rollout/            |          |
|    ep_len_mean      | 60       |
|    ep_rew_mean      | 44.2     |
|    exploration_rate | 0.05     |
| time/               |          |
|    episodes         | 684      |
|    fps              | 113      |
|    time_elapsed     | 362      |
|    total_timesteps  | 41040    |
| train/              |          |
|    learning_rate    | 0.0001   |
|    loss             | 1.15     |
|    n_updates        | 2502     |
----------------------------------
----------------------------------
| rollout/            |          |
|    ep_len_mean      | 60       |
|    ep_rew_mean      | 44.2     |
|    exploration_rate | 0.05     |
| time/               |          |
|    episodes         | 688      |
|    fps              | 113      |
|    time_elapsed     | 364      |
|    total_timesteps  | 41280    |
| train/              |          |
|    learning_rate    | 0.0001   |
|    loss             | 0.422    |
|    n_updates        | 2517     |
----------------------------------
----------------------------------
| rollout/            |          |
|    ep_len_mean      | 60       |
|    ep_rew_mean      | 44.3     |
|    exploration_rate | 0.05     |
| time/               |          |
|    episodes         | 692      |
|    fps              | 113      |
|    time_elapsed     | 366      |
|    total_timesteps  | 41520    |
| train/              |          |
|    learning_rate    | 0.0001   |
|    loss             | 0.337    |
|    n_updates        | 2532     |
----------------------------------
----------------------------------
| rollout/            |          |
|    ep_len_mean      | 60       |
|    ep_rew_mean      | 44.2     |
|    exploration_rate | 0.05     |
| time/               |          |
|    episodes         | 696      |
|    fps              | 113      |
|    time_elapsed     | 368      |
|    total_timesteps  | 41760    |
| train/              |          |
|    learning_rate    | 0.0001   |
|    loss             | 0.555    |
|    n_updates        | 2547     |
----------------------------------
----------------------------------
| rollout/            |          |
|    ep_len_mean      | 60       |
|    ep_rew_mean      | 44       |
|    exploration_rate | 0.05     |
| time/               |          |
|    episodes         | 700      |
|    fps              | 113      |
|    time_elapsed     | 370      |
|    total_timesteps  | 42000    |
| train/              |          |
|    learning_rate    | 0.0001   |
|    loss             | 0.457    |
|    n_updates        | 2562     |
----------------------------------
----------------------------------
| rollout/            |          |
|    ep_len_mean      | 60       |
|    ep_rew_mean      | 43.9     |
|    exploration_rate | 0.05     |
| time/               |          |
|    episodes         | 704      |
|    fps              | 113      |
|    time_elapsed     | 372      |
|    total_timesteps  | 42240    |
| train/              |          |
|    learning_rate    | 0.0001   |
|    loss             | 1.01     |
|    n_updates        | 2577     |
----------------------------------
----------------------------------
| rollout/            |          |
|    ep_len_mean      | 60       |
|    ep_rew_mean      | 43.9     |
|    exploration_rate | 0.05     |
| time/               |          |
|    episodes         | 708      |
|    fps              | 113      |
|    time_elapsed     | 375      |
|    total_timesteps  | 42480    |
| train/              |          |
|    learning_rate    | 0.0001   |
|    loss             | 0.386    |
|    n_updates        | 2592     |
----------------------------------
----------------------------------
| rollout/            |          |
|    ep_len_mean      | 60       |
|    ep_rew_mean      | 43.7     |
|    exploration_rate | 0.05     |
| time/               |          |
|    episodes         | 712      |
|    fps              | 113      |
|    time_elapsed     | 377      |
|    total_timesteps  | 42720    |
| train/              |          |
|    learning_rate    | 0.0001   |
|    loss             | 1.64     |
|    n_updates        | 2607     |
----------------------------------
----------------------------------
| rollout/            |          |
|    ep_len_mean      | 60       |
|    ep_rew_mean      | 43.7     |
|    exploration_rate | 0.05     |
| time/               |          |
|    episodes         | 716      |
|    fps              | 113      |
|    time_elapsed     | 379      |
|    total_timesteps  | 42960    |
| train/              |          |
|    learning_rate    | 0.0001   |
|    loss             | 1.2      |
|    n_updates        | 2622     |
----------------------------------
----------------------------------
| rollout/            |          |
|    ep_len_mean      | 60       |
|    ep_rew_mean      | 43.8     |
|    exploration_rate | 0.05     |
| time/               |          |
|    episodes         | 720      |
|    fps              | 113      |
|    time_elapsed     | 381      |
|    total_timesteps  | 43200    |
| train/              |          |
|    learning_rate    | 0.0001   |
|    loss             | 1.76     |
|    n_updates        | 2637     |
----------------------------------
----------------------------------
| rollout/            |          |
|    ep_len_mean      | 60       |
|    ep_rew_mean      | 43.7     |
|    exploration_rate | 0.05     |
| time/               |          |
|    episodes         | 724      |
|    fps              | 113      |
|    time_elapsed     | 383      |
|    total_timesteps  | 43440    |
| train/              |          |
|    learning_rate    | 0.0001   |
|    loss             | 0.374    |
|    n_updates        | 2652     |
----------------------------------
----------------------------------
| rollout/            |          |
|    ep_len_mean      | 60       |
|    ep_rew_mean      | 43.7     |
|    exploration_rate | 0.05     |
| time/               |          |
|    episodes         | 728      |
|    fps              | 113      |
|    time_elapsed     | 385      |
|    total_timesteps  | 43680    |
| train/              |          |
|    learning_rate    | 0.0001   |
|    loss             | 0.494    |
|    n_updates        | 2667     |
----------------------------------
----------------------------------
| rollout/            |          |
|    ep_len_mean      | 60       |
|    ep_rew_mean      | 43.8     |
|    exploration_rate | 0.05     |
| time/               |          |
|    episodes         | 732      |
|    fps              | 113      |
|    time_elapsed     | 387      |
|    total_timesteps  | 43920    |
| train/              |          |
|    learning_rate    | 0.0001   |
|    loss             | 1.95     |
|    n_updates        | 2682     |
----------------------------------
----------------------------------
| rollout/            |          |
|    ep_len_mean      | 60       |
|    ep_rew_mean      | 43.8     |
|    exploration_rate | 0.05     |
| time/               |          |
|    episodes         | 736      |
|    fps              | 113      |
|    time_elapsed     | 390      |
|    total_timesteps  | 44160    |
| train/              |          |
|    learning_rate    | 0.0001   |
|    loss             | 0.526    |
|    n_updates        | 2697     |
----------------------------------
----------------------------------
| rollout/            |          |
|    ep_len_mean      | 60       |
|    ep_rew_mean      | 43.8     |
|    exploration_rate | 0.05     |
| time/               |          |
|    episodes         | 740      |
|    fps              | 112      |
|    time_elapsed     | 392      |
|    total_timesteps  | 44400    |
| train/              |          |
|    learning_rate    | 0.0001   |
|    loss             | 0.458    |
|    n_updates        | 2712     |
----------------------------------
----------------------------------
| rollout/            |          |
|    ep_len_mean      | 60       |
|    ep_rew_mean      | 43.8     |
|    exploration_rate | 0.05     |
| time/               |          |
|    episodes         | 744      |
|    fps              | 112      |
|    time_elapsed     | 395      |
|    total_timesteps  | 44640    |
| train/              |          |
|    learning_rate    | 0.0001   |
|    loss             | 0.281    |
|    n_updates        | 2727     |
----------------------------------
----------------------------------
| rollout/            |          |
|    ep_len_mean      | 60       |
|    ep_rew_mean      | 43.7     |
|    exploration_rate | 0.05     |
| time/               |          |
|    episodes         | 748      |
|    fps              | 113      |
|    time_elapsed     | 397      |
|    total_timesteps  | 44880    |
| train/              |          |
|    learning_rate    | 0.0001   |
|    loss             | 0.72     |
|    n_updates        | 2742     |
----------------------------------
----------------------------------
| rollout/            |          |
|    ep_len_mean      | 60       |
|    ep_rew_mean      | 43.8     |
|    exploration_rate | 0.05     |
| time/               |          |
|    episodes         | 752      |
|    fps              | 113      |
|    time_elapsed     | 399      |
|    total_timesteps  | 45120    |
| train/              |          |
|    learning_rate    | 0.0001   |
|    loss             | 0.266    |
|    n_updates        | 2757     |
----------------------------------
----------------------------------
| rollout/            |          |
|    ep_len_mean      | 60       |
|    ep_rew_mean      | 43.8     |
|    exploration_rate | 0.05     |
| time/               |          |
|    episodes         | 756      |
|    fps              | 112      |
|    time_elapsed     | 401      |
|    total_timesteps  | 45360    |
| train/              |          |
|    learning_rate    | 0.0001   |
|    loss             | 0.809    |
|    n_updates        | 2772     |
----------------------------------
----------------------------------
| rollout/            |          |
|    ep_len_mean      | 60       |
|    ep_rew_mean      | 43.9     |
|    exploration_rate | 0.05     |
| time/               |          |
|    episodes         | 760      |
|    fps              | 112      |
|    time_elapsed     | 403      |
|    total_timesteps  | 45600    |
| train/              |          |
|    learning_rate    | 0.0001   |
|    loss             | 0.264    |
|    n_updates        | 2787     |
----------------------------------
----------------------------------
| rollout/            |          |
|    ep_len_mean      | 60       |
|    ep_rew_mean      | 43.9     |
|    exploration_rate | 0.05     |
| time/               |          |
|    episodes         | 764      |
|    fps              | 112      |
|    time_elapsed     | 405      |
|    total_timesteps  | 45840    |
| train/              |          |
|    learning_rate    | 0.0001   |
|    loss             | 0.377    |
|    n_updates        | 2802     |
----------------------------------
----------------------------------
| rollout/            |          |
|    ep_len_mean      | 60       |
|    ep_rew_mean      | 43.9     |
|    exploration_rate | 0.05     |
| time/               |          |
|    episodes         | 768      |
|    fps              | 112      |
|    time_elapsed     | 408      |
|    total_timesteps  | 46080    |
| train/              |          |
|    learning_rate    | 0.0001   |
|    loss             | 1.11     |
|    n_updates        | 2817     |
----------------------------------
----------------------------------
| rollout/            |          |
|    ep_len_mean      | 60       |
|    ep_rew_mean      | 44       |
|    exploration_rate | 0.05     |
| time/               |          |
|    episodes         | 772      |
|    fps              | 112      |
|    time_elapsed     | 410      |
|    total_timesteps  | 46320    |
| train/              |          |
|    learning_rate    | 0.0001   |
|    loss             | 0.527    |
|    n_updates        | 2832     |
----------------------------------
----------------------------------
| rollout/            |          |
|    ep_len_mean      | 60       |
|    ep_rew_mean      | 44       |
|    exploration_rate | 0.05     |
| time/               |          |
|    episodes         | 776      |
|    fps              | 112      |
|    time_elapsed     | 413      |
|    total_timesteps  | 46560    |
| train/              |          |
|    learning_rate    | 0.0001   |
|    loss             | 0.42     |
|    n_updates        | 2847     |
----------------------------------
----------------------------------
| rollout/            |          |
|    ep_len_mean      | 60       |
|    ep_rew_mean      | 44.2     |
|    exploration_rate | 0.05     |
| time/               |          |
|    episodes         | 780      |
|    fps              | 112      |
|    time_elapsed     | 416      |
|    total_timesteps  | 46800    |
| train/              |          |
|    learning_rate    | 0.0001   |
|    loss             | 0.308    |
|    n_updates        | 2862     |
----------------------------------
----------------------------------
| rollout/            |          |
|    ep_len_mean      | 60       |
|    ep_rew_mean      | 44.1     |
|    exploration_rate | 0.05     |
| time/               |          |
|    episodes         | 784      |
|    fps              | 112      |
|    time_elapsed     | 418      |
|    total_timesteps  | 47040    |
| train/              |          |
|    learning_rate    | 0.0001   |
|    loss             | 0.385    |
|    n_updates        | 2877     |
----------------------------------
----------------------------------
| rollout/            |          |
|    ep_len_mean      | 60       |
|    ep_rew_mean      | 44.1     |
|    exploration_rate | 0.05     |
| time/               |          |
|    episodes         | 788      |
|    fps              | 112      |
|    time_elapsed     | 420      |
|    total_timesteps  | 47280    |
| train/              |          |
|    learning_rate    | 0.0001   |
|    loss             | 0.647    |
|    n_updates        | 2892     |
----------------------------------
----------------------------------
| rollout/            |          |
|    ep_len_mean      | 60       |
|    ep_rew_mean      | 43.9     |
|    exploration_rate | 0.05     |
| time/               |          |
|    episodes         | 792      |
|    fps              | 112      |
|    time_elapsed     | 423      |
|    total_timesteps  | 47520    |
| train/              |          |
|    learning_rate    | 0.0001   |
|    loss             | 0.467    |
|    n_updates        | 2907     |
----------------------------------
----------------------------------
| rollout/            |          |
|    ep_len_mean      | 60       |
|    ep_rew_mean      | 44.1     |
|    exploration_rate | 0.05     |
| time/               |          |
|    episodes         | 796      |
|    fps              | 111      |
|    time_elapsed     | 429      |
|    total_timesteps  | 47760    |
| train/              |          |
|    learning_rate    | 0.0001   |
|    loss             | 0.371    |
|    n_updates        | 2922     |
----------------------------------
----------------------------------
| rollout/            |          |
|    ep_len_mean      | 60       |
|    ep_rew_mean      | 44.2     |
|    exploration_rate | 0.05     |
| time/               |          |
|    episodes         | 800      |
|    fps              | 110      |
|    time_elapsed     | 434      |
|    total_timesteps  | 48000    |
| train/              |          |
|    learning_rate    | 0.0001   |
|    loss             | 0.895    |
|    n_updates        | 2937     |
----------------------------------
----------------------------------
| rollout/            |          |
|    ep_len_mean      | 60       |
|    ep_rew_mean      | 44.2     |
|    exploration_rate | 0.05     |
| time/               |          |
|    episodes         | 804      |
|    fps              | 110      |
|    time_elapsed     | 437      |
|    total_timesteps  | 48240    |
| train/              |          |
|    learning_rate    | 0.0001   |
|    loss             | 0.638    |
|    n_updates        | 2952     |
----------------------------------
----------------------------------
| rollout/            |          |
|    ep_len_mean      | 60       |
|    ep_rew_mean      | 44.3     |
|    exploration_rate | 0.05     |
| time/               |          |
|    episodes         | 808      |
|    fps              | 110      |
|    time_elapsed     | 440      |
|    total_timesteps  | 48480    |
| train/              |          |
|    learning_rate    | 0.0001   |
|    loss             | 1.09     |
|    n_updates        | 2967     |
----------------------------------
----------------------------------
| rollout/            |          |
|    ep_len_mean      | 60       |
|    ep_rew_mean      | 44.5     |
|    exploration_rate | 0.05     |
| time/               |          |
|    episodes         | 812      |
|    fps              | 110      |
|    time_elapsed     | 442      |
|    total_timesteps  | 48720    |
| train/              |          |
|    learning_rate    | 0.0001   |
|    loss             | 0.387    |
|    n_updates        | 2982     |
----------------------------------
----------------------------------
| rollout/            |          |
|    ep_len_mean      | 60       |
|    ep_rew_mean      | 44.5     |
|    exploration_rate | 0.05     |
| time/               |          |
|    episodes         | 816      |
|    fps              | 110      |
|    time_elapsed     | 444      |
|    total_timesteps  | 48960    |
| train/              |          |
|    learning_rate    | 0.0001   |
|    loss             | 0.43     |
|    n_updates        | 2997     |
----------------------------------
----------------------------------
| rollout/            |          |
|    ep_len_mean      | 60       |
|    ep_rew_mean      | 44.4     |
|    exploration_rate | 0.05     |
| time/               |          |
|    episodes         | 820      |
|    fps              | 110      |
|    time_elapsed     | 446      |
|    total_timesteps  | 49200    |
| train/              |          |
|    learning_rate    | 0.0001   |
|    loss             | 0.943    |
|    n_updates        | 3012     |
----------------------------------
----------------------------------
| rollout/            |          |
|    ep_len_mean      | 60       |
|    ep_rew_mean      | 44.3     |
|    exploration_rate | 0.05     |
| time/               |          |
|    episodes         | 824      |
|    fps              | 110      |
|    time_elapsed     | 449      |
|    total_timesteps  | 49440    |
| train/              |          |
|    learning_rate    | 0.0001   |
|    loss             | 0.641    |
|    n_updates        | 3027     |
----------------------------------
----------------------------------
| rollout/            |          |
|    ep_len_mean      | 60       |
|    ep_rew_mean      | 44.3     |
|    exploration_rate | 0.05     |
| time/               |          |
|    episodes         | 828      |
|    fps              | 109      |
|    time_elapsed     | 452      |
|    total_timesteps  | 49680    |
| train/              |          |
|    learning_rate    | 0.0001   |
|    loss             | 0.572    |
|    n_updates        | 3042     |
----------------------------------
----------------------------------
| rollout/            |          |
|    ep_len_mean      | 60       |
|    ep_rew_mean      | 44.4     |
|    exploration_rate | 0.05     |
| time/               |          |
|    episodes         | 832      |
|    fps              | 109      |
|    time_elapsed     | 454      |
|    total_timesteps  | 49920    |
| train/              |          |
|    learning_rate    | 0.0001   |
|    loss             | 0.413    |
|    n_updates        | 3057     |
----------------------------------
----------------------------------
| rollout/            |          |
|    ep_len_mean      | 60       |
|    ep_rew_mean      | 44.2     |
|    exploration_rate | 0.05     |
| time/               |          |
|    episodes         | 836      |
|    fps              | 109      |
|    time_elapsed     | 457      |
|    total_timesteps  | 50160    |
| train/              |          |
|    learning_rate    | 0.0001   |
|    loss             | 0.404    |
|    n_updates        | 3072     |
----------------------------------
----------------------------------
| rollout/            |          |
|    ep_len_mean      | 60       |
|    ep_rew_mean      | 44.3     |
|    exploration_rate | 0.05     |
| time/               |          |
|    episodes         | 840      |
|    fps              | 109      |
|    time_elapsed     | 459      |
|    total_timesteps  | 50400    |
| train/              |          |
|    learning_rate    | 0.0001   |
|    loss             | 1.16     |
|    n_updates        | 3087     |
----------------------------------
----------------------------------
| rollout/            |          |
|    ep_len_mean      | 60       |
|    ep_rew_mean      | 44.3     |
|    exploration_rate | 0.05     |
| time/               |          |
|    episodes         | 844      |
|    fps              | 109      |
|    time_elapsed     | 461      |
|    total_timesteps  | 50640    |
| train/              |          |
|    learning_rate    | 0.0001   |
|    loss             | 0.41     |
|    n_updates        | 3102     |
----------------------------------
----------------------------------
| rollout/            |          |
|    ep_len_mean      | 60       |
|    ep_rew_mean      | 44.4     |
|    exploration_rate | 0.05     |
| time/               |          |
|    episodes         | 848      |
|    fps              | 109      |
|    time_elapsed     | 463      |
|    total_timesteps  | 50880    |
| train/              |          |
|    learning_rate    | 0.0001   |
|    loss             | 0.335    |
|    n_updates        | 3117     |
----------------------------------
----------------------------------
| rollout/            |          |
|    ep_len_mean      | 60       |
|    ep_rew_mean      | 44.4     |
|    exploration_rate | 0.05     |
| time/               |          |
|    episodes         | 852      |
|    fps              | 109      |
|    time_elapsed     | 465      |
|    total_timesteps  | 51120    |
| train/              |          |
|    learning_rate    | 0.0001   |
|    loss             | 1.28     |
|    n_updates        | 3132     |
----------------------------------
----------------------------------
| rollout/            |          |
|    ep_len_mean      | 60       |
|    ep_rew_mean      | 44.5     |
|    exploration_rate | 0.05     |
| time/               |          |
|    episodes         | 856      |
|    fps              | 110      |
|    time_elapsed     | 466      |
|    total_timesteps  | 51360    |
| train/              |          |
|    learning_rate    | 0.0001   |
|    loss             | 0.332    |
|    n_updates        | 3147     |
----------------------------------
----------------------------------
| rollout/            |          |
|    ep_len_mean      | 60       |
|    ep_rew_mean      | 44.6     |
|    exploration_rate | 0.05     |
| time/               |          |
|    episodes         | 860      |
|    fps              | 110      |
|    time_elapsed     | 468      |
|    total_timesteps  | 51600    |
| train/              |          |
|    learning_rate    | 0.0001   |
|    loss             | 0.941    |
|    n_updates        | 3162     |
----------------------------------
----------------------------------
| rollout/            |          |
|    ep_len_mean      | 60       |
|    ep_rew_mean      | 44.4     |
|    exploration_rate | 0.05     |
| time/               |          |
|    episodes         | 864      |
|    fps              | 110      |
|    time_elapsed     | 470      |
|    total_timesteps  | 51840    |
| train/              |          |
|    learning_rate    | 0.0001   |
|    loss             | 1.69     |
|    n_updates        | 3177     |
----------------------------------
----------------------------------
| rollout/            |          |
|    ep_len_mean      | 60       |
|    ep_rew_mean      | 44.4     |
|    exploration_rate | 0.05     |
| time/               |          |
|    episodes         | 868      |
|    fps              | 110      |
|    time_elapsed     | 473      |
|    total_timesteps  | 52080    |
| train/              |          |
|    learning_rate    | 0.0001   |
|    loss             | 1.08     |
|    n_updates        | 3192     |
----------------------------------
----------------------------------
| rollout/            |          |
|    ep_len_mean      | 60       |
|    ep_rew_mean      | 44.4     |
|    exploration_rate | 0.05     |
| time/               |          |
|    episodes         | 872      |
|    fps              | 110      |
|    time_elapsed     | 475      |
|    total_timesteps  | 52320    |
| train/              |          |
|    learning_rate    | 0.0001   |
|    loss             | 0.166    |
|    n_updates        | 3207     |
----------------------------------
----------------------------------
| rollout/            |          |
|    ep_len_mean      | 60       |
|    ep_rew_mean      | 44.4     |
|    exploration_rate | 0.05     |
| time/               |          |
|    episodes         | 876      |
|    fps              | 109      |
|    time_elapsed     | 477      |
|    total_timesteps  | 52560    |
| train/              |          |
|    learning_rate    | 0.0001   |
|    loss             | 1.09     |
|    n_updates        | 3222     |
----------------------------------
----------------------------------
| rollout/            |          |
|    ep_len_mean      | 60       |
|    ep_rew_mean      | 44.3     |
|    exploration_rate | 0.05     |
| time/               |          |
|    episodes         | 880      |
|    fps              | 109      |
|    time_elapsed     | 480      |
|    total_timesteps  | 52800    |
| train/              |          |
|    learning_rate    | 0.0001   |
|    loss             | 1.6      |
|    n_updates        | 3237     |
----------------------------------
----------------------------------
| rollout/            |          |
|    ep_len_mean      | 60       |
|    ep_rew_mean      | 44.5     |
|    exploration_rate | 0.05     |
| time/               |          |
|    episodes         | 884      |
|    fps              | 110      |
|    time_elapsed     | 481      |
|    total_timesteps  | 53040    |
| train/              |          |
|    learning_rate    | 0.0001   |
|    loss             | 1.63     |
|    n_updates        | 3252     |
----------------------------------
----------------------------------
| rollout/            |          |
|    ep_len_mean      | 60       |
|    ep_rew_mean      | 44.5     |
|    exploration_rate | 0.05     |
| time/               |          |
|    episodes         | 888      |
|    fps              | 110      |
|    time_elapsed     | 483      |
|    total_timesteps  | 53280    |
| train/              |          |
|    learning_rate    | 0.0001   |
|    loss             | 1.14     |
|    n_updates        | 3267     |
----------------------------------
----------------------------------
| rollout/            |          |
|    ep_len_mean      | 60       |
|    ep_rew_mean      | 44.6     |
|    exploration_rate | 0.05     |
| time/               |          |
|    episodes         | 892      |
|    fps              | 110      |
|    time_elapsed     | 485      |
|    total_timesteps  | 53520    |
| train/              |          |
|    learning_rate    | 0.0001   |
|    loss             | 1.16     |
|    n_updates        | 3282     |
----------------------------------
----------------------------------
| rollout/            |          |
|    ep_len_mean      | 60       |
|    ep_rew_mean      | 44.5     |
|    exploration_rate | 0.05     |
| time/               |          |
|    episodes         | 896      |
|    fps              | 110      |
|    time_elapsed     | 487      |
|    total_timesteps  | 53760    |
| train/              |          |
|    learning_rate    | 0.0001   |
|    loss             | 2.82     |
|    n_updates        | 3297     |
----------------------------------
----------------------------------
| rollout/            |          |
|    ep_len_mean      | 60       |
|    ep_rew_mean      | 44.4     |
|    exploration_rate | 0.05     |
| time/               |          |
|    episodes         | 900      |
|    fps              | 110      |
|    time_elapsed     | 489      |
|    total_timesteps  | 54000    |
| train/              |          |
|    learning_rate    | 0.0001   |
|    loss             | 0.465    |
|    n_updates        | 3312     |
----------------------------------
----------------------------------
| rollout/            |          |
|    ep_len_mean      | 60       |
|    ep_rew_mean      | 44.3     |
|    exploration_rate | 0.05     |
| time/               |          |
|    episodes         | 904      |
|    fps              | 110      |
|    time_elapsed     | 491      |
|    total_timesteps  | 54240    |
| train/              |          |
|    learning_rate    | 0.0001   |
|    loss             | 0.465    |
|    n_updates        | 3327     |
----------------------------------
----------------------------------
| rollout/            |          |
|    ep_len_mean      | 60       |
|    ep_rew_mean      | 44.2     |
|    exploration_rate | 0.05     |
| time/               |          |
|    episodes         | 908      |
|    fps              | 110      |
|    time_elapsed     | 493      |
|    total_timesteps  | 54480    |
| train/              |          |
|    learning_rate    | 0.0001   |
|    loss             | 2.11     |
|    n_updates        | 3342     |
----------------------------------
----------------------------------
| rollout/            |          |
|    ep_len_mean      | 60       |
|    ep_rew_mean      | 44.2     |
|    exploration_rate | 0.05     |
| time/               |          |
|    episodes         | 912      |
|    fps              | 110      |
|    time_elapsed     | 495      |
|    total_timesteps  | 54720    |
| train/              |          |
|    learning_rate    | 0.0001   |
|    loss             | 1.37     |
|    n_updates        | 3357     |
----------------------------------
----------------------------------
| rollout/            |          |
|    ep_len_mean      | 60       |
|    ep_rew_mean      | 44.3     |
|    exploration_rate | 0.05     |
| time/               |          |
|    episodes         | 916      |
|    fps              | 110      |
|    time_elapsed     | 498      |
|    total_timesteps  | 54960    |
| train/              |          |
|    learning_rate    | 0.0001   |
|    loss             | 0.171    |
|    n_updates        | 3372     |
----------------------------------
----------------------------------
| rollout/            |          |
|    ep_len_mean      | 60       |
|    ep_rew_mean      | 44.4     |
|    exploration_rate | 0.05     |
| time/               |          |
|    episodes         | 920      |
|    fps              | 110      |
|    time_elapsed     | 500      |
|    total_timesteps  | 55200    |
| train/              |          |
|    learning_rate    | 0.0001   |
|    loss             | 2.72     |
|    n_updates        | 3387     |
----------------------------------
----------------------------------
| rollout/            |          |
|    ep_len_mean      | 60       |
|    ep_rew_mean      | 44.4     |
|    exploration_rate | 0.05     |
| time/               |          |
|    episodes         | 924      |
|    fps              | 110      |
|    time_elapsed     | 502      |
|    total_timesteps  | 55440    |
| train/              |          |
|    learning_rate    | 0.0001   |
|    loss             | 1.12     |
|    n_updates        | 3402     |
----------------------------------
----------------------------------
| rollout/            |          |
|    ep_len_mean      | 60       |
|    ep_rew_mean      | 44.3     |
|    exploration_rate | 0.05     |
| time/               |          |
|    episodes         | 928      |
|    fps              | 110      |
|    time_elapsed     | 504      |
|    total_timesteps  | 55680    |
| train/              |          |
|    learning_rate    | 0.0001   |
|    loss             | 0.291    |
|    n_updates        | 3417     |
----------------------------------
----------------------------------
| rollout/            |          |
|    ep_len_mean      | 60       |
|    ep_rew_mean      | 44.1     |
|    exploration_rate | 0.05     |
| time/               |          |
|    episodes         | 932      |
|    fps              | 110      |
|    time_elapsed     | 506      |
|    total_timesteps  | 55920    |
| train/              |          |
|    learning_rate    | 0.0001   |
|    loss             | 0.254    |
|    n_updates        | 3432     |
----------------------------------
----------------------------------
| rollout/            |          |
|    ep_len_mean      | 60       |
|    ep_rew_mean      | 44.1     |
|    exploration_rate | 0.05     |
| time/               |          |
|    episodes         | 936      |
|    fps              | 110      |
|    time_elapsed     | 508      |
|    total_timesteps  | 56160    |
| train/              |          |
|    learning_rate    | 0.0001   |
|    loss             | 0.485    |
|    n_updates        | 3447     |
----------------------------------
----------------------------------
| rollout/            |          |
|    ep_len_mean      | 60       |
|    ep_rew_mean      | 44       |
|    exploration_rate | 0.05     |
| time/               |          |
|    episodes         | 940      |
|    fps              | 110      |
|    time_elapsed     | 510      |
|    total_timesteps  | 56400    |
| train/              |          |
|    learning_rate    | 0.0001   |
|    loss             | 1.24     |
|    n_updates        | 3462     |
----------------------------------
----------------------------------
| rollout/            |          |
|    ep_len_mean      | 60       |
|    ep_rew_mean      | 43.9     |
|    exploration_rate | 0.05     |
| time/               |          |
|    episodes         | 944      |
|    fps              | 110      |
|    time_elapsed     | 511      |
|    total_timesteps  | 56640    |
| train/              |          |
|    learning_rate    | 0.0001   |
|    loss             | 0.905    |
|    n_updates        | 3477     |
----------------------------------
----------------------------------
| rollout/            |          |
|    ep_len_mean      | 60       |
|    ep_rew_mean      | 44.1     |
|    exploration_rate | 0.05     |
| time/               |          |
|    episodes         | 948      |
|    fps              | 110      |
|    time_elapsed     | 514      |
|    total_timesteps  | 56880    |
| train/              |          |
|    learning_rate    | 0.0001   |
|    loss             | 0.207    |
|    n_updates        | 3492     |
----------------------------------
----------------------------------
| rollout/            |          |
|    ep_len_mean      | 60       |
|    ep_rew_mean      | 44.1     |
|    exploration_rate | 0.05     |
| time/               |          |
|    episodes         | 952      |
|    fps              | 110      |
|    time_elapsed     | 516      |
|    total_timesteps  | 57120    |
| train/              |          |
|    learning_rate    | 0.0001   |
|    loss             | 0.255    |
|    n_updates        | 3507     |
----------------------------------
----------------------------------
| rollout/            |          |
|    ep_len_mean      | 60       |
|    ep_rew_mean      | 44       |
|    exploration_rate | 0.05     |
| time/               |          |
|    episodes         | 956      |
|    fps              | 110      |
|    time_elapsed     | 518      |
|    total_timesteps  | 57360    |
| train/              |          |
|    learning_rate    | 0.0001   |
|    loss             | 0.32     |
|    n_updates        | 3522     |
----------------------------------
----------------------------------
| rollout/            |          |
|    ep_len_mean      | 60       |
|    ep_rew_mean      | 44       |
|    exploration_rate | 0.05     |
| time/               |          |
|    episodes         | 960      |
|    fps              | 110      |
|    time_elapsed     | 520      |
|    total_timesteps  | 57600    |
| train/              |          |
|    learning_rate    | 0.0001   |
|    loss             | 1.39     |
|    n_updates        | 3537     |
----------------------------------
----------------------------------
| rollout/            |          |
|    ep_len_mean      | 60       |
|    ep_rew_mean      | 43.9     |
|    exploration_rate | 0.05     |
| time/               |          |
|    episodes         | 964      |
|    fps              | 110      |
|    time_elapsed     | 522      |
|    total_timesteps  | 57840    |
| train/              |          |
|    learning_rate    | 0.0001   |
|    loss             | 0.985    |
|    n_updates        | 3552     |
----------------------------------
----------------------------------
| rollout/            |          |
|    ep_len_mean      | 60       |
|    ep_rew_mean      | 44       |
|    exploration_rate | 0.05     |
| time/               |          |
|    episodes         | 968      |
|    fps              | 110      |
|    time_elapsed     | 524      |
|    total_timesteps  | 58080    |
| train/              |          |
|    learning_rate    | 0.0001   |
|    loss             | 2.01     |
|    n_updates        | 3567     |
----------------------------------
----------------------------------
| rollout/            |          |
|    ep_len_mean      | 60       |
|    ep_rew_mean      | 44.1     |
|    exploration_rate | 0.05     |
| time/               |          |
|    episodes         | 972      |
|    fps              | 110      |
|    time_elapsed     | 526      |
|    total_timesteps  | 58320    |
| train/              |          |
|    learning_rate    | 0.0001   |
|    loss             | 0.0794   |
|    n_updates        | 3582     |
----------------------------------
----------------------------------
| rollout/            |          |
|    ep_len_mean      | 60       |
|    ep_rew_mean      | 44.2     |
|    exploration_rate | 0.05     |
| time/               |          |
|    episodes         | 976      |
|    fps              | 110      |
|    time_elapsed     | 528      |
|    total_timesteps  | 58560    |
| train/              |          |
|    learning_rate    | 0.0001   |
|    loss             | 0.32     |
|    n_updates        | 3597     |
----------------------------------
----------------------------------
| rollout/            |          |
|    ep_len_mean      | 60       |
|    ep_rew_mean      | 44.1     |
|    exploration_rate | 0.05     |
| time/               |          |
|    episodes         | 980      |
|    fps              | 110      |
|    time_elapsed     | 530      |
|    total_timesteps  | 58800    |
| train/              |          |
|    learning_rate    | 0.0001   |
|    loss             | 0.918    |
|    n_updates        | 3612     |
----------------------------------
----------------------------------
| rollout/            |          |
|    ep_len_mean      | 60       |
|    ep_rew_mean      | 44.1     |
|    exploration_rate | 0.05     |
| time/               |          |
|    episodes         | 984      |
|    fps              | 110      |
|    time_elapsed     | 532      |
|    total_timesteps  | 59040    |
| train/              |          |
|    learning_rate    | 0.0001   |
|    loss             | 0.491    |
|    n_updates        | 3627     |
----------------------------------
----------------------------------
| rollout/            |          |
|    ep_len_mean      | 60       |
|    ep_rew_mean      | 43.8     |
|    exploration_rate | 0.05     |
| time/               |          |
|    episodes         | 988      |
|    fps              | 111      |
|    time_elapsed     | 533      |
|    total_timesteps  | 59280    |
| train/              |          |
|    learning_rate    | 0.0001   |
|    loss             | 1.12     |
|    n_updates        | 3642     |
----------------------------------
----------------------------------
| rollout/            |          |
|    ep_len_mean      | 60       |
|    ep_rew_mean      | 44       |
|    exploration_rate | 0.05     |
| time/               |          |
|    episodes         | 992      |
|    fps              | 111      |
|    time_elapsed     | 535      |
|    total_timesteps  | 59520    |
| train/              |          |
|    learning_rate    | 0.0001   |
|    loss             | 0.385    |
|    n_updates        | 3657     |
----------------------------------
----------------------------------
| rollout/            |          |
|    ep_len_mean      | 60       |
|    ep_rew_mean      | 44.2     |
|    exploration_rate | 0.05     |
| time/               |          |
|    episodes         | 996      |
|    fps              | 111      |
|    time_elapsed     | 537      |
|    total_timesteps  | 59760    |
| train/              |          |
|    learning_rate    | 0.0001   |
|    loss             | 1.29     |
|    n_updates        | 3672     |
----------------------------------
----------------------------------
| rollout/            |          |
|    ep_len_mean      | 60       |
|    ep_rew_mean      | 44.3     |
|    exploration_rate | 0.05     |
| time/               |          |
|    episodes         | 1000     |
|    fps              | 111      |
|    time_elapsed     | 539      |
|    total_timesteps  | 60000    |
| train/              |          |
|    learning_rate    | 0.0001   |
|    loss             | 0.357    |
|    n_updates        | 3687     |
----------------------------------
----------------------------------
| rollout/            |          |
|    ep_len_mean      | 60       |
|    ep_rew_mean      | 44.4     |
|    exploration_rate | 0.05     |
| time/               |          |
|    episodes         | 1004     |
|    fps              | 111      |
|    time_elapsed     | 541      |
|    total_timesteps  | 60240    |
| train/              |          |
|    learning_rate    | 0.0001   |
|    loss             | 1.2      |
|    n_updates        | 3702     |
----------------------------------
----------------------------------
| rollout/            |          |
|    ep_len_mean      | 60       |
|    ep_rew_mean      | 44.5     |
|    exploration_rate | 0.05     |
| time/               |          |
|    episodes         | 1008     |
|    fps              | 111      |
|    time_elapsed     | 543      |
|    total_timesteps  | 60480    |
| train/              |          |
|    learning_rate    | 0.0001   |
|    loss             | 0.398    |
|    n_updates        | 3717     |
----------------------------------
----------------------------------
| rollout/            |          |
|    ep_len_mean      | 60       |
|    ep_rew_mean      | 44.6     |
|    exploration_rate | 0.05     |
| time/               |          |
|    episodes         | 1012     |
|    fps              | 111      |
|    time_elapsed     | 545      |
|    total_timesteps  | 60720    |
| train/              |          |
|    learning_rate    | 0.0001   |
|    loss             | 0.235    |
|    n_updates        | 3732     |
----------------------------------
----------------------------------
| rollout/            |          |
|    ep_len_mean      | 60       |
|    ep_rew_mean      | 44.5     |
|    exploration_rate | 0.05     |
| time/               |          |
|    episodes         | 1016     |
|    fps              | 111      |
|    time_elapsed     | 547      |
|    total_timesteps  | 60960    |
| train/              |          |
|    learning_rate    | 0.0001   |
|    loss             | 0.101    |
|    n_updates        | 3747     |
----------------------------------
----------------------------------
| rollout/            |          |
|    ep_len_mean      | 60       |
|    ep_rew_mean      | 44.5     |
|    exploration_rate | 0.05     |
| time/               |          |
|    episodes         | 1020     |
|    fps              | 111      |
|    time_elapsed     | 549      |
|    total_timesteps  | 61200    |
| train/              |          |
|    learning_rate    | 0.0001   |
|    loss             | 0.124    |
|    n_updates        | 3762     |
----------------------------------
----------------------------------
| rollout/            |          |
|    ep_len_mean      | 60       |
|    ep_rew_mean      | 44.6     |
|    exploration_rate | 0.05     |
| time/               |          |
|    episodes         | 1024     |
|    fps              | 111      |
|    time_elapsed     | 551      |
|    total_timesteps  | 61440    |
| train/              |          |
|    learning_rate    | 0.0001   |
|    loss             | 1.25     |
|    n_updates        | 3777     |
----------------------------------
----------------------------------
| rollout/            |          |
|    ep_len_mean      | 60       |
|    ep_rew_mean      | 44.6     |
|    exploration_rate | 0.05     |
| time/               |          |
|    episodes         | 1028     |
|    fps              | 111      |
|    time_elapsed     | 553      |
|    total_timesteps  | 61680    |
| train/              |          |
|    learning_rate    | 0.0001   |
|    loss             | 0.131    |
|    n_updates        | 3792     |
----------------------------------
----------------------------------
| rollout/            |          |
|    ep_len_mean      | 60       |
|    ep_rew_mean      | 44.7     |
|    exploration_rate | 0.05     |
| time/               |          |
|    episodes         | 1032     |
|    fps              | 111      |
|    time_elapsed     | 555      |
|    total_timesteps  | 61920    |
| train/              |          |
|    learning_rate    | 0.0001   |
|    loss             | 2.34     |
|    n_updates        | 3807     |
----------------------------------
----------------------------------
| rollout/            |          |
|    ep_len_mean      | 60       |
|    ep_rew_mean      | 44.7     |
|    exploration_rate | 0.05     |
| time/               |          |
|    episodes         | 1036     |
|    fps              | 111      |
|    time_elapsed     | 557      |
|    total_timesteps  | 62160    |
| train/              |          |
|    learning_rate    | 0.0001   |
|    loss             | 1.05     |
|    n_updates        | 3822     |
----------------------------------
----------------------------------
| rollout/            |          |
|    ep_len_mean      | 60       |
|    ep_rew_mean      | 44.6     |
|    exploration_rate | 0.05     |
| time/               |          |
|    episodes         | 1040     |
|    fps              | 111      |
|    time_elapsed     | 559      |
|    total_timesteps  | 62400    |
| train/              |          |
|    learning_rate    | 0.0001   |
|    loss             | 0.309    |
|    n_updates        | 3837     |
----------------------------------
----------------------------------
| rollout/            |          |
|    ep_len_mean      | 60       |
|    ep_rew_mean      | 44.6     |
|    exploration_rate | 0.05     |
| time/               |          |
|    episodes         | 1044     |
|    fps              | 111      |
|    time_elapsed     | 561      |
|    total_timesteps  | 62640    |
| train/              |          |
|    learning_rate    | 0.0001   |
|    loss             | 1.26     |
|    n_updates        | 3852     |
----------------------------------
----------------------------------
| rollout/            |          |
|    ep_len_mean      | 60       |
|    ep_rew_mean      | 44.5     |
|    exploration_rate | 0.05     |
| time/               |          |
|    episodes         | 1048     |
|    fps              | 111      |
|    time_elapsed     | 563      |
|    total_timesteps  | 62880    |
| train/              |          |
|    learning_rate    | 0.0001   |
|    loss             | 1.06     |
|    n_updates        | 3867     |
----------------------------------
----------------------------------
| rollout/            |          |
|    ep_len_mean      | 60       |
|    ep_rew_mean      | 44.2     |
|    exploration_rate | 0.05     |
| time/               |          |
|    episodes         | 1052     |
|    fps              | 111      |
|    time_elapsed     | 565      |
|    total_timesteps  | 63120    |
| train/              |          |
|    learning_rate    | 0.0001   |
|    loss             | 1.28     |
|    n_updates        | 3882     |
----------------------------------
----------------------------------
| rollout/            |          |
|    ep_len_mean      | 60       |
|    ep_rew_mean      | 44.3     |
|    exploration_rate | 0.05     |
| time/               |          |
|    episodes         | 1056     |
|    fps              | 111      |
|    time_elapsed     | 566      |
|    total_timesteps  | 63360    |
| train/              |          |
|    learning_rate    | 0.0001   |
|    loss             | 0.0957   |
|    n_updates        | 3897     |
----------------------------------
----------------------------------
| rollout/            |          |
|    ep_len_mean      | 60       |
|    ep_rew_mean      | 44.2     |
|    exploration_rate | 0.05     |
| time/               |          |
|    episodes         | 1060     |
|    fps              | 111      |
|    time_elapsed     | 568      |
|    total_timesteps  | 63600    |
| train/              |          |
|    learning_rate    | 0.0001   |
|    loss             | 0.31     |
|    n_updates        | 3912     |
----------------------------------
----------------------------------
| rollout/            |          |
|    ep_len_mean      | 60       |
|    ep_rew_mean      | 44.4     |
|    exploration_rate | 0.05     |
| time/               |          |
|    episodes         | 1064     |
|    fps              | 111      |
|    time_elapsed     | 570      |
|    total_timesteps  | 63840    |
| train/              |          |
|    learning_rate    | 0.0001   |
|    loss             | 1.31     |
|    n_updates        | 3927     |
----------------------------------
----------------------------------
| rollout/            |          |
|    ep_len_mean      | 60       |
|    ep_rew_mean      | 44.5     |
|    exploration_rate | 0.05     |
| time/               |          |
|    episodes         | 1068     |
|    fps              | 111      |
|    time_elapsed     | 572      |
|    total_timesteps  | 64080    |
| train/              |          |
|    learning_rate    | 0.0001   |
|    loss             | 0.351    |
|    n_updates        | 3942     |
----------------------------------
----------------------------------
| rollout/            |          |
|    ep_len_mean      | 60       |
|    ep_rew_mean      | 44.4     |
|    exploration_rate | 0.05     |
| time/               |          |
|    episodes         | 1072     |
|    fps              | 112      |
|    time_elapsed     | 574      |
|    total_timesteps  | 64320    |
| train/              |          |
|    learning_rate    | 0.0001   |
|    loss             | 0.108    |
|    n_updates        | 3957     |
----------------------------------
----------------------------------
| rollout/            |          |
|    ep_len_mean      | 60       |
|    ep_rew_mean      | 44.4     |
|    exploration_rate | 0.05     |
| time/               |          |
|    episodes         | 1076     |
|    fps              | 112      |
|    time_elapsed     | 576      |
|    total_timesteps  | 64560    |
| train/              |          |
|    learning_rate    | 0.0001   |
|    loss             | 0.361    |
|    n_updates        | 3972     |
----------------------------------
----------------------------------
| rollout/            |          |
|    ep_len_mean      | 60       |
|    ep_rew_mean      | 44.4     |
|    exploration_rate | 0.05     |
| time/               |          |
|    episodes         | 1080     |
|    fps              | 112      |
|    time_elapsed     | 578      |
|    total_timesteps  | 64800    |
| train/              |          |
|    learning_rate    | 0.0001   |
|    loss             | 0.191    |
|    n_updates        | 3987     |
----------------------------------
----------------------------------
| rollout/            |          |
|    ep_len_mean      | 60       |
|    ep_rew_mean      | 44.2     |
|    exploration_rate | 0.05     |
| time/               |          |
|    episodes         | 1084     |
|    fps              | 111      |
|    time_elapsed     | 580      |
|    total_timesteps  | 65040    |
| train/              |          |
|    learning_rate    | 0.0001   |
|    loss             | 0.362    |
|    n_updates        | 4002     |
----------------------------------
----------------------------------
| rollout/            |          |
|    ep_len_mean      | 60       |
|    ep_rew_mean      | 44.6     |
|    exploration_rate | 0.05     |
| time/               |          |
|    episodes         | 1088     |
|    fps              | 111      |
|    time_elapsed     | 583      |
|    total_timesteps  | 65280    |
| train/              |          |
|    learning_rate    | 0.0001   |
|    loss             | 2.24     |
|    n_updates        | 4017     |
----------------------------------
----------------------------------
| rollout/            |          |
|    ep_len_mean      | 60       |
|    ep_rew_mean      | 44.5     |
|    exploration_rate | 0.05     |
| time/               |          |
|    episodes         | 1092     |
|    fps              | 111      |
|    time_elapsed     | 585      |
|    total_timesteps  | 65520    |
| train/              |          |
|    learning_rate    | 0.0001   |
|    loss             | 0.753    |
|    n_updates        | 4032     |
----------------------------------
----------------------------------
| rollout/            |          |
|    ep_len_mean      | 60       |
|    ep_rew_mean      | 44.4     |
|    exploration_rate | 0.05     |
| time/               |          |
|    episodes         | 1096     |
|    fps              | 111      |
|    time_elapsed     | 587      |
|    total_timesteps  | 65760    |
| train/              |          |
|    learning_rate    | 0.0001   |
|    loss             | 0.305    |
|    n_updates        | 4047     |
----------------------------------
----------------------------------
| rollout/            |          |
|    ep_len_mean      | 60       |
|    ep_rew_mean      | 44.3     |
|    exploration_rate | 0.05     |
| time/               |          |
|    episodes         | 1100     |
|    fps              | 111      |
|    time_elapsed     | 589      |
|    total_timesteps  | 66000    |
| train/              |          |
|    learning_rate    | 0.0001   |
|    loss             | 1.33     |
|    n_updates        | 4062     |
----------------------------------
----------------------------------
| rollout/            |          |
|    ep_len_mean      | 60       |
|    ep_rew_mean      | 44.3     |
|    exploration_rate | 0.05     |
| time/               |          |
|    episodes         | 1104     |
|    fps              | 111      |
|    time_elapsed     | 591      |
|    total_timesteps  | 66240    |
| train/              |          |
|    learning_rate    | 0.0001   |
|    loss             | 2.46     |
|    n_updates        | 4077     |
----------------------------------
----------------------------------
| rollout/            |          |
|    ep_len_mean      | 60       |
|    ep_rew_mean      | 44.3     |
|    exploration_rate | 0.05     |
| time/               |          |
|    episodes         | 1108     |
|    fps              | 111      |
|    time_elapsed     | 593      |
|    total_timesteps  | 66480    |
| train/              |          |
|    learning_rate    | 0.0001   |
|    loss             | 1.13     |
|    n_updates        | 4092     |
----------------------------------
----------------------------------
| rollout/            |          |
|    ep_len_mean      | 60       |
|    ep_rew_mean      | 44.2     |
|    exploration_rate | 0.05     |
| time/               |          |
|    episodes         | 1112     |
|    fps              | 112      |
|    time_elapsed     | 595      |
|    total_timesteps  | 66720    |
| train/              |          |
|    learning_rate    | 0.0001   |
|    loss             | 0.0857   |
|    n_updates        | 4107     |
----------------------------------
----------------------------------
| rollout/            |          |
|    ep_len_mean      | 60       |
|    ep_rew_mean      | 44.2     |
|    exploration_rate | 0.05     |
| time/               |          |
|    episodes         | 1116     |
|    fps              | 112      |
|    time_elapsed     | 597      |
|    total_timesteps  | 66960    |
| train/              |          |
|    learning_rate    | 0.0001   |
|    loss             | 1.33     |
|    n_updates        | 4122     |
----------------------------------
----------------------------------
| rollout/            |          |
|    ep_len_mean      | 60       |
|    ep_rew_mean      | 44.2     |
|    exploration_rate | 0.05     |
| time/               |          |
|    episodes         | 1120     |
|    fps              | 112      |
|    time_elapsed     | 599      |
|    total_timesteps  | 67200    |
| train/              |          |
|    learning_rate    | 0.0001   |
|    loss             | 0.196    |
|    n_updates        | 4137     |
----------------------------------
----------------------------------
| rollout/            |          |
|    ep_len_mean      | 60       |
|    ep_rew_mean      | 44.2     |
|    exploration_rate | 0.05     |
| time/               |          |
|    episodes         | 1124     |
|    fps              | 112      |
|    time_elapsed     | 601      |
|    total_timesteps  | 67440    |
| train/              |          |
|    learning_rate    | 0.0001   |
|    loss             | 0.346    |
|    n_updates        | 4152     |
----------------------------------
----------------------------------
| rollout/            |          |
|    ep_len_mean      | 60       |
|    ep_rew_mean      | 44.2     |
|    exploration_rate | 0.05     |
| time/               |          |
|    episodes         | 1128     |
|    fps              | 111      |
|    time_elapsed     | 604      |
|    total_timesteps  | 67680    |
| train/              |          |
|    learning_rate    | 0.0001   |
|    loss             | 1.27     |
|    n_updates        | 4167     |
----------------------------------
----------------------------------
| rollout/            |          |
|    ep_len_mean      | 60       |
|    ep_rew_mean      | 44.3     |
|    exploration_rate | 0.05     |
| time/               |          |
|    episodes         | 1132     |
|    fps              | 111      |
|    time_elapsed     | 606      |
|    total_timesteps  | 67920    |
| train/              |          |
|    learning_rate    | 0.0001   |
|    loss             | 1.2      |
|    n_updates        | 4182     |
----------------------------------
----------------------------------
| rollout/            |          |
|    ep_len_mean      | 60       |
|    ep_rew_mean      | 44.4     |
|    exploration_rate | 0.05     |
| time/               |          |
|    episodes         | 1136     |
|    fps              | 111      |
|    time_elapsed     | 609      |
|    total_timesteps  | 68160    |
| train/              |          |
|    learning_rate    | 0.0001   |
|    loss             | 2.2      |
|    n_updates        | 4197     |
----------------------------------
----------------------------------
| rollout/            |          |
|    ep_len_mean      | 60       |
|    ep_rew_mean      | 44.6     |
|    exploration_rate | 0.05     |
| time/               |          |
|    episodes         | 1140     |
|    fps              | 111      |
|    time_elapsed     | 611      |
|    total_timesteps  | 68400    |
| train/              |          |
|    learning_rate    | 0.0001   |
|    loss             | 1.21     |
|    n_updates        | 4212     |
----------------------------------
----------------------------------
| rollout/            |          |
|    ep_len_mean      | 60       |
|    ep_rew_mean      | 44.6     |
|    exploration_rate | 0.05     |
| time/               |          |
|    episodes         | 1144     |
|    fps              | 111      |
|    time_elapsed     | 614      |
|    total_timesteps  | 68640    |
| train/              |          |
|    learning_rate    | 0.0001   |
|    loss             | 0.247    |
|    n_updates        | 4227     |
----------------------------------
----------------------------------
| rollout/            |          |
|    ep_len_mean      | 60       |
|    ep_rew_mean      | 44.7     |
|    exploration_rate | 0.05     |
| time/               |          |
|    episodes         | 1148     |
|    fps              | 111      |
|    time_elapsed     | 617      |
|    total_timesteps  | 68880    |
| train/              |          |
|    learning_rate    | 0.0001   |
|    loss             | 0.294    |
|    n_updates        | 4242     |
----------------------------------
----------------------------------
| rollout/            |          |
|    ep_len_mean      | 60       |
|    ep_rew_mean      | 44.9     |
|    exploration_rate | 0.05     |
| time/               |          |
|    episodes         | 1152     |
|    fps              | 111      |
|    time_elapsed     | 619      |
|    total_timesteps  | 69120    |
| train/              |          |
|    learning_rate    | 0.0001   |
|    loss             | 1.34     |
|    n_updates        | 4257     |
----------------------------------
----------------------------------
| rollout/            |          |
|    ep_len_mean      | 60       |
|    ep_rew_mean      | 45       |
|    exploration_rate | 0.05     |
| time/               |          |
|    episodes         | 1156     |
|    fps              | 111      |
|    time_elapsed     | 621      |
|    total_timesteps  | 69360    |
| train/              |          |
|    learning_rate    | 0.0001   |
|    loss             | 0.322    |
|    n_updates        | 4272     |
----------------------------------
----------------------------------
| rollout/            |          |
|    ep_len_mean      | 60       |
|    ep_rew_mean      | 44.9     |
|    exploration_rate | 0.05     |
| time/               |          |
|    episodes         | 1160     |
|    fps              | 111      |
|    time_elapsed     | 622      |
|    total_timesteps  | 69600    |
| train/              |          |
|    learning_rate    | 0.0001   |
|    loss             | 0.158    |
|    n_updates        | 4287     |
----------------------------------
----------------------------------
| rollout/            |          |
|    ep_len_mean      | 60       |
|    ep_rew_mean      | 45       |
|    exploration_rate | 0.05     |
| time/               |          |
|    episodes         | 1164     |
|    fps              | 111      |
|    time_elapsed     | 624      |
|    total_timesteps  | 69840    |
| train/              |          |
|    learning_rate    | 0.0001   |
|    loss             | 3.41     |
|    n_updates        | 4302     |
----------------------------------
----------------------------------
| rollout/            |          |
|    ep_len_mean      | 60       |
|    ep_rew_mean      | 44.9     |
|    exploration_rate | 0.05     |
| time/               |          |
|    episodes         | 1168     |
|    fps              | 111      |
|    time_elapsed     | 626      |
|    total_timesteps  | 70080    |
| train/              |          |
|    learning_rate    | 0.0001   |
|    loss             | 2.35     |
|    n_updates        | 4317     |
----------------------------------
----------------------------------
| rollout/            |          |
|    ep_len_mean      | 60       |
|    ep_rew_mean      | 44.8     |
|    exploration_rate | 0.05     |
| time/               |          |
|    episodes         | 1172     |
|    fps              | 111      |
|    time_elapsed     | 628      |
|    total_timesteps  | 70320    |
| train/              |          |
|    learning_rate    | 0.0001   |
|    loss             | 0.511    |
|    n_updates        | 4332     |
----------------------------------
----------------------------------
| rollout/            |          |
|    ep_len_mean      | 60       |
|    ep_rew_mean      | 44.6     |
|    exploration_rate | 0.05     |
| time/               |          |
|    episodes         | 1176     |
|    fps              | 111      |
|    time_elapsed     | 630      |
|    total_timesteps  | 70560    |
| train/              |          |
|    learning_rate    | 0.0001   |
|    loss             | 0.149    |
|    n_updates        | 4347     |
----------------------------------
----------------------------------
| rollout/            |          |
|    ep_len_mean      | 60       |
|    ep_rew_mean      | 44.6     |
|    exploration_rate | 0.05     |
| time/               |          |
|    episodes         | 1180     |
|    fps              | 111      |
|    time_elapsed     | 632      |
|    total_timesteps  | 70800    |
| train/              |          |
|    learning_rate    | 0.0001   |
|    loss             | 1.08     |
|    n_updates        | 4362     |
----------------------------------
----------------------------------
| rollout/            |          |
|    ep_len_mean      | 60       |
|    ep_rew_mean      | 44.8     |
|    exploration_rate | 0.05     |
| time/               |          |
|    episodes         | 1184     |
|    fps              | 111      |
|    time_elapsed     | 634      |
|    total_timesteps  | 71040    |
| train/              |          |
|    learning_rate    | 0.0001   |
|    loss             | 0.137    |
|    n_updates        | 4377     |
----------------------------------
----------------------------------
| rollout/            |          |
|    ep_len_mean      | 60       |
|    ep_rew_mean      | 44.6     |
|    exploration_rate | 0.05     |
| time/               |          |
|    episodes         | 1188     |
|    fps              | 112      |
|    time_elapsed     | 636      |
|    total_timesteps  | 71280    |
| train/              |          |
|    learning_rate    | 0.0001   |
|    loss             | 0.318    |
|    n_updates        | 4392     |
----------------------------------
----------------------------------
| rollout/            |          |
|    ep_len_mean      | 60       |
|    ep_rew_mean      | 44.7     |
|    exploration_rate | 0.05     |
| time/               |          |
|    episodes         | 1192     |
|    fps              | 112      |
|    time_elapsed     | 637      |
|    total_timesteps  | 71520    |
| train/              |          |
|    learning_rate    | 0.0001   |
|    loss             | 0.132    |
|    n_updates        | 4407     |
----------------------------------
----------------------------------
| rollout/            |          |
|    ep_len_mean      | 60       |
|    ep_rew_mean      | 44.8     |
|    exploration_rate | 0.05     |
| time/               |          |
|    episodes         | 1196     |
|    fps              | 112      |
|    time_elapsed     | 639      |
|    total_timesteps  | 71760    |
| train/              |          |
|    learning_rate    | 0.0001   |
|    loss             | 0.0572   |
|    n_updates        | 4422     |
----------------------------------
----------------------------------
| rollout/            |          |
|    ep_len_mean      | 60       |
|    ep_rew_mean      | 44.8     |
|    exploration_rate | 0.05     |
| time/               |          |
|    episodes         | 1200     |
|    fps              | 112      |
|    time_elapsed     | 642      |
|    total_timesteps  | 72000    |
| train/              |          |
|    learning_rate    | 0.0001   |
|    loss             | 1.29     |
|    n_updates        | 4437     |
----------------------------------
----------------------------------
| rollout/            |          |
|    ep_len_mean      | 60       |
|    ep_rew_mean      | 44.8     |
|    exploration_rate | 0.05     |
| time/               |          |
|    episodes         | 1204     |
|    fps              | 112      |
|    time_elapsed     | 644      |
|    total_timesteps  | 72240    |
| train/              |          |
|    learning_rate    | 0.0001   |
|    loss             | 1.18     |
|    n_updates        | 4452     |
----------------------------------
----------------------------------
| rollout/            |          |
|    ep_len_mean      | 60       |
|    ep_rew_mean      | 44.6     |
|    exploration_rate | 0.05     |
| time/               |          |
|    episodes         | 1208     |
|    fps              | 112      |
|    time_elapsed     | 647      |
|    total_timesteps  | 72480    |
| train/              |          |
|    learning_rate    | 0.0001   |
|    loss             | 1.43     |
|    n_updates        | 4467     |
----------------------------------
----------------------------------
| rollout/            |          |
|    ep_len_mean      | 60       |
|    ep_rew_mean      | 44.6     |
|    exploration_rate | 0.05     |
| time/               |          |
|    episodes         | 1212     |
|    fps              | 112      |
|    time_elapsed     | 648      |
|    total_timesteps  | 72720    |
| train/              |          |
|    learning_rate    | 0.0001   |
|    loss             | 1.39     |
|    n_updates        | 4482     |
----------------------------------
----------------------------------
| rollout/            |          |
|    ep_len_mean      | 60       |
|    ep_rew_mean      | 44.6     |
|    exploration_rate | 0.05     |
| time/               |          |
|    episodes         | 1216     |
|    fps              | 112      |
|    time_elapsed     | 651      |
|    total_timesteps  | 72960    |
| train/              |          |
|    learning_rate    | 0.0001   |
|    loss             | 0.353    |
|    n_updates        | 4497     |
----------------------------------
----------------------------------
| rollout/            |          |
|    ep_len_mean      | 60       |
|    ep_rew_mean      | 44.8     |
|    exploration_rate | 0.05     |
| time/               |          |
|    episodes         | 1220     |
|    fps              | 112      |
|    time_elapsed     | 653      |
|    total_timesteps  | 73200    |
| train/              |          |
|    learning_rate    | 0.0001   |
|    loss             | 0.743    |
|    n_updates        | 4512     |
----------------------------------
----------------------------------
| rollout/            |          |
|    ep_len_mean      | 60       |
|    ep_rew_mean      | 44.9     |
|    exploration_rate | 0.05     |
| time/               |          |
|    episodes         | 1224     |
|    fps              | 112      |
|    time_elapsed     | 655      |
|    total_timesteps  | 73440    |
| train/              |          |
|    learning_rate    | 0.0001   |
|    loss             | 0.24     |
|    n_updates        | 4527     |
----------------------------------
----------------------------------
| rollout/            |          |
|    ep_len_mean      | 60       |
|    ep_rew_mean      | 44.8     |
|    exploration_rate | 0.05     |
| time/               |          |
|    episodes         | 1228     |
|    fps              | 111      |
|    time_elapsed     | 657      |
|    total_timesteps  | 73680    |
| train/              |          |
|    learning_rate    | 0.0001   |
|    loss             | 2.44     |
|    n_updates        | 4542     |
----------------------------------
----------------------------------
| rollout/            |          |
|    ep_len_mean      | 60       |
|    ep_rew_mean      | 44.8     |
|    exploration_rate | 0.05     |
| time/               |          |
|    episodes         | 1232     |
|    fps              | 112      |
|    time_elapsed     | 659      |
|    total_timesteps  | 73920    |
| train/              |          |
|    learning_rate    | 0.0001   |
|    loss             | 0.0526   |
|    n_updates        | 4557     |
----------------------------------
----------------------------------
| rollout/            |          |
|    ep_len_mean      | 60       |
|    ep_rew_mean      | 44.8     |
|    exploration_rate | 0.05     |
| time/               |          |
|    episodes         | 1236     |
|    fps              | 112      |
|    time_elapsed     | 662      |
|    total_timesteps  | 74160    |
| train/              |          |
|    learning_rate    | 0.0001   |
|    loss             | 0.286    |
|    n_updates        | 4572     |
----------------------------------
----------------------------------
| rollout/            |          |
|    ep_len_mean      | 60       |
|    ep_rew_mean      | 44.8     |
|    exploration_rate | 0.05     |
| time/               |          |
|    episodes         | 1240     |
|    fps              | 112      |
|    time_elapsed     | 664      |
|    total_timesteps  | 74400    |
| train/              |          |
|    learning_rate    | 0.0001   |
|    loss             | 0.385    |
|    n_updates        | 4587     |
----------------------------------
----------------------------------
| rollout/            |          |
|    ep_len_mean      | 60       |
|    ep_rew_mean      | 44.8     |
|    exploration_rate | 0.05     |
| time/               |          |
|    episodes         | 1244     |
|    fps              | 112      |
|    time_elapsed     | 666      |
|    total_timesteps  | 74640    |
| train/              |          |
|    learning_rate    | 0.0001   |
|    loss             | 0.111    |
|    n_updates        | 4602     |
----------------------------------
----------------------------------
| rollout/            |          |
|    ep_len_mean      | 60       |
|    ep_rew_mean      | 44.6     |
|    exploration_rate | 0.05     |
| time/               |          |
|    episodes         | 1248     |
|    fps              | 112      |
|    time_elapsed     | 668      |
|    total_timesteps  | 74880    |
| train/              |          |
|    learning_rate    | 0.0001   |
|    loss             | 0.115    |
|    n_updates        | 4617     |
----------------------------------
----------------------------------
| rollout/            |          |
|    ep_len_mean      | 60       |
|    ep_rew_mean      | 44.5     |
|    exploration_rate | 0.05     |
| time/               |          |
|    episodes         | 1252     |
|    fps              | 111      |
|    time_elapsed     | 670      |
|    total_timesteps  | 75120    |
| train/              |          |
|    learning_rate    | 0.0001   |
|    loss             | 1.28     |
|    n_updates        | 4632     |
----------------------------------
----------------------------------
| rollout/            |          |
|    ep_len_mean      | 60       |
|    ep_rew_mean      | 44.4     |
|    exploration_rate | 0.05     |
| time/               |          |
|    episodes         | 1256     |
|    fps              | 111      |
|    time_elapsed     | 673      |
|    total_timesteps  | 75360    |
| train/              |          |
|    learning_rate    | 0.0001   |
|    loss             | 0.0622   |
|    n_updates        | 4647     |
----------------------------------
----------------------------------
| rollout/            |          |
|    ep_len_mean      | 60       |
|    ep_rew_mean      | 44.5     |
|    exploration_rate | 0.05     |
| time/               |          |
|    episodes         | 1260     |
|    fps              | 111      |
|    time_elapsed     | 676      |
|    total_timesteps  | 75600    |
| train/              |          |
|    learning_rate    | 0.0001   |
|    loss             | 0.0652   |
|    n_updates        | 4662     |
----------------------------------
----------------------------------
| rollout/            |          |
|    ep_len_mean      | 60       |
|    ep_rew_mean      | 44.4     |
|    exploration_rate | 0.05     |
| time/               |          |
|    episodes         | 1264     |
|    fps              | 111      |
|    time_elapsed     | 678      |
|    total_timesteps  | 75840    |
| train/              |          |
|    learning_rate    | 0.0001   |
|    loss             | 0.157    |
|    n_updates        | 4677     |
----------------------------------
----------------------------------
| rollout/            |          |
|    ep_len_mean      | 60       |
|    ep_rew_mean      | 44.4     |
|    exploration_rate | 0.05     |
| time/               |          |
|    episodes         | 1268     |
|    fps              | 111      |
|    time_elapsed     | 680      |
|    total_timesteps  | 76080    |
| train/              |          |
|    learning_rate    | 0.0001   |
|    loss             | 0.308    |
|    n_updates        | 4692     |
----------------------------------
----------------------------------
| rollout/            |          |
|    ep_len_mean      | 60       |
|    ep_rew_mean      | 44.6     |
|    exploration_rate | 0.05     |
| time/               |          |
|    episodes         | 1272     |
|    fps              | 111      |
|    time_elapsed     | 682      |
|    total_timesteps  | 76320    |
| train/              |          |
|    learning_rate    | 0.0001   |
|    loss             | 0.356    |
|    n_updates        | 4707     |
----------------------------------
----------------------------------
| rollout/            |          |
|    ep_len_mean      | 60       |
|    ep_rew_mean      | 44.9     |
|    exploration_rate | 0.05     |
| time/               |          |
|    episodes         | 1276     |
|    fps              | 111      |
|    time_elapsed     | 684      |
|    total_timesteps  | 76560    |
| train/              |          |
|    learning_rate    | 0.0001   |
|    loss             | 1.4      |
|    n_updates        | 4722     |
----------------------------------
----------------------------------
| rollout/            |          |
|    ep_len_mean      | 60       |
|    ep_rew_mean      | 44.8     |
|    exploration_rate | 0.05     |
| time/               |          |
|    episodes         | 1280     |
|    fps              | 111      |
|    time_elapsed     | 685      |
|    total_timesteps  | 76800    |
| train/              |          |
|    learning_rate    | 0.0001   |
|    loss             | 1.57     |
|    n_updates        | 4737     |
----------------------------------
----------------------------------
| rollout/            |          |
|    ep_len_mean      | 60       |
|    ep_rew_mean      | 44.8     |
|    exploration_rate | 0.05     |
| time/               |          |
|    episodes         | 1284     |
|    fps              | 112      |
|    time_elapsed     | 687      |
|    total_timesteps  | 77040    |
| train/              |          |
|    learning_rate    | 0.0001   |
|    loss             | 1.44     |
|    n_updates        | 4752     |
----------------------------------
----------------------------------
| rollout/            |          |
|    ep_len_mean      | 60       |
|    ep_rew_mean      | 44.9     |
|    exploration_rate | 0.05     |
| time/               |          |
|    episodes         | 1288     |
|    fps              | 112      |
|    time_elapsed     | 689      |
|    total_timesteps  | 77280    |
| train/              |          |
|    learning_rate    | 0.0001   |
|    loss             | 2.02     |
|    n_updates        | 4767     |
----------------------------------
----------------------------------
| rollout/            |          |
|    ep_len_mean      | 60       |
|    ep_rew_mean      | 45       |
|    exploration_rate | 0.05     |
| time/               |          |
|    episodes         | 1292     |
|    fps              | 112      |
|    time_elapsed     | 690      |
|    total_timesteps  | 77520    |
| train/              |          |
|    learning_rate    | 0.0001   |
|    loss             | 1.22     |
|    n_updates        | 4782     |
----------------------------------
----------------------------------
| rollout/            |          |
|    ep_len_mean      | 60       |
|    ep_rew_mean      | 45       |
|    exploration_rate | 0.05     |
| time/               |          |
|    episodes         | 1296     |
|    fps              | 112      |
|    time_elapsed     | 692      |
|    total_timesteps  | 77760    |
| train/              |          |
|    learning_rate    | 0.0001   |
|    loss             | 2.58     |
|    n_updates        | 4797     |
----------------------------------
----------------------------------
| rollout/            |          |
|    ep_len_mean      | 60       |
|    ep_rew_mean      | 45       |
|    exploration_rate | 0.05     |
| time/               |          |
|    episodes         | 1300     |
|    fps              | 112      |
|    time_elapsed     | 694      |
|    total_timesteps  | 78000    |
| train/              |          |
|    learning_rate    | 0.0001   |
|    loss             | 0.41     |
|    n_updates        | 4812     |
----------------------------------
----------------------------------
| rollout/            |          |
|    ep_len_mean      | 60       |
|    ep_rew_mean      | 45.1     |
|    exploration_rate | 0.05     |
| time/               |          |
|    episodes         | 1304     |
|    fps              | 112      |
|    time_elapsed     | 696      |
|    total_timesteps  | 78240    |
| train/              |          |
|    learning_rate    | 0.0001   |
|    loss             | 2.61     |
|    n_updates        | 4827     |
----------------------------------
----------------------------------
| rollout/            |          |
|    ep_len_mean      | 60       |
|    ep_rew_mean      | 45.3     |
|    exploration_rate | 0.05     |
| time/               |          |
|    episodes         | 1308     |
|    fps              | 112      |
|    time_elapsed     | 698      |
|    total_timesteps  | 78480    |
| train/              |          |
|    learning_rate    | 0.0001   |
|    loss             | 0.332    |
|    n_updates        | 4842     |
----------------------------------
----------------------------------
| rollout/            |          |
|    ep_len_mean      | 60       |
|    ep_rew_mean      | 45.3     |
|    exploration_rate | 0.05     |
| time/               |          |
|    episodes         | 1312     |
|    fps              | 112      |
|    time_elapsed     | 700      |
|    total_timesteps  | 78720    |
| train/              |          |
|    learning_rate    | 0.0001   |
|    loss             | 1.47     |
|    n_updates        | 4857     |
----------------------------------
----------------------------------
| rollout/            |          |
|    ep_len_mean      | 60       |
|    ep_rew_mean      | 45.2     |
|    exploration_rate | 0.05     |
| time/               |          |
|    episodes         | 1316     |
|    fps              | 112      |
|    time_elapsed     | 702      |
|    total_timesteps  | 78960    |
| train/              |          |
|    learning_rate    | 0.0001   |
|    loss             | 0.305    |
|    n_updates        | 4872     |
----------------------------------
----------------------------------
| rollout/            |          |
|    ep_len_mean      | 60       |
|    ep_rew_mean      | 45.3     |
|    exploration_rate | 0.05     |
| time/               |          |
|    episodes         | 1320     |
|    fps              | 112      |
|    time_elapsed     | 704      |
|    total_timesteps  | 79200    |
| train/              |          |
|    learning_rate    | 0.0001   |
|    loss             | 0.0348   |
|    n_updates        | 4887     |
----------------------------------
----------------------------------
| rollout/            |          |
|    ep_len_mean      | 60       |
|    ep_rew_mean      | 44.9     |
|    exploration_rate | 0.05     |
| time/               |          |
|    episodes         | 1324     |
|    fps              | 112      |
|    time_elapsed     | 707      |
|    total_timesteps  | 79440    |
| train/              |          |
|    learning_rate    | 0.0001   |
|    loss             | 0.116    |
|    n_updates        | 4902     |
----------------------------------
----------------------------------
| rollout/            |          |
|    ep_len_mean      | 60       |
|    ep_rew_mean      | 45       |
|    exploration_rate | 0.05     |
| time/               |          |
|    episodes         | 1328     |
|    fps              | 112      |
|    time_elapsed     | 710      |
|    total_timesteps  | 79680    |
| train/              |          |
|    learning_rate    | 0.0001   |
|    loss             | 1.75     |
|    n_updates        | 4917     |
----------------------------------
----------------------------------
| rollout/            |          |
|    ep_len_mean      | 60       |
|    ep_rew_mean      | 44.7     |
|    exploration_rate | 0.05     |
| time/               |          |
|    episodes         | 1332     |
|    fps              | 112      |
|    time_elapsed     | 712      |
|    total_timesteps  | 79920    |
| train/              |          |
|    learning_rate    | 0.0001   |
|    loss             | 0.139    |
|    n_updates        | 4932     |
----------------------------------
----------------------------------
| rollout/            |          |
|    ep_len_mean      | 60       |
|    ep_rew_mean      | 44.6     |
|    exploration_rate | 0.05     |
| time/               |          |
|    episodes         | 1336     |
|    fps              | 112      |
|    time_elapsed     | 714      |
|    total_timesteps  | 80160    |
| train/              |          |
|    learning_rate    | 0.0001   |
|    loss             | 0.339    |
|    n_updates        | 4947     |
----------------------------------
----------------------------------
| rollout/            |          |
|    ep_len_mean      | 60       |
|    ep_rew_mean      | 44.5     |
|    exploration_rate | 0.05     |
| time/               |          |
|    episodes         | 1340     |
|    fps              | 112      |
|    time_elapsed     | 715      |
|    total_timesteps  | 80400    |
| train/              |          |
|    learning_rate    | 0.0001   |
|    loss             | 0.275    |
|    n_updates        | 4962     |
----------------------------------
----------------------------------
| rollout/            |          |
|    ep_len_mean      | 60       |
|    ep_rew_mean      | 44.6     |
|    exploration_rate | 0.05     |
| time/               |          |
|    episodes         | 1344     |
|    fps              | 112      |
|    time_elapsed     | 718      |
|    total_timesteps  | 80640    |
| train/              |          |
|    learning_rate    | 0.0001   |
|    loss             | 0.252    |
|    n_updates        | 4977     |
----------------------------------
----------------------------------
| rollout/            |          |
|    ep_len_mean      | 60       |
|    ep_rew_mean      | 44.6     |
|    exploration_rate | 0.05     |
| time/               |          |
|    episodes         | 1348     |
|    fps              | 112      |
|    time_elapsed     | 720      |
|    total_timesteps  | 80880    |
| train/              |          |
|    learning_rate    | 0.0001   |
|    loss             | 3.87     |
|    n_updates        | 4992     |
----------------------------------
----------------------------------
| rollout/            |          |
|    ep_len_mean      | 60       |
|    ep_rew_mean      | 44.6     |
|    exploration_rate | 0.05     |
| time/               |          |
|    episodes         | 1352     |
|    fps              | 112      |
|    time_elapsed     | 722      |
|    total_timesteps  | 81120    |
| train/              |          |
|    learning_rate    | 0.0001   |
|    loss             | 0.55     |
|    n_updates        | 5007     |
----------------------------------
----------------------------------
| rollout/            |          |
|    ep_len_mean      | 60       |
|    ep_rew_mean      | 44.8     |
|    exploration_rate | 0.05     |
| time/               |          |
|    episodes         | 1356     |
|    fps              | 112      |
|    time_elapsed     | 724      |
|    total_timesteps  | 81360    |
| train/              |          |
|    learning_rate    | 0.0001   |
|    loss             | 1.42     |
|    n_updates        | 5022     |
----------------------------------
----------------------------------
| rollout/            |          |
|    ep_len_mean      | 60       |
|    ep_rew_mean      | 44.6     |
|    exploration_rate | 0.05     |
| time/               |          |
|    episodes         | 1360     |
|    fps              | 112      |
|    time_elapsed     | 726      |
|    total_timesteps  | 81600    |
| train/              |          |
|    learning_rate    | 0.0001   |
|    loss             | 1.59     |
|    n_updates        | 5037     |
----------------------------------
----------------------------------
| rollout/            |          |
|    ep_len_mean      | 60       |
|    ep_rew_mean      | 44.7     |
|    exploration_rate | 0.05     |
| time/               |          |
|    episodes         | 1364     |
|    fps              | 112      |
|    time_elapsed     | 728      |
|    total_timesteps  | 81840    |
| train/              |          |
|    learning_rate    | 0.0001   |
|    loss             | 0.0517   |
|    n_updates        | 5052     |
----------------------------------
----------------------------------
| rollout/            |          |
|    ep_len_mean      | 60       |
|    ep_rew_mean      | 44.6     |
|    exploration_rate | 0.05     |
| time/               |          |
|    episodes         | 1368     |
|    fps              | 112      |
|    time_elapsed     | 730      |
|    total_timesteps  | 82080    |
| train/              |          |
|    learning_rate    | 0.0001   |
|    loss             | 1.42     |
|    n_updates        | 5067     |
----------------------------------
----------------------------------
| rollout/            |          |
|    ep_len_mean      | 60       |
|    ep_rew_mean      | 44.7     |
|    exploration_rate | 0.05     |
| time/               |          |
|    episodes         | 1372     |
|    fps              | 112      |
|    time_elapsed     | 732      |
|    total_timesteps  | 82320    |
| train/              |          |
|    learning_rate    | 0.0001   |
|    loss             | 0.549    |
|    n_updates        | 5082     |
----------------------------------
----------------------------------
| rollout/            |          |
|    ep_len_mean      | 60       |
|    ep_rew_mean      | 44.7     |
|    exploration_rate | 0.05     |
| time/               |          |
|    episodes         | 1376     |
|    fps              | 112      |
|    time_elapsed     | 734      |
|    total_timesteps  | 82560    |
| train/              |          |
|    learning_rate    | 0.0001   |
|    loss             | 2.56     |
|    n_updates        | 5097     |
----------------------------------
----------------------------------
| rollout/            |          |
|    ep_len_mean      | 60       |
|    ep_rew_mean      | 44.6     |
|    exploration_rate | 0.05     |
| time/               |          |
|    episodes         | 1380     |
|    fps              | 112      |
|    time_elapsed     | 736      |
|    total_timesteps  | 82800    |
| train/              |          |
|    learning_rate    | 0.0001   |
|    loss             | 2.54     |
|    n_updates        | 5112     |
----------------------------------
----------------------------------
| rollout/            |          |
|    ep_len_mean      | 60       |
|    ep_rew_mean      | 44.6     |
|    exploration_rate | 0.05     |
| time/               |          |
|    episodes         | 1384     |
|    fps              | 112      |
|    time_elapsed     | 738      |
|    total_timesteps  | 83040    |
| train/              |          |
|    learning_rate    | 0.0001   |
|    loss             | 1.32     |
|    n_updates        | 5127     |
----------------------------------
----------------------------------
| rollout/            |          |
|    ep_len_mean      | 60       |
|    ep_rew_mean      | 44.4     |
|    exploration_rate | 0.05     |
| time/               |          |
|    episodes         | 1388     |
|    fps              | 112      |
|    time_elapsed     | 740      |
|    total_timesteps  | 83280    |
| train/              |          |
|    learning_rate    | 0.0001   |
|    loss             | 0.383    |
|    n_updates        | 5142     |
----------------------------------
----------------------------------
| rollout/            |          |
|    ep_len_mean      | 60       |
|    ep_rew_mean      | 44.2     |
|    exploration_rate | 0.05     |
| time/               |          |
|    episodes         | 1392     |
|    fps              | 112      |
|    time_elapsed     | 742      |
|    total_timesteps  | 83520    |
| train/              |          |
|    learning_rate    | 0.0001   |
|    loss             | 0.162    |
|    n_updates        | 5157     |
----------------------------------
----------------------------------
| rollout/            |          |
|    ep_len_mean      | 60       |
|    ep_rew_mean      | 44.2     |
|    exploration_rate | 0.05     |
| time/               |          |
|    episodes         | 1396     |
|    fps              | 112      |
|    time_elapsed     | 744      |
|    total_timesteps  | 83760    |
| train/              |          |
|    learning_rate    | 0.0001   |
|    loss             | 3.05     |
|    n_updates        | 5172     |
----------------------------------
----------------------------------
| rollout/            |          |
|    ep_len_mean      | 60       |
|    ep_rew_mean      | 44.2     |
|    exploration_rate | 0.05     |
| time/               |          |
|    episodes         | 1400     |
|    fps              | 112      |
|    time_elapsed     | 747      |
|    total_timesteps  | 84000    |
| train/              |          |
|    learning_rate    | 0.0001   |
|    loss             | 0.088    |
|    n_updates        | 5187     |
----------------------------------
----------------------------------
| rollout/            |          |
|    ep_len_mean      | 60       |
|    ep_rew_mean      | 44.1     |
|    exploration_rate | 0.05     |
| time/               |          |
|    episodes         | 1404     |
|    fps              | 112      |
|    time_elapsed     | 749      |
|    total_timesteps  | 84240    |
| train/              |          |
|    learning_rate    | 0.0001   |
|    loss             | 0.0926   |
|    n_updates        | 5202     |
----------------------------------
----------------------------------
| rollout/            |          |
|    ep_len_mean      | 60       |
|    ep_rew_mean      | 44       |
|    exploration_rate | 0.05     |
| time/               |          |
|    episodes         | 1408     |
|    fps              | 112      |
|    time_elapsed     | 753      |
|    total_timesteps  | 84480    |
| train/              |          |
|    learning_rate    | 0.0001   |
|    loss             | 0.2      |
|    n_updates        | 5217     |
----------------------------------
----------------------------------
| rollout/            |          |
|    ep_len_mean      | 60       |
|    ep_rew_mean      | 44       |
|    exploration_rate | 0.05     |
| time/               |          |
|    episodes         | 1412     |
|    fps              | 111      |
|    time_elapsed     | 756      |
|    total_timesteps  | 84720    |
| train/              |          |
|    learning_rate    | 0.0001   |
|    loss             | 0.109    |
|    n_updates        | 5232     |
----------------------------------
----------------------------------
| rollout/            |          |
|    ep_len_mean      | 60       |
|    ep_rew_mean      | 44       |
|    exploration_rate | 0.05     |
| time/               |          |
|    episodes         | 1416     |
|    fps              | 111      |
|    time_elapsed     | 759      |
|    total_timesteps  | 84960    |
| train/              |          |
|    learning_rate    | 0.0001   |
|    loss             | 0.243    |
|    n_updates        | 5247     |
----------------------------------
----------------------------------
| rollout/            |          |
|    ep_len_mean      | 60       |
|    ep_rew_mean      | 43.9     |
|    exploration_rate | 0.05     |
| time/               |          |
|    episodes         | 1420     |
|    fps              | 111      |
|    time_elapsed     | 761      |
|    total_timesteps  | 85200    |
| train/              |          |
|    learning_rate    | 0.0001   |
|    loss             | 0.213    |
|    n_updates        | 5262     |
----------------------------------
----------------------------------
| rollout/            |          |
|    ep_len_mean      | 60       |
|    ep_rew_mean      | 44.2     |
|    exploration_rate | 0.05     |
| time/               |          |
|    episodes         | 1424     |
|    fps              | 111      |
|    time_elapsed     | 764      |
|    total_timesteps  | 85440    |
| train/              |          |
|    learning_rate    | 0.0001   |
|    loss             | 0.319    |
|    n_updates        | 5277     |
----------------------------------
----------------------------------
| rollout/            |          |
|    ep_len_mean      | 60       |
|    ep_rew_mean      | 44.1     |
|    exploration_rate | 0.05     |
| time/               |          |
|    episodes         | 1428     |
|    fps              | 111      |
|    time_elapsed     | 766      |
|    total_timesteps  | 85680    |
| train/              |          |
|    learning_rate    | 0.0001   |
|    loss             | 0.0591   |
|    n_updates        | 5292     |
----------------------------------
----------------------------------
| rollout/            |          |
|    ep_len_mean      | 60       |
|    ep_rew_mean      | 44.4     |
|    exploration_rate | 0.05     |
| time/               |          |
|    episodes         | 1432     |
|    fps              | 111      |
|    time_elapsed     | 768      |
|    total_timesteps  | 85920    |
| train/              |          |
|    learning_rate    | 0.0001   |
|    loss             | 1.26     |
|    n_updates        | 5307     |
----------------------------------
----------------------------------
| rollout/            |          |
|    ep_len_mean      | 60       |
|    ep_rew_mean      | 44.4     |
|    exploration_rate | 0.05     |
| time/               |          |
|    episodes         | 1436     |
|    fps              | 111      |
|    time_elapsed     | 770      |
|    total_timesteps  | 86160    |
| train/              |          |
|    learning_rate    | 0.0001   |
|    loss             | 0.319    |
|    n_updates        | 5322     |
----------------------------------
----------------------------------
| rollout/            |          |
|    ep_len_mean      | 60       |
|    ep_rew_mean      | 44.6     |
|    exploration_rate | 0.05     |
| time/               |          |
|    episodes         | 1440     |
|    fps              | 111      |
|    time_elapsed     | 772      |
|    total_timesteps  | 86400    |
| train/              |          |
|    learning_rate    | 0.0001   |
|    loss             | 0.0215   |
|    n_updates        | 5337     |
----------------------------------
----------------------------------
| rollout/            |          |
|    ep_len_mean      | 60       |
|    ep_rew_mean      | 44.6     |
|    exploration_rate | 0.05     |
| time/               |          |
|    episodes         | 1444     |
|    fps              | 111      |
|    time_elapsed     | 774      |
|    total_timesteps  | 86640    |
| train/              |          |
|    learning_rate    | 0.0001   |
|    loss             | 0.249    |
|    n_updates        | 5352     |
----------------------------------
----------------------------------
| rollout/            |          |
|    ep_len_mean      | 60       |
|    ep_rew_mean      | 44.6     |
|    exploration_rate | 0.05     |
| time/               |          |
|    episodes         | 1448     |
|    fps              | 111      |
|    time_elapsed     | 776      |
|    total_timesteps  | 86880    |
| train/              |          |
|    learning_rate    | 0.0001   |
|    loss             | 1.37     |
|    n_updates        | 5367     |
----------------------------------
----------------------------------
| rollout/            |          |
|    ep_len_mean      | 60       |
|    ep_rew_mean      | 44.7     |
|    exploration_rate | 0.05     |
| time/               |          |
|    episodes         | 1452     |
|    fps              | 111      |
|    time_elapsed     | 778      |
|    total_timesteps  | 87120    |
| train/              |          |
|    learning_rate    | 0.0001   |
|    loss             | 1.63     |
|    n_updates        | 5382     |
----------------------------------
----------------------------------
| rollout/            |          |
|    ep_len_mean      | 60       |
|    ep_rew_mean      | 44.5     |
|    exploration_rate | 0.05     |
| time/               |          |
|    episodes         | 1456     |
|    fps              | 111      |
|    time_elapsed     | 780      |
|    total_timesteps  | 87360    |
| train/              |          |
|    learning_rate    | 0.0001   |
|    loss             | 0.215    |
|    n_updates        | 5397     |
----------------------------------
----------------------------------
| rollout/            |          |
|    ep_len_mean      | 60       |
|    ep_rew_mean      | 44.7     |
|    exploration_rate | 0.05     |
| time/               |          |
|    episodes         | 1460     |
|    fps              | 111      |
|    time_elapsed     | 782      |
|    total_timesteps  | 87600    |
| train/              |          |
|    learning_rate    | 0.0001   |
|    loss             | 0.313    |
|    n_updates        | 5412     |
----------------------------------
----------------------------------
| rollout/            |          |
|    ep_len_mean      | 60       |
|    ep_rew_mean      | 44.7     |
|    exploration_rate | 0.05     |
| time/               |          |
|    episodes         | 1464     |
|    fps              | 111      |
|    time_elapsed     | 785      |
|    total_timesteps  | 87840    |
| train/              |          |
|    learning_rate    | 0.0001   |
|    loss             | 1.81     |
|    n_updates        | 5427     |
----------------------------------
----------------------------------
| rollout/            |          |
|    ep_len_mean      | 60       |
|    ep_rew_mean      | 44.7     |
|    exploration_rate | 0.05     |
| time/               |          |
|    episodes         | 1468     |
|    fps              | 111      |
|    time_elapsed     | 787      |
|    total_timesteps  | 88080    |
| train/              |          |
|    learning_rate    | 0.0001   |
|    loss             | 0.279    |
|    n_updates        | 5442     |
----------------------------------
----------------------------------
| rollout/            |          |
|    ep_len_mean      | 60       |
|    ep_rew_mean      | 44.6     |
|    exploration_rate | 0.05     |
| time/               |          |
|    episodes         | 1472     |
|    fps              | 111      |
|    time_elapsed     | 790      |
|    total_timesteps  | 88320    |
| train/              |          |
|    learning_rate    | 0.0001   |
|    loss             | 1.35     |
|    n_updates        | 5457     |
----------------------------------
----------------------------------
| rollout/            |          |
|    ep_len_mean      | 60       |
|    ep_rew_mean      | 44.4     |
|    exploration_rate | 0.05     |
| time/               |          |
|    episodes         | 1476     |
|    fps              | 111      |
|    time_elapsed     | 792      |
|    total_timesteps  | 88560    |
| train/              |          |
|    learning_rate    | 0.0001   |
|    loss             | 1.42     |
|    n_updates        | 5472     |
----------------------------------
----------------------------------
| rollout/            |          |
|    ep_len_mean      | 60       |
|    ep_rew_mean      | 44.6     |
|    exploration_rate | 0.05     |
| time/               |          |
|    episodes         | 1480     |
|    fps              | 111      |
|    time_elapsed     | 794      |
|    total_timesteps  | 88800    |
| train/              |          |
|    learning_rate    | 0.0001   |
|    loss             | 0.267    |
|    n_updates        | 5487     |
----------------------------------
----------------------------------
| rollout/            |          |
|    ep_len_mean      | 60       |
|    ep_rew_mean      | 44.7     |
|    exploration_rate | 0.05     |
| time/               |          |
|    episodes         | 1484     |
|    fps              | 111      |
|    time_elapsed     | 796      |
|    total_timesteps  | 89040    |
| train/              |          |
|    learning_rate    | 0.0001   |
|    loss             | 1.71     |
|    n_updates        | 5502     |
----------------------------------
----------------------------------
| rollout/            |          |
|    ep_len_mean      | 60       |
|    ep_rew_mean      | 44.9     |
|    exploration_rate | 0.05     |
| time/               |          |
|    episodes         | 1488     |
|    fps              | 111      |
|    time_elapsed     | 798      |
|    total_timesteps  | 89280    |
| train/              |          |
|    learning_rate    | 0.0001   |
|    loss             | 1.48     |
|    n_updates        | 5517     |
----------------------------------
----------------------------------
| rollout/            |          |
|    ep_len_mean      | 60       |
|    ep_rew_mean      | 45       |
|    exploration_rate | 0.05     |
| time/               |          |
|    episodes         | 1492     |
|    fps              | 111      |
|    time_elapsed     | 800      |
|    total_timesteps  | 89520    |
| train/              |          |
|    learning_rate    | 0.0001   |
|    loss             | 0.285    |
|    n_updates        | 5532     |
----------------------------------
----------------------------------
| rollout/            |          |
|    ep_len_mean      | 60       |
|    ep_rew_mean      | 45.1     |
|    exploration_rate | 0.05     |
| time/               |          |
|    episodes         | 1496     |
|    fps              | 111      |
|    time_elapsed     | 802      |
|    total_timesteps  | 89760    |
| train/              |          |
|    learning_rate    | 0.0001   |
|    loss             | 0.122    |
|    n_updates        | 5547     |
----------------------------------
----------------------------------
| rollout/            |          |
|    ep_len_mean      | 60       |
|    ep_rew_mean      | 45.1     |
|    exploration_rate | 0.05     |
| time/               |          |
|    episodes         | 1500     |
|    fps              | 111      |
|    time_elapsed     | 803      |
|    total_timesteps  | 90000    |
| train/              |          |
|    learning_rate    | 0.0001   |
|    loss             | 0.348    |
|    n_updates        | 5562     |
----------------------------------
----------------------------------
| rollout/            |          |
|    ep_len_mean      | 60       |
|    ep_rew_mean      | 45.1     |
|    exploration_rate | 0.05     |
| time/               |          |
|    episodes         | 1504     |
|    fps              | 112      |
|    time_elapsed     | 805      |
|    total_timesteps  | 90240    |
| train/              |          |
|    learning_rate    | 0.0001   |
|    loss             | 0.31     |
|    n_updates        | 5577     |
----------------------------------
----------------------------------
| rollout/            |          |
|    ep_len_mean      | 60       |
|    ep_rew_mean      | 45.1     |
|    exploration_rate | 0.05     |
| time/               |          |
|    episodes         | 1508     |
|    fps              | 112      |
|    time_elapsed     | 807      |
|    total_timesteps  | 90480    |
| train/              |          |
|    learning_rate    | 0.0001   |
|    loss             | 0.125    |
|    n_updates        | 5592     |
----------------------------------
----------------------------------
| rollout/            |          |
|    ep_len_mean      | 60       |
|    ep_rew_mean      | 45.2     |
|    exploration_rate | 0.05     |
| time/               |          |
|    episodes         | 1512     |
|    fps              | 112      |
|    time_elapsed     | 809      |
|    total_timesteps  | 90720    |
| train/              |          |
|    learning_rate    | 0.0001   |
|    loss             | 1.64     |
|    n_updates        | 5607     |
----------------------------------
----------------------------------
| rollout/            |          |
|    ep_len_mean      | 60       |
|    ep_rew_mean      | 45.1     |
|    exploration_rate | 0.05     |
| time/               |          |
|    episodes         | 1516     |
|    fps              | 112      |
|    time_elapsed     | 811      |
|    total_timesteps  | 90960    |
| train/              |          |
|    learning_rate    | 0.0001   |
|    loss             | 0.347    |
|    n_updates        | 5622     |
----------------------------------
----------------------------------
| rollout/            |          |
|    ep_len_mean      | 60       |
|    ep_rew_mean      | 45       |
|    exploration_rate | 0.05     |
| time/               |          |
|    episodes         | 1520     |
|    fps              | 112      |
|    time_elapsed     | 813      |
|    total_timesteps  | 91200    |
| train/              |          |
|    learning_rate    | 0.0001   |
|    loss             | 1.65     |
|    n_updates        | 5637     |
----------------------------------
----------------------------------
| rollout/            |          |
|    ep_len_mean      | 60       |
|    ep_rew_mean      | 45.1     |
|    exploration_rate | 0.05     |
| time/               |          |
|    episodes         | 1524     |
|    fps              | 112      |
|    time_elapsed     | 815      |
|    total_timesteps  | 91440    |
| train/              |          |
|    learning_rate    | 0.0001   |
|    loss             | 2.77     |
|    n_updates        | 5652     |
----------------------------------
----------------------------------
| rollout/            |          |
|    ep_len_mean      | 60       |
|    ep_rew_mean      | 45.1     |
|    exploration_rate | 0.05     |
| time/               |          |
|    episodes         | 1528     |
|    fps              | 112      |
|    time_elapsed     | 816      |
|    total_timesteps  | 91680    |
| train/              |          |
|    learning_rate    | 0.0001   |
|    loss             | 1.52     |
|    n_updates        | 5667     |
----------------------------------
----------------------------------
| rollout/            |          |
|    ep_len_mean      | 60       |
|    ep_rew_mean      | 45       |
|    exploration_rate | 0.05     |
| time/               |          |
|    episodes         | 1532     |
|    fps              | 112      |
|    time_elapsed     | 818      |
|    total_timesteps  | 91920    |
| train/              |          |
|    learning_rate    | 0.0001   |
|    loss             | 0.156    |
|    n_updates        | 5682     |
----------------------------------
----------------------------------
| rollout/            |          |
|    ep_len_mean      | 60       |
|    ep_rew_mean      | 45.2     |
|    exploration_rate | 0.05     |
| time/               |          |
|    episodes         | 1536     |
|    fps              | 112      |
|    time_elapsed     | 820      |
|    total_timesteps  | 92160    |
| train/              |          |
|    learning_rate    | 0.0001   |
|    loss             | 1.54     |
|    n_updates        | 5697     |
----------------------------------
----------------------------------
| rollout/            |          |
|    ep_len_mean      | 60       |
|    ep_rew_mean      | 45.2     |
|    exploration_rate | 0.05     |
| time/               |          |
|    episodes         | 1540     |
|    fps              | 112      |
|    time_elapsed     | 822      |
|    total_timesteps  | 92400    |
| train/              |          |
|    learning_rate    | 0.0001   |
|    loss             | 1.67     |
|    n_updates        | 5712     |
----------------------------------
----------------------------------
| rollout/            |          |
|    ep_len_mean      | 60       |
|    ep_rew_mean      | 45.2     |
|    exploration_rate | 0.05     |
| time/               |          |
|    episodes         | 1544     |
|    fps              | 112      |
|    time_elapsed     | 824      |
|    total_timesteps  | 92640    |
| train/              |          |
|    learning_rate    | 0.0001   |
|    loss             | 5.57     |
|    n_updates        | 5727     |
----------------------------------
----------------------------------
| rollout/            |          |
|    ep_len_mean      | 60       |
|    ep_rew_mean      | 45.3     |
|    exploration_rate | 0.05     |
| time/               |          |
|    episodes         | 1548     |
|    fps              | 112      |
|    time_elapsed     | 826      |
|    total_timesteps  | 92880    |
| train/              |          |
|    learning_rate    | 0.0001   |
|    loss             | 0.169    |
|    n_updates        | 5742     |
----------------------------------
----------------------------------
| rollout/            |          |
|    ep_len_mean      | 60       |
|    ep_rew_mean      | 45.4     |
|    exploration_rate | 0.05     |
| time/               |          |
|    episodes         | 1552     |
|    fps              | 112      |
|    time_elapsed     | 828      |
|    total_timesteps  | 93120    |
| train/              |          |
|    learning_rate    | 0.0001   |
|    loss             | 0.0411   |
|    n_updates        | 5757     |
----------------------------------
----------------------------------
| rollout/            |          |
|    ep_len_mean      | 60       |
|    ep_rew_mean      | 45.5     |
|    exploration_rate | 0.05     |
| time/               |          |
|    episodes         | 1556     |
|    fps              | 112      |
|    time_elapsed     | 830      |
|    total_timesteps  | 93360    |
| train/              |          |
|    learning_rate    | 0.0001   |
|    loss             | 0.317    |
|    n_updates        | 5772     |
----------------------------------
----------------------------------
| rollout/            |          |
|    ep_len_mean      | 60       |
|    ep_rew_mean      | 45.5     |
|    exploration_rate | 0.05     |
| time/               |          |
|    episodes         | 1560     |
|    fps              | 112      |
|    time_elapsed     | 831      |
|    total_timesteps  | 93600    |
| train/              |          |
|    learning_rate    | 0.0001   |
|    loss             | 0.183    |
|    n_updates        | 5787     |
----------------------------------
----------------------------------
| rollout/            |          |
|    ep_len_mean      | 60       |
|    ep_rew_mean      | 45.5     |
|    exploration_rate | 0.05     |
| time/               |          |
|    episodes         | 1564     |
|    fps              | 112      |
|    time_elapsed     | 833      |
|    total_timesteps  | 93840    |
| train/              |          |
|    learning_rate    | 0.0001   |
|    loss             | 0.495    |
|    n_updates        | 5802     |
----------------------------------
----------------------------------
| rollout/            |          |
|    ep_len_mean      | 60       |
|    ep_rew_mean      | 45.6     |
|    exploration_rate | 0.05     |
| time/               |          |
|    episodes         | 1568     |
|    fps              | 112      |
|    time_elapsed     | 835      |
|    total_timesteps  | 94080    |
| train/              |          |
|    learning_rate    | 0.0001   |
|    loss             | 3.01     |
|    n_updates        | 5817     |
----------------------------------
----------------------------------
| rollout/            |          |
|    ep_len_mean      | 60       |
|    ep_rew_mean      | 45.6     |
|    exploration_rate | 0.05     |
| time/               |          |
|    episodes         | 1572     |
|    fps              | 112      |
|    time_elapsed     | 837      |
|    total_timesteps  | 94320    |
| train/              |          |
|    learning_rate    | 0.0001   |
|    loss             | 0.137    |
|    n_updates        | 5832     |
----------------------------------
----------------------------------
| rollout/            |          |
|    ep_len_mean      | 60       |
|    ep_rew_mean      | 45.8     |
|    exploration_rate | 0.05     |
| time/               |          |
|    episodes         | 1576     |
|    fps              | 112      |
|    time_elapsed     | 839      |
|    total_timesteps  | 94560    |
| train/              |          |
|    learning_rate    | 0.0001   |
|    loss             | 1.45     |
|    n_updates        | 5847     |
----------------------------------
----------------------------------
| rollout/            |          |
|    ep_len_mean      | 60       |
|    ep_rew_mean      | 45.6     |
|    exploration_rate | 0.05     |
| time/               |          |
|    episodes         | 1580     |
|    fps              | 112      |
|    time_elapsed     | 841      |
|    total_timesteps  | 94800    |
| train/              |          |
|    learning_rate    | 0.0001   |
|    loss             | 0.153    |
|    n_updates        | 5862     |
----------------------------------
----------------------------------
| rollout/            |          |
|    ep_len_mean      | 60       |
|    ep_rew_mean      | 45.6     |
|    exploration_rate | 0.05     |
| time/               |          |
|    episodes         | 1584     |
|    fps              | 112      |
|    time_elapsed     | 843      |
|    total_timesteps  | 95040    |
| train/              |          |
|    learning_rate    | 0.0001   |
|    loss             | 0.259    |
|    n_updates        | 5877     |
----------------------------------
----------------------------------
| rollout/            |          |
|    ep_len_mean      | 60       |
|    ep_rew_mean      | 45.6     |
|    exploration_rate | 0.05     |
| time/               |          |
|    episodes         | 1588     |
|    fps              | 112      |
|    time_elapsed     | 844      |
|    total_timesteps  | 95280    |
| train/              |          |
|    learning_rate    | 0.0001   |
|    loss             | 0.0378   |
|    n_updates        | 5892     |
----------------------------------
----------------------------------
| rollout/            |          |
|    ep_len_mean      | 60       |
|    ep_rew_mean      | 45.7     |
|    exploration_rate | 0.05     |
| time/               |          |
|    episodes         | 1592     |
|    fps              | 112      |
|    time_elapsed     | 846      |
|    total_timesteps  | 95520    |
| train/              |          |
|    learning_rate    | 0.0001   |
|    loss             | 0.0289   |
|    n_updates        | 5907     |
----------------------------------
----------------------------------
| rollout/            |          |
|    ep_len_mean      | 60       |
|    ep_rew_mean      | 45.8     |
|    exploration_rate | 0.05     |
| time/               |          |
|    episodes         | 1596     |
|    fps              | 112      |
|    time_elapsed     | 848      |
|    total_timesteps  | 95760    |
| train/              |          |
|    learning_rate    | 0.0001   |
|    loss             | 1.42     |
|    n_updates        | 5922     |
----------------------------------
----------------------------------
| rollout/            |          |
|    ep_len_mean      | 60       |
|    ep_rew_mean      | 45.8     |
|    exploration_rate | 0.05     |
| time/               |          |
|    episodes         | 1600     |
|    fps              | 112      |
|    time_elapsed     | 849      |
|    total_timesteps  | 96000    |
| train/              |          |
|    learning_rate    | 0.0001   |
|    loss             | 1.63     |
|    n_updates        | 5937     |
----------------------------------
----------------------------------
| rollout/            |          |
|    ep_len_mean      | 60       |
|    ep_rew_mean      | 45.7     |
|    exploration_rate | 0.05     |
| time/               |          |
|    episodes         | 1604     |
|    fps              | 112      |
|    time_elapsed     | 851      |
|    total_timesteps  | 96240    |
| train/              |          |
|    learning_rate    | 0.0001   |
|    loss             | 0.508    |
|    n_updates        | 5952     |
----------------------------------
----------------------------------
| rollout/            |          |
|    ep_len_mean      | 60       |
|    ep_rew_mean      | 45.6     |
|    exploration_rate | 0.05     |
| time/               |          |
|    episodes         | 1608     |
|    fps              | 113      |
|    time_elapsed     | 853      |
|    total_timesteps  | 96480    |
| train/              |          |
|    learning_rate    | 0.0001   |
|    loss             | 0.129    |
|    n_updates        | 5967     |
----------------------------------
----------------------------------
| rollout/            |          |
|    ep_len_mean      | 60       |
|    ep_rew_mean      | 45.5     |
|    exploration_rate | 0.05     |
| time/               |          |
|    episodes         | 1612     |
|    fps              | 113      |
|    time_elapsed     | 855      |
|    total_timesteps  | 96720    |
| train/              |          |
|    learning_rate    | 0.0001   |
|    loss             | 1.66     |
|    n_updates        | 5982     |
----------------------------------
----------------------------------
| rollout/            |          |
|    ep_len_mean      | 60       |
|    ep_rew_mean      | 45.7     |
|    exploration_rate | 0.05     |
| time/               |          |
|    episodes         | 1616     |
|    fps              | 112      |
|    time_elapsed     | 858      |
|    total_timesteps  | 96960    |
| train/              |          |
|    learning_rate    | 0.0001   |
|    loss             | 0.321    |
|    n_updates        | 5997     |
----------------------------------
----------------------------------
| rollout/            |          |
|    ep_len_mean      | 60       |
|    ep_rew_mean      | 45.6     |
|    exploration_rate | 0.05     |
| time/               |          |
|    episodes         | 1620     |
|    fps              | 113      |
|    time_elapsed     | 860      |
|    total_timesteps  | 97200    |
| train/              |          |
|    learning_rate    | 0.0001   |
|    loss             | 0.257    |
|    n_updates        | 6012     |
----------------------------------
----------------------------------
| rollout/            |          |
|    ep_len_mean      | 60       |
|    ep_rew_mean      | 45.4     |
|    exploration_rate | 0.05     |
| time/               |          |
|    episodes         | 1624     |
|    fps              | 113      |
|    time_elapsed     | 861      |
|    total_timesteps  | 97440    |
| train/              |          |
|    learning_rate    | 0.0001   |
|    loss             | 0.208    |
|    n_updates        | 6027     |
----------------------------------
----------------------------------
| rollout/            |          |
|    ep_len_mean      | 60       |
|    ep_rew_mean      | 45.4     |
|    exploration_rate | 0.05     |
| time/               |          |
|    episodes         | 1628     |
|    fps              | 113      |
|    time_elapsed     | 863      |
|    total_timesteps  | 97680    |
| train/              |          |
|    learning_rate    | 0.0001   |
|    loss             | 0.166    |
|    n_updates        | 6042     |
----------------------------------
----------------------------------
| rollout/            |          |
|    ep_len_mean      | 60       |
|    ep_rew_mean      | 45.5     |
|    exploration_rate | 0.05     |
| time/               |          |
|    episodes         | 1632     |
|    fps              | 113      |
|    time_elapsed     | 865      |
|    total_timesteps  | 97920    |
| train/              |          |
|    learning_rate    | 0.0001   |
|    loss             | 0.438    |
|    n_updates        | 6057     |
----------------------------------
----------------------------------
| rollout/            |          |
|    ep_len_mean      | 60       |
|    ep_rew_mean      | 45.6     |
|    exploration_rate | 0.05     |
| time/               |          |
|    episodes         | 1636     |
|    fps              | 113      |
|    time_elapsed     | 867      |
|    total_timesteps  | 98160    |
| train/              |          |
|    learning_rate    | 0.0001   |
|    loss             | 0.305    |
|    n_updates        | 6072     |
----------------------------------
----------------------------------
| rollout/            |          |
|    ep_len_mean      | 60       |
|    ep_rew_mean      | 45.5     |
|    exploration_rate | 0.05     |
| time/               |          |
|    episodes         | 1640     |
|    fps              | 113      |
|    time_elapsed     | 869      |
|    total_timesteps  | 98400    |
| train/              |          |
|    learning_rate    | 0.0001   |
|    loss             | 1.49     |
|    n_updates        | 6087     |
----------------------------------
----------------------------------
| rollout/            |          |
|    ep_len_mean      | 60       |
|    ep_rew_mean      | 45.3     |
|    exploration_rate | 0.05     |
| time/               |          |
|    episodes         | 1644     |
|    fps              | 113      |
|    time_elapsed     | 870      |
|    total_timesteps  | 98640    |
| train/              |          |
|    learning_rate    | 0.0001   |
|    loss             | 1.98     |
|    n_updates        | 6102     |
----------------------------------
----------------------------------
| rollout/            |          |
|    ep_len_mean      | 60       |
|    ep_rew_mean      | 45.3     |
|    exploration_rate | 0.05     |
| time/               |          |
|    episodes         | 1648     |
|    fps              | 113      |
|    time_elapsed     | 872      |
|    total_timesteps  | 98880    |
| train/              |          |
|    learning_rate    | 0.0001   |
|    loss             | 1.51     |
|    n_updates        | 6117     |
----------------------------------
----------------------------------
| rollout/            |          |
|    ep_len_mean      | 60       |
|    ep_rew_mean      | 45.2     |
|    exploration_rate | 0.05     |
| time/               |          |
|    episodes         | 1652     |
|    fps              | 113      |
|    time_elapsed     | 874      |
|    total_timesteps  | 99120    |
| train/              |          |
|    learning_rate    | 0.0001   |
|    loss             | 1.49     |
|    n_updates        | 6132     |
----------------------------------
----------------------------------
| rollout/            |          |
|    ep_len_mean      | 60       |
|    ep_rew_mean      | 44.9     |
|    exploration_rate | 0.05     |
| time/               |          |
|    episodes         | 1656     |
|    fps              | 113      |
|    time_elapsed     | 876      |
|    total_timesteps  | 99360    |
| train/              |          |
|    learning_rate    | 0.0001   |
|    loss             | 0.0856   |
|    n_updates        | 6147     |
----------------------------------
----------------------------------
| rollout/            |          |
|    ep_len_mean      | 60       |
|    ep_rew_mean      | 44.9     |
|    exploration_rate | 0.05     |
| time/               |          |
|    episodes         | 1660     |
|    fps              | 113      |
|    time_elapsed     | 878      |
|    total_timesteps  | 99600    |
| train/              |          |
|    learning_rate    | 0.0001   |
|    loss             | 0.0481   |
|    n_updates        | 6162     |
----------------------------------
----------------------------------
| rollout/            |          |
|    ep_len_mean      | 60       |
|    ep_rew_mean      | 44.9     |
|    exploration_rate | 0.05     |
| time/               |          |
|    episodes         | 1664     |
|    fps              | 113      |
|    time_elapsed     | 880      |
|    total_timesteps  | 99840    |
| train/              |          |
|    learning_rate    | 0.0001   |
|    loss             | 0.151    |
|    n_updates        | 6177     |
----------------------------------
  saved model: D:\Projects\TN+NTN\drl\models_ka\dqn_seed0.zip
  evaluating dqn seed=0 (200 episodes)...
    dqn seed=0 eval: 20/200 episodes
    dqn seed=0 eval: 40/200 episodes
    dqn seed=0 eval: 60/200 episodes
    dqn seed=0 eval: 80/200 episodes
    dqn seed=0 eval: 100/200 episodes
    dqn seed=0 eval: 120/200 episodes
    dqn seed=0 eval: 140/200 episodes
    dqn seed=0 eval: 160/200 episodes
    dqn seed=0 eval: 180/200 episodes
    dqn seed=0 eval: 200/200 episodes
  training dqn seed=1 ...
Using cpu device
----------------------------------
| rollout/            |          |
|    ep_len_mean      | 60       |
|    ep_rew_mean      | -2.11    |
|    exploration_rate | 0.977    |
| time/               |          |
|    episodes         | 4        |
|    fps              | 264      |
|    time_elapsed     | 0        |
|    total_timesteps  | 240      |
----------------------------------
----------------------------------
| rollout/            |          |
|    ep_len_mean      | 60       |
|    ep_rew_mean      | -1.55    |
|    exploration_rate | 0.954    |
| time/               |          |
|    episodes         | 8        |
|    fps              | 279      |
|    time_elapsed     | 1        |
|    total_timesteps  | 480      |
----------------------------------
----------------------------------
| rollout/            |          |
|    ep_len_mean      | 60       |
|    ep_rew_mean      | -1.25    |
|    exploration_rate | 0.932    |
| time/               |          |
|    episodes         | 12       |
|    fps              | 277      |
|    time_elapsed     | 2        |
|    total_timesteps  | 720      |
----------------------------------
----------------------------------
| rollout/            |          |
|    ep_len_mean      | 60       |
|    ep_rew_mean      | -2.37    |
|    exploration_rate | 0.909    |
| time/               |          |
|    episodes         | 16       |
|    fps              | 279      |
|    time_elapsed     | 3        |
|    total_timesteps  | 960      |
----------------------------------
----------------------------------
| rollout/            |          |
|    ep_len_mean      | 60       |
|    ep_rew_mean      | -1.44    |
|    exploration_rate | 0.886    |
| time/               |          |
|    episodes         | 20       |
|    fps              | 258      |
|    time_elapsed     | 4        |
|    total_timesteps  | 1200     |
| train/              |          |
|    learning_rate    | 0.0001   |
|    loss             | 0.341    |
|    n_updates        | 12       |
----------------------------------
----------------------------------
| rollout/            |          |
|    ep_len_mean      | 60       |
|    ep_rew_mean      | -2.29    |
|    exploration_rate | 0.863    |
| time/               |          |
|    episodes         | 24       |
|    fps              | 252      |
|    time_elapsed     | 5        |
|    total_timesteps  | 1440     |
| train/              |          |
|    learning_rate    | 0.0001   |
|    loss             | 0.315    |
|    n_updates        | 27       |
----------------------------------
----------------------------------
| rollout/            |          |
|    ep_len_mean      | 60       |
|    ep_rew_mean      | -0.422   |
|    exploration_rate | 0.84     |
| time/               |          |
|    episodes         | 28       |
|    fps              | 243      |
|    time_elapsed     | 6        |
|    total_timesteps  | 1680     |
| train/              |          |
|    learning_rate    | 0.0001   |
|    loss             | 0.286    |
|    n_updates        | 42       |
----------------------------------
----------------------------------
| rollout/            |          |
|    ep_len_mean      | 60       |
|    ep_rew_mean      | 0.799    |
|    exploration_rate | 0.818    |
| time/               |          |
|    episodes         | 32       |
|    fps              | 237      |
|    time_elapsed     | 8        |
|    total_timesteps  | 1920     |
| train/              |          |
|    learning_rate    | 0.0001   |
|    loss             | 0.282    |
|    n_updates        | 57       |
----------------------------------
----------------------------------
| rollout/            |          |
|    ep_len_mean      | 60       |
|    ep_rew_mean      | 2.58     |
|    exploration_rate | 0.795    |
| time/               |          |
|    episodes         | 36       |
|    fps              | 228      |
|    time_elapsed     | 9        |
|    total_timesteps  | 2160     |
| train/              |          |
|    learning_rate    | 0.0001   |
|    loss             | 0.313    |
|    n_updates        | 72       |
----------------------------------
----------------------------------
| rollout/            |          |
|    ep_len_mean      | 60       |
|    ep_rew_mean      | 3        |
|    exploration_rate | 0.772    |
| time/               |          |
|    episodes         | 40       |
|    fps              | 220      |
|    time_elapsed     | 10       |
|    total_timesteps  | 2400     |
| train/              |          |
|    learning_rate    | 0.0001   |
|    loss             | 0.282    |
|    n_updates        | 87       |
----------------------------------
----------------------------------
| rollout/            |          |
|    ep_len_mean      | 60       |
|    ep_rew_mean      | 3.9      |
|    exploration_rate | 0.749    |
| time/               |          |
|    episodes         | 44       |
|    fps              | 212      |
|    time_elapsed     | 12       |
|    total_timesteps  | 2640     |
| train/              |          |
|    learning_rate    | 0.0001   |
|    loss             | 0.265    |
|    n_updates        | 102      |
----------------------------------
----------------------------------
| rollout/            |          |
|    ep_len_mean      | 60       |
|    ep_rew_mean      | 4.33     |
|    exploration_rate | 0.726    |
| time/               |          |
|    episodes         | 48       |
|    fps              | 205      |
|    time_elapsed     | 14       |
|    total_timesteps  | 2880     |
| train/              |          |
|    learning_rate    | 0.0001   |
|    loss             | 0.191    |
|    n_updates        | 117      |
----------------------------------
----------------------------------
| rollout/            |          |
|    ep_len_mean      | 60       |
|    ep_rew_mean      | 4.45     |
|    exploration_rate | 0.704    |
| time/               |          |
|    episodes         | 52       |
|    fps              | 202      |
|    time_elapsed     | 15       |
|    total_timesteps  | 3120     |
| train/              |          |
|    learning_rate    | 0.0001   |
|    loss             | 0.264    |
|    n_updates        | 132      |
----------------------------------
----------------------------------
| rollout/            |          |
|    ep_len_mean      | 60       |
|    ep_rew_mean      | 5.14     |
|    exploration_rate | 0.681    |
| time/               |          |
|    episodes         | 56       |
|    fps              | 197      |
|    time_elapsed     | 17       |
|    total_timesteps  | 3360     |
| train/              |          |
|    learning_rate    | 0.0001   |
|    loss             | 0.223    |
|    n_updates        | 147      |
----------------------------------
----------------------------------
| rollout/            |          |
|    ep_len_mean      | 60       |
|    ep_rew_mean      | 5.41     |
|    exploration_rate | 0.658    |
| time/               |          |
|    episodes         | 60       |
|    fps              | 195      |
|    time_elapsed     | 18       |
|    total_timesteps  | 3600     |
| train/              |          |
|    learning_rate    | 0.0001   |
|    loss             | 0.223    |
|    n_updates        | 162      |
----------------------------------
----------------------------------
| rollout/            |          |
|    ep_len_mean      | 60       |
|    ep_rew_mean      | 5.4      |
|    exploration_rate | 0.635    |
| time/               |          |
|    episodes         | 64       |
|    fps              | 196      |
|    time_elapsed     | 19       |
|    total_timesteps  | 3840     |
| train/              |          |
|    learning_rate    | 0.0001   |
|    loss             | 0.211    |
|    n_updates        | 177      |
----------------------------------
----------------------------------
| rollout/            |          |
|    ep_len_mean      | 60       |
|    ep_rew_mean      | 5.96     |
|    exploration_rate | 0.612    |
| time/               |          |
|    episodes         | 68       |
|    fps              | 196      |
|    time_elapsed     | 20       |
|    total_timesteps  | 4080     |
| train/              |          |
|    learning_rate    | 0.0001   |
|    loss             | 0.262    |
|    n_updates        | 192      |
----------------------------------
----------------------------------
| rollout/            |          |
|    ep_len_mean      | 60       |
|    ep_rew_mean      | 6.75     |
|    exploration_rate | 0.59     |
| time/               |          |
|    episodes         | 72       |
|    fps              | 194      |
|    time_elapsed     | 22       |
|    total_timesteps  | 4320     |
| train/              |          |
|    learning_rate    | 0.0001   |
|    loss             | 0.233    |
|    n_updates        | 207      |
----------------------------------
----------------------------------
| rollout/            |          |
|    ep_len_mean      | 60       |
|    ep_rew_mean      | 7.09     |
|    exploration_rate | 0.567    |
| time/               |          |
|    episodes         | 76       |
|    fps              | 194      |
|    time_elapsed     | 23       |
|    total_timesteps  | 4560     |
| train/              |          |
|    learning_rate    | 0.0001   |
|    loss             | 0.208    |
|    n_updates        | 222      |
----------------------------------
----------------------------------
| rollout/            |          |
|    ep_len_mean      | 60       |
|    ep_rew_mean      | 7.75     |
|    exploration_rate | 0.544    |
| time/               |          |
|    episodes         | 80       |
|    fps              | 192      |
|    time_elapsed     | 24       |
|    total_timesteps  | 4800     |
| train/              |          |
|    learning_rate    | 0.0001   |
|    loss             | 0.258    |
|    n_updates        | 237      |
----------------------------------
----------------------------------
| rollout/            |          |
|    ep_len_mean      | 60       |
|    ep_rew_mean      | 8.13     |
|    exploration_rate | 0.521    |
| time/               |          |
|    episodes         | 84       |
|    fps              | 192      |
|    time_elapsed     | 26       |
|    total_timesteps  | 5040     |
| train/              |          |
|    learning_rate    | 0.0001   |
|    loss             | 0.372    |
|    n_updates        | 252      |
----------------------------------
----------------------------------
| rollout/            |          |
|    ep_len_mean      | 60       |
|    ep_rew_mean      | 8.57     |
|    exploration_rate | 0.498    |
| time/               |          |
|    episodes         | 88       |
|    fps              | 191      |
|    time_elapsed     | 27       |
|    total_timesteps  | 5280     |
| train/              |          |
|    learning_rate    | 0.0001   |
|    loss             | 0.279    |
|    n_updates        | 267      |
----------------------------------
----------------------------------
| rollout/            |          |
|    ep_len_mean      | 60       |
|    ep_rew_mean      | 8.78     |
|    exploration_rate | 0.476    |
| time/               |          |
|    episodes         | 92       |
|    fps              | 191      |
|    time_elapsed     | 28       |
|    total_timesteps  | 5520     |
| train/              |          |
|    learning_rate    | 0.0001   |
|    loss             | 0.238    |
|    n_updates        | 282      |
----------------------------------
----------------------------------
| rollout/            |          |
|    ep_len_mean      | 60       |
|    ep_rew_mean      | 9.29     |
|    exploration_rate | 0.453    |
| time/               |          |
|    episodes         | 96       |
|    fps              | 189      |
|    time_elapsed     | 30       |
|    total_timesteps  | 5760     |
| train/              |          |
|    learning_rate    | 0.0001   |
|    loss             | 0.256    |
|    n_updates        | 297      |
----------------------------------
----------------------------------
| rollout/            |          |
|    ep_len_mean      | 60       |
|    ep_rew_mean      | 9.55     |
|    exploration_rate | 0.43     |
| time/               |          |
|    episodes         | 100      |
|    fps              | 188      |
|    time_elapsed     | 31       |
|    total_timesteps  | 6000     |
| train/              |          |
|    learning_rate    | 0.0001   |
|    loss             | 0.157    |
|    n_updates        | 312      |
----------------------------------
----------------------------------
| rollout/            |          |
|    ep_len_mean      | 60       |
|    ep_rew_mean      | 10.2     |
|    exploration_rate | 0.407    |
| time/               |          |
|    episodes         | 104      |
|    fps              | 187      |
|    time_elapsed     | 33       |
|    total_timesteps  | 6240     |
| train/              |          |
|    learning_rate    | 0.0001   |
|    loss             | 0.277    |
|    n_updates        | 327      |
----------------------------------
----------------------------------
| rollout/            |          |
|    ep_len_mean      | 60       |
|    ep_rew_mean      | 11.3     |
|    exploration_rate | 0.384    |
| time/               |          |
|    episodes         | 108      |
|    fps              | 187      |
|    time_elapsed     | 34       |
|    total_timesteps  | 6480     |
| train/              |          |
|    learning_rate    | 0.0001   |
|    loss             | 0.277    |
|    n_updates        | 342      |
----------------------------------
----------------------------------
| rollout/            |          |
|    ep_len_mean      | 60       |
|    ep_rew_mean      | 12       |
|    exploration_rate | 0.362    |
| time/               |          |
|    episodes         | 112      |
|    fps              | 186      |
|    time_elapsed     | 36       |
|    total_timesteps  | 6720     |
| train/              |          |
|    learning_rate    | 0.0001   |
|    loss             | 0.214    |
|    n_updates        | 357      |
----------------------------------
----------------------------------
| rollout/            |          |
|    ep_len_mean      | 60       |
|    ep_rew_mean      | 13       |
|    exploration_rate | 0.339    |
| time/               |          |
|    episodes         | 116      |
|    fps              | 185      |
|    time_elapsed     | 37       |
|    total_timesteps  | 6960     |
| train/              |          |
|    learning_rate    | 0.0001   |
|    loss             | 0.241    |
|    n_updates        | 372      |
----------------------------------
----------------------------------
| rollout/            |          |
|    ep_len_mean      | 60       |
|    ep_rew_mean      | 13.6     |
|    exploration_rate | 0.316    |
| time/               |          |
|    episodes         | 120      |
|    fps              | 184      |
|    time_elapsed     | 38       |
|    total_timesteps  | 7200     |
| train/              |          |
|    learning_rate    | 0.0001   |
|    loss             | 0.371    |
|    n_updates        | 387      |
----------------------------------
----------------------------------
| rollout/            |          |
|    ep_len_mean      | 60       |
|    ep_rew_mean      | 15       |
|    exploration_rate | 0.293    |
| time/               |          |
|    episodes         | 124      |
|    fps              | 182      |
|    time_elapsed     | 40       |
|    total_timesteps  | 7440     |
| train/              |          |
|    learning_rate    | 0.0001   |
|    loss             | 0.287    |
|    n_updates        | 402      |
----------------------------------
----------------------------------
| rollout/            |          |
|    ep_len_mean      | 60       |
|    ep_rew_mean      | 15.8     |
|    exploration_rate | 0.27     |
| time/               |          |
|    episodes         | 128      |
|    fps              | 182      |
|    time_elapsed     | 42       |
|    total_timesteps  | 7680     |
| train/              |          |
|    learning_rate    | 0.0001   |
|    loss             | 0.275    |
|    n_updates        | 417      |
----------------------------------
----------------------------------
| rollout/            |          |
|    ep_len_mean      | 60       |
|    ep_rew_mean      | 16.7     |
|    exploration_rate | 0.248    |
| time/               |          |
|    episodes         | 132      |
|    fps              | 181      |
|    time_elapsed     | 43       |
|    total_timesteps  | 7920     |
| train/              |          |
|    learning_rate    | 0.0001   |
|    loss             | 0.222    |
|    n_updates        | 432      |
----------------------------------
----------------------------------
| rollout/            |          |
|    ep_len_mean      | 60       |
|    ep_rew_mean      | 17.6     |
|    exploration_rate | 0.225    |
| time/               |          |
|    episodes         | 136      |
|    fps              | 180      |
|    time_elapsed     | 45       |
|    total_timesteps  | 8160     |
| train/              |          |
|    learning_rate    | 0.0001   |
|    loss             | 0.433    |
|    n_updates        | 447      |
----------------------------------
----------------------------------
| rollout/            |          |
|    ep_len_mean      | 60       |
|    ep_rew_mean      | 18.7     |
|    exploration_rate | 0.202    |
| time/               |          |
|    episodes         | 140      |
|    fps              | 180      |
|    time_elapsed     | 46       |
|    total_timesteps  | 8400     |
| train/              |          |
|    learning_rate    | 0.0001   |
|    loss             | 0.312    |
|    n_updates        | 462      |
----------------------------------
----------------------------------
| rollout/            |          |
|    ep_len_mean      | 60       |
|    ep_rew_mean      | 19.5     |
|    exploration_rate | 0.179    |
| time/               |          |
|    episodes         | 144      |
|    fps              | 178      |
|    time_elapsed     | 48       |
|    total_timesteps  | 8640     |
| train/              |          |
|    learning_rate    | 0.0001   |
|    loss             | 0.227    |
|    n_updates        | 477      |
----------------------------------
----------------------------------
| rollout/            |          |
|    ep_len_mean      | 60       |
|    ep_rew_mean      | 20.6     |
|    exploration_rate | 0.156    |
| time/               |          |
|    episodes         | 148      |
|    fps              | 177      |
|    time_elapsed     | 50       |
|    total_timesteps  | 8880     |
| train/              |          |
|    learning_rate    | 0.0001   |
|    loss             | 0.123    |
|    n_updates        | 492      |
----------------------------------
----------------------------------
| rollout/            |          |
|    ep_len_mean      | 60       |
|    ep_rew_mean      | 21.8     |
|    exploration_rate | 0.134    |
| time/               |          |
|    episodes         | 152      |
|    fps              | 176      |
|    time_elapsed     | 51       |
|    total_timesteps  | 9120     |
| train/              |          |
|    learning_rate    | 0.0001   |
|    loss             | 0.505    |
|    n_updates        | 507      |
----------------------------------
----------------------------------
| rollout/            |          |
|    ep_len_mean      | 60       |
|    ep_rew_mean      | 22.9     |
|    exploration_rate | 0.111    |
| time/               |          |
|    episodes         | 156      |
|    fps              | 175      |
|    time_elapsed     | 53       |
|    total_timesteps  | 9360     |
| train/              |          |
|    learning_rate    | 0.0001   |
|    loss             | 0.315    |
|    n_updates        | 522      |
----------------------------------
----------------------------------
| rollout/            |          |
|    ep_len_mean      | 60       |
|    ep_rew_mean      | 24.1     |
|    exploration_rate | 0.088    |
| time/               |          |
|    episodes         | 160      |
|    fps              | 173      |
|    time_elapsed     | 55       |
|    total_timesteps  | 9600     |
| train/              |          |
|    learning_rate    | 0.0001   |
|    loss             | 0.406    |
|    n_updates        | 537      |
----------------------------------
----------------------------------
| rollout/            |          |
|    ep_len_mean      | 60       |
|    ep_rew_mean      | 25.5     |
|    exploration_rate | 0.0652   |
| time/               |          |
|    episodes         | 164      |
|    fps              | 170      |
|    time_elapsed     | 57       |
|    total_timesteps  | 9840     |
| train/              |          |
|    learning_rate    | 0.0001   |
|    loss             | 0.402    |
|    n_updates        | 552      |
----------------------------------
----------------------------------
| rollout/            |          |
|    ep_len_mean      | 60       |
|    ep_rew_mean      | 26.5     |
|    exploration_rate | 0.05     |
| time/               |          |
|    episodes         | 168      |
|    fps              | 167      |
|    time_elapsed     | 60       |
|    total_timesteps  | 10080    |
| train/              |          |
|    learning_rate    | 0.0001   |
|    loss             | 0.284    |
|    n_updates        | 567      |
----------------------------------
----------------------------------
| rollout/            |          |
|    ep_len_mean      | 60       |
|    ep_rew_mean      | 27.4     |
|    exploration_rate | 0.05     |
| time/               |          |
|    episodes         | 172      |
|    fps              | 166      |
|    time_elapsed     | 62       |
|    total_timesteps  | 10320    |
| train/              |          |
|    learning_rate    | 0.0001   |
|    loss             | 0.214    |
|    n_updates        | 582      |
----------------------------------
----------------------------------
| rollout/            |          |
|    ep_len_mean      | 60       |
|    ep_rew_mean      | 28.5     |
|    exploration_rate | 0.05     |
| time/               |          |
|    episodes         | 176      |
|    fps              | 165      |
|    time_elapsed     | 63       |
|    total_timesteps  | 10560    |
| train/              |          |
|    learning_rate    | 0.0001   |
|    loss             | 0.278    |
|    n_updates        | 597      |
----------------------------------
----------------------------------
| rollout/            |          |
|    ep_len_mean      | 60       |
|    ep_rew_mean      | 29.5     |
|    exploration_rate | 0.05     |
| time/               |          |
|    episodes         | 180      |
|    fps              | 164      |
|    time_elapsed     | 65       |
|    total_timesteps  | 10800    |
| train/              |          |
|    learning_rate    | 0.0001   |
|    loss             | 0.225    |
|    n_updates        | 612      |
----------------------------------
----------------------------------
| rollout/            |          |
|    ep_len_mean      | 60       |
|    ep_rew_mean      | 30.7     |
|    exploration_rate | 0.05     |
| time/               |          |
|    episodes         | 184      |
|    fps              | 164      |
|    time_elapsed     | 67       |
|    total_timesteps  | 11040    |
| train/              |          |
|    learning_rate    | 0.0001   |
|    loss             | 0.314    |
|    n_updates        | 627      |
----------------------------------
----------------------------------
| rollout/            |          |
|    ep_len_mean      | 60       |
|    ep_rew_mean      | 31.8     |
|    exploration_rate | 0.05     |
| time/               |          |
|    episodes         | 188      |
|    fps              | 164      |
|    time_elapsed     | 68       |
|    total_timesteps  | 11280    |
| train/              |          |
|    learning_rate    | 0.0001   |
|    loss             | 0.257    |
|    n_updates        | 642      |
----------------------------------
----------------------------------
| rollout/            |          |
|    ep_len_mean      | 60       |
|    ep_rew_mean      | 32.8     |
|    exploration_rate | 0.05     |
| time/               |          |
|    episodes         | 192      |
|    fps              | 163      |
|    time_elapsed     | 70       |
|    total_timesteps  | 11520    |
| train/              |          |
|    learning_rate    | 0.0001   |
|    loss             | 0.187    |
|    n_updates        | 657      |
----------------------------------
----------------------------------
| rollout/            |          |
|    ep_len_mean      | 60       |
|    ep_rew_mean      | 33.7     |
|    exploration_rate | 0.05     |
| time/               |          |
|    episodes         | 196      |
|    fps              | 162      |
|    time_elapsed     | 72       |
|    total_timesteps  | 11760    |
| train/              |          |
|    learning_rate    | 0.0001   |
|    loss             | 0.219    |
|    n_updates        | 672      |
----------------------------------
----------------------------------
| rollout/            |          |
|    ep_len_mean      | 60       |
|    ep_rew_mean      | 34.8     |
|    exploration_rate | 0.05     |
| time/               |          |
|    episodes         | 200      |
|    fps              | 162      |
|    time_elapsed     | 73       |
|    total_timesteps  | 12000    |
| train/              |          |
|    learning_rate    | 0.0001   |
|    loss             | 0.145    |
|    n_updates        | 687      |
----------------------------------
----------------------------------
| rollout/            |          |
|    ep_len_mean      | 60       |
|    ep_rew_mean      | 35.9     |
|    exploration_rate | 0.05     |
| time/               |          |
|    episodes         | 204      |
|    fps              | 162      |
|    time_elapsed     | 75       |
|    total_timesteps  | 12240    |
| train/              |          |
|    learning_rate    | 0.0001   |
|    loss             | 0.362    |
|    n_updates        | 702      |
----------------------------------
----------------------------------
| rollout/            |          |
|    ep_len_mean      | 60       |
|    ep_rew_mean      | 36.6     |
|    exploration_rate | 0.05     |
| time/               |          |
|    episodes         | 208      |
|    fps              | 161      |
|    time_elapsed     | 77       |
|    total_timesteps  | 12480    |
| train/              |          |
|    learning_rate    | 0.0001   |
|    loss             | 0.468    |
|    n_updates        | 717      |
----------------------------------
----------------------------------
| rollout/            |          |
|    ep_len_mean      | 60       |
|    ep_rew_mean      | 37.6     |
|    exploration_rate | 0.05     |
| time/               |          |
|    episodes         | 212      |
|    fps              | 161      |
|    time_elapsed     | 78       |
|    total_timesteps  | 12720    |
| train/              |          |
|    learning_rate    | 0.0001   |
|    loss             | 0.343    |
|    n_updates        | 732      |
----------------------------------
----------------------------------
| rollout/            |          |
|    ep_len_mean      | 60       |
|    ep_rew_mean      | 38.7     |
|    exploration_rate | 0.05     |
| time/               |          |
|    episodes         | 216      |
|    fps              | 160      |
|    time_elapsed     | 80       |
|    total_timesteps  | 12960    |
| train/              |          |
|    learning_rate    | 0.0001   |
|    loss             | 0.472    |
|    n_updates        | 747      |
----------------------------------
----------------------------------
| rollout/            |          |
|    ep_len_mean      | 60       |
|    ep_rew_mean      | 39.8     |
|    exploration_rate | 0.05     |
| time/               |          |
|    episodes         | 220      |
|    fps              | 160      |
|    time_elapsed     | 82       |
|    total_timesteps  | 13200    |
| train/              |          |
|    learning_rate    | 0.0001   |
|    loss             | 0.331    |
|    n_updates        | 762      |
----------------------------------
----------------------------------
| rollout/            |          |
|    ep_len_mean      | 60       |
|    ep_rew_mean      | 40.1     |
|    exploration_rate | 0.05     |
| time/               |          |
|    episodes         | 224      |
|    fps              | 160      |
|    time_elapsed     | 83       |
|    total_timesteps  | 13440    |
| train/              |          |
|    learning_rate    | 0.0001   |
|    loss             | 0.249    |
|    n_updates        | 777      |
----------------------------------
----------------------------------
| rollout/            |          |
|    ep_len_mean      | 60       |
|    ep_rew_mean      | 40.6     |
|    exploration_rate | 0.05     |
| time/               |          |
|    episodes         | 228      |
|    fps              | 159      |
|    time_elapsed     | 85       |
|    total_timesteps  | 13680    |
| train/              |          |
|    learning_rate    | 0.0001   |
|    loss             | 0.32     |
|    n_updates        | 792      |
----------------------------------
----------------------------------
| rollout/            |          |
|    ep_len_mean      | 60       |
|    ep_rew_mean      | 41       |
|    exploration_rate | 0.05     |
| time/               |          |
|    episodes         | 232      |
|    fps              | 158      |
|    time_elapsed     | 87       |
|    total_timesteps  | 13920    |
| train/              |          |
|    learning_rate    | 0.0001   |
|    loss             | 0.635    |
|    n_updates        | 807      |
----------------------------------
----------------------------------
| rollout/            |          |
|    ep_len_mean      | 60       |
|    ep_rew_mean      | 41.2     |
|    exploration_rate | 0.05     |
| time/               |          |
|    episodes         | 236      |
|    fps              | 158      |
|    time_elapsed     | 89       |
|    total_timesteps  | 14160    |
| train/              |          |
|    learning_rate    | 0.0001   |
|    loss             | 0.525    |
|    n_updates        | 822      |
----------------------------------
----------------------------------
| rollout/            |          |
|    ep_len_mean      | 60       |
|    ep_rew_mean      | 41.5     |
|    exploration_rate | 0.05     |
| time/               |          |
|    episodes         | 240      |
|    fps              | 158      |
|    time_elapsed     | 90       |
|    total_timesteps  | 14400    |
| train/              |          |
|    learning_rate    | 0.0001   |
|    loss             | 0.579    |
|    n_updates        | 837      |
----------------------------------
----------------------------------
| rollout/            |          |
|    ep_len_mean      | 60       |
|    ep_rew_mean      | 41.8     |
|    exploration_rate | 0.05     |
| time/               |          |
|    episodes         | 244      |
|    fps              | 157      |
|    time_elapsed     | 92       |
|    total_timesteps  | 14640    |
| train/              |          |
|    learning_rate    | 0.0001   |
|    loss             | 0.343    |
|    n_updates        | 852      |
----------------------------------
----------------------------------
| rollout/            |          |
|    ep_len_mean      | 60       |
|    ep_rew_mean      | 42.2     |
|    exploration_rate | 0.05     |
| time/               |          |
|    episodes         | 248      |
|    fps              | 157      |
|    time_elapsed     | 94       |
|    total_timesteps  | 14880    |
| train/              |          |
|    learning_rate    | 0.0001   |
|    loss             | 0.34     |
|    n_updates        | 867      |
----------------------------------
----------------------------------
| rollout/            |          |
|    ep_len_mean      | 60       |
|    ep_rew_mean      | 42.5     |
|    exploration_rate | 0.05     |
| time/               |          |
|    episodes         | 252      |
|    fps              | 157      |
|    time_elapsed     | 95       |
|    total_timesteps  | 15120    |
| train/              |          |
|    learning_rate    | 0.0001   |
|    loss             | 0.42     |
|    n_updates        | 882      |
----------------------------------
----------------------------------
| rollout/            |          |
|    ep_len_mean      | 60       |
|    ep_rew_mean      | 42.6     |
|    exploration_rate | 0.05     |
| time/               |          |
|    episodes         | 256      |
|    fps              | 157      |
|    time_elapsed     | 97       |
|    total_timesteps  | 15360    |
| train/              |          |
|    learning_rate    | 0.0001   |
|    loss             | 0.259    |
|    n_updates        | 897      |
----------------------------------
----------------------------------
| rollout/            |          |
|    ep_len_mean      | 60       |
|    ep_rew_mean      | 42.6     |
|    exploration_rate | 0.05     |
| time/               |          |
|    episodes         | 260      |
|    fps              | 156      |
|    time_elapsed     | 99       |
|    total_timesteps  | 15600    |
| train/              |          |
|    learning_rate    | 0.0001   |
|    loss             | 0.305    |
|    n_updates        | 912      |
----------------------------------
----------------------------------
| rollout/            |          |
|    ep_len_mean      | 60       |
|    ep_rew_mean      | 42.7     |
|    exploration_rate | 0.05     |
| time/               |          |
|    episodes         | 264      |
|    fps              | 156      |
|    time_elapsed     | 101      |
|    total_timesteps  | 15840    |
| train/              |          |
|    learning_rate    | 0.0001   |
|    loss             | 0.137    |
|    n_updates        | 927      |
----------------------------------
----------------------------------
| rollout/            |          |
|    ep_len_mean      | 60       |
|    ep_rew_mean      | 42.8     |
|    exploration_rate | 0.05     |
| time/               |          |
|    episodes         | 268      |
|    fps              | 155      |
|    time_elapsed     | 103      |
|    total_timesteps  | 16080    |
| train/              |          |
|    learning_rate    | 0.0001   |
|    loss             | 0.979    |
|    n_updates        | 942      |
----------------------------------
----------------------------------
| rollout/            |          |
|    ep_len_mean      | 60       |
|    ep_rew_mean      | 42.8     |
|    exploration_rate | 0.05     |
| time/               |          |
|    episodes         | 272      |
|    fps              | 155      |
|    time_elapsed     | 105      |
|    total_timesteps  | 16320    |
| train/              |          |
|    learning_rate    | 0.0001   |
|    loss             | 0.385    |
|    n_updates        | 957      |
----------------------------------
----------------------------------
| rollout/            |          |
|    ep_len_mean      | 60       |
|    ep_rew_mean      | 43       |
|    exploration_rate | 0.05     |
| time/               |          |
|    episodes         | 276      |
|    fps              | 154      |
|    time_elapsed     | 106      |
|    total_timesteps  | 16560    |
| train/              |          |
|    learning_rate    | 0.0001   |
|    loss             | 0.439    |
|    n_updates        | 972      |
----------------------------------
----------------------------------
| rollout/            |          |
|    ep_len_mean      | 60       |
|    ep_rew_mean      | 42.8     |
|    exploration_rate | 0.05     |
| time/               |          |
|    episodes         | 280      |
|    fps              | 154      |
|    time_elapsed     | 108      |
|    total_timesteps  | 16800    |
| train/              |          |
|    learning_rate    | 0.0001   |
|    loss             | 0.468    |
|    n_updates        | 987      |
----------------------------------
----------------------------------
| rollout/            |          |
|    ep_len_mean      | 60       |
|    ep_rew_mean      | 42.8     |
|    exploration_rate | 0.05     |
| time/               |          |
|    episodes         | 284      |
|    fps              | 154      |
|    time_elapsed     | 110      |
|    total_timesteps  | 17040    |
| train/              |          |
|    learning_rate    | 0.0001   |
|    loss             | 0.441    |
|    n_updates        | 1002     |
----------------------------------
----------------------------------
| rollout/            |          |
|    ep_len_mean      | 60       |
|    ep_rew_mean      | 42.8     |
|    exploration_rate | 0.05     |
| time/               |          |
|    episodes         | 288      |
|    fps              | 154      |
|    time_elapsed     | 111      |
|    total_timesteps  | 17280    |
| train/              |          |
|    learning_rate    | 0.0001   |
|    loss             | 0.437    |
|    n_updates        | 1017     |
----------------------------------
----------------------------------
| rollout/            |          |
|    ep_len_mean      | 60       |
|    ep_rew_mean      | 42.9     |
|    exploration_rate | 0.05     |
| time/               |          |
|    episodes         | 292      |
|    fps              | 153      |
|    time_elapsed     | 113      |
|    total_timesteps  | 17520    |
| train/              |          |
|    learning_rate    | 0.0001   |
|    loss             | 0.503    |
|    n_updates        | 1032     |
----------------------------------
----------------------------------
| rollout/            |          |
|    ep_len_mean      | 60       |
|    ep_rew_mean      | 42.8     |
|    exploration_rate | 0.05     |
| time/               |          |
|    episodes         | 296      |
|    fps              | 153      |
|    time_elapsed     | 115      |
|    total_timesteps  | 17760    |
| train/              |          |
|    learning_rate    | 0.0001   |
|    loss             | 0.453    |
|    n_updates        | 1047     |
----------------------------------
----------------------------------
| rollout/            |          |
|    ep_len_mean      | 60       |
|    ep_rew_mean      | 42.9     |
|    exploration_rate | 0.05     |
| time/               |          |
|    episodes         | 300      |
|    fps              | 153      |
|    time_elapsed     | 117      |
|    total_timesteps  | 18000    |
| train/              |          |
|    learning_rate    | 0.0001   |
|    loss             | 0.6      |
|    n_updates        | 1062     |
----------------------------------
----------------------------------
| rollout/            |          |
|    ep_len_mean      | 60       |
|    ep_rew_mean      | 42.8     |
|    exploration_rate | 0.05     |
| time/               |          |
|    episodes         | 304      |
|    fps              | 153      |
|    time_elapsed     | 118      |
|    total_timesteps  | 18240    |
| train/              |          |
|    learning_rate    | 0.0001   |
|    loss             | 0.642    |
|    n_updates        | 1077     |
----------------------------------
----------------------------------
| rollout/            |          |
|    ep_len_mean      | 60       |
|    ep_rew_mean      | 42.9     |
|    exploration_rate | 0.05     |
| time/               |          |
|    episodes         | 308      |
|    fps              | 152      |
|    time_elapsed     | 120      |
|    total_timesteps  | 18480    |
| train/              |          |
|    learning_rate    | 0.0001   |
|    loss             | 0.497    |
|    n_updates        | 1092     |
----------------------------------
----------------------------------
| rollout/            |          |
|    ep_len_mean      | 60       |
|    ep_rew_mean      | 42.8     |
|    exploration_rate | 0.05     |
| time/               |          |
|    episodes         | 312      |
|    fps              | 152      |
|    time_elapsed     | 122      |
|    total_timesteps  | 18720    |
| train/              |          |
|    learning_rate    | 0.0001   |
|    loss             | 0.297    |
|    n_updates        | 1107     |
----------------------------------
----------------------------------
| rollout/            |          |
|    ep_len_mean      | 60       |
|    ep_rew_mean      | 42.6     |
|    exploration_rate | 0.05     |
| time/               |          |
|    episodes         | 316      |
|    fps              | 152      |
|    time_elapsed     | 124      |
|    total_timesteps  | 18960    |
| train/              |          |
|    learning_rate    | 0.0001   |
|    loss             | 0.151    |
|    n_updates        | 1122     |
----------------------------------
----------------------------------
| rollout/            |          |
|    ep_len_mean      | 60       |
|    ep_rew_mean      | 42.6     |
|    exploration_rate | 0.05     |
| time/               |          |
|    episodes         | 320      |
|    fps              | 152      |
|    time_elapsed     | 126      |
|    total_timesteps  | 19200    |
| train/              |          |
|    learning_rate    | 0.0001   |
|    loss             | 0.365    |
|    n_updates        | 1137     |
----------------------------------
----------------------------------
| rollout/            |          |
|    ep_len_mean      | 60       |
|    ep_rew_mean      | 42.8     |
|    exploration_rate | 0.05     |
| time/               |          |
|    episodes         | 324      |
|    fps              | 152      |
|    time_elapsed     | 127      |
|    total_timesteps  | 19440    |
| train/              |          |
|    learning_rate    | 0.0001   |
|    loss             | 0.852    |
|    n_updates        | 1152     |
----------------------------------
----------------------------------
| rollout/            |          |
|    ep_len_mean      | 60       |
|    ep_rew_mean      | 42.8     |
|    exploration_rate | 0.05     |
| time/               |          |
|    episodes         | 328      |
|    fps              | 152      |
|    time_elapsed     | 129      |
|    total_timesteps  | 19680    |
| train/              |          |
|    learning_rate    | 0.0001   |
|    loss             | 0.315    |
|    n_updates        | 1167     |
----------------------------------
----------------------------------
| rollout/            |          |
|    ep_len_mean      | 60       |
|    ep_rew_mean      | 42.9     |
|    exploration_rate | 0.05     |
| time/               |          |
|    episodes         | 332      |
|    fps              | 152      |
|    time_elapsed     | 131      |
|    total_timesteps  | 19920    |
| train/              |          |
|    learning_rate    | 0.0001   |
|    loss             | 0.638    |
|    n_updates        | 1182     |
----------------------------------
----------------------------------
| rollout/            |          |
|    ep_len_mean      | 60       |
|    ep_rew_mean      | 42.8     |
|    exploration_rate | 0.05     |
| time/               |          |
|    episodes         | 336      |
|    fps              | 151      |
|    time_elapsed     | 132      |
|    total_timesteps  | 20160    |
| train/              |          |
|    learning_rate    | 0.0001   |
|    loss             | 0.703    |
|    n_updates        | 1197     |
----------------------------------
----------------------------------
| rollout/            |          |
|    ep_len_mean      | 60       |
|    ep_rew_mean      | 42.8     |
|    exploration_rate | 0.05     |
| time/               |          |
|    episodes         | 340      |
|    fps              | 151      |
|    time_elapsed     | 134      |
|    total_timesteps  | 20400    |
| train/              |          |
|    learning_rate    | 0.0001   |
|    loss             | 0.691    |
|    n_updates        | 1212     |
----------------------------------
----------------------------------
| rollout/            |          |
|    ep_len_mean      | 60       |
|    ep_rew_mean      | 42.9     |
|    exploration_rate | 0.05     |
| time/               |          |
|    episodes         | 344      |
|    fps              | 151      |
|    time_elapsed     | 136      |
|    total_timesteps  | 20640    |
| train/              |          |
|    learning_rate    | 0.0001   |
|    loss             | 0.364    |
|    n_updates        | 1227     |
----------------------------------
----------------------------------
| rollout/            |          |
|    ep_len_mean      | 60       |
|    ep_rew_mean      | 42.9     |
|    exploration_rate | 0.05     |
| time/               |          |
|    episodes         | 348      |
|    fps              | 151      |
|    time_elapsed     | 137      |
|    total_timesteps  | 20880    |
| train/              |          |
|    learning_rate    | 0.0001   |
|    loss             | 0.209    |
|    n_updates        | 1242     |
----------------------------------
----------------------------------
| rollout/            |          |
|    ep_len_mean      | 60       |
|    ep_rew_mean      | 43       |
|    exploration_rate | 0.05     |
| time/               |          |
|    episodes         | 352      |
|    fps              | 151      |
|    time_elapsed     | 139      |
|    total_timesteps  | 21120    |
| train/              |          |
|    learning_rate    | 0.0001   |
|    loss             | 0.562    |
|    n_updates        | 1257     |
----------------------------------
----------------------------------
| rollout/            |          |
|    ep_len_mean      | 60       |
|    ep_rew_mean      | 43.1     |
|    exploration_rate | 0.05     |
| time/               |          |
|    episodes         | 356      |
|    fps              | 151      |
|    time_elapsed     | 141      |
|    total_timesteps  | 21360    |
| train/              |          |
|    learning_rate    | 0.0001   |
|    loss             | 0.275    |
|    n_updates        | 1272     |
----------------------------------
----------------------------------
| rollout/            |          |
|    ep_len_mean      | 60       |
|    ep_rew_mean      | 43.2     |
|    exploration_rate | 0.05     |
| time/               |          |
|    episodes         | 360      |
|    fps              | 151      |
|    time_elapsed     | 142      |
|    total_timesteps  | 21600    |
| train/              |          |
|    learning_rate    | 0.0001   |
|    loss             | 0.545    |
|    n_updates        | 1287     |
----------------------------------
----------------------------------
| rollout/            |          |
|    ep_len_mean      | 60       |
|    ep_rew_mean      | 43.3     |
|    exploration_rate | 0.05     |
| time/               |          |
|    episodes         | 364      |
|    fps              | 150      |
|    time_elapsed     | 144      |
|    total_timesteps  | 21840    |
| train/              |          |
|    learning_rate    | 0.0001   |
|    loss             | 0.488    |
|    n_updates        | 1302     |
----------------------------------
----------------------------------
| rollout/            |          |
|    ep_len_mean      | 60       |
|    ep_rew_mean      | 43.3     |
|    exploration_rate | 0.05     |
| time/               |          |
|    episodes         | 368      |
|    fps              | 150      |
|    time_elapsed     | 146      |
|    total_timesteps  | 22080    |
| train/              |          |
|    learning_rate    | 0.0001   |
|    loss             | 0.728    |
|    n_updates        | 1317     |
----------------------------------
----------------------------------
| rollout/            |          |
|    ep_len_mean      | 60       |
|    ep_rew_mean      | 43.3     |
|    exploration_rate | 0.05     |
| time/               |          |
|    episodes         | 372      |
|    fps              | 150      |
|    time_elapsed     | 148      |
|    total_timesteps  | 22320    |
| train/              |          |
|    learning_rate    | 0.0001   |
|    loss             | 0.534    |
|    n_updates        | 1332     |
----------------------------------
----------------------------------
| rollout/            |          |
|    ep_len_mean      | 60       |
|    ep_rew_mean      | 43.3     |
|    exploration_rate | 0.05     |
| time/               |          |
|    episodes         | 376      |
|    fps              | 150      |
|    time_elapsed     | 149      |
|    total_timesteps  | 22560    |
| train/              |          |
|    learning_rate    | 0.0001   |
|    loss             | 0.372    |
|    n_updates        | 1347     |
----------------------------------
----------------------------------
| rollout/            |          |
|    ep_len_mean      | 60       |
|    ep_rew_mean      | 43.5     |
|    exploration_rate | 0.05     |
| time/               |          |
|    episodes         | 380      |
|    fps              | 150      |
|    time_elapsed     | 151      |
|    total_timesteps  | 22800    |
| train/              |          |
|    learning_rate    | 0.0001   |
|    loss             | 0.184    |
|    n_updates        | 1362     |
----------------------------------
----------------------------------
| rollout/            |          |
|    ep_len_mean      | 60       |
|    ep_rew_mean      | 43.5     |
|    exploration_rate | 0.05     |
| time/               |          |
|    episodes         | 384      |
|    fps              | 150      |
|    time_elapsed     | 152      |
|    total_timesteps  | 23040    |
| train/              |          |
|    learning_rate    | 0.0001   |
|    loss             | 0.46     |
|    n_updates        | 1377     |
----------------------------------
----------------------------------
| rollout/            |          |
|    ep_len_mean      | 60       |
|    ep_rew_mean      | 43.4     |
|    exploration_rate | 0.05     |
| time/               |          |
|    episodes         | 388      |
|    fps              | 150      |
|    time_elapsed     | 154      |
|    total_timesteps  | 23280    |
| train/              |          |
|    learning_rate    | 0.0001   |
|    loss             | 0.493    |
|    n_updates        | 1392     |
----------------------------------
----------------------------------
| rollout/            |          |
|    ep_len_mean      | 60       |
|    ep_rew_mean      | 43.4     |
|    exploration_rate | 0.05     |
| time/               |          |
|    episodes         | 392      |
|    fps              | 150      |
|    time_elapsed     | 156      |
|    total_timesteps  | 23520    |
| train/              |          |
|    learning_rate    | 0.0001   |
|    loss             | 0.52     |
|    n_updates        | 1407     |
----------------------------------
----------------------------------
| rollout/            |          |
|    ep_len_mean      | 60       |
|    ep_rew_mean      | 43.6     |
|    exploration_rate | 0.05     |
| time/               |          |
|    episodes         | 396      |
|    fps              | 150      |
|    time_elapsed     | 157      |
|    total_timesteps  | 23760    |
| train/              |          |
|    learning_rate    | 0.0001   |
|    loss             | 0.837    |
|    n_updates        | 1422     |
----------------------------------
----------------------------------
| rollout/            |          |
|    ep_len_mean      | 60       |
|    ep_rew_mean      | 43.5     |
|    exploration_rate | 0.05     |
| time/               |          |
|    episodes         | 400      |
|    fps              | 150      |
|    time_elapsed     | 159      |
|    total_timesteps  | 24000    |
| train/              |          |
|    learning_rate    | 0.0001   |
|    loss             | 0.478    |
|    n_updates        | 1437     |
----------------------------------
----------------------------------
| rollout/            |          |
|    ep_len_mean      | 60       |
|    ep_rew_mean      | 43.7     |
|    exploration_rate | 0.05     |
| time/               |          |
|    episodes         | 404      |
|    fps              | 150      |
|    time_elapsed     | 161      |
|    total_timesteps  | 24240    |
| train/              |          |
|    learning_rate    | 0.0001   |
|    loss             | 0.806    |
|    n_updates        | 1452     |
----------------------------------
----------------------------------
| rollout/            |          |
|    ep_len_mean      | 60       |
|    ep_rew_mean      | 43.8     |
|    exploration_rate | 0.05     |
| time/               |          |
|    episodes         | 408      |
|    fps              | 149      |
|    time_elapsed     | 163      |
|    total_timesteps  | 24480    |
| train/              |          |
|    learning_rate    | 0.0001   |
|    loss             | 0.757    |
|    n_updates        | 1467     |
----------------------------------
----------------------------------
| rollout/            |          |
|    ep_len_mean      | 60       |
|    ep_rew_mean      | 43.7     |
|    exploration_rate | 0.05     |
| time/               |          |
|    episodes         | 412      |
|    fps              | 149      |
|    time_elapsed     | 165      |
|    total_timesteps  | 24720    |
| train/              |          |
|    learning_rate    | 0.0001   |
|    loss             | 0.305    |
|    n_updates        | 1482     |
----------------------------------
----------------------------------
| rollout/            |          |
|    ep_len_mean      | 60       |
|    ep_rew_mean      | 43.8     |
|    exploration_rate | 0.05     |
| time/               |          |
|    episodes         | 416      |
|    fps              | 149      |
|    time_elapsed     | 167      |
|    total_timesteps  | 24960    |
| train/              |          |
|    learning_rate    | 0.0001   |
|    loss             | 0.205    |
|    n_updates        | 1497     |
----------------------------------
----------------------------------
| rollout/            |          |
|    ep_len_mean      | 60       |
|    ep_rew_mean      | 43.9     |
|    exploration_rate | 0.05     |
| time/               |          |
|    episodes         | 420      |
|    fps              | 149      |
|    time_elapsed     | 169      |
|    total_timesteps  | 25200    |
| train/              |          |
|    learning_rate    | 0.0001   |
|    loss             | 0.448    |
|    n_updates        | 1512     |
----------------------------------
----------------------------------
| rollout/            |          |
|    ep_len_mean      | 60       |
|    ep_rew_mean      | 44       |
|    exploration_rate | 0.05     |
| time/               |          |
|    episodes         | 424      |
|    fps              | 148      |
|    time_elapsed     | 170      |
|    total_timesteps  | 25440    |
| train/              |          |
|    learning_rate    | 0.0001   |
|    loss             | 0.88     |
|    n_updates        | 1527     |
----------------------------------
----------------------------------
| rollout/            |          |
|    ep_len_mean      | 60       |
|    ep_rew_mean      | 44.1     |
|    exploration_rate | 0.05     |
| time/               |          |
|    episodes         | 428      |
|    fps              | 148      |
|    time_elapsed     | 172      |
|    total_timesteps  | 25680    |
| train/              |          |
|    learning_rate    | 0.0001   |
|    loss             | 1.01     |
|    n_updates        | 1542     |
----------------------------------
----------------------------------
| rollout/            |          |
|    ep_len_mean      | 60       |
|    ep_rew_mean      | 43.9     |
|    exploration_rate | 0.05     |
| time/               |          |
|    episodes         | 432      |
|    fps              | 149      |
|    time_elapsed     | 173      |
|    total_timesteps  | 25920    |
| train/              |          |
|    learning_rate    | 0.0001   |
|    loss             | 0.547    |
|    n_updates        | 1557     |
----------------------------------
----------------------------------
| rollout/            |          |
|    ep_len_mean      | 60       |
|    ep_rew_mean      | 44.1     |
|    exploration_rate | 0.05     |
| time/               |          |
|    episodes         | 436      |
|    fps              | 148      |
|    time_elapsed     | 175      |
|    total_timesteps  | 26160    |
| train/              |          |
|    learning_rate    | 0.0001   |
|    loss             | 0.972    |
|    n_updates        | 1572     |
----------------------------------
----------------------------------
| rollout/            |          |
|    ep_len_mean      | 60       |
|    ep_rew_mean      | 44.2     |
|    exploration_rate | 0.05     |
| time/               |          |
|    episodes         | 440      |
|    fps              | 148      |
|    time_elapsed     | 177      |
|    total_timesteps  | 26400    |
| train/              |          |
|    learning_rate    | 0.0001   |
|    loss             | 0.719    |
|    n_updates        | 1587     |
----------------------------------
----------------------------------
| rollout/            |          |
|    ep_len_mean      | 60       |
|    ep_rew_mean      | 44.2     |
|    exploration_rate | 0.05     |
| time/               |          |
|    episodes         | 444      |
|    fps              | 148      |
|    time_elapsed     | 179      |
|    total_timesteps  | 26640    |
| train/              |          |
|    learning_rate    | 0.0001   |
|    loss             | 0.663    |
|    n_updates        | 1602     |
----------------------------------
----------------------------------
| rollout/            |          |
|    ep_len_mean      | 60       |
|    ep_rew_mean      | 44.1     |
|    exploration_rate | 0.05     |
| time/               |          |
|    episodes         | 448      |
|    fps              | 147      |
|    time_elapsed     | 182      |
|    total_timesteps  | 26880    |
| train/              |          |
|    learning_rate    | 0.0001   |
|    loss             | 0.385    |
|    n_updates        | 1617     |
----------------------------------
----------------------------------
| rollout/            |          |
|    ep_len_mean      | 60       |
|    ep_rew_mean      | 43.9     |
|    exploration_rate | 0.05     |
| time/               |          |
|    episodes         | 452      |
|    fps              | 147      |
|    time_elapsed     | 184      |
|    total_timesteps  | 27120    |
| train/              |          |
|    learning_rate    | 0.0001   |
|    loss             | 0.976    |
|    n_updates        | 1632     |
----------------------------------
----------------------------------
| rollout/            |          |
|    ep_len_mean      | 60       |
|    ep_rew_mean      | 44       |
|    exploration_rate | 0.05     |
| time/               |          |
|    episodes         | 456      |
|    fps              | 146      |
|    time_elapsed     | 186      |
|    total_timesteps  | 27360    |
| train/              |          |
|    learning_rate    | 0.0001   |
|    loss             | 0.624    |
|    n_updates        | 1647     |
----------------------------------
----------------------------------
| rollout/            |          |
|    ep_len_mean      | 60       |
|    ep_rew_mean      | 44       |
|    exploration_rate | 0.05     |
| time/               |          |
|    episodes         | 460      |
|    fps              | 146      |
|    time_elapsed     | 188      |
|    total_timesteps  | 27600    |
| train/              |          |
|    learning_rate    | 0.0001   |
|    loss             | 0.717    |
|    n_updates        | 1662     |
----------------------------------
----------------------------------
| rollout/            |          |
|    ep_len_mean      | 60       |
|    ep_rew_mean      | 43.8     |
|    exploration_rate | 0.05     |
| time/               |          |
|    episodes         | 464      |
|    fps              | 146      |
|    time_elapsed     | 190      |
|    total_timesteps  | 27840    |
| train/              |          |
|    learning_rate    | 0.0001   |
|    loss             | 1        |
|    n_updates        | 1677     |
----------------------------------
----------------------------------
| rollout/            |          |
|    ep_len_mean      | 60       |
|    ep_rew_mean      | 43.7     |
|    exploration_rate | 0.05     |
| time/               |          |
|    episodes         | 468      |
|    fps              | 146      |
|    time_elapsed     | 192      |
|    total_timesteps  | 28080    |
| train/              |          |
|    learning_rate    | 0.0001   |
|    loss             | 0.619    |
|    n_updates        | 1692     |
----------------------------------
----------------------------------
| rollout/            |          |
|    ep_len_mean      | 60       |
|    ep_rew_mean      | 43.6     |
|    exploration_rate | 0.05     |
| time/               |          |
|    episodes         | 472      |
|    fps              | 145      |
|    time_elapsed     | 194      |
|    total_timesteps  | 28320    |
| train/              |          |
|    learning_rate    | 0.0001   |
|    loss             | 0.693    |
|    n_updates        | 1707     |
----------------------------------
----------------------------------
| rollout/            |          |
|    ep_len_mean      | 60       |
|    ep_rew_mean      | 43.6     |
|    exploration_rate | 0.05     |
| time/               |          |
|    episodes         | 476      |
|    fps              | 145      |
|    time_elapsed     | 195      |
|    total_timesteps  | 28560    |
| train/              |          |
|    learning_rate    | 0.0001   |
|    loss             | 0.789    |
|    n_updates        | 1722     |
----------------------------------
----------------------------------
| rollout/            |          |
|    ep_len_mean      | 60       |
|    ep_rew_mean      | 43.6     |
|    exploration_rate | 0.05     |
| time/               |          |
|    episodes         | 480      |
|    fps              | 145      |
|    time_elapsed     | 197      |
|    total_timesteps  | 28800    |
| train/              |          |
|    learning_rate    | 0.0001   |
|    loss             | 1.13     |
|    n_updates        | 1737     |
----------------------------------
----------------------------------
| rollout/            |          |
|    ep_len_mean      | 60       |
|    ep_rew_mean      | 43.4     |
|    exploration_rate | 0.05     |
| time/               |          |
|    episodes         | 484      |
|    fps              | 145      |
|    time_elapsed     | 199      |
|    total_timesteps  | 29040    |
| train/              |          |
|    learning_rate    | 0.0001   |
|    loss             | 0.718    |
|    n_updates        | 1752     |
----------------------------------
----------------------------------
| rollout/            |          |
|    ep_len_mean      | 60       |
|    ep_rew_mean      | 43.4     |
|    exploration_rate | 0.05     |
| time/               |          |
|    episodes         | 488      |
|    fps              | 145      |
|    time_elapsed     | 201      |
|    total_timesteps  | 29280    |
| train/              |          |
|    learning_rate    | 0.0001   |
|    loss             | 0.772    |
|    n_updates        | 1767     |
----------------------------------
----------------------------------
| rollout/            |          |
|    ep_len_mean      | 60       |
|    ep_rew_mean      | 43.4     |
|    exploration_rate | 0.05     |
| time/               |          |
|    episodes         | 492      |
|    fps              | 145      |
|    time_elapsed     | 203      |
|    total_timesteps  | 29520    |
| train/              |          |
|    learning_rate    | 0.0001   |
|    loss             | 0.536    |
|    n_updates        | 1782     |
----------------------------------
----------------------------------
| rollout/            |          |
|    ep_len_mean      | 60       |
|    ep_rew_mean      | 43.4     |
|    exploration_rate | 0.05     |
| time/               |          |
|    episodes         | 496      |
|    fps              | 145      |
|    time_elapsed     | 204      |
|    total_timesteps  | 29760    |
| train/              |          |
|    learning_rate    | 0.0001   |
|    loss             | 0.745    |
|    n_updates        | 1797     |
----------------------------------
----------------------------------
| rollout/            |          |
|    ep_len_mean      | 60       |
|    ep_rew_mean      | 43.4     |
|    exploration_rate | 0.05     |
| time/               |          |
|    episodes         | 500      |
|    fps              | 145      |
|    time_elapsed     | 206      |
|    total_timesteps  | 30000    |
| train/              |          |
|    learning_rate    | 0.0001   |
|    loss             | 0.919    |
|    n_updates        | 1812     |
----------------------------------
----------------------------------
| rollout/            |          |
|    ep_len_mean      | 60       |
|    ep_rew_mean      | 43.4     |
|    exploration_rate | 0.05     |
| time/               |          |
|    episodes         | 504      |
|    fps              | 144      |
|    time_elapsed     | 208      |
|    total_timesteps  | 30240    |
| train/              |          |
|    learning_rate    | 0.0001   |
|    loss             | 0.859    |
|    n_updates        | 1827     |
----------------------------------
----------------------------------
| rollout/            |          |
|    ep_len_mean      | 60       |
|    ep_rew_mean      | 43.5     |
|    exploration_rate | 0.05     |
| time/               |          |
|    episodes         | 508      |
|    fps              | 144      |
|    time_elapsed     | 210      |
|    total_timesteps  | 30480    |
| train/              |          |
|    learning_rate    | 0.0001   |
|    loss             | 0.308    |
|    n_updates        | 1842     |
----------------------------------
----------------------------------
| rollout/            |          |
|    ep_len_mean      | 60       |
|    ep_rew_mean      | 43.7     |
|    exploration_rate | 0.05     |
| time/               |          |
|    episodes         | 512      |
|    fps              | 144      |
|    time_elapsed     | 212      |
|    total_timesteps  | 30720    |
| train/              |          |
|    learning_rate    | 0.0001   |
|    loss             | 0.558    |
|    n_updates        | 1857     |
----------------------------------
----------------------------------
| rollout/            |          |
|    ep_len_mean      | 60       |
|    ep_rew_mean      | 43.7     |
|    exploration_rate | 0.05     |
| time/               |          |
|    episodes         | 516      |
|    fps              | 144      |
|    time_elapsed     | 213      |
|    total_timesteps  | 30960    |
| train/              |          |
|    learning_rate    | 0.0001   |
|    loss             | 1.38     |
|    n_updates        | 1872     |
----------------------------------
----------------------------------
| rollout/            |          |
|    ep_len_mean      | 60       |
|    ep_rew_mean      | 43.6     |
|    exploration_rate | 0.05     |
| time/               |          |
|    episodes         | 520      |
|    fps              | 144      |
|    time_elapsed     | 215      |
|    total_timesteps  | 31200    |
| train/              |          |
|    learning_rate    | 0.0001   |
|    loss             | 0.727    |
|    n_updates        | 1887     |
----------------------------------
----------------------------------
| rollout/            |          |
|    ep_len_mean      | 60       |
|    ep_rew_mean      | 43.5     |
|    exploration_rate | 0.05     |
| time/               |          |
|    episodes         | 524      |
|    fps              | 144      |
|    time_elapsed     | 217      |
|    total_timesteps  | 31440    |
| train/              |          |
|    learning_rate    | 0.0001   |
|    loss             | 0.855    |
|    n_updates        | 1902     |
----------------------------------
----------------------------------
| rollout/            |          |
|    ep_len_mean      | 60       |
|    ep_rew_mean      | 43.3     |
|    exploration_rate | 0.05     |
| time/               |          |
|    episodes         | 528      |
|    fps              | 144      |
|    time_elapsed     | 218      |
|    total_timesteps  | 31680    |
| train/              |          |
|    learning_rate    | 0.0001   |
|    loss             | 0.611    |
|    n_updates        | 1917     |
----------------------------------
----------------------------------
| rollout/            |          |
|    ep_len_mean      | 60       |
|    ep_rew_mean      | 43.5     |
|    exploration_rate | 0.05     |
| time/               |          |
|    episodes         | 532      |
|    fps              | 144      |
|    time_elapsed     | 220      |
|    total_timesteps  | 31920    |
| train/              |          |
|    learning_rate    | 0.0001   |
|    loss             | 0.71     |
|    n_updates        | 1932     |
----------------------------------
----------------------------------
| rollout/            |          |
|    ep_len_mean      | 60       |
|    ep_rew_mean      | 43.4     |
|    exploration_rate | 0.05     |
| time/               |          |
|    episodes         | 536      |
|    fps              | 144      |
|    time_elapsed     | 222      |
|    total_timesteps  | 32160    |
| train/              |          |
|    learning_rate    | 0.0001   |
|    loss             | 0.407    |
|    n_updates        | 1947     |
----------------------------------
----------------------------------
| rollout/            |          |
|    ep_len_mean      | 60       |
|    ep_rew_mean      | 43.4     |
|    exploration_rate | 0.05     |
| time/               |          |
|    episodes         | 540      |
|    fps              | 144      |
|    time_elapsed     | 224      |
|    total_timesteps  | 32400    |
| train/              |          |
|    learning_rate    | 0.0001   |
|    loss             | 0.84     |
|    n_updates        | 1962     |
----------------------------------
----------------------------------
| rollout/            |          |
|    ep_len_mean      | 60       |
|    ep_rew_mean      | 43.2     |
|    exploration_rate | 0.05     |
| time/               |          |
|    episodes         | 544      |
|    fps              | 144      |
|    time_elapsed     | 226      |
|    total_timesteps  | 32640    |
| train/              |          |
|    learning_rate    | 0.0001   |
|    loss             | 0.559    |
|    n_updates        | 1977     |
----------------------------------
----------------------------------
| rollout/            |          |
|    ep_len_mean      | 60       |
|    ep_rew_mean      | 43.2     |
|    exploration_rate | 0.05     |
| time/               |          |
|    episodes         | 548      |
|    fps              | 144      |
|    time_elapsed     | 228      |
|    total_timesteps  | 32880    |
| train/              |          |
|    learning_rate    | 0.0001   |
|    loss             | 1.43     |
|    n_updates        | 1992     |
----------------------------------
----------------------------------
| rollout/            |          |
|    ep_len_mean      | 60       |
|    ep_rew_mean      | 43.2     |
|    exploration_rate | 0.05     |
| time/               |          |
|    episodes         | 552      |
|    fps              | 143      |
|    time_elapsed     | 230      |
|    total_timesteps  | 33120    |
| train/              |          |
|    learning_rate    | 0.0001   |
|    loss             | 0.355    |
|    n_updates        | 2007     |
----------------------------------
----------------------------------
| rollout/            |          |
|    ep_len_mean      | 60       |
|    ep_rew_mean      | 43.2     |
|    exploration_rate | 0.05     |
| time/               |          |
|    episodes         | 556      |
|    fps              | 143      |
|    time_elapsed     | 232      |
|    total_timesteps  | 33360    |
| train/              |          |
|    learning_rate    | 0.0001   |
|    loss             | 0.611    |
|    n_updates        | 2022     |
----------------------------------
----------------------------------
| rollout/            |          |
|    ep_len_mean      | 60       |
|    ep_rew_mean      | 43.1     |
|    exploration_rate | 0.05     |
| time/               |          |
|    episodes         | 560      |
|    fps              | 143      |
|    time_elapsed     | 233      |
|    total_timesteps  | 33600    |
| train/              |          |
|    learning_rate    | 0.0001   |
|    loss             | 0.528    |
|    n_updates        | 2037     |
----------------------------------
----------------------------------
| rollout/            |          |
|    ep_len_mean      | 60       |
|    ep_rew_mean      | 43.3     |
|    exploration_rate | 0.05     |
| time/               |          |
|    episodes         | 564      |
|    fps              | 143      |
|    time_elapsed     | 235      |
|    total_timesteps  | 33840    |
| train/              |          |
|    learning_rate    | 0.0001   |
|    loss             | 0.278    |
|    n_updates        | 2052     |
----------------------------------
----------------------------------
| rollout/            |          |
|    ep_len_mean      | 60       |
|    ep_rew_mean      | 43.2     |
|    exploration_rate | 0.05     |
| time/               |          |
|    episodes         | 568      |
|    fps              | 143      |
|    time_elapsed     | 237      |
|    total_timesteps  | 34080    |
| train/              |          |
|    learning_rate    | 0.0001   |
|    loss             | 0.684    |
|    n_updates        | 2067     |
----------------------------------
----------------------------------
| rollout/            |          |
|    ep_len_mean      | 60       |
|    ep_rew_mean      | 43.4     |
|    exploration_rate | 0.05     |
| time/               |          |
|    episodes         | 572      |
|    fps              | 143      |
|    time_elapsed     | 238      |
|    total_timesteps  | 34320    |
| train/              |          |
|    learning_rate    | 0.0001   |
|    loss             | 0.45     |
|    n_updates        | 2082     |
----------------------------------
----------------------------------
| rollout/            |          |
|    ep_len_mean      | 60       |
|    ep_rew_mean      | 43.4     |
|    exploration_rate | 0.05     |
| time/               |          |
|    episodes         | 576      |
|    fps              | 143      |
|    time_elapsed     | 240      |
|    total_timesteps  | 34560    |
| train/              |          |
|    learning_rate    | 0.0001   |
|    loss             | 0.265    |
|    n_updates        | 2097     |
----------------------------------
----------------------------------
| rollout/            |          |
|    ep_len_mean      | 60       |
|    ep_rew_mean      | 43.5     |
|    exploration_rate | 0.05     |
| time/               |          |
|    episodes         | 580      |
|    fps              | 143      |
|    time_elapsed     | 242      |
|    total_timesteps  | 34800    |
| train/              |          |
|    learning_rate    | 0.0001   |
|    loss             | 0.593    |
|    n_updates        | 2112     |
----------------------------------
----------------------------------
| rollout/            |          |
|    ep_len_mean      | 60       |
|    ep_rew_mean      | 43.5     |
|    exploration_rate | 0.05     |
| time/               |          |
|    episodes         | 584      |
|    fps              | 143      |
|    time_elapsed     | 244      |
|    total_timesteps  | 35040    |
| train/              |          |
|    learning_rate    | 0.0001   |
|    loss             | 0.488    |
|    n_updates        | 2127     |
----------------------------------
----------------------------------
| rollout/            |          |
|    ep_len_mean      | 60       |
|    ep_rew_mean      | 43.4     |
|    exploration_rate | 0.05     |
| time/               |          |
|    episodes         | 588      |
|    fps              | 143      |
|    time_elapsed     | 246      |
|    total_timesteps  | 35280    |
| train/              |          |
|    learning_rate    | 0.0001   |
|    loss             | 0.509    |
|    n_updates        | 2142     |
----------------------------------
----------------------------------
| rollout/            |          |
|    ep_len_mean      | 60       |
|    ep_rew_mean      | 43.4     |
|    exploration_rate | 0.05     |
| time/               |          |
|    episodes         | 592      |
|    fps              | 143      |
|    time_elapsed     | 248      |
|    total_timesteps  | 35520    |
| train/              |          |
|    learning_rate    | 0.0001   |
|    loss             | 1.3      |
|    n_updates        | 2157     |
----------------------------------
----------------------------------
| rollout/            |          |
|    ep_len_mean      | 60       |
|    ep_rew_mean      | 43.3     |
|    exploration_rate | 0.05     |
| time/               |          |
|    episodes         | 596      |
|    fps              | 142      |
|    time_elapsed     | 250      |
|    total_timesteps  | 35760    |
| train/              |          |
|    learning_rate    | 0.0001   |
|    loss             | 1.22     |
|    n_updates        | 2172     |
----------------------------------
----------------------------------
| rollout/            |          |
|    ep_len_mean      | 60       |
|    ep_rew_mean      | 43.3     |
|    exploration_rate | 0.05     |
| time/               |          |
|    episodes         | 600      |
|    fps              | 142      |
|    time_elapsed     | 252      |
|    total_timesteps  | 36000    |
| train/              |          |
|    learning_rate    | 0.0001   |
|    loss             | 0.321    |
|    n_updates        | 2187     |
----------------------------------
----------------------------------
| rollout/            |          |
|    ep_len_mean      | 60       |
|    ep_rew_mean      | 43.3     |
|    exploration_rate | 0.05     |
| time/               |          |
|    episodes         | 604      |
|    fps              | 142      |
|    time_elapsed     | 253      |
|    total_timesteps  | 36240    |
| train/              |          |
|    learning_rate    | 0.0001   |
|    loss             | 0.927    |
|    n_updates        | 2202     |
----------------------------------
----------------------------------
| rollout/            |          |
|    ep_len_mean      | 60       |
|    ep_rew_mean      | 43.2     |
|    exploration_rate | 0.05     |
| time/               |          |
|    episodes         | 608      |
|    fps              | 142      |
|    time_elapsed     | 255      |
|    total_timesteps  | 36480    |
| train/              |          |
|    learning_rate    | 0.0001   |
|    loss             | 1.38     |
|    n_updates        | 2217     |
----------------------------------
----------------------------------
| rollout/            |          |
|    ep_len_mean      | 60       |
|    ep_rew_mean      | 43.2     |
|    exploration_rate | 0.05     |
| time/               |          |
|    episodes         | 612      |
|    fps              | 142      |
|    time_elapsed     | 257      |
|    total_timesteps  | 36720    |
| train/              |          |
|    learning_rate    | 0.0001   |
|    loss             | 0.677    |
|    n_updates        | 2232     |
----------------------------------
----------------------------------
| rollout/            |          |
|    ep_len_mean      | 60       |
|    ep_rew_mean      | 43.3     |
|    exploration_rate | 0.05     |
| time/               |          |
|    episodes         | 616      |
|    fps              | 142      |
|    time_elapsed     | 258      |
|    total_timesteps  | 36960    |
| train/              |          |
|    learning_rate    | 0.0001   |
|    loss             | 0.236    |
|    n_updates        | 2247     |
----------------------------------
----------------------------------
| rollout/            |          |
|    ep_len_mean      | 60       |
|    ep_rew_mean      | 43.3     |
|    exploration_rate | 0.05     |
| time/               |          |
|    episodes         | 620      |
|    fps              | 142      |
|    time_elapsed     | 260      |
|    total_timesteps  | 37200    |
| train/              |          |
|    learning_rate    | 0.0001   |
|    loss             | 0.879    |
|    n_updates        | 2262     |
----------------------------------
----------------------------------
| rollout/            |          |
|    ep_len_mean      | 60       |
|    ep_rew_mean      | 43.6     |
|    exploration_rate | 0.05     |
| time/               |          |
|    episodes         | 624      |
|    fps              | 142      |
|    time_elapsed     | 262      |
|    total_timesteps  | 37440    |
| train/              |          |
|    learning_rate    | 0.0001   |
|    loss             | 0.871    |
|    n_updates        | 2277     |
----------------------------------
----------------------------------
| rollout/            |          |
|    ep_len_mean      | 60       |
|    ep_rew_mean      | 43.8     |
|    exploration_rate | 0.05     |
| time/               |          |
|    episodes         | 628      |
|    fps              | 142      |
|    time_elapsed     | 263      |
|    total_timesteps  | 37680    |
| train/              |          |
|    learning_rate    | 0.0001   |
|    loss             | 0.651    |
|    n_updates        | 2292     |
----------------------------------
----------------------------------
| rollout/            |          |
|    ep_len_mean      | 60       |
|    ep_rew_mean      | 43.8     |
|    exploration_rate | 0.05     |
| time/               |          |
|    episodes         | 632      |
|    fps              | 142      |
|    time_elapsed     | 265      |
|    total_timesteps  | 37920    |
| train/              |          |
|    learning_rate    | 0.0001   |
|    loss             | 1.95     |
|    n_updates        | 2307     |
----------------------------------
----------------------------------
| rollout/            |          |
|    ep_len_mean      | 60       |
|    ep_rew_mean      | 43.7     |
|    exploration_rate | 0.05     |
| time/               |          |
|    episodes         | 636      |
|    fps              | 142      |
|    time_elapsed     | 267      |
|    total_timesteps  | 38160    |
| train/              |          |
|    learning_rate    | 0.0001   |
|    loss             | 0.0995   |
|    n_updates        | 2322     |
----------------------------------
----------------------------------
| rollout/            |          |
|    ep_len_mean      | 60       |
|    ep_rew_mean      | 43.7     |
|    exploration_rate | 0.05     |
| time/               |          |
|    episodes         | 640      |
|    fps              | 142      |
|    time_elapsed     | 270      |
|    total_timesteps  | 38400    |
| train/              |          |
|    learning_rate    | 0.0001   |
|    loss             | 0.798    |
|    n_updates        | 2337     |
----------------------------------
----------------------------------
| rollout/            |          |
|    ep_len_mean      | 60       |
|    ep_rew_mean      | 43.9     |
|    exploration_rate | 0.05     |
| time/               |          |
|    episodes         | 644      |
|    fps              | 142      |
|    time_elapsed     | 272      |
|    total_timesteps  | 38640    |
| train/              |          |
|    learning_rate    | 0.0001   |
|    loss             | 1.95     |
|    n_updates        | 2352     |
----------------------------------
----------------------------------
| rollout/            |          |
|    ep_len_mean      | 60       |
|    ep_rew_mean      | 44       |
|    exploration_rate | 0.05     |
| time/               |          |
|    episodes         | 648      |
|    fps              | 141      |
|    time_elapsed     | 273      |
|    total_timesteps  | 38880    |
| train/              |          |
|    learning_rate    | 0.0001   |
|    loss             | 0.401    |
|    n_updates        | 2367     |
----------------------------------
----------------------------------
| rollout/            |          |
|    ep_len_mean      | 60       |
|    ep_rew_mean      | 44.1     |
|    exploration_rate | 0.05     |
| time/               |          |
|    episodes         | 652      |
|    fps              | 141      |
|    time_elapsed     | 275      |
|    total_timesteps  | 39120    |
| train/              |          |
|    learning_rate    | 0.0001   |
|    loss             | 0.302    |
|    n_updates        | 2382     |
----------------------------------
----------------------------------
| rollout/            |          |
|    ep_len_mean      | 60       |
|    ep_rew_mean      | 44.2     |
|    exploration_rate | 0.05     |
| time/               |          |
|    episodes         | 656      |
|    fps              | 141      |
|    time_elapsed     | 277      |
|    total_timesteps  | 39360    |
| train/              |          |
|    learning_rate    | 0.0001   |
|    loss             | 0.232    |
|    n_updates        | 2397     |
----------------------------------
----------------------------------
| rollout/            |          |
|    ep_len_mean      | 60       |
|    ep_rew_mean      | 44.1     |
|    exploration_rate | 0.05     |
| time/               |          |
|    episodes         | 660      |
|    fps              | 141      |
|    time_elapsed     | 278      |
|    total_timesteps  | 39600    |
| train/              |          |
|    learning_rate    | 0.0001   |
|    loss             | 0.837    |
|    n_updates        | 2412     |
----------------------------------
----------------------------------
| rollout/            |          |
|    ep_len_mean      | 60       |
|    ep_rew_mean      | 44       |
|    exploration_rate | 0.05     |
| time/               |          |
|    episodes         | 664      |
|    fps              | 141      |
|    time_elapsed     | 280      |
|    total_timesteps  | 39840    |
| train/              |          |
|    learning_rate    | 0.0001   |
|    loss             | 0.56     |
|    n_updates        | 2427     |
----------------------------------
----------------------------------
| rollout/            |          |
|    ep_len_mean      | 60       |
|    ep_rew_mean      | 44.1     |
|    exploration_rate | 0.05     |
| time/               |          |
|    episodes         | 668      |
|    fps              | 141      |
|    time_elapsed     | 282      |
|    total_timesteps  | 40080    |
| train/              |          |
|    learning_rate    | 0.0001   |
|    loss             | 1.37     |
|    n_updates        | 2442     |
----------------------------------
----------------------------------
| rollout/            |          |
|    ep_len_mean      | 60       |
|    ep_rew_mean      | 44.1     |
|    exploration_rate | 0.05     |
| time/               |          |
|    episodes         | 672      |
|    fps              | 141      |
|    time_elapsed     | 284      |
|    total_timesteps  | 40320    |
| train/              |          |
|    learning_rate    | 0.0001   |
|    loss             | 0.313    |
|    n_updates        | 2457     |
----------------------------------
----------------------------------
| rollout/            |          |
|    ep_len_mean      | 60       |
|    ep_rew_mean      | 44.1     |
|    exploration_rate | 0.05     |
| time/               |          |
|    episodes         | 676      |
|    fps              | 141      |
|    time_elapsed     | 286      |
|    total_timesteps  | 40560    |
| train/              |          |
|    learning_rate    | 0.0001   |
|    loss             | 0.362    |
|    n_updates        | 2472     |
----------------------------------
----------------------------------
| rollout/            |          |
|    ep_len_mean      | 60       |
|    ep_rew_mean      | 44       |
|    exploration_rate | 0.05     |
| time/               |          |
|    episodes         | 680      |
|    fps              | 141      |
|    time_elapsed     | 287      |
|    total_timesteps  | 40800    |
| train/              |          |
|    learning_rate    | 0.0001   |
|    loss             | 1.76     |
|    n_updates        | 2487     |
----------------------------------
----------------------------------
| rollout/            |          |
|    ep_len_mean      | 60       |
|    ep_rew_mean      | 44       |
|    exploration_rate | 0.05     |
| time/               |          |
|    episodes         | 684      |
|    fps              | 141      |
|    time_elapsed     | 289      |
|    total_timesteps  | 41040    |
| train/              |          |
|    learning_rate    | 0.0001   |
|    loss             | 0.969    |
|    n_updates        | 2502     |
----------------------------------
----------------------------------
| rollout/            |          |
|    ep_len_mean      | 60       |
|    ep_rew_mean      | 44       |
|    exploration_rate | 0.05     |
| time/               |          |
|    episodes         | 688      |
|    fps              | 141      |
|    time_elapsed     | 291      |
|    total_timesteps  | 41280    |
| train/              |          |
|    learning_rate    | 0.0001   |
|    loss             | 1.28     |
|    n_updates        | 2517     |
----------------------------------
----------------------------------
| rollout/            |          |
|    ep_len_mean      | 60       |
|    ep_rew_mean      | 44       |
|    exploration_rate | 0.05     |
| time/               |          |
|    episodes         | 692      |
|    fps              | 141      |
|    time_elapsed     | 293      |
|    total_timesteps  | 41520    |
| train/              |          |
|    learning_rate    | 0.0001   |
|    loss             | 0.393    |
|    n_updates        | 2532     |
----------------------------------
----------------------------------
| rollout/            |          |
|    ep_len_mean      | 60       |
|    ep_rew_mean      | 44.1     |
|    exploration_rate | 0.05     |
| time/               |          |
|    episodes         | 696      |
|    fps              | 141      |
|    time_elapsed     | 294      |
|    total_timesteps  | 41760    |
| train/              |          |
|    learning_rate    | 0.0001   |
|    loss             | 0.476    |
|    n_updates        | 2547     |
----------------------------------
----------------------------------
| rollout/            |          |
|    ep_len_mean      | 60       |
|    ep_rew_mean      | 44       |
|    exploration_rate | 0.05     |
| time/               |          |
|    episodes         | 700      |
|    fps              | 141      |
|    time_elapsed     | 296      |
|    total_timesteps  | 42000    |
| train/              |          |
|    learning_rate    | 0.0001   |
|    loss             | 0.696    |
|    n_updates        | 2562     |
----------------------------------
----------------------------------
| rollout/            |          |
|    ep_len_mean      | 60       |
|    ep_rew_mean      | 43.8     |
|    exploration_rate | 0.05     |
| time/               |          |
|    episodes         | 704      |
|    fps              | 141      |
|    time_elapsed     | 298      |
|    total_timesteps  | 42240    |
| train/              |          |
|    learning_rate    | 0.0001   |
|    loss             | 0.394    |
|    n_updates        | 2577     |
----------------------------------
----------------------------------
| rollout/            |          |
|    ep_len_mean      | 60       |
|    ep_rew_mean      | 44       |
|    exploration_rate | 0.05     |
| time/               |          |
|    episodes         | 708      |
|    fps              | 141      |
|    time_elapsed     | 299      |
|    total_timesteps  | 42480    |
| train/              |          |
|    learning_rate    | 0.0001   |
|    loss             | 1.22     |
|    n_updates        | 2592     |
----------------------------------
----------------------------------
| rollout/            |          |
|    ep_len_mean      | 60       |
|    ep_rew_mean      | 43.9     |
|    exploration_rate | 0.05     |
| time/               |          |
|    episodes         | 712      |
|    fps              | 141      |
|    time_elapsed     | 301      |
|    total_timesteps  | 42720    |
| train/              |          |
|    learning_rate    | 0.0001   |
|    loss             | 1.05     |
|    n_updates        | 2607     |
----------------------------------
----------------------------------
| rollout/            |          |
|    ep_len_mean      | 60       |
|    ep_rew_mean      | 43.8     |
|    exploration_rate | 0.05     |
| time/               |          |
|    episodes         | 716      |
|    fps              | 141      |
|    time_elapsed     | 303      |
|    total_timesteps  | 42960    |
| train/              |          |
|    learning_rate    | 0.0001   |
|    loss             | 0.237    |
|    n_updates        | 2622     |
----------------------------------
----------------------------------
| rollout/            |          |
|    ep_len_mean      | 60       |
|    ep_rew_mean      | 43.7     |
|    exploration_rate | 0.05     |
| time/               |          |
|    episodes         | 720      |
|    fps              | 141      |
|    time_elapsed     | 304      |
|    total_timesteps  | 43200    |
| train/              |          |
|    learning_rate    | 0.0001   |
|    loss             | 0.255    |
|    n_updates        | 2637     |
----------------------------------
----------------------------------
| rollout/            |          |
|    ep_len_mean      | 60       |
|    ep_rew_mean      | 43.4     |
|    exploration_rate | 0.05     |
| time/               |          |
|    episodes         | 724      |
|    fps              | 141      |
|    time_elapsed     | 306      |
|    total_timesteps  | 43440    |
| train/              |          |
|    learning_rate    | 0.0001   |
|    loss             | 0.722    |
|    n_updates        | 2652     |
----------------------------------
----------------------------------
| rollout/            |          |
|    ep_len_mean      | 60       |
|    ep_rew_mean      | 43.4     |
|    exploration_rate | 0.05     |
| time/               |          |
|    episodes         | 728      |
|    fps              | 141      |
|    time_elapsed     | 308      |
|    total_timesteps  | 43680    |
| train/              |          |
|    learning_rate    | 0.0001   |
|    loss             | 0.264    |
|    n_updates        | 2667     |
----------------------------------
----------------------------------
| rollout/            |          |
|    ep_len_mean      | 60       |
|    ep_rew_mean      | 43.5     |
|    exploration_rate | 0.05     |
| time/               |          |
|    episodes         | 732      |
|    fps              | 141      |
|    time_elapsed     | 310      |
|    total_timesteps  | 43920    |
| train/              |          |
|    learning_rate    | 0.0001   |
|    loss             | 0.527    |
|    n_updates        | 2682     |
----------------------------------
----------------------------------
| rollout/            |          |
|    ep_len_mean      | 60       |
|    ep_rew_mean      | 43.6     |
|    exploration_rate | 0.05     |
| time/               |          |
|    episodes         | 736      |
|    fps              | 141      |
|    time_elapsed     | 312      |
|    total_timesteps  | 44160    |
| train/              |          |
|    learning_rate    | 0.0001   |
|    loss             | 0.929    |
|    n_updates        | 2697     |
----------------------------------
----------------------------------
| rollout/            |          |
|    ep_len_mean      | 60       |
|    ep_rew_mean      | 43.5     |
|    exploration_rate | 0.05     |
| time/               |          |
|    episodes         | 740      |
|    fps              | 141      |
|    time_elapsed     | 314      |
|    total_timesteps  | 44400    |
| train/              |          |
|    learning_rate    | 0.0001   |
|    loss             | 2.25     |
|    n_updates        | 2712     |
----------------------------------
----------------------------------
| rollout/            |          |
|    ep_len_mean      | 60       |
|    ep_rew_mean      | 43.5     |
|    exploration_rate | 0.05     |
| time/               |          |
|    episodes         | 744      |
|    fps              | 141      |
|    time_elapsed     | 316      |
|    total_timesteps  | 44640    |
| train/              |          |
|    learning_rate    | 0.0001   |
|    loss             | 0.351    |
|    n_updates        | 2727     |
----------------------------------
----------------------------------
| rollout/            |          |
|    ep_len_mean      | 60       |
|    ep_rew_mean      | 43.4     |
|    exploration_rate | 0.05     |
| time/               |          |
|    episodes         | 748      |
|    fps              | 141      |
|    time_elapsed     | 318      |
|    total_timesteps  | 44880    |
| train/              |          |
|    learning_rate    | 0.0001   |
|    loss             | 0.462    |
|    n_updates        | 2742     |
----------------------------------
----------------------------------
| rollout/            |          |
|    ep_len_mean      | 60       |
|    ep_rew_mean      | 43.3     |
|    exploration_rate | 0.05     |
| time/               |          |
|    episodes         | 752      |
|    fps              | 141      |
|    time_elapsed     | 319      |
|    total_timesteps  | 45120    |
| train/              |          |
|    learning_rate    | 0.0001   |
|    loss             | 0.524    |
|    n_updates        | 2757     |
----------------------------------
----------------------------------
| rollout/            |          |
|    ep_len_mean      | 60       |
|    ep_rew_mean      | 43.2     |
|    exploration_rate | 0.05     |
| time/               |          |
|    episodes         | 756      |
|    fps              | 141      |
|    time_elapsed     | 321      |
|    total_timesteps  | 45360    |
| train/              |          |
|    learning_rate    | 0.0001   |
|    loss             | 0.501    |
|    n_updates        | 2772     |
----------------------------------
----------------------------------
| rollout/            |          |
|    ep_len_mean      | 60       |
|    ep_rew_mean      | 43.3     |
|    exploration_rate | 0.05     |
| time/               |          |
|    episodes         | 760      |
|    fps              | 141      |
|    time_elapsed     | 322      |
|    total_timesteps  | 45600    |
| train/              |          |
|    learning_rate    | 0.0001   |
|    loss             | 0.246    |
|    n_updates        | 2787     |
----------------------------------
----------------------------------
| rollout/            |          |
|    ep_len_mean      | 60       |
|    ep_rew_mean      | 43.2     |
|    exploration_rate | 0.05     |
| time/               |          |
|    episodes         | 764      |
|    fps              | 141      |
|    time_elapsed     | 324      |
|    total_timesteps  | 45840    |
| train/              |          |
|    learning_rate    | 0.0001   |
|    loss             | 0.91     |
|    n_updates        | 2802     |
----------------------------------
----------------------------------
| rollout/            |          |
|    ep_len_mean      | 60       |
|    ep_rew_mean      | 43.3     |
|    exploration_rate | 0.05     |
| time/               |          |
|    episodes         | 768      |
|    fps              | 141      |
|    time_elapsed     | 326      |
|    total_timesteps  | 46080    |
| train/              |          |
|    learning_rate    | 0.0001   |
|    loss             | 1.28     |
|    n_updates        | 2817     |
----------------------------------
----------------------------------
| rollout/            |          |
|    ep_len_mean      | 60       |
|    ep_rew_mean      | 43.1     |
|    exploration_rate | 0.05     |
| time/               |          |
|    episodes         | 772      |
|    fps              | 141      |
|    time_elapsed     | 328      |
|    total_timesteps  | 46320    |
| train/              |          |
|    learning_rate    | 0.0001   |
|    loss             | 0.648    |
|    n_updates        | 2832     |
----------------------------------
----------------------------------
| rollout/            |          |
|    ep_len_mean      | 60       |
|    ep_rew_mean      | 43.1     |
|    exploration_rate | 0.05     |
| time/               |          |
|    episodes         | 776      |
|    fps              | 141      |
|    time_elapsed     | 329      |
|    total_timesteps  | 46560    |
| train/              |          |
|    learning_rate    | 0.0001   |
|    loss             | 1.3      |
|    n_updates        | 2847     |
----------------------------------
----------------------------------
| rollout/            |          |
|    ep_len_mean      | 60       |
|    ep_rew_mean      | 43.1     |
|    exploration_rate | 0.05     |
| time/               |          |
|    episodes         | 780      |
|    fps              | 141      |
|    time_elapsed     | 331      |
|    total_timesteps  | 46800    |
| train/              |          |
|    learning_rate    | 0.0001   |
|    loss             | 1.13     |
|    n_updates        | 2862     |
----------------------------------
----------------------------------
| rollout/            |          |
|    ep_len_mean      | 60       |
|    ep_rew_mean      | 43.3     |
|    exploration_rate | 0.05     |
| time/               |          |
|    episodes         | 784      |
|    fps              | 140      |
|    time_elapsed     | 333      |
|    total_timesteps  | 47040    |
| train/              |          |
|    learning_rate    | 0.0001   |
|    loss             | 0.36     |
|    n_updates        | 2877     |
----------------------------------
----------------------------------
| rollout/            |          |
|    ep_len_mean      | 60       |
|    ep_rew_mean      | 43.5     |
|    exploration_rate | 0.05     |
| time/               |          |
|    episodes         | 788      |
|    fps              | 140      |
|    time_elapsed     | 336      |
|    total_timesteps  | 47280    |
| train/              |          |
|    learning_rate    | 0.0001   |
|    loss             | 1.08     |
|    n_updates        | 2892     |
----------------------------------
----------------------------------
| rollout/            |          |
|    ep_len_mean      | 60       |
|    ep_rew_mean      | 43.5     |
|    exploration_rate | 0.05     |
| time/               |          |
|    episodes         | 792      |
|    fps              | 140      |
|    time_elapsed     | 338      |
|    total_timesteps  | 47520    |
| train/              |          |
|    learning_rate    | 0.0001   |
|    loss             | 0.251    |
|    n_updates        | 2907     |
----------------------------------
----------------------------------
| rollout/            |          |
|    ep_len_mean      | 60       |
|    ep_rew_mean      | 43.4     |
|    exploration_rate | 0.05     |
| time/               |          |
|    episodes         | 796      |
|    fps              | 140      |
|    time_elapsed     | 340      |
|    total_timesteps  | 47760    |
| train/              |          |
|    learning_rate    | 0.0001   |
|    loss             | 1.05     |
|    n_updates        | 2922     |
----------------------------------
----------------------------------
| rollout/            |          |
|    ep_len_mean      | 60       |
|    ep_rew_mean      | 43.6     |
|    exploration_rate | 0.05     |
| time/               |          |
|    episodes         | 800      |
|    fps              | 140      |
|    time_elapsed     | 341      |
|    total_timesteps  | 48000    |
| train/              |          |
|    learning_rate    | 0.0001   |
|    loss             | 1.9      |
|    n_updates        | 2937     |
----------------------------------
----------------------------------
| rollout/            |          |
|    ep_len_mean      | 60       |
|    ep_rew_mean      | 43.7     |
|    exploration_rate | 0.05     |
| time/               |          |
|    episodes         | 804      |
|    fps              | 140      |
|    time_elapsed     | 343      |
|    total_timesteps  | 48240    |
| train/              |          |
|    learning_rate    | 0.0001   |
|    loss             | 0.926    |
|    n_updates        | 2952     |
----------------------------------
----------------------------------
| rollout/            |          |
|    ep_len_mean      | 60       |
|    ep_rew_mean      | 43.6     |
|    exploration_rate | 0.05     |
| time/               |          |
|    episodes         | 808      |
|    fps              | 140      |
|    time_elapsed     | 345      |
|    total_timesteps  | 48480    |
| train/              |          |
|    learning_rate    | 0.0001   |
|    loss             | 0.388    |
|    n_updates        | 2967     |
----------------------------------
----------------------------------
| rollout/            |          |
|    ep_len_mean      | 60       |
|    ep_rew_mean      | 43.7     |
|    exploration_rate | 0.05     |
| time/               |          |
|    episodes         | 812      |
|    fps              | 140      |
|    time_elapsed     | 346      |
|    total_timesteps  | 48720    |
| train/              |          |
|    learning_rate    | 0.0001   |
|    loss             | 0.946    |
|    n_updates        | 2982     |
----------------------------------
----------------------------------
| rollout/            |          |
|    ep_len_mean      | 60       |
|    ep_rew_mean      | 43.8     |
|    exploration_rate | 0.05     |
| time/               |          |
|    episodes         | 816      |
|    fps              | 140      |
|    time_elapsed     | 348      |
|    total_timesteps  | 48960    |
| train/              |          |
|    learning_rate    | 0.0001   |
|    loss             | 2.05     |
|    n_updates        | 2997     |
----------------------------------
----------------------------------
| rollout/            |          |
|    ep_len_mean      | 60       |
|    ep_rew_mean      | 43.9     |
|    exploration_rate | 0.05     |
| time/               |          |
|    episodes         | 820      |
|    fps              | 140      |
|    time_elapsed     | 350      |
|    total_timesteps  | 49200    |
| train/              |          |
|    learning_rate    | 0.0001   |
|    loss             | 0.988    |
|    n_updates        | 3012     |
----------------------------------
----------------------------------
| rollout/            |          |
|    ep_len_mean      | 60       |
|    ep_rew_mean      | 44.1     |
|    exploration_rate | 0.05     |
| time/               |          |
|    episodes         | 824      |
|    fps              | 140      |
|    time_elapsed     | 352      |
|    total_timesteps  | 49440    |
| train/              |          |
|    learning_rate    | 0.0001   |
|    loss             | 0.329    |
|    n_updates        | 3027     |
----------------------------------
----------------------------------
| rollout/            |          |
|    ep_len_mean      | 60       |
|    ep_rew_mean      | 44       |
|    exploration_rate | 0.05     |
| time/               |          |
|    episodes         | 828      |
|    fps              | 140      |
|    time_elapsed     | 354      |
|    total_timesteps  | 49680    |
| train/              |          |
|    learning_rate    | 0.0001   |
|    loss             | 0.253    |
|    n_updates        | 3042     |
----------------------------------
----------------------------------
| rollout/            |          |
|    ep_len_mean      | 60       |
|    ep_rew_mean      | 43.9     |
|    exploration_rate | 0.05     |
| time/               |          |
|    episodes         | 832      |
|    fps              | 140      |
|    time_elapsed     | 356      |
|    total_timesteps  | 49920    |
| train/              |          |
|    learning_rate    | 0.0001   |
|    loss             | 1.12     |
|    n_updates        | 3057     |
----------------------------------
----------------------------------
| rollout/            |          |
|    ep_len_mean      | 60       |
|    ep_rew_mean      | 43.9     |
|    exploration_rate | 0.05     |
| time/               |          |
|    episodes         | 836      |
|    fps              | 139      |
|    time_elapsed     | 358      |
|    total_timesteps  | 50160    |
| train/              |          |
|    learning_rate    | 0.0001   |
|    loss             | 1.05     |
|    n_updates        | 3072     |
----------------------------------
----------------------------------
| rollout/            |          |
|    ep_len_mean      | 60       |
|    ep_rew_mean      | 44       |
|    exploration_rate | 0.05     |
| time/               |          |
|    episodes         | 840      |
|    fps              | 139      |
|    time_elapsed     | 360      |
|    total_timesteps  | 50400    |
| train/              |          |
|    learning_rate    | 0.0001   |
|    loss             | 0.531    |
|    n_updates        | 3087     |
----------------------------------
----------------------------------
| rollout/            |          |
|    ep_len_mean      | 60       |
|    ep_rew_mean      | 44       |
|    exploration_rate | 0.05     |
| time/               |          |
|    episodes         | 844      |
|    fps              | 139      |
|    time_elapsed     | 362      |
|    total_timesteps  | 50640    |
| train/              |          |
|    learning_rate    | 0.0001   |
|    loss             | 0.978    |
|    n_updates        | 3102     |
----------------------------------
----------------------------------
| rollout/            |          |
|    ep_len_mean      | 60       |
|    ep_rew_mean      | 43.9     |
|    exploration_rate | 0.05     |
| time/               |          |
|    episodes         | 848      |
|    fps              | 139      |
|    time_elapsed     | 363      |
|    total_timesteps  | 50880    |
| train/              |          |
|    learning_rate    | 0.0001   |
|    loss             | 1.11     |
|    n_updates        | 3117     |
----------------------------------
----------------------------------
| rollout/            |          |
|    ep_len_mean      | 60       |
|    ep_rew_mean      | 43.9     |
|    exploration_rate | 0.05     |
| time/               |          |
|    episodes         | 852      |
|    fps              | 139      |
|    time_elapsed     | 365      |
|    total_timesteps  | 51120    |
| train/              |          |
|    learning_rate    | 0.0001   |
|    loss             | 1.38     |
|    n_updates        | 3132     |
----------------------------------
----------------------------------
| rollout/            |          |
|    ep_len_mean      | 60       |
|    ep_rew_mean      | 43.8     |
|    exploration_rate | 0.05     |
| time/               |          |
|    episodes         | 856      |
|    fps              | 139      |
|    time_elapsed     | 367      |
|    total_timesteps  | 51360    |
| train/              |          |
|    learning_rate    | 0.0001   |
|    loss             | 0.56     |
|    n_updates        | 3147     |
----------------------------------
----------------------------------
| rollout/            |          |
|    ep_len_mean      | 60       |
|    ep_rew_mean      | 44.1     |
|    exploration_rate | 0.05     |
| time/               |          |
|    episodes         | 860      |
|    fps              | 139      |
|    time_elapsed     | 369      |
|    total_timesteps  | 51600    |
| train/              |          |
|    learning_rate    | 0.0001   |
|    loss             | 1.79     |
|    n_updates        | 3162     |
----------------------------------
----------------------------------
| rollout/            |          |
|    ep_len_mean      | 60       |
|    ep_rew_mean      | 44       |
|    exploration_rate | 0.05     |
| time/               |          |
|    episodes         | 864      |
|    fps              | 139      |
|    time_elapsed     | 371      |
|    total_timesteps  | 51840    |
| train/              |          |
|    learning_rate    | 0.0001   |
|    loss             | 1.14     |
|    n_updates        | 3177     |
----------------------------------
----------------------------------
| rollout/            |          |
|    ep_len_mean      | 60       |
|    ep_rew_mean      | 44.1     |
|    exploration_rate | 0.05     |
| time/               |          |
|    episodes         | 868      |
|    fps              | 139      |
|    time_elapsed     | 372      |
|    total_timesteps  | 52080    |
| train/              |          |
|    learning_rate    | 0.0001   |
|    loss             | 0.44     |
|    n_updates        | 3192     |
----------------------------------
----------------------------------
| rollout/            |          |
|    ep_len_mean      | 60       |
|    ep_rew_mean      | 44.3     |
|    exploration_rate | 0.05     |
| time/               |          |
|    episodes         | 872      |
|    fps              | 139      |
|    time_elapsed     | 374      |
|    total_timesteps  | 52320    |
| train/              |          |
|    learning_rate    | 0.0001   |
|    loss             | 0.352    |
|    n_updates        | 3207     |
----------------------------------
----------------------------------
| rollout/            |          |
|    ep_len_mean      | 60       |
|    ep_rew_mean      | 44.4     |
|    exploration_rate | 0.05     |
| time/               |          |
|    episodes         | 876      |
|    fps              | 139      |
|    time_elapsed     | 376      |
|    total_timesteps  | 52560    |
| train/              |          |
|    learning_rate    | 0.0001   |
|    loss             | 0.529    |
|    n_updates        | 3222     |
----------------------------------
----------------------------------
| rollout/            |          |
|    ep_len_mean      | 60       |
|    ep_rew_mean      | 44.3     |
|    exploration_rate | 0.05     |
| time/               |          |
|    episodes         | 880      |
|    fps              | 139      |
|    time_elapsed     | 377      |
|    total_timesteps  | 52800    |
| train/              |          |
|    learning_rate    | 0.0001   |
|    loss             | 1.32     |
|    n_updates        | 3237     |
----------------------------------
----------------------------------
| rollout/            |          |
|    ep_len_mean      | 60       |
|    ep_rew_mean      | 44.3     |
|    exploration_rate | 0.05     |
| time/               |          |
|    episodes         | 884      |
|    fps              | 139      |
|    time_elapsed     | 379      |
|    total_timesteps  | 53040    |
| train/              |          |
|    learning_rate    | 0.0001   |
|    loss             | 0.336    |
|    n_updates        | 3252     |
----------------------------------
----------------------------------
| rollout/            |          |
|    ep_len_mean      | 60       |
|    ep_rew_mean      | 44.2     |
|    exploration_rate | 0.05     |
| time/               |          |
|    episodes         | 888      |
|    fps              | 139      |
|    time_elapsed     | 381      |
|    total_timesteps  | 53280    |
| train/              |          |
|    learning_rate    | 0.0001   |
|    loss             | 0.346    |
|    n_updates        | 3267     |
----------------------------------
----------------------------------
| rollout/            |          |
|    ep_len_mean      | 60       |
|    ep_rew_mean      | 44.1     |
|    exploration_rate | 0.05     |
| time/               |          |
|    episodes         | 892      |
|    fps              | 139      |
|    time_elapsed     | 382      |
|    total_timesteps  | 53520    |
| train/              |          |
|    learning_rate    | 0.0001   |
|    loss             | 0.256    |
|    n_updates        | 3282     |
----------------------------------
----------------------------------
| rollout/            |          |
|    ep_len_mean      | 60       |
|    ep_rew_mean      | 44.1     |
|    exploration_rate | 0.05     |
| time/               |          |
|    episodes         | 896      |
|    fps              | 139      |
|    time_elapsed     | 384      |
|    total_timesteps  | 53760    |
| train/              |          |
|    learning_rate    | 0.0001   |
|    loss             | 0.14     |
|    n_updates        | 3297     |
----------------------------------
----------------------------------
| rollout/            |          |
|    ep_len_mean      | 60       |
|    ep_rew_mean      | 44.2     |
|    exploration_rate | 0.05     |
| time/               |          |
|    episodes         | 900      |
|    fps              | 139      |
|    time_elapsed     | 386      |
|    total_timesteps  | 54000    |
| train/              |          |
|    learning_rate    | 0.0001   |
|    loss             | 0.439    |
|    n_updates        | 3312     |
----------------------------------
----------------------------------
| rollout/            |          |
|    ep_len_mean      | 60       |
|    ep_rew_mean      | 44.1     |
|    exploration_rate | 0.05     |
| time/               |          |
|    episodes         | 904      |
|    fps              | 139      |
|    time_elapsed     | 388      |
|    total_timesteps  | 54240    |
| train/              |          |
|    learning_rate    | 0.0001   |
|    loss             | 2.19     |
|    n_updates        | 3327     |
----------------------------------
----------------------------------
| rollout/            |          |
|    ep_len_mean      | 60       |
|    ep_rew_mean      | 44.1     |
|    exploration_rate | 0.05     |
| time/               |          |
|    episodes         | 908      |
|    fps              | 139      |
|    time_elapsed     | 390      |
|    total_timesteps  | 54480    |
| train/              |          |
|    learning_rate    | 0.0001   |
|    loss             | 0.305    |
|    n_updates        | 3342     |
----------------------------------
----------------------------------
| rollout/            |          |
|    ep_len_mean      | 60       |
|    ep_rew_mean      | 44       |
|    exploration_rate | 0.05     |
| time/               |          |
|    episodes         | 912      |
|    fps              | 139      |
|    time_elapsed     | 391      |
|    total_timesteps  | 54720    |
| train/              |          |
|    learning_rate    | 0.0001   |
|    loss             | 3.06     |
|    n_updates        | 3357     |
----------------------------------
----------------------------------
| rollout/            |          |
|    ep_len_mean      | 60       |
|    ep_rew_mean      | 44       |
|    exploration_rate | 0.05     |
| time/               |          |
|    episodes         | 916      |
|    fps              | 139      |
|    time_elapsed     | 393      |
|    total_timesteps  | 54960    |
| train/              |          |
|    learning_rate    | 0.0001   |
|    loss             | 0.196    |
|    n_updates        | 3372     |
----------------------------------
----------------------------------
| rollout/            |          |
|    ep_len_mean      | 60       |
|    ep_rew_mean      | 43.9     |
|    exploration_rate | 0.05     |
| time/               |          |
|    episodes         | 920      |
|    fps              | 139      |
|    time_elapsed     | 395      |
|    total_timesteps  | 55200    |
| train/              |          |
|    learning_rate    | 0.0001   |
|    loss             | 0.188    |
|    n_updates        | 3387     |
----------------------------------
----------------------------------
| rollout/            |          |
|    ep_len_mean      | 60       |
|    ep_rew_mean      | 43.7     |
|    exploration_rate | 0.05     |
| time/               |          |
|    episodes         | 924      |
|    fps              | 139      |
|    time_elapsed     | 397      |
|    total_timesteps  | 55440    |
| train/              |          |
|    learning_rate    | 0.0001   |
|    loss             | 0.342    |
|    n_updates        | 3402     |
----------------------------------
----------------------------------
| rollout/            |          |
|    ep_len_mean      | 60       |
|    ep_rew_mean      | 43.6     |
|    exploration_rate | 0.05     |
| time/               |          |
|    episodes         | 928      |
|    fps              | 139      |
|    time_elapsed     | 399      |
|    total_timesteps  | 55680    |
| train/              |          |
|    learning_rate    | 0.0001   |
|    loss             | 0.334    |
|    n_updates        | 3417     |
----------------------------------
----------------------------------
| rollout/            |          |
|    ep_len_mean      | 60       |
|    ep_rew_mean      | 43.6     |
|    exploration_rate | 0.05     |
| time/               |          |
|    episodes         | 932      |
|    fps              | 139      |
|    time_elapsed     | 401      |
|    total_timesteps  | 55920    |
| train/              |          |
|    learning_rate    | 0.0001   |
|    loss             | 1.17     |
|    n_updates        | 3432     |
----------------------------------
----------------------------------
| rollout/            |          |
|    ep_len_mean      | 60       |
|    ep_rew_mean      | 43.7     |
|    exploration_rate | 0.05     |
| time/               |          |
|    episodes         | 936      |
|    fps              | 138      |
|    time_elapsed     | 404      |
|    total_timesteps  | 56160    |
| train/              |          |
|    learning_rate    | 0.0001   |
|    loss             | 0.641    |
|    n_updates        | 3447     |
----------------------------------
----------------------------------
| rollout/            |          |
|    ep_len_mean      | 60       |
|    ep_rew_mean      | 43.7     |
|    exploration_rate | 0.05     |
| time/               |          |
|    episodes         | 940      |
|    fps              | 138      |
|    time_elapsed     | 406      |
|    total_timesteps  | 56400    |
| train/              |          |
|    learning_rate    | 0.0001   |
|    loss             | 1.21     |
|    n_updates        | 3462     |
----------------------------------
----------------------------------
| rollout/            |          |
|    ep_len_mean      | 60       |
|    ep_rew_mean      | 43.7     |
|    exploration_rate | 0.05     |
| time/               |          |
|    episodes         | 944      |
|    fps              | 138      |
|    time_elapsed     | 409      |
|    total_timesteps  | 56640    |
| train/              |          |
|    learning_rate    | 0.0001   |
|    loss             | 1.99     |
|    n_updates        | 3477     |
----------------------------------
----------------------------------
| rollout/            |          |
|    ep_len_mean      | 60       |
|    ep_rew_mean      | 43.8     |
|    exploration_rate | 0.05     |
| time/               |          |
|    episodes         | 948      |
|    fps              | 138      |
|    time_elapsed     | 412      |
|    total_timesteps  | 56880    |
| train/              |          |
|    learning_rate    | 0.0001   |
|    loss             | 0.174    |
|    n_updates        | 3492     |
----------------------------------
----------------------------------
| rollout/            |          |
|    ep_len_mean      | 60       |
|    ep_rew_mean      | 43.9     |
|    exploration_rate | 0.05     |
| time/               |          |
|    episodes         | 952      |
|    fps              | 137      |
|    time_elapsed     | 414      |
|    total_timesteps  | 57120    |
| train/              |          |
|    learning_rate    | 0.0001   |
|    loss             | 2.23     |
|    n_updates        | 3507     |
----------------------------------
----------------------------------
| rollout/            |          |
|    ep_len_mean      | 60       |
|    ep_rew_mean      | 44.1     |
|    exploration_rate | 0.05     |
| time/               |          |
|    episodes         | 956      |
|    fps              | 137      |
|    time_elapsed     | 417      |
|    total_timesteps  | 57360    |
| train/              |          |
|    learning_rate    | 0.0001   |
|    loss             | 0.714    |
|    n_updates        | 3522     |
----------------------------------
----------------------------------
| rollout/            |          |
|    ep_len_mean      | 60       |
|    ep_rew_mean      | 44.1     |
|    exploration_rate | 0.05     |
| time/               |          |
|    episodes         | 960      |
|    fps              | 136      |
|    time_elapsed     | 420      |
|    total_timesteps  | 57600    |
| train/              |          |
|    learning_rate    | 0.0001   |
|    loss             | 0.598    |
|    n_updates        | 3537     |
----------------------------------
----------------------------------
| rollout/            |          |
|    ep_len_mean      | 60       |
|    ep_rew_mean      | 44.1     |
|    exploration_rate | 0.05     |
| time/               |          |
|    episodes         | 964      |
|    fps              | 136      |
|    time_elapsed     | 424      |
|    total_timesteps  | 57840    |
| train/              |          |
|    learning_rate    | 0.0001   |
|    loss             | 0.289    |
|    n_updates        | 3552     |
----------------------------------
----------------------------------
| rollout/            |          |
|    ep_len_mean      | 60       |
|    ep_rew_mean      | 44.1     |
|    exploration_rate | 0.05     |
| time/               |          |
|    episodes         | 968      |
|    fps              | 135      |
|    time_elapsed     | 427      |
|    total_timesteps  | 58080    |
| train/              |          |
|    learning_rate    | 0.0001   |
|    loss             | 0.318    |
|    n_updates        | 3567     |
----------------------------------
----------------------------------
| rollout/            |          |
|    ep_len_mean      | 60       |
|    ep_rew_mean      | 44       |
|    exploration_rate | 0.05     |
| time/               |          |
|    episodes         | 972      |
|    fps              | 135      |
|    time_elapsed     | 431      |
|    total_timesteps  | 58320    |
| train/              |          |
|    learning_rate    | 0.0001   |
|    loss             | 1.76     |
|    n_updates        | 3582     |
----------------------------------
----------------------------------
| rollout/            |          |
|    ep_len_mean      | 60       |
|    ep_rew_mean      | 43.9     |
|    exploration_rate | 0.05     |
| time/               |          |
|    episodes         | 976      |
|    fps              | 134      |
|    time_elapsed     | 435      |
|    total_timesteps  | 58560    |
| train/              |          |
|    learning_rate    | 0.0001   |
|    loss             | 1.08     |
|    n_updates        | 3597     |
----------------------------------
----------------------------------
| rollout/            |          |
|    ep_len_mean      | 60       |
|    ep_rew_mean      | 43.8     |
|    exploration_rate | 0.05     |
| time/               |          |
|    episodes         | 980      |
|    fps              | 134      |
|    time_elapsed     | 438      |
|    total_timesteps  | 58800    |
| train/              |          |
|    learning_rate    | 0.0001   |
|    loss             | 1.12     |
|    n_updates        | 3612     |
----------------------------------
----------------------------------
| rollout/            |          |
|    ep_len_mean      | 60       |
|    ep_rew_mean      | 43.6     |
|    exploration_rate | 0.05     |
| time/               |          |
|    episodes         | 984      |
|    fps              | 133      |
|    time_elapsed     | 440      |
|    total_timesteps  | 59040    |
| train/              |          |
|    learning_rate    | 0.0001   |
|    loss             | 1.22     |
|    n_updates        | 3627     |
----------------------------------
----------------------------------
| rollout/            |          |
|    ep_len_mean      | 60       |
|    ep_rew_mean      | 43.7     |
|    exploration_rate | 0.05     |
| time/               |          |
|    episodes         | 988      |
|    fps              | 133      |
|    time_elapsed     | 442      |
|    total_timesteps  | 59280    |
| train/              |          |
|    learning_rate    | 0.0001   |
|    loss             | 1.88     |
|    n_updates        | 3642     |
----------------------------------
----------------------------------
| rollout/            |          |
|    ep_len_mean      | 60       |
|    ep_rew_mean      | 43.8     |
|    exploration_rate | 0.05     |
| time/               |          |
|    episodes         | 992      |
|    fps              | 133      |
|    time_elapsed     | 444      |
|    total_timesteps  | 59520    |
| train/              |          |
|    learning_rate    | 0.0001   |
|    loss             | 1.09     |
|    n_updates        | 3657     |
----------------------------------
----------------------------------
| rollout/            |          |
|    ep_len_mean      | 60       |
|    ep_rew_mean      | 43.9     |
|    exploration_rate | 0.05     |
| time/               |          |
|    episodes         | 996      |
|    fps              | 133      |
|    time_elapsed     | 446      |
|    total_timesteps  | 59760    |
| train/              |          |
|    learning_rate    | 0.0001   |
|    loss             | 1.24     |
|    n_updates        | 3672     |
----------------------------------
----------------------------------
| rollout/            |          |
|    ep_len_mean      | 60       |
|    ep_rew_mean      | 43.9     |
|    exploration_rate | 0.05     |
| time/               |          |
|    episodes         | 1000     |
|    fps              | 133      |
|    time_elapsed     | 448      |
|    total_timesteps  | 60000    |
| train/              |          |
|    learning_rate    | 0.0001   |
|    loss             | 0.463    |
|    n_updates        | 3687     |
----------------------------------
----------------------------------
| rollout/            |          |
|    ep_len_mean      | 60       |
|    ep_rew_mean      | 43.9     |
|    exploration_rate | 0.05     |
| time/               |          |
|    episodes         | 1004     |
|    fps              | 133      |
|    time_elapsed     | 450      |
|    total_timesteps  | 60240    |
| train/              |          |
|    learning_rate    | 0.0001   |
|    loss             | 1.41     |
|    n_updates        | 3702     |
----------------------------------
----------------------------------
| rollout/            |          |
|    ep_len_mean      | 60       |
|    ep_rew_mean      | 43.9     |
|    exploration_rate | 0.05     |
| time/               |          |
|    episodes         | 1008     |
|    fps              | 133      |
|    time_elapsed     | 452      |
|    total_timesteps  | 60480    |
| train/              |          |
|    learning_rate    | 0.0001   |
|    loss             | 0.211    |
|    n_updates        | 3717     |
----------------------------------
----------------------------------
| rollout/            |          |
|    ep_len_mean      | 60       |
|    ep_rew_mean      | 44       |
|    exploration_rate | 0.05     |
| time/               |          |
|    episodes         | 1012     |
|    fps              | 133      |
|    time_elapsed     | 454      |
|    total_timesteps  | 60720    |
| train/              |          |
|    learning_rate    | 0.0001   |
|    loss             | 1.99     |
|    n_updates        | 3732     |
----------------------------------
----------------------------------
| rollout/            |          |
|    ep_len_mean      | 60       |
|    ep_rew_mean      | 44       |
|    exploration_rate | 0.05     |
| time/               |          |
|    episodes         | 1016     |
|    fps              | 133      |
|    time_elapsed     | 455      |
|    total_timesteps  | 60960    |
| train/              |          |
|    learning_rate    | 0.0001   |
|    loss             | 0.243    |
|    n_updates        | 3747     |
----------------------------------
----------------------------------
| rollout/            |          |
|    ep_len_mean      | 60       |
|    ep_rew_mean      | 44.1     |
|    exploration_rate | 0.05     |
| time/               |          |
|    episodes         | 1020     |
|    fps              | 133      |
|    time_elapsed     | 457      |
|    total_timesteps  | 61200    |
| train/              |          |
|    learning_rate    | 0.0001   |
|    loss             | 0.125    |
|    n_updates        | 3762     |
----------------------------------
----------------------------------
| rollout/            |          |
|    ep_len_mean      | 60       |
|    ep_rew_mean      | 44.3     |
|    exploration_rate | 0.05     |
| time/               |          |
|    episodes         | 1024     |
|    fps              | 133      |
|    time_elapsed     | 460      |
|    total_timesteps  | 61440    |
| train/              |          |
|    learning_rate    | 0.0001   |
|    loss             | 0.24     |
|    n_updates        | 3777     |
----------------------------------
----------------------------------
| rollout/            |          |
|    ep_len_mean      | 60       |
|    ep_rew_mean      | 44.4     |
|    exploration_rate | 0.05     |
| time/               |          |
|    episodes         | 1028     |
|    fps              | 133      |
|    time_elapsed     | 462      |
|    total_timesteps  | 61680    |
| train/              |          |
|    learning_rate    | 0.0001   |
|    loss             | 1.15     |
|    n_updates        | 3792     |
----------------------------------
----------------------------------
| rollout/            |          |
|    ep_len_mean      | 60       |
|    ep_rew_mean      | 44.4     |
|    exploration_rate | 0.05     |
| time/               |          |
|    episodes         | 1032     |
|    fps              | 133      |
|    time_elapsed     | 464      |
|    total_timesteps  | 61920    |
| train/              |          |
|    learning_rate    | 0.0001   |
|    loss             | 0.359    |
|    n_updates        | 3807     |
----------------------------------
----------------------------------
| rollout/            |          |
|    ep_len_mean      | 60       |
|    ep_rew_mean      | 44.2     |
|    exploration_rate | 0.05     |
| time/               |          |
|    episodes         | 1036     |
|    fps              | 133      |
|    time_elapsed     | 465      |
|    total_timesteps  | 62160    |
| train/              |          |
|    learning_rate    | 0.0001   |
|    loss             | 0.462    |
|    n_updates        | 3822     |
----------------------------------
----------------------------------
| rollout/            |          |
|    ep_len_mean      | 60       |
|    ep_rew_mean      | 44.3     |
|    exploration_rate | 0.05     |
| time/               |          |
|    episodes         | 1040     |
|    fps              | 133      |
|    time_elapsed     | 467      |
|    total_timesteps  | 62400    |
| train/              |          |
|    learning_rate    | 0.0001   |
|    loss             | 1.15     |
|    n_updates        | 3837     |
----------------------------------
----------------------------------
| rollout/            |          |
|    ep_len_mean      | 60       |
|    ep_rew_mean      | 44.3     |
|    exploration_rate | 0.05     |
| time/               |          |
|    episodes         | 1044     |
|    fps              | 133      |
|    time_elapsed     | 469      |
|    total_timesteps  | 62640    |
| train/              |          |
|    learning_rate    | 0.0001   |
|    loss             | 0.472    |
|    n_updates        | 3852     |
----------------------------------
----------------------------------
| rollout/            |          |
|    ep_len_mean      | 60       |
|    ep_rew_mean      | 44.3     |
|    exploration_rate | 0.05     |
| time/               |          |
|    episodes         | 1048     |
|    fps              | 133      |
|    time_elapsed     | 471      |
|    total_timesteps  | 62880    |
| train/              |          |
|    learning_rate    | 0.0001   |
|    loss             | 0.681    |
|    n_updates        | 3867     |
----------------------------------
----------------------------------
| rollout/            |          |
|    ep_len_mean      | 60       |
|    ep_rew_mean      | 44.3     |
|    exploration_rate | 0.05     |
| time/               |          |
|    episodes         | 1052     |
|    fps              | 133      |
|    time_elapsed     | 472      |
|    total_timesteps  | 63120    |
| train/              |          |
|    learning_rate    | 0.0001   |
|    loss             | 1.13     |
|    n_updates        | 3882     |
----------------------------------
----------------------------------
| rollout/            |          |
|    ep_len_mean      | 60       |
|    ep_rew_mean      | 44.3     |
|    exploration_rate | 0.05     |
| time/               |          |
|    episodes         | 1056     |
|    fps              | 133      |
|    time_elapsed     | 474      |
|    total_timesteps  | 63360    |
| train/              |          |
|    learning_rate    | 0.0001   |
|    loss             | 1.3      |
|    n_updates        | 3897     |
----------------------------------
----------------------------------
| rollout/            |          |
|    ep_len_mean      | 60       |
|    ep_rew_mean      | 44.2     |
|    exploration_rate | 0.05     |
| time/               |          |
|    episodes         | 1060     |
|    fps              | 133      |
|    time_elapsed     | 476      |
|    total_timesteps  | 63600    |
| train/              |          |
|    learning_rate    | 0.0001   |
|    loss             | 0.312    |
|    n_updates        | 3912     |
----------------------------------
----------------------------------
| rollout/            |          |
|    ep_len_mean      | 60       |
|    ep_rew_mean      | 44.3     |
|    exploration_rate | 0.05     |
| time/               |          |
|    episodes         | 1064     |
|    fps              | 133      |
|    time_elapsed     | 477      |
|    total_timesteps  | 63840    |
| train/              |          |
|    learning_rate    | 0.0001   |
|    loss             | 2.29     |
|    n_updates        | 3927     |
----------------------------------
----------------------------------
| rollout/            |          |
|    ep_len_mean      | 60       |
|    ep_rew_mean      | 44.3     |
|    exploration_rate | 0.05     |
| time/               |          |
|    episodes         | 1068     |
|    fps              | 133      |
|    time_elapsed     | 480      |
|    total_timesteps  | 64080    |
| train/              |          |
|    learning_rate    | 0.0001   |
|    loss             | 2.54     |
|    n_updates        | 3942     |
----------------------------------
----------------------------------
| rollout/            |          |
|    ep_len_mean      | 60       |
|    ep_rew_mean      | 44.4     |
|    exploration_rate | 0.05     |
| time/               |          |
|    episodes         | 1072     |
|    fps              | 133      |
|    time_elapsed     | 482      |
|    total_timesteps  | 64320    |
| train/              |          |
|    learning_rate    | 0.0001   |
|    loss             | 0.601    |
|    n_updates        | 3957     |
----------------------------------
----------------------------------
| rollout/            |          |
|    ep_len_mean      | 60       |
|    ep_rew_mean      | 44.5     |
|    exploration_rate | 0.05     |
| time/               |          |
|    episodes         | 1076     |
|    fps              | 133      |
|    time_elapsed     | 484      |
|    total_timesteps  | 64560    |
| train/              |          |
|    learning_rate    | 0.0001   |
|    loss             | 2.27     |
|    n_updates        | 3972     |
----------------------------------
----------------------------------
| rollout/            |          |
|    ep_len_mean      | 60       |
|    ep_rew_mean      | 44.6     |
|    exploration_rate | 0.05     |
| time/               |          |
|    episodes         | 1080     |
|    fps              | 133      |
|    time_elapsed     | 486      |
|    total_timesteps  | 64800    |
| train/              |          |
|    learning_rate    | 0.0001   |
|    loss             | 0.121    |
|    n_updates        | 3987     |
----------------------------------
----------------------------------
| rollout/            |          |
|    ep_len_mean      | 60       |
|    ep_rew_mean      | 44.8     |
|    exploration_rate | 0.05     |
| time/               |          |
|    episodes         | 1084     |
|    fps              | 133      |
|    time_elapsed     | 487      |
|    total_timesteps  | 65040    |
| train/              |          |
|    learning_rate    | 0.0001   |
|    loss             | 0.458    |
|    n_updates        | 4002     |
----------------------------------
----------------------------------
| rollout/            |          |
|    ep_len_mean      | 60       |
|    ep_rew_mean      | 44.8     |
|    exploration_rate | 0.05     |
| time/               |          |
|    episodes         | 1088     |
|    fps              | 133      |
|    time_elapsed     | 489      |
|    total_timesteps  | 65280    |
| train/              |          |
|    learning_rate    | 0.0001   |
|    loss             | 0.78     |
|    n_updates        | 4017     |
----------------------------------
----------------------------------
| rollout/            |          |
|    ep_len_mean      | 60       |
|    ep_rew_mean      | 44.7     |
|    exploration_rate | 0.05     |
| time/               |          |
|    episodes         | 1092     |
|    fps              | 133      |
|    time_elapsed     | 491      |
|    total_timesteps  | 65520    |
| train/              |          |
|    learning_rate    | 0.0001   |
|    loss             | 0.251    |
|    n_updates        | 4032     |
----------------------------------
----------------------------------
| rollout/            |          |
|    ep_len_mean      | 60       |
|    ep_rew_mean      | 44.5     |
|    exploration_rate | 0.05     |
| time/               |          |
|    episodes         | 1096     |
|    fps              | 133      |
|    time_elapsed     | 493      |
|    total_timesteps  | 65760    |
| train/              |          |
|    learning_rate    | 0.0001   |
|    loss             | 0.254    |
|    n_updates        | 4047     |
----------------------------------
----------------------------------
| rollout/            |          |
|    ep_len_mean      | 60       |
|    ep_rew_mean      | 44.5     |
|    exploration_rate | 0.05     |
| time/               |          |
|    episodes         | 1100     |
|    fps              | 133      |
|    time_elapsed     | 495      |
|    total_timesteps  | 66000    |
| train/              |          |
|    learning_rate    | 0.0001   |
|    loss             | 2.16     |
|    n_updates        | 4062     |
----------------------------------
----------------------------------
| rollout/            |          |
|    ep_len_mean      | 60       |
|    ep_rew_mean      | 44.4     |
|    exploration_rate | 0.05     |
| time/               |          |
|    episodes         | 1104     |
|    fps              | 133      |
|    time_elapsed     | 497      |
|    total_timesteps  | 66240    |
| train/              |          |
|    learning_rate    | 0.0001   |
|    loss             | 0.258    |
|    n_updates        | 4077     |
----------------------------------
----------------------------------
| rollout/            |          |
|    ep_len_mean      | 60       |
|    ep_rew_mean      | 44.5     |
|    exploration_rate | 0.05     |
| time/               |          |
|    episodes         | 1108     |
|    fps              | 133      |
|    time_elapsed     | 498      |
|    total_timesteps  | 66480    |
| train/              |          |
|    learning_rate    | 0.0001   |
|    loss             | 0.0905   |
|    n_updates        | 4092     |
----------------------------------
----------------------------------
| rollout/            |          |
|    ep_len_mean      | 60       |
|    ep_rew_mean      | 44.4     |
|    exploration_rate | 0.05     |
| time/               |          |
|    episodes         | 1112     |
|    fps              | 133      |
|    time_elapsed     | 500      |
|    total_timesteps  | 66720    |
| train/              |          |
|    learning_rate    | 0.0001   |
|    loss             | 0.106    |
|    n_updates        | 4107     |
----------------------------------
----------------------------------
| rollout/            |          |
|    ep_len_mean      | 60       |
|    ep_rew_mean      | 44.4     |
|    exploration_rate | 0.05     |
| time/               |          |
|    episodes         | 1116     |
|    fps              | 133      |
|    time_elapsed     | 503      |
|    total_timesteps  | 66960    |
| train/              |          |
|    learning_rate    | 0.0001   |
|    loss             | 2.73     |
|    n_updates        | 4122     |
----------------------------------
----------------------------------
| rollout/            |          |
|    ep_len_mean      | 60       |
|    ep_rew_mean      | 44.3     |
|    exploration_rate | 0.05     |
| time/               |          |
|    episodes         | 1120     |
|    fps              | 132      |
|    time_elapsed     | 505      |
|    total_timesteps  | 67200    |
| train/              |          |
|    learning_rate    | 0.0001   |
|    loss             | 0.356    |
|    n_updates        | 4137     |
----------------------------------
----------------------------------
| rollout/            |          |
|    ep_len_mean      | 60       |
|    ep_rew_mean      | 44.2     |
|    exploration_rate | 0.05     |
| time/               |          |
|    episodes         | 1124     |
|    fps              | 132      |
|    time_elapsed     | 507      |
|    total_timesteps  | 67440    |
| train/              |          |
|    learning_rate    | 0.0001   |
|    loss             | 0.133    |
|    n_updates        | 4152     |
----------------------------------
----------------------------------
| rollout/            |          |
|    ep_len_mean      | 60       |
|    ep_rew_mean      | 44.3     |
|    exploration_rate | 0.05     |
| time/               |          |
|    episodes         | 1128     |
|    fps              | 132      |
|    time_elapsed     | 508      |
|    total_timesteps  | 67680    |
| train/              |          |
|    learning_rate    | 0.0001   |
|    loss             | 0.3      |
|    n_updates        | 4167     |
----------------------------------
----------------------------------
| rollout/            |          |
|    ep_len_mean      | 60       |
|    ep_rew_mean      | 44.2     |
|    exploration_rate | 0.05     |
| time/               |          |
|    episodes         | 1132     |
|    fps              | 133      |
|    time_elapsed     | 510      |
|    total_timesteps  | 67920    |
| train/              |          |
|    learning_rate    | 0.0001   |
|    loss             | 0.57     |
|    n_updates        | 4182     |
----------------------------------
----------------------------------
| rollout/            |          |
|    ep_len_mean      | 60       |
|    ep_rew_mean      | 44.4     |
|    exploration_rate | 0.05     |
| time/               |          |
|    episodes         | 1136     |
|    fps              | 133      |
|    time_elapsed     | 512      |
|    total_timesteps  | 68160    |
| train/              |          |
|    learning_rate    | 0.0001   |
|    loss             | 1.34     |
|    n_updates        | 4197     |
----------------------------------
----------------------------------
| rollout/            |          |
|    ep_len_mean      | 60       |
|    ep_rew_mean      | 44.3     |
|    exploration_rate | 0.05     |
| time/               |          |
|    episodes         | 1140     |
|    fps              | 133      |
|    time_elapsed     | 514      |
|    total_timesteps  | 68400    |
| train/              |          |
|    learning_rate    | 0.0001   |
|    loss             | 0.402    |
|    n_updates        | 4212     |
----------------------------------
----------------------------------
| rollout/            |          |
|    ep_len_mean      | 60       |
|    ep_rew_mean      | 44.3     |
|    exploration_rate | 0.05     |
| time/               |          |
|    episodes         | 1144     |
|    fps              | 133      |
|    time_elapsed     | 515      |
|    total_timesteps  | 68640    |
| train/              |          |
|    learning_rate    | 0.0001   |
|    loss             | 0.522    |
|    n_updates        | 4227     |
----------------------------------
----------------------------------
| rollout/            |          |
|    ep_len_mean      | 60       |
|    ep_rew_mean      | 44.4     |
|    exploration_rate | 0.05     |
| time/               |          |
|    episodes         | 1148     |
|    fps              | 133      |
|    time_elapsed     | 517      |
|    total_timesteps  | 68880    |
| train/              |          |
|    learning_rate    | 0.0001   |
|    loss             | 0.221    |
|    n_updates        | 4242     |
----------------------------------
----------------------------------
| rollout/            |          |
|    ep_len_mean      | 60       |
|    ep_rew_mean      | 44.4     |
|    exploration_rate | 0.05     |
| time/               |          |
|    episodes         | 1152     |
|    fps              | 133      |
|    time_elapsed     | 519      |
|    total_timesteps  | 69120    |
| train/              |          |
|    learning_rate    | 0.0001   |
|    loss             | 1.7      |
|    n_updates        | 4257     |
----------------------------------
----------------------------------
| rollout/            |          |
|    ep_len_mean      | 60       |
|    ep_rew_mean      | 44.3     |
|    exploration_rate | 0.05     |
| time/               |          |
|    episodes         | 1156     |
|    fps              | 133      |
|    time_elapsed     | 520      |
|    total_timesteps  | 69360    |
| train/              |          |
|    learning_rate    | 0.0001   |
|    loss             | 1.42     |
|    n_updates        | 4272     |
----------------------------------
----------------------------------
| rollout/            |          |
|    ep_len_mean      | 60       |
|    ep_rew_mean      | 44.2     |
|    exploration_rate | 0.05     |
| time/               |          |
|    episodes         | 1160     |
|    fps              | 133      |
|    time_elapsed     | 523      |
|    total_timesteps  | 69600    |
| train/              |          |
|    learning_rate    | 0.0001   |
|    loss             | 0.145    |
|    n_updates        | 4287     |
----------------------------------
----------------------------------
| rollout/            |          |
|    ep_len_mean      | 60       |
|    ep_rew_mean      | 44.2     |
|    exploration_rate | 0.05     |
| time/               |          |
|    episodes         | 1164     |
|    fps              | 132      |
|    time_elapsed     | 525      |
|    total_timesteps  | 69840    |
| train/              |          |
|    learning_rate    | 0.0001   |
|    loss             | 1.51     |
|    n_updates        | 4302     |
----------------------------------
----------------------------------
| rollout/            |          |
|    ep_len_mean      | 60       |
|    ep_rew_mean      | 44.2     |
|    exploration_rate | 0.05     |
| time/               |          |
|    episodes         | 1168     |
|    fps              | 132      |
|    time_elapsed     | 528      |
|    total_timesteps  | 70080    |
| train/              |          |
|    learning_rate    | 0.0001   |
|    loss             | 0.513    |
|    n_updates        | 4317     |
----------------------------------
----------------------------------
| rollout/            |          |
|    ep_len_mean      | 60       |
|    ep_rew_mean      | 44       |
|    exploration_rate | 0.05     |
| time/               |          |
|    episodes         | 1172     |
|    fps              | 132      |
|    time_elapsed     | 530      |
|    total_timesteps  | 70320    |
| train/              |          |
|    learning_rate    | 0.0001   |
|    loss             | 0.283    |
|    n_updates        | 4332     |
----------------------------------
----------------------------------
| rollout/            |          |
|    ep_len_mean      | 60       |
|    ep_rew_mean      | 44       |
|    exploration_rate | 0.05     |
| time/               |          |
|    episodes         | 1176     |
|    fps              | 132      |
|    time_elapsed     | 533      |
|    total_timesteps  | 70560    |
| train/              |          |
|    learning_rate    | 0.0001   |
|    loss             | 0.162    |
|    n_updates        | 4347     |
----------------------------------
----------------------------------
| rollout/            |          |
|    ep_len_mean      | 60       |
|    ep_rew_mean      | 44       |
|    exploration_rate | 0.05     |
| time/               |          |
|    episodes         | 1180     |
|    fps              | 132      |
|    time_elapsed     | 535      |
|    total_timesteps  | 70800    |
| train/              |          |
|    learning_rate    | 0.0001   |
|    loss             | 0.198    |
|    n_updates        | 4362     |
----------------------------------
----------------------------------
| rollout/            |          |
|    ep_len_mean      | 60       |
|    ep_rew_mean      | 44       |
|    exploration_rate | 0.05     |
| time/               |          |
|    episodes         | 1184     |
|    fps              | 131      |
|    time_elapsed     | 538      |
|    total_timesteps  | 71040    |
| train/              |          |
|    learning_rate    | 0.0001   |
|    loss             | 1.33     |
|    n_updates        | 4377     |
----------------------------------
----------------------------------
| rollout/            |          |
|    ep_len_mean      | 60       |
|    ep_rew_mean      | 43.9     |
|    exploration_rate | 0.05     |
| time/               |          |
|    episodes         | 1188     |
|    fps              | 131      |
|    time_elapsed     | 540      |
|    total_timesteps  | 71280    |
| train/              |          |
|    learning_rate    | 0.0001   |
|    loss             | 1.33     |
|    n_updates        | 4392     |
----------------------------------
----------------------------------
| rollout/            |          |
|    ep_len_mean      | 60       |
|    ep_rew_mean      | 44       |
|    exploration_rate | 0.05     |
| time/               |          |
|    episodes         | 1192     |
|    fps              | 131      |
|    time_elapsed     | 543      |
|    total_timesteps  | 71520    |
| train/              |          |
|    learning_rate    | 0.0001   |
|    loss             | 0.221    |
|    n_updates        | 4407     |
----------------------------------
----------------------------------
| rollout/            |          |
|    ep_len_mean      | 60       |
|    ep_rew_mean      | 44       |
|    exploration_rate | 0.05     |
| time/               |          |
|    episodes         | 1196     |
|    fps              | 131      |
|    time_elapsed     | 545      |
|    total_timesteps  | 71760    |
| train/              |          |
|    learning_rate    | 0.0001   |
|    loss             | 0.223    |
|    n_updates        | 4422     |
----------------------------------
----------------------------------
| rollout/            |          |
|    ep_len_mean      | 60       |
|    ep_rew_mean      | 43.9     |
|    exploration_rate | 0.05     |
| time/               |          |
|    episodes         | 1200     |
|    fps              | 131      |
|    time_elapsed     | 547      |
|    total_timesteps  | 72000    |
| train/              |          |
|    learning_rate    | 0.0001   |
|    loss             | 1.33     |
|    n_updates        | 4437     |
----------------------------------
----------------------------------
| rollout/            |          |
|    ep_len_mean      | 60       |
|    ep_rew_mean      | 43.9     |
|    exploration_rate | 0.05     |
| time/               |          |
|    episodes         | 1204     |
|    fps              | 131      |
|    time_elapsed     | 549      |
|    total_timesteps  | 72240    |
| train/              |          |
|    learning_rate    | 0.0001   |
|    loss             | 1.42     |
|    n_updates        | 4452     |
----------------------------------
----------------------------------
| rollout/            |          |
|    ep_len_mean      | 60       |
|    ep_rew_mean      | 43.8     |
|    exploration_rate | 0.05     |
| time/               |          |
|    episodes         | 1208     |
|    fps              | 131      |
|    time_elapsed     | 552      |
|    total_timesteps  | 72480    |
| train/              |          |
|    learning_rate    | 0.0001   |
|    loss             | 1.42     |
|    n_updates        | 4467     |
----------------------------------
----------------------------------
| rollout/            |          |
|    ep_len_mean      | 60       |
|    ep_rew_mean      | 43.8     |
|    exploration_rate | 0.05     |
| time/               |          |
|    episodes         | 1212     |
|    fps              | 130      |
|    time_elapsed     | 555      |
|    total_timesteps  | 72720    |
| train/              |          |
|    learning_rate    | 0.0001   |
|    loss             | 1.26     |
|    n_updates        | 4482     |
----------------------------------
----------------------------------
| rollout/            |          |
|    ep_len_mean      | 60       |
|    ep_rew_mean      | 43.7     |
|    exploration_rate | 0.05     |
| time/               |          |
|    episodes         | 1216     |
|    fps              | 130      |
|    time_elapsed     | 557      |
|    total_timesteps  | 72960    |
| train/              |          |
|    learning_rate    | 0.0001   |
|    loss             | 0.28     |
|    n_updates        | 4497     |
----------------------------------
----------------------------------
| rollout/            |          |
|    ep_len_mean      | 60       |
|    ep_rew_mean      | 43.8     |
|    exploration_rate | 0.05     |
| time/               |          |
|    episodes         | 1220     |
|    fps              | 130      |
|    time_elapsed     | 559      |
|    total_timesteps  | 73200    |
| train/              |          |
|    learning_rate    | 0.0001   |
|    loss             | 1.65     |
|    n_updates        | 4512     |
----------------------------------
----------------------------------
| rollout/            |          |
|    ep_len_mean      | 60       |
|    ep_rew_mean      | 43.8     |
|    exploration_rate | 0.05     |
| time/               |          |
|    episodes         | 1224     |
|    fps              | 130      |
|    time_elapsed     | 561      |
|    total_timesteps  | 73440    |
| train/              |          |
|    learning_rate    | 0.0001   |
|    loss             | 0.434    |
|    n_updates        | 4527     |
----------------------------------
----------------------------------
| rollout/            |          |
|    ep_len_mean      | 60       |
|    ep_rew_mean      | 43.8     |
|    exploration_rate | 0.05     |
| time/               |          |
|    episodes         | 1228     |
|    fps              | 130      |
|    time_elapsed     | 563      |
|    total_timesteps  | 73680    |
| train/              |          |
|    learning_rate    | 0.0001   |
|    loss             | 1.03     |
|    n_updates        | 4542     |
----------------------------------
----------------------------------
| rollout/            |          |
|    ep_len_mean      | 60       |
|    ep_rew_mean      | 43.7     |
|    exploration_rate | 0.05     |
| time/               |          |
|    episodes         | 1232     |
|    fps              | 130      |
|    time_elapsed     | 564      |
|    total_timesteps  | 73920    |
| train/              |          |
|    learning_rate    | 0.0001   |
|    loss             | 1.14     |
|    n_updates        | 4557     |
----------------------------------
----------------------------------
| rollout/            |          |
|    ep_len_mean      | 60       |
|    ep_rew_mean      | 43.7     |
|    exploration_rate | 0.05     |
| time/               |          |
|    episodes         | 1236     |
|    fps              | 130      |
|    time_elapsed     | 566      |
|    total_timesteps  | 74160    |
| train/              |          |
|    learning_rate    | 0.0001   |
|    loss             | 1.22     |
|    n_updates        | 4572     |
----------------------------------
----------------------------------
| rollout/            |          |
|    ep_len_mean      | 60       |
|    ep_rew_mean      | 43.5     |
|    exploration_rate | 0.05     |
| time/               |          |
|    episodes         | 1240     |
|    fps              | 130      |
|    time_elapsed     | 569      |
|    total_timesteps  | 74400    |
| train/              |          |
|    learning_rate    | 0.0001   |
|    loss             | 2.29     |
|    n_updates        | 4587     |
----------------------------------
----------------------------------
| rollout/            |          |
|    ep_len_mean      | 60       |
|    ep_rew_mean      | 43.5     |
|    exploration_rate | 0.05     |
| time/               |          |
|    episodes         | 1244     |
|    fps              | 130      |
|    time_elapsed     | 570      |
|    total_timesteps  | 74640    |
| train/              |          |
|    learning_rate    | 0.0001   |
|    loss             | 0.167    |
|    n_updates        | 4602     |
----------------------------------
----------------------------------
| rollout/            |          |
|    ep_len_mean      | 60       |
|    ep_rew_mean      | 43.5     |
|    exploration_rate | 0.05     |
| time/               |          |
|    episodes         | 1248     |
|    fps              | 130      |
|    time_elapsed     | 572      |
|    total_timesteps  | 74880    |
| train/              |          |
|    learning_rate    | 0.0001   |
|    loss             | 0.343    |
|    n_updates        | 4617     |
----------------------------------
----------------------------------
| rollout/            |          |
|    ep_len_mean      | 60       |
|    ep_rew_mean      | 43.4     |
|    exploration_rate | 0.05     |
| time/               |          |
|    episodes         | 1252     |
|    fps              | 130      |
|    time_elapsed     | 574      |
|    total_timesteps  | 75120    |
| train/              |          |
|    learning_rate    | 0.0001   |
|    loss             | 0.0528   |
|    n_updates        | 4632     |
----------------------------------
----------------------------------
| rollout/            |          |
|    ep_len_mean      | 60       |
|    ep_rew_mean      | 43.5     |
|    exploration_rate | 0.05     |
| time/               |          |
|    episodes         | 1256     |
|    fps              | 130      |
|    time_elapsed     | 575      |
|    total_timesteps  | 75360    |
| train/              |          |
|    learning_rate    | 0.0001   |
|    loss             | 0.431    |
|    n_updates        | 4647     |
----------------------------------
----------------------------------
| rollout/            |          |
|    ep_len_mean      | 60       |
|    ep_rew_mean      | 43.5     |
|    exploration_rate | 0.05     |
| time/               |          |
|    episodes         | 1260     |
|    fps              | 130      |
|    time_elapsed     | 577      |
|    total_timesteps  | 75600    |
| train/              |          |
|    learning_rate    | 0.0001   |
|    loss             | 0.241    |
|    n_updates        | 4662     |
----------------------------------
----------------------------------
| rollout/            |          |
|    ep_len_mean      | 60       |
|    ep_rew_mean      | 43.3     |
|    exploration_rate | 0.05     |
| time/               |          |
|    episodes         | 1264     |
|    fps              | 130      |
|    time_elapsed     | 579      |
|    total_timesteps  | 75840    |
| train/              |          |
|    learning_rate    | 0.0001   |
|    loss             | 0.181    |
|    n_updates        | 4677     |
----------------------------------
----------------------------------
| rollout/            |          |
|    ep_len_mean      | 60       |
|    ep_rew_mean      | 43.3     |
|    exploration_rate | 0.05     |
| time/               |          |
|    episodes         | 1268     |
|    fps              | 130      |
|    time_elapsed     | 581      |
|    total_timesteps  | 76080    |
| train/              |          |
|    learning_rate    | 0.0001   |
|    loss             | 0.121    |
|    n_updates        | 4692     |
----------------------------------
----------------------------------
| rollout/            |          |
|    ep_len_mean      | 60       |
|    ep_rew_mean      | 43.4     |
|    exploration_rate | 0.05     |
| time/               |          |
|    episodes         | 1272     |
|    fps              | 130      |
|    time_elapsed     | 582      |
|    total_timesteps  | 76320    |
| train/              |          |
|    learning_rate    | 0.0001   |
|    loss             | 1.19     |
|    n_updates        | 4707     |
----------------------------------
----------------------------------
| rollout/            |          |
|    ep_len_mean      | 60       |
|    ep_rew_mean      | 43.3     |
|    exploration_rate | 0.05     |
| time/               |          |
|    episodes         | 1276     |
|    fps              | 131      |
|    time_elapsed     | 584      |
|    total_timesteps  | 76560    |
| train/              |          |
|    learning_rate    | 0.0001   |
|    loss             | 0.0766   |
|    n_updates        | 4722     |
----------------------------------
----------------------------------
| rollout/            |          |
|    ep_len_mean      | 60       |
|    ep_rew_mean      | 43.4     |
|    exploration_rate | 0.05     |
| time/               |          |
|    episodes         | 1280     |
|    fps              | 131      |
|    time_elapsed     | 585      |
|    total_timesteps  | 76800    |
| train/              |          |
|    learning_rate    | 0.0001   |
|    loss             | 0.248    |
|    n_updates        | 4737     |
----------------------------------
----------------------------------
| rollout/            |          |
|    ep_len_mean      | 60       |
|    ep_rew_mean      | 43.5     |
|    exploration_rate | 0.05     |
| time/               |          |
|    episodes         | 1284     |
|    fps              | 131      |
|    time_elapsed     | 587      |
|    total_timesteps  | 77040    |
| train/              |          |
|    learning_rate    | 0.0001   |
|    loss             | 1.43     |
|    n_updates        | 4752     |
----------------------------------
----------------------------------
| rollout/            |          |
|    ep_len_mean      | 60       |
|    ep_rew_mean      | 43.6     |
|    exploration_rate | 0.05     |
| time/               |          |
|    episodes         | 1288     |
|    fps              | 131      |
|    time_elapsed     | 589      |
|    total_timesteps  | 77280    |
| train/              |          |
|    learning_rate    | 0.0001   |
|    loss             | 0.542    |
|    n_updates        | 4767     |
----------------------------------
----------------------------------
| rollout/            |          |
|    ep_len_mean      | 60       |
|    ep_rew_mean      | 43.6     |
|    exploration_rate | 0.05     |
| time/               |          |
|    episodes         | 1292     |
|    fps              | 131      |
|    time_elapsed     | 591      |
|    total_timesteps  | 77520    |
| train/              |          |
|    learning_rate    | 0.0001   |
|    loss             | 2.56     |
|    n_updates        | 4782     |
----------------------------------
----------------------------------
| rollout/            |          |
|    ep_len_mean      | 60       |
|    ep_rew_mean      | 43.8     |
|    exploration_rate | 0.05     |
| time/               |          |
|    episodes         | 1296     |
|    fps              | 131      |
|    time_elapsed     | 592      |
|    total_timesteps  | 77760    |
| train/              |          |
|    learning_rate    | 0.0001   |
|    loss             | 1.31     |
|    n_updates        | 4797     |
----------------------------------
----------------------------------
| rollout/            |          |
|    ep_len_mean      | 60       |
|    ep_rew_mean      | 43.7     |
|    exploration_rate | 0.05     |
| time/               |          |
|    episodes         | 1300     |
|    fps              | 131      |
|    time_elapsed     | 594      |
|    total_timesteps  | 78000    |
| train/              |          |
|    learning_rate    | 0.0001   |
|    loss             | 1.57     |
|    n_updates        | 4812     |
----------------------------------
----------------------------------
| rollout/            |          |
|    ep_len_mean      | 60       |
|    ep_rew_mean      | 43.8     |
|    exploration_rate | 0.05     |
| time/               |          |
|    episodes         | 1304     |
|    fps              | 131      |
|    time_elapsed     | 596      |
|    total_timesteps  | 78240    |
| train/              |          |
|    learning_rate    | 0.0001   |
|    loss             | 0.333    |
|    n_updates        | 4827     |
----------------------------------
----------------------------------
| rollout/            |          |
|    ep_len_mean      | 60       |
|    ep_rew_mean      | 43.8     |
|    exploration_rate | 0.05     |
| time/               |          |
|    episodes         | 1308     |
|    fps              | 131      |
|    time_elapsed     | 597      |
|    total_timesteps  | 78480    |
| train/              |          |
|    learning_rate    | 0.0001   |
|    loss             | 0.32     |
|    n_updates        | 4842     |
----------------------------------
----------------------------------
| rollout/            |          |
|    ep_len_mean      | 60       |
|    ep_rew_mean      | 43.9     |
|    exploration_rate | 0.05     |
| time/               |          |
|    episodes         | 1312     |
|    fps              | 131      |
|    time_elapsed     | 599      |
|    total_timesteps  | 78720    |
| train/              |          |
|    learning_rate    | 0.0001   |
|    loss             | 0.216    |
|    n_updates        | 4857     |
----------------------------------
----------------------------------
| rollout/            |          |
|    ep_len_mean      | 60       |
|    ep_rew_mean      | 44       |
|    exploration_rate | 0.05     |
| time/               |          |
|    episodes         | 1316     |
|    fps              | 131      |
|    time_elapsed     | 601      |
|    total_timesteps  | 78960    |
| train/              |          |
|    learning_rate    | 0.0001   |
|    loss             | 0.281    |
|    n_updates        | 4872     |
----------------------------------
----------------------------------
| rollout/            |          |
|    ep_len_mean      | 60       |
|    ep_rew_mean      | 43.9     |
|    exploration_rate | 0.05     |
| time/               |          |
|    episodes         | 1320     |
|    fps              | 131      |
|    time_elapsed     | 602      |
|    total_timesteps  | 79200    |
| train/              |          |
|    learning_rate    | 0.0001   |
|    loss             | 0.27     |
|    n_updates        | 4887     |
----------------------------------
----------------------------------
| rollout/            |          |
|    ep_len_mean      | 60       |
|    ep_rew_mean      | 43.8     |
|    exploration_rate | 0.05     |
| time/               |          |
|    episodes         | 1324     |
|    fps              | 131      |
|    time_elapsed     | 604      |
|    total_timesteps  | 79440    |
| train/              |          |
|    learning_rate    | 0.0001   |
|    loss             | 0.227    |
|    n_updates        | 4902     |
----------------------------------
----------------------------------
| rollout/            |          |
|    ep_len_mean      | 60       |
|    ep_rew_mean      | 43.8     |
|    exploration_rate | 0.05     |
| time/               |          |
|    episodes         | 1328     |
|    fps              | 131      |
|    time_elapsed     | 606      |
|    total_timesteps  | 79680    |
| train/              |          |
|    learning_rate    | 0.0001   |
|    loss             | 0.477    |
|    n_updates        | 4917     |
----------------------------------
----------------------------------
| rollout/            |          |
|    ep_len_mean      | 60       |
|    ep_rew_mean      | 43.9     |
|    exploration_rate | 0.05     |
| time/               |          |
|    episodes         | 1332     |
|    fps              | 131      |
|    time_elapsed     | 608      |
|    total_timesteps  | 79920    |
| train/              |          |
|    learning_rate    | 0.0001   |
|    loss             | 0.148    |
|    n_updates        | 4932     |
----------------------------------
----------------------------------
| rollout/            |          |
|    ep_len_mean      | 60       |
|    ep_rew_mean      | 43.9     |
|    exploration_rate | 0.05     |
| time/               |          |
|    episodes         | 1336     |
|    fps              | 131      |
|    time_elapsed     | 610      |
|    total_timesteps  | 80160    |
| train/              |          |
|    learning_rate    | 0.0001   |
|    loss             | 2.36     |
|    n_updates        | 4947     |
----------------------------------
----------------------------------
| rollout/            |          |
|    ep_len_mean      | 60       |
|    ep_rew_mean      | 44       |
|    exploration_rate | 0.05     |
| time/               |          |
|    episodes         | 1340     |
|    fps              | 131      |
|    time_elapsed     | 612      |
|    total_timesteps  | 80400    |
| train/              |          |
|    learning_rate    | 0.0001   |
|    loss             | 1.8      |
|    n_updates        | 4962     |
----------------------------------
----------------------------------
| rollout/            |          |
|    ep_len_mean      | 60       |
|    ep_rew_mean      | 44.2     |
|    exploration_rate | 0.05     |
| time/               |          |
|    episodes         | 1344     |
|    fps              | 131      |
|    time_elapsed     | 613      |
|    total_timesteps  | 80640    |
| train/              |          |
|    learning_rate    | 0.0001   |
|    loss             | 3.78     |
|    n_updates        | 4977     |
----------------------------------
----------------------------------
| rollout/            |          |
|    ep_len_mean      | 60       |
|    ep_rew_mean      | 44.2     |
|    exploration_rate | 0.05     |
| time/               |          |
|    episodes         | 1348     |
|    fps              | 131      |
|    time_elapsed     | 615      |
|    total_timesteps  | 80880    |
| train/              |          |
|    learning_rate    | 0.0001   |
|    loss             | 0.322    |
|    n_updates        | 4992     |
----------------------------------
----------------------------------
| rollout/            |          |
|    ep_len_mean      | 60       |
|    ep_rew_mean      | 44.1     |
|    exploration_rate | 0.05     |
| time/               |          |
|    episodes         | 1352     |
|    fps              | 131      |
|    time_elapsed     | 617      |
|    total_timesteps  | 81120    |
| train/              |          |
|    learning_rate    | 0.0001   |
|    loss             | 0.5      |
|    n_updates        | 5007     |
----------------------------------
----------------------------------
| rollout/            |          |
|    ep_len_mean      | 60       |
|    ep_rew_mean      | 44.3     |
|    exploration_rate | 0.05     |
| time/               |          |
|    episodes         | 1356     |
|    fps              | 131      |
|    time_elapsed     | 618      |
|    total_timesteps  | 81360    |
| train/              |          |
|    learning_rate    | 0.0001   |
|    loss             | 0.213    |
|    n_updates        | 5022     |
----------------------------------
----------------------------------
| rollout/            |          |
|    ep_len_mean      | 60       |
|    ep_rew_mean      | 44.3     |
|    exploration_rate | 0.05     |
| time/               |          |
|    episodes         | 1360     |
|    fps              | 131      |
|    time_elapsed     | 620      |
|    total_timesteps  | 81600    |
| train/              |          |
|    learning_rate    | 0.0001   |
|    loss             | 0.592    |
|    n_updates        | 5037     |
----------------------------------
----------------------------------
| rollout/            |          |
|    ep_len_mean      | 60       |
|    ep_rew_mean      | 44.4     |
|    exploration_rate | 0.05     |
| time/               |          |
|    episodes         | 1364     |
|    fps              | 131      |
|    time_elapsed     | 622      |
|    total_timesteps  | 81840    |
| train/              |          |
|    learning_rate    | 0.0001   |
|    loss             | 1.26     |
|    n_updates        | 5052     |
----------------------------------
----------------------------------
| rollout/            |          |
|    ep_len_mean      | 60       |
|    ep_rew_mean      | 44.4     |
|    exploration_rate | 0.05     |
| time/               |          |
|    episodes         | 1368     |
|    fps              | 131      |
|    time_elapsed     | 623      |
|    total_timesteps  | 82080    |
| train/              |          |
|    learning_rate    | 0.0001   |
|    loss             | 1.57     |
|    n_updates        | 5067     |
----------------------------------
----------------------------------
| rollout/            |          |
|    ep_len_mean      | 60       |
|    ep_rew_mean      | 44.4     |
|    exploration_rate | 0.05     |
| time/               |          |
|    episodes         | 1372     |
|    fps              | 131      |
|    time_elapsed     | 625      |
|    total_timesteps  | 82320    |
| train/              |          |
|    learning_rate    | 0.0001   |
|    loss             | 1.38     |
|    n_updates        | 5082     |
----------------------------------
----------------------------------
| rollout/            |          |
|    ep_len_mean      | 60       |
|    ep_rew_mean      | 44.5     |
|    exploration_rate | 0.05     |
| time/               |          |
|    episodes         | 1376     |
|    fps              | 131      |
|    time_elapsed     | 627      |
|    total_timesteps  | 82560    |
| train/              |          |
|    learning_rate    | 0.0001   |
|    loss             | 0.313    |
|    n_updates        | 5097     |
----------------------------------
----------------------------------
| rollout/            |          |
|    ep_len_mean      | 60       |
|    ep_rew_mean      | 44.5     |
|    exploration_rate | 0.05     |
| time/               |          |
|    episodes         | 1380     |
|    fps              | 131      |
|    time_elapsed     | 629      |
|    total_timesteps  | 82800    |
| train/              |          |
|    learning_rate    | 0.0001   |
|    loss             | 1.54     |
|    n_updates        | 5112     |
----------------------------------
----------------------------------
| rollout/            |          |
|    ep_len_mean      | 60       |
|    ep_rew_mean      | 44.6     |
|    exploration_rate | 0.05     |
| time/               |          |
|    episodes         | 1384     |
|    fps              | 131      |
|    time_elapsed     | 631      |
|    total_timesteps  | 83040    |
| train/              |          |
|    learning_rate    | 0.0001   |
|    loss             | 1.57     |
|    n_updates        | 5127     |
----------------------------------
----------------------------------
| rollout/            |          |
|    ep_len_mean      | 60       |
|    ep_rew_mean      | 44.5     |
|    exploration_rate | 0.05     |
| time/               |          |
|    episodes         | 1388     |
|    fps              | 131      |
|    time_elapsed     | 633      |
|    total_timesteps  | 83280    |
| train/              |          |
|    learning_rate    | 0.0001   |
|    loss             | 1.5      |
|    n_updates        | 5142     |
----------------------------------
----------------------------------
| rollout/            |          |
|    ep_len_mean      | 60       |
|    ep_rew_mean      | 44.4     |
|    exploration_rate | 0.05     |
| time/               |          |
|    episodes         | 1392     |
|    fps              | 131      |
|    time_elapsed     | 635      |
|    total_timesteps  | 83520    |
| train/              |          |
|    learning_rate    | 0.0001   |
|    loss             | 0.184    |
|    n_updates        | 5157     |
----------------------------------
----------------------------------
| rollout/            |          |
|    ep_len_mean      | 60       |
|    ep_rew_mean      | 44.3     |
|    exploration_rate | 0.05     |
| time/               |          |
|    episodes         | 1396     |
|    fps              | 131      |
|    time_elapsed     | 636      |
|    total_timesteps  | 83760    |
| train/              |          |
|    learning_rate    | 0.0001   |
|    loss             | 1.7      |
|    n_updates        | 5172     |
----------------------------------
----------------------------------
| rollout/            |          |
|    ep_len_mean      | 60       |
|    ep_rew_mean      | 44.5     |
|    exploration_rate | 0.05     |
| time/               |          |
|    episodes         | 1400     |
|    fps              | 131      |
|    time_elapsed     | 638      |
|    total_timesteps  | 84000    |
| train/              |          |
|    learning_rate    | 0.0001   |
|    loss             | 0.167    |
|    n_updates        | 5187     |
----------------------------------
----------------------------------
| rollout/            |          |
|    ep_len_mean      | 60       |
|    ep_rew_mean      | 44.6     |
|    exploration_rate | 0.05     |
| time/               |          |
|    episodes         | 1404     |
|    fps              | 131      |
|    time_elapsed     | 640      |
|    total_timesteps  | 84240    |
| train/              |          |
|    learning_rate    | 0.0001   |
|    loss             | 0.349    |
|    n_updates        | 5202     |
----------------------------------
----------------------------------
| rollout/            |          |
|    ep_len_mean      | 60       |
|    ep_rew_mean      | 44.6     |
|    exploration_rate | 0.05     |
| time/               |          |
|    episodes         | 1408     |
|    fps              | 131      |
|    time_elapsed     | 642      |
|    total_timesteps  | 84480    |
| train/              |          |
|    learning_rate    | 0.0001   |
|    loss             | 1.48     |
|    n_updates        | 5217     |
----------------------------------
----------------------------------
| rollout/            |          |
|    ep_len_mean      | 60       |
|    ep_rew_mean      | 44.5     |
|    exploration_rate | 0.05     |
| time/               |          |
|    episodes         | 1412     |
|    fps              | 131      |
|    time_elapsed     | 644      |
|    total_timesteps  | 84720    |
| train/              |          |
|    learning_rate    | 0.0001   |
|    loss             | 0.362    |
|    n_updates        | 5232     |
----------------------------------
----------------------------------
| rollout/            |          |
|    ep_len_mean      | 60       |
|    ep_rew_mean      | 44.5     |
|    exploration_rate | 0.05     |
| time/               |          |
|    episodes         | 1416     |
|    fps              | 131      |
|    time_elapsed     | 646      |
|    total_timesteps  | 84960    |
| train/              |          |
|    learning_rate    | 0.0001   |
|    loss             | 0.0764   |
|    n_updates        | 5247     |
----------------------------------
----------------------------------
| rollout/            |          |
|    ep_len_mean      | 60       |
|    ep_rew_mean      | 44.6     |
|    exploration_rate | 0.05     |
| time/               |          |
|    episodes         | 1420     |
|    fps              | 131      |
|    time_elapsed     | 647      |
|    total_timesteps  | 85200    |
| train/              |          |
|    learning_rate    | 0.0001   |
|    loss             | 2.77     |
|    n_updates        | 5262     |
----------------------------------
----------------------------------
| rollout/            |          |
|    ep_len_mean      | 60       |
|    ep_rew_mean      | 44.7     |
|    exploration_rate | 0.05     |
| time/               |          |
|    episodes         | 1424     |
|    fps              | 131      |
|    time_elapsed     | 649      |
|    total_timesteps  | 85440    |
| train/              |          |
|    learning_rate    | 0.0001   |
|    loss             | 1.6      |
|    n_updates        | 5277     |
----------------------------------
----------------------------------
| rollout/            |          |
|    ep_len_mean      | 60       |
|    ep_rew_mean      | 44.5     |
|    exploration_rate | 0.05     |
| time/               |          |
|    episodes         | 1428     |
|    fps              | 131      |
|    time_elapsed     | 652      |
|    total_timesteps  | 85680    |
| train/              |          |
|    learning_rate    | 0.0001   |
|    loss             | 1.51     |
|    n_updates        | 5292     |
----------------------------------
----------------------------------
| rollout/            |          |
|    ep_len_mean      | 60       |
|    ep_rew_mean      | 44.6     |
|    exploration_rate | 0.05     |
| time/               |          |
|    episodes         | 1432     |
|    fps              | 131      |
|    time_elapsed     | 654      |
|    total_timesteps  | 85920    |
| train/              |          |
|    learning_rate    | 0.0001   |
|    loss             | 0.448    |
|    n_updates        | 5307     |
----------------------------------
----------------------------------
| rollout/            |          |
|    ep_len_mean      | 60       |
|    ep_rew_mean      | 44.6     |
|    exploration_rate | 0.05     |
| time/               |          |
|    episodes         | 1436     |
|    fps              | 131      |
|    time_elapsed     | 656      |
|    total_timesteps  | 86160    |
| train/              |          |
|    learning_rate    | 0.0001   |
|    loss             | 1.41     |
|    n_updates        | 5322     |
----------------------------------
----------------------------------
| rollout/            |          |
|    ep_len_mean      | 60       |
|    ep_rew_mean      | 44.5     |
|    exploration_rate | 0.05     |
| time/               |          |
|    episodes         | 1440     |
|    fps              | 131      |
|    time_elapsed     | 657      |
|    total_timesteps  | 86400    |
| train/              |          |
|    learning_rate    | 0.0001   |
|    loss             | 0.406    |
|    n_updates        | 5337     |
----------------------------------
----------------------------------
| rollout/            |          |
|    ep_len_mean      | 60       |
|    ep_rew_mean      | 44.4     |
|    exploration_rate | 0.05     |
| time/               |          |
|    episodes         | 1444     |
|    fps              | 131      |
|    time_elapsed     | 659      |
|    total_timesteps  | 86640    |
| train/              |          |
|    learning_rate    | 0.0001   |
|    loss             | 0.101    |
|    n_updates        | 5352     |
----------------------------------
----------------------------------
| rollout/            |          |
|    ep_len_mean      | 60       |
|    ep_rew_mean      | 44.2     |
|    exploration_rate | 0.05     |
| time/               |          |
|    episodes         | 1448     |
|    fps              | 131      |
|    time_elapsed     | 661      |
|    total_timesteps  | 86880    |
| train/              |          |
|    learning_rate    | 0.0001   |
|    loss             | 1.47     |
|    n_updates        | 5367     |
----------------------------------
----------------------------------
| rollout/            |          |
|    ep_len_mean      | 60       |
|    ep_rew_mean      | 44.3     |
|    exploration_rate | 0.05     |
| time/               |          |
|    episodes         | 1452     |
|    fps              | 131      |
|    time_elapsed     | 663      |
|    total_timesteps  | 87120    |
| train/              |          |
|    learning_rate    | 0.0001   |
|    loss             | 0.207    |
|    n_updates        | 5382     |
----------------------------------
----------------------------------
| rollout/            |          |
|    ep_len_mean      | 60       |
|    ep_rew_mean      | 44.2     |
|    exploration_rate | 0.05     |
| time/               |          |
|    episodes         | 1456     |
|    fps              | 131      |
|    time_elapsed     | 664      |
|    total_timesteps  | 87360    |
| train/              |          |
|    learning_rate    | 0.0001   |
|    loss             | 1.47     |
|    n_updates        | 5397     |
----------------------------------
----------------------------------
| rollout/            |          |
|    ep_len_mean      | 60       |
|    ep_rew_mean      | 44.3     |
|    exploration_rate | 0.05     |
| time/               |          |
|    episodes         | 1460     |
|    fps              | 131      |
|    time_elapsed     | 666      |
|    total_timesteps  | 87600    |
| train/              |          |
|    learning_rate    | 0.0001   |
|    loss             | 0.166    |
|    n_updates        | 5412     |
----------------------------------
----------------------------------
| rollout/            |          |
|    ep_len_mean      | 60       |
|    ep_rew_mean      | 44.3     |
|    exploration_rate | 0.05     |
| time/               |          |
|    episodes         | 1464     |
|    fps              | 131      |
|    time_elapsed     | 668      |
|    total_timesteps  | 87840    |
| train/              |          |
|    learning_rate    | 0.0001   |
|    loss             | 0.211    |
|    n_updates        | 5427     |
----------------------------------
----------------------------------
| rollout/            |          |
|    ep_len_mean      | 60       |
|    ep_rew_mean      | 44.2     |
|    exploration_rate | 0.05     |
| time/               |          |
|    episodes         | 1468     |
|    fps              | 131      |
|    time_elapsed     | 670      |
|    total_timesteps  | 88080    |
| train/              |          |
|    learning_rate    | 0.0001   |
|    loss             | 0.256    |
|    n_updates        | 5442     |
----------------------------------
----------------------------------
| rollout/            |          |
|    ep_len_mean      | 60       |
|    ep_rew_mean      | 44.3     |
|    exploration_rate | 0.05     |
| time/               |          |
|    episodes         | 1472     |
|    fps              | 131      |
|    time_elapsed     | 671      |
|    total_timesteps  | 88320    |
| train/              |          |
|    learning_rate    | 0.0001   |
|    loss             | 1.44     |
|    n_updates        | 5457     |
----------------------------------
----------------------------------
| rollout/            |          |
|    ep_len_mean      | 60       |
|    ep_rew_mean      | 44.1     |
|    exploration_rate | 0.05     |
| time/               |          |
|    episodes         | 1476     |
|    fps              | 131      |
|    time_elapsed     | 673      |
|    total_timesteps  | 88560    |
| train/              |          |
|    learning_rate    | 0.0001   |
|    loss             | 0.209    |
|    n_updates        | 5472     |
----------------------------------
----------------------------------
| rollout/            |          |
|    ep_len_mean      | 60       |
|    ep_rew_mean      | 44.1     |
|    exploration_rate | 0.05     |
| time/               |          |
|    episodes         | 1480     |
|    fps              | 131      |
|    time_elapsed     | 675      |
|    total_timesteps  | 88800    |
| train/              |          |
|    learning_rate    | 0.0001   |
|    loss             | 1.54     |
|    n_updates        | 5487     |
----------------------------------
----------------------------------
| rollout/            |          |
|    ep_len_mean      | 60       |
|    ep_rew_mean      | 44       |
|    exploration_rate | 0.05     |
| time/               |          |
|    episodes         | 1484     |
|    fps              | 131      |
|    time_elapsed     | 676      |
|    total_timesteps  | 89040    |
| train/              |          |
|    learning_rate    | 0.0001   |
|    loss             | 0.448    |
|    n_updates        | 5502     |
----------------------------------
----------------------------------
| rollout/            |          |
|    ep_len_mean      | 60       |
|    ep_rew_mean      | 44.1     |
|    exploration_rate | 0.05     |
| time/               |          |
|    episodes         | 1488     |
|    fps              | 131      |
|    time_elapsed     | 678      |
|    total_timesteps  | 89280    |
| train/              |          |
|    learning_rate    | 0.0001   |
|    loss             | 0.314    |
|    n_updates        | 5517     |
----------------------------------
----------------------------------
| rollout/            |          |
|    ep_len_mean      | 60       |
|    ep_rew_mean      | 44.1     |
|    exploration_rate | 0.05     |
| time/               |          |
|    episodes         | 1492     |
|    fps              | 131      |
|    time_elapsed     | 680      |
|    total_timesteps  | 89520    |
| train/              |          |
|    learning_rate    | 0.0001   |
|    loss             | 0.0976   |
|    n_updates        | 5532     |
----------------------------------
----------------------------------
| rollout/            |          |
|    ep_len_mean      | 60       |
|    ep_rew_mean      | 44.1     |
|    exploration_rate | 0.05     |
| time/               |          |
|    episodes         | 1496     |
|    fps              | 131      |
|    time_elapsed     | 682      |
|    total_timesteps  | 89760    |
| train/              |          |
|    learning_rate    | 0.0001   |
|    loss             | 0.378    |
|    n_updates        | 5547     |
----------------------------------
----------------------------------
| rollout/            |          |
|    ep_len_mean      | 60       |
|    ep_rew_mean      | 43.9     |
|    exploration_rate | 0.05     |
| time/               |          |
|    episodes         | 1500     |
|    fps              | 131      |
|    time_elapsed     | 683      |
|    total_timesteps  | 90000    |
| train/              |          |
|    learning_rate    | 0.0001   |
|    loss             | 2.92     |
|    n_updates        | 5562     |
----------------------------------
----------------------------------
| rollout/            |          |
|    ep_len_mean      | 60       |
|    ep_rew_mean      | 43.8     |
|    exploration_rate | 0.05     |
| time/               |          |
|    episodes         | 1504     |
|    fps              | 131      |
|    time_elapsed     | 685      |
|    total_timesteps  | 90240    |
| train/              |          |
|    learning_rate    | 0.0001   |
|    loss             | 2.83     |
|    n_updates        | 5577     |
----------------------------------
----------------------------------
| rollout/            |          |
|    ep_len_mean      | 60       |
|    ep_rew_mean      | 43.7     |
|    exploration_rate | 0.05     |
| time/               |          |
|    episodes         | 1508     |
|    fps              | 131      |
|    time_elapsed     | 687      |
|    total_timesteps  | 90480    |
| train/              |          |
|    learning_rate    | 0.0001   |
|    loss             | 1.43     |
|    n_updates        | 5592     |
----------------------------------
----------------------------------
| rollout/            |          |
|    ep_len_mean      | 60       |
|    ep_rew_mean      | 43.8     |
|    exploration_rate | 0.05     |
| time/               |          |
|    episodes         | 1512     |
|    fps              | 131      |
|    time_elapsed     | 688      |
|    total_timesteps  | 90720    |
| train/              |          |
|    learning_rate    | 0.0001   |
|    loss             | 0.173    |
|    n_updates        | 5607     |
----------------------------------
----------------------------------
| rollout/            |          |
|    ep_len_mean      | 60       |
|    ep_rew_mean      | 43.8     |
|    exploration_rate | 0.05     |
| time/               |          |
|    episodes         | 1516     |
|    fps              | 131      |
|    time_elapsed     | 690      |
|    total_timesteps  | 90960    |
| train/              |          |
|    learning_rate    | 0.0001   |
|    loss             | 0.429    |
|    n_updates        | 5622     |
----------------------------------
----------------------------------
| rollout/            |          |
|    ep_len_mean      | 60       |
|    ep_rew_mean      | 43.8     |
|    exploration_rate | 0.05     |
| time/               |          |
|    episodes         | 1520     |
|    fps              | 131      |
|    time_elapsed     | 692      |
|    total_timesteps  | 91200    |
| train/              |          |
|    learning_rate    | 0.0001   |
|    loss             | 0.0461   |
|    n_updates        | 5637     |
----------------------------------
----------------------------------
| rollout/            |          |
|    ep_len_mean      | 60       |
|    ep_rew_mean      | 43.8     |
|    exploration_rate | 0.05     |
| time/               |          |
|    episodes         | 1524     |
|    fps              | 131      |
|    time_elapsed     | 694      |
|    total_timesteps  | 91440    |
| train/              |          |
|    learning_rate    | 0.0001   |
|    loss             | 0.36     |
|    n_updates        | 5652     |
----------------------------------
----------------------------------
| rollout/            |          |
|    ep_len_mean      | 60       |
|    ep_rew_mean      | 43.9     |
|    exploration_rate | 0.05     |
| time/               |          |
|    episodes         | 1528     |
|    fps              | 131      |
|    time_elapsed     | 696      |
|    total_timesteps  | 91680    |
| train/              |          |
|    learning_rate    | 0.0001   |
|    loss             | 0.206    |
|    n_updates        | 5667     |
----------------------------------
----------------------------------
| rollout/            |          |
|    ep_len_mean      | 60       |
|    ep_rew_mean      | 43.9     |
|    exploration_rate | 0.05     |
| time/               |          |
|    episodes         | 1532     |
|    fps              | 131      |
|    time_elapsed     | 698      |
|    total_timesteps  | 91920    |
| train/              |          |
|    learning_rate    | 0.0001   |
|    loss             | 1.42     |
|    n_updates        | 5682     |
----------------------------------
----------------------------------
| rollout/            |          |
|    ep_len_mean      | 60       |
|    ep_rew_mean      | 43.9     |
|    exploration_rate | 0.05     |
| time/               |          |
|    episodes         | 1536     |
|    fps              | 131      |
|    time_elapsed     | 700      |
|    total_timesteps  | 92160    |
| train/              |          |
|    learning_rate    | 0.0001   |
|    loss             | 0.144    |
|    n_updates        | 5697     |
----------------------------------
----------------------------------
| rollout/            |          |
|    ep_len_mean      | 60       |
|    ep_rew_mean      | 44.2     |
|    exploration_rate | 0.05     |
| time/               |          |
|    episodes         | 1540     |
|    fps              | 131      |
|    time_elapsed     | 702      |
|    total_timesteps  | 92400    |
| train/              |          |
|    learning_rate    | 0.0001   |
|    loss             | 1.61     |
|    n_updates        | 5712     |
----------------------------------
----------------------------------
| rollout/            |          |
|    ep_len_mean      | 60       |
|    ep_rew_mean      | 44.3     |
|    exploration_rate | 0.05     |
| time/               |          |
|    episodes         | 1544     |
|    fps              | 131      |
|    time_elapsed     | 703      |
|    total_timesteps  | 92640    |
| train/              |          |
|    learning_rate    | 0.0001   |
|    loss             | 0.203    |
|    n_updates        | 5727     |
----------------------------------
----------------------------------
| rollout/            |          |
|    ep_len_mean      | 60       |
|    ep_rew_mean      | 44.3     |
|    exploration_rate | 0.05     |
| time/               |          |
|    episodes         | 1548     |
|    fps              | 131      |
|    time_elapsed     | 705      |
|    total_timesteps  | 92880    |
| train/              |          |
|    learning_rate    | 0.0001   |
|    loss             | 1.85     |
|    n_updates        | 5742     |
----------------------------------
----------------------------------
| rollout/            |          |
|    ep_len_mean      | 60       |
|    ep_rew_mean      | 44.4     |
|    exploration_rate | 0.05     |
| time/               |          |
|    episodes         | 1552     |
|    fps              | 131      |
|    time_elapsed     | 707      |
|    total_timesteps  | 93120    |
| train/              |          |
|    learning_rate    | 0.0001   |
|    loss             | 0.264    |
|    n_updates        | 5757     |
----------------------------------
----------------------------------
| rollout/            |          |
|    ep_len_mean      | 60       |
|    ep_rew_mean      | 44.3     |
|    exploration_rate | 0.05     |
| time/               |          |
|    episodes         | 1556     |
|    fps              | 131      |
|    time_elapsed     | 709      |
|    total_timesteps  | 93360    |
| train/              |          |
|    learning_rate    | 0.0001   |
|    loss             | 0.361    |
|    n_updates        | 5772     |
----------------------------------
----------------------------------
| rollout/            |          |
|    ep_len_mean      | 60       |
|    ep_rew_mean      | 44.3     |
|    exploration_rate | 0.05     |
| time/               |          |
|    episodes         | 1560     |
|    fps              | 131      |
|    time_elapsed     | 710      |
|    total_timesteps  | 93600    |
| train/              |          |
|    learning_rate    | 0.0001   |
|    loss             | 2.95     |
|    n_updates        | 5787     |
----------------------------------
----------------------------------
| rollout/            |          |
|    ep_len_mean      | 60       |
|    ep_rew_mean      | 44.3     |
|    exploration_rate | 0.05     |
| time/               |          |
|    episodes         | 1564     |
|    fps              | 131      |
|    time_elapsed     | 712      |
|    total_timesteps  | 93840    |
| train/              |          |
|    learning_rate    | 0.0001   |
|    loss             | 4.27     |
|    n_updates        | 5802     |
----------------------------------
----------------------------------
| rollout/            |          |
|    ep_len_mean      | 60       |
|    ep_rew_mean      | 44.5     |
|    exploration_rate | 0.05     |
| time/               |          |
|    episodes         | 1568     |
|    fps              | 131      |
|    time_elapsed     | 715      |
|    total_timesteps  | 94080    |
| train/              |          |
|    learning_rate    | 0.0001   |
|    loss             | 0.3      |
|    n_updates        | 5817     |
----------------------------------
----------------------------------
| rollout/            |          |
|    ep_len_mean      | 60       |
|    ep_rew_mean      | 44.4     |
|    exploration_rate | 0.05     |
| time/               |          |
|    episodes         | 1572     |
|    fps              | 131      |
|    time_elapsed     | 717      |
|    total_timesteps  | 94320    |
| train/              |          |
|    learning_rate    | 0.0001   |
|    loss             | 1.45     |
|    n_updates        | 5832     |
----------------------------------
----------------------------------
| rollout/            |          |
|    ep_len_mean      | 60       |
|    ep_rew_mean      | 44.5     |
|    exploration_rate | 0.05     |
| time/               |          |
|    episodes         | 1576     |
|    fps              | 131      |
|    time_elapsed     | 719      |
|    total_timesteps  | 94560    |
| train/              |          |
|    learning_rate    | 0.0001   |
|    loss             | 1.86     |
|    n_updates        | 5847     |
----------------------------------
----------------------------------
| rollout/            |          |
|    ep_len_mean      | 60       |
|    ep_rew_mean      | 44.5     |
|    exploration_rate | 0.05     |
| time/               |          |
|    episodes         | 1580     |
|    fps              | 131      |
|    time_elapsed     | 721      |
|    total_timesteps  | 94800    |
| train/              |          |
|    learning_rate    | 0.0001   |
|    loss             | 0.244    |
|    n_updates        | 5862     |
----------------------------------
----------------------------------
| rollout/            |          |
|    ep_len_mean      | 60       |
|    ep_rew_mean      | 44.4     |
|    exploration_rate | 0.05     |
| time/               |          |
|    episodes         | 1584     |
|    fps              | 131      |
|    time_elapsed     | 722      |
|    total_timesteps  | 95040    |
| train/              |          |
|    learning_rate    | 0.0001   |
|    loss             | 0.29     |
|    n_updates        | 5877     |
----------------------------------
----------------------------------
| rollout/            |          |
|    ep_len_mean      | 60       |
|    ep_rew_mean      | 44.2     |
|    exploration_rate | 0.05     |
| time/               |          |
|    episodes         | 1588     |
|    fps              | 131      |
|    time_elapsed     | 724      |
|    total_timesteps  | 95280    |
| train/              |          |
|    learning_rate    | 0.0001   |
|    loss             | 1.84     |
|    n_updates        | 5892     |
----------------------------------
----------------------------------
| rollout/            |          |
|    ep_len_mean      | 60       |
|    ep_rew_mean      | 44.3     |
|    exploration_rate | 0.05     |
| time/               |          |
|    episodes         | 1592     |
|    fps              | 131      |
|    time_elapsed     | 726      |
|    total_timesteps  | 95520    |
| train/              |          |
|    learning_rate    | 0.0001   |
|    loss             | 0.246    |
|    n_updates        | 5907     |
----------------------------------
----------------------------------
| rollout/            |          |
|    ep_len_mean      | 60       |
|    ep_rew_mean      | 44.3     |
|    exploration_rate | 0.05     |
| time/               |          |
|    episodes         | 1596     |
|    fps              | 131      |
|    time_elapsed     | 728      |
|    total_timesteps  | 95760    |
| train/              |          |
|    learning_rate    | 0.0001   |
|    loss             | 1.98     |
|    n_updates        | 5922     |
----------------------------------
----------------------------------
| rollout/            |          |
|    ep_len_mean      | 60       |
|    ep_rew_mean      | 44.3     |
|    exploration_rate | 0.05     |
| time/               |          |
|    episodes         | 1600     |
|    fps              | 131      |
|    time_elapsed     | 730      |
|    total_timesteps  | 96000    |
| train/              |          |
|    learning_rate    | 0.0001   |
|    loss             | 0.0611   |
|    n_updates        | 5937     |
----------------------------------
----------------------------------
| rollout/            |          |
|    ep_len_mean      | 60       |
|    ep_rew_mean      | 44.4     |
|    exploration_rate | 0.05     |
| time/               |          |
|    episodes         | 1604     |
|    fps              | 131      |
|    time_elapsed     | 731      |
|    total_timesteps  | 96240    |
| train/              |          |
|    learning_rate    | 0.0001   |
|    loss             | 1.64     |
|    n_updates        | 5952     |
----------------------------------
----------------------------------
| rollout/            |          |
|    ep_len_mean      | 60       |
|    ep_rew_mean      | 44.5     |
|    exploration_rate | 0.05     |
| time/               |          |
|    episodes         | 1608     |
|    fps              | 131      |
|    time_elapsed     | 733      |
|    total_timesteps  | 96480    |
| train/              |          |
|    learning_rate    | 0.0001   |
|    loss             | 1.46     |
|    n_updates        | 5967     |
----------------------------------
----------------------------------
| rollout/            |          |
|    ep_len_mean      | 60       |
|    ep_rew_mean      | 44.6     |
|    exploration_rate | 0.05     |
| time/               |          |
|    episodes         | 1612     |
|    fps              | 131      |
|    time_elapsed     | 735      |
|    total_timesteps  | 96720    |
| train/              |          |
|    learning_rate    | 0.0001   |
|    loss             | 0.0676   |
|    n_updates        | 5982     |
----------------------------------
----------------------------------
| rollout/            |          |
|    ep_len_mean      | 60       |
|    ep_rew_mean      | 44.5     |
|    exploration_rate | 0.05     |
| time/               |          |
|    episodes         | 1616     |
|    fps              | 131      |
|    time_elapsed     | 736      |
|    total_timesteps  | 96960    |
| train/              |          |
|    learning_rate    | 0.0001   |
|    loss             | 1.78     |
|    n_updates        | 5997     |
----------------------------------
----------------------------------
| rollout/            |          |
|    ep_len_mean      | 60       |
|    ep_rew_mean      | 44.7     |
|    exploration_rate | 0.05     |
| time/               |          |
|    episodes         | 1620     |
|    fps              | 131      |
|    time_elapsed     | 738      |
|    total_timesteps  | 97200    |
| train/              |          |
|    learning_rate    | 0.0001   |
|    loss             | 0.447    |
|    n_updates        | 6012     |
----------------------------------
----------------------------------
| rollout/            |          |
|    ep_len_mean      | 60       |
|    ep_rew_mean      | 44.5     |
|    exploration_rate | 0.05     |
| time/               |          |
|    episodes         | 1624     |
|    fps              | 131      |
|    time_elapsed     | 740      |
|    total_timesteps  | 97440    |
| train/              |          |
|    learning_rate    | 0.0001   |
|    loss             | 0.249    |
|    n_updates        | 6027     |
----------------------------------
----------------------------------
| rollout/            |          |
|    ep_len_mean      | 60       |
|    ep_rew_mean      | 44.4     |
|    exploration_rate | 0.05     |
| time/               |          |
|    episodes         | 1628     |
|    fps              | 131      |
|    time_elapsed     | 741      |
|    total_timesteps  | 97680    |
| train/              |          |
|    learning_rate    | 0.0001   |
|    loss             | 1.64     |
|    n_updates        | 6042     |
----------------------------------
----------------------------------
| rollout/            |          |
|    ep_len_mean      | 60       |
|    ep_rew_mean      | 44.5     |
|    exploration_rate | 0.05     |
| time/               |          |
|    episodes         | 1632     |
|    fps              | 131      |
|    time_elapsed     | 743      |
|    total_timesteps  | 97920    |
| train/              |          |
|    learning_rate    | 0.0001   |
|    loss             | 0.372    |
|    n_updates        | 6057     |
----------------------------------
----------------------------------
| rollout/            |          |
|    ep_len_mean      | 60       |
|    ep_rew_mean      | 44.5     |
|    exploration_rate | 0.05     |
| time/               |          |
|    episodes         | 1636     |
|    fps              | 131      |
|    time_elapsed     | 745      |
|    total_timesteps  | 98160    |
| train/              |          |
|    learning_rate    | 0.0001   |
|    loss             | 0.516    |
|    n_updates        | 6072     |
----------------------------------
----------------------------------
| rollout/            |          |
|    ep_len_mean      | 60       |
|    ep_rew_mean      | 44.3     |
|    exploration_rate | 0.05     |
| time/               |          |
|    episodes         | 1640     |
|    fps              | 131      |
|    time_elapsed     | 746      |
|    total_timesteps  | 98400    |
| train/              |          |
|    learning_rate    | 0.0001   |
|    loss             | 0.375    |
|    n_updates        | 6087     |
----------------------------------
----------------------------------
| rollout/            |          |
|    ep_len_mean      | 60       |
|    ep_rew_mean      | 44.2     |
|    exploration_rate | 0.05     |
| time/               |          |
|    episodes         | 1644     |
|    fps              | 131      |
|    time_elapsed     | 748      |
|    total_timesteps  | 98640    |
| train/              |          |
|    learning_rate    | 0.0001   |
|    loss             | 0.396    |
|    n_updates        | 6102     |
----------------------------------
----------------------------------
| rollout/            |          |
|    ep_len_mean      | 60       |
|    ep_rew_mean      | 44.2     |
|    exploration_rate | 0.05     |
| time/               |          |
|    episodes         | 1648     |
|    fps              | 131      |
|    time_elapsed     | 750      |
|    total_timesteps  | 98880    |
| train/              |          |
|    learning_rate    | 0.0001   |
|    loss             | 1.53     |
|    n_updates        | 6117     |
----------------------------------
----------------------------------
| rollout/            |          |
|    ep_len_mean      | 60       |
|    ep_rew_mean      | 44.1     |
|    exploration_rate | 0.05     |
| time/               |          |
|    episodes         | 1652     |
|    fps              | 131      |
|    time_elapsed     | 751      |
|    total_timesteps  | 99120    |
| train/              |          |
|    learning_rate    | 0.0001   |
|    loss             | 1.53     |
|    n_updates        | 6132     |
----------------------------------
----------------------------------
| rollout/            |          |
|    ep_len_mean      | 60       |
|    ep_rew_mean      | 44.1     |
|    exploration_rate | 0.05     |
| time/               |          |
|    episodes         | 1656     |
|    fps              | 131      |
|    time_elapsed     | 753      |
|    total_timesteps  | 99360    |
| train/              |          |
|    learning_rate    | 0.0001   |
|    loss             | 2.87     |
|    n_updates        | 6147     |
----------------------------------
----------------------------------
| rollout/            |          |
|    ep_len_mean      | 60       |
|    ep_rew_mean      | 44.1     |
|    exploration_rate | 0.05     |
| time/               |          |
|    episodes         | 1660     |
|    fps              | 131      |
|    time_elapsed     | 755      |
|    total_timesteps  | 99600    |
| train/              |          |
|    learning_rate    | 0.0001   |
|    loss             | 0.234    |
|    n_updates        | 6162     |
----------------------------------
----------------------------------
| rollout/            |          |
|    ep_len_mean      | 60       |
|    ep_rew_mean      | 44.1     |
|    exploration_rate | 0.05     |
| time/               |          |
|    episodes         | 1664     |
|    fps              | 131      |
|    time_elapsed     | 757      |
|    total_timesteps  | 99840    |
| train/              |          |
|    learning_rate    | 0.0001   |
|    loss             | 0.119    |
|    n_updates        | 6177     |
----------------------------------
  saved model: D:\Projects\TN+NTN\drl\models_ka\dqn_seed1.zip
  evaluating dqn seed=1 (200 episodes)...
    dqn seed=1 eval: 20/200 episodes
    dqn seed=1 eval: 40/200 episodes
    dqn seed=1 eval: 60/200 episodes
    dqn seed=1 eval: 80/200 episodes
    dqn seed=1 eval: 100/200 episodes
    dqn seed=1 eval: 120/200 episodes
    dqn seed=1 eval: 140/200 episodes
    dqn seed=1 eval: 160/200 episodes
    dqn seed=1 eval: 180/200 episodes
    dqn seed=1 eval: 200/200 episodes
  training dqn seed=2 ...
Using cpu device
----------------------------------
| rollout/            |          |
|    ep_len_mean      | 60       |
|    ep_rew_mean      | 1.08     |
|    exploration_rate | 0.977    |
| time/               |          |
|    episodes         | 4        |
|    fps              | 155      |
|    time_elapsed     | 1        |
|    total_timesteps  | 240      |
----------------------------------
----------------------------------
| rollout/            |          |
|    ep_len_mean      | 60       |
|    ep_rew_mean      | -0.355   |
|    exploration_rate | 0.954    |
| time/               |          |
|    episodes         | 8        |
|    fps              | 169      |
|    time_elapsed     | 2        |
|    total_timesteps  | 480      |
----------------------------------
----------------------------------
| rollout/            |          |
|    ep_len_mean      | 60       |
|    ep_rew_mean      | -0.236   |
|    exploration_rate | 0.932    |
| time/               |          |
|    episodes         | 12       |
|    fps              | 184      |
|    time_elapsed     | 3        |
|    total_timesteps  | 720      |
----------------------------------
----------------------------------
| rollout/            |          |
|    ep_len_mean      | 60       |
|    ep_rew_mean      | -1.26    |
|    exploration_rate | 0.909    |
| time/               |          |
|    episodes         | 16       |
|    fps              | 191      |
|    time_elapsed     | 5        |
|    total_timesteps  | 960      |
----------------------------------
----------------------------------
| rollout/            |          |
|    ep_len_mean      | 60       |
|    ep_rew_mean      | -1.34    |
|    exploration_rate | 0.886    |
| time/               |          |
|    episodes         | 20       |
|    fps              | 184      |
|    time_elapsed     | 6        |
|    total_timesteps  | 1200     |
| train/              |          |
|    learning_rate    | 0.0001   |
|    loss             | 0.308    |
|    n_updates        | 12       |
----------------------------------
----------------------------------
| rollout/            |          |
|    ep_len_mean      | 60       |
|    ep_rew_mean      | -1.2     |
|    exploration_rate | 0.863    |
| time/               |          |
|    episodes         | 24       |
|    fps              | 175      |
|    time_elapsed     | 8        |
|    total_timesteps  | 1440     |
| train/              |          |
|    learning_rate    | 0.0001   |
|    loss             | 0.295    |
|    n_updates        | 27       |
----------------------------------
----------------------------------
| rollout/            |          |
|    ep_len_mean      | 60       |
|    ep_rew_mean      | 0.267    |
|    exploration_rate | 0.84     |
| time/               |          |
|    episodes         | 28       |
|    fps              | 165      |
|    time_elapsed     | 10       |
|    total_timesteps  | 1680     |
| train/              |          |
|    learning_rate    | 0.0001   |
|    loss             | 0.295    |
|    n_updates        | 42       |
----------------------------------
----------------------------------
| rollout/            |          |
|    ep_len_mean      | 60       |
|    ep_rew_mean      | 0.532    |
|    exploration_rate | 0.818    |
| time/               |          |
|    episodes         | 32       |
|    fps              | 160      |
|    time_elapsed     | 11       |
|    total_timesteps  | 1920     |
| train/              |          |
|    learning_rate    | 0.0001   |
|    loss             | 0.252    |
|    n_updates        | 57       |
----------------------------------
----------------------------------
| rollout/            |          |
|    ep_len_mean      | 60       |
|    ep_rew_mean      | 2.02     |
|    exploration_rate | 0.795    |
| time/               |          |
|    episodes         | 36       |
|    fps              | 151      |
|    time_elapsed     | 14       |
|    total_timesteps  | 2160     |
| train/              |          |
|    learning_rate    | 0.0001   |
|    loss             | 0.285    |
|    n_updates        | 72       |
----------------------------------
----------------------------------
| rollout/            |          |
|    ep_len_mean      | 60       |
|    ep_rew_mean      | 2.14     |
|    exploration_rate | 0.772    |
| time/               |          |
|    episodes         | 40       |
|    fps              | 149      |
|    time_elapsed     | 16       |
|    total_timesteps  | 2400     |
| train/              |          |
|    learning_rate    | 0.0001   |
|    loss             | 0.318    |
|    n_updates        | 87       |
----------------------------------
----------------------------------
| rollout/            |          |
|    ep_len_mean      | 60       |
|    ep_rew_mean      | 3.34     |
|    exploration_rate | 0.749    |
| time/               |          |
|    episodes         | 44       |
|    fps              | 142      |
|    time_elapsed     | 18       |
|    total_timesteps  | 2640     |
| train/              |          |
|    learning_rate    | 0.0001   |
|    loss             | 0.256    |
|    n_updates        | 102      |
----------------------------------
----------------------------------
| rollout/            |          |
|    ep_len_mean      | 60       |
|    ep_rew_mean      | 3.62     |
|    exploration_rate | 0.726    |
| time/               |          |
|    episodes         | 48       |
|    fps              | 141      |
|    time_elapsed     | 20       |
|    total_timesteps  | 2880     |
| train/              |          |
|    learning_rate    | 0.0001   |
|    loss             | 0.232    |
|    n_updates        | 117      |
----------------------------------
----------------------------------
| rollout/            |          |
|    ep_len_mean      | 60       |
|    ep_rew_mean      | 4.19     |
|    exploration_rate | 0.704    |
| time/               |          |
|    episodes         | 52       |
|    fps              | 140      |
|    time_elapsed     | 22       |
|    total_timesteps  | 3120     |
| train/              |          |
|    learning_rate    | 0.0001   |
|    loss             | 0.229    |
|    n_updates        | 132      |
----------------------------------
----------------------------------
| rollout/            |          |
|    ep_len_mean      | 60       |
|    ep_rew_mean      | 4.47     |
|    exploration_rate | 0.681    |
| time/               |          |
|    episodes         | 56       |
|    fps              | 138      |
|    time_elapsed     | 24       |
|    total_timesteps  | 3360     |
| train/              |          |
|    learning_rate    | 0.0001   |
|    loss             | 0.257    |
|    n_updates        | 147      |
----------------------------------
----------------------------------
| rollout/            |          |
|    ep_len_mean      | 60       |
|    ep_rew_mean      | 4.57     |
|    exploration_rate | 0.658    |
| time/               |          |
|    episodes         | 60       |
|    fps              | 137      |
|    time_elapsed     | 26       |
|    total_timesteps  | 3600     |
| train/              |          |
|    learning_rate    | 0.0001   |
|    loss             | 0.286    |
|    n_updates        | 162      |
----------------------------------
----------------------------------
| rollout/            |          |
|    ep_len_mean      | 60       |
|    ep_rew_mean      | 4.94     |
|    exploration_rate | 0.635    |
| time/               |          |
|    episodes         | 64       |
|    fps              | 136      |
|    time_elapsed     | 28       |
|    total_timesteps  | 3840     |
| train/              |          |
|    learning_rate    | 0.0001   |
|    loss             | 0.265    |
|    n_updates        | 177      |
----------------------------------
----------------------------------
| rollout/            |          |
|    ep_len_mean      | 60       |
|    ep_rew_mean      | 5.32     |
|    exploration_rate | 0.612    |
| time/               |          |
|    episodes         | 68       |
|    fps              | 136      |
|    time_elapsed     | 29       |
|    total_timesteps  | 4080     |
| train/              |          |
|    learning_rate    | 0.0001   |
|    loss             | 0.271    |
|    n_updates        | 192      |
----------------------------------
----------------------------------
| rollout/            |          |
|    ep_len_mean      | 60       |
|    ep_rew_mean      | 6.28     |
|    exploration_rate | 0.59     |
| time/               |          |
|    episodes         | 72       |
|    fps              | 135      |
|    time_elapsed     | 31       |
|    total_timesteps  | 4320     |
| train/              |          |
|    learning_rate    | 0.0001   |
|    loss             | 0.284    |
|    n_updates        | 207      |
----------------------------------
----------------------------------
| rollout/            |          |
|    ep_len_mean      | 60       |
|    ep_rew_mean      | 6.53     |
|    exploration_rate | 0.567    |
| time/               |          |
|    episodes         | 76       |
|    fps              | 136      |
|    time_elapsed     | 33       |
|    total_timesteps  | 4560     |
| train/              |          |
|    learning_rate    | 0.0001   |
|    loss             | 0.189    |
|    n_updates        | 222      |
----------------------------------
----------------------------------
| rollout/            |          |
|    ep_len_mean      | 60       |
|    ep_rew_mean      | 7.07     |
|    exploration_rate | 0.544    |
| time/               |          |
|    episodes         | 80       |
|    fps              | 135      |
|    time_elapsed     | 35       |
|    total_timesteps  | 4800     |
| train/              |          |
|    learning_rate    | 0.0001   |
|    loss             | 0.205    |
|    n_updates        | 237      |
----------------------------------
----------------------------------
| rollout/            |          |
|    ep_len_mean      | 60       |
|    ep_rew_mean      | 7.13     |
|    exploration_rate | 0.521    |
| time/               |          |
|    episodes         | 84       |
|    fps              | 134      |
|    time_elapsed     | 37       |
|    total_timesteps  | 5040     |
| train/              |          |
|    learning_rate    | 0.0001   |
|    loss             | 0.272    |
|    n_updates        | 252      |
----------------------------------
----------------------------------
| rollout/            |          |
|    ep_len_mean      | 60       |
|    ep_rew_mean      | 7.19     |
|    exploration_rate | 0.498    |
| time/               |          |
|    episodes         | 88       |
|    fps              | 134      |
|    time_elapsed     | 39       |
|    total_timesteps  | 5280     |
| train/              |          |
|    learning_rate    | 0.0001   |
|    loss             | 0.311    |
|    n_updates        | 267      |
----------------------------------
----------------------------------
| rollout/            |          |
|    ep_len_mean      | 60       |
|    ep_rew_mean      | 7.81     |
|    exploration_rate | 0.476    |
| time/               |          |
|    episodes         | 92       |
|    fps              | 133      |
|    time_elapsed     | 41       |
|    total_timesteps  | 5520     |
| train/              |          |
|    learning_rate    | 0.0001   |
|    loss             | 0.191    |
|    n_updates        | 282      |
----------------------------------
----------------------------------
| rollout/            |          |
|    ep_len_mean      | 60       |
|    ep_rew_mean      | 8.65     |
|    exploration_rate | 0.453    |
| time/               |          |
|    episodes         | 96       |
|    fps              | 132      |
|    time_elapsed     | 43       |
|    total_timesteps  | 5760     |
| train/              |          |
|    learning_rate    | 0.0001   |
|    loss             | 0.212    |
|    n_updates        | 297      |
----------------------------------
----------------------------------
| rollout/            |          |
|    ep_len_mean      | 60       |
|    ep_rew_mean      | 8.99     |
|    exploration_rate | 0.43     |
| time/               |          |
|    episodes         | 100      |
|    fps              | 131      |
|    time_elapsed     | 45       |
|    total_timesteps  | 6000     |
| train/              |          |
|    learning_rate    | 0.0001   |
|    loss             | 0.179    |
|    n_updates        | 312      |
----------------------------------
----------------------------------
| rollout/            |          |
|    ep_len_mean      | 60       |
|    ep_rew_mean      | 10       |
|    exploration_rate | 0.407    |
| time/               |          |
|    episodes         | 104      |
|    fps              | 130      |
|    time_elapsed     | 47       |
|    total_timesteps  | 6240     |
| train/              |          |
|    learning_rate    | 0.0001   |
|    loss             | 0.332    |
|    n_updates        | 327      |
----------------------------------
----------------------------------
| rollout/            |          |
|    ep_len_mean      | 60       |
|    ep_rew_mean      | 10.5     |
|    exploration_rate | 0.384    |
| time/               |          |
|    episodes         | 108      |
|    fps              | 130      |
|    time_elapsed     | 49       |
|    total_timesteps  | 6480     |
| train/              |          |
|    learning_rate    | 0.0001   |
|    loss             | 0.267    |
|    n_updates        | 342      |
----------------------------------
----------------------------------
| rollout/            |          |
|    ep_len_mean      | 60       |
|    ep_rew_mean      | 11.3     |
|    exploration_rate | 0.362    |
| time/               |          |
|    episodes         | 112      |
|    fps              | 130      |
|    time_elapsed     | 51       |
|    total_timesteps  | 6720     |
| train/              |          |
|    learning_rate    | 0.0001   |
|    loss             | 0.126    |
|    n_updates        | 357      |
----------------------------------
----------------------------------
| rollout/            |          |
|    ep_len_mean      | 60       |
|    ep_rew_mean      | 12.2     |
|    exploration_rate | 0.339    |
| time/               |          |
|    episodes         | 116      |
|    fps              | 130      |
|    time_elapsed     | 53       |
|    total_timesteps  | 6960     |
| train/              |          |
|    learning_rate    | 0.0001   |
|    loss             | 0.165    |
|    n_updates        | 372      |
----------------------------------
----------------------------------
| rollout/            |          |
|    ep_len_mean      | 60       |
|    ep_rew_mean      | 13.3     |
|    exploration_rate | 0.316    |
| time/               |          |
|    episodes         | 120      |
|    fps              | 129      |
|    time_elapsed     | 55       |
|    total_timesteps  | 7200     |
| train/              |          |
|    learning_rate    | 0.0001   |
|    loss             | 0.215    |
|    n_updates        | 387      |
----------------------------------
----------------------------------
| rollout/            |          |
|    ep_len_mean      | 60       |
|    ep_rew_mean      | 14.5     |
|    exploration_rate | 0.293    |
| time/               |          |
|    episodes         | 124      |
|    fps              | 129      |
|    time_elapsed     | 57       |
|    total_timesteps  | 7440     |
| train/              |          |
|    learning_rate    | 0.0001   |
|    loss             | 0.255    |
|    n_updates        | 402      |
----------------------------------
----------------------------------
| rollout/            |          |
|    ep_len_mean      | 60       |
|    ep_rew_mean      | 15.3     |
|    exploration_rate | 0.27     |
| time/               |          |
|    episodes         | 128      |
|    fps              | 128      |
|    time_elapsed     | 59       |
|    total_timesteps  | 7680     |
| train/              |          |
|    learning_rate    | 0.0001   |
|    loss             | 0.18     |
|    n_updates        | 417      |
----------------------------------
----------------------------------
| rollout/            |          |
|    ep_len_mean      | 60       |
|    ep_rew_mean      | 16.6     |
|    exploration_rate | 0.248    |
| time/               |          |
|    episodes         | 132      |
|    fps              | 127      |
|    time_elapsed     | 61       |
|    total_timesteps  | 7920     |
| train/              |          |
|    learning_rate    | 0.0001   |
|    loss             | 0.228    |
|    n_updates        | 432      |
----------------------------------
----------------------------------
| rollout/            |          |
|    ep_len_mean      | 60       |
|    ep_rew_mean      | 17.3     |
|    exploration_rate | 0.225    |
| time/               |          |
|    episodes         | 136      |
|    fps              | 126      |
|    time_elapsed     | 64       |
|    total_timesteps  | 8160     |
| train/              |          |
|    learning_rate    | 0.0001   |
|    loss             | 0.25     |
|    n_updates        | 447      |
----------------------------------
----------------------------------
| rollout/            |          |
|    ep_len_mean      | 60       |
|    ep_rew_mean      | 18.7     |
|    exploration_rate | 0.202    |
| time/               |          |
|    episodes         | 140      |
|    fps              | 125      |
|    time_elapsed     | 66       |
|    total_timesteps  | 8400     |
| train/              |          |
|    learning_rate    | 0.0001   |
|    loss             | 0.177    |
|    n_updates        | 462      |
----------------------------------
----------------------------------
| rollout/            |          |
|    ep_len_mean      | 60       |
|    ep_rew_mean      | 19.6     |
|    exploration_rate | 0.179    |
| time/               |          |
|    episodes         | 144      |
|    fps              | 124      |
|    time_elapsed     | 69       |
|    total_timesteps  | 8640     |
| train/              |          |
|    learning_rate    | 0.0001   |
|    loss             | 0.151    |
|    n_updates        | 477      |
----------------------------------
----------------------------------
| rollout/            |          |
|    ep_len_mean      | 60       |
|    ep_rew_mean      | 20.8     |
|    exploration_rate | 0.156    |
| time/               |          |
|    episodes         | 148      |
|    fps              | 124      |
|    time_elapsed     | 71       |
|    total_timesteps  | 8880     |
| train/              |          |
|    learning_rate    | 0.0001   |
|    loss             | 0.124    |
|    n_updates        | 492      |
----------------------------------
----------------------------------
| rollout/            |          |
|    ep_len_mean      | 60       |
|    ep_rew_mean      | 21.9     |
|    exploration_rate | 0.134    |
| time/               |          |
|    episodes         | 152      |
|    fps              | 124      |
|    time_elapsed     | 73       |
|    total_timesteps  | 9120     |
| train/              |          |
|    learning_rate    | 0.0001   |
|    loss             | 0.417    |
|    n_updates        | 507      |
----------------------------------
----------------------------------
| rollout/            |          |
|    ep_len_mean      | 60       |
|    ep_rew_mean      | 23.3     |
|    exploration_rate | 0.111    |
| time/               |          |
|    episodes         | 156      |
|    fps              | 124      |
|    time_elapsed     | 75       |
|    total_timesteps  | 9360     |
| train/              |          |
|    learning_rate    | 0.0001   |
|    loss             | 0.27     |
|    n_updates        | 522      |
----------------------------------
----------------------------------
| rollout/            |          |
|    ep_len_mean      | 60       |
|    ep_rew_mean      | 24.6     |
|    exploration_rate | 0.088    |
| time/               |          |
|    episodes         | 160      |
|    fps              | 123      |
|    time_elapsed     | 77       |
|    total_timesteps  | 9600     |
| train/              |          |
|    learning_rate    | 0.0001   |
|    loss             | 0.218    |
|    n_updates        | 537      |
----------------------------------
----------------------------------
| rollout/            |          |
|    ep_len_mean      | 60       |
|    ep_rew_mean      | 25.8     |
|    exploration_rate | 0.0652   |
| time/               |          |
|    episodes         | 164      |
|    fps              | 123      |
|    time_elapsed     | 79       |
|    total_timesteps  | 9840     |
| train/              |          |
|    learning_rate    | 0.0001   |
|    loss             | 0.193    |
|    n_updates        | 552      |
----------------------------------
----------------------------------
| rollout/            |          |
|    ep_len_mean      | 60       |
|    ep_rew_mean      | 27.1     |
|    exploration_rate | 0.05     |
| time/               |          |
|    episodes         | 168      |
|    fps              | 123      |
|    time_elapsed     | 81       |
|    total_timesteps  | 10080    |
| train/              |          |
|    learning_rate    | 0.0001   |
|    loss             | 0.444    |
|    n_updates        | 567      |
----------------------------------
----------------------------------
| rollout/            |          |
|    ep_len_mean      | 60       |
|    ep_rew_mean      | 27.9     |
|    exploration_rate | 0.05     |
| time/               |          |
|    episodes         | 172      |
|    fps              | 122      |
|    time_elapsed     | 84       |
|    total_timesteps  | 10320    |
| train/              |          |
|    learning_rate    | 0.0001   |
|    loss             | 0.181    |
|    n_updates        | 582      |
----------------------------------
----------------------------------
| rollout/            |          |
|    ep_len_mean      | 60       |
|    ep_rew_mean      | 29.2     |
|    exploration_rate | 0.05     |
| time/               |          |
|    episodes         | 176      |
|    fps              | 121      |
|    time_elapsed     | 86       |
|    total_timesteps  | 10560    |
| train/              |          |
|    learning_rate    | 0.0001   |
|    loss             | 0.149    |
|    n_updates        | 597      |
----------------------------------
----------------------------------
| rollout/            |          |
|    ep_len_mean      | 60       |
|    ep_rew_mean      | 30.3     |
|    exploration_rate | 0.05     |
| time/               |          |
|    episodes         | 180      |
|    fps              | 120      |
|    time_elapsed     | 89       |
|    total_timesteps  | 10800    |
| train/              |          |
|    learning_rate    | 0.0001   |
|    loss             | 0.232    |
|    n_updates        | 612      |
----------------------------------
----------------------------------
| rollout/            |          |
|    ep_len_mean      | 60       |
|    ep_rew_mean      | 31.7     |
|    exploration_rate | 0.05     |
| time/               |          |
|    episodes         | 184      |
|    fps              | 120      |
|    time_elapsed     | 91       |
|    total_timesteps  | 11040    |
| train/              |          |
|    learning_rate    | 0.0001   |
|    loss             | 0.655    |
|    n_updates        | 627      |
----------------------------------
----------------------------------
| rollout/            |          |
|    ep_len_mean      | 60       |
|    ep_rew_mean      | 33.2     |
|    exploration_rate | 0.05     |
| time/               |          |
|    episodes         | 188      |
|    fps              | 120      |
|    time_elapsed     | 93       |
|    total_timesteps  | 11280    |
| train/              |          |
|    learning_rate    | 0.0001   |
|    loss             | 0.259    |
|    n_updates        | 642      |
----------------------------------
----------------------------------
| rollout/            |          |
|    ep_len_mean      | 60       |
|    ep_rew_mean      | 34.1     |
|    exploration_rate | 0.05     |
| time/               |          |
|    episodes         | 192      |
|    fps              | 119      |
|    time_elapsed     | 96       |
|    total_timesteps  | 11520    |
| train/              |          |
|    learning_rate    | 0.0001   |
|    loss             | 0.193    |
|    n_updates        | 657      |
----------------------------------
----------------------------------
| rollout/            |          |
|    ep_len_mean      | 60       |
|    ep_rew_mean      | 34.6     |
|    exploration_rate | 0.05     |
| time/               |          |
|    episodes         | 196      |
|    fps              | 118      |
|    time_elapsed     | 99       |
|    total_timesteps  | 11760    |
| train/              |          |
|    learning_rate    | 0.0001   |
|    loss             | 0.395    |
|    n_updates        | 672      |
----------------------------------
----------------------------------
| rollout/            |          |
|    ep_len_mean      | 60       |
|    ep_rew_mean      | 35.8     |
|    exploration_rate | 0.05     |
| time/               |          |
|    episodes         | 200      |
|    fps              | 118      |
|    time_elapsed     | 101      |
|    total_timesteps  | 12000    |
| train/              |          |
|    learning_rate    | 0.0001   |
|    loss             | 0.224    |
|    n_updates        | 687      |
----------------------------------
----------------------------------
| rollout/            |          |
|    ep_len_mean      | 60       |
|    ep_rew_mean      | 36.4     |
|    exploration_rate | 0.05     |
| time/               |          |
|    episodes         | 204      |
|    fps              | 117      |
|    time_elapsed     | 103      |
|    total_timesteps  | 12240    |
| train/              |          |
|    learning_rate    | 0.0001   |
|    loss             | 0.256    |
|    n_updates        | 702      |
----------------------------------
----------------------------------
| rollout/            |          |
|    ep_len_mean      | 60       |
|    ep_rew_mean      | 37.6     |
|    exploration_rate | 0.05     |
| time/               |          |
|    episodes         | 208      |
|    fps              | 117      |
|    time_elapsed     | 106      |
|    total_timesteps  | 12480    |
| train/              |          |
|    learning_rate    | 0.0001   |
|    loss             | 0.303    |
|    n_updates        | 717      |
----------------------------------
----------------------------------
| rollout/            |          |
|    ep_len_mean      | 60       |
|    ep_rew_mean      | 38.6     |
|    exploration_rate | 0.05     |
| time/               |          |
|    episodes         | 212      |
|    fps              | 116      |
|    time_elapsed     | 109      |
|    total_timesteps  | 12720    |
| train/              |          |
|    learning_rate    | 0.0001   |
|    loss             | 0.158    |
|    n_updates        | 732      |
----------------------------------
----------------------------------
| rollout/            |          |
|    ep_len_mean      | 60       |
|    ep_rew_mean      | 39.6     |
|    exploration_rate | 0.05     |
| time/               |          |
|    episodes         | 216      |
|    fps              | 116      |
|    time_elapsed     | 111      |
|    total_timesteps  | 12960    |
| train/              |          |
|    learning_rate    | 0.0001   |
|    loss             | 0.195    |
|    n_updates        | 747      |
----------------------------------
----------------------------------
| rollout/            |          |
|    ep_len_mean      | 60       |
|    ep_rew_mean      | 40.5     |
|    exploration_rate | 0.05     |
| time/               |          |
|    episodes         | 220      |
|    fps              | 115      |
|    time_elapsed     | 113      |
|    total_timesteps  | 13200    |
| train/              |          |
|    learning_rate    | 0.0001   |
|    loss             | 0.315    |
|    n_updates        | 762      |
----------------------------------
----------------------------------
| rollout/            |          |
|    ep_len_mean      | 60       |
|    ep_rew_mean      | 41       |
|    exploration_rate | 0.05     |
| time/               |          |
|    episodes         | 224      |
|    fps              | 115      |
|    time_elapsed     | 116      |
|    total_timesteps  | 13440    |
| train/              |          |
|    learning_rate    | 0.0001   |
|    loss             | 0.314    |
|    n_updates        | 777      |
----------------------------------
----------------------------------
| rollout/            |          |
|    ep_len_mean      | 60       |
|    ep_rew_mean      | 41.7     |
|    exploration_rate | 0.05     |
| time/               |          |
|    episodes         | 228      |
|    fps              | 115      |
|    time_elapsed     | 118      |
|    total_timesteps  | 13680    |
| train/              |          |
|    learning_rate    | 0.0001   |
|    loss             | 0.217    |
|    n_updates        | 792      |
----------------------------------
----------------------------------
| rollout/            |          |
|    ep_len_mean      | 60       |
|    ep_rew_mean      | 42.1     |
|    exploration_rate | 0.05     |
| time/               |          |
|    episodes         | 232      |
|    fps              | 115      |
|    time_elapsed     | 120      |
|    total_timesteps  | 13920    |
| train/              |          |
|    learning_rate    | 0.0001   |
|    loss             | 0.432    |
|    n_updates        | 807      |
----------------------------------
----------------------------------
| rollout/            |          |
|    ep_len_mean      | 60       |
|    ep_rew_mean      | 42.6     |
|    exploration_rate | 0.05     |
| time/               |          |
|    episodes         | 236      |
|    fps              | 114      |
|    time_elapsed     | 123      |
|    total_timesteps  | 14160    |
| train/              |          |
|    learning_rate    | 0.0001   |
|    loss             | 0.427    |
|    n_updates        | 822      |
----------------------------------
----------------------------------
| rollout/            |          |
|    ep_len_mean      | 60       |
|    ep_rew_mean      | 42.9     |
|    exploration_rate | 0.05     |
| time/               |          |
|    episodes         | 240      |
|    fps              | 114      |
|    time_elapsed     | 125      |
|    total_timesteps  | 14400    |
| train/              |          |
|    learning_rate    | 0.0001   |
|    loss             | 0.243    |
|    n_updates        | 837      |
----------------------------------
----------------------------------
| rollout/            |          |
|    ep_len_mean      | 60       |
|    ep_rew_mean      | 43       |
|    exploration_rate | 0.05     |
| time/               |          |
|    episodes         | 244      |
|    fps              | 114      |
|    time_elapsed     | 128      |
|    total_timesteps  | 14640    |
| train/              |          |
|    learning_rate    | 0.0001   |
|    loss             | 0.339    |
|    n_updates        | 852      |
----------------------------------
----------------------------------
| rollout/            |          |
|    ep_len_mean      | 60       |
|    ep_rew_mean      | 43.4     |
|    exploration_rate | 0.05     |
| time/               |          |
|    episodes         | 248      |
|    fps              | 113      |
|    time_elapsed     | 131      |
|    total_timesteps  | 14880    |
| train/              |          |
|    learning_rate    | 0.0001   |
|    loss             | 0.296    |
|    n_updates        | 867      |
----------------------------------
----------------------------------
| rollout/            |          |
|    ep_len_mean      | 60       |
|    ep_rew_mean      | 43.7     |
|    exploration_rate | 0.05     |
| time/               |          |
|    episodes         | 252      |
|    fps              | 112      |
|    time_elapsed     | 133      |
|    total_timesteps  | 15120    |
| train/              |          |
|    learning_rate    | 0.0001   |
|    loss             | 0.593    |
|    n_updates        | 882      |
----------------------------------
----------------------------------
| rollout/            |          |
|    ep_len_mean      | 60       |
|    ep_rew_mean      | 43.8     |
|    exploration_rate | 0.05     |
| time/               |          |
|    episodes         | 256      |
|    fps              | 112      |
|    time_elapsed     | 136      |
|    total_timesteps  | 15360    |
| train/              |          |
|    learning_rate    | 0.0001   |
|    loss             | 0.247    |
|    n_updates        | 897      |
----------------------------------
----------------------------------
| rollout/            |          |
|    ep_len_mean      | 60       |
|    ep_rew_mean      | 44.1     |
|    exploration_rate | 0.05     |
| time/               |          |
|    episodes         | 260      |
|    fps              | 112      |
|    time_elapsed     | 138      |
|    total_timesteps  | 15600    |
| train/              |          |
|    learning_rate    | 0.0001   |
|    loss             | 0.451    |
|    n_updates        | 912      |
----------------------------------
----------------------------------
| rollout/            |          |
|    ep_len_mean      | 60       |
|    ep_rew_mean      | 44.3     |
|    exploration_rate | 0.05     |
| time/               |          |
|    episodes         | 264      |
|    fps              | 112      |
|    time_elapsed     | 140      |
|    total_timesteps  | 15840    |
| train/              |          |
|    learning_rate    | 0.0001   |
|    loss             | 0.389    |
|    n_updates        | 927      |
----------------------------------
----------------------------------
| rollout/            |          |
|    ep_len_mean      | 60       |
|    ep_rew_mean      | 44.3     |
|    exploration_rate | 0.05     |
| time/               |          |
|    episodes         | 268      |
|    fps              | 112      |
|    time_elapsed     | 143      |
|    total_timesteps  | 16080    |
| train/              |          |
|    learning_rate    | 0.0001   |
|    loss             | 0.613    |
|    n_updates        | 942      |
----------------------------------
----------------------------------
| rollout/            |          |
|    ep_len_mean      | 60       |
|    ep_rew_mean      | 44.3     |
|    exploration_rate | 0.05     |
| time/               |          |
|    episodes         | 272      |
|    fps              | 111      |
|    time_elapsed     | 145      |
|    total_timesteps  | 16320    |
| train/              |          |
|    learning_rate    | 0.0001   |
|    loss             | 0.381    |
|    n_updates        | 957      |
----------------------------------
----------------------------------
| rollout/            |          |
|    ep_len_mean      | 60       |
|    ep_rew_mean      | 44.5     |
|    exploration_rate | 0.05     |
| time/               |          |
|    episodes         | 276      |
|    fps              | 111      |
|    time_elapsed     | 148      |
|    total_timesteps  | 16560    |
| train/              |          |
|    learning_rate    | 0.0001   |
|    loss             | 0.436    |
|    n_updates        | 972      |
----------------------------------
----------------------------------
| rollout/            |          |
|    ep_len_mean      | 60       |
|    ep_rew_mean      | 44.5     |
|    exploration_rate | 0.05     |
| time/               |          |
|    episodes         | 280      |
|    fps              | 110      |
|    time_elapsed     | 151      |
|    total_timesteps  | 16800    |
| train/              |          |
|    learning_rate    | 0.0001   |
|    loss             | 0.306    |
|    n_updates        | 987      |
----------------------------------
----------------------------------
| rollout/            |          |
|    ep_len_mean      | 60       |
|    ep_rew_mean      | 44.5     |
|    exploration_rate | 0.05     |
| time/               |          |
|    episodes         | 284      |
|    fps              | 110      |
|    time_elapsed     | 154      |
|    total_timesteps  | 17040    |
| train/              |          |
|    learning_rate    | 0.0001   |
|    loss             | 0.423    |
|    n_updates        | 1002     |
----------------------------------
----------------------------------
| rollout/            |          |
|    ep_len_mean      | 60       |
|    ep_rew_mean      | 44.5     |
|    exploration_rate | 0.05     |
| time/               |          |
|    episodes         | 288      |
|    fps              | 110      |
|    time_elapsed     | 156      |
|    total_timesteps  | 17280    |
| train/              |          |
|    learning_rate    | 0.0001   |
|    loss             | 0.526    |
|    n_updates        | 1017     |
----------------------------------
----------------------------------
| rollout/            |          |
|    ep_len_mean      | 60       |
|    ep_rew_mean      | 44.3     |
|    exploration_rate | 0.05     |
| time/               |          |
|    episodes         | 292      |
|    fps              | 110      |
|    time_elapsed     | 159      |
|    total_timesteps  | 17520    |
| train/              |          |
|    learning_rate    | 0.0001   |
|    loss             | 0.5      |
|    n_updates        | 1032     |
----------------------------------
----------------------------------
| rollout/            |          |
|    ep_len_mean      | 60       |
|    ep_rew_mean      | 44.4     |
|    exploration_rate | 0.05     |
| time/               |          |
|    episodes         | 296      |
|    fps              | 109      |
|    time_elapsed     | 161      |
|    total_timesteps  | 17760    |
| train/              |          |
|    learning_rate    | 0.0001   |
|    loss             | 0.672    |
|    n_updates        | 1047     |
----------------------------------
----------------------------------
| rollout/            |          |
|    ep_len_mean      | 60       |
|    ep_rew_mean      | 44.3     |
|    exploration_rate | 0.05     |
| time/               |          |
|    episodes         | 300      |
|    fps              | 109      |
|    time_elapsed     | 164      |
|    total_timesteps  | 18000    |
| train/              |          |
|    learning_rate    | 0.0001   |
|    loss             | 0.512    |
|    n_updates        | 1062     |
----------------------------------
----------------------------------
| rollout/            |          |
|    ep_len_mean      | 60       |
|    ep_rew_mean      | 44.4     |
|    exploration_rate | 0.05     |
| time/               |          |
|    episodes         | 304      |
|    fps              | 109      |
|    time_elapsed     | 166      |
|    total_timesteps  | 18240    |
| train/              |          |
|    learning_rate    | 0.0001   |
|    loss             | 0.601    |
|    n_updates        | 1077     |
----------------------------------
----------------------------------
| rollout/            |          |
|    ep_len_mean      | 60       |
|    ep_rew_mean      | 44.5     |
|    exploration_rate | 0.05     |
| time/               |          |
|    episodes         | 308      |
|    fps              | 108      |
|    time_elapsed     | 169      |
|    total_timesteps  | 18480    |
| train/              |          |
|    learning_rate    | 0.0001   |
|    loss             | 0.224    |
|    n_updates        | 1092     |
----------------------------------
----------------------------------
| rollout/            |          |
|    ep_len_mean      | 60       |
|    ep_rew_mean      | 44.6     |
|    exploration_rate | 0.05     |
| time/               |          |
|    episodes         | 312      |
|    fps              | 108      |
|    time_elapsed     | 172      |
|    total_timesteps  | 18720    |
| train/              |          |
|    learning_rate    | 0.0001   |
|    loss             | 0.294    |
|    n_updates        | 1107     |
----------------------------------
----------------------------------
| rollout/            |          |
|    ep_len_mean      | 60       |
|    ep_rew_mean      | 44.7     |
|    exploration_rate | 0.05     |
| time/               |          |
|    episodes         | 316      |
|    fps              | 108      |
|    time_elapsed     | 175      |
|    total_timesteps  | 18960    |
| train/              |          |
|    learning_rate    | 0.0001   |
|    loss             | 0.544    |
|    n_updates        | 1122     |
----------------------------------
----------------------------------
| rollout/            |          |
|    ep_len_mean      | 60       |
|    ep_rew_mean      | 44.4     |
|    exploration_rate | 0.05     |
| time/               |          |
|    episodes         | 320      |
|    fps              | 108      |
|    time_elapsed     | 177      |
|    total_timesteps  | 19200    |
| train/              |          |
|    learning_rate    | 0.0001   |
|    loss             | 0.655    |
|    n_updates        | 1137     |
----------------------------------
----------------------------------
| rollout/            |          |
|    ep_len_mean      | 60       |
|    ep_rew_mean      | 44.5     |
|    exploration_rate | 0.05     |
| time/               |          |
|    episodes         | 324      |
|    fps              | 108      |
|    time_elapsed     | 179      |
|    total_timesteps  | 19440    |
| train/              |          |
|    learning_rate    | 0.0001   |
|    loss             | 0.358    |
|    n_updates        | 1152     |
----------------------------------
----------------------------------
| rollout/            |          |
|    ep_len_mean      | 60       |
|    ep_rew_mean      | 44.5     |
|    exploration_rate | 0.05     |
| time/               |          |
|    episodes         | 328      |
|    fps              | 108      |
|    time_elapsed     | 181      |
|    total_timesteps  | 19680    |
| train/              |          |
|    learning_rate    | 0.0001   |
|    loss             | 0.173    |
|    n_updates        | 1167     |
----------------------------------
----------------------------------
| rollout/            |          |
|    ep_len_mean      | 60       |
|    ep_rew_mean      | 44.4     |
|    exploration_rate | 0.05     |
| time/               |          |
|    episodes         | 332      |
|    fps              | 108      |
|    time_elapsed     | 183      |
|    total_timesteps  | 19920    |
| train/              |          |
|    learning_rate    | 0.0001   |
|    loss             | 0.275    |
|    n_updates        | 1182     |
----------------------------------
----------------------------------
| rollout/            |          |
|    ep_len_mean      | 60       |
|    ep_rew_mean      | 44.3     |
|    exploration_rate | 0.05     |
| time/               |          |
|    episodes         | 336      |
|    fps              | 108      |
|    time_elapsed     | 185      |
|    total_timesteps  | 20160    |
| train/              |          |
|    learning_rate    | 0.0001   |
|    loss             | 0.424    |
|    n_updates        | 1197     |
----------------------------------
----------------------------------
| rollout/            |          |
|    ep_len_mean      | 60       |
|    ep_rew_mean      | 44.3     |
|    exploration_rate | 0.05     |
| time/               |          |
|    episodes         | 340      |
|    fps              | 108      |
|    time_elapsed     | 187      |
|    total_timesteps  | 20400    |
| train/              |          |
|    learning_rate    | 0.0001   |
|    loss             | 0.533    |
|    n_updates        | 1212     |
----------------------------------
----------------------------------
| rollout/            |          |
|    ep_len_mean      | 60       |
|    ep_rew_mean      | 44.4     |
|    exploration_rate | 0.05     |
| time/               |          |
|    episodes         | 344      |
|    fps              | 108      |
|    time_elapsed     | 190      |
|    total_timesteps  | 20640    |
| train/              |          |
|    learning_rate    | 0.0001   |
|    loss             | 0.36     |
|    n_updates        | 1227     |
----------------------------------
----------------------------------
| rollout/            |          |
|    ep_len_mean      | 60       |
|    ep_rew_mean      | 44.5     |
|    exploration_rate | 0.05     |
| time/               |          |
|    episodes         | 348      |
|    fps              | 108      |
|    time_elapsed     | 192      |
|    total_timesteps  | 20880    |
| train/              |          |
|    learning_rate    | 0.0001   |
|    loss             | 0.182    |
|    n_updates        | 1242     |
----------------------------------
----------------------------------
| rollout/            |          |
|    ep_len_mean      | 60       |
|    ep_rew_mean      | 44.3     |
|    exploration_rate | 0.05     |
| time/               |          |
|    episodes         | 352      |
|    fps              | 108      |
|    time_elapsed     | 195      |
|    total_timesteps  | 21120    |
| train/              |          |
|    learning_rate    | 0.0001   |
|    loss             | 0.615    |
|    n_updates        | 1257     |
----------------------------------
----------------------------------
| rollout/            |          |
|    ep_len_mean      | 60       |
|    ep_rew_mean      | 44.4     |
|    exploration_rate | 0.05     |
| time/               |          |
|    episodes         | 356      |
|    fps              | 108      |
|    time_elapsed     | 197      |
|    total_timesteps  | 21360    |
| train/              |          |
|    learning_rate    | 0.0001   |
|    loss             | 0.273    |
|    n_updates        | 1272     |
----------------------------------
----------------------------------
| rollout/            |          |
|    ep_len_mean      | 60       |
|    ep_rew_mean      | 44.4     |
|    exploration_rate | 0.05     |
| time/               |          |
|    episodes         | 360      |
|    fps              | 108      |
|    time_elapsed     | 199      |
|    total_timesteps  | 21600    |
| train/              |          |
|    learning_rate    | 0.0001   |
|    loss             | 0.458    |
|    n_updates        | 1287     |
----------------------------------
----------------------------------
| rollout/            |          |
|    ep_len_mean      | 60       |
|    ep_rew_mean      | 44.4     |
|    exploration_rate | 0.05     |
| time/               |          |
|    episodes         | 364      |
|    fps              | 108      |
|    time_elapsed     | 201      |
|    total_timesteps  | 21840    |
| train/              |          |
|    learning_rate    | 0.0001   |
|    loss             | 0.261    |
|    n_updates        | 1302     |
----------------------------------
----------------------------------
| rollout/            |          |
|    ep_len_mean      | 60       |
|    ep_rew_mean      | 44.5     |
|    exploration_rate | 0.05     |
| time/               |          |
|    episodes         | 368      |
|    fps              | 108      |
|    time_elapsed     | 203      |
|    total_timesteps  | 22080    |
| train/              |          |
|    learning_rate    | 0.0001   |
|    loss             | 0.628    |
|    n_updates        | 1317     |
----------------------------------
----------------------------------
| rollout/            |          |
|    ep_len_mean      | 60       |
|    ep_rew_mean      | 44.5     |
|    exploration_rate | 0.05     |
| time/               |          |
|    episodes         | 372      |
|    fps              | 108      |
|    time_elapsed     | 205      |
|    total_timesteps  | 22320    |
| train/              |          |
|    learning_rate    | 0.0001   |
|    loss             | 0.282    |
|    n_updates        | 1332     |
----------------------------------
----------------------------------
| rollout/            |          |
|    ep_len_mean      | 60       |
|    ep_rew_mean      | 44.6     |
|    exploration_rate | 0.05     |
| time/               |          |
|    episodes         | 376      |
|    fps              | 108      |
|    time_elapsed     | 207      |
|    total_timesteps  | 22560    |
| train/              |          |
|    learning_rate    | 0.0001   |
|    loss             | 0.208    |
|    n_updates        | 1347     |
----------------------------------
----------------------------------
| rollout/            |          |
|    ep_len_mean      | 60       |
|    ep_rew_mean      | 44.5     |
|    exploration_rate | 0.05     |
| time/               |          |
|    episodes         | 380      |
|    fps              | 108      |
|    time_elapsed     | 209      |
|    total_timesteps  | 22800    |
| train/              |          |
|    learning_rate    | 0.0001   |
|    loss             | 0.287    |
|    n_updates        | 1362     |
----------------------------------
----------------------------------
| rollout/            |          |
|    ep_len_mean      | 60       |
|    ep_rew_mean      | 44.6     |
|    exploration_rate | 0.05     |
| time/               |          |
|    episodes         | 384      |
|    fps              | 108      |
|    time_elapsed     | 212      |
|    total_timesteps  | 23040    |
| train/              |          |
|    learning_rate    | 0.0001   |
|    loss             | 0.848    |
|    n_updates        | 1377     |
----------------------------------
----------------------------------
| rollout/            |          |
|    ep_len_mean      | 60       |
|    ep_rew_mean      | 44.6     |
|    exploration_rate | 0.05     |
| time/               |          |
|    episodes         | 388      |
|    fps              | 108      |
|    time_elapsed     | 214      |
|    total_timesteps  | 23280    |
| train/              |          |
|    learning_rate    | 0.0001   |
|    loss             | 0.608    |
|    n_updates        | 1392     |
----------------------------------
----------------------------------
| rollout/            |          |
|    ep_len_mean      | 60       |
|    ep_rew_mean      | 44.7     |
|    exploration_rate | 0.05     |
| time/               |          |
|    episodes         | 392      |
|    fps              | 108      |
|    time_elapsed     | 216      |
|    total_timesteps  | 23520    |
| train/              |          |
|    learning_rate    | 0.0001   |
|    loss             | 1.18     |
|    n_updates        | 1407     |
----------------------------------
----------------------------------
| rollout/            |          |
|    ep_len_mean      | 60       |
|    ep_rew_mean      | 44.7     |
|    exploration_rate | 0.05     |
| time/               |          |
|    episodes         | 396      |
|    fps              | 108      |
|    time_elapsed     | 218      |
|    total_timesteps  | 23760    |
| train/              |          |
|    learning_rate    | 0.0001   |
|    loss             | 0.211    |
|    n_updates        | 1422     |
----------------------------------
----------------------------------
| rollout/            |          |
|    ep_len_mean      | 60       |
|    ep_rew_mean      | 44.7     |
|    exploration_rate | 0.05     |
| time/               |          |
|    episodes         | 400      |
|    fps              | 109      |
|    time_elapsed     | 220      |
|    total_timesteps  | 24000    |
| train/              |          |
|    learning_rate    | 0.0001   |
|    loss             | 0.407    |
|    n_updates        | 1437     |
----------------------------------
----------------------------------
| rollout/            |          |
|    ep_len_mean      | 60       |
|    ep_rew_mean      | 44.9     |
|    exploration_rate | 0.05     |
| time/               |          |
|    episodes         | 404      |
|    fps              | 109      |
|    time_elapsed     | 221      |
|    total_timesteps  | 24240    |
| train/              |          |
|    learning_rate    | 0.0001   |
|    loss             | 0.369    |
|    n_updates        | 1452     |
----------------------------------
----------------------------------
| rollout/            |          |
|    ep_len_mean      | 60       |
|    ep_rew_mean      | 44.8     |
|    exploration_rate | 0.05     |
| time/               |          |
|    episodes         | 408      |
|    fps              | 109      |
|    time_elapsed     | 223      |
|    total_timesteps  | 24480    |
| train/              |          |
|    learning_rate    | 0.0001   |
|    loss             | 0.341    |
|    n_updates        | 1467     |
----------------------------------
----------------------------------
| rollout/            |          |
|    ep_len_mean      | 60       |
|    ep_rew_mean      | 44.6     |
|    exploration_rate | 0.05     |
| time/               |          |
|    episodes         | 412      |
|    fps              | 109      |
|    time_elapsed     | 225      |
|    total_timesteps  | 24720    |
| train/              |          |
|    learning_rate    | 0.0001   |
|    loss             | 0.466    |
|    n_updates        | 1482     |
----------------------------------
----------------------------------
| rollout/            |          |
|    ep_len_mean      | 60       |
|    ep_rew_mean      | 44.4     |
|    exploration_rate | 0.05     |
| time/               |          |
|    episodes         | 416      |
|    fps              | 110      |
|    time_elapsed     | 226      |
|    total_timesteps  | 24960    |
| train/              |          |
|    learning_rate    | 0.0001   |
|    loss             | 0.473    |
|    n_updates        | 1497     |
----------------------------------
----------------------------------
| rollout/            |          |
|    ep_len_mean      | 60       |
|    ep_rew_mean      | 44.6     |
|    exploration_rate | 0.05     |
| time/               |          |
|    episodes         | 420      |
|    fps              | 110      |
|    time_elapsed     | 228      |
|    total_timesteps  | 25200    |
| train/              |          |
|    learning_rate    | 0.0001   |
|    loss             | 0.366    |
|    n_updates        | 1512     |
----------------------------------
----------------------------------
| rollout/            |          |
|    ep_len_mean      | 60       |
|    ep_rew_mean      | 44.5     |
|    exploration_rate | 0.05     |
| time/               |          |
|    episodes         | 424      |
|    fps              | 110      |
|    time_elapsed     | 230      |
|    total_timesteps  | 25440    |
| train/              |          |
|    learning_rate    | 0.0001   |
|    loss             | 0.633    |
|    n_updates        | 1527     |
----------------------------------
----------------------------------
| rollout/            |          |
|    ep_len_mean      | 60       |
|    ep_rew_mean      | 44.4     |
|    exploration_rate | 0.05     |
| time/               |          |
|    episodes         | 428      |
|    fps              | 110      |
|    time_elapsed     | 232      |
|    total_timesteps  | 25680    |
| train/              |          |
|    learning_rate    | 0.0001   |
|    loss             | 0.547    |
|    n_updates        | 1542     |
----------------------------------
----------------------------------
| rollout/            |          |
|    ep_len_mean      | 60       |
|    ep_rew_mean      | 44.3     |
|    exploration_rate | 0.05     |
| time/               |          |
|    episodes         | 432      |
|    fps              | 110      |
|    time_elapsed     | 234      |
|    total_timesteps  | 25920    |
| train/              |          |
|    learning_rate    | 0.0001   |
|    loss             | 0.42     |
|    n_updates        | 1557     |
----------------------------------
----------------------------------
| rollout/            |          |
|    ep_len_mean      | 60       |
|    ep_rew_mean      | 44.4     |
|    exploration_rate | 0.05     |
| time/               |          |
|    episodes         | 436      |
|    fps              | 110      |
|    time_elapsed     | 236      |
|    total_timesteps  | 26160    |
| train/              |          |
|    learning_rate    | 0.0001   |
|    loss             | 0.333    |
|    n_updates        | 1572     |
----------------------------------
----------------------------------
| rollout/            |          |
|    ep_len_mean      | 60       |
|    ep_rew_mean      | 44.5     |
|    exploration_rate | 0.05     |
| time/               |          |
|    episodes         | 440      |
|    fps              | 110      |
|    time_elapsed     | 238      |
|    total_timesteps  | 26400    |
| train/              |          |
|    learning_rate    | 0.0001   |
|    loss             | 0.259    |
|    n_updates        | 1587     |
----------------------------------
----------------------------------
| rollout/            |          |
|    ep_len_mean      | 60       |
|    ep_rew_mean      | 44.6     |
|    exploration_rate | 0.05     |
| time/               |          |
|    episodes         | 444      |
|    fps              | 111      |
|    time_elapsed     | 239      |
|    total_timesteps  | 26640    |
| train/              |          |
|    learning_rate    | 0.0001   |
|    loss             | 0.513    |
|    n_updates        | 1602     |
----------------------------------
----------------------------------
| rollout/            |          |
|    ep_len_mean      | 60       |
|    ep_rew_mean      | 44.4     |
|    exploration_rate | 0.05     |
| time/               |          |
|    episodes         | 448      |
|    fps              | 111      |
|    time_elapsed     | 241      |
|    total_timesteps  | 26880    |
| train/              |          |
|    learning_rate    | 0.0001   |
|    loss             | 0.699    |
|    n_updates        | 1617     |
----------------------------------
----------------------------------
| rollout/            |          |
|    ep_len_mean      | 60       |
|    ep_rew_mean      | 44.2     |
|    exploration_rate | 0.05     |
| time/               |          |
|    episodes         | 452      |
|    fps              | 111      |
|    time_elapsed     | 243      |
|    total_timesteps  | 27120    |
| train/              |          |
|    learning_rate    | 0.0001   |
|    loss             | 0.793    |
|    n_updates        | 1632     |
----------------------------------
----------------------------------
| rollout/            |          |
|    ep_len_mean      | 60       |
|    ep_rew_mean      | 44.1     |
|    exploration_rate | 0.05     |
| time/               |          |
|    episodes         | 456      |
|    fps              | 111      |
|    time_elapsed     | 244      |
|    total_timesteps  | 27360    |
| train/              |          |
|    learning_rate    | 0.0001   |
|    loss             | 0.461    |
|    n_updates        | 1647     |
----------------------------------
----------------------------------
| rollout/            |          |
|    ep_len_mean      | 60       |
|    ep_rew_mean      | 44.1     |
|    exploration_rate | 0.05     |
| time/               |          |
|    episodes         | 460      |
|    fps              | 111      |
|    time_elapsed     | 246      |
|    total_timesteps  | 27600    |
| train/              |          |
|    learning_rate    | 0.0001   |
|    loss             | 0.365    |
|    n_updates        | 1662     |
----------------------------------
----------------------------------
| rollout/            |          |
|    ep_len_mean      | 60       |
|    ep_rew_mean      | 44       |
|    exploration_rate | 0.05     |
| time/               |          |
|    episodes         | 464      |
|    fps              | 112      |
|    time_elapsed     | 248      |
|    total_timesteps  | 27840    |
| train/              |          |
|    learning_rate    | 0.0001   |
|    loss             | 0.603    |
|    n_updates        | 1677     |
----------------------------------
----------------------------------
| rollout/            |          |
|    ep_len_mean      | 60       |
|    ep_rew_mean      | 43.9     |
|    exploration_rate | 0.05     |
| time/               |          |
|    episodes         | 468      |
|    fps              | 112      |
|    time_elapsed     | 249      |
|    total_timesteps  | 28080    |
| train/              |          |
|    learning_rate    | 0.0001   |
|    loss             | 1.01     |
|    n_updates        | 1692     |
----------------------------------
----------------------------------
| rollout/            |          |
|    ep_len_mean      | 60       |
|    ep_rew_mean      | 43.8     |
|    exploration_rate | 0.05     |
| time/               |          |
|    episodes         | 472      |
|    fps              | 112      |
|    time_elapsed     | 251      |
|    total_timesteps  | 28320    |
| train/              |          |
|    learning_rate    | 0.0001   |
|    loss             | 0.268    |
|    n_updates        | 1707     |
----------------------------------
----------------------------------
| rollout/            |          |
|    ep_len_mean      | 60       |
|    ep_rew_mean      | 43.7     |
|    exploration_rate | 0.05     |
| time/               |          |
|    episodes         | 476      |
|    fps              | 112      |
|    time_elapsed     | 253      |
|    total_timesteps  | 28560    |
| train/              |          |
|    learning_rate    | 0.0001   |
|    loss             | 0.353    |
|    n_updates        | 1722     |
----------------------------------
----------------------------------
| rollout/            |          |
|    ep_len_mean      | 60       |
|    ep_rew_mean      | 43.7     |
|    exploration_rate | 0.05     |
| time/               |          |
|    episodes         | 480      |
|    fps              | 112      |
|    time_elapsed     | 255      |
|    total_timesteps  | 28800    |
| train/              |          |
|    learning_rate    | 0.0001   |
|    loss             | 0.932    |
|    n_updates        | 1737     |
----------------------------------
----------------------------------
| rollout/            |          |
|    ep_len_mean      | 60       |
|    ep_rew_mean      | 43.7     |
|    exploration_rate | 0.05     |
| time/               |          |
|    episodes         | 484      |
|    fps              | 112      |
|    time_elapsed     | 257      |
|    total_timesteps  | 29040    |
| train/              |          |
|    learning_rate    | 0.0001   |
|    loss             | 0.601    |
|    n_updates        | 1752     |
----------------------------------
----------------------------------
| rollout/            |          |
|    ep_len_mean      | 60       |
|    ep_rew_mean      | 43.7     |
|    exploration_rate | 0.05     |
| time/               |          |
|    episodes         | 488      |
|    fps              | 112      |
|    time_elapsed     | 260      |
|    total_timesteps  | 29280    |
| train/              |          |
|    learning_rate    | 0.0001   |
|    loss             | 0.898    |
|    n_updates        | 1767     |
----------------------------------
----------------------------------
| rollout/            |          |
|    ep_len_mean      | 60       |
|    ep_rew_mean      | 43.8     |
|    exploration_rate | 0.05     |
| time/               |          |
|    episodes         | 492      |
|    fps              | 112      |
|    time_elapsed     | 262      |
|    total_timesteps  | 29520    |
| train/              |          |
|    learning_rate    | 0.0001   |
|    loss             | 0.359    |
|    n_updates        | 1782     |
----------------------------------
----------------------------------
| rollout/            |          |
|    ep_len_mean      | 60       |
|    ep_rew_mean      | 43.9     |
|    exploration_rate | 0.05     |
| time/               |          |
|    episodes         | 496      |
|    fps              | 112      |
|    time_elapsed     | 263      |
|    total_timesteps  | 29760    |
| train/              |          |
|    learning_rate    | 0.0001   |
|    loss             | 0.891    |
|    n_updates        | 1797     |
----------------------------------
----------------------------------
| rollout/            |          |
|    ep_len_mean      | 60       |
|    ep_rew_mean      | 43.7     |
|    exploration_rate | 0.05     |
| time/               |          |
|    episodes         | 500      |
|    fps              | 112      |
|    time_elapsed     | 265      |
|    total_timesteps  | 30000    |
| train/              |          |
|    learning_rate    | 0.0001   |
|    loss             | 0.344    |
|    n_updates        | 1812     |
----------------------------------
----------------------------------
| rollout/            |          |
|    ep_len_mean      | 60       |
|    ep_rew_mean      | 43.8     |
|    exploration_rate | 0.05     |
| time/               |          |
|    episodes         | 504      |
|    fps              | 113      |
|    time_elapsed     | 267      |
|    total_timesteps  | 30240    |
| train/              |          |
|    learning_rate    | 0.0001   |
|    loss             | 0.365    |
|    n_updates        | 1827     |
----------------------------------
----------------------------------
| rollout/            |          |
|    ep_len_mean      | 60       |
|    ep_rew_mean      | 43.7     |
|    exploration_rate | 0.05     |
| time/               |          |
|    episodes         | 508      |
|    fps              | 113      |
|    time_elapsed     | 268      |
|    total_timesteps  | 30480    |
| train/              |          |
|    learning_rate    | 0.0001   |
|    loss             | 0.353    |
|    n_updates        | 1842     |
----------------------------------
----------------------------------
| rollout/            |          |
|    ep_len_mean      | 60       |
|    ep_rew_mean      | 43.8     |
|    exploration_rate | 0.05     |
| time/               |          |
|    episodes         | 512      |
|    fps              | 113      |
|    time_elapsed     | 270      |
|    total_timesteps  | 30720    |
| train/              |          |
|    learning_rate    | 0.0001   |
|    loss             | 0.292    |
|    n_updates        | 1857     |
----------------------------------
----------------------------------
| rollout/            |          |
|    ep_len_mean      | 60       |
|    ep_rew_mean      | 44.1     |
|    exploration_rate | 0.05     |
| time/               |          |
|    episodes         | 516      |
|    fps              | 113      |
|    time_elapsed     | 272      |
|    total_timesteps  | 30960    |
| train/              |          |
|    learning_rate    | 0.0001   |
|    loss             | 0.411    |
|    n_updates        | 1872     |
----------------------------------
----------------------------------
| rollout/            |          |
|    ep_len_mean      | 60       |
|    ep_rew_mean      | 44.1     |
|    exploration_rate | 0.05     |
| time/               |          |
|    episodes         | 520      |
|    fps              | 113      |
|    time_elapsed     | 274      |
|    total_timesteps  | 31200    |
| train/              |          |
|    learning_rate    | 0.0001   |
|    loss             | 0.379    |
|    n_updates        | 1887     |
----------------------------------
----------------------------------
| rollout/            |          |
|    ep_len_mean      | 60       |
|    ep_rew_mean      | 44.2     |
|    exploration_rate | 0.05     |
| time/               |          |
|    episodes         | 524      |
|    fps              | 113      |
|    time_elapsed     | 276      |
|    total_timesteps  | 31440    |
| train/              |          |
|    learning_rate    | 0.0001   |
|    loss             | 0.49     |
|    n_updates        | 1902     |
----------------------------------
----------------------------------
| rollout/            |          |
|    ep_len_mean      | 60       |
|    ep_rew_mean      | 44.1     |
|    exploration_rate | 0.05     |
| time/               |          |
|    episodes         | 528      |
|    fps              | 113      |
|    time_elapsed     | 279      |
|    total_timesteps  | 31680    |
| train/              |          |
|    learning_rate    | 0.0001   |
|    loss             | 0.774    |
|    n_updates        | 1917     |
----------------------------------
----------------------------------
| rollout/            |          |
|    ep_len_mean      | 60       |
|    ep_rew_mean      | 44.2     |
|    exploration_rate | 0.05     |
| time/               |          |
|    episodes         | 532      |
|    fps              | 113      |
|    time_elapsed     | 281      |
|    total_timesteps  | 31920    |
| train/              |          |
|    learning_rate    | 0.0001   |
|    loss             | 0.216    |
|    n_updates        | 1932     |
----------------------------------
----------------------------------
| rollout/            |          |
|    ep_len_mean      | 60       |
|    ep_rew_mean      | 44.2     |
|    exploration_rate | 0.05     |
| time/               |          |
|    episodes         | 536      |
|    fps              | 113      |
|    time_elapsed     | 283      |
|    total_timesteps  | 32160    |
| train/              |          |
|    learning_rate    | 0.0001   |
|    loss             | 0.657    |
|    n_updates        | 1947     |
----------------------------------
----------------------------------
| rollout/            |          |
|    ep_len_mean      | 60       |
|    ep_rew_mean      | 44.2     |
|    exploration_rate | 0.05     |
| time/               |          |
|    episodes         | 540      |
|    fps              | 113      |
|    time_elapsed     | 286      |
|    total_timesteps  | 32400    |
| train/              |          |
|    learning_rate    | 0.0001   |
|    loss             | 0.453    |
|    n_updates        | 1962     |
----------------------------------
----------------------------------
| rollout/            |          |
|    ep_len_mean      | 60       |
|    ep_rew_mean      | 44.1     |
|    exploration_rate | 0.05     |
| time/               |          |
|    episodes         | 544      |
|    fps              | 113      |
|    time_elapsed     | 288      |
|    total_timesteps  | 32640    |
| train/              |          |
|    learning_rate    | 0.0001   |
|    loss             | 0.668    |
|    n_updates        | 1977     |
----------------------------------
----------------------------------
| rollout/            |          |
|    ep_len_mean      | 60       |
|    ep_rew_mean      | 44.2     |
|    exploration_rate | 0.05     |
| time/               |          |
|    episodes         | 548      |
|    fps              | 113      |
|    time_elapsed     | 290      |
|    total_timesteps  | 32880    |
| train/              |          |
|    learning_rate    | 0.0001   |
|    loss             | 0.26     |
|    n_updates        | 1992     |
----------------------------------
----------------------------------
| rollout/            |          |
|    ep_len_mean      | 60       |
|    ep_rew_mean      | 44.5     |
|    exploration_rate | 0.05     |
| time/               |          |
|    episodes         | 552      |
|    fps              | 113      |
|    time_elapsed     | 291      |
|    total_timesteps  | 33120    |
| train/              |          |
|    learning_rate    | 0.0001   |
|    loss             | 0.571    |
|    n_updates        | 2007     |
----------------------------------
----------------------------------
| rollout/            |          |
|    ep_len_mean      | 60       |
|    ep_rew_mean      | 44.6     |
|    exploration_rate | 0.05     |
| time/               |          |
|    episodes         | 556      |
|    fps              | 113      |
|    time_elapsed     | 293      |
|    total_timesteps  | 33360    |
| train/              |          |
|    learning_rate    | 0.0001   |
|    loss             | 0.425    |
|    n_updates        | 2022     |
----------------------------------
----------------------------------
| rollout/            |          |
|    ep_len_mean      | 60       |
|    ep_rew_mean      | 44.6     |
|    exploration_rate | 0.05     |
| time/               |          |
|    episodes         | 560      |
|    fps              | 113      |
|    time_elapsed     | 295      |
|    total_timesteps  | 33600    |
| train/              |          |
|    learning_rate    | 0.0001   |
|    loss             | 1.6      |
|    n_updates        | 2037     |
----------------------------------
----------------------------------
| rollout/            |          |
|    ep_len_mean      | 60       |
|    ep_rew_mean      | 44.7     |
|    exploration_rate | 0.05     |
| time/               |          |
|    episodes         | 564      |
|    fps              | 113      |
|    time_elapsed     | 298      |
|    total_timesteps  | 33840    |
| train/              |          |
|    learning_rate    | 0.0001   |
|    loss             | 0.648    |
|    n_updates        | 2052     |
----------------------------------
----------------------------------
| rollout/            |          |
|    ep_len_mean      | 60       |
|    ep_rew_mean      | 44.7     |
|    exploration_rate | 0.05     |
| time/               |          |
|    episodes         | 568      |
|    fps              | 113      |
|    time_elapsed     | 300      |
|    total_timesteps  | 34080    |
| train/              |          |
|    learning_rate    | 0.0001   |
|    loss             | 0.604    |
|    n_updates        | 2067     |
----------------------------------
----------------------------------
| rollout/            |          |
|    ep_len_mean      | 60       |
|    ep_rew_mean      | 44.7     |
|    exploration_rate | 0.05     |
| time/               |          |
|    episodes         | 572      |
|    fps              | 113      |
|    time_elapsed     | 302      |
|    total_timesteps  | 34320    |
| train/              |          |
|    learning_rate    | 0.0001   |
|    loss             | 1.24     |
|    n_updates        | 2082     |
----------------------------------
----------------------------------
| rollout/            |          |
|    ep_len_mean      | 60       |
|    ep_rew_mean      | 44.7     |
|    exploration_rate | 0.05     |
| time/               |          |
|    episodes         | 576      |
|    fps              | 113      |
|    time_elapsed     | 304      |
|    total_timesteps  | 34560    |
| train/              |          |
|    learning_rate    | 0.0001   |
|    loss             | 0.446    |
|    n_updates        | 2097     |
----------------------------------
----------------------------------
| rollout/            |          |
|    ep_len_mean      | 60       |
|    ep_rew_mean      | 44.7     |
|    exploration_rate | 0.05     |
| time/               |          |
|    episodes         | 580      |
|    fps              | 113      |
|    time_elapsed     | 306      |
|    total_timesteps  | 34800    |
| train/              |          |
|    learning_rate    | 0.0001   |
|    loss             | 1.04     |
|    n_updates        | 2112     |
----------------------------------
----------------------------------
| rollout/            |          |
|    ep_len_mean      | 60       |
|    ep_rew_mean      | 44.6     |
|    exploration_rate | 0.05     |
| time/               |          |
|    episodes         | 584      |
|    fps              | 113      |
|    time_elapsed     | 309      |
|    total_timesteps  | 35040    |
| train/              |          |
|    learning_rate    | 0.0001   |
|    loss             | 0.904    |
|    n_updates        | 2127     |
----------------------------------
----------------------------------
| rollout/            |          |
|    ep_len_mean      | 60       |
|    ep_rew_mean      | 44.4     |
|    exploration_rate | 0.05     |
| time/               |          |
|    episodes         | 588      |
|    fps              | 113      |
|    time_elapsed     | 311      |
|    total_timesteps  | 35280    |
| train/              |          |
|    learning_rate    | 0.0001   |
|    loss             | 0.197    |
|    n_updates        | 2142     |
----------------------------------
----------------------------------
| rollout/            |          |
|    ep_len_mean      | 60       |
|    ep_rew_mean      | 44.4     |
|    exploration_rate | 0.05     |
| time/               |          |
|    episodes         | 592      |
|    fps              | 113      |
|    time_elapsed     | 313      |
|    total_timesteps  | 35520    |
| train/              |          |
|    learning_rate    | 0.0001   |
|    loss             | 0.494    |
|    n_updates        | 2157     |
----------------------------------
----------------------------------
| rollout/            |          |
|    ep_len_mean      | 60       |
|    ep_rew_mean      | 44.5     |
|    exploration_rate | 0.05     |
| time/               |          |
|    episodes         | 596      |
|    fps              | 113      |
|    time_elapsed     | 315      |
|    total_timesteps  | 35760    |
| train/              |          |
|    learning_rate    | 0.0001   |
|    loss             | 0.261    |
|    n_updates        | 2172     |
----------------------------------
----------------------------------
| rollout/            |          |
|    ep_len_mean      | 60       |
|    ep_rew_mean      | 44.5     |
|    exploration_rate | 0.05     |
| time/               |          |
|    episodes         | 600      |
|    fps              | 113      |
|    time_elapsed     | 317      |
|    total_timesteps  | 36000    |
| train/              |          |
|    learning_rate    | 0.0001   |
|    loss             | 0.401    |
|    n_updates        | 2187     |
----------------------------------
----------------------------------
| rollout/            |          |
|    ep_len_mean      | 60       |
|    ep_rew_mean      | 44.3     |
|    exploration_rate | 0.05     |
| time/               |          |
|    episodes         | 604      |
|    fps              | 113      |
|    time_elapsed     | 319      |
|    total_timesteps  | 36240    |
| train/              |          |
|    learning_rate    | 0.0001   |
|    loss             | 1.04     |
|    n_updates        | 2202     |
----------------------------------
----------------------------------
| rollout/            |          |
|    ep_len_mean      | 60       |
|    ep_rew_mean      | 44.5     |
|    exploration_rate | 0.05     |
| time/               |          |
|    episodes         | 608      |
|    fps              | 113      |
|    time_elapsed     | 321      |
|    total_timesteps  | 36480    |
| train/              |          |
|    learning_rate    | 0.0001   |
|    loss             | 0.208    |
|    n_updates        | 2217     |
----------------------------------
----------------------------------
| rollout/            |          |
|    ep_len_mean      | 60       |
|    ep_rew_mean      | 44.5     |
|    exploration_rate | 0.05     |
| time/               |          |
|    episodes         | 612      |
|    fps              | 113      |
|    time_elapsed     | 324      |
|    total_timesteps  | 36720    |
| train/              |          |
|    learning_rate    | 0.0001   |
|    loss             | 0.134    |
|    n_updates        | 2232     |
----------------------------------
----------------------------------
| rollout/            |          |
|    ep_len_mean      | 60       |
|    ep_rew_mean      | 44.3     |
|    exploration_rate | 0.05     |
| time/               |          |
|    episodes         | 616      |
|    fps              | 113      |
|    time_elapsed     | 326      |
|    total_timesteps  | 36960    |
| train/              |          |
|    learning_rate    | 0.0001   |
|    loss             | 0.391    |
|    n_updates        | 2247     |
----------------------------------
----------------------------------
| rollout/            |          |
|    ep_len_mean      | 60       |
|    ep_rew_mean      | 44.4     |
|    exploration_rate | 0.05     |
| time/               |          |
|    episodes         | 620      |
|    fps              | 113      |
|    time_elapsed     | 328      |
|    total_timesteps  | 37200    |
| train/              |          |
|    learning_rate    | 0.0001   |
|    loss             | 0.236    |
|    n_updates        | 2262     |
----------------------------------
----------------------------------
| rollout/            |          |
|    ep_len_mean      | 60       |
|    ep_rew_mean      | 44.4     |
|    exploration_rate | 0.05     |
| time/               |          |
|    episodes         | 624      |
|    fps              | 113      |
|    time_elapsed     | 330      |
|    total_timesteps  | 37440    |
| train/              |          |
|    learning_rate    | 0.0001   |
|    loss             | 0.482    |
|    n_updates        | 2277     |
----------------------------------
----------------------------------
| rollout/            |          |
|    ep_len_mean      | 60       |
|    ep_rew_mean      | 44.5     |
|    exploration_rate | 0.05     |
| time/               |          |
|    episodes         | 628      |
|    fps              | 113      |
|    time_elapsed     | 332      |
|    total_timesteps  | 37680    |
| train/              |          |
|    learning_rate    | 0.0001   |
|    loss             | 1.4      |
|    n_updates        | 2292     |
----------------------------------
----------------------------------
| rollout/            |          |
|    ep_len_mean      | 60       |
|    ep_rew_mean      | 44.4     |
|    exploration_rate | 0.05     |
| time/               |          |
|    episodes         | 632      |
|    fps              | 113      |
|    time_elapsed     | 334      |
|    total_timesteps  | 37920    |
| train/              |          |
|    learning_rate    | 0.0001   |
|    loss             | 0.241    |
|    n_updates        | 2307     |
----------------------------------
----------------------------------
| rollout/            |          |
|    ep_len_mean      | 60       |
|    ep_rew_mean      | 44.4     |
|    exploration_rate | 0.05     |
| time/               |          |
|    episodes         | 636      |
|    fps              | 113      |
|    time_elapsed     | 336      |
|    total_timesteps  | 38160    |
| train/              |          |
|    learning_rate    | 0.0001   |
|    loss             | 0.233    |
|    n_updates        | 2322     |
----------------------------------
----------------------------------
| rollout/            |          |
|    ep_len_mean      | 60       |
|    ep_rew_mean      | 44.3     |
|    exploration_rate | 0.05     |
| time/               |          |
|    episodes         | 640      |
|    fps              | 113      |
|    time_elapsed     | 339      |
|    total_timesteps  | 38400    |
| train/              |          |
|    learning_rate    | 0.0001   |
|    loss             | 0.481    |
|    n_updates        | 2337     |
----------------------------------
----------------------------------
| rollout/            |          |
|    ep_len_mean      | 60       |
|    ep_rew_mean      | 44.4     |
|    exploration_rate | 0.05     |
| time/               |          |
|    episodes         | 644      |
|    fps              | 113      |
|    time_elapsed     | 341      |
|    total_timesteps  | 38640    |
| train/              |          |
|    learning_rate    | 0.0001   |
|    loss             | 0.267    |
|    n_updates        | 2352     |
----------------------------------
----------------------------------
| rollout/            |          |
|    ep_len_mean      | 60       |
|    ep_rew_mean      | 44.4     |
|    exploration_rate | 0.05     |
| time/               |          |
|    episodes         | 648      |
|    fps              | 113      |
|    time_elapsed     | 343      |
|    total_timesteps  | 38880    |
| train/              |          |
|    learning_rate    | 0.0001   |
|    loss             | 0.982    |
|    n_updates        | 2367     |
----------------------------------
----------------------------------
| rollout/            |          |
|    ep_len_mean      | 60       |
|    ep_rew_mean      | 44.3     |
|    exploration_rate | 0.05     |
| time/               |          |
|    episodes         | 652      |
|    fps              | 113      |
|    time_elapsed     | 345      |
|    total_timesteps  | 39120    |
| train/              |          |
|    learning_rate    | 0.0001   |
|    loss             | 0.275    |
|    n_updates        | 2382     |
----------------------------------
----------------------------------
| rollout/            |          |
|    ep_len_mean      | 60       |
|    ep_rew_mean      | 44.1     |
|    exploration_rate | 0.05     |
| time/               |          |
|    episodes         | 656      |
|    fps              | 113      |
|    time_elapsed     | 347      |
|    total_timesteps  | 39360    |
| train/              |          |
|    learning_rate    | 0.0001   |
|    loss             | 1.02     |
|    n_updates        | 2397     |
----------------------------------
----------------------------------
| rollout/            |          |
|    ep_len_mean      | 60       |
|    ep_rew_mean      | 44       |
|    exploration_rate | 0.05     |
| time/               |          |
|    episodes         | 660      |
|    fps              | 113      |
|    time_elapsed     | 350      |
|    total_timesteps  | 39600    |
| train/              |          |
|    learning_rate    | 0.0001   |
|    loss             | 0.27     |
|    n_updates        | 2412     |
----------------------------------
----------------------------------
| rollout/            |          |
|    ep_len_mean      | 60       |
|    ep_rew_mean      | 44       |
|    exploration_rate | 0.05     |
| time/               |          |
|    episodes         | 664      |
|    fps              | 113      |
|    time_elapsed     | 352      |
|    total_timesteps  | 39840    |
| train/              |          |
|    learning_rate    | 0.0001   |
|    loss             | 0.309    |
|    n_updates        | 2427     |
----------------------------------
----------------------------------
| rollout/            |          |
|    ep_len_mean      | 60       |
|    ep_rew_mean      | 44       |
|    exploration_rate | 0.05     |
| time/               |          |
|    episodes         | 668      |
|    fps              | 113      |
|    time_elapsed     | 354      |
|    total_timesteps  | 40080    |
| train/              |          |
|    learning_rate    | 0.0001   |
|    loss             | 2.52     |
|    n_updates        | 2442     |
----------------------------------
----------------------------------
| rollout/            |          |
|    ep_len_mean      | 60       |
|    ep_rew_mean      | 44       |
|    exploration_rate | 0.05     |
| time/               |          |
|    episodes         | 672      |
|    fps              | 113      |
|    time_elapsed     | 356      |
|    total_timesteps  | 40320    |
| train/              |          |
|    learning_rate    | 0.0001   |
|    loss             | 0.217    |
|    n_updates        | 2457     |
----------------------------------
----------------------------------
| rollout/            |          |
|    ep_len_mean      | 60       |
|    ep_rew_mean      | 44       |
|    exploration_rate | 0.05     |
| time/               |          |
|    episodes         | 676      |
|    fps              | 113      |
|    time_elapsed     | 358      |
|    total_timesteps  | 40560    |
| train/              |          |
|    learning_rate    | 0.0001   |
|    loss             | 0.232    |
|    n_updates        | 2472     |
----------------------------------
----------------------------------
| rollout/            |          |
|    ep_len_mean      | 60       |
|    ep_rew_mean      | 43.9     |
|    exploration_rate | 0.05     |
| time/               |          |
|    episodes         | 680      |
|    fps              | 113      |
|    time_elapsed     | 360      |
|    total_timesteps  | 40800    |
| train/              |          |
|    learning_rate    | 0.0001   |
|    loss             | 0.924    |
|    n_updates        | 2487     |
----------------------------------
----------------------------------
| rollout/            |          |
|    ep_len_mean      | 60       |
|    ep_rew_mean      | 43.9     |
|    exploration_rate | 0.05     |
| time/               |          |
|    episodes         | 684      |
|    fps              | 113      |
|    time_elapsed     | 362      |
|    total_timesteps  | 41040    |
| train/              |          |
|    learning_rate    | 0.0001   |
|    loss             | 0.388    |
|    n_updates        | 2502     |
----------------------------------
----------------------------------
| rollout/            |          |
|    ep_len_mean      | 60       |
|    ep_rew_mean      | 44       |
|    exploration_rate | 0.05     |
| time/               |          |
|    episodes         | 688      |
|    fps              | 112      |
|    time_elapsed     | 365      |
|    total_timesteps  | 41280    |
| train/              |          |
|    learning_rate    | 0.0001   |
|    loss             | 0.475    |
|    n_updates        | 2517     |
----------------------------------
----------------------------------
| rollout/            |          |
|    ep_len_mean      | 60       |
|    ep_rew_mean      | 43.9     |
|    exploration_rate | 0.05     |
| time/               |          |
|    episodes         | 692      |
|    fps              | 112      |
|    time_elapsed     | 367      |
|    total_timesteps  | 41520    |
| train/              |          |
|    learning_rate    | 0.0001   |
|    loss             | 0.239    |
|    n_updates        | 2532     |
----------------------------------
----------------------------------
| rollout/            |          |
|    ep_len_mean      | 60       |
|    ep_rew_mean      | 43.9     |
|    exploration_rate | 0.05     |
| time/               |          |
|    episodes         | 696      |
|    fps              | 112      |
|    time_elapsed     | 369      |
|    total_timesteps  | 41760    |
| train/              |          |
|    learning_rate    | 0.0001   |
|    loss             | 0.894    |
|    n_updates        | 2547     |
----------------------------------
----------------------------------
| rollout/            |          |
|    ep_len_mean      | 60       |
|    ep_rew_mean      | 43.9     |
|    exploration_rate | 0.05     |
| time/               |          |
|    episodes         | 700      |
|    fps              | 113      |
|    time_elapsed     | 371      |
|    total_timesteps  | 42000    |
| train/              |          |
|    learning_rate    | 0.0001   |
|    loss             | 0.298    |
|    n_updates        | 2562     |
----------------------------------
----------------------------------
| rollout/            |          |
|    ep_len_mean      | 60       |
|    ep_rew_mean      | 43.9     |
|    exploration_rate | 0.05     |
| time/               |          |
|    episodes         | 704      |
|    fps              | 113      |
|    time_elapsed     | 373      |
|    total_timesteps  | 42240    |
| train/              |          |
|    learning_rate    | 0.0001   |
|    loss             | 0.89     |
|    n_updates        | 2577     |
----------------------------------
----------------------------------
| rollout/            |          |
|    ep_len_mean      | 60       |
|    ep_rew_mean      | 43.8     |
|    exploration_rate | 0.05     |
| time/               |          |
|    episodes         | 708      |
|    fps              | 112      |
|    time_elapsed     | 375      |
|    total_timesteps  | 42480    |
| train/              |          |
|    learning_rate    | 0.0001   |
|    loss             | 0.182    |
|    n_updates        | 2592     |
----------------------------------
----------------------------------
| rollout/            |          |
|    ep_len_mean      | 60       |
|    ep_rew_mean      | 43.9     |
|    exploration_rate | 0.05     |
| time/               |          |
|    episodes         | 712      |
|    fps              | 112      |
|    time_elapsed     | 378      |
|    total_timesteps  | 42720    |
| train/              |          |
|    learning_rate    | 0.0001   |
|    loss             | 0.871    |
|    n_updates        | 2607     |
----------------------------------
----------------------------------
| rollout/            |          |
|    ep_len_mean      | 60       |
|    ep_rew_mean      | 43.9     |
|    exploration_rate | 0.05     |
| time/               |          |
|    episodes         | 716      |
|    fps              | 112      |
|    time_elapsed     | 380      |
|    total_timesteps  | 42960    |
| train/              |          |
|    learning_rate    | 0.0001   |
|    loss             | 1.69     |
|    n_updates        | 2622     |
----------------------------------
----------------------------------
| rollout/            |          |
|    ep_len_mean      | 60       |
|    ep_rew_mean      | 43.8     |
|    exploration_rate | 0.05     |
| time/               |          |
|    episodes         | 720      |
|    fps              | 112      |
|    time_elapsed     | 382      |
|    total_timesteps  | 43200    |
| train/              |          |
|    learning_rate    | 0.0001   |
|    loss             | 0.224    |
|    n_updates        | 2637     |
----------------------------------
----------------------------------
| rollout/            |          |
|    ep_len_mean      | 60       |
|    ep_rew_mean      | 43.5     |
|    exploration_rate | 0.05     |
| time/               |          |
|    episodes         | 724      |
|    fps              | 112      |
|    time_elapsed     | 385      |
|    total_timesteps  | 43440    |
| train/              |          |
|    learning_rate    | 0.0001   |
|    loss             | 1.26     |
|    n_updates        | 2652     |
----------------------------------
----------------------------------
| rollout/            |          |
|    ep_len_mean      | 60       |
|    ep_rew_mean      | 43.5     |
|    exploration_rate | 0.05     |
| time/               |          |
|    episodes         | 728      |
|    fps              | 112      |
|    time_elapsed     | 387      |
|    total_timesteps  | 43680    |
| train/              |          |
|    learning_rate    | 0.0001   |
|    loss             | 0.866    |
|    n_updates        | 2667     |
----------------------------------
----------------------------------
| rollout/            |          |
|    ep_len_mean      | 60       |
|    ep_rew_mean      | 43.6     |
|    exploration_rate | 0.05     |
| time/               |          |
|    episodes         | 732      |
|    fps              | 112      |
|    time_elapsed     | 389      |
|    total_timesteps  | 43920    |
| train/              |          |
|    learning_rate    | 0.0001   |
|    loss             | 1.1      |
|    n_updates        | 2682     |
----------------------------------
----------------------------------
| rollout/            |          |
|    ep_len_mean      | 60       |
|    ep_rew_mean      | 43.6     |
|    exploration_rate | 0.05     |
| time/               |          |
|    episodes         | 736      |
|    fps              | 112      |
|    time_elapsed     | 391      |
|    total_timesteps  | 44160    |
| train/              |          |
|    learning_rate    | 0.0001   |
|    loss             | 0.979    |
|    n_updates        | 2697     |
----------------------------------
----------------------------------
| rollout/            |          |
|    ep_len_mean      | 60       |
|    ep_rew_mean      | 43.5     |
|    exploration_rate | 0.05     |
| time/               |          |
|    episodes         | 740      |
|    fps              | 112      |
|    time_elapsed     | 394      |
|    total_timesteps  | 44400    |
| train/              |          |
|    learning_rate    | 0.0001   |
|    loss             | 1.6      |
|    n_updates        | 2712     |
----------------------------------
----------------------------------
| rollout/            |          |
|    ep_len_mean      | 60       |
|    ep_rew_mean      | 43.5     |
|    exploration_rate | 0.05     |
| time/               |          |
|    episodes         | 744      |
|    fps              | 112      |
|    time_elapsed     | 396      |
|    total_timesteps  | 44640    |
| train/              |          |
|    learning_rate    | 0.0001   |
|    loss             | 0.463    |
|    n_updates        | 2727     |
----------------------------------
----------------------------------
| rollout/            |          |
|    ep_len_mean      | 60       |
|    ep_rew_mean      | 43.6     |
|    exploration_rate | 0.05     |
| time/               |          |
|    episodes         | 748      |
|    fps              | 112      |
|    time_elapsed     | 398      |
|    total_timesteps  | 44880    |
| train/              |          |
|    learning_rate    | 0.0001   |
|    loss             | 2.01     |
|    n_updates        | 2742     |
----------------------------------
----------------------------------
| rollout/            |          |
|    ep_len_mean      | 60       |
|    ep_rew_mean      | 43.5     |
|    exploration_rate | 0.05     |
| time/               |          |
|    episodes         | 752      |
|    fps              | 112      |
|    time_elapsed     | 400      |
|    total_timesteps  | 45120    |
| train/              |          |
|    learning_rate    | 0.0001   |
|    loss             | 0.33     |
|    n_updates        | 2757     |
----------------------------------
----------------------------------
| rollout/            |          |
|    ep_len_mean      | 60       |
|    ep_rew_mean      | 43.7     |
|    exploration_rate | 0.05     |
| time/               |          |
|    episodes         | 756      |
|    fps              | 112      |
|    time_elapsed     | 402      |
|    total_timesteps  | 45360    |
| train/              |          |
|    learning_rate    | 0.0001   |
|    loss             | 0.285    |
|    n_updates        | 2772     |
----------------------------------
----------------------------------
| rollout/            |          |
|    ep_len_mean      | 60       |
|    ep_rew_mean      | 43.6     |
|    exploration_rate | 0.05     |
| time/               |          |
|    episodes         | 760      |
|    fps              | 112      |
|    time_elapsed     | 404      |
|    total_timesteps  | 45600    |
| train/              |          |
|    learning_rate    | 0.0001   |
|    loss             | 0.811    |
|    n_updates        | 2787     |
----------------------------------
----------------------------------
| rollout/            |          |
|    ep_len_mean      | 60       |
|    ep_rew_mean      | 43.3     |
|    exploration_rate | 0.05     |
| time/               |          |
|    episodes         | 764      |
|    fps              | 112      |
|    time_elapsed     | 406      |
|    total_timesteps  | 45840    |
| train/              |          |
|    learning_rate    | 0.0001   |
|    loss             | 0.409    |
|    n_updates        | 2802     |
----------------------------------
----------------------------------
| rollout/            |          |
|    ep_len_mean      | 60       |
|    ep_rew_mean      | 43.2     |
|    exploration_rate | 0.05     |
| time/               |          |
|    episodes         | 768      |
|    fps              | 112      |
|    time_elapsed     | 408      |
|    total_timesteps  | 46080    |
| train/              |          |
|    learning_rate    | 0.0001   |
|    loss             | 1.17     |
|    n_updates        | 2817     |
----------------------------------
----------------------------------
| rollout/            |          |
|    ep_len_mean      | 60       |
|    ep_rew_mean      | 43.1     |
|    exploration_rate | 0.05     |
| time/               |          |
|    episodes         | 772      |
|    fps              | 112      |
|    time_elapsed     | 410      |
|    total_timesteps  | 46320    |
| train/              |          |
|    learning_rate    | 0.0001   |
|    loss             | 0.355    |
|    n_updates        | 2832     |
----------------------------------
----------------------------------
| rollout/            |          |
|    ep_len_mean      | 60       |
|    ep_rew_mean      | 43.1     |
|    exploration_rate | 0.05     |
| time/               |          |
|    episodes         | 776      |
|    fps              | 112      |
|    time_elapsed     | 412      |
|    total_timesteps  | 46560    |
| train/              |          |
|    learning_rate    | 0.0001   |
|    loss             | 0.285    |
|    n_updates        | 2847     |
----------------------------------
----------------------------------
| rollout/            |          |
|    ep_len_mean      | 60       |
|    ep_rew_mean      | 43       |
|    exploration_rate | 0.05     |
| time/               |          |
|    episodes         | 780      |
|    fps              | 113      |
|    time_elapsed     | 414      |
|    total_timesteps  | 46800    |
| train/              |          |
|    learning_rate    | 0.0001   |
|    loss             | 0.228    |
|    n_updates        | 2862     |
----------------------------------
----------------------------------
| rollout/            |          |
|    ep_len_mean      | 60       |
|    ep_rew_mean      | 43.1     |
|    exploration_rate | 0.05     |
| time/               |          |
|    episodes         | 784      |
|    fps              | 113      |
|    time_elapsed     | 415      |
|    total_timesteps  | 47040    |
| train/              |          |
|    learning_rate    | 0.0001   |
|    loss             | 1.18     |
|    n_updates        | 2877     |
----------------------------------
----------------------------------
| rollout/            |          |
|    ep_len_mean      | 60       |
|    ep_rew_mean      | 43.2     |
|    exploration_rate | 0.05     |
| time/               |          |
|    episodes         | 788      |
|    fps              | 113      |
|    time_elapsed     | 418      |
|    total_timesteps  | 47280    |
| train/              |          |
|    learning_rate    | 0.0001   |
|    loss             | 0.867    |
|    n_updates        | 2892     |
----------------------------------
----------------------------------
| rollout/            |          |
|    ep_len_mean      | 60       |
|    ep_rew_mean      | 43.3     |
|    exploration_rate | 0.05     |
| time/               |          |
|    episodes         | 792      |
|    fps              | 113      |
|    time_elapsed     | 420      |
|    total_timesteps  | 47520    |
| train/              |          |
|    learning_rate    | 0.0001   |
|    loss             | 1.63     |
|    n_updates        | 2907     |
----------------------------------
----------------------------------
| rollout/            |          |
|    ep_len_mean      | 60       |
|    ep_rew_mean      | 43.2     |
|    exploration_rate | 0.05     |
| time/               |          |
|    episodes         | 796      |
|    fps              | 112      |
|    time_elapsed     | 422      |
|    total_timesteps  | 47760    |
| train/              |          |
|    learning_rate    | 0.0001   |
|    loss             | 0.291    |
|    n_updates        | 2922     |
----------------------------------
----------------------------------
| rollout/            |          |
|    ep_len_mean      | 60       |
|    ep_rew_mean      | 43.3     |
|    exploration_rate | 0.05     |
| time/               |          |
|    episodes         | 800      |
|    fps              | 112      |
|    time_elapsed     | 425      |
|    total_timesteps  | 48000    |
| train/              |          |
|    learning_rate    | 0.0001   |
|    loss             | 1.07     |
|    n_updates        | 2937     |
----------------------------------
----------------------------------
| rollout/            |          |
|    ep_len_mean      | 60       |
|    ep_rew_mean      | 43.3     |
|    exploration_rate | 0.05     |
| time/               |          |
|    episodes         | 804      |
|    fps              | 112      |
|    time_elapsed     | 427      |
|    total_timesteps  | 48240    |
| train/              |          |
|    learning_rate    | 0.0001   |
|    loss             | 0.5      |
|    n_updates        | 2952     |
----------------------------------
----------------------------------
| rollout/            |          |
|    ep_len_mean      | 60       |
|    ep_rew_mean      | 43.2     |
|    exploration_rate | 0.05     |
| time/               |          |
|    episodes         | 808      |
|    fps              | 112      |
|    time_elapsed     | 429      |
|    total_timesteps  | 48480    |
| train/              |          |
|    learning_rate    | 0.0001   |
|    loss             | 0.334    |
|    n_updates        | 2967     |
----------------------------------
----------------------------------
| rollout/            |          |
|    ep_len_mean      | 60       |
|    ep_rew_mean      | 42.9     |
|    exploration_rate | 0.05     |
| time/               |          |
|    episodes         | 812      |
|    fps              | 112      |
|    time_elapsed     | 432      |
|    total_timesteps  | 48720    |
| train/              |          |
|    learning_rate    | 0.0001   |
|    loss             | 0.256    |
|    n_updates        | 2982     |
----------------------------------
----------------------------------
| rollout/            |          |
|    ep_len_mean      | 60       |
|    ep_rew_mean      | 43.1     |
|    exploration_rate | 0.05     |
| time/               |          |
|    episodes         | 816      |
|    fps              | 112      |
|    time_elapsed     | 434      |
|    total_timesteps  | 48960    |
| train/              |          |
|    learning_rate    | 0.0001   |
|    loss             | 1.55     |
|    n_updates        | 2997     |
----------------------------------
----------------------------------
| rollout/            |          |
|    ep_len_mean      | 60       |
|    ep_rew_mean      | 43.1     |
|    exploration_rate | 0.05     |
| time/               |          |
|    episodes         | 820      |
|    fps              | 112      |
|    time_elapsed     | 436      |
|    total_timesteps  | 49200    |
| train/              |          |
|    learning_rate    | 0.0001   |
|    loss             | 1.74     |
|    n_updates        | 3012     |
----------------------------------
----------------------------------
| rollout/            |          |
|    ep_len_mean      | 60       |
|    ep_rew_mean      | 43.4     |
|    exploration_rate | 0.05     |
| time/               |          |
|    episodes         | 824      |
|    fps              | 112      |
|    time_elapsed     | 439      |
|    total_timesteps  | 49440    |
| train/              |          |
|    learning_rate    | 0.0001   |
|    loss             | 0.246    |
|    n_updates        | 3027     |
----------------------------------
----------------------------------
| rollout/            |          |
|    ep_len_mean      | 60       |
|    ep_rew_mean      | 43.2     |
|    exploration_rate | 0.05     |
| time/               |          |
|    episodes         | 828      |
|    fps              | 112      |
|    time_elapsed     | 440      |
|    total_timesteps  | 49680    |
| train/              |          |
|    learning_rate    | 0.0001   |
|    loss             | 0.228    |
|    n_updates        | 3042     |
----------------------------------
----------------------------------
| rollout/            |          |
|    ep_len_mean      | 60       |
|    ep_rew_mean      | 43.3     |
|    exploration_rate | 0.05     |
| time/               |          |
|    episodes         | 832      |
|    fps              | 112      |
|    time_elapsed     | 442      |
|    total_timesteps  | 49920    |
| train/              |          |
|    learning_rate    | 0.0001   |
|    loss             | 0.387    |
|    n_updates        | 3057     |
----------------------------------
----------------------------------
| rollout/            |          |
|    ep_len_mean      | 60       |
|    ep_rew_mean      | 43.3     |
|    exploration_rate | 0.05     |
| time/               |          |
|    episodes         | 836      |
|    fps              | 112      |
|    time_elapsed     | 444      |
|    total_timesteps  | 50160    |
| train/              |          |
|    learning_rate    | 0.0001   |
|    loss             | 0.277    |
|    n_updates        | 3072     |
----------------------------------
----------------------------------
| rollout/            |          |
|    ep_len_mean      | 60       |
|    ep_rew_mean      | 43.3     |
|    exploration_rate | 0.05     |
| time/               |          |
|    episodes         | 840      |
|    fps              | 112      |
|    time_elapsed     | 446      |
|    total_timesteps  | 50400    |
| train/              |          |
|    learning_rate    | 0.0001   |
|    loss             | 1.12     |
|    n_updates        | 3087     |
----------------------------------
----------------------------------
| rollout/            |          |
|    ep_len_mean      | 60       |
|    ep_rew_mean      | 43.4     |
|    exploration_rate | 0.05     |
| time/               |          |
|    episodes         | 844      |
|    fps              | 112      |
|    time_elapsed     | 448      |
|    total_timesteps  | 50640    |
| train/              |          |
|    learning_rate    | 0.0001   |
|    loss             | 2.16     |
|    n_updates        | 3102     |
----------------------------------
----------------------------------
| rollout/            |          |
|    ep_len_mean      | 60       |
|    ep_rew_mean      | 43.4     |
|    exploration_rate | 0.05     |
| time/               |          |
|    episodes         | 848      |
|    fps              | 112      |
|    time_elapsed     | 450      |
|    total_timesteps  | 50880    |
| train/              |          |
|    learning_rate    | 0.0001   |
|    loss             | 1.79     |
|    n_updates        | 3117     |
----------------------------------
----------------------------------
| rollout/            |          |
|    ep_len_mean      | 60       |
|    ep_rew_mean      | 43.5     |
|    exploration_rate | 0.05     |
| time/               |          |
|    episodes         | 852      |
|    fps              | 112      |
|    time_elapsed     | 452      |
|    total_timesteps  | 51120    |
| train/              |          |
|    learning_rate    | 0.0001   |
|    loss             | 0.354    |
|    n_updates        | 3132     |
----------------------------------
----------------------------------
| rollout/            |          |
|    ep_len_mean      | 60       |
|    ep_rew_mean      | 43.5     |
|    exploration_rate | 0.05     |
| time/               |          |
|    episodes         | 856      |
|    fps              | 113      |
|    time_elapsed     | 454      |
|    total_timesteps  | 51360    |
| train/              |          |
|    learning_rate    | 0.0001   |
|    loss             | 0.07     |
|    n_updates        | 3147     |
----------------------------------
----------------------------------
| rollout/            |          |
|    ep_len_mean      | 60       |
|    ep_rew_mean      | 43.6     |
|    exploration_rate | 0.05     |
| time/               |          |
|    episodes         | 860      |
|    fps              | 113      |
|    time_elapsed     | 456      |
|    total_timesteps  | 51600    |
| train/              |          |
|    learning_rate    | 0.0001   |
|    loss             | 1.01     |
|    n_updates        | 3162     |
----------------------------------
----------------------------------
| rollout/            |          |
|    ep_len_mean      | 60       |
|    ep_rew_mean      | 43.8     |
|    exploration_rate | 0.05     |
| time/               |          |
|    episodes         | 864      |
|    fps              | 113      |
|    time_elapsed     | 458      |
|    total_timesteps  | 51840    |
| train/              |          |
|    learning_rate    | 0.0001   |
|    loss             | 1.06     |
|    n_updates        | 3177     |
----------------------------------
----------------------------------
| rollout/            |          |
|    ep_len_mean      | 60       |
|    ep_rew_mean      | 43.8     |
|    exploration_rate | 0.05     |
| time/               |          |
|    episodes         | 868      |
|    fps              | 113      |
|    time_elapsed     | 459      |
|    total_timesteps  | 52080    |
| train/              |          |
|    learning_rate    | 0.0001   |
|    loss             | 0.499    |
|    n_updates        | 3192     |
----------------------------------
----------------------------------
| rollout/            |          |
|    ep_len_mean      | 60       |
|    ep_rew_mean      | 43.9     |
|    exploration_rate | 0.05     |
| time/               |          |
|    episodes         | 872      |
|    fps              | 113      |
|    time_elapsed     | 461      |
|    total_timesteps  | 52320    |
| train/              |          |
|    learning_rate    | 0.0001   |
|    loss             | 0.109    |
|    n_updates        | 3207     |
----------------------------------
----------------------------------
| rollout/            |          |
|    ep_len_mean      | 60       |
|    ep_rew_mean      | 43.9     |
|    exploration_rate | 0.05     |
| time/               |          |
|    episodes         | 876      |
|    fps              | 113      |
|    time_elapsed     | 463      |
|    total_timesteps  | 52560    |
| train/              |          |
|    learning_rate    | 0.0001   |
|    loss             | 0.874    |
|    n_updates        | 3222     |
----------------------------------
----------------------------------
| rollout/            |          |
|    ep_len_mean      | 60       |
|    ep_rew_mean      | 44       |
|    exploration_rate | 0.05     |
| time/               |          |
|    episodes         | 880      |
|    fps              | 113      |
|    time_elapsed     | 465      |
|    total_timesteps  | 52800    |
| train/              |          |
|    learning_rate    | 0.0001   |
|    loss             | 0.236    |
|    n_updates        | 3237     |
----------------------------------
----------------------------------
| rollout/            |          |
|    ep_len_mean      | 60       |
|    ep_rew_mean      | 43.9     |
|    exploration_rate | 0.05     |
| time/               |          |
|    episodes         | 884      |
|    fps              | 113      |
|    time_elapsed     | 467      |
|    total_timesteps  | 53040    |
| train/              |          |
|    learning_rate    | 0.0001   |
|    loss             | 1.21     |
|    n_updates        | 3252     |
----------------------------------
----------------------------------
| rollout/            |          |
|    ep_len_mean      | 60       |
|    ep_rew_mean      | 44       |
|    exploration_rate | 0.05     |
| time/               |          |
|    episodes         | 888      |
|    fps              | 113      |
|    time_elapsed     | 469      |
|    total_timesteps  | 53280    |
| train/              |          |
|    learning_rate    | 0.0001   |
|    loss             | 1.09     |
|    n_updates        | 3267     |
----------------------------------
----------------------------------
| rollout/            |          |
|    ep_len_mean      | 60       |
|    ep_rew_mean      | 43.9     |
|    exploration_rate | 0.05     |
| time/               |          |
|    episodes         | 892      |
|    fps              | 113      |
|    time_elapsed     | 471      |
|    total_timesteps  | 53520    |
| train/              |          |
|    learning_rate    | 0.0001   |
|    loss             | 1.16     |
|    n_updates        | 3282     |
----------------------------------
----------------------------------
| rollout/            |          |
|    ep_len_mean      | 60       |
|    ep_rew_mean      | 44       |
|    exploration_rate | 0.05     |
| time/               |          |
|    episodes         | 896      |
|    fps              | 113      |
|    time_elapsed     | 473      |
|    total_timesteps  | 53760    |
| train/              |          |
|    learning_rate    | 0.0001   |
|    loss             | 0.345    |
|    n_updates        | 3297     |
----------------------------------
----------------------------------
| rollout/            |          |
|    ep_len_mean      | 60       |
|    ep_rew_mean      | 43.8     |
|    exploration_rate | 0.05     |
| time/               |          |
|    episodes         | 900      |
|    fps              | 113      |
|    time_elapsed     | 474      |
|    total_timesteps  | 54000    |
| train/              |          |
|    learning_rate    | 0.0001   |
|    loss             | 0.128    |
|    n_updates        | 3312     |
----------------------------------
----------------------------------
| rollout/            |          |
|    ep_len_mean      | 60       |
|    ep_rew_mean      | 43.9     |
|    exploration_rate | 0.05     |
| time/               |          |
|    episodes         | 904      |
|    fps              | 113      |
|    time_elapsed     | 476      |
|    total_timesteps  | 54240    |
| train/              |          |
|    learning_rate    | 0.0001   |
|    loss             | 1.16     |
|    n_updates        | 3327     |
----------------------------------
----------------------------------
| rollout/            |          |
|    ep_len_mean      | 60       |
|    ep_rew_mean      | 43.9     |
|    exploration_rate | 0.05     |
| time/               |          |
|    episodes         | 908      |
|    fps              | 113      |
|    time_elapsed     | 478      |
|    total_timesteps  | 54480    |
| train/              |          |
|    learning_rate    | 0.0001   |
|    loss             | 0.29     |
|    n_updates        | 3342     |
----------------------------------
----------------------------------
| rollout/            |          |
|    ep_len_mean      | 60       |
|    ep_rew_mean      | 44       |
|    exploration_rate | 0.05     |
| time/               |          |
|    episodes         | 912      |
|    fps              | 113      |
|    time_elapsed     | 480      |
|    total_timesteps  | 54720    |
| train/              |          |
|    learning_rate    | 0.0001   |
|    loss             | 0.339    |
|    n_updates        | 3357     |
----------------------------------
----------------------------------
| rollout/            |          |
|    ep_len_mean      | 60       |
|    ep_rew_mean      | 44       |
|    exploration_rate | 0.05     |
| time/               |          |
|    episodes         | 916      |
|    fps              | 114      |
|    time_elapsed     | 481      |
|    total_timesteps  | 54960    |
| train/              |          |
|    learning_rate    | 0.0001   |
|    loss             | 1.4      |
|    n_updates        | 3372     |
----------------------------------
----------------------------------
| rollout/            |          |
|    ep_len_mean      | 60       |
|    ep_rew_mean      | 44       |
|    exploration_rate | 0.05     |
| time/               |          |
|    episodes         | 920      |
|    fps              | 114      |
|    time_elapsed     | 483      |
|    total_timesteps  | 55200    |
| train/              |          |
|    learning_rate    | 0.0001   |
|    loss             | 0.156    |
|    n_updates        | 3387     |
----------------------------------
----------------------------------
| rollout/            |          |
|    ep_len_mean      | 60       |
|    ep_rew_mean      | 43.9     |
|    exploration_rate | 0.05     |
| time/               |          |
|    episodes         | 924      |
|    fps              | 114      |
|    time_elapsed     | 485      |
|    total_timesteps  | 55440    |
| train/              |          |
|    learning_rate    | 0.0001   |
|    loss             | 0.961    |
|    n_updates        | 3402     |
----------------------------------
----------------------------------
| rollout/            |          |
|    ep_len_mean      | 60       |
|    ep_rew_mean      | 44       |
|    exploration_rate | 0.05     |
| time/               |          |
|    episodes         | 928      |
|    fps              | 114      |
|    time_elapsed     | 487      |
|    total_timesteps  | 55680    |
| train/              |          |
|    learning_rate    | 0.0001   |
|    loss             | 1.08     |
|    n_updates        | 3417     |
----------------------------------
----------------------------------
| rollout/            |          |
|    ep_len_mean      | 60       |
|    ep_rew_mean      | 43.8     |
|    exploration_rate | 0.05     |
| time/               |          |
|    episodes         | 932      |
|    fps              | 114      |
|    time_elapsed     | 489      |
|    total_timesteps  | 55920    |
| train/              |          |
|    learning_rate    | 0.0001   |
|    loss             | 0.155    |
|    n_updates        | 3432     |
----------------------------------
----------------------------------
| rollout/            |          |
|    ep_len_mean      | 60       |
|    ep_rew_mean      | 43.9     |
|    exploration_rate | 0.05     |
| time/               |          |
|    episodes         | 936      |
|    fps              | 114      |
|    time_elapsed     | 491      |
|    total_timesteps  | 56160    |
| train/              |          |
|    learning_rate    | 0.0001   |
|    loss             | 0.295    |
|    n_updates        | 3447     |
----------------------------------
----------------------------------
| rollout/            |          |
|    ep_len_mean      | 60       |
|    ep_rew_mean      | 43.8     |
|    exploration_rate | 0.05     |
| time/               |          |
|    episodes         | 940      |
|    fps              | 114      |
|    time_elapsed     | 493      |
|    total_timesteps  | 56400    |
| train/              |          |
|    learning_rate    | 0.0001   |
|    loss             | 0.361    |
|    n_updates        | 3462     |
----------------------------------
----------------------------------
| rollout/            |          |
|    ep_len_mean      | 60       |
|    ep_rew_mean      | 43.9     |
|    exploration_rate | 0.05     |
| time/               |          |
|    episodes         | 944      |
|    fps              | 114      |
|    time_elapsed     | 495      |
|    total_timesteps  | 56640    |
| train/              |          |
|    learning_rate    | 0.0001   |
|    loss             | 0.359    |
|    n_updates        | 3477     |
----------------------------------
----------------------------------
| rollout/            |          |
|    ep_len_mean      | 60       |
|    ep_rew_mean      | 43.7     |
|    exploration_rate | 0.05     |
| time/               |          |
|    episodes         | 948      |
|    fps              | 114      |
|    time_elapsed     | 497      |
|    total_timesteps  | 56880    |
| train/              |          |
|    learning_rate    | 0.0001   |
|    loss             | 1.28     |
|    n_updates        | 3492     |
----------------------------------
----------------------------------
| rollout/            |          |
|    ep_len_mean      | 60       |
|    ep_rew_mean      | 43.8     |
|    exploration_rate | 0.05     |
| time/               |          |
|    episodes         | 952      |
|    fps              | 114      |
|    time_elapsed     | 499      |
|    total_timesteps  | 57120    |
| train/              |          |
|    learning_rate    | 0.0001   |
|    loss             | 0.21     |
|    n_updates        | 3507     |
----------------------------------
----------------------------------
| rollout/            |          |
|    ep_len_mean      | 60       |
|    ep_rew_mean      | 43.7     |
|    exploration_rate | 0.05     |
| time/               |          |
|    episodes         | 956      |
|    fps              | 114      |
|    time_elapsed     | 501      |
|    total_timesteps  | 57360    |
| train/              |          |
|    learning_rate    | 0.0001   |
|    loss             | 0.964    |
|    n_updates        | 3522     |
----------------------------------
----------------------------------
| rollout/            |          |
|    ep_len_mean      | 60       |
|    ep_rew_mean      | 43.6     |
|    exploration_rate | 0.05     |
| time/               |          |
|    episodes         | 960      |
|    fps              | 114      |
|    time_elapsed     | 503      |
|    total_timesteps  | 57600    |
| train/              |          |
|    learning_rate    | 0.0001   |
|    loss             | 3.03     |
|    n_updates        | 3537     |
----------------------------------
----------------------------------
| rollout/            |          |
|    ep_len_mean      | 60       |
|    ep_rew_mean      | 43.7     |
|    exploration_rate | 0.05     |
| time/               |          |
|    episodes         | 964      |
|    fps              | 114      |
|    time_elapsed     | 505      |
|    total_timesteps  | 57840    |
| train/              |          |
|    learning_rate    | 0.0001   |
|    loss             | 2.04     |
|    n_updates        | 3552     |
----------------------------------
----------------------------------
| rollout/            |          |
|    ep_len_mean      | 60       |
|    ep_rew_mean      | 43.8     |
|    exploration_rate | 0.05     |
| time/               |          |
|    episodes         | 968      |
|    fps              | 114      |
|    time_elapsed     | 507      |
|    total_timesteps  | 58080    |
| train/              |          |
|    learning_rate    | 0.0001   |
|    loss             | 1.08     |
|    n_updates        | 3567     |
----------------------------------
----------------------------------
| rollout/            |          |
|    ep_len_mean      | 60       |
|    ep_rew_mean      | 43.8     |
|    exploration_rate | 0.05     |
| time/               |          |
|    episodes         | 972      |
|    fps              | 114      |
|    time_elapsed     | 508      |
|    total_timesteps  | 58320    |
| train/              |          |
|    learning_rate    | 0.0001   |
|    loss             | 0.432    |
|    n_updates        | 3582     |
----------------------------------
----------------------------------
| rollout/            |          |
|    ep_len_mean      | 60       |
|    ep_rew_mean      | 43.9     |
|    exploration_rate | 0.05     |
| time/               |          |
|    episodes         | 976      |
|    fps              | 114      |
|    time_elapsed     | 511      |
|    total_timesteps  | 58560    |
| train/              |          |
|    learning_rate    | 0.0001   |
|    loss             | 1.21     |
|    n_updates        | 3597     |
----------------------------------
----------------------------------
| rollout/            |          |
|    ep_len_mean      | 60       |
|    ep_rew_mean      | 43.8     |
|    exploration_rate | 0.05     |
| time/               |          |
|    episodes         | 980      |
|    fps              | 114      |
|    time_elapsed     | 513      |
|    total_timesteps  | 58800    |
| train/              |          |
|    learning_rate    | 0.0001   |
|    loss             | 0.941    |
|    n_updates        | 3612     |
----------------------------------
----------------------------------
| rollout/            |          |
|    ep_len_mean      | 60       |
|    ep_rew_mean      | 43.8     |
|    exploration_rate | 0.05     |
| time/               |          |
|    episodes         | 984      |
|    fps              | 114      |
|    time_elapsed     | 515      |
|    total_timesteps  | 59040    |
| train/              |          |
|    learning_rate    | 0.0001   |
|    loss             | 0.562    |
|    n_updates        | 3627     |
----------------------------------
----------------------------------
| rollout/            |          |
|    ep_len_mean      | 60       |
|    ep_rew_mean      | 43.8     |
|    exploration_rate | 0.05     |
| time/               |          |
|    episodes         | 988      |
|    fps              | 114      |
|    time_elapsed     | 516      |
|    total_timesteps  | 59280    |
| train/              |          |
|    learning_rate    | 0.0001   |
|    loss             | 0.205    |
|    n_updates        | 3642     |
----------------------------------
----------------------------------
| rollout/            |          |
|    ep_len_mean      | 60       |
|    ep_rew_mean      | 43.8     |
|    exploration_rate | 0.05     |
| time/               |          |
|    episodes         | 992      |
|    fps              | 114      |
|    time_elapsed     | 518      |
|    total_timesteps  | 59520    |
| train/              |          |
|    learning_rate    | 0.0001   |
|    loss             | 0.156    |
|    n_updates        | 3657     |
----------------------------------
----------------------------------
| rollout/            |          |
|    ep_len_mean      | 60       |
|    ep_rew_mean      | 43.8     |
|    exploration_rate | 0.05     |
| time/               |          |
|    episodes         | 996      |
|    fps              | 114      |
|    time_elapsed     | 520      |
|    total_timesteps  | 59760    |
| train/              |          |
|    learning_rate    | 0.0001   |
|    loss             | 1.39     |
|    n_updates        | 3672     |
----------------------------------
----------------------------------
| rollout/            |          |
|    ep_len_mean      | 60       |
|    ep_rew_mean      | 43.9     |
|    exploration_rate | 0.05     |
| time/               |          |
|    episodes         | 1000     |
|    fps              | 114      |
|    time_elapsed     | 523      |
|    total_timesteps  | 60000    |
| train/              |          |
|    learning_rate    | 0.0001   |
|    loss             | 0.263    |
|    n_updates        | 3687     |
----------------------------------
----------------------------------
| rollout/            |          |
|    ep_len_mean      | 60       |
|    ep_rew_mean      | 44       |
|    exploration_rate | 0.05     |
| time/               |          |
|    episodes         | 1004     |
|    fps              | 114      |
|    time_elapsed     | 525      |
|    total_timesteps  | 60240    |
| train/              |          |
|    learning_rate    | 0.0001   |
|    loss             | 0.457    |
|    n_updates        | 3702     |
----------------------------------
----------------------------------
| rollout/            |          |
|    ep_len_mean      | 60       |
|    ep_rew_mean      | 44.1     |
|    exploration_rate | 0.05     |
| time/               |          |
|    episodes         | 1008     |
|    fps              | 114      |
|    time_elapsed     | 526      |
|    total_timesteps  | 60480    |
| train/              |          |
|    learning_rate    | 0.0001   |
|    loss             | 0.345    |
|    n_updates        | 3717     |
----------------------------------
----------------------------------
| rollout/            |          |
|    ep_len_mean      | 60       |
|    ep_rew_mean      | 44.2     |
|    exploration_rate | 0.05     |
| time/               |          |
|    episodes         | 1012     |
|    fps              | 114      |
|    time_elapsed     | 528      |
|    total_timesteps  | 60720    |
| train/              |          |
|    learning_rate    | 0.0001   |
|    loss             | 0.264    |
|    n_updates        | 3732     |
----------------------------------
----------------------------------
| rollout/            |          |
|    ep_len_mean      | 60       |
|    ep_rew_mean      | 44.1     |
|    exploration_rate | 0.05     |
| time/               |          |
|    episodes         | 1016     |
|    fps              | 114      |
|    time_elapsed     | 530      |
|    total_timesteps  | 60960    |
| train/              |          |
|    learning_rate    | 0.0001   |
|    loss             | 0.326    |
|    n_updates        | 3747     |
----------------------------------
----------------------------------
| rollout/            |          |
|    ep_len_mean      | 60       |
|    ep_rew_mean      | 44.1     |
|    exploration_rate | 0.05     |
| time/               |          |
|    episodes         | 1020     |
|    fps              | 114      |
|    time_elapsed     | 533      |
|    total_timesteps  | 61200    |
| train/              |          |
|    learning_rate    | 0.0001   |
|    loss             | 0.11     |
|    n_updates        | 3762     |
----------------------------------
----------------------------------
| rollout/            |          |
|    ep_len_mean      | 60       |
|    ep_rew_mean      | 44.1     |
|    exploration_rate | 0.05     |
| time/               |          |
|    episodes         | 1024     |
|    fps              | 114      |
|    time_elapsed     | 535      |
|    total_timesteps  | 61440    |
| train/              |          |
|    learning_rate    | 0.0001   |
|    loss             | 1.1      |
|    n_updates        | 3777     |
----------------------------------
----------------------------------
| rollout/            |          |
|    ep_len_mean      | 60       |
|    ep_rew_mean      | 44       |
|    exploration_rate | 0.05     |
| time/               |          |
|    episodes         | 1028     |
|    fps              | 114      |
|    time_elapsed     | 537      |
|    total_timesteps  | 61680    |
| train/              |          |
|    learning_rate    | 0.0001   |
|    loss             | 1.42     |
|    n_updates        | 3792     |
----------------------------------
----------------------------------
| rollout/            |          |
|    ep_len_mean      | 60       |
|    ep_rew_mean      | 44       |
|    exploration_rate | 0.05     |
| time/               |          |
|    episodes         | 1032     |
|    fps              | 114      |
|    time_elapsed     | 539      |
|    total_timesteps  | 61920    |
| train/              |          |
|    learning_rate    | 0.0001   |
|    loss             | 1.28     |
|    n_updates        | 3807     |
----------------------------------
----------------------------------
| rollout/            |          |
|    ep_len_mean      | 60       |
|    ep_rew_mean      | 44       |
|    exploration_rate | 0.05     |
| time/               |          |
|    episodes         | 1036     |
|    fps              | 114      |
|    time_elapsed     | 541      |
|    total_timesteps  | 62160    |
| train/              |          |
|    learning_rate    | 0.0001   |
|    loss             | 0.239    |
|    n_updates        | 3822     |
----------------------------------
----------------------------------
| rollout/            |          |
|    ep_len_mean      | 60       |
|    ep_rew_mean      | 44       |
|    exploration_rate | 0.05     |
| time/               |          |
|    episodes         | 1040     |
|    fps              | 114      |
|    time_elapsed     | 542      |
|    total_timesteps  | 62400    |
| train/              |          |
|    learning_rate    | 0.0001   |
|    loss             | 1.22     |
|    n_updates        | 3837     |
----------------------------------
----------------------------------
| rollout/            |          |
|    ep_len_mean      | 60       |
|    ep_rew_mean      | 44       |
|    exploration_rate | 0.05     |
| time/               |          |
|    episodes         | 1044     |
|    fps              | 115      |
|    time_elapsed     | 544      |
|    total_timesteps  | 62640    |
| train/              |          |
|    learning_rate    | 0.0001   |
|    loss             | 0.439    |
|    n_updates        | 3852     |
----------------------------------
----------------------------------
| rollout/            |          |
|    ep_len_mean      | 60       |
|    ep_rew_mean      | 44.1     |
|    exploration_rate | 0.05     |
| time/               |          |
|    episodes         | 1048     |
|    fps              | 115      |
|    time_elapsed     | 546      |
|    total_timesteps  | 62880    |
| train/              |          |
|    learning_rate    | 0.0001   |
|    loss             | 0.498    |
|    n_updates        | 3867     |
----------------------------------
----------------------------------
| rollout/            |          |
|    ep_len_mean      | 60       |
|    ep_rew_mean      | 44       |
|    exploration_rate | 0.05     |
| time/               |          |
|    episodes         | 1052     |
|    fps              | 115      |
|    time_elapsed     | 547      |
|    total_timesteps  | 63120    |
| train/              |          |
|    learning_rate    | 0.0001   |
|    loss             | 0.329    |
|    n_updates        | 3882     |
----------------------------------
----------------------------------
| rollout/            |          |
|    ep_len_mean      | 60       |
|    ep_rew_mean      | 44.1     |
|    exploration_rate | 0.05     |
| time/               |          |
|    episodes         | 1056     |
|    fps              | 115      |
|    time_elapsed     | 549      |
|    total_timesteps  | 63360    |
| train/              |          |
|    learning_rate    | 0.0001   |
|    loss             | 0.611    |
|    n_updates        | 3897     |
----------------------------------
----------------------------------
| rollout/            |          |
|    ep_len_mean      | 60       |
|    ep_rew_mean      | 44.1     |
|    exploration_rate | 0.05     |
| time/               |          |
|    episodes         | 1060     |
|    fps              | 115      |
|    time_elapsed     | 551      |
|    total_timesteps  | 63600    |
| train/              |          |
|    learning_rate    | 0.0001   |
|    loss             | 0.117    |
|    n_updates        | 3912     |
----------------------------------
----------------------------------
| rollout/            |          |
|    ep_len_mean      | 60       |
|    ep_rew_mean      | 44.1     |
|    exploration_rate | 0.05     |
| time/               |          |
|    episodes         | 1064     |
|    fps              | 115      |
|    time_elapsed     | 553      |
|    total_timesteps  | 63840    |
| train/              |          |
|    learning_rate    | 0.0001   |
|    loss             | 0.338    |
|    n_updates        | 3927     |
----------------------------------
----------------------------------
| rollout/            |          |
|    ep_len_mean      | 60       |
|    ep_rew_mean      | 44.1     |
|    exploration_rate | 0.05     |
| time/               |          |
|    episodes         | 1068     |
|    fps              | 115      |
|    time_elapsed     | 555      |
|    total_timesteps  | 64080    |
| train/              |          |
|    learning_rate    | 0.0001   |
|    loss             | 0.088    |
|    n_updates        | 3942     |
----------------------------------
----------------------------------
| rollout/            |          |
|    ep_len_mean      | 60       |
|    ep_rew_mean      | 44.2     |
|    exploration_rate | 0.05     |
| time/               |          |
|    episodes         | 1072     |
|    fps              | 115      |
|    time_elapsed     | 557      |
|    total_timesteps  | 64320    |
| train/              |          |
|    learning_rate    | 0.0001   |
|    loss             | 0.25     |
|    n_updates        | 3957     |
----------------------------------
----------------------------------
| rollout/            |          |
|    ep_len_mean      | 60       |
|    ep_rew_mean      | 44.1     |
|    exploration_rate | 0.05     |
| time/               |          |
|    episodes         | 1076     |
|    fps              | 115      |
|    time_elapsed     | 559      |
|    total_timesteps  | 64560    |
| train/              |          |
|    learning_rate    | 0.0001   |
|    loss             | 1.5      |
|    n_updates        | 3972     |
----------------------------------
----------------------------------
| rollout/            |          |
|    ep_len_mean      | 60       |
|    ep_rew_mean      | 44.2     |
|    exploration_rate | 0.05     |
| time/               |          |
|    episodes         | 1080     |
|    fps              | 115      |
|    time_elapsed     | 561      |
|    total_timesteps  | 64800    |
| train/              |          |
|    learning_rate    | 0.0001   |
|    loss             | 0.276    |
|    n_updates        | 3987     |
----------------------------------
----------------------------------
| rollout/            |          |
|    ep_len_mean      | 60       |
|    ep_rew_mean      | 44.2     |
|    exploration_rate | 0.05     |
| time/               |          |
|    episodes         | 1084     |
|    fps              | 115      |
|    time_elapsed     | 563      |
|    total_timesteps  | 65040    |
| train/              |          |
|    learning_rate    | 0.0001   |
|    loss             | 0.205    |
|    n_updates        | 4002     |
----------------------------------
----------------------------------
| rollout/            |          |
|    ep_len_mean      | 60       |
|    ep_rew_mean      | 44.3     |
|    exploration_rate | 0.05     |
| time/               |          |
|    episodes         | 1088     |
|    fps              | 115      |
|    time_elapsed     | 565      |
|    total_timesteps  | 65280    |
| train/              |          |
|    learning_rate    | 0.0001   |
|    loss             | 0.283    |
|    n_updates        | 4017     |
----------------------------------
----------------------------------
| rollout/            |          |
|    ep_len_mean      | 60       |
|    ep_rew_mean      | 44.3     |
|    exploration_rate | 0.05     |
| time/               |          |
|    episodes         | 1092     |
|    fps              | 115      |
|    time_elapsed     | 566      |
|    total_timesteps  | 65520    |
| train/              |          |
|    learning_rate    | 0.0001   |
|    loss             | 2.41     |
|    n_updates        | 4032     |
----------------------------------
----------------------------------
| rollout/            |          |
|    ep_len_mean      | 60       |
|    ep_rew_mean      | 44.3     |
|    exploration_rate | 0.05     |
| time/               |          |
|    episodes         | 1096     |
|    fps              | 115      |
|    time_elapsed     | 568      |
|    total_timesteps  | 65760    |
| train/              |          |
|    learning_rate    | 0.0001   |
|    loss             | 0.297    |
|    n_updates        | 4047     |
----------------------------------
----------------------------------
| rollout/            |          |
|    ep_len_mean      | 60       |
|    ep_rew_mean      | 44.2     |
|    exploration_rate | 0.05     |
| time/               |          |
|    episodes         | 1100     |
|    fps              | 115      |
|    time_elapsed     | 570      |
|    total_timesteps  | 66000    |
| train/              |          |
|    learning_rate    | 0.0001   |
|    loss             | 0.191    |
|    n_updates        | 4062     |
----------------------------------
----------------------------------
| rollout/            |          |
|    ep_len_mean      | 60       |
|    ep_rew_mean      | 44.2     |
|    exploration_rate | 0.05     |
| time/               |          |
|    episodes         | 1104     |
|    fps              | 115      |
|    time_elapsed     | 571      |
|    total_timesteps  | 66240    |
| train/              |          |
|    learning_rate    | 0.0001   |
|    loss             | 1.12     |
|    n_updates        | 4077     |
----------------------------------
----------------------------------
| rollout/            |          |
|    ep_len_mean      | 60       |
|    ep_rew_mean      | 44       |
|    exploration_rate | 0.05     |
| time/               |          |
|    episodes         | 1108     |
|    fps              | 115      |
|    time_elapsed     | 573      |
|    total_timesteps  | 66480    |
| train/              |          |
|    learning_rate    | 0.0001   |
|    loss             | 0.221    |
|    n_updates        | 4092     |
----------------------------------
----------------------------------
| rollout/            |          |
|    ep_len_mean      | 60       |
|    ep_rew_mean      | 44       |
|    exploration_rate | 0.05     |
| time/               |          |
|    episodes         | 1112     |
|    fps              | 115      |
|    time_elapsed     | 575      |
|    total_timesteps  | 66720    |
| train/              |          |
|    learning_rate    | 0.0001   |
|    loss             | 0.28     |
|    n_updates        | 4107     |
----------------------------------
----------------------------------
| rollout/            |          |
|    ep_len_mean      | 60       |
|    ep_rew_mean      | 44.1     |
|    exploration_rate | 0.05     |
| time/               |          |
|    episodes         | 1116     |
|    fps              | 115      |
|    time_elapsed     | 577      |
|    total_timesteps  | 66960    |
| train/              |          |
|    learning_rate    | 0.0001   |
|    loss             | 1.61     |
|    n_updates        | 4122     |
----------------------------------
----------------------------------
| rollout/            |          |
|    ep_len_mean      | 60       |
|    ep_rew_mean      | 44.1     |
|    exploration_rate | 0.05     |
| time/               |          |
|    episodes         | 1120     |
|    fps              | 116      |
|    time_elapsed     | 579      |
|    total_timesteps  | 67200    |
| train/              |          |
|    learning_rate    | 0.0001   |
|    loss             | 1.16     |
|    n_updates        | 4137     |
----------------------------------
----------------------------------
| rollout/            |          |
|    ep_len_mean      | 60       |
|    ep_rew_mean      | 44.1     |
|    exploration_rate | 0.05     |
| time/               |          |
|    episodes         | 1124     |
|    fps              | 116      |
|    time_elapsed     | 580      |
|    total_timesteps  | 67440    |
| train/              |          |
|    learning_rate    | 0.0001   |
|    loss             | 1.45     |
|    n_updates        | 4152     |
----------------------------------
----------------------------------
| rollout/            |          |
|    ep_len_mean      | 60       |
|    ep_rew_mean      | 44.2     |
|    exploration_rate | 0.05     |
| time/               |          |
|    episodes         | 1128     |
|    fps              | 116      |
|    time_elapsed     | 582      |
|    total_timesteps  | 67680    |
| train/              |          |
|    learning_rate    | 0.0001   |
|    loss             | 1.18     |
|    n_updates        | 4167     |
----------------------------------
----------------------------------
| rollout/            |          |
|    ep_len_mean      | 60       |
|    ep_rew_mean      | 44.1     |
|    exploration_rate | 0.05     |
| time/               |          |
|    episodes         | 1132     |
|    fps              | 116      |
|    time_elapsed     | 583      |
|    total_timesteps  | 67920    |
| train/              |          |
|    learning_rate    | 0.0001   |
|    loss             | 1.46     |
|    n_updates        | 4182     |
----------------------------------
----------------------------------
| rollout/            |          |
|    ep_len_mean      | 60       |
|    ep_rew_mean      | 44.1     |
|    exploration_rate | 0.05     |
| time/               |          |
|    episodes         | 1136     |
|    fps              | 116      |
|    time_elapsed     | 585      |
|    total_timesteps  | 68160    |
| train/              |          |
|    learning_rate    | 0.0001   |
|    loss             | 1.19     |
|    n_updates        | 4197     |
----------------------------------
----------------------------------
| rollout/            |          |
|    ep_len_mean      | 60       |
|    ep_rew_mean      | 44.1     |
|    exploration_rate | 0.05     |
| time/               |          |
|    episodes         | 1140     |
|    fps              | 116      |
|    time_elapsed     | 587      |
|    total_timesteps  | 68400    |
| train/              |          |
|    learning_rate    | 0.0001   |
|    loss             | 2.34     |
|    n_updates        | 4212     |
----------------------------------
----------------------------------
| rollout/            |          |
|    ep_len_mean      | 60       |
|    ep_rew_mean      | 44.3     |
|    exploration_rate | 0.05     |
| time/               |          |
|    episodes         | 1144     |
|    fps              | 116      |
|    time_elapsed     | 588      |
|    total_timesteps  | 68640    |
| train/              |          |
|    learning_rate    | 0.0001   |
|    loss             | 1.12     |
|    n_updates        | 4227     |
----------------------------------
----------------------------------
| rollout/            |          |
|    ep_len_mean      | 60       |
|    ep_rew_mean      | 44.3     |
|    exploration_rate | 0.05     |
| time/               |          |
|    episodes         | 1148     |
|    fps              | 116      |
|    time_elapsed     | 590      |
|    total_timesteps  | 68880    |
| train/              |          |
|    learning_rate    | 0.0001   |
|    loss             | 0.174    |
|    n_updates        | 4242     |
----------------------------------
----------------------------------
| rollout/            |          |
|    ep_len_mean      | 60       |
|    ep_rew_mean      | 44.4     |
|    exploration_rate | 0.05     |
| time/               |          |
|    episodes         | 1152     |
|    fps              | 116      |
|    time_elapsed     | 592      |
|    total_timesteps  | 69120    |
| train/              |          |
|    learning_rate    | 0.0001   |
|    loss             | 1.46     |
|    n_updates        | 4257     |
----------------------------------
----------------------------------
| rollout/            |          |
|    ep_len_mean      | 60       |
|    ep_rew_mean      | 44.5     |
|    exploration_rate | 0.05     |
| time/               |          |
|    episodes         | 1156     |
|    fps              | 116      |
|    time_elapsed     | 594      |
|    total_timesteps  | 69360    |
| train/              |          |
|    learning_rate    | 0.0001   |
|    loss             | 0.116    |
|    n_updates        | 4272     |
----------------------------------
----------------------------------
| rollout/            |          |
|    ep_len_mean      | 60       |
|    ep_rew_mean      | 44.5     |
|    exploration_rate | 0.05     |
| time/               |          |
|    episodes         | 1160     |
|    fps              | 116      |
|    time_elapsed     | 596      |
|    total_timesteps  | 69600    |
| train/              |          |
|    learning_rate    | 0.0001   |
|    loss             | 0.629    |
|    n_updates        | 4287     |
----------------------------------
----------------------------------
| rollout/            |          |
|    ep_len_mean      | 60       |
|    ep_rew_mean      | 44.6     |
|    exploration_rate | 0.05     |
| time/               |          |
|    episodes         | 1164     |
|    fps              | 116      |
|    time_elapsed     | 598      |
|    total_timesteps  | 69840    |
| train/              |          |
|    learning_rate    | 0.0001   |
|    loss             | 0.358    |
|    n_updates        | 4302     |
----------------------------------
----------------------------------
| rollout/            |          |
|    ep_len_mean      | 60       |
|    ep_rew_mean      | 44.5     |
|    exploration_rate | 0.05     |
| time/               |          |
|    episodes         | 1168     |
|    fps              | 116      |
|    time_elapsed     | 600      |
|    total_timesteps  | 70080    |
| train/              |          |
|    learning_rate    | 0.0001   |
|    loss             | 2.68     |
|    n_updates        | 4317     |
----------------------------------
----------------------------------
| rollout/            |          |
|    ep_len_mean      | 60       |
|    ep_rew_mean      | 44.3     |
|    exploration_rate | 0.05     |
| time/               |          |
|    episodes         | 1172     |
|    fps              | 116      |
|    time_elapsed     | 601      |
|    total_timesteps  | 70320    |
| train/              |          |
|    learning_rate    | 0.0001   |
|    loss             | 0.433    |
|    n_updates        | 4332     |
----------------------------------
----------------------------------
| rollout/            |          |
|    ep_len_mean      | 60       |
|    ep_rew_mean      | 44.2     |
|    exploration_rate | 0.05     |
| time/               |          |
|    episodes         | 1176     |
|    fps              | 116      |
|    time_elapsed     | 603      |
|    total_timesteps  | 70560    |
| train/              |          |
|    learning_rate    | 0.0001   |
|    loss             | 0.445    |
|    n_updates        | 4347     |
----------------------------------
----------------------------------
| rollout/            |          |
|    ep_len_mean      | 60       |
|    ep_rew_mean      | 44.2     |
|    exploration_rate | 0.05     |
| time/               |          |
|    episodes         | 1180     |
|    fps              | 117      |
|    time_elapsed     | 604      |
|    total_timesteps  | 70800    |
| train/              |          |
|    learning_rate    | 0.0001   |
|    loss             | 1.11     |
|    n_updates        | 4362     |
----------------------------------
----------------------------------
| rollout/            |          |
|    ep_len_mean      | 60       |
|    ep_rew_mean      | 44.1     |
|    exploration_rate | 0.05     |
| time/               |          |
|    episodes         | 1184     |
|    fps              | 117      |
|    time_elapsed     | 606      |
|    total_timesteps  | 71040    |
| train/              |          |
|    learning_rate    | 0.0001   |
|    loss             | 0.264    |
|    n_updates        | 4377     |
----------------------------------
----------------------------------
| rollout/            |          |
|    ep_len_mean      | 60       |
|    ep_rew_mean      | 44       |
|    exploration_rate | 0.05     |
| time/               |          |
|    episodes         | 1188     |
|    fps              | 117      |
|    time_elapsed     | 608      |
|    total_timesteps  | 71280    |
| train/              |          |
|    learning_rate    | 0.0001   |
|    loss             | 0.487    |
|    n_updates        | 4392     |
----------------------------------
----------------------------------
| rollout/            |          |
|    ep_len_mean      | 60       |
|    ep_rew_mean      | 44.1     |
|    exploration_rate | 0.05     |
| time/               |          |
|    episodes         | 1192     |
|    fps              | 117      |
|    time_elapsed     | 610      |
|    total_timesteps  | 71520    |
| train/              |          |
|    learning_rate    | 0.0001   |
|    loss             | 1.28     |
|    n_updates        | 4407     |
----------------------------------
----------------------------------
| rollout/            |          |
|    ep_len_mean      | 60       |
|    ep_rew_mean      | 44.2     |
|    exploration_rate | 0.05     |
| time/               |          |
|    episodes         | 1196     |
|    fps              | 117      |
|    time_elapsed     | 611      |
|    total_timesteps  | 71760    |
| train/              |          |
|    learning_rate    | 0.0001   |
|    loss             | 0.4      |
|    n_updates        | 4422     |
----------------------------------
----------------------------------
| rollout/            |          |
|    ep_len_mean      | 60       |
|    ep_rew_mean      | 44.2     |
|    exploration_rate | 0.05     |
| time/               |          |
|    episodes         | 1200     |
|    fps              | 117      |
|    time_elapsed     | 613      |
|    total_timesteps  | 72000    |
| train/              |          |
|    learning_rate    | 0.0001   |
|    loss             | 1.21     |
|    n_updates        | 4437     |
----------------------------------
----------------------------------
| rollout/            |          |
|    ep_len_mean      | 60       |
|    ep_rew_mean      | 44.1     |
|    exploration_rate | 0.05     |
| time/               |          |
|    episodes         | 1204     |
|    fps              | 117      |
|    time_elapsed     | 615      |
|    total_timesteps  | 72240    |
| train/              |          |
|    learning_rate    | 0.0001   |
|    loss             | 0.226    |
|    n_updates        | 4452     |
----------------------------------
----------------------------------
| rollout/            |          |
|    ep_len_mean      | 60       |
|    ep_rew_mean      | 44.3     |
|    exploration_rate | 0.05     |
| time/               |          |
|    episodes         | 1208     |
|    fps              | 117      |
|    time_elapsed     | 617      |
|    total_timesteps  | 72480    |
| train/              |          |
|    learning_rate    | 0.0001   |
|    loss             | 0.18     |
|    n_updates        | 4467     |
----------------------------------
----------------------------------
| rollout/            |          |
|    ep_len_mean      | 60       |
|    ep_rew_mean      | 44.2     |
|    exploration_rate | 0.05     |
| time/               |          |
|    episodes         | 1212     |
|    fps              | 117      |
|    time_elapsed     | 619      |
|    total_timesteps  | 72720    |
| train/              |          |
|    learning_rate    | 0.0001   |
|    loss             | 0.34     |
|    n_updates        | 4482     |
----------------------------------
----------------------------------
| rollout/            |          |
|    ep_len_mean      | 60       |
|    ep_rew_mean      | 44.2     |
|    exploration_rate | 0.05     |
| time/               |          |
|    episodes         | 1216     |
|    fps              | 117      |
|    time_elapsed     | 621      |
|    total_timesteps  | 72960    |
| train/              |          |
|    learning_rate    | 0.0001   |
|    loss             | 1.27     |
|    n_updates        | 4497     |
----------------------------------
----------------------------------
| rollout/            |          |
|    ep_len_mean      | 60       |
|    ep_rew_mean      | 44.2     |
|    exploration_rate | 0.05     |
| time/               |          |
|    episodes         | 1220     |
|    fps              | 117      |
|    time_elapsed     | 622      |
|    total_timesteps  | 73200    |
| train/              |          |
|    learning_rate    | 0.0001   |
|    loss             | 1.23     |
|    n_updates        | 4512     |
----------------------------------
----------------------------------
| rollout/            |          |
|    ep_len_mean      | 60       |
|    ep_rew_mean      | 44.2     |
|    exploration_rate | 0.05     |
| time/               |          |
|    episodes         | 1224     |
|    fps              | 117      |
|    time_elapsed     | 624      |
|    total_timesteps  | 73440    |
| train/              |          |
|    learning_rate    | 0.0001   |
|    loss             | 1.67     |
|    n_updates        | 4527     |
----------------------------------
----------------------------------
| rollout/            |          |
|    ep_len_mean      | 60       |
|    ep_rew_mean      | 44.4     |
|    exploration_rate | 0.05     |
| time/               |          |
|    episodes         | 1228     |
|    fps              | 117      |
|    time_elapsed     | 626      |
|    total_timesteps  | 73680    |
| train/              |          |
|    learning_rate    | 0.0001   |
|    loss             | 1.55     |
|    n_updates        | 4542     |
----------------------------------
----------------------------------
| rollout/            |          |
|    ep_len_mean      | 60       |
|    ep_rew_mean      | 44.4     |
|    exploration_rate | 0.05     |
| time/               |          |
|    episodes         | 1232     |
|    fps              | 117      |
|    time_elapsed     | 628      |
|    total_timesteps  | 73920    |
| train/              |          |
|    learning_rate    | 0.0001   |
|    loss             | 0.279    |
|    n_updates        | 4557     |
----------------------------------
----------------------------------
| rollout/            |          |
|    ep_len_mean      | 60       |
|    ep_rew_mean      | 44.4     |
|    exploration_rate | 0.05     |
| time/               |          |
|    episodes         | 1236     |
|    fps              | 117      |
|    time_elapsed     | 629      |
|    total_timesteps  | 74160    |
| train/              |          |
|    learning_rate    | 0.0001   |
|    loss             | 0.252    |
|    n_updates        | 4572     |
----------------------------------
----------------------------------
| rollout/            |          |
|    ep_len_mean      | 60       |
|    ep_rew_mean      | 44.4     |
|    exploration_rate | 0.05     |
| time/               |          |
|    episodes         | 1240     |
|    fps              | 117      |
|    time_elapsed     | 631      |
|    total_timesteps  | 74400    |
| train/              |          |
|    learning_rate    | 0.0001   |
|    loss             | 2.62     |
|    n_updates        | 4587     |
----------------------------------
----------------------------------
| rollout/            |          |
|    ep_len_mean      | 60       |
|    ep_rew_mean      | 44.2     |
|    exploration_rate | 0.05     |
| time/               |          |
|    episodes         | 1244     |
|    fps              | 117      |
|    time_elapsed     | 632      |
|    total_timesteps  | 74640    |
| train/              |          |
|    learning_rate    | 0.0001   |
|    loss             | 1.41     |
|    n_updates        | 4602     |
----------------------------------
----------------------------------
| rollout/            |          |
|    ep_len_mean      | 60       |
|    ep_rew_mean      | 44.2     |
|    exploration_rate | 0.05     |
| time/               |          |
|    episodes         | 1248     |
|    fps              | 117      |
|    time_elapsed     | 635      |
|    total_timesteps  | 74880    |
| train/              |          |
|    learning_rate    | 0.0001   |
|    loss             | 1.37     |
|    n_updates        | 4617     |
----------------------------------
----------------------------------
| rollout/            |          |
|    ep_len_mean      | 60       |
|    ep_rew_mean      | 44.3     |
|    exploration_rate | 0.05     |
| time/               |          |
|    episodes         | 1252     |
|    fps              | 117      |
|    time_elapsed     | 637      |
|    total_timesteps  | 75120    |
| train/              |          |
|    learning_rate    | 0.0001   |
|    loss             | 0.461    |
|    n_updates        | 4632     |
----------------------------------
----------------------------------
| rollout/            |          |
|    ep_len_mean      | 60       |
|    ep_rew_mean      | 44.2     |
|    exploration_rate | 0.05     |
| time/               |          |
|    episodes         | 1256     |
|    fps              | 117      |
|    time_elapsed     | 639      |
|    total_timesteps  | 75360    |
| train/              |          |
|    learning_rate    | 0.0001   |
|    loss             | 0.237    |
|    n_updates        | 4647     |
----------------------------------
----------------------------------
| rollout/            |          |
|    ep_len_mean      | 60       |
|    ep_rew_mean      | 44.2     |
|    exploration_rate | 0.05     |
| time/               |          |
|    episodes         | 1260     |
|    fps              | 117      |
|    time_elapsed     | 641      |
|    total_timesteps  | 75600    |
| train/              |          |
|    learning_rate    | 0.0001   |
|    loss             | 1.25     |
|    n_updates        | 4662     |
----------------------------------
----------------------------------
| rollout/            |          |
|    ep_len_mean      | 60       |
|    ep_rew_mean      | 44.2     |
|    exploration_rate | 0.05     |
| time/               |          |
|    episodes         | 1264     |
|    fps              | 117      |
|    time_elapsed     | 642      |
|    total_timesteps  | 75840    |
| train/              |          |
|    learning_rate    | 0.0001   |
|    loss             | 1.37     |
|    n_updates        | 4677     |
----------------------------------
----------------------------------
| rollout/            |          |
|    ep_len_mean      | 60       |
|    ep_rew_mean      | 44.2     |
|    exploration_rate | 0.05     |
| time/               |          |
|    episodes         | 1268     |
|    fps              | 118      |
|    time_elapsed     | 644      |
|    total_timesteps  | 76080    |
| train/              |          |
|    learning_rate    | 0.0001   |
|    loss             | 1.37     |
|    n_updates        | 4692     |
----------------------------------
----------------------------------
| rollout/            |          |
|    ep_len_mean      | 60       |
|    ep_rew_mean      | 44.1     |
|    exploration_rate | 0.05     |
| time/               |          |
|    episodes         | 1272     |
|    fps              | 118      |
|    time_elapsed     | 646      |
|    total_timesteps  | 76320    |
| train/              |          |
|    learning_rate    | 0.0001   |
|    loss             | 0.139    |
|    n_updates        | 4707     |
----------------------------------
----------------------------------
| rollout/            |          |
|    ep_len_mean      | 60       |
|    ep_rew_mean      | 44.2     |
|    exploration_rate | 0.05     |
| time/               |          |
|    episodes         | 1276     |
|    fps              | 118      |
|    time_elapsed     | 647      |
|    total_timesteps  | 76560    |
| train/              |          |
|    learning_rate    | 0.0001   |
|    loss             | 0.123    |
|    n_updates        | 4722     |
----------------------------------
----------------------------------
| rollout/            |          |
|    ep_len_mean      | 60       |
|    ep_rew_mean      | 44.3     |
|    exploration_rate | 0.05     |
| time/               |          |
|    episodes         | 1280     |
|    fps              | 118      |
|    time_elapsed     | 649      |
|    total_timesteps  | 76800    |
| train/              |          |
|    learning_rate    | 0.0001   |
|    loss             | 2.52     |
|    n_updates        | 4737     |
----------------------------------
----------------------------------
| rollout/            |          |
|    ep_len_mean      | 60       |
|    ep_rew_mean      | 44.5     |
|    exploration_rate | 0.05     |
| time/               |          |
|    episodes         | 1284     |
|    fps              | 118      |
|    time_elapsed     | 651      |
|    total_timesteps  | 77040    |
| train/              |          |
|    learning_rate    | 0.0001   |
|    loss             | 2.49     |
|    n_updates        | 4752     |
----------------------------------
----------------------------------
| rollout/            |          |
|    ep_len_mean      | 60       |
|    ep_rew_mean      | 44.6     |
|    exploration_rate | 0.05     |
| time/               |          |
|    episodes         | 1288     |
|    fps              | 118      |
|    time_elapsed     | 652      |
|    total_timesteps  | 77280    |
| train/              |          |
|    learning_rate    | 0.0001   |
|    loss             | 1.43     |
|    n_updates        | 4767     |
----------------------------------
----------------------------------
| rollout/            |          |
|    ep_len_mean      | 60       |
|    ep_rew_mean      | 44.4     |
|    exploration_rate | 0.05     |
| time/               |          |
|    episodes         | 1292     |
|    fps              | 118      |
|    time_elapsed     | 654      |
|    total_timesteps  | 77520    |
| train/              |          |
|    learning_rate    | 0.0001   |
|    loss             | 2.58     |
|    n_updates        | 4782     |
----------------------------------
----------------------------------
| rollout/            |          |
|    ep_len_mean      | 60       |
|    ep_rew_mean      | 44.5     |
|    exploration_rate | 0.05     |
| time/               |          |
|    episodes         | 1296     |
|    fps              | 118      |
|    time_elapsed     | 656      |
|    total_timesteps  | 77760    |
| train/              |          |
|    learning_rate    | 0.0001   |
|    loss             | 0.255    |
|    n_updates        | 4797     |
----------------------------------
----------------------------------
| rollout/            |          |
|    ep_len_mean      | 60       |
|    ep_rew_mean      | 44.5     |
|    exploration_rate | 0.05     |
| time/               |          |
|    episodes         | 1300     |
|    fps              | 118      |
|    time_elapsed     | 658      |
|    total_timesteps  | 78000    |
| train/              |          |
|    learning_rate    | 0.0001   |
|    loss             | 0.177    |
|    n_updates        | 4812     |
----------------------------------
----------------------------------
| rollout/            |          |
|    ep_len_mean      | 60       |
|    ep_rew_mean      | 44.5     |
|    exploration_rate | 0.05     |
| time/               |          |
|    episodes         | 1304     |
|    fps              | 118      |
|    time_elapsed     | 660      |
|    total_timesteps  | 78240    |
| train/              |          |
|    learning_rate    | 0.0001   |
|    loss             | 0.32     |
|    n_updates        | 4827     |
----------------------------------
----------------------------------
| rollout/            |          |
|    ep_len_mean      | 60       |
|    ep_rew_mean      | 44.4     |
|    exploration_rate | 0.05     |
| time/               |          |
|    episodes         | 1308     |
|    fps              | 118      |
|    time_elapsed     | 662      |
|    total_timesteps  | 78480    |
| train/              |          |
|    learning_rate    | 0.0001   |
|    loss             | 1.23     |
|    n_updates        | 4842     |
----------------------------------
----------------------------------
| rollout/            |          |
|    ep_len_mean      | 60       |
|    ep_rew_mean      | 44.4     |
|    exploration_rate | 0.05     |
| time/               |          |
|    episodes         | 1312     |
|    fps              | 118      |
|    time_elapsed     | 664      |
|    total_timesteps  | 78720    |
| train/              |          |
|    learning_rate    | 0.0001   |
|    loss             | 3.71     |
|    n_updates        | 4857     |
----------------------------------
----------------------------------
| rollout/            |          |
|    ep_len_mean      | 60       |
|    ep_rew_mean      | 44.4     |
|    exploration_rate | 0.05     |
| time/               |          |
|    episodes         | 1316     |
|    fps              | 118      |
|    time_elapsed     | 665      |
|    total_timesteps  | 78960    |
| train/              |          |
|    learning_rate    | 0.0001   |
|    loss             | 0.0403   |
|    n_updates        | 4872     |
----------------------------------
----------------------------------
| rollout/            |          |
|    ep_len_mean      | 60       |
|    ep_rew_mean      | 44.5     |
|    exploration_rate | 0.05     |
| time/               |          |
|    episodes         | 1320     |
|    fps              | 118      |
|    time_elapsed     | 667      |
|    total_timesteps  | 79200    |
| train/              |          |
|    learning_rate    | 0.0001   |
|    loss             | 0.153    |
|    n_updates        | 4887     |
----------------------------------
----------------------------------
| rollout/            |          |
|    ep_len_mean      | 60       |
|    ep_rew_mean      | 44.6     |
|    exploration_rate | 0.05     |
| time/               |          |
|    episodes         | 1324     |
|    fps              | 118      |
|    time_elapsed     | 669      |
|    total_timesteps  | 79440    |
| train/              |          |
|    learning_rate    | 0.0001   |
|    loss             | 0.171    |
|    n_updates        | 4902     |
----------------------------------
----------------------------------
| rollout/            |          |
|    ep_len_mean      | 60       |
|    ep_rew_mean      | 44.6     |
|    exploration_rate | 0.05     |
| time/               |          |
|    episodes         | 1328     |
|    fps              | 118      |
|    time_elapsed     | 670      |
|    total_timesteps  | 79680    |
| train/              |          |
|    learning_rate    | 0.0001   |
|    loss             | 1.44     |
|    n_updates        | 4917     |
----------------------------------
----------------------------------
| rollout/            |          |
|    ep_len_mean      | 60       |
|    ep_rew_mean      | 44.7     |
|    exploration_rate | 0.05     |
| time/               |          |
|    episodes         | 1332     |
|    fps              | 118      |
|    time_elapsed     | 672      |
|    total_timesteps  | 79920    |
| train/              |          |
|    learning_rate    | 0.0001   |
|    loss             | 2.41     |
|    n_updates        | 4932     |
----------------------------------
----------------------------------
| rollout/            |          |
|    ep_len_mean      | 60       |
|    ep_rew_mean      | 44.7     |
|    exploration_rate | 0.05     |
| time/               |          |
|    episodes         | 1336     |
|    fps              | 118      |
|    time_elapsed     | 674      |
|    total_timesteps  | 80160    |
| train/              |          |
|    learning_rate    | 0.0001   |
|    loss             | 1.51     |
|    n_updates        | 4947     |
----------------------------------
----------------------------------
| rollout/            |          |
|    ep_len_mean      | 60       |
|    ep_rew_mean      | 44.8     |
|    exploration_rate | 0.05     |
| time/               |          |
|    episodes         | 1340     |
|    fps              | 118      |
|    time_elapsed     | 675      |
|    total_timesteps  | 80400    |
| train/              |          |
|    learning_rate    | 0.0001   |
|    loss             | 0.261    |
|    n_updates        | 4962     |
----------------------------------
----------------------------------
| rollout/            |          |
|    ep_len_mean      | 60       |
|    ep_rew_mean      | 44.9     |
|    exploration_rate | 0.05     |
| time/               |          |
|    episodes         | 1344     |
|    fps              | 119      |
|    time_elapsed     | 677      |
|    total_timesteps  | 80640    |
| train/              |          |
|    learning_rate    | 0.0001   |
|    loss             | 0.13     |
|    n_updates        | 4977     |
----------------------------------
----------------------------------
| rollout/            |          |
|    ep_len_mean      | 60       |
|    ep_rew_mean      | 44.9     |
|    exploration_rate | 0.05     |
| time/               |          |
|    episodes         | 1348     |
|    fps              | 119      |
|    time_elapsed     | 679      |
|    total_timesteps  | 80880    |
| train/              |          |
|    learning_rate    | 0.0001   |
|    loss             | 0.125    |
|    n_updates        | 4992     |
----------------------------------
----------------------------------
| rollout/            |          |
|    ep_len_mean      | 60       |
|    ep_rew_mean      | 44.8     |
|    exploration_rate | 0.05     |
| time/               |          |
|    episodes         | 1352     |
|    fps              | 119      |
|    time_elapsed     | 680      |
|    total_timesteps  | 81120    |
| train/              |          |
|    learning_rate    | 0.0001   |
|    loss             | 0.0912   |
|    n_updates        | 5007     |
----------------------------------
----------------------------------
| rollout/            |          |
|    ep_len_mean      | 60       |
|    ep_rew_mean      | 44.8     |
|    exploration_rate | 0.05     |
| time/               |          |
|    episodes         | 1356     |
|    fps              | 119      |
|    time_elapsed     | 682      |
|    total_timesteps  | 81360    |
| train/              |          |
|    learning_rate    | 0.0001   |
|    loss             | 0.141    |
|    n_updates        | 5022     |
----------------------------------
----------------------------------
| rollout/            |          |
|    ep_len_mean      | 60       |
|    ep_rew_mean      | 44.8     |
|    exploration_rate | 0.05     |
| time/               |          |
|    episodes         | 1360     |
|    fps              | 119      |
|    time_elapsed     | 684      |
|    total_timesteps  | 81600    |
| train/              |          |
|    learning_rate    | 0.0001   |
|    loss             | 0.383    |
|    n_updates        | 5037     |
----------------------------------
----------------------------------
| rollout/            |          |
|    ep_len_mean      | 60       |
|    ep_rew_mean      | 44.8     |
|    exploration_rate | 0.05     |
| time/               |          |
|    episodes         | 1364     |
|    fps              | 119      |
|    time_elapsed     | 685      |
|    total_timesteps  | 81840    |
| train/              |          |
|    learning_rate    | 0.0001   |
|    loss             | 0.15     |
|    n_updates        | 5052     |
----------------------------------
----------------------------------
| rollout/            |          |
|    ep_len_mean      | 60       |
|    ep_rew_mean      | 44.9     |
|    exploration_rate | 0.05     |
| time/               |          |
|    episodes         | 1368     |
|    fps              | 119      |
|    time_elapsed     | 687      |
|    total_timesteps  | 82080    |
| train/              |          |
|    learning_rate    | 0.0001   |
|    loss             | 0.0637   |
|    n_updates        | 5067     |
----------------------------------
----------------------------------
| rollout/            |          |
|    ep_len_mean      | 60       |
|    ep_rew_mean      | 45       |
|    exploration_rate | 0.05     |
| time/               |          |
|    episodes         | 1372     |
|    fps              | 119      |
|    time_elapsed     | 689      |
|    total_timesteps  | 82320    |
| train/              |          |
|    learning_rate    | 0.0001   |
|    loss             | 1.55     |
|    n_updates        | 5082     |
----------------------------------
----------------------------------
| rollout/            |          |
|    ep_len_mean      | 60       |
|    ep_rew_mean      | 45       |
|    exploration_rate | 0.05     |
| time/               |          |
|    episodes         | 1376     |
|    fps              | 119      |
|    time_elapsed     | 690      |
|    total_timesteps  | 82560    |
| train/              |          |
|    learning_rate    | 0.0001   |
|    loss             | 0.382    |
|    n_updates        | 5097     |
----------------------------------
----------------------------------
| rollout/            |          |
|    ep_len_mean      | 60       |
|    ep_rew_mean      | 45       |
|    exploration_rate | 0.05     |
| time/               |          |
|    episodes         | 1380     |
|    fps              | 119      |
|    time_elapsed     | 692      |
|    total_timesteps  | 82800    |
| train/              |          |
|    learning_rate    | 0.0001   |
|    loss             | 0.219    |
|    n_updates        | 5112     |
----------------------------------
----------------------------------
| rollout/            |          |
|    ep_len_mean      | 60       |
|    ep_rew_mean      | 45.1     |
|    exploration_rate | 0.05     |
| time/               |          |
|    episodes         | 1384     |
|    fps              | 119      |
|    time_elapsed     | 693      |
|    total_timesteps  | 83040    |
| train/              |          |
|    learning_rate    | 0.0001   |
|    loss             | 1.57     |
|    n_updates        | 5127     |
----------------------------------
----------------------------------
| rollout/            |          |
|    ep_len_mean      | 60       |
|    ep_rew_mean      | 45.2     |
|    exploration_rate | 0.05     |
| time/               |          |
|    episodes         | 1388     |
|    fps              | 119      |
|    time_elapsed     | 695      |
|    total_timesteps  | 83280    |
| train/              |          |
|    learning_rate    | 0.0001   |
|    loss             | 0.376    |
|    n_updates        | 5142     |
----------------------------------
----------------------------------
| rollout/            |          |
|    ep_len_mean      | 60       |
|    ep_rew_mean      | 45.1     |
|    exploration_rate | 0.05     |
| time/               |          |
|    episodes         | 1392     |
|    fps              | 119      |
|    time_elapsed     | 697      |
|    total_timesteps  | 83520    |
| train/              |          |
|    learning_rate    | 0.0001   |
|    loss             | 0.265    |
|    n_updates        | 5157     |
----------------------------------
----------------------------------
| rollout/            |          |
|    ep_len_mean      | 60       |
|    ep_rew_mean      | 45.1     |
|    exploration_rate | 0.05     |
| time/               |          |
|    episodes         | 1396     |
|    fps              | 119      |
|    time_elapsed     | 699      |
|    total_timesteps  | 83760    |
| train/              |          |
|    learning_rate    | 0.0001   |
|    loss             | 0.0463   |
|    n_updates        | 5172     |
----------------------------------
----------------------------------
| rollout/            |          |
|    ep_len_mean      | 60       |
|    ep_rew_mean      | 45.2     |
|    exploration_rate | 0.05     |
| time/               |          |
|    episodes         | 1400     |
|    fps              | 119      |
|    time_elapsed     | 701      |
|    total_timesteps  | 84000    |
| train/              |          |
|    learning_rate    | 0.0001   |
|    loss             | 0.536    |
|    n_updates        | 5187     |
----------------------------------
----------------------------------
| rollout/            |          |
|    ep_len_mean      | 60       |
|    ep_rew_mean      | 45.3     |
|    exploration_rate | 0.05     |
| time/               |          |
|    episodes         | 1404     |
|    fps              | 119      |
|    time_elapsed     | 703      |
|    total_timesteps  | 84240    |
| train/              |          |
|    learning_rate    | 0.0001   |
|    loss             | 1.45     |
|    n_updates        | 5202     |
----------------------------------
----------------------------------
| rollout/            |          |
|    ep_len_mean      | 60       |
|    ep_rew_mean      | 45.3     |
|    exploration_rate | 0.05     |
| time/               |          |
|    episodes         | 1408     |
|    fps              | 119      |
|    time_elapsed     | 705      |
|    total_timesteps  | 84480    |
| train/              |          |
|    learning_rate    | 0.0001   |
|    loss             | 1.56     |
|    n_updates        | 5217     |
----------------------------------
----------------------------------
| rollout/            |          |
|    ep_len_mean      | 60       |
|    ep_rew_mean      | 45.2     |
|    exploration_rate | 0.05     |
| time/               |          |
|    episodes         | 1412     |
|    fps              | 119      |
|    time_elapsed     | 706      |
|    total_timesteps  | 84720    |
| train/              |          |
|    learning_rate    | 0.0001   |
|    loss             | 0.185    |
|    n_updates        | 5232     |
----------------------------------
----------------------------------
| rollout/            |          |
|    ep_len_mean      | 60       |
|    ep_rew_mean      | 45.1     |
|    exploration_rate | 0.05     |
| time/               |          |
|    episodes         | 1416     |
|    fps              | 119      |
|    time_elapsed     | 708      |
|    total_timesteps  | 84960    |
| train/              |          |
|    learning_rate    | 0.0001   |
|    loss             | 0.343    |
|    n_updates        | 5247     |
----------------------------------
----------------------------------
| rollout/            |          |
|    ep_len_mean      | 60       |
|    ep_rew_mean      | 45.1     |
|    exploration_rate | 0.05     |
| time/               |          |
|    episodes         | 1420     |
|    fps              | 119      |
|    time_elapsed     | 710      |
|    total_timesteps  | 85200    |
| train/              |          |
|    learning_rate    | 0.0001   |
|    loss             | 0.159    |
|    n_updates        | 5262     |
----------------------------------
----------------------------------
| rollout/            |          |
|    ep_len_mean      | 60       |
|    ep_rew_mean      | 44.9     |
|    exploration_rate | 0.05     |
| time/               |          |
|    episodes         | 1424     |
|    fps              | 119      |
|    time_elapsed     | 712      |
|    total_timesteps  | 85440    |
| train/              |          |
|    learning_rate    | 0.0001   |
|    loss             | 0.187    |
|    n_updates        | 5277     |
----------------------------------
----------------------------------
| rollout/            |          |
|    ep_len_mean      | 60       |
|    ep_rew_mean      | 44.8     |
|    exploration_rate | 0.05     |
| time/               |          |
|    episodes         | 1428     |
|    fps              | 120      |
|    time_elapsed     | 713      |
|    total_timesteps  | 85680    |
| train/              |          |
|    learning_rate    | 0.0001   |
|    loss             | 1.46     |
|    n_updates        | 5292     |
----------------------------------
----------------------------------
| rollout/            |          |
|    ep_len_mean      | 60       |
|    ep_rew_mean      | 44.6     |
|    exploration_rate | 0.05     |
| time/               |          |
|    episodes         | 1432     |
|    fps              | 120      |
|    time_elapsed     | 715      |
|    total_timesteps  | 85920    |
| train/              |          |
|    learning_rate    | 0.0001   |
|    loss             | 0.114    |
|    n_updates        | 5307     |
----------------------------------
----------------------------------
| rollout/            |          |
|    ep_len_mean      | 60       |
|    ep_rew_mean      | 44.7     |
|    exploration_rate | 0.05     |
| time/               |          |
|    episodes         | 1436     |
|    fps              | 120      |
|    time_elapsed     | 717      |
|    total_timesteps  | 86160    |
| train/              |          |
|    learning_rate    | 0.0001   |
|    loss             | 0.256    |
|    n_updates        | 5322     |
----------------------------------
----------------------------------
| rollout/            |          |
|    ep_len_mean      | 60       |
|    ep_rew_mean      | 44.7     |
|    exploration_rate | 0.05     |
| time/               |          |
|    episodes         | 1440     |
|    fps              | 120      |
|    time_elapsed     | 719      |
|    total_timesteps  | 86400    |
| train/              |          |
|    learning_rate    | 0.0001   |
|    loss             | 1.45     |
|    n_updates        | 5337     |
----------------------------------
----------------------------------
| rollout/            |          |
|    ep_len_mean      | 60       |
|    ep_rew_mean      | 44.7     |
|    exploration_rate | 0.05     |
| time/               |          |
|    episodes         | 1444     |
|    fps              | 120      |
|    time_elapsed     | 721      |
|    total_timesteps  | 86640    |
| train/              |          |
|    learning_rate    | 0.0001   |
|    loss             | 0.285    |
|    n_updates        | 5352     |
----------------------------------
----------------------------------
| rollout/            |          |
|    ep_len_mean      | 60       |
|    ep_rew_mean      | 44.5     |
|    exploration_rate | 0.05     |
| time/               |          |
|    episodes         | 1448     |
|    fps              | 120      |
|    time_elapsed     | 723      |
|    total_timesteps  | 86880    |
| train/              |          |
|    learning_rate    | 0.0001   |
|    loss             | 0.244    |
|    n_updates        | 5367     |
----------------------------------
----------------------------------
| rollout/            |          |
|    ep_len_mean      | 60       |
|    ep_rew_mean      | 44.6     |
|    exploration_rate | 0.05     |
| time/               |          |
|    episodes         | 1452     |
|    fps              | 120      |
|    time_elapsed     | 725      |
|    total_timesteps  | 87120    |
| train/              |          |
|    learning_rate    | 0.0001   |
|    loss             | 0.0877   |
|    n_updates        | 5382     |
----------------------------------
----------------------------------
| rollout/            |          |
|    ep_len_mean      | 60       |
|    ep_rew_mean      | 44.4     |
|    exploration_rate | 0.05     |
| time/               |          |
|    episodes         | 1456     |
|    fps              | 120      |
|    time_elapsed     | 727      |
|    total_timesteps  | 87360    |
| train/              |          |
|    learning_rate    | 0.0001   |
|    loss             | 0.111    |
|    n_updates        | 5397     |
----------------------------------
----------------------------------
| rollout/            |          |
|    ep_len_mean      | 60       |
|    ep_rew_mean      | 44.4     |
|    exploration_rate | 0.05     |
| time/               |          |
|    episodes         | 1460     |
|    fps              | 120      |
|    time_elapsed     | 729      |
|    total_timesteps  | 87600    |
| train/              |          |
|    learning_rate    | 0.0001   |
|    loss             | 0.0603   |
|    n_updates        | 5412     |
----------------------------------
----------------------------------
| rollout/            |          |
|    ep_len_mean      | 60       |
|    ep_rew_mean      | 44.5     |
|    exploration_rate | 0.05     |
| time/               |          |
|    episodes         | 1464     |
|    fps              | 120      |
|    time_elapsed     | 731      |
|    total_timesteps  | 87840    |
| train/              |          |
|    learning_rate    | 0.0001   |
|    loss             | 0.0839   |
|    n_updates        | 5427     |
----------------------------------
----------------------------------
| rollout/            |          |
|    ep_len_mean      | 60       |
|    ep_rew_mean      | 44.4     |
|    exploration_rate | 0.05     |
| time/               |          |
|    episodes         | 1468     |
|    fps              | 120      |
|    time_elapsed     | 733      |
|    total_timesteps  | 88080    |
| train/              |          |
|    learning_rate    | 0.0001   |
|    loss             | 1.83     |
|    n_updates        | 5442     |
----------------------------------
----------------------------------
| rollout/            |          |
|    ep_len_mean      | 60       |
|    ep_rew_mean      | 44.4     |
|    exploration_rate | 0.05     |
| time/               |          |
|    episodes         | 1472     |
|    fps              | 120      |
|    time_elapsed     | 735      |
|    total_timesteps  | 88320    |
| train/              |          |
|    learning_rate    | 0.0001   |
|    loss             | 1.57     |
|    n_updates        | 5457     |
----------------------------------
----------------------------------
| rollout/            |          |
|    ep_len_mean      | 60       |
|    ep_rew_mean      | 44.4     |
|    exploration_rate | 0.05     |
| time/               |          |
|    episodes         | 1476     |
|    fps              | 120      |
|    time_elapsed     | 737      |
|    total_timesteps  | 88560    |
| train/              |          |
|    learning_rate    | 0.0001   |
|    loss             | 0.09     |
|    n_updates        | 5472     |
----------------------------------
----------------------------------
| rollout/            |          |
|    ep_len_mean      | 60       |
|    ep_rew_mean      | 44.3     |
|    exploration_rate | 0.05     |
| time/               |          |
|    episodes         | 1480     |
|    fps              | 120      |
|    time_elapsed     | 738      |
|    total_timesteps  | 88800    |
| train/              |          |
|    learning_rate    | 0.0001   |
|    loss             | 1.57     |
|    n_updates        | 5487     |
----------------------------------
----------------------------------
| rollout/            |          |
|    ep_len_mean      | 60       |
|    ep_rew_mean      | 44.2     |
|    exploration_rate | 0.05     |
| time/               |          |
|    episodes         | 1484     |
|    fps              | 120      |
|    time_elapsed     | 740      |
|    total_timesteps  | 89040    |
| train/              |          |
|    learning_rate    | 0.0001   |
|    loss             | 0.69     |
|    n_updates        | 5502     |
----------------------------------
----------------------------------
| rollout/            |          |
|    ep_len_mean      | 60       |
|    ep_rew_mean      | 43.9     |
|    exploration_rate | 0.05     |
| time/               |          |
|    episodes         | 1488     |
|    fps              | 120      |
|    time_elapsed     | 742      |
|    total_timesteps  | 89280    |
| train/              |          |
|    learning_rate    | 0.0001   |
|    loss             | 0.122    |
|    n_updates        | 5517     |
----------------------------------
----------------------------------
| rollout/            |          |
|    ep_len_mean      | 60       |
|    ep_rew_mean      | 44       |
|    exploration_rate | 0.05     |
| time/               |          |
|    episodes         | 1492     |
|    fps              | 120      |
|    time_elapsed     | 744      |
|    total_timesteps  | 89520    |
| train/              |          |
|    learning_rate    | 0.0001   |
|    loss             | 1.44     |
|    n_updates        | 5532     |
----------------------------------
----------------------------------
| rollout/            |          |
|    ep_len_mean      | 60       |
|    ep_rew_mean      | 43.9     |
|    exploration_rate | 0.05     |
| time/               |          |
|    episodes         | 1496     |
|    fps              | 120      |
|    time_elapsed     | 746      |
|    total_timesteps  | 89760    |
| train/              |          |
|    learning_rate    | 0.0001   |
|    loss             | 1.47     |
|    n_updates        | 5547     |
----------------------------------
----------------------------------
| rollout/            |          |
|    ep_len_mean      | 60       |
|    ep_rew_mean      | 43.8     |
|    exploration_rate | 0.05     |
| time/               |          |
|    episodes         | 1500     |
|    fps              | 120      |
|    time_elapsed     | 748      |
|    total_timesteps  | 90000    |
| train/              |          |
|    learning_rate    | 0.0001   |
|    loss             | 1.37     |
|    n_updates        | 5562     |
----------------------------------
----------------------------------
| rollout/            |          |
|    ep_len_mean      | 60       |
|    ep_rew_mean      | 43.8     |
|    exploration_rate | 0.05     |
| time/               |          |
|    episodes         | 1504     |
|    fps              | 120      |
|    time_elapsed     | 750      |
|    total_timesteps  | 90240    |
| train/              |          |
|    learning_rate    | 0.0001   |
|    loss             | 0.113    |
|    n_updates        | 5577     |
----------------------------------
----------------------------------
| rollout/            |          |
|    ep_len_mean      | 60       |
|    ep_rew_mean      | 43.8     |
|    exploration_rate | 0.05     |
| time/               |          |
|    episodes         | 1508     |
|    fps              | 120      |
|    time_elapsed     | 752      |
|    total_timesteps  | 90480    |
| train/              |          |
|    learning_rate    | 0.0001   |
|    loss             | 1.61     |
|    n_updates        | 5592     |
----------------------------------
----------------------------------
| rollout/            |          |
|    ep_len_mean      | 60       |
|    ep_rew_mean      | 43.7     |
|    exploration_rate | 0.05     |
| time/               |          |
|    episodes         | 1512     |
|    fps              | 120      |
|    time_elapsed     | 753      |
|    total_timesteps  | 90720    |
| train/              |          |
|    learning_rate    | 0.0001   |
|    loss             | 1.63     |
|    n_updates        | 5607     |
----------------------------------
----------------------------------
| rollout/            |          |
|    ep_len_mean      | 60       |
|    ep_rew_mean      | 43.7     |
|    exploration_rate | 0.05     |
| time/               |          |
|    episodes         | 1516     |
|    fps              | 120      |
|    time_elapsed     | 755      |
|    total_timesteps  | 90960    |
| train/              |          |
|    learning_rate    | 0.0001   |
|    loss             | 0.205    |
|    n_updates        | 5622     |
----------------------------------
----------------------------------
| rollout/            |          |
|    ep_len_mean      | 60       |
|    ep_rew_mean      | 43.7     |
|    exploration_rate | 0.05     |
| time/               |          |
|    episodes         | 1520     |
|    fps              | 120      |
|    time_elapsed     | 757      |
|    total_timesteps  | 91200    |
| train/              |          |
|    learning_rate    | 0.0001   |
|    loss             | 1.73     |
|    n_updates        | 5637     |
----------------------------------
----------------------------------
| rollout/            |          |
|    ep_len_mean      | 60       |
|    ep_rew_mean      | 43.9     |
|    exploration_rate | 0.05     |
| time/               |          |
|    episodes         | 1524     |
|    fps              | 120      |
|    time_elapsed     | 759      |
|    total_timesteps  | 91440    |
| train/              |          |
|    learning_rate    | 0.0001   |
|    loss             | 1.5      |
|    n_updates        | 5652     |
----------------------------------
----------------------------------
| rollout/            |          |
|    ep_len_mean      | 60       |
|    ep_rew_mean      | 43.8     |
|    exploration_rate | 0.05     |
| time/               |          |
|    episodes         | 1528     |
|    fps              | 120      |
|    time_elapsed     | 760      |
|    total_timesteps  | 91680    |
| train/              |          |
|    learning_rate    | 0.0001   |
|    loss             | 1.49     |
|    n_updates        | 5667     |
----------------------------------
----------------------------------
| rollout/            |          |
|    ep_len_mean      | 60       |
|    ep_rew_mean      | 43.9     |
|    exploration_rate | 0.05     |
| time/               |          |
|    episodes         | 1532     |
|    fps              | 120      |
|    time_elapsed     | 762      |
|    total_timesteps  | 91920    |
| train/              |          |
|    learning_rate    | 0.0001   |
|    loss             | 0.253    |
|    n_updates        | 5682     |
----------------------------------
----------------------------------
| rollout/            |          |
|    ep_len_mean      | 60       |
|    ep_rew_mean      | 43.8     |
|    exploration_rate | 0.05     |
| time/               |          |
|    episodes         | 1536     |
|    fps              | 120      |
|    time_elapsed     | 764      |
|    total_timesteps  | 92160    |
| train/              |          |
|    learning_rate    | 0.0001   |
|    loss             | 1.42     |
|    n_updates        | 5697     |
----------------------------------
----------------------------------
| rollout/            |          |
|    ep_len_mean      | 60       |
|    ep_rew_mean      | 43.8     |
|    exploration_rate | 0.05     |
| time/               |          |
|    episodes         | 1540     |
|    fps              | 120      |
|    time_elapsed     | 766      |
|    total_timesteps  | 92400    |
| train/              |          |
|    learning_rate    | 0.0001   |
|    loss             | 0.224    |
|    n_updates        | 5712     |
----------------------------------
----------------------------------
| rollout/            |          |
|    ep_len_mean      | 60       |
|    ep_rew_mean      | 43.7     |
|    exploration_rate | 0.05     |
| time/               |          |
|    episodes         | 1544     |
|    fps              | 120      |
|    time_elapsed     | 769      |
|    total_timesteps  | 92640    |
| train/              |          |
|    learning_rate    | 0.0001   |
|    loss             | 2.05     |
|    n_updates        | 5727     |
----------------------------------
----------------------------------
| rollout/            |          |
|    ep_len_mean      | 60       |
|    ep_rew_mean      | 43.7     |
|    exploration_rate | 0.05     |
| time/               |          |
|    episodes         | 1548     |
|    fps              | 120      |
|    time_elapsed     | 770      |
|    total_timesteps  | 92880    |
| train/              |          |
|    learning_rate    | 0.0001   |
|    loss             | 0.0736   |
|    n_updates        | 5742     |
----------------------------------
----------------------------------
| rollout/            |          |
|    ep_len_mean      | 60       |
|    ep_rew_mean      | 43.7     |
|    exploration_rate | 0.05     |
| time/               |          |
|    episodes         | 1552     |
|    fps              | 120      |
|    time_elapsed     | 772      |
|    total_timesteps  | 93120    |
| train/              |          |
|    learning_rate    | 0.0001   |
|    loss             | 0.199    |
|    n_updates        | 5757     |
----------------------------------
----------------------------------
| rollout/            |          |
|    ep_len_mean      | 60       |
|    ep_rew_mean      | 44       |
|    exploration_rate | 0.05     |
| time/               |          |
|    episodes         | 1556     |
|    fps              | 120      |
|    time_elapsed     | 774      |
|    total_timesteps  | 93360    |
| train/              |          |
|    learning_rate    | 0.0001   |
|    loss             | 0.0967   |
|    n_updates        | 5772     |
----------------------------------
----------------------------------
| rollout/            |          |
|    ep_len_mean      | 60       |
|    ep_rew_mean      | 44.1     |
|    exploration_rate | 0.05     |
| time/               |          |
|    episodes         | 1560     |
|    fps              | 120      |
|    time_elapsed     | 776      |
|    total_timesteps  | 93600    |
| train/              |          |
|    learning_rate    | 0.0001   |
|    loss             | 0.385    |
|    n_updates        | 5787     |
----------------------------------
----------------------------------
| rollout/            |          |
|    ep_len_mean      | 60       |
|    ep_rew_mean      | 44.1     |
|    exploration_rate | 0.05     |
| time/               |          |
|    episodes         | 1564     |
|    fps              | 120      |
|    time_elapsed     | 777      |
|    total_timesteps  | 93840    |
| train/              |          |
|    learning_rate    | 0.0001   |
|    loss             | 3        |
|    n_updates        | 5802     |
----------------------------------
----------------------------------
| rollout/            |          |
|    ep_len_mean      | 60       |
|    ep_rew_mean      | 44.2     |
|    exploration_rate | 0.05     |
| time/               |          |
|    episodes         | 1568     |
|    fps              | 120      |
|    time_elapsed     | 779      |
|    total_timesteps  | 94080    |
| train/              |          |
|    learning_rate    | 0.0001   |
|    loss             | 0.301    |
|    n_updates        | 5817     |
----------------------------------
----------------------------------
| rollout/            |          |
|    ep_len_mean      | 60       |
|    ep_rew_mean      | 44.3     |
|    exploration_rate | 0.05     |
| time/               |          |
|    episodes         | 1572     |
|    fps              | 120      |
|    time_elapsed     | 781      |
|    total_timesteps  | 94320    |
| train/              |          |
|    learning_rate    | 0.0001   |
|    loss             | 3.27     |
|    n_updates        | 5832     |
----------------------------------
----------------------------------
| rollout/            |          |
|    ep_len_mean      | 60       |
|    ep_rew_mean      | 44.4     |
|    exploration_rate | 0.05     |
| time/               |          |
|    episodes         | 1576     |
|    fps              | 120      |
|    time_elapsed     | 782      |
|    total_timesteps  | 94560    |
| train/              |          |
|    learning_rate    | 0.0001   |
|    loss             | 1.39     |
|    n_updates        | 5847     |
----------------------------------
----------------------------------
| rollout/            |          |
|    ep_len_mean      | 60       |
|    ep_rew_mean      | 44.2     |
|    exploration_rate | 0.05     |
| time/               |          |
|    episodes         | 1580     |
|    fps              | 120      |
|    time_elapsed     | 784      |
|    total_timesteps  | 94800    |
| train/              |          |
|    learning_rate    | 0.0001   |
|    loss             | 1.51     |
|    n_updates        | 5862     |
----------------------------------
----------------------------------
| rollout/            |          |
|    ep_len_mean      | 60       |
|    ep_rew_mean      | 44.2     |
|    exploration_rate | 0.05     |
| time/               |          |
|    episodes         | 1584     |
|    fps              | 120      |
|    time_elapsed     | 786      |
|    total_timesteps  | 95040    |
| train/              |          |
|    learning_rate    | 0.0001   |
|    loss             | 1.55     |
|    n_updates        | 5877     |
----------------------------------
----------------------------------
| rollout/            |          |
|    ep_len_mean      | 60       |
|    ep_rew_mean      | 44.4     |
|    exploration_rate | 0.05     |
| time/               |          |
|    episodes         | 1588     |
|    fps              | 120      |
|    time_elapsed     | 788      |
|    total_timesteps  | 95280    |
| train/              |          |
|    learning_rate    | 0.0001   |
|    loss             | 2.96     |
|    n_updates        | 5892     |
----------------------------------
----------------------------------
| rollout/            |          |
|    ep_len_mean      | 60       |
|    ep_rew_mean      | 44.4     |
|    exploration_rate | 0.05     |
| time/               |          |
|    episodes         | 1592     |
|    fps              | 120      |
|    time_elapsed     | 789      |
|    total_timesteps  | 95520    |
| train/              |          |
|    learning_rate    | 0.0001   |
|    loss             | 0.02     |
|    n_updates        | 5907     |
----------------------------------
----------------------------------
| rollout/            |          |
|    ep_len_mean      | 60       |
|    ep_rew_mean      | 44.5     |
|    exploration_rate | 0.05     |
| time/               |          |
|    episodes         | 1596     |
|    fps              | 120      |
|    time_elapsed     | 791      |
|    total_timesteps  | 95760    |
| train/              |          |
|    learning_rate    | 0.0001   |
|    loss             | 0.109    |
|    n_updates        | 5922     |
----------------------------------
----------------------------------
| rollout/            |          |
|    ep_len_mean      | 60       |
|    ep_rew_mean      | 44.6     |
|    exploration_rate | 0.05     |
| time/               |          |
|    episodes         | 1600     |
|    fps              | 121      |
|    time_elapsed     | 793      |
|    total_timesteps  | 96000    |
| train/              |          |
|    learning_rate    | 0.0001   |
|    loss             | 2.89     |
|    n_updates        | 5937     |
----------------------------------
----------------------------------
| rollout/            |          |
|    ep_len_mean      | 60       |
|    ep_rew_mean      | 44.5     |
|    exploration_rate | 0.05     |
| time/               |          |
|    episodes         | 1604     |
|    fps              | 121      |
|    time_elapsed     | 794      |
|    total_timesteps  | 96240    |
| train/              |          |
|    learning_rate    | 0.0001   |
|    loss             | 0.113    |
|    n_updates        | 5952     |
----------------------------------
----------------------------------
| rollout/            |          |
|    ep_len_mean      | 60       |
|    ep_rew_mean      | 44.5     |
|    exploration_rate | 0.05     |
| time/               |          |
|    episodes         | 1608     |
|    fps              | 121      |
|    time_elapsed     | 796      |
|    total_timesteps  | 96480    |
| train/              |          |
|    learning_rate    | 0.0001   |
|    loss             | 1.5      |
|    n_updates        | 5967     |
----------------------------------
----------------------------------
| rollout/            |          |
|    ep_len_mean      | 60       |
|    ep_rew_mean      | 44.7     |
|    exploration_rate | 0.05     |
| time/               |          |
|    episodes         | 1612     |
|    fps              | 121      |
|    time_elapsed     | 798      |
|    total_timesteps  | 96720    |
| train/              |          |
|    learning_rate    | 0.0001   |
|    loss             | 0.0899   |
|    n_updates        | 5982     |
----------------------------------
----------------------------------
| rollout/            |          |
|    ep_len_mean      | 60       |
|    ep_rew_mean      | 44.8     |
|    exploration_rate | 0.05     |
| time/               |          |
|    episodes         | 1616     |
|    fps              | 121      |
|    time_elapsed     | 799      |
|    total_timesteps  | 96960    |
| train/              |          |
|    learning_rate    | 0.0001   |
|    loss             | 0.0846   |
|    n_updates        | 5997     |
----------------------------------
----------------------------------
| rollout/            |          |
|    ep_len_mean      | 60       |
|    ep_rew_mean      | 44.9     |
|    exploration_rate | 0.05     |
| time/               |          |
|    episodes         | 1620     |
|    fps              | 121      |
|    time_elapsed     | 801      |
|    total_timesteps  | 97200    |
| train/              |          |
|    learning_rate    | 0.0001   |
|    loss             | 1.54     |
|    n_updates        | 6012     |
----------------------------------
----------------------------------
| rollout/            |          |
|    ep_len_mean      | 60       |
|    ep_rew_mean      | 44.8     |
|    exploration_rate | 0.05     |
| time/               |          |
|    episodes         | 1624     |
|    fps              | 121      |
|    time_elapsed     | 803      |
|    total_timesteps  | 97440    |
| train/              |          |
|    learning_rate    | 0.0001   |
|    loss             | 3.02     |
|    n_updates        | 6027     |
----------------------------------
----------------------------------
| rollout/            |          |
|    ep_len_mean      | 60       |
|    ep_rew_mean      | 44.9     |
|    exploration_rate | 0.05     |
| time/               |          |
|    episodes         | 1628     |
|    fps              | 121      |
|    time_elapsed     | 805      |
|    total_timesteps  | 97680    |
| train/              |          |
|    learning_rate    | 0.0001   |
|    loss             | 0.167    |
|    n_updates        | 6042     |
----------------------------------
----------------------------------
| rollout/            |          |
|    ep_len_mean      | 60       |
|    ep_rew_mean      | 45       |
|    exploration_rate | 0.05     |
| time/               |          |
|    episodes         | 1632     |
|    fps              | 121      |
|    time_elapsed     | 807      |
|    total_timesteps  | 97920    |
| train/              |          |
|    learning_rate    | 0.0001   |
|    loss             | 0.12     |
|    n_updates        | 6057     |
----------------------------------
----------------------------------
| rollout/            |          |
|    ep_len_mean      | 60       |
|    ep_rew_mean      | 45       |
|    exploration_rate | 0.05     |
| time/               |          |
|    episodes         | 1636     |
|    fps              | 121      |
|    time_elapsed     | 809      |
|    total_timesteps  | 98160    |
| train/              |          |
|    learning_rate    | 0.0001   |
|    loss             | 0.11     |
|    n_updates        | 6072     |
----------------------------------
----------------------------------
| rollout/            |          |
|    ep_len_mean      | 60       |
|    ep_rew_mean      | 45       |
|    exploration_rate | 0.05     |
| time/               |          |
|    episodes         | 1640     |
|    fps              | 121      |
|    time_elapsed     | 811      |
|    total_timesteps  | 98400    |
| train/              |          |
|    learning_rate    | 0.0001   |
|    loss             | 0.156    |
|    n_updates        | 6087     |
----------------------------------
----------------------------------
| rollout/            |          |
|    ep_len_mean      | 60       |
|    ep_rew_mean      | 45       |
|    exploration_rate | 0.05     |
| time/               |          |
|    episodes         | 1644     |
|    fps              | 121      |
|    time_elapsed     | 812      |
|    total_timesteps  | 98640    |
| train/              |          |
|    learning_rate    | 0.0001   |
|    loss             | 1.49     |
|    n_updates        | 6102     |
----------------------------------
----------------------------------
| rollout/            |          |
|    ep_len_mean      | 60       |
|    ep_rew_mean      | 45.1     |
|    exploration_rate | 0.05     |
| time/               |          |
|    episodes         | 1648     |
|    fps              | 121      |
|    time_elapsed     | 814      |
|    total_timesteps  | 98880    |
| train/              |          |
|    learning_rate    | 0.0001   |
|    loss             | 1.61     |
|    n_updates        | 6117     |
----------------------------------
----------------------------------
| rollout/            |          |
|    ep_len_mean      | 60       |
|    ep_rew_mean      | 45.1     |
|    exploration_rate | 0.05     |
| time/               |          |
|    episodes         | 1652     |
|    fps              | 121      |
|    time_elapsed     | 816      |
|    total_timesteps  | 99120    |
| train/              |          |
|    learning_rate    | 0.0001   |
|    loss             | 0.0557   |
|    n_updates        | 6132     |
----------------------------------
----------------------------------
| rollout/            |          |
|    ep_len_mean      | 60       |
|    ep_rew_mean      | 45       |
|    exploration_rate | 0.05     |
| time/               |          |
|    episodes         | 1656     |
|    fps              | 121      |
|    time_elapsed     | 818      |
|    total_timesteps  | 99360    |
| train/              |          |
|    learning_rate    | 0.0001   |
|    loss             | 0.0615   |
|    n_updates        | 6147     |
----------------------------------
----------------------------------
| rollout/            |          |
|    ep_len_mean      | 60       |
|    ep_rew_mean      | 44.8     |
|    exploration_rate | 0.05     |
| time/               |          |
|    episodes         | 1660     |
|    fps              | 121      |
|    time_elapsed     | 819      |
|    total_timesteps  | 99600    |
| train/              |          |
|    learning_rate    | 0.0001   |
|    loss             | 3.14     |
|    n_updates        | 6162     |
----------------------------------
----------------------------------
| rollout/            |          |
|    ep_len_mean      | 60       |
|    ep_rew_mean      | 44.6     |
|    exploration_rate | 0.05     |
| time/               |          |
|    episodes         | 1664     |
|    fps              | 121      |
|    time_elapsed     | 821      |
|    total_timesteps  | 99840    |
| train/              |          |
|    learning_rate    | 0.0001   |
|    loss             | 1.7      |
|    n_updates        | 6177     |
----------------------------------
  saved model: D:\Projects\TN+NTN\drl\models_ka\dqn_seed2.zip
  evaluating dqn seed=2 (200 episodes)...
    dqn seed=2 eval: 20/200 episodes
    dqn seed=2 eval: 40/200 episodes
    dqn seed=2 eval: 60/200 episodes
    dqn seed=2 eval: 80/200 episodes
    dqn seed=2 eval: 100/200 episodes
    dqn seed=2 eval: 120/200 episodes
    dqn seed=2 eval: 140/200 episodes
    dqn seed=2 eval: 160/200 episodes
    dqn seed=2 eval: 180/200 episodes
    dqn seed=2 eval: 200/200 episodes

summary (mean [95% CI]) by policy:
  dqn          reward=  47.10 [  46.92,   47.29]  switch_rate=0.092  outage_rate=0.000
  greedy       reward=  42.66 [  42.40,   42.93]  switch_rate=0.211  outage_rate=0.000
  hysteresis   reward=  44.04 [  43.74,   44.37]  switch_rate=0.062  outage_rate=0.000
  oracle       reward=  48.13 [  47.82,   48.44]  switch_rate=0.044  outage_rate=0.000
  ppo          reward=  47.57 [  47.39,   47.76]  switch_rate=0.049  outage_rate=0.000
  random       reward=   4.47 [   3.36,    5.54]  switch_rate=0.413  outage_rate=0.332

full results: D:\Projects\TN+NTN\drl\figures_ka\phase5_full_eval_results.csv
summary: D:\Projects\TN+NTN\drl\figures_ka\phase5_summary.csv
--- make_phase5_figures ---
figures written to D:\Projects\TN+NTN\drl\figures_ka
--- sweep_reward_handover (Phase 6 + ablation) ---
Gym has been unmaintained since 2022 and does not support NumPy 2.0 amongst other critical functionality.
Please upgrade to Gymnasium, the maintained drop-in replacement of Gym, or contact the authors of your software and request that they upgrade.
Users of this version of Gym should be able to simply replace 'import gym' with 'import gymnasium as gym' in the vast majority of cases.
See the migration guide at https://gymnasium.farama.org/introduction/migration_guide/ for additional information.
running handover-penalty sweep (balanced reward)...
  handover_penalty=0.0 ...
Using cpu device
---------------------------------
| rollout/           |          |
|    ep_len_mean     | 60       |
|    ep_rew_mean     | 5.13     |
| time/              |          |
|    fps             | 162      |
|    iterations      | 1        |
|    time_elapsed    | 12       |
|    total_timesteps | 2048     |
---------------------------------
-----------------------------------------
| rollout/                |             |
|    ep_len_mean          | 60          |
|    ep_rew_mean          | 8.2         |
| time/                   |             |
|    fps                  | 163         |
|    iterations           | 2           |
|    time_elapsed         | 25          |
|    total_timesteps      | 4096        |
| train/                  |             |
|    approx_kl            | 0.015101436 |
|    clip_fraction        | 0.151       |
|    clip_range           | 0.2         |
|    entropy_loss         | -1.6        |
|    explained_variance   | -0.0143     |
|    learning_rate        | 0.0003      |
|    loss                 | 3.82        |
|    n_updates            | 10          |
|    policy_gradient_loss | -0.0193     |
|    value_loss           | 9.65        |
-----------------------------------------
------------------------------------------
| rollout/                |              |
|    ep_len_mean          | 60           |
|    ep_rew_mean          | 11.4         |
| time/                   |              |
|    fps                  | 156          |
|    iterations           | 3            |
|    time_elapsed         | 39           |
|    total_timesteps      | 6144         |
| train/                  |              |
|    approx_kl            | 0.0126148295 |
|    clip_fraction        | 0.0661       |
|    clip_range           | 0.2          |
|    entropy_loss         | -1.58        |
|    explained_variance   | 0.113        |
|    learning_rate        | 0.0003       |
|    loss                 | 4.51         |
|    n_updates            | 20           |
|    policy_gradient_loss | -0.0133      |
|    value_loss           | 10.8         |
------------------------------------------
-----------------------------------------
| rollout/                |             |
|    ep_len_mean          | 60          |
|    ep_rew_mean          | 18          |
| time/                   |             |
|    fps                  | 156         |
|    iterations           | 4           |
|    time_elapsed         | 52          |
|    total_timesteps      | 8192        |
| train/                  |             |
|    approx_kl            | 0.010267884 |
|    clip_fraction        | 0.0229      |
|    clip_range           | 0.2         |
|    entropy_loss         | -1.54       |
|    explained_variance   | 0.0897      |
|    learning_rate        | 0.0003      |
|    loss                 | 5.74        |
|    n_updates            | 30          |
|    policy_gradient_loss | -0.00739    |
|    value_loss           | 16.3        |
-----------------------------------------
-----------------------------------------
| rollout/                |             |
|    ep_len_mean          | 60          |
|    ep_rew_mean          | 22.9        |
| time/                   |             |
|    fps                  | 156         |
|    iterations           | 5           |
|    time_elapsed         | 65          |
|    total_timesteps      | 10240       |
| train/                  |             |
|    approx_kl            | 0.009130007 |
|    clip_fraction        | 0.0408      |
|    clip_range           | 0.2         |
|    entropy_loss         | -1.47       |
|    explained_variance   | 0.0747      |
|    learning_rate        | 0.0003      |
|    loss                 | 9.03        |
|    n_updates            | 40          |
|    policy_gradient_loss | -0.00993    |
|    value_loss           | 20.6        |
-----------------------------------------
-----------------------------------------
| rollout/                |             |
|    ep_len_mean          | 60          |
|    ep_rew_mean          | 26.9        |
| time/                   |             |
|    fps                  | 155         |
|    iterations           | 6           |
|    time_elapsed         | 79          |
|    total_timesteps      | 12288       |
| train/                  |             |
|    approx_kl            | 0.007920027 |
|    clip_fraction        | 0.00669     |
|    clip_range           | 0.2         |
|    entropy_loss         | -1.41       |
|    explained_variance   | 0.0592      |
|    learning_rate        | 0.0003      |
|    loss                 | 10.5        |
|    n_updates            | 50          |
|    policy_gradient_loss | -0.00504    |
|    value_loss           | 24.6        |
-----------------------------------------
-----------------------------------------
| rollout/                |             |
|    ep_len_mean          | 60          |
|    ep_rew_mean          | 29.9        |
| time/                   |             |
|    fps                  | 153         |
|    iterations           | 7           |
|    time_elapsed         | 93          |
|    total_timesteps      | 14336       |
| train/                  |             |
|    approx_kl            | 0.007525517 |
|    clip_fraction        | 0.0242      |
|    clip_range           | 0.2         |
|    entropy_loss         | -1.35       |
|    explained_variance   | 0.0456      |
|    learning_rate        | 0.0003      |
|    loss                 | 13.6        |
|    n_updates            | 60          |
|    policy_gradient_loss | -0.00626    |
|    value_loss           | 31.4        |
-----------------------------------------
-----------------------------------------
| rollout/                |             |
|    ep_len_mean          | 60          |
|    ep_rew_mean          | 33          |
| time/                   |             |
|    fps                  | 150         |
|    iterations           | 8           |
|    time_elapsed         | 108         |
|    total_timesteps      | 16384       |
| train/                  |             |
|    approx_kl            | 0.009806898 |
|    clip_fraction        | 0.0217      |
|    clip_range           | 0.2         |
|    entropy_loss         | -1.3        |
|    explained_variance   | 0.0548      |
|    learning_rate        | 0.0003      |
|    loss                 | 19.2        |
|    n_updates            | 70          |
|    policy_gradient_loss | -0.00524    |
|    value_loss           | 37.7        |
-----------------------------------------
----------------------------------------
| rollout/                |            |
|    ep_len_mean          | 60         |
|    ep_rew_mean          | 35.4       |
| time/                   |            |
|    fps                  | 148        |
|    iterations           | 9          |
|    time_elapsed         | 124        |
|    total_timesteps      | 18432      |
| train/                  |            |
|    approx_kl            | 0.00981017 |
|    clip_fraction        | 0.0378     |
|    clip_range           | 0.2        |
|    entropy_loss         | -1.19      |
|    explained_variance   | 0.0193     |
|    learning_rate        | 0.0003     |
|    loss                 | 18.6       |
|    n_updates            | 80         |
|    policy_gradient_loss | -0.00682   |
|    value_loss           | 40.2       |
----------------------------------------
-----------------------------------------
| rollout/                |             |
|    ep_len_mean          | 60          |
|    ep_rew_mean          | 36.6        |
| time/                   |             |
|    fps                  | 148         |
|    iterations           | 10          |
|    time_elapsed         | 138         |
|    total_timesteps      | 20480       |
| train/                  |             |
|    approx_kl            | 0.010074906 |
|    clip_fraction        | 0.0155      |
|    clip_range           | 0.2         |
|    entropy_loss         | -1.11       |
|    explained_variance   | 0.0454      |
|    learning_rate        | 0.0003      |
|    loss                 | 20.5        |
|    n_updates            | 90          |
|    policy_gradient_loss | -0.00275    |
|    value_loss           | 41.8        |
-----------------------------------------
------------------------------------------
| rollout/                |              |
|    ep_len_mean          | 60           |
|    ep_rew_mean          | 37.4         |
| time/                   |              |
|    fps                  | 147          |
|    iterations           | 11           |
|    time_elapsed         | 152          |
|    total_timesteps      | 22528        |
| train/                  |              |
|    approx_kl            | 0.0050705294 |
|    clip_fraction        | 0.0336       |
|    clip_range           | 0.2          |
|    entropy_loss         | -1.04        |
|    explained_variance   | 0.0418       |
|    learning_rate        | 0.0003       |
|    loss                 | 21.9         |
|    n_updates            | 100          |
|    policy_gradient_loss | -0.00551     |
|    value_loss           | 44.9         |
------------------------------------------
------------------------------------------
| rollout/                |              |
|    ep_len_mean          | 60           |
|    ep_rew_mean          | 37.9         |
| time/                   |              |
|    fps                  | 145          |
|    iterations           | 12           |
|    time_elapsed         | 168          |
|    total_timesteps      | 24576        |
| train/                  |              |
|    approx_kl            | 0.0050778617 |
|    clip_fraction        | 0.0228       |
|    clip_range           | 0.2          |
|    entropy_loss         | -1           |
|    explained_variance   | 0.0794       |
|    learning_rate        | 0.0003       |
|    loss                 | 26.2         |
|    n_updates            | 110          |
|    policy_gradient_loss | -0.00527     |
|    value_loss           | 48.5         |
------------------------------------------
-----------------------------------------
| rollout/                |             |
|    ep_len_mean          | 60          |
|    ep_rew_mean          | 39.2        |
| time/                   |             |
|    fps                  | 145         |
|    iterations           | 13          |
|    time_elapsed         | 183         |
|    total_timesteps      | 26624       |
| train/                  |             |
|    approx_kl            | 0.005951833 |
|    clip_fraction        | 0.0212      |
|    clip_range           | 0.2         |
|    entropy_loss         | -0.984      |
|    explained_variance   | 0.0787      |
|    learning_rate        | 0.0003      |
|    loss                 | 23.8        |
|    n_updates            | 120         |
|    policy_gradient_loss | -0.00346    |
|    value_loss           | 52.6        |
-----------------------------------------
------------------------------------------
| rollout/                |              |
|    ep_len_mean          | 60           |
|    ep_rew_mean          | 39.9         |
| time/                   |              |
|    fps                  | 145          |
|    iterations           | 14           |
|    time_elapsed         | 197          |
|    total_timesteps      | 28672        |
| train/                  |              |
|    approx_kl            | 0.0033425412 |
|    clip_fraction        | 0.0144       |
|    clip_range           | 0.2          |
|    entropy_loss         | -0.974       |
|    explained_variance   | 0.101        |
|    learning_rate        | 0.0003       |
|    loss                 | 27.5         |
|    n_updates            | 130          |
|    policy_gradient_loss | -0.00272     |
|    value_loss           | 52.2         |
------------------------------------------
----------------------------------------
| rollout/                |            |
|    ep_len_mean          | 60         |
|    ep_rew_mean          | 40.6       |
| time/                   |            |
|    fps                  | 144        |
|    iterations           | 15         |
|    time_elapsed         | 212        |
|    total_timesteps      | 30720      |
| train/                  |            |
|    approx_kl            | 0.00553199 |
|    clip_fraction        | 0.0341     |
|    clip_range           | 0.2        |
|    entropy_loss         | -0.991     |
|    explained_variance   | 0.0904     |
|    learning_rate        | 0.0003     |
|    loss                 | 27.3       |
|    n_updates            | 140        |
|    policy_gradient_loss | -0.00447   |
|    value_loss           | 57.1       |
----------------------------------------
------------------------------------------
| rollout/                |              |
|    ep_len_mean          | 60           |
|    ep_rew_mean          | 40.9         |
| time/                   |              |
|    fps                  | 142          |
|    iterations           | 16           |
|    time_elapsed         | 229          |
|    total_timesteps      | 32768        |
| train/                  |              |
|    approx_kl            | 0.0068745897 |
|    clip_fraction        | 0.0681       |
|    clip_range           | 0.2          |
|    entropy_loss         | -1.02        |
|    explained_variance   | 0.101        |
|    learning_rate        | 0.0003       |
|    loss                 | 30.4         |
|    n_updates            | 150          |
|    policy_gradient_loss | -0.00821     |
|    value_loss           | 59.8         |
------------------------------------------
-----------------------------------------
| rollout/                |             |
|    ep_len_mean          | 60          |
|    ep_rew_mean          | 41.2        |
| time/                   |             |
|    fps                  | 142         |
|    iterations           | 17          |
|    time_elapsed         | 244         |
|    total_timesteps      | 34816       |
| train/                  |             |
|    approx_kl            | 0.005191507 |
|    clip_fraction        | 0.0217      |
|    clip_range           | 0.2         |
|    entropy_loss         | -1          |
|    explained_variance   | 0.0951      |
|    learning_rate        | 0.0003      |
|    loss                 | 29.8        |
|    n_updates            | 160         |
|    policy_gradient_loss | -0.0042     |
|    value_loss           | 59.3        |
-----------------------------------------
------------------------------------------
| rollout/                |              |
|    ep_len_mean          | 60           |
|    ep_rew_mean          | 41.2         |
| time/                   |              |
|    fps                  | 141          |
|    iterations           | 18           |
|    time_elapsed         | 260          |
|    total_timesteps      | 36864        |
| train/                  |              |
|    approx_kl            | 0.0030208137 |
|    clip_fraction        | 0.0148       |
|    clip_range           | 0.2          |
|    entropy_loss         | -0.998       |
|    explained_variance   | 0.0861       |
|    learning_rate        | 0.0003       |
|    loss                 | 30.7         |
|    n_updates            | 170          |
|    policy_gradient_loss | -0.00303     |
|    value_loss           | 64.6         |
------------------------------------------
----------------------------------------
| rollout/                |            |
|    ep_len_mean          | 60         |
|    ep_rew_mean          | 41.2       |
| time/                   |            |
|    fps                  | 141        |
|    iterations           | 19         |
|    time_elapsed         | 275        |
|    total_timesteps      | 38912      |
| train/                  |            |
|    approx_kl            | 0.00843131 |
|    clip_fraction        | 0.0386     |
|    clip_range           | 0.2        |
|    entropy_loss         | -0.966     |
|    explained_variance   | 0.0637     |
|    learning_rate        | 0.0003     |
|    loss                 | 23.1       |
|    n_updates            | 180        |
|    policy_gradient_loss | -0.00458   |
|    value_loss           | 59.3       |
----------------------------------------
-----------------------------------------
| rollout/                |             |
|    ep_len_mean          | 60          |
|    ep_rew_mean          | 41.4        |
| time/                   |             |
|    fps                  | 140         |
|    iterations           | 20          |
|    time_elapsed         | 291         |
|    total_timesteps      | 40960       |
| train/                  |             |
|    approx_kl            | 0.004184449 |
|    clip_fraction        | 0.00923     |
|    clip_range           | 0.2         |
|    entropy_loss         | -0.934      |
|    explained_variance   | 0.106       |
|    learning_rate        | 0.0003      |
|    loss                 | 34.4        |
|    n_updates            | 190         |
|    policy_gradient_loss | -0.00352    |
|    value_loss           | 65.1        |
-----------------------------------------
------------------------------------------
| rollout/                |              |
|    ep_len_mean          | 60           |
|    ep_rew_mean          | 41.5         |
| time/                   |              |
|    fps                  | 139          |
|    iterations           | 21           |
|    time_elapsed         | 307          |
|    total_timesteps      | 43008        |
| train/                  |              |
|    approx_kl            | 0.0038454419 |
|    clip_fraction        | 0.0194       |
|    clip_range           | 0.2          |
|    entropy_loss         | -0.912       |
|    explained_variance   | 0.139        |
|    learning_rate        | 0.0003       |
|    loss                 | 31.7         |
|    n_updates            | 200          |
|    policy_gradient_loss | -0.00421     |
|    value_loss           | 59.4         |
------------------------------------------
------------------------------------------
| rollout/                |              |
|    ep_len_mean          | 60           |
|    ep_rew_mean          | 42           |
| time/                   |              |
|    fps                  | 139          |
|    iterations           | 22           |
|    time_elapsed         | 323          |
|    total_timesteps      | 45056        |
| train/                  |              |
|    approx_kl            | 0.0033959025 |
|    clip_fraction        | 0.0169       |
|    clip_range           | 0.2          |
|    entropy_loss         | -0.911       |
|    explained_variance   | 0.105        |
|    learning_rate        | 0.0003       |
|    loss                 | 35.4         |
|    n_updates            | 210          |
|    policy_gradient_loss | -0.00319     |
|    value_loss           | 66.9         |
------------------------------------------
-----------------------------------------
| rollout/                |             |
|    ep_len_mean          | 60          |
|    ep_rew_mean          | 42.8        |
| time/                   |             |
|    fps                  | 138         |
|    iterations           | 23          |
|    time_elapsed         | 340         |
|    total_timesteps      | 47104       |
| train/                  |             |
|    approx_kl            | 0.008281779 |
|    clip_fraction        | 0.0535      |
|    clip_range           | 0.2         |
|    entropy_loss         | -0.855      |
|    explained_variance   | 0.112       |
|    learning_rate        | 0.0003      |
|    loss                 | 29.3        |
|    n_updates            | 220         |
|    policy_gradient_loss | -0.00818    |
|    value_loss           | 61.6        |
-----------------------------------------
-----------------------------------------
| rollout/                |             |
|    ep_len_mean          | 60          |
|    ep_rew_mean          | 43.4        |
| time/                   |             |
|    fps                  | 137         |
|    iterations           | 24          |
|    time_elapsed         | 358         |
|    total_timesteps      | 49152       |
| train/                  |             |
|    approx_kl            | 0.006131391 |
|    clip_fraction        | 0.0316      |
|    clip_range           | 0.2         |
|    entropy_loss         | -0.853      |
|    explained_variance   | 0.0891      |
|    learning_rate        | 0.0003      |
|    loss                 | 40.5        |
|    n_updates            | 230         |
|    policy_gradient_loss | -0.00451    |
|    value_loss           | 69.2        |
-----------------------------------------
------------------------------------------
| rollout/                |              |
|    ep_len_mean          | 60           |
|    ep_rew_mean          | 43.7         |
| time/                   |              |
|    fps                  | 137          |
|    iterations           | 25           |
|    time_elapsed         | 373          |
|    total_timesteps      | 51200        |
| train/                  |              |
|    approx_kl            | 0.0032583307 |
|    clip_fraction        | 0.025        |
|    clip_range           | 0.2          |
|    entropy_loss         | -0.812       |
|    explained_variance   | 0.146        |
|    learning_rate        | 0.0003       |
|    loss                 | 30.5         |
|    n_updates            | 240          |
|    policy_gradient_loss | -0.0039      |
|    value_loss           | 64.2         |
------------------------------------------
    evaluating (100 episodes)...
    eval: 20/100 episodes
    eval: 40/100 episodes
    eval: 60/100 episodes
    eval: 80/100 episodes
    eval: 100/100 episodes
  handover_penalty=0.05 ...
Using cpu device
---------------------------------
| rollout/           |          |
|    ep_len_mean     | 60       |
|    ep_rew_mean     | 3.8      |
| time/              |          |
|    fps             | 144      |
|    iterations      | 1        |
|    time_elapsed    | 14       |
|    total_timesteps | 2048     |
---------------------------------
-----------------------------------------
| rollout/                |             |
|    ep_len_mean          | 60          |
|    ep_rew_mean          | 6.86        |
| time/                   |             |
|    fps                  | 146         |
|    iterations           | 2           |
|    time_elapsed         | 27          |
|    total_timesteps      | 4096        |
| train/                  |             |
|    approx_kl            | 0.015342402 |
|    clip_fraction        | 0.157       |
|    clip_range           | 0.2         |
|    entropy_loss         | -1.6        |
|    explained_variance   | -0.0147     |
|    learning_rate        | 0.0003      |
|    loss                 | 3.6         |
|    n_updates            | 10          |
|    policy_gradient_loss | -0.0198     |
|    value_loss           | 8.94        |
-----------------------------------------
-----------------------------------------
| rollout/                |             |
|    ep_len_mean          | 60          |
|    ep_rew_mean          | 10          |
| time/                   |             |
|    fps                  | 151         |
|    iterations           | 3           |
|    time_elapsed         | 40          |
|    total_timesteps      | 6144        |
| train/                  |             |
|    approx_kl            | 0.012876814 |
|    clip_fraction        | 0.0788      |
|    clip_range           | 0.2         |
|    entropy_loss         | -1.57       |
|    explained_variance   | 0.118       |
|    learning_rate        | 0.0003      |
|    loss                 | 4.12        |
|    n_updates            | 20          |
|    policy_gradient_loss | -0.0143     |
|    value_loss           | 9.7         |
-----------------------------------------
-----------------------------------------
| rollout/                |             |
|    ep_len_mean          | 60          |
|    ep_rew_mean          | 16.6        |
| time/                   |             |
|    fps                  | 151         |
|    iterations           | 4           |
|    time_elapsed         | 53          |
|    total_timesteps      | 8192        |
| train/                  |             |
|    approx_kl            | 0.011132466 |
|    clip_fraction        | 0.0271      |
|    clip_range           | 0.2         |
|    entropy_loss         | -1.54       |
|    explained_variance   | 0.0931      |
|    learning_rate        | 0.0003      |
|    loss                 | 5.19        |
|    n_updates            | 30          |
|    policy_gradient_loss | -0.00819    |
|    value_loss           | 14.5        |
-----------------------------------------
-----------------------------------------
| rollout/                |             |
|    ep_len_mean          | 60          |
|    ep_rew_mean          | 21.5        |
| time/                   |             |
|    fps                  | 152         |
|    iterations           | 5           |
|    time_elapsed         | 67          |
|    total_timesteps      | 10240       |
| train/                  |             |
|    approx_kl            | 0.009204658 |
|    clip_fraction        | 0.0385      |
|    clip_range           | 0.2         |
|    entropy_loss         | -1.47       |
|    explained_variance   | 0.0771      |
|    learning_rate        | 0.0003      |
|    loss                 | 8.06        |
|    n_updates            | 40          |
|    policy_gradient_loss | -0.00962    |
|    value_loss           | 18.5        |
-----------------------------------------
-----------------------------------------
| rollout/                |             |
|    ep_len_mean          | 60          |
|    ep_rew_mean          | 25.8        |
| time/                   |             |
|    fps                  | 152         |
|    iterations           | 6           |
|    time_elapsed         | 80          |
|    total_timesteps      | 12288       |
| train/                  |             |
|    approx_kl            | 0.010007824 |
|    clip_fraction        | 0.0179      |
|    clip_range           | 0.2         |
|    entropy_loss         | -1.41       |
|    explained_variance   | 0.063       |
|    learning_rate        | 0.0003      |
|    loss                 | 9.6         |
|    n_updates            | 50          |
|    policy_gradient_loss | -0.00622    |
|    value_loss           | 22.3        |
-----------------------------------------
----------------------------------------
| rollout/                |            |
|    ep_len_mean          | 60         |
|    ep_rew_mean          | 28.8       |
| time/                   |            |
|    fps                  | 150        |
|    iterations           | 7          |
|    time_elapsed         | 95         |
|    total_timesteps      | 14336      |
| train/                  |            |
|    approx_kl            | 0.00819234 |
|    clip_fraction        | 0.023      |
|    clip_range           | 0.2        |
|    entropy_loss         | -1.34      |
|    explained_variance   | 0.0482     |
|    learning_rate        | 0.0003     |
|    loss                 | 12.7       |
|    n_updates            | 60         |
|    policy_gradient_loss | -0.00619   |
|    value_loss           | 29.2       |
----------------------------------------
----------------------------------------
| rollout/                |            |
|    ep_len_mean          | 60         |
|    ep_rew_mean          | 32         |
| time/                   |            |
|    fps                  | 150        |
|    iterations           | 8          |
|    time_elapsed         | 108        |
|    total_timesteps      | 16384      |
| train/                  |            |
|    approx_kl            | 0.01015714 |
|    clip_fraction        | 0.0269     |
|    clip_range           | 0.2        |
|    entropy_loss         | -1.27      |
|    explained_variance   | 0.0547     |
|    learning_rate        | 0.0003     |
|    loss                 | 17.7       |
|    n_updates            | 70         |
|    policy_gradient_loss | -0.00585   |
|    value_loss           | 34.6       |
----------------------------------------
-----------------------------------------
| rollout/                |             |
|    ep_len_mean          | 60          |
|    ep_rew_mean          | 34.4        |
| time/                   |             |
|    fps                  | 148         |
|    iterations           | 9           |
|    time_elapsed         | 124         |
|    total_timesteps      | 18432       |
| train/                  |             |
|    approx_kl            | 0.009310467 |
|    clip_fraction        | 0.0335      |
|    clip_range           | 0.2         |
|    entropy_loss         | -1.17       |
|    explained_variance   | 0.0205      |
|    learning_rate        | 0.0003      |
|    loss                 | 17.4        |
|    n_updates            | 80          |
|    policy_gradient_loss | -0.00614    |
|    value_loss           | 37.5        |
-----------------------------------------
-----------------------------------------
| rollout/                |             |
|    ep_len_mean          | 60          |
|    ep_rew_mean          | 35.8        |
| time/                   |             |
|    fps                  | 147         |
|    iterations           | 10          |
|    time_elapsed         | 138         |
|    total_timesteps      | 20480       |
| train/                  |             |
|    approx_kl            | 0.010720352 |
|    clip_fraction        | 0.0195      |
|    clip_range           | 0.2         |
|    entropy_loss         | -1.09       |
|    explained_variance   | 0.0431      |
|    learning_rate        | 0.0003      |
|    loss                 | 19.2        |
|    n_updates            | 90          |
|    policy_gradient_loss | -0.00314    |
|    value_loss           | 39.3        |
-----------------------------------------
------------------------------------------
| rollout/                |              |
|    ep_len_mean          | 60           |
|    ep_rew_mean          | 36.7         |
| time/                   |              |
|    fps                  | 146          |
|    iterations           | 11           |
|    time_elapsed         | 153          |
|    total_timesteps      | 22528        |
| train/                  |              |
|    approx_kl            | 0.0050831353 |
|    clip_fraction        | 0.0313       |
|    clip_range           | 0.2          |
|    entropy_loss         | -1.02        |
|    explained_variance   | 0.041        |
|    learning_rate        | 0.0003       |
|    loss                 | 20.7         |
|    n_updates            | 100          |
|    policy_gradient_loss | -0.00576     |
|    value_loss           | 42.9         |
------------------------------------------
------------------------------------------
| rollout/                |              |
|    ep_len_mean          | 60           |
|    ep_rew_mean          | 37.3         |
| time/                   |              |
|    fps                  | 145          |
|    iterations           | 12           |
|    time_elapsed         | 169          |
|    total_timesteps      | 24576        |
| train/                  |              |
|    approx_kl            | 0.0052336724 |
|    clip_fraction        | 0.0312       |
|    clip_range           | 0.2          |
|    entropy_loss         | -0.973       |
|    explained_variance   | 0.0773       |
|    learning_rate        | 0.0003       |
|    loss                 | 24.9         |
|    n_updates            | 110          |
|    policy_gradient_loss | -0.00624     |
|    value_loss           | 46.2         |
------------------------------------------
------------------------------------------
| rollout/                |              |
|    ep_len_mean          | 60           |
|    ep_rew_mean          | 38.7         |
| time/                   |              |
|    fps                  | 144          |
|    iterations           | 13           |
|    time_elapsed         | 183          |
|    total_timesteps      | 26624        |
| train/                  |              |
|    approx_kl            | 0.0055383677 |
|    clip_fraction        | 0.0244       |
|    clip_range           | 0.2          |
|    entropy_loss         | -0.92        |
|    explained_variance   | 0.0783       |
|    learning_rate        | 0.0003       |
|    loss                 | 23.2         |
|    n_updates            | 120          |
|    policy_gradient_loss | -0.00376     |
|    value_loss           | 50.5         |
------------------------------------------
------------------------------------------
| rollout/                |              |
|    ep_len_mean          | 60           |
|    ep_rew_mean          | 39.3         |
| time/                   |              |
|    fps                  | 143          |
|    iterations           | 14           |
|    time_elapsed         | 199          |
|    total_timesteps      | 28672        |
| train/                  |              |
|    approx_kl            | 0.0038568655 |
|    clip_fraction        | 0.0216       |
|    clip_range           | 0.2          |
|    entropy_loss         | -0.935       |
|    explained_variance   | 0.104        |
|    learning_rate        | 0.0003       |
|    loss                 | 26.2         |
|    n_updates            | 130          |
|    policy_gradient_loss | -0.00306     |
|    value_loss           | 49.6         |
------------------------------------------
------------------------------------------
| rollout/                |              |
|    ep_len_mean          | 60           |
|    ep_rew_mean          | 39.8         |
| time/                   |              |
|    fps                  | 143          |
|    iterations           | 15           |
|    time_elapsed         | 213          |
|    total_timesteps      | 30720        |
| train/                  |              |
|    approx_kl            | 0.0040865517 |
|    clip_fraction        | 0.0238       |
|    clip_range           | 0.2          |
|    entropy_loss         | -0.957       |
|    explained_variance   | 0.0922       |
|    learning_rate        | 0.0003       |
|    loss                 | 25.9         |
|    n_updates            | 140          |
|    policy_gradient_loss | -0.00308     |
|    value_loss           | 54.4         |
------------------------------------------
------------------------------------------
| rollout/                |              |
|    ep_len_mean          | 60           |
|    ep_rew_mean          | 40.1         |
| time/                   |              |
|    fps                  | 143          |
|    iterations           | 16           |
|    time_elapsed         | 227          |
|    total_timesteps      | 32768        |
| train/                  |              |
|    approx_kl            | 0.0052985135 |
|    clip_fraction        | 0.0455       |
|    clip_range           | 0.2          |
|    entropy_loss         | -0.965       |
|    explained_variance   | 0.095        |
|    learning_rate        | 0.0003       |
|    loss                 | 28.9         |
|    n_updates            | 150          |
|    policy_gradient_loss | -0.00601     |
|    value_loss           | 56.6         |
------------------------------------------
------------------------------------------
| rollout/                |              |
|    ep_len_mean          | 60           |
|    ep_rew_mean          | 40.6         |
| time/                   |              |
|    fps                  | 143          |
|    iterations           | 17           |
|    time_elapsed         | 241          |
|    total_timesteps      | 34816        |
| train/                  |              |
|    approx_kl            | 0.0050950665 |
|    clip_fraction        | 0.0162       |
|    clip_range           | 0.2          |
|    entropy_loss         | -0.941       |
|    explained_variance   | 0.0963       |
|    learning_rate        | 0.0003       |
|    loss                 | 28.2         |
|    n_updates            | 160          |
|    policy_gradient_loss | -0.00334     |
|    value_loss           | 55.6         |
------------------------------------------
-----------------------------------------
| rollout/                |             |
|    ep_len_mean          | 60          |
|    ep_rew_mean          | 40.7        |
| time/                   |             |
|    fps                  | 144         |
|    iterations           | 18          |
|    time_elapsed         | 255         |
|    total_timesteps      | 36864       |
| train/                  |             |
|    approx_kl            | 0.003553179 |
|    clip_fraction        | 0.0169      |
|    clip_range           | 0.2         |
|    entropy_loss         | -0.94       |
|    explained_variance   | 0.0855      |
|    learning_rate        | 0.0003      |
|    loss                 | 29.3        |
|    n_updates            | 170         |
|    policy_gradient_loss | -0.00279    |
|    value_loss           | 61.7        |
-----------------------------------------
------------------------------------------
| rollout/                |              |
|    ep_len_mean          | 60           |
|    ep_rew_mean          | 40.6         |
| time/                   |              |
|    fps                  | 143          |
|    iterations           | 19           |
|    time_elapsed         | 271          |
|    total_timesteps      | 38912        |
| train/                  |              |
|    approx_kl            | 0.0046545123 |
|    clip_fraction        | 0.0196       |
|    clip_range           | 0.2          |
|    entropy_loss         | -0.923       |
|    explained_variance   | 0.0633       |
|    learning_rate        | 0.0003       |
|    loss                 | 22.4         |
|    n_updates            | 180          |
|    policy_gradient_loss | -0.00331     |
|    value_loss           | 57           |
------------------------------------------
------------------------------------------
| rollout/                |              |
|    ep_len_mean          | 60           |
|    ep_rew_mean          | 40.5         |
| time/                   |              |
|    fps                  | 142          |
|    iterations           | 20           |
|    time_elapsed         | 286          |
|    total_timesteps      | 40960        |
| train/                  |              |
|    approx_kl            | 0.0033795247 |
|    clip_fraction        | 0.00947      |
|    clip_range           | 0.2          |
|    entropy_loss         | -0.896       |
|    explained_variance   | 0.104        |
|    learning_rate        | 0.0003       |
|    loss                 | 32.9         |
|    n_updates            | 190          |
|    policy_gradient_loss | -0.00299     |
|    value_loss           | 62.6         |
------------------------------------------
-----------------------------------------
| rollout/                |             |
|    ep_len_mean          | 60          |
|    ep_rew_mean          | 40.5        |
| time/                   |             |
|    fps                  | 143         |
|    iterations           | 21          |
|    time_elapsed         | 300         |
|    total_timesteps      | 43008       |
| train/                  |             |
|    approx_kl            | 0.002854601 |
|    clip_fraction        | 0.0157      |
|    clip_range           | 0.2         |
|    entropy_loss         | -0.879      |
|    explained_variance   | 0.136       |
|    learning_rate        | 0.0003      |
|    loss                 | 30.2        |
|    n_updates            | 200         |
|    policy_gradient_loss | -0.0034     |
|    value_loss           | 56.4        |
-----------------------------------------
------------------------------------------
| rollout/                |              |
|    ep_len_mean          | 60           |
|    ep_rew_mean          | 40.8         |
| time/                   |              |
|    fps                  | 143          |
|    iterations           | 22           |
|    time_elapsed         | 314          |
|    total_timesteps      | 45056        |
| train/                  |              |
|    approx_kl            | 0.0025978498 |
|    clip_fraction        | 0.00928      |
|    clip_range           | 0.2          |
|    entropy_loss         | -0.875       |
|    explained_variance   | 0.106        |
|    learning_rate        | 0.0003       |
|    loss                 | 33.9         |
|    n_updates            | 210          |
|    policy_gradient_loss | -0.00339     |
|    value_loss           | 63.5         |
------------------------------------------
-----------------------------------------
| rollout/                |             |
|    ep_len_mean          | 60          |
|    ep_rew_mean          | 41.7        |
| time/                   |             |
|    fps                  | 142         |
|    iterations           | 23          |
|    time_elapsed         | 330         |
|    total_timesteps      | 47104       |
| train/                  |             |
|    approx_kl            | 0.007508765 |
|    clip_fraction        | 0.062       |
|    clip_range           | 0.2         |
|    entropy_loss         | -0.808      |
|    explained_variance   | 0.109       |
|    learning_rate        | 0.0003      |
|    loss                 | 28.5        |
|    n_updates            | 220         |
|    policy_gradient_loss | -0.00823    |
|    value_loss           | 58.7        |
-----------------------------------------
-----------------------------------------
| rollout/                |             |
|    ep_len_mean          | 60          |
|    ep_rew_mean          | 42.2        |
| time/                   |             |
|    fps                  | 142         |
|    iterations           | 24          |
|    time_elapsed         | 344         |
|    total_timesteps      | 49152       |
| train/                  |             |
|    approx_kl            | 0.004137143 |
|    clip_fraction        | 0.0177      |
|    clip_range           | 0.2         |
|    entropy_loss         | -0.804      |
|    explained_variance   | 0.0927      |
|    learning_rate        | 0.0003      |
|    loss                 | 38.2        |
|    n_updates            | 230         |
|    policy_gradient_loss | -0.00374    |
|    value_loss           | 65.4        |
-----------------------------------------
------------------------------------------
| rollout/                |              |
|    ep_len_mean          | 60           |
|    ep_rew_mean          | 42.9         |
| time/                   |              |
|    fps                  | 142          |
|    iterations           | 25           |
|    time_elapsed         | 359          |
|    total_timesteps      | 51200        |
| train/                  |              |
|    approx_kl            | 0.0049975226 |
|    clip_fraction        | 0.025        |
|    clip_range           | 0.2          |
|    entropy_loss         | -0.749       |
|    explained_variance   | 0.146        |
|    learning_rate        | 0.0003       |
|    loss                 | 29.1         |
|    n_updates            | 240          |
|    policy_gradient_loss | -0.00422     |
|    value_loss           | 61.3         |
------------------------------------------
    evaluating (100 episodes)...
    eval: 20/100 episodes
    eval: 40/100 episodes
    eval: 60/100 episodes
    eval: 80/100 episodes
    eval: 100/100 episodes
  handover_penalty=0.15 ...
Using cpu device
---------------------------------
| rollout/           |          |
|    ep_len_mean     | 60       |
|    ep_rew_mean     | 1.15     |
| time/              |          |
|    fps             | 203      |
|    iterations      | 1        |
|    time_elapsed    | 10       |
|    total_timesteps | 2048     |
---------------------------------
-----------------------------------------
| rollout/                |             |
|    ep_len_mean          | 60          |
|    ep_rew_mean          | 4.1         |
| time/                   |             |
|    fps                  | 181         |
|    iterations           | 2           |
|    time_elapsed         | 22          |
|    total_timesteps      | 4096        |
| train/                  |             |
|    approx_kl            | 0.015664712 |
|    clip_fraction        | 0.16        |
|    clip_range           | 0.2         |
|    entropy_loss         | -1.6        |
|    explained_variance   | -0.0154     |
|    learning_rate        | 0.0003      |
|    loss                 | 3.18        |
|    n_updates            | 10          |
|    policy_gradient_loss | -0.0206     |
|    value_loss           | 7.78        |
-----------------------------------------
-----------------------------------------
| rollout/                |             |
|    ep_len_mean          | 60          |
|    ep_rew_mean          | 7.12        |
| time/                   |             |
|    fps                  | 164         |
|    iterations           | 3           |
|    time_elapsed         | 37          |
|    total_timesteps      | 6144        |
| train/                  |             |
|    approx_kl            | 0.014729238 |
|    clip_fraction        | 0.111       |
|    clip_range           | 0.2         |
|    entropy_loss         | -1.57       |
|    explained_variance   | 0.129       |
|    learning_rate        | 0.0003      |
|    loss                 | 3.42        |
|    n_updates            | 20          |
|    policy_gradient_loss | -0.0171     |
|    value_loss           | 7.73        |
-----------------------------------------
-----------------------------------------
| rollout/                |             |
|    ep_len_mean          | 60          |
|    ep_rew_mean          | 13.5        |
| time/                   |             |
|    fps                  | 164         |
|    iterations           | 4           |
|    time_elapsed         | 49          |
|    total_timesteps      | 8192        |
| train/                  |             |
|    approx_kl            | 0.012462186 |
|    clip_fraction        | 0.0589      |
|    clip_range           | 0.2         |
|    entropy_loss         | -1.53       |
|    explained_variance   | 0.0999      |
|    learning_rate        | 0.0003      |
|    loss                 | 4.18        |
|    n_updates            | 30          |
|    policy_gradient_loss | -0.0111     |
|    value_loss           | 11.2        |
-----------------------------------------
-----------------------------------------
| rollout/                |             |
|    ep_len_mean          | 60          |
|    ep_rew_mean          | 18.4        |
| time/                   |             |
|    fps                  | 159         |
|    iterations           | 5           |
|    time_elapsed         | 64          |
|    total_timesteps      | 10240       |
| train/                  |             |
|    approx_kl            | 0.008953344 |
|    clip_fraction        | 0.0445      |
|    clip_range           | 0.2         |
|    entropy_loss         | -1.47       |
|    explained_variance   | 0.0917      |
|    learning_rate        | 0.0003      |
|    loss                 | 6.25        |
|    n_updates            | 40          |
|    policy_gradient_loss | -0.0099     |
|    value_loss           | 14.4        |
-----------------------------------------
-----------------------------------------
| rollout/                |             |
|    ep_len_mean          | 60          |
|    ep_rew_mean          | 23          |
| time/                   |             |
|    fps                  | 158         |
|    iterations           | 6           |
|    time_elapsed         | 77          |
|    total_timesteps      | 12288       |
| train/                  |             |
|    approx_kl            | 0.010234434 |
|    clip_fraction        | 0.0157      |
|    clip_range           | 0.2         |
|    entropy_loss         | -1.4        |
|    explained_variance   | 0.0716      |
|    learning_rate        | 0.0003      |
|    loss                 | 7.78        |
|    n_updates            | 50          |
|    policy_gradient_loss | -0.00649    |
|    value_loss           | 18.4        |
-----------------------------------------
----------------------------------------
| rollout/                |            |
|    ep_len_mean          | 60         |
|    ep_rew_mean          | 26.3       |
| time/                   |            |
|    fps                  | 157        |
|    iterations           | 7          |
|    time_elapsed         | 91         |
|    total_timesteps      | 14336      |
| train/                  |            |
|    approx_kl            | 0.00855309 |
|    clip_fraction        | 0.0294     |
|    clip_range           | 0.2        |
|    entropy_loss         | -1.32      |
|    explained_variance   | 0.0512     |
|    learning_rate        | 0.0003     |
|    loss                 | 10.4       |
|    n_updates            | 60         |
|    policy_gradient_loss | -0.0071    |
|    value_loss           | 24.3       |
----------------------------------------
-----------------------------------------
| rollout/                |             |
|    ep_len_mean          | 60          |
|    ep_rew_mean          | 29.7        |
| time/                   |             |
|    fps                  | 152         |
|    iterations           | 8           |
|    time_elapsed         | 107         |
|    total_timesteps      | 16384       |
| train/                  |             |
|    approx_kl            | 0.009466534 |
|    clip_fraction        | 0.0242      |
|    clip_range           | 0.2         |
|    entropy_loss         | -1.26       |
|    explained_variance   | 0.0554      |
|    learning_rate        | 0.0003      |
|    loss                 | 15.4        |
|    n_updates            | 70          |
|    policy_gradient_loss | -0.00629    |
|    value_loss           | 30          |
-----------------------------------------
-----------------------------------------
| rollout/                |             |
|    ep_len_mean          | 60          |
|    ep_rew_mean          | 32.2        |
| time/                   |             |
|    fps                  | 149         |
|    iterations           | 9           |
|    time_elapsed         | 123         |
|    total_timesteps      | 18432       |
| train/                  |             |
|    approx_kl            | 0.008553935 |
|    clip_fraction        | 0.0261      |
|    clip_range           | 0.2         |
|    entropy_loss         | -1.16       |
|    explained_variance   | 0.0185      |
|    learning_rate        | 0.0003      |
|    loss                 | 15.1        |
|    n_updates            | 80          |
|    policy_gradient_loss | -0.00648    |
|    value_loss           | 32.3        |
-----------------------------------------
-----------------------------------------
| rollout/                |             |
|    ep_len_mean          | 60          |
|    ep_rew_mean          | 33.8        |
| time/                   |             |
|    fps                  | 148         |
|    iterations           | 10          |
|    time_elapsed         | 137         |
|    total_timesteps      | 20480       |
| train/                  |             |
|    approx_kl            | 0.008780212 |
|    clip_fraction        | 0.00713     |
|    clip_range           | 0.2         |
|    entropy_loss         | -1.09       |
|    explained_variance   | 0.0408      |
|    learning_rate        | 0.0003      |
|    loss                 | 16.9        |
|    n_updates            | 90          |
|    policy_gradient_loss | -0.00276    |
|    value_loss           | 34.7        |
-----------------------------------------
----------------------------------------
| rollout/                |            |
|    ep_len_mean          | 60         |
|    ep_rew_mean          | 34.8       |
| time/                   |            |
|    fps                  | 148        |
|    iterations           | 11         |
|    time_elapsed         | 152        |
|    total_timesteps      | 22528      |
| train/                  |            |
|    approx_kl            | 0.00424585 |
|    clip_fraction        | 0.0289     |
|    clip_range           | 0.2        |
|    entropy_loss         | -1         |
|    explained_variance   | 0.0356     |
|    learning_rate        | 0.0003     |
|    loss                 | 18.3       |
|    n_updates            | 100        |
|    policy_gradient_loss | -0.00457   |
|    value_loss           | 37.5       |
----------------------------------------
---------------------------------------
| rollout/                |           |
|    ep_len_mean          | 60        |
|    ep_rew_mean          | 35.4      |
| time/                   |           |
|    fps                  | 147       |
|    iterations           | 12        |
|    time_elapsed         | 166       |
|    total_timesteps      | 24576     |
| train/                  |           |
|    approx_kl            | 0.0046787 |
|    clip_fraction        | 0.0243    |
|    clip_range           | 0.2       |
|    entropy_loss         | -0.964    |
|    explained_variance   | 0.0727    |
|    learning_rate        | 0.0003    |
|    loss                 | 22.2      |
|    n_updates            | 110       |
|    policy_gradient_loss | -0.00534  |
|    value_loss           | 41        |
---------------------------------------
------------------------------------------
| rollout/                |              |
|    ep_len_mean          | 60           |
|    ep_rew_mean          | 36.7         |
| time/                   |              |
|    fps                  | 144          |
|    iterations           | 13           |
|    time_elapsed         | 184          |
|    total_timesteps      | 26624        |
| train/                  |              |
|    approx_kl            | 0.0055684308 |
|    clip_fraction        | 0.022        |
|    clip_range           | 0.2          |
|    entropy_loss         | -0.907       |
|    explained_variance   | 0.0764       |
|    learning_rate        | 0.0003       |
|    loss                 | 20.9         |
|    n_updates            | 120          |
|    policy_gradient_loss | -0.00343     |
|    value_loss           | 45           |
------------------------------------------
------------------------------------------
| rollout/                |              |
|    ep_len_mean          | 60           |
|    ep_rew_mean          | 37.4         |
| time/                   |              |
|    fps                  | 142          |
|    iterations           | 14           |
|    time_elapsed         | 200          |
|    total_timesteps      | 28672        |
| train/                  |              |
|    approx_kl            | 0.0024661752 |
|    clip_fraction        | 0.0142       |
|    clip_range           | 0.2          |
|    entropy_loss         | -0.896       |
|    explained_variance   | 0.102        |
|    learning_rate        | 0.0003       |
|    loss                 | 23.4         |
|    n_updates            | 130          |
|    policy_gradient_loss | -0.00258     |
|    value_loss           | 44.3         |
------------------------------------------
------------------------------------------
| rollout/                |              |
|    ep_len_mean          | 60           |
|    ep_rew_mean          | 37.9         |
| time/                   |              |
|    fps                  | 142          |
|    iterations           | 15           |
|    time_elapsed         | 215          |
|    total_timesteps      | 30720        |
| train/                  |              |
|    approx_kl            | 0.0025450513 |
|    clip_fraction        | 0.00947      |
|    clip_range           | 0.2          |
|    entropy_loss         | -0.895       |
|    explained_variance   | 0.0929       |
|    learning_rate        | 0.0003       |
|    loss                 | 23.4         |
|    n_updates            | 140          |
|    policy_gradient_loss | -0.0026      |
|    value_loss           | 48.8         |
------------------------------------------
------------------------------------------
| rollout/                |              |
|    ep_len_mean          | 60           |
|    ep_rew_mean          | 38.5         |
| time/                   |              |
|    fps                  | 141          |
|    iterations           | 16           |
|    time_elapsed         | 231          |
|    total_timesteps      | 32768        |
| train/                  |              |
|    approx_kl            | 0.0045207073 |
|    clip_fraction        | 0.0377       |
|    clip_range           | 0.2          |
|    entropy_loss         | -0.913       |
|    explained_variance   | 0.0928       |
|    learning_rate        | 0.0003       |
|    loss                 | 25.8         |
|    n_updates            | 150          |
|    policy_gradient_loss | -0.00471     |
|    value_loss           | 50.4         |
------------------------------------------
------------------------------------------
| rollout/                |              |
|    ep_len_mean          | 60           |
|    ep_rew_mean          | 39.3         |
| time/                   |              |
|    fps                  | 141          |
|    iterations           | 17           |
|    time_elapsed         | 245          |
|    total_timesteps      | 34816        |
| train/                  |              |
|    approx_kl            | 0.0037939753 |
|    clip_fraction        | 0.0199       |
|    clip_range           | 0.2          |
|    entropy_loss         | -0.87        |
|    explained_variance   | 0.0931       |
|    learning_rate        | 0.0003       |
|    loss                 | 25.3         |
|    n_updates            | 160          |
|    policy_gradient_loss | -0.00294     |
|    value_loss           | 50.2         |
------------------------------------------
------------------------------------------
| rollout/                |              |
|    ep_len_mean          | 60           |
|    ep_rew_mean          | 39.3         |
| time/                   |              |
|    fps                  | 141          |
|    iterations           | 18           |
|    time_elapsed         | 260          |
|    total_timesteps      | 36864        |
| train/                  |              |
|    approx_kl            | 0.0058428496 |
|    clip_fraction        | 0.0306       |
|    clip_range           | 0.2          |
|    entropy_loss         | -0.89        |
|    explained_variance   | 0.0825       |
|    learning_rate        | 0.0003       |
|    loss                 | 25.9         |
|    n_updates            | 170          |
|    policy_gradient_loss | -0.00353     |
|    value_loss           | 55.1         |
------------------------------------------
------------------------------------------
| rollout/                |              |
|    ep_len_mean          | 60           |
|    ep_rew_mean          | 39           |
| time/                   |              |
|    fps                  | 140          |
|    iterations           | 19           |
|    time_elapsed         | 276          |
|    total_timesteps      | 38912        |
| train/                  |              |
|    approx_kl            | 0.0056829145 |
|    clip_fraction        | 0.0386       |
|    clip_range           | 0.2          |
|    entropy_loss         | -0.895       |
|    explained_variance   | 0.0738       |
|    learning_rate        | 0.0003       |
|    loss                 | 20.1         |
|    n_updates            | 180          |
|    policy_gradient_loss | -0.00463     |
|    value_loss           | 51.5         |
------------------------------------------
------------------------------------------
| rollout/                |              |
|    ep_len_mean          | 60           |
|    ep_rew_mean          | 38.4         |
| time/                   |              |
|    fps                  | 139          |
|    iterations           | 20           |
|    time_elapsed         | 294          |
|    total_timesteps      | 40960        |
| train/                  |              |
|    approx_kl            | 0.0035993888 |
|    clip_fraction        | 0.00459      |
|    clip_range           | 0.2          |
|    entropy_loss         | -0.867       |
|    explained_variance   | 0.0985       |
|    learning_rate        | 0.0003       |
|    loss                 | 30.3         |
|    n_updates            | 190          |
|    policy_gradient_loss | -0.00254     |
|    value_loss           | 57           |
------------------------------------------
-----------------------------------------
| rollout/                |             |
|    ep_len_mean          | 60          |
|    ep_rew_mean          | 38.3        |
| time/                   |             |
|    fps                  | 139         |
|    iterations           | 21          |
|    time_elapsed         | 308         |
|    total_timesteps      | 43008       |
| train/                  |             |
|    approx_kl            | 0.003813582 |
|    clip_fraction        | 0.0176      |
|    clip_range           | 0.2         |
|    entropy_loss         | -0.834      |
|    explained_variance   | 0.134       |
|    learning_rate        | 0.0003      |
|    loss                 | 27.5        |
|    n_updates            | 200         |
|    policy_gradient_loss | -0.00509    |
|    value_loss           | 51.4        |
-----------------------------------------
-----------------------------------------
| rollout/                |             |
|    ep_len_mean          | 60          |
|    ep_rew_mean          | 38.9        |
| time/                   |             |
|    fps                  | 139         |
|    iterations           | 22          |
|    time_elapsed         | 323         |
|    total_timesteps      | 45056       |
| train/                  |             |
|    approx_kl            | 0.004803852 |
|    clip_fraction        | 0.004       |
|    clip_range           | 0.2         |
|    entropy_loss         | -0.802      |
|    explained_variance   | 0.106       |
|    learning_rate        | 0.0003      |
|    loss                 | 30.5        |
|    n_updates            | 210         |
|    policy_gradient_loss | -0.00299    |
|    value_loss           | 57.5        |
-----------------------------------------
-----------------------------------------
| rollout/                |             |
|    ep_len_mean          | 60          |
|    ep_rew_mean          | 40.2        |
| time/                   |             |
|    fps                  | 139         |
|    iterations           | 23          |
|    time_elapsed         | 338         |
|    total_timesteps      | 47104       |
| train/                  |             |
|    approx_kl            | 0.005778211 |
|    clip_fraction        | 0.0539      |
|    clip_range           | 0.2         |
|    entropy_loss         | -0.715      |
|    explained_variance   | 0.105       |
|    learning_rate        | 0.0003      |
|    loss                 | 25.8        |
|    n_updates            | 220         |
|    policy_gradient_loss | -0.00733    |
|    value_loss           | 53.7        |
-----------------------------------------
-----------------------------------------
| rollout/                |             |
|    ep_len_mean          | 60          |
|    ep_rew_mean          | 41.1        |
| time/                   |             |
|    fps                  | 138         |
|    iterations           | 24          |
|    time_elapsed         | 354         |
|    total_timesteps      | 49152       |
| train/                  |             |
|    approx_kl            | 0.003385291 |
|    clip_fraction        | 0.0208      |
|    clip_range           | 0.2         |
|    entropy_loss         | -0.693      |
|    explained_variance   | 0.0874      |
|    learning_rate        | 0.0003      |
|    loss                 | 34.9        |
|    n_updates            | 230         |
|    policy_gradient_loss | -0.00408    |
|    value_loss           | 59.6        |
-----------------------------------------
------------------------------------------
| rollout/                |              |
|    ep_len_mean          | 60           |
|    ep_rew_mean          | 41.8         |
| time/                   |              |
|    fps                  | 138          |
|    iterations           | 25           |
|    time_elapsed         | 369          |
|    total_timesteps      | 51200        |
| train/                  |              |
|    approx_kl            | 0.0036226362 |
|    clip_fraction        | 0.03         |
|    clip_range           | 0.2          |
|    entropy_loss         | -0.671       |
|    explained_variance   | 0.141        |
|    learning_rate        | 0.0003       |
|    loss                 | 26.4         |
|    n_updates            | 240          |
|    policy_gradient_loss | -0.00453     |
|    value_loss           | 56.1         |
------------------------------------------
    evaluating (100 episodes)...
    eval: 20/100 episodes
    eval: 40/100 episodes
    eval: 60/100 episodes
    eval: 80/100 episodes
    eval: 100/100 episodes
  handover_penalty=0.3 ...
Using cpu device
---------------------------------
| rollout/           |          |
|    ep_len_mean     | 60       |
|    ep_rew_mean     | -2.83    |
| time/              |          |
|    fps             | 178      |
|    iterations      | 1        |
|    time_elapsed    | 11       |
|    total_timesteps | 2048     |
---------------------------------
-----------------------------------------
| rollout/                |             |
|    ep_len_mean          | 60          |
|    ep_rew_mean          | 0.0761      |
| time/                   |             |
|    fps                  | 171         |
|    iterations           | 2           |
|    time_elapsed         | 23          |
|    total_timesteps      | 4096        |
| train/                  |             |
|    approx_kl            | 0.016130738 |
|    clip_fraction        | 0.162       |
|    clip_range           | 0.2         |
|    entropy_loss         | -1.6        |
|    explained_variance   | -0.0162     |
|    learning_rate        | 0.0003      |
|    loss                 | 2.73        |
|    n_updates            | 10          |
|    policy_gradient_loss | -0.0217     |
|    value_loss           | 6.63        |
-----------------------------------------
-----------------------------------------
| rollout/                |             |
|    ep_len_mean          | 60          |
|    ep_rew_mean          | 2.94        |
| time/                   |             |
|    fps                  | 158         |
|    iterations           | 3           |
|    time_elapsed         | 38          |
|    total_timesteps      | 6144        |
| train/                  |             |
|    approx_kl            | 0.015749227 |
|    clip_fraction        | 0.152       |
|    clip_range           | 0.2         |
|    entropy_loss         | -1.56       |
|    explained_variance   | 0.135       |
|    learning_rate        | 0.0003      |
|    loss                 | 2.61        |
|    n_updates            | 20          |
|    policy_gradient_loss | -0.0218     |
|    value_loss           | 5.58        |
-----------------------------------------
-----------------------------------------
| rollout/                |             |
|    ep_len_mean          | 60          |
|    ep_rew_mean          | 9.4         |
| time/                   |             |
|    fps                  | 157         |
|    iterations           | 4           |
|    time_elapsed         | 52          |
|    total_timesteps      | 8192        |
| train/                  |             |
|    approx_kl            | 0.013648567 |
|    clip_fraction        | 0.0983      |
|    clip_range           | 0.2         |
|    entropy_loss         | -1.52       |
|    explained_variance   | 0.109       |
|    learning_rate        | 0.0003      |
|    loss                 | 2.99        |
|    n_updates            | 30          |
|    policy_gradient_loss | -0.016      |
|    value_loss           | 7.81        |
-----------------------------------------
-----------------------------------------
| rollout/                |             |
|    ep_len_mean          | 60          |
|    ep_rew_mean          | 14.6        |
| time/                   |             |
|    fps                  | 153         |
|    iterations           | 5           |
|    time_elapsed         | 66          |
|    total_timesteps      | 10240       |
| train/                  |             |
|    approx_kl            | 0.011463482 |
|    clip_fraction        | 0.0576      |
|    clip_range           | 0.2         |
|    entropy_loss         | -1.46       |
|    explained_variance   | 0.116       |
|    learning_rate        | 0.0003      |
|    loss                 | 4.26        |
|    n_updates            | 40          |
|    policy_gradient_loss | -0.0119     |
|    value_loss           | 10.2        |
-----------------------------------------
------------------------------------------
| rollout/                |              |
|    ep_len_mean          | 60           |
|    ep_rew_mean          | 19.5         |
| time/                   |              |
|    fps                  | 149          |
|    iterations           | 6            |
|    time_elapsed         | 82           |
|    total_timesteps      | 12288        |
| train/                  |              |
|    approx_kl            | 0.0104880575 |
|    clip_fraction        | 0.0189       |
|    clip_range           | 0.2          |
|    entropy_loss         | -1.38        |
|    explained_variance   | 0.0803       |
|    learning_rate        | 0.0003       |
|    loss                 | 5.6          |
|    n_updates            | 50           |
|    policy_gradient_loss | -0.00679     |
|    value_loss           | 13.9         |
------------------------------------------
----------------------------------------
| rollout/                |            |
|    ep_len_mean          | 60         |
|    ep_rew_mean          | 22.9       |
| time/                   |            |
|    fps                  | 147        |
|    iterations           | 7          |
|    time_elapsed         | 97         |
|    total_timesteps      | 14336      |
| train/                  |            |
|    approx_kl            | 0.00716972 |
|    clip_fraction        | 0.0235     |
|    clip_range           | 0.2        |
|    entropy_loss         | -1.29      |
|    explained_variance   | 0.053      |
|    learning_rate        | 0.0003     |
|    loss                 | 7.59       |
|    n_updates            | 60         |
|    policy_gradient_loss | -0.00688   |
|    value_loss           | 18.1       |
----------------------------------------
-----------------------------------------
| rollout/                |             |
|    ep_len_mean          | 60          |
|    ep_rew_mean          | 26.6        |
| time/                   |             |
|    fps                  | 145         |
|    iterations           | 8           |
|    time_elapsed         | 112         |
|    total_timesteps      | 16384       |
| train/                  |             |
|    approx_kl            | 0.009743085 |
|    clip_fraction        | 0.0184      |
|    clip_range           | 0.2         |
|    entropy_loss         | -1.22       |
|    explained_variance   | 0.0562      |
|    learning_rate        | 0.0003      |
|    loss                 | 12          |
|    n_updates            | 70          |
|    policy_gradient_loss | -0.00692    |
|    value_loss           | 23.1        |
-----------------------------------------
-----------------------------------------
| rollout/                |             |
|    ep_len_mean          | 60          |
|    ep_rew_mean          | 29.5        |
| time/                   |             |
|    fps                  | 142         |
|    iterations           | 9           |
|    time_elapsed         | 128         |
|    total_timesteps      | 18432       |
| train/                  |             |
|    approx_kl            | 0.008760678 |
|    clip_fraction        | 0.0313      |
|    clip_range           | 0.2         |
|    entropy_loss         | -1.1        |
|    explained_variance   | 0.012       |
|    learning_rate        | 0.0003      |
|    loss                 | 12.6        |
|    n_updates            | 80          |
|    policy_gradient_loss | -0.00662    |
|    value_loss           | 26.8        |
-----------------------------------------
-----------------------------------------
| rollout/                |             |
|    ep_len_mean          | 60          |
|    ep_rew_mean          | 31.4        |
| time/                   |             |
|    fps                  | 142         |
|    iterations           | 10          |
|    time_elapsed         | 143         |
|    total_timesteps      | 20480       |
| train/                  |             |
|    approx_kl            | 0.003670199 |
|    clip_fraction        | 0.0084      |
|    clip_range           | 0.2         |
|    entropy_loss         | -1.03       |
|    explained_variance   | 0.0307      |
|    learning_rate        | 0.0003      |
|    loss                 | 14.5        |
|    n_updates            | 90          |
|    policy_gradient_loss | -0.0029     |
|    value_loss           | 29.6        |
-----------------------------------------
------------------------------------------
| rollout/                |              |
|    ep_len_mean          | 60           |
|    ep_rew_mean          | 33           |
| time/                   |              |
|    fps                  | 140          |
|    iterations           | 11           |
|    time_elapsed         | 159          |
|    total_timesteps      | 22528        |
| train/                  |              |
|    approx_kl            | 0.0071029277 |
|    clip_fraction        | 0.0428       |
|    clip_range           | 0.2          |
|    entropy_loss         | -0.927       |
|    explained_variance   | 0.0232       |
|    learning_rate        | 0.0003       |
|    loss                 | 16           |
|    n_updates            | 100          |
|    policy_gradient_loss | -0.00692     |
|    value_loss           | 32.1         |
------------------------------------------
------------------------------------------
| rollout/                |              |
|    ep_len_mean          | 60           |
|    ep_rew_mean          | 33.8         |
| time/                   |              |
|    fps                  | 139          |
|    iterations           | 12           |
|    time_elapsed         | 176          |
|    total_timesteps      | 24576        |
| train/                  |              |
|    approx_kl            | 0.0048811706 |
|    clip_fraction        | 0.0183       |
|    clip_range           | 0.2          |
|    entropy_loss         | -0.866       |
|    explained_variance   | 0.0574       |
|    learning_rate        | 0.0003       |
|    loss                 | 19           |
|    n_updates            | 110          |
|    policy_gradient_loss | -0.0045      |
|    value_loss           | 35.4         |
------------------------------------------
------------------------------------------
| rollout/                |              |
|    ep_len_mean          | 60           |
|    ep_rew_mean          | 35.7         |
| time/                   |              |
|    fps                  | 137          |
|    iterations           | 13           |
|    time_elapsed         | 193          |
|    total_timesteps      | 26624        |
| train/                  |              |
|    approx_kl            | 0.0041826395 |
|    clip_fraction        | 0.0236       |
|    clip_range           | 0.2          |
|    entropy_loss         | -0.781       |
|    explained_variance   | 0.0608       |
|    learning_rate        | 0.0003       |
|    loss                 | 18.4         |
|    n_updates            | 120          |
|    policy_gradient_loss | -0.00413     |
|    value_loss           | 40           |
------------------------------------------
------------------------------------------
| rollout/                |              |
|    ep_len_mean          | 60           |
|    ep_rew_mean          | 36.4         |
| time/                   |              |
|    fps                  | 137          |
|    iterations           | 14           |
|    time_elapsed         | 208          |
|    total_timesteps      | 28672        |
| train/                  |              |
|    approx_kl            | 0.0015222172 |
|    clip_fraction        | 0.00654      |
|    clip_range           | 0.2          |
|    entropy_loss         | -0.768       |
|    explained_variance   | 0.093        |
|    learning_rate        | 0.0003       |
|    loss                 | 20.4         |
|    n_updates            | 130          |
|    policy_gradient_loss | -0.00154     |
|    value_loss           | 38.9         |
------------------------------------------
------------------------------------------
| rollout/                |              |
|    ep_len_mean          | 60           |
|    ep_rew_mean          | 37           |
| time/                   |              |
|    fps                  | 135          |
|    iterations           | 15           |
|    time_elapsed         | 225          |
|    total_timesteps      | 30720        |
| train/                  |              |
|    approx_kl            | 0.0022204123 |
|    clip_fraction        | 0.00913      |
|    clip_range           | 0.2          |
|    entropy_loss         | -0.767       |
|    explained_variance   | 0.0879       |
|    learning_rate        | 0.0003       |
|    loss                 | 21           |
|    n_updates            | 140          |
|    policy_gradient_loss | -0.0024      |
|    value_loss           | 43.5         |
------------------------------------------
------------------------------------------
| rollout/                |              |
|    ep_len_mean          | 60           |
|    ep_rew_mean          | 37.5         |
| time/                   |              |
|    fps                  | 135          |
|    iterations           | 16           |
|    time_elapsed         | 240          |
|    total_timesteps      | 32768        |
| train/                  |              |
|    approx_kl            | 0.0035728207 |
|    clip_fraction        | 0.0321       |
|    clip_range           | 0.2          |
|    entropy_loss         | -0.778       |
|    explained_variance   | 0.0887       |
|    learning_rate        | 0.0003       |
|    loss                 | 23.9         |
|    n_updates            | 150          |
|    policy_gradient_loss | -0.00393     |
|    value_loss           | 46           |
------------------------------------------
------------------------------------------
| rollout/                |              |
|    ep_len_mean          | 60           |
|    ep_rew_mean          | 38.4         |
| time/                   |              |
|    fps                  | 135          |
|    iterations           | 17           |
|    time_elapsed         | 257          |
|    total_timesteps      | 34816        |
| train/                  |              |
|    approx_kl            | 0.0024223244 |
|    clip_fraction        | 0.0064       |
|    clip_range           | 0.2          |
|    entropy_loss         | -0.725       |
|    explained_variance   | 0.0921       |
|    learning_rate        | 0.0003       |
|    loss                 | 23.1         |
|    n_updates            | 160          |
|    policy_gradient_loss | -0.0027      |
|    value_loss           | 46.2         |
------------------------------------------
------------------------------------------
| rollout/                |              |
|    ep_len_mean          | 60           |
|    ep_rew_mean          | 38.8         |
| time/                   |              |
|    fps                  | 135          |
|    iterations           | 18           |
|    time_elapsed         | 272          |
|    total_timesteps      | 36864        |
| train/                  |              |
|    approx_kl            | 0.0027162903 |
|    clip_fraction        | 0.0142       |
|    clip_range           | 0.2          |
|    entropy_loss         | -0.701       |
|    explained_variance   | 0.0755       |
|    learning_rate        | 0.0003       |
|    loss                 | 23.7         |
|    n_updates            | 170          |
|    policy_gradient_loss | -0.00253     |
|    value_loss           | 50.5         |
------------------------------------------
------------------------------------------
| rollout/                |              |
|    ep_len_mean          | 60           |
|    ep_rew_mean          | 38.9         |
| time/                   |              |
|    fps                  | 135          |
|    iterations           | 19           |
|    time_elapsed         | 288          |
|    total_timesteps      | 38912        |
| train/                  |              |
|    approx_kl            | 0.0035032663 |
|    clip_fraction        | 0.0084       |
|    clip_range           | 0.2          |
|    entropy_loss         | -0.706       |
|    explained_variance   | 0.0723       |
|    learning_rate        | 0.0003       |
|    loss                 | 19.1         |
|    n_updates            | 180          |
|    policy_gradient_loss | -0.00174     |
|    value_loss           | 48.4         |
------------------------------------------
------------------------------------------
| rollout/                |              |
|    ep_len_mean          | 60           |
|    ep_rew_mean          | 38.5         |
| time/                   |              |
|    fps                  | 134          |
|    iterations           | 20           |
|    time_elapsed         | 303          |
|    total_timesteps      | 40960        |
| train/                  |              |
|    approx_kl            | 0.0025503992 |
|    clip_fraction        | 0.0111       |
|    clip_range           | 0.2          |
|    entropy_loss         | -0.673       |
|    explained_variance   | 0.0892       |
|    learning_rate        | 0.0003       |
|    loss                 | 28.9         |
|    n_updates            | 190          |
|    policy_gradient_loss | -0.00372     |
|    value_loss           | 54.6         |
------------------------------------------
------------------------------------------
| rollout/                |              |
|    ep_len_mean          | 60           |
|    ep_rew_mean          | 38.8         |
| time/                   |              |
|    fps                  | 134          |
|    iterations           | 21           |
|    time_elapsed         | 320          |
|    total_timesteps      | 43008        |
| train/                  |              |
|    approx_kl            | 0.0034270317 |
|    clip_fraction        | 0.0162       |
|    clip_range           | 0.2          |
|    entropy_loss         | -0.638       |
|    explained_variance   | 0.13         |
|    learning_rate        | 0.0003       |
|    loss                 | 25.4         |
|    n_updates            | 200          |
|    policy_gradient_loss | -0.00288     |
|    value_loss           | 48.3         |
------------------------------------------
------------------------------------------
| rollout/                |              |
|    ep_len_mean          | 60           |
|    ep_rew_mean          | 39.4         |
| time/                   |              |
|    fps                  | 134          |
|    iterations           | 22           |
|    time_elapsed         | 335          |
|    total_timesteps      | 45056        |
| train/                  |              |
|    approx_kl            | 0.0027511967 |
|    clip_fraction        | 0.0137       |
|    clip_range           | 0.2          |
|    entropy_loss         | -0.581       |
|    explained_variance   | 0.106        |
|    learning_rate        | 0.0003       |
|    loss                 | 29.6         |
|    n_updates            | 210          |
|    policy_gradient_loss | -0.00274     |
|    value_loss           | 54.5         |
------------------------------------------
-----------------------------------------
| rollout/                |             |
|    ep_len_mean          | 60          |
|    ep_rew_mean          | 40.4        |
| time/                   |             |
|    fps                  | 133         |
|    iterations           | 23          |
|    time_elapsed         | 352         |
|    total_timesteps      | 47104       |
| train/                  |             |
|    approx_kl            | 0.003969344 |
|    clip_fraction        | 0.0452      |
|    clip_range           | 0.2         |
|    entropy_loss         | -0.528      |
|    explained_variance   | 0.1         |
|    learning_rate        | 0.0003      |
|    loss                 | 24.7        |
|    n_updates            | 220         |
|    policy_gradient_loss | -0.00506    |
|    value_loss           | 51.8        |
-----------------------------------------
------------------------------------------
| rollout/                |              |
|    ep_len_mean          | 60           |
|    ep_rew_mean          | 40.9         |
| time/                   |              |
|    fps                  | 133          |
|    iterations           | 24           |
|    time_elapsed         | 368          |
|    total_timesteps      | 49152        |
| train/                  |              |
|    approx_kl            | 0.0013566366 |
|    clip_fraction        | 0.00581      |
|    clip_range           | 0.2          |
|    entropy_loss         | -0.518       |
|    explained_variance   | 0.0886       |
|    learning_rate        | 0.0003       |
|    loss                 | 33.8         |
|    n_updates            | 230          |
|    policy_gradient_loss | -0.00112     |
|    value_loss           | 57.9         |
------------------------------------------
----------------------------------------
| rollout/                |            |
|    ep_len_mean          | 60         |
|    ep_rew_mean          | 41.5       |
| time/                   |            |
|    fps                  | 132        |
|    iterations           | 25         |
|    time_elapsed         | 385        |
|    total_timesteps      | 51200      |
| train/                  |            |
|    approx_kl            | 0.00171876 |
|    clip_fraction        | 0.0169     |
|    clip_range           | 0.2        |
|    entropy_loss         | -0.497     |
|    explained_variance   | 0.14       |
|    learning_rate        | 0.0003     |
|    loss                 | 24.7       |
|    n_updates            | 240        |
|    policy_gradient_loss | -0.00355   |
|    value_loss           | 54.1       |
----------------------------------------
    evaluating (100 episodes)...
    eval: 20/100 episodes
    eval: 40/100 episodes
    eval: 60/100 episodes
    eval: 80/100 episodes
    eval: 100/100 episodes
  handover_penalty=0.5 ...
Using cpu device
---------------------------------
| rollout/           |          |
|    ep_len_mean     | 60       |
|    ep_rew_mean     | -8.14    |
| time/              |          |
|    fps             | 188      |
|    iterations      | 1        |
|    time_elapsed    | 10       |
|    total_timesteps | 2048     |
---------------------------------
-----------------------------------------
| rollout/                |             |
|    ep_len_mean          | 60          |
|    ep_rew_mean          | -5.22       |
| time/                   |             |
|    fps                  | 182         |
|    iterations           | 2           |
|    time_elapsed         | 22          |
|    total_timesteps      | 4096        |
| train/                  |             |
|    approx_kl            | 0.016913172 |
|    clip_fraction        | 0.175       |
|    clip_range           | 0.2         |
|    entropy_loss         | -1.6        |
|    explained_variance   | -0.0164     |
|    learning_rate        | 0.0003      |
|    loss                 | 2.55        |
|    n_updates            | 10          |
|    policy_gradient_loss | -0.0234     |
|    value_loss           | 6.3         |
-----------------------------------------
-----------------------------------------
| rollout/                |             |
|    ep_len_mean          | 60          |
|    ep_rew_mean          | -2.45       |
| time/                   |             |
|    fps                  | 173         |
|    iterations           | 3           |
|    time_elapsed         | 35          |
|    total_timesteps      | 6144        |
| train/                  |             |
|    approx_kl            | 0.016971901 |
|    clip_fraction        | 0.215       |
|    clip_range           | 0.2         |
|    entropy_loss         | -1.56       |
|    explained_variance   | 0.0833      |
|    learning_rate        | 0.0003      |
|    loss                 | 2.02        |
|    n_updates            | 20          |
|    policy_gradient_loss | -0.0279     |
|    value_loss           | 4.15        |
-----------------------------------------
-----------------------------------------
| rollout/                |             |
|    ep_len_mean          | 60          |
|    ep_rew_mean          | 4.17        |
| time/                   |             |
|    fps                  | 162         |
|    iterations           | 4           |
|    time_elapsed         | 50          |
|    total_timesteps      | 8192        |
| train/                  |             |
|    approx_kl            | 0.017257502 |
|    clip_fraction        | 0.155       |
|    clip_range           | 0.2         |
|    entropy_loss         | -1.5        |
|    explained_variance   | 0.102       |
|    learning_rate        | 0.0003      |
|    loss                 | 1.96        |
|    n_updates            | 30          |
|    policy_gradient_loss | -0.0239     |
|    value_loss           | 5.04        |
-----------------------------------------
-----------------------------------------
| rollout/                |             |
|    ep_len_mean          | 60          |
|    ep_rew_mean          | 9.62        |
| time/                   |             |
|    fps                  | 158         |
|    iterations           | 5           |
|    time_elapsed         | 64          |
|    total_timesteps      | 10240       |
| train/                  |             |
|    approx_kl            | 0.013778351 |
|    clip_fraction        | 0.0848      |
|    clip_range           | 0.2         |
|    entropy_loss         | -1.43       |
|    explained_variance   | 0.123       |
|    learning_rate        | 0.0003      |
|    loss                 | 2.46        |
|    n_updates            | 40          |
|    policy_gradient_loss | -0.0166     |
|    value_loss           | 6.27        |
-----------------------------------------
------------------------------------------
| rollout/                |              |
|    ep_len_mean          | 60           |
|    ep_rew_mean          | 14.9         |
| time/                   |              |
|    fps                  | 151          |
|    iterations           | 6            |
|    time_elapsed         | 81           |
|    total_timesteps      | 12288        |
| train/                  |              |
|    approx_kl            | 0.0108422935 |
|    clip_fraction        | 0.0259       |
|    clip_range           | 0.2          |
|    entropy_loss         | -1.36        |
|    explained_variance   | 0.114        |
|    learning_rate        | 0.0003       |
|    loss                 | 3.07         |
|    n_updates            | 50           |
|    policy_gradient_loss | -0.00725     |
|    value_loss           | 8.62         |
------------------------------------------
-----------------------------------------
| rollout/                |             |
|    ep_len_mean          | 60          |
|    ep_rew_mean          | 18.7        |
| time/                   |             |
|    fps                  | 146         |
|    iterations           | 7           |
|    time_elapsed         | 97          |
|    total_timesteps      | 14336       |
| train/                  |             |
|    approx_kl            | 0.008653107 |
|    clip_fraction        | 0.0267      |
|    clip_range           | 0.2         |
|    entropy_loss         | -1.26       |
|    explained_variance   | 0.0527      |
|    learning_rate        | 0.0003      |
|    loss                 | 4.66        |
|    n_updates            | 60          |
|    policy_gradient_loss | -0.00746    |
|    value_loss           | 11.8        |
-----------------------------------------
-----------------------------------------
| rollout/                |             |
|    ep_len_mean          | 60          |
|    ep_rew_mean          | 22.9        |
| time/                   |             |
|    fps                  | 143         |
|    iterations           | 8           |
|    time_elapsed         | 113         |
|    total_timesteps      | 16384       |
| train/                  |             |
|    approx_kl            | 0.012878545 |
|    clip_fraction        | 0.0306      |
|    clip_range           | 0.2         |
|    entropy_loss         | -1.17       |
|    explained_variance   | 0.0534      |
|    learning_rate        | 0.0003      |
|    loss                 | 8           |
|    n_updates            | 70          |
|    policy_gradient_loss | -0.00762    |
|    value_loss           | 16.3        |
-----------------------------------------
-----------------------------------------
| rollout/                |             |
|    ep_len_mean          | 60          |
|    ep_rew_mean          | 26.3        |
| time/                   |             |
|    fps                  | 140         |
|    iterations           | 9           |
|    time_elapsed         | 131         |
|    total_timesteps      | 18432       |
| train/                  |             |
|    approx_kl            | 0.008736008 |
|    clip_fraction        | 0.0335      |
|    clip_range           | 0.2         |
|    entropy_loss         | -1.05       |
|    explained_variance   | 0.00436     |
|    learning_rate        | 0.0003      |
|    loss                 | 9.46        |
|    n_updates            | 80          |
|    policy_gradient_loss | -0.00746    |
|    value_loss           | 20.3        |
-----------------------------------------
------------------------------------------
| rollout/                |              |
|    ep_len_mean          | 60           |
|    ep_rew_mean          | 28.6         |
| time/                   |              |
|    fps                  | 139          |
|    iterations           | 10           |
|    time_elapsed         | 146          |
|    total_timesteps      | 20480        |
| train/                  |              |
|    approx_kl            | 0.0070677116 |
|    clip_fraction        | 0.0103       |
|    clip_range           | 0.2          |
|    entropy_loss         | -0.962       |
|    explained_variance   | 0.0201       |
|    learning_rate        | 0.0003       |
|    loss                 | 11.4         |
|    n_updates            | 90           |
|    policy_gradient_loss | -0.00378     |
|    value_loss           | 23.7         |
------------------------------------------
-----------------------------------------
| rollout/                |             |
|    ep_len_mean          | 60          |
|    ep_rew_mean          | 30.6        |
| time/                   |             |
|    fps                  | 138         |
|    iterations           | 11          |
|    time_elapsed         | 162         |
|    total_timesteps      | 22528       |
| train/                  |             |
|    approx_kl            | 0.008087661 |
|    clip_fraction        | 0.0521      |
|    clip_range           | 0.2         |
|    entropy_loss         | -0.834      |
|    explained_variance   | 0.00615     |
|    learning_rate        | 0.0003      |
|    loss                 | 12.6        |
|    n_updates            | 100         |
|    policy_gradient_loss | -0.0071     |
|    value_loss           | 26          |
-----------------------------------------
------------------------------------------
| rollout/                |              |
|    ep_len_mean          | 60           |
|    ep_rew_mean          | 32.2         |
| time/                   |              |
|    fps                  | 137          |
|    iterations           | 12           |
|    time_elapsed         | 178          |
|    total_timesteps      | 24576        |
| train/                  |              |
|    approx_kl            | 0.0048661847 |
|    clip_fraction        | 0.0244       |
|    clip_range           | 0.2          |
|    entropy_loss         | -0.746       |
|    explained_variance   | 0.0442       |
|    learning_rate        | 0.0003       |
|    loss                 | 15.4         |
|    n_updates            | 110          |
|    policy_gradient_loss | -0.004       |
|    value_loss           | 30.1         |
------------------------------------------
------------------------------------------
| rollout/                |              |
|    ep_len_mean          | 60           |
|    ep_rew_mean          | 34.5         |
| time/                   |              |
|    fps                  | 134          |
|    iterations           | 13           |
|    time_elapsed         | 197          |
|    total_timesteps      | 26624        |
| train/                  |              |
|    approx_kl            | 0.0024264597 |
|    clip_fraction        | 0.0198       |
|    clip_range           | 0.2          |
|    entropy_loss         | -0.65        |
|    explained_variance   | 0.0474       |
|    learning_rate        | 0.0003       |
|    loss                 | 16.4         |
|    n_updates            | 120          |
|    policy_gradient_loss | -0.00336     |
|    value_loss           | 35.7         |
------------------------------------------
------------------------------------------
| rollout/                |              |
|    ep_len_mean          | 60           |
|    ep_rew_mean          | 35.5         |
| time/                   |              |
|    fps                  | 133          |
|    iterations           | 14           |
|    time_elapsed         | 214          |
|    total_timesteps      | 28672        |
| train/                  |              |
|    approx_kl            | 0.0021858676 |
|    clip_fraction        | 0.0101       |
|    clip_range           | 0.2          |
|    entropy_loss         | -0.637       |
|    explained_variance   | 0.0846       |
|    learning_rate        | 0.0003       |
|    loss                 | 18           |
|    n_updates            | 130          |
|    policy_gradient_loss | -0.00148     |
|    value_loss           | 34.7         |
------------------------------------------
------------------------------------------
| rollout/                |              |
|    ep_len_mean          | 60           |
|    ep_rew_mean          | 36.5         |
| time/                   |              |
|    fps                  | 132          |
|    iterations           | 15           |
|    time_elapsed         | 230          |
|    total_timesteps      | 30720        |
| train/                  |              |
|    approx_kl            | 0.0023539804 |
|    clip_fraction        | 0.0179       |
|    clip_range           | 0.2          |
|    entropy_loss         | -0.579       |
|    explained_variance   | 0.0887       |
|    learning_rate        | 0.0003       |
|    loss                 | 20           |
|    n_updates            | 140          |
|    policy_gradient_loss | -0.00291     |
|    value_loss           | 41           |
------------------------------------------
------------------------------------------
| rollout/                |              |
|    ep_len_mean          | 60           |
|    ep_rew_mean          | 37.5         |
| time/                   |              |
|    fps                  | 133          |
|    iterations           | 16           |
|    time_elapsed         | 245          |
|    total_timesteps      | 32768        |
| train/                  |              |
|    approx_kl            | 0.0022094117 |
|    clip_fraction        | 0.0082       |
|    clip_range           | 0.2          |
|    entropy_loss         | -0.58        |
|    explained_variance   | 0.0846       |
|    learning_rate        | 0.0003       |
|    loss                 | 22.5         |
|    n_updates            | 150          |
|    policy_gradient_loss | -0.00245     |
|    value_loss           | 43.8         |
------------------------------------------
------------------------------------------
| rollout/                |              |
|    ep_len_mean          | 60           |
|    ep_rew_mean          | 38.7         |
| time/                   |              |
|    fps                  | 133          |
|    iterations           | 17           |
|    time_elapsed         | 261          |
|    total_timesteps      | 34816        |
| train/                  |              |
|    approx_kl            | 0.0026566165 |
|    clip_fraction        | 0.0128       |
|    clip_range           | 0.2          |
|    entropy_loss         | -0.531       |
|    explained_variance   | 0.0902       |
|    learning_rate        | 0.0003       |
|    loss                 | 22.1         |
|    n_updates            | 160          |
|    policy_gradient_loss | -0.00295     |
|    value_loss           | 45.2         |
------------------------------------------
------------------------------------------
| rollout/                |              |
|    ep_len_mean          | 60           |
|    ep_rew_mean          | 39.4         |
| time/                   |              |
|    fps                  | 132          |
|    iterations           | 18           |
|    time_elapsed         | 277          |
|    total_timesteps      | 36864        |
| train/                  |              |
|    approx_kl            | 0.0021925168 |
|    clip_fraction        | 0.0146       |
|    clip_range           | 0.2          |
|    entropy_loss         | -0.496       |
|    explained_variance   | 0.0721       |
|    learning_rate        | 0.0003       |
|    loss                 | 23.7         |
|    n_updates            | 170          |
|    policy_gradient_loss | -0.00268     |
|    value_loss           | 50.8         |
------------------------------------------
-------------------------------------------
| rollout/                |               |
|    ep_len_mean          | 60            |
|    ep_rew_mean          | 39.4          |
| time/                   |               |
|    fps                  | 132           |
|    iterations           | 19            |
|    time_elapsed         | 294           |
|    total_timesteps      | 38912         |
| train/                  |               |
|    approx_kl            | 0.00076808163 |
|    clip_fraction        | 0.000488      |
|    clip_range           | 0.2           |
|    entropy_loss         | -0.501        |
|    explained_variance   | 0.0776        |
|    learning_rate        | 0.0003        |
|    loss                 | 19.8          |
|    n_updates            | 180           |
|    policy_gradient_loss | -0.00093      |
|    value_loss           | 48.6          |
-------------------------------------------
------------------------------------------
| rollout/                |              |
|    ep_len_mean          | 60           |
|    ep_rew_mean          | 39.2         |
| time/                   |              |
|    fps                  | 131          |
|    iterations           | 20           |
|    time_elapsed         | 312          |
|    total_timesteps      | 40960        |
| train/                  |              |
|    approx_kl            | 0.0029604626 |
|    clip_fraction        | 0.0183       |
|    clip_range           | 0.2          |
|    entropy_loss         | -0.469       |
|    explained_variance   | 0.088        |
|    learning_rate        | 0.0003       |
|    loss                 | 29.3         |
|    n_updates            | 190          |
|    policy_gradient_loss | -0.00375     |
|    value_loss           | 55.2         |
------------------------------------------
------------------------------------------
| rollout/                |              |
|    ep_len_mean          | 60           |
|    ep_rew_mean          | 39.7         |
| time/                   |              |
|    fps                  | 131          |
|    iterations           | 21           |
|    time_elapsed         | 328          |
|    total_timesteps      | 43008        |
| train/                  |              |
|    approx_kl            | 0.0036631776 |
|    clip_fraction        | 0.0461       |
|    clip_range           | 0.2          |
|    entropy_loss         | -0.401       |
|    explained_variance   | 0.123        |
|    learning_rate        | 0.0003       |
|    loss                 | 25.9         |
|    n_updates            | 200          |
|    policy_gradient_loss | -0.0043      |
|    value_loss           | 49.4         |
------------------------------------------
------------------------------------------
| rollout/                |              |
|    ep_len_mean          | 60           |
|    ep_rew_mean          | 40.4         |
| time/                   |              |
|    fps                  | 131          |
|    iterations           | 22           |
|    time_elapsed         | 343          |
|    total_timesteps      | 45056        |
| train/                  |              |
|    approx_kl            | 0.0020774254 |
|    clip_fraction        | 0.0173       |
|    clip_range           | 0.2          |
|    entropy_loss         | -0.388       |
|    explained_variance   | 0.108        |
|    learning_rate        | 0.0003       |
|    loss                 | 29.3         |
|    n_updates            | 210          |
|    policy_gradient_loss | -0.00229     |
|    value_loss           | 54.4         |
------------------------------------------
------------------------------------------
| rollout/                |              |
|    ep_len_mean          | 60           |
|    ep_rew_mean          | 41           |
| time/                   |              |
|    fps                  | 130          |
|    iterations           | 23           |
|    time_elapsed         | 359          |
|    total_timesteps      | 47104        |
| train/                  |              |
|    approx_kl            | 0.0012971566 |
|    clip_fraction        | 0.00527      |
|    clip_range           | 0.2          |
|    entropy_loss         | -0.377       |
|    explained_variance   | 0.102        |
|    learning_rate        | 0.0003       |
|    loss                 | 24.9         |
|    n_updates            | 220          |
|    policy_gradient_loss | -0.00222     |
|    value_loss           | 52.8         |
------------------------------------------
------------------------------------------
| rollout/                |              |
|    ep_len_mean          | 60           |
|    ep_rew_mean          | 41.4         |
| time/                   |              |
|    fps                  | 130          |
|    iterations           | 24           |
|    time_elapsed         | 376          |
|    total_timesteps      | 49152        |
| train/                  |              |
|    approx_kl            | 0.0013137507 |
|    clip_fraction        | 0.0111       |
|    clip_range           | 0.2          |
|    entropy_loss         | -0.363       |
|    explained_variance   | 0.0929       |
|    learning_rate        | 0.0003       |
|    loss                 | 34.5         |
|    n_updates            | 230          |
|    policy_gradient_loss | -0.00232     |
|    value_loss           | 59.2         |
------------------------------------------
------------------------------------------
| rollout/                |              |
|    ep_len_mean          | 60           |
|    ep_rew_mean          | 42           |
| time/                   |              |
|    fps                  | 130          |
|    iterations           | 25           |
|    time_elapsed         | 393          |
|    total_timesteps      | 51200        |
| train/                  |              |
|    approx_kl            | 0.0011340919 |
|    clip_fraction        | 0.00781      |
|    clip_range           | 0.2          |
|    entropy_loss         | -0.307       |
|    explained_variance   | 0.127        |
|    learning_rate        | 0.0003       |
|    loss                 | 24.9         |
|    n_updates            | 240          |
|    policy_gradient_loss | -0.00229     |
|    value_loss           | 54.3         |
------------------------------------------
    evaluating (100 episodes)...
    eval: 20/100 episodes
    eval: 40/100 episodes
    eval: 60/100 episodes
    eval: 80/100 episodes
    eval: 100/100 episodes
 handover_penalty  reward_mean  switch_rate_mean  outage_rate_mean
             0.00    47.076664          0.080167               0.0
             0.05    47.230589          0.084000               0.0
             0.15    46.650139          0.064333               0.0
             0.30    46.043263          0.041667               0.0
             0.50    45.842324          0.033833               0.0

switch rate monotonically non-increasing with handover penalty: False

running reward-profile sweep (handover_penalty=0.15)...
  reward_profile=balanced ...
Using cpu device
---------------------------------
| rollout/           |          |
|    ep_len_mean     | 60       |
|    ep_rew_mean     | 1.15     |
| time/              |          |
|    fps             | 123      |
|    iterations      | 1        |
|    time_elapsed    | 16       |
|    total_timesteps | 2048     |
---------------------------------
-----------------------------------------
| rollout/                |             |
|    ep_len_mean          | 60          |
|    ep_rew_mean          | 4.1         |
| time/                   |             |
|    fps                  | 131         |
|    iterations           | 2           |
|    time_elapsed         | 31          |
|    total_timesteps      | 4096        |
| train/                  |             |
|    approx_kl            | 0.015664712 |
|    clip_fraction        | 0.16        |
|    clip_range           | 0.2         |
|    entropy_loss         | -1.6        |
|    explained_variance   | -0.0154     |
|    learning_rate        | 0.0003      |
|    loss                 | 3.18        |
|    n_updates            | 10          |
|    policy_gradient_loss | -0.0206     |
|    value_loss           | 7.78        |
-----------------------------------------
-----------------------------------------
| rollout/                |             |
|    ep_len_mean          | 60          |
|    ep_rew_mean          | 7.12        |
| time/                   |             |
|    fps                  | 136         |
|    iterations           | 3           |
|    time_elapsed         | 45          |
|    total_timesteps      | 6144        |
| train/                  |             |
|    approx_kl            | 0.014729238 |
|    clip_fraction        | 0.111       |
|    clip_range           | 0.2         |
|    entropy_loss         | -1.57       |
|    explained_variance   | 0.129       |
|    learning_rate        | 0.0003      |
|    loss                 | 3.42        |
|    n_updates            | 20          |
|    policy_gradient_loss | -0.0171     |
|    value_loss           | 7.73        |
-----------------------------------------
-----------------------------------------
| rollout/                |             |
|    ep_len_mean          | 60          |
|    ep_rew_mean          | 13.5        |
| time/                   |             |
|    fps                  | 139         |
|    iterations           | 4           |
|    time_elapsed         | 58          |
|    total_timesteps      | 8192        |
| train/                  |             |
|    approx_kl            | 0.012462186 |
|    clip_fraction        | 0.0589      |
|    clip_range           | 0.2         |
|    entropy_loss         | -1.53       |
|    explained_variance   | 0.0999      |
|    learning_rate        | 0.0003      |
|    loss                 | 4.18        |
|    n_updates            | 30          |
|    policy_gradient_loss | -0.0111     |
|    value_loss           | 11.2        |
-----------------------------------------
-----------------------------------------
| rollout/                |             |
|    ep_len_mean          | 60          |
|    ep_rew_mean          | 18.4        |
| time/                   |             |
|    fps                  | 138         |
|    iterations           | 5           |
|    time_elapsed         | 73          |
|    total_timesteps      | 10240       |
| train/                  |             |
|    approx_kl            | 0.008953344 |
|    clip_fraction        | 0.0445      |
|    clip_range           | 0.2         |
|    entropy_loss         | -1.47       |
|    explained_variance   | 0.0917      |
|    learning_rate        | 0.0003      |
|    loss                 | 6.25        |
|    n_updates            | 40          |
|    policy_gradient_loss | -0.0099     |
|    value_loss           | 14.4        |
-----------------------------------------
-----------------------------------------
| rollout/                |             |
|    ep_len_mean          | 60          |
|    ep_rew_mean          | 23          |
| time/                   |             |
|    fps                  | 140         |
|    iterations           | 6           |
|    time_elapsed         | 87          |
|    total_timesteps      | 12288       |
| train/                  |             |
|    approx_kl            | 0.010234434 |
|    clip_fraction        | 0.0157      |
|    clip_range           | 0.2         |
|    entropy_loss         | -1.4        |
|    explained_variance   | 0.0716      |
|    learning_rate        | 0.0003      |
|    loss                 | 7.78        |
|    n_updates            | 50          |
|    policy_gradient_loss | -0.00649    |
|    value_loss           | 18.4        |
-----------------------------------------
----------------------------------------
| rollout/                |            |
|    ep_len_mean          | 60         |
|    ep_rew_mean          | 26.3       |
| time/                   |            |
|    fps                  | 139        |
|    iterations           | 7          |
|    time_elapsed         | 103        |
|    total_timesteps      | 14336      |
| train/                  |            |
|    approx_kl            | 0.00855309 |
|    clip_fraction        | 0.0294     |
|    clip_range           | 0.2        |
|    entropy_loss         | -1.32      |
|    explained_variance   | 0.0512     |
|    learning_rate        | 0.0003     |
|    loss                 | 10.4       |
|    n_updates            | 60         |
|    policy_gradient_loss | -0.0071    |
|    value_loss           | 24.3       |
----------------------------------------
-----------------------------------------
| rollout/                |             |
|    ep_len_mean          | 60          |
|    ep_rew_mean          | 29.7        |
| time/                   |             |
|    fps                  | 131         |
|    iterations           | 8           |
|    time_elapsed         | 124         |
|    total_timesteps      | 16384       |
| train/                  |             |
|    approx_kl            | 0.009466534 |
|    clip_fraction        | 0.0242      |
|    clip_range           | 0.2         |
|    entropy_loss         | -1.26       |
|    explained_variance   | 0.0554      |
|    learning_rate        | 0.0003      |
|    loss                 | 15.4        |
|    n_updates            | 70          |
|    policy_gradient_loss | -0.00629    |
|    value_loss           | 30          |
-----------------------------------------
-----------------------------------------
| rollout/                |             |
|    ep_len_mean          | 60          |
|    ep_rew_mean          | 32.2        |
| time/                   |             |
|    fps                  | 128         |
|    iterations           | 9           |
|    time_elapsed         | 142         |
|    total_timesteps      | 18432       |
| train/                  |             |
|    approx_kl            | 0.008553935 |
|    clip_fraction        | 0.0261      |
|    clip_range           | 0.2         |
|    entropy_loss         | -1.16       |
|    explained_variance   | 0.0185      |
|    learning_rate        | 0.0003      |
|    loss                 | 15.1        |
|    n_updates            | 80          |
|    policy_gradient_loss | -0.00648    |
|    value_loss           | 32.3        |
-----------------------------------------
-----------------------------------------
| rollout/                |             |
|    ep_len_mean          | 60          |
|    ep_rew_mean          | 33.8        |
| time/                   |             |
|    fps                  | 128         |
|    iterations           | 10          |
|    time_elapsed         | 159         |
|    total_timesteps      | 20480       |
| train/                  |             |
|    approx_kl            | 0.008780212 |
|    clip_fraction        | 0.00713     |
|    clip_range           | 0.2         |
|    entropy_loss         | -1.09       |
|    explained_variance   | 0.0408      |
|    learning_rate        | 0.0003      |
|    loss                 | 16.9        |
|    n_updates            | 90          |
|    policy_gradient_loss | -0.00276    |
|    value_loss           | 34.7        |
-----------------------------------------
----------------------------------------
| rollout/                |            |
|    ep_len_mean          | 60         |
|    ep_rew_mean          | 34.8       |
| time/                   |            |
|    fps                  | 127        |
|    iterations           | 11         |
|    time_elapsed         | 177        |
|    total_timesteps      | 22528      |
| train/                  |            |
|    approx_kl            | 0.00424585 |
|    clip_fraction        | 0.0289     |
|    clip_range           | 0.2        |
|    entropy_loss         | -1         |
|    explained_variance   | 0.0356     |
|    learning_rate        | 0.0003     |
|    loss                 | 18.3       |
|    n_updates            | 100        |
|    policy_gradient_loss | -0.00457   |
|    value_loss           | 37.5       |
----------------------------------------
---------------------------------------
| rollout/                |           |
|    ep_len_mean          | 60        |
|    ep_rew_mean          | 35.4      |
| time/                   |           |
|    fps                  | 125       |
|    iterations           | 12        |
|    time_elapsed         | 195       |
|    total_timesteps      | 24576     |
| train/                  |           |
|    approx_kl            | 0.0046787 |
|    clip_fraction        | 0.0243    |
|    clip_range           | 0.2       |
|    entropy_loss         | -0.964    |
|    explained_variance   | 0.0727    |
|    learning_rate        | 0.0003    |
|    loss                 | 22.2      |
|    n_updates            | 110       |
|    policy_gradient_loss | -0.00534  |
|    value_loss           | 41        |
---------------------------------------
------------------------------------------
| rollout/                |              |
|    ep_len_mean          | 60           |
|    ep_rew_mean          | 36.7         |
| time/                   |              |
|    fps                  | 123          |
|    iterations           | 13           |
|    time_elapsed         | 215          |
|    total_timesteps      | 26624        |
| train/                  |              |
|    approx_kl            | 0.0055684308 |
|    clip_fraction        | 0.022        |
|    clip_range           | 0.2          |
|    entropy_loss         | -0.907       |
|    explained_variance   | 0.0764       |
|    learning_rate        | 0.0003       |
|    loss                 | 20.9         |
|    n_updates            | 120          |
|    policy_gradient_loss | -0.00343     |
|    value_loss           | 45           |
------------------------------------------
------------------------------------------
| rollout/                |              |
|    ep_len_mean          | 60           |
|    ep_rew_mean          | 37.4         |
| time/                   |              |
|    fps                  | 123          |
|    iterations           | 14           |
|    time_elapsed         | 232          |
|    total_timesteps      | 28672        |
| train/                  |              |
|    approx_kl            | 0.0024661752 |
|    clip_fraction        | 0.0142       |
|    clip_range           | 0.2          |
|    entropy_loss         | -0.896       |
|    explained_variance   | 0.102        |
|    learning_rate        | 0.0003       |
|    loss                 | 23.4         |
|    n_updates            | 130          |
|    policy_gradient_loss | -0.00258     |
|    value_loss           | 44.3         |
------------------------------------------
------------------------------------------
| rollout/                |              |
|    ep_len_mean          | 60           |
|    ep_rew_mean          | 37.9         |
| time/                   |              |
|    fps                  | 123          |
|    iterations           | 15           |
|    time_elapsed         | 249          |
|    total_timesteps      | 30720        |
| train/                  |              |
|    approx_kl            | 0.0025450513 |
|    clip_fraction        | 0.00947      |
|    clip_range           | 0.2          |
|    entropy_loss         | -0.895       |
|    explained_variance   | 0.0929       |
|    learning_rate        | 0.0003       |
|    loss                 | 23.4         |
|    n_updates            | 140          |
|    policy_gradient_loss | -0.0026      |
|    value_loss           | 48.8         |
------------------------------------------
------------------------------------------
| rollout/                |              |
|    ep_len_mean          | 60           |
|    ep_rew_mean          | 38.5         |
| time/                   |              |
|    fps                  | 122          |
|    iterations           | 16           |
|    time_elapsed         | 267          |
|    total_timesteps      | 32768        |
| train/                  |              |
|    approx_kl            | 0.0045207073 |
|    clip_fraction        | 0.0377       |
|    clip_range           | 0.2          |
|    entropy_loss         | -0.913       |
|    explained_variance   | 0.0928       |
|    learning_rate        | 0.0003       |
|    loss                 | 25.8         |
|    n_updates            | 150          |
|    policy_gradient_loss | -0.00471     |
|    value_loss           | 50.4         |
------------------------------------------
------------------------------------------
| rollout/                |              |
|    ep_len_mean          | 60           |
|    ep_rew_mean          | 39.3         |
| time/                   |              |
|    fps                  | 122          |
|    iterations           | 17           |
|    time_elapsed         | 284          |
|    total_timesteps      | 34816        |
| train/                  |              |
|    approx_kl            | 0.0037939753 |
|    clip_fraction        | 0.0199       |
|    clip_range           | 0.2          |
|    entropy_loss         | -0.87        |
|    explained_variance   | 0.0931       |
|    learning_rate        | 0.0003       |
|    loss                 | 25.3         |
|    n_updates            | 160          |
|    policy_gradient_loss | -0.00294     |
|    value_loss           | 50.2         |
------------------------------------------
------------------------------------------
| rollout/                |              |
|    ep_len_mean          | 60           |
|    ep_rew_mean          | 39.3         |
| time/                   |              |
|    fps                  | 122          |
|    iterations           | 18           |
|    time_elapsed         | 301          |
|    total_timesteps      | 36864        |
| train/                  |              |
|    approx_kl            | 0.0058428496 |
|    clip_fraction        | 0.0306       |
|    clip_range           | 0.2          |
|    entropy_loss         | -0.89        |
|    explained_variance   | 0.0825       |
|    learning_rate        | 0.0003       |
|    loss                 | 25.9         |
|    n_updates            | 170          |
|    policy_gradient_loss | -0.00353     |
|    value_loss           | 55.1         |
------------------------------------------
------------------------------------------
| rollout/                |              |
|    ep_len_mean          | 60           |
|    ep_rew_mean          | 39           |
| time/                   |              |
|    fps                  | 122          |
|    iterations           | 19           |
|    time_elapsed         | 317          |
|    total_timesteps      | 38912        |
| train/                  |              |
|    approx_kl            | 0.0056829145 |
|    clip_fraction        | 0.0386       |
|    clip_range           | 0.2          |
|    entropy_loss         | -0.895       |
|    explained_variance   | 0.0738       |
|    learning_rate        | 0.0003       |
|    loss                 | 20.1         |
|    n_updates            | 180          |
|    policy_gradient_loss | -0.00463     |
|    value_loss           | 51.5         |
------------------------------------------
------------------------------------------
| rollout/                |              |
|    ep_len_mean          | 60           |
|    ep_rew_mean          | 38.4         |
| time/                   |              |
|    fps                  | 122          |
|    iterations           | 20           |
|    time_elapsed         | 334          |
|    total_timesteps      | 40960        |
| train/                  |              |
|    approx_kl            | 0.0035993888 |
|    clip_fraction        | 0.00459      |
|    clip_range           | 0.2          |
|    entropy_loss         | -0.867       |
|    explained_variance   | 0.0985       |
|    learning_rate        | 0.0003       |
|    loss                 | 30.3         |
|    n_updates            | 190          |
|    policy_gradient_loss | -0.00254     |
|    value_loss           | 57           |
------------------------------------------
-----------------------------------------
| rollout/                |             |
|    ep_len_mean          | 60          |
|    ep_rew_mean          | 38.3        |
| time/                   |             |
|    fps                  | 122         |
|    iterations           | 21          |
|    time_elapsed         | 350         |
|    total_timesteps      | 43008       |
| train/                  |             |
|    approx_kl            | 0.003813582 |
|    clip_fraction        | 0.0176      |
|    clip_range           | 0.2         |
|    entropy_loss         | -0.834      |
|    explained_variance   | 0.134       |
|    learning_rate        | 0.0003      |
|    loss                 | 27.5        |
|    n_updates            | 200         |
|    policy_gradient_loss | -0.00509    |
|    value_loss           | 51.4        |
-----------------------------------------
-----------------------------------------
| rollout/                |             |
|    ep_len_mean          | 60          |
|    ep_rew_mean          | 38.9        |
| time/                   |             |
|    fps                  | 119         |
|    iterations           | 22          |
|    time_elapsed         | 377         |
|    total_timesteps      | 45056       |
| train/                  |             |
|    approx_kl            | 0.004803852 |
|    clip_fraction        | 0.004       |
|    clip_range           | 0.2         |
|    entropy_loss         | -0.802      |
|    explained_variance   | 0.106       |
|    learning_rate        | 0.0003      |
|    loss                 | 30.5        |
|    n_updates            | 210         |
|    policy_gradient_loss | -0.00299    |
|    value_loss           | 57.5        |
-----------------------------------------
-----------------------------------------
| rollout/                |             |
|    ep_len_mean          | 60          |
|    ep_rew_mean          | 40.2        |
| time/                   |             |
|    fps                  | 117         |
|    iterations           | 23          |
|    time_elapsed         | 400         |
|    total_timesteps      | 47104       |
| train/                  |             |
|    approx_kl            | 0.005778211 |
|    clip_fraction        | 0.0539      |
|    clip_range           | 0.2         |
|    entropy_loss         | -0.715      |
|    explained_variance   | 0.105       |
|    learning_rate        | 0.0003      |
|    loss                 | 25.8        |
|    n_updates            | 220         |
|    policy_gradient_loss | -0.00733    |
|    value_loss           | 53.7        |
-----------------------------------------
-----------------------------------------
| rollout/                |             |
|    ep_len_mean          | 60          |
|    ep_rew_mean          | 41.1        |
| time/                   |             |
|    fps                  | 117         |
|    iterations           | 24          |
|    time_elapsed         | 419         |
|    total_timesteps      | 49152       |
| train/                  |             |
|    approx_kl            | 0.003385291 |
|    clip_fraction        | 0.0208      |
|    clip_range           | 0.2         |
|    entropy_loss         | -0.693      |
|    explained_variance   | 0.0874      |
|    learning_rate        | 0.0003      |
|    loss                 | 34.9        |
|    n_updates            | 230         |
|    policy_gradient_loss | -0.00408    |
|    value_loss           | 59.6        |
-----------------------------------------
------------------------------------------
| rollout/                |              |
|    ep_len_mean          | 60           |
|    ep_rew_mean          | 41.8         |
| time/                   |              |
|    fps                  | 117          |
|    iterations           | 25           |
|    time_elapsed         | 434          |
|    total_timesteps      | 51200        |
| train/                  |              |
|    approx_kl            | 0.0036226362 |
|    clip_fraction        | 0.03         |
|    clip_range           | 0.2          |
|    entropy_loss         | -0.671       |
|    explained_variance   | 0.141        |
|    learning_rate        | 0.0003       |
|    loss                 | 26.4         |
|    n_updates            | 240          |
|    policy_gradient_loss | -0.00453     |
|    value_loss           | 56.1         |
------------------------------------------
    evaluating (100 episodes)...
    eval: 20/100 episodes
    eval: 40/100 episodes
    eval: 60/100 episodes
    eval: 80/100 episodes
    eval: 100/100 episodes
  reward_profile=throughput-leaning ...
Using cpu device
---------------------------------
| rollout/           |          |
|    ep_len_mean     | 60       |
|    ep_rew_mean     | -0.292   |
| time/              |          |
|    fps             | 177      |
|    iterations      | 1        |
|    time_elapsed    | 11       |
|    total_timesteps | 2048     |
---------------------------------
----------------------------------------
| rollout/                |            |
|    ep_len_mean          | 60         |
|    ep_rew_mean          | 2.7        |
| time/                   |            |
|    fps                  | 169        |
|    iterations           | 2          |
|    time_elapsed         | 24         |
|    total_timesteps      | 4096       |
| train/                  |            |
|    approx_kl            | 0.01597926 |
|    clip_fraction        | 0.167      |
|    clip_range           | 0.2        |
|    entropy_loss         | -1.6       |
|    explained_variance   | -0.017     |
|    learning_rate        | 0.0003     |
|    loss                 | 3.07       |
|    n_updates            | 10         |
|    policy_gradient_loss | -0.0213    |
|    value_loss           | 7.35       |
----------------------------------------
-----------------------------------------
| rollout/                |             |
|    ep_len_mean          | 60          |
|    ep_rew_mean          | 5.72        |
| time/                   |             |
|    fps                  | 158         |
|    iterations           | 3           |
|    time_elapsed         | 38          |
|    total_timesteps      | 6144        |
| train/                  |             |
|    approx_kl            | 0.014586721 |
|    clip_fraction        | 0.123       |
|    clip_range           | 0.2         |
|    entropy_loss         | -1.57       |
|    explained_variance   | 0.138       |
|    learning_rate        | 0.0003      |
|    loss                 | 3.22        |
|    n_updates            | 20          |
|    policy_gradient_loss | -0.0182     |
|    value_loss           | 6.94        |
-----------------------------------------
-----------------------------------------
| rollout/                |             |
|    ep_len_mean          | 60          |
|    ep_rew_mean          | 12.3        |
| time/                   |             |
|    fps                  | 156         |
|    iterations           | 4           |
|    time_elapsed         | 52          |
|    total_timesteps      | 8192        |
| train/                  |             |
|    approx_kl            | 0.012058854 |
|    clip_fraction        | 0.0683      |
|    clip_range           | 0.2         |
|    entropy_loss         | -1.52       |
|    explained_variance   | 0.115       |
|    learning_rate        | 0.0003      |
|    loss                 | 3.86        |
|    n_updates            | 30          |
|    policy_gradient_loss | -0.0128     |
|    value_loss           | 10.2        |
-----------------------------------------
-----------------------------------------
| rollout/                |             |
|    ep_len_mean          | 60          |
|    ep_rew_mean          | 17.2        |
| time/                   |             |
|    fps                  | 152         |
|    iterations           | 5           |
|    time_elapsed         | 66          |
|    total_timesteps      | 10240       |
| train/                  |             |
|    approx_kl            | 0.008640418 |
|    clip_fraction        | 0.0461      |
|    clip_range           | 0.2         |
|    entropy_loss         | -1.47       |
|    explained_variance   | 0.105       |
|    learning_rate        | 0.0003      |
|    loss                 | 5.78        |
|    n_updates            | 40          |
|    policy_gradient_loss | -0.0107     |
|    value_loss           | 13.7        |
-----------------------------------------
-----------------------------------------
| rollout/                |             |
|    ep_len_mean          | 60          |
|    ep_rew_mean          | 21.9        |
| time/                   |             |
|    fps                  | 150         |
|    iterations           | 6           |
|    time_elapsed         | 81          |
|    total_timesteps      | 12288       |
| train/                  |             |
|    approx_kl            | 0.012581819 |
|    clip_fraction        | 0.035       |
|    clip_range           | 0.2         |
|    entropy_loss         | -1.39       |
|    explained_variance   | 0.0768      |
|    learning_rate        | 0.0003      |
|    loss                 | 7.08        |
|    n_updates            | 50          |
|    policy_gradient_loss | -0.00783    |
|    value_loss           | 16.9        |
-----------------------------------------
-----------------------------------------
| rollout/                |             |
|    ep_len_mean          | 60          |
|    ep_rew_mean          | 25.2        |
| time/                   |             |
|    fps                  | 149         |
|    iterations           | 7           |
|    time_elapsed         | 96          |
|    total_timesteps      | 14336       |
| train/                  |             |
|    approx_kl            | 0.006927971 |
|    clip_fraction        | 0.0215      |
|    clip_range           | 0.2         |
|    entropy_loss         | -1.32       |
|    explained_variance   | 0.0512      |
|    learning_rate        | 0.0003      |
|    loss                 | 9.27        |
|    n_updates            | 60          |
|    policy_gradient_loss | -0.00541    |
|    value_loss           | 22.1        |
-----------------------------------------
-----------------------------------------
| rollout/                |             |
|    ep_len_mean          | 60          |
|    ep_rew_mean          | 28.7        |
| time/                   |             |
|    fps                  | 147         |
|    iterations           | 8           |
|    time_elapsed         | 110         |
|    total_timesteps      | 16384       |
| train/                  |             |
|    approx_kl            | 0.011016182 |
|    clip_fraction        | 0.0305      |
|    clip_range           | 0.2         |
|    entropy_loss         | -1.25       |
|    explained_variance   | 0.0575      |
|    learning_rate        | 0.0003      |
|    loss                 | 14.3        |
|    n_updates            | 70          |
|    policy_gradient_loss | -0.0071     |
|    value_loss           | 27.7        |
-----------------------------------------
----------------------------------------
| rollout/                |            |
|    ep_len_mean          | 60         |
|    ep_rew_mean          | 31.2       |
| time/                   |            |
|    fps                  | 146        |
|    iterations           | 9          |
|    time_elapsed         | 126        |
|    total_timesteps      | 18432      |
| train/                  |            |
|    approx_kl            | 0.00973708 |
|    clip_fraction        | 0.0336     |
|    clip_range           | 0.2        |
|    entropy_loss         | -1.13      |
|    explained_variance   | 0.0171     |
|    learning_rate        | 0.0003     |
|    loss                 | 14.4       |
|    n_updates            | 80         |
|    policy_gradient_loss | -0.00727   |
|    value_loss           | 30.5       |
----------------------------------------
-----------------------------------------
| rollout/                |             |
|    ep_len_mean          | 60          |
|    ep_rew_mean          | 32.7        |
| time/                   |             |
|    fps                  | 141         |
|    iterations           | 10          |
|    time_elapsed         | 144         |
|    total_timesteps      | 20480       |
| train/                  |             |
|    approx_kl            | 0.009648939 |
|    clip_fraction        | 0.0103      |
|    clip_range           | 0.2         |
|    entropy_loss         | -1.05       |
|    explained_variance   | 0.0358      |
|    learning_rate        | 0.0003      |
|    loss                 | 16.1        |
|    n_updates            | 90          |
|    policy_gradient_loss | -0.00278    |
|    value_loss           | 32.8        |
-----------------------------------------
-----------------------------------------
| rollout/                |             |
|    ep_len_mean          | 60          |
|    ep_rew_mean          | 33.8        |
| time/                   |             |
|    fps                  | 140         |
|    iterations           | 11          |
|    time_elapsed         | 160         |
|    total_timesteps      | 22528       |
| train/                  |             |
|    approx_kl            | 0.005334046 |
|    clip_fraction        | 0.0247      |
|    clip_range           | 0.2         |
|    entropy_loss         | -0.964      |
|    explained_variance   | 0.0305      |
|    learning_rate        | 0.0003      |
|    loss                 | 17.3        |
|    n_updates            | 100         |
|    policy_gradient_loss | -0.00499    |
|    value_loss           | 35.4        |
-----------------------------------------
------------------------------------------
| rollout/                |              |
|    ep_len_mean          | 60           |
|    ep_rew_mean          | 34.6         |
| time/                   |              |
|    fps                  | 137          |
|    iterations           | 12           |
|    time_elapsed         | 178          |
|    total_timesteps      | 24576        |
| train/                  |              |
|    approx_kl            | 0.0041307523 |
|    clip_fraction        | 0.0254       |
|    clip_range           | 0.2          |
|    entropy_loss         | -0.91        |
|    explained_variance   | 0.071        |
|    learning_rate        | 0.0003       |
|    loss                 | 20.5         |
|    n_updates            | 110          |
|    policy_gradient_loss | -0.00556     |
|    value_loss           | 38.1         |
------------------------------------------
------------------------------------------
| rollout/                |              |
|    ep_len_mean          | 60           |
|    ep_rew_mean          | 36.1         |
| time/                   |              |
|    fps                  | 136          |
|    iterations           | 13           |
|    time_elapsed         | 195          |
|    total_timesteps      | 26624        |
| train/                  |              |
|    approx_kl            | 0.0057603633 |
|    clip_fraction        | 0.0333       |
|    clip_range           | 0.2          |
|    entropy_loss         | -0.862       |
|    explained_variance   | 0.071        |
|    learning_rate        | 0.0003       |
|    loss                 | 19.4         |
|    n_updates            | 120          |
|    policy_gradient_loss | -0.00388     |
|    value_loss           | 42.3         |
------------------------------------------
------------------------------------------
| rollout/                |              |
|    ep_len_mean          | 60           |
|    ep_rew_mean          | 36.8         |
| time/                   |              |
|    fps                  | 135          |
|    iterations           | 14           |
|    time_elapsed         | 211          |
|    total_timesteps      | 28672        |
| train/                  |              |
|    approx_kl            | 0.0022550996 |
|    clip_fraction        | 0.00923      |
|    clip_range           | 0.2          |
|    entropy_loss         | -0.853       |
|    explained_variance   | 0.0988       |
|    learning_rate        | 0.0003       |
|    loss                 | 22.1         |
|    n_updates            | 130          |
|    policy_gradient_loss | -0.00224     |
|    value_loss           | 42           |
------------------------------------------
------------------------------------------
| rollout/                |              |
|    ep_len_mean          | 60           |
|    ep_rew_mean          | 37.1         |
| time/                   |              |
|    fps                  | 134          |
|    iterations           | 15           |
|    time_elapsed         | 228          |
|    total_timesteps      | 30720        |
| train/                  |              |
|    approx_kl            | 0.0029452299 |
|    clip_fraction        | 0.0103       |
|    clip_range           | 0.2          |
|    entropy_loss         | -0.857       |
|    explained_variance   | 0.0911       |
|    learning_rate        | 0.0003       |
|    loss                 | 22.2         |
|    n_updates            | 140          |
|    policy_gradient_loss | -0.00253     |
|    value_loss           | 46.2         |
------------------------------------------
-----------------------------------------
| rollout/                |             |
|    ep_len_mean          | 60          |
|    ep_rew_mean          | 37.7        |
| time/                   |             |
|    fps                  | 134         |
|    iterations           | 16          |
|    time_elapsed         | 243         |
|    total_timesteps      | 32768       |
| train/                  |             |
|    approx_kl            | 0.003918876 |
|    clip_fraction        | 0.0387      |
|    clip_range           | 0.2         |
|    entropy_loss         | -0.867      |
|    explained_variance   | 0.0945      |
|    learning_rate        | 0.0003      |
|    loss                 | 25          |
|    n_updates            | 150         |
|    policy_gradient_loss | -0.00541    |
|    value_loss           | 48.3        |
-----------------------------------------
-----------------------------------------
| rollout/                |             |
|    ep_len_mean          | 60          |
|    ep_rew_mean          | 38.4        |
| time/                   |             |
|    fps                  | 133         |
|    iterations           | 17          |
|    time_elapsed         | 259         |
|    total_timesteps      | 34816       |
| train/                  |             |
|    approx_kl            | 0.003686173 |
|    clip_fraction        | 0.0156      |
|    clip_range           | 0.2         |
|    entropy_loss         | -0.82       |
|    explained_variance   | 0.0925      |
|    learning_rate        | 0.0003      |
|    loss                 | 24          |
|    n_updates            | 160         |
|    policy_gradient_loss | -0.00314    |
|    value_loss           | 47.7        |
-----------------------------------------
------------------------------------------
| rollout/                |              |
|    ep_len_mean          | 60           |
|    ep_rew_mean          | 38.7         |
| time/                   |              |
|    fps                  | 133          |
|    iterations           | 18           |
|    time_elapsed         | 276          |
|    total_timesteps      | 36864        |
| train/                  |              |
|    approx_kl            | 0.0046395026 |
|    clip_fraction        | 0.0304       |
|    clip_range           | 0.2          |
|    entropy_loss         | -0.825       |
|    explained_variance   | 0.081        |
|    learning_rate        | 0.0003       |
|    loss                 | 24.4         |
|    n_updates            | 170          |
|    policy_gradient_loss | -0.00405     |
|    value_loss           | 52.7         |
------------------------------------------
------------------------------------------
| rollout/                |              |
|    ep_len_mean          | 60           |
|    ep_rew_mean          | 38.7         |
| time/                   |              |
|    fps                  | 132          |
|    iterations           | 19           |
|    time_elapsed         | 293          |
|    total_timesteps      | 38912        |
| train/                  |              |
|    approx_kl            | 0.0052969996 |
|    clip_fraction        | 0.0321       |
|    clip_range           | 0.2          |
|    entropy_loss         | -0.818       |
|    explained_variance   | 0.0687       |
|    learning_rate        | 0.0003       |
|    loss                 | 19.2         |
|    n_updates            | 180          |
|    policy_gradient_loss | -0.00415     |
|    value_loss           | 49.1         |
------------------------------------------
------------------------------------------
| rollout/                |              |
|    ep_len_mean          | 60           |
|    ep_rew_mean          | 38.4         |
| time/                   |              |
|    fps                  | 132          |
|    iterations           | 20           |
|    time_elapsed         | 308          |
|    total_timesteps      | 40960        |
| train/                  |              |
|    approx_kl            | 0.0045163315 |
|    clip_fraction        | 0.0198       |
|    clip_range           | 0.2          |
|    entropy_loss         | -0.783       |
|    explained_variance   | 0.0987       |
|    learning_rate        | 0.0003       |
|    loss                 | 29.2         |
|    n_updates            | 190          |
|    policy_gradient_loss | -0.00412     |
|    value_loss           | 55.6         |
------------------------------------------
------------------------------------------
| rollout/                |              |
|    ep_len_mean          | 60           |
|    ep_rew_mean          | 38.5         |
| time/                   |              |
|    fps                  | 132          |
|    iterations           | 21           |
|    time_elapsed         | 324          |
|    total_timesteps      | 43008        |
| train/                  |              |
|    approx_kl            | 0.0032188026 |
|    clip_fraction        | 0.0171       |
|    clip_range           | 0.2          |
|    entropy_loss         | -0.769       |
|    explained_variance   | 0.133        |
|    learning_rate        | 0.0003       |
|    loss                 | 26.1         |
|    n_updates            | 200          |
|    policy_gradient_loss | -0.00374     |
|    value_loss           | 49.2         |
------------------------------------------
-----------------------------------------
| rollout/                |             |
|    ep_len_mean          | 60          |
|    ep_rew_mean          | 38.9        |
| time/                   |             |
|    fps                  | 131         |
|    iterations           | 22          |
|    time_elapsed         | 343         |
|    total_timesteps      | 45056       |
| train/                  |             |
|    approx_kl            | 0.002777628 |
|    clip_fraction        | 0.0118      |
|    clip_range           | 0.2         |
|    entropy_loss         | -0.739      |
|    explained_variance   | 0.109       |
|    learning_rate        | 0.0003      |
|    loss                 | 29.6        |
|    n_updates            | 210         |
|    policy_gradient_loss | -0.00261    |
|    value_loss           | 55.3        |
-----------------------------------------
------------------------------------------
| rollout/                |              |
|    ep_len_mean          | 60           |
|    ep_rew_mean          | 39.7         |
| time/                   |              |
|    fps                  | 131          |
|    iterations           | 23           |
|    time_elapsed         | 359          |
|    total_timesteps      | 47104        |
| train/                  |              |
|    approx_kl            | 0.0064839786 |
|    clip_fraction        | 0.0492       |
|    clip_range           | 0.2          |
|    entropy_loss         | -0.696       |
|    explained_variance   | 0.105        |
|    learning_rate        | 0.0003       |
|    loss                 | 24.6         |
|    n_updates            | 220          |
|    policy_gradient_loss | -0.00585     |
|    value_loss           | 51.6         |
------------------------------------------
------------------------------------------
| rollout/                |              |
|    ep_len_mean          | 60           |
|    ep_rew_mean          | 40.1         |
| time/                   |              |
|    fps                  | 130          |
|    iterations           | 24           |
|    time_elapsed         | 375          |
|    total_timesteps      | 49152        |
| train/                  |              |
|    approx_kl            | 0.0028028945 |
|    clip_fraction        | 0.0184       |
|    clip_range           | 0.2          |
|    entropy_loss         | -0.674       |
|    explained_variance   | 0.0886       |
|    learning_rate        | 0.0003       |
|    loss                 | 33.6         |
|    n_updates            | 230          |
|    policy_gradient_loss | -0.00331     |
|    value_loss           | 57.7         |
------------------------------------------
------------------------------------------
| rollout/                |              |
|    ep_len_mean          | 60           |
|    ep_rew_mean          | 40.6         |
| time/                   |              |
|    fps                  | 130          |
|    iterations           | 25           |
|    time_elapsed         | 392          |
|    total_timesteps      | 51200        |
| train/                  |              |
|    approx_kl            | 0.0033046012 |
|    clip_fraction        | 0.0193       |
|    clip_range           | 0.2          |
|    entropy_loss         | -0.638       |
|    explained_variance   | 0.148        |
|    learning_rate        | 0.0003       |
|    loss                 | 25.8         |
|    n_updates            | 240          |
|    policy_gradient_loss | -0.00362     |
|    value_loss           | 54.7         |
------------------------------------------
    evaluating (100 episodes)...
    eval: 20/100 episodes
    eval: 40/100 episodes
    eval: 60/100 episodes
    eval: 80/100 episodes
    eval: 100/100 episodes
  reward_profile=latency-leaning ...
Using cpu device
---------------------------------
| rollout/           |          |
|    ep_len_mean     | 60       |
|    ep_rew_mean     | 2.37     |
| time/              |          |
|    fps             | 169      |
|    iterations      | 1        |
|    time_elapsed    | 12       |
|    total_timesteps | 2048     |
---------------------------------
-----------------------------------------
| rollout/                |             |
|    ep_len_mean          | 60          |
|    ep_rew_mean          | 5.37        |
| time/                   |             |
|    fps                  | 157         |
|    iterations           | 2           |
|    time_elapsed         | 26          |
|    total_timesteps      | 4096        |
| train/                  |             |
|    approx_kl            | 0.015173102 |
|    clip_fraction        | 0.151       |
|    clip_range           | 0.2         |
|    entropy_loss         | -1.6        |
|    explained_variance   | -0.0138     |
|    learning_rate        | 0.0003      |
|    loss                 | 3.33        |
|    n_updates            | 10          |
|    policy_gradient_loss | -0.0197     |
|    value_loss           | 8.33        |
-----------------------------------------
-----------------------------------------
| rollout/                |             |
|    ep_len_mean          | 60          |
|    ep_rew_mean          | 8.34        |
| time/                   |             |
|    fps                  | 141         |
|    iterations           | 3           |
|    time_elapsed         | 43          |
|    total_timesteps      | 6144        |
| train/                  |             |
|    approx_kl            | 0.013078855 |
|    clip_fraction        | 0.0983      |
|    clip_range           | 0.2         |
|    entropy_loss         | -1.57       |
|    explained_variance   | 0.13        |
|    learning_rate        | 0.0003      |
|    loss                 | 3.55        |
|    n_updates            | 20          |
|    policy_gradient_loss | -0.0159     |
|    value_loss           | 8.38        |
-----------------------------------------
-----------------------------------------
| rollout/                |             |
|    ep_len_mean          | 60          |
|    ep_rew_mean          | 14.6        |
| time/                   |             |
|    fps                  | 141         |
|    iterations           | 4           |
|    time_elapsed         | 57          |
|    total_timesteps      | 8192        |
| train/                  |             |
|    approx_kl            | 0.012559934 |
|    clip_fraction        | 0.0516      |
|    clip_range           | 0.2         |
|    entropy_loss         | -1.54       |
|    explained_variance   | 0.108       |
|    learning_rate        | 0.0003      |
|    loss                 | 4.6         |
|    n_updates            | 30          |
|    policy_gradient_loss | -0.01       |
|    value_loss           | 12.2        |
-----------------------------------------
------------------------------------------
| rollout/                |              |
|    ep_len_mean          | 60           |
|    ep_rew_mean          | 19.4         |
| time/                   |              |
|    fps                  | 140          |
|    iterations           | 5            |
|    time_elapsed         | 72           |
|    total_timesteps      | 10240        |
| train/                  |              |
|    approx_kl            | 0.0094329035 |
|    clip_fraction        | 0.0296       |
|    clip_range           | 0.2          |
|    entropy_loss         | -1.48        |
|    explained_variance   | 0.0984       |
|    learning_rate        | 0.0003       |
|    loss                 | 6.68         |
|    n_updates            | 40           |
|    policy_gradient_loss | -0.00766     |
|    value_loss           | 15.5         |
------------------------------------------
-----------------------------------------
| rollout/                |             |
|    ep_len_mean          | 60          |
|    ep_rew_mean          | 23.7        |
| time/                   |             |
|    fps                  | 140         |
|    iterations           | 6           |
|    time_elapsed         | 87          |
|    total_timesteps      | 12288       |
| train/                  |             |
|    approx_kl            | 0.009170238 |
|    clip_fraction        | 0.0138      |
|    clip_range           | 0.2         |
|    entropy_loss         | -1.42       |
|    explained_variance   | 0.0665      |
|    learning_rate        | 0.0003      |
|    loss                 | 8.32        |
|    n_updates            | 50          |
|    policy_gradient_loss | -0.00618    |
|    value_loss           | 19.4        |
-----------------------------------------
------------------------------------------
| rollout/                |              |
|    ep_len_mean          | 60           |
|    ep_rew_mean          | 26.8         |
| time/                   |              |
|    fps                  | 138          |
|    iterations           | 7            |
|    time_elapsed         | 103          |
|    total_timesteps      | 14336        |
| train/                  |              |
|    approx_kl            | 0.0074970676 |
|    clip_fraction        | 0.0303       |
|    clip_range           | 0.2          |
|    entropy_loss         | -1.35        |
|    explained_variance   | 0.0502       |
|    learning_rate        | 0.0003       |
|    loss                 | 11.5         |
|    n_updates            | 60           |
|    policy_gradient_loss | -0.00746     |
|    value_loss           | 26.2         |
------------------------------------------
-----------------------------------------
| rollout/                |             |
|    ep_len_mean          | 60          |
|    ep_rew_mean          | 30.2        |
| time/                   |             |
|    fps                  | 135         |
|    iterations           | 8           |
|    time_elapsed         | 121         |
|    total_timesteps      | 16384       |
| train/                  |             |
|    approx_kl            | 0.004987512 |
|    clip_fraction        | 0.00737     |
|    clip_range           | 0.2         |
|    entropy_loss         | -1.31       |
|    explained_variance   | 0.0589      |
|    learning_rate        | 0.0003      |
|    loss                 | 15.7        |
|    n_updates            | 70          |
|    policy_gradient_loss | -0.00433    |
|    value_loss           | 30.7        |
-----------------------------------------
-----------------------------------------
| rollout/                |             |
|    ep_len_mean          | 60          |
|    ep_rew_mean          | 32.4        |
| time/                   |             |
|    fps                  | 133         |
|    iterations           | 9           |
|    time_elapsed         | 137         |
|    total_timesteps      | 18432       |
| train/                  |             |
|    approx_kl            | 0.010847494 |
|    clip_fraction        | 0.0225      |
|    clip_range           | 0.2         |
|    entropy_loss         | -1.22       |
|    explained_variance   | 0.0223      |
|    learning_rate        | 0.0003      |
|    loss                 | 15.3        |
|    n_updates            | 80          |
|    policy_gradient_loss | -0.00651    |
|    value_loss           | 32.8        |
-----------------------------------------
-----------------------------------------
| rollout/                |             |
|    ep_len_mean          | 60          |
|    ep_rew_mean          | 33.7        |
| time/                   |             |
|    fps                  | 132         |
|    iterations           | 10          |
|    time_elapsed         | 154         |
|    total_timesteps      | 20480       |
| train/                  |             |
|    approx_kl            | 0.005080565 |
|    clip_fraction        | 0.00459     |
|    clip_range           | 0.2         |
|    entropy_loss         | -1.16       |
|    explained_variance   | 0.0483      |
|    learning_rate        | 0.0003      |
|    loss                 | 17.4        |
|    n_updates            | 90          |
|    policy_gradient_loss | -0.00244    |
|    value_loss           | 35.4        |
-----------------------------------------
------------------------------------------
| rollout/                |              |
|    ep_len_mean          | 60           |
|    ep_rew_mean          | 34.9         |
| time/                   |              |
|    fps                  | 132          |
|    iterations           | 11           |
|    time_elapsed         | 170          |
|    total_timesteps      | 22528        |
| train/                  |              |
|    approx_kl            | 0.0065636076 |
|    clip_fraction        | 0.0433       |
|    clip_range           | 0.2          |
|    entropy_loss         | -1.03        |
|    explained_variance   | 0.0426       |
|    learning_rate        | 0.0003       |
|    loss                 | 19.1         |
|    n_updates            | 100          |
|    policy_gradient_loss | -0.00617     |
|    value_loss           | 38.4         |
------------------------------------------
------------------------------------------
| rollout/                |              |
|    ep_len_mean          | 60           |
|    ep_rew_mean          | 35.8         |
| time/                   |              |
|    fps                  | 131          |
|    iterations           | 12           |
|    time_elapsed         | 186          |
|    total_timesteps      | 24576        |
| train/                  |              |
|    approx_kl            | 0.0049942047 |
|    clip_fraction        | 0.0267       |
|    clip_range           | 0.2          |
|    entropy_loss         | -0.977       |
|    explained_variance   | 0.0707       |
|    learning_rate        | 0.0003       |
|    loss                 | 22.6         |
|    n_updates            | 110          |
|    policy_gradient_loss | -0.00517     |
|    value_loss           | 41.8         |
------------------------------------------
------------------------------------------
| rollout/                |              |
|    ep_len_mean          | 60           |
|    ep_rew_mean          | 37.5         |
| time/                   |              |
|    fps                  | 131          |
|    iterations           | 13           |
|    time_elapsed         | 203          |
|    total_timesteps      | 26624        |
| train/                  |              |
|    approx_kl            | 0.0053772368 |
|    clip_fraction        | 0.0208       |
|    clip_range           | 0.2          |
|    entropy_loss         | -0.901       |
|    explained_variance   | 0.0722       |
|    learning_rate        | 0.0003       |
|    loss                 | 21.2         |
|    n_updates            | 120          |
|    policy_gradient_loss | -0.00365     |
|    value_loss           | 45.9         |
------------------------------------------
------------------------------------------
| rollout/                |              |
|    ep_len_mean          | 60           |
|    ep_rew_mean          | 38.1         |
| time/                   |              |
|    fps                  | 130          |
|    iterations           | 14           |
|    time_elapsed         | 220          |
|    total_timesteps      | 28672        |
| train/                  |              |
|    approx_kl            | 0.0040437765 |
|    clip_fraction        | 0.0356       |
|    clip_range           | 0.2          |
|    entropy_loss         | -0.921       |
|    explained_variance   | 0.103        |
|    learning_rate        | 0.0003       |
|    loss                 | 23.7         |
|    n_updates            | 130          |
|    policy_gradient_loss | -0.00398     |
|    value_loss           | 45           |
------------------------------------------
------------------------------------------
| rollout/                |              |
|    ep_len_mean          | 60           |
|    ep_rew_mean          | 38.2         |
| time/                   |              |
|    fps                  | 129          |
|    iterations           | 15           |
|    time_elapsed         | 236          |
|    total_timesteps      | 30720        |
| train/                  |              |
|    approx_kl            | 0.0052636014 |
|    clip_fraction        | 0.0328       |
|    clip_range           | 0.2          |
|    entropy_loss         | -0.935       |
|    explained_variance   | 0.0938       |
|    learning_rate        | 0.0003       |
|    loss                 | 24.1         |
|    n_updates            | 140          |
|    policy_gradient_loss | -0.00466     |
|    value_loss           | 49.8         |
------------------------------------------
-----------------------------------------
| rollout/                |             |
|    ep_len_mean          | 60          |
|    ep_rew_mean          | 38.5        |
| time/                   |             |
|    fps                  | 129         |
|    iterations           | 16          |
|    time_elapsed         | 252         |
|    total_timesteps      | 32768       |
| train/                  |             |
|    approx_kl            | 0.005707931 |
|    clip_fraction        | 0.0472      |
|    clip_range           | 0.2         |
|    entropy_loss         | -0.942      |
|    explained_variance   | 0.0948      |
|    learning_rate        | 0.0003      |
|    loss                 | 26.3        |
|    n_updates            | 150         |
|    policy_gradient_loss | -0.00629    |
|    value_loss           | 51.6        |
-----------------------------------------
------------------------------------------
| rollout/                |              |
|    ep_len_mean          | 60           |
|    ep_rew_mean          | 39.2         |
| time/                   |              |
|    fps                  | 129          |
|    iterations           | 17           |
|    time_elapsed         | 268          |
|    total_timesteps      | 34816        |
| train/                  |              |
|    approx_kl            | 0.0028167288 |
|    clip_fraction        | 0.0207       |
|    clip_range           | 0.2          |
|    entropy_loss         | -0.906       |
|    explained_variance   | 0.0965       |
|    learning_rate        | 0.0003       |
|    loss                 | 25.7         |
|    n_updates            | 160          |
|    policy_gradient_loss | -0.00365     |
|    value_loss           | 50.6         |
------------------------------------------
------------------------------------------
| rollout/                |              |
|    ep_len_mean          | 60           |
|    ep_rew_mean          | 39.4         |
| time/                   |              |
|    fps                  | 129          |
|    iterations           | 18           |
|    time_elapsed         | 285          |
|    total_timesteps      | 36864        |
| train/                  |              |
|    approx_kl            | 0.0057201926 |
|    clip_fraction        | 0.0382       |
|    clip_range           | 0.2          |
|    entropy_loss         | -0.92        |
|    explained_variance   | 0.0867       |
|    learning_rate        | 0.0003       |
|    loss                 | 26.1         |
|    n_updates            | 170          |
|    policy_gradient_loss | -0.0042      |
|    value_loss           | 55.7         |
------------------------------------------
------------------------------------------
| rollout/                |              |
|    ep_len_mean          | 60           |
|    ep_rew_mean          | 39.1         |
| time/                   |              |
|    fps                  | 128          |
|    iterations           | 19           |
|    time_elapsed         | 302          |
|    total_timesteps      | 38912        |
| train/                  |              |
|    approx_kl            | 0.0048257327 |
|    clip_fraction        | 0.0295       |
|    clip_range           | 0.2          |
|    entropy_loss         | -0.927       |
|    explained_variance   | 0.0664       |
|    learning_rate        | 0.0003       |
|    loss                 | 20.1         |
|    n_updates            | 180          |
|    policy_gradient_loss | -0.0033      |
|    value_loss           | 52.1         |
------------------------------------------
------------------------------------------
| rollout/                |              |
|    ep_len_mean          | 60           |
|    ep_rew_mean          | 38.8         |
| time/                   |              |
|    fps                  | 128          |
|    iterations           | 20           |
|    time_elapsed         | 319          |
|    total_timesteps      | 40960        |
| train/                  |              |
|    approx_kl            | 0.0042705834 |
|    clip_fraction        | 0.0171       |
|    clip_range           | 0.2          |
|    entropy_loss         | -0.901       |
|    explained_variance   | 0.106        |
|    learning_rate        | 0.0003       |
|    loss                 | 30.4         |
|    n_updates            | 190          |
|    policy_gradient_loss | -0.00414     |
|    value_loss           | 57.6         |
------------------------------------------
-----------------------------------------
| rollout/                |             |
|    ep_len_mean          | 60          |
|    ep_rew_mean          | 38.7        |
| time/                   |             |
|    fps                  | 127         |
|    iterations           | 21          |
|    time_elapsed         | 336         |
|    total_timesteps      | 43008       |
| train/                  |             |
|    approx_kl            | 0.003433185 |
|    clip_fraction        | 0.0163      |
|    clip_range           | 0.2         |
|    entropy_loss         | -0.857      |
|    explained_variance   | 0.135       |
|    learning_rate        | 0.0003      |
|    loss                 | 27.4        |
|    n_updates            | 200         |
|    policy_gradient_loss | -0.00356    |
|    value_loss           | 51.7        |
-----------------------------------------
------------------------------------------
| rollout/                |              |
|    ep_len_mean          | 60           |
|    ep_rew_mean          | 39.4         |
| time/                   |              |
|    fps                  | 127          |
|    iterations           | 22           |
|    time_elapsed         | 352          |
|    total_timesteps      | 45056        |
| train/                  |              |
|    approx_kl            | 0.0052729994 |
|    clip_fraction        | 0.0218       |
|    clip_range           | 0.2          |
|    entropy_loss         | -0.822       |
|    explained_variance   | 0.106        |
|    learning_rate        | 0.0003       |
|    loss                 | 31.2         |
|    n_updates            | 210          |
|    policy_gradient_loss | -0.00395     |
|    value_loss           | 58.6         |
------------------------------------------
------------------------------------------
| rollout/                |              |
|    ep_len_mean          | 60           |
|    ep_rew_mean          | 40.4         |
| time/                   |              |
|    fps                  | 126          |
|    iterations           | 23           |
|    time_elapsed         | 372          |
|    total_timesteps      | 47104        |
| train/                  |              |
|    approx_kl            | 0.0060044243 |
|    clip_fraction        | 0.0492       |
|    clip_range           | 0.2          |
|    entropy_loss         | -0.743       |
|    explained_variance   | 0.107        |
|    learning_rate        | 0.0003       |
|    loss                 | 26           |
|    n_updates            | 220          |
|    policy_gradient_loss | -0.0068      |
|    value_loss           | 53.7         |
------------------------------------------
------------------------------------------
| rollout/                |              |
|    ep_len_mean          | 60           |
|    ep_rew_mean          | 41.2         |
| time/                   |              |
|    fps                  | 126          |
|    iterations           | 24           |
|    time_elapsed         | 387          |
|    total_timesteps      | 49152        |
| train/                  |              |
|    approx_kl            | 0.0032029212 |
|    clip_fraction        | 0.0146       |
|    clip_range           | 0.2          |
|    entropy_loss         | -0.718       |
|    explained_variance   | 0.0892       |
|    learning_rate        | 0.0003       |
|    loss                 | 35.1         |
|    n_updates            | 230          |
|    policy_gradient_loss | -0.00357     |
|    value_loss           | 60.2         |
------------------------------------------
----------------------------------------
| rollout/                |            |
|    ep_len_mean          | 60         |
|    ep_rew_mean          | 41.9       |
| time/                   |            |
|    fps                  | 126        |
|    iterations           | 25         |
|    time_elapsed         | 405        |
|    total_timesteps      | 51200      |
| train/                  |            |
|    approx_kl            | 0.00491976 |
|    clip_fraction        | 0.0325     |
|    clip_range           | 0.2        |
|    entropy_loss         | -0.682     |
|    explained_variance   | 0.146      |
|    learning_rate        | 0.0003     |
|    loss                 | 26.7       |
|    n_updates            | 240        |
|    policy_gradient_loss | -0.00401   |
|    value_loss           | 56.5       |
----------------------------------------
    evaluating (100 episodes)...
    eval: 20/100 episodes
    eval: 40/100 episodes
    eval: 60/100 episodes
    eval: 80/100 episodes
    eval: 100/100 episodes
  reward_profile=reliability-leaning ...
Using cpu device
---------------------------------
| rollout/           |          |
|    ep_len_mean     | 60       |
|    ep_rew_mean     | 1.37     |
| time/              |          |
|    fps             | 157      |
|    iterations      | 1        |
|    time_elapsed    | 12       |
|    total_timesteps | 2048     |
---------------------------------
-----------------------------------------
| rollout/                |             |
|    ep_len_mean          | 60          |
|    ep_rew_mean          | 4.37        |
| time/                   |             |
|    fps                  | 144         |
|    iterations           | 2           |
|    time_elapsed         | 28          |
|    total_timesteps      | 4096        |
| train/                  |             |
|    approx_kl            | 0.016154433 |
|    clip_fraction        | 0.162       |
|    clip_range           | 0.2         |
|    entropy_loss         | -1.6        |
|    explained_variance   | -0.0154     |
|    learning_rate        | 0.0003      |
|    loss                 | 3.18        |
|    n_updates            | 10          |
|    policy_gradient_loss | -0.0209     |
|    value_loss           | 7.78        |
-----------------------------------------
----------------------------------------
| rollout/                |            |
|    ep_len_mean          | 60         |
|    ep_rew_mean          | 7.47       |
| time/                   |            |
|    fps                  | 148        |
|    iterations           | 3          |
|    time_elapsed         | 41         |
|    total_timesteps      | 6144       |
| train/                  |            |
|    approx_kl            | 0.01418875 |
|    clip_fraction        | 0.107      |
|    clip_range           | 0.2        |
|    entropy_loss         | -1.57      |
|    explained_variance   | 0.121      |
|    learning_rate        | 0.0003     |
|    loss                 | 3.49       |
|    n_updates            | 20         |
|    policy_gradient_loss | -0.0167    |
|    value_loss           | 7.85       |
----------------------------------------
-----------------------------------------
| rollout/                |             |
|    ep_len_mean          | 60          |
|    ep_rew_mean          | 13.9        |
| time/                   |             |
|    fps                  | 149         |
|    iterations           | 4           |
|    time_elapsed         | 54          |
|    total_timesteps      | 8192        |
| train/                  |             |
|    approx_kl            | 0.012471689 |
|    clip_fraction        | 0.0554      |
|    clip_range           | 0.2         |
|    entropy_loss         | -1.53       |
|    explained_variance   | 0.092       |
|    learning_rate        | 0.0003      |
|    loss                 | 4.32        |
|    n_updates            | 30          |
|    policy_gradient_loss | -0.0107     |
|    value_loss           | 11.7        |
-----------------------------------------
-----------------------------------------
| rollout/                |             |
|    ep_len_mean          | 60          |
|    ep_rew_mean          | 18.9        |
| time/                   |             |
|    fps                  | 146         |
|    iterations           | 5           |
|    time_elapsed         | 69          |
|    total_timesteps      | 10240       |
| train/                  |             |
|    approx_kl            | 0.008891329 |
|    clip_fraction        | 0.0397      |
|    clip_range           | 0.2         |
|    entropy_loss         | -1.48       |
|    explained_variance   | 0.0855      |
|    learning_rate        | 0.0003      |
|    loss                 | 6.58        |
|    n_updates            | 40          |
|    policy_gradient_loss | -0.00892    |
|    value_loss           | 15.2        |
-----------------------------------------
------------------------------------------
| rollout/                |              |
|    ep_len_mean          | 60           |
|    ep_rew_mean          | 23.1         |
| time/                   |              |
|    fps                  | 146          |
|    iterations           | 6            |
|    time_elapsed         | 83           |
|    total_timesteps      | 12288        |
| train/                  |              |
|    approx_kl            | 0.0075092586 |
|    clip_fraction        | 0.0064       |
|    clip_range           | 0.2          |
|    entropy_loss         | -1.42        |
|    explained_variance   | 0.066        |
|    learning_rate        | 0.0003       |
|    loss                 | 8.03         |
|    n_updates            | 50           |
|    policy_gradient_loss | -0.00587     |
|    value_loss           | 18.9         |
------------------------------------------
-----------------------------------------
| rollout/                |             |
|    ep_len_mean          | 60          |
|    ep_rew_mean          | 26.3        |
| time/                   |             |
|    fps                  | 144         |
|    iterations           | 7           |
|    time_elapsed         | 99          |
|    total_timesteps      | 14336       |
| train/                  |             |
|    approx_kl            | 0.008250462 |
|    clip_fraction        | 0.0309      |
|    clip_range           | 0.2         |
|    entropy_loss         | -1.34       |
|    explained_variance   | 0.0521      |
|    learning_rate        | 0.0003      |
|    loss                 | 10.5        |
|    n_updates            | 60          |
|    policy_gradient_loss | -0.00748    |
|    value_loss           | 24.6        |
-----------------------------------------
------------------------------------------
| rollout/                |              |
|    ep_len_mean          | 60           |
|    ep_rew_mean          | 29.6         |
| time/                   |              |
|    fps                  | 142          |
|    iterations           | 8            |
|    time_elapsed         | 115          |
|    total_timesteps      | 16384        |
| train/                  |              |
|    approx_kl            | 0.0094815325 |
|    clip_fraction        | 0.0187       |
|    clip_range           | 0.2          |
|    entropy_loss         | -1.29        |
|    explained_variance   | 0.0597       |
|    learning_rate        | 0.0003       |
|    loss                 | 15.6         |
|    n_updates            | 70           |
|    policy_gradient_loss | -0.00526     |
|    value_loss           | 30.6         |
------------------------------------------
-----------------------------------------
| rollout/                |             |
|    ep_len_mean          | 60          |
|    ep_rew_mean          | 32.2        |
| time/                   |             |
|    fps                  | 140         |
|    iterations           | 9           |
|    time_elapsed         | 130         |
|    total_timesteps      | 18432       |
| train/                  |             |
|    approx_kl            | 0.009568164 |
|    clip_fraction        | 0.0348      |
|    clip_range           | 0.2         |
|    entropy_loss         | -1.18       |
|    explained_variance   | 0.0184      |
|    learning_rate        | 0.0003      |
|    loss                 | 15.3        |
|    n_updates            | 80          |
|    policy_gradient_loss | -0.00711    |
|    value_loss           | 32.9        |
-----------------------------------------
-----------------------------------------
| rollout/                |             |
|    ep_len_mean          | 60          |
|    ep_rew_mean          | 33.7        |
| time/                   |             |
|    fps                  | 141         |
|    iterations           | 10          |
|    time_elapsed         | 144         |
|    total_timesteps      | 20480       |
| train/                  |             |
|    approx_kl            | 0.009357478 |
|    clip_fraction        | 0.012       |
|    clip_range           | 0.2         |
|    entropy_loss         | -1.12       |
|    explained_variance   | 0.0446      |
|    learning_rate        | 0.0003      |
|    loss                 | 16.8        |
|    n_updates            | 90          |
|    policy_gradient_loss | -0.00254    |
|    value_loss           | 34.7        |
-----------------------------------------
------------------------------------------
| rollout/                |              |
|    ep_len_mean          | 60           |
|    ep_rew_mean          | 34.7         |
| time/                   |              |
|    fps                  | 141          |
|    iterations           | 11           |
|    time_elapsed         | 159          |
|    total_timesteps      | 22528        |
| train/                  |              |
|    approx_kl            | 0.0036280574 |
|    clip_fraction        | 0.0298       |
|    clip_range           | 0.2          |
|    entropy_loss         | -1.03        |
|    explained_variance   | 0.043        |
|    learning_rate        | 0.0003       |
|    loss                 | 18.7         |
|    n_updates            | 100          |
|    policy_gradient_loss | -0.00473     |
|    value_loss           | 38.7         |
------------------------------------------
------------------------------------------
| rollout/                |              |
|    ep_len_mean          | 60           |
|    ep_rew_mean          | 35.5         |
| time/                   |              |
|    fps                  | 139          |
|    iterations           | 12           |
|    time_elapsed         | 176          |
|    total_timesteps      | 24576        |
| train/                  |              |
|    approx_kl            | 0.0050653224 |
|    clip_fraction        | 0.0254       |
|    clip_range           | 0.2          |
|    entropy_loss         | -0.994       |
|    explained_variance   | 0.0794       |
|    learning_rate        | 0.0003       |
|    loss                 | 22.6         |
|    n_updates            | 110          |
|    policy_gradient_loss | -0.00579     |
|    value_loss           | 41.9         |
------------------------------------------
-----------------------------------------
| rollout/                |             |
|    ep_len_mean          | 60          |
|    ep_rew_mean          | 36.8        |
| time/                   |             |
|    fps                  | 138         |
|    iterations           | 13          |
|    time_elapsed         | 191         |
|    total_timesteps      | 26624       |
| train/                  |             |
|    approx_kl            | 0.005516938 |
|    clip_fraction        | 0.0228      |
|    clip_range           | 0.2         |
|    entropy_loss         | -0.937      |
|    explained_variance   | 0.0823      |
|    learning_rate        | 0.0003      |
|    loss                 | 21.1        |
|    n_updates            | 120         |
|    policy_gradient_loss | -0.00327    |
|    value_loss           | 45.9        |
-----------------------------------------
------------------------------------------
| rollout/                |              |
|    ep_len_mean          | 60           |
|    ep_rew_mean          | 37.6         |
| time/                   |              |
|    fps                  | 138          |
|    iterations           | 14           |
|    time_elapsed         | 207          |
|    total_timesteps      | 28672        |
| train/                  |              |
|    approx_kl            | 0.0032608584 |
|    clip_fraction        | 0.004        |
|    clip_range           | 0.2          |
|    entropy_loss         | -0.925       |
|    explained_variance   | 0.105        |
|    learning_rate        | 0.0003       |
|    loss                 | 24           |
|    n_updates            | 130          |
|    policy_gradient_loss | -0.00186     |
|    value_loss           | 45.6         |
------------------------------------------
------------------------------------------
| rollout/                |              |
|    ep_len_mean          | 60           |
|    ep_rew_mean          | 38.2         |
| time/                   |              |
|    fps                  | 137          |
|    iterations           | 15           |
|    time_elapsed         | 224          |
|    total_timesteps      | 30720        |
| train/                  |              |
|    approx_kl            | 0.0045034382 |
|    clip_fraction        | 0.0156       |
|    clip_range           | 0.2          |
|    entropy_loss         | -0.94        |
|    explained_variance   | 0.0946       |
|    learning_rate        | 0.0003       |
|    loss                 | 24.2         |
|    n_updates            | 140          |
|    policy_gradient_loss | -0.00287     |
|    value_loss           | 50.3         |
------------------------------------------
-----------------------------------------
| rollout/                |             |
|    ep_len_mean          | 60          |
|    ep_rew_mean          | 38.7        |
| time/                   |             |
|    fps                  | 136         |
|    iterations           | 16          |
|    time_elapsed         | 239         |
|    total_timesteps      | 32768       |
| train/                  |             |
|    approx_kl            | 0.004960547 |
|    clip_fraction        | 0.0364      |
|    clip_range           | 0.2         |
|    entropy_loss         | -0.951      |
|    explained_variance   | 0.0956      |
|    learning_rate        | 0.0003      |
|    loss                 | 26.3        |
|    n_updates            | 150         |
|    policy_gradient_loss | -0.00458    |
|    value_loss           | 51.6        |
-----------------------------------------
------------------------------------------
| rollout/                |              |
|    ep_len_mean          | 60           |
|    ep_rew_mean          | 39.4         |
| time/                   |              |
|    fps                  | 136          |
|    iterations           | 17           |
|    time_elapsed         | 254          |
|    total_timesteps      | 34816        |
| train/                  |              |
|    approx_kl            | 0.0038178363 |
|    clip_fraction        | 0.0204       |
|    clip_range           | 0.2          |
|    entropy_loss         | -0.904       |
|    explained_variance   | 0.095        |
|    learning_rate        | 0.0003       |
|    loss                 | 25.9         |
|    n_updates            | 160          |
|    policy_gradient_loss | -0.00334     |
|    value_loss           | 51.4         |
------------------------------------------
------------------------------------------
| rollout/                |              |
|    ep_len_mean          | 60           |
|    ep_rew_mean          | 39.3         |
| time/                   |              |
|    fps                  | 136          |
|    iterations           | 18           |
|    time_elapsed         | 269          |
|    total_timesteps      | 36864        |
| train/                  |              |
|    approx_kl            | 0.0039901608 |
|    clip_fraction        | 0.0217       |
|    clip_range           | 0.2          |
|    entropy_loss         | -0.924       |
|    explained_variance   | 0.0851       |
|    learning_rate        | 0.0003       |
|    loss                 | 26.6         |
|    n_updates            | 170          |
|    policy_gradient_loss | -0.0028      |
|    value_loss           | 56.9         |
------------------------------------------
------------------------------------------
| rollout/                |              |
|    ep_len_mean          | 60           |
|    ep_rew_mean          | 38.9         |
| time/                   |              |
|    fps                  | 136          |
|    iterations           | 19           |
|    time_elapsed         | 285          |
|    total_timesteps      | 38912        |
| train/                  |              |
|    approx_kl            | 0.0036412163 |
|    clip_fraction        | 0.0147       |
|    clip_range           | 0.2          |
|    entropy_loss         | -0.943       |
|    explained_variance   | 0.072        |
|    learning_rate        | 0.0003       |
|    loss                 | 20.7         |
|    n_updates            | 180          |
|    policy_gradient_loss | -0.0028      |
|    value_loss           | 52.7         |
------------------------------------------
------------------------------------------
| rollout/                |              |
|    ep_len_mean          | 60           |
|    ep_rew_mean          | 38.4         |
| time/                   |              |
|    fps                  | 135          |
|    iterations           | 20           |
|    time_elapsed         | 301          |
|    total_timesteps      | 40960        |
| train/                  |              |
|    approx_kl            | 0.0036365925 |
|    clip_fraction        | 0.00767      |
|    clip_range           | 0.2          |
|    entropy_loss         | -0.921       |
|    explained_variance   | 0.104        |
|    learning_rate        | 0.0003       |
|    loss                 | 30.2         |
|    n_updates            | 190          |
|    policy_gradient_loss | -0.00322     |
|    value_loss           | 57.1         |
------------------------------------------
-----------------------------------------
| rollout/                |             |
|    ep_len_mean          | 60          |
|    ep_rew_mean          | 38.5        |
| time/                   |             |
|    fps                  | 136         |
|    iterations           | 21          |
|    time_elapsed         | 316         |
|    total_timesteps      | 43008       |
| train/                  |             |
|    approx_kl            | 0.005621855 |
|    clip_fraction        | 0.0272      |
|    clip_range           | 0.2         |
|    entropy_loss         | -0.875      |
|    explained_variance   | 0.135       |
|    learning_rate        | 0.0003      |
|    loss                 | 27.5        |
|    n_updates            | 200         |
|    policy_gradient_loss | -0.00451    |
|    value_loss           | 52.2        |
-----------------------------------------
------------------------------------------
| rollout/                |              |
|    ep_len_mean          | 60           |
|    ep_rew_mean          | 39           |
| time/                   |              |
|    fps                  | 135          |
|    iterations           | 22           |
|    time_elapsed         | 331          |
|    total_timesteps      | 45056        |
| train/                  |              |
|    approx_kl            | 0.0038007381 |
|    clip_fraction        | 0.0179       |
|    clip_range           | 0.2          |
|    entropy_loss         | -0.862       |
|    explained_variance   | 0.106        |
|    learning_rate        | 0.0003       |
|    loss                 | 31.2         |
|    n_updates            | 210          |
|    policy_gradient_loss | -0.00339     |
|    value_loss           | 57.6         |
------------------------------------------
-----------------------------------------
| rollout/                |             |
|    ep_len_mean          | 60          |
|    ep_rew_mean          | 40          |
| time/                   |             |
|    fps                  | 135         |
|    iterations           | 23          |
|    time_elapsed         | 346         |
|    total_timesteps      | 47104       |
| train/                  |             |
|    approx_kl            | 0.008454638 |
|    clip_fraction        | 0.0681      |
|    clip_range           | 0.2         |
|    entropy_loss         | -0.796      |
|    explained_variance   | 0.108       |
|    learning_rate        | 0.0003      |
|    loss                 | 26.6        |
|    n_updates            | 220         |
|    policy_gradient_loss | -0.00836    |
|    value_loss           | 55          |
-----------------------------------------
------------------------------------------
| rollout/                |              |
|    ep_len_mean          | 60           |
|    ep_rew_mean          | 40.6         |
| time/                   |              |
|    fps                  | 135          |
|    iterations           | 24           |
|    time_elapsed         | 361          |
|    total_timesteps      | 49152        |
| train/                  |              |
|    approx_kl            | 0.0027947673 |
|    clip_fraction        | 0.0109       |
|    clip_range           | 0.2          |
|    entropy_loss         | -0.772       |
|    explained_variance   | 0.0911       |
|    learning_rate        | 0.0003       |
|    loss                 | 35.1         |
|    n_updates            | 230          |
|    policy_gradient_loss | -0.00312     |
|    value_loss           | 60.6         |
------------------------------------------
-----------------------------------------
| rollout/                |             |
|    ep_len_mean          | 60          |
|    ep_rew_mean          | 41.6        |
| time/                   |             |
|    fps                  | 135         |
|    iterations           | 25          |
|    time_elapsed         | 377         |
|    total_timesteps      | 51200       |
| train/                  |             |
|    approx_kl            | 0.005628645 |
|    clip_fraction        | 0.0451      |
|    clip_range           | 0.2         |
|    entropy_loss         | -0.714      |
|    explained_variance   | 0.142       |
|    learning_rate        | 0.0003      |
|    loss                 | 27.1        |
|    n_updates            | 240         |
|    policy_gradient_loss | -0.00566    |
|    value_loss           | 57.6        |
-----------------------------------------
    evaluating (100 episodes)...
    eval: 20/100 episodes
    eval: 40/100 episodes
    eval: 60/100 episodes
    eval: 80/100 episodes
    eval: 100/100 episodes
     reward_profile  reward_mean  switch_rate_mean  outage_rate_mean
           balanced    46.650139          0.064333               0.0
 throughput-leaning    45.228720          0.048833               0.0
    latency-leaning    46.763427          0.062833               0.0
reliability-leaning    47.460887          0.048500               0.0

figures + csv written to D:\Projects\TN+NTN\drl\figures_ka
--- eval_geometry_generalization (Phase 1.4) ---
Gym has been unmaintained since 2022 and does not support NumPy 2.0 amongst other critical functionality.
Please upgrade to Gymnasium, the maintained drop-in replacement of Gym, or contact the authors of your software and request that they upgrade.
Users of this version of Gym should be able to simply replace 'import gym' with 'import gymnasium as gym' in the vast majority of cases.
See the migration guide at https://gymnasium.farama.org/introduction/migration_guide/ for additional information.
evaluating hysteresis under nominal geometry...
    hysteresis/nominal: 20/200 episodes
    hysteresis/nominal: 40/200 episodes
    hysteresis/nominal: 60/200 episodes
    hysteresis/nominal: 80/200 episodes
    hysteresis/nominal: 100/200 episodes
    hysteresis/nominal: 120/200 episodes
    hysteresis/nominal: 140/200 episodes
    hysteresis/nominal: 160/200 episodes
    hysteresis/nominal: 180/200 episodes
    hysteresis/nominal: 200/200 episodes
evaluating ppo seed=0 under nominal geometry...
    ppo_seed0/nominal: 20/200 episodes
    ppo_seed0/nominal: 40/200 episodes
    ppo_seed0/nominal: 60/200 episodes
    ppo_seed0/nominal: 80/200 episodes
    ppo_seed0/nominal: 100/200 episodes
    ppo_seed0/nominal: 120/200 episodes
    ppo_seed0/nominal: 140/200 episodes
    ppo_seed0/nominal: 160/200 episodes
    ppo_seed0/nominal: 180/200 episodes
    ppo_seed0/nominal: 200/200 episodes
evaluating ppo seed=1 under nominal geometry...
    ppo_seed1/nominal: 20/200 episodes
    ppo_seed1/nominal: 40/200 episodes
    ppo_seed1/nominal: 60/200 episodes
    ppo_seed1/nominal: 80/200 episodes
    ppo_seed1/nominal: 100/200 episodes
    ppo_seed1/nominal: 120/200 episodes
    ppo_seed1/nominal: 140/200 episodes
    ppo_seed1/nominal: 160/200 episodes
    ppo_seed1/nominal: 180/200 episodes
    ppo_seed1/nominal: 200/200 episodes
evaluating ppo seed=2 under nominal geometry...
    ppo_seed2/nominal: 20/200 episodes
    ppo_seed2/nominal: 40/200 episodes
    ppo_seed2/nominal: 60/200 episodes
    ppo_seed2/nominal: 80/200 episodes
    ppo_seed2/nominal: 100/200 episodes
    ppo_seed2/nominal: 120/200 episodes
    ppo_seed2/nominal: 140/200 episodes
    ppo_seed2/nominal: 160/200 episodes
    ppo_seed2/nominal: 180/200 episodes
    ppo_seed2/nominal: 200/200 episodes
evaluating hysteresis under shifted geometry...
    hysteresis/shifted: 20/200 episodes
    hysteresis/shifted: 40/200 episodes
    hysteresis/shifted: 60/200 episodes
    hysteresis/shifted: 80/200 episodes
    hysteresis/shifted: 100/200 episodes
    hysteresis/shifted: 120/200 episodes
    hysteresis/shifted: 140/200 episodes
    hysteresis/shifted: 160/200 episodes
    hysteresis/shifted: 180/200 episodes
    hysteresis/shifted: 200/200 episodes
evaluating ppo seed=0 under shifted geometry...
    ppo_seed0/shifted: 20/200 episodes
    ppo_seed0/shifted: 40/200 episodes
    ppo_seed0/shifted: 60/200 episodes
    ppo_seed0/shifted: 80/200 episodes
    ppo_seed0/shifted: 100/200 episodes
    ppo_seed0/shifted: 120/200 episodes
    ppo_seed0/shifted: 140/200 episodes
    ppo_seed0/shifted: 160/200 episodes
    ppo_seed0/shifted: 180/200 episodes
    ppo_seed0/shifted: 200/200 episodes
evaluating ppo seed=1 under shifted geometry...
    ppo_seed1/shifted: 20/200 episodes
    ppo_seed1/shifted: 40/200 episodes
    ppo_seed1/shifted: 60/200 episodes
    ppo_seed1/shifted: 80/200 episodes
    ppo_seed1/shifted: 100/200 episodes
    ppo_seed1/shifted: 120/200 episodes
    ppo_seed1/shifted: 140/200 episodes
    ppo_seed1/shifted: 160/200 episodes
    ppo_seed1/shifted: 180/200 episodes
    ppo_seed1/shifted: 200/200 episodes
evaluating ppo seed=2 under shifted geometry...
    ppo_seed2/shifted: 20/200 episodes
    ppo_seed2/shifted: 40/200 episodes
    ppo_seed2/shifted: 60/200 episodes
    ppo_seed2/shifted: 80/200 episodes
    ppo_seed2/shifted: 100/200 episodes
    ppo_seed2/shifted: 120/200 episodes
    ppo_seed2/shifted: 140/200 episodes
    ppo_seed2/shifted: 160/200 episodes
    ppo_seed2/shifted: 180/200 episodes
    ppo_seed2/shifted: 200/200 episodes

    policy geometry  reward_mean  switch_rate_mean  outage_rate_mean
hysteresis  nominal    44.037941          0.062333               0.0
 ppo_seed0  nominal    46.978620          0.059667               0.0
 ppo_seed1  nominal    47.857511          0.049333               0.0
 ppo_seed2  nominal    47.972569          0.034167               0.0
hysteresis  shifted    44.371241          0.080167               0.0
 ppo_seed0  shifted    47.159671          0.066833               0.0
 ppo_seed1  shifted    47.993023          0.046917               0.0
 ppo_seed2  shifted    47.939498          0.038917               0.0

Saved: D:\Projects\TN+NTN\drl\figures_ka\phase8_geometry_generalization.csv
=== Thu Sep  3 15:30:22 EDT 2026 campaign done ===
