=== Fri Sep  4 13:43:22 EDT 2026 S-BAND campaign start (2.2 GHz LEO, corrected P.838/P.676/P.835 physics) ===
--- train_agents (Phase 5) ---
Gym has been unmaintained since 2022 and does not support NumPy 2.0 amongst other critical functionality.
Please upgrade to Gymnasium, the maintained drop-in replacement of Gym, or contact the authors of your software and request that they upgrade.
Users of this version of Gym should be able to simply replace 'import gym' with 'import gymnasium as gym' in the vast majority of cases.
See the migration guide at https://gymnasium.farama.org/introduction/migration_guide/ for additional information.
evaluating baselines...
  evaluating random (200 episodes)...
    random: 20/200 episodes
    random: 40/200 episodes
    random: 60/200 episodes
    random: 80/200 episodes
    random: 100/200 episodes
    random: 120/200 episodes
    random: 140/200 episodes
    random: 160/200 episodes
    random: 180/200 episodes
    random: 200/200 episodes
  evaluating greedy (200 episodes)...
    greedy: 20/200 episodes
    greedy: 40/200 episodes
    greedy: 60/200 episodes
    greedy: 80/200 episodes
    greedy: 100/200 episodes
    greedy: 120/200 episodes
    greedy: 140/200 episodes
    greedy: 160/200 episodes
    greedy: 180/200 episodes
    greedy: 200/200 episodes
  evaluating hysteresis (200 episodes)...
    hysteresis: 20/200 episodes
    hysteresis: 40/200 episodes
    hysteresis: 60/200 episodes
    hysteresis: 80/200 episodes
    hysteresis: 100/200 episodes
    hysteresis: 120/200 episodes
    hysteresis: 140/200 episodes
    hysteresis: 160/200 episodes
    hysteresis: 180/200 episodes
    hysteresis: 200/200 episodes
  evaluating oracle (200 episodes, DP-planned)...
    oracle: 20/200 episodes
    oracle: 40/200 episodes
    oracle: 60/200 episodes
    oracle: 80/200 episodes
    oracle: 100/200 episodes
    oracle: 120/200 episodes
    oracle: 140/200 episodes
    oracle: 160/200 episodes
    oracle: 180/200 episodes
    oracle: 200/200 episodes
training + evaluating PPO...
  training ppo seed=0 ...
Using cpu device
---------------------------------
| rollout/           |          |
|    ep_len_mean     | 60       |
|    ep_rew_mean     | 2.08     |
| time/              |          |
|    fps             | 116      |
|    iterations      | 1        |
|    time_elapsed    | 17       |
|    total_timesteps | 2048     |
---------------------------------
-----------------------------------------
| rollout/                |             |
|    ep_len_mean          | 60          |
|    ep_rew_mean          | 4.91        |
| time/                   |             |
|    fps                  | 112         |
|    iterations           | 2           |
|    time_elapsed         | 36          |
|    total_timesteps      | 4096        |
| train/                  |             |
|    approx_kl            | 0.014989248 |
|    clip_fraction        | 0.181       |
|    clip_range           | 0.2         |
|    entropy_loss         | -1.6        |
|    explained_variance   | -0.00579    |
|    learning_rate        | 0.0003      |
|    loss                 | 3.72        |
|    n_updates            | 10          |
|    policy_gradient_loss | -0.0238     |
|    value_loss           | 7.96        |
-----------------------------------------
-----------------------------------------
| rollout/                |             |
|    ep_len_mean          | 60          |
|    ep_rew_mean          | 7.5         |
| time/                   |             |
|    fps                  | 108         |
|    iterations           | 3           |
|    time_elapsed         | 56          |
|    total_timesteps      | 6144        |
| train/                  |             |
|    approx_kl            | 0.013055879 |
|    clip_fraction        | 0.123       |
|    clip_range           | 0.2         |
|    entropy_loss         | -1.57       |
|    explained_variance   | 0.144       |
|    learning_rate        | 0.0003      |
|    loss                 | 3.66        |
|    n_updates            | 20          |
|    policy_gradient_loss | -0.0189     |
|    value_loss           | 8.02        |
-----------------------------------------
-----------------------------------------
| rollout/                |             |
|    ep_len_mean          | 60          |
|    ep_rew_mean          | 13.2        |
| time/                   |             |
|    fps                  | 102         |
|    iterations           | 4           |
|    time_elapsed         | 80          |
|    total_timesteps      | 8192        |
| train/                  |             |
|    approx_kl            | 0.010240771 |
|    clip_fraction        | 0.0819      |
|    clip_range           | 0.2         |
|    entropy_loss         | -1.54       |
|    explained_variance   | 0.139       |
|    learning_rate        | 0.0003      |
|    loss                 | 4.55        |
|    n_updates            | 30          |
|    policy_gradient_loss | -0.0123     |
|    value_loss           | 10.2        |
-----------------------------------------
------------------------------------------
| rollout/                |              |
|    ep_len_mean          | 60           |
|    ep_rew_mean          | 17.2         |
| time/                   |              |
|    fps                  | 99           |
|    iterations           | 5            |
|    time_elapsed         | 102          |
|    total_timesteps      | 10240        |
| train/                  |              |
|    approx_kl            | 0.0068781967 |
|    clip_fraction        | 0.00923      |
|    clip_range           | 0.2          |
|    entropy_loss         | -1.5         |
|    explained_variance   | 0.142        |
|    learning_rate        | 0.0003       |
|    loss                 | 5.46         |
|    n_updates            | 40           |
|    policy_gradient_loss | -0.00625     |
|    value_loss           | 13.8         |
------------------------------------------
------------------------------------------
| rollout/                |              |
|    ep_len_mean          | 60           |
|    ep_rew_mean          | 21           |
| time/                   |              |
|    fps                  | 95           |
|    iterations           | 6            |
|    time_elapsed         | 129          |
|    total_timesteps      | 12288        |
| train/                  |              |
|    approx_kl            | 0.0087425215 |
|    clip_fraction        | 0.0197       |
|    clip_range           | 0.2          |
|    entropy_loss         | -1.44        |
|    explained_variance   | 0.0715       |
|    learning_rate        | 0.0003       |
|    loss                 | 7.31         |
|    n_updates            | 50           |
|    policy_gradient_loss | -0.00591     |
|    value_loss           | 16.7         |
------------------------------------------
-----------------------------------------
| rollout/                |             |
|    ep_len_mean          | 60          |
|    ep_rew_mean          | 23.2        |
| time/                   |             |
|    fps                  | 94          |
|    iterations           | 7           |
|    time_elapsed         | 152         |
|    total_timesteps      | 14336       |
| train/                  |             |
|    approx_kl            | 0.010424586 |
|    clip_fraction        | 0.0465      |
|    clip_range           | 0.2         |
|    entropy_loss         | -1.36       |
|    explained_variance   | 0.0676      |
|    learning_rate        | 0.0003      |
|    loss                 | 9.66        |
|    n_updates            | 60          |
|    policy_gradient_loss | -0.00603    |
|    value_loss           | 20.9        |
-----------------------------------------
----------------------------------------
| rollout/                |            |
|    ep_len_mean          | 60         |
|    ep_rew_mean          | 26.6       |
| time/                   |            |
|    fps                  | 94         |
|    iterations           | 8          |
|    time_elapsed         | 173        |
|    total_timesteps      | 16384      |
| train/                  |            |
|    approx_kl            | 0.00908733 |
|    clip_fraction        | 0.00928    |
|    clip_range           | 0.2        |
|    entropy_loss         | -1.29      |
|    explained_variance   | 0.0853     |
|    learning_rate        | 0.0003     |
|    loss                 | 11.3       |
|    n_updates            | 70         |
|    policy_gradient_loss | -0.00424   |
|    value_loss           | 23         |
----------------------------------------
-----------------------------------------
| rollout/                |             |
|    ep_len_mean          | 60          |
|    ep_rew_mean          | 29.3        |
| time/                   |             |
|    fps                  | 92          |
|    iterations           | 9           |
|    time_elapsed         | 199         |
|    total_timesteps      | 18432       |
| train/                  |             |
|    approx_kl            | 0.012738311 |
|    clip_fraction        | 0.0438      |
|    clip_range           | 0.2         |
|    entropy_loss         | -1.2        |
|    explained_variance   | 0.0517      |
|    learning_rate        | 0.0003      |
|    loss                 | 13.8        |
|    n_updates            | 80          |
|    policy_gradient_loss | -0.00672    |
|    value_loss           | 28.2        |
-----------------------------------------
------------------------------------------
| rollout/                |              |
|    ep_len_mean          | 60           |
|    ep_rew_mean          | 31.4         |
| time/                   |              |
|    fps                  | 90           |
|    iterations           | 10           |
|    time_elapsed         | 225          |
|    total_timesteps      | 20480        |
| train/                  |              |
|    approx_kl            | 0.0070590917 |
|    clip_fraction        | 0.00864      |
|    clip_range           | 0.2          |
|    entropy_loss         | -1.13        |
|    explained_variance   | 0.0843       |
|    learning_rate        | 0.0003       |
|    loss                 | 13.6         |
|    n_updates            | 90           |
|    policy_gradient_loss | -0.00305     |
|    value_loss           | 29.6         |
------------------------------------------
----------------------------------------
| rollout/                |            |
|    ep_len_mean          | 60         |
|    ep_rew_mean          | 32.8       |
| time/                   |            |
|    fps                  | 89         |
|    iterations           | 11         |
|    time_elapsed         | 250        |
|    total_timesteps      | 22528      |
| train/                  |            |
|    approx_kl            | 0.00456805 |
|    clip_fraction        | 0.017      |
|    clip_range           | 0.2        |
|    entropy_loss         | -1.02      |
|    explained_variance   | 0.113      |
|    learning_rate        | 0.0003     |
|    loss                 | 16.1       |
|    n_updates            | 100        |
|    policy_gradient_loss | -0.00407   |
|    value_loss           | 35.2       |
----------------------------------------
------------------------------------------
| rollout/                |              |
|    ep_len_mean          | 60           |
|    ep_rew_mean          | 34.2         |
| time/                   |              |
|    fps                  | 89           |
|    iterations           | 12           |
|    time_elapsed         | 274          |
|    total_timesteps      | 24576        |
| train/                  |              |
|    approx_kl            | 0.0058487635 |
|    clip_fraction        | 0.0292       |
|    clip_range           | 0.2          |
|    entropy_loss         | -0.963       |
|    explained_variance   | 0.0821       |
|    learning_rate        | 0.0003       |
|    loss                 | 19           |
|    n_updates            | 110          |
|    policy_gradient_loss | -0.00375     |
|    value_loss           | 36.6         |
------------------------------------------
-----------------------------------------
| rollout/                |             |
|    ep_len_mean          | 60          |
|    ep_rew_mean          | 35          |
| time/                   |             |
|    fps                  | 89          |
|    iterations           | 13          |
|    time_elapsed         | 299         |
|    total_timesteps      | 26624       |
| train/                  |             |
|    approx_kl            | 0.005363075 |
|    clip_fraction        | 0.0263      |
|    clip_range           | 0.2         |
|    entropy_loss         | -0.893      |
|    explained_variance   | 0.106       |
|    learning_rate        | 0.0003      |
|    loss                 | 20.7        |
|    n_updates            | 120         |
|    policy_gradient_loss | -0.00446    |
|    value_loss           | 42.2        |
-----------------------------------------
------------------------------------------
| rollout/                |              |
|    ep_len_mean          | 60           |
|    ep_rew_mean          | 35.2         |
| time/                   |              |
|    fps                  | 87           |
|    iterations           | 14           |
|    time_elapsed         | 326          |
|    total_timesteps      | 28672        |
| train/                  |              |
|    approx_kl            | 0.0042080753 |
|    clip_fraction        | 0.0294       |
|    clip_range           | 0.2          |
|    entropy_loss         | -0.887       |
|    explained_variance   | 0.137        |
|    learning_rate        | 0.0003       |
|    loss                 | 20.9         |
|    n_updates            | 130          |
|    policy_gradient_loss | -0.00338     |
|    value_loss           | 38.2         |
------------------------------------------
-----------------------------------------
| rollout/                |             |
|    ep_len_mean          | 60          |
|    ep_rew_mean          | 35.5        |
| time/                   |             |
|    fps                  | 86          |
|    iterations           | 15          |
|    time_elapsed         | 355         |
|    total_timesteps      | 30720       |
| train/                  |             |
|    approx_kl            | 0.004864848 |
|    clip_fraction        | 0.0406      |
|    clip_range           | 0.2         |
|    entropy_loss         | -0.865      |
|    explained_variance   | 0.135       |
|    learning_rate        | 0.0003      |
|    loss                 | 20.9        |
|    n_updates            | 140         |
|    policy_gradient_loss | -0.00563    |
|    value_loss           | 43.5        |
-----------------------------------------
------------------------------------------
| rollout/                |              |
|    ep_len_mean          | 60           |
|    ep_rew_mean          | 36           |
| time/                   |              |
|    fps                  | 86           |
|    iterations           | 16           |
|    time_elapsed         | 377          |
|    total_timesteps      | 32768        |
| train/                  |              |
|    approx_kl            | 0.0044721784 |
|    clip_fraction        | 0.0191       |
|    clip_range           | 0.2          |
|    entropy_loss         | -0.855       |
|    explained_variance   | 0.0885       |
|    learning_rate        | 0.0003       |
|    loss                 | 23.3         |
|    n_updates            | 150          |
|    policy_gradient_loss | -0.00433     |
|    value_loss           | 47.1         |
------------------------------------------
------------------------------------------
| rollout/                |              |
|    ep_len_mean          | 60           |
|    ep_rew_mean          | 37           |
| time/                   |              |
|    fps                  | 86           |
|    iterations           | 17           |
|    time_elapsed         | 404          |
|    total_timesteps      | 34816        |
| train/                  |              |
|    approx_kl            | 0.0042522685 |
|    clip_fraction        | 0.0256       |
|    clip_range           | 0.2          |
|    entropy_loss         | -0.826       |
|    explained_variance   | 0.0971       |
|    learning_rate        | 0.0003       |
|    loss                 | 21.3         |
|    n_updates            | 160          |
|    policy_gradient_loss | -0.00465     |
|    value_loss           | 44.1         |
------------------------------------------
------------------------------------------
| rollout/                |              |
|    ep_len_mean          | 60           |
|    ep_rew_mean          | 37.3         |
| time/                   |              |
|    fps                  | 84           |
|    iterations           | 18           |
|    time_elapsed         | 435          |
|    total_timesteps      | 36864        |
| train/                  |              |
|    approx_kl            | 0.0034639358 |
|    clip_fraction        | 0.0174       |
|    clip_range           | 0.2          |
|    entropy_loss         | -0.847       |
|    explained_variance   | 0.123        |
|    learning_rate        | 0.0003       |
|    loss                 | 21.2         |
|    n_updates            | 170          |
|    policy_gradient_loss | -0.00315     |
|    value_loss           | 47.1         |
------------------------------------------
------------------------------------------
| rollout/                |              |
|    ep_len_mean          | 60           |
|    ep_rew_mean          | 37.7         |
| time/                   |              |
|    fps                  | 82           |
|    iterations           | 19           |
|    time_elapsed         | 471          |
|    total_timesteps      | 38912        |
| train/                  |              |
|    approx_kl            | 0.0058758543 |
|    clip_fraction        | 0.0643       |
|    clip_range           | 0.2          |
|    entropy_loss         | -0.803       |
|    explained_variance   | 0.0547       |
|    learning_rate        | 0.0003       |
|    loss                 | 20           |
|    n_updates            | 180          |
|    policy_gradient_loss | -0.00576     |
|    value_loss           | 48.6         |
------------------------------------------
------------------------------------------
| rollout/                |              |
|    ep_len_mean          | 60           |
|    ep_rew_mean          | 37.6         |
| time/                   |              |
|    fps                  | 78           |
|    iterations           | 20           |
|    time_elapsed         | 520          |
|    total_timesteps      | 40960        |
| train/                  |              |
|    approx_kl            | 0.0037463373 |
|    clip_fraction        | 0.0385       |
|    clip_range           | 0.2          |
|    entropy_loss         | -0.742       |
|    explained_variance   | 0.116        |
|    learning_rate        | 0.0003       |
|    loss                 | 26.6         |
|    n_updates            | 190          |
|    policy_gradient_loss | -0.00514     |
|    value_loss           | 50.7         |
------------------------------------------
------------------------------------------
| rollout/                |              |
|    ep_len_mean          | 60           |
|    ep_rew_mean          | 38.2         |
| time/                   |              |
|    fps                  | 70           |
|    iterations           | 21           |
|    time_elapsed         | 606          |
|    total_timesteps      | 43008        |
| train/                  |              |
|    approx_kl            | 0.0049994774 |
|    clip_fraction        | 0.0315       |
|    clip_range           | 0.2          |
|    entropy_loss         | -0.675       |
|    explained_variance   | 0.139        |
|    learning_rate        | 0.0003       |
|    loss                 | 22.2         |
|    n_updates            | 200          |
|    policy_gradient_loss | -0.00328     |
|    value_loss           | 45.4         |
------------------------------------------
-----------------------------------------
| rollout/                |             |
|    ep_len_mean          | 60          |
|    ep_rew_mean          | 38.7        |
| time/                   |             |
|    fps                  | 64          |
|    iterations           | 22          |
|    time_elapsed         | 695         |
|    total_timesteps      | 45056       |
| train/                  |             |
|    approx_kl            | 0.002700564 |
|    clip_fraction        | 0.0183      |
|    clip_range           | 0.2         |
|    entropy_loss         | -0.648      |
|    explained_variance   | 0.133       |
|    learning_rate        | 0.0003      |
|    loss                 | 24.5        |
|    n_updates            | 210         |
|    policy_gradient_loss | -0.00344    |
|    value_loss           | 50.6        |
-----------------------------------------
------------------------------------------
| rollout/                |              |
|    ep_len_mean          | 60           |
|    ep_rew_mean          | 39.3         |
| time/                   |              |
|    fps                  | 62           |
|    iterations           | 23           |
|    time_elapsed         | 753          |
|    total_timesteps      | 47104        |
| train/                  |              |
|    approx_kl            | 0.0037566097 |
|    clip_fraction        | 0.0228       |
|    clip_range           | 0.2          |
|    entropy_loss         | -0.634       |
|    explained_variance   | 0.0936       |
|    learning_rate        | 0.0003       |
|    loss                 | 24.3         |
|    n_updates            | 220          |
|    policy_gradient_loss | -0.00343     |
|    value_loss           | 51.2         |
------------------------------------------
------------------------------------------
| rollout/                |              |
|    ep_len_mean          | 60           |
|    ep_rew_mean          | 39.8         |
| time/                   |              |
|    fps                  | 60           |
|    iterations           | 24           |
|    time_elapsed         | 809          |
|    total_timesteps      | 49152        |
| train/                  |              |
|    approx_kl            | 0.0028349562 |
|    clip_fraction        | 0.0136       |
|    clip_range           | 0.2          |
|    entropy_loss         | -0.603       |
|    explained_variance   | 0.102        |
|    learning_rate        | 0.0003       |
|    loss                 | 32.1         |
|    n_updates            | 230          |
|    policy_gradient_loss | -0.00299     |
|    value_loss           | 54.6         |
------------------------------------------
------------------------------------------
| rollout/                |              |
|    ep_len_mean          | 60           |
|    ep_rew_mean          | 40.2         |
| time/                   |              |
|    fps                  | 59           |
|    iterations           | 25           |
|    time_elapsed         | 867          |
|    total_timesteps      | 51200        |
| train/                  |              |
|    approx_kl            | 0.0023776782 |
|    clip_fraction        | 0.00835      |
|    clip_range           | 0.2          |
|    entropy_loss         | -0.562       |
|    explained_variance   | 0.143        |
|    learning_rate        | 0.0003       |
|    loss                 | 23.3         |
|    n_updates            | 240          |
|    policy_gradient_loss | -0.00264     |
|    value_loss           | 50.2         |
------------------------------------------
------------------------------------------
| rollout/                |              |
|    ep_len_mean          | 60           |
|    ep_rew_mean          | 40.5         |
| time/                   |              |
|    fps                  | 57           |
|    iterations           | 26           |
|    time_elapsed         | 922          |
|    total_timesteps      | 53248        |
| train/                  |              |
|    approx_kl            | 0.0020859805 |
|    clip_fraction        | 0.0112       |
|    clip_range           | 0.2          |
|    entropy_loss         | -0.482       |
|    explained_variance   | 0.132        |
|    learning_rate        | 0.0003       |
|    loss                 | 27.8         |
|    n_updates            | 250          |
|    policy_gradient_loss | -0.00273     |
|    value_loss           | 55.3         |
------------------------------------------
------------------------------------------
| rollout/                |              |
|    ep_len_mean          | 60           |
|    ep_rew_mean          | 40.6         |
| time/                   |              |
|    fps                  | 56           |
|    iterations           | 27           |
|    time_elapsed         | 973          |
|    total_timesteps      | 55296        |
| train/                  |              |
|    approx_kl            | 0.0017819719 |
|    clip_fraction        | 0.0231       |
|    clip_range           | 0.2          |
|    entropy_loss         | -0.495       |
|    explained_variance   | 0.142        |
|    learning_rate        | 0.0003       |
|    loss                 | 23.5         |
|    n_updates            | 260          |
|    policy_gradient_loss | -0.00237     |
|    value_loss           | 50.8         |
------------------------------------------
------------------------------------------
| rollout/                |              |
|    ep_len_mean          | 60           |
|    ep_rew_mean          | 40.6         |
| time/                   |              |
|    fps                  | 55           |
|    iterations           | 28           |
|    time_elapsed         | 1027         |
|    total_timesteps      | 57344        |
| train/                  |              |
|    approx_kl            | 0.0017744213 |
|    clip_fraction        | 0.00835      |
|    clip_range           | 0.2          |
|    entropy_loss         | -0.488       |
|    explained_variance   | 0.125        |
|    learning_rate        | 0.0003       |
|    loss                 | 31.2         |
|    n_updates            | 270          |
|    policy_gradient_loss | -0.00221     |
|    value_loss           | 57.1         |
------------------------------------------
------------------------------------------
| rollout/                |              |
|    ep_len_mean          | 60           |
|    ep_rew_mean          | 40.9         |
| time/                   |              |
|    fps                  | 54           |
|    iterations           | 29           |
|    time_elapsed         | 1084         |
|    total_timesteps      | 59392        |
| train/                  |              |
|    approx_kl            | 0.0014400207 |
|    clip_fraction        | 0.00845      |
|    clip_range           | 0.2          |
|    entropy_loss         | -0.465       |
|    explained_variance   | 0.0856       |
|    learning_rate        | 0.0003       |
|    loss                 | 27           |
|    n_updates            | 280          |
|    policy_gradient_loss | -0.00213     |
|    value_loss           | 56.3         |
------------------------------------------
------------------------------------------
| rollout/                |              |
|    ep_len_mean          | 60           |
|    ep_rew_mean          | 41.2         |
| time/                   |              |
|    fps                  | 53           |
|    iterations           | 30           |
|    time_elapsed         | 1144         |
|    total_timesteps      | 61440        |
| train/                  |              |
|    approx_kl            | 0.0023220791 |
|    clip_fraction        | 0.00908      |
|    clip_range           | 0.2          |
|    entropy_loss         | -0.434       |
|    explained_variance   | 0.153        |
|    learning_rate        | 0.0003       |
|    loss                 | 27.6         |
|    n_updates            | 290          |
|    policy_gradient_loss | -0.00269     |
|    value_loss           | 54.1         |
------------------------------------------
------------------------------------------
| rollout/                |              |
|    ep_len_mean          | 60           |
|    ep_rew_mean          | 41.3         |
| time/                   |              |
|    fps                  | 52           |
|    iterations           | 31           |
|    time_elapsed         | 1205         |
|    total_timesteps      | 63488        |
| train/                  |              |
|    approx_kl            | 0.0025026181 |
|    clip_fraction        | 0.0179       |
|    clip_range           | 0.2          |
|    entropy_loss         | -0.439       |
|    explained_variance   | 0.119        |
|    learning_rate        | 0.0003       |
|    loss                 | 29.9         |
|    n_updates            | 300          |
|    policy_gradient_loss | -0.00214     |
|    value_loss           | 58.8         |
------------------------------------------
------------------------------------------
| rollout/                |              |
|    ep_len_mean          | 60           |
|    ep_rew_mean          | 41.6         |
| time/                   |              |
|    fps                  | 52           |
|    iterations           | 32           |
|    time_elapsed         | 1258         |
|    total_timesteps      | 65536        |
| train/                  |              |
|    approx_kl            | 0.0020286038 |
|    clip_fraction        | 0.0107       |
|    clip_range           | 0.2          |
|    entropy_loss         | -0.411       |
|    explained_variance   | 0.0338       |
|    learning_rate        | 0.0003       |
|    loss                 | 34.1         |
|    n_updates            | 310          |
|    policy_gradient_loss | -0.00217     |
|    value_loss           | 58.3         |
------------------------------------------
------------------------------------------
| rollout/                |              |
|    ep_len_mean          | 60           |
|    ep_rew_mean          | 42.1         |
| time/                   |              |
|    fps                  | 51           |
|    iterations           | 33           |
|    time_elapsed         | 1307         |
|    total_timesteps      | 67584        |
| train/                  |              |
|    approx_kl            | 0.0026936568 |
|    clip_fraction        | 0.0225       |
|    clip_range           | 0.2          |
|    entropy_loss         | -0.372       |
|    explained_variance   | 0.0956       |
|    learning_rate        | 0.0003       |
|    loss                 | 29           |
|    n_updates            | 320          |
|    policy_gradient_loss | -0.00363     |
|    value_loss           | 59.2         |
------------------------------------------
-------------------------------------------
| rollout/                |               |
|    ep_len_mean          | 60            |
|    ep_rew_mean          | 42.3          |
| time/                   |               |
|    fps                  | 51            |
|    iterations           | 34            |
|    time_elapsed         | 1355          |
|    total_timesteps      | 69632         |
| train/                  |               |
|    approx_kl            | 0.00096526364 |
|    clip_fraction        | 0.00879       |
|    clip_range           | 0.2           |
|    entropy_loss         | -0.346        |
|    explained_variance   | 0.163         |
|    learning_rate        | 0.0003        |
|    loss                 | 23.6          |
|    n_updates            | 330           |
|    policy_gradient_loss | -0.00127      |
|    value_loss           | 53.4          |
-------------------------------------------
-------------------------------------------
| rollout/                |               |
|    ep_len_mean          | 60            |
|    ep_rew_mean          | 42.3          |
| time/                   |               |
|    fps                  | 51            |
|    iterations           | 35            |
|    time_elapsed         | 1405          |
|    total_timesteps      | 71680         |
| train/                  |               |
|    approx_kl            | 0.00065671856 |
|    clip_fraction        | 0.000977      |
|    clip_range           | 0.2           |
|    entropy_loss         | -0.345        |
|    explained_variance   | 0.117         |
|    learning_rate        | 0.0003        |
|    loss                 | 27.8          |
|    n_updates            | 340           |
|    policy_gradient_loss | -0.00113      |
|    value_loss           | 61.6          |
-------------------------------------------
------------------------------------------
| rollout/                |              |
|    ep_len_mean          | 60           |
|    ep_rew_mean          | 42.3         |
| time/                   |              |
|    fps                  | 50           |
|    iterations           | 36           |
|    time_elapsed         | 1454         |
|    total_timesteps      | 73728        |
| train/                  |              |
|    approx_kl            | 0.0022403172 |
|    clip_fraction        | 0.0222       |
|    clip_range           | 0.2          |
|    entropy_loss         | -0.325       |
|    explained_variance   | 0.135        |
|    learning_rate        | 0.0003       |
|    loss                 | 27.1         |
|    n_updates            | 350          |
|    policy_gradient_loss | -0.0031      |
|    value_loss           | 54.7         |
------------------------------------------
-----------------------------------------
| rollout/                |             |
|    ep_len_mean          | 60          |
|    ep_rew_mean          | 42.5        |
| time/                   |             |
|    fps                  | 50          |
|    iterations           | 37          |
|    time_elapsed         | 1506        |
|    total_timesteps      | 75776       |
| train/                  |             |
|    approx_kl            | 0.001714099 |
|    clip_fraction        | 0.0137      |
|    clip_range           | 0.2         |
|    entropy_loss         | -0.338      |
|    explained_variance   | 0.128       |
|    learning_rate        | 0.0003      |
|    loss                 | 24.7        |
|    n_updates            | 360         |
|    policy_gradient_loss | -0.00186    |
|    value_loss           | 58.6        |
-----------------------------------------
------------------------------------------
| rollout/                |              |
|    ep_len_mean          | 60           |
|    ep_rew_mean          | 42.9         |
| time/                   |              |
|    fps                  | 49           |
|    iterations           | 38           |
|    time_elapsed         | 1570         |
|    total_timesteps      | 77824        |
| train/                  |              |
|    approx_kl            | 0.0024139194 |
|    clip_fraction        | 0.0186       |
|    clip_range           | 0.2          |
|    entropy_loss         | -0.315       |
|    explained_variance   | 0.136        |
|    learning_rate        | 0.0003       |
|    loss                 | 24.5         |
|    n_updates            | 370          |
|    policy_gradient_loss | -0.00293     |
|    value_loss           | 56.2         |
------------------------------------------
------------------------------------------
| rollout/                |              |
|    ep_len_mean          | 60           |
|    ep_rew_mean          | 43.1         |
| time/                   |              |
|    fps                  | 49           |
|    iterations           | 39           |
|    time_elapsed         | 1622         |
|    total_timesteps      | 79872        |
| train/                  |              |
|    approx_kl            | 0.0011568507 |
|    clip_fraction        | 0.0199       |
|    clip_range           | 0.2          |
|    entropy_loss         | -0.289       |
|    explained_variance   | 0.143        |
|    learning_rate        | 0.0003       |
|    loss                 | 27.1         |
|    n_updates            | 380          |
|    policy_gradient_loss | -0.00281     |
|    value_loss           | 61.5         |
------------------------------------------
------------------------------------------
| rollout/                |              |
|    ep_len_mean          | 60           |
|    ep_rew_mean          | 42.7         |
| time/                   |              |
|    fps                  | 49           |
|    iterations           | 40           |
|    time_elapsed         | 1666         |
|    total_timesteps      | 81920        |
| train/                  |              |
|    approx_kl            | 0.0018930484 |
|    clip_fraction        | 0.0267       |
|    clip_range           | 0.2          |
|    entropy_loss         | -0.278       |
|    explained_variance   | 0.131        |
|    learning_rate        | 0.0003       |
|    loss                 | 25.9         |
|    n_updates            | 390          |
|    policy_gradient_loss | -0.00287     |
|    value_loss           | 57.4         |
------------------------------------------
------------------------------------------
| rollout/                |              |
|    ep_len_mean          | 60           |
|    ep_rew_mean          | 42.7         |
| time/                   |              |
|    fps                  | 49           |
|    iterations           | 41           |
|    time_elapsed         | 1709         |
|    total_timesteps      | 83968        |
| train/                  |              |
|    approx_kl            | 0.0012871434 |
|    clip_fraction        | 0.0153       |
|    clip_range           | 0.2          |
|    entropy_loss         | -0.303       |
|    explained_variance   | 0.142        |
|    learning_rate        | 0.0003       |
|    loss                 | 28.4         |
|    n_updates            | 400          |
|    policy_gradient_loss | -0.00222     |
|    value_loss           | 59.3         |
------------------------------------------
------------------------------------------
| rollout/                |              |
|    ep_len_mean          | 60           |
|    ep_rew_mean          | 42.6         |
| time/                   |              |
|    fps                  | 49           |
|    iterations           | 42           |
|    time_elapsed         | 1753         |
|    total_timesteps      | 86016        |
| train/                  |              |
|    approx_kl            | 0.0008045506 |
|    clip_fraction        | 0.0111       |
|    clip_range           | 0.2          |
|    entropy_loss         | -0.29        |
|    explained_variance   | 0.156        |
|    learning_rate        | 0.0003       |
|    loss                 | 22.8         |
|    n_updates            | 410          |
|    policy_gradient_loss | -0.00144     |
|    value_loss           | 55.6         |
------------------------------------------
------------------------------------------
| rollout/                |              |
|    ep_len_mean          | 60           |
|    ep_rew_mean          | 43           |
| time/                   |              |
|    fps                  | 48           |
|    iterations           | 43           |
|    time_elapsed         | 1798         |
|    total_timesteps      | 88064        |
| train/                  |              |
|    approx_kl            | 0.0011632906 |
|    clip_fraction        | 0.00835      |
|    clip_range           | 0.2          |
|    entropy_loss         | -0.289       |
|    explained_variance   | 0.0999       |
|    learning_rate        | 0.0003       |
|    loss                 | 31.1         |
|    n_updates            | 420          |
|    policy_gradient_loss | -0.0015      |
|    value_loss           | 64.9         |
------------------------------------------
------------------------------------------
| rollout/                |              |
|    ep_len_mean          | 60           |
|    ep_rew_mean          | 42.9         |
| time/                   |              |
|    fps                  | 48           |
|    iterations           | 44           |
|    time_elapsed         | 1841         |
|    total_timesteps      | 90112        |
| train/                  |              |
|    approx_kl            | 0.0019644478 |
|    clip_fraction        | 0.0176       |
|    clip_range           | 0.2          |
|    entropy_loss         | -0.334       |
|    explained_variance   | 0.137        |
|    learning_rate        | 0.0003       |
|    loss                 | 30.8         |
|    n_updates            | 430          |
|    policy_gradient_loss | -0.00301     |
|    value_loss           | 58.4         |
------------------------------------------
------------------------------------------
| rollout/                |              |
|    ep_len_mean          | 60           |
|    ep_rew_mean          | 42.8         |
| time/                   |              |
|    fps                  | 48           |
|    iterations           | 45           |
|    time_elapsed         | 1887         |
|    total_timesteps      | 92160        |
| train/                  |              |
|    approx_kl            | 0.0013109848 |
|    clip_fraction        | 0.00767      |
|    clip_range           | 0.2          |
|    entropy_loss         | -0.315       |
|    explained_variance   | 0.148        |
|    learning_rate        | 0.0003       |
|    loss                 | 31.5         |
|    n_updates            | 440          |
|    policy_gradient_loss | -0.0014      |
|    value_loss           | 60.8         |
------------------------------------------
------------------------------------------
| rollout/                |              |
|    ep_len_mean          | 60           |
|    ep_rew_mean          | 42.5         |
| time/                   |              |
|    fps                  | 48           |
|    iterations           | 46           |
|    time_elapsed         | 1935         |
|    total_timesteps      | 94208        |
| train/                  |              |
|    approx_kl            | 0.0013977629 |
|    clip_fraction        | 0.0145       |
|    clip_range           | 0.2          |
|    entropy_loss         | -0.309       |
|    explained_variance   | 0.0976       |
|    learning_rate        | 0.0003       |
|    loss                 | 29.7         |
|    n_updates            | 450          |
|    policy_gradient_loss | -0.00246     |
|    value_loss           | 64.6         |
------------------------------------------
------------------------------------------
| rollout/                |              |
|    ep_len_mean          | 60           |
|    ep_rew_mean          | 42.2         |
| time/                   |              |
|    fps                  | 48           |
|    iterations           | 47           |
|    time_elapsed         | 1982         |
|    total_timesteps      | 96256        |
| train/                  |              |
|    approx_kl            | 0.0014631895 |
|    clip_fraction        | 0.0176       |
|    clip_range           | 0.2          |
|    entropy_loss         | -0.328       |
|    explained_variance   | 0.12         |
|    learning_rate        | 0.0003       |
|    loss                 | 29.5         |
|    n_updates            | 460          |
|    policy_gradient_loss | -0.00178     |
|    value_loss           | 58           |
------------------------------------------
------------------------------------------
| rollout/                |              |
|    ep_len_mean          | 60           |
|    ep_rew_mean          | 42.2         |
| time/                   |              |
|    fps                  | 48           |
|    iterations           | 48           |
|    time_elapsed         | 2028         |
|    total_timesteps      | 98304        |
| train/                  |              |
|    approx_kl            | 0.0012072907 |
|    clip_fraction        | 0.00757      |
|    clip_range           | 0.2          |
|    entropy_loss         | -0.29        |
|    explained_variance   | 0.137        |
|    learning_rate        | 0.0003       |
|    loss                 | 32.3         |
|    n_updates            | 470          |
|    policy_gradient_loss | -0.00182     |
|    value_loss           | 59.9         |
------------------------------------------
------------------------------------------
| rollout/                |              |
|    ep_len_mean          | 60           |
|    ep_rew_mean          | 42.5         |
| time/                   |              |
|    fps                  | 48           |
|    iterations           | 49           |
|    time_elapsed         | 2070         |
|    total_timesteps      | 100352       |
| train/                  |              |
|    approx_kl            | 0.0015546728 |
|    clip_fraction        | 0.0107       |
|    clip_range           | 0.2          |
|    entropy_loss         | -0.295       |
|    explained_variance   | 0.146        |
|    learning_rate        | 0.0003       |
|    loss                 | 30.2         |
|    n_updates            | 480          |
|    policy_gradient_loss | -0.00156     |
|    value_loss           | 56.6         |
------------------------------------------
  saved model: D:\Projects\TN+NTN\drl\models_s\ppo_seed0.zip
  evaluating ppo seed=0 (200 episodes)...
    ppo seed=0 eval: 20/200 episodes
    ppo seed=0 eval: 40/200 episodes
    ppo seed=0 eval: 60/200 episodes
    ppo seed=0 eval: 80/200 episodes
    ppo seed=0 eval: 100/200 episodes
    ppo seed=0 eval: 120/200 episodes
    ppo seed=0 eval: 140/200 episodes
    ppo seed=0 eval: 160/200 episodes
    ppo seed=0 eval: 180/200 episodes
    ppo seed=0 eval: 200/200 episodes
  training ppo seed=1 ...
Using cpu device
---------------------------------
| rollout/           |          |
|    ep_len_mean     | 60       |
|    ep_rew_mean     | 2.97     |
| time/              |          |
|    fps             | 58       |
|    iterations      | 1        |
|    time_elapsed    | 35       |
|    total_timesteps | 2048     |
---------------------------------
----------------------------------------
| rollout/                |            |
|    ep_len_mean          | 60         |
|    ep_rew_mean          | 6.15       |
| time/                   |            |
|    fps                  | 57         |
|    iterations           | 2          |
|    time_elapsed         | 70         |
|    total_timesteps      | 4096       |
| train/                  |            |
|    approx_kl            | 0.01207039 |
|    clip_fraction        | 0.0918     |
|    clip_range           | 0.2        |
|    entropy_loss         | -1.6       |
|    explained_variance   | -0.00428   |
|    learning_rate        | 0.0003     |
|    loss                 | 3.3        |
|    n_updates            | 10         |
|    policy_gradient_loss | -0.0163    |
|    value_loss           | 7.08       |
----------------------------------------
-----------------------------------------
| rollout/                |             |
|    ep_len_mean          | 60          |
|    ep_rew_mean          | 8.04        |
| time/                   |             |
|    fps                  | 57          |
|    iterations           | 3           |
|    time_elapsed         | 107         |
|    total_timesteps      | 6144        |
| train/                  |             |
|    approx_kl            | 0.014387143 |
|    clip_fraction        | 0.123       |
|    clip_range           | 0.2         |
|    entropy_loss         | -1.58       |
|    explained_variance   | 0.138       |
|    learning_rate        | 0.0003      |
|    loss                 | 3.84        |
|    n_updates            | 20          |
|    policy_gradient_loss | -0.0182     |
|    value_loss           | 8.26        |
-----------------------------------------
-----------------------------------------
| rollout/                |             |
|    ep_len_mean          | 60          |
|    ep_rew_mean          | 13.5        |
| time/                   |             |
|    fps                  | 55          |
|    iterations           | 4           |
|    time_elapsed         | 146         |
|    total_timesteps      | 8192        |
| train/                  |             |
|    approx_kl            | 0.016351601 |
|    clip_fraction        | 0.109       |
|    clip_range           | 0.2         |
|    entropy_loss         | -1.52       |
|    explained_variance   | 0.135       |
|    learning_rate        | 0.0003      |
|    loss                 | 3.83        |
|    n_updates            | 30          |
|    policy_gradient_loss | -0.0174     |
|    value_loss           | 9.5         |
-----------------------------------------
-----------------------------------------
| rollout/                |             |
|    ep_len_mean          | 60          |
|    ep_rew_mean          | 17.6        |
| time/                   |             |
|    fps                  | 55          |
|    iterations           | 5           |
|    time_elapsed         | 184         |
|    total_timesteps      | 10240       |
| train/                  |             |
|    approx_kl            | 0.009679625 |
|    clip_fraction        | 0.0294      |
|    clip_range           | 0.2         |
|    entropy_loss         | -1.47       |
|    explained_variance   | 0.143       |
|    learning_rate        | 0.0003      |
|    loss                 | 6.03        |
|    n_updates            | 40          |
|    policy_gradient_loss | -0.00789    |
|    value_loss           | 13.5        |
-----------------------------------------
------------------------------------------
| rollout/                |              |
|    ep_len_mean          | 60           |
|    ep_rew_mean          | 22           |
| time/                   |              |
|    fps                  | 54           |
|    iterations           | 6            |
|    time_elapsed         | 225          |
|    total_timesteps      | 12288        |
| train/                  |              |
|    approx_kl            | 0.0116325095 |
|    clip_fraction        | 0.0369       |
|    clip_range           | 0.2          |
|    entropy_loss         | -1.4         |
|    explained_variance   | -0.000378    |
|    learning_rate        | 0.0003       |
|    loss                 | 8.59         |
|    n_updates            | 50           |
|    policy_gradient_loss | -0.00781     |
|    value_loss           | 16.9         |
------------------------------------------
-----------------------------------------
| rollout/                |             |
|    ep_len_mean          | 60          |
|    ep_rew_mean          | 24.2        |
| time/                   |             |
|    fps                  | 53          |
|    iterations           | 7           |
|    time_elapsed         | 266         |
|    total_timesteps      | 14336       |
| train/                  |             |
|    approx_kl            | 0.008459192 |
|    clip_fraction        | 0.0263      |
|    clip_range           | 0.2         |
|    entropy_loss         | -1.35       |
|    explained_variance   | 0.05        |
|    learning_rate        | 0.0003      |
|    loss                 | 10.7        |
|    n_updates            | 60          |
|    policy_gradient_loss | -0.00387    |
|    value_loss           | 19          |
-----------------------------------------
-----------------------------------------
| rollout/                |             |
|    ep_len_mean          | 60          |
|    ep_rew_mean          | 26.8        |
| time/                   |             |
|    fps                  | 53          |
|    iterations           | 8           |
|    time_elapsed         | 306         |
|    total_timesteps      | 16384       |
| train/                  |             |
|    approx_kl            | 0.009574148 |
|    clip_fraction        | 0.0131      |
|    clip_range           | 0.2         |
|    entropy_loss         | -1.27       |
|    explained_variance   | 0.0664      |
|    learning_rate        | 0.0003      |
|    loss                 | 10.6        |
|    n_updates            | 70          |
|    policy_gradient_loss | -0.00561    |
|    value_loss           | 23.3        |
-----------------------------------------
-----------------------------------------
| rollout/                |             |
|    ep_len_mean          | 60          |
|    ep_rew_mean          | 29          |
| time/                   |             |
|    fps                  | 52          |
|    iterations           | 9           |
|    time_elapsed         | 348         |
|    total_timesteps      | 18432       |
| train/                  |             |
|    approx_kl            | 0.009356425 |
|    clip_fraction        | 0.0173      |
|    clip_range           | 0.2         |
|    entropy_loss         | -1.19       |
|    explained_variance   | 0.0729      |
|    learning_rate        | 0.0003      |
|    loss                 | 14.4        |
|    n_updates            | 80          |
|    policy_gradient_loss | -0.00442    |
|    value_loss           | 28.2        |
-----------------------------------------
------------------------------------------
| rollout/                |              |
|    ep_len_mean          | 60           |
|    ep_rew_mean          | 30.8         |
| time/                   |              |
|    fps                  | 51           |
|    iterations           | 10           |
|    time_elapsed         | 396          |
|    total_timesteps      | 20480        |
| train/                  |              |
|    approx_kl            | 0.0046643694 |
|    clip_fraction        | 0.0193       |
|    clip_range           | 0.2          |
|    entropy_loss         | -1.15        |
|    explained_variance   | 0.089        |
|    learning_rate        | 0.0003       |
|    loss                 | 14.8         |
|    n_updates            | 90           |
|    policy_gradient_loss | -0.00383     |
|    value_loss           | 29.8         |
------------------------------------------
-----------------------------------------
| rollout/                |             |
|    ep_len_mean          | 60          |
|    ep_rew_mean          | 32.3        |
| time/                   |             |
|    fps                  | 50          |
|    iterations           | 11          |
|    time_elapsed         | 445         |
|    total_timesteps      | 22528       |
| train/                  |             |
|    approx_kl            | 0.007387678 |
|    clip_fraction        | 0.0462      |
|    clip_range           | 0.2         |
|    entropy_loss         | -1.1        |
|    explained_variance   | 0.112       |
|    learning_rate        | 0.0003      |
|    loss                 | 18.2        |
|    n_updates            | 100         |
|    policy_gradient_loss | -0.00599    |
|    value_loss           | 36.2        |
-----------------------------------------
------------------------------------------
| rollout/                |              |
|    ep_len_mean          | 60           |
|    ep_rew_mean          | 33.3         |
| time/                   |              |
|    fps                  | 48           |
|    iterations           | 12           |
|    time_elapsed         | 502          |
|    total_timesteps      | 24576        |
| train/                  |              |
|    approx_kl            | 0.0054673804 |
|    clip_fraction        | 0.0283       |
|    clip_range           | 0.2          |
|    entropy_loss         | -1.06        |
|    explained_variance   | 0.0898       |
|    learning_rate        | 0.0003       |
|    loss                 | 17.4         |
|    n_updates            | 110          |
|    policy_gradient_loss | -0.00391     |
|    value_loss           | 36.6         |
------------------------------------------
------------------------------------------
| rollout/                |              |
|    ep_len_mean          | 60           |
|    ep_rew_mean          | 33.5         |
| time/                   |              |
|    fps                  | 47           |
|    iterations           | 13           |
|    time_elapsed         | 558          |
|    total_timesteps      | 26624        |
| train/                  |              |
|    approx_kl            | 0.0066809915 |
|    clip_fraction        | 0.0442       |
|    clip_range           | 0.2          |
|    entropy_loss         | -1.06        |
|    explained_variance   | 0.136        |
|    learning_rate        | 0.0003       |
|    loss                 | 19           |
|    n_updates            | 120          |
|    policy_gradient_loss | -0.00604     |
|    value_loss           | 39.7         |
------------------------------------------
------------------------------------------
| rollout/                |              |
|    ep_len_mean          | 60           |
|    ep_rew_mean          | 33.6         |
| time/                   |              |
|    fps                  | 47           |
|    iterations           | 14           |
|    time_elapsed         | 608          |
|    total_timesteps      | 28672        |
| train/                  |              |
|    approx_kl            | 0.0102705825 |
|    clip_fraction        | 0.0566       |
|    clip_range           | 0.2          |
|    entropy_loss         | -1.02        |
|    explained_variance   | 0.166        |
|    learning_rate        | 0.0003       |
|    loss                 | 18.9         |
|    n_updates            | 130          |
|    policy_gradient_loss | -0.00742     |
|    value_loss           | 39.2         |
------------------------------------------
------------------------------------------
| rollout/                |              |
|    ep_len_mean          | 60           |
|    ep_rew_mean          | 35           |
| time/                   |              |
|    fps                  | 46           |
|    iterations           | 15           |
|    time_elapsed         | 654          |
|    total_timesteps      | 30720        |
| train/                  |              |
|    approx_kl            | 0.0073947003 |
|    clip_fraction        | 0.0523       |
|    clip_range           | 0.2          |
|    entropy_loss         | -0.938       |
|    explained_variance   | 0.123        |
|    learning_rate        | 0.0003       |
|    loss                 | 23.4         |
|    n_updates            | 140          |
|    policy_gradient_loss | -0.00547     |
|    value_loss           | 42.5         |
------------------------------------------
------------------------------------------
| rollout/                |              |
|    ep_len_mean          | 60           |
|    ep_rew_mean          | 36.2         |
| time/                   |              |
|    fps                  | 47           |
|    iterations           | 16           |
|    time_elapsed         | 696          |
|    total_timesteps      | 32768        |
| train/                  |              |
|    approx_kl            | 0.0044567185 |
|    clip_fraction        | 0.0252       |
|    clip_range           | 0.2          |
|    entropy_loss         | -0.874       |
|    explained_variance   | 0.101        |
|    learning_rate        | 0.0003       |
|    loss                 | 24           |
|    n_updates            | 150          |
|    policy_gradient_loss | -0.00513     |
|    value_loss           | 44.9         |
------------------------------------------
------------------------------------------
| rollout/                |              |
|    ep_len_mean          | 60           |
|    ep_rew_mean          | 37.5         |
| time/                   |              |
|    fps                  | 47           |
|    iterations           | 17           |
|    time_elapsed         | 740          |
|    total_timesteps      | 34816        |
| train/                  |              |
|    approx_kl            | 0.0053878627 |
|    clip_fraction        | 0.0391       |
|    clip_range           | 0.2          |
|    entropy_loss         | -0.773       |
|    explained_variance   | 0.123        |
|    learning_rate        | 0.0003       |
|    loss                 | 25.4         |
|    n_updates            | 160          |
|    policy_gradient_loss | -0.00641     |
|    value_loss           | 46.3         |
------------------------------------------
----------------------------------------
| rollout/                |            |
|    ep_len_mean          | 60         |
|    ep_rew_mean          | 37.8       |
| time/                   |            |
|    fps                  | 47         |
|    iterations           | 18         |
|    time_elapsed         | 784        |
|    total_timesteps      | 36864      |
| train/                  |            |
|    approx_kl            | 0.00472574 |
|    clip_fraction        | 0.0247     |
|    clip_range           | 0.2        |
|    entropy_loss         | -0.732     |
|    explained_variance   | 0.102      |
|    learning_rate        | 0.0003     |
|    loss                 | 23.7       |
|    n_updates            | 170        |
|    policy_gradient_loss | -0.00371   |
|    value_loss           | 49.7       |
----------------------------------------
------------------------------------------
| rollout/                |              |
|    ep_len_mean          | 60           |
|    ep_rew_mean          | 38.7         |
| time/                   |              |
|    fps                  | 46           |
|    iterations           | 19           |
|    time_elapsed         | 828          |
|    total_timesteps      | 38912        |
| train/                  |              |
|    approx_kl            | 0.0033034799 |
|    clip_fraction        | 0.0175       |
|    clip_range           | 0.2          |
|    entropy_loss         | -0.682       |
|    explained_variance   | 0.0547       |
|    learning_rate        | 0.0003       |
|    loss                 | 23.6         |
|    n_updates            | 180          |
|    policy_gradient_loss | -0.00388     |
|    value_loss           | 48.3         |
------------------------------------------
-----------------------------------------
| rollout/                |             |
|    ep_len_mean          | 60          |
|    ep_rew_mean          | 38.6        |
| time/                   |             |
|    fps                  | 47          |
|    iterations           | 20          |
|    time_elapsed         | 871         |
|    total_timesteps      | 40960       |
| train/                  |             |
|    approx_kl            | 0.004022681 |
|    clip_fraction        | 0.0298      |
|    clip_range           | 0.2         |
|    entropy_loss         | -0.68       |
|    explained_variance   | 0.111       |
|    learning_rate        | 0.0003      |
|    loss                 | 27.4        |
|    n_updates            | 190         |
|    policy_gradient_loss | -0.0047     |
|    value_loss           | 51.2        |
-----------------------------------------
------------------------------------------
| rollout/                |              |
|    ep_len_mean          | 60           |
|    ep_rew_mean          | 39.1         |
| time/                   |              |
|    fps                  | 46           |
|    iterations           | 21           |
|    time_elapsed         | 915          |
|    total_timesteps      | 43008        |
| train/                  |              |
|    approx_kl            | 0.0035023713 |
|    clip_fraction        | 0.0275       |
|    clip_range           | 0.2          |
|    entropy_loss         | -0.66        |
|    explained_variance   | 0.122        |
|    learning_rate        | 0.0003       |
|    loss                 | 21.5         |
|    n_updates            | 200          |
|    policy_gradient_loss | -0.00361     |
|    value_loss           | 48.8         |
------------------------------------------
------------------------------------------
| rollout/                |              |
|    ep_len_mean          | 60           |
|    ep_rew_mean          | 39.2         |
| time/                   |              |
|    fps                  | 46           |
|    iterations           | 22           |
|    time_elapsed         | 959          |
|    total_timesteps      | 45056        |
| train/                  |              |
|    approx_kl            | 0.0020841388 |
|    clip_fraction        | 0.0123       |
|    clip_range           | 0.2          |
|    entropy_loss         | -0.629       |
|    explained_variance   | 0.125        |
|    learning_rate        | 0.0003       |
|    loss                 | 25.6         |
|    n_updates            | 210          |
|    policy_gradient_loss | -0.00275     |
|    value_loss           | 52.3         |
------------------------------------------
-------------------------------------------
| rollout/                |               |
|    ep_len_mean          | 60            |
|    ep_rew_mean          | 39.8          |
| time/                   |               |
|    fps                  | 46            |
|    iterations           | 23            |
|    time_elapsed         | 1005          |
|    total_timesteps      | 47104         |
| train/                  |               |
|    approx_kl            | 0.00080857356 |
|    clip_fraction        | 0.00244       |
|    clip_range           | 0.2           |
|    entropy_loss         | -0.636        |
|    explained_variance   | 0.0765        |
|    learning_rate        | 0.0003        |
|    loss                 | 27.3          |
|    n_updates            | 220           |
|    policy_gradient_loss | -0.00134      |
|    value_loss           | 51.8          |
-------------------------------------------
------------------------------------------
| rollout/                |              |
|    ep_len_mean          | 60           |
|    ep_rew_mean          | 40           |
| time/                   |              |
|    fps                  | 46           |
|    iterations           | 24           |
|    time_elapsed         | 1048         |
|    total_timesteps      | 49152        |
| train/                  |              |
|    approx_kl            | 0.0015063742 |
|    clip_fraction        | 0.00947      |
|    clip_range           | 0.2          |
|    entropy_loss         | -0.596       |
|    explained_variance   | 0.0854       |
|    learning_rate        | 0.0003       |
|    loss                 | 23.4         |
|    n_updates            | 230          |
|    policy_gradient_loss | -0.00155     |
|    value_loss           | 55.9         |
------------------------------------------
-----------------------------------------
| rollout/                |             |
|    ep_len_mean          | 60          |
|    ep_rew_mean          | 40.3        |
| time/                   |             |
|    fps                  | 47          |
|    iterations           | 25          |
|    time_elapsed         | 1087        |
|    total_timesteps      | 51200       |
| train/                  |             |
|    approx_kl            | 0.003567744 |
|    clip_fraction        | 0.0292      |
|    clip_range           | 0.2         |
|    entropy_loss         | -0.59       |
|    explained_variance   | 0.162       |
|    learning_rate        | 0.0003      |
|    loss                 | 22.4        |
|    n_updates            | 240         |
|    policy_gradient_loss | -0.00355    |
|    value_loss           | 50.1        |
-----------------------------------------
------------------------------------------
| rollout/                |              |
|    ep_len_mean          | 60           |
|    ep_rew_mean          | 40.2         |
| time/                   |              |
|    fps                  | 47           |
|    iterations           | 26           |
|    time_elapsed         | 1125         |
|    total_timesteps      | 53248        |
| train/                  |              |
|    approx_kl            | 0.0027350122 |
|    clip_fraction        | 0.0229       |
|    clip_range           | 0.2          |
|    entropy_loss         | -0.548       |
|    explained_variance   | 0.112        |
|    learning_rate        | 0.0003       |
|    loss                 | 30.3         |
|    n_updates            | 250          |
|    policy_gradient_loss | -0.0034      |
|    value_loss           | 57           |
------------------------------------------
-----------------------------------------
| rollout/                |             |
|    ep_len_mean          | 60          |
|    ep_rew_mean          | 40.5        |
| time/                   |             |
|    fps                  | 47          |
|    iterations           | 27          |
|    time_elapsed         | 1167        |
|    total_timesteps      | 55296       |
| train/                  |             |
|    approx_kl            | 0.003426516 |
|    clip_fraction        | 0.0458      |
|    clip_range           | 0.2         |
|    entropy_loss         | -0.53       |
|    explained_variance   | 0.158       |
|    learning_rate        | 0.0003      |
|    loss                 | 27.8        |
|    n_updates            | 260         |
|    policy_gradient_loss | -0.00438    |
|    value_loss           | 50.5        |
-----------------------------------------
------------------------------------------
| rollout/                |              |
|    ep_len_mean          | 60           |
|    ep_rew_mean          | 40.5         |
| time/                   |              |
|    fps                  | 47           |
|    iterations           | 28           |
|    time_elapsed         | 1206         |
|    total_timesteps      | 57344        |
| train/                  |              |
|    approx_kl            | 0.0024323105 |
|    clip_fraction        | 0.0165       |
|    clip_range           | 0.2          |
|    entropy_loss         | -0.531       |
|    explained_variance   | 0.109        |
|    learning_rate        | 0.0003       |
|    loss                 | 31.8         |
|    n_updates            | 270          |
|    policy_gradient_loss | -0.00291     |
|    value_loss           | 57.6         |
------------------------------------------
------------------------------------------
| rollout/                |              |
|    ep_len_mean          | 60           |
|    ep_rew_mean          | 40.3         |
| time/                   |              |
|    fps                  | 47           |
|    iterations           | 29           |
|    time_elapsed         | 1255         |
|    total_timesteps      | 59392        |
| train/                  |              |
|    approx_kl            | 0.0025528923 |
|    clip_fraction        | 0.0202       |
|    clip_range           | 0.2          |
|    entropy_loss         | -0.542       |
|    explained_variance   | 0.0776       |
|    learning_rate        | 0.0003       |
|    loss                 | 27.1         |
|    n_updates            | 280          |
|    policy_gradient_loss | -0.00284     |
|    value_loss           | 55           |
------------------------------------------
------------------------------------------
| rollout/                |              |
|    ep_len_mean          | 60           |
|    ep_rew_mean          | 40           |
| time/                   |              |
|    fps                  | 47           |
|    iterations           | 30           |
|    time_elapsed         | 1305         |
|    total_timesteps      | 61440        |
| train/                  |              |
|    approx_kl            | 0.0025670722 |
|    clip_fraction        | 0.0216       |
|    clip_range           | 0.2          |
|    entropy_loss         | -0.57        |
|    explained_variance   | 0.141        |
|    learning_rate        | 0.0003       |
|    loss                 | 27.4         |
|    n_updates            | 290          |
|    policy_gradient_loss | -0.00261     |
|    value_loss           | 53.5         |
------------------------------------------
-----------------------------------------
| rollout/                |             |
|    ep_len_mean          | 60          |
|    ep_rew_mean          | 40.1        |
| time/                   |             |
|    fps                  | 46          |
|    iterations           | 31          |
|    time_elapsed         | 1363        |
|    total_timesteps      | 63488       |
| train/                  |             |
|    approx_kl            | 0.004823591 |
|    clip_fraction        | 0.0341      |
|    clip_range           | 0.2         |
|    entropy_loss         | -0.569      |
|    explained_variance   | 0.137       |
|    learning_rate        | 0.0003      |
|    loss                 | 29.5        |
|    n_updates            | 300         |
|    policy_gradient_loss | -0.00303    |
|    value_loss           | 56.7        |
-----------------------------------------
------------------------------------------
| rollout/                |              |
|    ep_len_mean          | 60           |
|    ep_rew_mean          | 40.5         |
| time/                   |              |
|    fps                  | 46           |
|    iterations           | 32           |
|    time_elapsed         | 1414         |
|    total_timesteps      | 65536        |
| train/                  |              |
|    approx_kl            | 0.0017700497 |
|    clip_fraction        | 0.0195       |
|    clip_range           | 0.2          |
|    entropy_loss         | -0.543       |
|    explained_variance   | 0.0763       |
|    learning_rate        | 0.0003       |
|    loss                 | 29.8         |
|    n_updates            | 310          |
|    policy_gradient_loss | -0.00213     |
|    value_loss           | 54.7         |
------------------------------------------
-----------------------------------------
| rollout/                |             |
|    ep_len_mean          | 60          |
|    ep_rew_mean          | 40.7        |
| time/                   |             |
|    fps                  | 46          |
|    iterations           | 33          |
|    time_elapsed         | 1455        |
|    total_timesteps      | 67584       |
| train/                  |             |
|    approx_kl            | 0.002061991 |
|    clip_fraction        | 0.0103      |
|    clip_range           | 0.2         |
|    entropy_loss         | -0.549      |
|    explained_variance   | 0.0949      |
|    learning_rate        | 0.0003      |
|    loss                 | 29.5        |
|    n_updates            | 320         |
|    policy_gradient_loss | -0.00143    |
|    value_loss           | 55.7        |
-----------------------------------------
------------------------------------------
| rollout/                |              |
|    ep_len_mean          | 60           |
|    ep_rew_mean          | 40.8         |
| time/                   |              |
|    fps                  | 46           |
|    iterations           | 34           |
|    time_elapsed         | 1496         |
|    total_timesteps      | 69632        |
| train/                  |              |
|    approx_kl            | 0.0018837899 |
|    clip_fraction        | 0.0084       |
|    clip_range           | 0.2          |
|    entropy_loss         | -0.538       |
|    explained_variance   | 0.144        |
|    learning_rate        | 0.0003       |
|    loss                 | 27.7         |
|    n_updates            | 330          |
|    policy_gradient_loss | -0.00182     |
|    value_loss           | 52.1         |
------------------------------------------
------------------------------------------
| rollout/                |              |
|    ep_len_mean          | 60           |
|    ep_rew_mean          | 41.2         |
| time/                   |              |
|    fps                  | 46           |
|    iterations           | 35           |
|    time_elapsed         | 1538         |
|    total_timesteps      | 71680        |
| train/                  |              |
|    approx_kl            | 0.0015434189 |
|    clip_fraction        | 0.00229      |
|    clip_range           | 0.2          |
|    entropy_loss         | -0.514       |
|    explained_variance   | 0.139        |
|    learning_rate        | 0.0003       |
|    loss                 | 29.6         |
|    n_updates            | 340          |
|    policy_gradient_loss | -0.00158     |
|    value_loss           | 56.7         |
------------------------------------------
------------------------------------------
| rollout/                |              |
|    ep_len_mean          | 60           |
|    ep_rew_mean          | 41.2         |
| time/                   |              |
|    fps                  | 46           |
|    iterations           | 36           |
|    time_elapsed         | 1575         |
|    total_timesteps      | 73728        |
| train/                  |              |
|    approx_kl            | 0.0028223014 |
|    clip_fraction        | 0.025        |
|    clip_range           | 0.2          |
|    entropy_loss         | -0.484       |
|    explained_variance   | 0.158        |
|    learning_rate        | 0.0003       |
|    loss                 | 25.9         |
|    n_updates            | 350          |
|    policy_gradient_loss | -0.00408     |
|    value_loss           | 52.8         |
------------------------------------------
------------------------------------------
| rollout/                |              |
|    ep_len_mean          | 60           |
|    ep_rew_mean          | 41.5         |
| time/                   |              |
|    fps                  | 47           |
|    iterations           | 37           |
|    time_elapsed         | 1611         |
|    total_timesteps      | 75776        |
| train/                  |              |
|    approx_kl            | 0.0022077844 |
|    clip_fraction        | 0.0219       |
|    clip_range           | 0.2          |
|    entropy_loss         | -0.487       |
|    explained_variance   | 0.128        |
|    learning_rate        | 0.0003       |
|    loss                 | 29.5         |
|    n_updates            | 360          |
|    policy_gradient_loss | -0.00299     |
|    value_loss           | 58.4         |
------------------------------------------
------------------------------------------
| rollout/                |              |
|    ep_len_mean          | 60           |
|    ep_rew_mean          | 41.5         |
| time/                   |              |
|    fps                  | 47           |
|    iterations           | 38           |
|    time_elapsed         | 1647         |
|    total_timesteps      | 77824        |
| train/                  |              |
|    approx_kl            | 0.0023194668 |
|    clip_fraction        | 0.0221       |
|    clip_range           | 0.2          |
|    entropy_loss         | -0.447       |
|    explained_variance   | 0.134        |
|    learning_rate        | 0.0003       |
|    loss                 | 25.2         |
|    n_updates            | 370          |
|    policy_gradient_loss | -0.00224     |
|    value_loss           | 54.4         |
------------------------------------------
------------------------------------------
| rollout/                |              |
|    ep_len_mean          | 60           |
|    ep_rew_mean          | 41.9         |
| time/                   |              |
|    fps                  | 47           |
|    iterations           | 39           |
|    time_elapsed         | 1684         |
|    total_timesteps      | 79872        |
| train/                  |              |
|    approx_kl            | 0.0015041453 |
|    clip_fraction        | 0.026        |
|    clip_range           | 0.2          |
|    entropy_loss         | -0.447       |
|    explained_variance   | 0.129        |
|    learning_rate        | 0.0003       |
|    loss                 | 27.8         |
|    n_updates            | 380          |
|    policy_gradient_loss | -0.00229     |
|    value_loss           | 58.9         |
------------------------------------------
------------------------------------------
| rollout/                |              |
|    ep_len_mean          | 60           |
|    ep_rew_mean          | 41.6         |
| time/                   |              |
|    fps                  | 47           |
|    iterations           | 40           |
|    time_elapsed         | 1723         |
|    total_timesteps      | 81920        |
| train/                  |              |
|    approx_kl            | 0.0014488436 |
|    clip_fraction        | 0.00889      |
|    clip_range           | 0.2          |
|    entropy_loss         | -0.448       |
|    explained_variance   | 0.0981       |
|    learning_rate        | 0.0003       |
|    loss                 | 26.7         |
|    n_updates            | 390          |
|    policy_gradient_loss | -0.00163     |
|    value_loss           | 56.7         |
------------------------------------------
------------------------------------------
| rollout/                |              |
|    ep_len_mean          | 60           |
|    ep_rew_mean          | 41.6         |
| time/                   |              |
|    fps                  | 47           |
|    iterations           | 41           |
|    time_elapsed         | 1762         |
|    total_timesteps      | 83968        |
| train/                  |              |
|    approx_kl            | 0.0015566873 |
|    clip_fraction        | 0.0062       |
|    clip_range           | 0.2          |
|    entropy_loss         | -0.47        |
|    explained_variance   | 0.146        |
|    learning_rate        | 0.0003       |
|    loss                 | 28.5         |
|    n_updates            | 400          |
|    policy_gradient_loss | -0.00177     |
|    value_loss           | 57.4         |
------------------------------------------
----------------------------------------
| rollout/                |            |
|    ep_len_mean          | 60         |
|    ep_rew_mean          | 41.3       |
| time/                   |            |
|    fps                  | 47         |
|    iterations           | 42         |
|    time_elapsed         | 1800       |
|    total_timesteps      | 86016      |
| train/                  |            |
|    approx_kl            | 0.00212374 |
|    clip_fraction        | 0.00439    |
|    clip_range           | 0.2        |
|    entropy_loss         | -0.463     |
|    explained_variance   | 0.119      |
|    learning_rate        | 0.0003     |
|    loss                 | 28.4       |
|    n_updates            | 410        |
|    policy_gradient_loss | -0.00194   |
|    value_loss           | 54.9       |
----------------------------------------
------------------------------------------
| rollout/                |              |
|    ep_len_mean          | 60           |
|    ep_rew_mean          | 41.9         |
| time/                   |              |
|    fps                  | 47           |
|    iterations           | 43           |
|    time_elapsed         | 1841         |
|    total_timesteps      | 88064        |
| train/                  |              |
|    approx_kl            | 0.0022070012 |
|    clip_fraction        | 0.0271       |
|    clip_range           | 0.2          |
|    entropy_loss         | -0.402       |
|    explained_variance   | 0.107        |
|    learning_rate        | 0.0003       |
|    loss                 | 28.2         |
|    n_updates            | 420          |
|    policy_gradient_loss | -0.00453     |
|    value_loss           | 60.5         |
------------------------------------------
-----------------------------------------
| rollout/                |             |
|    ep_len_mean          | 60          |
|    ep_rew_mean          | 42.2        |
| time/                   |             |
|    fps                  | 47          |
|    iterations           | 44          |
|    time_elapsed         | 1879        |
|    total_timesteps      | 90112       |
| train/                  |             |
|    approx_kl            | 0.002094125 |
|    clip_fraction        | 0.0121      |
|    clip_range           | 0.2         |
|    entropy_loss         | -0.398      |
|    explained_variance   | 0.108       |
|    learning_rate        | 0.0003      |
|    loss                 | 23.8        |
|    n_updates            | 430         |
|    policy_gradient_loss | -0.00231    |
|    value_loss           | 57.8        |
-----------------------------------------
------------------------------------------
| rollout/                |              |
|    ep_len_mean          | 60           |
|    ep_rew_mean          | 42.4         |
| time/                   |              |
|    fps                  | 48           |
|    iterations           | 45           |
|    time_elapsed         | 1917         |
|    total_timesteps      | 92160        |
| train/                  |              |
|    approx_kl            | 0.0021354933 |
|    clip_fraction        | 0.0126       |
|    clip_range           | 0.2          |
|    entropy_loss         | -0.406       |
|    explained_variance   | 0.134        |
|    learning_rate        | 0.0003       |
|    loss                 | 28.7         |
|    n_updates            | 440          |
|    policy_gradient_loss | -0.00277     |
|    value_loss           | 59.7         |
------------------------------------------
------------------------------------------
| rollout/                |              |
|    ep_len_mean          | 60           |
|    ep_rew_mean          | 42.4         |
| time/                   |              |
|    fps                  | 48           |
|    iterations           | 46           |
|    time_elapsed         | 1956         |
|    total_timesteps      | 94208        |
| train/                  |              |
|    approx_kl            | 0.0016947271 |
|    clip_fraction        | 0.0142       |
|    clip_range           | 0.2          |
|    entropy_loss         | -0.406       |
|    explained_variance   | 0.141        |
|    learning_rate        | 0.0003       |
|    loss                 | 29.2         |
|    n_updates            | 450          |
|    policy_gradient_loss | -0.00198     |
|    value_loss           | 59           |
------------------------------------------
------------------------------------------
| rollout/                |              |
|    ep_len_mean          | 60           |
|    ep_rew_mean          | 42.6         |
| time/                   |              |
|    fps                  | 48           |
|    iterations           | 47           |
|    time_elapsed         | 1994         |
|    total_timesteps      | 96256        |
| train/                  |              |
|    approx_kl            | 0.0014603749 |
|    clip_fraction        | 0.00845      |
|    clip_range           | 0.2          |
|    entropy_loss         | -0.396       |
|    explained_variance   | 0.101        |
|    learning_rate        | 0.0003       |
|    loss                 | 27.7         |
|    n_updates            | 460          |
|    policy_gradient_loss | -0.00128     |
|    value_loss           | 58.2         |
------------------------------------------
-------------------------------------------
| rollout/                |               |
|    ep_len_mean          | 60            |
|    ep_rew_mean          | 42.7          |
| time/                   |               |
|    fps                  | 48            |
|    iterations           | 48            |
|    time_elapsed         | 2033          |
|    total_timesteps      | 98304         |
| train/                  |               |
|    approx_kl            | 0.00094822154 |
|    clip_fraction        | 0.00513       |
|    clip_range           | 0.2           |
|    entropy_loss         | -0.354        |
|    explained_variance   | 0.137         |
|    learning_rate        | 0.0003        |
|    loss                 | 30            |
|    n_updates            | 470           |
|    policy_gradient_loss | -0.00148      |
|    value_loss           | 60.5          |
-------------------------------------------
-----------------------------------------
| rollout/                |             |
|    ep_len_mean          | 60          |
|    ep_rew_mean          | 42.3        |
| time/                   |             |
|    fps                  | 48          |
|    iterations           | 49          |
|    time_elapsed         | 2069        |
|    total_timesteps      | 100352      |
| train/                  |             |
|    approx_kl            | 0.005196304 |
|    clip_fraction        | 0.0522      |
|    clip_range           | 0.2         |
|    entropy_loss         | -0.371      |
|    explained_variance   | 0.116       |
|    learning_rate        | 0.0003      |
|    loss                 | 25.9        |
|    n_updates            | 480         |
|    policy_gradient_loss | -0.00514    |
|    value_loss           | 56.1        |
-----------------------------------------
  saved model: D:\Projects\TN+NTN\drl\models_s\ppo_seed1.zip
  evaluating ppo seed=1 (200 episodes)...
    ppo seed=1 eval: 20/200 episodes
    ppo seed=1 eval: 40/200 episodes
    ppo seed=1 eval: 60/200 episodes
    ppo seed=1 eval: 80/200 episodes
    ppo seed=1 eval: 100/200 episodes
    ppo seed=1 eval: 120/200 episodes
    ppo seed=1 eval: 140/200 episodes
    ppo seed=1 eval: 160/200 episodes
    ppo seed=1 eval: 180/200 episodes
    ppo seed=1 eval: 200/200 episodes
  training ppo seed=2 ...
Using cpu device
---------------------------------
| rollout/           |          |
|    ep_len_mean     | 60       |
|    ep_rew_mean     | 2.38     |
| time/              |          |
|    fps             | 68       |
|    iterations      | 1        |
|    time_elapsed    | 29       |
|    total_timesteps | 2048     |
---------------------------------
-----------------------------------------
| rollout/                |             |
|    ep_len_mean          | 60          |
|    ep_rew_mean          | 6.61        |
| time/                   |             |
|    fps                  | 69          |
|    iterations           | 2           |
|    time_elapsed         | 59          |
|    total_timesteps      | 4096        |
| train/                  |             |
|    approx_kl            | 0.014148132 |
|    clip_fraction        | 0.14        |
|    clip_range           | 0.2         |
|    entropy_loss         | -1.6        |
|    explained_variance   | 0.00921     |
|    learning_rate        | 0.0003      |
|    loss                 | 3.55        |
|    n_updates            | 10          |
|    policy_gradient_loss | -0.0205     |
|    value_loss           | 8.5         |
-----------------------------------------
-----------------------------------------
| rollout/                |             |
|    ep_len_mean          | 60          |
|    ep_rew_mean          | 8.81        |
| time/                   |             |
|    fps                  | 67          |
|    iterations           | 3           |
|    time_elapsed         | 90          |
|    total_timesteps      | 6144        |
| train/                  |             |
|    approx_kl            | 0.011908075 |
|    clip_fraction        | 0.0805      |
|    clip_range           | 0.2         |
|    entropy_loss         | -1.58       |
|    explained_variance   | 0.149       |
|    learning_rate        | 0.0003      |
|    loss                 | 3.1         |
|    n_updates            | 20          |
|    policy_gradient_loss | -0.0141     |
|    value_loss           | 7.5         |
-----------------------------------------
-----------------------------------------
| rollout/                |             |
|    ep_len_mean          | 60          |
|    ep_rew_mean          | 13.6        |
| time/                   |             |
|    fps                  | 65          |
|    iterations           | 4           |
|    time_elapsed         | 124         |
|    total_timesteps      | 8192        |
| train/                  |             |
|    approx_kl            | 0.012960086 |
|    clip_fraction        | 0.0963      |
|    clip_range           | 0.2         |
|    entropy_loss         | -1.53       |
|    explained_variance   | 0.117       |
|    learning_rate        | 0.0003      |
|    loss                 | 4.67        |
|    n_updates            | 30          |
|    policy_gradient_loss | -0.0155     |
|    value_loss           | 10.4        |
-----------------------------------------
-----------------------------------------
| rollout/                |             |
|    ep_len_mean          | 60          |
|    ep_rew_mean          | 17.3        |
| time/                   |             |
|    fps                  | 65          |
|    iterations           | 5           |
|    time_elapsed         | 157         |
|    total_timesteps      | 10240       |
| train/                  |             |
|    approx_kl            | 0.009856366 |
|    clip_fraction        | 0.0445      |
|    clip_range           | 0.2         |
|    entropy_loss         | -1.49       |
|    explained_variance   | 0.108       |
|    learning_rate        | 0.0003      |
|    loss                 | 6.34        |
|    n_updates            | 40          |
|    policy_gradient_loss | -0.0084     |
|    value_loss           | 12.8        |
-----------------------------------------
-----------------------------------------
| rollout/                |             |
|    ep_len_mean          | 60          |
|    ep_rew_mean          | 21.2        |
| time/                   |             |
|    fps                  | 64          |
|    iterations           | 6           |
|    time_elapsed         | 189         |
|    total_timesteps      | 12288       |
| train/                  |             |
|    approx_kl            | 0.005654955 |
|    clip_fraction        | 0.0042      |
|    clip_range           | 0.2         |
|    entropy_loss         | -1.44       |
|    explained_variance   | 0.0197      |
|    learning_rate        | 0.0003      |
|    loss                 | 7.56        |
|    n_updates            | 50          |
|    policy_gradient_loss | -0.00351    |
|    value_loss           | 16.7        |
-----------------------------------------
----------------------------------------
| rollout/                |            |
|    ep_len_mean          | 60         |
|    ep_rew_mean          | 23.7       |
| time/                   |            |
|    fps                  | 63         |
|    iterations           | 7          |
|    time_elapsed         | 226        |
|    total_timesteps      | 14336      |
| train/                  |            |
|    approx_kl            | 0.00788008 |
|    clip_fraction        | 0.0222     |
|    clip_range           | 0.2        |
|    entropy_loss         | -1.36      |
|    explained_variance   | 0.0807     |
|    learning_rate        | 0.0003     |
|    loss                 | 9.62       |
|    n_updates            | 60         |
|    policy_gradient_loss | -0.00551   |
|    value_loss           | 19.6       |
----------------------------------------
-----------------------------------------
| rollout/                |             |
|    ep_len_mean          | 60          |
|    ep_rew_mean          | 25.8        |
| time/                   |             |
|    fps                  | 61          |
|    iterations           | 8           |
|    time_elapsed         | 264         |
|    total_timesteps      | 16384       |
| train/                  |             |
|    approx_kl            | 0.010066923 |
|    clip_fraction        | 0.0533      |
|    clip_range           | 0.2         |
|    entropy_loss         | -1.3        |
|    explained_variance   | 0.0659      |
|    learning_rate        | 0.0003      |
|    loss                 | 11.3        |
|    n_updates            | 70          |
|    policy_gradient_loss | -0.00848    |
|    value_loss           | 22.2        |
-----------------------------------------
----------------------------------------
| rollout/                |            |
|    ep_len_mean          | 60         |
|    ep_rew_mean          | 27.6       |
| time/                   |            |
|    fps                  | 61         |
|    iterations           | 9          |
|    time_elapsed         | 300        |
|    total_timesteps      | 18432      |
| train/                  |            |
|    approx_kl            | 0.01047766 |
|    clip_fraction        | 0.0413     |
|    clip_range           | 0.2        |
|    entropy_loss         | -1.24      |
|    explained_variance   | 0.0556     |
|    learning_rate        | 0.0003     |
|    loss                 | 12.4       |
|    n_updates            | 80         |
|    policy_gradient_loss | -0.00622   |
|    value_loss           | 28.2       |
----------------------------------------
-----------------------------------------
| rollout/                |             |
|    ep_len_mean          | 60          |
|    ep_rew_mean          | 30.2        |
| time/                   |             |
|    fps                  | 60          |
|    iterations           | 10          |
|    time_elapsed         | 338         |
|    total_timesteps      | 20480       |
| train/                  |             |
|    approx_kl            | 0.008636121 |
|    clip_fraction        | 0.0426      |
|    clip_range           | 0.2         |
|    entropy_loss         | -1.16       |
|    explained_variance   | 0.083       |
|    learning_rate        | 0.0003      |
|    loss                 | 14.7        |
|    n_updates            | 90          |
|    policy_gradient_loss | -0.00549    |
|    value_loss           | 29.3        |
-----------------------------------------
-----------------------------------------
| rollout/                |             |
|    ep_len_mean          | 60          |
|    ep_rew_mean          | 32          |
| time/                   |             |
|    fps                  | 60          |
|    iterations           | 11          |
|    time_elapsed         | 375         |
|    total_timesteps      | 22528       |
| train/                  |             |
|    approx_kl            | 0.006773445 |
|    clip_fraction        | 0.0458      |
|    clip_range           | 0.2         |
|    entropy_loss         | -1.06       |
|    explained_variance   | 0.0803      |
|    learning_rate        | 0.0003      |
|    loss                 | 14.4        |
|    n_updates            | 100         |
|    policy_gradient_loss | -0.00774    |
|    value_loss           | 34.5        |
-----------------------------------------
------------------------------------------
| rollout/                |              |
|    ep_len_mean          | 60           |
|    ep_rew_mean          | 33.5         |
| time/                   |              |
|    fps                  | 60           |
|    iterations           | 12           |
|    time_elapsed         | 409          |
|    total_timesteps      | 24576        |
| train/                  |              |
|    approx_kl            | 0.0042625135 |
|    clip_fraction        | 0.0158       |
|    clip_range           | 0.2          |
|    entropy_loss         | -1.02        |
|    explained_variance   | 0.0668       |
|    learning_rate        | 0.0003       |
|    loss                 | 19.5         |
|    n_updates            | 110          |
|    policy_gradient_loss | -0.00364     |
|    value_loss           | 35.8         |
------------------------------------------
-----------------------------------------
| rollout/                |             |
|    ep_len_mean          | 60          |
|    ep_rew_mean          | 34.2        |
| time/                   |             |
|    fps                  | 59          |
|    iterations           | 13          |
|    time_elapsed         | 445         |
|    total_timesteps      | 26624       |
| train/                  |             |
|    approx_kl            | 0.008981921 |
|    clip_fraction        | 0.0871      |
|    clip_range           | 0.2         |
|    entropy_loss         | -0.95       |
|    explained_variance   | 0.136       |
|    learning_rate        | 0.0003      |
|    loss                 | 20.8        |
|    n_updates            | 120         |
|    policy_gradient_loss | -0.00901    |
|    value_loss           | 38.5        |
-----------------------------------------
------------------------------------------
| rollout/                |              |
|    ep_len_mean          | 60           |
|    ep_rew_mean          | 35.4         |
| time/                   |              |
|    fps                  | 59           |
|    iterations           | 14           |
|    time_elapsed         | 478          |
|    total_timesteps      | 28672        |
| train/                  |              |
|    approx_kl            | 0.0050033065 |
|    clip_fraction        | 0.0313       |
|    clip_range           | 0.2          |
|    entropy_loss         | -0.927       |
|    explained_variance   | 0.135        |
|    learning_rate        | 0.0003       |
|    loss                 | 20.6         |
|    n_updates            | 130          |
|    policy_gradient_loss | -0.00484     |
|    value_loss           | 39.2         |
------------------------------------------
------------------------------------------
| rollout/                |              |
|    ep_len_mean          | 60           |
|    ep_rew_mean          | 36.4         |
| time/                   |              |
|    fps                  | 59           |
|    iterations           | 15           |
|    time_elapsed         | 513          |
|    total_timesteps      | 30720        |
| train/                  |              |
|    approx_kl            | 0.0022437694 |
|    clip_fraction        | 0.0104       |
|    clip_range           | 0.2          |
|    entropy_loss         | -0.893       |
|    explained_variance   | 0.143        |
|    learning_rate        | 0.0003       |
|    loss                 | 22.3         |
|    n_updates            | 140          |
|    policy_gradient_loss | -0.00227     |
|    value_loss           | 44           |
------------------------------------------
------------------------------------------
| rollout/                |              |
|    ep_len_mean          | 60           |
|    ep_rew_mean          | 37.1         |
| time/                   |              |
|    fps                  | 59           |
|    iterations           | 16           |
|    time_elapsed         | 551          |
|    total_timesteps      | 32768        |
| train/                  |              |
|    approx_kl            | 0.0046203695 |
|    clip_fraction        | 0.0315       |
|    clip_range           | 0.2          |
|    entropy_loss         | -0.841       |
|    explained_variance   | 0.111        |
|    learning_rate        | 0.0003       |
|    loss                 | 24.4         |
|    n_updates            | 150          |
|    policy_gradient_loss | -0.004       |
|    value_loss           | 46.3         |
------------------------------------------
------------------------------------------
| rollout/                |              |
|    ep_len_mean          | 60           |
|    ep_rew_mean          | 37.3         |
| time/                   |              |
|    fps                  | 59           |
|    iterations           | 17           |
|    time_elapsed         | 586          |
|    total_timesteps      | 34816        |
| train/                  |              |
|    approx_kl            | 0.0029777382 |
|    clip_fraction        | 0.0145       |
|    clip_range           | 0.2          |
|    entropy_loss         | -0.809       |
|    explained_variance   | 0.127        |
|    learning_rate        | 0.0003       |
|    loss                 | 19.6         |
|    n_updates            | 160          |
|    policy_gradient_loss | -0.00303     |
|    value_loss           | 43           |
------------------------------------------
------------------------------------------
| rollout/                |              |
|    ep_len_mean          | 60           |
|    ep_rew_mean          | 37.5         |
| time/                   |              |
|    fps                  | 59           |
|    iterations           | 18           |
|    time_elapsed         | 619          |
|    total_timesteps      | 36864        |
| train/                  |              |
|    approx_kl            | 0.0038934522 |
|    clip_fraction        | 0.00806      |
|    clip_range           | 0.2          |
|    entropy_loss         | -0.802       |
|    explained_variance   | 0.109        |
|    learning_rate        | 0.0003       |
|    loss                 | 21.3         |
|    n_updates            | 170          |
|    policy_gradient_loss | -0.00208     |
|    value_loss           | 49           |
------------------------------------------
-----------------------------------------
| rollout/                |             |
|    ep_len_mean          | 60          |
|    ep_rew_mean          | 38.1        |
| time/                   |             |
|    fps                  | 59          |
|    iterations           | 19          |
|    time_elapsed         | 655         |
|    total_timesteps      | 38912       |
| train/                  |             |
|    approx_kl            | 0.004913035 |
|    clip_fraction        | 0.0421      |
|    clip_range           | 0.2         |
|    entropy_loss         | -0.751      |
|    explained_variance   | 0.0603      |
|    learning_rate        | 0.0003      |
|    loss                 | 23.3        |
|    n_updates            | 180         |
|    policy_gradient_loss | -0.00493    |
|    value_loss           | 46.9        |
-----------------------------------------
------------------------------------------
| rollout/                |              |
|    ep_len_mean          | 60           |
|    ep_rew_mean          | 38.2         |
| time/                   |              |
|    fps                  | 59           |
|    iterations           | 20           |
|    time_elapsed         | 693          |
|    total_timesteps      | 40960        |
| train/                  |              |
|    approx_kl            | 0.0030596612 |
|    clip_fraction        | 0.013        |
|    clip_range           | 0.2          |
|    entropy_loss         | -0.787       |
|    explained_variance   | 0.118        |
|    learning_rate        | 0.0003       |
|    loss                 | 22.5         |
|    n_updates            | 190          |
|    policy_gradient_loss | -0.00276     |
|    value_loss           | 50.3         |
------------------------------------------
-----------------------------------------
| rollout/                |             |
|    ep_len_mean          | 60          |
|    ep_rew_mean          | 38.5        |
| time/                   |             |
|    fps                  | 58          |
|    iterations           | 21          |
|    time_elapsed         | 733         |
|    total_timesteps      | 43008       |
| train/                  |             |
|    approx_kl            | 0.002286464 |
|    clip_fraction        | 0.0214      |
|    clip_range           | 0.2         |
|    entropy_loss         | -0.77       |
|    explained_variance   | 0.144       |
|    learning_rate        | 0.0003      |
|    loss                 | 23.4        |
|    n_updates            | 200         |
|    policy_gradient_loss | -0.00381    |
|    value_loss           | 47.5        |
-----------------------------------------
------------------------------------------
| rollout/                |              |
|    ep_len_mean          | 60           |
|    ep_rew_mean          | 38.3         |
| time/                   |              |
|    fps                  | 58           |
|    iterations           | 22           |
|    time_elapsed         | 769          |
|    total_timesteps      | 45056        |
| train/                  |              |
|    approx_kl            | 0.0040242095 |
|    clip_fraction        | 0.0244       |
|    clip_range           | 0.2          |
|    entropy_loss         | -0.712       |
|    explained_variance   | 0.105        |
|    learning_rate        | 0.0003       |
|    loss                 | 25.9         |
|    n_updates            | 210          |
|    policy_gradient_loss | -0.0036      |
|    value_loss           | 51.7         |
------------------------------------------
------------------------------------------
| rollout/                |              |
|    ep_len_mean          | 60           |
|    ep_rew_mean          | 38.8         |
| time/                   |              |
|    fps                  | 58           |
|    iterations           | 23           |
|    time_elapsed         | 808          |
|    total_timesteps      | 47104        |
| train/                  |              |
|    approx_kl            | 0.0045481324 |
|    clip_fraction        | 0.0357       |
|    clip_range           | 0.2          |
|    entropy_loss         | -0.654       |
|    explained_variance   | 0.0979       |
|    learning_rate        | 0.0003       |
|    loss                 | 25.6         |
|    n_updates            | 220          |
|    policy_gradient_loss | -0.00499     |
|    value_loss           | 51           |
------------------------------------------
-----------------------------------------
| rollout/                |             |
|    ep_len_mean          | 60          |
|    ep_rew_mean          | 39.2        |
| time/                   |             |
|    fps                  | 58          |
|    iterations           | 24          |
|    time_elapsed         | 846         |
|    total_timesteps      | 49152       |
| train/                  |             |
|    approx_kl            | 0.003195846 |
|    clip_fraction        | 0.0217      |
|    clip_range           | 0.2         |
|    entropy_loss         | -0.609      |
|    explained_variance   | 0.0874      |
|    learning_rate        | 0.0003      |
|    loss                 | 26.4        |
|    n_updates            | 230         |
|    policy_gradient_loss | -0.00313    |
|    value_loss           | 54          |
-----------------------------------------
------------------------------------------
| rollout/                |              |
|    ep_len_mean          | 60           |
|    ep_rew_mean          | 39.7         |
| time/                   |              |
|    fps                  | 57           |
|    iterations           | 25           |
|    time_elapsed         | 886          |
|    total_timesteps      | 51200        |
| train/                  |              |
|    approx_kl            | 0.0017580552 |
|    clip_fraction        | 0.0063       |
|    clip_range           | 0.2          |
|    entropy_loss         | -0.589       |
|    explained_variance   | 0.136        |
|    learning_rate        | 0.0003       |
|    loss                 | 22.8         |
|    n_updates            | 240          |
|    policy_gradient_loss | -0.00222     |
|    value_loss           | 47.7         |
------------------------------------------
-----------------------------------------
| rollout/                |             |
|    ep_len_mean          | 60          |
|    ep_rew_mean          | 40          |
| time/                   |             |
|    fps                  | 57          |
|    iterations           | 26          |
|    time_elapsed         | 926         |
|    total_timesteps      | 53248       |
| train/                  |             |
|    approx_kl            | 0.002287118 |
|    clip_fraction        | 0.00898     |
|    clip_range           | 0.2         |
|    entropy_loss         | -0.573      |
|    explained_variance   | 0.112       |
|    learning_rate        | 0.0003      |
|    loss                 | 27.4        |
|    n_updates            | 250         |
|    policy_gradient_loss | -0.002      |
|    value_loss           | 54.9        |
-----------------------------------------
------------------------------------------
| rollout/                |              |
|    ep_len_mean          | 60           |
|    ep_rew_mean          | 40.3         |
| time/                   |              |
|    fps                  | 57           |
|    iterations           | 27           |
|    time_elapsed         | 964          |
|    total_timesteps      | 55296        |
| train/                  |              |
|    approx_kl            | 0.0036371977 |
|    clip_fraction        | 0.0339       |
|    clip_range           | 0.2          |
|    entropy_loss         | -0.544       |
|    explained_variance   | 0.112        |
|    learning_rate        | 0.0003       |
|    loss                 | 22.8         |
|    n_updates            | 260          |
|    policy_gradient_loss | -0.00312     |
|    value_loss           | 51.3         |
------------------------------------------
-----------------------------------------
| rollout/                |             |
|    ep_len_mean          | 60          |
|    ep_rew_mean          | 40.7        |
| time/                   |             |
|    fps                  | 57          |
|    iterations           | 28          |
|    time_elapsed         | 1002        |
|    total_timesteps      | 57344       |
| train/                  |             |
|    approx_kl            | 0.003728163 |
|    clip_fraction        | 0.0279      |
|    clip_range           | 0.2         |
|    entropy_loss         | -0.488      |
|    explained_variance   | 0.0923      |
|    learning_rate        | 0.0003      |
|    loss                 | 28.6        |
|    n_updates            | 270         |
|    policy_gradient_loss | -0.00434    |
|    value_loss           | 57.7        |
-----------------------------------------
------------------------------------------
| rollout/                |              |
|    ep_len_mean          | 60           |
|    ep_rew_mean          | 40.9         |
| time/                   |              |
|    fps                  | 57           |
|    iterations           | 29           |
|    time_elapsed         | 1040         |
|    total_timesteps      | 59392        |
| train/                  |              |
|    approx_kl            | 0.0023734013 |
|    clip_fraction        | 0.0235       |
|    clip_range           | 0.2          |
|    entropy_loss         | -0.503       |
|    explained_variance   | 0.097        |
|    learning_rate        | 0.0003       |
|    loss                 | 22.9         |
|    n_updates            | 280          |
|    policy_gradient_loss | -0.00277     |
|    value_loss           | 54.1         |
------------------------------------------
------------------------------------------
| rollout/                |              |
|    ep_len_mean          | 60           |
|    ep_rew_mean          | 41.1         |
| time/                   |              |
|    fps                  | 56           |
|    iterations           | 30           |
|    time_elapsed         | 1078         |
|    total_timesteps      | 61440        |
| train/                  |              |
|    approx_kl            | 0.0031768035 |
|    clip_fraction        | 0.0145       |
|    clip_range           | 0.2          |
|    entropy_loss         | -0.49        |
|    explained_variance   | 0.137        |
|    learning_rate        | 0.0003       |
|    loss                 | 24.2         |
|    n_updates            | 290          |
|    policy_gradient_loss | -0.00277     |
|    value_loss           | 54.9         |
------------------------------------------
------------------------------------------
| rollout/                |              |
|    ep_len_mean          | 60           |
|    ep_rew_mean          | 41.4         |
| time/                   |              |
|    fps                  | 56           |
|    iterations           | 31           |
|    time_elapsed         | 1116         |
|    total_timesteps      | 63488        |
| train/                  |              |
|    approx_kl            | 0.0024467404 |
|    clip_fraction        | 0.0145       |
|    clip_range           | 0.2          |
|    entropy_loss         | -0.518       |
|    explained_variance   | 0.138        |
|    learning_rate        | 0.0003       |
|    loss                 | 25.1         |
|    n_updates            | 300          |
|    policy_gradient_loss | -0.00198     |
|    value_loss           | 56.4         |
------------------------------------------
------------------------------------------
| rollout/                |              |
|    ep_len_mean          | 60           |
|    ep_rew_mean          | 41.4         |
| time/                   |              |
|    fps                  | 56           |
|    iterations           | 32           |
|    time_elapsed         | 1158         |
|    total_timesteps      | 65536        |
| train/                  |              |
|    approx_kl            | 0.0017161374 |
|    clip_fraction        | 0.00576      |
|    clip_range           | 0.2          |
|    entropy_loss         | -0.483       |
|    explained_variance   | 0.0137       |
|    learning_rate        | 0.0003       |
|    loss                 | 31.5         |
|    n_updates            | 310          |
|    policy_gradient_loss | -0.00155     |
|    value_loss           | 57           |
------------------------------------------
-----------------------------------------
| rollout/                |             |
|    ep_len_mean          | 60          |
|    ep_rew_mean          | 41.4        |
| time/                   |             |
|    fps                  | 56          |
|    iterations           | 33          |
|    time_elapsed         | 1197        |
|    total_timesteps      | 67584       |
| train/                  |             |
|    approx_kl            | 0.002366024 |
|    clip_fraction        | 0.0184      |
|    clip_range           | 0.2         |
|    entropy_loss         | -0.495      |
|    explained_variance   | 0.0942      |
|    learning_rate        | 0.0003      |
|    loss                 | 29.5        |
|    n_updates            | 320         |
|    policy_gradient_loss | -0.00401    |
|    value_loss           | 58.5        |
-----------------------------------------
------------------------------------------
| rollout/                |              |
|    ep_len_mean          | 60           |
|    ep_rew_mean          | 41.4         |
| time/                   |              |
|    fps                  | 56           |
|    iterations           | 34           |
|    time_elapsed         | 1233         |
|    total_timesteps      | 69632        |
| train/                  |              |
|    approx_kl            | 0.0030058797 |
|    clip_fraction        | 0.0178       |
|    clip_range           | 0.2          |
|    entropy_loss         | -0.548       |
|    explained_variance   | 0.13         |
|    learning_rate        | 0.0003       |
|    loss                 | 26.4         |
|    n_updates            | 330          |
|    policy_gradient_loss | -0.00331     |
|    value_loss           | 54.1         |
------------------------------------------
-----------------------------------------
| rollout/                |             |
|    ep_len_mean          | 60          |
|    ep_rew_mean          | 41.7        |
| time/                   |             |
|    fps                  | 56          |
|    iterations           | 35          |
|    time_elapsed         | 1273        |
|    total_timesteps      | 71680       |
| train/                  |             |
|    approx_kl            | 0.002494495 |
|    clip_fraction        | 0.0169      |
|    clip_range           | 0.2         |
|    entropy_loss         | -0.467      |
|    explained_variance   | 0.142       |
|    learning_rate        | 0.0003      |
|    loss                 | 23.4        |
|    n_updates            | 340         |
|    policy_gradient_loss | -0.00324    |
|    value_loss           | 57.3        |
-----------------------------------------
------------------------------------------
| rollout/                |              |
|    ep_len_mean          | 60           |
|    ep_rew_mean          | 41.7         |
| time/                   |              |
|    fps                  | 55           |
|    iterations           | 36           |
|    time_elapsed         | 1318         |
|    total_timesteps      | 73728        |
| train/                  |              |
|    approx_kl            | 0.0024978023 |
|    clip_fraction        | 0.00962      |
|    clip_range           | 0.2          |
|    entropy_loss         | -0.483       |
|    explained_variance   | 0.162        |
|    learning_rate        | 0.0003       |
|    loss                 | 25.6         |
|    n_updates            | 350          |
|    policy_gradient_loss | -0.00222     |
|    value_loss           | 53.9         |
------------------------------------------
-----------------------------------------
| rollout/                |             |
|    ep_len_mean          | 60          |
|    ep_rew_mean          | 42.1        |
| time/                   |             |
|    fps                  | 55          |
|    iterations           | 37          |
|    time_elapsed         | 1370        |
|    total_timesteps      | 75776       |
| train/                  |             |
|    approx_kl            | 0.002615123 |
|    clip_fraction        | 0.0194      |
|    clip_range           | 0.2         |
|    entropy_loss         | -0.479      |
|    explained_variance   | 0.108       |
|    learning_rate        | 0.0003      |
|    loss                 | 27.5        |
|    n_updates            | 360         |
|    policy_gradient_loss | -0.00258    |
|    value_loss           | 58.8        |
-----------------------------------------
------------------------------------------
| rollout/                |              |
|    ep_len_mean          | 60           |
|    ep_rew_mean          | 42           |
| time/                   |              |
|    fps                  | 55           |
|    iterations           | 38           |
|    time_elapsed         | 1393         |
|    total_timesteps      | 77824        |
| train/                  |              |
|    approx_kl            | 0.0020374935 |
|    clip_fraction        | 0.0255       |
|    clip_range           | 0.2          |
|    entropy_loss         | -0.444       |
|    explained_variance   | 0.138        |
|    learning_rate        | 0.0003       |
|    loss                 | 28.3         |
|    n_updates            | 370          |
|    policy_gradient_loss | -0.00237     |
|    value_loss           | 53.7         |
------------------------------------------
------------------------------------------
| rollout/                |              |
|    ep_len_mean          | 60           |
|    ep_rew_mean          | 42.4         |
| time/                   |              |
|    fps                  | 56           |
|    iterations           | 39           |
|    time_elapsed         | 1413         |
|    total_timesteps      | 79872        |
| train/                  |              |
|    approx_kl            | 0.0017167184 |
|    clip_fraction        | 0.0106       |
|    clip_range           | 0.2          |
|    entropy_loss         | -0.417       |
|    explained_variance   | 0.145        |
|    learning_rate        | 0.0003       |
|    loss                 | 30.5         |
|    n_updates            | 380          |
|    policy_gradient_loss | -0.00223     |
|    value_loss           | 59           |
------------------------------------------
------------------------------------------
| rollout/                |              |
|    ep_len_mean          | 60           |
|    ep_rew_mean          | 41.7         |
| time/                   |              |
|    fps                  | 57           |
|    iterations           | 40           |
|    time_elapsed         | 1432         |
|    total_timesteps      | 81920        |
| train/                  |              |
|    approx_kl            | 0.0019631027 |
|    clip_fraction        | 0.0148       |
|    clip_range           | 0.2          |
|    entropy_loss         | -0.427       |
|    explained_variance   | 0.12         |
|    learning_rate        | 0.0003       |
|    loss                 | 29.4         |
|    n_updates            | 390          |
|    policy_gradient_loss | -0.00271     |
|    value_loss           | 57.7         |
------------------------------------------
-----------------------------------------
| rollout/                |             |
|    ep_len_mean          | 60          |
|    ep_rew_mean          | 42          |
| time/                   |             |
|    fps                  | 57          |
|    iterations           | 41          |
|    time_elapsed         | 1454        |
|    total_timesteps      | 83968       |
| train/                  |             |
|    approx_kl            | 0.003414506 |
|    clip_fraction        | 0.0388      |
|    clip_range           | 0.2         |
|    entropy_loss         | -0.456      |
|    explained_variance   | 0.155       |
|    learning_rate        | 0.0003      |
|    loss                 | 27.2        |
|    n_updates            | 400         |
|    policy_gradient_loss | -0.00394    |
|    value_loss           | 57          |
-----------------------------------------
-----------------------------------------
| rollout/                |             |
|    ep_len_mean          | 60          |
|    ep_rew_mean          | 42.1        |
| time/                   |             |
|    fps                  | 58          |
|    iterations           | 42          |
|    time_elapsed         | 1478        |
|    total_timesteps      | 86016       |
| train/                  |             |
|    approx_kl            | 0.003263277 |
|    clip_fraction        | 0.0163      |
|    clip_range           | 0.2         |
|    entropy_loss         | -0.412      |
|    explained_variance   | 0.117       |
|    learning_rate        | 0.0003      |
|    loss                 | 29          |
|    n_updates            | 410         |
|    policy_gradient_loss | -0.00326    |
|    value_loss           | 57.1        |
-----------------------------------------
------------------------------------------
| rollout/                |              |
|    ep_len_mean          | 60           |
|    ep_rew_mean          | 42.6         |
| time/                   |              |
|    fps                  | 58           |
|    iterations           | 43           |
|    time_elapsed         | 1506         |
|    total_timesteps      | 88064        |
| train/                  |              |
|    approx_kl            | 0.0016925863 |
|    clip_fraction        | 0.0191       |
|    clip_range           | 0.2          |
|    entropy_loss         | -0.368       |
|    explained_variance   | 0.103        |
|    learning_rate        | 0.0003       |
|    loss                 | 32.1         |
|    n_updates            | 420          |
|    policy_gradient_loss | -0.0031      |
|    value_loss           | 60.2         |
------------------------------------------
------------------------------------------
| rollout/                |              |
|    ep_len_mean          | 60           |
|    ep_rew_mean          | 42.4         |
| time/                   |              |
|    fps                  | 58           |
|    iterations           | 44           |
|    time_elapsed         | 1538         |
|    total_timesteps      | 90112        |
| train/                  |              |
|    approx_kl            | 0.0026614307 |
|    clip_fraction        | 0.0367       |
|    clip_range           | 0.2          |
|    entropy_loss         | -0.391       |
|    explained_variance   | 0.133        |
|    learning_rate        | 0.0003       |
|    loss                 | 27.5         |
|    n_updates            | 430          |
|    policy_gradient_loss | -0.00383     |
|    value_loss           | 59.5         |
------------------------------------------
------------------------------------------
| rollout/                |              |
|    ep_len_mean          | 60           |
|    ep_rew_mean          | 42.6         |
| time/                   |              |
|    fps                  | 58           |
|    iterations           | 45           |
|    time_elapsed         | 1575         |
|    total_timesteps      | 92160        |
| train/                  |              |
|    approx_kl            | 0.0023277155 |
|    clip_fraction        | 0.0218       |
|    clip_range           | 0.2          |
|    entropy_loss         | -0.372       |
|    explained_variance   | 0.145        |
|    learning_rate        | 0.0003       |
|    loss                 | 27.9         |
|    n_updates            | 440          |
|    policy_gradient_loss | -0.00269     |
|    value_loss           | 58.5         |
------------------------------------------
------------------------------------------
| rollout/                |              |
|    ep_len_mean          | 60           |
|    ep_rew_mean          | 42.5         |
| time/                   |              |
|    fps                  | 58           |
|    iterations           | 46           |
|    time_elapsed         | 1600         |
|    total_timesteps      | 94208        |
| train/                  |              |
|    approx_kl            | 0.0017734524 |
|    clip_fraction        | 0.0102       |
|    clip_range           | 0.2          |
|    entropy_loss         | -0.368       |
|    explained_variance   | 0.167        |
|    learning_rate        | 0.0003       |
|    loss                 | 30.6         |
|    n_updates            | 450          |
|    policy_gradient_loss | -0.00179     |
|    value_loss           | 60.6         |
------------------------------------------
------------------------------------------
| rollout/                |              |
|    ep_len_mean          | 60           |
|    ep_rew_mean          | 42.9         |
| time/                   |              |
|    fps                  | 59           |
|    iterations           | 47           |
|    time_elapsed         | 1625         |
|    total_timesteps      | 96256        |
| train/                  |              |
|    approx_kl            | 0.0009934474 |
|    clip_fraction        | 0.0082       |
|    clip_range           | 0.2          |
|    entropy_loss         | -0.37        |
|    explained_variance   | 0.147        |
|    learning_rate        | 0.0003       |
|    loss                 | 32           |
|    n_updates            | 460          |
|    policy_gradient_loss | -0.00147     |
|    value_loss           | 56.7         |
------------------------------------------
------------------------------------------
| rollout/                |              |
|    ep_len_mean          | 60           |
|    ep_rew_mean          | 42.8         |
| time/                   |              |
|    fps                  | 59           |
|    iterations           | 48           |
|    time_elapsed         | 1648         |
|    total_timesteps      | 98304        |
| train/                  |              |
|    approx_kl            | 0.0026139948 |
|    clip_fraction        | 0.0355       |
|    clip_range           | 0.2          |
|    entropy_loss         | -0.323       |
|    explained_variance   | 0.118        |
|    learning_rate        | 0.0003       |
|    loss                 | 32.6         |
|    n_updates            | 470          |
|    policy_gradient_loss | -0.00393     |
|    value_loss           | 63.9         |
------------------------------------------
------------------------------------------
| rollout/                |              |
|    ep_len_mean          | 60           |
|    ep_rew_mean          | 42.8         |
| time/                   |              |
|    fps                  | 60           |
|    iterations           | 49           |
|    time_elapsed         | 1666         |
|    total_timesteps      | 100352       |
| train/                  |              |
|    approx_kl            | 0.0018322761 |
|    clip_fraction        | 0.0157       |
|    clip_range           | 0.2          |
|    entropy_loss         | -0.345       |
|    explained_variance   | 0.0927       |
|    learning_rate        | 0.0003       |
|    loss                 | 26.8         |
|    n_updates            | 480          |
|    policy_gradient_loss | -0.00248     |
|    value_loss           | 58.3         |
------------------------------------------
  saved model: D:\Projects\TN+NTN\drl\models_s\ppo_seed2.zip
  evaluating ppo seed=2 (200 episodes)...
    ppo seed=2 eval: 20/200 episodes
    ppo seed=2 eval: 40/200 episodes
    ppo seed=2 eval: 60/200 episodes
    ppo seed=2 eval: 80/200 episodes
    ppo seed=2 eval: 100/200 episodes
    ppo seed=2 eval: 120/200 episodes
    ppo seed=2 eval: 140/200 episodes
    ppo seed=2 eval: 160/200 episodes
    ppo seed=2 eval: 180/200 episodes
    ppo seed=2 eval: 200/200 episodes
training + evaluating DQN...
  training dqn seed=0 ...
Using cpu device
----------------------------------
| rollout/            |          |
|    ep_len_mean      | 60       |
|    ep_rew_mean      | -2.9     |
|    exploration_rate | 0.977    |
| time/               |          |
|    episodes         | 4        |
|    fps              | 69       |
|    time_elapsed     | 3        |
|    total_timesteps  | 240      |
----------------------------------
----------------------------------
| rollout/            |          |
|    ep_len_mean      | 60       |
|    ep_rew_mean      | -0.205   |
|    exploration_rate | 0.954    |
| time/               |          |
|    episodes         | 8        |
|    fps              | 78       |
|    time_elapsed     | 6        |
|    total_timesteps  | 480      |
----------------------------------
----------------------------------
| rollout/            |          |
|    ep_len_mean      | 60       |
|    ep_rew_mean      | -0.471   |
|    exploration_rate | 0.932    |
| time/               |          |
|    episodes         | 12       |
|    fps              | 98       |
|    time_elapsed     | 7        |
|    total_timesteps  | 720      |
----------------------------------
----------------------------------
| rollout/            |          |
|    ep_len_mean      | 60       |
|    ep_rew_mean      | 0.225    |
|    exploration_rate | 0.909    |
| time/               |          |
|    episodes         | 16       |
|    fps              | 103      |
|    time_elapsed     | 9        |
|    total_timesteps  | 960      |
----------------------------------
----------------------------------
| rollout/            |          |
|    ep_len_mean      | 60       |
|    ep_rew_mean      | -0.514   |
|    exploration_rate | 0.886    |
| time/               |          |
|    episodes         | 20       |
|    fps              | 99       |
|    time_elapsed     | 12       |
|    total_timesteps  | 1200     |
| train/              |          |
|    learning_rate    | 0.0001   |
|    loss             | 0.329    |
|    n_updates        | 12       |
----------------------------------
----------------------------------
| rollout/            |          |
|    ep_len_mean      | 60       |
|    ep_rew_mean      | -0.452   |
|    exploration_rate | 0.863    |
| time/               |          |
|    episodes         | 24       |
|    fps              | 93       |
|    time_elapsed     | 15       |
|    total_timesteps  | 1440     |
| train/              |          |
|    learning_rate    | 0.0001   |
|    loss             | 0.271    |
|    n_updates        | 27       |
----------------------------------
----------------------------------
| rollout/            |          |
|    ep_len_mean      | 60       |
|    ep_rew_mean      | 0.796    |
|    exploration_rate | 0.84     |
| time/               |          |
|    episodes         | 28       |
|    fps              | 87       |
|    time_elapsed     | 19       |
|    total_timesteps  | 1680     |
| train/              |          |
|    learning_rate    | 0.0001   |
|    loss             | 0.269    |
|    n_updates        | 42       |
----------------------------------
----------------------------------
| rollout/            |          |
|    ep_len_mean      | 60       |
|    ep_rew_mean      | 2.05     |
|    exploration_rate | 0.818    |
| time/               |          |
|    episodes         | 32       |
|    fps              | 85       |
|    time_elapsed     | 22       |
|    total_timesteps  | 1920     |
| train/              |          |
|    learning_rate    | 0.0001   |
|    loss             | 0.265    |
|    n_updates        | 57       |
----------------------------------
----------------------------------
| rollout/            |          |
|    ep_len_mean      | 60       |
|    ep_rew_mean      | 2.51     |
|    exploration_rate | 0.795    |
| time/               |          |
|    episodes         | 36       |
|    fps              | 87       |
|    time_elapsed     | 24       |
|    total_timesteps  | 2160     |
| train/              |          |
|    learning_rate    | 0.0001   |
|    loss             | 0.272    |
|    n_updates        | 72       |
----------------------------------
----------------------------------
| rollout/            |          |
|    ep_len_mean      | 60       |
|    ep_rew_mean      | 2.89     |
|    exploration_rate | 0.772    |
| time/               |          |
|    episodes         | 40       |
|    fps              | 86       |
|    time_elapsed     | 27       |
|    total_timesteps  | 2400     |
| train/              |          |
|    learning_rate    | 0.0001   |
|    loss             | 0.284    |
|    n_updates        | 87       |
----------------------------------
----------------------------------
| rollout/            |          |
|    ep_len_mean      | 60       |
|    ep_rew_mean      | 3.75     |
|    exploration_rate | 0.749    |
| time/               |          |
|    episodes         | 44       |
|    fps              | 87       |
|    time_elapsed     | 30       |
|    total_timesteps  | 2640     |
| train/              |          |
|    learning_rate    | 0.0001   |
|    loss             | 0.257    |
|    n_updates        | 102      |
----------------------------------
----------------------------------
| rollout/            |          |
|    ep_len_mean      | 60       |
|    ep_rew_mean      | 4.58     |
|    exploration_rate | 0.726    |
| time/               |          |
|    episodes         | 48       |
|    fps              | 89       |
|    time_elapsed     | 32       |
|    total_timesteps  | 2880     |
| train/              |          |
|    learning_rate    | 0.0001   |
|    loss             | 0.258    |
|    n_updates        | 117      |
----------------------------------
----------------------------------
| rollout/            |          |
|    ep_len_mean      | 60       |
|    ep_rew_mean      | 4.67     |
|    exploration_rate | 0.704    |
| time/               |          |
|    episodes         | 52       |
|    fps              | 90       |
|    time_elapsed     | 34       |
|    total_timesteps  | 3120     |
| train/              |          |
|    learning_rate    | 0.0001   |
|    loss             | 0.267    |
|    n_updates        | 132      |
----------------------------------
----------------------------------
| rollout/            |          |
|    ep_len_mean      | 60       |
|    ep_rew_mean      | 5.03     |
|    exploration_rate | 0.681    |
| time/               |          |
|    episodes         | 56       |
|    fps              | 88       |
|    time_elapsed     | 37       |
|    total_timesteps  | 3360     |
| train/              |          |
|    learning_rate    | 0.0001   |
|    loss             | 0.211    |
|    n_updates        | 147      |
----------------------------------
----------------------------------
| rollout/            |          |
|    ep_len_mean      | 60       |
|    ep_rew_mean      | 5.51     |
|    exploration_rate | 0.658    |
| time/               |          |
|    episodes         | 60       |
|    fps              | 85       |
|    time_elapsed     | 42       |
|    total_timesteps  | 3600     |
| train/              |          |
|    learning_rate    | 0.0001   |
|    loss             | 0.25     |
|    n_updates        | 162      |
----------------------------------
----------------------------------
| rollout/            |          |
|    ep_len_mean      | 60       |
|    ep_rew_mean      | 5.92     |
|    exploration_rate | 0.635    |
| time/               |          |
|    episodes         | 64       |
|    fps              | 85       |
|    time_elapsed     | 44       |
|    total_timesteps  | 3840     |
| train/              |          |
|    learning_rate    | 0.0001   |
|    loss             | 0.203    |
|    n_updates        | 177      |
----------------------------------
----------------------------------
| rollout/            |          |
|    ep_len_mean      | 60       |
|    ep_rew_mean      | 6.06     |
|    exploration_rate | 0.612    |
| time/               |          |
|    episodes         | 68       |
|    fps              | 86       |
|    time_elapsed     | 47       |
|    total_timesteps  | 4080     |
| train/              |          |
|    learning_rate    | 0.0001   |
|    loss             | 0.31     |
|    n_updates        | 192      |
----------------------------------
----------------------------------
| rollout/            |          |
|    ep_len_mean      | 60       |
|    ep_rew_mean      | 6.3      |
|    exploration_rate | 0.59     |
| time/               |          |
|    episodes         | 72       |
|    fps              | 83       |
|    time_elapsed     | 51       |
|    total_timesteps  | 4320     |
| train/              |          |
|    learning_rate    | 0.0001   |
|    loss             | 0.255    |
|    n_updates        | 207      |
----------------------------------
----------------------------------
| rollout/            |          |
|    ep_len_mean      | 60       |
|    ep_rew_mean      | 6.25     |
|    exploration_rate | 0.567    |
| time/               |          |
|    episodes         | 76       |
|    fps              | 84       |
|    time_elapsed     | 54       |
|    total_timesteps  | 4560     |
| train/              |          |
|    learning_rate    | 0.0001   |
|    loss             | 0.198    |
|    n_updates        | 222      |
----------------------------------
----------------------------------
| rollout/            |          |
|    ep_len_mean      | 60       |
|    ep_rew_mean      | 6.28     |
|    exploration_rate | 0.544    |
| time/               |          |
|    episodes         | 80       |
|    fps              | 83       |
|    time_elapsed     | 57       |
|    total_timesteps  | 4800     |
| train/              |          |
|    learning_rate    | 0.0001   |
|    loss             | 0.227    |
|    n_updates        | 237      |
----------------------------------
----------------------------------
| rollout/            |          |
|    ep_len_mean      | 60       |
|    ep_rew_mean      | 6.42     |
|    exploration_rate | 0.521    |
| time/               |          |
|    episodes         | 84       |
|    fps              | 83       |
|    time_elapsed     | 60       |
|    total_timesteps  | 5040     |
| train/              |          |
|    learning_rate    | 0.0001   |
|    loss             | 0.275    |
|    n_updates        | 252      |
----------------------------------
----------------------------------
| rollout/            |          |
|    ep_len_mean      | 60       |
|    ep_rew_mean      | 6.67     |
|    exploration_rate | 0.498    |
| time/               |          |
|    episodes         | 88       |
|    fps              | 84       |
|    time_elapsed     | 62       |
|    total_timesteps  | 5280     |
| train/              |          |
|    learning_rate    | 0.0001   |
|    loss             | 0.353    |
|    n_updates        | 267      |
----------------------------------
----------------------------------
| rollout/            |          |
|    ep_len_mean      | 60       |
|    ep_rew_mean      | 6.59     |
|    exploration_rate | 0.476    |
| time/               |          |
|    episodes         | 92       |
|    fps              | 83       |
|    time_elapsed     | 66       |
|    total_timesteps  | 5520     |
| train/              |          |
|    learning_rate    | 0.0001   |
|    loss             | 0.255    |
|    n_updates        | 282      |
----------------------------------
----------------------------------
| rollout/            |          |
|    ep_len_mean      | 60       |
|    ep_rew_mean      | 6.64     |
|    exploration_rate | 0.453    |
| time/               |          |
|    episodes         | 96       |
|    fps              | 83       |
|    time_elapsed     | 69       |
|    total_timesteps  | 5760     |
| train/              |          |
|    learning_rate    | 0.0001   |
|    loss             | 0.305    |
|    n_updates        | 297      |
----------------------------------
----------------------------------
| rollout/            |          |
|    ep_len_mean      | 60       |
|    ep_rew_mean      | 7.22     |
|    exploration_rate | 0.43     |
| time/               |          |
|    episodes         | 100      |
|    fps              | 82       |
|    time_elapsed     | 72       |
|    total_timesteps  | 6000     |
| train/              |          |
|    learning_rate    | 0.0001   |
|    loss             | 0.23     |
|    n_updates        | 312      |
----------------------------------
----------------------------------
| rollout/            |          |
|    ep_len_mean      | 60       |
|    ep_rew_mean      | 7.99     |
|    exploration_rate | 0.407    |
| time/               |          |
|    episodes         | 104      |
|    fps              | 83       |
|    time_elapsed     | 75       |
|    total_timesteps  | 6240     |
| train/              |          |
|    learning_rate    | 0.0001   |
|    loss             | 0.295    |
|    n_updates        | 327      |
----------------------------------
----------------------------------
| rollout/            |          |
|    ep_len_mean      | 60       |
|    ep_rew_mean      | 8.21     |
|    exploration_rate | 0.384    |
| time/               |          |
|    episodes         | 108      |
|    fps              | 83       |
|    time_elapsed     | 77       |
|    total_timesteps  | 6480     |
| train/              |          |
|    learning_rate    | 0.0001   |
|    loss             | 0.323    |
|    n_updates        | 342      |
----------------------------------
----------------------------------
| rollout/            |          |
|    ep_len_mean      | 60       |
|    ep_rew_mean      | 8.79     |
|    exploration_rate | 0.362    |
| time/               |          |
|    episodes         | 112      |
|    fps              | 83       |
|    time_elapsed     | 80       |
|    total_timesteps  | 6720     |
| train/              |          |
|    learning_rate    | 0.0001   |
|    loss             | 0.252    |
|    n_updates        | 357      |
----------------------------------
----------------------------------
| rollout/            |          |
|    ep_len_mean      | 60       |
|    ep_rew_mean      | 9.54     |
|    exploration_rate | 0.339    |
| time/               |          |
|    episodes         | 116      |
|    fps              | 83       |
|    time_elapsed     | 83       |
|    total_timesteps  | 6960     |
| train/              |          |
|    learning_rate    | 0.0001   |
|    loss             | 0.215    |
|    n_updates        | 372      |
----------------------------------
----------------------------------
| rollout/            |          |
|    ep_len_mean      | 60       |
|    ep_rew_mean      | 10.4     |
|    exploration_rate | 0.316    |
| time/               |          |
|    episodes         | 120      |
|    fps              | 83       |
|    time_elapsed     | 85       |
|    total_timesteps  | 7200     |
| train/              |          |
|    learning_rate    | 0.0001   |
|    loss             | 0.407    |
|    n_updates        | 387      |
----------------------------------
----------------------------------
| rollout/            |          |
|    ep_len_mean      | 60       |
|    ep_rew_mean      | 11.4     |
|    exploration_rate | 0.293    |
| time/               |          |
|    episodes         | 124      |
|    fps              | 84       |
|    time_elapsed     | 88       |
|    total_timesteps  | 7440     |
| train/              |          |
|    learning_rate    | 0.0001   |
|    loss             | 0.267    |
|    n_updates        | 402      |
----------------------------------
----------------------------------
| rollout/            |          |
|    ep_len_mean      | 60       |
|    ep_rew_mean      | 12.4     |
|    exploration_rate | 0.27     |
| time/               |          |
|    episodes         | 128      |
|    fps              | 84       |
|    time_elapsed     | 90       |
|    total_timesteps  | 7680     |
| train/              |          |
|    learning_rate    | 0.0001   |
|    loss             | 0.291    |
|    n_updates        | 417      |
----------------------------------
----------------------------------
| rollout/            |          |
|    ep_len_mean      | 60       |
|    ep_rew_mean      | 13.2     |
|    exploration_rate | 0.248    |
| time/               |          |
|    episodes         | 132      |
|    fps              | 84       |
|    time_elapsed     | 93       |
|    total_timesteps  | 7920     |
| train/              |          |
|    learning_rate    | 0.0001   |
|    loss             | 0.183    |
|    n_updates        | 432      |
----------------------------------
----------------------------------
| rollout/            |          |
|    ep_len_mean      | 60       |
|    ep_rew_mean      | 14.3     |
|    exploration_rate | 0.225    |
| time/               |          |
|    episodes         | 136      |
|    fps              | 84       |
|    time_elapsed     | 96       |
|    total_timesteps  | 8160     |
| train/              |          |
|    learning_rate    | 0.0001   |
|    loss             | 0.273    |
|    n_updates        | 447      |
----------------------------------
----------------------------------
| rollout/            |          |
|    ep_len_mean      | 60       |
|    ep_rew_mean      | 15.3     |
|    exploration_rate | 0.202    |
| time/               |          |
|    episodes         | 140      |
|    fps              | 84       |
|    time_elapsed     | 99       |
|    total_timesteps  | 8400     |
| train/              |          |
|    learning_rate    | 0.0001   |
|    loss             | 0.282    |
|    n_updates        | 462      |
----------------------------------
----------------------------------
| rollout/            |          |
|    ep_len_mean      | 60       |
|    ep_rew_mean      | 16.4     |
|    exploration_rate | 0.179    |
| time/               |          |
|    episodes         | 144      |
|    fps              | 83       |
|    time_elapsed     | 103      |
|    total_timesteps  | 8640     |
| train/              |          |
|    learning_rate    | 0.0001   |
|    loss             | 0.258    |
|    n_updates        | 477      |
----------------------------------
----------------------------------
| rollout/            |          |
|    ep_len_mean      | 60       |
|    ep_rew_mean      | 17.2     |
|    exploration_rate | 0.156    |
| time/               |          |
|    episodes         | 148      |
|    fps              | 83       |
|    time_elapsed     | 106      |
|    total_timesteps  | 8880     |
| train/              |          |
|    learning_rate    | 0.0001   |
|    loss             | 0.118    |
|    n_updates        | 492      |
----------------------------------
----------------------------------
| rollout/            |          |
|    ep_len_mean      | 60       |
|    ep_rew_mean      | 18.5     |
|    exploration_rate | 0.134    |
| time/               |          |
|    episodes         | 152      |
|    fps              | 83       |
|    time_elapsed     | 109      |
|    total_timesteps  | 9120     |
| train/              |          |
|    learning_rate    | 0.0001   |
|    loss             | 0.388    |
|    n_updates        | 507      |
----------------------------------
----------------------------------
| rollout/            |          |
|    ep_len_mean      | 60       |
|    ep_rew_mean      | 19.8     |
|    exploration_rate | 0.111    |
| time/               |          |
|    episodes         | 156      |
|    fps              | 83       |
|    time_elapsed     | 112      |
|    total_timesteps  | 9360     |
| train/              |          |
|    learning_rate    | 0.0001   |
|    loss             | 0.221    |
|    n_updates        | 522      |
----------------------------------
----------------------------------
| rollout/            |          |
|    ep_len_mean      | 60       |
|    ep_rew_mean      | 20.7     |
|    exploration_rate | 0.088    |
| time/               |          |
|    episodes         | 160      |
|    fps              | 83       |
|    time_elapsed     | 114      |
|    total_timesteps  | 9600     |
| train/              |          |
|    learning_rate    | 0.0001   |
|    loss             | 0.183    |
|    n_updates        | 537      |
----------------------------------
----------------------------------
| rollout/            |          |
|    ep_len_mean      | 60       |
|    ep_rew_mean      | 21.8     |
|    exploration_rate | 0.0652   |
| time/               |          |
|    episodes         | 164      |
|    fps              | 84       |
|    time_elapsed     | 116      |
|    total_timesteps  | 9840     |
| train/              |          |
|    learning_rate    | 0.0001   |
|    loss             | 0.206    |
|    n_updates        | 552      |
----------------------------------
----------------------------------
| rollout/            |          |
|    ep_len_mean      | 60       |
|    ep_rew_mean      | 23       |
|    exploration_rate | 0.05     |
| time/               |          |
|    episodes         | 168      |
|    fps              | 84       |
|    time_elapsed     | 119      |
|    total_timesteps  | 10080    |
| train/              |          |
|    learning_rate    | 0.0001   |
|    loss             | 0.355    |
|    n_updates        | 567      |
----------------------------------
----------------------------------
| rollout/            |          |
|    ep_len_mean      | 60       |
|    ep_rew_mean      | 24.4     |
|    exploration_rate | 0.05     |
| time/               |          |
|    episodes         | 172      |
|    fps              | 85       |
|    time_elapsed     | 121      |
|    total_timesteps  | 10320    |
| train/              |          |
|    learning_rate    | 0.0001   |
|    loss             | 0.179    |
|    n_updates        | 582      |
----------------------------------
----------------------------------
| rollout/            |          |
|    ep_len_mean      | 60       |
|    ep_rew_mean      | 25.6     |
|    exploration_rate | 0.05     |
| time/               |          |
|    episodes         | 176      |
|    fps              | 85       |
|    time_elapsed     | 123      |
|    total_timesteps  | 10560    |
| train/              |          |
|    learning_rate    | 0.0001   |
|    loss             | 0.227    |
|    n_updates        | 597      |
----------------------------------
----------------------------------
| rollout/            |          |
|    ep_len_mean      | 60       |
|    ep_rew_mean      | 27       |
|    exploration_rate | 0.05     |
| time/               |          |
|    episodes         | 180      |
|    fps              | 85       |
|    time_elapsed     | 125      |
|    total_timesteps  | 10800    |
| train/              |          |
|    learning_rate    | 0.0001   |
|    loss             | 0.211    |
|    n_updates        | 612      |
----------------------------------
----------------------------------
| rollout/            |          |
|    ep_len_mean      | 60       |
|    ep_rew_mean      | 28.2     |
|    exploration_rate | 0.05     |
| time/               |          |
|    episodes         | 184      |
|    fps              | 86       |
|    time_elapsed     | 128      |
|    total_timesteps  | 11040    |
| train/              |          |
|    learning_rate    | 0.0001   |
|    loss             | 0.386    |
|    n_updates        | 627      |
----------------------------------
----------------------------------
| rollout/            |          |
|    ep_len_mean      | 60       |
|    ep_rew_mean      | 29.4     |
|    exploration_rate | 0.05     |
| time/               |          |
|    episodes         | 188      |
|    fps              | 86       |
|    time_elapsed     | 130      |
|    total_timesteps  | 11280    |
| train/              |          |
|    learning_rate    | 0.0001   |
|    loss             | 0.141    |
|    n_updates        | 642      |
----------------------------------
----------------------------------
| rollout/            |          |
|    ep_len_mean      | 60       |
|    ep_rew_mean      | 31       |
|    exploration_rate | 0.05     |
| time/               |          |
|    episodes         | 192      |
|    fps              | 86       |
|    time_elapsed     | 132      |
|    total_timesteps  | 11520    |
| train/              |          |
|    learning_rate    | 0.0001   |
|    loss             | 0.255    |
|    n_updates        | 657      |
----------------------------------
----------------------------------
| rollout/            |          |
|    ep_len_mean      | 60       |
|    ep_rew_mean      | 32.3     |
|    exploration_rate | 0.05     |
| time/               |          |
|    episodes         | 196      |
|    fps              | 86       |
|    time_elapsed     | 135      |
|    total_timesteps  | 11760    |
| train/              |          |
|    learning_rate    | 0.0001   |
|    loss             | 0.152    |
|    n_updates        | 672      |
----------------------------------
----------------------------------
| rollout/            |          |
|    ep_len_mean      | 60       |
|    ep_rew_mean      | 33.2     |
|    exploration_rate | 0.05     |
| time/               |          |
|    episodes         | 200      |
|    fps              | 87       |
|    time_elapsed     | 137      |
|    total_timesteps  | 12000    |
| train/              |          |
|    learning_rate    | 0.0001   |
|    loss             | 0.154    |
|    n_updates        | 687      |
----------------------------------
----------------------------------
| rollout/            |          |
|    ep_len_mean      | 60       |
|    ep_rew_mean      | 34.1     |
|    exploration_rate | 0.05     |
| time/               |          |
|    episodes         | 204      |
|    fps              | 87       |
|    time_elapsed     | 139      |
|    total_timesteps  | 12240    |
| train/              |          |
|    learning_rate    | 0.0001   |
|    loss             | 0.22     |
|    n_updates        | 702      |
----------------------------------
----------------------------------
| rollout/            |          |
|    ep_len_mean      | 60       |
|    ep_rew_mean      | 35.4     |
|    exploration_rate | 0.05     |
| time/               |          |
|    episodes         | 208      |
|    fps              | 87       |
|    time_elapsed     | 142      |
|    total_timesteps  | 12480    |
| train/              |          |
|    learning_rate    | 0.0001   |
|    loss             | 0.222    |
|    n_updates        | 717      |
----------------------------------
----------------------------------
| rollout/            |          |
|    ep_len_mean      | 60       |
|    ep_rew_mean      | 36.6     |
|    exploration_rate | 0.05     |
| time/               |          |
|    episodes         | 212      |
|    fps              | 88       |
|    time_elapsed     | 144      |
|    total_timesteps  | 12720    |
| train/              |          |
|    learning_rate    | 0.0001   |
|    loss             | 0.208    |
|    n_updates        | 732      |
----------------------------------
----------------------------------
| rollout/            |          |
|    ep_len_mean      | 60       |
|    ep_rew_mean      | 37.3     |
|    exploration_rate | 0.05     |
| time/               |          |
|    episodes         | 216      |
|    fps              | 88       |
|    time_elapsed     | 146      |
|    total_timesteps  | 12960    |
| train/              |          |
|    learning_rate    | 0.0001   |
|    loss             | 0.103    |
|    n_updates        | 747      |
----------------------------------
----------------------------------
| rollout/            |          |
|    ep_len_mean      | 60       |
|    ep_rew_mean      | 38.2     |
|    exploration_rate | 0.05     |
| time/               |          |
|    episodes         | 220      |
|    fps              | 88       |
|    time_elapsed     | 148      |
|    total_timesteps  | 13200    |
| train/              |          |
|    learning_rate    | 0.0001   |
|    loss             | 0.481    |
|    n_updates        | 762      |
----------------------------------
----------------------------------
| rollout/            |          |
|    ep_len_mean      | 60       |
|    ep_rew_mean      | 38.8     |
|    exploration_rate | 0.05     |
| time/               |          |
|    episodes         | 224      |
|    fps              | 89       |
|    time_elapsed     | 150      |
|    total_timesteps  | 13440    |
| train/              |          |
|    learning_rate    | 0.0001   |
|    loss             | 0.317    |
|    n_updates        | 777      |
----------------------------------
----------------------------------
| rollout/            |          |
|    ep_len_mean      | 60       |
|    ep_rew_mean      | 39.1     |
|    exploration_rate | 0.05     |
| time/               |          |
|    episodes         | 228      |
|    fps              | 89       |
|    time_elapsed     | 153      |
|    total_timesteps  | 13680    |
| train/              |          |
|    learning_rate    | 0.0001   |
|    loss             | 0.155    |
|    n_updates        | 792      |
----------------------------------
----------------------------------
| rollout/            |          |
|    ep_len_mean      | 60       |
|    ep_rew_mean      | 39.3     |
|    exploration_rate | 0.05     |
| time/               |          |
|    episodes         | 232      |
|    fps              | 89       |
|    time_elapsed     | 155      |
|    total_timesteps  | 13920    |
| train/              |          |
|    learning_rate    | 0.0001   |
|    loss             | 0.0993   |
|    n_updates        | 807      |
----------------------------------
----------------------------------
| rollout/            |          |
|    ep_len_mean      | 60       |
|    ep_rew_mean      | 39.8     |
|    exploration_rate | 0.05     |
| time/               |          |
|    episodes         | 236      |
|    fps              | 90       |
|    time_elapsed     | 157      |
|    total_timesteps  | 14160    |
| train/              |          |
|    learning_rate    | 0.0001   |
|    loss             | 0.348    |
|    n_updates        | 822      |
----------------------------------
----------------------------------
| rollout/            |          |
|    ep_len_mean      | 60       |
|    ep_rew_mean      | 40.2     |
|    exploration_rate | 0.05     |
| time/               |          |
|    episodes         | 240      |
|    fps              | 90       |
|    time_elapsed     | 159      |
|    total_timesteps  | 14400    |
| train/              |          |
|    learning_rate    | 0.0001   |
|    loss             | 0.292    |
|    n_updates        | 837      |
----------------------------------
----------------------------------
| rollout/            |          |
|    ep_len_mean      | 60       |
|    ep_rew_mean      | 40.2     |
|    exploration_rate | 0.05     |
| time/               |          |
|    episodes         | 244      |
|    fps              | 90       |
|    time_elapsed     | 162      |
|    total_timesteps  | 14640    |
| train/              |          |
|    learning_rate    | 0.0001   |
|    loss             | 0.373    |
|    n_updates        | 852      |
----------------------------------
----------------------------------
| rollout/            |          |
|    ep_len_mean      | 60       |
|    ep_rew_mean      | 40.4     |
|    exploration_rate | 0.05     |
| time/               |          |
|    episodes         | 248      |
|    fps              | 89       |
|    time_elapsed     | 165      |
|    total_timesteps  | 14880    |
| train/              |          |
|    learning_rate    | 0.0001   |
|    loss             | 0.187    |
|    n_updates        | 867      |
----------------------------------
----------------------------------
| rollout/            |          |
|    ep_len_mean      | 60       |
|    ep_rew_mean      | 40.6     |
|    exploration_rate | 0.05     |
| time/               |          |
|    episodes         | 252      |
|    fps              | 89       |
|    time_elapsed     | 168      |
|    total_timesteps  | 15120    |
| train/              |          |
|    learning_rate    | 0.0001   |
|    loss             | 0.575    |
|    n_updates        | 882      |
----------------------------------
----------------------------------
| rollout/            |          |
|    ep_len_mean      | 60       |
|    ep_rew_mean      | 40.8     |
|    exploration_rate | 0.05     |
| time/               |          |
|    episodes         | 256      |
|    fps              | 89       |
|    time_elapsed     | 171      |
|    total_timesteps  | 15360    |
| train/              |          |
|    learning_rate    | 0.0001   |
|    loss             | 0.283    |
|    n_updates        | 897      |
----------------------------------
----------------------------------
| rollout/            |          |
|    ep_len_mean      | 60       |
|    ep_rew_mean      | 41       |
|    exploration_rate | 0.05     |
| time/               |          |
|    episodes         | 260      |
|    fps              | 89       |
|    time_elapsed     | 174      |
|    total_timesteps  | 15600    |
| train/              |          |
|    learning_rate    | 0.0001   |
|    loss             | 0.308    |
|    n_updates        | 912      |
----------------------------------
----------------------------------
| rollout/            |          |
|    ep_len_mean      | 60       |
|    ep_rew_mean      | 41.2     |
|    exploration_rate | 0.05     |
| time/               |          |
|    episodes         | 264      |
|    fps              | 89       |
|    time_elapsed     | 176      |
|    total_timesteps  | 15840    |
| train/              |          |
|    learning_rate    | 0.0001   |
|    loss             | 0.4      |
|    n_updates        | 927      |
----------------------------------
----------------------------------
| rollout/            |          |
|    ep_len_mean      | 60       |
|    ep_rew_mean      | 41.3     |
|    exploration_rate | 0.05     |
| time/               |          |
|    episodes         | 268      |
|    fps              | 89       |
|    time_elapsed     | 179      |
|    total_timesteps  | 16080    |
| train/              |          |
|    learning_rate    | 0.0001   |
|    loss             | 0.332    |
|    n_updates        | 942      |
----------------------------------
----------------------------------
| rollout/            |          |
|    ep_len_mean      | 60       |
|    ep_rew_mean      | 41.2     |
|    exploration_rate | 0.05     |
| time/               |          |
|    episodes         | 272      |
|    fps              | 89       |
|    time_elapsed     | 181      |
|    total_timesteps  | 16320    |
| train/              |          |
|    learning_rate    | 0.0001   |
|    loss             | 0.689    |
|    n_updates        | 957      |
----------------------------------
----------------------------------
| rollout/            |          |
|    ep_len_mean      | 60       |
|    ep_rew_mean      | 41.4     |
|    exploration_rate | 0.05     |
| time/               |          |
|    episodes         | 276      |
|    fps              | 90       |
|    time_elapsed     | 183      |
|    total_timesteps  | 16560    |
| train/              |          |
|    learning_rate    | 0.0001   |
|    loss             | 0.377    |
|    n_updates        | 972      |
----------------------------------
----------------------------------
| rollout/            |          |
|    ep_len_mean      | 60       |
|    ep_rew_mean      | 41.6     |
|    exploration_rate | 0.05     |
| time/               |          |
|    episodes         | 280      |
|    fps              | 90       |
|    time_elapsed     | 186      |
|    total_timesteps  | 16800    |
| train/              |          |
|    learning_rate    | 0.0001   |
|    loss             | 0.304    |
|    n_updates        | 987      |
----------------------------------
----------------------------------
| rollout/            |          |
|    ep_len_mean      | 60       |
|    ep_rew_mean      | 41.6     |
|    exploration_rate | 0.05     |
| time/               |          |
|    episodes         | 284      |
|    fps              | 90       |
|    time_elapsed     | 188      |
|    total_timesteps  | 17040    |
| train/              |          |
|    learning_rate    | 0.0001   |
|    loss             | 0.473    |
|    n_updates        | 1002     |
----------------------------------
----------------------------------
| rollout/            |          |
|    ep_len_mean      | 60       |
|    ep_rew_mean      | 41.5     |
|    exploration_rate | 0.05     |
| time/               |          |
|    episodes         | 288      |
|    fps              | 90       |
|    time_elapsed     | 191      |
|    total_timesteps  | 17280    |
| train/              |          |
|    learning_rate    | 0.0001   |
|    loss             | 0.366    |
|    n_updates        | 1017     |
----------------------------------
----------------------------------
| rollout/            |          |
|    ep_len_mean      | 60       |
|    ep_rew_mean      | 41.4     |
|    exploration_rate | 0.05     |
| time/               |          |
|    episodes         | 292      |
|    fps              | 90       |
|    time_elapsed     | 194      |
|    total_timesteps  | 17520    |
| train/              |          |
|    learning_rate    | 0.0001   |
|    loss             | 0.356    |
|    n_updates        | 1032     |
----------------------------------
----------------------------------
| rollout/            |          |
|    ep_len_mean      | 60       |
|    ep_rew_mean      | 41.3     |
|    exploration_rate | 0.05     |
| time/               |          |
|    episodes         | 296      |
|    fps              | 90       |
|    time_elapsed     | 196      |
|    total_timesteps  | 17760    |
| train/              |          |
|    learning_rate    | 0.0001   |
|    loss             | 0.249    |
|    n_updates        | 1047     |
----------------------------------
----------------------------------
| rollout/            |          |
|    ep_len_mean      | 60       |
|    ep_rew_mean      | 41.1     |
|    exploration_rate | 0.05     |
| time/               |          |
|    episodes         | 300      |
|    fps              | 90       |
|    time_elapsed     | 198      |
|    total_timesteps  | 18000    |
| train/              |          |
|    learning_rate    | 0.0001   |
|    loss             | 0.247    |
|    n_updates        | 1062     |
----------------------------------
----------------------------------
| rollout/            |          |
|    ep_len_mean      | 60       |
|    ep_rew_mean      | 41.3     |
|    exploration_rate | 0.05     |
| time/               |          |
|    episodes         | 304      |
|    fps              | 90       |
|    time_elapsed     | 201      |
|    total_timesteps  | 18240    |
| train/              |          |
|    learning_rate    | 0.0001   |
|    loss             | 0.266    |
|    n_updates        | 1077     |
----------------------------------
----------------------------------
| rollout/            |          |
|    ep_len_mean      | 60       |
|    ep_rew_mean      | 41.3     |
|    exploration_rate | 0.05     |
| time/               |          |
|    episodes         | 308      |
|    fps              | 90       |
|    time_elapsed     | 203      |
|    total_timesteps  | 18480    |
| train/              |          |
|    learning_rate    | 0.0001   |
|    loss             | 0.297    |
|    n_updates        | 1092     |
----------------------------------
----------------------------------
| rollout/            |          |
|    ep_len_mean      | 60       |
|    ep_rew_mean      | 41.1     |
|    exploration_rate | 0.05     |
| time/               |          |
|    episodes         | 312      |
|    fps              | 90       |
|    time_elapsed     | 206      |
|    total_timesteps  | 18720    |
| train/              |          |
|    learning_rate    | 0.0001   |
|    loss             | 0.948    |
|    n_updates        | 1107     |
----------------------------------
----------------------------------
| rollout/            |          |
|    ep_len_mean      | 60       |
|    ep_rew_mean      | 41.3     |
|    exploration_rate | 0.05     |
| time/               |          |
|    episodes         | 316      |
|    fps              | 90       |
|    time_elapsed     | 208      |
|    total_timesteps  | 18960    |
| train/              |          |
|    learning_rate    | 0.0001   |
|    loss             | 0.154    |
|    n_updates        | 1122     |
----------------------------------
----------------------------------
| rollout/            |          |
|    ep_len_mean      | 60       |
|    ep_rew_mean      | 41.2     |
|    exploration_rate | 0.05     |
| time/               |          |
|    episodes         | 320      |
|    fps              | 91       |
|    time_elapsed     | 210      |
|    total_timesteps  | 19200    |
| train/              |          |
|    learning_rate    | 0.0001   |
|    loss             | 0.135    |
|    n_updates        | 1137     |
----------------------------------
----------------------------------
| rollout/            |          |
|    ep_len_mean      | 60       |
|    ep_rew_mean      | 41.4     |
|    exploration_rate | 0.05     |
| time/               |          |
|    episodes         | 324      |
|    fps              | 91       |
|    time_elapsed     | 213      |
|    total_timesteps  | 19440    |
| train/              |          |
|    learning_rate    | 0.0001   |
|    loss             | 0.593    |
|    n_updates        | 1152     |
----------------------------------
----------------------------------
| rollout/            |          |
|    ep_len_mean      | 60       |
|    ep_rew_mean      | 41.4     |
|    exploration_rate | 0.05     |
| time/               |          |
|    episodes         | 328      |
|    fps              | 91       |
|    time_elapsed     | 215      |
|    total_timesteps  | 19680    |
| train/              |          |
|    learning_rate    | 0.0001   |
|    loss             | 0.431    |
|    n_updates        | 1167     |
----------------------------------
----------------------------------
| rollout/            |          |
|    ep_len_mean      | 60       |
|    ep_rew_mean      | 41.6     |
|    exploration_rate | 0.05     |
| time/               |          |
|    episodes         | 332      |
|    fps              | 91       |
|    time_elapsed     | 218      |
|    total_timesteps  | 19920    |
| train/              |          |
|    learning_rate    | 0.0001   |
|    loss             | 0.273    |
|    n_updates        | 1182     |
----------------------------------
----------------------------------
| rollout/            |          |
|    ep_len_mean      | 60       |
|    ep_rew_mean      | 41.5     |
|    exploration_rate | 0.05     |
| time/               |          |
|    episodes         | 336      |
|    fps              | 91       |
|    time_elapsed     | 220      |
|    total_timesteps  | 20160    |
| train/              |          |
|    learning_rate    | 0.0001   |
|    loss             | 0.429    |
|    n_updates        | 1197     |
----------------------------------
----------------------------------
| rollout/            |          |
|    ep_len_mean      | 60       |
|    ep_rew_mean      | 41.4     |
|    exploration_rate | 0.05     |
| time/               |          |
|    episodes         | 340      |
|    fps              | 91       |
|    time_elapsed     | 222      |
|    total_timesteps  | 20400    |
| train/              |          |
|    learning_rate    | 0.0001   |
|    loss             | 0.421    |
|    n_updates        | 1212     |
----------------------------------
----------------------------------
| rollout/            |          |
|    ep_len_mean      | 60       |
|    ep_rew_mean      | 41.6     |
|    exploration_rate | 0.05     |
| time/               |          |
|    episodes         | 344      |
|    fps              | 91       |
|    time_elapsed     | 225      |
|    total_timesteps  | 20640    |
| train/              |          |
|    learning_rate    | 0.0001   |
|    loss             | 0.457    |
|    n_updates        | 1227     |
----------------------------------
----------------------------------
| rollout/            |          |
|    ep_len_mean      | 60       |
|    ep_rew_mean      | 41.6     |
|    exploration_rate | 0.05     |
| time/               |          |
|    episodes         | 348      |
|    fps              | 91       |
|    time_elapsed     | 227      |
|    total_timesteps  | 20880    |
| train/              |          |
|    learning_rate    | 0.0001   |
|    loss             | 0.425    |
|    n_updates        | 1242     |
----------------------------------
----------------------------------
| rollout/            |          |
|    ep_len_mean      | 60       |
|    ep_rew_mean      | 41.6     |
|    exploration_rate | 0.05     |
| time/               |          |
|    episodes         | 352      |
|    fps              | 91       |
|    time_elapsed     | 229      |
|    total_timesteps  | 21120    |
| train/              |          |
|    learning_rate    | 0.0001   |
|    loss             | 0.526    |
|    n_updates        | 1257     |
----------------------------------
----------------------------------
| rollout/            |          |
|    ep_len_mean      | 60       |
|    ep_rew_mean      | 41.5     |
|    exploration_rate | 0.05     |
| time/               |          |
|    episodes         | 356      |
|    fps              | 91       |
|    time_elapsed     | 232      |
|    total_timesteps  | 21360    |
| train/              |          |
|    learning_rate    | 0.0001   |
|    loss             | 0.358    |
|    n_updates        | 1272     |
----------------------------------
----------------------------------
| rollout/            |          |
|    ep_len_mean      | 60       |
|    ep_rew_mean      | 41.5     |
|    exploration_rate | 0.05     |
| time/               |          |
|    episodes         | 360      |
|    fps              | 92       |
|    time_elapsed     | 234      |
|    total_timesteps  | 21600    |
| train/              |          |
|    learning_rate    | 0.0001   |
|    loss             | 0.697    |
|    n_updates        | 1287     |
----------------------------------
----------------------------------
| rollout/            |          |
|    ep_len_mean      | 60       |
|    ep_rew_mean      | 41.5     |
|    exploration_rate | 0.05     |
| time/               |          |
|    episodes         | 364      |
|    fps              | 92       |
|    time_elapsed     | 236      |
|    total_timesteps  | 21840    |
| train/              |          |
|    learning_rate    | 0.0001   |
|    loss             | 0.541    |
|    n_updates        | 1302     |
----------------------------------
----------------------------------
| rollout/            |          |
|    ep_len_mean      | 60       |
|    ep_rew_mean      | 41.5     |
|    exploration_rate | 0.05     |
| time/               |          |
|    episodes         | 368      |
|    fps              | 92       |
|    time_elapsed     | 239      |
|    total_timesteps  | 22080    |
| train/              |          |
|    learning_rate    | 0.0001   |
|    loss             | 0.661    |
|    n_updates        | 1317     |
----------------------------------
----------------------------------
| rollout/            |          |
|    ep_len_mean      | 60       |
|    ep_rew_mean      | 41.5     |
|    exploration_rate | 0.05     |
| time/               |          |
|    episodes         | 372      |
|    fps              | 92       |
|    time_elapsed     | 241      |
|    total_timesteps  | 22320    |
| train/              |          |
|    learning_rate    | 0.0001   |
|    loss             | 0.39     |
|    n_updates        | 1332     |
----------------------------------
----------------------------------
| rollout/            |          |
|    ep_len_mean      | 60       |
|    ep_rew_mean      | 41.6     |
|    exploration_rate | 0.05     |
| time/               |          |
|    episodes         | 376      |
|    fps              | 92       |
|    time_elapsed     | 243      |
|    total_timesteps  | 22560    |
| train/              |          |
|    learning_rate    | 0.0001   |
|    loss             | 0.33     |
|    n_updates        | 1347     |
----------------------------------
----------------------------------
| rollout/            |          |
|    ep_len_mean      | 60       |
|    ep_rew_mean      | 41.5     |
|    exploration_rate | 0.05     |
| time/               |          |
|    episodes         | 380      |
|    fps              | 92       |
|    time_elapsed     | 246      |
|    total_timesteps  | 22800    |
| train/              |          |
|    learning_rate    | 0.0001   |
|    loss             | 0.731    |
|    n_updates        | 1362     |
----------------------------------
----------------------------------
| rollout/            |          |
|    ep_len_mean      | 60       |
|    ep_rew_mean      | 41.6     |
|    exploration_rate | 0.05     |
| time/               |          |
|    episodes         | 384      |
|    fps              | 92       |
|    time_elapsed     | 248      |
|    total_timesteps  | 23040    |
| train/              |          |
|    learning_rate    | 0.0001   |
|    loss             | 0.424    |
|    n_updates        | 1377     |
----------------------------------
----------------------------------
| rollout/            |          |
|    ep_len_mean      | 60       |
|    ep_rew_mean      | 41.8     |
|    exploration_rate | 0.05     |
| time/               |          |
|    episodes         | 388      |
|    fps              | 92       |
|    time_elapsed     | 250      |
|    total_timesteps  | 23280    |
| train/              |          |
|    learning_rate    | 0.0001   |
|    loss             | 0.661    |
|    n_updates        | 1392     |
----------------------------------
----------------------------------
| rollout/            |          |
|    ep_len_mean      | 60       |
|    ep_rew_mean      | 41.9     |
|    exploration_rate | 0.05     |
| time/               |          |
|    episodes         | 392      |
|    fps              | 93       |
|    time_elapsed     | 252      |
|    total_timesteps  | 23520    |
| train/              |          |
|    learning_rate    | 0.0001   |
|    loss             | 0.531    |
|    n_updates        | 1407     |
----------------------------------
----------------------------------
| rollout/            |          |
|    ep_len_mean      | 60       |
|    ep_rew_mean      | 41.9     |
|    exploration_rate | 0.05     |
| time/               |          |
|    episodes         | 396      |
|    fps              | 93       |
|    time_elapsed     | 255      |
|    total_timesteps  | 23760    |
| train/              |          |
|    learning_rate    | 0.0001   |
|    loss             | 0.791    |
|    n_updates        | 1422     |
----------------------------------
----------------------------------
| rollout/            |          |
|    ep_len_mean      | 60       |
|    ep_rew_mean      | 42       |
|    exploration_rate | 0.05     |
| time/               |          |
|    episodes         | 400      |
|    fps              | 93       |
|    time_elapsed     | 257      |
|    total_timesteps  | 24000    |
| train/              |          |
|    learning_rate    | 0.0001   |
|    loss             | 0.682    |
|    n_updates        | 1437     |
----------------------------------
----------------------------------
| rollout/            |          |
|    ep_len_mean      | 60       |
|    ep_rew_mean      | 41.9     |
|    exploration_rate | 0.05     |
| time/               |          |
|    episodes         | 404      |
|    fps              | 93       |
|    time_elapsed     | 259      |
|    total_timesteps  | 24240    |
| train/              |          |
|    learning_rate    | 0.0001   |
|    loss             | 0.573    |
|    n_updates        | 1452     |
----------------------------------
----------------------------------
| rollout/            |          |
|    ep_len_mean      | 60       |
|    ep_rew_mean      | 42       |
|    exploration_rate | 0.05     |
| time/               |          |
|    episodes         | 408      |
|    fps              | 93       |
|    time_elapsed     | 262      |
|    total_timesteps  | 24480    |
| train/              |          |
|    learning_rate    | 0.0001   |
|    loss             | 0.179    |
|    n_updates        | 1467     |
----------------------------------
----------------------------------
| rollout/            |          |
|    ep_len_mean      | 60       |
|    ep_rew_mean      | 42       |
|    exploration_rate | 0.05     |
| time/               |          |
|    episodes         | 412      |
|    fps              | 93       |
|    time_elapsed     | 264      |
|    total_timesteps  | 24720    |
| train/              |          |
|    learning_rate    | 0.0001   |
|    loss             | 0.938    |
|    n_updates        | 1482     |
----------------------------------
----------------------------------
| rollout/            |          |
|    ep_len_mean      | 60       |
|    ep_rew_mean      | 42       |
|    exploration_rate | 0.05     |
| time/               |          |
|    episodes         | 416      |
|    fps              | 93       |
|    time_elapsed     | 266      |
|    total_timesteps  | 24960    |
| train/              |          |
|    learning_rate    | 0.0001   |
|    loss             | 0.402    |
|    n_updates        | 1497     |
----------------------------------
----------------------------------
| rollout/            |          |
|    ep_len_mean      | 60       |
|    ep_rew_mean      | 41.9     |
|    exploration_rate | 0.05     |
| time/               |          |
|    episodes         | 420      |
|    fps              | 93       |
|    time_elapsed     | 268      |
|    total_timesteps  | 25200    |
| train/              |          |
|    learning_rate    | 0.0001   |
|    loss             | 0.476    |
|    n_updates        | 1512     |
----------------------------------
----------------------------------
| rollout/            |          |
|    ep_len_mean      | 60       |
|    ep_rew_mean      | 41.8     |
|    exploration_rate | 0.05     |
| time/               |          |
|    episodes         | 424      |
|    fps              | 93       |
|    time_elapsed     | 271      |
|    total_timesteps  | 25440    |
| train/              |          |
|    learning_rate    | 0.0001   |
|    loss             | 1.08     |
|    n_updates        | 1527     |
----------------------------------
----------------------------------
| rollout/            |          |
|    ep_len_mean      | 60       |
|    ep_rew_mean      | 41.8     |
|    exploration_rate | 0.05     |
| time/               |          |
|    episodes         | 428      |
|    fps              | 93       |
|    time_elapsed     | 273      |
|    total_timesteps  | 25680    |
| train/              |          |
|    learning_rate    | 0.0001   |
|    loss             | 0.426    |
|    n_updates        | 1542     |
----------------------------------
----------------------------------
| rollout/            |          |
|    ep_len_mean      | 60       |
|    ep_rew_mean      | 41.7     |
|    exploration_rate | 0.05     |
| time/               |          |
|    episodes         | 432      |
|    fps              | 94       |
|    time_elapsed     | 275      |
|    total_timesteps  | 25920    |
| train/              |          |
|    learning_rate    | 0.0001   |
|    loss             | 0.508    |
|    n_updates        | 1557     |
----------------------------------
----------------------------------
| rollout/            |          |
|    ep_len_mean      | 60       |
|    ep_rew_mean      | 41.7     |
|    exploration_rate | 0.05     |
| time/               |          |
|    episodes         | 436      |
|    fps              | 94       |
|    time_elapsed     | 277      |
|    total_timesteps  | 26160    |
| train/              |          |
|    learning_rate    | 0.0001   |
|    loss             | 0.678    |
|    n_updates        | 1572     |
----------------------------------
----------------------------------
| rollout/            |          |
|    ep_len_mean      | 60       |
|    ep_rew_mean      | 41.7     |
|    exploration_rate | 0.05     |
| time/               |          |
|    episodes         | 440      |
|    fps              | 94       |
|    time_elapsed     | 280      |
|    total_timesteps  | 26400    |
| train/              |          |
|    learning_rate    | 0.0001   |
|    loss             | 0.547    |
|    n_updates        | 1587     |
----------------------------------
----------------------------------
| rollout/            |          |
|    ep_len_mean      | 60       |
|    ep_rew_mean      | 41.7     |
|    exploration_rate | 0.05     |
| time/               |          |
|    episodes         | 444      |
|    fps              | 94       |
|    time_elapsed     | 283      |
|    total_timesteps  | 26640    |
| train/              |          |
|    learning_rate    | 0.0001   |
|    loss             | 0.331    |
|    n_updates        | 1602     |
----------------------------------
----------------------------------
| rollout/            |          |
|    ep_len_mean      | 60       |
|    ep_rew_mean      | 41.7     |
|    exploration_rate | 0.05     |
| time/               |          |
|    episodes         | 448      |
|    fps              | 93       |
|    time_elapsed     | 286      |
|    total_timesteps  | 26880    |
| train/              |          |
|    learning_rate    | 0.0001   |
|    loss             | 0.529    |
|    n_updates        | 1617     |
----------------------------------
----------------------------------
| rollout/            |          |
|    ep_len_mean      | 60       |
|    ep_rew_mean      | 41.7     |
|    exploration_rate | 0.05     |
| time/               |          |
|    episodes         | 452      |
|    fps              | 93       |
|    time_elapsed     | 289      |
|    total_timesteps  | 27120    |
| train/              |          |
|    learning_rate    | 0.0001   |
|    loss             | 0.401    |
|    n_updates        | 1632     |
----------------------------------
----------------------------------
| rollout/            |          |
|    ep_len_mean      | 60       |
|    ep_rew_mean      | 41.6     |
|    exploration_rate | 0.05     |
| time/               |          |
|    episodes         | 456      |
|    fps              | 93       |
|    time_elapsed     | 292      |
|    total_timesteps  | 27360    |
| train/              |          |
|    learning_rate    | 0.0001   |
|    loss             | 0.758    |
|    n_updates        | 1647     |
----------------------------------
----------------------------------
| rollout/            |          |
|    ep_len_mean      | 60       |
|    ep_rew_mean      | 41.6     |
|    exploration_rate | 0.05     |
| time/               |          |
|    episodes         | 460      |
|    fps              | 93       |
|    time_elapsed     | 295      |
|    total_timesteps  | 27600    |
| train/              |          |
|    learning_rate    | 0.0001   |
|    loss             | 0.421    |
|    n_updates        | 1662     |
----------------------------------
----------------------------------
| rollout/            |          |
|    ep_len_mean      | 60       |
|    ep_rew_mean      | 41.5     |
|    exploration_rate | 0.05     |
| time/               |          |
|    episodes         | 464      |
|    fps              | 93       |
|    time_elapsed     | 297      |
|    total_timesteps  | 27840    |
| train/              |          |
|    learning_rate    | 0.0001   |
|    loss             | 0.278    |
|    n_updates        | 1677     |
----------------------------------
----------------------------------
| rollout/            |          |
|    ep_len_mean      | 60       |
|    ep_rew_mean      | 41.4     |
|    exploration_rate | 0.05     |
| time/               |          |
|    episodes         | 468      |
|    fps              | 93       |
|    time_elapsed     | 299      |
|    total_timesteps  | 28080    |
| train/              |          |
|    learning_rate    | 0.0001   |
|    loss             | 0.928    |
|    n_updates        | 1692     |
----------------------------------
----------------------------------
| rollout/            |          |
|    ep_len_mean      | 60       |
|    ep_rew_mean      | 41.4     |
|    exploration_rate | 0.05     |
| time/               |          |
|    episodes         | 472      |
|    fps              | 93       |
|    time_elapsed     | 303      |
|    total_timesteps  | 28320    |
| train/              |          |
|    learning_rate    | 0.0001   |
|    loss             | 0.671    |
|    n_updates        | 1707     |
----------------------------------
----------------------------------
| rollout/            |          |
|    ep_len_mean      | 60       |
|    ep_rew_mean      | 41.4     |
|    exploration_rate | 0.05     |
| time/               |          |
|    episodes         | 476      |
|    fps              | 93       |
|    time_elapsed     | 306      |
|    total_timesteps  | 28560    |
| train/              |          |
|    learning_rate    | 0.0001   |
|    loss             | 0.727    |
|    n_updates        | 1722     |
----------------------------------
----------------------------------
| rollout/            |          |
|    ep_len_mean      | 60       |
|    ep_rew_mean      | 41.4     |
|    exploration_rate | 0.05     |
| time/               |          |
|    episodes         | 480      |
|    fps              | 92       |
|    time_elapsed     | 310      |
|    total_timesteps  | 28800    |
| train/              |          |
|    learning_rate    | 0.0001   |
|    loss             | 0.274    |
|    n_updates        | 1737     |
----------------------------------
----------------------------------
| rollout/            |          |
|    ep_len_mean      | 60       |
|    ep_rew_mean      | 41.3     |
|    exploration_rate | 0.05     |
| time/               |          |
|    episodes         | 484      |
|    fps              | 92       |
|    time_elapsed     | 313      |
|    total_timesteps  | 29040    |
| train/              |          |
|    learning_rate    | 0.0001   |
|    loss             | 0.6      |
|    n_updates        | 1752     |
----------------------------------
----------------------------------
| rollout/            |          |
|    ep_len_mean      | 60       |
|    ep_rew_mean      | 41.2     |
|    exploration_rate | 0.05     |
| time/               |          |
|    episodes         | 488      |
|    fps              | 92       |
|    time_elapsed     | 315      |
|    total_timesteps  | 29280    |
| train/              |          |
|    learning_rate    | 0.0001   |
|    loss             | 0.35     |
|    n_updates        | 1767     |
----------------------------------
----------------------------------
| rollout/            |          |
|    ep_len_mean      | 60       |
|    ep_rew_mean      | 41.2     |
|    exploration_rate | 0.05     |
| time/               |          |
|    episodes         | 492      |
|    fps              | 92       |
|    time_elapsed     | 317      |
|    total_timesteps  | 29520    |
| train/              |          |
|    learning_rate    | 0.0001   |
|    loss             | 0.217    |
|    n_updates        | 1782     |
----------------------------------
----------------------------------
| rollout/            |          |
|    ep_len_mean      | 60       |
|    ep_rew_mean      | 41.2     |
|    exploration_rate | 0.05     |
| time/               |          |
|    episodes         | 496      |
|    fps              | 93       |
|    time_elapsed     | 319      |
|    total_timesteps  | 29760    |
| train/              |          |
|    learning_rate    | 0.0001   |
|    loss             | 0.901    |
|    n_updates        | 1797     |
----------------------------------
----------------------------------
| rollout/            |          |
|    ep_len_mean      | 60       |
|    ep_rew_mean      | 41.2     |
|    exploration_rate | 0.05     |
| time/               |          |
|    episodes         | 500      |
|    fps              | 93       |
|    time_elapsed     | 322      |
|    total_timesteps  | 30000    |
| train/              |          |
|    learning_rate    | 0.0001   |
|    loss             | 0.674    |
|    n_updates        | 1812     |
----------------------------------
----------------------------------
| rollout/            |          |
|    ep_len_mean      | 60       |
|    ep_rew_mean      | 41.2     |
|    exploration_rate | 0.05     |
| time/               |          |
|    episodes         | 504      |
|    fps              | 93       |
|    time_elapsed     | 324      |
|    total_timesteps  | 30240    |
| train/              |          |
|    learning_rate    | 0.0001   |
|    loss             | 1.09     |
|    n_updates        | 1827     |
----------------------------------
----------------------------------
| rollout/            |          |
|    ep_len_mean      | 60       |
|    ep_rew_mean      | 41.1     |
|    exploration_rate | 0.05     |
| time/               |          |
|    episodes         | 508      |
|    fps              | 93       |
|    time_elapsed     | 326      |
|    total_timesteps  | 30480    |
| train/              |          |
|    learning_rate    | 0.0001   |
|    loss             | 0.383    |
|    n_updates        | 1842     |
----------------------------------
----------------------------------
| rollout/            |          |
|    ep_len_mean      | 60       |
|    ep_rew_mean      | 41.2     |
|    exploration_rate | 0.05     |
| time/               |          |
|    episodes         | 512      |
|    fps              | 93       |
|    time_elapsed     | 328      |
|    total_timesteps  | 30720    |
| train/              |          |
|    learning_rate    | 0.0001   |
|    loss             | 0.673    |
|    n_updates        | 1857     |
----------------------------------
----------------------------------
| rollout/            |          |
|    ep_len_mean      | 60       |
|    ep_rew_mean      | 41.2     |
|    exploration_rate | 0.05     |
| time/               |          |
|    episodes         | 516      |
|    fps              | 93       |
|    time_elapsed     | 331      |
|    total_timesteps  | 30960    |
| train/              |          |
|    learning_rate    | 0.0001   |
|    loss             | 0.819    |
|    n_updates        | 1872     |
----------------------------------
----------------------------------
| rollout/            |          |
|    ep_len_mean      | 60       |
|    ep_rew_mean      | 41.4     |
|    exploration_rate | 0.05     |
| time/               |          |
|    episodes         | 520      |
|    fps              | 93       |
|    time_elapsed     | 333      |
|    total_timesteps  | 31200    |
| train/              |          |
|    learning_rate    | 0.0001   |
|    loss             | 0.689    |
|    n_updates        | 1887     |
----------------------------------
----------------------------------
| rollout/            |          |
|    ep_len_mean      | 60       |
|    ep_rew_mean      | 41.1     |
|    exploration_rate | 0.05     |
| time/               |          |
|    episodes         | 524      |
|    fps              | 93       |
|    time_elapsed     | 335      |
|    total_timesteps  | 31440    |
| train/              |          |
|    learning_rate    | 0.0001   |
|    loss             | 1.14     |
|    n_updates        | 1902     |
----------------------------------
----------------------------------
| rollout/            |          |
|    ep_len_mean      | 60       |
|    ep_rew_mean      | 41.2     |
|    exploration_rate | 0.05     |
| time/               |          |
|    episodes         | 528      |
|    fps              | 93       |
|    time_elapsed     | 337      |
|    total_timesteps  | 31680    |
| train/              |          |
|    learning_rate    | 0.0001   |
|    loss             | 0.414    |
|    n_updates        | 1917     |
----------------------------------
----------------------------------
| rollout/            |          |
|    ep_len_mean      | 60       |
|    ep_rew_mean      | 41.3     |
|    exploration_rate | 0.05     |
| time/               |          |
|    episodes         | 532      |
|    fps              | 93       |
|    time_elapsed     | 339      |
|    total_timesteps  | 31920    |
| train/              |          |
|    learning_rate    | 0.0001   |
|    loss             | 0.372    |
|    n_updates        | 1932     |
----------------------------------
----------------------------------
| rollout/            |          |
|    ep_len_mean      | 60       |
|    ep_rew_mean      | 41.2     |
|    exploration_rate | 0.05     |
| time/               |          |
|    episodes         | 536      |
|    fps              | 94       |
|    time_elapsed     | 342      |
|    total_timesteps  | 32160    |
| train/              |          |
|    learning_rate    | 0.0001   |
|    loss             | 0.897    |
|    n_updates        | 1947     |
----------------------------------
----------------------------------
| rollout/            |          |
|    ep_len_mean      | 60       |
|    ep_rew_mean      | 41.2     |
|    exploration_rate | 0.05     |
| time/               |          |
|    episodes         | 540      |
|    fps              | 94       |
|    time_elapsed     | 344      |
|    total_timesteps  | 32400    |
| train/              |          |
|    learning_rate    | 0.0001   |
|    loss             | 1.32     |
|    n_updates        | 1962     |
----------------------------------
----------------------------------
| rollout/            |          |
|    ep_len_mean      | 60       |
|    ep_rew_mean      | 41       |
|    exploration_rate | 0.05     |
| time/               |          |
|    episodes         | 544      |
|    fps              | 94       |
|    time_elapsed     | 346      |
|    total_timesteps  | 32640    |
| train/              |          |
|    learning_rate    | 0.0001   |
|    loss             | 0.638    |
|    n_updates        | 1977     |
----------------------------------
----------------------------------
| rollout/            |          |
|    ep_len_mean      | 60       |
|    ep_rew_mean      | 41.1     |
|    exploration_rate | 0.05     |
| time/               |          |
|    episodes         | 548      |
|    fps              | 94       |
|    time_elapsed     | 348      |
|    total_timesteps  | 32880    |
| train/              |          |
|    learning_rate    | 0.0001   |
|    loss             | 1.45     |
|    n_updates        | 1992     |
----------------------------------
----------------------------------
| rollout/            |          |
|    ep_len_mean      | 60       |
|    ep_rew_mean      | 40.9     |
|    exploration_rate | 0.05     |
| time/               |          |
|    episodes         | 552      |
|    fps              | 94       |
|    time_elapsed     | 351      |
|    total_timesteps  | 33120    |
| train/              |          |
|    learning_rate    | 0.0001   |
|    loss             | 0.401    |
|    n_updates        | 2007     |
----------------------------------
----------------------------------
| rollout/            |          |
|    ep_len_mean      | 60       |
|    ep_rew_mean      | 41       |
|    exploration_rate | 0.05     |
| time/               |          |
|    episodes         | 556      |
|    fps              | 94       |
|    time_elapsed     | 353      |
|    total_timesteps  | 33360    |
| train/              |          |
|    learning_rate    | 0.0001   |
|    loss             | 0.578    |
|    n_updates        | 2022     |
----------------------------------
----------------------------------
| rollout/            |          |
|    ep_len_mean      | 60       |
|    ep_rew_mean      | 41.1     |
|    exploration_rate | 0.05     |
| time/               |          |
|    episodes         | 560      |
|    fps              | 94       |
|    time_elapsed     | 355      |
|    total_timesteps  | 33600    |
| train/              |          |
|    learning_rate    | 0.0001   |
|    loss             | 0.622    |
|    n_updates        | 2037     |
----------------------------------
----------------------------------
| rollout/            |          |
|    ep_len_mean      | 60       |
|    ep_rew_mean      | 41.3     |
|    exploration_rate | 0.05     |
| time/               |          |
|    episodes         | 564      |
|    fps              | 94       |
|    time_elapsed     | 358      |
|    total_timesteps  | 33840    |
| train/              |          |
|    learning_rate    | 0.0001   |
|    loss             | 0.413    |
|    n_updates        | 2052     |
----------------------------------
----------------------------------
| rollout/            |          |
|    ep_len_mean      | 60       |
|    ep_rew_mean      | 41.3     |
|    exploration_rate | 0.05     |
| time/               |          |
|    episodes         | 568      |
|    fps              | 94       |
|    time_elapsed     | 360      |
|    total_timesteps  | 34080    |
| train/              |          |
|    learning_rate    | 0.0001   |
|    loss             | 0.865    |
|    n_updates        | 2067     |
----------------------------------
----------------------------------
| rollout/            |          |
|    ep_len_mean      | 60       |
|    ep_rew_mean      | 41.3     |
|    exploration_rate | 0.05     |
| time/               |          |
|    episodes         | 572      |
|    fps              | 94       |
|    time_elapsed     | 362      |
|    total_timesteps  | 34320    |
| train/              |          |
|    learning_rate    | 0.0001   |
|    loss             | 1.24     |
|    n_updates        | 2082     |
----------------------------------
----------------------------------
| rollout/            |          |
|    ep_len_mean      | 60       |
|    ep_rew_mean      | 41.1     |
|    exploration_rate | 0.05     |
| time/               |          |
|    episodes         | 576      |
|    fps              | 94       |
|    time_elapsed     | 364      |
|    total_timesteps  | 34560    |
| train/              |          |
|    learning_rate    | 0.0001   |
|    loss             | 1.19     |
|    n_updates        | 2097     |
----------------------------------
----------------------------------
| rollout/            |          |
|    ep_len_mean      | 60       |
|    ep_rew_mean      | 41       |
|    exploration_rate | 0.05     |
| time/               |          |
|    episodes         | 580      |
|    fps              | 94       |
|    time_elapsed     | 366      |
|    total_timesteps  | 34800    |
| train/              |          |
|    learning_rate    | 0.0001   |
|    loss             | 0.377    |
|    n_updates        | 2112     |
----------------------------------
----------------------------------
| rollout/            |          |
|    ep_len_mean      | 60       |
|    ep_rew_mean      | 41       |
|    exploration_rate | 0.05     |
| time/               |          |
|    episodes         | 584      |
|    fps              | 94       |
|    time_elapsed     | 369      |
|    total_timesteps  | 35040    |
| train/              |          |
|    learning_rate    | 0.0001   |
|    loss             | 0.296    |
|    n_updates        | 2127     |
----------------------------------
----------------------------------
| rollout/            |          |
|    ep_len_mean      | 60       |
|    ep_rew_mean      | 41       |
|    exploration_rate | 0.05     |
| time/               |          |
|    episodes         | 588      |
|    fps              | 94       |
|    time_elapsed     | 371      |
|    total_timesteps  | 35280    |
| train/              |          |
|    learning_rate    | 0.0001   |
|    loss             | 0.433    |
|    n_updates        | 2142     |
----------------------------------
----------------------------------
| rollout/            |          |
|    ep_len_mean      | 60       |
|    ep_rew_mean      | 41       |
|    exploration_rate | 0.05     |
| time/               |          |
|    episodes         | 592      |
|    fps              | 94       |
|    time_elapsed     | 375      |
|    total_timesteps  | 35520    |
| train/              |          |
|    learning_rate    | 0.0001   |
|    loss             | 0.378    |
|    n_updates        | 2157     |
----------------------------------
----------------------------------
| rollout/            |          |
|    ep_len_mean      | 60       |
|    ep_rew_mean      | 41       |
|    exploration_rate | 0.05     |
| time/               |          |
|    episodes         | 596      |
|    fps              | 94       |
|    time_elapsed     | 379      |
|    total_timesteps  | 35760    |
| train/              |          |
|    learning_rate    | 0.0001   |
|    loss             | 0.497    |
|    n_updates        | 2172     |
----------------------------------
----------------------------------
| rollout/            |          |
|    ep_len_mean      | 60       |
|    ep_rew_mean      | 40.9     |
|    exploration_rate | 0.05     |
| time/               |          |
|    episodes         | 600      |
|    fps              | 93       |
|    time_elapsed     | 383      |
|    total_timesteps  | 36000    |
| train/              |          |
|    learning_rate    | 0.0001   |
|    loss             | 0.638    |
|    n_updates        | 2187     |
----------------------------------
----------------------------------
| rollout/            |          |
|    ep_len_mean      | 60       |
|    ep_rew_mean      | 41.2     |
|    exploration_rate | 0.05     |
| time/               |          |
|    episodes         | 604      |
|    fps              | 93       |
|    time_elapsed     | 388      |
|    total_timesteps  | 36240    |
| train/              |          |
|    learning_rate    | 0.0001   |
|    loss             | 1.1      |
|    n_updates        | 2202     |
----------------------------------
----------------------------------
| rollout/            |          |
|    ep_len_mean      | 60       |
|    ep_rew_mean      | 41.2     |
|    exploration_rate | 0.05     |
| time/               |          |
|    episodes         | 608      |
|    fps              | 93       |
|    time_elapsed     | 391      |
|    total_timesteps  | 36480    |
| train/              |          |
|    learning_rate    | 0.0001   |
|    loss             | 0.335    |
|    n_updates        | 2217     |
----------------------------------
----------------------------------
| rollout/            |          |
|    ep_len_mean      | 60       |
|    ep_rew_mean      | 41.1     |
|    exploration_rate | 0.05     |
| time/               |          |
|    episodes         | 612      |
|    fps              | 93       |
|    time_elapsed     | 393      |
|    total_timesteps  | 36720    |
| train/              |          |
|    learning_rate    | 0.0001   |
|    loss             | 1.33     |
|    n_updates        | 2232     |
----------------------------------
----------------------------------
| rollout/            |          |
|    ep_len_mean      | 60       |
|    ep_rew_mean      | 41.1     |
|    exploration_rate | 0.05     |
| time/               |          |
|    episodes         | 616      |
|    fps              | 93       |
|    time_elapsed     | 395      |
|    total_timesteps  | 36960    |
| train/              |          |
|    learning_rate    | 0.0001   |
|    loss             | 0.211    |
|    n_updates        | 2247     |
----------------------------------
----------------------------------
| rollout/            |          |
|    ep_len_mean      | 60       |
|    ep_rew_mean      | 40.9     |
|    exploration_rate | 0.05     |
| time/               |          |
|    episodes         | 620      |
|    fps              | 93       |
|    time_elapsed     | 397      |
|    total_timesteps  | 37200    |
| train/              |          |
|    learning_rate    | 0.0001   |
|    loss             | 0.99     |
|    n_updates        | 2262     |
----------------------------------
----------------------------------
| rollout/            |          |
|    ep_len_mean      | 60       |
|    ep_rew_mean      | 41.2     |
|    exploration_rate | 0.05     |
| time/               |          |
|    episodes         | 624      |
|    fps              | 93       |
|    time_elapsed     | 399      |
|    total_timesteps  | 37440    |
| train/              |          |
|    learning_rate    | 0.0001   |
|    loss             | 1.27     |
|    n_updates        | 2277     |
----------------------------------
----------------------------------
| rollout/            |          |
|    ep_len_mean      | 60       |
|    ep_rew_mean      | 41.3     |
|    exploration_rate | 0.05     |
| time/               |          |
|    episodes         | 628      |
|    fps              | 93       |
|    time_elapsed     | 401      |
|    total_timesteps  | 37680    |
| train/              |          |
|    learning_rate    | 0.0001   |
|    loss             | 0.213    |
|    n_updates        | 2292     |
----------------------------------
----------------------------------
| rollout/            |          |
|    ep_len_mean      | 60       |
|    ep_rew_mean      | 41.4     |
|    exploration_rate | 0.05     |
| time/               |          |
|    episodes         | 632      |
|    fps              | 93       |
|    time_elapsed     | 403      |
|    total_timesteps  | 37920    |
| train/              |          |
|    learning_rate    | 0.0001   |
|    loss             | 0.234    |
|    n_updates        | 2307     |
----------------------------------
----------------------------------
| rollout/            |          |
|    ep_len_mean      | 60       |
|    ep_rew_mean      | 41.4     |
|    exploration_rate | 0.05     |
| time/               |          |
|    episodes         | 636      |
|    fps              | 93       |
|    time_elapsed     | 406      |
|    total_timesteps  | 38160    |
| train/              |          |
|    learning_rate    | 0.0001   |
|    loss             | 0.796    |
|    n_updates        | 2322     |
----------------------------------
----------------------------------
| rollout/            |          |
|    ep_len_mean      | 60       |
|    ep_rew_mean      | 41.4     |
|    exploration_rate | 0.05     |
| time/               |          |
|    episodes         | 640      |
|    fps              | 94       |
|    time_elapsed     | 408      |
|    total_timesteps  | 38400    |
| train/              |          |
|    learning_rate    | 0.0001   |
|    loss             | 0.324    |
|    n_updates        | 2337     |
----------------------------------
----------------------------------
| rollout/            |          |
|    ep_len_mean      | 60       |
|    ep_rew_mean      | 41.4     |
|    exploration_rate | 0.05     |
| time/               |          |
|    episodes         | 644      |
|    fps              | 94       |
|    time_elapsed     | 410      |
|    total_timesteps  | 38640    |
| train/              |          |
|    learning_rate    | 0.0001   |
|    loss             | 0.367    |
|    n_updates        | 2352     |
----------------------------------
----------------------------------
| rollout/            |          |
|    ep_len_mean      | 60       |
|    ep_rew_mean      | 41.4     |
|    exploration_rate | 0.05     |
| time/               |          |
|    episodes         | 648      |
|    fps              | 94       |
|    time_elapsed     | 412      |
|    total_timesteps  | 38880    |
| train/              |          |
|    learning_rate    | 0.0001   |
|    loss             | 0.293    |
|    n_updates        | 2367     |
----------------------------------
----------------------------------
| rollout/            |          |
|    ep_len_mean      | 60       |
|    ep_rew_mean      | 41.7     |
|    exploration_rate | 0.05     |
| time/               |          |
|    episodes         | 652      |
|    fps              | 94       |
|    time_elapsed     | 413      |
|    total_timesteps  | 39120    |
| train/              |          |
|    learning_rate    | 0.0001   |
|    loss             | 0.586    |
|    n_updates        | 2382     |
----------------------------------
----------------------------------
| rollout/            |          |
|    ep_len_mean      | 60       |
|    ep_rew_mean      | 41.6     |
|    exploration_rate | 0.05     |
| time/               |          |
|    episodes         | 656      |
|    fps              | 94       |
|    time_elapsed     | 415      |
|    total_timesteps  | 39360    |
| train/              |          |
|    learning_rate    | 0.0001   |
|    loss             | 0.242    |
|    n_updates        | 2397     |
----------------------------------
----------------------------------
| rollout/            |          |
|    ep_len_mean      | 60       |
|    ep_rew_mean      | 41.5     |
|    exploration_rate | 0.05     |
| time/               |          |
|    episodes         | 660      |
|    fps              | 94       |
|    time_elapsed     | 418      |
|    total_timesteps  | 39600    |
| train/              |          |
|    learning_rate    | 0.0001   |
|    loss             | 0.305    |
|    n_updates        | 2412     |
----------------------------------
----------------------------------
| rollout/            |          |
|    ep_len_mean      | 60       |
|    ep_rew_mean      | 41.4     |
|    exploration_rate | 0.05     |
| time/               |          |
|    episodes         | 664      |
|    fps              | 94       |
|    time_elapsed     | 420      |
|    total_timesteps  | 39840    |
| train/              |          |
|    learning_rate    | 0.0001   |
|    loss             | 0.948    |
|    n_updates        | 2427     |
----------------------------------
----------------------------------
| rollout/            |          |
|    ep_len_mean      | 60       |
|    ep_rew_mean      | 41.3     |
|    exploration_rate | 0.05     |
| time/               |          |
|    episodes         | 668      |
|    fps              | 94       |
|    time_elapsed     | 421      |
|    total_timesteps  | 40080    |
| train/              |          |
|    learning_rate    | 0.0001   |
|    loss             | 1.55     |
|    n_updates        | 2442     |
----------------------------------
----------------------------------
| rollout/            |          |
|    ep_len_mean      | 60       |
|    ep_rew_mean      | 41.3     |
|    exploration_rate | 0.05     |
| time/               |          |
|    episodes         | 672      |
|    fps              | 95       |
|    time_elapsed     | 424      |
|    total_timesteps  | 40320    |
| train/              |          |
|    learning_rate    | 0.0001   |
|    loss             | 0.267    |
|    n_updates        | 2457     |
----------------------------------
----------------------------------
| rollout/            |          |
|    ep_len_mean      | 60       |
|    ep_rew_mean      | 41.4     |
|    exploration_rate | 0.05     |
| time/               |          |
|    episodes         | 676      |
|    fps              | 95       |
|    time_elapsed     | 426      |
|    total_timesteps  | 40560    |
| train/              |          |
|    learning_rate    | 0.0001   |
|    loss             | 0.695    |
|    n_updates        | 2472     |
----------------------------------
----------------------------------
| rollout/            |          |
|    ep_len_mean      | 60       |
|    ep_rew_mean      | 41.3     |
|    exploration_rate | 0.05     |
| time/               |          |
|    episodes         | 680      |
|    fps              | 95       |
|    time_elapsed     | 428      |
|    total_timesteps  | 40800    |
| train/              |          |
|    learning_rate    | 0.0001   |
|    loss             | 0.282    |
|    n_updates        | 2487     |
----------------------------------
----------------------------------
| rollout/            |          |
|    ep_len_mean      | 60       |
|    ep_rew_mean      | 41.4     |
|    exploration_rate | 0.05     |
| time/               |          |
|    episodes         | 684      |
|    fps              | 95       |
|    time_elapsed     | 430      |
|    total_timesteps  | 41040    |
| train/              |          |
|    learning_rate    | 0.0001   |
|    loss             | 1.16     |
|    n_updates        | 2502     |
----------------------------------
----------------------------------
| rollout/            |          |
|    ep_len_mean      | 60       |
|    ep_rew_mean      | 41.3     |
|    exploration_rate | 0.05     |
| time/               |          |
|    episodes         | 688      |
|    fps              | 95       |
|    time_elapsed     | 432      |
|    total_timesteps  | 41280    |
| train/              |          |
|    learning_rate    | 0.0001   |
|    loss             | 0.406    |
|    n_updates        | 2517     |
----------------------------------
----------------------------------
| rollout/            |          |
|    ep_len_mean      | 60       |
|    ep_rew_mean      | 41.2     |
|    exploration_rate | 0.05     |
| time/               |          |
|    episodes         | 692      |
|    fps              | 95       |
|    time_elapsed     | 434      |
|    total_timesteps  | 41520    |
| train/              |          |
|    learning_rate    | 0.0001   |
|    loss             | 0.293    |
|    n_updates        | 2532     |
----------------------------------
----------------------------------
| rollout/            |          |
|    ep_len_mean      | 60       |
|    ep_rew_mean      | 41.2     |
|    exploration_rate | 0.05     |
| time/               |          |
|    episodes         | 696      |
|    fps              | 95       |
|    time_elapsed     | 436      |
|    total_timesteps  | 41760    |
| train/              |          |
|    learning_rate    | 0.0001   |
|    loss             | 0.413    |
|    n_updates        | 2547     |
----------------------------------
----------------------------------
| rollout/            |          |
|    ep_len_mean      | 60       |
|    ep_rew_mean      | 41.2     |
|    exploration_rate | 0.05     |
| time/               |          |
|    episodes         | 700      |
|    fps              | 95       |
|    time_elapsed     | 438      |
|    total_timesteps  | 42000    |
| train/              |          |
|    learning_rate    | 0.0001   |
|    loss             | 0.296    |
|    n_updates        | 2562     |
----------------------------------
----------------------------------
| rollout/            |          |
|    ep_len_mean      | 60       |
|    ep_rew_mean      | 40.9     |
|    exploration_rate | 0.05     |
| time/               |          |
|    episodes         | 704      |
|    fps              | 95       |
|    time_elapsed     | 441      |
|    total_timesteps  | 42240    |
| train/              |          |
|    learning_rate    | 0.0001   |
|    loss             | 0.664    |
|    n_updates        | 2577     |
----------------------------------
----------------------------------
| rollout/            |          |
|    ep_len_mean      | 60       |
|    ep_rew_mean      | 40.9     |
|    exploration_rate | 0.05     |
| time/               |          |
|    episodes         | 708      |
|    fps              | 95       |
|    time_elapsed     | 443      |
|    total_timesteps  | 42480    |
| train/              |          |
|    learning_rate    | 0.0001   |
|    loss             | 0.5      |
|    n_updates        | 2592     |
----------------------------------
----------------------------------
| rollout/            |          |
|    ep_len_mean      | 60       |
|    ep_rew_mean      | 40.9     |
|    exploration_rate | 0.05     |
| time/               |          |
|    episodes         | 712      |
|    fps              | 95       |
|    time_elapsed     | 445      |
|    total_timesteps  | 42720    |
| train/              |          |
|    learning_rate    | 0.0001   |
|    loss             | 1.53     |
|    n_updates        | 2607     |
----------------------------------
----------------------------------
| rollout/            |          |
|    ep_len_mean      | 60       |
|    ep_rew_mean      | 41       |
|    exploration_rate | 0.05     |
| time/               |          |
|    episodes         | 716      |
|    fps              | 96       |
|    time_elapsed     | 447      |
|    total_timesteps  | 42960    |
| train/              |          |
|    learning_rate    | 0.0001   |
|    loss             | 1.08     |
|    n_updates        | 2622     |
----------------------------------
----------------------------------
| rollout/            |          |
|    ep_len_mean      | 60       |
|    ep_rew_mean      | 41.1     |
|    exploration_rate | 0.05     |
| time/               |          |
|    episodes         | 720      |
|    fps              | 96       |
|    time_elapsed     | 449      |
|    total_timesteps  | 43200    |
| train/              |          |
|    learning_rate    | 0.0001   |
|    loss             | 1.71     |
|    n_updates        | 2637     |
----------------------------------
----------------------------------
| rollout/            |          |
|    ep_len_mean      | 60       |
|    ep_rew_mean      | 41.1     |
|    exploration_rate | 0.05     |
| time/               |          |
|    episodes         | 724      |
|    fps              | 96       |
|    time_elapsed     | 451      |
|    total_timesteps  | 43440    |
| train/              |          |
|    learning_rate    | 0.0001   |
|    loss             | 0.402    |
|    n_updates        | 2652     |
----------------------------------
----------------------------------
| rollout/            |          |
|    ep_len_mean      | 60       |
|    ep_rew_mean      | 41.2     |
|    exploration_rate | 0.05     |
| time/               |          |
|    episodes         | 728      |
|    fps              | 96       |
|    time_elapsed     | 453      |
|    total_timesteps  | 43680    |
| train/              |          |
|    learning_rate    | 0.0001   |
|    loss             | 0.397    |
|    n_updates        | 2667     |
----------------------------------
----------------------------------
| rollout/            |          |
|    ep_len_mean      | 60       |
|    ep_rew_mean      | 41.1     |
|    exploration_rate | 0.05     |
| time/               |          |
|    episodes         | 732      |
|    fps              | 96       |
|    time_elapsed     | 455      |
|    total_timesteps  | 43920    |
| train/              |          |
|    learning_rate    | 0.0001   |
|    loss             | 2.04     |
|    n_updates        | 2682     |
----------------------------------
----------------------------------
| rollout/            |          |
|    ep_len_mean      | 60       |
|    ep_rew_mean      | 41.2     |
|    exploration_rate | 0.05     |
| time/               |          |
|    episodes         | 736      |
|    fps              | 96       |
|    time_elapsed     | 457      |
|    total_timesteps  | 44160    |
| train/              |          |
|    learning_rate    | 0.0001   |
|    loss             | 0.173    |
|    n_updates        | 2697     |
----------------------------------
----------------------------------
| rollout/            |          |
|    ep_len_mean      | 60       |
|    ep_rew_mean      | 41.2     |
|    exploration_rate | 0.05     |
| time/               |          |
|    episodes         | 740      |
|    fps              | 96       |
|    time_elapsed     | 459      |
|    total_timesteps  | 44400    |
| train/              |          |
|    learning_rate    | 0.0001   |
|    loss             | 0.237    |
|    n_updates        | 2712     |
----------------------------------
----------------------------------
| rollout/            |          |
|    ep_len_mean      | 60       |
|    ep_rew_mean      | 41.2     |
|    exploration_rate | 0.05     |
| time/               |          |
|    episodes         | 744      |
|    fps              | 96       |
|    time_elapsed     | 461      |
|    total_timesteps  | 44640    |
| train/              |          |
|    learning_rate    | 0.0001   |
|    loss             | 0.308    |
|    n_updates        | 2727     |
----------------------------------
----------------------------------
| rollout/            |          |
|    ep_len_mean      | 60       |
|    ep_rew_mean      | 41.3     |
|    exploration_rate | 0.05     |
| time/               |          |
|    episodes         | 748      |
|    fps              | 96       |
|    time_elapsed     | 463      |
|    total_timesteps  | 44880    |
| train/              |          |
|    learning_rate    | 0.0001   |
|    loss             | 0.684    |
|    n_updates        | 2742     |
----------------------------------
----------------------------------
| rollout/            |          |
|    ep_len_mean      | 60       |
|    ep_rew_mean      | 41.3     |
|    exploration_rate | 0.05     |
| time/               |          |
|    episodes         | 752      |
|    fps              | 96       |
|    time_elapsed     | 465      |
|    total_timesteps  | 45120    |
| train/              |          |
|    learning_rate    | 0.0001   |
|    loss             | 0.166    |
|    n_updates        | 2757     |
----------------------------------
----------------------------------
| rollout/            |          |
|    ep_len_mean      | 60       |
|    ep_rew_mean      | 41.3     |
|    exploration_rate | 0.05     |
| time/               |          |
|    episodes         | 756      |
|    fps              | 97       |
|    time_elapsed     | 467      |
|    total_timesteps  | 45360    |
| train/              |          |
|    learning_rate    | 0.0001   |
|    loss             | 1.1      |
|    n_updates        | 2772     |
----------------------------------
----------------------------------
| rollout/            |          |
|    ep_len_mean      | 60       |
|    ep_rew_mean      | 41.4     |
|    exploration_rate | 0.05     |
| time/               |          |
|    episodes         | 760      |
|    fps              | 97       |
|    time_elapsed     | 469      |
|    total_timesteps  | 45600    |
| train/              |          |
|    learning_rate    | 0.0001   |
|    loss             | 0.313    |
|    n_updates        | 2787     |
----------------------------------
----------------------------------
| rollout/            |          |
|    ep_len_mean      | 60       |
|    ep_rew_mean      | 41.4     |
|    exploration_rate | 0.05     |
| time/               |          |
|    episodes         | 764      |
|    fps              | 97       |
|    time_elapsed     | 471      |
|    total_timesteps  | 45840    |
| train/              |          |
|    learning_rate    | 0.0001   |
|    loss             | 0.375    |
|    n_updates        | 2802     |
----------------------------------
----------------------------------
| rollout/            |          |
|    ep_len_mean      | 60       |
|    ep_rew_mean      | 41.5     |
|    exploration_rate | 0.05     |
| time/               |          |
|    episodes         | 768      |
|    fps              | 97       |
|    time_elapsed     | 473      |
|    total_timesteps  | 46080    |
| train/              |          |
|    learning_rate    | 0.0001   |
|    loss             | 0.982    |
|    n_updates        | 2817     |
----------------------------------
----------------------------------
| rollout/            |          |
|    ep_len_mean      | 60       |
|    ep_rew_mean      | 41.5     |
|    exploration_rate | 0.05     |
| time/               |          |
|    episodes         | 772      |
|    fps              | 97       |
|    time_elapsed     | 476      |
|    total_timesteps  | 46320    |
| train/              |          |
|    learning_rate    | 0.0001   |
|    loss             | 0.169    |
|    n_updates        | 2832     |
----------------------------------
----------------------------------
| rollout/            |          |
|    ep_len_mean      | 60       |
|    ep_rew_mean      | 41.5     |
|    exploration_rate | 0.05     |
| time/               |          |
|    episodes         | 776      |
|    fps              | 97       |
|    time_elapsed     | 479      |
|    total_timesteps  | 46560    |
| train/              |          |
|    learning_rate    | 0.0001   |
|    loss             | 0.368    |
|    n_updates        | 2847     |
----------------------------------
----------------------------------
| rollout/            |          |
|    ep_len_mean      | 60       |
|    ep_rew_mean      | 41.7     |
|    exploration_rate | 0.05     |
| time/               |          |
|    episodes         | 780      |
|    fps              | 97       |
|    time_elapsed     | 482      |
|    total_timesteps  | 46800    |
| train/              |          |
|    learning_rate    | 0.0001   |
|    loss             | 0.56     |
|    n_updates        | 2862     |
----------------------------------
----------------------------------
| rollout/            |          |
|    ep_len_mean      | 60       |
|    ep_rew_mean      | 41.7     |
|    exploration_rate | 0.05     |
| time/               |          |
|    episodes         | 784      |
|    fps              | 96       |
|    time_elapsed     | 485      |
|    total_timesteps  | 47040    |
| train/              |          |
|    learning_rate    | 0.0001   |
|    loss             | 0.414    |
|    n_updates        | 2877     |
----------------------------------
----------------------------------
| rollout/            |          |
|    ep_len_mean      | 60       |
|    ep_rew_mean      | 41.7     |
|    exploration_rate | 0.05     |
| time/               |          |
|    episodes         | 788      |
|    fps              | 96       |
|    time_elapsed     | 487      |
|    total_timesteps  | 47280    |
| train/              |          |
|    learning_rate    | 0.0001   |
|    loss             | 0.177    |
|    n_updates        | 2892     |
----------------------------------
----------------------------------
| rollout/            |          |
|    ep_len_mean      | 60       |
|    ep_rew_mean      | 41.6     |
|    exploration_rate | 0.05     |
| time/               |          |
|    episodes         | 792      |
|    fps              | 96       |
|    time_elapsed     | 490      |
|    total_timesteps  | 47520    |
| train/              |          |
|    learning_rate    | 0.0001   |
|    loss             | 0.189    |
|    n_updates        | 2907     |
----------------------------------
----------------------------------
| rollout/            |          |
|    ep_len_mean      | 60       |
|    ep_rew_mean      | 41.7     |
|    exploration_rate | 0.05     |
| time/               |          |
|    episodes         | 796      |
|    fps              | 96       |
|    time_elapsed     | 493      |
|    total_timesteps  | 47760    |
| train/              |          |
|    learning_rate    | 0.0001   |
|    loss             | 0.311    |
|    n_updates        | 2922     |
----------------------------------
----------------------------------
| rollout/            |          |
|    ep_len_mean      | 60       |
|    ep_rew_mean      | 41.8     |
|    exploration_rate | 0.05     |
| time/               |          |
|    episodes         | 800      |
|    fps              | 96       |
|    time_elapsed     | 496      |
|    total_timesteps  | 48000    |
| train/              |          |
|    learning_rate    | 0.0001   |
|    loss             | 1.13     |
|    n_updates        | 2937     |
----------------------------------
----------------------------------
| rollout/            |          |
|    ep_len_mean      | 60       |
|    ep_rew_mean      | 42       |
|    exploration_rate | 0.05     |
| time/               |          |
|    episodes         | 804      |
|    fps              | 96       |
|    time_elapsed     | 498      |
|    total_timesteps  | 48240    |
| train/              |          |
|    learning_rate    | 0.0001   |
|    loss             | 0.322    |
|    n_updates        | 2952     |
----------------------------------
----------------------------------
| rollout/            |          |
|    ep_len_mean      | 60       |
|    ep_rew_mean      | 42.1     |
|    exploration_rate | 0.05     |
| time/               |          |
|    episodes         | 808      |
|    fps              | 96       |
|    time_elapsed     | 500      |
|    total_timesteps  | 48480    |
| train/              |          |
|    learning_rate    | 0.0001   |
|    loss             | 1.29     |
|    n_updates        | 2967     |
----------------------------------
----------------------------------
| rollout/            |          |
|    ep_len_mean      | 60       |
|    ep_rew_mean      | 42.1     |
|    exploration_rate | 0.05     |
| time/               |          |
|    episodes         | 812      |
|    fps              | 96       |
|    time_elapsed     | 502      |
|    total_timesteps  | 48720    |
| train/              |          |
|    learning_rate    | 0.0001   |
|    loss             | 0.308    |
|    n_updates        | 2982     |
----------------------------------
----------------------------------
| rollout/            |          |
|    ep_len_mean      | 60       |
|    ep_rew_mean      | 42       |
|    exploration_rate | 0.05     |
| time/               |          |
|    episodes         | 816      |
|    fps              | 96       |
|    time_elapsed     | 505      |
|    total_timesteps  | 48960    |
| train/              |          |
|    learning_rate    | 0.0001   |
|    loss             | 0.522    |
|    n_updates        | 2997     |
----------------------------------
----------------------------------
| rollout/            |          |
|    ep_len_mean      | 60       |
|    ep_rew_mean      | 42       |
|    exploration_rate | 0.05     |
| time/               |          |
|    episodes         | 820      |
|    fps              | 96       |
|    time_elapsed     | 507      |
|    total_timesteps  | 49200    |
| train/              |          |
|    learning_rate    | 0.0001   |
|    loss             | 0.91     |
|    n_updates        | 3012     |
----------------------------------
----------------------------------
| rollout/            |          |
|    ep_len_mean      | 60       |
|    ep_rew_mean      | 42       |
|    exploration_rate | 0.05     |
| time/               |          |
|    episodes         | 824      |
|    fps              | 97       |
|    time_elapsed     | 509      |
|    total_timesteps  | 49440    |
| train/              |          |
|    learning_rate    | 0.0001   |
|    loss             | 0.463    |
|    n_updates        | 3027     |
----------------------------------
----------------------------------
| rollout/            |          |
|    ep_len_mean      | 60       |
|    ep_rew_mean      | 41.9     |
|    exploration_rate | 0.05     |
| time/               |          |
|    episodes         | 828      |
|    fps              | 97       |
|    time_elapsed     | 511      |
|    total_timesteps  | 49680    |
| train/              |          |
|    learning_rate    | 0.0001   |
|    loss             | 0.19     |
|    n_updates        | 3042     |
----------------------------------
----------------------------------
| rollout/            |          |
|    ep_len_mean      | 60       |
|    ep_rew_mean      | 42       |
|    exploration_rate | 0.05     |
| time/               |          |
|    episodes         | 832      |
|    fps              | 97       |
|    time_elapsed     | 513      |
|    total_timesteps  | 49920    |
| train/              |          |
|    learning_rate    | 0.0001   |
|    loss             | 0.418    |
|    n_updates        | 3057     |
----------------------------------
----------------------------------
| rollout/            |          |
|    ep_len_mean      | 60       |
|    ep_rew_mean      | 41.9     |
|    exploration_rate | 0.05     |
| time/               |          |
|    episodes         | 836      |
|    fps              | 97       |
|    time_elapsed     | 515      |
|    total_timesteps  | 50160    |
| train/              |          |
|    learning_rate    | 0.0001   |
|    loss             | 0.417    |
|    n_updates        | 3072     |
----------------------------------
----------------------------------
| rollout/            |          |
|    ep_len_mean      | 60       |
|    ep_rew_mean      | 41.8     |
|    exploration_rate | 0.05     |
| time/               |          |
|    episodes         | 840      |
|    fps              | 97       |
|    time_elapsed     | 518      |
|    total_timesteps  | 50400    |
| train/              |          |
|    learning_rate    | 0.0001   |
|    loss             | 1.23     |
|    n_updates        | 3087     |
----------------------------------
----------------------------------
| rollout/            |          |
|    ep_len_mean      | 60       |
|    ep_rew_mean      | 41.9     |
|    exploration_rate | 0.05     |
| time/               |          |
|    episodes         | 844      |
|    fps              | 97       |
|    time_elapsed     | 520      |
|    total_timesteps  | 50640    |
| train/              |          |
|    learning_rate    | 0.0001   |
|    loss             | 0.0807   |
|    n_updates        | 3102     |
----------------------------------
----------------------------------
| rollout/            |          |
|    ep_len_mean      | 60       |
|    ep_rew_mean      | 41.9     |
|    exploration_rate | 0.05     |
| time/               |          |
|    episodes         | 848      |
|    fps              | 97       |
|    time_elapsed     | 522      |
|    total_timesteps  | 50880    |
| train/              |          |
|    learning_rate    | 0.0001   |
|    loss             | 0.15     |
|    n_updates        | 3117     |
----------------------------------
----------------------------------
| rollout/            |          |
|    ep_len_mean      | 60       |
|    ep_rew_mean      | 41.8     |
|    exploration_rate | 0.05     |
| time/               |          |
|    episodes         | 852      |
|    fps              | 97       |
|    time_elapsed     | 524      |
|    total_timesteps  | 51120    |
| train/              |          |
|    learning_rate    | 0.0001   |
|    loss             | 1.08     |
|    n_updates        | 3132     |
----------------------------------
----------------------------------
| rollout/            |          |
|    ep_len_mean      | 60       |
|    ep_rew_mean      | 42       |
|    exploration_rate | 0.05     |
| time/               |          |
|    episodes         | 856      |
|    fps              | 97       |
|    time_elapsed     | 526      |
|    total_timesteps  | 51360    |
| train/              |          |
|    learning_rate    | 0.0001   |
|    loss             | 0.227    |
|    n_updates        | 3147     |
----------------------------------
----------------------------------
| rollout/            |          |
|    ep_len_mean      | 60       |
|    ep_rew_mean      | 42       |
|    exploration_rate | 0.05     |
| time/               |          |
|    episodes         | 860      |
|    fps              | 97       |
|    time_elapsed     | 528      |
|    total_timesteps  | 51600    |
| train/              |          |
|    learning_rate    | 0.0001   |
|    loss             | 0.788    |
|    n_updates        | 3162     |
----------------------------------
----------------------------------
| rollout/            |          |
|    ep_len_mean      | 60       |
|    ep_rew_mean      | 41.9     |
|    exploration_rate | 0.05     |
| time/               |          |
|    episodes         | 864      |
|    fps              | 97       |
|    time_elapsed     | 531      |
|    total_timesteps  | 51840    |
| train/              |          |
|    learning_rate    | 0.0001   |
|    loss             | 2.05     |
|    n_updates        | 3177     |
----------------------------------
----------------------------------
| rollout/            |          |
|    ep_len_mean      | 60       |
|    ep_rew_mean      | 41.8     |
|    exploration_rate | 0.05     |
| time/               |          |
|    episodes         | 868      |
|    fps              | 97       |
|    time_elapsed     | 533      |
|    total_timesteps  | 52080    |
| train/              |          |
|    learning_rate    | 0.0001   |
|    loss             | 1.04     |
|    n_updates        | 3192     |
----------------------------------
----------------------------------
| rollout/            |          |
|    ep_len_mean      | 60       |
|    ep_rew_mean      | 41.9     |
|    exploration_rate | 0.05     |
| time/               |          |
|    episodes         | 872      |
|    fps              | 97       |
|    time_elapsed     | 535      |
|    total_timesteps  | 52320    |
| train/              |          |
|    learning_rate    | 0.0001   |
|    loss             | 0.314    |
|    n_updates        | 3207     |
----------------------------------
----------------------------------
| rollout/            |          |
|    ep_len_mean      | 60       |
|    ep_rew_mean      | 42       |
|    exploration_rate | 0.05     |
| time/               |          |
|    episodes         | 876      |
|    fps              | 97       |
|    time_elapsed     | 537      |
|    total_timesteps  | 52560    |
| train/              |          |
|    learning_rate    | 0.0001   |
|    loss             | 1.09     |
|    n_updates        | 3222     |
----------------------------------
----------------------------------
| rollout/            |          |
|    ep_len_mean      | 60       |
|    ep_rew_mean      | 41.9     |
|    exploration_rate | 0.05     |
| time/               |          |
|    episodes         | 880      |
|    fps              | 97       |
|    time_elapsed     | 539      |
|    total_timesteps  | 52800    |
| train/              |          |
|    learning_rate    | 0.0001   |
|    loss             | 1.82     |
|    n_updates        | 3237     |
----------------------------------
----------------------------------
| rollout/            |          |
|    ep_len_mean      | 60       |
|    ep_rew_mean      | 41.8     |
|    exploration_rate | 0.05     |
| time/               |          |
|    episodes         | 884      |
|    fps              | 97       |
|    time_elapsed     | 541      |
|    total_timesteps  | 53040    |
| train/              |          |
|    learning_rate    | 0.0001   |
|    loss             | 1.18     |
|    n_updates        | 3252     |
----------------------------------
----------------------------------
| rollout/            |          |
|    ep_len_mean      | 60       |
|    ep_rew_mean      | 41.8     |
|    exploration_rate | 0.05     |
| time/               |          |
|    episodes         | 888      |
|    fps              | 98       |
|    time_elapsed     | 543      |
|    total_timesteps  | 53280    |
| train/              |          |
|    learning_rate    | 0.0001   |
|    loss             | 1.19     |
|    n_updates        | 3267     |
----------------------------------
----------------------------------
| rollout/            |          |
|    ep_len_mean      | 60       |
|    ep_rew_mean      | 41.7     |
|    exploration_rate | 0.05     |
| time/               |          |
|    episodes         | 892      |
|    fps              | 98       |
|    time_elapsed     | 545      |
|    total_timesteps  | 53520    |
| train/              |          |
|    learning_rate    | 0.0001   |
|    loss             | 1.03     |
|    n_updates        | 3282     |
----------------------------------
----------------------------------
| rollout/            |          |
|    ep_len_mean      | 60       |
|    ep_rew_mean      | 41.6     |
|    exploration_rate | 0.05     |
| time/               |          |
|    episodes         | 896      |
|    fps              | 98       |
|    time_elapsed     | 547      |
|    total_timesteps  | 53760    |
| train/              |          |
|    learning_rate    | 0.0001   |
|    loss             | 2.64     |
|    n_updates        | 3297     |
----------------------------------
----------------------------------
| rollout/            |          |
|    ep_len_mean      | 60       |
|    ep_rew_mean      | 41.4     |
|    exploration_rate | 0.05     |
| time/               |          |
|    episodes         | 900      |
|    fps              | 98       |
|    time_elapsed     | 549      |
|    total_timesteps  | 54000    |
| train/              |          |
|    learning_rate    | 0.0001   |
|    loss             | 0.462    |
|    n_updates        | 3312     |
----------------------------------
----------------------------------
| rollout/            |          |
|    ep_len_mean      | 60       |
|    ep_rew_mean      | 41.3     |
|    exploration_rate | 0.05     |
| time/               |          |
|    episodes         | 904      |
|    fps              | 98       |
|    time_elapsed     | 551      |
|    total_timesteps  | 54240    |
| train/              |          |
|    learning_rate    | 0.0001   |
|    loss             | 0.269    |
|    n_updates        | 3327     |
----------------------------------
----------------------------------
| rollout/            |          |
|    ep_len_mean      | 60       |
|    ep_rew_mean      | 41.2     |
|    exploration_rate | 0.05     |
| time/               |          |
|    episodes         | 908      |
|    fps              | 98       |
|    time_elapsed     | 554      |
|    total_timesteps  | 54480    |
| train/              |          |
|    learning_rate    | 0.0001   |
|    loss             | 1.68     |
|    n_updates        | 3342     |
----------------------------------
----------------------------------
| rollout/            |          |
|    ep_len_mean      | 60       |
|    ep_rew_mean      | 41.3     |
|    exploration_rate | 0.05     |
| time/               |          |
|    episodes         | 912      |
|    fps              | 98       |
|    time_elapsed     | 556      |
|    total_timesteps  | 54720    |
| train/              |          |
|    learning_rate    | 0.0001   |
|    loss             | 1.17     |
|    n_updates        | 3357     |
----------------------------------
----------------------------------
| rollout/            |          |
|    ep_len_mean      | 60       |
|    ep_rew_mean      | 41.5     |
|    exploration_rate | 0.05     |
| time/               |          |
|    episodes         | 916      |
|    fps              | 98       |
|    time_elapsed     | 558      |
|    total_timesteps  | 54960    |
| train/              |          |
|    learning_rate    | 0.0001   |
|    loss             | 0.272    |
|    n_updates        | 3372     |
----------------------------------
----------------------------------
| rollout/            |          |
|    ep_len_mean      | 60       |
|    ep_rew_mean      | 41.5     |
|    exploration_rate | 0.05     |
| time/               |          |
|    episodes         | 920      |
|    fps              | 98       |
|    time_elapsed     | 560      |
|    total_timesteps  | 55200    |
| train/              |          |
|    learning_rate    | 0.0001   |
|    loss             | 2.63     |
|    n_updates        | 3387     |
----------------------------------
----------------------------------
| rollout/            |          |
|    ep_len_mean      | 60       |
|    ep_rew_mean      | 41.4     |
|    exploration_rate | 0.05     |
| time/               |          |
|    episodes         | 924      |
|    fps              | 98       |
|    time_elapsed     | 562      |
|    total_timesteps  | 55440    |
| train/              |          |
|    learning_rate    | 0.0001   |
|    loss             | 0.971    |
|    n_updates        | 3402     |
----------------------------------
----------------------------------
| rollout/            |          |
|    ep_len_mean      | 60       |
|    ep_rew_mean      | 41.5     |
|    exploration_rate | 0.05     |
| time/               |          |
|    episodes         | 928      |
|    fps              | 98       |
|    time_elapsed     | 564      |
|    total_timesteps  | 55680    |
| train/              |          |
|    learning_rate    | 0.0001   |
|    loss             | 0.273    |
|    n_updates        | 3417     |
----------------------------------
----------------------------------
| rollout/            |          |
|    ep_len_mean      | 60       |
|    ep_rew_mean      | 41.3     |
|    exploration_rate | 0.05     |
| time/               |          |
|    episodes         | 932      |
|    fps              | 98       |
|    time_elapsed     | 566      |
|    total_timesteps  | 55920    |
| train/              |          |
|    learning_rate    | 0.0001   |
|    loss             | 0.0925   |
|    n_updates        | 3432     |
----------------------------------
----------------------------------
| rollout/            |          |
|    ep_len_mean      | 60       |
|    ep_rew_mean      | 41.4     |
|    exploration_rate | 0.05     |
| time/               |          |
|    episodes         | 936      |
|    fps              | 98       |
|    time_elapsed     | 569      |
|    total_timesteps  | 56160    |
| train/              |          |
|    learning_rate    | 0.0001   |
|    loss             | 0.235    |
|    n_updates        | 3447     |
----------------------------------
----------------------------------
| rollout/            |          |
|    ep_len_mean      | 60       |
|    ep_rew_mean      | 41.4     |
|    exploration_rate | 0.05     |
| time/               |          |
|    episodes         | 940      |
|    fps              | 98       |
|    time_elapsed     | 571      |
|    total_timesteps  | 56400    |
| train/              |          |
|    learning_rate    | 0.0001   |
|    loss             | 1.14     |
|    n_updates        | 3462     |
----------------------------------
----------------------------------
| rollout/            |          |
|    ep_len_mean      | 60       |
|    ep_rew_mean      | 41.2     |
|    exploration_rate | 0.05     |
| time/               |          |
|    episodes         | 944      |
|    fps              | 98       |
|    time_elapsed     | 573      |
|    total_timesteps  | 56640    |
| train/              |          |
|    learning_rate    | 0.0001   |
|    loss             | 1.19     |
|    n_updates        | 3477     |
----------------------------------
----------------------------------
| rollout/            |          |
|    ep_len_mean      | 60       |
|    ep_rew_mean      | 41.3     |
|    exploration_rate | 0.05     |
| time/               |          |
|    episodes         | 948      |
|    fps              | 98       |
|    time_elapsed     | 575      |
|    total_timesteps  | 56880    |
| train/              |          |
|    learning_rate    | 0.0001   |
|    loss             | 0.218    |
|    n_updates        | 3492     |
----------------------------------
----------------------------------
| rollout/            |          |
|    ep_len_mean      | 60       |
|    ep_rew_mean      | 41.1     |
|    exploration_rate | 0.05     |
| time/               |          |
|    episodes         | 952      |
|    fps              | 98       |
|    time_elapsed     | 577      |
|    total_timesteps  | 57120    |
| train/              |          |
|    learning_rate    | 0.0001   |
|    loss             | 0.196    |
|    n_updates        | 3507     |
----------------------------------
----------------------------------
| rollout/            |          |
|    ep_len_mean      | 60       |
|    ep_rew_mean      | 41       |
|    exploration_rate | 0.05     |
| time/               |          |
|    episodes         | 956      |
|    fps              | 98       |
|    time_elapsed     | 579      |
|    total_timesteps  | 57360    |
| train/              |          |
|    learning_rate    | 0.0001   |
|    loss             | 0.188    |
|    n_updates        | 3522     |
----------------------------------
----------------------------------
| rollout/            |          |
|    ep_len_mean      | 60       |
|    ep_rew_mean      | 41.1     |
|    exploration_rate | 0.05     |
| time/               |          |
|    episodes         | 960      |
|    fps              | 99       |
|    time_elapsed     | 581      |
|    total_timesteps  | 57600    |
| train/              |          |
|    learning_rate    | 0.0001   |
|    loss             | 1.3      |
|    n_updates        | 3537     |
----------------------------------
----------------------------------
| rollout/            |          |
|    ep_len_mean      | 60       |
|    ep_rew_mean      | 41.1     |
|    exploration_rate | 0.05     |
| time/               |          |
|    episodes         | 964      |
|    fps              | 99       |
|    time_elapsed     | 583      |
|    total_timesteps  | 57840    |
| train/              |          |
|    learning_rate    | 0.0001   |
|    loss             | 1.16     |
|    n_updates        | 3552     |
----------------------------------
----------------------------------
| rollout/            |          |
|    ep_len_mean      | 60       |
|    ep_rew_mean      | 41.2     |
|    exploration_rate | 0.05     |
| time/               |          |
|    episodes         | 968      |
|    fps              | 99       |
|    time_elapsed     | 585      |
|    total_timesteps  | 58080    |
| train/              |          |
|    learning_rate    | 0.0001   |
|    loss             | 1.93     |
|    n_updates        | 3567     |
----------------------------------
----------------------------------
| rollout/            |          |
|    ep_len_mean      | 60       |
|    ep_rew_mean      | 41.2     |
|    exploration_rate | 0.05     |
| time/               |          |
|    episodes         | 972      |
|    fps              | 99       |
|    time_elapsed     | 587      |
|    total_timesteps  | 58320    |
| train/              |          |
|    learning_rate    | 0.0001   |
|    loss             | 0.151    |
|    n_updates        | 3582     |
----------------------------------
----------------------------------
| rollout/            |          |
|    ep_len_mean      | 60       |
|    ep_rew_mean      | 41       |
|    exploration_rate | 0.05     |
| time/               |          |
|    episodes         | 976      |
|    fps              | 99       |
|    time_elapsed     | 589      |
|    total_timesteps  | 58560    |
| train/              |          |
|    learning_rate    | 0.0001   |
|    loss             | 0.122    |
|    n_updates        | 3597     |
----------------------------------
----------------------------------
| rollout/            |          |
|    ep_len_mean      | 60       |
|    ep_rew_mean      | 41       |
|    exploration_rate | 0.05     |
| time/               |          |
|    episodes         | 980      |
|    fps              | 99       |
|    time_elapsed     | 591      |
|    total_timesteps  | 58800    |
| train/              |          |
|    learning_rate    | 0.0001   |
|    loss             | 0.859    |
|    n_updates        | 3612     |
----------------------------------
----------------------------------
| rollout/            |          |
|    ep_len_mean      | 60       |
|    ep_rew_mean      | 41.1     |
|    exploration_rate | 0.05     |
| time/               |          |
|    episodes         | 984      |
|    fps              | 99       |
|    time_elapsed     | 593      |
|    total_timesteps  | 59040    |
| train/              |          |
|    learning_rate    | 0.0001   |
|    loss             | 0.285    |
|    n_updates        | 3627     |
----------------------------------
----------------------------------
| rollout/            |          |
|    ep_len_mean      | 60       |
|    ep_rew_mean      | 40.9     |
|    exploration_rate | 0.05     |
| time/               |          |
|    episodes         | 988      |
|    fps              | 99       |
|    time_elapsed     | 595      |
|    total_timesteps  | 59280    |
| train/              |          |
|    learning_rate    | 0.0001   |
|    loss             | 1.02     |
|    n_updates        | 3642     |
----------------------------------
----------------------------------
| rollout/            |          |
|    ep_len_mean      | 60       |
|    ep_rew_mean      | 41.3     |
|    exploration_rate | 0.05     |
| time/               |          |
|    episodes         | 992      |
|    fps              | 99       |
|    time_elapsed     | 598      |
|    total_timesteps  | 59520    |
| train/              |          |
|    learning_rate    | 0.0001   |
|    loss             | 0.19     |
|    n_updates        | 3657     |
----------------------------------
----------------------------------
| rollout/            |          |
|    ep_len_mean      | 60       |
|    ep_rew_mean      | 41.4     |
|    exploration_rate | 0.05     |
| time/               |          |
|    episodes         | 996      |
|    fps              | 99       |
|    time_elapsed     | 600      |
|    total_timesteps  | 59760    |
| train/              |          |
|    learning_rate    | 0.0001   |
|    loss             | 1.38     |
|    n_updates        | 3672     |
----------------------------------
----------------------------------
| rollout/            |          |
|    ep_len_mean      | 60       |
|    ep_rew_mean      | 41.6     |
|    exploration_rate | 0.05     |
| time/               |          |
|    episodes         | 1000     |
|    fps              | 99       |
|    time_elapsed     | 602      |
|    total_timesteps  | 60000    |
| train/              |          |
|    learning_rate    | 0.0001   |
|    loss             | 0.517    |
|    n_updates        | 3687     |
----------------------------------
----------------------------------
| rollout/            |          |
|    ep_len_mean      | 60       |
|    ep_rew_mean      | 41.5     |
|    exploration_rate | 0.05     |
| time/               |          |
|    episodes         | 1004     |
|    fps              | 99       |
|    time_elapsed     | 604      |
|    total_timesteps  | 60240    |
| train/              |          |
|    learning_rate    | 0.0001   |
|    loss             | 1.21     |
|    n_updates        | 3702     |
----------------------------------
----------------------------------
| rollout/            |          |
|    ep_len_mean      | 60       |
|    ep_rew_mean      | 41.8     |
|    exploration_rate | 0.05     |
| time/               |          |
|    episodes         | 1008     |
|    fps              | 99       |
|    time_elapsed     | 606      |
|    total_timesteps  | 60480    |
| train/              |          |
|    learning_rate    | 0.0001   |
|    loss             | 0.402    |
|    n_updates        | 3717     |
----------------------------------
----------------------------------
| rollout/            |          |
|    ep_len_mean      | 60       |
|    ep_rew_mean      | 41.7     |
|    exploration_rate | 0.05     |
| time/               |          |
|    episodes         | 1012     |
|    fps              | 99       |
|    time_elapsed     | 608      |
|    total_timesteps  | 60720    |
| train/              |          |
|    learning_rate    | 0.0001   |
|    loss             | 0.376    |
|    n_updates        | 3732     |
----------------------------------
----------------------------------
| rollout/            |          |
|    ep_len_mean      | 60       |
|    ep_rew_mean      | 41.6     |
|    exploration_rate | 0.05     |
| time/               |          |
|    episodes         | 1016     |
|    fps              | 99       |
|    time_elapsed     | 610      |
|    total_timesteps  | 60960    |
| train/              |          |
|    learning_rate    | 0.0001   |
|    loss             | 0.233    |
|    n_updates        | 3747     |
----------------------------------
----------------------------------
| rollout/            |          |
|    ep_len_mean      | 60       |
|    ep_rew_mean      | 41.4     |
|    exploration_rate | 0.05     |
| time/               |          |
|    episodes         | 1020     |
|    fps              | 99       |
|    time_elapsed     | 612      |
|    total_timesteps  | 61200    |
| train/              |          |
|    learning_rate    | 0.0001   |
|    loss             | 0.0608   |
|    n_updates        | 3762     |
----------------------------------
----------------------------------
| rollout/            |          |
|    ep_len_mean      | 60       |
|    ep_rew_mean      | 41.5     |
|    exploration_rate | 0.05     |
| time/               |          |
|    episodes         | 1024     |
|    fps              | 99       |
|    time_elapsed     | 614      |
|    total_timesteps  | 61440    |
| train/              |          |
|    learning_rate    | 0.0001   |
|    loss             | 0.98     |
|    n_updates        | 3777     |
----------------------------------
----------------------------------
| rollout/            |          |
|    ep_len_mean      | 60       |
|    ep_rew_mean      | 41.6     |
|    exploration_rate | 0.05     |
| time/               |          |
|    episodes         | 1028     |
|    fps              | 99       |
|    time_elapsed     | 616      |
|    total_timesteps  | 61680    |
| train/              |          |
|    learning_rate    | 0.0001   |
|    loss             | 0.232    |
|    n_updates        | 3792     |
----------------------------------
----------------------------------
| rollout/            |          |
|    ep_len_mean      | 60       |
|    ep_rew_mean      | 41.6     |
|    exploration_rate | 0.05     |
| time/               |          |
|    episodes         | 1032     |
|    fps              | 100      |
|    time_elapsed     | 619      |
|    total_timesteps  | 61920    |
| train/              |          |
|    learning_rate    | 0.0001   |
|    loss             | 1.88     |
|    n_updates        | 3807     |
----------------------------------
----------------------------------
| rollout/            |          |
|    ep_len_mean      | 60       |
|    ep_rew_mean      | 41.7     |
|    exploration_rate | 0.05     |
| time/               |          |
|    episodes         | 1036     |
|    fps              | 100      |
|    time_elapsed     | 621      |
|    total_timesteps  | 62160    |
| train/              |          |
|    learning_rate    | 0.0001   |
|    loss             | 1.04     |
|    n_updates        | 3822     |
----------------------------------
----------------------------------
| rollout/            |          |
|    ep_len_mean      | 60       |
|    ep_rew_mean      | 41.7     |
|    exploration_rate | 0.05     |
| time/               |          |
|    episodes         | 1040     |
|    fps              | 100      |
|    time_elapsed     | 623      |
|    total_timesteps  | 62400    |
| train/              |          |
|    learning_rate    | 0.0001   |
|    loss             | 0.331    |
|    n_updates        | 3837     |
----------------------------------
----------------------------------
| rollout/            |          |
|    ep_len_mean      | 60       |
|    ep_rew_mean      | 41.6     |
|    exploration_rate | 0.05     |
| time/               |          |
|    episodes         | 1044     |
|    fps              | 100      |
|    time_elapsed     | 625      |
|    total_timesteps  | 62640    |
| train/              |          |
|    learning_rate    | 0.0001   |
|    loss             | 1.19     |
|    n_updates        | 3852     |
----------------------------------
----------------------------------
| rollout/            |          |
|    ep_len_mean      | 60       |
|    ep_rew_mean      | 41.6     |
|    exploration_rate | 0.05     |
| time/               |          |
|    episodes         | 1048     |
|    fps              | 100      |
|    time_elapsed     | 627      |
|    total_timesteps  | 62880    |
| train/              |          |
|    learning_rate    | 0.0001   |
|    loss             | 1.14     |
|    n_updates        | 3867     |
----------------------------------
----------------------------------
| rollout/            |          |
|    ep_len_mean      | 60       |
|    ep_rew_mean      | 41.5     |
|    exploration_rate | 0.05     |
| time/               |          |
|    episodes         | 1052     |
|    fps              | 100      |
|    time_elapsed     | 630      |
|    total_timesteps  | 63120    |
| train/              |          |
|    learning_rate    | 0.0001   |
|    loss             | 1.11     |
|    n_updates        | 3882     |
----------------------------------
----------------------------------
| rollout/            |          |
|    ep_len_mean      | 60       |
|    ep_rew_mean      | 41.7     |
|    exploration_rate | 0.05     |
| time/               |          |
|    episodes         | 1056     |
|    fps              | 100      |
|    time_elapsed     | 632      |
|    total_timesteps  | 63360    |
| train/              |          |
|    learning_rate    | 0.0001   |
|    loss             | 0.181    |
|    n_updates        | 3897     |
----------------------------------
----------------------------------
| rollout/            |          |
|    ep_len_mean      | 60       |
|    ep_rew_mean      | 41.6     |
|    exploration_rate | 0.05     |
| time/               |          |
|    episodes         | 1060     |
|    fps              | 100      |
|    time_elapsed     | 634      |
|    total_timesteps  | 63600    |
| train/              |          |
|    learning_rate    | 0.0001   |
|    loss             | 0.156    |
|    n_updates        | 3912     |
----------------------------------
----------------------------------
| rollout/            |          |
|    ep_len_mean      | 60       |
|    ep_rew_mean      | 41.6     |
|    exploration_rate | 0.05     |
| time/               |          |
|    episodes         | 1064     |
|    fps              | 100      |
|    time_elapsed     | 636      |
|    total_timesteps  | 63840    |
| train/              |          |
|    learning_rate    | 0.0001   |
|    loss             | 0.998    |
|    n_updates        | 3927     |
----------------------------------
----------------------------------
| rollout/            |          |
|    ep_len_mean      | 60       |
|    ep_rew_mean      | 41.7     |
|    exploration_rate | 0.05     |
| time/               |          |
|    episodes         | 1068     |
|    fps              | 100      |
|    time_elapsed     | 639      |
|    total_timesteps  | 64080    |
| train/              |          |
|    learning_rate    | 0.0001   |
|    loss             | 0.345    |
|    n_updates        | 3942     |
----------------------------------
----------------------------------
| rollout/            |          |
|    ep_len_mean      | 60       |
|    ep_rew_mean      | 41.6     |
|    exploration_rate | 0.05     |
| time/               |          |
|    episodes         | 1072     |
|    fps              | 100      |
|    time_elapsed     | 641      |
|    total_timesteps  | 64320    |
| train/              |          |
|    learning_rate    | 0.0001   |
|    loss             | 0.381    |
|    n_updates        | 3957     |
----------------------------------
----------------------------------
| rollout/            |          |
|    ep_len_mean      | 60       |
|    ep_rew_mean      | 41.7     |
|    exploration_rate | 0.05     |
| time/               |          |
|    episodes         | 1076     |
|    fps              | 100      |
|    time_elapsed     | 643      |
|    total_timesteps  | 64560    |
| train/              |          |
|    learning_rate    | 0.0001   |
|    loss             | 0.221    |
|    n_updates        | 3972     |
----------------------------------
----------------------------------
| rollout/            |          |
|    ep_len_mean      | 60       |
|    ep_rew_mean      | 41.8     |
|    exploration_rate | 0.05     |
| time/               |          |
|    episodes         | 1080     |
|    fps              | 100      |
|    time_elapsed     | 646      |
|    total_timesteps  | 64800    |
| train/              |          |
|    learning_rate    | 0.0001   |
|    loss             | 0.0818   |
|    n_updates        | 3987     |
----------------------------------
----------------------------------
| rollout/            |          |
|    ep_len_mean      | 60       |
|    ep_rew_mean      | 41.6     |
|    exploration_rate | 0.05     |
| time/               |          |
|    episodes         | 1084     |
|    fps              | 100      |
|    time_elapsed     | 648      |
|    total_timesteps  | 65040    |
| train/              |          |
|    learning_rate    | 0.0001   |
|    loss             | 0.0884   |
|    n_updates        | 4002     |
----------------------------------
----------------------------------
| rollout/            |          |
|    ep_len_mean      | 60       |
|    ep_rew_mean      | 41.9     |
|    exploration_rate | 0.05     |
| time/               |          |
|    episodes         | 1088     |
|    fps              | 100      |
|    time_elapsed     | 650      |
|    total_timesteps  | 65280    |
| train/              |          |
|    learning_rate    | 0.0001   |
|    loss             | 2.25     |
|    n_updates        | 4017     |
----------------------------------
----------------------------------
| rollout/            |          |
|    ep_len_mean      | 60       |
|    ep_rew_mean      | 41.8     |
|    exploration_rate | 0.05     |
| time/               |          |
|    episodes         | 1092     |
|    fps              | 100      |
|    time_elapsed     | 652      |
|    total_timesteps  | 65520    |
| train/              |          |
|    learning_rate    | 0.0001   |
|    loss             | 0.466    |
|    n_updates        | 4032     |
----------------------------------
----------------------------------
| rollout/            |          |
|    ep_len_mean      | 60       |
|    ep_rew_mean      | 41.7     |
|    exploration_rate | 0.05     |
| time/               |          |
|    episodes         | 1096     |
|    fps              | 100      |
|    time_elapsed     | 654      |
|    total_timesteps  | 65760    |
| train/              |          |
|    learning_rate    | 0.0001   |
|    loss             | 0.308    |
|    n_updates        | 4047     |
----------------------------------
----------------------------------
| rollout/            |          |
|    ep_len_mean      | 60       |
|    ep_rew_mean      | 41.6     |
|    exploration_rate | 0.05     |
| time/               |          |
|    episodes         | 1100     |
|    fps              | 100      |
|    time_elapsed     | 657      |
|    total_timesteps  | 66000    |
| train/              |          |
|    learning_rate    | 0.0001   |
|    loss             | 1.46     |
|    n_updates        | 4062     |
----------------------------------
----------------------------------
| rollout/            |          |
|    ep_len_mean      | 60       |
|    ep_rew_mean      | 41.9     |
|    exploration_rate | 0.05     |
| time/               |          |
|    episodes         | 1104     |
|    fps              | 100      |
|    time_elapsed     | 659      |
|    total_timesteps  | 66240    |
| train/              |          |
|    learning_rate    | 0.0001   |
|    loss             | 2.07     |
|    n_updates        | 4077     |
----------------------------------
----------------------------------
| rollout/            |          |
|    ep_len_mean      | 60       |
|    ep_rew_mean      | 41.8     |
|    exploration_rate | 0.05     |
| time/               |          |
|    episodes         | 1108     |
|    fps              | 100      |
|    time_elapsed     | 662      |
|    total_timesteps  | 66480    |
| train/              |          |
|    learning_rate    | 0.0001   |
|    loss             | 1.1      |
|    n_updates        | 4092     |
----------------------------------
----------------------------------
| rollout/            |          |
|    ep_len_mean      | 60       |
|    ep_rew_mean      | 41.7     |
|    exploration_rate | 0.05     |
| time/               |          |
|    episodes         | 1112     |
|    fps              | 100      |
|    time_elapsed     | 664      |
|    total_timesteps  | 66720    |
| train/              |          |
|    learning_rate    | 0.0001   |
|    loss             | 0.105    |
|    n_updates        | 4107     |
----------------------------------
----------------------------------
| rollout/            |          |
|    ep_len_mean      | 60       |
|    ep_rew_mean      | 41.8     |
|    exploration_rate | 0.05     |
| time/               |          |
|    episodes         | 1116     |
|    fps              | 100      |
|    time_elapsed     | 666      |
|    total_timesteps  | 66960    |
| train/              |          |
|    learning_rate    | 0.0001   |
|    loss             | 1.03     |
|    n_updates        | 4122     |
----------------------------------
----------------------------------
| rollout/            |          |
|    ep_len_mean      | 60       |
|    ep_rew_mean      | 41.9     |
|    exploration_rate | 0.05     |
| time/               |          |
|    episodes         | 1120     |
|    fps              | 100      |
|    time_elapsed     | 668      |
|    total_timesteps  | 67200    |
| train/              |          |
|    learning_rate    | 0.0001   |
|    loss             | 0.212    |
|    n_updates        | 4137     |
----------------------------------
----------------------------------
| rollout/            |          |
|    ep_len_mean      | 60       |
|    ep_rew_mean      | 41.8     |
|    exploration_rate | 0.05     |
| time/               |          |
|    episodes         | 1124     |
|    fps              | 100      |
|    time_elapsed     | 670      |
|    total_timesteps  | 67440    |
| train/              |          |
|    learning_rate    | 0.0001   |
|    loss             | 0.439    |
|    n_updates        | 4152     |
----------------------------------
----------------------------------
| rollout/            |          |
|    ep_len_mean      | 60       |
|    ep_rew_mean      | 41.7     |
|    exploration_rate | 0.05     |
| time/               |          |
|    episodes         | 1128     |
|    fps              | 100      |
|    time_elapsed     | 673      |
|    total_timesteps  | 67680    |
| train/              |          |
|    learning_rate    | 0.0001   |
|    loss             | 1.34     |
|    n_updates        | 4167     |
----------------------------------
----------------------------------
| rollout/            |          |
|    ep_len_mean      | 60       |
|    ep_rew_mean      | 41.9     |
|    exploration_rate | 0.05     |
| time/               |          |
|    episodes         | 1132     |
|    fps              | 100      |
|    time_elapsed     | 675      |
|    total_timesteps  | 67920    |
| train/              |          |
|    learning_rate    | 0.0001   |
|    loss             | 1.19     |
|    n_updates        | 4182     |
----------------------------------
----------------------------------
| rollout/            |          |
|    ep_len_mean      | 60       |
|    ep_rew_mean      | 41.8     |
|    exploration_rate | 0.05     |
| time/               |          |
|    episodes         | 1136     |
|    fps              | 100      |
|    time_elapsed     | 678      |
|    total_timesteps  | 68160    |
| train/              |          |
|    learning_rate    | 0.0001   |
|    loss             | 2.22     |
|    n_updates        | 4197     |
----------------------------------
----------------------------------
| rollout/            |          |
|    ep_len_mean      | 60       |
|    ep_rew_mean      | 41.8     |
|    exploration_rate | 0.05     |
| time/               |          |
|    episodes         | 1140     |
|    fps              | 100      |
|    time_elapsed     | 680      |
|    total_timesteps  | 68400    |
| train/              |          |
|    learning_rate    | 0.0001   |
|    loss             | 1.58     |
|    n_updates        | 4212     |
----------------------------------
----------------------------------
| rollout/            |          |
|    ep_len_mean      | 60       |
|    ep_rew_mean      | 41.9     |
|    exploration_rate | 0.05     |
| time/               |          |
|    episodes         | 1144     |
|    fps              | 100      |
|    time_elapsed     | 682      |
|    total_timesteps  | 68640    |
| train/              |          |
|    learning_rate    | 0.0001   |
|    loss             | 0.142    |
|    n_updates        | 4227     |
----------------------------------
----------------------------------
| rollout/            |          |
|    ep_len_mean      | 60       |
|    ep_rew_mean      | 42       |
|    exploration_rate | 0.05     |
| time/               |          |
|    episodes         | 1148     |
|    fps              | 100      |
|    time_elapsed     | 684      |
|    total_timesteps  | 68880    |
| train/              |          |
|    learning_rate    | 0.0001   |
|    loss             | 0.103    |
|    n_updates        | 4242     |
----------------------------------
----------------------------------
| rollout/            |          |
|    ep_len_mean      | 60       |
|    ep_rew_mean      | 42.1     |
|    exploration_rate | 0.05     |
| time/               |          |
|    episodes         | 1152     |
|    fps              | 100      |
|    time_elapsed     | 687      |
|    total_timesteps  | 69120    |
| train/              |          |
|    learning_rate    | 0.0001   |
|    loss             | 1.2      |
|    n_updates        | 4257     |
----------------------------------
----------------------------------
| rollout/            |          |
|    ep_len_mean      | 60       |
|    ep_rew_mean      | 41.8     |
|    exploration_rate | 0.05     |
| time/               |          |
|    episodes         | 1156     |
|    fps              | 100      |
|    time_elapsed     | 690      |
|    total_timesteps  | 69360    |
| train/              |          |
|    learning_rate    | 0.0001   |
|    loss             | 0.378    |
|    n_updates        | 4272     |
----------------------------------
----------------------------------
| rollout/            |          |
|    ep_len_mean      | 60       |
|    ep_rew_mean      | 41.8     |
|    exploration_rate | 0.05     |
| time/               |          |
|    episodes         | 1160     |
|    fps              | 100      |
|    time_elapsed     | 692      |
|    total_timesteps  | 69600    |
| train/              |          |
|    learning_rate    | 0.0001   |
|    loss             | 0.238    |
|    n_updates        | 4287     |
----------------------------------
----------------------------------
| rollout/            |          |
|    ep_len_mean      | 60       |
|    ep_rew_mean      | 41.8     |
|    exploration_rate | 0.05     |
| time/               |          |
|    episodes         | 1164     |
|    fps              | 100      |
|    time_elapsed     | 694      |
|    total_timesteps  | 69840    |
| train/              |          |
|    learning_rate    | 0.0001   |
|    loss             | 3.24     |
|    n_updates        | 4302     |
----------------------------------
----------------------------------
| rollout/            |          |
|    ep_len_mean      | 60       |
|    ep_rew_mean      | 41.8     |
|    exploration_rate | 0.05     |
| time/               |          |
|    episodes         | 1168     |
|    fps              | 100      |
|    time_elapsed     | 697      |
|    total_timesteps  | 70080    |
| train/              |          |
|    learning_rate    | 0.0001   |
|    loss             | 2.1      |
|    n_updates        | 4317     |
----------------------------------
----------------------------------
| rollout/            |          |
|    ep_len_mean      | 60       |
|    ep_rew_mean      | 41.8     |
|    exploration_rate | 0.05     |
| time/               |          |
|    episodes         | 1172     |
|    fps              | 100      |
|    time_elapsed     | 699      |
|    total_timesteps  | 70320    |
| train/              |          |
|    learning_rate    | 0.0001   |
|    loss             | 0.2      |
|    n_updates        | 4332     |
----------------------------------
----------------------------------
| rollout/            |          |
|    ep_len_mean      | 60       |
|    ep_rew_mean      | 41.7     |
|    exploration_rate | 0.05     |
| time/               |          |
|    episodes         | 1176     |
|    fps              | 100      |
|    time_elapsed     | 701      |
|    total_timesteps  | 70560    |
| train/              |          |
|    learning_rate    | 0.0001   |
|    loss             | 0.243    |
|    n_updates        | 4347     |
----------------------------------
----------------------------------
| rollout/            |          |
|    ep_len_mean      | 60       |
|    ep_rew_mean      | 41.8     |
|    exploration_rate | 0.05     |
| time/               |          |
|    episodes         | 1180     |
|    fps              | 100      |
|    time_elapsed     | 704      |
|    total_timesteps  | 70800    |
| train/              |          |
|    learning_rate    | 0.0001   |
|    loss             | 1.22     |
|    n_updates        | 4362     |
----------------------------------
----------------------------------
| rollout/            |          |
|    ep_len_mean      | 60       |
|    ep_rew_mean      | 41.9     |
|    exploration_rate | 0.05     |
| time/               |          |
|    episodes         | 1184     |
|    fps              | 100      |
|    time_elapsed     | 706      |
|    total_timesteps  | 71040    |
| train/              |          |
|    learning_rate    | 0.0001   |
|    loss             | 0.34     |
|    n_updates        | 4377     |
----------------------------------
----------------------------------
| rollout/            |          |
|    ep_len_mean      | 60       |
|    ep_rew_mean      | 41.7     |
|    exploration_rate | 0.05     |
| time/               |          |
|    episodes         | 1188     |
|    fps              | 100      |
|    time_elapsed     | 708      |
|    total_timesteps  | 71280    |
| train/              |          |
|    learning_rate    | 0.0001   |
|    loss             | 0.289    |
|    n_updates        | 4392     |
----------------------------------
----------------------------------
| rollout/            |          |
|    ep_len_mean      | 60       |
|    ep_rew_mean      | 41.7     |
|    exploration_rate | 0.05     |
| time/               |          |
|    episodes         | 1192     |
|    fps              | 100      |
|    time_elapsed     | 711      |
|    total_timesteps  | 71520    |
| train/              |          |
|    learning_rate    | 0.0001   |
|    loss             | 0.118    |
|    n_updates        | 4407     |
----------------------------------
----------------------------------
| rollout/            |          |
|    ep_len_mean      | 60       |
|    ep_rew_mean      | 41.7     |
|    exploration_rate | 0.05     |
| time/               |          |
|    episodes         | 1196     |
|    fps              | 100      |
|    time_elapsed     | 713      |
|    total_timesteps  | 71760    |
| train/              |          |
|    learning_rate    | 0.0001   |
|    loss             | 0.0872   |
|    n_updates        | 4422     |
----------------------------------
----------------------------------
| rollout/            |          |
|    ep_len_mean      | 60       |
|    ep_rew_mean      | 41.7     |
|    exploration_rate | 0.05     |
| time/               |          |
|    episodes         | 1200     |
|    fps              | 100      |
|    time_elapsed     | 715      |
|    total_timesteps  | 72000    |
| train/              |          |
|    learning_rate    | 0.0001   |
|    loss             | 1.4      |
|    n_updates        | 4437     |
----------------------------------
----------------------------------
| rollout/            |          |
|    ep_len_mean      | 60       |
|    ep_rew_mean      | 41.6     |
|    exploration_rate | 0.05     |
| time/               |          |
|    episodes         | 1204     |
|    fps              | 100      |
|    time_elapsed     | 718      |
|    total_timesteps  | 72240    |
| train/              |          |
|    learning_rate    | 0.0001   |
|    loss             | 1.27     |
|    n_updates        | 4452     |
----------------------------------
----------------------------------
| rollout/            |          |
|    ep_len_mean      | 60       |
|    ep_rew_mean      | 41.5     |
|    exploration_rate | 0.05     |
| time/               |          |
|    episodes         | 1208     |
|    fps              | 100      |
|    time_elapsed     | 720      |
|    total_timesteps  | 72480    |
| train/              |          |
|    learning_rate    | 0.0001   |
|    loss             | 1.32     |
|    n_updates        | 4467     |
----------------------------------
----------------------------------
| rollout/            |          |
|    ep_len_mean      | 60       |
|    ep_rew_mean      | 41.5     |
|    exploration_rate | 0.05     |
| time/               |          |
|    episodes         | 1212     |
|    fps              | 100      |
|    time_elapsed     | 722      |
|    total_timesteps  | 72720    |
| train/              |          |
|    learning_rate    | 0.0001   |
|    loss             | 1.28     |
|    n_updates        | 4482     |
----------------------------------
----------------------------------
| rollout/            |          |
|    ep_len_mean      | 60       |
|    ep_rew_mean      | 41.5     |
|    exploration_rate | 0.05     |
| time/               |          |
|    episodes         | 1216     |
|    fps              | 100      |
|    time_elapsed     | 724      |
|    total_timesteps  | 72960    |
| train/              |          |
|    learning_rate    | 0.0001   |
|    loss             | 0.222    |
|    n_updates        | 4497     |
----------------------------------
----------------------------------
| rollout/            |          |
|    ep_len_mean      | 60       |
|    ep_rew_mean      | 41.6     |
|    exploration_rate | 0.05     |
| time/               |          |
|    episodes         | 1220     |
|    fps              | 100      |
|    time_elapsed     | 728      |
|    total_timesteps  | 73200    |
| train/              |          |
|    learning_rate    | 0.0001   |
|    loss             | 0.546    |
|    n_updates        | 4512     |
----------------------------------
----------------------------------
| rollout/            |          |
|    ep_len_mean      | 60       |
|    ep_rew_mean      | 41.7     |
|    exploration_rate | 0.05     |
| time/               |          |
|    episodes         | 1224     |
|    fps              | 100      |
|    time_elapsed     | 731      |
|    total_timesteps  | 73440    |
| train/              |          |
|    learning_rate    | 0.0001   |
|    loss             | 0.298    |
|    n_updates        | 4527     |
----------------------------------
----------------------------------
| rollout/            |          |
|    ep_len_mean      | 60       |
|    ep_rew_mean      | 41.8     |
|    exploration_rate | 0.05     |
| time/               |          |
|    episodes         | 1228     |
|    fps              | 100      |
|    time_elapsed     | 736      |
|    total_timesteps  | 73680    |
| train/              |          |
|    learning_rate    | 0.0001   |
|    loss             | 2.2      |
|    n_updates        | 4542     |
----------------------------------
----------------------------------
| rollout/            |          |
|    ep_len_mean      | 60       |
|    ep_rew_mean      | 41.8     |
|    exploration_rate | 0.05     |
| time/               |          |
|    episodes         | 1232     |
|    fps              | 99       |
|    time_elapsed     | 739      |
|    total_timesteps  | 73920    |
| train/              |          |
|    learning_rate    | 0.0001   |
|    loss             | 0.185    |
|    n_updates        | 4557     |
----------------------------------
----------------------------------
| rollout/            |          |
|    ep_len_mean      | 60       |
|    ep_rew_mean      | 41.8     |
|    exploration_rate | 0.05     |
| time/               |          |
|    episodes         | 1236     |
|    fps              | 99       |
|    time_elapsed     | 743      |
|    total_timesteps  | 74160    |
| train/              |          |
|    learning_rate    | 0.0001   |
|    loss             | 0.409    |
|    n_updates        | 4572     |
----------------------------------
----------------------------------
| rollout/            |          |
|    ep_len_mean      | 60       |
|    ep_rew_mean      | 41.8     |
|    exploration_rate | 0.05     |
| time/               |          |
|    episodes         | 1240     |
|    fps              | 99       |
|    time_elapsed     | 747      |
|    total_timesteps  | 74400    |
| train/              |          |
|    learning_rate    | 0.0001   |
|    loss             | 0.273    |
|    n_updates        | 4587     |
----------------------------------
----------------------------------
| rollout/            |          |
|    ep_len_mean      | 60       |
|    ep_rew_mean      | 42       |
|    exploration_rate | 0.05     |
| time/               |          |
|    episodes         | 1244     |
|    fps              | 99       |
|    time_elapsed     | 751      |
|    total_timesteps  | 74640    |
| train/              |          |
|    learning_rate    | 0.0001   |
|    loss             | 0.323    |
|    n_updates        | 4602     |
----------------------------------
----------------------------------
| rollout/            |          |
|    ep_len_mean      | 60       |
|    ep_rew_mean      | 42       |
|    exploration_rate | 0.05     |
| time/               |          |
|    episodes         | 1248     |
|    fps              | 99       |
|    time_elapsed     | 756      |
|    total_timesteps  | 74880    |
| train/              |          |
|    learning_rate    | 0.0001   |
|    loss             | 0.183    |
|    n_updates        | 4617     |
----------------------------------
----------------------------------
| rollout/            |          |
|    ep_len_mean      | 60       |
|    ep_rew_mean      | 42       |
|    exploration_rate | 0.05     |
| time/               |          |
|    episodes         | 1252     |
|    fps              | 98       |
|    time_elapsed     | 759      |
|    total_timesteps  | 75120    |
| train/              |          |
|    learning_rate    | 0.0001   |
|    loss             | 1.18     |
|    n_updates        | 4632     |
----------------------------------
----------------------------------
| rollout/            |          |
|    ep_len_mean      | 60       |
|    ep_rew_mean      | 42.2     |
|    exploration_rate | 0.05     |
| time/               |          |
|    episodes         | 1256     |
|    fps              | 98       |
|    time_elapsed     | 763      |
|    total_timesteps  | 75360    |
| train/              |          |
|    learning_rate    | 0.0001   |
|    loss             | 0.183    |
|    n_updates        | 4647     |
----------------------------------
----------------------------------
| rollout/            |          |
|    ep_len_mean      | 60       |
|    ep_rew_mean      | 42.3     |
|    exploration_rate | 0.05     |
| time/               |          |
|    episodes         | 1260     |
|    fps              | 98       |
|    time_elapsed     | 766      |
|    total_timesteps  | 75600    |
| train/              |          |
|    learning_rate    | 0.0001   |
|    loss             | 0.201    |
|    n_updates        | 4662     |
----------------------------------
----------------------------------
| rollout/            |          |
|    ep_len_mean      | 60       |
|    ep_rew_mean      | 42.4     |
|    exploration_rate | 0.05     |
| time/               |          |
|    episodes         | 1264     |
|    fps              | 98       |
|    time_elapsed     | 770      |
|    total_timesteps  | 75840    |
| train/              |          |
|    learning_rate    | 0.0001   |
|    loss             | 0.182    |
|    n_updates        | 4677     |
----------------------------------
----------------------------------
| rollout/            |          |
|    ep_len_mean      | 60       |
|    ep_rew_mean      | 42.3     |
|    exploration_rate | 0.05     |
| time/               |          |
|    episodes         | 1268     |
|    fps              | 98       |
|    time_elapsed     | 774      |
|    total_timesteps  | 76080    |
| train/              |          |
|    learning_rate    | 0.0001   |
|    loss             | 0.229    |
|    n_updates        | 4692     |
----------------------------------
----------------------------------
| rollout/            |          |
|    ep_len_mean      | 60       |
|    ep_rew_mean      | 42.5     |
|    exploration_rate | 0.05     |
| time/               |          |
|    episodes         | 1272     |
|    fps              | 98       |
|    time_elapsed     | 777      |
|    total_timesteps  | 76320    |
| train/              |          |
|    learning_rate    | 0.0001   |
|    loss             | 0.351    |
|    n_updates        | 4707     |
----------------------------------
----------------------------------
| rollout/            |          |
|    ep_len_mean      | 60       |
|    ep_rew_mean      | 42.6     |
|    exploration_rate | 0.05     |
| time/               |          |
|    episodes         | 1276     |
|    fps              | 98       |
|    time_elapsed     | 780      |
|    total_timesteps  | 76560    |
| train/              |          |
|    learning_rate    | 0.0001   |
|    loss             | 1.25     |
|    n_updates        | 4722     |
----------------------------------
----------------------------------
| rollout/            |          |
|    ep_len_mean      | 60       |
|    ep_rew_mean      | 42.5     |
|    exploration_rate | 0.05     |
| time/               |          |
|    episodes         | 1280     |
|    fps              | 97       |
|    time_elapsed     | 783      |
|    total_timesteps  | 76800    |
| train/              |          |
|    learning_rate    | 0.0001   |
|    loss             | 1.27     |
|    n_updates        | 4737     |
----------------------------------
----------------------------------
| rollout/            |          |
|    ep_len_mean      | 60       |
|    ep_rew_mean      | 42.7     |
|    exploration_rate | 0.05     |
| time/               |          |
|    episodes         | 1284     |
|    fps              | 97       |
|    time_elapsed     | 787      |
|    total_timesteps  | 77040    |
| train/              |          |
|    learning_rate    | 0.0001   |
|    loss             | 1.3      |
|    n_updates        | 4752     |
----------------------------------
----------------------------------
| rollout/            |          |
|    ep_len_mean      | 60       |
|    ep_rew_mean      | 42.7     |
|    exploration_rate | 0.05     |
| time/               |          |
|    episodes         | 1288     |
|    fps              | 97       |
|    time_elapsed     | 791      |
|    total_timesteps  | 77280    |
| train/              |          |
|    learning_rate    | 0.0001   |
|    loss             | 1.78     |
|    n_updates        | 4767     |
----------------------------------
----------------------------------
| rollout/            |          |
|    ep_len_mean      | 60       |
|    ep_rew_mean      | 43       |
|    exploration_rate | 0.05     |
| time/               |          |
|    episodes         | 1292     |
|    fps              | 97       |
|    time_elapsed     | 796      |
|    total_timesteps  | 77520    |
| train/              |          |
|    learning_rate    | 0.0001   |
|    loss             | 1.32     |
|    n_updates        | 4782     |
----------------------------------
----------------------------------
| rollout/            |          |
|    ep_len_mean      | 60       |
|    ep_rew_mean      | 42.9     |
|    exploration_rate | 0.05     |
| time/               |          |
|    episodes         | 1296     |
|    fps              | 97       |
|    time_elapsed     | 799      |
|    total_timesteps  | 77760    |
| train/              |          |
|    learning_rate    | 0.0001   |
|    loss             | 2.64     |
|    n_updates        | 4797     |
----------------------------------
----------------------------------
| rollout/            |          |
|    ep_len_mean      | 60       |
|    ep_rew_mean      | 43.1     |
|    exploration_rate | 0.05     |
| time/               |          |
|    episodes         | 1300     |
|    fps              | 97       |
|    time_elapsed     | 804      |
|    total_timesteps  | 78000    |
| train/              |          |
|    learning_rate    | 0.0001   |
|    loss             | 0.586    |
|    n_updates        | 4812     |
----------------------------------
----------------------------------
| rollout/            |          |
|    ep_len_mean      | 60       |
|    ep_rew_mean      | 43       |
|    exploration_rate | 0.05     |
| time/               |          |
|    episodes         | 1304     |
|    fps              | 96       |
|    time_elapsed     | 808      |
|    total_timesteps  | 78240    |
| train/              |          |
|    learning_rate    | 0.0001   |
|    loss             | 2.69     |
|    n_updates        | 4827     |
----------------------------------
----------------------------------
| rollout/            |          |
|    ep_len_mean      | 60       |
|    ep_rew_mean      | 43       |
|    exploration_rate | 0.05     |
| time/               |          |
|    episodes         | 1308     |
|    fps              | 96       |
|    time_elapsed     | 811      |
|    total_timesteps  | 78480    |
| train/              |          |
|    learning_rate    | 0.0001   |
|    loss             | 0.155    |
|    n_updates        | 4842     |
----------------------------------
----------------------------------
| rollout/            |          |
|    ep_len_mean      | 60       |
|    ep_rew_mean      | 43       |
|    exploration_rate | 0.05     |
| time/               |          |
|    episodes         | 1312     |
|    fps              | 96       |
|    time_elapsed     | 815      |
|    total_timesteps  | 78720    |
| train/              |          |
|    learning_rate    | 0.0001   |
|    loss             | 1.53     |
|    n_updates        | 4857     |
----------------------------------
----------------------------------
| rollout/            |          |
|    ep_len_mean      | 60       |
|    ep_rew_mean      | 42.9     |
|    exploration_rate | 0.05     |
| time/               |          |
|    episodes         | 1316     |
|    fps              | 96       |
|    time_elapsed     | 820      |
|    total_timesteps  | 78960    |
| train/              |          |
|    learning_rate    | 0.0001   |
|    loss             | 0.363    |
|    n_updates        | 4872     |
----------------------------------
----------------------------------
| rollout/            |          |
|    ep_len_mean      | 60       |
|    ep_rew_mean      | 42.9     |
|    exploration_rate | 0.05     |
| time/               |          |
|    episodes         | 1320     |
|    fps              | 96       |
|    time_elapsed     | 823      |
|    total_timesteps  | 79200    |
| train/              |          |
|    learning_rate    | 0.0001   |
|    loss             | 0.119    |
|    n_updates        | 4887     |
----------------------------------
----------------------------------
| rollout/            |          |
|    ep_len_mean      | 60       |
|    ep_rew_mean      | 42.8     |
|    exploration_rate | 0.05     |
| time/               |          |
|    episodes         | 1324     |
|    fps              | 96       |
|    time_elapsed     | 826      |
|    total_timesteps  | 79440    |
| train/              |          |
|    learning_rate    | 0.0001   |
|    loss             | 0.387    |
|    n_updates        | 4902     |
----------------------------------
----------------------------------
| rollout/            |          |
|    ep_len_mean      | 60       |
|    ep_rew_mean      | 42.7     |
|    exploration_rate | 0.05     |
| time/               |          |
|    episodes         | 1328     |
|    fps              | 96       |
|    time_elapsed     | 829      |
|    total_timesteps  | 79680    |
| train/              |          |
|    learning_rate    | 0.0001   |
|    loss             | 1.55     |
|    n_updates        | 4917     |
----------------------------------
----------------------------------
| rollout/            |          |
|    ep_len_mean      | 60       |
|    ep_rew_mean      | 42.4     |
|    exploration_rate | 0.05     |
| time/               |          |
|    episodes         | 1332     |
|    fps              | 95       |
|    time_elapsed     | 833      |
|    total_timesteps  | 79920    |
| train/              |          |
|    learning_rate    | 0.0001   |
|    loss             | 0.542    |
|    n_updates        | 4932     |
----------------------------------
----------------------------------
| rollout/            |          |
|    ep_len_mean      | 60       |
|    ep_rew_mean      | 42.2     |
|    exploration_rate | 0.05     |
| time/               |          |
|    episodes         | 1336     |
|    fps              | 95       |
|    time_elapsed     | 836      |
|    total_timesteps  | 80160    |
| train/              |          |
|    learning_rate    | 0.0001   |
|    loss             | 0.49     |
|    n_updates        | 4947     |
----------------------------------
----------------------------------
| rollout/            |          |
|    ep_len_mean      | 60       |
|    ep_rew_mean      | 42.1     |
|    exploration_rate | 0.05     |
| time/               |          |
|    episodes         | 1340     |
|    fps              | 95       |
|    time_elapsed     | 839      |
|    total_timesteps  | 80400    |
| train/              |          |
|    learning_rate    | 0.0001   |
|    loss             | 0.105    |
|    n_updates        | 4962     |
----------------------------------
----------------------------------
| rollout/            |          |
|    ep_len_mean      | 60       |
|    ep_rew_mean      | 42       |
|    exploration_rate | 0.05     |
| time/               |          |
|    episodes         | 1344     |
|    fps              | 95       |
|    time_elapsed     | 842      |
|    total_timesteps  | 80640    |
| train/              |          |
|    learning_rate    | 0.0001   |
|    loss             | 0.0448   |
|    n_updates        | 4977     |
----------------------------------
----------------------------------
| rollout/            |          |
|    ep_len_mean      | 60       |
|    ep_rew_mean      | 41.9     |
|    exploration_rate | 0.05     |
| time/               |          |
|    episodes         | 1348     |
|    fps              | 95       |
|    time_elapsed     | 847      |
|    total_timesteps  | 80880    |
| train/              |          |
|    learning_rate    | 0.0001   |
|    loss             | 3.77     |
|    n_updates        | 4992     |
----------------------------------
----------------------------------
| rollout/            |          |
|    ep_len_mean      | 60       |
|    ep_rew_mean      | 41.9     |
|    exploration_rate | 0.05     |
| time/               |          |
|    episodes         | 1352     |
|    fps              | 95       |
|    time_elapsed     | 851      |
|    total_timesteps  | 81120    |
| train/              |          |
|    learning_rate    | 0.0001   |
|    loss             | 0.394    |
|    n_updates        | 5007     |
----------------------------------
----------------------------------
| rollout/            |          |
|    ep_len_mean      | 60       |
|    ep_rew_mean      | 41.8     |
|    exploration_rate | 0.05     |
| time/               |          |
|    episodes         | 1356     |
|    fps              | 95       |
|    time_elapsed     | 854      |
|    total_timesteps  | 81360    |
| train/              |          |
|    learning_rate    | 0.0001   |
|    loss             | 1.41     |
|    n_updates        | 5022     |
----------------------------------
----------------------------------
| rollout/            |          |
|    ep_len_mean      | 60       |
|    ep_rew_mean      | 41.8     |
|    exploration_rate | 0.05     |
| time/               |          |
|    episodes         | 1360     |
|    fps              | 95       |
|    time_elapsed     | 857      |
|    total_timesteps  | 81600    |
| train/              |          |
|    learning_rate    | 0.0001   |
|    loss             | 1.51     |
|    n_updates        | 5037     |
----------------------------------
----------------------------------
| rollout/            |          |
|    ep_len_mean      | 60       |
|    ep_rew_mean      | 41.8     |
|    exploration_rate | 0.05     |
| time/               |          |
|    episodes         | 1364     |
|    fps              | 95       |
|    time_elapsed     | 861      |
|    total_timesteps  | 81840    |
| train/              |          |
|    learning_rate    | 0.0001   |
|    loss             | 0.127    |
|    n_updates        | 5052     |
----------------------------------
----------------------------------
| rollout/            |          |
|    ep_len_mean      | 60       |
|    ep_rew_mean      | 41.7     |
|    exploration_rate | 0.05     |
| time/               |          |
|    episodes         | 1368     |
|    fps              | 94       |
|    time_elapsed     | 865      |
|    total_timesteps  | 82080    |
| train/              |          |
|    learning_rate    | 0.0001   |
|    loss             | 1.39     |
|    n_updates        | 5067     |
----------------------------------
----------------------------------
| rollout/            |          |
|    ep_len_mean      | 60       |
|    ep_rew_mean      | 41.7     |
|    exploration_rate | 0.05     |
| time/               |          |
|    episodes         | 1372     |
|    fps              | 94       |
|    time_elapsed     | 869      |
|    total_timesteps  | 82320    |
| train/              |          |
|    learning_rate    | 0.0001   |
|    loss             | 0.413    |
|    n_updates        | 5082     |
----------------------------------
----------------------------------
| rollout/            |          |
|    ep_len_mean      | 60       |
|    ep_rew_mean      | 41.6     |
|    exploration_rate | 0.05     |
| time/               |          |
|    episodes         | 1376     |
|    fps              | 94       |
|    time_elapsed     | 873      |
|    total_timesteps  | 82560    |
| train/              |          |
|    learning_rate    | 0.0001   |
|    loss             | 2.52     |
|    n_updates        | 5097     |
----------------------------------
----------------------------------
| rollout/            |          |
|    ep_len_mean      | 60       |
|    ep_rew_mean      | 41.6     |
|    exploration_rate | 0.05     |
| time/               |          |
|    episodes         | 1380     |
|    fps              | 94       |
|    time_elapsed     | 877      |
|    total_timesteps  | 82800    |
| train/              |          |
|    learning_rate    | 0.0001   |
|    loss             | 2.43     |
|    n_updates        | 5112     |
----------------------------------
----------------------------------
| rollout/            |          |
|    ep_len_mean      | 60       |
|    ep_rew_mean      | 41.4     |
|    exploration_rate | 0.05     |
| time/               |          |
|    episodes         | 1384     |
|    fps              | 94       |
|    time_elapsed     | 881      |
|    total_timesteps  | 83040    |
| train/              |          |
|    learning_rate    | 0.0001   |
|    loss             | 1.37     |
|    n_updates        | 5127     |
----------------------------------
----------------------------------
| rollout/            |          |
|    ep_len_mean      | 60       |
|    ep_rew_mean      | 41.4     |
|    exploration_rate | 0.05     |
| time/               |          |
|    episodes         | 1388     |
|    fps              | 94       |
|    time_elapsed     | 885      |
|    total_timesteps  | 83280    |
| train/              |          |
|    learning_rate    | 0.0001   |
|    loss             | 0.329    |
|    n_updates        | 5142     |
----------------------------------
----------------------------------
| rollout/            |          |
|    ep_len_mean      | 60       |
|    ep_rew_mean      | 41.1     |
|    exploration_rate | 0.05     |
| time/               |          |
|    episodes         | 1392     |
|    fps              | 93       |
|    time_elapsed     | 889      |
|    total_timesteps  | 83520    |
| train/              |          |
|    learning_rate    | 0.0001   |
|    loss             | 0.0785   |
|    n_updates        | 5157     |
----------------------------------
----------------------------------
| rollout/            |          |
|    ep_len_mean      | 60       |
|    ep_rew_mean      | 41.2     |
|    exploration_rate | 0.05     |
| time/               |          |
|    episodes         | 1396     |
|    fps              | 93       |
|    time_elapsed     | 893      |
|    total_timesteps  | 83760    |
| train/              |          |
|    learning_rate    | 0.0001   |
|    loss             | 2.6      |
|    n_updates        | 5172     |
----------------------------------
----------------------------------
| rollout/            |          |
|    ep_len_mean      | 60       |
|    ep_rew_mean      | 41       |
|    exploration_rate | 0.05     |
| time/               |          |
|    episodes         | 1400     |
|    fps              | 93       |
|    time_elapsed     | 897      |
|    total_timesteps  | 84000    |
| train/              |          |
|    learning_rate    | 0.0001   |
|    loss             | 0.168    |
|    n_updates        | 5187     |
----------------------------------
----------------------------------
| rollout/            |          |
|    ep_len_mean      | 60       |
|    ep_rew_mean      | 41       |
|    exploration_rate | 0.05     |
| time/               |          |
|    episodes         | 1404     |
|    fps              | 93       |
|    time_elapsed     | 902      |
|    total_timesteps  | 84240    |
| train/              |          |
|    learning_rate    | 0.0001   |
|    loss             | 0.199    |
|    n_updates        | 5202     |
----------------------------------
----------------------------------
| rollout/            |          |
|    ep_len_mean      | 60       |
|    ep_rew_mean      | 41.1     |
|    exploration_rate | 0.05     |
| time/               |          |
|    episodes         | 1408     |
|    fps              | 93       |
|    time_elapsed     | 906      |
|    total_timesteps  | 84480    |
| train/              |          |
|    learning_rate    | 0.0001   |
|    loss             | 0.326    |
|    n_updates        | 5217     |
----------------------------------
----------------------------------
| rollout/            |          |
|    ep_len_mean      | 60       |
|    ep_rew_mean      | 41.1     |
|    exploration_rate | 0.05     |
| time/               |          |
|    episodes         | 1412     |
|    fps              | 93       |
|    time_elapsed     | 909      |
|    total_timesteps  | 84720    |
| train/              |          |
|    learning_rate    | 0.0001   |
|    loss             | 0.157    |
|    n_updates        | 5232     |
----------------------------------
----------------------------------
| rollout/            |          |
|    ep_len_mean      | 60       |
|    ep_rew_mean      | 41.1     |
|    exploration_rate | 0.05     |
| time/               |          |
|    episodes         | 1416     |
|    fps              | 92       |
|    time_elapsed     | 913      |
|    total_timesteps  | 84960    |
| train/              |          |
|    learning_rate    | 0.0001   |
|    loss             | 0.21     |
|    n_updates        | 5247     |
----------------------------------
----------------------------------
| rollout/            |          |
|    ep_len_mean      | 60       |
|    ep_rew_mean      | 41.1     |
|    exploration_rate | 0.05     |
| time/               |          |
|    episodes         | 1420     |
|    fps              | 92       |
|    time_elapsed     | 917      |
|    total_timesteps  | 85200    |
| train/              |          |
|    learning_rate    | 0.0001   |
|    loss             | 0.386    |
|    n_updates        | 5262     |
----------------------------------
----------------------------------
| rollout/            |          |
|    ep_len_mean      | 60       |
|    ep_rew_mean      | 41.4     |
|    exploration_rate | 0.05     |
| time/               |          |
|    episodes         | 1424     |
|    fps              | 92       |
|    time_elapsed     | 921      |
|    total_timesteps  | 85440    |
| train/              |          |
|    learning_rate    | 0.0001   |
|    loss             | 0.11     |
|    n_updates        | 5277     |
----------------------------------
----------------------------------
| rollout/            |          |
|    ep_len_mean      | 60       |
|    ep_rew_mean      | 41.3     |
|    exploration_rate | 0.05     |
| time/               |          |
|    episodes         | 1428     |
|    fps              | 92       |
|    time_elapsed     | 925      |
|    total_timesteps  | 85680    |
| train/              |          |
|    learning_rate    | 0.0001   |
|    loss             | 0.122    |
|    n_updates        | 5292     |
----------------------------------
----------------------------------
| rollout/            |          |
|    ep_len_mean      | 60       |
|    ep_rew_mean      | 41.6     |
|    exploration_rate | 0.05     |
| time/               |          |
|    episodes         | 1432     |
|    fps              | 92       |
|    time_elapsed     | 928      |
|    total_timesteps  | 85920    |
| train/              |          |
|    learning_rate    | 0.0001   |
|    loss             | 1.24     |
|    n_updates        | 5307     |
----------------------------------
----------------------------------
| rollout/            |          |
|    ep_len_mean      | 60       |
|    ep_rew_mean      | 41.6     |
|    exploration_rate | 0.05     |
| time/               |          |
|    episodes         | 1436     |
|    fps              | 92       |
|    time_elapsed     | 932      |
|    total_timesteps  | 86160    |
| train/              |          |
|    learning_rate    | 0.0001   |
|    loss             | 0.412    |
|    n_updates        | 5322     |
----------------------------------
----------------------------------
| rollout/            |          |
|    ep_len_mean      | 60       |
|    ep_rew_mean      | 41.8     |
|    exploration_rate | 0.05     |
| time/               |          |
|    episodes         | 1440     |
|    fps              | 92       |
|    time_elapsed     | 936      |
|    total_timesteps  | 86400    |
| train/              |          |
|    learning_rate    | 0.0001   |
|    loss             | 0.249    |
|    n_updates        | 5337     |
----------------------------------
----------------------------------
| rollout/            |          |
|    ep_len_mean      | 60       |
|    ep_rew_mean      | 41.7     |
|    exploration_rate | 0.05     |
| time/               |          |
|    episodes         | 1444     |
|    fps              | 92       |
|    time_elapsed     | 940      |
|    total_timesteps  | 86640    |
| train/              |          |
|    learning_rate    | 0.0001   |
|    loss             | 0.185    |
|    n_updates        | 5352     |
----------------------------------
----------------------------------
| rollout/            |          |
|    ep_len_mean      | 60       |
|    ep_rew_mean      | 41.8     |
|    exploration_rate | 0.05     |
| time/               |          |
|    episodes         | 1448     |
|    fps              | 92       |
|    time_elapsed     | 942      |
|    total_timesteps  | 86880    |
| train/              |          |
|    learning_rate    | 0.0001   |
|    loss             | 1.22     |
|    n_updates        | 5367     |
----------------------------------
----------------------------------
| rollout/            |          |
|    ep_len_mean      | 60       |
|    ep_rew_mean      | 41.9     |
|    exploration_rate | 0.05     |
| time/               |          |
|    episodes         | 1452     |
|    fps              | 92       |
|    time_elapsed     | 944      |
|    total_timesteps  | 87120    |
| train/              |          |
|    learning_rate    | 0.0001   |
|    loss             | 1.36     |
|    n_updates        | 5382     |
----------------------------------
----------------------------------
| rollout/            |          |
|    ep_len_mean      | 60       |
|    ep_rew_mean      | 41.9     |
|    exploration_rate | 0.05     |
| time/               |          |
|    episodes         | 1456     |
|    fps              | 92       |
|    time_elapsed     | 947      |
|    total_timesteps  | 87360    |
| train/              |          |
|    learning_rate    | 0.0001   |
|    loss             | 0.133    |
|    n_updates        | 5397     |
----------------------------------
----------------------------------
| rollout/            |          |
|    ep_len_mean      | 60       |
|    ep_rew_mean      | 42       |
|    exploration_rate | 0.05     |
| time/               |          |
|    episodes         | 1460     |
|    fps              | 92       |
|    time_elapsed     | 949      |
|    total_timesteps  | 87600    |
| train/              |          |
|    learning_rate    | 0.0001   |
|    loss             | 0.298    |
|    n_updates        | 5412     |
----------------------------------
----------------------------------
| rollout/            |          |
|    ep_len_mean      | 60       |
|    ep_rew_mean      | 41.9     |
|    exploration_rate | 0.05     |
| time/               |          |
|    episodes         | 1464     |
|    fps              | 92       |
|    time_elapsed     | 952      |
|    total_timesteps  | 87840    |
| train/              |          |
|    learning_rate    | 0.0001   |
|    loss             | 1.79     |
|    n_updates        | 5427     |
----------------------------------
----------------------------------
| rollout/            |          |
|    ep_len_mean      | 60       |
|    ep_rew_mean      | 42       |
|    exploration_rate | 0.05     |
| time/               |          |
|    episodes         | 1468     |
|    fps              | 92       |
|    time_elapsed     | 956      |
|    total_timesteps  | 88080    |
| train/              |          |
|    learning_rate    | 0.0001   |
|    loss             | 0.25     |
|    n_updates        | 5442     |
----------------------------------
----------------------------------
| rollout/            |          |
|    ep_len_mean      | 60       |
|    ep_rew_mean      | 42       |
|    exploration_rate | 0.05     |
| time/               |          |
|    episodes         | 1472     |
|    fps              | 91       |
|    time_elapsed     | 960      |
|    total_timesteps  | 88320    |
| train/              |          |
|    learning_rate    | 0.0001   |
|    loss             | 1.54     |
|    n_updates        | 5457     |
----------------------------------
----------------------------------
| rollout/            |          |
|    ep_len_mean      | 60       |
|    ep_rew_mean      | 41.9     |
|    exploration_rate | 0.05     |
| time/               |          |
|    episodes         | 1476     |
|    fps              | 91       |
|    time_elapsed     | 965      |
|    total_timesteps  | 88560    |
| train/              |          |
|    learning_rate    | 0.0001   |
|    loss             | 1.34     |
|    n_updates        | 5472     |
----------------------------------
----------------------------------
| rollout/            |          |
|    ep_len_mean      | 60       |
|    ep_rew_mean      | 42.1     |
|    exploration_rate | 0.05     |
| time/               |          |
|    episodes         | 1480     |
|    fps              | 91       |
|    time_elapsed     | 968      |
|    total_timesteps  | 88800    |
| train/              |          |
|    learning_rate    | 0.0001   |
|    loss             | 0.12     |
|    n_updates        | 5487     |
----------------------------------
----------------------------------
| rollout/            |          |
|    ep_len_mean      | 60       |
|    ep_rew_mean      | 42.2     |
|    exploration_rate | 0.05     |
| time/               |          |
|    episodes         | 1484     |
|    fps              | 91       |
|    time_elapsed     | 972      |
|    total_timesteps  | 89040    |
| train/              |          |
|    learning_rate    | 0.0001   |
|    loss             | 1.57     |
|    n_updates        | 5502     |
----------------------------------
----------------------------------
| rollout/            |          |
|    ep_len_mean      | 60       |
|    ep_rew_mean      | 42.2     |
|    exploration_rate | 0.05     |
| time/               |          |
|    episodes         | 1488     |
|    fps              | 91       |
|    time_elapsed     | 974      |
|    total_timesteps  | 89280    |
| train/              |          |
|    learning_rate    | 0.0001   |
|    loss             | 1.41     |
|    n_updates        | 5517     |
----------------------------------
----------------------------------
| rollout/            |          |
|    ep_len_mean      | 60       |
|    ep_rew_mean      | 42.3     |
|    exploration_rate | 0.05     |
| time/               |          |
|    episodes         | 1492     |
|    fps              | 91       |
|    time_elapsed     | 977      |
|    total_timesteps  | 89520    |
| train/              |          |
|    learning_rate    | 0.0001   |
|    loss             | 0.378    |
|    n_updates        | 5532     |
----------------------------------
----------------------------------
| rollout/            |          |
|    ep_len_mean      | 60       |
|    ep_rew_mean      | 42.5     |
|    exploration_rate | 0.05     |
| time/               |          |
|    episodes         | 1496     |
|    fps              | 91       |
|    time_elapsed     | 980      |
|    total_timesteps  | 89760    |
| train/              |          |
|    learning_rate    | 0.0001   |
|    loss             | 0.262    |
|    n_updates        | 5547     |
----------------------------------
----------------------------------
| rollout/            |          |
|    ep_len_mean      | 60       |
|    ep_rew_mean      | 42.6     |
|    exploration_rate | 0.05     |
| time/               |          |
|    episodes         | 1500     |
|    fps              | 91       |
|    time_elapsed     | 984      |
|    total_timesteps  | 90000    |
| train/              |          |
|    learning_rate    | 0.0001   |
|    loss             | 0.212    |
|    n_updates        | 5562     |
----------------------------------
----------------------------------
| rollout/            |          |
|    ep_len_mean      | 60       |
|    ep_rew_mean      | 42.6     |
|    exploration_rate | 0.05     |
| time/               |          |
|    episodes         | 1504     |
|    fps              | 91       |
|    time_elapsed     | 988      |
|    total_timesteps  | 90240    |
| train/              |          |
|    learning_rate    | 0.0001   |
|    loss             | 0.452    |
|    n_updates        | 5577     |
----------------------------------
----------------------------------
| rollout/            |          |
|    ep_len_mean      | 60       |
|    ep_rew_mean      | 42.8     |
|    exploration_rate | 0.05     |
| time/               |          |
|    episodes         | 1508     |
|    fps              | 91       |
|    time_elapsed     | 992      |
|    total_timesteps  | 90480    |
| train/              |          |
|    learning_rate    | 0.0001   |
|    loss             | 0.264    |
|    n_updates        | 5592     |
----------------------------------
----------------------------------
| rollout/            |          |
|    ep_len_mean      | 60       |
|    ep_rew_mean      | 42.9     |
|    exploration_rate | 0.05     |
| time/               |          |
|    episodes         | 1512     |
|    fps              | 91       |
|    time_elapsed     | 996      |
|    total_timesteps  | 90720    |
| train/              |          |
|    learning_rate    | 0.0001   |
|    loss             | 1.48     |
|    n_updates        | 5607     |
----------------------------------
----------------------------------
| rollout/            |          |
|    ep_len_mean      | 60       |
|    ep_rew_mean      | 43       |
|    exploration_rate | 0.05     |
| time/               |          |
|    episodes         | 1516     |
|    fps              | 90       |
|    time_elapsed     | 1000     |
|    total_timesteps  | 90960    |
| train/              |          |
|    learning_rate    | 0.0001   |
|    loss             | 0.313    |
|    n_updates        | 5622     |
----------------------------------
----------------------------------
| rollout/            |          |
|    ep_len_mean      | 60       |
|    ep_rew_mean      | 42.9     |
|    exploration_rate | 0.05     |
| time/               |          |
|    episodes         | 1520     |
|    fps              | 90       |
|    time_elapsed     | 1004     |
|    total_timesteps  | 91200    |
| train/              |          |
|    learning_rate    | 0.0001   |
|    loss             | 1.52     |
|    n_updates        | 5637     |
----------------------------------
----------------------------------
| rollout/            |          |
|    ep_len_mean      | 60       |
|    ep_rew_mean      | 42.8     |
|    exploration_rate | 0.05     |
| time/               |          |
|    episodes         | 1524     |
|    fps              | 90       |
|    time_elapsed     | 1009     |
|    total_timesteps  | 91440    |
| train/              |          |
|    learning_rate    | 0.0001   |
|    loss             | 2.6      |
|    n_updates        | 5652     |
----------------------------------
----------------------------------
| rollout/            |          |
|    ep_len_mean      | 60       |
|    ep_rew_mean      | 43       |
|    exploration_rate | 0.05     |
| time/               |          |
|    episodes         | 1528     |
|    fps              | 90       |
|    time_elapsed     | 1014     |
|    total_timesteps  | 91680    |
| train/              |          |
|    learning_rate    | 0.0001   |
|    loss             | 1.43     |
|    n_updates        | 5667     |
----------------------------------
----------------------------------
| rollout/            |          |
|    ep_len_mean      | 60       |
|    ep_rew_mean      | 42.7     |
|    exploration_rate | 0.05     |
| time/               |          |
|    episodes         | 1532     |
|    fps              | 90       |
|    time_elapsed     | 1018     |
|    total_timesteps  | 91920    |
| train/              |          |
|    learning_rate    | 0.0001   |
|    loss             | 0.0813   |
|    n_updates        | 5682     |
----------------------------------
----------------------------------
| rollout/            |          |
|    ep_len_mean      | 60       |
|    ep_rew_mean      | 42.8     |
|    exploration_rate | 0.05     |
| time/               |          |
|    episodes         | 1536     |
|    fps              | 90       |
|    time_elapsed     | 1022     |
|    total_timesteps  | 92160    |
| train/              |          |
|    learning_rate    | 0.0001   |
|    loss             | 1.33     |
|    n_updates        | 5697     |
----------------------------------
----------------------------------
| rollout/            |          |
|    ep_len_mean      | 60       |
|    ep_rew_mean      | 42.8     |
|    exploration_rate | 0.05     |
| time/               |          |
|    episodes         | 1540     |
|    fps              | 89       |
|    time_elapsed     | 1027     |
|    total_timesteps  | 92400    |
| train/              |          |
|    learning_rate    | 0.0001   |
|    loss             | 1.59     |
|    n_updates        | 5712     |
----------------------------------
----------------------------------
| rollout/            |          |
|    ep_len_mean      | 60       |
|    ep_rew_mean      | 42.9     |
|    exploration_rate | 0.05     |
| time/               |          |
|    episodes         | 1544     |
|    fps              | 89       |
|    time_elapsed     | 1031     |
|    total_timesteps  | 92640    |
| train/              |          |
|    learning_rate    | 0.0001   |
|    loss             | 5.3      |
|    n_updates        | 5727     |
----------------------------------
----------------------------------
| rollout/            |          |
|    ep_len_mean      | 60       |
|    ep_rew_mean      | 42.9     |
|    exploration_rate | 0.05     |
| time/               |          |
|    episodes         | 1548     |
|    fps              | 89       |
|    time_elapsed     | 1036     |
|    total_timesteps  | 92880    |
| train/              |          |
|    learning_rate    | 0.0001   |
|    loss             | 0.198    |
|    n_updates        | 5742     |
----------------------------------
----------------------------------
| rollout/            |          |
|    ep_len_mean      | 60       |
|    ep_rew_mean      | 43       |
|    exploration_rate | 0.05     |
| time/               |          |
|    episodes         | 1552     |
|    fps              | 89       |
|    time_elapsed     | 1040     |
|    total_timesteps  | 93120    |
| train/              |          |
|    learning_rate    | 0.0001   |
|    loss             | 0.135    |
|    n_updates        | 5757     |
----------------------------------
----------------------------------
| rollout/            |          |
|    ep_len_mean      | 60       |
|    ep_rew_mean      | 43       |
|    exploration_rate | 0.05     |
| time/               |          |
|    episodes         | 1556     |
|    fps              | 89       |
|    time_elapsed     | 1042     |
|    total_timesteps  | 93360    |
| train/              |          |
|    learning_rate    | 0.0001   |
|    loss             | 0.382    |
|    n_updates        | 5772     |
----------------------------------
----------------------------------
| rollout/            |          |
|    ep_len_mean      | 60       |
|    ep_rew_mean      | 42.9     |
|    exploration_rate | 0.05     |
| time/               |          |
|    episodes         | 1560     |
|    fps              | 89       |
|    time_elapsed     | 1044     |
|    total_timesteps  | 93600    |
| train/              |          |
|    learning_rate    | 0.0001   |
|    loss             | 0.14     |
|    n_updates        | 5787     |
----------------------------------
----------------------------------
| rollout/            |          |
|    ep_len_mean      | 60       |
|    ep_rew_mean      | 42.9     |
|    exploration_rate | 0.05     |
| time/               |          |
|    episodes         | 1564     |
|    fps              | 89       |
|    time_elapsed     | 1047     |
|    total_timesteps  | 93840    |
| train/              |          |
|    learning_rate    | 0.0001   |
|    loss             | 0.402    |
|    n_updates        | 5802     |
----------------------------------
----------------------------------
| rollout/            |          |
|    ep_len_mean      | 60       |
|    ep_rew_mean      | 42.9     |
|    exploration_rate | 0.05     |
| time/               |          |
|    episodes         | 1568     |
|    fps              | 89       |
|    time_elapsed     | 1049     |
|    total_timesteps  | 94080    |
| train/              |          |
|    learning_rate    | 0.0001   |
|    loss             | 2.93     |
|    n_updates        | 5817     |
----------------------------------
----------------------------------
| rollout/            |          |
|    ep_len_mean      | 60       |
|    ep_rew_mean      | 43       |
|    exploration_rate | 0.05     |
| time/               |          |
|    episodes         | 1572     |
|    fps              | 89       |
|    time_elapsed     | 1054     |
|    total_timesteps  | 94320    |
| train/              |          |
|    learning_rate    | 0.0001   |
|    loss             | 0.258    |
|    n_updates        | 5832     |
----------------------------------
----------------------------------
| rollout/            |          |
|    ep_len_mean      | 60       |
|    ep_rew_mean      | 43.2     |
|    exploration_rate | 0.05     |
| time/               |          |
|    episodes         | 1576     |
|    fps              | 89       |
|    time_elapsed     | 1058     |
|    total_timesteps  | 94560    |
| train/              |          |
|    learning_rate    | 0.0001   |
|    loss             | 1.45     |
|    n_updates        | 5847     |
----------------------------------
----------------------------------
| rollout/            |          |
|    ep_len_mean      | 60       |
|    ep_rew_mean      | 43       |
|    exploration_rate | 0.05     |
| time/               |          |
|    episodes         | 1580     |
|    fps              | 89       |
|    time_elapsed     | 1062     |
|    total_timesteps  | 94800    |
| train/              |          |
|    learning_rate    | 0.0001   |
|    loss             | 0.284    |
|    n_updates        | 5862     |
----------------------------------
----------------------------------
| rollout/            |          |
|    ep_len_mean      | 60       |
|    ep_rew_mean      | 42.9     |
|    exploration_rate | 0.05     |
| time/               |          |
|    episodes         | 1584     |
|    fps              | 89       |
|    time_elapsed     | 1065     |
|    total_timesteps  | 95040    |
| train/              |          |
|    learning_rate    | 0.0001   |
|    loss             | 0.17     |
|    n_updates        | 5877     |
----------------------------------
----------------------------------
| rollout/            |          |
|    ep_len_mean      | 60       |
|    ep_rew_mean      | 42.8     |
|    exploration_rate | 0.05     |
| time/               |          |
|    episodes         | 1588     |
|    fps              | 89       |
|    time_elapsed     | 1068     |
|    total_timesteps  | 95280    |
| train/              |          |
|    learning_rate    | 0.0001   |
|    loss             | 0.15     |
|    n_updates        | 5892     |
----------------------------------
----------------------------------
| rollout/            |          |
|    ep_len_mean      | 60       |
|    ep_rew_mean      | 42.9     |
|    exploration_rate | 0.05     |
| time/               |          |
|    episodes         | 1592     |
|    fps              | 89       |
|    time_elapsed     | 1071     |
|    total_timesteps  | 95520    |
| train/              |          |
|    learning_rate    | 0.0001   |
|    loss             | 0.254    |
|    n_updates        | 5907     |
----------------------------------
----------------------------------
| rollout/            |          |
|    ep_len_mean      | 60       |
|    ep_rew_mean      | 42.8     |
|    exploration_rate | 0.05     |
| time/               |          |
|    episodes         | 1596     |
|    fps              | 89       |
|    time_elapsed     | 1074     |
|    total_timesteps  | 95760    |
| train/              |          |
|    learning_rate    | 0.0001   |
|    loss             | 1.42     |
|    n_updates        | 5922     |
----------------------------------
----------------------------------
| rollout/            |          |
|    ep_len_mean      | 60       |
|    ep_rew_mean      | 42.8     |
|    exploration_rate | 0.05     |
| time/               |          |
|    episodes         | 1600     |
|    fps              | 89       |
|    time_elapsed     | 1077     |
|    total_timesteps  | 96000    |
| train/              |          |
|    learning_rate    | 0.0001   |
|    loss             | 1.54     |
|    n_updates        | 5937     |
----------------------------------
----------------------------------
| rollout/            |          |
|    ep_len_mean      | 60       |
|    ep_rew_mean      | 42.7     |
|    exploration_rate | 0.05     |
| time/               |          |
|    episodes         | 1604     |
|    fps              | 89       |
|    time_elapsed     | 1080     |
|    total_timesteps  | 96240    |
| train/              |          |
|    learning_rate    | 0.0001   |
|    loss             | 0.237    |
|    n_updates        | 5952     |
----------------------------------
----------------------------------
| rollout/            |          |
|    ep_len_mean      | 60       |
|    ep_rew_mean      | 42.5     |
|    exploration_rate | 0.05     |
| time/               |          |
|    episodes         | 1608     |
|    fps              | 89       |
|    time_elapsed     | 1083     |
|    total_timesteps  | 96480    |
| train/              |          |
|    learning_rate    | 0.0001   |
|    loss             | 0.208    |
|    n_updates        | 5967     |
----------------------------------
----------------------------------
| rollout/            |          |
|    ep_len_mean      | 60       |
|    ep_rew_mean      | 42.4     |
|    exploration_rate | 0.05     |
| time/               |          |
|    episodes         | 1612     |
|    fps              | 88       |
|    time_elapsed     | 1089     |
|    total_timesteps  | 96720    |
| train/              |          |
|    learning_rate    | 0.0001   |
|    loss             | 1.54     |
|    n_updates        | 5982     |
----------------------------------
----------------------------------
| rollout/            |          |
|    ep_len_mean      | 60       |
|    ep_rew_mean      | 42.3     |
|    exploration_rate | 0.05     |
| time/               |          |
|    episodes         | 1616     |
|    fps              | 88       |
|    time_elapsed     | 1093     |
|    total_timesteps  | 96960    |
| train/              |          |
|    learning_rate    | 0.0001   |
|    loss             | 0.322    |
|    n_updates        | 5997     |
----------------------------------
----------------------------------
| rollout/            |          |
|    ep_len_mean      | 60       |
|    ep_rew_mean      | 42.4     |
|    exploration_rate | 0.05     |
| time/               |          |
|    episodes         | 1620     |
|    fps              | 88       |
|    time_elapsed     | 1098     |
|    total_timesteps  | 97200    |
| train/              |          |
|    learning_rate    | 0.0001   |
|    loss             | 0.286    |
|    n_updates        | 6012     |
----------------------------------
----------------------------------
| rollout/            |          |
|    ep_len_mean      | 60       |
|    ep_rew_mean      | 42.4     |
|    exploration_rate | 0.05     |
| time/               |          |
|    episodes         | 1624     |
|    fps              | 88       |
|    time_elapsed     | 1102     |
|    total_timesteps  | 97440    |
| train/              |          |
|    learning_rate    | 0.0001   |
|    loss             | 0.115    |
|    n_updates        | 6027     |
----------------------------------
----------------------------------
| rollout/            |          |
|    ep_len_mean      | 60       |
|    ep_rew_mean      | 42.3     |
|    exploration_rate | 0.05     |
| time/               |          |
|    episodes         | 1628     |
|    fps              | 88       |
|    time_elapsed     | 1106     |
|    total_timesteps  | 97680    |
| train/              |          |
|    learning_rate    | 0.0001   |
|    loss             | 0.057    |
|    n_updates        | 6042     |
----------------------------------
----------------------------------
| rollout/            |          |
|    ep_len_mean      | 60       |
|    ep_rew_mean      | 42.5     |
|    exploration_rate | 0.05     |
| time/               |          |
|    episodes         | 1632     |
|    fps              | 88       |
|    time_elapsed     | 1110     |
|    total_timesteps  | 97920    |
| train/              |          |
|    learning_rate    | 0.0001   |
|    loss             | 0.24     |
|    n_updates        | 6057     |
----------------------------------
----------------------------------
| rollout/            |          |
|    ep_len_mean      | 60       |
|    ep_rew_mean      | 42.7     |
|    exploration_rate | 0.05     |
| time/               |          |
|    episodes         | 1636     |
|    fps              | 88       |
|    time_elapsed     | 1114     |
|    total_timesteps  | 98160    |
| train/              |          |
|    learning_rate    | 0.0001   |
|    loss             | 0.286    |
|    n_updates        | 6072     |
----------------------------------
----------------------------------
| rollout/            |          |
|    ep_len_mean      | 60       |
|    ep_rew_mean      | 42.7     |
|    exploration_rate | 0.05     |
| time/               |          |
|    episodes         | 1640     |
|    fps              | 88       |
|    time_elapsed     | 1118     |
|    total_timesteps  | 98400    |
| train/              |          |
|    learning_rate    | 0.0001   |
|    loss             | 1.4      |
|    n_updates        | 6087     |
----------------------------------
----------------------------------
| rollout/            |          |
|    ep_len_mean      | 60       |
|    ep_rew_mean      | 42.7     |
|    exploration_rate | 0.05     |
| time/               |          |
|    episodes         | 1644     |
|    fps              | 87       |
|    time_elapsed     | 1121     |
|    total_timesteps  | 98640    |
| train/              |          |
|    learning_rate    | 0.0001   |
|    loss             | 1.75     |
|    n_updates        | 6102     |
----------------------------------
----------------------------------
| rollout/            |          |
|    ep_len_mean      | 60       |
|    ep_rew_mean      | 42.6     |
|    exploration_rate | 0.05     |
| time/               |          |
|    episodes         | 1648     |
|    fps              | 87       |
|    time_elapsed     | 1125     |
|    total_timesteps  | 98880    |
| train/              |          |
|    learning_rate    | 0.0001   |
|    loss             | 1.53     |
|    n_updates        | 6117     |
----------------------------------
----------------------------------
| rollout/            |          |
|    ep_len_mean      | 60       |
|    ep_rew_mean      | 42.6     |
|    exploration_rate | 0.05     |
| time/               |          |
|    episodes         | 1652     |
|    fps              | 87       |
|    time_elapsed     | 1127     |
|    total_timesteps  | 99120    |
| train/              |          |
|    learning_rate    | 0.0001   |
|    loss             | 1.49     |
|    n_updates        | 6132     |
----------------------------------
----------------------------------
| rollout/            |          |
|    ep_len_mean      | 60       |
|    ep_rew_mean      | 42.4     |
|    exploration_rate | 0.05     |
| time/               |          |
|    episodes         | 1656     |
|    fps              | 87       |
|    time_elapsed     | 1130     |
|    total_timesteps  | 99360    |
| train/              |          |
|    learning_rate    | 0.0001   |
|    loss             | 0.171    |
|    n_updates        | 6147     |
----------------------------------
----------------------------------
| rollout/            |          |
|    ep_len_mean      | 60       |
|    ep_rew_mean      | 42.4     |
|    exploration_rate | 0.05     |
| time/               |          |
|    episodes         | 1660     |
|    fps              | 87       |
|    time_elapsed     | 1132     |
|    total_timesteps  | 99600    |
| train/              |          |
|    learning_rate    | 0.0001   |
|    loss             | 0.0922   |
|    n_updates        | 6162     |
----------------------------------
----------------------------------
| rollout/            |          |
|    ep_len_mean      | 60       |
|    ep_rew_mean      | 42.4     |
|    exploration_rate | 0.05     |
| time/               |          |
|    episodes         | 1664     |
|    fps              | 87       |
|    time_elapsed     | 1135     |
|    total_timesteps  | 99840    |
| train/              |          |
|    learning_rate    | 0.0001   |
|    loss             | 0.245    |
|    n_updates        | 6177     |
----------------------------------
  saved model: D:\Projects\TN+NTN\drl\models_s\dqn_seed0.zip
  evaluating dqn seed=0 (200 episodes)...
    dqn seed=0 eval: 20/200 episodes
    dqn seed=0 eval: 40/200 episodes
    dqn seed=0 eval: 60/200 episodes
    dqn seed=0 eval: 80/200 episodes
    dqn seed=0 eval: 100/200 episodes
    dqn seed=0 eval: 120/200 episodes
    dqn seed=0 eval: 140/200 episodes
    dqn seed=0 eval: 160/200 episodes
    dqn seed=0 eval: 180/200 episodes
    dqn seed=0 eval: 200/200 episodes
  training dqn seed=1 ...
Using cpu device
----------------------------------
| rollout/            |          |
|    ep_len_mean      | 60       |
|    ep_rew_mean      | -2.03    |
|    exploration_rate | 0.977    |
| time/               |          |
|    episodes         | 4        |
|    fps              | 68       |
|    time_elapsed     | 3        |
|    total_timesteps  | 240      |
----------------------------------
----------------------------------
| rollout/            |          |
|    ep_len_mean      | 60       |
|    ep_rew_mean      | 1.96     |
|    exploration_rate | 0.954    |
| time/               |          |
|    episodes         | 8        |
|    fps              | 70       |
|    time_elapsed     | 6        |
|    total_timesteps  | 480      |
----------------------------------
----------------------------------
| rollout/            |          |
|    ep_len_mean      | 60       |
|    ep_rew_mean      | 0.679    |
|    exploration_rate | 0.932    |
| time/               |          |
|    episodes         | 12       |
|    fps              | 81       |
|    time_elapsed     | 8        |
|    total_timesteps  | 720      |
----------------------------------
----------------------------------
| rollout/            |          |
|    ep_len_mean      | 60       |
|    ep_rew_mean      | 1.94     |
|    exploration_rate | 0.909    |
| time/               |          |
|    episodes         | 16       |
|    fps              | 82       |
|    time_elapsed     | 11       |
|    total_timesteps  | 960      |
----------------------------------
----------------------------------
| rollout/            |          |
|    ep_len_mean      | 60       |
|    ep_rew_mean      | 0.853    |
|    exploration_rate | 0.886    |
| time/               |          |
|    episodes         | 20       |
|    fps              | 83       |
|    time_elapsed     | 14       |
|    total_timesteps  | 1200     |
| train/              |          |
|    learning_rate    | 0.0001   |
|    loss             | 0.288    |
|    n_updates        | 12       |
----------------------------------
----------------------------------
| rollout/            |          |
|    ep_len_mean      | 60       |
|    ep_rew_mean      | 0.76     |
|    exploration_rate | 0.863    |
| time/               |          |
|    episodes         | 24       |
|    fps              | 86       |
|    time_elapsed     | 16       |
|    total_timesteps  | 1440     |
| train/              |          |
|    learning_rate    | 0.0001   |
|    loss             | 0.31     |
|    n_updates        | 27       |
----------------------------------
----------------------------------
| rollout/            |          |
|    ep_len_mean      | 60       |
|    ep_rew_mean      | 1.87     |
|    exploration_rate | 0.84     |
| time/               |          |
|    episodes         | 28       |
|    fps              | 86       |
|    time_elapsed     | 19       |
|    total_timesteps  | 1680     |
| train/              |          |
|    learning_rate    | 0.0001   |
|    loss             | 0.315    |
|    n_updates        | 42       |
----------------------------------
----------------------------------
| rollout/            |          |
|    ep_len_mean      | 60       |
|    ep_rew_mean      | 2.96     |
|    exploration_rate | 0.818    |
| time/               |          |
|    episodes         | 32       |
|    fps              | 85       |
|    time_elapsed     | 22       |
|    total_timesteps  | 1920     |
| train/              |          |
|    learning_rate    | 0.0001   |
|    loss             | 0.272    |
|    n_updates        | 57       |
----------------------------------
----------------------------------
| rollout/            |          |
|    ep_len_mean      | 60       |
|    ep_rew_mean      | 3.88     |
|    exploration_rate | 0.795    |
| time/               |          |
|    episodes         | 36       |
|    fps              | 84       |
|    time_elapsed     | 25       |
|    total_timesteps  | 2160     |
| train/              |          |
|    learning_rate    | 0.0001   |
|    loss             | 0.285    |
|    n_updates        | 72       |
----------------------------------
----------------------------------
| rollout/            |          |
|    ep_len_mean      | 60       |
|    ep_rew_mean      | 4.38     |
|    exploration_rate | 0.772    |
| time/               |          |
|    episodes         | 40       |
|    fps              | 82       |
|    time_elapsed     | 29       |
|    total_timesteps  | 2400     |
| train/              |          |
|    learning_rate    | 0.0001   |
|    loss             | 0.278    |
|    n_updates        | 87       |
----------------------------------
----------------------------------
| rollout/            |          |
|    ep_len_mean      | 60       |
|    ep_rew_mean      | 4.65     |
|    exploration_rate | 0.749    |
| time/               |          |
|    episodes         | 44       |
|    fps              | 81       |
|    time_elapsed     | 32       |
|    total_timesteps  | 2640     |
| train/              |          |
|    learning_rate    | 0.0001   |
|    loss             | 0.274    |
|    n_updates        | 102      |
----------------------------------
----------------------------------
| rollout/            |          |
|    ep_len_mean      | 60       |
|    ep_rew_mean      | 5.26     |
|    exploration_rate | 0.726    |
| time/               |          |
|    episodes         | 48       |
|    fps              | 79       |
|    time_elapsed     | 36       |
|    total_timesteps  | 2880     |
| train/              |          |
|    learning_rate    | 0.0001   |
|    loss             | 0.225    |
|    n_updates        | 117      |
----------------------------------
----------------------------------
| rollout/            |          |
|    ep_len_mean      | 60       |
|    ep_rew_mean      | 5.24     |
|    exploration_rate | 0.704    |
| time/               |          |
|    episodes         | 52       |
|    fps              | 79       |
|    time_elapsed     | 39       |
|    total_timesteps  | 3120     |
| train/              |          |
|    learning_rate    | 0.0001   |
|    loss             | 0.264    |
|    n_updates        | 132      |
----------------------------------
----------------------------------
| rollout/            |          |
|    ep_len_mean      | 60       |
|    ep_rew_mean      | 6.2      |
|    exploration_rate | 0.681    |
| time/               |          |
|    episodes         | 56       |
|    fps              | 78       |
|    time_elapsed     | 42       |
|    total_timesteps  | 3360     |
| train/              |          |
|    learning_rate    | 0.0001   |
|    loss             | 0.237    |
|    n_updates        | 147      |
----------------------------------
----------------------------------
| rollout/            |          |
|    ep_len_mean      | 60       |
|    ep_rew_mean      | 6.89     |
|    exploration_rate | 0.658    |
| time/               |          |
|    episodes         | 60       |
|    fps              | 76       |
|    time_elapsed     | 46       |
|    total_timesteps  | 3600     |
| train/              |          |
|    learning_rate    | 0.0001   |
|    loss             | 0.208    |
|    n_updates        | 162      |
----------------------------------
----------------------------------
| rollout/            |          |
|    ep_len_mean      | 60       |
|    ep_rew_mean      | 6.62     |
|    exploration_rate | 0.635    |
| time/               |          |
|    episodes         | 64       |
|    fps              | 76       |
|    time_elapsed     | 49       |
|    total_timesteps  | 3840     |
| train/              |          |
|    learning_rate    | 0.0001   |
|    loss             | 0.178    |
|    n_updates        | 177      |
----------------------------------
----------------------------------
| rollout/            |          |
|    ep_len_mean      | 60       |
|    ep_rew_mean      | 6.66     |
|    exploration_rate | 0.612    |
| time/               |          |
|    episodes         | 68       |
|    fps              | 75       |
|    time_elapsed     | 53       |
|    total_timesteps  | 4080     |
| train/              |          |
|    learning_rate    | 0.0001   |
|    loss             | 0.287    |
|    n_updates        | 192      |
----------------------------------
----------------------------------
| rollout/            |          |
|    ep_len_mean      | 60       |
|    ep_rew_mean      | 6.68     |
|    exploration_rate | 0.59     |
| time/               |          |
|    episodes         | 72       |
|    fps              | 76       |
|    time_elapsed     | 56       |
|    total_timesteps  | 4320     |
| train/              |          |
|    learning_rate    | 0.0001   |
|    loss             | 0.27     |
|    n_updates        | 207      |
----------------------------------
----------------------------------
| rollout/            |          |
|    ep_len_mean      | 60       |
|    ep_rew_mean      | 6.55     |
|    exploration_rate | 0.567    |
| time/               |          |
|    episodes         | 76       |
|    fps              | 75       |
|    time_elapsed     | 60       |
|    total_timesteps  | 4560     |
| train/              |          |
|    learning_rate    | 0.0001   |
|    loss             | 0.214    |
|    n_updates        | 222      |
----------------------------------
----------------------------------
| rollout/            |          |
|    ep_len_mean      | 60       |
|    ep_rew_mean      | 7        |
|    exploration_rate | 0.544    |
| time/               |          |
|    episodes         | 80       |
|    fps              | 75       |
|    time_elapsed     | 63       |
|    total_timesteps  | 4800     |
| train/              |          |
|    learning_rate    | 0.0001   |
|    loss             | 0.219    |
|    n_updates        | 237      |
----------------------------------
----------------------------------
| rollout/            |          |
|    ep_len_mean      | 60       |
|    ep_rew_mean      | 7.33     |
|    exploration_rate | 0.521    |
| time/               |          |
|    episodes         | 84       |
|    fps              | 75       |
|    time_elapsed     | 66       |
|    total_timesteps  | 5040     |
| train/              |          |
|    learning_rate    | 0.0001   |
|    loss             | 0.326    |
|    n_updates        | 252      |
----------------------------------
----------------------------------
| rollout/            |          |
|    ep_len_mean      | 60       |
|    ep_rew_mean      | 7.62     |
|    exploration_rate | 0.498    |
| time/               |          |
|    episodes         | 88       |
|    fps              | 76       |
|    time_elapsed     | 69       |
|    total_timesteps  | 5280     |
| train/              |          |
|    learning_rate    | 0.0001   |
|    loss             | 0.348    |
|    n_updates        | 267      |
----------------------------------
----------------------------------
| rollout/            |          |
|    ep_len_mean      | 60       |
|    ep_rew_mean      | 7.15     |
|    exploration_rate | 0.476    |
| time/               |          |
|    episodes         | 92       |
|    fps              | 77       |
|    time_elapsed     | 71       |
|    total_timesteps  | 5520     |
| train/              |          |
|    learning_rate    | 0.0001   |
|    loss             | 0.224    |
|    n_updates        | 282      |
----------------------------------
----------------------------------
| rollout/            |          |
|    ep_len_mean      | 60       |
|    ep_rew_mean      | 7.15     |
|    exploration_rate | 0.453    |
| time/               |          |
|    episodes         | 96       |
|    fps              | 78       |
|    time_elapsed     | 73       |
|    total_timesteps  | 5760     |
| train/              |          |
|    learning_rate    | 0.0001   |
|    loss             | 0.181    |
|    n_updates        | 297      |
----------------------------------
----------------------------------
| rollout/            |          |
|    ep_len_mean      | 60       |
|    ep_rew_mean      | 7.77     |
|    exploration_rate | 0.43     |
| time/               |          |
|    episodes         | 100      |
|    fps              | 79       |
|    time_elapsed     | 75       |
|    total_timesteps  | 6000     |
| train/              |          |
|    learning_rate    | 0.0001   |
|    loss             | 0.226    |
|    n_updates        | 312      |
----------------------------------
----------------------------------
| rollout/            |          |
|    ep_len_mean      | 60       |
|    ep_rew_mean      | 8.58     |
|    exploration_rate | 0.407    |
| time/               |          |
|    episodes         | 104      |
|    fps              | 80       |
|    time_elapsed     | 77       |
|    total_timesteps  | 6240     |
| train/              |          |
|    learning_rate    | 0.0001   |
|    loss             | 0.277    |
|    n_updates        | 327      |
----------------------------------
----------------------------------
| rollout/            |          |
|    ep_len_mean      | 60       |
|    ep_rew_mean      | 8.8      |
|    exploration_rate | 0.384    |
| time/               |          |
|    episodes         | 108      |
|    fps              | 80       |
|    time_elapsed     | 80       |
|    total_timesteps  | 6480     |
| train/              |          |
|    learning_rate    | 0.0001   |
|    loss             | 0.324    |
|    n_updates        | 342      |
----------------------------------
----------------------------------
| rollout/            |          |
|    ep_len_mean      | 60       |
|    ep_rew_mean      | 9.8      |
|    exploration_rate | 0.362    |
| time/               |          |
|    episodes         | 112      |
|    fps              | 81       |
|    time_elapsed     | 82       |
|    total_timesteps  | 6720     |
| train/              |          |
|    learning_rate    | 0.0001   |
|    loss             | 0.227    |
|    n_updates        | 357      |
----------------------------------
----------------------------------
| rollout/            |          |
|    ep_len_mean      | 60       |
|    ep_rew_mean      | 10.8     |
|    exploration_rate | 0.339    |
| time/               |          |
|    episodes         | 116      |
|    fps              | 81       |
|    time_elapsed     | 85       |
|    total_timesteps  | 6960     |
| train/              |          |
|    learning_rate    | 0.0001   |
|    loss             | 0.25     |
|    n_updates        | 372      |
----------------------------------
----------------------------------
| rollout/            |          |
|    ep_len_mean      | 60       |
|    ep_rew_mean      | 11.4     |
|    exploration_rate | 0.316    |
| time/               |          |
|    episodes         | 120      |
|    fps              | 81       |
|    time_elapsed     | 87       |
|    total_timesteps  | 7200     |
| train/              |          |
|    learning_rate    | 0.0001   |
|    loss             | 0.274    |
|    n_updates        | 387      |
----------------------------------
----------------------------------
| rollout/            |          |
|    ep_len_mean      | 60       |
|    ep_rew_mean      | 12.4     |
|    exploration_rate | 0.293    |
| time/               |          |
|    episodes         | 124      |
|    fps              | 80       |
|    time_elapsed     | 91       |
|    total_timesteps  | 7440     |
| train/              |          |
|    learning_rate    | 0.0001   |
|    loss             | 0.255    |
|    n_updates        | 402      |
----------------------------------
----------------------------------
| rollout/            |          |
|    ep_len_mean      | 60       |
|    ep_rew_mean      | 13.3     |
|    exploration_rate | 0.27     |
| time/               |          |
|    episodes         | 128      |
|    fps              | 80       |
|    time_elapsed     | 95       |
|    total_timesteps  | 7680     |
| train/              |          |
|    learning_rate    | 0.0001   |
|    loss             | 0.279    |
|    n_updates        | 417      |
----------------------------------
----------------------------------
| rollout/            |          |
|    ep_len_mean      | 60       |
|    ep_rew_mean      | 14       |
|    exploration_rate | 0.248    |
| time/               |          |
|    episodes         | 132      |
|    fps              | 79       |
|    time_elapsed     | 99       |
|    total_timesteps  | 7920     |
| train/              |          |
|    learning_rate    | 0.0001   |
|    loss             | 0.207    |
|    n_updates        | 432      |
----------------------------------
----------------------------------
| rollout/            |          |
|    ep_len_mean      | 60       |
|    ep_rew_mean      | 15       |
|    exploration_rate | 0.225    |
| time/               |          |
|    episodes         | 136      |
|    fps              | 79       |
|    time_elapsed     | 102      |
|    total_timesteps  | 8160     |
| train/              |          |
|    learning_rate    | 0.0001   |
|    loss             | 0.437    |
|    n_updates        | 447      |
----------------------------------
----------------------------------
| rollout/            |          |
|    ep_len_mean      | 60       |
|    ep_rew_mean      | 16       |
|    exploration_rate | 0.202    |
| time/               |          |
|    episodes         | 140      |
|    fps              | 78       |
|    time_elapsed     | 106      |
|    total_timesteps  | 8400     |
| train/              |          |
|    learning_rate    | 0.0001   |
|    loss             | 0.277    |
|    n_updates        | 462      |
----------------------------------
----------------------------------
| rollout/            |          |
|    ep_len_mean      | 60       |
|    ep_rew_mean      | 17.1     |
|    exploration_rate | 0.179    |
| time/               |          |
|    episodes         | 144      |
|    fps              | 78       |
|    time_elapsed     | 110      |
|    total_timesteps  | 8640     |
| train/              |          |
|    learning_rate    | 0.0001   |
|    loss             | 0.122    |
|    n_updates        | 477      |
----------------------------------
----------------------------------
| rollout/            |          |
|    ep_len_mean      | 60       |
|    ep_rew_mean      | 17.9     |
|    exploration_rate | 0.156    |
| time/               |          |
|    episodes         | 148      |
|    fps              | 76       |
|    time_elapsed     | 115      |
|    total_timesteps  | 8880     |
| train/              |          |
|    learning_rate    | 0.0001   |
|    loss             | 0.289    |
|    n_updates        | 492      |
----------------------------------
----------------------------------
| rollout/            |          |
|    ep_len_mean      | 60       |
|    ep_rew_mean      | 19.2     |
|    exploration_rate | 0.134    |
| time/               |          |
|    episodes         | 152      |
|    fps              | 76       |
|    time_elapsed     | 119      |
|    total_timesteps  | 9120     |
| train/              |          |
|    learning_rate    | 0.0001   |
|    loss             | 0.331    |
|    n_updates        | 507      |
----------------------------------
----------------------------------
| rollout/            |          |
|    ep_len_mean      | 60       |
|    ep_rew_mean      | 20       |
|    exploration_rate | 0.111    |
| time/               |          |
|    episodes         | 156      |
|    fps              | 75       |
|    time_elapsed     | 123      |
|    total_timesteps  | 9360     |
| train/              |          |
|    learning_rate    | 0.0001   |
|    loss             | 0.304    |
|    n_updates        | 522      |
----------------------------------
----------------------------------
| rollout/            |          |
|    ep_len_mean      | 60       |
|    ep_rew_mean      | 20.9     |
|    exploration_rate | 0.088    |
| time/               |          |
|    episodes         | 160      |
|    fps              | 75       |
|    time_elapsed     | 127      |
|    total_timesteps  | 9600     |
| train/              |          |
|    learning_rate    | 0.0001   |
|    loss             | 0.216    |
|    n_updates        | 537      |
----------------------------------
----------------------------------
| rollout/            |          |
|    ep_len_mean      | 60       |
|    ep_rew_mean      | 22.4     |
|    exploration_rate | 0.0652   |
| time/               |          |
|    episodes         | 164      |
|    fps              | 74       |
|    time_elapsed     | 131      |
|    total_timesteps  | 9840     |
| train/              |          |
|    learning_rate    | 0.0001   |
|    loss             | 0.239    |
|    n_updates        | 552      |
----------------------------------
----------------------------------
| rollout/            |          |
|    ep_len_mean      | 60       |
|    ep_rew_mean      | 23.5     |
|    exploration_rate | 0.05     |
| time/               |          |
|    episodes         | 168      |
|    fps              | 74       |
|    time_elapsed     | 135      |
|    total_timesteps  | 10080    |
| train/              |          |
|    learning_rate    | 0.0001   |
|    loss             | 0.352    |
|    n_updates        | 567      |
----------------------------------
----------------------------------
| rollout/            |          |
|    ep_len_mean      | 60       |
|    ep_rew_mean      | 24.9     |
|    exploration_rate | 0.05     |
| time/               |          |
|    episodes         | 172      |
|    fps              | 74       |
|    time_elapsed     | 138      |
|    total_timesteps  | 10320    |
| train/              |          |
|    learning_rate    | 0.0001   |
|    loss             | 0.233    |
|    n_updates        | 582      |
----------------------------------
----------------------------------
| rollout/            |          |
|    ep_len_mean      | 60       |
|    ep_rew_mean      | 26.3     |
|    exploration_rate | 0.05     |
| time/               |          |
|    episodes         | 176      |
|    fps              | 74       |
|    time_elapsed     | 142      |
|    total_timesteps  | 10560    |
| train/              |          |
|    learning_rate    | 0.0001   |
|    loss             | 0.28     |
|    n_updates        | 597      |
----------------------------------
----------------------------------
| rollout/            |          |
|    ep_len_mean      | 60       |
|    ep_rew_mean      | 27.2     |
|    exploration_rate | 0.05     |
| time/               |          |
|    episodes         | 180      |
|    fps              | 73       |
|    time_elapsed     | 146      |
|    total_timesteps  | 10800    |
| train/              |          |
|    learning_rate    | 0.0001   |
|    loss             | 0.198    |
|    n_updates        | 612      |
----------------------------------
----------------------------------
| rollout/            |          |
|    ep_len_mean      | 60       |
|    ep_rew_mean      | 28.3     |
|    exploration_rate | 0.05     |
| time/               |          |
|    episodes         | 184      |
|    fps              | 73       |
|    time_elapsed     | 150      |
|    total_timesteps  | 11040    |
| train/              |          |
|    learning_rate    | 0.0001   |
|    loss             | 0.393    |
|    n_updates        | 627      |
----------------------------------
----------------------------------
| rollout/            |          |
|    ep_len_mean      | 60       |
|    ep_rew_mean      | 29.4     |
|    exploration_rate | 0.05     |
| time/               |          |
|    episodes         | 188      |
|    fps              | 72       |
|    time_elapsed     | 154      |
|    total_timesteps  | 11280    |
| train/              |          |
|    learning_rate    | 0.0001   |
|    loss             | 0.293    |
|    n_updates        | 642      |
----------------------------------
----------------------------------
| rollout/            |          |
|    ep_len_mean      | 60       |
|    ep_rew_mean      | 31       |
|    exploration_rate | 0.05     |
| time/               |          |
|    episodes         | 192      |
|    fps              | 72       |
|    time_elapsed     | 159      |
|    total_timesteps  | 11520    |
| train/              |          |
|    learning_rate    | 0.0001   |
|    loss             | 0.239    |
|    n_updates        | 657      |
----------------------------------
----------------------------------
| rollout/            |          |
|    ep_len_mean      | 60       |
|    ep_rew_mean      | 32.5     |
|    exploration_rate | 0.05     |
| time/               |          |
|    episodes         | 196      |
|    fps              | 71       |
|    time_elapsed     | 164      |
|    total_timesteps  | 11760    |
| train/              |          |
|    learning_rate    | 0.0001   |
|    loss             | 0.309    |
|    n_updates        | 672      |
----------------------------------
----------------------------------
| rollout/            |          |
|    ep_len_mean      | 60       |
|    ep_rew_mean      | 33.2     |
|    exploration_rate | 0.05     |
| time/               |          |
|    episodes         | 200      |
|    fps              | 70       |
|    time_elapsed     | 169      |
|    total_timesteps  | 12000    |
| train/              |          |
|    learning_rate    | 0.0001   |
|    loss             | 0.266    |
|    n_updates        | 687      |
----------------------------------
----------------------------------
| rollout/            |          |
|    ep_len_mean      | 60       |
|    ep_rew_mean      | 34.1     |
|    exploration_rate | 0.05     |
| time/               |          |
|    episodes         | 204      |
|    fps              | 69       |
|    time_elapsed     | 175      |
|    total_timesteps  | 12240    |
| train/              |          |
|    learning_rate    | 0.0001   |
|    loss             | 0.42     |
|    n_updates        | 702      |
----------------------------------
----------------------------------
| rollout/            |          |
|    ep_len_mean      | 60       |
|    ep_rew_mean      | 35.2     |
|    exploration_rate | 0.05     |
| time/               |          |
|    episodes         | 208      |
|    fps              | 70       |
|    time_elapsed     | 178      |
|    total_timesteps  | 12480    |
| train/              |          |
|    learning_rate    | 0.0001   |
|    loss             | 0.393    |
|    n_updates        | 717      |
----------------------------------
----------------------------------
| rollout/            |          |
|    ep_len_mean      | 60       |
|    ep_rew_mean      | 36       |
|    exploration_rate | 0.05     |
| time/               |          |
|    episodes         | 212      |
|    fps              | 70       |
|    time_elapsed     | 180      |
|    total_timesteps  | 12720    |
| train/              |          |
|    learning_rate    | 0.0001   |
|    loss             | 0.414    |
|    n_updates        | 732      |
----------------------------------
----------------------------------
| rollout/            |          |
|    ep_len_mean      | 60       |
|    ep_rew_mean      | 36.5     |
|    exploration_rate | 0.05     |
| time/               |          |
|    episodes         | 216      |
|    fps              | 70       |
|    time_elapsed     | 183      |
|    total_timesteps  | 12960    |
| train/              |          |
|    learning_rate    | 0.0001   |
|    loss             | 0.315    |
|    n_updates        | 747      |
----------------------------------
----------------------------------
| rollout/            |          |
|    ep_len_mean      | 60       |
|    ep_rew_mean      | 37.6     |
|    exploration_rate | 0.05     |
| time/               |          |
|    episodes         | 220      |
|    fps              | 70       |
|    time_elapsed     | 186      |
|    total_timesteps  | 13200    |
| train/              |          |
|    learning_rate    | 0.0001   |
|    loss             | 0.439    |
|    n_updates        | 762      |
----------------------------------
----------------------------------
| rollout/            |          |
|    ep_len_mean      | 60       |
|    ep_rew_mean      | 38       |
|    exploration_rate | 0.05     |
| time/               |          |
|    episodes         | 224      |
|    fps              | 71       |
|    time_elapsed     | 188      |
|    total_timesteps  | 13440    |
| train/              |          |
|    learning_rate    | 0.0001   |
|    loss             | 0.388    |
|    n_updates        | 777      |
----------------------------------
----------------------------------
| rollout/            |          |
|    ep_len_mean      | 60       |
|    ep_rew_mean      | 38.4     |
|    exploration_rate | 0.05     |
| time/               |          |
|    episodes         | 228      |
|    fps              | 71       |
|    time_elapsed     | 192      |
|    total_timesteps  | 13680    |
| train/              |          |
|    learning_rate    | 0.0001   |
|    loss             | 0.251    |
|    n_updates        | 792      |
----------------------------------
----------------------------------
| rollout/            |          |
|    ep_len_mean      | 60       |
|    ep_rew_mean      | 38.9     |
|    exploration_rate | 0.05     |
| time/               |          |
|    episodes         | 232      |
|    fps              | 71       |
|    time_elapsed     | 195      |
|    total_timesteps  | 13920    |
| train/              |          |
|    learning_rate    | 0.0001   |
|    loss             | 0.286    |
|    n_updates        | 807      |
----------------------------------
----------------------------------
| rollout/            |          |
|    ep_len_mean      | 60       |
|    ep_rew_mean      | 39.1     |
|    exploration_rate | 0.05     |
| time/               |          |
|    episodes         | 236      |
|    fps              | 71       |
|    time_elapsed     | 198      |
|    total_timesteps  | 14160    |
| train/              |          |
|    learning_rate    | 0.0001   |
|    loss             | 0.47     |
|    n_updates        | 822      |
----------------------------------
----------------------------------
| rollout/            |          |
|    ep_len_mean      | 60       |
|    ep_rew_mean      | 39.5     |
|    exploration_rate | 0.05     |
| time/               |          |
|    episodes         | 240      |
|    fps              | 71       |
|    time_elapsed     | 201      |
|    total_timesteps  | 14400    |
| train/              |          |
|    learning_rate    | 0.0001   |
|    loss             | 0.386    |
|    n_updates        | 837      |
----------------------------------
----------------------------------
| rollout/            |          |
|    ep_len_mean      | 60       |
|    ep_rew_mean      | 39.7     |
|    exploration_rate | 0.05     |
| time/               |          |
|    episodes         | 244      |
|    fps              | 71       |
|    time_elapsed     | 204      |
|    total_timesteps  | 14640    |
| train/              |          |
|    learning_rate    | 0.0001   |
|    loss             | 0.492    |
|    n_updates        | 852      |
----------------------------------
----------------------------------
| rollout/            |          |
|    ep_len_mean      | 60       |
|    ep_rew_mean      | 40.1     |
|    exploration_rate | 0.05     |
| time/               |          |
|    episodes         | 248      |
|    fps              | 72       |
|    time_elapsed     | 206      |
|    total_timesteps  | 14880    |
| train/              |          |
|    learning_rate    | 0.0001   |
|    loss             | 0.24     |
|    n_updates        | 867      |
----------------------------------
----------------------------------
| rollout/            |          |
|    ep_len_mean      | 60       |
|    ep_rew_mean      | 40.1     |
|    exploration_rate | 0.05     |
| time/               |          |
|    episodes         | 252      |
|    fps              | 72       |
|    time_elapsed     | 208      |
|    total_timesteps  | 15120    |
| train/              |          |
|    learning_rate    | 0.0001   |
|    loss             | 0.266    |
|    n_updates        | 882      |
----------------------------------
----------------------------------
| rollout/            |          |
|    ep_len_mean      | 60       |
|    ep_rew_mean      | 40.2     |
|    exploration_rate | 0.05     |
| time/               |          |
|    episodes         | 256      |
|    fps              | 72       |
|    time_elapsed     | 210      |
|    total_timesteps  | 15360    |
| train/              |          |
|    learning_rate    | 0.0001   |
|    loss             | 0.293    |
|    n_updates        | 897      |
----------------------------------
----------------------------------
| rollout/            |          |
|    ep_len_mean      | 60       |
|    ep_rew_mean      | 40.3     |
|    exploration_rate | 0.05     |
| time/               |          |
|    episodes         | 260      |
|    fps              | 73       |
|    time_elapsed     | 213      |
|    total_timesteps  | 15600    |
| train/              |          |
|    learning_rate    | 0.0001   |
|    loss             | 0.392    |
|    n_updates        | 912      |
----------------------------------
----------------------------------
| rollout/            |          |
|    ep_len_mean      | 60       |
|    ep_rew_mean      | 40.3     |
|    exploration_rate | 0.05     |
| time/               |          |
|    episodes         | 264      |
|    fps              | 73       |
|    time_elapsed     | 216      |
|    total_timesteps  | 15840    |
| train/              |          |
|    learning_rate    | 0.0001   |
|    loss             | 0.274    |
|    n_updates        | 927      |
----------------------------------
----------------------------------
| rollout/            |          |
|    ep_len_mean      | 60       |
|    ep_rew_mean      | 40.6     |
|    exploration_rate | 0.05     |
| time/               |          |
|    episodes         | 268      |
|    fps              | 72       |
|    time_elapsed     | 220      |
|    total_timesteps  | 16080    |
| train/              |          |
|    learning_rate    | 0.0001   |
|    loss             | 0.51     |
|    n_updates        | 942      |
----------------------------------
----------------------------------
| rollout/            |          |
|    ep_len_mean      | 60       |
|    ep_rew_mean      | 40.5     |
|    exploration_rate | 0.05     |
| time/               |          |
|    episodes         | 272      |
|    fps              | 72       |
|    time_elapsed     | 224      |
|    total_timesteps  | 16320    |
| train/              |          |
|    learning_rate    | 0.0001   |
|    loss             | 0.377    |
|    n_updates        | 957      |
----------------------------------
----------------------------------
| rollout/            |          |
|    ep_len_mean      | 60       |
|    ep_rew_mean      | 40.6     |
|    exploration_rate | 0.05     |
| time/               |          |
|    episodes         | 276      |
|    fps              | 72       |
|    time_elapsed     | 228      |
|    total_timesteps  | 16560    |
| train/              |          |
|    learning_rate    | 0.0001   |
|    loss             | 0.367    |
|    n_updates        | 972      |
----------------------------------
----------------------------------
| rollout/            |          |
|    ep_len_mean      | 60       |
|    ep_rew_mean      | 40.5     |
|    exploration_rate | 0.05     |
| time/               |          |
|    episodes         | 280      |
|    fps              | 72       |
|    time_elapsed     | 232      |
|    total_timesteps  | 16800    |
| train/              |          |
|    learning_rate    | 0.0001   |
|    loss             | 0.484    |
|    n_updates        | 987      |
----------------------------------
----------------------------------
| rollout/            |          |
|    ep_len_mean      | 60       |
|    ep_rew_mean      | 40.7     |
|    exploration_rate | 0.05     |
| time/               |          |
|    episodes         | 284      |
|    fps              | 72       |
|    time_elapsed     | 236      |
|    total_timesteps  | 17040    |
| train/              |          |
|    learning_rate    | 0.0001   |
|    loss             | 0.56     |
|    n_updates        | 1002     |
----------------------------------
----------------------------------
| rollout/            |          |
|    ep_len_mean      | 60       |
|    ep_rew_mean      | 40.7     |
|    exploration_rate | 0.05     |
| time/               |          |
|    episodes         | 288      |
|    fps              | 71       |
|    time_elapsed     | 240      |
|    total_timesteps  | 17280    |
| train/              |          |
|    learning_rate    | 0.0001   |
|    loss             | 0.233    |
|    n_updates        | 1017     |
----------------------------------
----------------------------------
| rollout/            |          |
|    ep_len_mean      | 60       |
|    ep_rew_mean      | 40.9     |
|    exploration_rate | 0.05     |
| time/               |          |
|    episodes         | 292      |
|    fps              | 71       |
|    time_elapsed     | 244      |
|    total_timesteps  | 17520    |
| train/              |          |
|    learning_rate    | 0.0001   |
|    loss             | 0.643    |
|    n_updates        | 1032     |
----------------------------------
----------------------------------
| rollout/            |          |
|    ep_len_mean      | 60       |
|    ep_rew_mean      | 40.7     |
|    exploration_rate | 0.05     |
| time/               |          |
|    episodes         | 296      |
|    fps              | 71       |
|    time_elapsed     | 248      |
|    total_timesteps  | 17760    |
| train/              |          |
|    learning_rate    | 0.0001   |
|    loss             | 0.495    |
|    n_updates        | 1047     |
----------------------------------
----------------------------------
| rollout/            |          |
|    ep_len_mean      | 60       |
|    ep_rew_mean      | 40.7     |
|    exploration_rate | 0.05     |
| time/               |          |
|    episodes         | 300      |
|    fps              | 71       |
|    time_elapsed     | 252      |
|    total_timesteps  | 18000    |
| train/              |          |
|    learning_rate    | 0.0001   |
|    loss             | 0.369    |
|    n_updates        | 1062     |
----------------------------------
----------------------------------
| rollout/            |          |
|    ep_len_mean      | 60       |
|    ep_rew_mean      | 40.5     |
|    exploration_rate | 0.05     |
| time/               |          |
|    episodes         | 304      |
|    fps              | 71       |
|    time_elapsed     | 256      |
|    total_timesteps  | 18240    |
| train/              |          |
|    learning_rate    | 0.0001   |
|    loss             | 0.835    |
|    n_updates        | 1077     |
----------------------------------
----------------------------------
| rollout/            |          |
|    ep_len_mean      | 60       |
|    ep_rew_mean      | 40.6     |
|    exploration_rate | 0.05     |
| time/               |          |
|    episodes         | 308      |
|    fps              | 71       |
|    time_elapsed     | 259      |
|    total_timesteps  | 18480    |
| train/              |          |
|    learning_rate    | 0.0001   |
|    loss             | 0.74     |
|    n_updates        | 1092     |
----------------------------------
----------------------------------
| rollout/            |          |
|    ep_len_mean      | 60       |
|    ep_rew_mean      | 40.6     |
|    exploration_rate | 0.05     |
| time/               |          |
|    episodes         | 312      |
|    fps              | 71       |
|    time_elapsed     | 261      |
|    total_timesteps  | 18720    |
| train/              |          |
|    learning_rate    | 0.0001   |
|    loss             | 0.384    |
|    n_updates        | 1107     |
----------------------------------
----------------------------------
| rollout/            |          |
|    ep_len_mean      | 60       |
|    ep_rew_mean      | 40.6     |
|    exploration_rate | 0.05     |
| time/               |          |
|    episodes         | 316      |
|    fps              | 71       |
|    time_elapsed     | 265      |
|    total_timesteps  | 18960    |
| train/              |          |
|    learning_rate    | 0.0001   |
|    loss             | 0.205    |
|    n_updates        | 1122     |
----------------------------------
----------------------------------
| rollout/            |          |
|    ep_len_mean      | 60       |
|    ep_rew_mean      | 40.6     |
|    exploration_rate | 0.05     |
| time/               |          |
|    episodes         | 320      |
|    fps              | 71       |
|    time_elapsed     | 269      |
|    total_timesteps  | 19200    |
| train/              |          |
|    learning_rate    | 0.0001   |
|    loss             | 0.524    |
|    n_updates        | 1137     |
----------------------------------
----------------------------------
| rollout/            |          |
|    ep_len_mean      | 60       |
|    ep_rew_mean      | 40.9     |
|    exploration_rate | 0.05     |
| time/               |          |
|    episodes         | 324      |
|    fps              | 71       |
|    time_elapsed     | 273      |
|    total_timesteps  | 19440    |
| train/              |          |
|    learning_rate    | 0.0001   |
|    loss             | 0.776    |
|    n_updates        | 1152     |
----------------------------------
----------------------------------
| rollout/            |          |
|    ep_len_mean      | 60       |
|    ep_rew_mean      | 41       |
|    exploration_rate | 0.05     |
| time/               |          |
|    episodes         | 328      |
|    fps              | 71       |
|    time_elapsed     | 276      |
|    total_timesteps  | 19680    |
| train/              |          |
|    learning_rate    | 0.0001   |
|    loss             | 0.447    |
|    n_updates        | 1167     |
----------------------------------
----------------------------------
| rollout/            |          |
|    ep_len_mean      | 60       |
|    ep_rew_mean      | 41.1     |
|    exploration_rate | 0.05     |
| time/               |          |
|    episodes         | 332      |
|    fps              | 71       |
|    time_elapsed     | 278      |
|    total_timesteps  | 19920    |
| train/              |          |
|    learning_rate    | 0.0001   |
|    loss             | 0.542    |
|    n_updates        | 1182     |
----------------------------------
----------------------------------
| rollout/            |          |
|    ep_len_mean      | 60       |
|    ep_rew_mean      | 41       |
|    exploration_rate | 0.05     |
| time/               |          |
|    episodes         | 336      |
|    fps              | 71       |
|    time_elapsed     | 281      |
|    total_timesteps  | 20160    |
| train/              |          |
|    learning_rate    | 0.0001   |
|    loss             | 0.487    |
|    n_updates        | 1197     |
----------------------------------
----------------------------------
| rollout/            |          |
|    ep_len_mean      | 60       |
|    ep_rew_mean      | 40.9     |
|    exploration_rate | 0.05     |
| time/               |          |
|    episodes         | 340      |
|    fps              | 71       |
|    time_elapsed     | 283      |
|    total_timesteps  | 20400    |
| train/              |          |
|    learning_rate    | 0.0001   |
|    loss             | 0.471    |
|    n_updates        | 1212     |
----------------------------------
----------------------------------
| rollout/            |          |
|    ep_len_mean      | 60       |
|    ep_rew_mean      | 41       |
|    exploration_rate | 0.05     |
| time/               |          |
|    episodes         | 344      |
|    fps              | 72       |
|    time_elapsed     | 286      |
|    total_timesteps  | 20640    |
| train/              |          |
|    learning_rate    | 0.0001   |
|    loss             | 0.346    |
|    n_updates        | 1227     |
----------------------------------
----------------------------------
| rollout/            |          |
|    ep_len_mean      | 60       |
|    ep_rew_mean      | 41       |
|    exploration_rate | 0.05     |
| time/               |          |
|    episodes         | 348      |
|    fps              | 72       |
|    time_elapsed     | 288      |
|    total_timesteps  | 20880    |
| train/              |          |
|    learning_rate    | 0.0001   |
|    loss             | 0.396    |
|    n_updates        | 1242     |
----------------------------------
----------------------------------
| rollout/            |          |
|    ep_len_mean      | 60       |
|    ep_rew_mean      | 41.1     |
|    exploration_rate | 0.05     |
| time/               |          |
|    episodes         | 352      |
|    fps              | 72       |
|    time_elapsed     | 292      |
|    total_timesteps  | 21120    |
| train/              |          |
|    learning_rate    | 0.0001   |
|    loss             | 0.505    |
|    n_updates        | 1257     |
----------------------------------
----------------------------------
| rollout/            |          |
|    ep_len_mean      | 60       |
|    ep_rew_mean      | 41.2     |
|    exploration_rate | 0.05     |
| time/               |          |
|    episodes         | 356      |
|    fps              | 72       |
|    time_elapsed     | 296      |
|    total_timesteps  | 21360    |
| train/              |          |
|    learning_rate    | 0.0001   |
|    loss             | 0.355    |
|    n_updates        | 1272     |
----------------------------------
----------------------------------
| rollout/            |          |
|    ep_len_mean      | 60       |
|    ep_rew_mean      | 41.2     |
|    exploration_rate | 0.05     |
| time/               |          |
|    episodes         | 360      |
|    fps              | 71       |
|    time_elapsed     | 300      |
|    total_timesteps  | 21600    |
| train/              |          |
|    learning_rate    | 0.0001   |
|    loss             | 0.254    |
|    n_updates        | 1287     |
----------------------------------
----------------------------------
| rollout/            |          |
|    ep_len_mean      | 60       |
|    ep_rew_mean      | 41.4     |
|    exploration_rate | 0.05     |
| time/               |          |
|    episodes         | 364      |
|    fps              | 72       |
|    time_elapsed     | 303      |
|    total_timesteps  | 21840    |
| train/              |          |
|    learning_rate    | 0.0001   |
|    loss             | 0.205    |
|    n_updates        | 1302     |
----------------------------------
----------------------------------
| rollout/            |          |
|    ep_len_mean      | 60       |
|    ep_rew_mean      | 41.3     |
|    exploration_rate | 0.05     |
| time/               |          |
|    episodes         | 368      |
|    fps              | 72       |
|    time_elapsed     | 305      |
|    total_timesteps  | 22080    |
| train/              |          |
|    learning_rate    | 0.0001   |
|    loss             | 0.718    |
|    n_updates        | 1317     |
----------------------------------
----------------------------------
| rollout/            |          |
|    ep_len_mean      | 60       |
|    ep_rew_mean      | 41.3     |
|    exploration_rate | 0.05     |
| time/               |          |
|    episodes         | 372      |
|    fps              | 72       |
|    time_elapsed     | 308      |
|    total_timesteps  | 22320    |
| train/              |          |
|    learning_rate    | 0.0001   |
|    loss             | 0.26     |
|    n_updates        | 1332     |
----------------------------------
----------------------------------
| rollout/            |          |
|    ep_len_mean      | 60       |
|    ep_rew_mean      | 41.4     |
|    exploration_rate | 0.05     |
| time/               |          |
|    episodes         | 376      |
|    fps              | 72       |
|    time_elapsed     | 310      |
|    total_timesteps  | 22560    |
| train/              |          |
|    learning_rate    | 0.0001   |
|    loss             | 0.316    |
|    n_updates        | 1347     |
----------------------------------
----------------------------------
| rollout/            |          |
|    ep_len_mean      | 60       |
|    ep_rew_mean      | 41.4     |
|    exploration_rate | 0.05     |
| time/               |          |
|    episodes         | 380      |
|    fps              | 72       |
|    time_elapsed     | 315      |
|    total_timesteps  | 22800    |
| train/              |          |
|    learning_rate    | 0.0001   |
|    loss             | 0.373    |
|    n_updates        | 1362     |
----------------------------------
----------------------------------
| rollout/            |          |
|    ep_len_mean      | 60       |
|    ep_rew_mean      | 41.4     |
|    exploration_rate | 0.05     |
| time/               |          |
|    episodes         | 384      |
|    fps              | 72       |
|    time_elapsed     | 319      |
|    total_timesteps  | 23040    |
| train/              |          |
|    learning_rate    | 0.0001   |
|    loss             | 0.712    |
|    n_updates        | 1377     |
----------------------------------
----------------------------------
| rollout/            |          |
|    ep_len_mean      | 60       |
|    ep_rew_mean      | 41.4     |
|    exploration_rate | 0.05     |
| time/               |          |
|    episodes         | 388      |
|    fps              | 71       |
|    time_elapsed     | 324      |
|    total_timesteps  | 23280    |
| train/              |          |
|    learning_rate    | 0.0001   |
|    loss             | 0.339    |
|    n_updates        | 1392     |
----------------------------------
----------------------------------
| rollout/            |          |
|    ep_len_mean      | 60       |
|    ep_rew_mean      | 41.5     |
|    exploration_rate | 0.05     |
| time/               |          |
|    episodes         | 392      |
|    fps              | 71       |
|    time_elapsed     | 328      |
|    total_timesteps  | 23520    |
| train/              |          |
|    learning_rate    | 0.0001   |
|    loss             | 0.804    |
|    n_updates        | 1407     |
----------------------------------
----------------------------------
| rollout/            |          |
|    ep_len_mean      | 60       |
|    ep_rew_mean      | 41.6     |
|    exploration_rate | 0.05     |
| time/               |          |
|    episodes         | 396      |
|    fps              | 71       |
|    time_elapsed     | 332      |
|    total_timesteps  | 23760    |
| train/              |          |
|    learning_rate    | 0.0001   |
|    loss             | 0.488    |
|    n_updates        | 1422     |
----------------------------------
----------------------------------
| rollout/            |          |
|    ep_len_mean      | 60       |
|    ep_rew_mean      | 41.6     |
|    exploration_rate | 0.05     |
| time/               |          |
|    episodes         | 400      |
|    fps              | 71       |
|    time_elapsed     | 336      |
|    total_timesteps  | 24000    |
| train/              |          |
|    learning_rate    | 0.0001   |
|    loss             | 0.392    |
|    n_updates        | 1437     |
----------------------------------
----------------------------------
| rollout/            |          |
|    ep_len_mean      | 60       |
|    ep_rew_mean      | 41.8     |
|    exploration_rate | 0.05     |
| time/               |          |
|    episodes         | 404      |
|    fps              | 71       |
|    time_elapsed     | 340      |
|    total_timesteps  | 24240    |
| train/              |          |
|    learning_rate    | 0.0001   |
|    loss             | 0.554    |
|    n_updates        | 1452     |
----------------------------------
----------------------------------
| rollout/            |          |
|    ep_len_mean      | 60       |
|    ep_rew_mean      | 41.8     |
|    exploration_rate | 0.05     |
| time/               |          |
|    episodes         | 408      |
|    fps              | 70       |
|    time_elapsed     | 345      |
|    total_timesteps  | 24480    |
| train/              |          |
|    learning_rate    | 0.0001   |
|    loss             | 0.791    |
|    n_updates        | 1467     |
----------------------------------
----------------------------------
| rollout/            |          |
|    ep_len_mean      | 60       |
|    ep_rew_mean      | 41.7     |
|    exploration_rate | 0.05     |
| time/               |          |
|    episodes         | 412      |
|    fps              | 70       |
|    time_elapsed     | 349      |
|    total_timesteps  | 24720    |
| train/              |          |
|    learning_rate    | 0.0001   |
|    loss             | 0.481    |
|    n_updates        | 1482     |
----------------------------------
----------------------------------
| rollout/            |          |
|    ep_len_mean      | 60       |
|    ep_rew_mean      | 41.7     |
|    exploration_rate | 0.05     |
| time/               |          |
|    episodes         | 416      |
|    fps              | 70       |
|    time_elapsed     | 353      |
|    total_timesteps  | 24960    |
| train/              |          |
|    learning_rate    | 0.0001   |
|    loss             | 0.493    |
|    n_updates        | 1497     |
----------------------------------
----------------------------------
| rollout/            |          |
|    ep_len_mean      | 60       |
|    ep_rew_mean      | 41.6     |
|    exploration_rate | 0.05     |
| time/               |          |
|    episodes         | 420      |
|    fps              | 70       |
|    time_elapsed     | 357      |
|    total_timesteps  | 25200    |
| train/              |          |
|    learning_rate    | 0.0001   |
|    loss             | 0.473    |
|    n_updates        | 1512     |
----------------------------------
----------------------------------
| rollout/            |          |
|    ep_len_mean      | 60       |
|    ep_rew_mean      | 41.7     |
|    exploration_rate | 0.05     |
| time/               |          |
|    episodes         | 424      |
|    fps              | 70       |
|    time_elapsed     | 361      |
|    total_timesteps  | 25440    |
| train/              |          |
|    learning_rate    | 0.0001   |
|    loss             | 0.808    |
|    n_updates        | 1527     |
----------------------------------
----------------------------------
| rollout/            |          |
|    ep_len_mean      | 60       |
|    ep_rew_mean      | 41.5     |
|    exploration_rate | 0.05     |
| time/               |          |
|    episodes         | 428      |
|    fps              | 70       |
|    time_elapsed     | 365      |
|    total_timesteps  | 25680    |
| train/              |          |
|    learning_rate    | 0.0001   |
|    loss             | 0.444    |
|    n_updates        | 1542     |
----------------------------------
----------------------------------
| rollout/            |          |
|    ep_len_mean      | 60       |
|    ep_rew_mean      | 41.4     |
|    exploration_rate | 0.05     |
| time/               |          |
|    episodes         | 432      |
|    fps              | 70       |
|    time_elapsed     | 369      |
|    total_timesteps  | 25920    |
| train/              |          |
|    learning_rate    | 0.0001   |
|    loss             | 0.791    |
|    n_updates        | 1557     |
----------------------------------
----------------------------------
| rollout/            |          |
|    ep_len_mean      | 60       |
|    ep_rew_mean      | 41.4     |
|    exploration_rate | 0.05     |
| time/               |          |
|    episodes         | 436      |
|    fps              | 69       |
|    time_elapsed     | 374      |
|    total_timesteps  | 26160    |
| train/              |          |
|    learning_rate    | 0.0001   |
|    loss             | 0.717    |
|    n_updates        | 1572     |
----------------------------------
----------------------------------
| rollout/            |          |
|    ep_len_mean      | 60       |
|    ep_rew_mean      | 41.5     |
|    exploration_rate | 0.05     |
| time/               |          |
|    episodes         | 440      |
|    fps              | 69       |
|    time_elapsed     | 378      |
|    total_timesteps  | 26400    |
| train/              |          |
|    learning_rate    | 0.0001   |
|    loss             | 0.587    |
|    n_updates        | 1587     |
----------------------------------
----------------------------------
| rollout/            |          |
|    ep_len_mean      | 60       |
|    ep_rew_mean      | 41.5     |
|    exploration_rate | 0.05     |
| time/               |          |
|    episodes         | 444      |
|    fps              | 69       |
|    time_elapsed     | 383      |
|    total_timesteps  | 26640    |
| train/              |          |
|    learning_rate    | 0.0001   |
|    loss             | 0.887    |
|    n_updates        | 1602     |
----------------------------------
----------------------------------
| rollout/            |          |
|    ep_len_mean      | 60       |
|    ep_rew_mean      | 41.5     |
|    exploration_rate | 0.05     |
| time/               |          |
|    episodes         | 448      |
|    fps              | 69       |
|    time_elapsed     | 387      |
|    total_timesteps  | 26880    |
| train/              |          |
|    learning_rate    | 0.0001   |
|    loss             | 0.602    |
|    n_updates        | 1617     |
----------------------------------
----------------------------------
| rollout/            |          |
|    ep_len_mean      | 60       |
|    ep_rew_mean      | 41.4     |
|    exploration_rate | 0.05     |
| time/               |          |
|    episodes         | 452      |
|    fps              | 69       |
|    time_elapsed     | 391      |
|    total_timesteps  | 27120    |
| train/              |          |
|    learning_rate    | 0.0001   |
|    loss             | 0.88     |
|    n_updates        | 1632     |
----------------------------------
----------------------------------
| rollout/            |          |
|    ep_len_mean      | 60       |
|    ep_rew_mean      | 41.3     |
|    exploration_rate | 0.05     |
| time/               |          |
|    episodes         | 456      |
|    fps              | 69       |
|    time_elapsed     | 395      |
|    total_timesteps  | 27360    |
| train/              |          |
|    learning_rate    | 0.0001   |
|    loss             | 0.358    |
|    n_updates        | 1647     |
----------------------------------
----------------------------------
| rollout/            |          |
|    ep_len_mean      | 60       |
|    ep_rew_mean      | 41.4     |
|    exploration_rate | 0.05     |
| time/               |          |
|    episodes         | 460      |
|    fps              | 69       |
|    time_elapsed     | 399      |
|    total_timesteps  | 27600    |
| train/              |          |
|    learning_rate    | 0.0001   |
|    loss             | 0.496    |
|    n_updates        | 1662     |
----------------------------------
----------------------------------
| rollout/            |          |
|    ep_len_mean      | 60       |
|    ep_rew_mean      | 41.3     |
|    exploration_rate | 0.05     |
| time/               |          |
|    episodes         | 464      |
|    fps              | 68       |
|    time_elapsed     | 404      |
|    total_timesteps  | 27840    |
| train/              |          |
|    learning_rate    | 0.0001   |
|    loss             | 0.933    |
|    n_updates        | 1677     |
----------------------------------
----------------------------------
| rollout/            |          |
|    ep_len_mean      | 60       |
|    ep_rew_mean      | 41.2     |
|    exploration_rate | 0.05     |
| time/               |          |
|    episodes         | 468      |
|    fps              | 68       |
|    time_elapsed     | 408      |
|    total_timesteps  | 28080    |
| train/              |          |
|    learning_rate    | 0.0001   |
|    loss             | 0.866    |
|    n_updates        | 1692     |
----------------------------------
----------------------------------
| rollout/            |          |
|    ep_len_mean      | 60       |
|    ep_rew_mean      | 41.2     |
|    exploration_rate | 0.05     |
| time/               |          |
|    episodes         | 472      |
|    fps              | 68       |
|    time_elapsed     | 411      |
|    total_timesteps  | 28320    |
| train/              |          |
|    learning_rate    | 0.0001   |
|    loss             | 0.542    |
|    n_updates        | 1707     |
----------------------------------
----------------------------------
| rollout/            |          |
|    ep_len_mean      | 60       |
|    ep_rew_mean      | 41.1     |
|    exploration_rate | 0.05     |
| time/               |          |
|    episodes         | 476      |
|    fps              | 68       |
|    time_elapsed     | 415      |
|    total_timesteps  | 28560    |
| train/              |          |
|    learning_rate    | 0.0001   |
|    loss             | 0.674    |
|    n_updates        | 1722     |
----------------------------------
----------------------------------
| rollout/            |          |
|    ep_len_mean      | 60       |
|    ep_rew_mean      | 41.3     |
|    exploration_rate | 0.05     |
| time/               |          |
|    episodes         | 480      |
|    fps              | 68       |
|    time_elapsed     | 418      |
|    total_timesteps  | 28800    |
| train/              |          |
|    learning_rate    | 0.0001   |
|    loss             | 1.1      |
|    n_updates        | 1737     |
----------------------------------
----------------------------------
| rollout/            |          |
|    ep_len_mean      | 60       |
|    ep_rew_mean      | 41.1     |
|    exploration_rate | 0.05     |
| time/               |          |
|    episodes         | 484      |
|    fps              | 68       |
|    time_elapsed     | 422      |
|    total_timesteps  | 29040    |
| train/              |          |
|    learning_rate    | 0.0001   |
|    loss             | 0.914    |
|    n_updates        | 1752     |
----------------------------------
----------------------------------
| rollout/            |          |
|    ep_len_mean      | 60       |
|    ep_rew_mean      | 40.9     |
|    exploration_rate | 0.05     |
| time/               |          |
|    episodes         | 488      |
|    fps              | 68       |
|    time_elapsed     | 425      |
|    total_timesteps  | 29280    |
| train/              |          |
|    learning_rate    | 0.0001   |
|    loss             | 0.54     |
|    n_updates        | 1767     |
----------------------------------
----------------------------------
| rollout/            |          |
|    ep_len_mean      | 60       |
|    ep_rew_mean      | 40.9     |
|    exploration_rate | 0.05     |
| time/               |          |
|    episodes         | 492      |
|    fps              | 68       |
|    time_elapsed     | 430      |
|    total_timesteps  | 29520    |
| train/              |          |
|    learning_rate    | 0.0001   |
|    loss             | 0.489    |
|    n_updates        | 1782     |
----------------------------------
----------------------------------
| rollout/            |          |
|    ep_len_mean      | 60       |
|    ep_rew_mean      | 40.9     |
|    exploration_rate | 0.05     |
| time/               |          |
|    episodes         | 496      |
|    fps              | 68       |
|    time_elapsed     | 433      |
|    total_timesteps  | 29760    |
| train/              |          |
|    learning_rate    | 0.0001   |
|    loss             | 0.985    |
|    n_updates        | 1797     |
----------------------------------
----------------------------------
| rollout/            |          |
|    ep_len_mean      | 60       |
|    ep_rew_mean      | 41       |
|    exploration_rate | 0.05     |
| time/               |          |
|    episodes         | 500      |
|    fps              | 68       |
|    time_elapsed     | 436      |
|    total_timesteps  | 30000    |
| train/              |          |
|    learning_rate    | 0.0001   |
|    loss             | 0.992    |
|    n_updates        | 1812     |
----------------------------------
----------------------------------
| rollout/            |          |
|    ep_len_mean      | 60       |
|    ep_rew_mean      | 41       |
|    exploration_rate | 0.05     |
| time/               |          |
|    episodes         | 504      |
|    fps              | 68       |
|    time_elapsed     | 439      |
|    total_timesteps  | 30240    |
| train/              |          |
|    learning_rate    | 0.0001   |
|    loss             | 0.848    |
|    n_updates        | 1827     |
----------------------------------
----------------------------------
| rollout/            |          |
|    ep_len_mean      | 60       |
|    ep_rew_mean      | 41.1     |
|    exploration_rate | 0.05     |
| time/               |          |
|    episodes         | 508      |
|    fps              | 68       |
|    time_elapsed     | 443      |
|    total_timesteps  | 30480    |
| train/              |          |
|    learning_rate    | 0.0001   |
|    loss             | 0.226    |
|    n_updates        | 1842     |
----------------------------------
----------------------------------
| rollout/            |          |
|    ep_len_mean      | 60       |
|    ep_rew_mean      | 41.2     |
|    exploration_rate | 0.05     |
| time/               |          |
|    episodes         | 512      |
|    fps              | 68       |
|    time_elapsed     | 448      |
|    total_timesteps  | 30720    |
| train/              |          |
|    learning_rate    | 0.0001   |
|    loss             | 0.627    |
|    n_updates        | 1857     |
----------------------------------
----------------------------------
| rollout/            |          |
|    ep_len_mean      | 60       |
|    ep_rew_mean      | 41.2     |
|    exploration_rate | 0.05     |
| time/               |          |
|    episodes         | 516      |
|    fps              | 68       |
|    time_elapsed     | 451      |
|    total_timesteps  | 30960    |
| train/              |          |
|    learning_rate    | 0.0001   |
|    loss             | 1.1      |
|    n_updates        | 1872     |
----------------------------------
----------------------------------
| rollout/            |          |
|    ep_len_mean      | 60       |
|    ep_rew_mean      | 41.4     |
|    exploration_rate | 0.05     |
| time/               |          |
|    episodes         | 520      |
|    fps              | 68       |
|    time_elapsed     | 455      |
|    total_timesteps  | 31200    |
| train/              |          |
|    learning_rate    | 0.0001   |
|    loss             | 0.411    |
|    n_updates        | 1887     |
----------------------------------
----------------------------------
| rollout/            |          |
|    ep_len_mean      | 60       |
|    ep_rew_mean      | 41.1     |
|    exploration_rate | 0.05     |
| time/               |          |
|    episodes         | 524      |
|    fps              | 68       |
|    time_elapsed     | 459      |
|    total_timesteps  | 31440    |
| train/              |          |
|    learning_rate    | 0.0001   |
|    loss             | 0.905    |
|    n_updates        | 1902     |
----------------------------------
----------------------------------
| rollout/            |          |
|    ep_len_mean      | 60       |
|    ep_rew_mean      | 41.1     |
|    exploration_rate | 0.05     |
| time/               |          |
|    episodes         | 528      |
|    fps              | 68       |
|    time_elapsed     | 463      |
|    total_timesteps  | 31680    |
| train/              |          |
|    learning_rate    | 0.0001   |
|    loss             | 0.763    |
|    n_updates        | 1917     |
----------------------------------
----------------------------------
| rollout/            |          |
|    ep_len_mean      | 60       |
|    ep_rew_mean      | 41.2     |
|    exploration_rate | 0.05     |
| time/               |          |
|    episodes         | 532      |
|    fps              | 68       |
|    time_elapsed     | 467      |
|    total_timesteps  | 31920    |
| train/              |          |
|    learning_rate    | 0.0001   |
|    loss             | 0.426    |
|    n_updates        | 1932     |
----------------------------------
----------------------------------
| rollout/            |          |
|    ep_len_mean      | 60       |
|    ep_rew_mean      | 41.2     |
|    exploration_rate | 0.05     |
| time/               |          |
|    episodes         | 536      |
|    fps              | 68       |
|    time_elapsed     | 471      |
|    total_timesteps  | 32160    |
| train/              |          |
|    learning_rate    | 0.0001   |
|    loss             | 0.287    |
|    n_updates        | 1947     |
----------------------------------
----------------------------------
| rollout/            |          |
|    ep_len_mean      | 60       |
|    ep_rew_mean      | 41.4     |
|    exploration_rate | 0.05     |
| time/               |          |
|    episodes         | 540      |
|    fps              | 68       |
|    time_elapsed     | 475      |
|    total_timesteps  | 32400    |
| train/              |          |
|    learning_rate    | 0.0001   |
|    loss             | 0.509    |
|    n_updates        | 1962     |
----------------------------------
----------------------------------
| rollout/            |          |
|    ep_len_mean      | 60       |
|    ep_rew_mean      | 41.4     |
|    exploration_rate | 0.05     |
| time/               |          |
|    episodes         | 544      |
|    fps              | 68       |
|    time_elapsed     | 479      |
|    total_timesteps  | 32640    |
| train/              |          |
|    learning_rate    | 0.0001   |
|    loss             | 0.252    |
|    n_updates        | 1977     |
----------------------------------
----------------------------------
| rollout/            |          |
|    ep_len_mean      | 60       |
|    ep_rew_mean      | 41.4     |
|    exploration_rate | 0.05     |
| time/               |          |
|    episodes         | 548      |
|    fps              | 67       |
|    time_elapsed     | 484      |
|    total_timesteps  | 32880    |
| train/              |          |
|    learning_rate    | 0.0001   |
|    loss             | 1.6      |
|    n_updates        | 1992     |
----------------------------------
----------------------------------
| rollout/            |          |
|    ep_len_mean      | 60       |
|    ep_rew_mean      | 41.4     |
|    exploration_rate | 0.05     |
| time/               |          |
|    episodes         | 552      |
|    fps              | 67       |
|    time_elapsed     | 488      |
|    total_timesteps  | 33120    |
| train/              |          |
|    learning_rate    | 0.0001   |
|    loss             | 0.5      |
|    n_updates        | 2007     |
----------------------------------
----------------------------------
| rollout/            |          |
|    ep_len_mean      | 60       |
|    ep_rew_mean      | 41.4     |
|    exploration_rate | 0.05     |
| time/               |          |
|    episodes         | 556      |
|    fps              | 67       |
|    time_elapsed     | 493      |
|    total_timesteps  | 33360    |
| train/              |          |
|    learning_rate    | 0.0001   |
|    loss             | 0.699    |
|    n_updates        | 2022     |
----------------------------------
----------------------------------
| rollout/            |          |
|    ep_len_mean      | 60       |
|    ep_rew_mean      | 41.4     |
|    exploration_rate | 0.05     |
| time/               |          |
|    episodes         | 560      |
|    fps              | 67       |
|    time_elapsed     | 497      |
|    total_timesteps  | 33600    |
| train/              |          |
|    learning_rate    | 0.0001   |
|    loss             | 0.296    |
|    n_updates        | 2037     |
----------------------------------
----------------------------------
| rollout/            |          |
|    ep_len_mean      | 60       |
|    ep_rew_mean      | 41.6     |
|    exploration_rate | 0.05     |
| time/               |          |
|    episodes         | 564      |
|    fps              | 67       |
|    time_elapsed     | 502      |
|    total_timesteps  | 33840    |
| train/              |          |
|    learning_rate    | 0.0001   |
|    loss             | 0.419    |
|    n_updates        | 2052     |
----------------------------------
----------------------------------
| rollout/            |          |
|    ep_len_mean      | 60       |
|    ep_rew_mean      | 41.5     |
|    exploration_rate | 0.05     |
| time/               |          |
|    episodes         | 568      |
|    fps              | 67       |
|    time_elapsed     | 506      |
|    total_timesteps  | 34080    |
| train/              |          |
|    learning_rate    | 0.0001   |
|    loss             | 0.412    |
|    n_updates        | 2067     |
----------------------------------
----------------------------------
| rollout/            |          |
|    ep_len_mean      | 60       |
|    ep_rew_mean      | 41.6     |
|    exploration_rate | 0.05     |
| time/               |          |
|    episodes         | 572      |
|    fps              | 67       |
|    time_elapsed     | 510      |
|    total_timesteps  | 34320    |
| train/              |          |
|    learning_rate    | 0.0001   |
|    loss             | 0.535    |
|    n_updates        | 2082     |
----------------------------------
----------------------------------
| rollout/            |          |
|    ep_len_mean      | 60       |
|    ep_rew_mean      | 41.6     |
|    exploration_rate | 0.05     |
| time/               |          |
|    episodes         | 576      |
|    fps              | 67       |
|    time_elapsed     | 513      |
|    total_timesteps  | 34560    |
| train/              |          |
|    learning_rate    | 0.0001   |
|    loss             | 0.372    |
|    n_updates        | 2097     |
----------------------------------
----------------------------------
| rollout/            |          |
|    ep_len_mean      | 60       |
|    ep_rew_mean      | 41.6     |
|    exploration_rate | 0.05     |
| time/               |          |
|    episodes         | 580      |
|    fps              | 67       |
|    time_elapsed     | 517      |
|    total_timesteps  | 34800    |
| train/              |          |
|    learning_rate    | 0.0001   |
|    loss             | 0.43     |
|    n_updates        | 2112     |
----------------------------------
----------------------------------
| rollout/            |          |
|    ep_len_mean      | 60       |
|    ep_rew_mean      | 41.6     |
|    exploration_rate | 0.05     |
| time/               |          |
|    episodes         | 584      |
|    fps              | 67       |
|    time_elapsed     | 521      |
|    total_timesteps  | 35040    |
| train/              |          |
|    learning_rate    | 0.0001   |
|    loss             | 0.719    |
|    n_updates        | 2127     |
----------------------------------
----------------------------------
| rollout/            |          |
|    ep_len_mean      | 60       |
|    ep_rew_mean      | 41.6     |
|    exploration_rate | 0.05     |
| time/               |          |
|    episodes         | 588      |
|    fps              | 67       |
|    time_elapsed     | 525      |
|    total_timesteps  | 35280    |
| train/              |          |
|    learning_rate    | 0.0001   |
|    loss             | 0.63     |
|    n_updates        | 2142     |
----------------------------------
----------------------------------
| rollout/            |          |
|    ep_len_mean      | 60       |
|    ep_rew_mean      | 41.5     |
|    exploration_rate | 0.05     |
| time/               |          |
|    episodes         | 592      |
|    fps              | 67       |
|    time_elapsed     | 529      |
|    total_timesteps  | 35520    |
| train/              |          |
|    learning_rate    | 0.0001   |
|    loss             | 0.778    |
|    n_updates        | 2157     |
----------------------------------
----------------------------------
| rollout/            |          |
|    ep_len_mean      | 60       |
|    ep_rew_mean      | 41.4     |
|    exploration_rate | 0.05     |
| time/               |          |
|    episodes         | 596      |
|    fps              | 66       |
|    time_elapsed     | 534      |
|    total_timesteps  | 35760    |
| train/              |          |
|    learning_rate    | 0.0001   |
|    loss             | 0.748    |
|    n_updates        | 2172     |
----------------------------------
----------------------------------
| rollout/            |          |
|    ep_len_mean      | 60       |
|    ep_rew_mean      | 41.3     |
|    exploration_rate | 0.05     |
| time/               |          |
|    episodes         | 600      |
|    fps              | 66       |
|    time_elapsed     | 538      |
|    total_timesteps  | 36000    |
| train/              |          |
|    learning_rate    | 0.0001   |
|    loss             | 0.575    |
|    n_updates        | 2187     |
----------------------------------
----------------------------------
| rollout/            |          |
|    ep_len_mean      | 60       |
|    ep_rew_mean      | 41.4     |
|    exploration_rate | 0.05     |
| time/               |          |
|    episodes         | 604      |
|    fps              | 66       |
|    time_elapsed     | 543      |
|    total_timesteps  | 36240    |
| train/              |          |
|    learning_rate    | 0.0001   |
|    loss             | 0.995    |
|    n_updates        | 2202     |
----------------------------------
----------------------------------
| rollout/            |          |
|    ep_len_mean      | 60       |
|    ep_rew_mean      | 41.2     |
|    exploration_rate | 0.05     |
| time/               |          |
|    episodes         | 608      |
|    fps              | 66       |
|    time_elapsed     | 547      |
|    total_timesteps  | 36480    |
| train/              |          |
|    learning_rate    | 0.0001   |
|    loss             | 1.59     |
|    n_updates        | 2217     |
----------------------------------
----------------------------------
| rollout/            |          |
|    ep_len_mean      | 60       |
|    ep_rew_mean      | 41.1     |
|    exploration_rate | 0.05     |
| time/               |          |
|    episodes         | 612      |
|    fps              | 66       |
|    time_elapsed     | 549      |
|    total_timesteps  | 36720    |
| train/              |          |
|    learning_rate    | 0.0001   |
|    loss             | 0.486    |
|    n_updates        | 2232     |
----------------------------------
----------------------------------
| rollout/            |          |
|    ep_len_mean      | 60       |
|    ep_rew_mean      | 41.1     |
|    exploration_rate | 0.05     |
| time/               |          |
|    episodes         | 616      |
|    fps              | 66       |
|    time_elapsed     | 552      |
|    total_timesteps  | 36960    |
| train/              |          |
|    learning_rate    | 0.0001   |
|    loss             | 0.489    |
|    n_updates        | 2247     |
----------------------------------
----------------------------------
| rollout/            |          |
|    ep_len_mean      | 60       |
|    ep_rew_mean      | 41       |
|    exploration_rate | 0.05     |
| time/               |          |
|    episodes         | 620      |
|    fps              | 67       |
|    time_elapsed     | 554      |
|    total_timesteps  | 37200    |
| train/              |          |
|    learning_rate    | 0.0001   |
|    loss             | 0.723    |
|    n_updates        | 2262     |
----------------------------------
----------------------------------
| rollout/            |          |
|    ep_len_mean      | 60       |
|    ep_rew_mean      | 41.3     |
|    exploration_rate | 0.05     |
| time/               |          |
|    episodes         | 624      |
|    fps              | 67       |
|    time_elapsed     | 557      |
|    total_timesteps  | 37440    |
| train/              |          |
|    learning_rate    | 0.0001   |
|    loss             | 0.879    |
|    n_updates        | 2277     |
----------------------------------
----------------------------------
| rollout/            |          |
|    ep_len_mean      | 60       |
|    ep_rew_mean      | 41.4     |
|    exploration_rate | 0.05     |
| time/               |          |
|    episodes         | 628      |
|    fps              | 67       |
|    time_elapsed     | 560      |
|    total_timesteps  | 37680    |
| train/              |          |
|    learning_rate    | 0.0001   |
|    loss             | 0.288    |
|    n_updates        | 2292     |
----------------------------------
----------------------------------
| rollout/            |          |
|    ep_len_mean      | 60       |
|    ep_rew_mean      | 41.4     |
|    exploration_rate | 0.05     |
| time/               |          |
|    episodes         | 632      |
|    fps              | 67       |
|    time_elapsed     | 562      |
|    total_timesteps  | 37920    |
| train/              |          |
|    learning_rate    | 0.0001   |
|    loss             | 1.75     |
|    n_updates        | 2307     |
----------------------------------
----------------------------------
| rollout/            |          |
|    ep_len_mean      | 60       |
|    ep_rew_mean      | 41.4     |
|    exploration_rate | 0.05     |
| time/               |          |
|    episodes         | 636      |
|    fps              | 67       |
|    time_elapsed     | 565      |
|    total_timesteps  | 38160    |
| train/              |          |
|    learning_rate    | 0.0001   |
|    loss             | 0.595    |
|    n_updates        | 2322     |
----------------------------------
----------------------------------
| rollout/            |          |
|    ep_len_mean      | 60       |
|    ep_rew_mean      | 41.2     |
|    exploration_rate | 0.05     |
| time/               |          |
|    episodes         | 640      |
|    fps              | 67       |
|    time_elapsed     | 568      |
|    total_timesteps  | 38400    |
| train/              |          |
|    learning_rate    | 0.0001   |
|    loss             | 1.15     |
|    n_updates        | 2337     |
----------------------------------
----------------------------------
| rollout/            |          |
|    ep_len_mean      | 60       |
|    ep_rew_mean      | 41.1     |
|    exploration_rate | 0.05     |
| time/               |          |
|    episodes         | 644      |
|    fps              | 67       |
|    time_elapsed     | 573      |
|    total_timesteps  | 38640    |
| train/              |          |
|    learning_rate    | 0.0001   |
|    loss             | 2.12     |
|    n_updates        | 2352     |
----------------------------------
----------------------------------
| rollout/            |          |
|    ep_len_mean      | 60       |
|    ep_rew_mean      | 41.2     |
|    exploration_rate | 0.05     |
| time/               |          |
|    episodes         | 648      |
|    fps              | 67       |
|    time_elapsed     | 576      |
|    total_timesteps  | 38880    |
| train/              |          |
|    learning_rate    | 0.0001   |
|    loss             | 0.649    |
|    n_updates        | 2367     |
----------------------------------
----------------------------------
| rollout/            |          |
|    ep_len_mean      | 60       |
|    ep_rew_mean      | 41.3     |
|    exploration_rate | 0.05     |
| time/               |          |
|    episodes         | 652      |
|    fps              | 67       |
|    time_elapsed     | 581      |
|    total_timesteps  | 39120    |
| train/              |          |
|    learning_rate    | 0.0001   |
|    loss             | 0.289    |
|    n_updates        | 2382     |
----------------------------------
----------------------------------
| rollout/            |          |
|    ep_len_mean      | 60       |
|    ep_rew_mean      | 41.3     |
|    exploration_rate | 0.05     |
| time/               |          |
|    episodes         | 656      |
|    fps              | 67       |
|    time_elapsed     | 585      |
|    total_timesteps  | 39360    |
| train/              |          |
|    learning_rate    | 0.0001   |
|    loss             | 0.566    |
|    n_updates        | 2397     |
----------------------------------
----------------------------------
| rollout/            |          |
|    ep_len_mean      | 60       |
|    ep_rew_mean      | 41.1     |
|    exploration_rate | 0.05     |
| time/               |          |
|    episodes         | 660      |
|    fps              | 67       |
|    time_elapsed     | 589      |
|    total_timesteps  | 39600    |
| train/              |          |
|    learning_rate    | 0.0001   |
|    loss             | 0.409    |
|    n_updates        | 2412     |
----------------------------------
----------------------------------
| rollout/            |          |
|    ep_len_mean      | 60       |
|    ep_rew_mean      | 41       |
|    exploration_rate | 0.05     |
| time/               |          |
|    episodes         | 664      |
|    fps              | 67       |
|    time_elapsed     | 593      |
|    total_timesteps  | 39840    |
| train/              |          |
|    learning_rate    | 0.0001   |
|    loss             | 0.428    |
|    n_updates        | 2427     |
----------------------------------
----------------------------------
| rollout/            |          |
|    ep_len_mean      | 60       |
|    ep_rew_mean      | 41.2     |
|    exploration_rate | 0.05     |
| time/               |          |
|    episodes         | 668      |
|    fps              | 67       |
|    time_elapsed     | 597      |
|    total_timesteps  | 40080    |
| train/              |          |
|    learning_rate    | 0.0001   |
|    loss             | 1.01     |
|    n_updates        | 2442     |
----------------------------------
----------------------------------
| rollout/            |          |
|    ep_len_mean      | 60       |
|    ep_rew_mean      | 41.2     |
|    exploration_rate | 0.05     |
| time/               |          |
|    episodes         | 672      |
|    fps              | 67       |
|    time_elapsed     | 599      |
|    total_timesteps  | 40320    |
| train/              |          |
|    learning_rate    | 0.0001   |
|    loss             | 0.379    |
|    n_updates        | 2457     |
----------------------------------
----------------------------------
| rollout/            |          |
|    ep_len_mean      | 60       |
|    ep_rew_mean      | 41.1     |
|    exploration_rate | 0.05     |
| time/               |          |
|    episodes         | 676      |
|    fps              | 67       |
|    time_elapsed     | 602      |
|    total_timesteps  | 40560    |
| train/              |          |
|    learning_rate    | 0.0001   |
|    loss             | 0.361    |
|    n_updates        | 2472     |
----------------------------------
----------------------------------
| rollout/            |          |
|    ep_len_mean      | 60       |
|    ep_rew_mean      | 41.1     |
|    exploration_rate | 0.05     |
| time/               |          |
|    episodes         | 680      |
|    fps              | 67       |
|    time_elapsed     | 605      |
|    total_timesteps  | 40800    |
| train/              |          |
|    learning_rate    | 0.0001   |
|    loss             | 1.27     |
|    n_updates        | 2487     |
----------------------------------
----------------------------------
| rollout/            |          |
|    ep_len_mean      | 60       |
|    ep_rew_mean      | 41.1     |
|    exploration_rate | 0.05     |
| time/               |          |
|    episodes         | 684      |
|    fps              | 67       |
|    time_elapsed     | 607      |
|    total_timesteps  | 41040    |
| train/              |          |
|    learning_rate    | 0.0001   |
|    loss             | 1        |
|    n_updates        | 2502     |
----------------------------------
----------------------------------
| rollout/            |          |
|    ep_len_mean      | 60       |
|    ep_rew_mean      | 41.1     |
|    exploration_rate | 0.05     |
| time/               |          |
|    episodes         | 688      |
|    fps              | 67       |
|    time_elapsed     | 610      |
|    total_timesteps  | 41280    |
| train/              |          |
|    learning_rate    | 0.0001   |
|    loss             | 1.19     |
|    n_updates        | 2517     |
----------------------------------
----------------------------------
| rollout/            |          |
|    ep_len_mean      | 60       |
|    ep_rew_mean      | 41.1     |
|    exploration_rate | 0.05     |
| time/               |          |
|    episodes         | 692      |
|    fps              | 67       |
|    time_elapsed     | 612      |
|    total_timesteps  | 41520    |
| train/              |          |
|    learning_rate    | 0.0001   |
|    loss             | 0.365    |
|    n_updates        | 2532     |
----------------------------------
----------------------------------
| rollout/            |          |
|    ep_len_mean      | 60       |
|    ep_rew_mean      | 41.1     |
|    exploration_rate | 0.05     |
| time/               |          |
|    episodes         | 696      |
|    fps              | 67       |
|    time_elapsed     | 615      |
|    total_timesteps  | 41760    |
| train/              |          |
|    learning_rate    | 0.0001   |
|    loss             | 0.558    |
|    n_updates        | 2547     |
----------------------------------
----------------------------------
| rollout/            |          |
|    ep_len_mean      | 60       |
|    ep_rew_mean      | 41.1     |
|    exploration_rate | 0.05     |
| time/               |          |
|    episodes         | 700      |
|    fps              | 67       |
|    time_elapsed     | 620      |
|    total_timesteps  | 42000    |
| train/              |          |
|    learning_rate    | 0.0001   |
|    loss             | 0.397    |
|    n_updates        | 2562     |
----------------------------------
----------------------------------
| rollout/            |          |
|    ep_len_mean      | 60       |
|    ep_rew_mean      | 40.9     |
|    exploration_rate | 0.05     |
| time/               |          |
|    episodes         | 704      |
|    fps              | 67       |
|    time_elapsed     | 624      |
|    total_timesteps  | 42240    |
| train/              |          |
|    learning_rate    | 0.0001   |
|    loss             | 0.371    |
|    n_updates        | 2577     |
----------------------------------
----------------------------------
| rollout/            |          |
|    ep_len_mean      | 60       |
|    ep_rew_mean      | 41.1     |
|    exploration_rate | 0.05     |
| time/               |          |
|    episodes         | 708      |
|    fps              | 67       |
|    time_elapsed     | 628      |
|    total_timesteps  | 42480    |
| train/              |          |
|    learning_rate    | 0.0001   |
|    loss             | 0.803    |
|    n_updates        | 2592     |
----------------------------------
----------------------------------
| rollout/            |          |
|    ep_len_mean      | 60       |
|    ep_rew_mean      | 41.1     |
|    exploration_rate | 0.05     |
| time/               |          |
|    episodes         | 712      |
|    fps              | 67       |
|    time_elapsed     | 633      |
|    total_timesteps  | 42720    |
| train/              |          |
|    learning_rate    | 0.0001   |
|    loss             | 1.15     |
|    n_updates        | 2607     |
----------------------------------
----------------------------------
| rollout/            |          |
|    ep_len_mean      | 60       |
|    ep_rew_mean      | 41.2     |
|    exploration_rate | 0.05     |
| time/               |          |
|    episodes         | 716      |
|    fps              | 67       |
|    time_elapsed     | 637      |
|    total_timesteps  | 42960    |
| train/              |          |
|    learning_rate    | 0.0001   |
|    loss             | 0.42     |
|    n_updates        | 2622     |
----------------------------------
----------------------------------
| rollout/            |          |
|    ep_len_mean      | 60       |
|    ep_rew_mean      | 41.1     |
|    exploration_rate | 0.05     |
| time/               |          |
|    episodes         | 720      |
|    fps              | 67       |
|    time_elapsed     | 641      |
|    total_timesteps  | 43200    |
| train/              |          |
|    learning_rate    | 0.0001   |
|    loss             | 0.46     |
|    n_updates        | 2637     |
----------------------------------
----------------------------------
| rollout/            |          |
|    ep_len_mean      | 60       |
|    ep_rew_mean      | 40.9     |
|    exploration_rate | 0.05     |
| time/               |          |
|    episodes         | 724      |
|    fps              | 67       |
|    time_elapsed     | 644      |
|    total_timesteps  | 43440    |
| train/              |          |
|    learning_rate    | 0.0001   |
|    loss             | 0.37     |
|    n_updates        | 2652     |
----------------------------------
----------------------------------
| rollout/            |          |
|    ep_len_mean      | 60       |
|    ep_rew_mean      | 41       |
|    exploration_rate | 0.05     |
| time/               |          |
|    episodes         | 728      |
|    fps              | 67       |
|    time_elapsed     | 647      |
|    total_timesteps  | 43680    |
| train/              |          |
|    learning_rate    | 0.0001   |
|    loss             | 0.53     |
|    n_updates        | 2667     |
----------------------------------
----------------------------------
| rollout/            |          |
|    ep_len_mean      | 60       |
|    ep_rew_mean      | 41.1     |
|    exploration_rate | 0.05     |
| time/               |          |
|    episodes         | 732      |
|    fps              | 67       |
|    time_elapsed     | 650      |
|    total_timesteps  | 43920    |
| train/              |          |
|    learning_rate    | 0.0001   |
|    loss             | 0.44     |
|    n_updates        | 2682     |
----------------------------------
----------------------------------
| rollout/            |          |
|    ep_len_mean      | 60       |
|    ep_rew_mean      | 41       |
|    exploration_rate | 0.05     |
| time/               |          |
|    episodes         | 736      |
|    fps              | 67       |
|    time_elapsed     | 652      |
|    total_timesteps  | 44160    |
| train/              |          |
|    learning_rate    | 0.0001   |
|    loss             | 0.94     |
|    n_updates        | 2697     |
----------------------------------
----------------------------------
| rollout/            |          |
|    ep_len_mean      | 60       |
|    ep_rew_mean      | 41       |
|    exploration_rate | 0.05     |
| time/               |          |
|    episodes         | 740      |
|    fps              | 67       |
|    time_elapsed     | 655      |
|    total_timesteps  | 44400    |
| train/              |          |
|    learning_rate    | 0.0001   |
|    loss             | 2.3      |
|    n_updates        | 2712     |
----------------------------------
----------------------------------
| rollout/            |          |
|    ep_len_mean      | 60       |
|    ep_rew_mean      | 41       |
|    exploration_rate | 0.05     |
| time/               |          |
|    episodes         | 744      |
|    fps              | 67       |
|    time_elapsed     | 659      |
|    total_timesteps  | 44640    |
| train/              |          |
|    learning_rate    | 0.0001   |
|    loss             | 0.394    |
|    n_updates        | 2727     |
----------------------------------
----------------------------------
| rollout/            |          |
|    ep_len_mean      | 60       |
|    ep_rew_mean      | 40.9     |
|    exploration_rate | 0.05     |
| time/               |          |
|    episodes         | 748      |
|    fps              | 67       |
|    time_elapsed     | 662      |
|    total_timesteps  | 44880    |
| train/              |          |
|    learning_rate    | 0.0001   |
|    loss             | 0.159    |
|    n_updates        | 2742     |
----------------------------------
----------------------------------
| rollout/            |          |
|    ep_len_mean      | 60       |
|    ep_rew_mean      | 40.7     |
|    exploration_rate | 0.05     |
| time/               |          |
|    episodes         | 752      |
|    fps              | 67       |
|    time_elapsed     | 667      |
|    total_timesteps  | 45120    |
| train/              |          |
|    learning_rate    | 0.0001   |
|    loss             | 0.257    |
|    n_updates        | 2757     |
----------------------------------
----------------------------------
| rollout/            |          |
|    ep_len_mean      | 60       |
|    ep_rew_mean      | 40.8     |
|    exploration_rate | 0.05     |
| time/               |          |
|    episodes         | 756      |
|    fps              | 67       |
|    time_elapsed     | 671      |
|    total_timesteps  | 45360    |
| train/              |          |
|    learning_rate    | 0.0001   |
|    loss             | 0.319    |
|    n_updates        | 2772     |
----------------------------------
----------------------------------
| rollout/            |          |
|    ep_len_mean      | 60       |
|    ep_rew_mean      | 40.7     |
|    exploration_rate | 0.05     |
| time/               |          |
|    episodes         | 760      |
|    fps              | 67       |
|    time_elapsed     | 675      |
|    total_timesteps  | 45600    |
| train/              |          |
|    learning_rate    | 0.0001   |
|    loss             | 0.334    |
|    n_updates        | 2787     |
----------------------------------
----------------------------------
| rollout/            |          |
|    ep_len_mean      | 60       |
|    ep_rew_mean      | 40.7     |
|    exploration_rate | 0.05     |
| time/               |          |
|    episodes         | 764      |
|    fps              | 67       |
|    time_elapsed     | 679      |
|    total_timesteps  | 45840    |
| train/              |          |
|    learning_rate    | 0.0001   |
|    loss             | 1.06     |
|    n_updates        | 2802     |
----------------------------------
----------------------------------
| rollout/            |          |
|    ep_len_mean      | 60       |
|    ep_rew_mean      | 40.6     |
|    exploration_rate | 0.05     |
| time/               |          |
|    episodes         | 768      |
|    fps              | 67       |
|    time_elapsed     | 683      |
|    total_timesteps  | 46080    |
| train/              |          |
|    learning_rate    | 0.0001   |
|    loss             | 1.18     |
|    n_updates        | 2817     |
----------------------------------
----------------------------------
| rollout/            |          |
|    ep_len_mean      | 60       |
|    ep_rew_mean      | 40.6     |
|    exploration_rate | 0.05     |
| time/               |          |
|    episodes         | 772      |
|    fps              | 67       |
|    time_elapsed     | 686      |
|    total_timesteps  | 46320    |
| train/              |          |
|    learning_rate    | 0.0001   |
|    loss             | 0.476    |
|    n_updates        | 2832     |
----------------------------------
----------------------------------
| rollout/            |          |
|    ep_len_mean      | 60       |
|    ep_rew_mean      | 40.6     |
|    exploration_rate | 0.05     |
| time/               |          |
|    episodes         | 776      |
|    fps              | 67       |
|    time_elapsed     | 690      |
|    total_timesteps  | 46560    |
| train/              |          |
|    learning_rate    | 0.0001   |
|    loss             | 1.01     |
|    n_updates        | 2847     |
----------------------------------
----------------------------------
| rollout/            |          |
|    ep_len_mean      | 60       |
|    ep_rew_mean      | 40.7     |
|    exploration_rate | 0.05     |
| time/               |          |
|    episodes         | 780      |
|    fps              | 67       |
|    time_elapsed     | 694      |
|    total_timesteps  | 46800    |
| train/              |          |
|    learning_rate    | 0.0001   |
|    loss             | 1.11     |
|    n_updates        | 2862     |
----------------------------------
----------------------------------
| rollout/            |          |
|    ep_len_mean      | 60       |
|    ep_rew_mean      | 41       |
|    exploration_rate | 0.05     |
| time/               |          |
|    episodes         | 784      |
|    fps              | 67       |
|    time_elapsed     | 698      |
|    total_timesteps  | 47040    |
| train/              |          |
|    learning_rate    | 0.0001   |
|    loss             | 0.562    |
|    n_updates        | 2877     |
----------------------------------
----------------------------------
| rollout/            |          |
|    ep_len_mean      | 60       |
|    ep_rew_mean      | 41.1     |
|    exploration_rate | 0.05     |
| time/               |          |
|    episodes         | 788      |
|    fps              | 67       |
|    time_elapsed     | 702      |
|    total_timesteps  | 47280    |
| train/              |          |
|    learning_rate    | 0.0001   |
|    loss             | 1.01     |
|    n_updates        | 2892     |
----------------------------------
----------------------------------
| rollout/            |          |
|    ep_len_mean      | 60       |
|    ep_rew_mean      | 41.1     |
|    exploration_rate | 0.05     |
| time/               |          |
|    episodes         | 792      |
|    fps              | 67       |
|    time_elapsed     | 706      |
|    total_timesteps  | 47520    |
| train/              |          |
|    learning_rate    | 0.0001   |
|    loss             | 0.209    |
|    n_updates        | 2907     |
----------------------------------
----------------------------------
| rollout/            |          |
|    ep_len_mean      | 60       |
|    ep_rew_mean      | 41.2     |
|    exploration_rate | 0.05     |
| time/               |          |
|    episodes         | 796      |
|    fps              | 67       |
|    time_elapsed     | 709      |
|    total_timesteps  | 47760    |
| train/              |          |
|    learning_rate    | 0.0001   |
|    loss             | 1.06     |
|    n_updates        | 2922     |
----------------------------------
----------------------------------
| rollout/            |          |
|    ep_len_mean      | 60       |
|    ep_rew_mean      | 41.2     |
|    exploration_rate | 0.05     |
| time/               |          |
|    episodes         | 800      |
|    fps              | 67       |
|    time_elapsed     | 712      |
|    total_timesteps  | 48000    |
| train/              |          |
|    learning_rate    | 0.0001   |
|    loss             | 2.04     |
|    n_updates        | 2937     |
----------------------------------
----------------------------------
| rollout/            |          |
|    ep_len_mean      | 60       |
|    ep_rew_mean      | 41.4     |
|    exploration_rate | 0.05     |
| time/               |          |
|    episodes         | 804      |
|    fps              | 67       |
|    time_elapsed     | 716      |
|    total_timesteps  | 48240    |
| train/              |          |
|    learning_rate    | 0.0001   |
|    loss             | 0.942    |
|    n_updates        | 2952     |
----------------------------------
----------------------------------
| rollout/            |          |
|    ep_len_mean      | 60       |
|    ep_rew_mean      | 41.2     |
|    exploration_rate | 0.05     |
| time/               |          |
|    episodes         | 808      |
|    fps              | 67       |
|    time_elapsed     | 721      |
|    total_timesteps  | 48480    |
| train/              |          |
|    learning_rate    | 0.0001   |
|    loss             | 0.254    |
|    n_updates        | 2967     |
----------------------------------
----------------------------------
| rollout/            |          |
|    ep_len_mean      | 60       |
|    ep_rew_mean      | 41.2     |
|    exploration_rate | 0.05     |
| time/               |          |
|    episodes         | 812      |
|    fps              | 67       |
|    time_elapsed     | 724      |
|    total_timesteps  | 48720    |
| train/              |          |
|    learning_rate    | 0.0001   |
|    loss             | 0.995    |
|    n_updates        | 2982     |
----------------------------------
----------------------------------
| rollout/            |          |
|    ep_len_mean      | 60       |
|    ep_rew_mean      | 41.2     |
|    exploration_rate | 0.05     |
| time/               |          |
|    episodes         | 816      |
|    fps              | 67       |
|    time_elapsed     | 728      |
|    total_timesteps  | 48960    |
| train/              |          |
|    learning_rate    | 0.0001   |
|    loss             | 1.79     |
|    n_updates        | 2997     |
----------------------------------
----------------------------------
| rollout/            |          |
|    ep_len_mean      | 60       |
|    ep_rew_mean      | 41.3     |
|    exploration_rate | 0.05     |
| time/               |          |
|    episodes         | 820      |
|    fps              | 67       |
|    time_elapsed     | 731      |
|    total_timesteps  | 49200    |
| train/              |          |
|    learning_rate    | 0.0001   |
|    loss             | 1.16     |
|    n_updates        | 3012     |
----------------------------------
----------------------------------
| rollout/            |          |
|    ep_len_mean      | 60       |
|    ep_rew_mean      | 41.5     |
|    exploration_rate | 0.05     |
| time/               |          |
|    episodes         | 824      |
|    fps              | 67       |
|    time_elapsed     | 734      |
|    total_timesteps  | 49440    |
| train/              |          |
|    learning_rate    | 0.0001   |
|    loss             | 0.545    |
|    n_updates        | 3027     |
----------------------------------
----------------------------------
| rollout/            |          |
|    ep_len_mean      | 60       |
|    ep_rew_mean      | 41.3     |
|    exploration_rate | 0.05     |
| time/               |          |
|    episodes         | 828      |
|    fps              | 67       |
|    time_elapsed     | 737      |
|    total_timesteps  | 49680    |
| train/              |          |
|    learning_rate    | 0.0001   |
|    loss             | 0.202    |
|    n_updates        | 3042     |
----------------------------------
----------------------------------
| rollout/            |          |
|    ep_len_mean      | 60       |
|    ep_rew_mean      | 41.2     |
|    exploration_rate | 0.05     |
| time/               |          |
|    episodes         | 832      |
|    fps              | 67       |
|    time_elapsed     | 740      |
|    total_timesteps  | 49920    |
| train/              |          |
|    learning_rate    | 0.0001   |
|    loss             | 1.12     |
|    n_updates        | 3057     |
----------------------------------
----------------------------------
| rollout/            |          |
|    ep_len_mean      | 60       |
|    ep_rew_mean      | 41.3     |
|    exploration_rate | 0.05     |
| time/               |          |
|    episodes         | 836      |
|    fps              | 67       |
|    time_elapsed     | 744      |
|    total_timesteps  | 50160    |
| train/              |          |
|    learning_rate    | 0.0001   |
|    loss             | 1.16     |
|    n_updates        | 3072     |
----------------------------------
----------------------------------
| rollout/            |          |
|    ep_len_mean      | 60       |
|    ep_rew_mean      | 41.3     |
|    exploration_rate | 0.05     |
| time/               |          |
|    episodes         | 840      |
|    fps              | 67       |
|    time_elapsed     | 748      |
|    total_timesteps  | 50400    |
| train/              |          |
|    learning_rate    | 0.0001   |
|    loss             | 0.36     |
|    n_updates        | 3087     |
----------------------------------
----------------------------------
| rollout/            |          |
|    ep_len_mean      | 60       |
|    ep_rew_mean      | 41.3     |
|    exploration_rate | 0.05     |
| time/               |          |
|    episodes         | 844      |
|    fps              | 67       |
|    time_elapsed     | 753      |
|    total_timesteps  | 50640    |
| train/              |          |
|    learning_rate    | 0.0001   |
|    loss             | 1.23     |
|    n_updates        | 3102     |
----------------------------------
----------------------------------
| rollout/            |          |
|    ep_len_mean      | 60       |
|    ep_rew_mean      | 41.2     |
|    exploration_rate | 0.05     |
| time/               |          |
|    episodes         | 848      |
|    fps              | 67       |
|    time_elapsed     | 756      |
|    total_timesteps  | 50880    |
| train/              |          |
|    learning_rate    | 0.0001   |
|    loss             | 1.24     |
|    n_updates        | 3117     |
----------------------------------
----------------------------------
| rollout/            |          |
|    ep_len_mean      | 60       |
|    ep_rew_mean      | 41.3     |
|    exploration_rate | 0.05     |
| time/               |          |
|    episodes         | 852      |
|    fps              | 67       |
|    time_elapsed     | 760      |
|    total_timesteps  | 51120    |
| train/              |          |
|    learning_rate    | 0.0001   |
|    loss             | 1.19     |
|    n_updates        | 3132     |
----------------------------------
----------------------------------
| rollout/            |          |
|    ep_len_mean      | 60       |
|    ep_rew_mean      | 41.2     |
|    exploration_rate | 0.05     |
| time/               |          |
|    episodes         | 856      |
|    fps              | 67       |
|    time_elapsed     | 765      |
|    total_timesteps  | 51360    |
| train/              |          |
|    learning_rate    | 0.0001   |
|    loss             | 0.206    |
|    n_updates        | 3147     |
----------------------------------
----------------------------------
| rollout/            |          |
|    ep_len_mean      | 60       |
|    ep_rew_mean      | 41.4     |
|    exploration_rate | 0.05     |
| time/               |          |
|    episodes         | 860      |
|    fps              | 67       |
|    time_elapsed     | 769      |
|    total_timesteps  | 51600    |
| train/              |          |
|    learning_rate    | 0.0001   |
|    loss             | 1.89     |
|    n_updates        | 3162     |
----------------------------------
----------------------------------
| rollout/            |          |
|    ep_len_mean      | 60       |
|    ep_rew_mean      | 41.4     |
|    exploration_rate | 0.05     |
| time/               |          |
|    episodes         | 864      |
|    fps              | 67       |
|    time_elapsed     | 773      |
|    total_timesteps  | 51840    |
| train/              |          |
|    learning_rate    | 0.0001   |
|    loss             | 1.24     |
|    n_updates        | 3177     |
----------------------------------
----------------------------------
| rollout/            |          |
|    ep_len_mean      | 60       |
|    ep_rew_mean      | 41.4     |
|    exploration_rate | 0.05     |
| time/               |          |
|    episodes         | 868      |
|    fps              | 66       |
|    time_elapsed     | 777      |
|    total_timesteps  | 52080    |
| train/              |          |
|    learning_rate    | 0.0001   |
|    loss             | 0.158    |
|    n_updates        | 3192     |
----------------------------------
----------------------------------
| rollout/            |          |
|    ep_len_mean      | 60       |
|    ep_rew_mean      | 41.5     |
|    exploration_rate | 0.05     |
| time/               |          |
|    episodes         | 872      |
|    fps              | 66       |
|    time_elapsed     | 781      |
|    total_timesteps  | 52320    |
| train/              |          |
|    learning_rate    | 0.0001   |
|    loss             | 0.286    |
|    n_updates        | 3207     |
----------------------------------
----------------------------------
| rollout/            |          |
|    ep_len_mean      | 60       |
|    ep_rew_mean      | 41.7     |
|    exploration_rate | 0.05     |
| time/               |          |
|    episodes         | 876      |
|    fps              | 66       |
|    time_elapsed     | 785      |
|    total_timesteps  | 52560    |
| train/              |          |
|    learning_rate    | 0.0001   |
|    loss             | 0.568    |
|    n_updates        | 3222     |
----------------------------------
----------------------------------
| rollout/            |          |
|    ep_len_mean      | 60       |
|    ep_rew_mean      | 41.5     |
|    exploration_rate | 0.05     |
| time/               |          |
|    episodes         | 880      |
|    fps              | 66       |
|    time_elapsed     | 790      |
|    total_timesteps  | 52800    |
| train/              |          |
|    learning_rate    | 0.0001   |
|    loss             | 0.939    |
|    n_updates        | 3237     |
----------------------------------
----------------------------------
| rollout/            |          |
|    ep_len_mean      | 60       |
|    ep_rew_mean      | 41.3     |
|    exploration_rate | 0.05     |
| time/               |          |
|    episodes         | 884      |
|    fps              | 66       |
|    time_elapsed     | 794      |
|    total_timesteps  | 53040    |
| train/              |          |
|    learning_rate    | 0.0001   |
|    loss             | 0.579    |
|    n_updates        | 3252     |
----------------------------------
----------------------------------
| rollout/            |          |
|    ep_len_mean      | 60       |
|    ep_rew_mean      | 41.2     |
|    exploration_rate | 0.05     |
| time/               |          |
|    episodes         | 888      |
|    fps              | 66       |
|    time_elapsed     | 799      |
|    total_timesteps  | 53280    |
| train/              |          |
|    learning_rate    | 0.0001   |
|    loss             | 0.72     |
|    n_updates        | 3267     |
----------------------------------
----------------------------------
| rollout/            |          |
|    ep_len_mean      | 60       |
|    ep_rew_mean      | 41       |
|    exploration_rate | 0.05     |
| time/               |          |
|    episodes         | 892      |
|    fps              | 66       |
|    time_elapsed     | 802      |
|    total_timesteps  | 53520    |
| train/              |          |
|    learning_rate    | 0.0001   |
|    loss             | 0.53     |
|    n_updates        | 3282     |
----------------------------------
----------------------------------
| rollout/            |          |
|    ep_len_mean      | 60       |
|    ep_rew_mean      | 41.1     |
|    exploration_rate | 0.05     |
| time/               |          |
|    episodes         | 896      |
|    fps              | 66       |
|    time_elapsed     | 806      |
|    total_timesteps  | 53760    |
| train/              |          |
|    learning_rate    | 0.0001   |
|    loss             | 0.391    |
|    n_updates        | 3297     |
----------------------------------
----------------------------------
| rollout/            |          |
|    ep_len_mean      | 60       |
|    ep_rew_mean      | 41       |
|    exploration_rate | 0.05     |
| time/               |          |
|    episodes         | 900      |
|    fps              | 66       |
|    time_elapsed     | 811      |
|    total_timesteps  | 54000    |
| train/              |          |
|    learning_rate    | 0.0001   |
|    loss             | 0.423    |
|    n_updates        | 3312     |
----------------------------------
----------------------------------
| rollout/            |          |
|    ep_len_mean      | 60       |
|    ep_rew_mean      | 41       |
|    exploration_rate | 0.05     |
| time/               |          |
|    episodes         | 904      |
|    fps              | 66       |
|    time_elapsed     | 814      |
|    total_timesteps  | 54240    |
| train/              |          |
|    learning_rate    | 0.0001   |
|    loss             | 1.82     |
|    n_updates        | 3327     |
----------------------------------
----------------------------------
| rollout/            |          |
|    ep_len_mean      | 60       |
|    ep_rew_mean      | 41       |
|    exploration_rate | 0.05     |
| time/               |          |
|    episodes         | 908      |
|    fps              | 66       |
|    time_elapsed     | 817      |
|    total_timesteps  | 54480    |
| train/              |          |
|    learning_rate    | 0.0001   |
|    loss             | 0.358    |
|    n_updates        | 3342     |
----------------------------------
----------------------------------
| rollout/            |          |
|    ep_len_mean      | 60       |
|    ep_rew_mean      | 40.9     |
|    exploration_rate | 0.05     |
| time/               |          |
|    episodes         | 912      |
|    fps              | 66       |
|    time_elapsed     | 820      |
|    total_timesteps  | 54720    |
| train/              |          |
|    learning_rate    | 0.0001   |
|    loss             | 2.54     |
|    n_updates        | 3357     |
----------------------------------
----------------------------------
| rollout/            |          |
|    ep_len_mean      | 60       |
|    ep_rew_mean      | 41       |
|    exploration_rate | 0.05     |
| time/               |          |
|    episodes         | 916      |
|    fps              | 66       |
|    time_elapsed     | 824      |
|    total_timesteps  | 54960    |
| train/              |          |
|    learning_rate    | 0.0001   |
|    loss             | 0.509    |
|    n_updates        | 3372     |
----------------------------------
----------------------------------
| rollout/            |          |
|    ep_len_mean      | 60       |
|    ep_rew_mean      | 40.9     |
|    exploration_rate | 0.05     |
| time/               |          |
|    episodes         | 920      |
|    fps              | 66       |
|    time_elapsed     | 828      |
|    total_timesteps  | 55200    |
| train/              |          |
|    learning_rate    | 0.0001   |
|    loss             | 0.439    |
|    n_updates        | 3387     |
----------------------------------
----------------------------------
| rollout/            |          |
|    ep_len_mean      | 60       |
|    ep_rew_mean      | 40.8     |
|    exploration_rate | 0.05     |
| time/               |          |
|    episodes         | 924      |
|    fps              | 66       |
|    time_elapsed     | 832      |
|    total_timesteps  | 55440    |
| train/              |          |
|    learning_rate    | 0.0001   |
|    loss             | 0.375    |
|    n_updates        | 3402     |
----------------------------------
----------------------------------
| rollout/            |          |
|    ep_len_mean      | 60       |
|    ep_rew_mean      | 40.9     |
|    exploration_rate | 0.05     |
| time/               |          |
|    episodes         | 928      |
|    fps              | 66       |
|    time_elapsed     | 836      |
|    total_timesteps  | 55680    |
| train/              |          |
|    learning_rate    | 0.0001   |
|    loss             | 0.317    |
|    n_updates        | 3417     |
----------------------------------
----------------------------------
| rollout/            |          |
|    ep_len_mean      | 60       |
|    ep_rew_mean      | 40.9     |
|    exploration_rate | 0.05     |
| time/               |          |
|    episodes         | 932      |
|    fps              | 66       |
|    time_elapsed     | 840      |
|    total_timesteps  | 55920    |
| train/              |          |
|    learning_rate    | 0.0001   |
|    loss             | 1.03     |
|    n_updates        | 3432     |
----------------------------------
----------------------------------
| rollout/            |          |
|    ep_len_mean      | 60       |
|    ep_rew_mean      | 41       |
|    exploration_rate | 0.05     |
| time/               |          |
|    episodes         | 936      |
|    fps              | 66       |
|    time_elapsed     | 843      |
|    total_timesteps  | 56160    |
| train/              |          |
|    learning_rate    | 0.0001   |
|    loss             | 0.208    |
|    n_updates        | 3447     |
----------------------------------
----------------------------------
| rollout/            |          |
|    ep_len_mean      | 60       |
|    ep_rew_mean      | 41.1     |
|    exploration_rate | 0.05     |
| time/               |          |
|    episodes         | 940      |
|    fps              | 66       |
|    time_elapsed     | 847      |
|    total_timesteps  | 56400    |
| train/              |          |
|    learning_rate    | 0.0001   |
|    loss             | 1.01     |
|    n_updates        | 3462     |
----------------------------------
----------------------------------
| rollout/            |          |
|    ep_len_mean      | 60       |
|    ep_rew_mean      | 41.2     |
|    exploration_rate | 0.05     |
| time/               |          |
|    episodes         | 944      |
|    fps              | 66       |
|    time_elapsed     | 851      |
|    total_timesteps  | 56640    |
| train/              |          |
|    learning_rate    | 0.0001   |
|    loss             | 2.11     |
|    n_updates        | 3477     |
----------------------------------
----------------------------------
| rollout/            |          |
|    ep_len_mean      | 60       |
|    ep_rew_mean      | 41.3     |
|    exploration_rate | 0.05     |
| time/               |          |
|    episodes         | 948      |
|    fps              | 66       |
|    time_elapsed     | 855      |
|    total_timesteps  | 56880    |
| train/              |          |
|    learning_rate    | 0.0001   |
|    loss             | 0.208    |
|    n_updates        | 3492     |
----------------------------------
----------------------------------
| rollout/            |          |
|    ep_len_mean      | 60       |
|    ep_rew_mean      | 41.2     |
|    exploration_rate | 0.05     |
| time/               |          |
|    episodes         | 952      |
|    fps              | 66       |
|    time_elapsed     | 859      |
|    total_timesteps  | 57120    |
| train/              |          |
|    learning_rate    | 0.0001   |
|    loss             | 2.32     |
|    n_updates        | 3507     |
----------------------------------
----------------------------------
| rollout/            |          |
|    ep_len_mean      | 60       |
|    ep_rew_mean      | 41.2     |
|    exploration_rate | 0.05     |
| time/               |          |
|    episodes         | 956      |
|    fps              | 66       |
|    time_elapsed     | 864      |
|    total_timesteps  | 57360    |
| train/              |          |
|    learning_rate    | 0.0001   |
|    loss             | 0.316    |
|    n_updates        | 3522     |
----------------------------------
----------------------------------
| rollout/            |          |
|    ep_len_mean      | 60       |
|    ep_rew_mean      | 41.3     |
|    exploration_rate | 0.05     |
| time/               |          |
|    episodes         | 960      |
|    fps              | 66       |
|    time_elapsed     | 868      |
|    total_timesteps  | 57600    |
| train/              |          |
|    learning_rate    | 0.0001   |
|    loss             | 0.767    |
|    n_updates        | 3537     |
----------------------------------
----------------------------------
| rollout/            |          |
|    ep_len_mean      | 60       |
|    ep_rew_mean      | 41.3     |
|    exploration_rate | 0.05     |
| time/               |          |
|    episodes         | 964      |
|    fps              | 66       |
|    time_elapsed     | 872      |
|    total_timesteps  | 57840    |
| train/              |          |
|    learning_rate    | 0.0001   |
|    loss             | 0.36     |
|    n_updates        | 3552     |
----------------------------------
----------------------------------
| rollout/            |          |
|    ep_len_mean      | 60       |
|    ep_rew_mean      | 41.3     |
|    exploration_rate | 0.05     |
| time/               |          |
|    episodes         | 968      |
|    fps              | 66       |
|    time_elapsed     | 876      |
|    total_timesteps  | 58080    |
| train/              |          |
|    learning_rate    | 0.0001   |
|    loss             | 0.216    |
|    n_updates        | 3567     |
----------------------------------
----------------------------------
| rollout/            |          |
|    ep_len_mean      | 60       |
|    ep_rew_mean      | 41.2     |
|    exploration_rate | 0.05     |
| time/               |          |
|    episodes         | 972      |
|    fps              | 66       |
|    time_elapsed     | 879      |
|    total_timesteps  | 58320    |
| train/              |          |
|    learning_rate    | 0.0001   |
|    loss             | 1.91     |
|    n_updates        | 3582     |
----------------------------------
----------------------------------
| rollout/            |          |
|    ep_len_mean      | 60       |
|    ep_rew_mean      | 41       |
|    exploration_rate | 0.05     |
| time/               |          |
|    episodes         | 976      |
|    fps              | 66       |
|    time_elapsed     | 882      |
|    total_timesteps  | 58560    |
| train/              |          |
|    learning_rate    | 0.0001   |
|    loss             | 1.18     |
|    n_updates        | 3597     |
----------------------------------
----------------------------------
| rollout/            |          |
|    ep_len_mean      | 60       |
|    ep_rew_mean      | 41       |
|    exploration_rate | 0.05     |
| time/               |          |
|    episodes         | 980      |
|    fps              | 66       |
|    time_elapsed     | 885      |
|    total_timesteps  | 58800    |
| train/              |          |
|    learning_rate    | 0.0001   |
|    loss             | 1.18     |
|    n_updates        | 3612     |
----------------------------------
----------------------------------
| rollout/            |          |
|    ep_len_mean      | 60       |
|    ep_rew_mean      | 41       |
|    exploration_rate | 0.05     |
| time/               |          |
|    episodes         | 984      |
|    fps              | 66       |
|    time_elapsed     | 888      |
|    total_timesteps  | 59040    |
| train/              |          |
|    learning_rate    | 0.0001   |
|    loss             | 1.45     |
|    n_updates        | 3627     |
----------------------------------
----------------------------------
| rollout/            |          |
|    ep_len_mean      | 60       |
|    ep_rew_mean      | 41.1     |
|    exploration_rate | 0.05     |
| time/               |          |
|    episodes         | 988      |
|    fps              | 66       |
|    time_elapsed     | 891      |
|    total_timesteps  | 59280    |
| train/              |          |
|    learning_rate    | 0.0001   |
|    loss             | 1.86     |
|    n_updates        | 3642     |
----------------------------------
----------------------------------
| rollout/            |          |
|    ep_len_mean      | 60       |
|    ep_rew_mean      | 41.2     |
|    exploration_rate | 0.05     |
| time/               |          |
|    episodes         | 992      |
|    fps              | 66       |
|    time_elapsed     | 894      |
|    total_timesteps  | 59520    |
| train/              |          |
|    learning_rate    | 0.0001   |
|    loss             | 1.16     |
|    n_updates        | 3657     |
----------------------------------
----------------------------------
| rollout/            |          |
|    ep_len_mean      | 60       |
|    ep_rew_mean      | 41.2     |
|    exploration_rate | 0.05     |
| time/               |          |
|    episodes         | 996      |
|    fps              | 66       |
|    time_elapsed     | 897      |
|    total_timesteps  | 59760    |
| train/              |          |
|    learning_rate    | 0.0001   |
|    loss             | 1.46     |
|    n_updates        | 3672     |
----------------------------------
----------------------------------
| rollout/            |          |
|    ep_len_mean      | 60       |
|    ep_rew_mean      | 41.2     |
|    exploration_rate | 0.05     |
| time/               |          |
|    episodes         | 1000     |
|    fps              | 66       |
|    time_elapsed     | 900      |
|    total_timesteps  | 60000    |
| train/              |          |
|    learning_rate    | 0.0001   |
|    loss             | 0.303    |
|    n_updates        | 3687     |
----------------------------------
----------------------------------
| rollout/            |          |
|    ep_len_mean      | 60       |
|    ep_rew_mean      | 41.2     |
|    exploration_rate | 0.05     |
| time/               |          |
|    episodes         | 1004     |
|    fps              | 66       |
|    time_elapsed     | 903      |
|    total_timesteps  | 60240    |
| train/              |          |
|    learning_rate    | 0.0001   |
|    loss             | 1.23     |
|    n_updates        | 3702     |
----------------------------------
----------------------------------
| rollout/            |          |
|    ep_len_mean      | 60       |
|    ep_rew_mean      | 41.4     |
|    exploration_rate | 0.05     |
| time/               |          |
|    episodes         | 1008     |
|    fps              | 66       |
|    time_elapsed     | 906      |
|    total_timesteps  | 60480    |
| train/              |          |
|    learning_rate    | 0.0001   |
|    loss             | 0.478    |
|    n_updates        | 3717     |
----------------------------------
----------------------------------
| rollout/            |          |
|    ep_len_mean      | 60       |
|    ep_rew_mean      | 41.5     |
|    exploration_rate | 0.05     |
| time/               |          |
|    episodes         | 1012     |
|    fps              | 66       |
|    time_elapsed     | 909      |
|    total_timesteps  | 60720    |
| train/              |          |
|    learning_rate    | 0.0001   |
|    loss             | 1.92     |
|    n_updates        | 3732     |
----------------------------------
----------------------------------
| rollout/            |          |
|    ep_len_mean      | 60       |
|    ep_rew_mean      | 41.4     |
|    exploration_rate | 0.05     |
| time/               |          |
|    episodes         | 1016     |
|    fps              | 66       |
|    time_elapsed     | 913      |
|    total_timesteps  | 60960    |
| train/              |          |
|    learning_rate    | 0.0001   |
|    loss             | 0.12     |
|    n_updates        | 3747     |
----------------------------------
----------------------------------
| rollout/            |          |
|    ep_len_mean      | 60       |
|    ep_rew_mean      | 41.4     |
|    exploration_rate | 0.05     |
| time/               |          |
|    episodes         | 1020     |
|    fps              | 66       |
|    time_elapsed     | 916      |
|    total_timesteps  | 61200    |
| train/              |          |
|    learning_rate    | 0.0001   |
|    loss             | 0.127    |
|    n_updates        | 3762     |
----------------------------------
----------------------------------
| rollout/            |          |
|    ep_len_mean      | 60       |
|    ep_rew_mean      | 41.6     |
|    exploration_rate | 0.05     |
| time/               |          |
|    episodes         | 1024     |
|    fps              | 66       |
|    time_elapsed     | 921      |
|    total_timesteps  | 61440    |
| train/              |          |
|    learning_rate    | 0.0001   |
|    loss             | 0.29     |
|    n_updates        | 3777     |
----------------------------------
----------------------------------
| rollout/            |          |
|    ep_len_mean      | 60       |
|    ep_rew_mean      | 41.6     |
|    exploration_rate | 0.05     |
| time/               |          |
|    episodes         | 1028     |
|    fps              | 66       |
|    time_elapsed     | 925      |
|    total_timesteps  | 61680    |
| train/              |          |
|    learning_rate    | 0.0001   |
|    loss             | 1.42     |
|    n_updates        | 3792     |
----------------------------------
----------------------------------
| rollout/            |          |
|    ep_len_mean      | 60       |
|    ep_rew_mean      | 41.4     |
|    exploration_rate | 0.05     |
| time/               |          |
|    episodes         | 1032     |
|    fps              | 66       |
|    time_elapsed     | 928      |
|    total_timesteps  | 61920    |
| train/              |          |
|    learning_rate    | 0.0001   |
|    loss             | 0.379    |
|    n_updates        | 3807     |
----------------------------------
----------------------------------
| rollout/            |          |
|    ep_len_mean      | 60       |
|    ep_rew_mean      | 41.4     |
|    exploration_rate | 0.05     |
| time/               |          |
|    episodes         | 1036     |
|    fps              | 66       |
|    time_elapsed     | 932      |
|    total_timesteps  | 62160    |
| train/              |          |
|    learning_rate    | 0.0001   |
|    loss             | 0.186    |
|    n_updates        | 3822     |
----------------------------------
----------------------------------
| rollout/            |          |
|    ep_len_mean      | 60       |
|    ep_rew_mean      | 41.3     |
|    exploration_rate | 0.05     |
| time/               |          |
|    episodes         | 1040     |
|    fps              | 66       |
|    time_elapsed     | 935      |
|    total_timesteps  | 62400    |
| train/              |          |
|    learning_rate    | 0.0001   |
|    loss             | 1.29     |
|    n_updates        | 3837     |
----------------------------------
----------------------------------
| rollout/            |          |
|    ep_len_mean      | 60       |
|    ep_rew_mean      | 41.2     |
|    exploration_rate | 0.05     |
| time/               |          |
|    episodes         | 1044     |
|    fps              | 66       |
|    time_elapsed     | 938      |
|    total_timesteps  | 62640    |
| train/              |          |
|    learning_rate    | 0.0001   |
|    loss             | 0.532    |
|    n_updates        | 3852     |
----------------------------------
----------------------------------
| rollout/            |          |
|    ep_len_mean      | 60       |
|    ep_rew_mean      | 41.3     |
|    exploration_rate | 0.05     |
| time/               |          |
|    episodes         | 1048     |
|    fps              | 66       |
|    time_elapsed     | 940      |
|    total_timesteps  | 62880    |
| train/              |          |
|    learning_rate    | 0.0001   |
|    loss             | 0.414    |
|    n_updates        | 3867     |
----------------------------------
----------------------------------
| rollout/            |          |
|    ep_len_mean      | 60       |
|    ep_rew_mean      | 41.4     |
|    exploration_rate | 0.05     |
| time/               |          |
|    episodes         | 1052     |
|    fps              | 66       |
|    time_elapsed     | 943      |
|    total_timesteps  | 63120    |
| train/              |          |
|    learning_rate    | 0.0001   |
|    loss             | 1.26     |
|    n_updates        | 3882     |
----------------------------------
----------------------------------
| rollout/            |          |
|    ep_len_mean      | 60       |
|    ep_rew_mean      | 41.6     |
|    exploration_rate | 0.05     |
| time/               |          |
|    episodes         | 1056     |
|    fps              | 66       |
|    time_elapsed     | 946      |
|    total_timesteps  | 63360    |
| train/              |          |
|    learning_rate    | 0.0001   |
|    loss             | 1.05     |
|    n_updates        | 3897     |
----------------------------------
----------------------------------
| rollout/            |          |
|    ep_len_mean      | 60       |
|    ep_rew_mean      | 41.6     |
|    exploration_rate | 0.05     |
| time/               |          |
|    episodes         | 1060     |
|    fps              | 66       |
|    time_elapsed     | 950      |
|    total_timesteps  | 63600    |
| train/              |          |
|    learning_rate    | 0.0001   |
|    loss             | 0.359    |
|    n_updates        | 3912     |
----------------------------------
----------------------------------
| rollout/            |          |
|    ep_len_mean      | 60       |
|    ep_rew_mean      | 41.7     |
|    exploration_rate | 0.05     |
| time/               |          |
|    episodes         | 1064     |
|    fps              | 66       |
|    time_elapsed     | 954      |
|    total_timesteps  | 63840    |
| train/              |          |
|    learning_rate    | 0.0001   |
|    loss             | 2.52     |
|    n_updates        | 3927     |
----------------------------------
----------------------------------
| rollout/            |          |
|    ep_len_mean      | 60       |
|    ep_rew_mean      | 41.7     |
|    exploration_rate | 0.05     |
| time/               |          |
|    episodes         | 1068     |
|    fps              | 66       |
|    time_elapsed     | 957      |
|    total_timesteps  | 64080    |
| train/              |          |
|    learning_rate    | 0.0001   |
|    loss             | 2.3      |
|    n_updates        | 3942     |
----------------------------------
----------------------------------
| rollout/            |          |
|    ep_len_mean      | 60       |
|    ep_rew_mean      | 41.6     |
|    exploration_rate | 0.05     |
| time/               |          |
|    episodes         | 1072     |
|    fps              | 66       |
|    time_elapsed     | 960      |
|    total_timesteps  | 64320    |
| train/              |          |
|    learning_rate    | 0.0001   |
|    loss             | 0.466    |
|    n_updates        | 3957     |
----------------------------------
----------------------------------
| rollout/            |          |
|    ep_len_mean      | 60       |
|    ep_rew_mean      | 41.8     |
|    exploration_rate | 0.05     |
| time/               |          |
|    episodes         | 1076     |
|    fps              | 67       |
|    time_elapsed     | 962      |
|    total_timesteps  | 64560    |
| train/              |          |
|    learning_rate    | 0.0001   |
|    loss             | 2.32     |
|    n_updates        | 3972     |
----------------------------------
----------------------------------
| rollout/            |          |
|    ep_len_mean      | 60       |
|    ep_rew_mean      | 41.7     |
|    exploration_rate | 0.05     |
| time/               |          |
|    episodes         | 1080     |
|    fps              | 67       |
|    time_elapsed     | 965      |
|    total_timesteps  | 64800    |
| train/              |          |
|    learning_rate    | 0.0001   |
|    loss             | 0.384    |
|    n_updates        | 3987     |
----------------------------------
----------------------------------
| rollout/            |          |
|    ep_len_mean      | 60       |
|    ep_rew_mean      | 41.8     |
|    exploration_rate | 0.05     |
| time/               |          |
|    episodes         | 1084     |
|    fps              | 67       |
|    time_elapsed     | 968      |
|    total_timesteps  | 65040    |
| train/              |          |
|    learning_rate    | 0.0001   |
|    loss             | 0.321    |
|    n_updates        | 4002     |
----------------------------------
----------------------------------
| rollout/            |          |
|    ep_len_mean      | 60       |
|    ep_rew_mean      | 41.8     |
|    exploration_rate | 0.05     |
| time/               |          |
|    episodes         | 1088     |
|    fps              | 67       |
|    time_elapsed     | 971      |
|    total_timesteps  | 65280    |
| train/              |          |
|    learning_rate    | 0.0001   |
|    loss             | 0.243    |
|    n_updates        | 4017     |
----------------------------------
----------------------------------
| rollout/            |          |
|    ep_len_mean      | 60       |
|    ep_rew_mean      | 41.7     |
|    exploration_rate | 0.05     |
| time/               |          |
|    episodes         | 1092     |
|    fps              | 67       |
|    time_elapsed     | 975      |
|    total_timesteps  | 65520    |
| train/              |          |
|    learning_rate    | 0.0001   |
|    loss             | 0.105    |
|    n_updates        | 4032     |
----------------------------------
----------------------------------
| rollout/            |          |
|    ep_len_mean      | 60       |
|    ep_rew_mean      | 41.7     |
|    exploration_rate | 0.05     |
| time/               |          |
|    episodes         | 1096     |
|    fps              | 67       |
|    time_elapsed     | 978      |
|    total_timesteps  | 65760    |
| train/              |          |
|    learning_rate    | 0.0001   |
|    loss             | 0.218    |
|    n_updates        | 4047     |
----------------------------------
----------------------------------
| rollout/            |          |
|    ep_len_mean      | 60       |
|    ep_rew_mean      | 41.6     |
|    exploration_rate | 0.05     |
| time/               |          |
|    episodes         | 1100     |
|    fps              | 67       |
|    time_elapsed     | 981      |
|    total_timesteps  | 66000    |
| train/              |          |
|    learning_rate    | 0.0001   |
|    loss             | 2.06     |
|    n_updates        | 4062     |
----------------------------------
----------------------------------
| rollout/            |          |
|    ep_len_mean      | 60       |
|    ep_rew_mean      | 41.7     |
|    exploration_rate | 0.05     |
| time/               |          |
|    episodes         | 1104     |
|    fps              | 67       |
|    time_elapsed     | 985      |
|    total_timesteps  | 66240    |
| train/              |          |
|    learning_rate    | 0.0001   |
|    loss             | 0.223    |
|    n_updates        | 4077     |
----------------------------------
----------------------------------
| rollout/            |          |
|    ep_len_mean      | 60       |
|    ep_rew_mean      | 41.6     |
|    exploration_rate | 0.05     |
| time/               |          |
|    episodes         | 1108     |
|    fps              | 67       |
|    time_elapsed     | 989      |
|    total_timesteps  | 66480    |
| train/              |          |
|    learning_rate    | 0.0001   |
|    loss             | 0.139    |
|    n_updates        | 4092     |
----------------------------------
----------------------------------
| rollout/            |          |
|    ep_len_mean      | 60       |
|    ep_rew_mean      | 41.6     |
|    exploration_rate | 0.05     |
| time/               |          |
|    episodes         | 1112     |
|    fps              | 67       |
|    time_elapsed     | 993      |
|    total_timesteps  | 66720    |
| train/              |          |
|    learning_rate    | 0.0001   |
|    loss             | 0.252    |
|    n_updates        | 4107     |
----------------------------------
----------------------------------
| rollout/            |          |
|    ep_len_mean      | 60       |
|    ep_rew_mean      | 41.7     |
|    exploration_rate | 0.05     |
| time/               |          |
|    episodes         | 1116     |
|    fps              | 67       |
|    time_elapsed     | 997      |
|    total_timesteps  | 66960    |
| train/              |          |
|    learning_rate    | 0.0001   |
|    loss             | 2.2      |
|    n_updates        | 4122     |
----------------------------------
----------------------------------
| rollout/            |          |
|    ep_len_mean      | 60       |
|    ep_rew_mean      | 41.7     |
|    exploration_rate | 0.05     |
| time/               |          |
|    episodes         | 1120     |
|    fps              | 67       |
|    time_elapsed     | 1000     |
|    total_timesteps  | 67200    |
| train/              |          |
|    learning_rate    | 0.0001   |
|    loss             | 0.289    |
|    n_updates        | 4137     |
----------------------------------
----------------------------------
| rollout/            |          |
|    ep_len_mean      | 60       |
|    ep_rew_mean      | 41.7     |
|    exploration_rate | 0.05     |
| time/               |          |
|    episodes         | 1124     |
|    fps              | 67       |
|    time_elapsed     | 1003     |
|    total_timesteps  | 67440    |
| train/              |          |
|    learning_rate    | 0.0001   |
|    loss             | 0.35     |
|    n_updates        | 4152     |
----------------------------------
----------------------------------
| rollout/            |          |
|    ep_len_mean      | 60       |
|    ep_rew_mean      | 41.8     |
|    exploration_rate | 0.05     |
| time/               |          |
|    episodes         | 1128     |
|    fps              | 67       |
|    time_elapsed     | 1007     |
|    total_timesteps  | 67680    |
| train/              |          |
|    learning_rate    | 0.0001   |
|    loss             | 0.331    |
|    n_updates        | 4167     |
----------------------------------
----------------------------------
| rollout/            |          |
|    ep_len_mean      | 60       |
|    ep_rew_mean      | 41.8     |
|    exploration_rate | 0.05     |
| time/               |          |
|    episodes         | 1132     |
|    fps              | 67       |
|    time_elapsed     | 1011     |
|    total_timesteps  | 67920    |
| train/              |          |
|    learning_rate    | 0.0001   |
|    loss             | 0.306    |
|    n_updates        | 4182     |
----------------------------------
----------------------------------
| rollout/            |          |
|    ep_len_mean      | 60       |
|    ep_rew_mean      | 41.8     |
|    exploration_rate | 0.05     |
| time/               |          |
|    episodes         | 1136     |
|    fps              | 67       |
|    time_elapsed     | 1015     |
|    total_timesteps  | 68160    |
| train/              |          |
|    learning_rate    | 0.0001   |
|    loss             | 1.29     |
|    n_updates        | 4197     |
----------------------------------
----------------------------------
| rollout/            |          |
|    ep_len_mean      | 60       |
|    ep_rew_mean      | 41.8     |
|    exploration_rate | 0.05     |
| time/               |          |
|    episodes         | 1140     |
|    fps              | 67       |
|    time_elapsed     | 1019     |
|    total_timesteps  | 68400    |
| train/              |          |
|    learning_rate    | 0.0001   |
|    loss             | 0.592    |
|    n_updates        | 4212     |
----------------------------------
----------------------------------
| rollout/            |          |
|    ep_len_mean      | 60       |
|    ep_rew_mean      | 41.7     |
|    exploration_rate | 0.05     |
| time/               |          |
|    episodes         | 1144     |
|    fps              | 67       |
|    time_elapsed     | 1023     |
|    total_timesteps  | 68640    |
| train/              |          |
|    learning_rate    | 0.0001   |
|    loss             | 0.154    |
|    n_updates        | 4227     |
----------------------------------
----------------------------------
| rollout/            |          |
|    ep_len_mean      | 60       |
|    ep_rew_mean      | 41.7     |
|    exploration_rate | 0.05     |
| time/               |          |
|    episodes         | 1148     |
|    fps              | 67       |
|    time_elapsed     | 1027     |
|    total_timesteps  | 68880    |
| train/              |          |
|    learning_rate    | 0.0001   |
|    loss             | 0.471    |
|    n_updates        | 4242     |
----------------------------------
----------------------------------
| rollout/            |          |
|    ep_len_mean      | 60       |
|    ep_rew_mean      | 41.7     |
|    exploration_rate | 0.05     |
| time/               |          |
|    episodes         | 1152     |
|    fps              | 67       |
|    time_elapsed     | 1031     |
|    total_timesteps  | 69120    |
| train/              |          |
|    learning_rate    | 0.0001   |
|    loss             | 1.52     |
|    n_updates        | 4257     |
----------------------------------
----------------------------------
| rollout/            |          |
|    ep_len_mean      | 60       |
|    ep_rew_mean      | 41.4     |
|    exploration_rate | 0.05     |
| time/               |          |
|    episodes         | 1156     |
|    fps              | 67       |
|    time_elapsed     | 1034     |
|    total_timesteps  | 69360    |
| train/              |          |
|    learning_rate    | 0.0001   |
|    loss             | 1.01     |
|    n_updates        | 4272     |
----------------------------------
----------------------------------
| rollout/            |          |
|    ep_len_mean      | 60       |
|    ep_rew_mean      | 41.4     |
|    exploration_rate | 0.05     |
| time/               |          |
|    episodes         | 1160     |
|    fps              | 67       |
|    time_elapsed     | 1037     |
|    total_timesteps  | 69600    |
| train/              |          |
|    learning_rate    | 0.0001   |
|    loss             | 0.237    |
|    n_updates        | 4287     |
----------------------------------
----------------------------------
| rollout/            |          |
|    ep_len_mean      | 60       |
|    ep_rew_mean      | 41.3     |
|    exploration_rate | 0.05     |
| time/               |          |
|    episodes         | 1164     |
|    fps              | 67       |
|    time_elapsed     | 1040     |
|    total_timesteps  | 69840    |
| train/              |          |
|    learning_rate    | 0.0001   |
|    loss             | 1.42     |
|    n_updates        | 4302     |
----------------------------------
----------------------------------
| rollout/            |          |
|    ep_len_mean      | 60       |
|    ep_rew_mean      | 41.4     |
|    exploration_rate | 0.05     |
| time/               |          |
|    episodes         | 1168     |
|    fps              | 67       |
|    time_elapsed     | 1043     |
|    total_timesteps  | 70080    |
| train/              |          |
|    learning_rate    | 0.0001   |
|    loss             | 0.515    |
|    n_updates        | 4317     |
----------------------------------
----------------------------------
| rollout/            |          |
|    ep_len_mean      | 60       |
|    ep_rew_mean      | 41.5     |
|    exploration_rate | 0.05     |
| time/               |          |
|    episodes         | 1172     |
|    fps              | 67       |
|    time_elapsed     | 1046     |
|    total_timesteps  | 70320    |
| train/              |          |
|    learning_rate    | 0.0001   |
|    loss             | 0.278    |
|    n_updates        | 4332     |
----------------------------------
----------------------------------
| rollout/            |          |
|    ep_len_mean      | 60       |
|    ep_rew_mean      | 41.5     |
|    exploration_rate | 0.05     |
| time/               |          |
|    episodes         | 1176     |
|    fps              | 67       |
|    time_elapsed     | 1050     |
|    total_timesteps  | 70560    |
| train/              |          |
|    learning_rate    | 0.0001   |
|    loss             | 0.225    |
|    n_updates        | 4347     |
----------------------------------
----------------------------------
| rollout/            |          |
|    ep_len_mean      | 60       |
|    ep_rew_mean      | 41.7     |
|    exploration_rate | 0.05     |
| time/               |          |
|    episodes         | 1180     |
|    fps              | 67       |
|    time_elapsed     | 1053     |
|    total_timesteps  | 70800    |
| train/              |          |
|    learning_rate    | 0.0001   |
|    loss             | 0.494    |
|    n_updates        | 4362     |
----------------------------------
----------------------------------
| rollout/            |          |
|    ep_len_mean      | 60       |
|    ep_rew_mean      | 41.6     |
|    exploration_rate | 0.05     |
| time/               |          |
|    episodes         | 1184     |
|    fps              | 67       |
|    time_elapsed     | 1057     |
|    total_timesteps  | 71040    |
| train/              |          |
|    learning_rate    | 0.0001   |
|    loss             | 1.3      |
|    n_updates        | 4377     |
----------------------------------
----------------------------------
| rollout/            |          |
|    ep_len_mean      | 60       |
|    ep_rew_mean      | 41.6     |
|    exploration_rate | 0.05     |
| time/               |          |
|    episodes         | 1188     |
|    fps              | 67       |
|    time_elapsed     | 1061     |
|    total_timesteps  | 71280    |
| train/              |          |
|    learning_rate    | 0.0001   |
|    loss             | 1.27     |
|    n_updates        | 4392     |
----------------------------------
----------------------------------
| rollout/            |          |
|    ep_len_mean      | 60       |
|    ep_rew_mean      | 41.6     |
|    exploration_rate | 0.05     |
| time/               |          |
|    episodes         | 1192     |
|    fps              | 67       |
|    time_elapsed     | 1065     |
|    total_timesteps  | 71520    |
| train/              |          |
|    learning_rate    | 0.0001   |
|    loss             | 0.292    |
|    n_updates        | 4407     |
----------------------------------
----------------------------------
| rollout/            |          |
|    ep_len_mean      | 60       |
|    ep_rew_mean      | 41.6     |
|    exploration_rate | 0.05     |
| time/               |          |
|    episodes         | 1196     |
|    fps              | 67       |
|    time_elapsed     | 1068     |
|    total_timesteps  | 71760    |
| train/              |          |
|    learning_rate    | 0.0001   |
|    loss             | 0.243    |
|    n_updates        | 4422     |
----------------------------------
----------------------------------
| rollout/            |          |
|    ep_len_mean      | 60       |
|    ep_rew_mean      | 41.6     |
|    exploration_rate | 0.05     |
| time/               |          |
|    episodes         | 1200     |
|    fps              | 67       |
|    time_elapsed     | 1072     |
|    total_timesteps  | 72000    |
| train/              |          |
|    learning_rate    | 0.0001   |
|    loss             | 1.26     |
|    n_updates        | 4437     |
----------------------------------
----------------------------------
| rollout/            |          |
|    ep_len_mean      | 60       |
|    ep_rew_mean      | 41.5     |
|    exploration_rate | 0.05     |
| time/               |          |
|    episodes         | 1204     |
|    fps              | 67       |
|    time_elapsed     | 1075     |
|    total_timesteps  | 72240    |
| train/              |          |
|    learning_rate    | 0.0001   |
|    loss             | 1.55     |
|    n_updates        | 4452     |
----------------------------------
----------------------------------
| rollout/            |          |
|    ep_len_mean      | 60       |
|    ep_rew_mean      | 41.4     |
|    exploration_rate | 0.05     |
| time/               |          |
|    episodes         | 1208     |
|    fps              | 67       |
|    time_elapsed     | 1079     |
|    total_timesteps  | 72480    |
| train/              |          |
|    learning_rate    | 0.0001   |
|    loss             | 1.31     |
|    n_updates        | 4467     |
----------------------------------
----------------------------------
| rollout/            |          |
|    ep_len_mean      | 60       |
|    ep_rew_mean      | 41.5     |
|    exploration_rate | 0.05     |
| time/               |          |
|    episodes         | 1212     |
|    fps              | 67       |
|    time_elapsed     | 1084     |
|    total_timesteps  | 72720    |
| train/              |          |
|    learning_rate    | 0.0001   |
|    loss             | 1.37     |
|    n_updates        | 4482     |
----------------------------------
----------------------------------
| rollout/            |          |
|    ep_len_mean      | 60       |
|    ep_rew_mean      | 41.4     |
|    exploration_rate | 0.05     |
| time/               |          |
|    episodes         | 1216     |
|    fps              | 67       |
|    time_elapsed     | 1087     |
|    total_timesteps  | 72960    |
| train/              |          |
|    learning_rate    | 0.0001   |
|    loss             | 0.229    |
|    n_updates        | 4497     |
----------------------------------
----------------------------------
| rollout/            |          |
|    ep_len_mean      | 60       |
|    ep_rew_mean      | 41.3     |
|    exploration_rate | 0.05     |
| time/               |          |
|    episodes         | 1220     |
|    fps              | 67       |
|    time_elapsed     | 1090     |
|    total_timesteps  | 73200    |
| train/              |          |
|    learning_rate    | 0.0001   |
|    loss             | 1.39     |
|    n_updates        | 4512     |
----------------------------------
----------------------------------
| rollout/            |          |
|    ep_len_mean      | 60       |
|    ep_rew_mean      | 41.4     |
|    exploration_rate | 0.05     |
| time/               |          |
|    episodes         | 1224     |
|    fps              | 67       |
|    time_elapsed     | 1093     |
|    total_timesteps  | 73440    |
| train/              |          |
|    learning_rate    | 0.0001   |
|    loss             | 0.238    |
|    n_updates        | 4527     |
----------------------------------
----------------------------------
| rollout/            |          |
|    ep_len_mean      | 60       |
|    ep_rew_mean      | 41.4     |
|    exploration_rate | 0.05     |
| time/               |          |
|    episodes         | 1228     |
|    fps              | 67       |
|    time_elapsed     | 1097     |
|    total_timesteps  | 73680    |
| train/              |          |
|    learning_rate    | 0.0001   |
|    loss             | 0.435    |
|    n_updates        | 4542     |
----------------------------------
----------------------------------
| rollout/            |          |
|    ep_len_mean      | 60       |
|    ep_rew_mean      | 41.4     |
|    exploration_rate | 0.05     |
| time/               |          |
|    episodes         | 1232     |
|    fps              | 67       |
|    time_elapsed     | 1100     |
|    total_timesteps  | 73920    |
| train/              |          |
|    learning_rate    | 0.0001   |
|    loss             | 1.27     |
|    n_updates        | 4557     |
----------------------------------
----------------------------------
| rollout/            |          |
|    ep_len_mean      | 60       |
|    ep_rew_mean      | 41.4     |
|    exploration_rate | 0.05     |
| time/               |          |
|    episodes         | 1236     |
|    fps              | 67       |
|    time_elapsed     | 1104     |
|    total_timesteps  | 74160    |
| train/              |          |
|    learning_rate    | 0.0001   |
|    loss             | 1.24     |
|    n_updates        | 4572     |
----------------------------------
----------------------------------
| rollout/            |          |
|    ep_len_mean      | 60       |
|    ep_rew_mean      | 41.3     |
|    exploration_rate | 0.05     |
| time/               |          |
|    episodes         | 1240     |
|    fps              | 67       |
|    time_elapsed     | 1108     |
|    total_timesteps  | 74400    |
| train/              |          |
|    learning_rate    | 0.0001   |
|    loss             | 2.41     |
|    n_updates        | 4587     |
----------------------------------
----------------------------------
| rollout/            |          |
|    ep_len_mean      | 60       |
|    ep_rew_mean      | 41.4     |
|    exploration_rate | 0.05     |
| time/               |          |
|    episodes         | 1244     |
|    fps              | 67       |
|    time_elapsed     | 1112     |
|    total_timesteps  | 74640    |
| train/              |          |
|    learning_rate    | 0.0001   |
|    loss             | 0.187    |
|    n_updates        | 4602     |
----------------------------------
----------------------------------
| rollout/            |          |
|    ep_len_mean      | 60       |
|    ep_rew_mean      | 41.4     |
|    exploration_rate | 0.05     |
| time/               |          |
|    episodes         | 1248     |
|    fps              | 67       |
|    time_elapsed     | 1116     |
|    total_timesteps  | 74880    |
| train/              |          |
|    learning_rate    | 0.0001   |
|    loss             | 0.262    |
|    n_updates        | 4617     |
----------------------------------
----------------------------------
| rollout/            |          |
|    ep_len_mean      | 60       |
|    ep_rew_mean      | 41.4     |
|    exploration_rate | 0.05     |
| time/               |          |
|    episodes         | 1252     |
|    fps              | 67       |
|    time_elapsed     | 1120     |
|    total_timesteps  | 75120    |
| train/              |          |
|    learning_rate    | 0.0001   |
|    loss             | 0.224    |
|    n_updates        | 4632     |
----------------------------------
----------------------------------
| rollout/            |          |
|    ep_len_mean      | 60       |
|    ep_rew_mean      | 41.6     |
|    exploration_rate | 0.05     |
| time/               |          |
|    episodes         | 1256     |
|    fps              | 67       |
|    time_elapsed     | 1123     |
|    total_timesteps  | 75360    |
| train/              |          |
|    learning_rate    | 0.0001   |
|    loss             | 0.399    |
|    n_updates        | 4647     |
----------------------------------
----------------------------------
| rollout/            |          |
|    ep_len_mean      | 60       |
|    ep_rew_mean      | 41.6     |
|    exploration_rate | 0.05     |
| time/               |          |
|    episodes         | 1260     |
|    fps              | 67       |
|    time_elapsed     | 1126     |
|    total_timesteps  | 75600    |
| train/              |          |
|    learning_rate    | 0.0001   |
|    loss             | 0.375    |
|    n_updates        | 4662     |
----------------------------------
----------------------------------
| rollout/            |          |
|    ep_len_mean      | 60       |
|    ep_rew_mean      | 41.6     |
|    exploration_rate | 0.05     |
| time/               |          |
|    episodes         | 1264     |
|    fps              | 67       |
|    time_elapsed     | 1130     |
|    total_timesteps  | 75840    |
| train/              |          |
|    learning_rate    | 0.0001   |
|    loss             | 0.174    |
|    n_updates        | 4677     |
----------------------------------
----------------------------------
| rollout/            |          |
|    ep_len_mean      | 60       |
|    ep_rew_mean      | 41.6     |
|    exploration_rate | 0.05     |
| time/               |          |
|    episodes         | 1268     |
|    fps              | 67       |
|    time_elapsed     | 1134     |
|    total_timesteps  | 76080    |
| train/              |          |
|    learning_rate    | 0.0001   |
|    loss             | 0.536    |
|    n_updates        | 4692     |
----------------------------------
----------------------------------
| rollout/            |          |
|    ep_len_mean      | 60       |
|    ep_rew_mean      | 41.6     |
|    exploration_rate | 0.05     |
| time/               |          |
|    episodes         | 1272     |
|    fps              | 67       |
|    time_elapsed     | 1138     |
|    total_timesteps  | 76320    |
| train/              |          |
|    learning_rate    | 0.0001   |
|    loss             | 1.22     |
|    n_updates        | 4707     |
----------------------------------
----------------------------------
| rollout/            |          |
|    ep_len_mean      | 60       |
|    ep_rew_mean      | 41.6     |
|    exploration_rate | 0.05     |
| time/               |          |
|    episodes         | 1276     |
|    fps              | 67       |
|    time_elapsed     | 1141     |
|    total_timesteps  | 76560    |
| train/              |          |
|    learning_rate    | 0.0001   |
|    loss             | 0.192    |
|    n_updates        | 4722     |
----------------------------------
----------------------------------
| rollout/            |          |
|    ep_len_mean      | 60       |
|    ep_rew_mean      | 41.4     |
|    exploration_rate | 0.05     |
| time/               |          |
|    episodes         | 1280     |
|    fps              | 67       |
|    time_elapsed     | 1145     |
|    total_timesteps  | 76800    |
| train/              |          |
|    learning_rate    | 0.0001   |
|    loss             | 0.357    |
|    n_updates        | 4737     |
----------------------------------
----------------------------------
| rollout/            |          |
|    ep_len_mean      | 60       |
|    ep_rew_mean      | 41.4     |
|    exploration_rate | 0.05     |
| time/               |          |
|    episodes         | 1284     |
|    fps              | 67       |
|    time_elapsed     | 1148     |
|    total_timesteps  | 77040    |
| train/              |          |
|    learning_rate    | 0.0001   |
|    loss             | 1.24     |
|    n_updates        | 4752     |
----------------------------------
----------------------------------
| rollout/            |          |
|    ep_len_mean      | 60       |
|    ep_rew_mean      | 41.4     |
|    exploration_rate | 0.05     |
| time/               |          |
|    episodes         | 1288     |
|    fps              | 67       |
|    time_elapsed     | 1151     |
|    total_timesteps  | 77280    |
| train/              |          |
|    learning_rate    | 0.0001   |
|    loss             | 0.376    |
|    n_updates        | 4767     |
----------------------------------
----------------------------------
| rollout/            |          |
|    ep_len_mean      | 60       |
|    ep_rew_mean      | 41.5     |
|    exploration_rate | 0.05     |
| time/               |          |
|    episodes         | 1292     |
|    fps              | 67       |
|    time_elapsed     | 1155     |
|    total_timesteps  | 77520    |
| train/              |          |
|    learning_rate    | 0.0001   |
|    loss             | 2.45     |
|    n_updates        | 4782     |
----------------------------------
----------------------------------
| rollout/            |          |
|    ep_len_mean      | 60       |
|    ep_rew_mean      | 41.7     |
|    exploration_rate | 0.05     |
| time/               |          |
|    episodes         | 1296     |
|    fps              | 67       |
|    time_elapsed     | 1159     |
|    total_timesteps  | 77760    |
| train/              |          |
|    learning_rate    | 0.0001   |
|    loss             | 1.36     |
|    n_updates        | 4797     |
----------------------------------
----------------------------------
| rollout/            |          |
|    ep_len_mean      | 60       |
|    ep_rew_mean      | 41.7     |
|    exploration_rate | 0.05     |
| time/               |          |
|    episodes         | 1300     |
|    fps              | 67       |
|    time_elapsed     | 1163     |
|    total_timesteps  | 78000    |
| train/              |          |
|    learning_rate    | 0.0001   |
|    loss             | 1.45     |
|    n_updates        | 4812     |
----------------------------------
----------------------------------
| rollout/            |          |
|    ep_len_mean      | 60       |
|    ep_rew_mean      | 41.7     |
|    exploration_rate | 0.05     |
| time/               |          |
|    episodes         | 1304     |
|    fps              | 67       |
|    time_elapsed     | 1166     |
|    total_timesteps  | 78240    |
| train/              |          |
|    learning_rate    | 0.0001   |
|    loss             | 0.422    |
|    n_updates        | 4827     |
----------------------------------
----------------------------------
| rollout/            |          |
|    ep_len_mean      | 60       |
|    ep_rew_mean      | 41.7     |
|    exploration_rate | 0.05     |
| time/               |          |
|    episodes         | 1308     |
|    fps              | 67       |
|    time_elapsed     | 1170     |
|    total_timesteps  | 78480    |
| train/              |          |
|    learning_rate    | 0.0001   |
|    loss             | 0.519    |
|    n_updates        | 4842     |
----------------------------------
----------------------------------
| rollout/            |          |
|    ep_len_mean      | 60       |
|    ep_rew_mean      | 41.9     |
|    exploration_rate | 0.05     |
| time/               |          |
|    episodes         | 1312     |
|    fps              | 67       |
|    time_elapsed     | 1174     |
|    total_timesteps  | 78720    |
| train/              |          |
|    learning_rate    | 0.0001   |
|    loss             | 0.273    |
|    n_updates        | 4857     |
----------------------------------
----------------------------------
| rollout/            |          |
|    ep_len_mean      | 60       |
|    ep_rew_mean      | 41.8     |
|    exploration_rate | 0.05     |
| time/               |          |
|    episodes         | 1316     |
|    fps              | 67       |
|    time_elapsed     | 1177     |
|    total_timesteps  | 78960    |
| train/              |          |
|    learning_rate    | 0.0001   |
|    loss             | 0.275    |
|    n_updates        | 4872     |
----------------------------------
----------------------------------
| rollout/            |          |
|    ep_len_mean      | 60       |
|    ep_rew_mean      | 41.6     |
|    exploration_rate | 0.05     |
| time/               |          |
|    episodes         | 1320     |
|    fps              | 66       |
|    time_elapsed     | 1182     |
|    total_timesteps  | 79200    |
| train/              |          |
|    learning_rate    | 0.0001   |
|    loss             | 0.351    |
|    n_updates        | 4887     |
----------------------------------
----------------------------------
| rollout/            |          |
|    ep_len_mean      | 60       |
|    ep_rew_mean      | 41.5     |
|    exploration_rate | 0.05     |
| time/               |          |
|    episodes         | 1324     |
|    fps              | 66       |
|    time_elapsed     | 1185     |
|    total_timesteps  | 79440    |
| train/              |          |
|    learning_rate    | 0.0001   |
|    loss             | 0.249    |
|    n_updates        | 4902     |
----------------------------------
----------------------------------
| rollout/            |          |
|    ep_len_mean      | 60       |
|    ep_rew_mean      | 41.5     |
|    exploration_rate | 0.05     |
| time/               |          |
|    episodes         | 1328     |
|    fps              | 67       |
|    time_elapsed     | 1188     |
|    total_timesteps  | 79680    |
| train/              |          |
|    learning_rate    | 0.0001   |
|    loss             | 0.403    |
|    n_updates        | 4917     |
----------------------------------
----------------------------------
| rollout/            |          |
|    ep_len_mean      | 60       |
|    ep_rew_mean      | 41.4     |
|    exploration_rate | 0.05     |
| time/               |          |
|    episodes         | 1332     |
|    fps              | 67       |
|    time_elapsed     | 1191     |
|    total_timesteps  | 79920    |
| train/              |          |
|    learning_rate    | 0.0001   |
|    loss             | 0.193    |
|    n_updates        | 4932     |
----------------------------------
----------------------------------
| rollout/            |          |
|    ep_len_mean      | 60       |
|    ep_rew_mean      | 41.4     |
|    exploration_rate | 0.05     |
| time/               |          |
|    episodes         | 1336     |
|    fps              | 67       |
|    time_elapsed     | 1193     |
|    total_timesteps  | 80160    |
| train/              |          |
|    learning_rate    | 0.0001   |
|    loss             | 2.33     |
|    n_updates        | 4947     |
----------------------------------
----------------------------------
| rollout/            |          |
|    ep_len_mean      | 60       |
|    ep_rew_mean      | 41.4     |
|    exploration_rate | 0.05     |
| time/               |          |
|    episodes         | 1340     |
|    fps              | 67       |
|    time_elapsed     | 1196     |
|    total_timesteps  | 80400    |
| train/              |          |
|    learning_rate    | 0.0001   |
|    loss             | 1.58     |
|    n_updates        | 4962     |
----------------------------------
----------------------------------
| rollout/            |          |
|    ep_len_mean      | 60       |
|    ep_rew_mean      | 41.4     |
|    exploration_rate | 0.05     |
| time/               |          |
|    episodes         | 1344     |
|    fps              | 67       |
|    time_elapsed     | 1200     |
|    total_timesteps  | 80640    |
| train/              |          |
|    learning_rate    | 0.0001   |
|    loss             | 3.43     |
|    n_updates        | 4977     |
----------------------------------
----------------------------------
| rollout/            |          |
|    ep_len_mean      | 60       |
|    ep_rew_mean      | 41.3     |
|    exploration_rate | 0.05     |
| time/               |          |
|    episodes         | 1348     |
|    fps              | 67       |
|    time_elapsed     | 1204     |
|    total_timesteps  | 80880    |
| train/              |          |
|    learning_rate    | 0.0001   |
|    loss             | 0.295    |
|    n_updates        | 4992     |
----------------------------------
----------------------------------
| rollout/            |          |
|    ep_len_mean      | 60       |
|    ep_rew_mean      | 41.3     |
|    exploration_rate | 0.05     |
| time/               |          |
|    episodes         | 1352     |
|    fps              | 67       |
|    time_elapsed     | 1207     |
|    total_timesteps  | 81120    |
| train/              |          |
|    learning_rate    | 0.0001   |
|    loss             | 0.425    |
|    n_updates        | 5007     |
----------------------------------
----------------------------------
| rollout/            |          |
|    ep_len_mean      | 60       |
|    ep_rew_mean      | 41.2     |
|    exploration_rate | 0.05     |
| time/               |          |
|    episodes         | 1356     |
|    fps              | 67       |
|    time_elapsed     | 1211     |
|    total_timesteps  | 81360    |
| train/              |          |
|    learning_rate    | 0.0001   |
|    loss             | 0.435    |
|    n_updates        | 5022     |
----------------------------------
----------------------------------
| rollout/            |          |
|    ep_len_mean      | 60       |
|    ep_rew_mean      | 41.2     |
|    exploration_rate | 0.05     |
| time/               |          |
|    episodes         | 1360     |
|    fps              | 67       |
|    time_elapsed     | 1216     |
|    total_timesteps  | 81600    |
| train/              |          |
|    learning_rate    | 0.0001   |
|    loss             | 0.518    |
|    n_updates        | 5037     |
----------------------------------
----------------------------------
| rollout/            |          |
|    ep_len_mean      | 60       |
|    ep_rew_mean      | 41.2     |
|    exploration_rate | 0.05     |
| time/               |          |
|    episodes         | 1364     |
|    fps              | 67       |
|    time_elapsed     | 1219     |
|    total_timesteps  | 81840    |
| train/              |          |
|    learning_rate    | 0.0001   |
|    loss             | 1.58     |
|    n_updates        | 5052     |
----------------------------------
----------------------------------
| rollout/            |          |
|    ep_len_mean      | 60       |
|    ep_rew_mean      | 41.2     |
|    exploration_rate | 0.05     |
| time/               |          |
|    episodes         | 1368     |
|    fps              | 67       |
|    time_elapsed     | 1222     |
|    total_timesteps  | 82080    |
| train/              |          |
|    learning_rate    | 0.0001   |
|    loss             | 1.46     |
|    n_updates        | 5067     |
----------------------------------
----------------------------------
| rollout/            |          |
|    ep_len_mean      | 60       |
|    ep_rew_mean      | 41.1     |
|    exploration_rate | 0.05     |
| time/               |          |
|    episodes         | 1372     |
|    fps              | 67       |
|    time_elapsed     | 1224     |
|    total_timesteps  | 82320    |
| train/              |          |
|    learning_rate    | 0.0001   |
|    loss             | 1.2      |
|    n_updates        | 5082     |
----------------------------------
----------------------------------
| rollout/            |          |
|    ep_len_mean      | 60       |
|    ep_rew_mean      | 41.2     |
|    exploration_rate | 0.05     |
| time/               |          |
|    episodes         | 1376     |
|    fps              | 67       |
|    time_elapsed     | 1228     |
|    total_timesteps  | 82560    |
| train/              |          |
|    learning_rate    | 0.0001   |
|    loss             | 0.47     |
|    n_updates        | 5097     |
----------------------------------
----------------------------------
| rollout/            |          |
|    ep_len_mean      | 60       |
|    ep_rew_mean      | 41.3     |
|    exploration_rate | 0.05     |
| time/               |          |
|    episodes         | 1380     |
|    fps              | 67       |
|    time_elapsed     | 1232     |
|    total_timesteps  | 82800    |
| train/              |          |
|    learning_rate    | 0.0001   |
|    loss             | 1.68     |
|    n_updates        | 5112     |
----------------------------------
----------------------------------
| rollout/            |          |
|    ep_len_mean      | 60       |
|    ep_rew_mean      | 41.3     |
|    exploration_rate | 0.05     |
| time/               |          |
|    episodes         | 1384     |
|    fps              | 67       |
|    time_elapsed     | 1235     |
|    total_timesteps  | 83040    |
| train/              |          |
|    learning_rate    | 0.0001   |
|    loss             | 1.62     |
|    n_updates        | 5127     |
----------------------------------
----------------------------------
| rollout/            |          |
|    ep_len_mean      | 60       |
|    ep_rew_mean      | 41.4     |
|    exploration_rate | 0.05     |
| time/               |          |
|    episodes         | 1388     |
|    fps              | 67       |
|    time_elapsed     | 1240     |
|    total_timesteps  | 83280    |
| train/              |          |
|    learning_rate    | 0.0001   |
|    loss             | 1.56     |
|    n_updates        | 5142     |
----------------------------------
----------------------------------
| rollout/            |          |
|    ep_len_mean      | 60       |
|    ep_rew_mean      | 41.2     |
|    exploration_rate | 0.05     |
| time/               |          |
|    episodes         | 1392     |
|    fps              | 67       |
|    time_elapsed     | 1243     |
|    total_timesteps  | 83520    |
| train/              |          |
|    learning_rate    | 0.0001   |
|    loss             | 0.0973   |
|    n_updates        | 5157     |
----------------------------------
----------------------------------
| rollout/            |          |
|    ep_len_mean      | 60       |
|    ep_rew_mean      | 41.2     |
|    exploration_rate | 0.05     |
| time/               |          |
|    episodes         | 1396     |
|    fps              | 67       |
|    time_elapsed     | 1246     |
|    total_timesteps  | 83760    |
| train/              |          |
|    learning_rate    | 0.0001   |
|    loss             | 1.63     |
|    n_updates        | 5172     |
----------------------------------
----------------------------------
| rollout/            |          |
|    ep_len_mean      | 60       |
|    ep_rew_mean      | 41.3     |
|    exploration_rate | 0.05     |
| time/               |          |
|    episodes         | 1400     |
|    fps              | 67       |
|    time_elapsed     | 1249     |
|    total_timesteps  | 84000    |
| train/              |          |
|    learning_rate    | 0.0001   |
|    loss             | 0.177    |
|    n_updates        | 5187     |
----------------------------------
----------------------------------
| rollout/            |          |
|    ep_len_mean      | 60       |
|    ep_rew_mean      | 41.3     |
|    exploration_rate | 0.05     |
| time/               |          |
|    episodes         | 1404     |
|    fps              | 67       |
|    time_elapsed     | 1252     |
|    total_timesteps  | 84240    |
| train/              |          |
|    learning_rate    | 0.0001   |
|    loss             | 0.281    |
|    n_updates        | 5202     |
----------------------------------
----------------------------------
| rollout/            |          |
|    ep_len_mean      | 60       |
|    ep_rew_mean      | 41.3     |
|    exploration_rate | 0.05     |
| time/               |          |
|    episodes         | 1408     |
|    fps              | 67       |
|    time_elapsed     | 1254     |
|    total_timesteps  | 84480    |
| train/              |          |
|    learning_rate    | 0.0001   |
|    loss             | 1.66     |
|    n_updates        | 5217     |
----------------------------------
----------------------------------
| rollout/            |          |
|    ep_len_mean      | 60       |
|    ep_rew_mean      | 41.2     |
|    exploration_rate | 0.05     |
| time/               |          |
|    episodes         | 1412     |
|    fps              | 67       |
|    time_elapsed     | 1257     |
|    total_timesteps  | 84720    |
| train/              |          |
|    learning_rate    | 0.0001   |
|    loss             | 0.296    |
|    n_updates        | 5232     |
----------------------------------
----------------------------------
| rollout/            |          |
|    ep_len_mean      | 60       |
|    ep_rew_mean      | 41.4     |
|    exploration_rate | 0.05     |
| time/               |          |
|    episodes         | 1416     |
|    fps              | 67       |
|    time_elapsed     | 1260     |
|    total_timesteps  | 84960    |
| train/              |          |
|    learning_rate    | 0.0001   |
|    loss             | 0.176    |
|    n_updates        | 5247     |
----------------------------------
----------------------------------
| rollout/            |          |
|    ep_len_mean      | 60       |
|    ep_rew_mean      | 41.6     |
|    exploration_rate | 0.05     |
| time/               |          |
|    episodes         | 1420     |
|    fps              | 67       |
|    time_elapsed     | 1264     |
|    total_timesteps  | 85200    |
| train/              |          |
|    learning_rate    | 0.0001   |
|    loss             | 2.58     |
|    n_updates        | 5262     |
----------------------------------
----------------------------------
| rollout/            |          |
|    ep_len_mean      | 60       |
|    ep_rew_mean      | 41.7     |
|    exploration_rate | 0.05     |
| time/               |          |
|    episodes         | 1424     |
|    fps              | 67       |
|    time_elapsed     | 1267     |
|    total_timesteps  | 85440    |
| train/              |          |
|    learning_rate    | 0.0001   |
|    loss             | 1.35     |
|    n_updates        | 5277     |
----------------------------------
----------------------------------
| rollout/            |          |
|    ep_len_mean      | 60       |
|    ep_rew_mean      | 41.6     |
|    exploration_rate | 0.05     |
| time/               |          |
|    episodes         | 1428     |
|    fps              | 67       |
|    time_elapsed     | 1271     |
|    total_timesteps  | 85680    |
| train/              |          |
|    learning_rate    | 0.0001   |
|    loss             | 1.46     |
|    n_updates        | 5292     |
----------------------------------
----------------------------------
| rollout/            |          |
|    ep_len_mean      | 60       |
|    ep_rew_mean      | 41.7     |
|    exploration_rate | 0.05     |
| time/               |          |
|    episodes         | 1432     |
|    fps              | 67       |
|    time_elapsed     | 1273     |
|    total_timesteps  | 85920    |
| train/              |          |
|    learning_rate    | 0.0001   |
|    loss             | 0.327    |
|    n_updates        | 5307     |
----------------------------------
----------------------------------
| rollout/            |          |
|    ep_len_mean      | 60       |
|    ep_rew_mean      | 41.8     |
|    exploration_rate | 0.05     |
| time/               |          |
|    episodes         | 1436     |
|    fps              | 67       |
|    time_elapsed     | 1276     |
|    total_timesteps  | 86160    |
| train/              |          |
|    learning_rate    | 0.0001   |
|    loss             | 1.41     |
|    n_updates        | 5322     |
----------------------------------
----------------------------------
| rollout/            |          |
|    ep_len_mean      | 60       |
|    ep_rew_mean      | 41.9     |
|    exploration_rate | 0.05     |
| time/               |          |
|    episodes         | 1440     |
|    fps              | 67       |
|    time_elapsed     | 1279     |
|    total_timesteps  | 86400    |
| train/              |          |
|    learning_rate    | 0.0001   |
|    loss             | 0.369    |
|    n_updates        | 5337     |
----------------------------------
----------------------------------
| rollout/            |          |
|    ep_len_mean      | 60       |
|    ep_rew_mean      | 41.9     |
|    exploration_rate | 0.05     |
| time/               |          |
|    episodes         | 1444     |
|    fps              | 67       |
|    time_elapsed     | 1281     |
|    total_timesteps  | 86640    |
| train/              |          |
|    learning_rate    | 0.0001   |
|    loss             | 0.131    |
|    n_updates        | 5352     |
----------------------------------
----------------------------------
| rollout/            |          |
|    ep_len_mean      | 60       |
|    ep_rew_mean      | 41.9     |
|    exploration_rate | 0.05     |
| time/               |          |
|    episodes         | 1448     |
|    fps              | 67       |
|    time_elapsed     | 1284     |
|    total_timesteps  | 86880    |
| train/              |          |
|    learning_rate    | 0.0001   |
|    loss             | 1.5      |
|    n_updates        | 5367     |
----------------------------------
----------------------------------
| rollout/            |          |
|    ep_len_mean      | 60       |
|    ep_rew_mean      | 41.9     |
|    exploration_rate | 0.05     |
| time/               |          |
|    episodes         | 1452     |
|    fps              | 67       |
|    time_elapsed     | 1286     |
|    total_timesteps  | 87120    |
| train/              |          |
|    learning_rate    | 0.0001   |
|    loss             | 0.208    |
|    n_updates        | 5382     |
----------------------------------
----------------------------------
| rollout/            |          |
|    ep_len_mean      | 60       |
|    ep_rew_mean      | 42       |
|    exploration_rate | 0.05     |
| time/               |          |
|    episodes         | 1456     |
|    fps              | 67       |
|    time_elapsed     | 1288     |
|    total_timesteps  | 87360    |
| train/              |          |
|    learning_rate    | 0.0001   |
|    loss             | 1.29     |
|    n_updates        | 5397     |
----------------------------------
----------------------------------
| rollout/            |          |
|    ep_len_mean      | 60       |
|    ep_rew_mean      | 42       |
|    exploration_rate | 0.05     |
| time/               |          |
|    episodes         | 1460     |
|    fps              | 67       |
|    time_elapsed     | 1291     |
|    total_timesteps  | 87600    |
| train/              |          |
|    learning_rate    | 0.0001   |
|    loss             | 0.153    |
|    n_updates        | 5412     |
----------------------------------
----------------------------------
| rollout/            |          |
|    ep_len_mean      | 60       |
|    ep_rew_mean      | 42       |
|    exploration_rate | 0.05     |
| time/               |          |
|    episodes         | 1464     |
|    fps              | 67       |
|    time_elapsed     | 1295     |
|    total_timesteps  | 87840    |
| train/              |          |
|    learning_rate    | 0.0001   |
|    loss             | 0.131    |
|    n_updates        | 5427     |
----------------------------------
----------------------------------
| rollout/            |          |
|    ep_len_mean      | 60       |
|    ep_rew_mean      | 41.9     |
|    exploration_rate | 0.05     |
| time/               |          |
|    episodes         | 1468     |
|    fps              | 67       |
|    time_elapsed     | 1299     |
|    total_timesteps  | 88080    |
| train/              |          |
|    learning_rate    | 0.0001   |
|    loss             | 0.243    |
|    n_updates        | 5442     |
----------------------------------
----------------------------------
| rollout/            |          |
|    ep_len_mean      | 60       |
|    ep_rew_mean      | 41.9     |
|    exploration_rate | 0.05     |
| time/               |          |
|    episodes         | 1472     |
|    fps              | 67       |
|    time_elapsed     | 1302     |
|    total_timesteps  | 88320    |
| train/              |          |
|    learning_rate    | 0.0001   |
|    loss             | 1.31     |
|    n_updates        | 5457     |
----------------------------------
----------------------------------
| rollout/            |          |
|    ep_len_mean      | 60       |
|    ep_rew_mean      | 41.8     |
|    exploration_rate | 0.05     |
| time/               |          |
|    episodes         | 1476     |
|    fps              | 67       |
|    time_elapsed     | 1307     |
|    total_timesteps  | 88560    |
| train/              |          |
|    learning_rate    | 0.0001   |
|    loss             | 0.192    |
|    n_updates        | 5472     |
----------------------------------
----------------------------------
| rollout/            |          |
|    ep_len_mean      | 60       |
|    ep_rew_mean      | 41.9     |
|    exploration_rate | 0.05     |
| time/               |          |
|    episodes         | 1480     |
|    fps              | 67       |
|    time_elapsed     | 1310     |
|    total_timesteps  | 88800    |
| train/              |          |
|    learning_rate    | 0.0001   |
|    loss             | 1.3      |
|    n_updates        | 5487     |
----------------------------------
----------------------------------
| rollout/            |          |
|    ep_len_mean      | 60       |
|    ep_rew_mean      | 41.9     |
|    exploration_rate | 0.05     |
| time/               |          |
|    episodes         | 1484     |
|    fps              | 67       |
|    time_elapsed     | 1314     |
|    total_timesteps  | 89040    |
| train/              |          |
|    learning_rate    | 0.0001   |
|    loss             | 0.466    |
|    n_updates        | 5502     |
----------------------------------
----------------------------------
| rollout/            |          |
|    ep_len_mean      | 60       |
|    ep_rew_mean      | 41.9     |
|    exploration_rate | 0.05     |
| time/               |          |
|    episodes         | 1488     |
|    fps              | 67       |
|    time_elapsed     | 1316     |
|    total_timesteps  | 89280    |
| train/              |          |
|    learning_rate    | 0.0001   |
|    loss             | 0.138    |
|    n_updates        | 5517     |
----------------------------------
----------------------------------
| rollout/            |          |
|    ep_len_mean      | 60       |
|    ep_rew_mean      | 42       |
|    exploration_rate | 0.05     |
| time/               |          |
|    episodes         | 1492     |
|    fps              | 67       |
|    time_elapsed     | 1320     |
|    total_timesteps  | 89520    |
| train/              |          |
|    learning_rate    | 0.0001   |
|    loss             | 0.0706   |
|    n_updates        | 5532     |
----------------------------------
----------------------------------
| rollout/            |          |
|    ep_len_mean      | 60       |
|    ep_rew_mean      | 42       |
|    exploration_rate | 0.05     |
| time/               |          |
|    episodes         | 1496     |
|    fps              | 67       |
|    time_elapsed     | 1324     |
|    total_timesteps  | 89760    |
| train/              |          |
|    learning_rate    | 0.0001   |
|    loss             | 0.474    |
|    n_updates        | 5547     |
----------------------------------
----------------------------------
| rollout/            |          |
|    ep_len_mean      | 60       |
|    ep_rew_mean      | 41.9     |
|    exploration_rate | 0.05     |
| time/               |          |
|    episodes         | 1500     |
|    fps              | 67       |
|    time_elapsed     | 1328     |
|    total_timesteps  | 90000    |
| train/              |          |
|    learning_rate    | 0.0001   |
|    loss             | 2.57     |
|    n_updates        | 5562     |
----------------------------------
----------------------------------
| rollout/            |          |
|    ep_len_mean      | 60       |
|    ep_rew_mean      | 41.7     |
|    exploration_rate | 0.05     |
| time/               |          |
|    episodes         | 1504     |
|    fps              | 67       |
|    time_elapsed     | 1330     |
|    total_timesteps  | 90240    |
| train/              |          |
|    learning_rate    | 0.0001   |
|    loss             | 3.11     |
|    n_updates        | 5577     |
----------------------------------
----------------------------------
| rollout/            |          |
|    ep_len_mean      | 60       |
|    ep_rew_mean      | 41.7     |
|    exploration_rate | 0.05     |
| time/               |          |
|    episodes         | 1508     |
|    fps              | 67       |
|    time_elapsed     | 1333     |
|    total_timesteps  | 90480    |
| train/              |          |
|    learning_rate    | 0.0001   |
|    loss             | 1.37     |
|    n_updates        | 5592     |
----------------------------------
----------------------------------
| rollout/            |          |
|    ep_len_mean      | 60       |
|    ep_rew_mean      | 41.8     |
|    exploration_rate | 0.05     |
| time/               |          |
|    episodes         | 1512     |
|    fps              | 67       |
|    time_elapsed     | 1336     |
|    total_timesteps  | 90720    |
| train/              |          |
|    learning_rate    | 0.0001   |
|    loss             | 0.202    |
|    n_updates        | 5607     |
----------------------------------
----------------------------------
| rollout/            |          |
|    ep_len_mean      | 60       |
|    ep_rew_mean      | 41.6     |
|    exploration_rate | 0.05     |
| time/               |          |
|    episodes         | 1516     |
|    fps              | 67       |
|    time_elapsed     | 1338     |
|    total_timesteps  | 90960    |
| train/              |          |
|    learning_rate    | 0.0001   |
|    loss             | 0.375    |
|    n_updates        | 5622     |
----------------------------------
----------------------------------
| rollout/            |          |
|    ep_len_mean      | 60       |
|    ep_rew_mean      | 41.6     |
|    exploration_rate | 0.05     |
| time/               |          |
|    episodes         | 1520     |
|    fps              | 68       |
|    time_elapsed     | 1341     |
|    total_timesteps  | 91200    |
| train/              |          |
|    learning_rate    | 0.0001   |
|    loss             | 0.273    |
|    n_updates        | 5637     |
----------------------------------
----------------------------------
| rollout/            |          |
|    ep_len_mean      | 60       |
|    ep_rew_mean      | 41.5     |
|    exploration_rate | 0.05     |
| time/               |          |
|    episodes         | 1524     |
|    fps              | 68       |
|    time_elapsed     | 1343     |
|    total_timesteps  | 91440    |
| train/              |          |
|    learning_rate    | 0.0001   |
|    loss             | 0.135    |
|    n_updates        | 5652     |
----------------------------------
----------------------------------
| rollout/            |          |
|    ep_len_mean      | 60       |
|    ep_rew_mean      | 41.5     |
|    exploration_rate | 0.05     |
| time/               |          |
|    episodes         | 1528     |
|    fps              | 68       |
|    time_elapsed     | 1346     |
|    total_timesteps  | 91680    |
| train/              |          |
|    learning_rate    | 0.0001   |
|    loss             | 0.306    |
|    n_updates        | 5667     |
----------------------------------
----------------------------------
| rollout/            |          |
|    ep_len_mean      | 60       |
|    ep_rew_mean      | 41.5     |
|    exploration_rate | 0.05     |
| time/               |          |
|    episodes         | 1532     |
|    fps              | 68       |
|    time_elapsed     | 1348     |
|    total_timesteps  | 91920    |
| train/              |          |
|    learning_rate    | 0.0001   |
|    loss             | 1.64     |
|    n_updates        | 5682     |
----------------------------------
----------------------------------
| rollout/            |          |
|    ep_len_mean      | 60       |
|    ep_rew_mean      | 41.5     |
|    exploration_rate | 0.05     |
| time/               |          |
|    episodes         | 1536     |
|    fps              | 68       |
|    time_elapsed     | 1351     |
|    total_timesteps  | 92160    |
| train/              |          |
|    learning_rate    | 0.0001   |
|    loss             | 0.121    |
|    n_updates        | 5697     |
----------------------------------
----------------------------------
| rollout/            |          |
|    ep_len_mean      | 60       |
|    ep_rew_mean      | 41.5     |
|    exploration_rate | 0.05     |
| time/               |          |
|    episodes         | 1540     |
|    fps              | 68       |
|    time_elapsed     | 1353     |
|    total_timesteps  | 92400    |
| train/              |          |
|    learning_rate    | 0.0001   |
|    loss             | 1.46     |
|    n_updates        | 5712     |
----------------------------------
----------------------------------
| rollout/            |          |
|    ep_len_mean      | 60       |
|    ep_rew_mean      | 41.5     |
|    exploration_rate | 0.05     |
| time/               |          |
|    episodes         | 1544     |
|    fps              | 68       |
|    time_elapsed     | 1356     |
|    total_timesteps  | 92640    |
| train/              |          |
|    learning_rate    | 0.0001   |
|    loss             | 0.374    |
|    n_updates        | 5727     |
----------------------------------
----------------------------------
| rollout/            |          |
|    ep_len_mean      | 60       |
|    ep_rew_mean      | 41.5     |
|    exploration_rate | 0.05     |
| time/               |          |
|    episodes         | 1548     |
|    fps              | 68       |
|    time_elapsed     | 1358     |
|    total_timesteps  | 92880    |
| train/              |          |
|    learning_rate    | 0.0001   |
|    loss             | 1.79     |
|    n_updates        | 5742     |
----------------------------------
----------------------------------
| rollout/            |          |
|    ep_len_mean      | 60       |
|    ep_rew_mean      | 41.5     |
|    exploration_rate | 0.05     |
| time/               |          |
|    episodes         | 1552     |
|    fps              | 68       |
|    time_elapsed     | 1361     |
|    total_timesteps  | 93120    |
| train/              |          |
|    learning_rate    | 0.0001   |
|    loss             | 0.305    |
|    n_updates        | 5757     |
----------------------------------
----------------------------------
| rollout/            |          |
|    ep_len_mean      | 60       |
|    ep_rew_mean      | 41.4     |
|    exploration_rate | 0.05     |
| time/               |          |
|    episodes         | 1556     |
|    fps              | 68       |
|    time_elapsed     | 1363     |
|    total_timesteps  | 93360    |
| train/              |          |
|    learning_rate    | 0.0001   |
|    loss             | 0.228    |
|    n_updates        | 5772     |
----------------------------------
----------------------------------
| rollout/            |          |
|    ep_len_mean      | 60       |
|    ep_rew_mean      | 41.5     |
|    exploration_rate | 0.05     |
| time/               |          |
|    episodes         | 1560     |
|    fps              | 68       |
|    time_elapsed     | 1365     |
|    total_timesteps  | 93600    |
| train/              |          |
|    learning_rate    | 0.0001   |
|    loss             | 2.66     |
|    n_updates        | 5787     |
----------------------------------
----------------------------------
| rollout/            |          |
|    ep_len_mean      | 60       |
|    ep_rew_mean      | 41.4     |
|    exploration_rate | 0.05     |
| time/               |          |
|    episodes         | 1564     |
|    fps              | 68       |
|    time_elapsed     | 1368     |
|    total_timesteps  | 93840    |
| train/              |          |
|    learning_rate    | 0.0001   |
|    loss             | 4.12     |
|    n_updates        | 5802     |
----------------------------------
----------------------------------
| rollout/            |          |
|    ep_len_mean      | 60       |
|    ep_rew_mean      | 41.6     |
|    exploration_rate | 0.05     |
| time/               |          |
|    episodes         | 1568     |
|    fps              | 68       |
|    time_elapsed     | 1371     |
|    total_timesteps  | 94080    |
| train/              |          |
|    learning_rate    | 0.0001   |
|    loss             | 0.234    |
|    n_updates        | 5817     |
----------------------------------
----------------------------------
| rollout/            |          |
|    ep_len_mean      | 60       |
|    ep_rew_mean      | 41.8     |
|    exploration_rate | 0.05     |
| time/               |          |
|    episodes         | 1572     |
|    fps              | 68       |
|    time_elapsed     | 1373     |
|    total_timesteps  | 94320    |
| train/              |          |
|    learning_rate    | 0.0001   |
|    loss             | 1.32     |
|    n_updates        | 5832     |
----------------------------------
----------------------------------
| rollout/            |          |
|    ep_len_mean      | 60       |
|    ep_rew_mean      | 41.8     |
|    exploration_rate | 0.05     |
| time/               |          |
|    episodes         | 1576     |
|    fps              | 68       |
|    time_elapsed     | 1376     |
|    total_timesteps  | 94560    |
| train/              |          |
|    learning_rate    | 0.0001   |
|    loss             | 1.8      |
|    n_updates        | 5847     |
----------------------------------
----------------------------------
| rollout/            |          |
|    ep_len_mean      | 60       |
|    ep_rew_mean      | 41.8     |
|    exploration_rate | 0.05     |
| time/               |          |
|    episodes         | 1580     |
|    fps              | 68       |
|    time_elapsed     | 1379     |
|    total_timesteps  | 94800    |
| train/              |          |
|    learning_rate    | 0.0001   |
|    loss             | 0.191    |
|    n_updates        | 5862     |
----------------------------------
----------------------------------
| rollout/            |          |
|    ep_len_mean      | 60       |
|    ep_rew_mean      | 41.7     |
|    exploration_rate | 0.05     |
| time/               |          |
|    episodes         | 1584     |
|    fps              | 68       |
|    time_elapsed     | 1383     |
|    total_timesteps  | 95040    |
| train/              |          |
|    learning_rate    | 0.0001   |
|    loss             | 0.309    |
|    n_updates        | 5877     |
----------------------------------
----------------------------------
| rollout/            |          |
|    ep_len_mean      | 60       |
|    ep_rew_mean      | 41.6     |
|    exploration_rate | 0.05     |
| time/               |          |
|    episodes         | 1588     |
|    fps              | 68       |
|    time_elapsed     | 1386     |
|    total_timesteps  | 95280    |
| train/              |          |
|    learning_rate    | 0.0001   |
|    loss             | 1.79     |
|    n_updates        | 5892     |
----------------------------------
----------------------------------
| rollout/            |          |
|    ep_len_mean      | 60       |
|    ep_rew_mean      | 41.8     |
|    exploration_rate | 0.05     |
| time/               |          |
|    episodes         | 1592     |
|    fps              | 68       |
|    time_elapsed     | 1389     |
|    total_timesteps  | 95520    |
| train/              |          |
|    learning_rate    | 0.0001   |
|    loss             | 0.139    |
|    n_updates        | 5907     |
----------------------------------
----------------------------------
| rollout/            |          |
|    ep_len_mean      | 60       |
|    ep_rew_mean      | 41.6     |
|    exploration_rate | 0.05     |
| time/               |          |
|    episodes         | 1596     |
|    fps              | 68       |
|    time_elapsed     | 1393     |
|    total_timesteps  | 95760    |
| train/              |          |
|    learning_rate    | 0.0001   |
|    loss             | 1.86     |
|    n_updates        | 5922     |
----------------------------------
----------------------------------
| rollout/            |          |
|    ep_len_mean      | 60       |
|    ep_rew_mean      | 41.6     |
|    exploration_rate | 0.05     |
| time/               |          |
|    episodes         | 1600     |
|    fps              | 68       |
|    time_elapsed     | 1397     |
|    total_timesteps  | 96000    |
| train/              |          |
|    learning_rate    | 0.0001   |
|    loss             | 0.232    |
|    n_updates        | 5937     |
----------------------------------
----------------------------------
| rollout/            |          |
|    ep_len_mean      | 60       |
|    ep_rew_mean      | 41.6     |
|    exploration_rate | 0.05     |
| time/               |          |
|    episodes         | 1604     |
|    fps              | 68       |
|    time_elapsed     | 1400     |
|    total_timesteps  | 96240    |
| train/              |          |
|    learning_rate    | 0.0001   |
|    loss             | 1.61     |
|    n_updates        | 5952     |
----------------------------------
----------------------------------
| rollout/            |          |
|    ep_len_mean      | 60       |
|    ep_rew_mean      | 41.6     |
|    exploration_rate | 0.05     |
| time/               |          |
|    episodes         | 1608     |
|    fps              | 68       |
|    time_elapsed     | 1404     |
|    total_timesteps  | 96480    |
| train/              |          |
|    learning_rate    | 0.0001   |
|    loss             | 1.5      |
|    n_updates        | 5967     |
----------------------------------
----------------------------------
| rollout/            |          |
|    ep_len_mean      | 60       |
|    ep_rew_mean      | 41.5     |
|    exploration_rate | 0.05     |
| time/               |          |
|    episodes         | 1612     |
|    fps              | 68       |
|    time_elapsed     | 1407     |
|    total_timesteps  | 96720    |
| train/              |          |
|    learning_rate    | 0.0001   |
|    loss             | 0.113    |
|    n_updates        | 5982     |
----------------------------------
----------------------------------
| rollout/            |          |
|    ep_len_mean      | 60       |
|    ep_rew_mean      | 41.5     |
|    exploration_rate | 0.05     |
| time/               |          |
|    episodes         | 1616     |
|    fps              | 68       |
|    time_elapsed     | 1409     |
|    total_timesteps  | 96960    |
| train/              |          |
|    learning_rate    | 0.0001   |
|    loss             | 1.58     |
|    n_updates        | 5997     |
----------------------------------
----------------------------------
| rollout/            |          |
|    ep_len_mean      | 60       |
|    ep_rew_mean      | 41.6     |
|    exploration_rate | 0.05     |
| time/               |          |
|    episodes         | 1620     |
|    fps              | 68       |
|    time_elapsed     | 1412     |
|    total_timesteps  | 97200    |
| train/              |          |
|    learning_rate    | 0.0001   |
|    loss             | 0.355    |
|    n_updates        | 6012     |
----------------------------------
----------------------------------
| rollout/            |          |
|    ep_len_mean      | 60       |
|    ep_rew_mean      | 41.6     |
|    exploration_rate | 0.05     |
| time/               |          |
|    episodes         | 1624     |
|    fps              | 68       |
|    time_elapsed     | 1414     |
|    total_timesteps  | 97440    |
| train/              |          |
|    learning_rate    | 0.0001   |
|    loss             | 0.306    |
|    n_updates        | 6027     |
----------------------------------
----------------------------------
| rollout/            |          |
|    ep_len_mean      | 60       |
|    ep_rew_mean      | 41.5     |
|    exploration_rate | 0.05     |
| time/               |          |
|    episodes         | 1628     |
|    fps              | 68       |
|    time_elapsed     | 1417     |
|    total_timesteps  | 97680    |
| train/              |          |
|    learning_rate    | 0.0001   |
|    loss             | 1.61     |
|    n_updates        | 6042     |
----------------------------------
----------------------------------
| rollout/            |          |
|    ep_len_mean      | 60       |
|    ep_rew_mean      | 41.4     |
|    exploration_rate | 0.05     |
| time/               |          |
|    episodes         | 1632     |
|    fps              | 68       |
|    time_elapsed     | 1419     |
|    total_timesteps  | 97920    |
| train/              |          |
|    learning_rate    | 0.0001   |
|    loss             | 0.409    |
|    n_updates        | 6057     |
----------------------------------
----------------------------------
| rollout/            |          |
|    ep_len_mean      | 60       |
|    ep_rew_mean      | 41.5     |
|    exploration_rate | 0.05     |
| time/               |          |
|    episodes         | 1636     |
|    fps              | 69       |
|    time_elapsed     | 1422     |
|    total_timesteps  | 98160    |
| train/              |          |
|    learning_rate    | 0.0001   |
|    loss             | 0.419    |
|    n_updates        | 6072     |
----------------------------------
----------------------------------
| rollout/            |          |
|    ep_len_mean      | 60       |
|    ep_rew_mean      | 41.6     |
|    exploration_rate | 0.05     |
| time/               |          |
|    episodes         | 1640     |
|    fps              | 69       |
|    time_elapsed     | 1424     |
|    total_timesteps  | 98400    |
| train/              |          |
|    learning_rate    | 0.0001   |
|    loss             | 0.201    |
|    n_updates        | 6087     |
----------------------------------
----------------------------------
| rollout/            |          |
|    ep_len_mean      | 60       |
|    ep_rew_mean      | 41.4     |
|    exploration_rate | 0.05     |
| time/               |          |
|    episodes         | 1644     |
|    fps              | 69       |
|    time_elapsed     | 1427     |
|    total_timesteps  | 98640    |
| train/              |          |
|    learning_rate    | 0.0001   |
|    loss             | 0.351    |
|    n_updates        | 6102     |
----------------------------------
----------------------------------
| rollout/            |          |
|    ep_len_mean      | 60       |
|    ep_rew_mean      | 41.4     |
|    exploration_rate | 0.05     |
| time/               |          |
|    episodes         | 1648     |
|    fps              | 69       |
|    time_elapsed     | 1432     |
|    total_timesteps  | 98880    |
| train/              |          |
|    learning_rate    | 0.0001   |
|    loss             | 1.57     |
|    n_updates        | 6117     |
----------------------------------
----------------------------------
| rollout/            |          |
|    ep_len_mean      | 60       |
|    ep_rew_mean      | 41.3     |
|    exploration_rate | 0.05     |
| time/               |          |
|    episodes         | 1652     |
|    fps              | 69       |
|    time_elapsed     | 1435     |
|    total_timesteps  | 99120    |
| train/              |          |
|    learning_rate    | 0.0001   |
|    loss             | 1.48     |
|    n_updates        | 6132     |
----------------------------------
----------------------------------
| rollout/            |          |
|    ep_len_mean      | 60       |
|    ep_rew_mean      | 41.3     |
|    exploration_rate | 0.05     |
| time/               |          |
|    episodes         | 1656     |
|    fps              | 69       |
|    time_elapsed     | 1439     |
|    total_timesteps  | 99360    |
| train/              |          |
|    learning_rate    | 0.0001   |
|    loss             | 2.8      |
|    n_updates        | 6147     |
----------------------------------
----------------------------------
| rollout/            |          |
|    ep_len_mean      | 60       |
|    ep_rew_mean      | 41.3     |
|    exploration_rate | 0.05     |
| time/               |          |
|    episodes         | 1660     |
|    fps              | 69       |
|    time_elapsed     | 1443     |
|    total_timesteps  | 99600    |
| train/              |          |
|    learning_rate    | 0.0001   |
|    loss             | 0.212    |
|    n_updates        | 6162     |
----------------------------------
----------------------------------
| rollout/            |          |
|    ep_len_mean      | 60       |
|    ep_rew_mean      | 41.2     |
|    exploration_rate | 0.05     |
| time/               |          |
|    episodes         | 1664     |
|    fps              | 69       |
|    time_elapsed     | 1446     |
|    total_timesteps  | 99840    |
| train/              |          |
|    learning_rate    | 0.0001   |
|    loss             | 0.113    |
|    n_updates        | 6177     |
----------------------------------
  saved model: D:\Projects\TN+NTN\drl\models_s\dqn_seed1.zip
  evaluating dqn seed=1 (200 episodes)...
    dqn seed=1 eval: 20/200 episodes
    dqn seed=1 eval: 40/200 episodes
    dqn seed=1 eval: 60/200 episodes
    dqn seed=1 eval: 80/200 episodes
    dqn seed=1 eval: 100/200 episodes
    dqn seed=1 eval: 120/200 episodes
    dqn seed=1 eval: 140/200 episodes
    dqn seed=1 eval: 160/200 episodes
    dqn seed=1 eval: 180/200 episodes
    dqn seed=1 eval: 200/200 episodes
  training dqn seed=2 ...
Using cpu device
----------------------------------
| rollout/            |          |
|    ep_len_mean      | 60       |
|    ep_rew_mean      | 1.91     |
|    exploration_rate | 0.977    |
| time/               |          |
|    episodes         | 4        |
|    fps              | 217      |
|    time_elapsed     | 1        |
|    total_timesteps  | 240      |
----------------------------------
----------------------------------
| rollout/            |          |
|    ep_len_mean      | 60       |
|    ep_rew_mean      | 3.43     |
|    exploration_rate | 0.954    |
| time/               |          |
|    episodes         | 8        |
|    fps              | 217      |
|    time_elapsed     | 2        |
|    total_timesteps  | 480      |
----------------------------------
----------------------------------
| rollout/            |          |
|    ep_len_mean      | 60       |
|    ep_rew_mean      | 4.11     |
|    exploration_rate | 0.932    |
| time/               |          |
|    episodes         | 12       |
|    fps              | 217      |
|    time_elapsed     | 3        |
|    total_timesteps  | 720      |
----------------------------------
----------------------------------
| rollout/            |          |
|    ep_len_mean      | 60       |
|    ep_rew_mean      | 2.98     |
|    exploration_rate | 0.909    |
| time/               |          |
|    episodes         | 16       |
|    fps              | 222      |
|    time_elapsed     | 4        |
|    total_timesteps  | 960      |
----------------------------------
----------------------------------
| rollout/            |          |
|    ep_len_mean      | 60       |
|    ep_rew_mean      | 3.18     |
|    exploration_rate | 0.886    |
| time/               |          |
|    episodes         | 20       |
|    fps              | 199      |
|    time_elapsed     | 6        |
|    total_timesteps  | 1200     |
| train/              |          |
|    learning_rate    | 0.0001   |
|    loss             | 0.31     |
|    n_updates        | 12       |
----------------------------------
----------------------------------
| rollout/            |          |
|    ep_len_mean      | 60       |
|    ep_rew_mean      | 2.98     |
|    exploration_rate | 0.863    |
| time/               |          |
|    episodes         | 24       |
|    fps              | 174      |
|    time_elapsed     | 8        |
|    total_timesteps  | 1440     |
| train/              |          |
|    learning_rate    | 0.0001   |
|    loss             | 0.302    |
|    n_updates        | 27       |
----------------------------------
----------------------------------
| rollout/            |          |
|    ep_len_mean      | 60       |
|    ep_rew_mean      | 3.75     |
|    exploration_rate | 0.84     |
| time/               |          |
|    episodes         | 28       |
|    fps              | 164      |
|    time_elapsed     | 10       |
|    total_timesteps  | 1680     |
| train/              |          |
|    learning_rate    | 0.0001   |
|    loss             | 0.294    |
|    n_updates        | 42       |
----------------------------------
----------------------------------
| rollout/            |          |
|    ep_len_mean      | 60       |
|    ep_rew_mean      | 4.11     |
|    exploration_rate | 0.818    |
| time/               |          |
|    episodes         | 32       |
|    fps              | 156      |
|    time_elapsed     | 12       |
|    total_timesteps  | 1920     |
| train/              |          |
|    learning_rate    | 0.0001   |
|    loss             | 0.271    |
|    n_updates        | 57       |
----------------------------------
----------------------------------
| rollout/            |          |
|    ep_len_mean      | 60       |
|    ep_rew_mean      | 4.96     |
|    exploration_rate | 0.795    |
| time/               |          |
|    episodes         | 36       |
|    fps              | 148      |
|    time_elapsed     | 14       |
|    total_timesteps  | 2160     |
| train/              |          |
|    learning_rate    | 0.0001   |
|    loss             | 0.283    |
|    n_updates        | 72       |
----------------------------------
----------------------------------
| rollout/            |          |
|    ep_len_mean      | 60       |
|    ep_rew_mean      | 5.08     |
|    exploration_rate | 0.772    |
| time/               |          |
|    episodes         | 40       |
|    fps              | 140      |
|    time_elapsed     | 17       |
|    total_timesteps  | 2400     |
| train/              |          |
|    learning_rate    | 0.0001   |
|    loss             | 0.284    |
|    n_updates        | 87       |
----------------------------------
----------------------------------
| rollout/            |          |
|    ep_len_mean      | 60       |
|    ep_rew_mean      | 5.37     |
|    exploration_rate | 0.749    |
| time/               |          |
|    episodes         | 44       |
|    fps              | 136      |
|    time_elapsed     | 19       |
|    total_timesteps  | 2640     |
| train/              |          |
|    learning_rate    | 0.0001   |
|    loss             | 0.269    |
|    n_updates        | 102      |
----------------------------------
----------------------------------
| rollout/            |          |
|    ep_len_mean      | 60       |
|    ep_rew_mean      | 5.87     |
|    exploration_rate | 0.726    |
| time/               |          |
|    episodes         | 48       |
|    fps              | 130      |
|    time_elapsed     | 21       |
|    total_timesteps  | 2880     |
| train/              |          |
|    learning_rate    | 0.0001   |
|    loss             | 0.252    |
|    n_updates        | 117      |
----------------------------------
----------------------------------
| rollout/            |          |
|    ep_len_mean      | 60       |
|    ep_rew_mean      | 6.35     |
|    exploration_rate | 0.704    |
| time/               |          |
|    episodes         | 52       |
|    fps              | 126      |
|    time_elapsed     | 24       |
|    total_timesteps  | 3120     |
| train/              |          |
|    learning_rate    | 0.0001   |
|    loss             | 0.248    |
|    n_updates        | 132      |
----------------------------------
----------------------------------
| rollout/            |          |
|    ep_len_mean      | 60       |
|    ep_rew_mean      | 6.89     |
|    exploration_rate | 0.681    |
| time/               |          |
|    episodes         | 56       |
|    fps              | 124      |
|    time_elapsed     | 26       |
|    total_timesteps  | 3360     |
| train/              |          |
|    learning_rate    | 0.0001   |
|    loss             | 0.242    |
|    n_updates        | 147      |
----------------------------------
----------------------------------
| rollout/            |          |
|    ep_len_mean      | 60       |
|    ep_rew_mean      | 7.56     |
|    exploration_rate | 0.658    |
| time/               |          |
|    episodes         | 60       |
|    fps              | 123      |
|    time_elapsed     | 29       |
|    total_timesteps  | 3600     |
| train/              |          |
|    learning_rate    | 0.0001   |
|    loss             | 0.236    |
|    n_updates        | 162      |
----------------------------------
----------------------------------
| rollout/            |          |
|    ep_len_mean      | 60       |
|    ep_rew_mean      | 7.77     |
|    exploration_rate | 0.635    |
| time/               |          |
|    episodes         | 64       |
|    fps              | 123      |
|    time_elapsed     | 31       |
|    total_timesteps  | 3840     |
| train/              |          |
|    learning_rate    | 0.0001   |
|    loss             | 0.226    |
|    n_updates        | 177      |
----------------------------------
----------------------------------
| rollout/            |          |
|    ep_len_mean      | 60       |
|    ep_rew_mean      | 7.75     |
|    exploration_rate | 0.612    |
| time/               |          |
|    episodes         | 68       |
|    fps              | 124      |
|    time_elapsed     | 32       |
|    total_timesteps  | 4080     |
| train/              |          |
|    learning_rate    | 0.0001   |
|    loss             | 0.328    |
|    n_updates        | 192      |
----------------------------------
----------------------------------
| rollout/            |          |
|    ep_len_mean      | 60       |
|    ep_rew_mean      | 7.83     |
|    exploration_rate | 0.59     |
| time/               |          |
|    episodes         | 72       |
|    fps              | 124      |
|    time_elapsed     | 34       |
|    total_timesteps  | 4320     |
| train/              |          |
|    learning_rate    | 0.0001   |
|    loss             | 0.232    |
|    n_updates        | 207      |
----------------------------------
----------------------------------
| rollout/            |          |
|    ep_len_mean      | 60       |
|    ep_rew_mean      | 7.7      |
|    exploration_rate | 0.567    |
| time/               |          |
|    episodes         | 76       |
|    fps              | 125      |
|    time_elapsed     | 36       |
|    total_timesteps  | 4560     |
| train/              |          |
|    learning_rate    | 0.0001   |
|    loss             | 0.217    |
|    n_updates        | 222      |
----------------------------------
----------------------------------
| rollout/            |          |
|    ep_len_mean      | 60       |
|    ep_rew_mean      | 8.13     |
|    exploration_rate | 0.544    |
| time/               |          |
|    episodes         | 80       |
|    fps              | 125      |
|    time_elapsed     | 38       |
|    total_timesteps  | 4800     |
| train/              |          |
|    learning_rate    | 0.0001   |
|    loss             | 0.21     |
|    n_updates        | 237      |
----------------------------------
----------------------------------
| rollout/            |          |
|    ep_len_mean      | 60       |
|    ep_rew_mean      | 8.35     |
|    exploration_rate | 0.521    |
| time/               |          |
|    episodes         | 84       |
|    fps              | 125      |
|    time_elapsed     | 40       |
|    total_timesteps  | 5040     |
| train/              |          |
|    learning_rate    | 0.0001   |
|    loss             | 0.31     |
|    n_updates        | 252      |
----------------------------------
----------------------------------
| rollout/            |          |
|    ep_len_mean      | 60       |
|    ep_rew_mean      | 8.5      |
|    exploration_rate | 0.498    |
| time/               |          |
|    episodes         | 88       |
|    fps              | 126      |
|    time_elapsed     | 41       |
|    total_timesteps  | 5280     |
| train/              |          |
|    learning_rate    | 0.0001   |
|    loss             | 0.221    |
|    n_updates        | 267      |
----------------------------------
----------------------------------
| rollout/            |          |
|    ep_len_mean      | 60       |
|    ep_rew_mean      | 8.47     |
|    exploration_rate | 0.476    |
| time/               |          |
|    episodes         | 92       |
|    fps              | 126      |
|    time_elapsed     | 43       |
|    total_timesteps  | 5520     |
| train/              |          |
|    learning_rate    | 0.0001   |
|    loss             | 0.203    |
|    n_updates        | 282      |
----------------------------------
----------------------------------
| rollout/            |          |
|    ep_len_mean      | 60       |
|    ep_rew_mean      | 8.81     |
|    exploration_rate | 0.453    |
| time/               |          |
|    episodes         | 96       |
|    fps              | 126      |
|    time_elapsed     | 45       |
|    total_timesteps  | 5760     |
| train/              |          |
|    learning_rate    | 0.0001   |
|    loss             | 0.199    |
|    n_updates        | 297      |
----------------------------------
----------------------------------
| rollout/            |          |
|    ep_len_mean      | 60       |
|    ep_rew_mean      | 9.1      |
|    exploration_rate | 0.43     |
| time/               |          |
|    episodes         | 100      |
|    fps              | 126      |
|    time_elapsed     | 47       |
|    total_timesteps  | 6000     |
| train/              |          |
|    learning_rate    | 0.0001   |
|    loss             | 0.137    |
|    n_updates        | 312      |
----------------------------------
----------------------------------
| rollout/            |          |
|    ep_len_mean      | 60       |
|    ep_rew_mean      | 9.81     |
|    exploration_rate | 0.407    |
| time/               |          |
|    episodes         | 104      |
|    fps              | 126      |
|    time_elapsed     | 49       |
|    total_timesteps  | 6240     |
| train/              |          |
|    learning_rate    | 0.0001   |
|    loss             | 0.259    |
|    n_updates        | 327      |
----------------------------------
----------------------------------
| rollout/            |          |
|    ep_len_mean      | 60       |
|    ep_rew_mean      | 10.2     |
|    exploration_rate | 0.384    |
| time/               |          |
|    episodes         | 108      |
|    fps              | 125      |
|    time_elapsed     | 51       |
|    total_timesteps  | 6480     |
| train/              |          |
|    learning_rate    | 0.0001   |
|    loss             | 0.245    |
|    n_updates        | 342      |
----------------------------------
----------------------------------
| rollout/            |          |
|    ep_len_mean      | 60       |
|    ep_rew_mean      | 11       |
|    exploration_rate | 0.362    |
| time/               |          |
|    episodes         | 112      |
|    fps              | 121      |
|    time_elapsed     | 55       |
|    total_timesteps  | 6720     |
| train/              |          |
|    learning_rate    | 0.0001   |
|    loss             | 0.14     |
|    n_updates        | 357      |
----------------------------------
----------------------------------
| rollout/            |          |
|    ep_len_mean      | 60       |
|    ep_rew_mean      | 12       |
|    exploration_rate | 0.339    |
| time/               |          |
|    episodes         | 116      |
|    fps              | 118      |
|    time_elapsed     | 58       |
|    total_timesteps  | 6960     |
| train/              |          |
|    learning_rate    | 0.0001   |
|    loss             | 0.151    |
|    n_updates        | 372      |
----------------------------------
----------------------------------
| rollout/            |          |
|    ep_len_mean      | 60       |
|    ep_rew_mean      | 13       |
|    exploration_rate | 0.316    |
| time/               |          |
|    episodes         | 120      |
|    fps              | 115      |
|    time_elapsed     | 62       |
|    total_timesteps  | 7200     |
| train/              |          |
|    learning_rate    | 0.0001   |
|    loss             | 0.297    |
|    n_updates        | 387      |
----------------------------------
----------------------------------
| rollout/            |          |
|    ep_len_mean      | 60       |
|    ep_rew_mean      | 14.1     |
|    exploration_rate | 0.293    |
| time/               |          |
|    episodes         | 124      |
|    fps              | 113      |
|    time_elapsed     | 65       |
|    total_timesteps  | 7440     |
| train/              |          |
|    learning_rate    | 0.0001   |
|    loss             | 0.189    |
|    n_updates        | 402      |
----------------------------------
----------------------------------
| rollout/            |          |
|    ep_len_mean      | 60       |
|    ep_rew_mean      | 15       |
|    exploration_rate | 0.27     |
| time/               |          |
|    episodes         | 128      |
|    fps              | 112      |
|    time_elapsed     | 68       |
|    total_timesteps  | 7680     |
| train/              |          |
|    learning_rate    | 0.0001   |
|    loss             | 0.213    |
|    n_updates        | 417      |
----------------------------------
----------------------------------
| rollout/            |          |
|    ep_len_mean      | 60       |
|    ep_rew_mean      | 16       |
|    exploration_rate | 0.248    |
| time/               |          |
|    episodes         | 132      |
|    fps              | 109      |
|    time_elapsed     | 72       |
|    total_timesteps  | 7920     |
| train/              |          |
|    learning_rate    | 0.0001   |
|    loss             | 0.171    |
|    n_updates        | 432      |
----------------------------------
----------------------------------
| rollout/            |          |
|    ep_len_mean      | 60       |
|    ep_rew_mean      | 16.9     |
|    exploration_rate | 0.225    |
| time/               |          |
|    episodes         | 136      |
|    fps              | 108      |
|    time_elapsed     | 74       |
|    total_timesteps  | 8160     |
| train/              |          |
|    learning_rate    | 0.0001   |
|    loss             | 0.204    |
|    n_updates        | 447      |
----------------------------------
----------------------------------
| rollout/            |          |
|    ep_len_mean      | 60       |
|    ep_rew_mean      | 18       |
|    exploration_rate | 0.202    |
| time/               |          |
|    episodes         | 140      |
|    fps              | 107      |
|    time_elapsed     | 77       |
|    total_timesteps  | 8400     |
| train/              |          |
|    learning_rate    | 0.0001   |
|    loss             | 0.255    |
|    n_updates        | 462      |
----------------------------------
----------------------------------
| rollout/            |          |
|    ep_len_mean      | 60       |
|    ep_rew_mean      | 19       |
|    exploration_rate | 0.179    |
| time/               |          |
|    episodes         | 144      |
|    fps              | 105      |
|    time_elapsed     | 82       |
|    total_timesteps  | 8640     |
| train/              |          |
|    learning_rate    | 0.0001   |
|    loss             | 0.126    |
|    n_updates        | 477      |
----------------------------------
----------------------------------
| rollout/            |          |
|    ep_len_mean      | 60       |
|    ep_rew_mean      | 20.1     |
|    exploration_rate | 0.156    |
| time/               |          |
|    episodes         | 148      |
|    fps              | 103      |
|    time_elapsed     | 86       |
|    total_timesteps  | 8880     |
| train/              |          |
|    learning_rate    | 0.0001   |
|    loss             | 0.143    |
|    n_updates        | 492      |
----------------------------------
----------------------------------
| rollout/            |          |
|    ep_len_mean      | 60       |
|    ep_rew_mean      | 21.2     |
|    exploration_rate | 0.134    |
| time/               |          |
|    episodes         | 152      |
|    fps              | 102      |
|    time_elapsed     | 89       |
|    total_timesteps  | 9120     |
| train/              |          |
|    learning_rate    | 0.0001   |
|    loss             | 0.343    |
|    n_updates        | 507      |
----------------------------------
----------------------------------
| rollout/            |          |
|    ep_len_mean      | 60       |
|    ep_rew_mean      | 22.2     |
|    exploration_rate | 0.111    |
| time/               |          |
|    episodes         | 156      |
|    fps              | 101      |
|    time_elapsed     | 92       |
|    total_timesteps  | 9360     |
| train/              |          |
|    learning_rate    | 0.0001   |
|    loss             | 0.151    |
|    n_updates        | 522      |
----------------------------------
----------------------------------
| rollout/            |          |
|    ep_len_mean      | 60       |
|    ep_rew_mean      | 23       |
|    exploration_rate | 0.088    |
| time/               |          |
|    episodes         | 160      |
|    fps              | 100      |
|    time_elapsed     | 95       |
|    total_timesteps  | 9600     |
| train/              |          |
|    learning_rate    | 0.0001   |
|    loss             | 0.129    |
|    n_updates        | 537      |
----------------------------------
----------------------------------
| rollout/            |          |
|    ep_len_mean      | 60       |
|    ep_rew_mean      | 24.1     |
|    exploration_rate | 0.0652   |
| time/               |          |
|    episodes         | 164      |
|    fps              | 98       |
|    time_elapsed     | 99       |
|    total_timesteps  | 9840     |
| train/              |          |
|    learning_rate    | 0.0001   |
|    loss             | 0.248    |
|    n_updates        | 552      |
----------------------------------
----------------------------------
| rollout/            |          |
|    ep_len_mean      | 60       |
|    ep_rew_mean      | 25.5     |
|    exploration_rate | 0.05     |
| time/               |          |
|    episodes         | 168      |
|    fps              | 97       |
|    time_elapsed     | 103      |
|    total_timesteps  | 10080    |
| train/              |          |
|    learning_rate    | 0.0001   |
|    loss             | 0.332    |
|    n_updates        | 567      |
----------------------------------
----------------------------------
| rollout/            |          |
|    ep_len_mean      | 60       |
|    ep_rew_mean      | 26.9     |
|    exploration_rate | 0.05     |
| time/               |          |
|    episodes         | 172      |
|    fps              | 96       |
|    time_elapsed     | 106      |
|    total_timesteps  | 10320    |
| train/              |          |
|    learning_rate    | 0.0001   |
|    loss             | 0.2      |
|    n_updates        | 582      |
----------------------------------
----------------------------------
| rollout/            |          |
|    ep_len_mean      | 60       |
|    ep_rew_mean      | 28.2     |
|    exploration_rate | 0.05     |
| time/               |          |
|    episodes         | 176      |
|    fps              | 95       |
|    time_elapsed     | 110      |
|    total_timesteps  | 10560    |
| train/              |          |
|    learning_rate    | 0.0001   |
|    loss             | 0.138    |
|    n_updates        | 597      |
----------------------------------
----------------------------------
| rollout/            |          |
|    ep_len_mean      | 60       |
|    ep_rew_mean      | 29.1     |
|    exploration_rate | 0.05     |
| time/               |          |
|    episodes         | 180      |
|    fps              | 94       |
|    time_elapsed     | 114      |
|    total_timesteps  | 10800    |
| train/              |          |
|    learning_rate    | 0.0001   |
|    loss             | 0.2      |
|    n_updates        | 612      |
----------------------------------
----------------------------------
| rollout/            |          |
|    ep_len_mean      | 60       |
|    ep_rew_mean      | 30.3     |
|    exploration_rate | 0.05     |
| time/               |          |
|    episodes         | 184      |
|    fps              | 93       |
|    time_elapsed     | 118      |
|    total_timesteps  | 11040    |
| train/              |          |
|    learning_rate    | 0.0001   |
|    loss             | 0.396    |
|    n_updates        | 627      |
----------------------------------
----------------------------------
| rollout/            |          |
|    ep_len_mean      | 60       |
|    ep_rew_mean      | 31.5     |
|    exploration_rate | 0.05     |
| time/               |          |
|    episodes         | 188      |
|    fps              | 93       |
|    time_elapsed     | 121      |
|    total_timesteps  | 11280    |
| train/              |          |
|    learning_rate    | 0.0001   |
|    loss             | 0.182    |
|    n_updates        | 642      |
----------------------------------
----------------------------------
| rollout/            |          |
|    ep_len_mean      | 60       |
|    ep_rew_mean      | 32.9     |
|    exploration_rate | 0.05     |
| time/               |          |
|    episodes         | 192      |
|    fps              | 93       |
|    time_elapsed     | 123      |
|    total_timesteps  | 11520    |
| train/              |          |
|    learning_rate    | 0.0001   |
|    loss             | 0.188    |
|    n_updates        | 657      |
----------------------------------
----------------------------------
| rollout/            |          |
|    ep_len_mean      | 60       |
|    ep_rew_mean      | 33.9     |
|    exploration_rate | 0.05     |
| time/               |          |
|    episodes         | 196      |
|    fps              | 93       |
|    time_elapsed     | 125      |
|    total_timesteps  | 11760    |
| train/              |          |
|    learning_rate    | 0.0001   |
|    loss             | 0.372    |
|    n_updates        | 672      |
----------------------------------
----------------------------------
| rollout/            |          |
|    ep_len_mean      | 60       |
|    ep_rew_mean      | 35       |
|    exploration_rate | 0.05     |
| time/               |          |
|    episodes         | 200      |
|    fps              | 92       |
|    time_elapsed     | 130      |
|    total_timesteps  | 12000    |
| train/              |          |
|    learning_rate    | 0.0001   |
|    loss             | 0.142    |
|    n_updates        | 687      |
----------------------------------
----------------------------------
| rollout/            |          |
|    ep_len_mean      | 60       |
|    ep_rew_mean      | 35.7     |
|    exploration_rate | 0.05     |
| time/               |          |
|    episodes         | 204      |
|    fps              | 91       |
|    time_elapsed     | 134      |
|    total_timesteps  | 12240    |
| train/              |          |
|    learning_rate    | 0.0001   |
|    loss             | 0.349    |
|    n_updates        | 702      |
----------------------------------
----------------------------------
| rollout/            |          |
|    ep_len_mean      | 60       |
|    ep_rew_mean      | 36.6     |
|    exploration_rate | 0.05     |
| time/               |          |
|    episodes         | 208      |
|    fps              | 90       |
|    time_elapsed     | 137      |
|    total_timesteps  | 12480    |
| train/              |          |
|    learning_rate    | 0.0001   |
|    loss             | 0.162    |
|    n_updates        | 717      |
----------------------------------
----------------------------------
| rollout/            |          |
|    ep_len_mean      | 60       |
|    ep_rew_mean      | 37.3     |
|    exploration_rate | 0.05     |
| time/               |          |
|    episodes         | 212      |
|    fps              | 90       |
|    time_elapsed     | 140      |
|    total_timesteps  | 12720    |
| train/              |          |
|    learning_rate    | 0.0001   |
|    loss             | 0.28     |
|    n_updates        | 732      |
----------------------------------
----------------------------------
| rollout/            |          |
|    ep_len_mean      | 60       |
|    ep_rew_mean      | 38       |
|    exploration_rate | 0.05     |
| time/               |          |
|    episodes         | 216      |
|    fps              | 89       |
|    time_elapsed     | 145      |
|    total_timesteps  | 12960    |
| train/              |          |
|    learning_rate    | 0.0001   |
|    loss             | 0.171    |
|    n_updates        | 747      |
----------------------------------
----------------------------------
| rollout/            |          |
|    ep_len_mean      | 60       |
|    ep_rew_mean      | 38.5     |
|    exploration_rate | 0.05     |
| time/               |          |
|    episodes         | 220      |
|    fps              | 88       |
|    time_elapsed     | 148      |
|    total_timesteps  | 13200    |
| train/              |          |
|    learning_rate    | 0.0001   |
|    loss             | 0.199    |
|    n_updates        | 762      |
----------------------------------
----------------------------------
| rollout/            |          |
|    ep_len_mean      | 60       |
|    ep_rew_mean      | 38.8     |
|    exploration_rate | 0.05     |
| time/               |          |
|    episodes         | 224      |
|    fps              | 88       |
|    time_elapsed     | 152      |
|    total_timesteps  | 13440    |
| train/              |          |
|    learning_rate    | 0.0001   |
|    loss             | 0.197    |
|    n_updates        | 777      |
----------------------------------
----------------------------------
| rollout/            |          |
|    ep_len_mean      | 60       |
|    ep_rew_mean      | 39.4     |
|    exploration_rate | 0.05     |
| time/               |          |
|    episodes         | 228      |
|    fps              | 87       |
|    time_elapsed     | 156      |
|    total_timesteps  | 13680    |
| train/              |          |
|    learning_rate    | 0.0001   |
|    loss             | 0.278    |
|    n_updates        | 792      |
----------------------------------
----------------------------------
| rollout/            |          |
|    ep_len_mean      | 60       |
|    ep_rew_mean      | 39.7     |
|    exploration_rate | 0.05     |
| time/               |          |
|    episodes         | 232      |
|    fps              | 86       |
|    time_elapsed     | 160      |
|    total_timesteps  | 13920    |
| train/              |          |
|    learning_rate    | 0.0001   |
|    loss             | 0.434    |
|    n_updates        | 807      |
----------------------------------
----------------------------------
| rollout/            |          |
|    ep_len_mean      | 60       |
|    ep_rew_mean      | 40.2     |
|    exploration_rate | 0.05     |
| time/               |          |
|    episodes         | 236      |
|    fps              | 85       |
|    time_elapsed     | 164      |
|    total_timesteps  | 14160    |
| train/              |          |
|    learning_rate    | 0.0001   |
|    loss             | 0.337    |
|    n_updates        | 822      |
----------------------------------
----------------------------------
| rollout/            |          |
|    ep_len_mean      | 60       |
|    ep_rew_mean      | 40.5     |
|    exploration_rate | 0.05     |
| time/               |          |
|    episodes         | 240      |
|    fps              | 85       |
|    time_elapsed     | 169      |
|    total_timesteps  | 14400    |
| train/              |          |
|    learning_rate    | 0.0001   |
|    loss             | 0.188    |
|    n_updates        | 837      |
----------------------------------
----------------------------------
| rollout/            |          |
|    ep_len_mean      | 60       |
|    ep_rew_mean      | 40.8     |
|    exploration_rate | 0.05     |
| time/               |          |
|    episodes         | 244      |
|    fps              | 84       |
|    time_elapsed     | 172      |
|    total_timesteps  | 14640    |
| train/              |          |
|    learning_rate    | 0.0001   |
|    loss             | 0.263    |
|    n_updates        | 852      |
----------------------------------
----------------------------------
| rollout/            |          |
|    ep_len_mean      | 60       |
|    ep_rew_mean      | 40.9     |
|    exploration_rate | 0.05     |
| time/               |          |
|    episodes         | 248      |
|    fps              | 83       |
|    time_elapsed     | 177      |
|    total_timesteps  | 14880    |
| train/              |          |
|    learning_rate    | 0.0001   |
|    loss             | 0.311    |
|    n_updates        | 867      |
----------------------------------
----------------------------------
| rollout/            |          |
|    ep_len_mean      | 60       |
|    ep_rew_mean      | 41       |
|    exploration_rate | 0.05     |
| time/               |          |
|    episodes         | 252      |
|    fps              | 83       |
|    time_elapsed     | 181      |
|    total_timesteps  | 15120    |
| train/              |          |
|    learning_rate    | 0.0001   |
|    loss             | 0.456    |
|    n_updates        | 882      |
----------------------------------
----------------------------------
| rollout/            |          |
|    ep_len_mean      | 60       |
|    ep_rew_mean      | 41.1     |
|    exploration_rate | 0.05     |
| time/               |          |
|    episodes         | 256      |
|    fps              | 82       |
|    time_elapsed     | 185      |
|    total_timesteps  | 15360    |
| train/              |          |
|    learning_rate    | 0.0001   |
|    loss             | 0.41     |
|    n_updates        | 897      |
----------------------------------
----------------------------------
| rollout/            |          |
|    ep_len_mean      | 60       |
|    ep_rew_mean      | 41.4     |
|    exploration_rate | 0.05     |
| time/               |          |
|    episodes         | 260      |
|    fps              | 82       |
|    time_elapsed     | 188      |
|    total_timesteps  | 15600    |
| train/              |          |
|    learning_rate    | 0.0001   |
|    loss             | 0.437    |
|    n_updates        | 912      |
----------------------------------
----------------------------------
| rollout/            |          |
|    ep_len_mean      | 60       |
|    ep_rew_mean      | 41.4     |
|    exploration_rate | 0.05     |
| time/               |          |
|    episodes         | 264      |
|    fps              | 82       |
|    time_elapsed     | 192      |
|    total_timesteps  | 15840    |
| train/              |          |
|    learning_rate    | 0.0001   |
|    loss             | 0.259    |
|    n_updates        | 927      |
----------------------------------
----------------------------------
| rollout/            |          |
|    ep_len_mean      | 60       |
|    ep_rew_mean      | 41.5     |
|    exploration_rate | 0.05     |
| time/               |          |
|    episodes         | 268      |
|    fps              | 81       |
|    time_elapsed     | 196      |
|    total_timesteps  | 16080    |
| train/              |          |
|    learning_rate    | 0.0001   |
|    loss             | 0.701    |
|    n_updates        | 942      |
----------------------------------
----------------------------------
| rollout/            |          |
|    ep_len_mean      | 60       |
|    ep_rew_mean      | 41.4     |
|    exploration_rate | 0.05     |
| time/               |          |
|    episodes         | 272      |
|    fps              | 81       |
|    time_elapsed     | 199      |
|    total_timesteps  | 16320    |
| train/              |          |
|    learning_rate    | 0.0001   |
|    loss             | 0.525    |
|    n_updates        | 957      |
----------------------------------
----------------------------------
| rollout/            |          |
|    ep_len_mean      | 60       |
|    ep_rew_mean      | 41.6     |
|    exploration_rate | 0.05     |
| time/               |          |
|    episodes         | 276      |
|    fps              | 81       |
|    time_elapsed     | 202      |
|    total_timesteps  | 16560    |
| train/              |          |
|    learning_rate    | 0.0001   |
|    loss             | 0.251    |
|    n_updates        | 972      |
----------------------------------
----------------------------------
| rollout/            |          |
|    ep_len_mean      | 60       |
|    ep_rew_mean      | 41.7     |
|    exploration_rate | 0.05     |
| time/               |          |
|    episodes         | 280      |
|    fps              | 81       |
|    time_elapsed     | 205      |
|    total_timesteps  | 16800    |
| train/              |          |
|    learning_rate    | 0.0001   |
|    loss             | 0.347    |
|    n_updates        | 987      |
----------------------------------
----------------------------------
| rollout/            |          |
|    ep_len_mean      | 60       |
|    ep_rew_mean      | 41.8     |
|    exploration_rate | 0.05     |
| time/               |          |
|    episodes         | 284      |
|    fps              | 81       |
|    time_elapsed     | 209      |
|    total_timesteps  | 17040    |
| train/              |          |
|    learning_rate    | 0.0001   |
|    loss             | 0.533    |
|    n_updates        | 1002     |
----------------------------------
----------------------------------
| rollout/            |          |
|    ep_len_mean      | 60       |
|    ep_rew_mean      | 41.8     |
|    exploration_rate | 0.05     |
| time/               |          |
|    episodes         | 288      |
|    fps              | 81       |
|    time_elapsed     | 212      |
|    total_timesteps  | 17280    |
| train/              |          |
|    learning_rate    | 0.0001   |
|    loss             | 0.412    |
|    n_updates        | 1017     |
----------------------------------
----------------------------------
| rollout/            |          |
|    ep_len_mean      | 60       |
|    ep_rew_mean      | 41.6     |
|    exploration_rate | 0.05     |
| time/               |          |
|    episodes         | 292      |
|    fps              | 80       |
|    time_elapsed     | 216      |
|    total_timesteps  | 17520    |
| train/              |          |
|    learning_rate    | 0.0001   |
|    loss             | 0.304    |
|    n_updates        | 1032     |
----------------------------------
----------------------------------
| rollout/            |          |
|    ep_len_mean      | 60       |
|    ep_rew_mean      | 41.6     |
|    exploration_rate | 0.05     |
| time/               |          |
|    episodes         | 296      |
|    fps              | 80       |
|    time_elapsed     | 219      |
|    total_timesteps  | 17760    |
| train/              |          |
|    learning_rate    | 0.0001   |
|    loss             | 0.533    |
|    n_updates        | 1047     |
----------------------------------
----------------------------------
| rollout/            |          |
|    ep_len_mean      | 60       |
|    ep_rew_mean      | 41.5     |
|    exploration_rate | 0.05     |
| time/               |          |
|    episodes         | 300      |
|    fps              | 80       |
|    time_elapsed     | 222      |
|    total_timesteps  | 18000    |
| train/              |          |
|    learning_rate    | 0.0001   |
|    loss             | 0.438    |
|    n_updates        | 1062     |
----------------------------------
----------------------------------
| rollout/            |          |
|    ep_len_mean      | 60       |
|    ep_rew_mean      | 41.7     |
|    exploration_rate | 0.05     |
| time/               |          |
|    episodes         | 304      |
|    fps              | 80       |
|    time_elapsed     | 225      |
|    total_timesteps  | 18240    |
| train/              |          |
|    learning_rate    | 0.0001   |
|    loss             | 0.6      |
|    n_updates        | 1077     |
----------------------------------
----------------------------------
| rollout/            |          |
|    ep_len_mean      | 60       |
|    ep_rew_mean      | 41.7     |
|    exploration_rate | 0.05     |
| time/               |          |
|    episodes         | 308      |
|    fps              | 81       |
|    time_elapsed     | 228      |
|    total_timesteps  | 18480    |
| train/              |          |
|    learning_rate    | 0.0001   |
|    loss             | 0.265    |
|    n_updates        | 1092     |
----------------------------------
----------------------------------
| rollout/            |          |
|    ep_len_mean      | 60       |
|    ep_rew_mean      | 41.8     |
|    exploration_rate | 0.05     |
| time/               |          |
|    episodes         | 312      |
|    fps              | 81       |
|    time_elapsed     | 230      |
|    total_timesteps  | 18720    |
| train/              |          |
|    learning_rate    | 0.0001   |
|    loss             | 0.242    |
|    n_updates        | 1107     |
----------------------------------
----------------------------------
| rollout/            |          |
|    ep_len_mean      | 60       |
|    ep_rew_mean      | 41.8     |
|    exploration_rate | 0.05     |
| time/               |          |
|    episodes         | 316      |
|    fps              | 81       |
|    time_elapsed     | 232      |
|    total_timesteps  | 18960    |
| train/              |          |
|    learning_rate    | 0.0001   |
|    loss             | 0.599    |
|    n_updates        | 1122     |
----------------------------------
----------------------------------
| rollout/            |          |
|    ep_len_mean      | 60       |
|    ep_rew_mean      | 41.7     |
|    exploration_rate | 0.05     |
| time/               |          |
|    episodes         | 320      |
|    fps              | 81       |
|    time_elapsed     | 235      |
|    total_timesteps  | 19200    |
| train/              |          |
|    learning_rate    | 0.0001   |
|    loss             | 0.444    |
|    n_updates        | 1137     |
----------------------------------
----------------------------------
| rollout/            |          |
|    ep_len_mean      | 60       |
|    ep_rew_mean      | 41.8     |
|    exploration_rate | 0.05     |
| time/               |          |
|    episodes         | 324      |
|    fps              | 81       |
|    time_elapsed     | 237      |
|    total_timesteps  | 19440    |
| train/              |          |
|    learning_rate    | 0.0001   |
|    loss             | 0.37     |
|    n_updates        | 1152     |
----------------------------------
----------------------------------
| rollout/            |          |
|    ep_len_mean      | 60       |
|    ep_rew_mean      | 41.9     |
|    exploration_rate | 0.05     |
| time/               |          |
|    episodes         | 328      |
|    fps              | 81       |
|    time_elapsed     | 240      |
|    total_timesteps  | 19680    |
| train/              |          |
|    learning_rate    | 0.0001   |
|    loss             | 0.303    |
|    n_updates        | 1167     |
----------------------------------
----------------------------------
| rollout/            |          |
|    ep_len_mean      | 60       |
|    ep_rew_mean      | 41.8     |
|    exploration_rate | 0.05     |
| time/               |          |
|    episodes         | 332      |
|    fps              | 81       |
|    time_elapsed     | 243      |
|    total_timesteps  | 19920    |
| train/              |          |
|    learning_rate    | 0.0001   |
|    loss             | 0.231    |
|    n_updates        | 1182     |
----------------------------------
----------------------------------
| rollout/            |          |
|    ep_len_mean      | 60       |
|    ep_rew_mean      | 41.7     |
|    exploration_rate | 0.05     |
| time/               |          |
|    episodes         | 336      |
|    fps              | 81       |
|    time_elapsed     | 247      |
|    total_timesteps  | 20160    |
| train/              |          |
|    learning_rate    | 0.0001   |
|    loss             | 0.472    |
|    n_updates        | 1197     |
----------------------------------
----------------------------------
| rollout/            |          |
|    ep_len_mean      | 60       |
|    ep_rew_mean      | 41.6     |
|    exploration_rate | 0.05     |
| time/               |          |
|    episodes         | 340      |
|    fps              | 81       |
|    time_elapsed     | 251      |
|    total_timesteps  | 20400    |
| train/              |          |
|    learning_rate    | 0.0001   |
|    loss             | 0.231    |
|    n_updates        | 1212     |
----------------------------------
----------------------------------
| rollout/            |          |
|    ep_len_mean      | 60       |
|    ep_rew_mean      | 41.7     |
|    exploration_rate | 0.05     |
| time/               |          |
|    episodes         | 344      |
|    fps              | 81       |
|    time_elapsed     | 254      |
|    total_timesteps  | 20640    |
| train/              |          |
|    learning_rate    | 0.0001   |
|    loss             | 0.401    |
|    n_updates        | 1227     |
----------------------------------
----------------------------------
| rollout/            |          |
|    ep_len_mean      | 60       |
|    ep_rew_mean      | 41.8     |
|    exploration_rate | 0.05     |
| time/               |          |
|    episodes         | 348      |
|    fps              | 81       |
|    time_elapsed     | 257      |
|    total_timesteps  | 20880    |
| train/              |          |
|    learning_rate    | 0.0001   |
|    loss             | 0.301    |
|    n_updates        | 1242     |
----------------------------------
----------------------------------
| rollout/            |          |
|    ep_len_mean      | 60       |
|    ep_rew_mean      | 41.8     |
|    exploration_rate | 0.05     |
| time/               |          |
|    episodes         | 352      |
|    fps              | 81       |
|    time_elapsed     | 259      |
|    total_timesteps  | 21120    |
| train/              |          |
|    learning_rate    | 0.0001   |
|    loss             | 0.551    |
|    n_updates        | 1257     |
----------------------------------
----------------------------------
| rollout/            |          |
|    ep_len_mean      | 60       |
|    ep_rew_mean      | 41.8     |
|    exploration_rate | 0.05     |
| time/               |          |
|    episodes         | 356      |
|    fps              | 81       |
|    time_elapsed     | 262      |
|    total_timesteps  | 21360    |
| train/              |          |
|    learning_rate    | 0.0001   |
|    loss             | 0.267    |
|    n_updates        | 1272     |
----------------------------------
----------------------------------
| rollout/            |          |
|    ep_len_mean      | 60       |
|    ep_rew_mean      | 41.7     |
|    exploration_rate | 0.05     |
| time/               |          |
|    episodes         | 360      |
|    fps              | 81       |
|    time_elapsed     | 264      |
|    total_timesteps  | 21600    |
| train/              |          |
|    learning_rate    | 0.0001   |
|    loss             | 0.273    |
|    n_updates        | 1287     |
----------------------------------
----------------------------------
| rollout/            |          |
|    ep_len_mean      | 60       |
|    ep_rew_mean      | 41.8     |
|    exploration_rate | 0.05     |
| time/               |          |
|    episodes         | 364      |
|    fps              | 81       |
|    time_elapsed     | 267      |
|    total_timesteps  | 21840    |
| train/              |          |
|    learning_rate    | 0.0001   |
|    loss             | 0.326    |
|    n_updates        | 1302     |
----------------------------------
----------------------------------
| rollout/            |          |
|    ep_len_mean      | 60       |
|    ep_rew_mean      | 41.7     |
|    exploration_rate | 0.05     |
| time/               |          |
|    episodes         | 368      |
|    fps              | 81       |
|    time_elapsed     | 271      |
|    total_timesteps  | 22080    |
| train/              |          |
|    learning_rate    | 0.0001   |
|    loss             | 0.443    |
|    n_updates        | 1317     |
----------------------------------
----------------------------------
| rollout/            |          |
|    ep_len_mean      | 60       |
|    ep_rew_mean      | 41.9     |
|    exploration_rate | 0.05     |
| time/               |          |
|    episodes         | 372      |
|    fps              | 81       |
|    time_elapsed     | 274      |
|    total_timesteps  | 22320    |
| train/              |          |
|    learning_rate    | 0.0001   |
|    loss             | 0.379    |
|    n_updates        | 1332     |
----------------------------------
----------------------------------
| rollout/            |          |
|    ep_len_mean      | 60       |
|    ep_rew_mean      | 41.9     |
|    exploration_rate | 0.05     |
| time/               |          |
|    episodes         | 376      |
|    fps              | 81       |
|    time_elapsed     | 278      |
|    total_timesteps  | 22560    |
| train/              |          |
|    learning_rate    | 0.0001   |
|    loss             | 0.461    |
|    n_updates        | 1347     |
----------------------------------
----------------------------------
| rollout/            |          |
|    ep_len_mean      | 60       |
|    ep_rew_mean      | 41.8     |
|    exploration_rate | 0.05     |
| time/               |          |
|    episodes         | 380      |
|    fps              | 80       |
|    time_elapsed     | 282      |
|    total_timesteps  | 22800    |
| train/              |          |
|    learning_rate    | 0.0001   |
|    loss             | 0.362    |
|    n_updates        | 1362     |
----------------------------------
----------------------------------
| rollout/            |          |
|    ep_len_mean      | 60       |
|    ep_rew_mean      | 41.9     |
|    exploration_rate | 0.05     |
| time/               |          |
|    episodes         | 384      |
|    fps              | 80       |
|    time_elapsed     | 286      |
|    total_timesteps  | 23040    |
| train/              |          |
|    learning_rate    | 0.0001   |
|    loss             | 0.392    |
|    n_updates        | 1377     |
----------------------------------
----------------------------------
| rollout/            |          |
|    ep_len_mean      | 60       |
|    ep_rew_mean      | 41.9     |
|    exploration_rate | 0.05     |
| time/               |          |
|    episodes         | 388      |
|    fps              | 79       |
|    time_elapsed     | 291      |
|    total_timesteps  | 23280    |
| train/              |          |
|    learning_rate    | 0.0001   |
|    loss             | 0.537    |
|    n_updates        | 1392     |
----------------------------------
----------------------------------
| rollout/            |          |
|    ep_len_mean      | 60       |
|    ep_rew_mean      | 41.9     |
|    exploration_rate | 0.05     |
| time/               |          |
|    episodes         | 392      |
|    fps              | 79       |
|    time_elapsed     | 295      |
|    total_timesteps  | 23520    |
| train/              |          |
|    learning_rate    | 0.0001   |
|    loss             | 1.02     |
|    n_updates        | 1407     |
----------------------------------
----------------------------------
| rollout/            |          |
|    ep_len_mean      | 60       |
|    ep_rew_mean      | 42       |
|    exploration_rate | 0.05     |
| time/               |          |
|    episodes         | 396      |
|    fps              | 78       |
|    time_elapsed     | 301      |
|    total_timesteps  | 23760    |
| train/              |          |
|    learning_rate    | 0.0001   |
|    loss             | 0.294    |
|    n_updates        | 1422     |
----------------------------------
----------------------------------
| rollout/            |          |
|    ep_len_mean      | 60       |
|    ep_rew_mean      | 42       |
|    exploration_rate | 0.05     |
| time/               |          |
|    episodes         | 400      |
|    fps              | 77       |
|    time_elapsed     | 309      |
|    total_timesteps  | 24000    |
| train/              |          |
|    learning_rate    | 0.0001   |
|    loss             | 0.377    |
|    n_updates        | 1437     |
----------------------------------
----------------------------------
| rollout/            |          |
|    ep_len_mean      | 60       |
|    ep_rew_mean      | 42.1     |
|    exploration_rate | 0.05     |
| time/               |          |
|    episodes         | 404      |
|    fps              | 76       |
|    time_elapsed     | 314      |
|    total_timesteps  | 24240    |
| train/              |          |
|    learning_rate    | 0.0001   |
|    loss             | 0.594    |
|    n_updates        | 1452     |
----------------------------------
----------------------------------
| rollout/            |          |
|    ep_len_mean      | 60       |
|    ep_rew_mean      | 42.2     |
|    exploration_rate | 0.05     |
| time/               |          |
|    episodes         | 408      |
|    fps              | 76       |
|    time_elapsed     | 319      |
|    total_timesteps  | 24480    |
| train/              |          |
|    learning_rate    | 0.0001   |
|    loss             | 0.198    |
|    n_updates        | 1467     |
----------------------------------
----------------------------------
| rollout/            |          |
|    ep_len_mean      | 60       |
|    ep_rew_mean      | 41.9     |
|    exploration_rate | 0.05     |
| time/               |          |
|    episodes         | 412      |
|    fps              | 76       |
|    time_elapsed     | 323      |
|    total_timesteps  | 24720    |
| train/              |          |
|    learning_rate    | 0.0001   |
|    loss             | 0.398    |
|    n_updates        | 1482     |
----------------------------------
----------------------------------
| rollout/            |          |
|    ep_len_mean      | 60       |
|    ep_rew_mean      | 41.8     |
|    exploration_rate | 0.05     |
| time/               |          |
|    episodes         | 416      |
|    fps              | 75       |
|    time_elapsed     | 329      |
|    total_timesteps  | 24960    |
| train/              |          |
|    learning_rate    | 0.0001   |
|    loss             | 0.228    |
|    n_updates        | 1497     |
----------------------------------
----------------------------------
| rollout/            |          |
|    ep_len_mean      | 60       |
|    ep_rew_mean      | 41.8     |
|    exploration_rate | 0.05     |
| time/               |          |
|    episodes         | 420      |
|    fps              | 75       |
|    time_elapsed     | 334      |
|    total_timesteps  | 25200    |
| train/              |          |
|    learning_rate    | 0.0001   |
|    loss             | 0.478    |
|    n_updates        | 1512     |
----------------------------------
----------------------------------
| rollout/            |          |
|    ep_len_mean      | 60       |
|    ep_rew_mean      | 41.8     |
|    exploration_rate | 0.05     |
| time/               |          |
|    episodes         | 424      |
|    fps              | 75       |
|    time_elapsed     | 338      |
|    total_timesteps  | 25440    |
| train/              |          |
|    learning_rate    | 0.0001   |
|    loss             | 0.693    |
|    n_updates        | 1527     |
----------------------------------
----------------------------------
| rollout/            |          |
|    ep_len_mean      | 60       |
|    ep_rew_mean      | 41.6     |
|    exploration_rate | 0.05     |
| time/               |          |
|    episodes         | 428      |
|    fps              | 74       |
|    time_elapsed     | 343      |
|    total_timesteps  | 25680    |
| train/              |          |
|    learning_rate    | 0.0001   |
|    loss             | 0.237    |
|    n_updates        | 1542     |
----------------------------------
----------------------------------
| rollout/            |          |
|    ep_len_mean      | 60       |
|    ep_rew_mean      | 41.6     |
|    exploration_rate | 0.05     |
| time/               |          |
|    episodes         | 432      |
|    fps              | 74       |
|    time_elapsed     | 347      |
|    total_timesteps  | 25920    |
| train/              |          |
|    learning_rate    | 0.0001   |
|    loss             | 0.482    |
|    n_updates        | 1557     |
----------------------------------
----------------------------------
| rollout/            |          |
|    ep_len_mean      | 60       |
|    ep_rew_mean      | 41.6     |
|    exploration_rate | 0.05     |
| time/               |          |
|    episodes         | 436      |
|    fps              | 74       |
|    time_elapsed     | 351      |
|    total_timesteps  | 26160    |
| train/              |          |
|    learning_rate    | 0.0001   |
|    loss             | 0.276    |
|    n_updates        | 1572     |
----------------------------------
----------------------------------
| rollout/            |          |
|    ep_len_mean      | 60       |
|    ep_rew_mean      | 41.7     |
|    exploration_rate | 0.05     |
| time/               |          |
|    episodes         | 440      |
|    fps              | 74       |
|    time_elapsed     | 355      |
|    total_timesteps  | 26400    |
| train/              |          |
|    learning_rate    | 0.0001   |
|    loss             | 0.293    |
|    n_updates        | 1587     |
----------------------------------
----------------------------------
| rollout/            |          |
|    ep_len_mean      | 60       |
|    ep_rew_mean      | 41.7     |
|    exploration_rate | 0.05     |
| time/               |          |
|    episodes         | 444      |
|    fps              | 74       |
|    time_elapsed     | 359      |
|    total_timesteps  | 26640    |
| train/              |          |
|    learning_rate    | 0.0001   |
|    loss             | 0.576    |
|    n_updates        | 1602     |
----------------------------------
----------------------------------
| rollout/            |          |
|    ep_len_mean      | 60       |
|    ep_rew_mean      | 41.6     |
|    exploration_rate | 0.05     |
| time/               |          |
|    episodes         | 448      |
|    fps              | 74       |
|    time_elapsed     | 363      |
|    total_timesteps  | 26880    |
| train/              |          |
|    learning_rate    | 0.0001   |
|    loss             | 0.653    |
|    n_updates        | 1617     |
----------------------------------
----------------------------------
| rollout/            |          |
|    ep_len_mean      | 60       |
|    ep_rew_mean      | 41.5     |
|    exploration_rate | 0.05     |
| time/               |          |
|    episodes         | 452      |
|    fps              | 73       |
|    time_elapsed     | 367      |
|    total_timesteps  | 27120    |
| train/              |          |
|    learning_rate    | 0.0001   |
|    loss             | 0.307    |
|    n_updates        | 1632     |
----------------------------------
----------------------------------
| rollout/            |          |
|    ep_len_mean      | 60       |
|    ep_rew_mean      | 41.4     |
|    exploration_rate | 0.05     |
| time/               |          |
|    episodes         | 456      |
|    fps              | 73       |
|    time_elapsed     | 371      |
|    total_timesteps  | 27360    |
| train/              |          |
|    learning_rate    | 0.0001   |
|    loss             | 0.554    |
|    n_updates        | 1647     |
----------------------------------
----------------------------------
| rollout/            |          |
|    ep_len_mean      | 60       |
|    ep_rew_mean      | 41.5     |
|    exploration_rate | 0.05     |
| time/               |          |
|    episodes         | 460      |
|    fps              | 73       |
|    time_elapsed     | 375      |
|    total_timesteps  | 27600    |
| train/              |          |
|    learning_rate    | 0.0001   |
|    loss             | 0.322    |
|    n_updates        | 1662     |
----------------------------------
----------------------------------
| rollout/            |          |
|    ep_len_mean      | 60       |
|    ep_rew_mean      | 41.5     |
|    exploration_rate | 0.05     |
| time/               |          |
|    episodes         | 464      |
|    fps              | 73       |
|    time_elapsed     | 379      |
|    total_timesteps  | 27840    |
| train/              |          |
|    learning_rate    | 0.0001   |
|    loss             | 0.538    |
|    n_updates        | 1677     |
----------------------------------
----------------------------------
| rollout/            |          |
|    ep_len_mean      | 60       |
|    ep_rew_mean      | 41.6     |
|    exploration_rate | 0.05     |
| time/               |          |
|    episodes         | 468      |
|    fps              | 73       |
|    time_elapsed     | 383      |
|    total_timesteps  | 28080    |
| train/              |          |
|    learning_rate    | 0.0001   |
|    loss             | 1.09     |
|    n_updates        | 1692     |
----------------------------------
----------------------------------
| rollout/            |          |
|    ep_len_mean      | 60       |
|    ep_rew_mean      | 41.5     |
|    exploration_rate | 0.05     |
| time/               |          |
|    episodes         | 472      |
|    fps              | 73       |
|    time_elapsed     | 386      |
|    total_timesteps  | 28320    |
| train/              |          |
|    learning_rate    | 0.0001   |
|    loss             | 0.253    |
|    n_updates        | 1707     |
----------------------------------
----------------------------------
| rollout/            |          |
|    ep_len_mean      | 60       |
|    ep_rew_mean      | 41.3     |
|    exploration_rate | 0.05     |
| time/               |          |
|    episodes         | 476      |
|    fps              | 73       |
|    time_elapsed     | 390      |
|    total_timesteps  | 28560    |
| train/              |          |
|    learning_rate    | 0.0001   |
|    loss             | 0.32     |
|    n_updates        | 1722     |
----------------------------------
----------------------------------
| rollout/            |          |
|    ep_len_mean      | 60       |
|    ep_rew_mean      | 41.5     |
|    exploration_rate | 0.05     |
| time/               |          |
|    episodes         | 480      |
|    fps              | 73       |
|    time_elapsed     | 394      |
|    total_timesteps  | 28800    |
| train/              |          |
|    learning_rate    | 0.0001   |
|    loss             | 0.864    |
|    n_updates        | 1737     |
----------------------------------
----------------------------------
| rollout/            |          |
|    ep_len_mean      | 60       |
|    ep_rew_mean      | 41.6     |
|    exploration_rate | 0.05     |
| time/               |          |
|    episodes         | 484      |
|    fps              | 72       |
|    time_elapsed     | 398      |
|    total_timesteps  | 29040    |
| train/              |          |
|    learning_rate    | 0.0001   |
|    loss             | 0.365    |
|    n_updates        | 1752     |
----------------------------------
----------------------------------
| rollout/            |          |
|    ep_len_mean      | 60       |
|    ep_rew_mean      | 41.4     |
|    exploration_rate | 0.05     |
| time/               |          |
|    episodes         | 488      |
|    fps              | 72       |
|    time_elapsed     | 402      |
|    total_timesteps  | 29280    |
| train/              |          |
|    learning_rate    | 0.0001   |
|    loss             | 0.822    |
|    n_updates        | 1767     |
----------------------------------
----------------------------------
| rollout/            |          |
|    ep_len_mean      | 60       |
|    ep_rew_mean      | 41.5     |
|    exploration_rate | 0.05     |
| time/               |          |
|    episodes         | 492      |
|    fps              | 72       |
|    time_elapsed     | 406      |
|    total_timesteps  | 29520    |
| train/              |          |
|    learning_rate    | 0.0001   |
|    loss             | 0.227    |
|    n_updates        | 1782     |
----------------------------------
----------------------------------
| rollout/            |          |
|    ep_len_mean      | 60       |
|    ep_rew_mean      | 41.6     |
|    exploration_rate | 0.05     |
| time/               |          |
|    episodes         | 496      |
|    fps              | 72       |
|    time_elapsed     | 409      |
|    total_timesteps  | 29760    |
| train/              |          |
|    learning_rate    | 0.0001   |
|    loss             | 0.581    |
|    n_updates        | 1797     |
----------------------------------
----------------------------------
| rollout/            |          |
|    ep_len_mean      | 60       |
|    ep_rew_mean      | 41.5     |
|    exploration_rate | 0.05     |
| time/               |          |
|    episodes         | 500      |
|    fps              | 72       |
|    time_elapsed     | 412      |
|    total_timesteps  | 30000    |
| train/              |          |
|    learning_rate    | 0.0001   |
|    loss             | 0.37     |
|    n_updates        | 1812     |
----------------------------------
----------------------------------
| rollout/            |          |
|    ep_len_mean      | 60       |
|    ep_rew_mean      | 41.5     |
|    exploration_rate | 0.05     |
| time/               |          |
|    episodes         | 504      |
|    fps              | 72       |
|    time_elapsed     | 415      |
|    total_timesteps  | 30240    |
| train/              |          |
|    learning_rate    | 0.0001   |
|    loss             | 0.209    |
|    n_updates        | 1827     |
----------------------------------
----------------------------------
| rollout/            |          |
|    ep_len_mean      | 60       |
|    ep_rew_mean      | 41.5     |
|    exploration_rate | 0.05     |
| time/               |          |
|    episodes         | 508      |
|    fps              | 72       |
|    time_elapsed     | 419      |
|    total_timesteps  | 30480    |
| train/              |          |
|    learning_rate    | 0.0001   |
|    loss             | 0.241    |
|    n_updates        | 1842     |
----------------------------------
----------------------------------
| rollout/            |          |
|    ep_len_mean      | 60       |
|    ep_rew_mean      | 41.6     |
|    exploration_rate | 0.05     |
| time/               |          |
|    episodes         | 512      |
|    fps              | 72       |
|    time_elapsed     | 423      |
|    total_timesteps  | 30720    |
| train/              |          |
|    learning_rate    | 0.0001   |
|    loss             | 0.238    |
|    n_updates        | 1857     |
----------------------------------
----------------------------------
| rollout/            |          |
|    ep_len_mean      | 60       |
|    ep_rew_mean      | 41.7     |
|    exploration_rate | 0.05     |
| time/               |          |
|    episodes         | 516      |
|    fps              | 72       |
|    time_elapsed     | 427      |
|    total_timesteps  | 30960    |
| train/              |          |
|    learning_rate    | 0.0001   |
|    loss             | 0.269    |
|    n_updates        | 1872     |
----------------------------------
----------------------------------
| rollout/            |          |
|    ep_len_mean      | 60       |
|    ep_rew_mean      | 42       |
|    exploration_rate | 0.05     |
| time/               |          |
|    episodes         | 520      |
|    fps              | 72       |
|    time_elapsed     | 431      |
|    total_timesteps  | 31200    |
| train/              |          |
|    learning_rate    | 0.0001   |
|    loss             | 0.363    |
|    n_updates        | 1887     |
----------------------------------
----------------------------------
| rollout/            |          |
|    ep_len_mean      | 60       |
|    ep_rew_mean      | 41.9     |
|    exploration_rate | 0.05     |
| time/               |          |
|    episodes         | 524      |
|    fps              | 72       |
|    time_elapsed     | 435      |
|    total_timesteps  | 31440    |
| train/              |          |
|    learning_rate    | 0.0001   |
|    loss             | 0.362    |
|    n_updates        | 1902     |
----------------------------------
----------------------------------
| rollout/            |          |
|    ep_len_mean      | 60       |
|    ep_rew_mean      | 41.9     |
|    exploration_rate | 0.05     |
| time/               |          |
|    episodes         | 528      |
|    fps              | 72       |
|    time_elapsed     | 439      |
|    total_timesteps  | 31680    |
| train/              |          |
|    learning_rate    | 0.0001   |
|    loss             | 0.719    |
|    n_updates        | 1917     |
----------------------------------
----------------------------------
| rollout/            |          |
|    ep_len_mean      | 60       |
|    ep_rew_mean      | 42       |
|    exploration_rate | 0.05     |
| time/               |          |
|    episodes         | 532      |
|    fps              | 71       |
|    time_elapsed     | 443      |
|    total_timesteps  | 31920    |
| train/              |          |
|    learning_rate    | 0.0001   |
|    loss             | 0.388    |
|    n_updates        | 1932     |
----------------------------------
----------------------------------
| rollout/            |          |
|    ep_len_mean      | 60       |
|    ep_rew_mean      | 41.9     |
|    exploration_rate | 0.05     |
| time/               |          |
|    episodes         | 536      |
|    fps              | 71       |
|    time_elapsed     | 447      |
|    total_timesteps  | 32160    |
| train/              |          |
|    learning_rate    | 0.0001   |
|    loss             | 0.397    |
|    n_updates        | 1947     |
----------------------------------
----------------------------------
| rollout/            |          |
|    ep_len_mean      | 60       |
|    ep_rew_mean      | 42       |
|    exploration_rate | 0.05     |
| time/               |          |
|    episodes         | 540      |
|    fps              | 71       |
|    time_elapsed     | 451      |
|    total_timesteps  | 32400    |
| train/              |          |
|    learning_rate    | 0.0001   |
|    loss             | 0.325    |
|    n_updates        | 1962     |
----------------------------------
----------------------------------
| rollout/            |          |
|    ep_len_mean      | 60       |
|    ep_rew_mean      | 41.9     |
|    exploration_rate | 0.05     |
| time/               |          |
|    episodes         | 544      |
|    fps              | 71       |
|    time_elapsed     | 455      |
|    total_timesteps  | 32640    |
| train/              |          |
|    learning_rate    | 0.0001   |
|    loss             | 0.331    |
|    n_updates        | 1977     |
----------------------------------
----------------------------------
| rollout/            |          |
|    ep_len_mean      | 60       |
|    ep_rew_mean      | 42.1     |
|    exploration_rate | 0.05     |
| time/               |          |
|    episodes         | 548      |
|    fps              | 71       |
|    time_elapsed     | 459      |
|    total_timesteps  | 32880    |
| train/              |          |
|    learning_rate    | 0.0001   |
|    loss             | 0.23     |
|    n_updates        | 1992     |
----------------------------------
----------------------------------
| rollout/            |          |
|    ep_len_mean      | 60       |
|    ep_rew_mean      | 42.2     |
|    exploration_rate | 0.05     |
| time/               |          |
|    episodes         | 552      |
|    fps              | 71       |
|    time_elapsed     | 464      |
|    total_timesteps  | 33120    |
| train/              |          |
|    learning_rate    | 0.0001   |
|    loss             | 0.275    |
|    n_updates        | 2007     |
----------------------------------
----------------------------------
| rollout/            |          |
|    ep_len_mean      | 60       |
|    ep_rew_mean      | 42.3     |
|    exploration_rate | 0.05     |
| time/               |          |
|    episodes         | 556      |
|    fps              | 71       |
|    time_elapsed     | 467      |
|    total_timesteps  | 33360    |
| train/              |          |
|    learning_rate    | 0.0001   |
|    loss             | 0.588    |
|    n_updates        | 2022     |
----------------------------------
----------------------------------
| rollout/            |          |
|    ep_len_mean      | 60       |
|    ep_rew_mean      | 42.4     |
|    exploration_rate | 0.05     |
| time/               |          |
|    episodes         | 560      |
|    fps              | 71       |
|    time_elapsed     | 472      |
|    total_timesteps  | 33600    |
| train/              |          |
|    learning_rate    | 0.0001   |
|    loss             | 1.38     |
|    n_updates        | 2037     |
----------------------------------
----------------------------------
| rollout/            |          |
|    ep_len_mean      | 60       |
|    ep_rew_mean      | 42.4     |
|    exploration_rate | 0.05     |
| time/               |          |
|    episodes         | 564      |
|    fps              | 70       |
|    time_elapsed     | 476      |
|    total_timesteps  | 33840    |
| train/              |          |
|    learning_rate    | 0.0001   |
|    loss             | 0.828    |
|    n_updates        | 2052     |
----------------------------------
----------------------------------
| rollout/            |          |
|    ep_len_mean      | 60       |
|    ep_rew_mean      | 42.4     |
|    exploration_rate | 0.05     |
| time/               |          |
|    episodes         | 568      |
|    fps              | 70       |
|    time_elapsed     | 481      |
|    total_timesteps  | 34080    |
| train/              |          |
|    learning_rate    | 0.0001   |
|    loss             | 0.368    |
|    n_updates        | 2067     |
----------------------------------
----------------------------------
| rollout/            |          |
|    ep_len_mean      | 60       |
|    ep_rew_mean      | 42.3     |
|    exploration_rate | 0.05     |
| time/               |          |
|    episodes         | 572      |
|    fps              | 70       |
|    time_elapsed     | 485      |
|    total_timesteps  | 34320    |
| train/              |          |
|    learning_rate    | 0.0001   |
|    loss             | 0.997    |
|    n_updates        | 2082     |
----------------------------------
----------------------------------
| rollout/            |          |
|    ep_len_mean      | 60       |
|    ep_rew_mean      | 42.5     |
|    exploration_rate | 0.05     |
| time/               |          |
|    episodes         | 576      |
|    fps              | 70       |
|    time_elapsed     | 489      |
|    total_timesteps  | 34560    |
| train/              |          |
|    learning_rate    | 0.0001   |
|    loss             | 0.448    |
|    n_updates        | 2097     |
----------------------------------
----------------------------------
| rollout/            |          |
|    ep_len_mean      | 60       |
|    ep_rew_mean      | 42.3     |
|    exploration_rate | 0.05     |
| time/               |          |
|    episodes         | 580      |
|    fps              | 70       |
|    time_elapsed     | 493      |
|    total_timesteps  | 34800    |
| train/              |          |
|    learning_rate    | 0.0001   |
|    loss             | 0.667    |
|    n_updates        | 2112     |
----------------------------------
----------------------------------
| rollout/            |          |
|    ep_len_mean      | 60       |
|    ep_rew_mean      | 42.2     |
|    exploration_rate | 0.05     |
| time/               |          |
|    episodes         | 584      |
|    fps              | 70       |
|    time_elapsed     | 498      |
|    total_timesteps  | 35040    |
| train/              |          |
|    learning_rate    | 0.0001   |
|    loss             | 0.54     |
|    n_updates        | 2127     |
----------------------------------
----------------------------------
| rollout/            |          |
|    ep_len_mean      | 60       |
|    ep_rew_mean      | 42.2     |
|    exploration_rate | 0.05     |
| time/               |          |
|    episodes         | 588      |
|    fps              | 70       |
|    time_elapsed     | 501      |
|    total_timesteps  | 35280    |
| train/              |          |
|    learning_rate    | 0.0001   |
|    loss             | 0.358    |
|    n_updates        | 2142     |
----------------------------------
----------------------------------
| rollout/            |          |
|    ep_len_mean      | 60       |
|    ep_rew_mean      | 42.2     |
|    exploration_rate | 0.05     |
| time/               |          |
|    episodes         | 592      |
|    fps              | 70       |
|    time_elapsed     | 504      |
|    total_timesteps  | 35520    |
| train/              |          |
|    learning_rate    | 0.0001   |
|    loss             | 0.349    |
|    n_updates        | 2157     |
----------------------------------
----------------------------------
| rollout/            |          |
|    ep_len_mean      | 60       |
|    ep_rew_mean      | 42.2     |
|    exploration_rate | 0.05     |
| time/               |          |
|    episodes         | 596      |
|    fps              | 70       |
|    time_elapsed     | 507      |
|    total_timesteps  | 35760    |
| train/              |          |
|    learning_rate    | 0.0001   |
|    loss             | 0.323    |
|    n_updates        | 2172     |
----------------------------------
----------------------------------
| rollout/            |          |
|    ep_len_mean      | 60       |
|    ep_rew_mean      | 42.2     |
|    exploration_rate | 0.05     |
| time/               |          |
|    episodes         | 600      |
|    fps              | 70       |
|    time_elapsed     | 510      |
|    total_timesteps  | 36000    |
| train/              |          |
|    learning_rate    | 0.0001   |
|    loss             | 0.286    |
|    n_updates        | 2187     |
----------------------------------
----------------------------------
| rollout/            |          |
|    ep_len_mean      | 60       |
|    ep_rew_mean      | 42.1     |
|    exploration_rate | 0.05     |
| time/               |          |
|    episodes         | 604      |
|    fps              | 70       |
|    time_elapsed     | 514      |
|    total_timesteps  | 36240    |
| train/              |          |
|    learning_rate    | 0.0001   |
|    loss             | 0.772    |
|    n_updates        | 2202     |
----------------------------------
----------------------------------
| rollout/            |          |
|    ep_len_mean      | 60       |
|    ep_rew_mean      | 42.2     |
|    exploration_rate | 0.05     |
| time/               |          |
|    episodes         | 608      |
|    fps              | 70       |
|    time_elapsed     | 517      |
|    total_timesteps  | 36480    |
| train/              |          |
|    learning_rate    | 0.0001   |
|    loss             | 0.464    |
|    n_updates        | 2217     |
----------------------------------
----------------------------------
| rollout/            |          |
|    ep_len_mean      | 60       |
|    ep_rew_mean      | 42.2     |
|    exploration_rate | 0.05     |
| time/               |          |
|    episodes         | 612      |
|    fps              | 70       |
|    time_elapsed     | 520      |
|    total_timesteps  | 36720    |
| train/              |          |
|    learning_rate    | 0.0001   |
|    loss             | 0.211    |
|    n_updates        | 2232     |
----------------------------------
----------------------------------
| rollout/            |          |
|    ep_len_mean      | 60       |
|    ep_rew_mean      | 42       |
|    exploration_rate | 0.05     |
| time/               |          |
|    episodes         | 616      |
|    fps              | 70       |
|    time_elapsed     | 523      |
|    total_timesteps  | 36960    |
| train/              |          |
|    learning_rate    | 0.0001   |
|    loss             | 0.27     |
|    n_updates        | 2247     |
----------------------------------
----------------------------------
| rollout/            |          |
|    ep_len_mean      | 60       |
|    ep_rew_mean      | 42       |
|    exploration_rate | 0.05     |
| time/               |          |
|    episodes         | 620      |
|    fps              | 70       |
|    time_elapsed     | 526      |
|    total_timesteps  | 37200    |
| train/              |          |
|    learning_rate    | 0.0001   |
|    loss             | 0.164    |
|    n_updates        | 2262     |
----------------------------------
----------------------------------
| rollout/            |          |
|    ep_len_mean      | 60       |
|    ep_rew_mean      | 42.1     |
|    exploration_rate | 0.05     |
| time/               |          |
|    episodes         | 624      |
|    fps              | 70       |
|    time_elapsed     | 529      |
|    total_timesteps  | 37440    |
| train/              |          |
|    learning_rate    | 0.0001   |
|    loss             | 0.186    |
|    n_updates        | 2277     |
----------------------------------
----------------------------------
| rollout/            |          |
|    ep_len_mean      | 60       |
|    ep_rew_mean      | 42.2     |
|    exploration_rate | 0.05     |
| time/               |          |
|    episodes         | 628      |
|    fps              | 70       |
|    time_elapsed     | 532      |
|    total_timesteps  | 37680    |
| train/              |          |
|    learning_rate    | 0.0001   |
|    loss             | 1.33     |
|    n_updates        | 2292     |
----------------------------------
----------------------------------
| rollout/            |          |
|    ep_len_mean      | 60       |
|    ep_rew_mean      | 42.3     |
|    exploration_rate | 0.05     |
| time/               |          |
|    episodes         | 632      |
|    fps              | 70       |
|    time_elapsed     | 536      |
|    total_timesteps  | 37920    |
| train/              |          |
|    learning_rate    | 0.0001   |
|    loss             | 0.266    |
|    n_updates        | 2307     |
----------------------------------
----------------------------------
| rollout/            |          |
|    ep_len_mean      | 60       |
|    ep_rew_mean      | 42.3     |
|    exploration_rate | 0.05     |
| time/               |          |
|    episodes         | 636      |
|    fps              | 70       |
|    time_elapsed     | 541      |
|    total_timesteps  | 38160    |
| train/              |          |
|    learning_rate    | 0.0001   |
|    loss             | 0.531    |
|    n_updates        | 2322     |
----------------------------------
----------------------------------
| rollout/            |          |
|    ep_len_mean      | 60       |
|    ep_rew_mean      | 42.3     |
|    exploration_rate | 0.05     |
| time/               |          |
|    episodes         | 640      |
|    fps              | 70       |
|    time_elapsed     | 544      |
|    total_timesteps  | 38400    |
| train/              |          |
|    learning_rate    | 0.0001   |
|    loss             | 0.481    |
|    n_updates        | 2337     |
----------------------------------
----------------------------------
| rollout/            |          |
|    ep_len_mean      | 60       |
|    ep_rew_mean      | 42.4     |
|    exploration_rate | 0.05     |
| time/               |          |
|    episodes         | 644      |
|    fps              | 70       |
|    time_elapsed     | 548      |
|    total_timesteps  | 38640    |
| train/              |          |
|    learning_rate    | 0.0001   |
|    loss             | 0.304    |
|    n_updates        | 2352     |
----------------------------------
----------------------------------
| rollout/            |          |
|    ep_len_mean      | 60       |
|    ep_rew_mean      | 42.2     |
|    exploration_rate | 0.05     |
| time/               |          |
|    episodes         | 648      |
|    fps              | 70       |
|    time_elapsed     | 551      |
|    total_timesteps  | 38880    |
| train/              |          |
|    learning_rate    | 0.0001   |
|    loss             | 0.749    |
|    n_updates        | 2367     |
----------------------------------
----------------------------------
| rollout/            |          |
|    ep_len_mean      | 60       |
|    ep_rew_mean      | 42.1     |
|    exploration_rate | 0.05     |
| time/               |          |
|    episodes         | 652      |
|    fps              | 70       |
|    time_elapsed     | 555      |
|    total_timesteps  | 39120    |
| train/              |          |
|    learning_rate    | 0.0001   |
|    loss             | 0.5      |
|    n_updates        | 2382     |
----------------------------------
----------------------------------
| rollout/            |          |
|    ep_len_mean      | 60       |
|    ep_rew_mean      | 41.9     |
|    exploration_rate | 0.05     |
| time/               |          |
|    episodes         | 656      |
|    fps              | 70       |
|    time_elapsed     | 559      |
|    total_timesteps  | 39360    |
| train/              |          |
|    learning_rate    | 0.0001   |
|    loss             | 0.802    |
|    n_updates        | 2397     |
----------------------------------
----------------------------------
| rollout/            |          |
|    ep_len_mean      | 60       |
|    ep_rew_mean      | 41.8     |
|    exploration_rate | 0.05     |
| time/               |          |
|    episodes         | 660      |
|    fps              | 70       |
|    time_elapsed     | 563      |
|    total_timesteps  | 39600    |
| train/              |          |
|    learning_rate    | 0.0001   |
|    loss             | 0.227    |
|    n_updates        | 2412     |
----------------------------------
----------------------------------
| rollout/            |          |
|    ep_len_mean      | 60       |
|    ep_rew_mean      | 41.7     |
|    exploration_rate | 0.05     |
| time/               |          |
|    episodes         | 664      |
|    fps              | 70       |
|    time_elapsed     | 567      |
|    total_timesteps  | 39840    |
| train/              |          |
|    learning_rate    | 0.0001   |
|    loss             | 0.185    |
|    n_updates        | 2427     |
----------------------------------
----------------------------------
| rollout/            |          |
|    ep_len_mean      | 60       |
|    ep_rew_mean      | 41.7     |
|    exploration_rate | 0.05     |
| time/               |          |
|    episodes         | 668      |
|    fps              | 70       |
|    time_elapsed     | 570      |
|    total_timesteps  | 40080    |
| train/              |          |
|    learning_rate    | 0.0001   |
|    loss             | 2.54     |
|    n_updates        | 2442     |
----------------------------------
----------------------------------
| rollout/            |          |
|    ep_len_mean      | 60       |
|    ep_rew_mean      | 41.7     |
|    exploration_rate | 0.05     |
| time/               |          |
|    episodes         | 672      |
|    fps              | 70       |
|    time_elapsed     | 573      |
|    total_timesteps  | 40320    |
| train/              |          |
|    learning_rate    | 0.0001   |
|    loss             | 0.372    |
|    n_updates        | 2457     |
----------------------------------
----------------------------------
| rollout/            |          |
|    ep_len_mean      | 60       |
|    ep_rew_mean      | 41.6     |
|    exploration_rate | 0.05     |
| time/               |          |
|    episodes         | 676      |
|    fps              | 70       |
|    time_elapsed     | 577      |
|    total_timesteps  | 40560    |
| train/              |          |
|    learning_rate    | 0.0001   |
|    loss             | 0.48     |
|    n_updates        | 2472     |
----------------------------------
----------------------------------
| rollout/            |          |
|    ep_len_mean      | 60       |
|    ep_rew_mean      | 41.7     |
|    exploration_rate | 0.05     |
| time/               |          |
|    episodes         | 680      |
|    fps              | 70       |
|    time_elapsed     | 581      |
|    total_timesteps  | 40800    |
| train/              |          |
|    learning_rate    | 0.0001   |
|    loss             | 0.969    |
|    n_updates        | 2487     |
----------------------------------
----------------------------------
| rollout/            |          |
|    ep_len_mean      | 60       |
|    ep_rew_mean      | 41.7     |
|    exploration_rate | 0.05     |
| time/               |          |
|    episodes         | 684      |
|    fps              | 70       |
|    time_elapsed     | 585      |
|    total_timesteps  | 41040    |
| train/              |          |
|    learning_rate    | 0.0001   |
|    loss             | 0.431    |
|    n_updates        | 2502     |
----------------------------------
----------------------------------
| rollout/            |          |
|    ep_len_mean      | 60       |
|    ep_rew_mean      | 41.8     |
|    exploration_rate | 0.05     |
| time/               |          |
|    episodes         | 688      |
|    fps              | 70       |
|    time_elapsed     | 589      |
|    total_timesteps  | 41280    |
| train/              |          |
|    learning_rate    | 0.0001   |
|    loss             | 0.601    |
|    n_updates        | 2517     |
----------------------------------
----------------------------------
| rollout/            |          |
|    ep_len_mean      | 60       |
|    ep_rew_mean      | 41.9     |
|    exploration_rate | 0.05     |
| time/               |          |
|    episodes         | 692      |
|    fps              | 70       |
|    time_elapsed     | 592      |
|    total_timesteps  | 41520    |
| train/              |          |
|    learning_rate    | 0.0001   |
|    loss             | 0.492    |
|    n_updates        | 2532     |
----------------------------------
----------------------------------
| rollout/            |          |
|    ep_len_mean      | 60       |
|    ep_rew_mean      | 41.7     |
|    exploration_rate | 0.05     |
| time/               |          |
|    episodes         | 696      |
|    fps              | 70       |
|    time_elapsed     | 595      |
|    total_timesteps  | 41760    |
| train/              |          |
|    learning_rate    | 0.0001   |
|    loss             | 0.807    |
|    n_updates        | 2547     |
----------------------------------
----------------------------------
| rollout/            |          |
|    ep_len_mean      | 60       |
|    ep_rew_mean      | 41.8     |
|    exploration_rate | 0.05     |
| time/               |          |
|    episodes         | 700      |
|    fps              | 70       |
|    time_elapsed     | 598      |
|    total_timesteps  | 42000    |
| train/              |          |
|    learning_rate    | 0.0001   |
|    loss             | 0.324    |
|    n_updates        | 2562     |
----------------------------------
----------------------------------
| rollout/            |          |
|    ep_len_mean      | 60       |
|    ep_rew_mean      | 41.8     |
|    exploration_rate | 0.05     |
| time/               |          |
|    episodes         | 704      |
|    fps              | 70       |
|    time_elapsed     | 603      |
|    total_timesteps  | 42240    |
| train/              |          |
|    learning_rate    | 0.0001   |
|    loss             | 0.796    |
|    n_updates        | 2577     |
----------------------------------
----------------------------------
| rollout/            |          |
|    ep_len_mean      | 60       |
|    ep_rew_mean      | 41.8     |
|    exploration_rate | 0.05     |
| time/               |          |
|    episodes         | 708      |
|    fps              | 69       |
|    time_elapsed     | 607      |
|    total_timesteps  | 42480    |
| train/              |          |
|    learning_rate    | 0.0001   |
|    loss             | 0.304    |
|    n_updates        | 2592     |
----------------------------------
----------------------------------
| rollout/            |          |
|    ep_len_mean      | 60       |
|    ep_rew_mean      | 41.8     |
|    exploration_rate | 0.05     |
| time/               |          |
|    episodes         | 712      |
|    fps              | 69       |
|    time_elapsed     | 611      |
|    total_timesteps  | 42720    |
| train/              |          |
|    learning_rate    | 0.0001   |
|    loss             | 0.979    |
|    n_updates        | 2607     |
----------------------------------
----------------------------------
| rollout/            |          |
|    ep_len_mean      | 60       |
|    ep_rew_mean      | 41.8     |
|    exploration_rate | 0.05     |
| time/               |          |
|    episodes         | 716      |
|    fps              | 69       |
|    time_elapsed     | 614      |
|    total_timesteps  | 42960    |
| train/              |          |
|    learning_rate    | 0.0001   |
|    loss             | 1.51     |
|    n_updates        | 2622     |
----------------------------------
----------------------------------
| rollout/            |          |
|    ep_len_mean      | 60       |
|    ep_rew_mean      | 41.7     |
|    exploration_rate | 0.05     |
| time/               |          |
|    episodes         | 720      |
|    fps              | 69       |
|    time_elapsed     | 617      |
|    total_timesteps  | 43200    |
| train/              |          |
|    learning_rate    | 0.0001   |
|    loss             | 0.162    |
|    n_updates        | 2637     |
----------------------------------
----------------------------------
| rollout/            |          |
|    ep_len_mean      | 60       |
|    ep_rew_mean      | 41.4     |
|    exploration_rate | 0.05     |
| time/               |          |
|    episodes         | 724      |
|    fps              | 69       |
|    time_elapsed     | 620      |
|    total_timesteps  | 43440    |
| train/              |          |
|    learning_rate    | 0.0001   |
|    loss             | 0.809    |
|    n_updates        | 2652     |
----------------------------------
----------------------------------
| rollout/            |          |
|    ep_len_mean      | 60       |
|    ep_rew_mean      | 41.4     |
|    exploration_rate | 0.05     |
| time/               |          |
|    episodes         | 728      |
|    fps              | 69       |
|    time_elapsed     | 624      |
|    total_timesteps  | 43680    |
| train/              |          |
|    learning_rate    | 0.0001   |
|    loss             | 0.898    |
|    n_updates        | 2667     |
----------------------------------
----------------------------------
| rollout/            |          |
|    ep_len_mean      | 60       |
|    ep_rew_mean      | 41.5     |
|    exploration_rate | 0.05     |
| time/               |          |
|    episodes         | 732      |
|    fps              | 69       |
|    time_elapsed     | 627      |
|    total_timesteps  | 43920    |
| train/              |          |
|    learning_rate    | 0.0001   |
|    loss             | 0.976    |
|    n_updates        | 2682     |
----------------------------------
----------------------------------
| rollout/            |          |
|    ep_len_mean      | 60       |
|    ep_rew_mean      | 41.6     |
|    exploration_rate | 0.05     |
| time/               |          |
|    episodes         | 736      |
|    fps              | 69       |
|    time_elapsed     | 631      |
|    total_timesteps  | 44160    |
| train/              |          |
|    learning_rate    | 0.0001   |
|    loss             | 0.98     |
|    n_updates        | 2697     |
----------------------------------
----------------------------------
| rollout/            |          |
|    ep_len_mean      | 60       |
|    ep_rew_mean      | 41.6     |
|    exploration_rate | 0.05     |
| time/               |          |
|    episodes         | 740      |
|    fps              | 70       |
|    time_elapsed     | 634      |
|    total_timesteps  | 44400    |
| train/              |          |
|    learning_rate    | 0.0001   |
|    loss             | 1.84     |
|    n_updates        | 2712     |
----------------------------------
----------------------------------
| rollout/            |          |
|    ep_len_mean      | 60       |
|    ep_rew_mean      | 41.5     |
|    exploration_rate | 0.05     |
| time/               |          |
|    episodes         | 744      |
|    fps              | 70       |
|    time_elapsed     | 637      |
|    total_timesteps  | 44640    |
| train/              |          |
|    learning_rate    | 0.0001   |
|    loss             | 0.34     |
|    n_updates        | 2727     |
----------------------------------
----------------------------------
| rollout/            |          |
|    ep_len_mean      | 60       |
|    ep_rew_mean      | 41.6     |
|    exploration_rate | 0.05     |
| time/               |          |
|    episodes         | 748      |
|    fps              | 70       |
|    time_elapsed     | 640      |
|    total_timesteps  | 44880    |
| train/              |          |
|    learning_rate    | 0.0001   |
|    loss             | 1.66     |
|    n_updates        | 2742     |
----------------------------------
----------------------------------
| rollout/            |          |
|    ep_len_mean      | 60       |
|    ep_rew_mean      | 41.6     |
|    exploration_rate | 0.05     |
| time/               |          |
|    episodes         | 752      |
|    fps              | 70       |
|    time_elapsed     | 643      |
|    total_timesteps  | 45120    |
| train/              |          |
|    learning_rate    | 0.0001   |
|    loss             | 0.434    |
|    n_updates        | 2757     |
----------------------------------
----------------------------------
| rollout/            |          |
|    ep_len_mean      | 60       |
|    ep_rew_mean      | 41.7     |
|    exploration_rate | 0.05     |
| time/               |          |
|    episodes         | 756      |
|    fps              | 70       |
|    time_elapsed     | 647      |
|    total_timesteps  | 45360    |
| train/              |          |
|    learning_rate    | 0.0001   |
|    loss             | 0.147    |
|    n_updates        | 2772     |
----------------------------------
----------------------------------
| rollout/            |          |
|    ep_len_mean      | 60       |
|    ep_rew_mean      | 41.7     |
|    exploration_rate | 0.05     |
| time/               |          |
|    episodes         | 760      |
|    fps              | 70       |
|    time_elapsed     | 650      |
|    total_timesteps  | 45600    |
| train/              |          |
|    learning_rate    | 0.0001   |
|    loss             | 0.762    |
|    n_updates        | 2787     |
----------------------------------
----------------------------------
| rollout/            |          |
|    ep_len_mean      | 60       |
|    ep_rew_mean      | 41.5     |
|    exploration_rate | 0.05     |
| time/               |          |
|    episodes         | 764      |
|    fps              | 70       |
|    time_elapsed     | 654      |
|    total_timesteps  | 45840    |
| train/              |          |
|    learning_rate    | 0.0001   |
|    loss             | 0.314    |
|    n_updates        | 2802     |
----------------------------------
----------------------------------
| rollout/            |          |
|    ep_len_mean      | 60       |
|    ep_rew_mean      | 41.5     |
|    exploration_rate | 0.05     |
| time/               |          |
|    episodes         | 768      |
|    fps              | 70       |
|    time_elapsed     | 657      |
|    total_timesteps  | 46080    |
| train/              |          |
|    learning_rate    | 0.0001   |
|    loss             | 0.933    |
|    n_updates        | 2817     |
----------------------------------
----------------------------------
| rollout/            |          |
|    ep_len_mean      | 60       |
|    ep_rew_mean      | 41.4     |
|    exploration_rate | 0.05     |
| time/               |          |
|    episodes         | 772      |
|    fps              | 70       |
|    time_elapsed     | 660      |
|    total_timesteps  | 46320    |
| train/              |          |
|    learning_rate    | 0.0001   |
|    loss             | 0.493    |
|    n_updates        | 2832     |
----------------------------------
----------------------------------
| rollout/            |          |
|    ep_len_mean      | 60       |
|    ep_rew_mean      | 41.4     |
|    exploration_rate | 0.05     |
| time/               |          |
|    episodes         | 776      |
|    fps              | 70       |
|    time_elapsed     | 663      |
|    total_timesteps  | 46560    |
| train/              |          |
|    learning_rate    | 0.0001   |
|    loss             | 0.334    |
|    n_updates        | 2847     |
----------------------------------
----------------------------------
| rollout/            |          |
|    ep_len_mean      | 60       |
|    ep_rew_mean      | 41.3     |
|    exploration_rate | 0.05     |
| time/               |          |
|    episodes         | 780      |
|    fps              | 70       |
|    time_elapsed     | 665      |
|    total_timesteps  | 46800    |
| train/              |          |
|    learning_rate    | 0.0001   |
|    loss             | 0.31     |
|    n_updates        | 2862     |
----------------------------------
----------------------------------
| rollout/            |          |
|    ep_len_mean      | 60       |
|    ep_rew_mean      | 41.4     |
|    exploration_rate | 0.05     |
| time/               |          |
|    episodes         | 784      |
|    fps              | 70       |
|    time_elapsed     | 668      |
|    total_timesteps  | 47040    |
| train/              |          |
|    learning_rate    | 0.0001   |
|    loss             | 1.01     |
|    n_updates        | 2877     |
----------------------------------
----------------------------------
| rollout/            |          |
|    ep_len_mean      | 60       |
|    ep_rew_mean      | 41.3     |
|    exploration_rate | 0.05     |
| time/               |          |
|    episodes         | 788      |
|    fps              | 70       |
|    time_elapsed     | 671      |
|    total_timesteps  | 47280    |
| train/              |          |
|    learning_rate    | 0.0001   |
|    loss             | 0.902    |
|    n_updates        | 2892     |
----------------------------------
----------------------------------
| rollout/            |          |
|    ep_len_mean      | 60       |
|    ep_rew_mean      | 41.4     |
|    exploration_rate | 0.05     |
| time/               |          |
|    episodes         | 792      |
|    fps              | 70       |
|    time_elapsed     | 674      |
|    total_timesteps  | 47520    |
| train/              |          |
|    learning_rate    | 0.0001   |
|    loss             | 1.76     |
|    n_updates        | 2907     |
----------------------------------
----------------------------------
| rollout/            |          |
|    ep_len_mean      | 60       |
|    ep_rew_mean      | 41.4     |
|    exploration_rate | 0.05     |
| time/               |          |
|    episodes         | 796      |
|    fps              | 70       |
|    time_elapsed     | 677      |
|    total_timesteps  | 47760    |
| train/              |          |
|    learning_rate    | 0.0001   |
|    loss             | 0.238    |
|    n_updates        | 2922     |
----------------------------------
----------------------------------
| rollout/            |          |
|    ep_len_mean      | 60       |
|    ep_rew_mean      | 41.4     |
|    exploration_rate | 0.05     |
| time/               |          |
|    episodes         | 800      |
|    fps              | 70       |
|    time_elapsed     | 680      |
|    total_timesteps  | 48000    |
| train/              |          |
|    learning_rate    | 0.0001   |
|    loss             | 1.16     |
|    n_updates        | 2937     |
----------------------------------
----------------------------------
| rollout/            |          |
|    ep_len_mean      | 60       |
|    ep_rew_mean      | 41.4     |
|    exploration_rate | 0.05     |
| time/               |          |
|    episodes         | 804      |
|    fps              | 70       |
|    time_elapsed     | 684      |
|    total_timesteps  | 48240    |
| train/              |          |
|    learning_rate    | 0.0001   |
|    loss             | 0.127    |
|    n_updates        | 2952     |
----------------------------------
----------------------------------
| rollout/            |          |
|    ep_len_mean      | 60       |
|    ep_rew_mean      | 41.2     |
|    exploration_rate | 0.05     |
| time/               |          |
|    episodes         | 808      |
|    fps              | 70       |
|    time_elapsed     | 687      |
|    total_timesteps  | 48480    |
| train/              |          |
|    learning_rate    | 0.0001   |
|    loss             | 0.139    |
|    n_updates        | 2967     |
----------------------------------
----------------------------------
| rollout/            |          |
|    ep_len_mean      | 60       |
|    ep_rew_mean      | 41       |
|    exploration_rate | 0.05     |
| time/               |          |
|    episodes         | 812      |
|    fps              | 70       |
|    time_elapsed     | 690      |
|    total_timesteps  | 48720    |
| train/              |          |
|    learning_rate    | 0.0001   |
|    loss             | 0.237    |
|    n_updates        | 2982     |
----------------------------------
----------------------------------
| rollout/            |          |
|    ep_len_mean      | 60       |
|    ep_rew_mean      | 41.3     |
|    exploration_rate | 0.05     |
| time/               |          |
|    episodes         | 816      |
|    fps              | 70       |
|    time_elapsed     | 694      |
|    total_timesteps  | 48960    |
| train/              |          |
|    learning_rate    | 0.0001   |
|    loss             | 1.48     |
|    n_updates        | 2997     |
----------------------------------
----------------------------------
| rollout/            |          |
|    ep_len_mean      | 60       |
|    ep_rew_mean      | 41.2     |
|    exploration_rate | 0.05     |
| time/               |          |
|    episodes         | 820      |
|    fps              | 70       |
|    time_elapsed     | 698      |
|    total_timesteps  | 49200    |
| train/              |          |
|    learning_rate    | 0.0001   |
|    loss             | 1.64     |
|    n_updates        | 3012     |
----------------------------------
----------------------------------
| rollout/            |          |
|    ep_len_mean      | 60       |
|    ep_rew_mean      | 41.4     |
|    exploration_rate | 0.05     |
| time/               |          |
|    episodes         | 824      |
|    fps              | 70       |
|    time_elapsed     | 702      |
|    total_timesteps  | 49440    |
| train/              |          |
|    learning_rate    | 0.0001   |
|    loss             | 0.167    |
|    n_updates        | 3027     |
----------------------------------
----------------------------------
| rollout/            |          |
|    ep_len_mean      | 60       |
|    ep_rew_mean      | 41.3     |
|    exploration_rate | 0.05     |
| time/               |          |
|    episodes         | 828      |
|    fps              | 70       |
|    time_elapsed     | 705      |
|    total_timesteps  | 49680    |
| train/              |          |
|    learning_rate    | 0.0001   |
|    loss             | 0.34     |
|    n_updates        | 3042     |
----------------------------------
----------------------------------
| rollout/            |          |
|    ep_len_mean      | 60       |
|    ep_rew_mean      | 41.3     |
|    exploration_rate | 0.05     |
| time/               |          |
|    episodes         | 832      |
|    fps              | 70       |
|    time_elapsed     | 708      |
|    total_timesteps  | 49920    |
| train/              |          |
|    learning_rate    | 0.0001   |
|    loss             | 0.443    |
|    n_updates        | 3057     |
----------------------------------
----------------------------------
| rollout/            |          |
|    ep_len_mean      | 60       |
|    ep_rew_mean      | 41.1     |
|    exploration_rate | 0.05     |
| time/               |          |
|    episodes         | 836      |
|    fps              | 70       |
|    time_elapsed     | 711      |
|    total_timesteps  | 50160    |
| train/              |          |
|    learning_rate    | 0.0001   |
|    loss             | 0.167    |
|    n_updates        | 3072     |
----------------------------------
----------------------------------
| rollout/            |          |
|    ep_len_mean      | 60       |
|    ep_rew_mean      | 41.1     |
|    exploration_rate | 0.05     |
| time/               |          |
|    episodes         | 840      |
|    fps              | 70       |
|    time_elapsed     | 714      |
|    total_timesteps  | 50400    |
| train/              |          |
|    learning_rate    | 0.0001   |
|    loss             | 0.888    |
|    n_updates        | 3087     |
----------------------------------
----------------------------------
| rollout/            |          |
|    ep_len_mean      | 60       |
|    ep_rew_mean      | 41.1     |
|    exploration_rate | 0.05     |
| time/               |          |
|    episodes         | 844      |
|    fps              | 70       |
|    time_elapsed     | 717      |
|    total_timesteps  | 50640    |
| train/              |          |
|    learning_rate    | 0.0001   |
|    loss             | 1.52     |
|    n_updates        | 3102     |
----------------------------------
----------------------------------
| rollout/            |          |
|    ep_len_mean      | 60       |
|    ep_rew_mean      | 41.1     |
|    exploration_rate | 0.05     |
| time/               |          |
|    episodes         | 848      |
|    fps              | 70       |
|    time_elapsed     | 722      |
|    total_timesteps  | 50880    |
| train/              |          |
|    learning_rate    | 0.0001   |
|    loss             | 1.69     |
|    n_updates        | 3117     |
----------------------------------
----------------------------------
| rollout/            |          |
|    ep_len_mean      | 60       |
|    ep_rew_mean      | 41.1     |
|    exploration_rate | 0.05     |
| time/               |          |
|    episodes         | 852      |
|    fps              | 70       |
|    time_elapsed     | 726      |
|    total_timesteps  | 51120    |
| train/              |          |
|    learning_rate    | 0.0001   |
|    loss             | 0.325    |
|    n_updates        | 3132     |
----------------------------------
----------------------------------
| rollout/            |          |
|    ep_len_mean      | 60       |
|    ep_rew_mean      | 41.1     |
|    exploration_rate | 0.05     |
| time/               |          |
|    episodes         | 856      |
|    fps              | 70       |
|    time_elapsed     | 730      |
|    total_timesteps  | 51360    |
| train/              |          |
|    learning_rate    | 0.0001   |
|    loss             | 0.206    |
|    n_updates        | 3147     |
----------------------------------
----------------------------------
| rollout/            |          |
|    ep_len_mean      | 60       |
|    ep_rew_mean      | 41       |
|    exploration_rate | 0.05     |
| time/               |          |
|    episodes         | 860      |
|    fps              | 70       |
|    time_elapsed     | 733      |
|    total_timesteps  | 51600    |
| train/              |          |
|    learning_rate    | 0.0001   |
|    loss             | 1.17     |
|    n_updates        | 3162     |
----------------------------------
----------------------------------
| rollout/            |          |
|    ep_len_mean      | 60       |
|    ep_rew_mean      | 41       |
|    exploration_rate | 0.05     |
| time/               |          |
|    episodes         | 864      |
|    fps              | 70       |
|    time_elapsed     | 736      |
|    total_timesteps  | 51840    |
| train/              |          |
|    learning_rate    | 0.0001   |
|    loss             | 1.12     |
|    n_updates        | 3177     |
----------------------------------
----------------------------------
| rollout/            |          |
|    ep_len_mean      | 60       |
|    ep_rew_mean      | 41       |
|    exploration_rate | 0.05     |
| time/               |          |
|    episodes         | 868      |
|    fps              | 70       |
|    time_elapsed     | 738      |
|    total_timesteps  | 52080    |
| train/              |          |
|    learning_rate    | 0.0001   |
|    loss             | 0.316    |
|    n_updates        | 3192     |
----------------------------------
----------------------------------
| rollout/            |          |
|    ep_len_mean      | 60       |
|    ep_rew_mean      | 41.1     |
|    exploration_rate | 0.05     |
| time/               |          |
|    episodes         | 872      |
|    fps              | 70       |
|    time_elapsed     | 741      |
|    total_timesteps  | 52320    |
| train/              |          |
|    learning_rate    | 0.0001   |
|    loss             | 0.322    |
|    n_updates        | 3207     |
----------------------------------
----------------------------------
| rollout/            |          |
|    ep_len_mean      | 60       |
|    ep_rew_mean      | 41.1     |
|    exploration_rate | 0.05     |
| time/               |          |
|    episodes         | 876      |
|    fps              | 70       |
|    time_elapsed     | 743      |
|    total_timesteps  | 52560    |
| train/              |          |
|    learning_rate    | 0.0001   |
|    loss             | 0.944    |
|    n_updates        | 3222     |
----------------------------------
----------------------------------
| rollout/            |          |
|    ep_len_mean      | 60       |
|    ep_rew_mean      | 41.2     |
|    exploration_rate | 0.05     |
| time/               |          |
|    episodes         | 880      |
|    fps              | 70       |
|    time_elapsed     | 746      |
|    total_timesteps  | 52800    |
| train/              |          |
|    learning_rate    | 0.0001   |
|    loss             | 0.307    |
|    n_updates        | 3237     |
----------------------------------
----------------------------------
| rollout/            |          |
|    ep_len_mean      | 60       |
|    ep_rew_mean      | 40.8     |
|    exploration_rate | 0.05     |
| time/               |          |
|    episodes         | 884      |
|    fps              | 70       |
|    time_elapsed     | 750      |
|    total_timesteps  | 53040    |
| train/              |          |
|    learning_rate    | 0.0001   |
|    loss             | 1.11     |
|    n_updates        | 3252     |
----------------------------------
----------------------------------
| rollout/            |          |
|    ep_len_mean      | 60       |
|    ep_rew_mean      | 40.9     |
|    exploration_rate | 0.05     |
| time/               |          |
|    episodes         | 888      |
|    fps              | 70       |
|    time_elapsed     | 754      |
|    total_timesteps  | 53280    |
| train/              |          |
|    learning_rate    | 0.0001   |
|    loss             | 0.991    |
|    n_updates        | 3267     |
----------------------------------
----------------------------------
| rollout/            |          |
|    ep_len_mean      | 60       |
|    ep_rew_mean      | 40.8     |
|    exploration_rate | 0.05     |
| time/               |          |
|    episodes         | 892      |
|    fps              | 70       |
|    time_elapsed     | 757      |
|    total_timesteps  | 53520    |
| train/              |          |
|    learning_rate    | 0.0001   |
|    loss             | 1.14     |
|    n_updates        | 3282     |
----------------------------------
----------------------------------
| rollout/            |          |
|    ep_len_mean      | 60       |
|    ep_rew_mean      | 40.9     |
|    exploration_rate | 0.05     |
| time/               |          |
|    episodes         | 896      |
|    fps              | 70       |
|    time_elapsed     | 760      |
|    total_timesteps  | 53760    |
| train/              |          |
|    learning_rate    | 0.0001   |
|    loss             | 0.22     |
|    n_updates        | 3297     |
----------------------------------
----------------------------------
| rollout/            |          |
|    ep_len_mean      | 60       |
|    ep_rew_mean      | 40.8     |
|    exploration_rate | 0.05     |
| time/               |          |
|    episodes         | 900      |
|    fps              | 70       |
|    time_elapsed     | 765      |
|    total_timesteps  | 54000    |
| train/              |          |
|    learning_rate    | 0.0001   |
|    loss             | 0.381    |
|    n_updates        | 3312     |
----------------------------------
----------------------------------
| rollout/            |          |
|    ep_len_mean      | 60       |
|    ep_rew_mean      | 40.7     |
|    exploration_rate | 0.05     |
| time/               |          |
|    episodes         | 904      |
|    fps              | 70       |
|    time_elapsed     | 769      |
|    total_timesteps  | 54240    |
| train/              |          |
|    learning_rate    | 0.0001   |
|    loss             | 0.939    |
|    n_updates        | 3327     |
----------------------------------
----------------------------------
| rollout/            |          |
|    ep_len_mean      | 60       |
|    ep_rew_mean      | 40.8     |
|    exploration_rate | 0.05     |
| time/               |          |
|    episodes         | 908      |
|    fps              | 70       |
|    time_elapsed     | 773      |
|    total_timesteps  | 54480    |
| train/              |          |
|    learning_rate    | 0.0001   |
|    loss             | 0.236    |
|    n_updates        | 3342     |
----------------------------------
----------------------------------
| rollout/            |          |
|    ep_len_mean      | 60       |
|    ep_rew_mean      | 40.9     |
|    exploration_rate | 0.05     |
| time/               |          |
|    episodes         | 912      |
|    fps              | 70       |
|    time_elapsed     | 777      |
|    total_timesteps  | 54720    |
| train/              |          |
|    learning_rate    | 0.0001   |
|    loss             | 0.453    |
|    n_updates        | 3357     |
----------------------------------
----------------------------------
| rollout/            |          |
|    ep_len_mean      | 60       |
|    ep_rew_mean      | 40.8     |
|    exploration_rate | 0.05     |
| time/               |          |
|    episodes         | 916      |
|    fps              | 70       |
|    time_elapsed     | 781      |
|    total_timesteps  | 54960    |
| train/              |          |
|    learning_rate    | 0.0001   |
|    loss             | 1.2      |
|    n_updates        | 3372     |
----------------------------------
----------------------------------
| rollout/            |          |
|    ep_len_mean      | 60       |
|    ep_rew_mean      | 40.9     |
|    exploration_rate | 0.05     |
| time/               |          |
|    episodes         | 920      |
|    fps              | 70       |
|    time_elapsed     | 785      |
|    total_timesteps  | 55200    |
| train/              |          |
|    learning_rate    | 0.0001   |
|    loss             | 0.201    |
|    n_updates        | 3387     |
----------------------------------
----------------------------------
| rollout/            |          |
|    ep_len_mean      | 60       |
|    ep_rew_mean      | 40.9     |
|    exploration_rate | 0.05     |
| time/               |          |
|    episodes         | 924      |
|    fps              | 70       |
|    time_elapsed     | 789      |
|    total_timesteps  | 55440    |
| train/              |          |
|    learning_rate    | 0.0001   |
|    loss             | 0.885    |
|    n_updates        | 3402     |
----------------------------------
----------------------------------
| rollout/            |          |
|    ep_len_mean      | 60       |
|    ep_rew_mean      | 40.8     |
|    exploration_rate | 0.05     |
| time/               |          |
|    episodes         | 928      |
|    fps              | 70       |
|    time_elapsed     | 792      |
|    total_timesteps  | 55680    |
| train/              |          |
|    learning_rate    | 0.0001   |
|    loss             | 1.02     |
|    n_updates        | 3417     |
----------------------------------
----------------------------------
| rollout/            |          |
|    ep_len_mean      | 60       |
|    ep_rew_mean      | 40.8     |
|    exploration_rate | 0.05     |
| time/               |          |
|    episodes         | 932      |
|    fps              | 70       |
|    time_elapsed     | 796      |
|    total_timesteps  | 55920    |
| train/              |          |
|    learning_rate    | 0.0001   |
|    loss             | 0.319    |
|    n_updates        | 3432     |
----------------------------------
----------------------------------
| rollout/            |          |
|    ep_len_mean      | 60       |
|    ep_rew_mean      | 40.9     |
|    exploration_rate | 0.05     |
| time/               |          |
|    episodes         | 936      |
|    fps              | 70       |
|    time_elapsed     | 800      |
|    total_timesteps  | 56160    |
| train/              |          |
|    learning_rate    | 0.0001   |
|    loss             | 0.368    |
|    n_updates        | 3447     |
----------------------------------
----------------------------------
| rollout/            |          |
|    ep_len_mean      | 60       |
|    ep_rew_mean      | 40.9     |
|    exploration_rate | 0.05     |
| time/               |          |
|    episodes         | 940      |
|    fps              | 70       |
|    time_elapsed     | 804      |
|    total_timesteps  | 56400    |
| train/              |          |
|    learning_rate    | 0.0001   |
|    loss             | 0.338    |
|    n_updates        | 3462     |
----------------------------------
----------------------------------
| rollout/            |          |
|    ep_len_mean      | 60       |
|    ep_rew_mean      | 41       |
|    exploration_rate | 0.05     |
| time/               |          |
|    episodes         | 944      |
|    fps              | 70       |
|    time_elapsed     | 807      |
|    total_timesteps  | 56640    |
| train/              |          |
|    learning_rate    | 0.0001   |
|    loss             | 0.111    |
|    n_updates        | 3477     |
----------------------------------
----------------------------------
| rollout/            |          |
|    ep_len_mean      | 60       |
|    ep_rew_mean      | 40.9     |
|    exploration_rate | 0.05     |
| time/               |          |
|    episodes         | 948      |
|    fps              | 70       |
|    time_elapsed     | 809      |
|    total_timesteps  | 56880    |
| train/              |          |
|    learning_rate    | 0.0001   |
|    loss             | 1.02     |
|    n_updates        | 3492     |
----------------------------------
----------------------------------
| rollout/            |          |
|    ep_len_mean      | 60       |
|    ep_rew_mean      | 40.8     |
|    exploration_rate | 0.05     |
| time/               |          |
|    episodes         | 952      |
|    fps              | 70       |
|    time_elapsed     | 813      |
|    total_timesteps  | 57120    |
| train/              |          |
|    learning_rate    | 0.0001   |
|    loss             | 0.112    |
|    n_updates        | 3507     |
----------------------------------
----------------------------------
| rollout/            |          |
|    ep_len_mean      | 60       |
|    ep_rew_mean      | 40.5     |
|    exploration_rate | 0.05     |
| time/               |          |
|    episodes         | 956      |
|    fps              | 70       |
|    time_elapsed     | 817      |
|    total_timesteps  | 57360    |
| train/              |          |
|    learning_rate    | 0.0001   |
|    loss             | 0.931    |
|    n_updates        | 3522     |
----------------------------------
----------------------------------
| rollout/            |          |
|    ep_len_mean      | 60       |
|    ep_rew_mean      | 40.6     |
|    exploration_rate | 0.05     |
| time/               |          |
|    episodes         | 960      |
|    fps              | 70       |
|    time_elapsed     | 821      |
|    total_timesteps  | 57600    |
| train/              |          |
|    learning_rate    | 0.0001   |
|    loss             | 2.59     |
|    n_updates        | 3537     |
----------------------------------
----------------------------------
| rollout/            |          |
|    ep_len_mean      | 60       |
|    ep_rew_mean      | 40.7     |
|    exploration_rate | 0.05     |
| time/               |          |
|    episodes         | 964      |
|    fps              | 70       |
|    time_elapsed     | 825      |
|    total_timesteps  | 57840    |
| train/              |          |
|    learning_rate    | 0.0001   |
|    loss             | 2.2      |
|    n_updates        | 3552     |
----------------------------------
----------------------------------
| rollout/            |          |
|    ep_len_mean      | 60       |
|    ep_rew_mean      | 40.6     |
|    exploration_rate | 0.05     |
| time/               |          |
|    episodes         | 968      |
|    fps              | 70       |
|    time_elapsed     | 829      |
|    total_timesteps  | 58080    |
| train/              |          |
|    learning_rate    | 0.0001   |
|    loss             | 1.12     |
|    n_updates        | 3567     |
----------------------------------
----------------------------------
| rollout/            |          |
|    ep_len_mean      | 60       |
|    ep_rew_mean      | 40.6     |
|    exploration_rate | 0.05     |
| time/               |          |
|    episodes         | 972      |
|    fps              | 69       |
|    time_elapsed     | 833      |
|    total_timesteps  | 58320    |
| train/              |          |
|    learning_rate    | 0.0001   |
|    loss             | 0.278    |
|    n_updates        | 3582     |
----------------------------------
----------------------------------
| rollout/            |          |
|    ep_len_mean      | 60       |
|    ep_rew_mean      | 40.5     |
|    exploration_rate | 0.05     |
| time/               |          |
|    episodes         | 976      |
|    fps              | 69       |
|    time_elapsed     | 837      |
|    total_timesteps  | 58560    |
| train/              |          |
|    learning_rate    | 0.0001   |
|    loss             | 0.899    |
|    n_updates        | 3597     |
----------------------------------
----------------------------------
| rollout/            |          |
|    ep_len_mean      | 60       |
|    ep_rew_mean      | 40.5     |
|    exploration_rate | 0.05     |
| time/               |          |
|    episodes         | 980      |
|    fps              | 69       |
|    time_elapsed     | 841      |
|    total_timesteps  | 58800    |
| train/              |          |
|    learning_rate    | 0.0001   |
|    loss             | 1.09     |
|    n_updates        | 3612     |
----------------------------------
----------------------------------
| rollout/            |          |
|    ep_len_mean      | 60       |
|    ep_rew_mean      | 40.7     |
|    exploration_rate | 0.05     |
| time/               |          |
|    episodes         | 984      |
|    fps              | 69       |
|    time_elapsed     | 845      |
|    total_timesteps  | 59040    |
| train/              |          |
|    learning_rate    | 0.0001   |
|    loss             | 0.325    |
|    n_updates        | 3627     |
----------------------------------
----------------------------------
| rollout/            |          |
|    ep_len_mean      | 60       |
|    ep_rew_mean      | 40.7     |
|    exploration_rate | 0.05     |
| time/               |          |
|    episodes         | 988      |
|    fps              | 69       |
|    time_elapsed     | 850      |
|    total_timesteps  | 59280    |
| train/              |          |
|    learning_rate    | 0.0001   |
|    loss             | 0.273    |
|    n_updates        | 3642     |
----------------------------------
----------------------------------
| rollout/            |          |
|    ep_len_mean      | 60       |
|    ep_rew_mean      | 40.7     |
|    exploration_rate | 0.05     |
| time/               |          |
|    episodes         | 992      |
|    fps              | 69       |
|    time_elapsed     | 854      |
|    total_timesteps  | 59520    |
| train/              |          |
|    learning_rate    | 0.0001   |
|    loss             | 0.178    |
|    n_updates        | 3657     |
----------------------------------
----------------------------------
| rollout/            |          |
|    ep_len_mean      | 60       |
|    ep_rew_mean      | 40.7     |
|    exploration_rate | 0.05     |
| time/               |          |
|    episodes         | 996      |
|    fps              | 69       |
|    time_elapsed     | 858      |
|    total_timesteps  | 59760    |
| train/              |          |
|    learning_rate    | 0.0001   |
|    loss             | 1.22     |
|    n_updates        | 3672     |
----------------------------------
----------------------------------
| rollout/            |          |
|    ep_len_mean      | 60       |
|    ep_rew_mean      | 40.7     |
|    exploration_rate | 0.05     |
| time/               |          |
|    episodes         | 1000     |
|    fps              | 69       |
|    time_elapsed     | 862      |
|    total_timesteps  | 60000    |
| train/              |          |
|    learning_rate    | 0.0001   |
|    loss             | 0.214    |
|    n_updates        | 3687     |
----------------------------------
----------------------------------
| rollout/            |          |
|    ep_len_mean      | 60       |
|    ep_rew_mean      | 40.8     |
|    exploration_rate | 0.05     |
| time/               |          |
|    episodes         | 1004     |
|    fps              | 69       |
|    time_elapsed     | 866      |
|    total_timesteps  | 60240    |
| train/              |          |
|    learning_rate    | 0.0001   |
|    loss             | 0.394    |
|    n_updates        | 3702     |
----------------------------------
----------------------------------
| rollout/            |          |
|    ep_len_mean      | 60       |
|    ep_rew_mean      | 41       |
|    exploration_rate | 0.05     |
| time/               |          |
|    episodes         | 1008     |
|    fps              | 69       |
|    time_elapsed     | 871      |
|    total_timesteps  | 60480    |
| train/              |          |
|    learning_rate    | 0.0001   |
|    loss             | 0.606    |
|    n_updates        | 3717     |
----------------------------------
----------------------------------
| rollout/            |          |
|    ep_len_mean      | 60       |
|    ep_rew_mean      | 41       |
|    exploration_rate | 0.05     |
| time/               |          |
|    episodes         | 1012     |
|    fps              | 69       |
|    time_elapsed     | 875      |
|    total_timesteps  | 60720    |
| train/              |          |
|    learning_rate    | 0.0001   |
|    loss             | 0.116    |
|    n_updates        | 3732     |
----------------------------------
----------------------------------
| rollout/            |          |
|    ep_len_mean      | 60       |
|    ep_rew_mean      | 41       |
|    exploration_rate | 0.05     |
| time/               |          |
|    episodes         | 1016     |
|    fps              | 69       |
|    time_elapsed     | 879      |
|    total_timesteps  | 60960    |
| train/              |          |
|    learning_rate    | 0.0001   |
|    loss             | 0.165    |
|    n_updates        | 3747     |
----------------------------------
----------------------------------
| rollout/            |          |
|    ep_len_mean      | 60       |
|    ep_rew_mean      | 40.9     |
|    exploration_rate | 0.05     |
| time/               |          |
|    episodes         | 1020     |
|    fps              | 69       |
|    time_elapsed     | 884      |
|    total_timesteps  | 61200    |
| train/              |          |
|    learning_rate    | 0.0001   |
|    loss             | 0.108    |
|    n_updates        | 3762     |
----------------------------------
----------------------------------
| rollout/            |          |
|    ep_len_mean      | 60       |
|    ep_rew_mean      | 40.9     |
|    exploration_rate | 0.05     |
| time/               |          |
|    episodes         | 1024     |
|    fps              | 69       |
|    time_elapsed     | 888      |
|    total_timesteps  | 61440    |
| train/              |          |
|    learning_rate    | 0.0001   |
|    loss             | 1.18     |
|    n_updates        | 3777     |
----------------------------------
----------------------------------
| rollout/            |          |
|    ep_len_mean      | 60       |
|    ep_rew_mean      | 41       |
|    exploration_rate | 0.05     |
| time/               |          |
|    episodes         | 1028     |
|    fps              | 69       |
|    time_elapsed     | 892      |
|    total_timesteps  | 61680    |
| train/              |          |
|    learning_rate    | 0.0001   |
|    loss             | 1.46     |
|    n_updates        | 3792     |
----------------------------------
----------------------------------
| rollout/            |          |
|    ep_len_mean      | 60       |
|    ep_rew_mean      | 40.8     |
|    exploration_rate | 0.05     |
| time/               |          |
|    episodes         | 1032     |
|    fps              | 69       |
|    time_elapsed     | 896      |
|    total_timesteps  | 61920    |
| train/              |          |
|    learning_rate    | 0.0001   |
|    loss             | 1.24     |
|    n_updates        | 3807     |
----------------------------------
----------------------------------
| rollout/            |          |
|    ep_len_mean      | 60       |
|    ep_rew_mean      | 40.9     |
|    exploration_rate | 0.05     |
| time/               |          |
|    episodes         | 1036     |
|    fps              | 69       |
|    time_elapsed     | 899      |
|    total_timesteps  | 62160    |
| train/              |          |
|    learning_rate    | 0.0001   |
|    loss             | 0.184    |
|    n_updates        | 3822     |
----------------------------------
----------------------------------
| rollout/            |          |
|    ep_len_mean      | 60       |
|    ep_rew_mean      | 40.8     |
|    exploration_rate | 0.05     |
| time/               |          |
|    episodes         | 1040     |
|    fps              | 68       |
|    time_elapsed     | 904      |
|    total_timesteps  | 62400    |
| train/              |          |
|    learning_rate    | 0.0001   |
|    loss             | 1.06     |
|    n_updates        | 3837     |
----------------------------------
----------------------------------
| rollout/            |          |
|    ep_len_mean      | 60       |
|    ep_rew_mean      | 40.7     |
|    exploration_rate | 0.05     |
| time/               |          |
|    episodes         | 1044     |
|    fps              | 68       |
|    time_elapsed     | 908      |
|    total_timesteps  | 62640    |
| train/              |          |
|    learning_rate    | 0.0001   |
|    loss             | 0.44     |
|    n_updates        | 3852     |
----------------------------------
----------------------------------
| rollout/            |          |
|    ep_len_mean      | 60       |
|    ep_rew_mean      | 40.9     |
|    exploration_rate | 0.05     |
| time/               |          |
|    episodes         | 1048     |
|    fps              | 68       |
|    time_elapsed     | 912      |
|    total_timesteps  | 62880    |
| train/              |          |
|    learning_rate    | 0.0001   |
|    loss             | 0.209    |
|    n_updates        | 3867     |
----------------------------------
----------------------------------
| rollout/            |          |
|    ep_len_mean      | 60       |
|    ep_rew_mean      | 41       |
|    exploration_rate | 0.05     |
| time/               |          |
|    episodes         | 1052     |
|    fps              | 68       |
|    time_elapsed     | 915      |
|    total_timesteps  | 63120    |
| train/              |          |
|    learning_rate    | 0.0001   |
|    loss             | 0.242    |
|    n_updates        | 3882     |
----------------------------------
----------------------------------
| rollout/            |          |
|    ep_len_mean      | 60       |
|    ep_rew_mean      | 41.4     |
|    exploration_rate | 0.05     |
| time/               |          |
|    episodes         | 1056     |
|    fps              | 68       |
|    time_elapsed     | 919      |
|    total_timesteps  | 63360    |
| train/              |          |
|    learning_rate    | 0.0001   |
|    loss             | 0.399    |
|    n_updates        | 3897     |
----------------------------------
----------------------------------
| rollout/            |          |
|    ep_len_mean      | 60       |
|    ep_rew_mean      | 41.3     |
|    exploration_rate | 0.05     |
| time/               |          |
|    episodes         | 1060     |
|    fps              | 68       |
|    time_elapsed     | 923      |
|    total_timesteps  | 63600    |
| train/              |          |
|    learning_rate    | 0.0001   |
|    loss             | 0.0712   |
|    n_updates        | 3912     |
----------------------------------
----------------------------------
| rollout/            |          |
|    ep_len_mean      | 60       |
|    ep_rew_mean      | 41.3     |
|    exploration_rate | 0.05     |
| time/               |          |
|    episodes         | 1064     |
|    fps              | 68       |
|    time_elapsed     | 926      |
|    total_timesteps  | 63840    |
| train/              |          |
|    learning_rate    | 0.0001   |
|    loss             | 0.204    |
|    n_updates        | 3927     |
----------------------------------
----------------------------------
| rollout/            |          |
|    ep_len_mean      | 60       |
|    ep_rew_mean      | 41.4     |
|    exploration_rate | 0.05     |
| time/               |          |
|    episodes         | 1068     |
|    fps              | 68       |
|    time_elapsed     | 928      |
|    total_timesteps  | 64080    |
| train/              |          |
|    learning_rate    | 0.0001   |
|    loss             | 0.11     |
|    n_updates        | 3942     |
----------------------------------
----------------------------------
| rollout/            |          |
|    ep_len_mean      | 60       |
|    ep_rew_mean      | 41.4     |
|    exploration_rate | 0.05     |
| time/               |          |
|    episodes         | 1072     |
|    fps              | 69       |
|    time_elapsed     | 932      |
|    total_timesteps  | 64320    |
| train/              |          |
|    learning_rate    | 0.0001   |
|    loss             | 0.228    |
|    n_updates        | 3957     |
----------------------------------
----------------------------------
| rollout/            |          |
|    ep_len_mean      | 60       |
|    ep_rew_mean      | 41.4     |
|    exploration_rate | 0.05     |
| time/               |          |
|    episodes         | 1076     |
|    fps              | 69       |
|    time_elapsed     | 935      |
|    total_timesteps  | 64560    |
| train/              |          |
|    learning_rate    | 0.0001   |
|    loss             | 1.14     |
|    n_updates        | 3972     |
----------------------------------
----------------------------------
| rollout/            |          |
|    ep_len_mean      | 60       |
|    ep_rew_mean      | 41.2     |
|    exploration_rate | 0.05     |
| time/               |          |
|    episodes         | 1080     |
|    fps              | 69       |
|    time_elapsed     | 938      |
|    total_timesteps  | 64800    |
| train/              |          |
|    learning_rate    | 0.0001   |
|    loss             | 0.108    |
|    n_updates        | 3987     |
----------------------------------
----------------------------------
| rollout/            |          |
|    ep_len_mean      | 60       |
|    ep_rew_mean      | 41.2     |
|    exploration_rate | 0.05     |
| time/               |          |
|    episodes         | 1084     |
|    fps              | 69       |
|    time_elapsed     | 941      |
|    total_timesteps  | 65040    |
| train/              |          |
|    learning_rate    | 0.0001   |
|    loss             | 0.314    |
|    n_updates        | 4002     |
----------------------------------
----------------------------------
| rollout/            |          |
|    ep_len_mean      | 60       |
|    ep_rew_mean      | 41.3     |
|    exploration_rate | 0.05     |
| time/               |          |
|    episodes         | 1088     |
|    fps              | 69       |
|    time_elapsed     | 945      |
|    total_timesteps  | 65280    |
| train/              |          |
|    learning_rate    | 0.0001   |
|    loss             | 0.363    |
|    n_updates        | 4017     |
----------------------------------
----------------------------------
| rollout/            |          |
|    ep_len_mean      | 60       |
|    ep_rew_mean      | 41.3     |
|    exploration_rate | 0.05     |
| time/               |          |
|    episodes         | 1092     |
|    fps              | 69       |
|    time_elapsed     | 949      |
|    total_timesteps  | 65520    |
| train/              |          |
|    learning_rate    | 0.0001   |
|    loss             | 2.27     |
|    n_updates        | 4032     |
----------------------------------
----------------------------------
| rollout/            |          |
|    ep_len_mean      | 60       |
|    ep_rew_mean      | 41.4     |
|    exploration_rate | 0.05     |
| time/               |          |
|    episodes         | 1096     |
|    fps              | 69       |
|    time_elapsed     | 952      |
|    total_timesteps  | 65760    |
| train/              |          |
|    learning_rate    | 0.0001   |
|    loss             | 0.251    |
|    n_updates        | 4047     |
----------------------------------
----------------------------------
| rollout/            |          |
|    ep_len_mean      | 60       |
|    ep_rew_mean      | 41.3     |
|    exploration_rate | 0.05     |
| time/               |          |
|    episodes         | 1100     |
|    fps              | 69       |
|    time_elapsed     | 955      |
|    total_timesteps  | 66000    |
| train/              |          |
|    learning_rate    | 0.0001   |
|    loss             | 0.16     |
|    n_updates        | 4062     |
----------------------------------
----------------------------------
| rollout/            |          |
|    ep_len_mean      | 60       |
|    ep_rew_mean      | 41.2     |
|    exploration_rate | 0.05     |
| time/               |          |
|    episodes         | 1104     |
|    fps              | 69       |
|    time_elapsed     | 958      |
|    total_timesteps  | 66240    |
| train/              |          |
|    learning_rate    | 0.0001   |
|    loss             | 1.2      |
|    n_updates        | 4077     |
----------------------------------
----------------------------------
| rollout/            |          |
|    ep_len_mean      | 60       |
|    ep_rew_mean      | 41       |
|    exploration_rate | 0.05     |
| time/               |          |
|    episodes         | 1108     |
|    fps              | 69       |
|    time_elapsed     | 960      |
|    total_timesteps  | 66480    |
| train/              |          |
|    learning_rate    | 0.0001   |
|    loss             | 0.0919   |
|    n_updates        | 4092     |
----------------------------------
----------------------------------
| rollout/            |          |
|    ep_len_mean      | 60       |
|    ep_rew_mean      | 41       |
|    exploration_rate | 0.05     |
| time/               |          |
|    episodes         | 1112     |
|    fps              | 69       |
|    time_elapsed     | 963      |
|    total_timesteps  | 66720    |
| train/              |          |
|    learning_rate    | 0.0001   |
|    loss             | 0.204    |
|    n_updates        | 4107     |
----------------------------------
----------------------------------
| rollout/            |          |
|    ep_len_mean      | 60       |
|    ep_rew_mean      | 41.2     |
|    exploration_rate | 0.05     |
| time/               |          |
|    episodes         | 1116     |
|    fps              | 69       |
|    time_elapsed     | 966      |
|    total_timesteps  | 66960    |
| train/              |          |
|    learning_rate    | 0.0001   |
|    loss             | 1.08     |
|    n_updates        | 4122     |
----------------------------------
----------------------------------
| rollout/            |          |
|    ep_len_mean      | 60       |
|    ep_rew_mean      | 41.3     |
|    exploration_rate | 0.05     |
| time/               |          |
|    episodes         | 1120     |
|    fps              | 69       |
|    time_elapsed     | 970      |
|    total_timesteps  | 67200    |
| train/              |          |
|    learning_rate    | 0.0001   |
|    loss             | 1.03     |
|    n_updates        | 4137     |
----------------------------------
----------------------------------
| rollout/            |          |
|    ep_len_mean      | 60       |
|    ep_rew_mean      | 41.3     |
|    exploration_rate | 0.05     |
| time/               |          |
|    episodes         | 1124     |
|    fps              | 69       |
|    time_elapsed     | 974      |
|    total_timesteps  | 67440    |
| train/              |          |
|    learning_rate    | 0.0001   |
|    loss             | 1.37     |
|    n_updates        | 4152     |
----------------------------------
----------------------------------
| rollout/            |          |
|    ep_len_mean      | 60       |
|    ep_rew_mean      | 41.4     |
|    exploration_rate | 0.05     |
| time/               |          |
|    episodes         | 1128     |
|    fps              | 69       |
|    time_elapsed     | 979      |
|    total_timesteps  | 67680    |
| train/              |          |
|    learning_rate    | 0.0001   |
|    loss             | 1.06     |
|    n_updates        | 4167     |
----------------------------------
----------------------------------
| rollout/            |          |
|    ep_len_mean      | 60       |
|    ep_rew_mean      | 41.4     |
|    exploration_rate | 0.05     |
| time/               |          |
|    episodes         | 1132     |
|    fps              | 69       |
|    time_elapsed     | 983      |
|    total_timesteps  | 67920    |
| train/              |          |
|    learning_rate    | 0.0001   |
|    loss             | 1.25     |
|    n_updates        | 4182     |
----------------------------------
----------------------------------
| rollout/            |          |
|    ep_len_mean      | 60       |
|    ep_rew_mean      | 41.2     |
|    exploration_rate | 0.05     |
| time/               |          |
|    episodes         | 1136     |
|    fps              | 69       |
|    time_elapsed     | 987      |
|    total_timesteps  | 68160    |
| train/              |          |
|    learning_rate    | 0.0001   |
|    loss             | 1.1      |
|    n_updates        | 4197     |
----------------------------------
----------------------------------
| rollout/            |          |
|    ep_len_mean      | 60       |
|    ep_rew_mean      | 41.3     |
|    exploration_rate | 0.05     |
| time/               |          |
|    episodes         | 1140     |
|    fps              | 68       |
|    time_elapsed     | 991      |
|    total_timesteps  | 68400    |
| train/              |          |
|    learning_rate    | 0.0001   |
|    loss             | 2.09     |
|    n_updates        | 4212     |
----------------------------------
----------------------------------
| rollout/            |          |
|    ep_len_mean      | 60       |
|    ep_rew_mean      | 41.4     |
|    exploration_rate | 0.05     |
| time/               |          |
|    episodes         | 1144     |
|    fps              | 68       |
|    time_elapsed     | 995      |
|    total_timesteps  | 68640    |
| train/              |          |
|    learning_rate    | 0.0001   |
|    loss             | 1.16     |
|    n_updates        | 4227     |
----------------------------------
----------------------------------
| rollout/            |          |
|    ep_len_mean      | 60       |
|    ep_rew_mean      | 41.4     |
|    exploration_rate | 0.05     |
| time/               |          |
|    episodes         | 1148     |
|    fps              | 68       |
|    time_elapsed     | 999      |
|    total_timesteps  | 68880    |
| train/              |          |
|    learning_rate    | 0.0001   |
|    loss             | 0.255    |
|    n_updates        | 4242     |
----------------------------------
----------------------------------
| rollout/            |          |
|    ep_len_mean      | 60       |
|    ep_rew_mean      | 41.5     |
|    exploration_rate | 0.05     |
| time/               |          |
|    episodes         | 1152     |
|    fps              | 68       |
|    time_elapsed     | 1003     |
|    total_timesteps  | 69120    |
| train/              |          |
|    learning_rate    | 0.0001   |
|    loss             | 1.1      |
|    n_updates        | 4257     |
----------------------------------
----------------------------------
| rollout/            |          |
|    ep_len_mean      | 60       |
|    ep_rew_mean      | 41.4     |
|    exploration_rate | 0.05     |
| time/               |          |
|    episodes         | 1156     |
|    fps              | 68       |
|    time_elapsed     | 1008     |
|    total_timesteps  | 69360    |
| train/              |          |
|    learning_rate    | 0.0001   |
|    loss             | 0.219    |
|    n_updates        | 4272     |
----------------------------------
----------------------------------
| rollout/            |          |
|    ep_len_mean      | 60       |
|    ep_rew_mean      | 41.6     |
|    exploration_rate | 0.05     |
| time/               |          |
|    episodes         | 1160     |
|    fps              | 68       |
|    time_elapsed     | 1012     |
|    total_timesteps  | 69600    |
| train/              |          |
|    learning_rate    | 0.0001   |
|    loss             | 0.415    |
|    n_updates        | 4287     |
----------------------------------
----------------------------------
| rollout/            |          |
|    ep_len_mean      | 60       |
|    ep_rew_mean      | 41.6     |
|    exploration_rate | 0.05     |
| time/               |          |
|    episodes         | 1164     |
|    fps              | 68       |
|    time_elapsed     | 1016     |
|    total_timesteps  | 69840    |
| train/              |          |
|    learning_rate    | 0.0001   |
|    loss             | 0.423    |
|    n_updates        | 4302     |
----------------------------------
----------------------------------
| rollout/            |          |
|    ep_len_mean      | 60       |
|    ep_rew_mean      | 41.7     |
|    exploration_rate | 0.05     |
| time/               |          |
|    episodes         | 1168     |
|    fps              | 68       |
|    time_elapsed     | 1020     |
|    total_timesteps  | 70080    |
| train/              |          |
|    learning_rate    | 0.0001   |
|    loss             | 2.22     |
|    n_updates        | 4317     |
----------------------------------
----------------------------------
| rollout/            |          |
|    ep_len_mean      | 60       |
|    ep_rew_mean      | 41.8     |
|    exploration_rate | 0.05     |
| time/               |          |
|    episodes         | 1172     |
|    fps              | 68       |
|    time_elapsed     | 1024     |
|    total_timesteps  | 70320    |
| train/              |          |
|    learning_rate    | 0.0001   |
|    loss             | 0.305    |
|    n_updates        | 4332     |
----------------------------------
----------------------------------
| rollout/            |          |
|    ep_len_mean      | 60       |
|    ep_rew_mean      | 41.8     |
|    exploration_rate | 0.05     |
| time/               |          |
|    episodes         | 1176     |
|    fps              | 68       |
|    time_elapsed     | 1027     |
|    total_timesteps  | 70560    |
| train/              |          |
|    learning_rate    | 0.0001   |
|    loss             | 0.143    |
|    n_updates        | 4347     |
----------------------------------
----------------------------------
| rollout/            |          |
|    ep_len_mean      | 60       |
|    ep_rew_mean      | 42       |
|    exploration_rate | 0.05     |
| time/               |          |
|    episodes         | 1180     |
|    fps              | 68       |
|    time_elapsed     | 1030     |
|    total_timesteps  | 70800    |
| train/              |          |
|    learning_rate    | 0.0001   |
|    loss             | 1.26     |
|    n_updates        | 4362     |
----------------------------------
----------------------------------
| rollout/            |          |
|    ep_len_mean      | 60       |
|    ep_rew_mean      | 42       |
|    exploration_rate | 0.05     |
| time/               |          |
|    episodes         | 1184     |
|    fps              | 68       |
|    time_elapsed     | 1032     |
|    total_timesteps  | 71040    |
| train/              |          |
|    learning_rate    | 0.0001   |
|    loss             | 0.282    |
|    n_updates        | 4377     |
----------------------------------
----------------------------------
| rollout/            |          |
|    ep_len_mean      | 60       |
|    ep_rew_mean      | 42       |
|    exploration_rate | 0.05     |
| time/               |          |
|    episodes         | 1188     |
|    fps              | 68       |
|    time_elapsed     | 1036     |
|    total_timesteps  | 71280    |
| train/              |          |
|    learning_rate    | 0.0001   |
|    loss             | 0.366    |
|    n_updates        | 4392     |
----------------------------------
----------------------------------
| rollout/            |          |
|    ep_len_mean      | 60       |
|    ep_rew_mean      | 42.1     |
|    exploration_rate | 0.05     |
| time/               |          |
|    episodes         | 1192     |
|    fps              | 68       |
|    time_elapsed     | 1040     |
|    total_timesteps  | 71520    |
| train/              |          |
|    learning_rate    | 0.0001   |
|    loss             | 1.23     |
|    n_updates        | 4407     |
----------------------------------
----------------------------------
| rollout/            |          |
|    ep_len_mean      | 60       |
|    ep_rew_mean      | 41.9     |
|    exploration_rate | 0.05     |
| time/               |          |
|    episodes         | 1196     |
|    fps              | 68       |
|    time_elapsed     | 1044     |
|    total_timesteps  | 71760    |
| train/              |          |
|    learning_rate    | 0.0001   |
|    loss             | 0.454    |
|    n_updates        | 4422     |
----------------------------------
----------------------------------
| rollout/            |          |
|    ep_len_mean      | 60       |
|    ep_rew_mean      | 42       |
|    exploration_rate | 0.05     |
| time/               |          |
|    episodes         | 1200     |
|    fps              | 68       |
|    time_elapsed     | 1047     |
|    total_timesteps  | 72000    |
| train/              |          |
|    learning_rate    | 0.0001   |
|    loss             | 1.3      |
|    n_updates        | 4437     |
----------------------------------
----------------------------------
| rollout/            |          |
|    ep_len_mean      | 60       |
|    ep_rew_mean      | 42       |
|    exploration_rate | 0.05     |
| time/               |          |
|    episodes         | 1204     |
|    fps              | 68       |
|    time_elapsed     | 1051     |
|    total_timesteps  | 72240    |
| train/              |          |
|    learning_rate    | 0.0001   |
|    loss             | 0.0884   |
|    n_updates        | 4452     |
----------------------------------
----------------------------------
| rollout/            |          |
|    ep_len_mean      | 60       |
|    ep_rew_mean      | 42.1     |
|    exploration_rate | 0.05     |
| time/               |          |
|    episodes         | 1208     |
|    fps              | 68       |
|    time_elapsed     | 1055     |
|    total_timesteps  | 72480    |
| train/              |          |
|    learning_rate    | 0.0001   |
|    loss             | 0.654    |
|    n_updates        | 4467     |
----------------------------------
----------------------------------
| rollout/            |          |
|    ep_len_mean      | 60       |
|    ep_rew_mean      | 42       |
|    exploration_rate | 0.05     |
| time/               |          |
|    episodes         | 1212     |
|    fps              | 68       |
|    time_elapsed     | 1058     |
|    total_timesteps  | 72720    |
| train/              |          |
|    learning_rate    | 0.0001   |
|    loss             | 0.235    |
|    n_updates        | 4482     |
----------------------------------
----------------------------------
| rollout/            |          |
|    ep_len_mean      | 60       |
|    ep_rew_mean      | 41.9     |
|    exploration_rate | 0.05     |
| time/               |          |
|    episodes         | 1216     |
|    fps              | 68       |
|    time_elapsed     | 1061     |
|    total_timesteps  | 72960    |
| train/              |          |
|    learning_rate    | 0.0001   |
|    loss             | 1.23     |
|    n_updates        | 4497     |
----------------------------------
----------------------------------
| rollout/            |          |
|    ep_len_mean      | 60       |
|    ep_rew_mean      | 41.9     |
|    exploration_rate | 0.05     |
| time/               |          |
|    episodes         | 1220     |
|    fps              | 68       |
|    time_elapsed     | 1064     |
|    total_timesteps  | 73200    |
| train/              |          |
|    learning_rate    | 0.0001   |
|    loss             | 1.37     |
|    n_updates        | 4512     |
----------------------------------
----------------------------------
| rollout/            |          |
|    ep_len_mean      | 60       |
|    ep_rew_mean      | 41.8     |
|    exploration_rate | 0.05     |
| time/               |          |
|    episodes         | 1224     |
|    fps              | 68       |
|    time_elapsed     | 1067     |
|    total_timesteps  | 73440    |
| train/              |          |
|    learning_rate    | 0.0001   |
|    loss             | 1.66     |
|    n_updates        | 4527     |
----------------------------------
----------------------------------
| rollout/            |          |
|    ep_len_mean      | 60       |
|    ep_rew_mean      | 41.8     |
|    exploration_rate | 0.05     |
| time/               |          |
|    episodes         | 1228     |
|    fps              | 68       |
|    time_elapsed     | 1071     |
|    total_timesteps  | 73680    |
| train/              |          |
|    learning_rate    | 0.0001   |
|    loss             | 1.39     |
|    n_updates        | 4542     |
----------------------------------
----------------------------------
| rollout/            |          |
|    ep_len_mean      | 60       |
|    ep_rew_mean      | 41.9     |
|    exploration_rate | 0.05     |
| time/               |          |
|    episodes         | 1232     |
|    fps              | 68       |
|    time_elapsed     | 1075     |
|    total_timesteps  | 73920    |
| train/              |          |
|    learning_rate    | 0.0001   |
|    loss             | 0.0998   |
|    n_updates        | 4557     |
----------------------------------
----------------------------------
| rollout/            |          |
|    ep_len_mean      | 60       |
|    ep_rew_mean      | 42       |
|    exploration_rate | 0.05     |
| time/               |          |
|    episodes         | 1236     |
|    fps              | 68       |
|    time_elapsed     | 1078     |
|    total_timesteps  | 74160    |
| train/              |          |
|    learning_rate    | 0.0001   |
|    loss             | 0.206    |
|    n_updates        | 4572     |
----------------------------------
----------------------------------
| rollout/            |          |
|    ep_len_mean      | 60       |
|    ep_rew_mean      | 41.8     |
|    exploration_rate | 0.05     |
| time/               |          |
|    episodes         | 1240     |
|    fps              | 68       |
|    time_elapsed     | 1081     |
|    total_timesteps  | 74400    |
| train/              |          |
|    learning_rate    | 0.0001   |
|    loss             | 2.57     |
|    n_updates        | 4587     |
----------------------------------
----------------------------------
| rollout/            |          |
|    ep_len_mean      | 60       |
|    ep_rew_mean      | 41.7     |
|    exploration_rate | 0.05     |
| time/               |          |
|    episodes         | 1244     |
|    fps              | 68       |
|    time_elapsed     | 1083     |
|    total_timesteps  | 74640    |
| train/              |          |
|    learning_rate    | 0.0001   |
|    loss             | 1.21     |
|    n_updates        | 4602     |
----------------------------------
----------------------------------
| rollout/            |          |
|    ep_len_mean      | 60       |
|    ep_rew_mean      | 41.8     |
|    exploration_rate | 0.05     |
| time/               |          |
|    episodes         | 1248     |
|    fps              | 68       |
|    time_elapsed     | 1086     |
|    total_timesteps  | 74880    |
| train/              |          |
|    learning_rate    | 0.0001   |
|    loss             | 1.49     |
|    n_updates        | 4617     |
----------------------------------
----------------------------------
| rollout/            |          |
|    ep_len_mean      | 60       |
|    ep_rew_mean      | 42       |
|    exploration_rate | 0.05     |
| time/               |          |
|    episodes         | 1252     |
|    fps              | 68       |
|    time_elapsed     | 1089     |
|    total_timesteps  | 75120    |
| train/              |          |
|    learning_rate    | 0.0001   |
|    loss             | 0.457    |
|    n_updates        | 4632     |
----------------------------------
----------------------------------
| rollout/            |          |
|    ep_len_mean      | 60       |
|    ep_rew_mean      | 42       |
|    exploration_rate | 0.05     |
| time/               |          |
|    episodes         | 1256     |
|    fps              | 68       |
|    time_elapsed     | 1092     |
|    total_timesteps  | 75360    |
| train/              |          |
|    learning_rate    | 0.0001   |
|    loss             | 0.272    |
|    n_updates        | 4647     |
----------------------------------
----------------------------------
| rollout/            |          |
|    ep_len_mean      | 60       |
|    ep_rew_mean      | 42       |
|    exploration_rate | 0.05     |
| time/               |          |
|    episodes         | 1260     |
|    fps              | 68       |
|    time_elapsed     | 1096     |
|    total_timesteps  | 75600    |
| train/              |          |
|    learning_rate    | 0.0001   |
|    loss             | 1.33     |
|    n_updates        | 4662     |
----------------------------------
----------------------------------
| rollout/            |          |
|    ep_len_mean      | 60       |
|    ep_rew_mean      | 42       |
|    exploration_rate | 0.05     |
| time/               |          |
|    episodes         | 1264     |
|    fps              | 68       |
|    time_elapsed     | 1100     |
|    total_timesteps  | 75840    |
| train/              |          |
|    learning_rate    | 0.0001   |
|    loss             | 1.16     |
|    n_updates        | 4677     |
----------------------------------
----------------------------------
| rollout/            |          |
|    ep_len_mean      | 60       |
|    ep_rew_mean      | 41.8     |
|    exploration_rate | 0.05     |
| time/               |          |
|    episodes         | 1268     |
|    fps              | 68       |
|    time_elapsed     | 1103     |
|    total_timesteps  | 76080    |
| train/              |          |
|    learning_rate    | 0.0001   |
|    loss             | 1.2      |
|    n_updates        | 4692     |
----------------------------------
----------------------------------
| rollout/            |          |
|    ep_len_mean      | 60       |
|    ep_rew_mean      | 41.6     |
|    exploration_rate | 0.05     |
| time/               |          |
|    episodes         | 1272     |
|    fps              | 68       |
|    time_elapsed     | 1106     |
|    total_timesteps  | 76320    |
| train/              |          |
|    learning_rate    | 0.0001   |
|    loss             | 0.0661   |
|    n_updates        | 4707     |
----------------------------------
----------------------------------
| rollout/            |          |
|    ep_len_mean      | 60       |
|    ep_rew_mean      | 41.6     |
|    exploration_rate | 0.05     |
| time/               |          |
|    episodes         | 1276     |
|    fps              | 69       |
|    time_elapsed     | 1108     |
|    total_timesteps  | 76560    |
| train/              |          |
|    learning_rate    | 0.0001   |
|    loss             | 0.0944   |
|    n_updates        | 4722     |
----------------------------------
----------------------------------
| rollout/            |          |
|    ep_len_mean      | 60       |
|    ep_rew_mean      | 41.5     |
|    exploration_rate | 0.05     |
| time/               |          |
|    episodes         | 1280     |
|    fps              | 69       |
|    time_elapsed     | 1111     |
|    total_timesteps  | 76800    |
| train/              |          |
|    learning_rate    | 0.0001   |
|    loss             | 2.47     |
|    n_updates        | 4737     |
----------------------------------
----------------------------------
| rollout/            |          |
|    ep_len_mean      | 60       |
|    ep_rew_mean      | 41.4     |
|    exploration_rate | 0.05     |
| time/               |          |
|    episodes         | 1284     |
|    fps              | 69       |
|    time_elapsed     | 1114     |
|    total_timesteps  | 77040    |
| train/              |          |
|    learning_rate    | 0.0001   |
|    loss             | 2.31     |
|    n_updates        | 4752     |
----------------------------------
----------------------------------
| rollout/            |          |
|    ep_len_mean      | 60       |
|    ep_rew_mean      | 41.2     |
|    exploration_rate | 0.05     |
| time/               |          |
|    episodes         | 1288     |
|    fps              | 69       |
|    time_elapsed     | 1117     |
|    total_timesteps  | 77280    |
| train/              |          |
|    learning_rate    | 0.0001   |
|    loss             | 1.51     |
|    n_updates        | 4767     |
----------------------------------
----------------------------------
| rollout/            |          |
|    ep_len_mean      | 60       |
|    ep_rew_mean      | 41.1     |
|    exploration_rate | 0.05     |
| time/               |          |
|    episodes         | 1292     |
|    fps              | 69       |
|    time_elapsed     | 1121     |
|    total_timesteps  | 77520    |
| train/              |          |
|    learning_rate    | 0.0001   |
|    loss             | 2.38     |
|    n_updates        | 4782     |
----------------------------------
----------------------------------
| rollout/            |          |
|    ep_len_mean      | 60       |
|    ep_rew_mean      | 41.2     |
|    exploration_rate | 0.05     |
| time/               |          |
|    episodes         | 1296     |
|    fps              | 69       |
|    time_elapsed     | 1124     |
|    total_timesteps  | 77760    |
| train/              |          |
|    learning_rate    | 0.0001   |
|    loss             | 0.278    |
|    n_updates        | 4797     |
----------------------------------
----------------------------------
| rollout/            |          |
|    ep_len_mean      | 60       |
|    ep_rew_mean      | 41.3     |
|    exploration_rate | 0.05     |
| time/               |          |
|    episodes         | 1300     |
|    fps              | 69       |
|    time_elapsed     | 1129     |
|    total_timesteps  | 78000    |
| train/              |          |
|    learning_rate    | 0.0001   |
|    loss             | 0.337    |
|    n_updates        | 4812     |
----------------------------------
----------------------------------
| rollout/            |          |
|    ep_len_mean      | 60       |
|    ep_rew_mean      | 41.1     |
|    exploration_rate | 0.05     |
| time/               |          |
|    episodes         | 1304     |
|    fps              | 69       |
|    time_elapsed     | 1133     |
|    total_timesteps  | 78240    |
| train/              |          |
|    learning_rate    | 0.0001   |
|    loss             | 0.294    |
|    n_updates        | 4827     |
----------------------------------
----------------------------------
| rollout/            |          |
|    ep_len_mean      | 60       |
|    ep_rew_mean      | 41.2     |
|    exploration_rate | 0.05     |
| time/               |          |
|    episodes         | 1308     |
|    fps              | 69       |
|    time_elapsed     | 1137     |
|    total_timesteps  | 78480    |
| train/              |          |
|    learning_rate    | 0.0001   |
|    loss             | 1.42     |
|    n_updates        | 4842     |
----------------------------------
----------------------------------
| rollout/            |          |
|    ep_len_mean      | 60       |
|    ep_rew_mean      | 41.2     |
|    exploration_rate | 0.05     |
| time/               |          |
|    episodes         | 1312     |
|    fps              | 69       |
|    time_elapsed     | 1140     |
|    total_timesteps  | 78720    |
| train/              |          |
|    learning_rate    | 0.0001   |
|    loss             | 3.46     |
|    n_updates        | 4857     |
----------------------------------
----------------------------------
| rollout/            |          |
|    ep_len_mean      | 60       |
|    ep_rew_mean      | 41.3     |
|    exploration_rate | 0.05     |
| time/               |          |
|    episodes         | 1316     |
|    fps              | 69       |
|    time_elapsed     | 1143     |
|    total_timesteps  | 78960    |
| train/              |          |
|    learning_rate    | 0.0001   |
|    loss             | 0.181    |
|    n_updates        | 4872     |
----------------------------------
----------------------------------
| rollout/            |          |
|    ep_len_mean      | 60       |
|    ep_rew_mean      | 41.2     |
|    exploration_rate | 0.05     |
| time/               |          |
|    episodes         | 1320     |
|    fps              | 69       |
|    time_elapsed     | 1147     |
|    total_timesteps  | 79200    |
| train/              |          |
|    learning_rate    | 0.0001   |
|    loss             | 0.279    |
|    n_updates        | 4887     |
----------------------------------
----------------------------------
| rollout/            |          |
|    ep_len_mean      | 60       |
|    ep_rew_mean      | 41.3     |
|    exploration_rate | 0.05     |
| time/               |          |
|    episodes         | 1324     |
|    fps              | 69       |
|    time_elapsed     | 1150     |
|    total_timesteps  | 79440    |
| train/              |          |
|    learning_rate    | 0.0001   |
|    loss             | 0.168    |
|    n_updates        | 4902     |
----------------------------------
----------------------------------
| rollout/            |          |
|    ep_len_mean      | 60       |
|    ep_rew_mean      | 41.4     |
|    exploration_rate | 0.05     |
| time/               |          |
|    episodes         | 1328     |
|    fps              | 69       |
|    time_elapsed     | 1154     |
|    total_timesteps  | 79680    |
| train/              |          |
|    learning_rate    | 0.0001   |
|    loss             | 1.4      |
|    n_updates        | 4917     |
----------------------------------
----------------------------------
| rollout/            |          |
|    ep_len_mean      | 60       |
|    ep_rew_mean      | 41.5     |
|    exploration_rate | 0.05     |
| time/               |          |
|    episodes         | 1332     |
|    fps              | 68       |
|    time_elapsed     | 1158     |
|    total_timesteps  | 79920    |
| train/              |          |
|    learning_rate    | 0.0001   |
|    loss             | 2.38     |
|    n_updates        | 4932     |
----------------------------------
----------------------------------
| rollout/            |          |
|    ep_len_mean      | 60       |
|    ep_rew_mean      | 41.5     |
|    exploration_rate | 0.05     |
| time/               |          |
|    episodes         | 1336     |
|    fps              | 68       |
|    time_elapsed     | 1162     |
|    total_timesteps  | 80160    |
| train/              |          |
|    learning_rate    | 0.0001   |
|    loss             | 1.49     |
|    n_updates        | 4947     |
----------------------------------
----------------------------------
| rollout/            |          |
|    ep_len_mean      | 60       |
|    ep_rew_mean      | 41.7     |
|    exploration_rate | 0.05     |
| time/               |          |
|    episodes         | 1340     |
|    fps              | 68       |
|    time_elapsed     | 1166     |
|    total_timesteps  | 80400    |
| train/              |          |
|    learning_rate    | 0.0001   |
|    loss             | 0.329    |
|    n_updates        | 4962     |
----------------------------------
----------------------------------
| rollout/            |          |
|    ep_len_mean      | 60       |
|    ep_rew_mean      | 41.5     |
|    exploration_rate | 0.05     |
| time/               |          |
|    episodes         | 1344     |
|    fps              | 68       |
|    time_elapsed     | 1171     |
|    total_timesteps  | 80640    |
| train/              |          |
|    learning_rate    | 0.0001   |
|    loss             | 0.147    |
|    n_updates        | 4977     |
----------------------------------
----------------------------------
| rollout/            |          |
|    ep_len_mean      | 60       |
|    ep_rew_mean      | 41.4     |
|    exploration_rate | 0.05     |
| time/               |          |
|    episodes         | 1348     |
|    fps              | 68       |
|    time_elapsed     | 1174     |
|    total_timesteps  | 80880    |
| train/              |          |
|    learning_rate    | 0.0001   |
|    loss             | 0.0869   |
|    n_updates        | 4992     |
----------------------------------
----------------------------------
| rollout/            |          |
|    ep_len_mean      | 60       |
|    ep_rew_mean      | 41.2     |
|    exploration_rate | 0.05     |
| time/               |          |
|    episodes         | 1352     |
|    fps              | 68       |
|    time_elapsed     | 1178     |
|    total_timesteps  | 81120    |
| train/              |          |
|    learning_rate    | 0.0001   |
|    loss             | 0.0436   |
|    n_updates        | 5007     |
----------------------------------
----------------------------------
| rollout/            |          |
|    ep_len_mean      | 60       |
|    ep_rew_mean      | 41.1     |
|    exploration_rate | 0.05     |
| time/               |          |
|    episodes         | 1356     |
|    fps              | 68       |
|    time_elapsed     | 1181     |
|    total_timesteps  | 81360    |
| train/              |          |
|    learning_rate    | 0.0001   |
|    loss             | 0.196    |
|    n_updates        | 5022     |
----------------------------------
----------------------------------
| rollout/            |          |
|    ep_len_mean      | 60       |
|    ep_rew_mean      | 41.1     |
|    exploration_rate | 0.05     |
| time/               |          |
|    episodes         | 1360     |
|    fps              | 68       |
|    time_elapsed     | 1185     |
|    total_timesteps  | 81600    |
| train/              |          |
|    learning_rate    | 0.0001   |
|    loss             | 0.535    |
|    n_updates        | 5037     |
----------------------------------
----------------------------------
| rollout/            |          |
|    ep_len_mean      | 60       |
|    ep_rew_mean      | 41       |
|    exploration_rate | 0.05     |
| time/               |          |
|    episodes         | 1364     |
|    fps              | 68       |
|    time_elapsed     | 1189     |
|    total_timesteps  | 81840    |
| train/              |          |
|    learning_rate    | 0.0001   |
|    loss             | 0.148    |
|    n_updates        | 5052     |
----------------------------------
----------------------------------
| rollout/            |          |
|    ep_len_mean      | 60       |
|    ep_rew_mean      | 41.1     |
|    exploration_rate | 0.05     |
| time/               |          |
|    episodes         | 1368     |
|    fps              | 68       |
|    time_elapsed     | 1193     |
|    total_timesteps  | 82080    |
| train/              |          |
|    learning_rate    | 0.0001   |
|    loss             | 0.155    |
|    n_updates        | 5067     |
----------------------------------
----------------------------------
| rollout/            |          |
|    ep_len_mean      | 60       |
|    ep_rew_mean      | 41.2     |
|    exploration_rate | 0.05     |
| time/               |          |
|    episodes         | 1372     |
|    fps              | 68       |
|    time_elapsed     | 1196     |
|    total_timesteps  | 82320    |
| train/              |          |
|    learning_rate    | 0.0001   |
|    loss             | 1.31     |
|    n_updates        | 5082     |
----------------------------------
----------------------------------
| rollout/            |          |
|    ep_len_mean      | 60       |
|    ep_rew_mean      | 41.1     |
|    exploration_rate | 0.05     |
| time/               |          |
|    episodes         | 1376     |
|    fps              | 68       |
|    time_elapsed     | 1199     |
|    total_timesteps  | 82560    |
| train/              |          |
|    learning_rate    | 0.0001   |
|    loss             | 0.342    |
|    n_updates        | 5097     |
----------------------------------
----------------------------------
| rollout/            |          |
|    ep_len_mean      | 60       |
|    ep_rew_mean      | 41.3     |
|    exploration_rate | 0.05     |
| time/               |          |
|    episodes         | 1380     |
|    fps              | 68       |
|    time_elapsed     | 1203     |
|    total_timesteps  | 82800    |
| train/              |          |
|    learning_rate    | 0.0001   |
|    loss             | 0.164    |
|    n_updates        | 5112     |
----------------------------------
----------------------------------
| rollout/            |          |
|    ep_len_mean      | 60       |
|    ep_rew_mean      | 41.3     |
|    exploration_rate | 0.05     |
| time/               |          |
|    episodes         | 1384     |
|    fps              | 68       |
|    time_elapsed     | 1207     |
|    total_timesteps  | 83040    |
| train/              |          |
|    learning_rate    | 0.0001   |
|    loss             | 1.35     |
|    n_updates        | 5127     |
----------------------------------
----------------------------------
| rollout/            |          |
|    ep_len_mean      | 60       |
|    ep_rew_mean      | 41.5     |
|    exploration_rate | 0.05     |
| time/               |          |
|    episodes         | 1388     |
|    fps              | 68       |
|    time_elapsed     | 1210     |
|    total_timesteps  | 83280    |
| train/              |          |
|    learning_rate    | 0.0001   |
|    loss             | 0.248    |
|    n_updates        | 5142     |
----------------------------------
----------------------------------
| rollout/            |          |
|    ep_len_mean      | 60       |
|    ep_rew_mean      | 41.5     |
|    exploration_rate | 0.05     |
| time/               |          |
|    episodes         | 1392     |
|    fps              | 68       |
|    time_elapsed     | 1214     |
|    total_timesteps  | 83520    |
| train/              |          |
|    learning_rate    | 0.0001   |
|    loss             | 0.248    |
|    n_updates        | 5157     |
----------------------------------
----------------------------------
| rollout/            |          |
|    ep_len_mean      | 60       |
|    ep_rew_mean      | 41.5     |
|    exploration_rate | 0.05     |
| time/               |          |
|    episodes         | 1396     |
|    fps              | 68       |
|    time_elapsed     | 1217     |
|    total_timesteps  | 83760    |
| train/              |          |
|    learning_rate    | 0.0001   |
|    loss             | 0.14     |
|    n_updates        | 5172     |
----------------------------------
----------------------------------
| rollout/            |          |
|    ep_len_mean      | 60       |
|    ep_rew_mean      | 41.5     |
|    exploration_rate | 0.05     |
| time/               |          |
|    episodes         | 1400     |
|    fps              | 68       |
|    time_elapsed     | 1221     |
|    total_timesteps  | 84000    |
| train/              |          |
|    learning_rate    | 0.0001   |
|    loss             | 0.452    |
|    n_updates        | 5187     |
----------------------------------
----------------------------------
| rollout/            |          |
|    ep_len_mean      | 60       |
|    ep_rew_mean      | 41.7     |
|    exploration_rate | 0.05     |
| time/               |          |
|    episodes         | 1404     |
|    fps              | 68       |
|    time_elapsed     | 1224     |
|    total_timesteps  | 84240    |
| train/              |          |
|    learning_rate    | 0.0001   |
|    loss             | 1.33     |
|    n_updates        | 5202     |
----------------------------------
----------------------------------
| rollout/            |          |
|    ep_len_mean      | 60       |
|    ep_rew_mean      | 41.7     |
|    exploration_rate | 0.05     |
| time/               |          |
|    episodes         | 1408     |
|    fps              | 68       |
|    time_elapsed     | 1227     |
|    total_timesteps  | 84480    |
| train/              |          |
|    learning_rate    | 0.0001   |
|    loss             | 1.53     |
|    n_updates        | 5217     |
----------------------------------
----------------------------------
| rollout/            |          |
|    ep_len_mean      | 60       |
|    ep_rew_mean      | 41.7     |
|    exploration_rate | 0.05     |
| time/               |          |
|    episodes         | 1412     |
|    fps              | 68       |
|    time_elapsed     | 1231     |
|    total_timesteps  | 84720    |
| train/              |          |
|    learning_rate    | 0.0001   |
|    loss             | 0.0965   |
|    n_updates        | 5232     |
----------------------------------
----------------------------------
| rollout/            |          |
|    ep_len_mean      | 60       |
|    ep_rew_mean      | 41.7     |
|    exploration_rate | 0.05     |
| time/               |          |
|    episodes         | 1416     |
|    fps              | 68       |
|    time_elapsed     | 1235     |
|    total_timesteps  | 84960    |
| train/              |          |
|    learning_rate    | 0.0001   |
|    loss             | 0.187    |
|    n_updates        | 5247     |
----------------------------------
----------------------------------
| rollout/            |          |
|    ep_len_mean      | 60       |
|    ep_rew_mean      | 41.7     |
|    exploration_rate | 0.05     |
| time/               |          |
|    episodes         | 1420     |
|    fps              | 68       |
|    time_elapsed     | 1239     |
|    total_timesteps  | 85200    |
| train/              |          |
|    learning_rate    | 0.0001   |
|    loss             | 0.15     |
|    n_updates        | 5262     |
----------------------------------
----------------------------------
| rollout/            |          |
|    ep_len_mean      | 60       |
|    ep_rew_mean      | 41.6     |
|    exploration_rate | 0.05     |
| time/               |          |
|    episodes         | 1424     |
|    fps              | 68       |
|    time_elapsed     | 1242     |
|    total_timesteps  | 85440    |
| train/              |          |
|    learning_rate    | 0.0001   |
|    loss             | 0.16     |
|    n_updates        | 5277     |
----------------------------------
----------------------------------
| rollout/            |          |
|    ep_len_mean      | 60       |
|    ep_rew_mean      | 41.4     |
|    exploration_rate | 0.05     |
| time/               |          |
|    episodes         | 1428     |
|    fps              | 68       |
|    time_elapsed     | 1246     |
|    total_timesteps  | 85680    |
| train/              |          |
|    learning_rate    | 0.0001   |
|    loss             | 1.27     |
|    n_updates        | 5292     |
----------------------------------
----------------------------------
| rollout/            |          |
|    ep_len_mean      | 60       |
|    ep_rew_mean      | 41.2     |
|    exploration_rate | 0.05     |
| time/               |          |
|    episodes         | 1432     |
|    fps              | 68       |
|    time_elapsed     | 1250     |
|    total_timesteps  | 85920    |
| train/              |          |
|    learning_rate    | 0.0001   |
|    loss             | 0.145    |
|    n_updates        | 5307     |
----------------------------------
----------------------------------
| rollout/            |          |
|    ep_len_mean      | 60       |
|    ep_rew_mean      | 41.2     |
|    exploration_rate | 0.05     |
| time/               |          |
|    episodes         | 1436     |
|    fps              | 68       |
|    time_elapsed     | 1253     |
|    total_timesteps  | 86160    |
| train/              |          |
|    learning_rate    | 0.0001   |
|    loss             | 0.0561   |
|    n_updates        | 5322     |
----------------------------------
----------------------------------
| rollout/            |          |
|    ep_len_mean      | 60       |
|    ep_rew_mean      | 41.2     |
|    exploration_rate | 0.05     |
| time/               |          |
|    episodes         | 1440     |
|    fps              | 68       |
|    time_elapsed     | 1257     |
|    total_timesteps  | 86400    |
| train/              |          |
|    learning_rate    | 0.0001   |
|    loss             | 1.41     |
|    n_updates        | 5337     |
----------------------------------
----------------------------------
| rollout/            |          |
|    ep_len_mean      | 60       |
|    ep_rew_mean      | 41.3     |
|    exploration_rate | 0.05     |
| time/               |          |
|    episodes         | 1444     |
|    fps              | 68       |
|    time_elapsed     | 1261     |
|    total_timesteps  | 86640    |
| train/              |          |
|    learning_rate    | 0.0001   |
|    loss             | 0.337    |
|    n_updates        | 5352     |
----------------------------------
----------------------------------
| rollout/            |          |
|    ep_len_mean      | 60       |
|    ep_rew_mean      | 41.2     |
|    exploration_rate | 0.05     |
| time/               |          |
|    episodes         | 1448     |
|    fps              | 68       |
|    time_elapsed     | 1265     |
|    total_timesteps  | 86880    |
| train/              |          |
|    learning_rate    | 0.0001   |
|    loss             | 0.101    |
|    n_updates        | 5367     |
----------------------------------
----------------------------------
| rollout/            |          |
|    ep_len_mean      | 60       |
|    ep_rew_mean      | 41.3     |
|    exploration_rate | 0.05     |
| time/               |          |
|    episodes         | 1452     |
|    fps              | 68       |
|    time_elapsed     | 1269     |
|    total_timesteps  | 87120    |
| train/              |          |
|    learning_rate    | 0.0001   |
|    loss             | 0.0817   |
|    n_updates        | 5382     |
----------------------------------
----------------------------------
| rollout/            |          |
|    ep_len_mean      | 60       |
|    ep_rew_mean      | 41.3     |
|    exploration_rate | 0.05     |
| time/               |          |
|    episodes         | 1456     |
|    fps              | 68       |
|    time_elapsed     | 1273     |
|    total_timesteps  | 87360    |
| train/              |          |
|    learning_rate    | 0.0001   |
|    loss             | 0.23     |
|    n_updates        | 5397     |
----------------------------------
----------------------------------
| rollout/            |          |
|    ep_len_mean      | 60       |
|    ep_rew_mean      | 41.4     |
|    exploration_rate | 0.05     |
| time/               |          |
|    episodes         | 1460     |
|    fps              | 68       |
|    time_elapsed     | 1276     |
|    total_timesteps  | 87600    |
| train/              |          |
|    learning_rate    | 0.0001   |
|    loss             | 0.159    |
|    n_updates        | 5412     |
----------------------------------
----------------------------------
| rollout/            |          |
|    ep_len_mean      | 60       |
|    ep_rew_mean      | 41.5     |
|    exploration_rate | 0.05     |
| time/               |          |
|    episodes         | 1464     |
|    fps              | 68       |
|    time_elapsed     | 1279     |
|    total_timesteps  | 87840    |
| train/              |          |
|    learning_rate    | 0.0001   |
|    loss             | 0.068    |
|    n_updates        | 5427     |
----------------------------------
----------------------------------
| rollout/            |          |
|    ep_len_mean      | 60       |
|    ep_rew_mean      | 41.5     |
|    exploration_rate | 0.05     |
| time/               |          |
|    episodes         | 1468     |
|    fps              | 68       |
|    time_elapsed     | 1282     |
|    total_timesteps  | 88080    |
| train/              |          |
|    learning_rate    | 0.0001   |
|    loss             | 1.66     |
|    n_updates        | 5442     |
----------------------------------
----------------------------------
| rollout/            |          |
|    ep_len_mean      | 60       |
|    ep_rew_mean      | 41.4     |
|    exploration_rate | 0.05     |
| time/               |          |
|    episodes         | 1472     |
|    fps              | 68       |
|    time_elapsed     | 1286     |
|    total_timesteps  | 88320    |
| train/              |          |
|    learning_rate    | 0.0001   |
|    loss             | 1.44     |
|    n_updates        | 5457     |
----------------------------------
----------------------------------
| rollout/            |          |
|    ep_len_mean      | 60       |
|    ep_rew_mean      | 41.5     |
|    exploration_rate | 0.05     |
| time/               |          |
|    episodes         | 1476     |
|    fps              | 68       |
|    time_elapsed     | 1290     |
|    total_timesteps  | 88560    |
| train/              |          |
|    learning_rate    | 0.0001   |
|    loss             | 0.163    |
|    n_updates        | 5472     |
----------------------------------
----------------------------------
| rollout/            |          |
|    ep_len_mean      | 60       |
|    ep_rew_mean      | 41.5     |
|    exploration_rate | 0.05     |
| time/               |          |
|    episodes         | 1480     |
|    fps              | 68       |
|    time_elapsed     | 1293     |
|    total_timesteps  | 88800    |
| train/              |          |
|    learning_rate    | 0.0001   |
|    loss             | 1.64     |
|    n_updates        | 5487     |
----------------------------------
----------------------------------
| rollout/            |          |
|    ep_len_mean      | 60       |
|    ep_rew_mean      | 41.5     |
|    exploration_rate | 0.05     |
| time/               |          |
|    episodes         | 1484     |
|    fps              | 68       |
|    time_elapsed     | 1296     |
|    total_timesteps  | 89040    |
| train/              |          |
|    learning_rate    | 0.0001   |
|    loss             | 0.431    |
|    n_updates        | 5502     |
----------------------------------
----------------------------------
| rollout/            |          |
|    ep_len_mean      | 60       |
|    ep_rew_mean      | 41.2     |
|    exploration_rate | 0.05     |
| time/               |          |
|    episodes         | 1488     |
|    fps              | 68       |
|    time_elapsed     | 1298     |
|    total_timesteps  | 89280    |
| train/              |          |
|    learning_rate    | 0.0001   |
|    loss             | 0.213    |
|    n_updates        | 5517     |
----------------------------------
----------------------------------
| rollout/            |          |
|    ep_len_mean      | 60       |
|    ep_rew_mean      | 41.3     |
|    exploration_rate | 0.05     |
| time/               |          |
|    episodes         | 1492     |
|    fps              | 68       |
|    time_elapsed     | 1301     |
|    total_timesteps  | 89520    |
| train/              |          |
|    learning_rate    | 0.0001   |
|    loss             | 1.32     |
|    n_updates        | 5532     |
----------------------------------
----------------------------------
| rollout/            |          |
|    ep_len_mean      | 60       |
|    ep_rew_mean      | 41.4     |
|    exploration_rate | 0.05     |
| time/               |          |
|    episodes         | 1496     |
|    fps              | 68       |
|    time_elapsed     | 1304     |
|    total_timesteps  | 89760    |
| train/              |          |
|    learning_rate    | 0.0001   |
|    loss             | 1.33     |
|    n_updates        | 5547     |
----------------------------------
----------------------------------
| rollout/            |          |
|    ep_len_mean      | 60       |
|    ep_rew_mean      | 41.3     |
|    exploration_rate | 0.05     |
| time/               |          |
|    episodes         | 1500     |
|    fps              | 68       |
|    time_elapsed     | 1308     |
|    total_timesteps  | 90000    |
| train/              |          |
|    learning_rate    | 0.0001   |
|    loss             | 1.38     |
|    n_updates        | 5562     |
----------------------------------
----------------------------------
| rollout/            |          |
|    ep_len_mean      | 60       |
|    ep_rew_mean      | 41.2     |
|    exploration_rate | 0.05     |
| time/               |          |
|    episodes         | 1504     |
|    fps              | 68       |
|    time_elapsed     | 1312     |
|    total_timesteps  | 90240    |
| train/              |          |
|    learning_rate    | 0.0001   |
|    loss             | 0.0952   |
|    n_updates        | 5577     |
----------------------------------
----------------------------------
| rollout/            |          |
|    ep_len_mean      | 60       |
|    ep_rew_mean      | 41.3     |
|    exploration_rate | 0.05     |
| time/               |          |
|    episodes         | 1508     |
|    fps              | 68       |
|    time_elapsed     | 1315     |
|    total_timesteps  | 90480    |
| train/              |          |
|    learning_rate    | 0.0001   |
|    loss             | 1.28     |
|    n_updates        | 5592     |
----------------------------------
----------------------------------
| rollout/            |          |
|    ep_len_mean      | 60       |
|    ep_rew_mean      | 41.4     |
|    exploration_rate | 0.05     |
| time/               |          |
|    episodes         | 1512     |
|    fps              | 68       |
|    time_elapsed     | 1319     |
|    total_timesteps  | 90720    |
| train/              |          |
|    learning_rate    | 0.0001   |
|    loss             | 1.36     |
|    n_updates        | 5607     |
----------------------------------
----------------------------------
| rollout/            |          |
|    ep_len_mean      | 60       |
|    ep_rew_mean      | 41.3     |
|    exploration_rate | 0.05     |
| time/               |          |
|    episodes         | 1516     |
|    fps              | 68       |
|    time_elapsed     | 1322     |
|    total_timesteps  | 90960    |
| train/              |          |
|    learning_rate    | 0.0001   |
|    loss             | 0.0937   |
|    n_updates        | 5622     |
----------------------------------
----------------------------------
| rollout/            |          |
|    ep_len_mean      | 60       |
|    ep_rew_mean      | 41.4     |
|    exploration_rate | 0.05     |
| time/               |          |
|    episodes         | 1520     |
|    fps              | 68       |
|    time_elapsed     | 1326     |
|    total_timesteps  | 91200    |
| train/              |          |
|    learning_rate    | 0.0001   |
|    loss             | 1.5      |
|    n_updates        | 5637     |
----------------------------------
----------------------------------
| rollout/            |          |
|    ep_len_mean      | 60       |
|    ep_rew_mean      | 41.5     |
|    exploration_rate | 0.05     |
| time/               |          |
|    episodes         | 1524     |
|    fps              | 68       |
|    time_elapsed     | 1329     |
|    total_timesteps  | 91440    |
| train/              |          |
|    learning_rate    | 0.0001   |
|    loss             | 1.37     |
|    n_updates        | 5652     |
----------------------------------
----------------------------------
| rollout/            |          |
|    ep_len_mean      | 60       |
|    ep_rew_mean      | 41.4     |
|    exploration_rate | 0.05     |
| time/               |          |
|    episodes         | 1528     |
|    fps              | 68       |
|    time_elapsed     | 1333     |
|    total_timesteps  | 91680    |
| train/              |          |
|    learning_rate    | 0.0001   |
|    loss             | 1.45     |
|    n_updates        | 5667     |
----------------------------------
----------------------------------
| rollout/            |          |
|    ep_len_mean      | 60       |
|    ep_rew_mean      | 41.5     |
|    exploration_rate | 0.05     |
| time/               |          |
|    episodes         | 1532     |
|    fps              | 68       |
|    time_elapsed     | 1336     |
|    total_timesteps  | 91920    |
| train/              |          |
|    learning_rate    | 0.0001   |
|    loss             | 0.254    |
|    n_updates        | 5682     |
----------------------------------
----------------------------------
| rollout/            |          |
|    ep_len_mean      | 60       |
|    ep_rew_mean      | 41.4     |
|    exploration_rate | 0.05     |
| time/               |          |
|    episodes         | 1536     |
|    fps              | 68       |
|    time_elapsed     | 1338     |
|    total_timesteps  | 92160    |
| train/              |          |
|    learning_rate    | 0.0001   |
|    loss             | 1.46     |
|    n_updates        | 5697     |
----------------------------------
----------------------------------
| rollout/            |          |
|    ep_len_mean      | 60       |
|    ep_rew_mean      | 41.3     |
|    exploration_rate | 0.05     |
| time/               |          |
|    episodes         | 1540     |
|    fps              | 68       |
|    time_elapsed     | 1341     |
|    total_timesteps  | 92400    |
| train/              |          |
|    learning_rate    | 0.0001   |
|    loss             | 0.116    |
|    n_updates        | 5712     |
----------------------------------
----------------------------------
| rollout/            |          |
|    ep_len_mean      | 60       |
|    ep_rew_mean      | 41.2     |
|    exploration_rate | 0.05     |
| time/               |          |
|    episodes         | 1544     |
|    fps              | 68       |
|    time_elapsed     | 1345     |
|    total_timesteps  | 92640    |
| train/              |          |
|    learning_rate    | 0.0001   |
|    loss             | 1.8      |
|    n_updates        | 5727     |
----------------------------------
----------------------------------
| rollout/            |          |
|    ep_len_mean      | 60       |
|    ep_rew_mean      | 41.2     |
|    exploration_rate | 0.05     |
| time/               |          |
|    episodes         | 1548     |
|    fps              | 68       |
|    time_elapsed     | 1349     |
|    total_timesteps  | 92880    |
| train/              |          |
|    learning_rate    | 0.0001   |
|    loss             | 0.123    |
|    n_updates        | 5742     |
----------------------------------
----------------------------------
| rollout/            |          |
|    ep_len_mean      | 60       |
|    ep_rew_mean      | 41       |
|    exploration_rate | 0.05     |
| time/               |          |
|    episodes         | 1552     |
|    fps              | 68       |
|    time_elapsed     | 1353     |
|    total_timesteps  | 93120    |
| train/              |          |
|    learning_rate    | 0.0001   |
|    loss             | 0.266    |
|    n_updates        | 5757     |
----------------------------------
----------------------------------
| rollout/            |          |
|    ep_len_mean      | 60       |
|    ep_rew_mean      | 41.1     |
|    exploration_rate | 0.05     |
| time/               |          |
|    episodes         | 1556     |
|    fps              | 68       |
|    time_elapsed     | 1355     |
|    total_timesteps  | 93360    |
| train/              |          |
|    learning_rate    | 0.0001   |
|    loss             | 0.174    |
|    n_updates        | 5772     |
----------------------------------
----------------------------------
| rollout/            |          |
|    ep_len_mean      | 60       |
|    ep_rew_mean      | 41.1     |
|    exploration_rate | 0.05     |
| time/               |          |
|    episodes         | 1560     |
|    fps              | 68       |
|    time_elapsed     | 1358     |
|    total_timesteps  | 93600    |
| train/              |          |
|    learning_rate    | 0.0001   |
|    loss             | 0.393    |
|    n_updates        | 5787     |
----------------------------------
----------------------------------
| rollout/            |          |
|    ep_len_mean      | 60       |
|    ep_rew_mean      | 41       |
|    exploration_rate | 0.05     |
| time/               |          |
|    episodes         | 1564     |
|    fps              | 68       |
|    time_elapsed     | 1362     |
|    total_timesteps  | 93840    |
| train/              |          |
|    learning_rate    | 0.0001   |
|    loss             | 2.76     |
|    n_updates        | 5802     |
----------------------------------
----------------------------------
| rollout/            |          |
|    ep_len_mean      | 60       |
|    ep_rew_mean      | 41.2     |
|    exploration_rate | 0.05     |
| time/               |          |
|    episodes         | 1568     |
|    fps              | 68       |
|    time_elapsed     | 1365     |
|    total_timesteps  | 94080    |
| train/              |          |
|    learning_rate    | 0.0001   |
|    loss             | 0.262    |
|    n_updates        | 5817     |
----------------------------------
----------------------------------
| rollout/            |          |
|    ep_len_mean      | 60       |
|    ep_rew_mean      | 41.3     |
|    exploration_rate | 0.05     |
| time/               |          |
|    episodes         | 1572     |
|    fps              | 68       |
|    time_elapsed     | 1369     |
|    total_timesteps  | 94320    |
| train/              |          |
|    learning_rate    | 0.0001   |
|    loss             | 3.04     |
|    n_updates        | 5832     |
----------------------------------
----------------------------------
| rollout/            |          |
|    ep_len_mean      | 60       |
|    ep_rew_mean      | 41.3     |
|    exploration_rate | 0.05     |
| time/               |          |
|    episodes         | 1576     |
|    fps              | 68       |
|    time_elapsed     | 1372     |
|    total_timesteps  | 94560    |
| train/              |          |
|    learning_rate    | 0.0001   |
|    loss             | 1.49     |
|    n_updates        | 5847     |
----------------------------------
----------------------------------
| rollout/            |          |
|    ep_len_mean      | 60       |
|    ep_rew_mean      | 41.3     |
|    exploration_rate | 0.05     |
| time/               |          |
|    episodes         | 1580     |
|    fps              | 68       |
|    time_elapsed     | 1375     |
|    total_timesteps  | 94800    |
| train/              |          |
|    learning_rate    | 0.0001   |
|    loss             | 1.47     |
|    n_updates        | 5862     |
----------------------------------
----------------------------------
| rollout/            |          |
|    ep_len_mean      | 60       |
|    ep_rew_mean      | 41.2     |
|    exploration_rate | 0.05     |
| time/               |          |
|    episodes         | 1584     |
|    fps              | 68       |
|    time_elapsed     | 1379     |
|    total_timesteps  | 95040    |
| train/              |          |
|    learning_rate    | 0.0001   |
|    loss             | 1.48     |
|    n_updates        | 5877     |
----------------------------------
----------------------------------
| rollout/            |          |
|    ep_len_mean      | 60       |
|    ep_rew_mean      | 41.3     |
|    exploration_rate | 0.05     |
| time/               |          |
|    episodes         | 1588     |
|    fps              | 68       |
|    time_elapsed     | 1383     |
|    total_timesteps  | 95280    |
| train/              |          |
|    learning_rate    | 0.0001   |
|    loss             | 2.74     |
|    n_updates        | 5892     |
----------------------------------
----------------------------------
| rollout/            |          |
|    ep_len_mean      | 60       |
|    ep_rew_mean      | 41.3     |
|    exploration_rate | 0.05     |
| time/               |          |
|    episodes         | 1592     |
|    fps              | 68       |
|    time_elapsed     | 1386     |
|    total_timesteps  | 95520    |
| train/              |          |
|    learning_rate    | 0.0001   |
|    loss             | 0.17     |
|    n_updates        | 5907     |
----------------------------------
----------------------------------
| rollout/            |          |
|    ep_len_mean      | 60       |
|    ep_rew_mean      | 41.2     |
|    exploration_rate | 0.05     |
| time/               |          |
|    episodes         | 1596     |
|    fps              | 68       |
|    time_elapsed     | 1390     |
|    total_timesteps  | 95760    |
| train/              |          |
|    learning_rate    | 0.0001   |
|    loss             | 0.117    |
|    n_updates        | 5922     |
----------------------------------
----------------------------------
| rollout/            |          |
|    ep_len_mean      | 60       |
|    ep_rew_mean      | 41.4     |
|    exploration_rate | 0.05     |
| time/               |          |
|    episodes         | 1600     |
|    fps              | 68       |
|    time_elapsed     | 1392     |
|    total_timesteps  | 96000    |
| train/              |          |
|    learning_rate    | 0.0001   |
|    loss             | 2.7      |
|    n_updates        | 5937     |
----------------------------------
----------------------------------
| rollout/            |          |
|    ep_len_mean      | 60       |
|    ep_rew_mean      | 41.4     |
|    exploration_rate | 0.05     |
| time/               |          |
|    episodes         | 1604     |
|    fps              | 68       |
|    time_elapsed     | 1395     |
|    total_timesteps  | 96240    |
| train/              |          |
|    learning_rate    | 0.0001   |
|    loss             | 0.0612   |
|    n_updates        | 5952     |
----------------------------------
----------------------------------
| rollout/            |          |
|    ep_len_mean      | 60       |
|    ep_rew_mean      | 41.2     |
|    exploration_rate | 0.05     |
| time/               |          |
|    episodes         | 1608     |
|    fps              | 68       |
|    time_elapsed     | 1398     |
|    total_timesteps  | 96480    |
| train/              |          |
|    learning_rate    | 0.0001   |
|    loss             | 1.53     |
|    n_updates        | 5967     |
----------------------------------
----------------------------------
| rollout/            |          |
|    ep_len_mean      | 60       |
|    ep_rew_mean      | 41.1     |
|    exploration_rate | 0.05     |
| time/               |          |
|    episodes         | 1612     |
|    fps              | 69       |
|    time_elapsed     | 1401     |
|    total_timesteps  | 96720    |
| train/              |          |
|    learning_rate    | 0.0001   |
|    loss             | 0.0811   |
|    n_updates        | 5982     |
----------------------------------
----------------------------------
| rollout/            |          |
|    ep_len_mean      | 60       |
|    ep_rew_mean      | 41.2     |
|    exploration_rate | 0.05     |
| time/               |          |
|    episodes         | 1616     |
|    fps              | 69       |
|    time_elapsed     | 1403     |
|    total_timesteps  | 96960    |
| train/              |          |
|    learning_rate    | 0.0001   |
|    loss             | 0.0811   |
|    n_updates        | 5997     |
----------------------------------
----------------------------------
| rollout/            |          |
|    ep_len_mean      | 60       |
|    ep_rew_mean      | 41.2     |
|    exploration_rate | 0.05     |
| time/               |          |
|    episodes         | 1620     |
|    fps              | 69       |
|    time_elapsed     | 1406     |
|    total_timesteps  | 97200    |
| train/              |          |
|    learning_rate    | 0.0001   |
|    loss             | 1.36     |
|    n_updates        | 6012     |
----------------------------------
----------------------------------
| rollout/            |          |
|    ep_len_mean      | 60       |
|    ep_rew_mean      | 41.3     |
|    exploration_rate | 0.05     |
| time/               |          |
|    episodes         | 1624     |
|    fps              | 69       |
|    time_elapsed     | 1408     |
|    total_timesteps  | 97440    |
| train/              |          |
|    learning_rate    | 0.0001   |
|    loss             | 2.82     |
|    n_updates        | 6027     |
----------------------------------
----------------------------------
| rollout/            |          |
|    ep_len_mean      | 60       |
|    ep_rew_mean      | 41.3     |
|    exploration_rate | 0.05     |
| time/               |          |
|    episodes         | 1628     |
|    fps              | 69       |
|    time_elapsed     | 1411     |
|    total_timesteps  | 97680    |
| train/              |          |
|    learning_rate    | 0.0001   |
|    loss             | 0.274    |
|    n_updates        | 6042     |
----------------------------------
----------------------------------
| rollout/            |          |
|    ep_len_mean      | 60       |
|    ep_rew_mean      | 41.4     |
|    exploration_rate | 0.05     |
| time/               |          |
|    episodes         | 1632     |
|    fps              | 69       |
|    time_elapsed     | 1415     |
|    total_timesteps  | 97920    |
| train/              |          |
|    learning_rate    | 0.0001   |
|    loss             | 0.169    |
|    n_updates        | 6057     |
----------------------------------
----------------------------------
| rollout/            |          |
|    ep_len_mean      | 60       |
|    ep_rew_mean      | 41.5     |
|    exploration_rate | 0.05     |
| time/               |          |
|    episodes         | 1636     |
|    fps              | 69       |
|    time_elapsed     | 1419     |
|    total_timesteps  | 98160    |
| train/              |          |
|    learning_rate    | 0.0001   |
|    loss             | 0.124    |
|    n_updates        | 6072     |
----------------------------------
----------------------------------
| rollout/            |          |
|    ep_len_mean      | 60       |
|    ep_rew_mean      | 41.6     |
|    exploration_rate | 0.05     |
| time/               |          |
|    episodes         | 1640     |
|    fps              | 69       |
|    time_elapsed     | 1423     |
|    total_timesteps  | 98400    |
| train/              |          |
|    learning_rate    | 0.0001   |
|    loss             | 0.146    |
|    n_updates        | 6087     |
----------------------------------
----------------------------------
| rollout/            |          |
|    ep_len_mean      | 60       |
|    ep_rew_mean      | 41.7     |
|    exploration_rate | 0.05     |
| time/               |          |
|    episodes         | 1644     |
|    fps              | 69       |
|    time_elapsed     | 1426     |
|    total_timesteps  | 98640    |
| train/              |          |
|    learning_rate    | 0.0001   |
|    loss             | 1.63     |
|    n_updates        | 6102     |
----------------------------------
----------------------------------
| rollout/            |          |
|    ep_len_mean      | 60       |
|    ep_rew_mean      | 41.8     |
|    exploration_rate | 0.05     |
| time/               |          |
|    episodes         | 1648     |
|    fps              | 69       |
|    time_elapsed     | 1430     |
|    total_timesteps  | 98880    |
| train/              |          |
|    learning_rate    | 0.0001   |
|    loss             | 1.43     |
|    n_updates        | 6117     |
----------------------------------
----------------------------------
| rollout/            |          |
|    ep_len_mean      | 60       |
|    ep_rew_mean      | 41.9     |
|    exploration_rate | 0.05     |
| time/               |          |
|    episodes         | 1652     |
|    fps              | 69       |
|    time_elapsed     | 1434     |
|    total_timesteps  | 99120    |
| train/              |          |
|    learning_rate    | 0.0001   |
|    loss             | 0.191    |
|    n_updates        | 6132     |
----------------------------------
----------------------------------
| rollout/            |          |
|    ep_len_mean      | 60       |
|    ep_rew_mean      | 41.8     |
|    exploration_rate | 0.05     |
| time/               |          |
|    episodes         | 1656     |
|    fps              | 69       |
|    time_elapsed     | 1436     |
|    total_timesteps  | 99360    |
| train/              |          |
|    learning_rate    | 0.0001   |
|    loss             | 0.0415   |
|    n_updates        | 6147     |
----------------------------------
----------------------------------
| rollout/            |          |
|    ep_len_mean      | 60       |
|    ep_rew_mean      | 41.7     |
|    exploration_rate | 0.05     |
| time/               |          |
|    episodes         | 1660     |
|    fps              | 69       |
|    time_elapsed     | 1439     |
|    total_timesteps  | 99600    |
| train/              |          |
|    learning_rate    | 0.0001   |
|    loss             | 3.01     |
|    n_updates        | 6162     |
----------------------------------
----------------------------------
| rollout/            |          |
|    ep_len_mean      | 60       |
|    ep_rew_mean      | 41.6     |
|    exploration_rate | 0.05     |
| time/               |          |
|    episodes         | 1664     |
|    fps              | 69       |
|    time_elapsed     | 1441     |
|    total_timesteps  | 99840    |
| train/              |          |
|    learning_rate    | 0.0001   |
|    loss             | 1.62     |
|    n_updates        | 6177     |
----------------------------------
  saved model: D:\Projects\TN+NTN\drl\models_s\dqn_seed2.zip
  evaluating dqn seed=2 (200 episodes)...
    dqn seed=2 eval: 20/200 episodes
    dqn seed=2 eval: 40/200 episodes
    dqn seed=2 eval: 60/200 episodes
    dqn seed=2 eval: 80/200 episodes
    dqn seed=2 eval: 100/200 episodes
    dqn seed=2 eval: 120/200 episodes
    dqn seed=2 eval: 140/200 episodes
    dqn seed=2 eval: 160/200 episodes
    dqn seed=2 eval: 180/200 episodes
    dqn seed=2 eval: 200/200 episodes

summary (mean [95% CI]) by policy:
  dqn          reward=  43.62 [  43.40,   43.85]  switch_rate=0.132  outage_rate=0.000
  greedy       reward=  38.63 [  38.42,   38.84]  switch_rate=0.207  outage_rate=0.000
  hysteresis   reward=  40.00 [  39.76,   40.26]  switch_rate=0.082  outage_rate=0.000
  oracle       reward=  45.27 [  44.90,   45.66]  switch_rate=0.048  outage_rate=0.000
  ppo          reward=  44.21 [  44.00,   44.43]  switch_rate=0.055  outage_rate=0.000
  random       reward=   4.27 [   3.19,    5.31]  switch_rate=0.413  outage_rate=0.332

full results: D:\Projects\TN+NTN\drl\figures_s\phase5_full_eval_results.csv
summary: D:\Projects\TN+NTN\drl\figures_s\phase5_summary.csv
--- make_phase5_figures ---
figures written to D:\Projects\TN+NTN\drl\figures_s
--- sweep_reward_handover (Phase 6 + ablation) ---
Gym has been unmaintained since 2022 and does not support NumPy 2.0 amongst other critical functionality.
Please upgrade to Gymnasium, the maintained drop-in replacement of Gym, or contact the authors of your software and request that they upgrade.
Users of this version of Gym should be able to simply replace 'import gym' with 'import gymnasium as gym' in the vast majority of cases.
See the migration guide at https://gymnasium.farama.org/introduction/migration_guide/ for additional information.
running handover-penalty sweep (balanced reward)...
  handover_penalty=0.0 ...
Using cpu device
---------------------------------
| rollout/           |          |
|    ep_len_mean     | 60       |
|    ep_rew_mean     | 6.19     |
| time/              |          |
|    fps             | 132      |
|    iterations      | 1        |
|    time_elapsed    | 15       |
|    total_timesteps | 2048     |
---------------------------------
-----------------------------------------
| rollout/                |             |
|    ep_len_mean          | 60          |
|    ep_rew_mean          | 9.13        |
| time/                   |             |
|    fps                  | 130         |
|    iterations           | 2           |
|    time_elapsed         | 31          |
|    total_timesteps      | 4096        |
| train/                  |             |
|    approx_kl            | 0.014882173 |
|    clip_fraction        | 0.167       |
|    clip_range           | 0.2         |
|    entropy_loss         | -1.6        |
|    explained_variance   | -0.0053     |
|    learning_rate        | 0.0003      |
|    loss                 | 4.5         |
|    n_updates            | 10          |
|    policy_gradient_loss | -0.0224     |
|    value_loss           | 10.2        |
-----------------------------------------
-----------------------------------------
| rollout/                |             |
|    ep_len_mean          | 60          |
|    ep_rew_mean          | 11.8        |
| time/                   |             |
|    fps                  | 127         |
|    iterations           | 3           |
|    time_elapsed         | 48          |
|    total_timesteps      | 6144        |
| train/                  |             |
|    approx_kl            | 0.012771862 |
|    clip_fraction        | 0.0918      |
|    clip_range           | 0.2         |
|    entropy_loss         | -1.58       |
|    explained_variance   | 0.132       |
|    learning_rate        | 0.0003      |
|    loss                 | 4.75        |
|    n_updates            | 20          |
|    policy_gradient_loss | -0.0151     |
|    value_loss           | 11.1        |
-----------------------------------------
-----------------------------------------
| rollout/                |             |
|    ep_len_mean          | 60          |
|    ep_rew_mean          | 17.8        |
| time/                   |             |
|    fps                  | 125         |
|    iterations           | 4           |
|    time_elapsed         | 65          |
|    total_timesteps      | 8192        |
| train/                  |             |
|    approx_kl            | 0.011748996 |
|    clip_fraction        | 0.047       |
|    clip_range           | 0.2         |
|    entropy_loss         | -1.54       |
|    explained_variance   | 0.132       |
|    learning_rate        | 0.0003      |
|    loss                 | 6.1         |
|    n_updates            | 30          |
|    policy_gradient_loss | -0.00926    |
|    value_loss           | 14.7        |
-----------------------------------------
------------------------------------------
| rollout/                |              |
|    ep_len_mean          | 60           |
|    ep_rew_mean          | 21.7         |
| time/                   |              |
|    fps                  | 123          |
|    iterations           | 5            |
|    time_elapsed         | 82           |
|    total_timesteps      | 10240        |
| train/                  |              |
|    approx_kl            | 0.0038552517 |
|    clip_fraction        | 0.00083      |
|    clip_range           | 0.2          |
|    entropy_loss         | -1.51        |
|    explained_variance   | 0.114        |
|    learning_rate        | 0.0003       |
|    loss                 | 8.13         |
|    n_updates            | 40           |
|    policy_gradient_loss | -0.00399     |
|    value_loss           | 20.4         |
------------------------------------------
----------------------------------------
| rollout/                |            |
|    ep_len_mean          | 60         |
|    ep_rew_mean          | 25.2       |
| time/                   |            |
|    fps                  | 122        |
|    iterations           | 6          |
|    time_elapsed         | 100        |
|    total_timesteps      | 12288      |
| train/                  |            |
|    approx_kl            | 0.00836454 |
|    clip_fraction        | 0.0219     |
|    clip_range           | 0.2        |
|    entropy_loss         | -1.46      |
|    explained_variance   | 0.0655     |
|    learning_rate        | 0.0003     |
|    loss                 | 10.2       |
|    n_updates            | 50         |
|    policy_gradient_loss | -0.00606   |
|    value_loss           | 22.8       |
----------------------------------------
------------------------------------------
| rollout/                |              |
|    ep_len_mean          | 60           |
|    ep_rew_mean          | 27.1         |
| time/                   |              |
|    fps                  | 121          |
|    iterations           | 7            |
|    time_elapsed         | 118          |
|    total_timesteps      | 14336        |
| train/                  |              |
|    approx_kl            | 0.0077571347 |
|    clip_fraction        | 0.0377       |
|    clip_range           | 0.2          |
|    entropy_loss         | -1.38        |
|    explained_variance   | 0.0526       |
|    learning_rate        | 0.0003       |
|    loss                 | 13.6         |
|    n_updates            | 60           |
|    policy_gradient_loss | -0.00605     |
|    value_loss           | 28.9         |
------------------------------------------
-----------------------------------------
| rollout/                |             |
|    ep_len_mean          | 60          |
|    ep_rew_mean          | 30.4        |
| time/                   |             |
|    fps                  | 119         |
|    iterations           | 8           |
|    time_elapsed         | 136         |
|    total_timesteps      | 16384       |
| train/                  |             |
|    approx_kl            | 0.005848299 |
|    clip_fraction        | 0.00728     |
|    clip_range           | 0.2         |
|    entropy_loss         | -1.32       |
|    explained_variance   | 0.0894      |
|    learning_rate        | 0.0003      |
|    loss                 | 15.2        |
|    n_updates            | 70          |
|    policy_gradient_loss | -0.0045     |
|    value_loss           | 30.6        |
-----------------------------------------
----------------------------------------
| rollout/                |            |
|    ep_len_mean          | 60         |
|    ep_rew_mean          | 32.9       |
| time/                   |            |
|    fps                  | 118        |
|    iterations           | 9          |
|    time_elapsed         | 155        |
|    total_timesteps      | 18432      |
| train/                  |            |
|    approx_kl            | 0.01066413 |
|    clip_fraction        | 0.0176     |
|    clip_range           | 0.2        |
|    entropy_loss         | -1.27      |
|    explained_variance   | 0.0536     |
|    learning_rate        | 0.0003     |
|    loss                 | 17.9       |
|    n_updates            | 80         |
|    policy_gradient_loss | -0.00451   |
|    value_loss           | 36.6       |
----------------------------------------
------------------------------------------
| rollout/                |              |
|    ep_len_mean          | 60           |
|    ep_rew_mean          | 34.6         |
| time/                   |              |
|    fps                  | 117          |
|    iterations           | 10           |
|    time_elapsed         | 174          |
|    total_timesteps      | 20480        |
| train/                  |              |
|    approx_kl            | 0.0115760565 |
|    clip_fraction        | 0.0239       |
|    clip_range           | 0.2          |
|    entropy_loss         | -1.19        |
|    explained_variance   | 0.086        |
|    learning_rate        | 0.0003       |
|    loss                 | 17.3         |
|    n_updates            | 90           |
|    policy_gradient_loss | -0.00576     |
|    value_loss           | 37.9         |
------------------------------------------
------------------------------------------
| rollout/                |              |
|    ep_len_mean          | 60           |
|    ep_rew_mean          | 35.5         |
| time/                   |              |
|    fps                  | 116          |
|    iterations           | 11           |
|    time_elapsed         | 193          |
|    total_timesteps      | 22528        |
| train/                  |              |
|    approx_kl            | 0.0040588933 |
|    clip_fraction        | 0.0223       |
|    clip_range           | 0.2          |
|    entropy_loss         | -1.13        |
|    explained_variance   | 0.119        |
|    learning_rate        | 0.0003       |
|    loss                 | 19.9         |
|    n_updates            | 100          |
|    policy_gradient_loss | -0.00391     |
|    value_loss           | 43.3         |
------------------------------------------
-----------------------------------------
| rollout/                |             |
|    ep_len_mean          | 60          |
|    ep_rew_mean          | 36          |
| time/                   |             |
|    fps                  | 115         |
|    iterations           | 12          |
|    time_elapsed         | 212         |
|    total_timesteps      | 24576       |
| train/                  |             |
|    approx_kl            | 0.004756203 |
|    clip_fraction        | 0.0392      |
|    clip_range           | 0.2         |
|    entropy_loss         | -1.12       |
|    explained_variance   | 0.0813      |
|    learning_rate        | 0.0003      |
|    loss                 | 23.1        |
|    n_updates            | 110         |
|    policy_gradient_loss | -0.00489    |
|    value_loss           | 44.1        |
-----------------------------------------
-----------------------------------------
| rollout/                |             |
|    ep_len_mean          | 60          |
|    ep_rew_mean          | 36.5        |
| time/                   |             |
|    fps                  | 114         |
|    iterations           | 13          |
|    time_elapsed         | 231         |
|    total_timesteps      | 26624       |
| train/                  |             |
|    approx_kl            | 0.009146092 |
|    clip_fraction        | 0.0777      |
|    clip_range           | 0.2         |
|    entropy_loss         | -1.07       |
|    explained_variance   | 0.111       |
|    learning_rate        | 0.0003      |
|    loss                 | 24.6        |
|    n_updates            | 120         |
|    policy_gradient_loss | -0.00857    |
|    value_loss           | 49.6        |
-----------------------------------------
-----------------------------------------
| rollout/                |             |
|    ep_len_mean          | 60          |
|    ep_rew_mean          | 36.5        |
| time/                   |             |
|    fps                  | 114         |
|    iterations           | 14          |
|    time_elapsed         | 250         |
|    total_timesteps      | 28672       |
| train/                  |             |
|    approx_kl            | 0.006064069 |
|    clip_fraction        | 0.0288      |
|    clip_range           | 0.2         |
|    entropy_loss         | -1.08       |
|    explained_variance   | 0.14        |
|    learning_rate        | 0.0003      |
|    loss                 | 24          |
|    n_updates            | 130         |
|    policy_gradient_loss | -0.004      |
|    value_loss           | 44          |
-----------------------------------------
------------------------------------------
| rollout/                |              |
|    ep_len_mean          | 60           |
|    ep_rew_mean          | 37.1         |
| time/                   |              |
|    fps                  | 113          |
|    iterations           | 15           |
|    time_elapsed         | 270          |
|    total_timesteps      | 30720        |
| train/                  |              |
|    approx_kl            | 0.0059658624 |
|    clip_fraction        | 0.0372       |
|    clip_range           | 0.2          |
|    entropy_loss         | -1.04        |
|    explained_variance   | 0.139        |
|    learning_rate        | 0.0003       |
|    loss                 | 23.6         |
|    n_updates            | 140          |
|    policy_gradient_loss | -0.00509     |
|    value_loss           | 49.6         |
------------------------------------------
-----------------------------------------
| rollout/                |             |
|    ep_len_mean          | 60          |
|    ep_rew_mean          | 37.5        |
| time/                   |             |
|    fps                  | 113         |
|    iterations           | 16          |
|    time_elapsed         | 289         |
|    total_timesteps      | 32768       |
| train/                  |             |
|    approx_kl            | 0.004646512 |
|    clip_fraction        | 0.0353      |
|    clip_range           | 0.2         |
|    entropy_loss         | -1.03       |
|    explained_variance   | 0.0994      |
|    learning_rate        | 0.0003      |
|    loss                 | 26.5        |
|    n_updates            | 150         |
|    policy_gradient_loss | -0.00617    |
|    value_loss           | 53.9        |
-----------------------------------------
-----------------------------------------
| rollout/                |             |
|    ep_len_mean          | 60          |
|    ep_rew_mean          | 38.2        |
| time/                   |             |
|    fps                  | 112         |
|    iterations           | 17          |
|    time_elapsed         | 308         |
|    total_timesteps      | 34816       |
| train/                  |             |
|    approx_kl            | 0.006942714 |
|    clip_fraction        | 0.0498      |
|    clip_range           | 0.2         |
|    entropy_loss         | -1.01       |
|    explained_variance   | 0.104       |
|    learning_rate        | 0.0003      |
|    loss                 | 24.5        |
|    n_updates            | 160         |
|    policy_gradient_loss | -0.00616    |
|    value_loss           | 51.1        |
-----------------------------------------
------------------------------------------
| rollout/                |              |
|    ep_len_mean          | 60           |
|    ep_rew_mean          | 38.6         |
| time/                   |              |
|    fps                  | 112          |
|    iterations           | 18           |
|    time_elapsed         | 327          |
|    total_timesteps      | 36864        |
| train/                  |              |
|    approx_kl            | 0.0042919577 |
|    clip_fraction        | 0.0329       |
|    clip_range           | 0.2          |
|    entropy_loss         | -1.05        |
|    explained_variance   | 0.125        |
|    learning_rate        | 0.0003       |
|    loss                 | 24.6         |
|    n_updates            | 170          |
|    policy_gradient_loss | -0.00471     |
|    value_loss           | 54.9         |
------------------------------------------
-----------------------------------------
| rollout/                |             |
|    ep_len_mean          | 60          |
|    ep_rew_mean          | 39          |
| time/                   |             |
|    fps                  | 111         |
|    iterations           | 19          |
|    time_elapsed         | 347         |
|    total_timesteps      | 38912       |
| train/                  |             |
|    approx_kl            | 0.006613475 |
|    clip_fraction        | 0.0522      |
|    clip_range           | 0.2         |
|    entropy_loss         | -1.02       |
|    explained_variance   | 0.0614      |
|    learning_rate        | 0.0003      |
|    loss                 | 23.1        |
|    n_updates            | 180         |
|    policy_gradient_loss | -0.0059     |
|    value_loss           | 54.7        |
-----------------------------------------
------------------------------------------
| rollout/                |              |
|    ep_len_mean          | 60           |
|    ep_rew_mean          | 38.9         |
| time/                   |              |
|    fps                  | 111          |
|    iterations           | 20           |
|    time_elapsed         | 366          |
|    total_timesteps      | 40960        |
| train/                  |              |
|    approx_kl            | 0.0054296395 |
|    clip_fraction        | 0.0284       |
|    clip_range           | 0.2          |
|    entropy_loss         | -1           |
|    explained_variance   | 0.127        |
|    learning_rate        | 0.0003       |
|    loss                 | 29.1         |
|    n_updates            | 190          |
|    policy_gradient_loss | -0.00576     |
|    value_loss           | 56.1         |
------------------------------------------
-----------------------------------------
| rollout/                |             |
|    ep_len_mean          | 60          |
|    ep_rew_mean          | 39          |
| time/                   |             |
|    fps                  | 111         |
|    iterations           | 21          |
|    time_elapsed         | 385         |
|    total_timesteps      | 43008       |
| train/                  |             |
|    approx_kl            | 0.005813092 |
|    clip_fraction        | 0.0267      |
|    clip_range           | 0.2         |
|    entropy_loss         | -0.958      |
|    explained_variance   | 0.152       |
|    learning_rate        | 0.0003      |
|    loss                 | 25.2        |
|    n_updates            | 200         |
|    policy_gradient_loss | -0.00417    |
|    value_loss           | 49.6        |
-----------------------------------------
------------------------------------------
| rollout/                |              |
|    ep_len_mean          | 60           |
|    ep_rew_mean          | 39.5         |
| time/                   |              |
|    fps                  | 111          |
|    iterations           | 22           |
|    time_elapsed         | 405          |
|    total_timesteps      | 45056        |
| train/                  |              |
|    approx_kl            | 0.0052715596 |
|    clip_fraction        | 0.0408       |
|    clip_range           | 0.2          |
|    entropy_loss         | -0.938       |
|    explained_variance   | 0.132        |
|    learning_rate        | 0.0003       |
|    loss                 | 27.1         |
|    n_updates            | 210          |
|    policy_gradient_loss | -0.00479     |
|    value_loss           | 56.2         |
------------------------------------------
-----------------------------------------
| rollout/                |             |
|    ep_len_mean          | 60          |
|    ep_rew_mean          | 40.1        |
| time/                   |             |
|    fps                  | 110         |
|    iterations           | 23          |
|    time_elapsed         | 426         |
|    total_timesteps      | 47104       |
| train/                  |             |
|    approx_kl            | 0.006814078 |
|    clip_fraction        | 0.0394      |
|    clip_range           | 0.2         |
|    entropy_loss         | -0.892      |
|    explained_variance   | 0.0947      |
|    learning_rate        | 0.0003      |
|    loss                 | 26.1        |
|    n_updates            | 220         |
|    policy_gradient_loss | -0.00585    |
|    value_loss           | 55.9        |
-----------------------------------------
-----------------------------------------
| rollout/                |             |
|    ep_len_mean          | 60          |
|    ep_rew_mean          | 40.5        |
| time/                   |             |
|    fps                  | 110         |
|    iterations           | 24          |
|    time_elapsed         | 445         |
|    total_timesteps      | 49152       |
| train/                  |             |
|    approx_kl            | 0.005735955 |
|    clip_fraction        | 0.0249      |
|    clip_range           | 0.2         |
|    entropy_loss         | -0.85       |
|    explained_variance   | 0.0977      |
|    learning_rate        | 0.0003      |
|    loss                 | 35.8        |
|    n_updates            | 230         |
|    policy_gradient_loss | -0.00373    |
|    value_loss           | 60.8        |
-----------------------------------------
------------------------------------------
| rollout/                |              |
|    ep_len_mean          | 60           |
|    ep_rew_mean          | 40.9         |
| time/                   |              |
|    fps                  | 109          |
|    iterations           | 25           |
|    time_elapsed         | 465          |
|    total_timesteps      | 51200        |
| train/                  |              |
|    approx_kl            | 0.0047505135 |
|    clip_fraction        | 0.0206       |
|    clip_range           | 0.2          |
|    entropy_loss         | -0.815       |
|    explained_variance   | 0.151        |
|    learning_rate        | 0.0003       |
|    loss                 | 25.7         |
|    n_updates            | 240          |
|    policy_gradient_loss | -0.00383     |
|    value_loss           | 55.1         |
------------------------------------------
    evaluating (100 episodes)...
    eval: 20/100 episodes
    eval: 40/100 episodes
    eval: 60/100 episodes
    eval: 80/100 episodes
    eval: 100/100 episodes
  handover_penalty=0.05 ...
Using cpu device
---------------------------------
| rollout/           |          |
|    ep_len_mean     | 60       |
|    ep_rew_mean     | 4.82     |
| time/              |          |
|    fps             | 141      |
|    iterations      | 1        |
|    time_elapsed    | 14       |
|    total_timesteps | 2048     |
---------------------------------
------------------------------------------
| rollout/                |              |
|    ep_len_mean          | 60           |
|    ep_rew_mean          | 7.75         |
| time/                   |              |
|    fps                  | 133          |
|    iterations           | 2            |
|    time_elapsed         | 30           |
|    total_timesteps      | 4096         |
| train/                  |              |
|    approx_kl            | 0.0149674285 |
|    clip_fraction        | 0.172        |
|    clip_range           | 0.2          |
|    entropy_loss         | -1.6         |
|    explained_variance   | -0.00547     |
|    learning_rate        | 0.0003       |
|    loss                 | 4.22         |
|    n_updates            | 10           |
|    policy_gradient_loss | -0.0229      |
|    value_loss           | 9.33         |
------------------------------------------
---------------------------------------
| rollout/                |           |
|    ep_len_mean          | 60        |
|    ep_rew_mean          | 10.4      |
| time/                   |           |
|    fps                  | 128       |
|    iterations           | 3         |
|    time_elapsed         | 47        |
|    total_timesteps      | 6144      |
| train/                  |           |
|    approx_kl            | 0.0128465 |
|    clip_fraction        | 0.1       |
|    clip_range           | 0.2       |
|    entropy_loss         | -1.57     |
|    explained_variance   | 0.137     |
|    learning_rate        | 0.0003    |
|    loss                 | 4.35      |
|    n_updates            | 20        |
|    policy_gradient_loss | -0.0162   |
|    value_loss           | 9.95      |
---------------------------------------
-----------------------------------------
| rollout/                |             |
|    ep_len_mean          | 60          |
|    ep_rew_mean          | 16.3        |
| time/                   |             |
|    fps                  | 124         |
|    iterations           | 4           |
|    time_elapsed         | 65          |
|    total_timesteps      | 8192        |
| train/                  |             |
|    approx_kl            | 0.012274271 |
|    clip_fraction        | 0.0602      |
|    clip_range           | 0.2         |
|    entropy_loss         | -1.54       |
|    explained_variance   | 0.136       |
|    learning_rate        | 0.0003      |
|    loss                 | 5.55        |
|    n_updates            | 30          |
|    policy_gradient_loss | -0.0103     |
|    value_loss           | 13          |
-----------------------------------------
------------------------------------------
| rollout/                |              |
|    ep_len_mean          | 60           |
|    ep_rew_mean          | 20.1         |
| time/                   |              |
|    fps                  | 120          |
|    iterations           | 5            |
|    time_elapsed         | 84           |
|    total_timesteps      | 10240        |
| train/                  |              |
|    approx_kl            | 0.0045564338 |
|    clip_fraction        | 0.00146      |
|    clip_range           | 0.2          |
|    entropy_loss         | -1.51        |
|    explained_variance   | 0.124        |
|    learning_rate        | 0.0003       |
|    loss                 | 7.18         |
|    n_updates            | 40           |
|    policy_gradient_loss | -0.00411     |
|    value_loss           | 17.9         |
------------------------------------------
-----------------------------------------
| rollout/                |             |
|    ep_len_mean          | 60          |
|    ep_rew_mean          | 23.6        |
| time/                   |             |
|    fps                  | 119         |
|    iterations           | 6           |
|    time_elapsed         | 102         |
|    total_timesteps      | 12288       |
| train/                  |             |
|    approx_kl            | 0.008405034 |
|    clip_fraction        | 0.021       |
|    clip_range           | 0.2         |
|    entropy_loss         | -1.45       |
|    explained_variance   | 0.0707      |
|    learning_rate        | 0.0003      |
|    loss                 | 9.11        |
|    n_updates            | 50          |
|    policy_gradient_loss | -0.0061     |
|    value_loss           | 20.5        |
-----------------------------------------
-----------------------------------------
| rollout/                |             |
|    ep_len_mean          | 60          |
|    ep_rew_mean          | 25.7        |
| time/                   |             |
|    fps                  | 117         |
|    iterations           | 7           |
|    time_elapsed         | 121         |
|    total_timesteps      | 14336       |
| train/                  |             |
|    approx_kl            | 0.009404415 |
|    clip_fraction        | 0.0469      |
|    clip_range           | 0.2         |
|    entropy_loss         | -1.38       |
|    explained_variance   | 0.0561      |
|    learning_rate        | 0.0003      |
|    loss                 | 12.3        |
|    n_updates            | 60          |
|    policy_gradient_loss | -0.00643    |
|    value_loss           | 26          |
-----------------------------------------
----------------------------------------
| rollout/                |            |
|    ep_len_mean          | 60         |
|    ep_rew_mean          | 29         |
| time/                   |            |
|    fps                  | 116        |
|    iterations           | 8          |
|    time_elapsed         | 140        |
|    total_timesteps      | 16384      |
| train/                  |            |
|    approx_kl            | 0.00791358 |
|    clip_fraction        | 0.00933    |
|    clip_range           | 0.2        |
|    entropy_loss         | -1.31      |
|    explained_variance   | 0.0896     |
|    learning_rate        | 0.0003     |
|    loss                 | 13.7       |
|    n_updates            | 70         |
|    policy_gradient_loss | -0.00465   |
|    value_loss           | 27.6       |
----------------------------------------
-----------------------------------------
| rollout/                |             |
|    ep_len_mean          | 60          |
|    ep_rew_mean          | 31.6        |
| time/                   |             |
|    fps                  | 115         |
|    iterations           | 9           |
|    time_elapsed         | 159         |
|    total_timesteps      | 18432       |
| train/                  |             |
|    approx_kl            | 0.010921655 |
|    clip_fraction        | 0.0224      |
|    clip_range           | 0.2         |
|    entropy_loss         | -1.23       |
|    explained_variance   | 0.0555      |
|    learning_rate        | 0.0003      |
|    loss                 | 16.3        |
|    n_updates            | 80          |
|    policy_gradient_loss | -0.00527    |
|    value_loss           | 33.3        |
-----------------------------------------
-----------------------------------------
| rollout/                |             |
|    ep_len_mean          | 60          |
|    ep_rew_mean          | 33.6        |
| time/                   |             |
|    fps                  | 113         |
|    iterations           | 10          |
|    time_elapsed         | 180         |
|    total_timesteps      | 20480       |
| train/                  |             |
|    approx_kl            | 0.009166457 |
|    clip_fraction        | 0.0132      |
|    clip_range           | 0.2         |
|    entropy_loss         | -1.15       |
|    explained_variance   | 0.0876      |
|    learning_rate        | 0.0003      |
|    loss                 | 16.2        |
|    n_updates            | 90          |
|    policy_gradient_loss | -0.00403    |
|    value_loss           | 35.1        |
-----------------------------------------
-----------------------------------------
| rollout/                |             |
|    ep_len_mean          | 60          |
|    ep_rew_mean          | 34.7        |
| time/                   |             |
|    fps                  | 113         |
|    iterations           | 11          |
|    time_elapsed         | 199         |
|    total_timesteps      | 22528       |
| train/                  |             |
|    approx_kl            | 0.003952938 |
|    clip_fraction        | 0.0225      |
|    clip_range           | 0.2         |
|    entropy_loss         | -1.07       |
|    explained_variance   | 0.118       |
|    learning_rate        | 0.0003      |
|    loss                 | 18.6        |
|    n_updates            | 100         |
|    policy_gradient_loss | -0.00415    |
|    value_loss           | 40.2        |
-----------------------------------------
-----------------------------------------
| rollout/                |             |
|    ep_len_mean          | 60          |
|    ep_rew_mean          | 35.4        |
| time/                   |             |
|    fps                  | 112         |
|    iterations           | 12          |
|    time_elapsed         | 218         |
|    total_timesteps      | 24576       |
| train/                  |             |
|    approx_kl            | 0.005244181 |
|    clip_fraction        | 0.0274      |
|    clip_range           | 0.2         |
|    entropy_loss         | -1.07       |
|    explained_variance   | 0.0834      |
|    learning_rate        | 0.0003      |
|    loss                 | 21.4        |
|    n_updates            | 110         |
|    policy_gradient_loss | -0.00381    |
|    value_loss           | 41.2        |
-----------------------------------------
------------------------------------------
| rollout/                |              |
|    ep_len_mean          | 60           |
|    ep_rew_mean          | 35.8         |
| time/                   |              |
|    fps                  | 111          |
|    iterations           | 13           |
|    time_elapsed         | 238          |
|    total_timesteps      | 26624        |
| train/                  |              |
|    approx_kl            | 0.0073286993 |
|    clip_fraction        | 0.0542       |
|    clip_range           | 0.2          |
|    entropy_loss         | -1.01        |
|    explained_variance   | 0.108        |
|    learning_rate        | 0.0003       |
|    loss                 | 23.3         |
|    n_updates            | 120          |
|    policy_gradient_loss | -0.00651     |
|    value_loss           | 46.7         |
------------------------------------------
-----------------------------------------
| rollout/                |             |
|    ep_len_mean          | 60          |
|    ep_rew_mean          | 35.9        |
| time/                   |             |
|    fps                  | 111         |
|    iterations           | 14          |
|    time_elapsed         | 257         |
|    total_timesteps      | 28672       |
| train/                  |             |
|    approx_kl            | 0.005275633 |
|    clip_fraction        | 0.0224      |
|    clip_range           | 0.2         |
|    entropy_loss         | -1.02       |
|    explained_variance   | 0.137       |
|    learning_rate        | 0.0003      |
|    loss                 | 22.7        |
|    n_updates            | 130         |
|    policy_gradient_loss | -0.00354    |
|    value_loss           | 41.7        |
-----------------------------------------
------------------------------------------
| rollout/                |              |
|    ep_len_mean          | 60           |
|    ep_rew_mean          | 36.4         |
| time/                   |              |
|    fps                  | 110          |
|    iterations           | 15           |
|    time_elapsed         | 277          |
|    total_timesteps      | 30720        |
| train/                  |              |
|    approx_kl            | 0.0054247985 |
|    clip_fraction        | 0.0372       |
|    clip_range           | 0.2          |
|    entropy_loss         | -0.984       |
|    explained_variance   | 0.138        |
|    learning_rate        | 0.0003       |
|    loss                 | 22.4         |
|    n_updates            | 140          |
|    policy_gradient_loss | -0.00498     |
|    value_loss           | 47           |
------------------------------------------
-----------------------------------------
| rollout/                |             |
|    ep_len_mean          | 60          |
|    ep_rew_mean          | 37.1        |
| time/                   |             |
|    fps                  | 110         |
|    iterations           | 16          |
|    time_elapsed         | 296         |
|    total_timesteps      | 32768       |
| train/                  |             |
|    approx_kl            | 0.004687637 |
|    clip_fraction        | 0.0226      |
|    clip_range           | 0.2         |
|    entropy_loss         | -0.961      |
|    explained_variance   | 0.0911      |
|    learning_rate        | 0.0003      |
|    loss                 | 24.9        |
|    n_updates            | 150         |
|    policy_gradient_loss | -0.00504    |
|    value_loss           | 50.6        |
-----------------------------------------
------------------------------------------
| rollout/                |              |
|    ep_len_mean          | 60           |
|    ep_rew_mean          | 37.9         |
| time/                   |              |
|    fps                  | 109          |
|    iterations           | 17           |
|    time_elapsed         | 317          |
|    total_timesteps      | 34816        |
| train/                  |              |
|    approx_kl            | 0.0041591506 |
|    clip_fraction        | 0.021        |
|    clip_range           | 0.2          |
|    entropy_loss         | -0.928       |
|    explained_variance   | 0.101        |
|    learning_rate        | 0.0003       |
|    loss                 | 23.2         |
|    n_updates            | 160          |
|    policy_gradient_loss | -0.00387     |
|    value_loss           | 48           |
------------------------------------------
------------------------------------------
| rollout/                |              |
|    ep_len_mean          | 60           |
|    ep_rew_mean          | 38.2         |
| time/                   |              |
|    fps                  | 109          |
|    iterations           | 18           |
|    time_elapsed         | 337          |
|    total_timesteps      | 36864        |
| train/                  |              |
|    approx_kl            | 0.0044746734 |
|    clip_fraction        | 0.0303       |
|    clip_range           | 0.2          |
|    entropy_loss         | -0.969       |
|    explained_variance   | 0.124        |
|    learning_rate        | 0.0003       |
|    loss                 | 22.6         |
|    n_updates            | 170          |
|    policy_gradient_loss | -0.00488     |
|    value_loss           | 51.1         |
------------------------------------------
-----------------------------------------
| rollout/                |             |
|    ep_len_mean          | 60          |
|    ep_rew_mean          | 38.3        |
| time/                   |             |
|    fps                  | 108         |
|    iterations           | 19          |
|    time_elapsed         | 357         |
|    total_timesteps      | 38912       |
| train/                  |             |
|    approx_kl            | 0.006900291 |
|    clip_fraction        | 0.0564      |
|    clip_range           | 0.2         |
|    entropy_loss         | -0.931      |
|    explained_variance   | 0.0638      |
|    learning_rate        | 0.0003      |
|    loss                 | 21.6        |
|    n_updates            | 180         |
|    policy_gradient_loss | -0.00575    |
|    value_loss           | 51.7        |
-----------------------------------------
------------------------------------------
| rollout/                |              |
|    ep_len_mean          | 60           |
|    ep_rew_mean          | 38.2         |
| time/                   |              |
|    fps                  | 108          |
|    iterations           | 20           |
|    time_elapsed         | 377          |
|    total_timesteps      | 40960        |
| train/                  |              |
|    approx_kl            | 0.0035547363 |
|    clip_fraction        | 0.0169       |
|    clip_range           | 0.2          |
|    entropy_loss         | -0.884       |
|    explained_variance   | 0.125        |
|    learning_rate        | 0.0003       |
|    loss                 | 27.9         |
|    n_updates            | 190          |
|    policy_gradient_loss | -0.00467     |
|    value_loss           | 53.6         |
------------------------------------------
------------------------------------------
| rollout/                |              |
|    ep_len_mean          | 60           |
|    ep_rew_mean          | 38.6         |
| time/                   |              |
|    fps                  | 108          |
|    iterations           | 21           |
|    time_elapsed         | 396          |
|    total_timesteps      | 43008        |
| train/                  |              |
|    approx_kl            | 0.0049650306 |
|    clip_fraction        | 0.0307       |
|    clip_range           | 0.2          |
|    entropy_loss         | -0.816       |
|    explained_variance   | 0.142        |
|    learning_rate        | 0.0003       |
|    loss                 | 24.5         |
|    n_updates            | 200          |
|    policy_gradient_loss | -0.00426     |
|    value_loss           | 48.9         |
------------------------------------------
------------------------------------------
| rollout/                |              |
|    ep_len_mean          | 60           |
|    ep_rew_mean          | 39.1         |
| time/                   |              |
|    fps                  | 107          |
|    iterations           | 22           |
|    time_elapsed         | 417          |
|    total_timesteps      | 45056        |
| train/                  |              |
|    approx_kl            | 0.0037689433 |
|    clip_fraction        | 0.0346       |
|    clip_range           | 0.2          |
|    entropy_loss         | -0.819       |
|    explained_variance   | 0.132        |
|    learning_rate        | 0.0003       |
|    loss                 | 25.6         |
|    n_updates            | 210          |
|    policy_gradient_loss | -0.00417     |
|    value_loss           | 52.8         |
------------------------------------------
----------------------------------------
| rollout/                |            |
|    ep_len_mean          | 60         |
|    ep_rew_mean          | 39.6       |
| time/                   |            |
|    fps                  | 107        |
|    iterations           | 23         |
|    time_elapsed         | 437        |
|    total_timesteps      | 47104      |
| train/                  |            |
|    approx_kl            | 0.00507225 |
|    clip_fraction        | 0.0243     |
|    clip_range           | 0.2        |
|    entropy_loss         | -0.789     |
|    explained_variance   | 0.0919     |
|    learning_rate        | 0.0003     |
|    loss                 | 25.7       |
|    n_updates            | 220        |
|    policy_gradient_loss | -0.00311   |
|    value_loss           | 53.9       |
----------------------------------------
------------------------------------------
| rollout/                |              |
|    ep_len_mean          | 60           |
|    ep_rew_mean          | 39.9         |
| time/                   |              |
|    fps                  | 107          |
|    iterations           | 24           |
|    time_elapsed         | 457          |
|    total_timesteps      | 49152        |
| train/                  |              |
|    approx_kl            | 0.0032422673 |
|    clip_fraction        | 0.0235       |
|    clip_range           | 0.2          |
|    entropy_loss         | -0.766       |
|    explained_variance   | 0.102        |
|    learning_rate        | 0.0003       |
|    loss                 | 33.4         |
|    n_updates            | 230          |
|    policy_gradient_loss | -0.00337     |
|    value_loss           | 57           |
------------------------------------------
-----------------------------------------
| rollout/                |             |
|    ep_len_mean          | 60          |
|    ep_rew_mean          | 40.1        |
| time/                   |             |
|    fps                  | 107         |
|    iterations           | 25          |
|    time_elapsed         | 477         |
|    total_timesteps      | 51200       |
| train/                  |             |
|    approx_kl            | 0.001918329 |
|    clip_fraction        | 0.00762     |
|    clip_range           | 0.2         |
|    entropy_loss         | -0.735      |
|    explained_variance   | 0.147       |
|    learning_rate        | 0.0003      |
|    loss                 | 23.8        |
|    n_updates            | 240         |
|    policy_gradient_loss | -0.00319    |
|    value_loss           | 51.5        |
-----------------------------------------
    evaluating (100 episodes)...
    eval: 20/100 episodes
    eval: 40/100 episodes
    eval: 60/100 episodes
    eval: 80/100 episodes
    eval: 100/100 episodes
  handover_penalty=0.15 ...
Using cpu device
---------------------------------
| rollout/           |          |
|    ep_len_mean     | 60       |
|    ep_rew_mean     | 2.08     |
| time/              |          |
|    fps             | 133      |
|    iterations      | 1        |
|    time_elapsed    | 15       |
|    total_timesteps | 2048     |
---------------------------------
-----------------------------------------
| rollout/                |             |
|    ep_len_mean          | 60          |
|    ep_rew_mean          | 4.91        |
| time/                   |             |
|    fps                  | 125         |
|    iterations           | 2           |
|    time_elapsed         | 32          |
|    total_timesteps      | 4096        |
| train/                  |             |
|    approx_kl            | 0.014989248 |
|    clip_fraction        | 0.181       |
|    clip_range           | 0.2         |
|    entropy_loss         | -1.6        |
|    explained_variance   | -0.00579    |
|    learning_rate        | 0.0003      |
|    loss                 | 3.72        |
|    n_updates            | 10          |
|    policy_gradient_loss | -0.0238     |
|    value_loss           | 7.96        |
-----------------------------------------
-----------------------------------------
| rollout/                |             |
|    ep_len_mean          | 60          |
|    ep_rew_mean          | 7.5         |
| time/                   |             |
|    fps                  | 124         |
|    iterations           | 3           |
|    time_elapsed         | 49          |
|    total_timesteps      | 6144        |
| train/                  |             |
|    approx_kl            | 0.013055879 |
|    clip_fraction        | 0.123       |
|    clip_range           | 0.2         |
|    entropy_loss         | -1.57       |
|    explained_variance   | 0.144       |
|    learning_rate        | 0.0003      |
|    loss                 | 3.66        |
|    n_updates            | 20          |
|    policy_gradient_loss | -0.0189     |
|    value_loss           | 8.02        |
-----------------------------------------
-----------------------------------------
| rollout/                |             |
|    ep_len_mean          | 60          |
|    ep_rew_mean          | 13.2        |
| time/                   |             |
|    fps                  | 123         |
|    iterations           | 4           |
|    time_elapsed         | 66          |
|    total_timesteps      | 8192        |
| train/                  |             |
|    approx_kl            | 0.010240771 |
|    clip_fraction        | 0.0819      |
|    clip_range           | 0.2         |
|    entropy_loss         | -1.54       |
|    explained_variance   | 0.139       |
|    learning_rate        | 0.0003      |
|    loss                 | 4.55        |
|    n_updates            | 30          |
|    policy_gradient_loss | -0.0123     |
|    value_loss           | 10.2        |
-----------------------------------------
------------------------------------------
| rollout/                |              |
|    ep_len_mean          | 60           |
|    ep_rew_mean          | 17.2         |
| time/                   |              |
|    fps                  | 122          |
|    iterations           | 5            |
|    time_elapsed         | 83           |
|    total_timesteps      | 10240        |
| train/                  |              |
|    approx_kl            | 0.0068781967 |
|    clip_fraction        | 0.00923      |
|    clip_range           | 0.2          |
|    entropy_loss         | -1.5         |
|    explained_variance   | 0.142        |
|    learning_rate        | 0.0003       |
|    loss                 | 5.46         |
|    n_updates            | 40           |
|    policy_gradient_loss | -0.00625     |
|    value_loss           | 13.8         |
------------------------------------------
------------------------------------------
| rollout/                |              |
|    ep_len_mean          | 60           |
|    ep_rew_mean          | 21           |
| time/                   |              |
|    fps                  | 120          |
|    iterations           | 6            |
|    time_elapsed         | 102          |
|    total_timesteps      | 12288        |
| train/                  |              |
|    approx_kl            | 0.0087425215 |
|    clip_fraction        | 0.0197       |
|    clip_range           | 0.2          |
|    entropy_loss         | -1.44        |
|    explained_variance   | 0.0715       |
|    learning_rate        | 0.0003       |
|    loss                 | 7.31         |
|    n_updates            | 50           |
|    policy_gradient_loss | -0.00591     |
|    value_loss           | 16.7         |
------------------------------------------
-----------------------------------------
| rollout/                |             |
|    ep_len_mean          | 60          |
|    ep_rew_mean          | 23.2        |
| time/                   |             |
|    fps                  | 119         |
|    iterations           | 7           |
|    time_elapsed         | 120         |
|    total_timesteps      | 14336       |
| train/                  |             |
|    approx_kl            | 0.010424586 |
|    clip_fraction        | 0.0465      |
|    clip_range           | 0.2         |
|    entropy_loss         | -1.36       |
|    explained_variance   | 0.0676      |
|    learning_rate        | 0.0003      |
|    loss                 | 9.66        |
|    n_updates            | 60          |
|    policy_gradient_loss | -0.00603    |
|    value_loss           | 20.9        |
-----------------------------------------
----------------------------------------
| rollout/                |            |
|    ep_len_mean          | 60         |
|    ep_rew_mean          | 26.6       |
| time/                   |            |
|    fps                  | 116        |
|    iterations           | 8          |
|    time_elapsed         | 140        |
|    total_timesteps      | 16384      |
| train/                  |            |
|    approx_kl            | 0.00908733 |
|    clip_fraction        | 0.00928    |
|    clip_range           | 0.2        |
|    entropy_loss         | -1.29      |
|    explained_variance   | 0.0853     |
|    learning_rate        | 0.0003     |
|    loss                 | 11.3       |
|    n_updates            | 70         |
|    policy_gradient_loss | -0.00424   |
|    value_loss           | 23         |
----------------------------------------
-----------------------------------------
| rollout/                |             |
|    ep_len_mean          | 60          |
|    ep_rew_mean          | 29.3        |
| time/                   |             |
|    fps                  | 115         |
|    iterations           | 9           |
|    time_elapsed         | 159         |
|    total_timesteps      | 18432       |
| train/                  |             |
|    approx_kl            | 0.012738311 |
|    clip_fraction        | 0.0438      |
|    clip_range           | 0.2         |
|    entropy_loss         | -1.2        |
|    explained_variance   | 0.0517      |
|    learning_rate        | 0.0003      |
|    loss                 | 13.8        |
|    n_updates            | 80          |
|    policy_gradient_loss | -0.00672    |
|    value_loss           | 28.2        |
-----------------------------------------
------------------------------------------
| rollout/                |              |
|    ep_len_mean          | 60           |
|    ep_rew_mean          | 31.4         |
| time/                   |              |
|    fps                  | 114          |
|    iterations           | 10           |
|    time_elapsed         | 179          |
|    total_timesteps      | 20480        |
| train/                  |              |
|    approx_kl            | 0.0070590917 |
|    clip_fraction        | 0.00864      |
|    clip_range           | 0.2          |
|    entropy_loss         | -1.13        |
|    explained_variance   | 0.0843       |
|    learning_rate        | 0.0003       |
|    loss                 | 13.6         |
|    n_updates            | 90           |
|    policy_gradient_loss | -0.00305     |
|    value_loss           | 29.6         |
------------------------------------------
----------------------------------------
| rollout/                |            |
|    ep_len_mean          | 60         |
|    ep_rew_mean          | 32.8       |
| time/                   |            |
|    fps                  | 113        |
|    iterations           | 11         |
|    time_elapsed         | 198        |
|    total_timesteps      | 22528      |
| train/                  |            |
|    approx_kl            | 0.00456805 |
|    clip_fraction        | 0.017      |
|    clip_range           | 0.2        |
|    entropy_loss         | -1.02      |
|    explained_variance   | 0.113      |
|    learning_rate        | 0.0003     |
|    loss                 | 16.1       |
|    n_updates            | 100        |
|    policy_gradient_loss | -0.00407   |
|    value_loss           | 35.2       |
----------------------------------------
------------------------------------------
| rollout/                |              |
|    ep_len_mean          | 60           |
|    ep_rew_mean          | 34.2         |
| time/                   |              |
|    fps                  | 112          |
|    iterations           | 12           |
|    time_elapsed         | 217          |
|    total_timesteps      | 24576        |
| train/                  |              |
|    approx_kl            | 0.0058487635 |
|    clip_fraction        | 0.0292       |
|    clip_range           | 0.2          |
|    entropy_loss         | -0.963       |
|    explained_variance   | 0.0821       |
|    learning_rate        | 0.0003       |
|    loss                 | 19           |
|    n_updates            | 110          |
|    policy_gradient_loss | -0.00375     |
|    value_loss           | 36.6         |
------------------------------------------
-----------------------------------------
| rollout/                |             |
|    ep_len_mean          | 60          |
|    ep_rew_mean          | 35          |
| time/                   |             |
|    fps                  | 111         |
|    iterations           | 13          |
|    time_elapsed         | 237         |
|    total_timesteps      | 26624       |
| train/                  |             |
|    approx_kl            | 0.005363075 |
|    clip_fraction        | 0.0263      |
|    clip_range           | 0.2         |
|    entropy_loss         | -0.893      |
|    explained_variance   | 0.106       |
|    learning_rate        | 0.0003      |
|    loss                 | 20.7        |
|    n_updates            | 120         |
|    policy_gradient_loss | -0.00446    |
|    value_loss           | 42.2        |
-----------------------------------------
------------------------------------------
| rollout/                |              |
|    ep_len_mean          | 60           |
|    ep_rew_mean          | 35.2         |
| time/                   |              |
|    fps                  | 111          |
|    iterations           | 14           |
|    time_elapsed         | 256          |
|    total_timesteps      | 28672        |
| train/                  |              |
|    approx_kl            | 0.0042080753 |
|    clip_fraction        | 0.0294       |
|    clip_range           | 0.2          |
|    entropy_loss         | -0.887       |
|    explained_variance   | 0.137        |
|    learning_rate        | 0.0003       |
|    loss                 | 20.9         |
|    n_updates            | 130          |
|    policy_gradient_loss | -0.00338     |
|    value_loss           | 38.2         |
------------------------------------------
-----------------------------------------
| rollout/                |             |
|    ep_len_mean          | 60          |
|    ep_rew_mean          | 35.5        |
| time/                   |             |
|    fps                  | 110         |
|    iterations           | 15          |
|    time_elapsed         | 276         |
|    total_timesteps      | 30720       |
| train/                  |             |
|    approx_kl            | 0.004864848 |
|    clip_fraction        | 0.0406      |
|    clip_range           | 0.2         |
|    entropy_loss         | -0.865      |
|    explained_variance   | 0.135       |
|    learning_rate        | 0.0003      |
|    loss                 | 20.9        |
|    n_updates            | 140         |
|    policy_gradient_loss | -0.00563    |
|    value_loss           | 43.5        |
-----------------------------------------
------------------------------------------
| rollout/                |              |
|    ep_len_mean          | 60           |
|    ep_rew_mean          | 36           |
| time/                   |              |
|    fps                  | 110          |
|    iterations           | 16           |
|    time_elapsed         | 296          |
|    total_timesteps      | 32768        |
| train/                  |              |
|    approx_kl            | 0.0044721784 |
|    clip_fraction        | 0.0191       |
|    clip_range           | 0.2          |
|    entropy_loss         | -0.855       |
|    explained_variance   | 0.0885       |
|    learning_rate        | 0.0003       |
|    loss                 | 23.3         |
|    n_updates            | 150          |
|    policy_gradient_loss | -0.00433     |
|    value_loss           | 47.1         |
------------------------------------------
------------------------------------------
| rollout/                |              |
|    ep_len_mean          | 60           |
|    ep_rew_mean          | 37           |
| time/                   |              |
|    fps                  | 109          |
|    iterations           | 17           |
|    time_elapsed         | 316          |
|    total_timesteps      | 34816        |
| train/                  |              |
|    approx_kl            | 0.0042522685 |
|    clip_fraction        | 0.0256       |
|    clip_range           | 0.2          |
|    entropy_loss         | -0.826       |
|    explained_variance   | 0.0971       |
|    learning_rate        | 0.0003       |
|    loss                 | 21.3         |
|    n_updates            | 160          |
|    policy_gradient_loss | -0.00465     |
|    value_loss           | 44.1         |
------------------------------------------
------------------------------------------
| rollout/                |              |
|    ep_len_mean          | 60           |
|    ep_rew_mean          | 37.3         |
| time/                   |              |
|    fps                  | 109          |
|    iterations           | 18           |
|    time_elapsed         | 336          |
|    total_timesteps      | 36864        |
| train/                  |              |
|    approx_kl            | 0.0034639358 |
|    clip_fraction        | 0.0174       |
|    clip_range           | 0.2          |
|    entropy_loss         | -0.847       |
|    explained_variance   | 0.123        |
|    learning_rate        | 0.0003       |
|    loss                 | 21.2         |
|    n_updates            | 170          |
|    policy_gradient_loss | -0.00315     |
|    value_loss           | 47.1         |
------------------------------------------
------------------------------------------
| rollout/                |              |
|    ep_len_mean          | 60           |
|    ep_rew_mean          | 37.7         |
| time/                   |              |
|    fps                  | 109          |
|    iterations           | 19           |
|    time_elapsed         | 356          |
|    total_timesteps      | 38912        |
| train/                  |              |
|    approx_kl            | 0.0058758543 |
|    clip_fraction        | 0.0643       |
|    clip_range           | 0.2          |
|    entropy_loss         | -0.803       |
|    explained_variance   | 0.0547       |
|    learning_rate        | 0.0003       |
|    loss                 | 20           |
|    n_updates            | 180          |
|    policy_gradient_loss | -0.00576     |
|    value_loss           | 48.6         |
------------------------------------------
------------------------------------------
| rollout/                |              |
|    ep_len_mean          | 60           |
|    ep_rew_mean          | 37.6         |
| time/                   |              |
|    fps                  | 108          |
|    iterations           | 20           |
|    time_elapsed         | 376          |
|    total_timesteps      | 40960        |
| train/                  |              |
|    approx_kl            | 0.0037463373 |
|    clip_fraction        | 0.0385       |
|    clip_range           | 0.2          |
|    entropy_loss         | -0.742       |
|    explained_variance   | 0.116        |
|    learning_rate        | 0.0003       |
|    loss                 | 26.6         |
|    n_updates            | 190          |
|    policy_gradient_loss | -0.00514     |
|    value_loss           | 50.7         |
------------------------------------------
------------------------------------------
| rollout/                |              |
|    ep_len_mean          | 60           |
|    ep_rew_mean          | 38.2         |
| time/                   |              |
|    fps                  | 108          |
|    iterations           | 21           |
|    time_elapsed         | 397          |
|    total_timesteps      | 43008        |
| train/                  |              |
|    approx_kl            | 0.0049994774 |
|    clip_fraction        | 0.0315       |
|    clip_range           | 0.2          |
|    entropy_loss         | -0.675       |
|    explained_variance   | 0.139        |
|    learning_rate        | 0.0003       |
|    loss                 | 22.2         |
|    n_updates            | 200          |
|    policy_gradient_loss | -0.00328     |
|    value_loss           | 45.4         |
------------------------------------------
-----------------------------------------
| rollout/                |             |
|    ep_len_mean          | 60          |
|    ep_rew_mean          | 38.7        |
| time/                   |             |
|    fps                  | 108         |
|    iterations           | 22          |
|    time_elapsed         | 416         |
|    total_timesteps      | 45056       |
| train/                  |             |
|    approx_kl            | 0.002700564 |
|    clip_fraction        | 0.0183      |
|    clip_range           | 0.2         |
|    entropy_loss         | -0.648      |
|    explained_variance   | 0.133       |
|    learning_rate        | 0.0003      |
|    loss                 | 24.5        |
|    n_updates            | 210         |
|    policy_gradient_loss | -0.00344    |
|    value_loss           | 50.6        |
-----------------------------------------
------------------------------------------
| rollout/                |              |
|    ep_len_mean          | 60           |
|    ep_rew_mean          | 39.3         |
| time/                   |              |
|    fps                  | 107          |
|    iterations           | 23           |
|    time_elapsed         | 437          |
|    total_timesteps      | 47104        |
| train/                  |              |
|    approx_kl            | 0.0037566097 |
|    clip_fraction        | 0.0228       |
|    clip_range           | 0.2          |
|    entropy_loss         | -0.634       |
|    explained_variance   | 0.0936       |
|    learning_rate        | 0.0003       |
|    loss                 | 24.3         |
|    n_updates            | 220          |
|    policy_gradient_loss | -0.00343     |
|    value_loss           | 51.2         |
------------------------------------------
------------------------------------------
| rollout/                |              |
|    ep_len_mean          | 60           |
|    ep_rew_mean          | 39.8         |
| time/                   |              |
|    fps                  | 107          |
|    iterations           | 24           |
|    time_elapsed         | 457          |
|    total_timesteps      | 49152        |
| train/                  |              |
|    approx_kl            | 0.0028349562 |
|    clip_fraction        | 0.0136       |
|    clip_range           | 0.2          |
|    entropy_loss         | -0.603       |
|    explained_variance   | 0.102        |
|    learning_rate        | 0.0003       |
|    loss                 | 32.1         |
|    n_updates            | 230          |
|    policy_gradient_loss | -0.00299     |
|    value_loss           | 54.6         |
------------------------------------------
------------------------------------------
| rollout/                |              |
|    ep_len_mean          | 60           |
|    ep_rew_mean          | 40.2         |
| time/                   |              |
|    fps                  | 107          |
|    iterations           | 25           |
|    time_elapsed         | 478          |
|    total_timesteps      | 51200        |
| train/                  |              |
|    approx_kl            | 0.0023776782 |
|    clip_fraction        | 0.00835      |
|    clip_range           | 0.2          |
|    entropy_loss         | -0.562       |
|    explained_variance   | 0.143        |
|    learning_rate        | 0.0003       |
|    loss                 | 23.3         |
|    n_updates            | 240          |
|    policy_gradient_loss | -0.00264     |
|    value_loss           | 50.2         |
------------------------------------------
    evaluating (100 episodes)...
    eval: 20/100 episodes
    eval: 40/100 episodes
    eval: 60/100 episodes
    eval: 80/100 episodes
    eval: 100/100 episodes
  handover_penalty=0.3 ...
Using cpu device
---------------------------------
| rollout/           |          |
|    ep_len_mean     | 60       |
|    ep_rew_mean     | -2.04    |
| time/              |          |
|    fps             | 142      |
|    iterations      | 1        |
|    time_elapsed    | 14       |
|    total_timesteps | 2048     |
---------------------------------
-----------------------------------------
| rollout/                |             |
|    ep_len_mean          | 60          |
|    ep_rew_mean          | 0.742       |
| time/                   |             |
|    fps                  | 135         |
|    iterations           | 2           |
|    time_elapsed         | 30          |
|    total_timesteps      | 4096        |
| train/                  |             |
|    approx_kl            | 0.015074793 |
|    clip_fraction        | 0.184       |
|    clip_range           | 0.2         |
|    entropy_loss         | -1.6        |
|    explained_variance   | -0.00621    |
|    learning_rate        | 0.0003      |
|    loss                 | 3.12        |
|    n_updates            | 10          |
|    policy_gradient_loss | -0.0247     |
|    value_loss           | 6.56        |
-----------------------------------------
-----------------------------------------
| rollout/                |             |
|    ep_len_mean          | 60          |
|    ep_rew_mean          | 3.32        |
| time/                   |             |
|    fps                  | 132         |
|    iterations           | 3           |
|    time_elapsed         | 46          |
|    total_timesteps      | 6144        |
| train/                  |             |
|    approx_kl            | 0.013597891 |
|    clip_fraction        | 0.169       |
|    clip_range           | 0.2         |
|    entropy_loss         | -1.57       |
|    explained_variance   | 0.151       |
|    learning_rate        | 0.0003      |
|    loss                 | 2.86        |
|    n_updates            | 20          |
|    policy_gradient_loss | -0.0233     |
|    value_loss           | 5.91        |
-----------------------------------------
-----------------------------------------
| rollout/                |             |
|    ep_len_mean          | 60          |
|    ep_rew_mean          | 9.03        |
| time/                   |             |
|    fps                  | 129         |
|    iterations           | 4           |
|    time_elapsed         | 63          |
|    total_timesteps      | 8192        |
| train/                  |             |
|    approx_kl            | 0.010947093 |
|    clip_fraction        | 0.102       |
|    clip_range           | 0.2         |
|    entropy_loss         | -1.53       |
|    explained_variance   | 0.141       |
|    learning_rate        | 0.0003      |
|    loss                 | 3.43        |
|    n_updates            | 30          |
|    policy_gradient_loss | -0.0155     |
|    value_loss           | 7.14        |
-----------------------------------------
------------------------------------------
| rollout/                |              |
|    ep_len_mean          | 60           |
|    ep_rew_mean          | 13.4         |
| time/                   |              |
|    fps                  | 126          |
|    iterations           | 5            |
|    time_elapsed         | 81           |
|    total_timesteps      | 10240        |
| train/                  |              |
|    approx_kl            | 0.0093564885 |
|    clip_fraction        | 0.0246       |
|    clip_range           | 0.2          |
|    entropy_loss         | -1.49        |
|    explained_variance   | 0.143        |
|    learning_rate        | 0.0003       |
|    loss                 | 3.72         |
|    n_updates            | 40           |
|    policy_gradient_loss | -0.00902     |
|    value_loss           | 9.39         |
------------------------------------------
-----------------------------------------
| rollout/                |             |
|    ep_len_mean          | 60          |
|    ep_rew_mean          | 17.4        |
| time/                   |             |
|    fps                  | 124         |
|    iterations           | 6           |
|    time_elapsed         | 98          |
|    total_timesteps      | 12288       |
| train/                  |             |
|    approx_kl            | 0.010472135 |
|    clip_fraction        | 0.0232      |
|    clip_range           | 0.2         |
|    entropy_loss         | -1.42       |
|    explained_variance   | 0.0608      |
|    learning_rate        | 0.0003      |
|    loss                 | 4.99        |
|    n_updates            | 50          |
|    policy_gradient_loss | -0.00678    |
|    value_loss           | 12          |
-----------------------------------------
-----------------------------------------
| rollout/                |             |
|    ep_len_mean          | 60          |
|    ep_rew_mean          | 19.9        |
| time/                   |             |
|    fps                  | 121         |
|    iterations           | 7           |
|    time_elapsed         | 118         |
|    total_timesteps      | 14336       |
| train/                  |             |
|    approx_kl            | 0.009766046 |
|    clip_fraction        | 0.0491      |
|    clip_range           | 0.2         |
|    entropy_loss         | -1.33       |
|    explained_variance   | 0.081       |
|    learning_rate        | 0.0003      |
|    loss                 | 6.52        |
|    n_updates            | 60          |
|    policy_gradient_loss | -0.00663    |
|    value_loss           | 14.6        |
-----------------------------------------
-----------------------------------------
| rollout/                |             |
|    ep_len_mean          | 60          |
|    ep_rew_mean          | 23.1        |
| time/                   |             |
|    fps                  | 119         |
|    iterations           | 8           |
|    time_elapsed         | 136         |
|    total_timesteps      | 16384       |
| train/                  |             |
|    approx_kl            | 0.009380795 |
|    clip_fraction        | 0.0147      |
|    clip_range           | 0.2         |
|    entropy_loss         | -1.26       |
|    explained_variance   | 0.0786      |
|    learning_rate        | 0.0003      |
|    loss                 | 8.11        |
|    n_updates            | 70          |
|    policy_gradient_loss | -0.00434    |
|    value_loss           | 17          |
-----------------------------------------
----------------------------------------
| rollout/                |            |
|    ep_len_mean          | 60         |
|    ep_rew_mean          | 26         |
| time/                   |            |
|    fps                  | 117        |
|    iterations           | 9          |
|    time_elapsed         | 156        |
|    total_timesteps      | 18432      |
| train/                  |            |
|    approx_kl            | 0.01187728 |
|    clip_fraction        | 0.0429     |
|    clip_range           | 0.2        |
|    entropy_loss         | -1.17      |
|    explained_variance   | 0.0477     |
|    learning_rate        | 0.0003     |
|    loss                 | 10.4       |
|    n_updates            | 80         |
|    policy_gradient_loss | -0.00698   |
|    value_loss           | 21.2       |
----------------------------------------
-----------------------------------------
| rollout/                |             |
|    ep_len_mean          | 60          |
|    ep_rew_mean          | 28.4        |
| time/                   |             |
|    fps                  | 116         |
|    iterations           | 10          |
|    time_elapsed         | 176         |
|    total_timesteps      | 20480       |
| train/                  |             |
|    approx_kl            | 0.011116214 |
|    clip_fraction        | 0.0289      |
|    clip_range           | 0.2         |
|    entropy_loss         | -1.09       |
|    explained_variance   | 0.0792      |
|    learning_rate        | 0.0003      |
|    loss                 | 10.7        |
|    n_updates            | 90          |
|    policy_gradient_loss | -0.00478    |
|    value_loss           | 23.7        |
-----------------------------------------
------------------------------------------
| rollout/                |              |
|    ep_len_mean          | 60           |
|    ep_rew_mean          | 30           |
| time/                   |              |
|    fps                  | 114          |
|    iterations           | 11           |
|    time_elapsed         | 196          |
|    total_timesteps      | 22528        |
| train/                  |              |
|    approx_kl            | 0.0046159085 |
|    clip_fraction        | 0.013        |
|    clip_range           | 0.2          |
|    entropy_loss         | -0.981       |
|    explained_variance   | 0.104        |
|    learning_rate        | 0.0003       |
|    loss                 | 13.2         |
|    n_updates            | 100          |
|    policy_gradient_loss | -0.00355     |
|    value_loss           | 28.3         |
------------------------------------------
------------------------------------------
| rollout/                |              |
|    ep_len_mean          | 60           |
|    ep_rew_mean          | 31.9         |
| time/                   |              |
|    fps                  | 114          |
|    iterations           | 12           |
|    time_elapsed         | 215          |
|    total_timesteps      | 24576        |
| train/                  |              |
|    approx_kl            | 0.0046483446 |
|    clip_fraction        | 0.0231       |
|    clip_range           | 0.2          |
|    entropy_loss         | -0.914       |
|    explained_variance   | 0.08         |
|    learning_rate        | 0.0003       |
|    loss                 | 15.7         |
|    n_updates            | 110          |
|    policy_gradient_loss | -0.00355     |
|    value_loss           | 30.5         |
------------------------------------------
------------------------------------------
| rollout/                |              |
|    ep_len_mean          | 60           |
|    ep_rew_mean          | 33           |
| time/                   |              |
|    fps                  | 113          |
|    iterations           | 13           |
|    time_elapsed         | 235          |
|    total_timesteps      | 26624        |
| train/                  |              |
|    approx_kl            | 0.0055545815 |
|    clip_fraction        | 0.0286       |
|    clip_range           | 0.2          |
|    entropy_loss         | -0.822       |
|    explained_variance   | 0.102        |
|    learning_rate        | 0.0003       |
|    loss                 | 17.1         |
|    n_updates            | 120          |
|    policy_gradient_loss | -0.00378     |
|    value_loss           | 35.1         |
------------------------------------------
------------------------------------------
| rollout/                |              |
|    ep_len_mean          | 60           |
|    ep_rew_mean          | 33.8         |
| time/                   |              |
|    fps                  | 112          |
|    iterations           | 14           |
|    time_elapsed         | 255          |
|    total_timesteps      | 28672        |
| train/                  |              |
|    approx_kl            | 0.0026156348 |
|    clip_fraction        | 0.00767      |
|    clip_range           | 0.2          |
|    entropy_loss         | -0.79        |
|    explained_variance   | 0.131        |
|    learning_rate        | 0.0003       |
|    loss                 | 18.1         |
|    n_updates            | 130          |
|    policy_gradient_loss | -0.00217     |
|    value_loss           | 33           |
------------------------------------------
------------------------------------------
| rollout/                |              |
|    ep_len_mean          | 60           |
|    ep_rew_mean          | 34.7         |
| time/                   |              |
|    fps                  | 111          |
|    iterations           | 15           |
|    time_elapsed         | 275          |
|    total_timesteps      | 30720        |
| train/                  |              |
|    approx_kl            | 0.0030719321 |
|    clip_fraction        | 0.0193       |
|    clip_range           | 0.2          |
|    entropy_loss         | -0.732       |
|    explained_variance   | 0.125        |
|    learning_rate        | 0.0003       |
|    loss                 | 18.8         |
|    n_updates            | 140          |
|    policy_gradient_loss | -0.00357     |
|    value_loss           | 38.7         |
------------------------------------------
------------------------------------------
| rollout/                |              |
|    ep_len_mean          | 60           |
|    ep_rew_mean          | 35.6         |
| time/                   |              |
|    fps                  | 111          |
|    iterations           | 16           |
|    time_elapsed         | 294          |
|    total_timesteps      | 32768        |
| train/                  |              |
|    approx_kl            | 0.0026509464 |
|    clip_fraction        | 0.00869      |
|    clip_range           | 0.2          |
|    entropy_loss         | -0.723       |
|    explained_variance   | 0.087        |
|    learning_rate        | 0.0003       |
|    loss                 | 20.5         |
|    n_updates            | 150          |
|    policy_gradient_loss | -0.00276     |
|    value_loss           | 41           |
------------------------------------------
------------------------------------------
| rollout/                |              |
|    ep_len_mean          | 60           |
|    ep_rew_mean          | 36.4         |
| time/                   |              |
|    fps                  | 110          |
|    iterations           | 17           |
|    time_elapsed         | 315          |
|    total_timesteps      | 34816        |
| train/                  |              |
|    approx_kl            | 0.0033822367 |
|    clip_fraction        | 0.0206       |
|    clip_range           | 0.2          |
|    entropy_loss         | -0.674       |
|    explained_variance   | 0.0968       |
|    learning_rate        | 0.0003       |
|    loss                 | 19.4         |
|    n_updates            | 160          |
|    policy_gradient_loss | -0.00377     |
|    value_loss           | 41.2         |
------------------------------------------
-----------------------------------------
| rollout/                |             |
|    ep_len_mean          | 60          |
|    ep_rew_mean          | 37          |
| time/                   |             |
|    fps                  | 109         |
|    iterations           | 18          |
|    time_elapsed         | 335         |
|    total_timesteps      | 36864       |
| train/                  |             |
|    approx_kl            | 0.002361814 |
|    clip_fraction        | 0.0197      |
|    clip_range           | 0.2         |
|    entropy_loss         | -0.658      |
|    explained_variance   | 0.119       |
|    learning_rate        | 0.0003      |
|    loss                 | 19.7        |
|    n_updates            | 170         |
|    policy_gradient_loss | -0.00275    |
|    value_loss           | 43.8        |
-----------------------------------------
------------------------------------------
| rollout/                |              |
|    ep_len_mean          | 60           |
|    ep_rew_mean          | 37.5         |
| time/                   |              |
|    fps                  | 109          |
|    iterations           | 19           |
|    time_elapsed         | 355          |
|    total_timesteps      | 38912        |
| train/                  |              |
|    approx_kl            | 0.0030548112 |
|    clip_fraction        | 0.0232       |
|    clip_range           | 0.2          |
|    entropy_loss         | -0.611       |
|    explained_variance   | 0.0489       |
|    learning_rate        | 0.0003       |
|    loss                 | 18.8         |
|    n_updates            | 180          |
|    policy_gradient_loss | -0.0031      |
|    value_loss           | 45.8         |
------------------------------------------
------------------------------------------
| rollout/                |              |
|    ep_len_mean          | 60           |
|    ep_rew_mean          | 37.6         |
| time/                   |              |
|    fps                  | 109          |
|    iterations           | 20           |
|    time_elapsed         | 374          |
|    total_timesteps      | 40960        |
| train/                  |              |
|    approx_kl            | 0.0023925386 |
|    clip_fraction        | 0.0115       |
|    clip_range           | 0.2          |
|    entropy_loss         | -0.574       |
|    explained_variance   | 0.118        |
|    learning_rate        | 0.0003       |
|    loss                 | 25           |
|    n_updates            | 190          |
|    policy_gradient_loss | -0.00192     |
|    value_loss           | 47.9         |
------------------------------------------
------------------------------------------
| rollout/                |              |
|    ep_len_mean          | 60           |
|    ep_rew_mean          | 38.1         |
| time/                   |              |
|    fps                  | 109          |
|    iterations           | 21           |
|    time_elapsed         | 394          |
|    total_timesteps      | 43008        |
| train/                  |              |
|    approx_kl            | 0.0027538533 |
|    clip_fraction        | 0.0312       |
|    clip_range           | 0.2          |
|    entropy_loss         | -0.503       |
|    explained_variance   | 0.137        |
|    learning_rate        | 0.0003       |
|    loss                 | 22           |
|    n_updates            | 200          |
|    policy_gradient_loss | -0.0039      |
|    value_loss           | 44.8         |
------------------------------------------
------------------------------------------
| rollout/                |              |
|    ep_len_mean          | 60           |
|    ep_rew_mean          | 38.5         |
| time/                   |              |
|    fps                  | 108          |
|    iterations           | 22           |
|    time_elapsed         | 414          |
|    total_timesteps      | 45056        |
| train/                  |              |
|    approx_kl            | 0.0015203641 |
|    clip_fraction        | 0.0123       |
|    clip_range           | 0.2          |
|    entropy_loss         | -0.483       |
|    explained_variance   | 0.132        |
|    learning_rate        | 0.0003       |
|    loss                 | 23.7         |
|    n_updates            | 210          |
|    policy_gradient_loss | -0.00224     |
|    value_loss           | 49.4         |
------------------------------------------
-----------------------------------------
| rollout/                |             |
|    ep_len_mean          | 60          |
|    ep_rew_mean          | 39.1        |
| time/                   |             |
|    fps                  | 108         |
|    iterations           | 23          |
|    time_elapsed         | 435         |
|    total_timesteps      | 47104       |
| train/                  |             |
|    approx_kl            | 0.002234861 |
|    clip_fraction        | 0.0109      |
|    clip_range           | 0.2         |
|    entropy_loss         | -0.488      |
|    explained_variance   | 0.1         |
|    learning_rate        | 0.0003      |
|    loss                 | 23.6        |
|    n_updates            | 220         |
|    policy_gradient_loss | -0.00254    |
|    value_loss           | 49.9        |
-----------------------------------------
------------------------------------------
| rollout/                |              |
|    ep_len_mean          | 60           |
|    ep_rew_mean          | 39.3         |
| time/                   |              |
|    fps                  | 107          |
|    iterations           | 24           |
|    time_elapsed         | 455          |
|    total_timesteps      | 49152        |
| train/                  |              |
|    approx_kl            | 0.0016281198 |
|    clip_fraction        | 0.0208       |
|    clip_range           | 0.2          |
|    entropy_loss         | -0.473       |
|    explained_variance   | 0.0978       |
|    learning_rate        | 0.0003       |
|    loss                 | 31.6         |
|    n_updates            | 230          |
|    policy_gradient_loss | -0.00318     |
|    value_loss           | 53           |
------------------------------------------
------------------------------------------
| rollout/                |              |
|    ep_len_mean          | 60           |
|    ep_rew_mean          | 39.6         |
| time/                   |              |
|    fps                  | 107          |
|    iterations           | 25           |
|    time_elapsed         | 475          |
|    total_timesteps      | 51200        |
| train/                  |              |
|    approx_kl            | 0.0031580725 |
|    clip_fraction        | 0.0261       |
|    clip_range           | 0.2          |
|    entropy_loss         | -0.452       |
|    explained_variance   | 0.14         |
|    learning_rate        | 0.0003       |
|    loss                 | 22.4         |
|    n_updates            | 240          |
|    policy_gradient_loss | -0.00341     |
|    value_loss           | 48.4         |
------------------------------------------
    evaluating (100 episodes)...
    eval: 20/100 episodes
    eval: 40/100 episodes
    eval: 60/100 episodes
    eval: 80/100 episodes
    eval: 100/100 episodes
  handover_penalty=0.5 ...
Using cpu device
---------------------------------
| rollout/           |          |
|    ep_len_mean     | 60       |
|    ep_rew_mean     | -7.52    |
| time/              |          |
|    fps             | 136      |
|    iterations      | 1        |
|    time_elapsed    | 15       |
|    total_timesteps | 2048     |
---------------------------------
-----------------------------------------
| rollout/                |             |
|    ep_len_mean          | 60          |
|    ep_rew_mean          | -4.83       |
| time/                   |             |
|    fps                  | 133         |
|    iterations           | 2           |
|    time_elapsed         | 30          |
|    total_timesteps      | 4096        |
| train/                  |             |
|    approx_kl            | 0.015302649 |
|    clip_fraction        | 0.191       |
|    clip_range           | 0.2         |
|    entropy_loss         | -1.6        |
|    explained_variance   | -0.00644    |
|    learning_rate        | 0.0003      |
|    loss                 | 2.72        |
|    n_updates            | 10          |
|    policy_gradient_loss | -0.0261     |
|    value_loss           | 5.99        |
-----------------------------------------
-----------------------------------------
| rollout/                |             |
|    ep_len_mean          | 60          |
|    ep_rew_mean          | -2.3        |
| time/                   |             |
|    fps                  | 130         |
|    iterations           | 3           |
|    time_elapsed         | 47          |
|    total_timesteps      | 6144        |
| train/                  |             |
|    approx_kl            | 0.015549548 |
|    clip_fraction        | 0.23        |
|    clip_range           | 0.2         |
|    entropy_loss         | -1.56       |
|    explained_variance   | 0.105       |
|    learning_rate        | 0.0003      |
|    loss                 | 2.31        |
|    n_updates            | 20          |
|    policy_gradient_loss | -0.0295     |
|    value_loss           | 4.5         |
-----------------------------------------
-----------------------------------------
| rollout/                |             |
|    ep_len_mean          | 60          |
|    ep_rew_mean          | 3.58        |
| time/                   |             |
|    fps                  | 127         |
|    iterations           | 4           |
|    time_elapsed         | 64          |
|    total_timesteps      | 8192        |
| train/                  |             |
|    approx_kl            | 0.012697463 |
|    clip_fraction        | 0.153       |
|    clip_range           | 0.2         |
|    entropy_loss         | -1.51       |
|    explained_variance   | 0.126       |
|    learning_rate        | 0.0003      |
|    loss                 | 2.46        |
|    n_updates            | 30          |
|    policy_gradient_loss | -0.0218     |
|    value_loss           | 4.71        |
-----------------------------------------
------------------------------------------
| rollout/                |              |
|    ep_len_mean          | 60           |
|    ep_rew_mean          | 8.31         |
| time/                   |              |
|    fps                  | 124          |
|    iterations           | 5            |
|    time_elapsed         | 81           |
|    total_timesteps      | 10240        |
| train/                  |              |
|    approx_kl            | 0.0132129695 |
|    clip_fraction        | 0.0816       |
|    clip_range           | 0.2          |
|    entropy_loss         | -1.46        |
|    explained_variance   | 0.122        |
|    learning_rate        | 0.0003       |
|    loss                 | 2.1          |
|    n_updates            | 40           |
|    policy_gradient_loss | -0.0154      |
|    value_loss           | 5.51         |
------------------------------------------
-----------------------------------------
| rollout/                |             |
|    ep_len_mean          | 60          |
|    ep_rew_mean          | 13          |
| time/                   |             |
|    fps                  | 121         |
|    iterations           | 6           |
|    time_elapsed         | 100         |
|    total_timesteps      | 12288       |
| train/                  |             |
|    approx_kl            | 0.011004831 |
|    clip_fraction        | 0.0498      |
|    clip_range           | 0.2         |
|    entropy_loss         | -1.38       |
|    explained_variance   | 0.0349      |
|    learning_rate        | 0.0003      |
|    loss                 | 2.79        |
|    n_updates            | 50          |
|    policy_gradient_loss | -0.0107     |
|    value_loss           | 7.22        |
-----------------------------------------
------------------------------------------
| rollout/                |              |
|    ep_len_mean          | 60           |
|    ep_rew_mean          | 16.4         |
| time/                   |              |
|    fps                  | 119          |
|    iterations           | 7            |
|    time_elapsed         | 120          |
|    total_timesteps      | 14336        |
| train/                  |              |
|    approx_kl            | 0.0114321895 |
|    clip_fraction        | 0.0619       |
|    clip_range           | 0.2          |
|    entropy_loss         | -1.28        |
|    explained_variance   | 0.0843       |
|    learning_rate        | 0.0003       |
|    loss                 | 3.62         |
|    n_updates            | 60           |
|    policy_gradient_loss | -0.00996     |
|    value_loss           | 9.05         |
------------------------------------------
-----------------------------------------
| rollout/                |             |
|    ep_len_mean          | 60          |
|    ep_rew_mean          | 20.9        |
| time/                   |             |
|    fps                  | 117         |
|    iterations           | 8           |
|    time_elapsed         | 139         |
|    total_timesteps      | 16384       |
| train/                  |             |
|    approx_kl            | 0.013597988 |
|    clip_fraction        | 0.0315      |
|    clip_range           | 0.2         |
|    entropy_loss         | -1.17       |
|    explained_variance   | 0.0739      |
|    learning_rate        | 0.0003      |
|    loss                 | 5.1         |
|    n_updates            | 70          |
|    policy_gradient_loss | -0.00552    |
|    value_loss           | 11.9        |
-----------------------------------------
-----------------------------------------
| rollout/                |             |
|    ep_len_mean          | 60          |
|    ep_rew_mean          | 24.5        |
| time/                   |             |
|    fps                  | 112         |
|    iterations           | 9           |
|    time_elapsed         | 164         |
|    total_timesteps      | 18432       |
| train/                  |             |
|    approx_kl            | 0.011706628 |
|    clip_fraction        | 0.036       |
|    clip_range           | 0.2         |
|    entropy_loss         | -1.06       |
|    explained_variance   | 0.0229      |
|    learning_rate        | 0.0003      |
|    loss                 | 8.21        |
|    n_updates            | 80          |
|    policy_gradient_loss | -0.00637    |
|    value_loss           | 17.4        |
-----------------------------------------
------------------------------------------
| rollout/                |              |
|    ep_len_mean          | 60           |
|    ep_rew_mean          | 27.7         |
| time/                   |              |
|    fps                  | 107          |
|    iterations           | 10           |
|    time_elapsed         | 191          |
|    total_timesteps      | 20480        |
| train/                  |              |
|    approx_kl            | 0.0075502507 |
|    clip_fraction        | 0.015        |
|    clip_range           | 0.2          |
|    entropy_loss         | -0.95        |
|    explained_variance   | 0.0556       |
|    learning_rate        | 0.0003       |
|    loss                 | 9.16         |
|    n_updates            | 90           |
|    policy_gradient_loss | -0.00535     |
|    value_loss           | 20.1         |
------------------------------------------
-----------------------------------------
| rollout/                |             |
|    ep_len_mean          | 60          |
|    ep_rew_mean          | 29.7        |
| time/                   |             |
|    fps                  | 99          |
|    iterations           | 11          |
|    time_elapsed         | 225         |
|    total_timesteps      | 22528       |
| train/                  |             |
|    approx_kl            | 0.006328583 |
|    clip_fraction        | 0.0167      |
|    clip_range           | 0.2         |
|    entropy_loss         | -0.807      |
|    explained_variance   | 0.0653      |
|    learning_rate        | 0.0003      |
|    loss                 | 11.9        |
|    n_updates            | 100         |
|    policy_gradient_loss | -0.00535    |
|    value_loss           | 25.2        |
-----------------------------------------
------------------------------------------
| rollout/                |              |
|    ep_len_mean          | 60           |
|    ep_rew_mean          | 32.4         |
| time/                   |              |
|    fps                  | 96           |
|    iterations           | 12           |
|    time_elapsed         | 255          |
|    total_timesteps      | 24576        |
| train/                  |              |
|    approx_kl            | 0.0051242057 |
|    clip_fraction        | 0.0152       |
|    clip_range           | 0.2          |
|    entropy_loss         | -0.737       |
|    explained_variance   | 0.0589       |
|    learning_rate        | 0.0003       |
|    loss                 | 14.4         |
|    n_updates            | 110          |
|    policy_gradient_loss | -0.00377     |
|    value_loss           | 28.4         |
------------------------------------------
------------------------------------------
| rollout/                |              |
|    ep_len_mean          | 60           |
|    ep_rew_mean          | 33.5         |
| time/                   |              |
|    fps                  | 93           |
|    iterations           | 13           |
|    time_elapsed         | 283          |
|    total_timesteps      | 26624        |
| train/                  |              |
|    approx_kl            | 0.0024512503 |
|    clip_fraction        | 0.00684      |
|    clip_range           | 0.2          |
|    entropy_loss         | -0.641       |
|    explained_variance   | 0.0907       |
|    learning_rate        | 0.0003       |
|    loss                 | 15.8         |
|    n_updates            | 120          |
|    policy_gradient_loss | -0.00154     |
|    value_loss           | 33.2         |
------------------------------------------
------------------------------------------
| rollout/                |              |
|    ep_len_mean          | 60           |
|    ep_rew_mean          | 34.4         |
| time/                   |              |
|    fps                  | 92           |
|    iterations           | 14           |
|    time_elapsed         | 311          |
|    total_timesteps      | 28672        |
| train/                  |              |
|    approx_kl            | 0.0023570599 |
|    clip_fraction        | 0.0113       |
|    clip_range           | 0.2          |
|    entropy_loss         | -0.613       |
|    explained_variance   | 0.118        |
|    learning_rate        | 0.0003       |
|    loss                 | 17.6         |
|    n_updates            | 130          |
|    policy_gradient_loss | -0.00168     |
|    value_loss           | 31.7         |
------------------------------------------
------------------------------------------
| rollout/                |              |
|    ep_len_mean          | 60           |
|    ep_rew_mean          | 35.2         |
| time/                   |              |
|    fps                  | 90           |
|    iterations           | 15           |
|    time_elapsed         | 340          |
|    total_timesteps      | 30720        |
| train/                  |              |
|    approx_kl            | 0.0025290959 |
|    clip_fraction        | 0.00937      |
|    clip_range           | 0.2          |
|    entropy_loss         | -0.541       |
|    explained_variance   | 0.116        |
|    learning_rate        | 0.0003       |
|    loss                 | 18.5         |
|    n_updates            | 140          |
|    policy_gradient_loss | -0.00232     |
|    value_loss           | 38.1         |
------------------------------------------
------------------------------------------
| rollout/                |              |
|    ep_len_mean          | 60           |
|    ep_rew_mean          | 36.5         |
| time/                   |              |
|    fps                  | 90           |
|    iterations           | 16           |
|    time_elapsed         | 362          |
|    total_timesteps      | 32768        |
| train/                  |              |
|    approx_kl            | 0.0025417455 |
|    clip_fraction        | 0.0197       |
|    clip_range           | 0.2          |
|    entropy_loss         | -0.51        |
|    explained_variance   | 0.0776       |
|    learning_rate        | 0.0003       |
|    loss                 | 21.3         |
|    n_updates            | 150          |
|    policy_gradient_loss | -0.00242     |
|    value_loss           | 42           |
------------------------------------------
------------------------------------------
| rollout/                |              |
|    ep_len_mean          | 60           |
|    ep_rew_mean          | 37.6         |
| time/                   |              |
|    fps                  | 90           |
|    iterations           | 17           |
|    time_elapsed         | 383          |
|    total_timesteps      | 34816        |
| train/                  |              |
|    approx_kl            | 0.0026196751 |
|    clip_fraction        | 0.0192       |
|    clip_range           | 0.2          |
|    entropy_loss         | -0.454       |
|    explained_variance   | 0.0911       |
|    learning_rate        | 0.0003       |
|    loss                 | 19.9         |
|    n_updates            | 160          |
|    policy_gradient_loss | -0.00347     |
|    value_loss           | 42.3         |
------------------------------------------
------------------------------------------
| rollout/                |              |
|    ep_len_mean          | 60           |
|    ep_rew_mean          | 38.4         |
| time/                   |              |
|    fps                  | 90           |
|    iterations           | 18           |
|    time_elapsed         | 406          |
|    total_timesteps      | 36864        |
| train/                  |              |
|    approx_kl            | 0.0014630036 |
|    clip_fraction        | 0.0107       |
|    clip_range           | 0.2          |
|    entropy_loss         | -0.434       |
|    explained_variance   | 0.115        |
|    learning_rate        | 0.0003       |
|    loss                 | 20.7         |
|    n_updates            | 170          |
|    policy_gradient_loss | -0.00241     |
|    value_loss           | 46.1         |
------------------------------------------
-----------------------------------------
| rollout/                |             |
|    ep_len_mean          | 60          |
|    ep_rew_mean          | 39.1        |
| time/                   |             |
|    fps                  | 89          |
|    iterations           | 19          |
|    time_elapsed         | 435         |
|    total_timesteps      | 38912       |
| train/                  |             |
|    approx_kl            | 0.001891906 |
|    clip_fraction        | 0.0114      |
|    clip_range           | 0.2         |
|    entropy_loss         | -0.395      |
|    explained_variance   | 0.0462      |
|    learning_rate        | 0.0003      |
|    loss                 | 19.7        |
|    n_updates            | 180         |
|    policy_gradient_loss | -0.00322    |
|    value_loss           | 48          |
-----------------------------------------
------------------------------------------
| rollout/                |              |
|    ep_len_mean          | 60           |
|    ep_rew_mean          | 39.2         |
| time/                   |              |
|    fps                  | 88           |
|    iterations           | 20           |
|    time_elapsed         | 465          |
|    total_timesteps      | 40960        |
| train/                  |              |
|    approx_kl            | 0.0018739578 |
|    clip_fraction        | 0.0156       |
|    clip_range           | 0.2          |
|    entropy_loss         | -0.357       |
|    explained_variance   | 0.11         |
|    learning_rate        | 0.0003       |
|    loss                 | 27.1         |
|    n_updates            | 190          |
|    policy_gradient_loss | -0.00316     |
|    value_loss           | 51.4         |
------------------------------------------
-----------------------------------------
| rollout/                |             |
|    ep_len_mean          | 60          |
|    ep_rew_mean          | 39.6        |
| time/                   |             |
|    fps                  | 86          |
|    iterations           | 21          |
|    time_elapsed         | 496         |
|    total_timesteps      | 43008       |
| train/                  |             |
|    approx_kl            | 0.002185128 |
|    clip_fraction        | 0.0276      |
|    clip_range           | 0.2         |
|    entropy_loss         | -0.313      |
|    explained_variance   | 0.127       |
|    learning_rate        | 0.0003      |
|    loss                 | 22.7        |
|    n_updates            | 200         |
|    policy_gradient_loss | -0.00348    |
|    value_loss           | 46.9        |
-----------------------------------------
------------------------------------------
| rollout/                |              |
|    ep_len_mean          | 60           |
|    ep_rew_mean          | 39.8         |
| time/                   |              |
|    fps                  | 85           |
|    iterations           | 22           |
|    time_elapsed         | 527          |
|    total_timesteps      | 45056        |
| train/                  |              |
|    approx_kl            | 0.0010804877 |
|    clip_fraction        | 0.0042       |
|    clip_range           | 0.2          |
|    entropy_loss         | -0.28        |
|    explained_variance   | 0.122        |
|    learning_rate        | 0.0003       |
|    loss                 | 25.3         |
|    n_updates            | 210          |
|    policy_gradient_loss | -0.00145     |
|    value_loss           | 52.4         |
------------------------------------------
------------------------------------------
| rollout/                |              |
|    ep_len_mean          | 60           |
|    ep_rew_mean          | 40.5         |
| time/                   |              |
|    fps                  | 84           |
|    iterations           | 23           |
|    time_elapsed         | 555          |
|    total_timesteps      | 47104        |
| train/                  |              |
|    approx_kl            | 0.0013380431 |
|    clip_fraction        | 0.00825      |
|    clip_range           | 0.2          |
|    entropy_loss         | -0.269       |
|    explained_variance   | 0.0982       |
|    learning_rate        | 0.0003       |
|    loss                 | 24.8         |
|    n_updates            | 220          |
|    policy_gradient_loss | -0.00231     |
|    value_loss           | 52.3         |
------------------------------------------
------------------------------------------
| rollout/                |              |
|    ep_len_mean          | 60           |
|    ep_rew_mean          | 40.7         |
| time/                   |              |
|    fps                  | 84           |
|    iterations           | 24           |
|    time_elapsed         | 579          |
|    total_timesteps      | 49152        |
| train/                  |              |
|    approx_kl            | 0.0004445451 |
|    clip_fraction        | 0.00679      |
|    clip_range           | 0.2          |
|    entropy_loss         | -0.257       |
|    explained_variance   | 0.102        |
|    learning_rate        | 0.0003       |
|    loss                 | 33.1         |
|    n_updates            | 230          |
|    policy_gradient_loss | -0.00132     |
|    value_loss           | 55.7         |
------------------------------------------
------------------------------------------
| rollout/                |              |
|    ep_len_mean          | 60           |
|    ep_rew_mean          | 40.9         |
| time/                   |              |
|    fps                  | 83           |
|    iterations           | 25           |
|    time_elapsed         | 609          |
|    total_timesteps      | 51200        |
| train/                  |              |
|    approx_kl            | 0.0007743371 |
|    clip_fraction        | 0.00439      |
|    clip_range           | 0.2          |
|    entropy_loss         | -0.244       |
|    explained_variance   | 0.144        |
|    learning_rate        | 0.0003       |
|    loss                 | 23           |
|    n_updates            | 240          |
|    policy_gradient_loss | -0.00129     |
|    value_loss           | 50           |
------------------------------------------
    evaluating (100 episodes)...
    eval: 20/100 episodes
    eval: 40/100 episodes
    eval: 60/100 episodes
    eval: 80/100 episodes
    eval: 100/100 episodes
 handover_penalty  reward_mean  switch_rate_mean  outage_rate_mean
             0.00    44.483912          0.053500               0.0
             0.05    44.013099          0.048667               0.0
             0.15    43.781056          0.041667               0.0
             0.30    43.454577          0.040000               0.0
             0.50    43.160702          0.037333               0.0

switch rate monotonically non-increasing with handover penalty: True

running reward-profile sweep (handover_penalty=0.15)...
  reward_profile=balanced ...
Using cpu device
---------------------------------
| rollout/           |          |
|    ep_len_mean     | 60       |
|    ep_rew_mean     | 2.08     |
| time/              |          |
|    fps             | 90       |
|    iterations      | 1        |
|    time_elapsed    | 22       |
|    total_timesteps | 2048     |
---------------------------------
-----------------------------------------
| rollout/                |             |
|    ep_len_mean          | 60          |
|    ep_rew_mean          | 4.91        |
| time/                   |             |
|    fps                  | 88          |
|    iterations           | 2           |
|    time_elapsed         | 46          |
|    total_timesteps      | 4096        |
| train/                  |             |
|    approx_kl            | 0.014989248 |
|    clip_fraction        | 0.181       |
|    clip_range           | 0.2         |
|    entropy_loss         | -1.6        |
|    explained_variance   | -0.00579    |
|    learning_rate        | 0.0003      |
|    loss                 | 3.72        |
|    n_updates            | 10          |
|    policy_gradient_loss | -0.0238     |
|    value_loss           | 7.96        |
-----------------------------------------
-----------------------------------------
| rollout/                |             |
|    ep_len_mean          | 60          |
|    ep_rew_mean          | 7.5         |
| time/                   |             |
|    fps                  | 82          |
|    iterations           | 3           |
|    time_elapsed         | 74          |
|    total_timesteps      | 6144        |
| train/                  |             |
|    approx_kl            | 0.013055879 |
|    clip_fraction        | 0.123       |
|    clip_range           | 0.2         |
|    entropy_loss         | -1.57       |
|    explained_variance   | 0.144       |
|    learning_rate        | 0.0003      |
|    loss                 | 3.66        |
|    n_updates            | 20          |
|    policy_gradient_loss | -0.0189     |
|    value_loss           | 8.02        |
-----------------------------------------
-----------------------------------------
| rollout/                |             |
|    ep_len_mean          | 60          |
|    ep_rew_mean          | 13.2        |
| time/                   |             |
|    fps                  | 81          |
|    iterations           | 4           |
|    time_elapsed         | 101         |
|    total_timesteps      | 8192        |
| train/                  |             |
|    approx_kl            | 0.010240771 |
|    clip_fraction        | 0.0819      |
|    clip_range           | 0.2         |
|    entropy_loss         | -1.54       |
|    explained_variance   | 0.139       |
|    learning_rate        | 0.0003      |
|    loss                 | 4.55        |
|    n_updates            | 30          |
|    policy_gradient_loss | -0.0123     |
|    value_loss           | 10.2        |
-----------------------------------------
------------------------------------------
| rollout/                |              |
|    ep_len_mean          | 60           |
|    ep_rew_mean          | 17.2         |
| time/                   |              |
|    fps                  | 80           |
|    iterations           | 5            |
|    time_elapsed         | 126          |
|    total_timesteps      | 10240        |
| train/                  |              |
|    approx_kl            | 0.0068781967 |
|    clip_fraction        | 0.00923      |
|    clip_range           | 0.2          |
|    entropy_loss         | -1.5         |
|    explained_variance   | 0.142        |
|    learning_rate        | 0.0003       |
|    loss                 | 5.46         |
|    n_updates            | 40           |
|    policy_gradient_loss | -0.00625     |
|    value_loss           | 13.8         |
------------------------------------------
------------------------------------------
| rollout/                |              |
|    ep_len_mean          | 60           |
|    ep_rew_mean          | 21           |
| time/                   |              |
|    fps                  | 79           |
|    iterations           | 6            |
|    time_elapsed         | 154          |
|    total_timesteps      | 12288        |
| train/                  |              |
|    approx_kl            | 0.0087425215 |
|    clip_fraction        | 0.0197       |
|    clip_range           | 0.2          |
|    entropy_loss         | -1.44        |
|    explained_variance   | 0.0715       |
|    learning_rate        | 0.0003       |
|    loss                 | 7.31         |
|    n_updates            | 50           |
|    policy_gradient_loss | -0.00591     |
|    value_loss           | 16.7         |
------------------------------------------
-----------------------------------------
| rollout/                |             |
|    ep_len_mean          | 60          |
|    ep_rew_mean          | 23.2        |
| time/                   |             |
|    fps                  | 77          |
|    iterations           | 7           |
|    time_elapsed         | 184         |
|    total_timesteps      | 14336       |
| train/                  |             |
|    approx_kl            | 0.010424586 |
|    clip_fraction        | 0.0465      |
|    clip_range           | 0.2         |
|    entropy_loss         | -1.36       |
|    explained_variance   | 0.0676      |
|    learning_rate        | 0.0003      |
|    loss                 | 9.66        |
|    n_updates            | 60          |
|    policy_gradient_loss | -0.00603    |
|    value_loss           | 20.9        |
-----------------------------------------
----------------------------------------
| rollout/                |            |
|    ep_len_mean          | 60         |
|    ep_rew_mean          | 26.6       |
| time/                   |            |
|    fps                  | 77         |
|    iterations           | 8          |
|    time_elapsed         | 212        |
|    total_timesteps      | 16384      |
| train/                  |            |
|    approx_kl            | 0.00908733 |
|    clip_fraction        | 0.00928    |
|    clip_range           | 0.2        |
|    entropy_loss         | -1.29      |
|    explained_variance   | 0.0853     |
|    learning_rate        | 0.0003     |
|    loss                 | 11.3       |
|    n_updates            | 70         |
|    policy_gradient_loss | -0.00424   |
|    value_loss           | 23         |
----------------------------------------
-----------------------------------------
| rollout/                |             |
|    ep_len_mean          | 60          |
|    ep_rew_mean          | 29.3        |
| time/                   |             |
|    fps                  | 76          |
|    iterations           | 9           |
|    time_elapsed         | 241         |
|    total_timesteps      | 18432       |
| train/                  |             |
|    approx_kl            | 0.012738311 |
|    clip_fraction        | 0.0438      |
|    clip_range           | 0.2         |
|    entropy_loss         | -1.2        |
|    explained_variance   | 0.0517      |
|    learning_rate        | 0.0003      |
|    loss                 | 13.8        |
|    n_updates            | 80          |
|    policy_gradient_loss | -0.00672    |
|    value_loss           | 28.2        |
-----------------------------------------
------------------------------------------
| rollout/                |              |
|    ep_len_mean          | 60           |
|    ep_rew_mean          | 31.4         |
| time/                   |              |
|    fps                  | 75           |
|    iterations           | 10           |
|    time_elapsed         | 270          |
|    total_timesteps      | 20480        |
| train/                  |              |
|    approx_kl            | 0.0070590917 |
|    clip_fraction        | 0.00864      |
|    clip_range           | 0.2          |
|    entropy_loss         | -1.13        |
|    explained_variance   | 0.0843       |
|    learning_rate        | 0.0003       |
|    loss                 | 13.6         |
|    n_updates            | 90           |
|    policy_gradient_loss | -0.00305     |
|    value_loss           | 29.6         |
------------------------------------------
----------------------------------------
| rollout/                |            |
|    ep_len_mean          | 60         |
|    ep_rew_mean          | 32.8       |
| time/                   |            |
|    fps                  | 74         |
|    iterations           | 11         |
|    time_elapsed         | 303        |
|    total_timesteps      | 22528      |
| train/                  |            |
|    approx_kl            | 0.00456805 |
|    clip_fraction        | 0.017      |
|    clip_range           | 0.2        |
|    entropy_loss         | -1.02      |
|    explained_variance   | 0.113      |
|    learning_rate        | 0.0003     |
|    loss                 | 16.1       |
|    n_updates            | 100        |
|    policy_gradient_loss | -0.00407   |
|    value_loss           | 35.2       |
----------------------------------------
------------------------------------------
| rollout/                |              |
|    ep_len_mean          | 60           |
|    ep_rew_mean          | 34.2         |
| time/                   |              |
|    fps                  | 73           |
|    iterations           | 12           |
|    time_elapsed         | 333          |
|    total_timesteps      | 24576        |
| train/                  |              |
|    approx_kl            | 0.0058487635 |
|    clip_fraction        | 0.0292       |
|    clip_range           | 0.2          |
|    entropy_loss         | -0.963       |
|    explained_variance   | 0.0821       |
|    learning_rate        | 0.0003       |
|    loss                 | 19           |
|    n_updates            | 110          |
|    policy_gradient_loss | -0.00375     |
|    value_loss           | 36.6         |
------------------------------------------
-----------------------------------------
| rollout/                |             |
|    ep_len_mean          | 60          |
|    ep_rew_mean          | 35          |
| time/                   |             |
|    fps                  | 73          |
|    iterations           | 13          |
|    time_elapsed         | 361         |
|    total_timesteps      | 26624       |
| train/                  |             |
|    approx_kl            | 0.005363075 |
|    clip_fraction        | 0.0263      |
|    clip_range           | 0.2         |
|    entropy_loss         | -0.893      |
|    explained_variance   | 0.106       |
|    learning_rate        | 0.0003      |
|    loss                 | 20.7        |
|    n_updates            | 120         |
|    policy_gradient_loss | -0.00446    |
|    value_loss           | 42.2        |
-----------------------------------------
------------------------------------------
| rollout/                |              |
|    ep_len_mean          | 60           |
|    ep_rew_mean          | 35.2         |
| time/                   |              |
|    fps                  | 73           |
|    iterations           | 14           |
|    time_elapsed         | 391          |
|    total_timesteps      | 28672        |
| train/                  |              |
|    approx_kl            | 0.0042080753 |
|    clip_fraction        | 0.0294       |
|    clip_range           | 0.2          |
|    entropy_loss         | -0.887       |
|    explained_variance   | 0.137        |
|    learning_rate        | 0.0003       |
|    loss                 | 20.9         |
|    n_updates            | 130          |
|    policy_gradient_loss | -0.00338     |
|    value_loss           | 38.2         |
------------------------------------------
-----------------------------------------
| rollout/                |             |
|    ep_len_mean          | 60          |
|    ep_rew_mean          | 35.5        |
| time/                   |             |
|    fps                  | 72          |
|    iterations           | 15          |
|    time_elapsed         | 422         |
|    total_timesteps      | 30720       |
| train/                  |             |
|    approx_kl            | 0.004864848 |
|    clip_fraction        | 0.0406      |
|    clip_range           | 0.2         |
|    entropy_loss         | -0.865      |
|    explained_variance   | 0.135       |
|    learning_rate        | 0.0003      |
|    loss                 | 20.9        |
|    n_updates            | 140         |
|    policy_gradient_loss | -0.00563    |
|    value_loss           | 43.5        |
-----------------------------------------
------------------------------------------
| rollout/                |              |
|    ep_len_mean          | 60           |
|    ep_rew_mean          | 36           |
| time/                   |              |
|    fps                  | 73           |
|    iterations           | 16           |
|    time_elapsed         | 448          |
|    total_timesteps      | 32768        |
| train/                  |              |
|    approx_kl            | 0.0044721784 |
|    clip_fraction        | 0.0191       |
|    clip_range           | 0.2          |
|    entropy_loss         | -0.855       |
|    explained_variance   | 0.0885       |
|    learning_rate        | 0.0003       |
|    loss                 | 23.3         |
|    n_updates            | 150          |
|    policy_gradient_loss | -0.00433     |
|    value_loss           | 47.1         |
------------------------------------------
------------------------------------------
| rollout/                |              |
|    ep_len_mean          | 60           |
|    ep_rew_mean          | 37           |
| time/                   |              |
|    fps                  | 72           |
|    iterations           | 17           |
|    time_elapsed         | 479          |
|    total_timesteps      | 34816        |
| train/                  |              |
|    approx_kl            | 0.0042522685 |
|    clip_fraction        | 0.0256       |
|    clip_range           | 0.2          |
|    entropy_loss         | -0.826       |
|    explained_variance   | 0.0971       |
|    learning_rate        | 0.0003       |
|    loss                 | 21.3         |
|    n_updates            | 160          |
|    policy_gradient_loss | -0.00465     |
|    value_loss           | 44.1         |
------------------------------------------
------------------------------------------
| rollout/                |              |
|    ep_len_mean          | 60           |
|    ep_rew_mean          | 37.3         |
| time/                   |              |
|    fps                  | 72           |
|    iterations           | 18           |
|    time_elapsed         | 505          |
|    total_timesteps      | 36864        |
| train/                  |              |
|    approx_kl            | 0.0034639358 |
|    clip_fraction        | 0.0174       |
|    clip_range           | 0.2          |
|    entropy_loss         | -0.847       |
|    explained_variance   | 0.123        |
|    learning_rate        | 0.0003       |
|    loss                 | 21.2         |
|    n_updates            | 170          |
|    policy_gradient_loss | -0.00315     |
|    value_loss           | 47.1         |
------------------------------------------
------------------------------------------
| rollout/                |              |
|    ep_len_mean          | 60           |
|    ep_rew_mean          | 37.7         |
| time/                   |              |
|    fps                  | 73           |
|    iterations           | 19           |
|    time_elapsed         | 532          |
|    total_timesteps      | 38912        |
| train/                  |              |
|    approx_kl            | 0.0058758543 |
|    clip_fraction        | 0.0643       |
|    clip_range           | 0.2          |
|    entropy_loss         | -0.803       |
|    explained_variance   | 0.0547       |
|    learning_rate        | 0.0003       |
|    loss                 | 20           |
|    n_updates            | 180          |
|    policy_gradient_loss | -0.00576     |
|    value_loss           | 48.6         |
------------------------------------------
------------------------------------------
| rollout/                |              |
|    ep_len_mean          | 60           |
|    ep_rew_mean          | 37.6         |
| time/                   |              |
|    fps                  | 72           |
|    iterations           | 20           |
|    time_elapsed         | 561          |
|    total_timesteps      | 40960        |
| train/                  |              |
|    approx_kl            | 0.0037463373 |
|    clip_fraction        | 0.0385       |
|    clip_range           | 0.2          |
|    entropy_loss         | -0.742       |
|    explained_variance   | 0.116        |
|    learning_rate        | 0.0003       |
|    loss                 | 26.6         |
|    n_updates            | 190          |
|    policy_gradient_loss | -0.00514     |
|    value_loss           | 50.7         |
------------------------------------------
------------------------------------------
| rollout/                |              |
|    ep_len_mean          | 60           |
|    ep_rew_mean          | 38.2         |
| time/                   |              |
|    fps                  | 72           |
|    iterations           | 21           |
|    time_elapsed         | 590          |
|    total_timesteps      | 43008        |
| train/                  |              |
|    approx_kl            | 0.0049994774 |
|    clip_fraction        | 0.0315       |
|    clip_range           | 0.2          |
|    entropy_loss         | -0.675       |
|    explained_variance   | 0.139        |
|    learning_rate        | 0.0003       |
|    loss                 | 22.2         |
|    n_updates            | 200          |
|    policy_gradient_loss | -0.00328     |
|    value_loss           | 45.4         |
------------------------------------------
-----------------------------------------
| rollout/                |             |
|    ep_len_mean          | 60          |
|    ep_rew_mean          | 38.7        |
| time/                   |             |
|    fps                  | 72          |
|    iterations           | 22          |
|    time_elapsed         | 620         |
|    total_timesteps      | 45056       |
| train/                  |             |
|    approx_kl            | 0.002700564 |
|    clip_fraction        | 0.0183      |
|    clip_range           | 0.2         |
|    entropy_loss         | -0.648      |
|    explained_variance   | 0.133       |
|    learning_rate        | 0.0003      |
|    loss                 | 24.5        |
|    n_updates            | 210         |
|    policy_gradient_loss | -0.00344    |
|    value_loss           | 50.6        |
-----------------------------------------
------------------------------------------
| rollout/                |              |
|    ep_len_mean          | 60           |
|    ep_rew_mean          | 39.3         |
| time/                   |              |
|    fps                  | 72           |
|    iterations           | 23           |
|    time_elapsed         | 652          |
|    total_timesteps      | 47104        |
| train/                  |              |
|    approx_kl            | 0.0037566097 |
|    clip_fraction        | 0.0228       |
|    clip_range           | 0.2          |
|    entropy_loss         | -0.634       |
|    explained_variance   | 0.0936       |
|    learning_rate        | 0.0003       |
|    loss                 | 24.3         |
|    n_updates            | 220          |
|    policy_gradient_loss | -0.00343     |
|    value_loss           | 51.2         |
------------------------------------------
------------------------------------------
| rollout/                |              |
|    ep_len_mean          | 60           |
|    ep_rew_mean          | 39.8         |
| time/                   |              |
|    fps                  | 72           |
|    iterations           | 24           |
|    time_elapsed         | 681          |
|    total_timesteps      | 49152        |
| train/                  |              |
|    approx_kl            | 0.0028349562 |
|    clip_fraction        | 0.0136       |
|    clip_range           | 0.2          |
|    entropy_loss         | -0.603       |
|    explained_variance   | 0.102        |
|    learning_rate        | 0.0003       |
|    loss                 | 32.1         |
|    n_updates            | 230          |
|    policy_gradient_loss | -0.00299     |
|    value_loss           | 54.6         |
------------------------------------------
------------------------------------------
| rollout/                |              |
|    ep_len_mean          | 60           |
|    ep_rew_mean          | 40.2         |
| time/                   |              |
|    fps                  | 72           |
|    iterations           | 25           |
|    time_elapsed         | 706          |
|    total_timesteps      | 51200        |
| train/                  |              |
|    approx_kl            | 0.0023776782 |
|    clip_fraction        | 0.00835      |
|    clip_range           | 0.2          |
|    entropy_loss         | -0.562       |
|    explained_variance   | 0.143        |
|    learning_rate        | 0.0003       |
|    loss                 | 23.3         |
|    n_updates            | 240          |
|    policy_gradient_loss | -0.00264     |
|    value_loss           | 50.2         |
------------------------------------------
    evaluating (100 episodes)...
    eval: 20/100 episodes
    eval: 40/100 episodes
    eval: 60/100 episodes
    eval: 80/100 episodes
    eval: 100/100 episodes
  reward_profile=throughput-leaning ...
Using cpu device
---------------------------------
| rollout/           |          |
|    ep_len_mean     | 60       |
|    ep_rew_mean     | 1.86     |
| time/              |          |
|    fps             | 141      |
|    iterations      | 1        |
|    time_elapsed    | 14       |
|    total_timesteps | 2048     |
---------------------------------
-----------------------------------------
| rollout/                |             |
|    ep_len_mean          | 60          |
|    ep_rew_mean          | 4.62        |
| time/                   |             |
|    fps                  | 135         |
|    iterations           | 2           |
|    time_elapsed         | 30          |
|    total_timesteps      | 4096        |
| train/                  |             |
|    approx_kl            | 0.015302192 |
|    clip_fraction        | 0.189       |
|    clip_range           | 0.2         |
|    entropy_loss         | -1.6        |
|    explained_variance   | -0.00834    |
|    learning_rate        | 0.0003      |
|    loss                 | 3.74        |
|    n_updates            | 10          |
|    policy_gradient_loss | -0.0241     |
|    value_loss           | 7.96        |
-----------------------------------------
-----------------------------------------
| rollout/                |             |
|    ep_len_mean          | 60          |
|    ep_rew_mean          | 7.2         |
| time/                   |             |
|    fps                  | 132         |
|    iterations           | 3           |
|    time_elapsed         | 46          |
|    total_timesteps      | 6144        |
| train/                  |             |
|    approx_kl            | 0.013390772 |
|    clip_fraction        | 0.128       |
|    clip_range           | 0.2         |
|    entropy_loss         | -1.57       |
|    explained_variance   | 0.142       |
|    learning_rate        | 0.0003      |
|    loss                 | 3.63        |
|    n_updates            | 20          |
|    policy_gradient_loss | -0.0194     |
|    value_loss           | 7.91        |
-----------------------------------------
-----------------------------------------
| rollout/                |             |
|    ep_len_mean          | 60          |
|    ep_rew_mean          | 12.9        |
| time/                   |             |
|    fps                  | 128         |
|    iterations           | 4           |
|    time_elapsed         | 63          |
|    total_timesteps      | 8192        |
| train/                  |             |
|    approx_kl            | 0.010556191 |
|    clip_fraction        | 0.0766      |
|    clip_range           | 0.2         |
|    entropy_loss         | -1.53       |
|    explained_variance   | 0.136       |
|    learning_rate        | 0.0003      |
|    loss                 | 4.64        |
|    n_updates            | 30          |
|    policy_gradient_loss | -0.0124     |
|    value_loss           | 10.3        |
-----------------------------------------
------------------------------------------
| rollout/                |              |
|    ep_len_mean          | 60           |
|    ep_rew_mean          | 16.8         |
| time/                   |              |
|    fps                  | 126          |
|    iterations           | 5            |
|    time_elapsed         | 80           |
|    total_timesteps      | 10240        |
| train/                  |              |
|    approx_kl            | 0.0059759323 |
|    clip_fraction        | 0.0083       |
|    clip_range           | 0.2          |
|    entropy_loss         | -1.5         |
|    explained_variance   | 0.141        |
|    learning_rate        | 0.0003       |
|    loss                 | 5.39         |
|    n_updates            | 40           |
|    policy_gradient_loss | -0.00581     |
|    value_loss           | 13.7         |
------------------------------------------
-----------------------------------------
| rollout/                |             |
|    ep_len_mean          | 60          |
|    ep_rew_mean          | 20.3        |
| time/                   |             |
|    fps                  | 124         |
|    iterations           | 6           |
|    time_elapsed         | 98          |
|    total_timesteps      | 12288       |
| train/                  |             |
|    approx_kl            | 0.009233808 |
|    clip_fraction        | 0.0202      |
|    clip_range           | 0.2         |
|    entropy_loss         | -1.44       |
|    explained_variance   | 0.0758      |
|    learning_rate        | 0.0003      |
|    loss                 | 6.93        |
|    n_updates            | 50          |
|    policy_gradient_loss | -0.0057     |
|    value_loss           | 15.7        |
-----------------------------------------
-----------------------------------------
| rollout/                |             |
|    ep_len_mean          | 60          |
|    ep_rew_mean          | 22.3        |
| time/                   |             |
|    fps                  | 123         |
|    iterations           | 7           |
|    time_elapsed         | 116         |
|    total_timesteps      | 14336       |
| train/                  |             |
|    approx_kl            | 0.010832885 |
|    clip_fraction        | 0.0531      |
|    clip_range           | 0.2         |
|    entropy_loss         | -1.36       |
|    explained_variance   | 0.07        |
|    learning_rate        | 0.0003      |
|    loss                 | 9.18        |
|    n_updates            | 60          |
|    policy_gradient_loss | -0.00699    |
|    value_loss           | 19.5        |
-----------------------------------------
-----------------------------------------
| rollout/                |             |
|    ep_len_mean          | 60          |
|    ep_rew_mean          | 25.6        |
| time/                   |             |
|    fps                  | 121         |
|    iterations           | 8           |
|    time_elapsed         | 134         |
|    total_timesteps      | 16384       |
| train/                  |             |
|    approx_kl            | 0.008137869 |
|    clip_fraction        | 0.0187      |
|    clip_range           | 0.2         |
|    entropy_loss         | -1.31       |
|    explained_variance   | 0.0945      |
|    learning_rate        | 0.0003      |
|    loss                 | 10.7        |
|    n_updates            | 70          |
|    policy_gradient_loss | -0.00487    |
|    value_loss           | 21.9        |
-----------------------------------------
-----------------------------------------
| rollout/                |             |
|    ep_len_mean          | 60          |
|    ep_rew_mean          | 28.4        |
| time/                   |             |
|    fps                  | 120         |
|    iterations           | 9           |
|    time_elapsed         | 153         |
|    total_timesteps      | 18432       |
| train/                  |             |
|    approx_kl            | 0.011967471 |
|    clip_fraction        | 0.0306      |
|    clip_range           | 0.2         |
|    entropy_loss         | -1.24       |
|    explained_variance   | 0.0558      |
|    learning_rate        | 0.0003      |
|    loss                 | 13.1        |
|    n_updates            | 80          |
|    policy_gradient_loss | -0.00563    |
|    value_loss           | 26.7        |
-----------------------------------------
-----------------------------------------
| rollout/                |             |
|    ep_len_mean          | 60          |
|    ep_rew_mean          | 30.4        |
| time/                   |             |
|    fps                  | 118         |
|    iterations           | 10          |
|    time_elapsed         | 172         |
|    total_timesteps      | 20480       |
| train/                  |             |
|    approx_kl            | 0.010555951 |
|    clip_fraction        | 0.025       |
|    clip_range           | 0.2         |
|    entropy_loss         | -1.16       |
|    explained_variance   | 0.0895      |
|    learning_rate        | 0.0003      |
|    loss                 | 13.1        |
|    n_updates            | 90          |
|    policy_gradient_loss | -0.00447    |
|    value_loss           | 28.4        |
-----------------------------------------
-----------------------------------------
| rollout/                |             |
|    ep_len_mean          | 60          |
|    ep_rew_mean          | 31.7        |
| time/                   |             |
|    fps                  | 117         |
|    iterations           | 11          |
|    time_elapsed         | 191         |
|    total_timesteps      | 22528       |
| train/                  |             |
|    approx_kl            | 0.004374734 |
|    clip_fraction        | 0.0184      |
|    clip_range           | 0.2         |
|    entropy_loss         | -1.08       |
|    explained_variance   | 0.113       |
|    learning_rate        | 0.0003      |
|    loss                 | 15.3        |
|    n_updates            | 100         |
|    policy_gradient_loss | -0.00405    |
|    value_loss           | 33.2        |
-----------------------------------------
------------------------------------------
| rollout/                |              |
|    ep_len_mean          | 60           |
|    ep_rew_mean          | 32.5         |
| time/                   |              |
|    fps                  | 116          |
|    iterations           | 12           |
|    time_elapsed         | 210          |
|    total_timesteps      | 24576        |
| train/                  |              |
|    approx_kl            | 0.0068671135 |
|    clip_fraction        | 0.0204       |
|    clip_range           | 0.2          |
|    entropy_loss         | -1.06        |
|    explained_variance   | 0.0822       |
|    learning_rate        | 0.0003       |
|    loss                 | 17.8         |
|    n_updates            | 110          |
|    policy_gradient_loss | -0.00367     |
|    value_loss           | 34.3         |
------------------------------------------
-----------------------------------------
| rollout/                |             |
|    ep_len_mean          | 60          |
|    ep_rew_mean          | 33.1        |
| time/                   |             |
|    fps                  | 115         |
|    iterations           | 13          |
|    time_elapsed         | 229         |
|    total_timesteps      | 26624       |
| train/                  |             |
|    approx_kl            | 0.007492408 |
|    clip_fraction        | 0.0515      |
|    clip_range           | 0.2         |
|    entropy_loss         | -0.993      |
|    explained_variance   | 0.108       |
|    learning_rate        | 0.0003      |
|    loss                 | 19.1        |
|    n_updates            | 120         |
|    policy_gradient_loss | -0.00597    |
|    value_loss           | 38.6        |
-----------------------------------------
------------------------------------------
| rollout/                |              |
|    ep_len_mean          | 60           |
|    ep_rew_mean          | 33.3         |
| time/                   |              |
|    fps                  | 115          |
|    iterations           | 14           |
|    time_elapsed         | 248          |
|    total_timesteps      | 28672        |
| train/                  |              |
|    approx_kl            | 0.0046780994 |
|    clip_fraction        | 0.00947      |
|    clip_range           | 0.2          |
|    entropy_loss         | -1.01        |
|    explained_variance   | 0.142        |
|    learning_rate        | 0.0003       |
|    loss                 | 18.9         |
|    n_updates            | 130          |
|    policy_gradient_loss | -0.00232     |
|    value_loss           | 34.8         |
------------------------------------------
-----------------------------------------
| rollout/                |             |
|    ep_len_mean          | 60          |
|    ep_rew_mean          | 34.1        |
| time/                   |             |
|    fps                  | 114         |
|    iterations           | 15          |
|    time_elapsed         | 267         |
|    total_timesteps      | 30720       |
| train/                  |             |
|    approx_kl            | 0.005018966 |
|    clip_fraction        | 0.0357      |
|    clip_range           | 0.2         |
|    entropy_loss         | -0.964      |
|    explained_variance   | 0.13        |
|    learning_rate        | 0.0003      |
|    loss                 | 19.4        |
|    n_updates            | 140         |
|    policy_gradient_loss | -0.00505    |
|    value_loss           | 40.8        |
-----------------------------------------
------------------------------------------
| rollout/                |              |
|    ep_len_mean          | 60           |
|    ep_rew_mean          | 35           |
| time/                   |              |
|    fps                  | 114          |
|    iterations           | 16           |
|    time_elapsed         | 286          |
|    total_timesteps      | 32768        |
| train/                  |              |
|    approx_kl            | 0.0055782073 |
|    clip_fraction        | 0.0258       |
|    clip_range           | 0.2          |
|    entropy_loss         | -0.931       |
|    explained_variance   | 0.0907       |
|    learning_rate        | 0.0003       |
|    loss                 | 21.3         |
|    n_updates            | 150          |
|    policy_gradient_loss | -0.00502     |
|    value_loss           | 43.1         |
------------------------------------------
-----------------------------------------
| rollout/                |             |
|    ep_len_mean          | 60          |
|    ep_rew_mean          | 35.8        |
| time/                   |             |
|    fps                  | 113         |
|    iterations           | 17          |
|    time_elapsed         | 306         |
|    total_timesteps      | 34816       |
| train/                  |             |
|    approx_kl            | 0.005238997 |
|    clip_fraction        | 0.0476      |
|    clip_range           | 0.2         |
|    entropy_loss         | -0.879      |
|    explained_variance   | 0.104       |
|    learning_rate        | 0.0003      |
|    loss                 | 20.3        |
|    n_updates            | 160         |
|    policy_gradient_loss | -0.00535    |
|    value_loss           | 42.3        |
-----------------------------------------
----------------------------------------
| rollout/                |            |
|    ep_len_mean          | 60         |
|    ep_rew_mean          | 36         |
| time/                   |            |
|    fps                  | 113        |
|    iterations           | 18         |
|    time_elapsed         | 324        |
|    total_timesteps      | 36864      |
| train/                  |            |
|    approx_kl            | 0.00426795 |
|    clip_fraction        | 0.0208     |
|    clip_range           | 0.2        |
|    entropy_loss         | -0.92      |
|    explained_variance   | 0.125      |
|    learning_rate        | 0.0003     |
|    loss                 | 20.5       |
|    n_updates            | 170        |
|    policy_gradient_loss | -0.00394   |
|    value_loss           | 45.7       |
----------------------------------------
-----------------------------------------
| rollout/                |             |
|    ep_len_mean          | 60          |
|    ep_rew_mean          | 36.3        |
| time/                   |             |
|    fps                  | 113         |
|    iterations           | 19          |
|    time_elapsed         | 344         |
|    total_timesteps      | 38912       |
| train/                  |             |
|    approx_kl            | 0.006699413 |
|    clip_fraction        | 0.0263      |
|    clip_range           | 0.2         |
|    entropy_loss         | -0.894      |
|    explained_variance   | 0.0619      |
|    learning_rate        | 0.0003      |
|    loss                 | 18.9        |
|    n_updates            | 180         |
|    policy_gradient_loss | -0.00426    |
|    value_loss           | 44.9        |
-----------------------------------------
-----------------------------------------
| rollout/                |             |
|    ep_len_mean          | 60          |
|    ep_rew_mean          | 36.2        |
| time/                   |             |
|    fps                  | 112         |
|    iterations           | 20          |
|    time_elapsed         | 363         |
|    total_timesteps      | 40960       |
| train/                  |             |
|    approx_kl            | 0.004229651 |
|    clip_fraction        | 0.0148      |
|    clip_range           | 0.2         |
|    entropy_loss         | -0.879      |
|    explained_variance   | 0.123       |
|    learning_rate        | 0.0003      |
|    loss                 | 24.1        |
|    n_updates            | 190         |
|    policy_gradient_loss | -0.00437    |
|    value_loss           | 46.7        |
-----------------------------------------
-----------------------------------------
| rollout/                |             |
|    ep_len_mean          | 60          |
|    ep_rew_mean          | 36.7        |
| time/                   |             |
|    fps                  | 112         |
|    iterations           | 21          |
|    time_elapsed         | 383         |
|    total_timesteps      | 43008       |
| train/                  |             |
|    approx_kl            | 0.004580387 |
|    clip_fraction        | 0.0229      |
|    clip_range           | 0.2         |
|    entropy_loss         | -0.817      |
|    explained_variance   | 0.144       |
|    learning_rate        | 0.0003      |
|    loss                 | 21.9        |
|    n_updates            | 200         |
|    policy_gradient_loss | -0.00394    |
|    value_loss           | 43          |
-----------------------------------------
------------------------------------------
| rollout/                |              |
|    ep_len_mean          | 60           |
|    ep_rew_mean          | 37.1         |
| time/                   |              |
|    fps                  | 111          |
|    iterations           | 22           |
|    time_elapsed         | 404          |
|    total_timesteps      | 45056        |
| train/                  |              |
|    approx_kl            | 0.0017573297 |
|    clip_fraction        | 0.00288      |
|    clip_range           | 0.2          |
|    entropy_loss         | -0.794       |
|    explained_variance   | 0.121        |
|    learning_rate        | 0.0003       |
|    loss                 | 23           |
|    n_updates            | 210          |
|    policy_gradient_loss | -0.0015      |
|    value_loss           | 47.5         |
------------------------------------------
-----------------------------------------
| rollout/                |             |
|    ep_len_mean          | 60          |
|    ep_rew_mean          | 37.9        |
| time/                   |             |
|    fps                  | 110         |
|    iterations           | 23          |
|    time_elapsed         | 427         |
|    total_timesteps      | 47104       |
| train/                  |             |
|    approx_kl            | 0.005502967 |
|    clip_fraction        | 0.0361      |
|    clip_range           | 0.2         |
|    entropy_loss         | -0.738      |
|    explained_variance   | 0.0988      |
|    learning_rate        | 0.0003      |
|    loss                 | 22.5        |
|    n_updates            | 220         |
|    policy_gradient_loss | -0.00488    |
|    value_loss           | 47.7        |
-----------------------------------------
------------------------------------------
| rollout/                |              |
|    ep_len_mean          | 60           |
|    ep_rew_mean          | 38.4         |
| time/                   |              |
|    fps                  | 109          |
|    iterations           | 24           |
|    time_elapsed         | 447          |
|    total_timesteps      | 49152        |
| train/                  |              |
|    approx_kl            | 0.0030689796 |
|    clip_fraction        | 0.0125       |
|    clip_range           | 0.2          |
|    entropy_loss         | -0.706       |
|    explained_variance   | 0.101        |
|    learning_rate        | 0.0003       |
|    loss                 | 30.4         |
|    n_updates            | 230          |
|    policy_gradient_loss | -0.00269     |
|    value_loss           | 51.4         |
------------------------------------------
------------------------------------------
| rollout/                |              |
|    ep_len_mean          | 60           |
|    ep_rew_mean          | 38.9         |
| time/                   |              |
|    fps                  | 109          |
|    iterations           | 25           |
|    time_elapsed         | 467          |
|    total_timesteps      | 51200        |
| train/                  |              |
|    approx_kl            | 0.0036210902 |
|    clip_fraction        | 0.0248       |
|    clip_range           | 0.2          |
|    entropy_loss         | -0.666       |
|    explained_variance   | 0.145        |
|    learning_rate        | 0.0003       |
|    loss                 | 22           |
|    n_updates            | 240          |
|    policy_gradient_loss | -0.00463     |
|    value_loss           | 47.5         |
------------------------------------------
    evaluating (100 episodes)...
    eval: 20/100 episodes
    eval: 40/100 episodes
    eval: 60/100 episodes
    eval: 80/100 episodes
    eval: 100/100 episodes
  reward_profile=latency-leaning ...
Using cpu device
---------------------------------
| rollout/           |          |
|    ep_len_mean     | 60       |
|    ep_rew_mean     | 3.35     |
| time/              |          |
|    fps             | 140      |
|    iterations      | 1        |
|    time_elapsed    | 14       |
|    total_timesteps | 2048     |
---------------------------------
-----------------------------------------
| rollout/                |             |
|    ep_len_mean          | 60          |
|    ep_rew_mean          | 6.22        |
| time/                   |             |
|    fps                  | 126         |
|    iterations           | 2           |
|    time_elapsed         | 32          |
|    total_timesteps      | 4096        |
| train/                  |             |
|    approx_kl            | 0.014906531 |
|    clip_fraction        | 0.173       |
|    clip_range           | 0.2         |
|    entropy_loss         | -1.6        |
|    explained_variance   | -0.00483    |
|    learning_rate        | 0.0003      |
|    loss                 | 3.87        |
|    n_updates            | 10          |
|    policy_gradient_loss | -0.0235     |
|    value_loss           | 8.39        |
-----------------------------------------
-----------------------------------------
| rollout/                |             |
|    ep_len_mean          | 60          |
|    ep_rew_mean          | 8.97        |
| time/                   |             |
|    fps                  | 88          |
|    iterations           | 3           |
|    time_elapsed         | 69          |
|    total_timesteps      | 6144        |
| train/                  |             |
|    approx_kl            | 0.012869941 |
|    clip_fraction        | 0.107       |
|    clip_range           | 0.2         |
|    entropy_loss         | -1.57       |
|    explained_variance   | 0.148       |
|    learning_rate        | 0.0003      |
|    loss                 | 3.94        |
|    n_updates            | 20          |
|    policy_gradient_loss | -0.0175     |
|    value_loss           | 8.81        |
-----------------------------------------
-----------------------------------------
| rollout/                |             |
|    ep_len_mean          | 60          |
|    ep_rew_mean          | 14.7        |
| time/                   |             |
|    fps                  | 80          |
|    iterations           | 4           |
|    time_elapsed         | 101         |
|    total_timesteps      | 8192        |
| train/                  |             |
|    approx_kl            | 0.011709377 |
|    clip_fraction        | 0.0687      |
|    clip_range           | 0.2         |
|    entropy_loss         | -1.54       |
|    explained_variance   | 0.149       |
|    learning_rate        | 0.0003      |
|    loss                 | 4.91        |
|    n_updates            | 30          |
|    policy_gradient_loss | -0.0113     |
|    value_loss           | 11.4        |
-----------------------------------------
------------------------------------------
| rollout/                |              |
|    ep_len_mean          | 60           |
|    ep_rew_mean          | 18.9         |
| time/                   |              |
|    fps                  | 77           |
|    iterations           | 5            |
|    time_elapsed         | 131          |
|    total_timesteps      | 10240        |
| train/                  |              |
|    approx_kl            | 0.0056446115 |
|    clip_fraction        | 0.00459      |
|    clip_range           | 0.2          |
|    entropy_loss         | -1.5         |
|    explained_variance   | 0.143        |
|    learning_rate        | 0.0003       |
|    loss                 | 6.38         |
|    n_updates            | 40           |
|    policy_gradient_loss | -0.00546     |
|    value_loss           | 15.7         |
------------------------------------------
-----------------------------------------
| rollout/                |             |
|    ep_len_mean          | 60          |
|    ep_rew_mean          | 22.6        |
| time/                   |             |
|    fps                  | 80          |
|    iterations           | 6           |
|    time_elapsed         | 153         |
|    total_timesteps      | 12288       |
| train/                  |             |
|    approx_kl            | 0.007077991 |
|    clip_fraction        | 0.0161      |
|    clip_range           | 0.2         |
|    entropy_loss         | -1.44       |
|    explained_variance   | 0.0764      |
|    learning_rate        | 0.0003      |
|    loss                 | 8.09        |
|    n_updates            | 50          |
|    policy_gradient_loss | -0.00565    |
|    value_loss           | 18.7        |
-----------------------------------------
----------------------------------------
| rollout/                |            |
|    ep_len_mean          | 60         |
|    ep_rew_mean          | 24.8       |
| time/                   |            |
|    fps                  | 79         |
|    iterations           | 7          |
|    time_elapsed         | 179        |
|    total_timesteps      | 14336      |
| train/                  |            |
|    approx_kl            | 0.00930674 |
|    clip_fraction        | 0.0448     |
|    clip_range           | 0.2        |
|    entropy_loss         | -1.37      |
|    explained_variance   | 0.0653     |
|    learning_rate        | 0.0003     |
|    loss                 | 10.8       |
|    n_updates            | 60         |
|    policy_gradient_loss | -0.00615   |
|    value_loss           | 23.4       |
----------------------------------------
------------------------------------------
| rollout/                |              |
|    ep_len_mean          | 60           |
|    ep_rew_mean          | 28           |
| time/                   |              |
|    fps                  | 80           |
|    iterations           | 8            |
|    time_elapsed         | 203          |
|    total_timesteps      | 16384        |
| train/                  |              |
|    approx_kl            | 0.0067408066 |
|    clip_fraction        | 0.00801      |
|    clip_range           | 0.2          |
|    entropy_loss         | -1.3         |
|    explained_variance   | 0.0912       |
|    learning_rate        | 0.0003       |
|    loss                 | 12.4         |
|    n_updates            | 70           |
|    policy_gradient_loss | -0.00426     |
|    value_loss           | 25.2         |
------------------------------------------
-----------------------------------------
| rollout/                |             |
|    ep_len_mean          | 60          |
|    ep_rew_mean          | 30.6        |
| time/                   |             |
|    fps                  | 82          |
|    iterations           | 9           |
|    time_elapsed         | 222         |
|    total_timesteps      | 18432       |
| train/                  |             |
|    approx_kl            | 0.013674343 |
|    clip_fraction        | 0.0243      |
|    clip_range           | 0.2         |
|    entropy_loss         | -1.23       |
|    explained_variance   | 0.0477      |
|    learning_rate        | 0.0003      |
|    loss                 | 15.5        |
|    n_updates            | 80          |
|    policy_gradient_loss | -0.00506    |
|    value_loss           | 30.9        |
-----------------------------------------
-----------------------------------------
| rollout/                |             |
|    ep_len_mean          | 60          |
|    ep_rew_mean          | 32.7        |
| time/                   |             |
|    fps                  | 85          |
|    iterations           | 10          |
|    time_elapsed         | 240         |
|    total_timesteps      | 20480       |
| train/                  |             |
|    approx_kl            | 0.010691795 |
|    clip_fraction        | 0.0208      |
|    clip_range           | 0.2         |
|    entropy_loss         | -1.15       |
|    explained_variance   | 0.0858      |
|    learning_rate        | 0.0003      |
|    loss                 | 14.8        |
|    n_updates            | 90          |
|    policy_gradient_loss | -0.00471    |
|    value_loss           | 32.5        |
-----------------------------------------
-----------------------------------------
| rollout/                |             |
|    ep_len_mean          | 60          |
|    ep_rew_mean          | 33.9        |
| time/                   |             |
|    fps                  | 86          |
|    iterations           | 11          |
|    time_elapsed         | 261         |
|    total_timesteps      | 22528       |
| train/                  |             |
|    approx_kl            | 0.004689372 |
|    clip_fraction        | 0.0134      |
|    clip_range           | 0.2         |
|    entropy_loss         | -1.05       |
|    explained_variance   | 0.115       |
|    learning_rate        | 0.0003      |
|    loss                 | 17.2        |
|    n_updates            | 100         |
|    policy_gradient_loss | -0.00367    |
|    value_loss           | 37.3        |
-----------------------------------------
------------------------------------------
| rollout/                |              |
|    ep_len_mean          | 60           |
|    ep_rew_mean          | 34.9         |
| time/                   |              |
|    fps                  | 87           |
|    iterations           | 12           |
|    time_elapsed         | 279          |
|    total_timesteps      | 24576        |
| train/                  |              |
|    approx_kl            | 0.0042745904 |
|    clip_fraction        | 0.03         |
|    clip_range           | 0.2          |
|    entropy_loss         | -1.04        |
|    explained_variance   | 0.0815       |
|    learning_rate        | 0.0003       |
|    loss                 | 20.2         |
|    n_updates            | 110          |
|    policy_gradient_loss | -0.0035      |
|    value_loss           | 38.4         |
------------------------------------------
------------------------------------------
| rollout/                |              |
|    ep_len_mean          | 60           |
|    ep_rew_mean          | 35.3         |
| time/                   |              |
|    fps                  | 89           |
|    iterations           | 13           |
|    time_elapsed         | 298          |
|    total_timesteps      | 26624        |
| train/                  |              |
|    approx_kl            | 0.0063408837 |
|    clip_fraction        | 0.0352       |
|    clip_range           | 0.2          |
|    entropy_loss         | -0.974       |
|    explained_variance   | 0.104        |
|    learning_rate        | 0.0003       |
|    loss                 | 21.1         |
|    n_updates            | 120          |
|    policy_gradient_loss | -0.00472     |
|    value_loss           | 42.9         |
------------------------------------------
------------------------------------------
| rollout/                |              |
|    ep_len_mean          | 60           |
|    ep_rew_mean          | 35.7         |
| time/                   |              |
|    fps                  | 90           |
|    iterations           | 14           |
|    time_elapsed         | 315          |
|    total_timesteps      | 28672        |
| train/                  |              |
|    approx_kl            | 0.0046975957 |
|    clip_fraction        | 0.0291       |
|    clip_range           | 0.2          |
|    entropy_loss         | -0.965       |
|    explained_variance   | 0.139        |
|    learning_rate        | 0.0003       |
|    loss                 | 21.7         |
|    n_updates            | 130          |
|    policy_gradient_loss | -0.0037      |
|    value_loss           | 39.7         |
------------------------------------------
-----------------------------------------
| rollout/                |             |
|    ep_len_mean          | 60          |
|    ep_rew_mean          | 36.3        |
| time/                   |             |
|    fps                  | 92          |
|    iterations           | 15          |
|    time_elapsed         | 333         |
|    total_timesteps      | 30720       |
| train/                  |             |
|    approx_kl            | 0.005810767 |
|    clip_fraction        | 0.0538      |
|    clip_range           | 0.2         |
|    entropy_loss         | -0.906      |
|    explained_variance   | 0.132       |
|    learning_rate        | 0.0003      |
|    loss                 | 21.4        |
|    n_updates            | 140         |
|    policy_gradient_loss | -0.00577    |
|    value_loss           | 45.4        |
-----------------------------------------
-----------------------------------------
| rollout/                |             |
|    ep_len_mean          | 60          |
|    ep_rew_mean          | 37.1        |
| time/                   |             |
|    fps                  | 93          |
|    iterations           | 16          |
|    time_elapsed         | 350         |
|    total_timesteps      | 32768       |
| train/                  |             |
|    approx_kl            | 0.004953266 |
|    clip_fraction        | 0.027       |
|    clip_range           | 0.2         |
|    entropy_loss         | -0.882      |
|    explained_variance   | 0.0917      |
|    learning_rate        | 0.0003      |
|    loss                 | 24.1        |
|    n_updates            | 150         |
|    policy_gradient_loss | -0.00487    |
|    value_loss           | 48.9        |
-----------------------------------------
------------------------------------------
| rollout/                |              |
|    ep_len_mean          | 60           |
|    ep_rew_mean          | 37.9         |
| time/                   |              |
|    fps                  | 94           |
|    iterations           | 17           |
|    time_elapsed         | 368          |
|    total_timesteps      | 34816        |
| train/                  |              |
|    approx_kl            | 0.0050654016 |
|    clip_fraction        | 0.0404       |
|    clip_range           | 0.2          |
|    entropy_loss         | -0.858       |
|    explained_variance   | 0.102        |
|    learning_rate        | 0.0003       |
|    loss                 | 22.7         |
|    n_updates            | 160          |
|    policy_gradient_loss | -0.00577     |
|    value_loss           | 46.9         |
------------------------------------------
------------------------------------------
| rollout/                |              |
|    ep_len_mean          | 60           |
|    ep_rew_mean          | 38.3         |
| time/                   |              |
|    fps                  | 95           |
|    iterations           | 18           |
|    time_elapsed         | 386          |
|    total_timesteps      | 36864        |
| train/                  |              |
|    approx_kl            | 0.0048124837 |
|    clip_fraction        | 0.0289       |
|    clip_range           | 0.2          |
|    entropy_loss         | -0.879       |
|    explained_variance   | 0.123        |
|    learning_rate        | 0.0003       |
|    loss                 | 22.4         |
|    n_updates            | 170          |
|    policy_gradient_loss | -0.00416     |
|    value_loss           | 50.2         |
------------------------------------------
-----------------------------------------
| rollout/                |             |
|    ep_len_mean          | 60          |
|    ep_rew_mean          | 38.7        |
| time/                   |             |
|    fps                  | 96          |
|    iterations           | 19          |
|    time_elapsed         | 404         |
|    total_timesteps      | 38912       |
| train/                  |             |
|    approx_kl            | 0.005133896 |
|    clip_fraction        | 0.0334      |
|    clip_range           | 0.2         |
|    entropy_loss         | -0.84       |
|    explained_variance   | 0.0552      |
|    learning_rate        | 0.0003      |
|    loss                 | 21          |
|    n_updates            | 180         |
|    policy_gradient_loss | -0.00446    |
|    value_loss           | 50.6        |
-----------------------------------------
------------------------------------------
| rollout/                |              |
|    ep_len_mean          | 60           |
|    ep_rew_mean          | 38.7         |
| time/                   |              |
|    fps                  | 96           |
|    iterations           | 20           |
|    time_elapsed         | 422          |
|    total_timesteps      | 40960        |
| train/                  |              |
|    approx_kl            | 0.0037137829 |
|    clip_fraction        | 0.0411       |
|    clip_range           | 0.2          |
|    entropy_loss         | -0.789       |
|    explained_variance   | 0.116        |
|    learning_rate        | 0.0003       |
|    loss                 | 27.4         |
|    n_updates            | 190          |
|    policy_gradient_loss | -0.00638     |
|    value_loss           | 52.8         |
------------------------------------------
-----------------------------------------
| rollout/                |             |
|    ep_len_mean          | 60          |
|    ep_rew_mean          | 39.2        |
| time/                   |             |
|    fps                  | 97          |
|    iterations           | 21          |
|    time_elapsed         | 440         |
|    total_timesteps      | 43008       |
| train/                  |             |
|    approx_kl            | 0.004690866 |
|    clip_fraction        | 0.0282      |
|    clip_range           | 0.2         |
|    entropy_loss         | -0.746      |
|    explained_variance   | 0.136       |
|    learning_rate        | 0.0003      |
|    loss                 | 24.5        |
|    n_updates            | 200         |
|    policy_gradient_loss | -0.00446    |
|    value_loss           | 48.9        |
-----------------------------------------
------------------------------------------
| rollout/                |              |
|    ep_len_mean          | 60           |
|    ep_rew_mean          | 39.6         |
| time/                   |              |
|    fps                  | 98           |
|    iterations           | 22           |
|    time_elapsed         | 459          |
|    total_timesteps      | 45056        |
| train/                  |              |
|    approx_kl            | 0.0041144304 |
|    clip_fraction        | 0.0272       |
|    clip_range           | 0.2          |
|    entropy_loss         | -0.708       |
|    explained_variance   | 0.121        |
|    learning_rate        | 0.0003       |
|    loss                 | 25.7         |
|    n_updates            | 210          |
|    policy_gradient_loss | -0.00347     |
|    value_loss           | 53.3         |
------------------------------------------
-----------------------------------------
| rollout/                |             |
|    ep_len_mean          | 60          |
|    ep_rew_mean          | 40.4        |
| time/                   |             |
|    fps                  | 98          |
|    iterations           | 23          |
|    time_elapsed         | 477         |
|    total_timesteps      | 47104       |
| train/                  |             |
|    approx_kl            | 0.005476036 |
|    clip_fraction        | 0.032       |
|    clip_range           | 0.2         |
|    entropy_loss         | -0.668      |
|    explained_variance   | 0.097       |
|    learning_rate        | 0.0003      |
|    loss                 | 25.5        |
|    n_updates            | 220         |
|    policy_gradient_loss | -0.00487    |
|    value_loss           | 53.6        |
-----------------------------------------
------------------------------------------
| rollout/                |              |
|    ep_len_mean          | 60           |
|    ep_rew_mean          | 40.8         |
| time/                   |              |
|    fps                  | 98           |
|    iterations           | 24           |
|    time_elapsed         | 497          |
|    total_timesteps      | 49152        |
| train/                  |              |
|    approx_kl            | 0.0032324155 |
|    clip_fraction        | 0.0198       |
|    clip_range           | 0.2          |
|    entropy_loss         | -0.629       |
|    explained_variance   | 0.0954       |
|    learning_rate        | 0.0003       |
|    loss                 | 34.1         |
|    n_updates            | 230          |
|    policy_gradient_loss | -0.00343     |
|    value_loss           | 57           |
------------------------------------------
------------------------------------------
| rollout/                |              |
|    ep_len_mean          | 60           |
|    ep_rew_mean          | 41.2         |
| time/                   |              |
|    fps                  | 99           |
|    iterations           | 25           |
|    time_elapsed         | 517          |
|    total_timesteps      | 51200        |
| train/                  |              |
|    approx_kl            | 0.0036856914 |
|    clip_fraction        | 0.0308       |
|    clip_range           | 0.2          |
|    entropy_loss         | -0.586       |
|    explained_variance   | 0.142        |
|    learning_rate        | 0.0003       |
|    loss                 | 24.4         |
|    n_updates            | 240          |
|    policy_gradient_loss | -0.00423     |
|    value_loss           | 52.5         |
------------------------------------------
    evaluating (100 episodes)...
    eval: 20/100 episodes
    eval: 40/100 episodes
    eval: 60/100 episodes
    eval: 80/100 episodes
    eval: 100/100 episodes
  reward_profile=reliability-leaning ...
Using cpu device
---------------------------------
| rollout/           |          |
|    ep_len_mean     | 60       |
|    ep_rew_mean     | 1.02     |
| time/              |          |
|    fps             | 97       |
|    iterations      | 1        |
|    time_elapsed    | 20       |
|    total_timesteps | 2048     |
---------------------------------
-----------------------------------------
| rollout/                |             |
|    ep_len_mean          | 60          |
|    ep_rew_mean          | 3.94        |
| time/                   |             |
|    fps                  | 99          |
|    iterations           | 2           |
|    time_elapsed         | 40          |
|    total_timesteps      | 4096        |
| train/                  |             |
|    approx_kl            | 0.014916969 |
|    clip_fraction        | 0.18        |
|    clip_range           | 0.2         |
|    entropy_loss         | -1.6        |
|    explained_variance   | -0.00413    |
|    learning_rate        | 0.0003      |
|    loss                 | 3.6         |
|    n_updates            | 10          |
|    policy_gradient_loss | -0.0239     |
|    value_loss           | 7.64        |
-----------------------------------------
-----------------------------------------
| rollout/                |             |
|    ep_len_mean          | 60          |
|    ep_rew_mean          | 6.52        |
| time/                   |             |
|    fps                  | 89          |
|    iterations           | 3           |
|    time_elapsed         | 68          |
|    total_timesteps      | 6144        |
| train/                  |             |
|    approx_kl            | 0.012620968 |
|    clip_fraction        | 0.133       |
|    clip_range           | 0.2         |
|    entropy_loss         | -1.57       |
|    explained_variance   | 0.139       |
|    learning_rate        | 0.0003      |
|    loss                 | 3.5         |
|    n_updates            | 20          |
|    policy_gradient_loss | -0.02       |
|    value_loss           | 7.53        |
-----------------------------------------
-----------------------------------------
| rollout/                |             |
|    ep_len_mean          | 60          |
|    ep_rew_mean          | 12.2        |
| time/                   |             |
|    fps                  | 88          |
|    iterations           | 4           |
|    time_elapsed         | 92          |
|    total_timesteps      | 8192        |
| train/                  |             |
|    approx_kl            | 0.009753872 |
|    clip_fraction        | 0.0818      |
|    clip_range           | 0.2         |
|    entropy_loss         | -1.54       |
|    explained_variance   | 0.138       |
|    learning_rate        | 0.0003      |
|    loss                 | 4.22        |
|    n_updates            | 30          |
|    policy_gradient_loss | -0.0124     |
|    value_loss           | 9.38        |
-----------------------------------------
-----------------------------------------
| rollout/                |             |
|    ep_len_mean          | 60          |
|    ep_rew_mean          | 16.4        |
| time/                   |             |
|    fps                  | 88          |
|    iterations           | 5           |
|    time_elapsed         | 115         |
|    total_timesteps      | 10240       |
| train/                  |             |
|    approx_kl            | 0.009437416 |
|    clip_fraction        | 0.0153      |
|    clip_range           | 0.2         |
|    entropy_loss         | -1.5        |
|    explained_variance   | 0.131       |
|    learning_rate        | 0.0003      |
|    loss                 | 5.1         |
|    n_updates            | 40          |
|    policy_gradient_loss | -0.00732    |
|    value_loss           | 12.9        |
-----------------------------------------
-----------------------------------------
| rollout/                |             |
|    ep_len_mean          | 60          |
|    ep_rew_mean          | 20.3        |
| time/                   |             |
|    fps                  | 91          |
|    iterations           | 6           |
|    time_elapsed         | 134         |
|    total_timesteps      | 12288       |
| train/                  |             |
|    approx_kl            | 0.008185552 |
|    clip_fraction        | 0.0121      |
|    clip_range           | 0.2         |
|    entropy_loss         | -1.44       |
|    explained_variance   | 0.0662      |
|    learning_rate        | 0.0003      |
|    loss                 | 6.97        |
|    n_updates            | 50          |
|    policy_gradient_loss | -0.00522    |
|    value_loss           | 16.2        |
-----------------------------------------
-----------------------------------------
| rollout/                |             |
|    ep_len_mean          | 60          |
|    ep_rew_mean          | 22.9        |
| time/                   |             |
|    fps                  | 89          |
|    iterations           | 7           |
|    time_elapsed         | 159         |
|    total_timesteps      | 14336       |
| train/                  |             |
|    approx_kl            | 0.009695472 |
|    clip_fraction        | 0.0466      |
|    clip_range           | 0.2         |
|    entropy_loss         | -1.34       |
|    explained_variance   | 0.0647      |
|    learning_rate        | 0.0003      |
|    loss                 | 9.25        |
|    n_updates            | 60          |
|    policy_gradient_loss | -0.00739    |
|    value_loss           | 20          |
-----------------------------------------
-----------------------------------------
| rollout/                |             |
|    ep_len_mean          | 60          |
|    ep_rew_mean          | 26.3        |
| time/                   |             |
|    fps                  | 88          |
|    iterations           | 8           |
|    time_elapsed         | 184         |
|    total_timesteps      | 16384       |
| train/                  |             |
|    approx_kl            | 0.009988416 |
|    clip_fraction        | 0.0161      |
|    clip_range           | 0.2         |
|    entropy_loss         | -1.26       |
|    explained_variance   | 0.0865      |
|    learning_rate        | 0.0003      |
|    loss                 | 11.1        |
|    n_updates            | 70          |
|    policy_gradient_loss | -0.00512    |
|    value_loss           | 22.7        |
-----------------------------------------
-----------------------------------------
| rollout/                |             |
|    ep_len_mean          | 60          |
|    ep_rew_mean          | 28.9        |
| time/                   |             |
|    fps                  | 88          |
|    iterations           | 9           |
|    time_elapsed         | 209         |
|    total_timesteps      | 18432       |
| train/                  |             |
|    approx_kl            | 0.010987852 |
|    clip_fraction        | 0.0356      |
|    clip_range           | 0.2         |
|    entropy_loss         | -1.17       |
|    explained_variance   | 0.0534      |
|    learning_rate        | 0.0003      |
|    loss                 | 13.5        |
|    n_updates            | 80          |
|    policy_gradient_loss | -0.00603    |
|    value_loss           | 28.2        |
-----------------------------------------
-----------------------------------------
| rollout/                |             |
|    ep_len_mean          | 60          |
|    ep_rew_mean          | 31          |
| time/                   |             |
|    fps                  | 88          |
|    iterations           | 10          |
|    time_elapsed         | 231         |
|    total_timesteps      | 20480       |
| train/                  |             |
|    approx_kl            | 0.009911268 |
|    clip_fraction        | 0.0219      |
|    clip_range           | 0.2         |
|    entropy_loss         | -1.09       |
|    explained_variance   | 0.0797      |
|    learning_rate        | 0.0003      |
|    loss                 | 13.7        |
|    n_updates            | 90          |
|    policy_gradient_loss | -0.00498    |
|    value_loss           | 29.6        |
-----------------------------------------
------------------------------------------
| rollout/                |              |
|    ep_len_mean          | 60           |
|    ep_rew_mean          | 32.3         |
| time/                   |              |
|    fps                  | 88           |
|    iterations           | 11           |
|    time_elapsed         | 255          |
|    total_timesteps      | 22528        |
| train/                  |              |
|    approx_kl            | 0.0033816902 |
|    clip_fraction        | 0.0223       |
|    clip_range           | 0.2          |
|    entropy_loss         | -0.979       |
|    explained_variance   | 0.112        |
|    learning_rate        | 0.0003       |
|    loss                 | 15.9         |
|    n_updates            | 100          |
|    policy_gradient_loss | -0.00361     |
|    value_loss           | 34.6         |
------------------------------------------
------------------------------------------
| rollout/                |              |
|    ep_len_mean          | 60           |
|    ep_rew_mean          | 33.9         |
| time/                   |              |
|    fps                  | 87           |
|    iterations           | 12           |
|    time_elapsed         | 279          |
|    total_timesteps      | 24576        |
| train/                  |              |
|    approx_kl            | 0.0037567124 |
|    clip_fraction        | 0.0225       |
|    clip_range           | 0.2          |
|    entropy_loss         | -0.946       |
|    explained_variance   | 0.0844       |
|    learning_rate        | 0.0003       |
|    loss                 | 18.7         |
|    n_updates            | 110          |
|    policy_gradient_loss | -0.00356     |
|    value_loss           | 36.2         |
------------------------------------------
----------------------------------------
| rollout/                |            |
|    ep_len_mean          | 60         |
|    ep_rew_mean          | 34.7       |
| time/                   |            |
|    fps                  | 87         |
|    iterations           | 13         |
|    time_elapsed         | 304        |
|    total_timesteps      | 26624      |
| train/                  |            |
|    approx_kl            | 0.00568256 |
|    clip_fraction        | 0.0276     |
|    clip_range           | 0.2        |
|    entropy_loss         | -0.87      |
|    explained_variance   | 0.108      |
|    learning_rate        | 0.0003     |
|    loss                 | 20.5       |
|    n_updates            | 120        |
|    policy_gradient_loss | -0.00451   |
|    value_loss           | 42.1       |
----------------------------------------
-----------------------------------------
| rollout/                |             |
|    ep_len_mean          | 60          |
|    ep_rew_mean          | 35.1        |
| time/                   |             |
|    fps                  | 87          |
|    iterations           | 14          |
|    time_elapsed         | 328         |
|    total_timesteps      | 28672       |
| train/                  |             |
|    approx_kl            | 0.002357036 |
|    clip_fraction        | 0.0117      |
|    clip_range           | 0.2         |
|    entropy_loss         | -0.844      |
|    explained_variance   | 0.136       |
|    learning_rate        | 0.0003      |
|    loss                 | 21          |
|    n_updates            | 130         |
|    policy_gradient_loss | -0.00168    |
|    value_loss           | 38.3        |
-----------------------------------------
------------------------------------------
| rollout/                |              |
|    ep_len_mean          | 60           |
|    ep_rew_mean          | 35.5         |
| time/                   |              |
|    fps                  | 87           |
|    iterations           | 15           |
|    time_elapsed         | 350          |
|    total_timesteps      | 30720        |
| train/                  |              |
|    approx_kl            | 0.0037609544 |
|    clip_fraction        | 0.0245       |
|    clip_range           | 0.2          |
|    entropy_loss         | -0.799       |
|    explained_variance   | 0.136        |
|    learning_rate        | 0.0003       |
|    loss                 | 21           |
|    n_updates            | 140          |
|    policy_gradient_loss | -0.00429     |
|    value_loss           | 43.6         |
------------------------------------------
-----------------------------------------
| rollout/                |             |
|    ep_len_mean          | 60          |
|    ep_rew_mean          | 36.1        |
| time/                   |             |
|    fps                  | 88          |
|    iterations           | 16          |
|    time_elapsed         | 372         |
|    total_timesteps      | 32768       |
| train/                  |             |
|    approx_kl            | 0.004927369 |
|    clip_fraction        | 0.0306      |
|    clip_range           | 0.2         |
|    entropy_loss         | -0.779      |
|    explained_variance   | 0.0906      |
|    learning_rate        | 0.0003      |
|    loss                 | 23.3        |
|    n_updates            | 150         |
|    policy_gradient_loss | -0.00499    |
|    value_loss           | 47.1        |
-----------------------------------------
-----------------------------------------
| rollout/                |             |
|    ep_len_mean          | 60          |
|    ep_rew_mean          | 37.1        |
| time/                   |             |
|    fps                  | 88          |
|    iterations           | 17          |
|    time_elapsed         | 393         |
|    total_timesteps      | 34816       |
| train/                  |             |
|    approx_kl            | 0.006532861 |
|    clip_fraction        | 0.0508      |
|    clip_range           | 0.2         |
|    entropy_loss         | -0.727      |
|    explained_variance   | 0.0894      |
|    learning_rate        | 0.0003      |
|    loss                 | 21.1        |
|    n_updates            | 160         |
|    policy_gradient_loss | -0.00556    |
|    value_loss           | 44.5        |
-----------------------------------------
------------------------------------------
| rollout/                |              |
|    ep_len_mean          | 60           |
|    ep_rew_mean          | 37.8         |
| time/                   |              |
|    fps                  | 89           |
|    iterations           | 18           |
|    time_elapsed         | 413          |
|    total_timesteps      | 36864        |
| train/                  |              |
|    approx_kl            | 0.0025277445 |
|    clip_fraction        | 0.0116       |
|    clip_range           | 0.2          |
|    entropy_loss         | -0.686       |
|    explained_variance   | 0.123        |
|    learning_rate        | 0.0003       |
|    loss                 | 21.2         |
|    n_updates            | 170          |
|    policy_gradient_loss | -0.00292     |
|    value_loss           | 47.5         |
------------------------------------------
------------------------------------------
| rollout/                |              |
|    ep_len_mean          | 60           |
|    ep_rew_mean          | 38.8         |
| time/                   |              |
|    fps                  | 89           |
|    iterations           | 19           |
|    time_elapsed         | 435          |
|    total_timesteps      | 38912        |
| train/                  |              |
|    approx_kl            | 0.0035823935 |
|    clip_fraction        | 0.0265       |
|    clip_range           | 0.2          |
|    entropy_loss         | -0.631       |
|    explained_variance   | 0.0598       |
|    learning_rate        | 0.0003       |
|    loss                 | 21.3         |
|    n_updates            | 180          |
|    policy_gradient_loss | -0.00458     |
|    value_loss           | 50.9         |
------------------------------------------
------------------------------------------
| rollout/                |              |
|    ep_len_mean          | 60           |
|    ep_rew_mean          | 38.5         |
| time/                   |              |
|    fps                  | 89           |
|    iterations           | 20           |
|    time_elapsed         | 457          |
|    total_timesteps      | 40960        |
| train/                  |              |
|    approx_kl            | 0.0019966324 |
|    clip_fraction        | 0.0064       |
|    clip_range           | 0.2          |
|    entropy_loss         | -0.602       |
|    explained_variance   | 0.125        |
|    learning_rate        | 0.0003       |
|    loss                 | 27.8         |
|    n_updates            | 190          |
|    policy_gradient_loss | -0.00253     |
|    value_loss           | 52.4         |
------------------------------------------
------------------------------------------
| rollout/                |              |
|    ep_len_mean          | 60           |
|    ep_rew_mean          | 38.8         |
| time/                   |              |
|    fps                  | 89           |
|    iterations           | 21           |
|    time_elapsed         | 478          |
|    total_timesteps      | 43008        |
| train/                  |              |
|    approx_kl            | 0.0031938837 |
|    clip_fraction        | 0.0269       |
|    clip_range           | 0.2          |
|    entropy_loss         | -0.539       |
|    explained_variance   | 0.157        |
|    learning_rate        | 0.0003       |
|    loss                 | 22.2         |
|    n_updates            | 200          |
|    policy_gradient_loss | -0.00411     |
|    value_loss           | 46.6         |
------------------------------------------
------------------------------------------
| rollout/                |              |
|    ep_len_mean          | 60           |
|    ep_rew_mean          | 39.1         |
| time/                   |              |
|    fps                  | 90           |
|    iterations           | 22           |
|    time_elapsed         | 500          |
|    total_timesteps      | 45056        |
| train/                  |              |
|    approx_kl            | 0.0011860013 |
|    clip_fraction        | 0.00488      |
|    clip_range           | 0.2          |
|    entropy_loss         | -0.504       |
|    explained_variance   | 0.145        |
|    learning_rate        | 0.0003       |
|    loss                 | 25.4         |
|    n_updates            | 210          |
|    policy_gradient_loss | -0.00209     |
|    value_loss           | 53           |
------------------------------------------
------------------------------------------
| rollout/                |              |
|    ep_len_mean          | 60           |
|    ep_rew_mean          | 39.7         |
| time/                   |              |
|    fps                  | 90           |
|    iterations           | 23           |
|    time_elapsed         | 521          |
|    total_timesteps      | 47104        |
| train/                  |              |
|    approx_kl            | 0.0020205728 |
|    clip_fraction        | 0.00381      |
|    clip_range           | 0.2          |
|    entropy_loss         | -0.521       |
|    explained_variance   | 0.0906       |
|    learning_rate        | 0.0003       |
|    loss                 | 25.2         |
|    n_updates            | 220          |
|    policy_gradient_loss | -0.00241     |
|    value_loss           | 53.8         |
------------------------------------------
-----------------------------------------
| rollout/                |             |
|    ep_len_mean          | 60          |
|    ep_rew_mean          | 39.9        |
| time/                   |             |
|    fps                  | 90          |
|    iterations           | 24          |
|    time_elapsed         | 543         |
|    total_timesteps      | 49152       |
| train/                  |             |
|    approx_kl            | 0.002262068 |
|    clip_fraction        | 0.0122      |
|    clip_range           | 0.2         |
|    entropy_loss         | -0.498      |
|    explained_variance   | 0.0998      |
|    learning_rate        | 0.0003      |
|    loss                 | 33          |
|    n_updates            | 230         |
|    policy_gradient_loss | -0.00275    |
|    value_loss           | 56.1        |
-----------------------------------------
------------------------------------------
| rollout/                |              |
|    ep_len_mean          | 60           |
|    ep_rew_mean          | 40           |
| time/                   |              |
|    fps                  | 90           |
|    iterations           | 25           |
|    time_elapsed         | 566          |
|    total_timesteps      | 51200        |
| train/                  |              |
|    approx_kl            | 0.0021767523 |
|    clip_fraction        | 0.0143       |
|    clip_range           | 0.2          |
|    entropy_loss         | -0.442       |
|    explained_variance   | 0.151        |
|    learning_rate        | 0.0003       |
|    loss                 | 24.2         |
|    n_updates            | 240          |
|    policy_gradient_loss | -0.00273     |
|    value_loss           | 51           |
------------------------------------------
    evaluating (100 episodes)...
    eval: 20/100 episodes
    eval: 40/100 episodes
    eval: 60/100 episodes
    eval: 80/100 episodes
    eval: 100/100 episodes
     reward_profile  reward_mean  switch_rate_mean  outage_rate_mean
           balanced    43.781056          0.041667               0.0
 throughput-leaning    43.924787          0.059833               0.0
    latency-leaning    44.787644          0.048000               0.0
reliability-leaning    43.339385          0.053667               0.0

figures + csv written to D:\Projects\TN+NTN\drl\figures_s
--- eval_geometry_generalization (Phase 1.4) ---
Gym has been unmaintained since 2022 and does not support NumPy 2.0 amongst other critical functionality.
Please upgrade to Gymnasium, the maintained drop-in replacement of Gym, or contact the authors of your software and request that they upgrade.
Users of this version of Gym should be able to simply replace 'import gym' with 'import gymnasium as gym' in the vast majority of cases.
See the migration guide at https://gymnasium.farama.org/introduction/migration_guide/ for additional information.
evaluating hysteresis under nominal geometry...
    hysteresis/nominal: 20/200 episodes
    hysteresis/nominal: 40/200 episodes
    hysteresis/nominal: 60/200 episodes
    hysteresis/nominal: 80/200 episodes
    hysteresis/nominal: 100/200 episodes
    hysteresis/nominal: 120/200 episodes
    hysteresis/nominal: 140/200 episodes
    hysteresis/nominal: 160/200 episodes
    hysteresis/nominal: 180/200 episodes
    hysteresis/nominal: 200/200 episodes
evaluating ppo seed=0 under nominal geometry...
    ppo_seed0/nominal: 20/200 episodes
    ppo_seed0/nominal: 40/200 episodes
    ppo_seed0/nominal: 60/200 episodes
    ppo_seed0/nominal: 80/200 episodes
    ppo_seed0/nominal: 100/200 episodes
    ppo_seed0/nominal: 120/200 episodes
    ppo_seed0/nominal: 140/200 episodes
    ppo_seed0/nominal: 160/200 episodes
    ppo_seed0/nominal: 180/200 episodes
    ppo_seed0/nominal: 200/200 episodes
evaluating ppo seed=1 under nominal geometry...
    ppo_seed1/nominal: 20/200 episodes
    ppo_seed1/nominal: 40/200 episodes
    ppo_seed1/nominal: 60/200 episodes
    ppo_seed1/nominal: 80/200 episodes
    ppo_seed1/nominal: 100/200 episodes
    ppo_seed1/nominal: 120/200 episodes
    ppo_seed1/nominal: 140/200 episodes
    ppo_seed1/nominal: 160/200 episodes
    ppo_seed1/nominal: 180/200 episodes
    ppo_seed1/nominal: 200/200 episodes
evaluating ppo seed=2 under nominal geometry...
    ppo_seed2/nominal: 20/200 episodes
    ppo_seed2/nominal: 40/200 episodes
    ppo_seed2/nominal: 60/200 episodes
    ppo_seed2/nominal: 80/200 episodes
    ppo_seed2/nominal: 100/200 episodes
    ppo_seed2/nominal: 120/200 episodes
    ppo_seed2/nominal: 140/200 episodes
    ppo_seed2/nominal: 160/200 episodes
    ppo_seed2/nominal: 180/200 episodes
    ppo_seed2/nominal: 200/200 episodes
evaluating hysteresis under shifted geometry...
    hysteresis/shifted: 20/200 episodes
    hysteresis/shifted: 40/200 episodes
    hysteresis/shifted: 60/200 episodes
    hysteresis/shifted: 80/200 episodes
    hysteresis/shifted: 100/200 episodes
    hysteresis/shifted: 120/200 episodes
    hysteresis/shifted: 140/200 episodes
    hysteresis/shifted: 160/200 episodes
    hysteresis/shifted: 180/200 episodes
    hysteresis/shifted: 200/200 episodes
evaluating ppo seed=0 under shifted geometry...
    ppo_seed0/shifted: 20/200 episodes
    ppo_seed0/shifted: 40/200 episodes
    ppo_seed0/shifted: 60/200 episodes
    ppo_seed0/shifted: 80/200 episodes
    ppo_seed0/shifted: 100/200 episodes
    ppo_seed0/shifted: 120/200 episodes
    ppo_seed0/shifted: 140/200 episodes
    ppo_seed0/shifted: 160/200 episodes
    ppo_seed0/shifted: 180/200 episodes
    ppo_seed0/shifted: 200/200 episodes
evaluating ppo seed=1 under shifted geometry...
    ppo_seed1/shifted: 20/200 episodes
    ppo_seed1/shifted: 40/200 episodes
    ppo_seed1/shifted: 60/200 episodes
    ppo_seed1/shifted: 80/200 episodes
    ppo_seed1/shifted: 100/200 episodes
    ppo_seed1/shifted: 120/200 episodes
    ppo_seed1/shifted: 140/200 episodes
    ppo_seed1/shifted: 160/200 episodes
    ppo_seed1/shifted: 180/200 episodes
    ppo_seed1/shifted: 200/200 episodes
evaluating ppo seed=2 under shifted geometry...
    ppo_seed2/shifted: 20/200 episodes
    ppo_seed2/shifted: 40/200 episodes
    ppo_seed2/shifted: 60/200 episodes
    ppo_seed2/shifted: 80/200 episodes
    ppo_seed2/shifted: 100/200 episodes
    ppo_seed2/shifted: 120/200 episodes
    ppo_seed2/shifted: 140/200 episodes
    ppo_seed2/shifted: 160/200 episodes
    ppo_seed2/shifted: 180/200 episodes
    ppo_seed2/shifted: 200/200 episodes

    policy geometry  reward_mean  switch_rate_mean  outage_rate_mean
hysteresis  nominal    40.001030          0.082333               0.0
 ppo_seed0  nominal    44.144922          0.045917               0.0
 ppo_seed1  nominal    44.058620          0.048250               0.0
 ppo_seed2  nominal    44.520134          0.064667               0.0
hysteresis  shifted    40.558043          0.098417               0.0
 ppo_seed0  shifted    44.483467          0.056083               0.0
 ppo_seed1  shifted    44.205920          0.060167               0.0
 ppo_seed2  shifted    44.790819          0.064417               0.0

Saved: D:\Projects\TN+NTN\drl\figures_s\phase8_geometry_generalization.csv
--- significance_tests ---
ppo vs dqn [total_reward]: mean 44.2104 vs 43.6196, Welch p=2.34e-04, MWU p=2.38e-05, d=0.213
ppo vs dqn [switch_rate]: mean 0.0550 vs 0.1322, Welch p=4.38e-96, MWU p=1.22e-87, d=-1.373
ppo vs hysteresis [total_reward]: mean 44.2104 vs 40.0010, Welch p=1.18e-89, MWU p=1.63e-69, d=1.693
ppo vs hysteresis [switch_rate]: mean 0.0550 vs 0.0823, Welch p=5.09e-23, MWU p=4.94e-23, d=-0.835
ppo vs oracle [total_reward]: mean 44.2104 vs 45.2742, Welch p=2.98e-06, MWU p=2.82e-06, d=-0.395
ppo vs oracle [switch_rate]: mean 0.0550 vs 0.0476, Welch p=9.46e-03, MWU p=6.23e-03, d=0.219
dqn vs hysteresis [total_reward]: mean 43.6196 vs 40.0010, Welch p=8.75e-71, MWU p=4.64e-55, d=1.366
dqn vs hysteresis [switch_rate]: mean 0.1322 vs 0.0823, Welch p=1.11e-37, MWU p=2.37e-21, d=0.774

Saved: D:\Projects\TN+NTN\drl\figures_s\phase7_significance.csv
=== Fri Sep  4 19:00:33 EDT 2026 S-BAND campaign done ===
