UE_ID,distance_km,SNR_dB,SINR_dB,RSSI_dBm,BER,Throughput_Mbps,Latency_ms,Packet_Loss_pct,Doppler_Hz,Propagation_Delay_ms,Rain_Rate_mmhr,Rain_Fade_dB,Link_Quality_Index,Spectral_Efficiency_bps_hz,network_type
UE_000,0.01942,15.323,10.944,-43.223,0.0011523,5.995,1.83,0.51,1.22,6.5e-05,0.0,0.0,62.832,3.75,WiFi_6
UE_001,0.00708,30.207,28.56,-38.498,5.352e-05,15.183,2.27,0.61,12.57,2.4e-05,0.0,0.0,87.46,9.49,WiFi_6
UE_002,0.01288,22.715,16.534,-42.639,0.00015623,8.839,2.16,2.84,-6.62,4.3e-05,0.0,0.0,79.603,5.52,WiFi_6
UE_003,0.00768,34.806,29.687,-36.781,0.00021496,15.782,1.83,4.61,-11.33,2.6e-05,0.0,0.0,87.46,9.86,WiFi_6
UE_004,0.02951,13.306,8.094,-45.222,0.00101109,4.635,1.86,2.81,13.7,9.8e-05,0.0,0.0,54.281,2.9,WiFi_6
UE_005,0.00785,23.905,20.27,-40.147,6.456e-05,10.796,1.51,1.74,4.52,2.6e-05,0.0,0.0,87.46,6.75,WiFi_6
UE_006,0.02071,6.567,0.855,-46.551,0.01012208,1.838,2.08,31.13,4.2,6.9e-05,0.0,0.0,32.564,1.15,WiFi_6
UE_007,0.01645,19.788,14.524,-43.413,0.00011969,7.8,1.85,10.48,-1.74,5.5e-05,0.0,0.0,73.571,4.87,WiFi_6
UE_008,0.01737,7.005,5.096,-48.207,0.01015833,3.331,1.89,11.07,-8.09,5.8e-05,0.0,0.0,45.289,2.08,WiFi_6
UE_009,0.03321,-5.882,-9.315,-53.699,0.15008806,0.256,1.99,25.7,-12.68,0.000111,0.0,0.0,15.26,0.16,WiFi_6
UE_010,0.01982,28.081,24.597,-38.186,8.977e-05,13.082,2.1,3.92,-1.65,6.6e-05,0.0,0.0,87.46,8.18,WiFi_6
UE_011,0.01828,26.802,22.696,-38.948,9.855e-05,12.076,1.88,1.21,-0.91,6.1e-05,0.0,0.0,87.46,7.55,WiFi_6
UE_012,0.02658,16.633,11.587,-42.167,0.00108982,6.313,2.14,3.04,2.12,8.9e-05,0.0,0.0,64.76,3.95,WiFi_6
UE_013,0.01264,25.469,23.75,-39.451,6.551e-05,12.633,1.94,4.29,-9.11,4.2e-05,0.0,0.0,87.46,7.9,WiFi_6
UE_014,0.00899,5.368,2.248,-44.481,0.01009204,2.274,1.55,30.86,-4.33,3e-05,0.0,0.0,36.744,1.42,WiFi_6
UE_015,0.02061,21.715,17.675,-42.733,0.00020425,9.433,2.23,2.13,-4.27,6.9e-05,0.0,0.0,83.025,5.9,WiFi_6
UE_016,0.00952,18.346,14.086,-41.184,0.00015183,7.575,1.83,0.78,6.61,3.2e-05,0.0,0.0,72.258,4.73,WiFi_6
UE_017,0.02567,5.36,0.667,-47.355,0.01011582,1.784,2.03,29.24,6.12,8.6e-05,0.0,0.0,32.001,1.12,WiFi_6
UE_018,0.03059,-0.677,-4.313,-48.899,0.15001756,0.727,1.84,22.6,-9.4,0.000102,0.0,0.0,17.062,0.45,WiFi_6
UE_019,0.01854,22.376,20.858,-41.306,3.778e-05,11.105,1.52,1.67,0.15,6.2e-05,0.0,0.0,87.46,6.94,WiFi_6
UE_000,0.02438,1.966,-0.434,-49.209,0.15002346,1.488,1.55,26.46,1.22,8.1e-05,0.0,0.0,28.698,0.93,WiFi_6
UE_001,0.0058,46.372,41.373,-31.794,8.123e-05,21.99,1.55,8.59,12.57,1.9e-05,0.0,0.0,87.46,12.34,WiFi_6
UE_002,0.00464,24.228,18.75,-41.252,0.0002404,9.996,1.92,10.7,-6.62,1.5e-05,0.0,0.0,86.249,6.25,WiFi_6
UE_003,0.00529,39.596,35.841,-34.101,0.00024732,19.051,1.69,0.16,-11.33,1.8e-05,0.0,0.0,87.46,11.91,WiFi_6
UE_004,0.01971,15.283,12.452,-44.462,0.00014215,6.746,1.57,2.02,13.7,6.6e-05,0.0,0.0,67.357,4.22,WiFi_6
UE_005,0.0023,37.948,35.467,-34.03,9.194e-05,18.851,2.17,1.38,4.52,8e-06,0.0,0.0,87.46,11.78,WiFi_6
UE_006,0.02464,-7.045,-10.605,-53.699,0.15000769,0.193,1.58,18.69,4.2,8.2e-05,0.0,0.0,15.26,0.12,WiFi_6
UE_007,0.01254,28.94,27.117,-36.717,8.836e-05,14.418,1.65,0.05,-1.74,4.2e-05,0.0,0.0,87.46,9.01,WiFi_6
UE_008,0.01052,39.69,37.208,-35.186,4.836e-05,19.777,1.86,3.52,-8.09,3.5e-05,0.0,0.0,87.46,12.34,WiFi_6
UE_009,0.01722,15.901,12.411,-44.028,0.00018855,6.725,2.16,0.36,-12.68,5.7e-05,0.0,0.0,67.232,4.2,WiFi_6
UE_010,0.02653,8.729,3.541,-46.281,0.01013071,2.728,1.92,5.5,-1.65,8.8e-05,0.0,0.0,40.624,1.7,WiFi_6
UE_011,0.02453,29.116,26.802,-38.094,7.918e-05,14.25,1.87,1.24,-0.91,8.2e-05,0.0,0.0,87.46,8.91,WiFi_6
UE_012,0.01717,10.505,4.931,-45.18,0.01012171,3.264,1.63,5.07,2.12,5.7e-05,0.0,0.0,44.793,2.04,WiFi_6
UE_013,0.02238,15.643,13.635,-43.568,0.00022169,7.345,2.04,3.53,-9.11,7.5e-05,0.0,0.0,70.904,4.59,WiFi_6
UE_014,0.00401,37.381,34.052,-36.022,7.971e-05,18.1,1.87,1.18,-4.33,1.3e-05,0.0,0.0,87.46,11.31,WiFi_6
UE_015,0.01348,17.897,14.259,-42.417,0.00019405,7.664,1.95,2.52,-4.27,4.5e-05,0.0,0.0,72.777,4.79,WiFi_6
UE_016,0.00928,18.88,15.186,-43.337,0.00018158,8.14,1.54,10.84,6.61,3.1e-05,0.0,0.0,75.557,5.09,WiFi_6
UE_017,0.02043,-0.388,-3.1,-48.946,0.1500538,0.92,2.24,7.72,6.12,6.8e-05,0.0,0.0,20.699,0.58,WiFi_6
UE_018,0.02596,-18.36,-20.471,-58.751,0.15000345,0.021,2.16,18.73,-9.4,8.7e-05,0.0,0.0,15.26,0.1,WiFi_6
UE_019,0.00991,23.767,22.005,-40.451,1.473e-05,11.71,1.96,0.58,0.15,3.3e-05,0.0,0.0,87.46,7.32,WiFi_6
UE_000,0.02558,17.498,14.24,-42.527,0.00010728,7.654,1.94,9.94,1.22,8.5e-05,0.0,0.0,72.721,4.78,WiFi_6
UE_001,0.00707,36.081,34.246,-34.522,3.521e-05,18.203,2.05,1.14,12.57,2.4e-05,0.0,0.0,87.46,11.38,WiFi_6
UE_002,0.00379,38.89,35.251,-34.271,3.953e-05,18.737,2.0,2.53,-6.62,1.3e-05,0.0,0.0,87.46,11.71,WiFi_6
UE_003,0.00554,33.793,30.956,-35.425,6.14e-06,16.455,1.98,4.05,-11.33,1.8e-05,0.0,0.0,87.46,10.28,WiFi_6
UE_004,0.0191,10.849,9.683,-47.038,0.00109378,5.382,1.66,4.97,13.7,6.4e-05,0.0,0.0,59.048,3.36,WiFi_6
UE_005,0.00707,30.026,25.641,-37.966,8.819e-05,13.635,2.18,2.09,4.52,2.4e-05,0.0,0.0,87.46,8.52,WiFi_6
UE_006,0.02278,12.654,10.475,-43.985,0.00106514,5.766,1.92,6.62,4.2,7.6e-05,0.0,0.0,61.424,3.6,WiFi_6
UE_007,0.015,19.883,14.796,-41.882,0.00018559,7.939,2.01,0.11,-1.74,5e-05,0.0,0.0,74.387,4.96,WiFi_6
UE_008,0.01216,-5.114,-9.292,-51.359,0.15016127,0.257,2.18,13.99,-8.09,4.1e-05,0.0,0.0,15.26,0.16,WiFi_6
UE_009,0.00766,23.191,20.62,-40.659,0.00010877,10.98,1.71,4.41,-12.68,2.6e-05,0.0,0.0,87.46,6.86,WiFi_6
UE_010,0.03128,-3.309,-7.608,-48.935,0.15018434,0.369,2.03,34.0,-1.65,0.000104,0.0,0.0,15.26,0.23,WiFi_6
UE_011,0.01913,8.591,4.704,-46.549,0.01004421,3.173,2.15,8.14,-0.91,6.4e-05,0.0,0.0,44.111,1.98,WiFi_6
UE_012,0.01031,19.166,16.405,-42.778,0.00026691,8.772,1.76,0.25,2.12,3.4e-05,0.0,0.0,79.216,5.48,WiFi_6
UE_013,0.01952,15.192,13.573,-45.124,0.00013345,7.313,1.84,0.51,-9.11,6.5e-05,0.0,0.0,70.718,4.57,WiFi_6
UE_014,0.00532,21.63,17.989,-40.403,0.00022664,9.597,1.56,0.99,-4.33,1.8e-05,0.0,0.0,83.966,6.0,WiFi_6
UE_015,0.01719,3.913,1.309,-49.954,0.01004842,1.974,2.14,24.81,-4.27,5.7e-05,0.0,0.0,33.926,1.23,WiFi_6
UE_016,0.00791,20.864,18.031,-41.21,0.00017746,9.62,1.78,1.93,6.61,2.6e-05,0.0,0.0,84.094,6.01,WiFi_6
UE_017,0.01227,25.442,19.812,-41.118,0.00011051,10.554,1.66,1.71,6.12,4.1e-05,0.0,0.0,87.46,6.6,WiFi_6
UE_018,0.01114,13.483,8.992,-45.047,0.00101307,5.053,1.93,1.41,-9.4,3.7e-05,0.0,0.0,56.975,3.16,WiFi_6
UE_019,0.00371,28.415,26.514,-38.229,9.197e-05,14.098,2.21,0.53,0.15,1.2e-05,0.0,0.0,87.46,8.81,WiFi_6
UE_000,0.01746,19.093,13.564,-42.293,0.00013853,7.309,2.12,8.45,1.22,5.8e-05,0.0,0.0,70.692,4.57,WiFi_6
UE_001,0.00707,47.641,46.383,-31.559,0.00021213,24.653,2.21,2.37,12.57,2.4e-05,0.0,0.0,87.46,12.34,WiFi_6
UE_002,0.00501,38.155,34.336,-34.457,6.327e-05,18.251,2.17,0.22,-6.62,1.7e-05,0.0,0.0,87.46,11.41,WiFi_6
UE_003,0.00707,25.382,22.44,-40.469,3.655e-05,11.94,2.04,3.58,-11.33,2.4e-05,0.0,0.0,87.46,7.46,WiFi_6
UE_004,0.01843,12.784,8.516,-44.073,0.00106296,4.83,1.67,0.99,13.7,6.1e-05,0.0,0.0,55.548,3.02,WiFi_6
UE_005,0.00707,28.048,24.289,-40.569,0.00012306,12.918,2.13,4.49,4.52,2.4e-05,0.0,0.0,87.46,8.07,WiFi_6
UE_006,0.01923,15.047,12.774,-44.199,0.00020988,6.908,1.65,4.17,4.2,6.4e-05,0.0,0.0,68.321,4.32,WiFi_6
UE_007,0.01706,24.247,19.608,-40.289,0.00019309,10.447,1.71,5.25,-1.74,5.7e-05,0.0,0.0,87.46,6.53,WiFi_6
UE_008,0.01587,16.473,12.124,-43.087,0.00011301,6.581,2.15,9.02,-8.09,5.3e-05,0.0,0.0,66.372,4.11,WiFi_6
UE_009,0.00562,20.155,18.874,-43.73,0.00014468,10.061,2.25,1.2,-12.68,1.9e-05,0.0,0.0,86.622,6.29,WiFi_6
UE_010,0.02751,5.497,4.174,-47.177,0.01006283,2.966,1.96,16.75,-1.65,9.2e-05,0.0,0.0,42.522,1.85,WiFi_6
UE_011,0.01271,24.915,20.199,-39.958,6.872e-05,10.758,1.89,1.75,-0.91,4.2e-05,0.0,0.0,87.46,6.72,WiFi_6
UE_012,0.00909,19.662,17.895,-41.522,0.00023579,9.549,1.53,0.32,2.12,3e-05,0.0,0.0,83.686,5.97,WiFi_6
UE_013,0.01078,13.01,7.727,-45.267,0.0010232,4.467,1.91,0.27,-9.11,3.6e-05,0.0,0.0,53.18,2.79,WiFi_6
UE_014,0.00707,11.227,6.538,-46.173,0.00113601,3.938,1.65,0.26,-4.33,2.4e-05,0.0,0.0,49.615,2.46,WiFi_6
UE_015,0.02242,2.939,-0.348,-47.967,0.15001599,1.509,1.98,27.56,-4.27,7.5e-05,0.0,0.0,28.956,0.94,WiFi_6
UE_016,0.00669,33.341,28.817,-36.682,2.987e-05,15.32,2.01,0.17,6.61,2.2e-05,0.0,0.0,87.46,9.57,WiFi_6
UE_017,0.00412,17.323,15.207,-42.578,0.00010889,8.151,1.6,1.41,6.12,1.4e-05,0.0,0.0,75.62,5.09,WiFi_6
UE_018,0.00373,35.279,30.846,-35.664,2.26e-06,16.397,2.2,0.23,-9.4,1.2e-05,0.0,0.0,87.46,10.25,WiFi_6
UE_019,0.00611,30.576,27.412,-35.494,4.162e-05,14.574,2.14,3.57,0.15,2e-05,0.0,0.0,87.46,9.11,WiFi_6
UE_000,0.01105,9.424,5.367,-45.358,0.01001833,3.441,1.95,27.26,1.22,3.7e-05,0.0,0.0,46.1,2.15,WiFi_6
UE_001,0.00707,14.943,10.108,-44.862,0.00105994,5.587,1.89,1.87,12.57,2.4e-05,0.0,0.0,60.325,3.49,WiFi_6
UE_002,0.005,16.714,12.395,-45.227,0.00013625,6.717,1.57,5.04,-6.62,1.7e-05,0.0,0.0,67.184,4.2,WiFi_6
UE_003,0.00707,27.649,24.283,-40.261,0.00018415,12.915,1.57,8.1,-11.33,2.4e-05,0.0,0.0,87.46,8.07,WiFi_6
UE_004,0.01776,21.054,16.754,-41.283,0.00020973,8.953,1.67,1.44,13.7,5.9e-05,0.0,0.0,80.262,5.6,WiFi_6
UE_005,0.00707,33.378,32.477,-38.243,6.094e-05,17.263,2.26,0.17,4.52,2.4e-05,0.0,0.0,87.46,10.79,WiFi_6
UE_006,0.01574,19.961,16.897,-40.499,0.00013125,9.028,2.18,8.69,4.2,5.2e-05,0.0,0.0,80.692,5.64,WiFi_6
UE_007,0.01915,11.08,7.614,-46.636,0.00101424,4.416,1.88,9.24,-1.74,6.4e-05,0.0,0.0,52.841,2.76,WiFi_6
UE_008,0.01916,18.426,14.898,-41.569,0.00025414,7.992,2.19,1.33,-8.09,6.4e-05,0.0,0.0,74.695,5.0,WiFi_6
UE_009,0.00707,29.803,24.72,-36.528,1.257e-05,13.146,1.67,2.2,-12.68,2.4e-05,0.0,0.0,87.46,8.22,WiFi_6
UE_010,0.02585,2.21,-0.19,-48.089,0.15001661,1.55,1.54,13.47,-1.65,8.6e-05,0.0,0.0,29.429,0.97,WiFi_6
UE_011,0.00651,41.693,39.023,-31.834,8.878e-05,20.742,1.86,0.72,-0.91,2.2e-05,0.0,0.0,87.46,12.34,WiFi_6
UE_012,0.00703,12.078,6.533,-46.352,0.00120392,3.935,2.23,7.04,2.12,2.3e-05,0.0,0.0,49.599,2.46,WiFi_6
UE_013,0.00501,23.363,16.747,-41.142,0.00023344,8.949,2.19,2.92,-9.11,1.7e-05,0.0,0.0,80.241,5.59,WiFi_6
UE_014,0.00707,34.089,30.696,-35.98,4.27e-06,16.317,1.62,2.04,-4.33,2.4e-05,0.0,0.0,87.46,10.2,WiFi_6
UE_015,0.02335,7.916,3.697,-46.957,0.01000753,2.785,1.69,26.68,-4.27,7.8e-05,0.0,0.0,41.09,1.74,WiFi_6
UE_016,0.00571,32.065,29.099,-36.427,3.007e-05,15.469,1.68,1.93,6.61,1.9e-05,0.0,0.0,87.46,9.67,WiFi_6
UE_017,0.00411,35.423,33.07,-36.361,8.029e-05,17.578,1.71,0.58,6.12,1.4e-05,0.0,0.0,87.46,10.99,WiFi_6
UE_018,0.00707,31.934,29.501,-37.169,0.00022928,15.683,1.62,3.52,-9.4,2.4e-05,0.0,0.0,87.46,9.8,WiFi_6
UE_019,0.006,40.193,36.288,-34.035,2.31e-05,19.288,1.55,4.92,0.15,2e-05,0.0,0.0,87.46,12.05,WiFi_6
UE_000,0.01017,21.618,18.8,-41.9,0.00022281,10.022,1.55,1.99,1.22,3.4e-05,0.0,0.0,86.399,6.26,WiFi_6
UE_001,0.00707,44.583,41.236,-30.522,2.59e-05,21.917,1.95,0.11,12.57,2.4e-05,0.0,0.0,87.46,12.34,WiFi_6
UE_002,0.005,18.157,14.028,-42.708,0.00019686,7.546,1.5,2.28,-6.62,1.7e-05,0.0,0.0,72.085,4.72,WiFi_6
UE_003,0.00707,33.485,27.969,-38.212,2.135e-05,14.87,2.23,0.94,-11.33,2.4e-05,0.0,0.0,87.46,9.29,WiFi_6
UE_004,0.01709,10.462,6.21,-46.876,0.00106544,3.796,2.12,1.19,13.7,5.7e-05,0.0,0.0,48.631,2.37,WiFi_6
UE_005,0.00707,18.965,17.188,-42.422,0.00024799,9.179,1.84,0.27,4.52,2.4e-05,0.0,0.0,81.564,5.74,WiFi_6
UE_006,0.01233,-5.782,-9.161,-52.753,0.1501582,0.264,2.06,33.58,-2.63,4.1e-05,0.0,0.0,15.26,0.17,WiFi_6
UE_007,0.02126,9.225,4.955,-44.914,0.01013096,3.274,2.2,25.12,-1.74,7.1e-05,0.0,0.0,44.864,2.05,WiFi_6
UE_008,0.02248,32.7,29.713,-36.892,1.374e-05,15.795,1.6,0.81,-8.09,7.5e-05,0.0,0.0,87.46,9.87,WiFi_6
UE_009,0.00707,37.667,34.399,-35.526,8.74e-05,18.284,1.75,0.57,-12.68,2.4e-05,0.0,0.0,87.46,11.43,WiFi_6
UE_010,0.02289,37.179,33.58,-34.738,9.49e-06,17.849,1.79,6.02,-1.65,7.6e-05,0.0,0.0,87.46,11.16,WiFi_6
UE_011,0.00285,48.922,46.92,-29.93,9.876e-05,24.939,1.56,7.95,-0.91,9e-06,0.0,0.0,87.46,12.34,WiFi_6
UE_012,0.0055,19.4,18.347,-41.307,0.00017617,9.785,1.55,0.62,-8.18,1.8e-05,0.0,0.0,85.042,6.12,WiFi_6
UE_013,0.00707,38.568,32.5,-36.2,5.81e-06,17.275,2.23,0.37,-9.11,2.4e-05,0.0,0.0,87.46,10.8,WiFi_6
UE_014,0.00707,44.656,41.59,-33.277,2.777e-05,22.106,1.68,1.97,-4.33,2.4e-05,0.0,0.0,87.46,12.34,WiFi_6
UE_015,0.01818,25.375,21.73,-40.71,3.946e-05,11.565,1.67,0.2,-4.27,6.1e-05,0.0,0.0,87.46,7.23,WiFi_6
UE_016,0.00511,41.506,39.763,-32.291,7.816e-05,21.135,1.97,2.72,6.61,1.7e-05,0.0,0.0,87.46,12.34,WiFi_6
UE_017,0.00629,53.766,48.636,-27.916,2.13e-05,25.851,1.63,5.33,6.12,2.1e-05,0.0,0.0,87.46,12.34,WiFi_6
UE_018,0.00707,19.104,17.116,-41.87,0.00025801,9.142,1.74,5.53,-9.4,2.4e-05,0.0,0.0,81.349,5.71,WiFi_6
UE_019,0.0059,32.12,28.518,-37.64,4.426e-05,15.161,2.05,0.54,0.15,2e-05,0.0,0.0,87.46,9.48,WiFi_6
UE_000,0.00887,13.16,9.703,-46.944,0.00103608,5.392,1.69,6.29,1.22,3e-05,0.0,0.0,59.109,3.37,WiFi_6
UE_001,0.00707,22.852,17.893,-42.897,0.00020081,9.548,1.96,1.86,12.57,2.4e-05,0.0,0.0,83.679,5.97,WiFi_6
UE_002,0.00502,16.51,11.318,-44.976,0.00100161,6.18,1.77,6.9,-6.62,1.7e-05,0.0,0.0,63.954,3.86,WiFi_6
UE_003,0.00707,25.827,21.409,-39.434,7.809e-05,11.395,2.0,0.37,-11.33,2.4e-05,0.0,0.0,87.46,7.12,WiFi_6
UE_004,0.01642,20.165,18.417,-42.809,0.00014004,9.822,2.24,4.74,-12.02,5.5e-05,0.0,0.0,85.252,6.14,WiFi_6
UE_005,0.00707,27.4,25.548,-38.858,2.582e-05,13.586,1.84,0.49,4.52,2.4e-05,0.0,0.0,87.46,8.49,WiFi_6
UE_006,0.00604,31.239,27.611,-35.995,4.12e-05,14.68,2.12,6.28,-2.63,2e-05,0.0,0.0,87.46,9.17,WiFi_6
UE_007,0.02337,8.583,4.679,-46.836,0.01009788,3.163,2.14,25.14,-1.74,7.8e-05,0.0,0.0,44.037,1.98,WiFi_6
UE_008,0.02515,19.484,15.369,-41.449,0.00019222,8.235,1.57,3.82,-8.09,8.4e-05,0.0,0.0,76.108,5.15,WiFi_6
UE_009,0.00707,21.375,18.132,-43.082,0.0001281,9.672,1.94,1.27,-12.68,2.4e-05,0.0,0.0,84.395,6.05,WiFi_6
UE_010,0.02139,32.272,31.682,-36.437,6.56e-06,16.841,2.16,0.5,-1.65,7.1e-05,0.0,0.0,87.46,10.53,WiFi_6
UE_011,0.00639,32.33,31.909,-37.271,5.69e-06,16.961,1.7,6.17,-0.91,2.1e-05,0.0,0.0,87.46,10.6,WiFi_6
UE_012,0.01274,11.915,8.537,-44.753,0.00102239,4.84,1.71,3.69,-8.18,4.2e-05,0.0,0.0,55.612,3.03,WiFi_6
UE_013,0.00707,30.46,26.596,-39.158,0.00018968,14.141,1.81,4.0,11.15,2.4e-05,0.0,0.0,87.46,8.84,WiFi_6
UE_014,0.00707,40.379,36.181,-33.793,0.00011042,19.231,2.0,2.68,-4.33,2.4e-05,0.0,0.0,87.46,12.02,WiFi_6
UE_015,0.01313,29.101,26.688,-37.289,5.928e-05,14.19,1.67,0.01,-4.27,4.4e-05,0.0,0.0,87.46,8.87,WiFi_6
UE_016,0.00504,44.972,39.325,-31.188,8.33e-06,20.902,1.78,1.28,6.61,1.7e-05,0.0,0.0,87.46,12.34,WiFi_6
UE_017,0.00707,22.301,18.206,-42.582,0.00012607,9.711,2.07,1.81,6.12,2.4e-05,0.0,0.0,84.617,6.07,WiFi_6
UE_018,0.00707,22.428,18.794,-43.726,0.00010543,10.019,1.74,7.39,-9.4,2.4e-05,0.0,0.0,86.381,6.26,WiFi_6
UE_019,0.0058,14.397,9.974,-45.258,0.00105167,5.523,1.59,9.74,0.15,1.9e-05,0.0,0.0,59.923,3.45,WiFi_6
UE_000,0.00766,21.576,17.914,-38.796,0.00010592,9.559,1.67,0.21,1.22,2.6e-05,0.0,0.0,83.743,5.97,WiFi_6
UE_001,0.00707,26.722,23.628,-39.426,1.65e-05,12.568,2.09,0.63,12.57,2.4e-05,0.0,0.0,87.46,7.86,WiFi_6
UE_002,0.00505,37.099,32.057,-35.873,1.164e-05,17.04,1.73,4.48,-6.62,1.7e-05,0.0,0.0,87.46,10.65,WiFi_6
UE_003,0.00707,21.353,16.651,-43.537,0.00022406,8.9,1.91,2.46,-11.33,2.4e-05,0.0,0.0,79.954,5.56,WiFi_6
UE_004,0.01245,27.831,23.8,-40.275,7.878e-05,12.659,2.04,3.1,-12.02,4.2e-05,0.0,0.0,87.46,7.91,WiFi_6
UE_005,0.00707,35.357,32.98,-35.372,7.827e-05,17.53,1.51,3.23,4.52,2.4e-05,0.0,0.0,87.46,10.96,WiFi_6
UE_006,0.00162,45.915,41.465,-32.158,4.994e-05,22.039,1.64,3.17,-2.63,5e-06,0.0,0.0,87.46,12.34,WiFi_6
UE_007,0.02549,18.561,15.99,-41.762,0.00019404,8.556,1.55,5.81,-1.74,8.5e-05,0.0,0.0,77.97,5.35,WiFi_6
UE_008,0.0218,8.68,5.951,-47.609,0.01006159,3.686,1.54,10.07,-8.09,7.3e-05,0.0,0.0,47.854,2.3,WiFi_6
UE_009,0.00707,27.717,25.152,-38.587,0.00012611,13.375,1.69,1.64,-12.68,2.4e-05,0.0,0.0,87.46,8.36,WiFi_6
UE_010,0.01939,29.253,24.618,-36.983,0.00017631,13.093,2.11,0.94,-1.65,6.5e-05,0.0,0.0,87.46,8.18,WiFi_6
UE_011,0.00707,30.705,29.319,-39.8,0.00017065,15.586,2.2,1.05,-0.91,2.4e-05,0.0,0.0,87.46,9.74,WiFi_6
UE_012,0.02274,-2.533,-7.534,-51.349,0.1501346,0.375,1.74,26.11,-8.18,7.6e-05,0.0,0.0,15.26,0.23,WiFi_6
UE_013,0.01025,-1.613,-3.238,-51.268,0.15004181,0.896,2.09,26.27,11.15,3.4e-05,0.0,0.0,20.285,0.56,WiFi_6
UE_014,0.00707,42.769,40.399,-34.522,5.619e-05,21.473,1.63,2.42,-4.33,2.4e-05,0.0,0.0,87.46,12.34,WiFi_6
UE_015,0.00845,21.91,19.157,-40.98,0.00019827,10.21,2.03,2.75,-4.27,2.8e-05,0.0,0.0,87.46,6.38,WiFi_6
UE_016,0.00551,43.738,41.554,-32.663,8.166e-05,22.086,2.04,1.45,6.61,1.8e-05,0.0,0.0,87.46,12.34,WiFi_6
UE_017,0.00707,37.46,35.273,-34.498,7.357e-05,18.749,1.68,0.26,6.12,2.4e-05,0.0,0.0,87.46,11.72,WiFi_6
UE_018,0.00707,31.937,28.748,-38.749,8.084e-05,15.283,2.12,1.32,-9.4,2.4e-05,0.0,0.0,87.46,9.55,WiFi_6
UE_019,0.00571,43.061,40.481,-33.725,0.00026424,21.516,2.0,3.27,0.15,1.9e-05,0.0,0.0,87.46,12.34,WiFi_6
UE_000,0.00658,32.647,30.612,-36.334,0.00015292,16.272,1.63,0.16,1.22,2.2e-05,0.0,0.0,87.46,10.17,WiFi_6
UE_001,0.00707,-0.019,-4.588,-48.858,0.15007032,0.689,2.21,19.93,12.57,2.4e-05,0.0,0.0,16.237,0.43,WiFi_6
UE_002,0.0051,36.993,34.665,-35.83,0.00018224,18.425,2.23,0.85,-6.62,1.7e-05,0.0,0.0,87.46,11.52,WiFi_6
UE_003,0.00707,28.464,25.683,-39.702,9.395e-05,13.657,1.96,2.68,-11.33,2.4e-05,0.0,0.0,87.46,8.54,WiFi_6
UE_004,0.02497,9.843,6.628,-46.137,0.00106207,3.977,1.69,0.61,-12.02,8.3e-05,0.0,0.0,49.884,2.49,WiFi_6
UE_005,0.00707,11.945,7.557,-44.405,0.00106187,4.39,1.94,3.23,4.52,2.4e-05,0.0,0.0,52.671,2.74,WiFi_6
UE_006,0.00698,13.951,9.946,-44.49,0.0011661,5.509,1.94,0.75,-2.63,2.3e-05,0.0,0.0,59.837,3.44,WiFi_6
UE_007,0.02336,10.343,7.065,-45.416,0.00102133,4.17,2.0,10.63,-1.74,7.8e-05,0.0,0.0,51.196,2.61,WiFi_6
UE_008,0.01848,20.263,15.953,-41.867,0.00010298,8.537,1.84,1.15,-8.09,6.2e-05,0.0,0.0,77.86,5.34,WiFi_6
UE_009,0.00707,43.703,40.794,-33.561,0.00012879,21.683,1.81,3.87,-12.68,2.4e-05,0.0,0.0,87.46,12.34,WiFi_6
UE_010,0.0174,22.223,17.21,-39.664,0.00011966,9.191,1.75,1.15,-1.65,5.8e-05,0.0,0.0,81.63,5.74,WiFi_6
UE_011,0.00707,25.52,21.815,-41.142,5.955e-05,11.61,1.81,0.07,-0.91,2.4e-05,0.0,0.0,87.46,7.26,WiFi_6
UE_012,0.01725,20.184,17.885,-42.444,0.00024093,9.543,1.74,1.96,-8.18,5.8e-05,0.0,0.0,83.655,5.96,WiFi_6
UE_013,0.02343,9.496,5.215,-47.883,0.01017586,3.379,2.14,5.04,11.15,7.8e-05,0.0,0.0,45.646,2.11,WiFi_6
UE_014,0.00707,39.443,36.997,-34.523,8.148e-05,19.665,1.64,1.02,-4.33,2.4e-05,0.0,0.0,87.46,12.29,WiFi_6
UE_015,0.00521,44.466,39.822,-32.248,2.442e-05,21.166,2.09,1.46,-4.27,1.7e-05,0.0,0.0,87.46,12.34,WiFi_6
UE_016,0.00641,30.308,28.597,-38.043,8.356e-05,15.203,1.72,6.34,6.61,2.1e-05,0.0,0.0,87.46,9.5,WiFi_6
UE_017,0.00707,32.857,31.168,-37.98,3.924e-05,16.568,2.25,14.19,6.12,2.4e-05,0.0,0.0,87.46,10.35,WiFi_6
UE_018,0.00707,23.125,20.617,-42.32,8.4e-06,10.978,1.74,0.58,-9.4,2.4e-05,0.0,0.0,87.46,6.86,WiFi_6
UE_019,0.00562,40.444,34.912,-34.46,0.0001199,18.557,2.2,0.18,-6.01,1.9e-05,0.0,0.0,87.46,11.6,WiFi_6
UE_000,0.0057,38.253,33.136,-33.903,0.00010585,17.613,1.62,0.5,1.22,1.9e-05,0.0,0.0,87.46,11.01,WiFi_6
UE_001,0.00707,36.88,33.986,-35.045,0.00015257,18.065,1.71,2.7,12.57,2.4e-05,0.0,0.0,87.46,11.29,WiFi_6
UE_002,0.00517,43.275,40.708,-33.053,5.938e-05,21.637,1.92,0.42,-6.62,1.7e-05,0.0,0.0,87.46,12.34,WiFi_6
UE_003,0.00707,18.175,14.985,-42.072,0.00030102,8.037,2.18,0.27,-11.33,2.4e-05,0.0,0.0,74.954,5.02,WiFi_6
UE_004,0.01112,40.557,34.982,-32.893,9.607e-05,18.594,2.16,2.05,-12.02,3.7e-05,0.0,0.0,87.46,11.62,WiFi_6
UE_005,0.00707,24.603,22.025,-40.175,0.00011984,11.721,1.5,1.97,4.52,2.4e-05,0.0,0.0,87.46,7.33,WiFi_6
UE_006,0.00958,6.863,3.466,-45.931,0.01011318,2.7,2.01,34.42,-2.63,3.2e-05,0.0,0.0,40.399,1.69,WiFi_6
UE_007,0.02124,31.244,28.671,-37.262,3.156e-05,15.242,1.92,3.22,-1.74,7.1e-05,0.0,0.0,87.46,9.53,WiFi_6
UE_008,0.01521,15.923,11.631,-42.564,0.00111693,6.336,2.17,2.89,-8.09,5.1e-05,0.0,0.0,64.894,3.96,WiFi_6
UE_009,0.00707,37.655,34.42,-35.308,8.436e-05,18.296,1.68,4.08,-12.68,2.4e-05,0.0,0.0,87.46,11.43,WiFi_6
UE_010,0.01544,19.339,15.991,-42.236,0.00022785,8.557,1.86,0.02,-1.65,5.1e-05,0.0,0.0,77.973,5.35,WiFi_6
UE_011,0.00707,25.92,21.272,-39.607,1e-05,11.323,2.01,0.9,-0.91,2.4e-05,0.0,0.0,87.46,7.08,WiFi_6
UE_012,0.00865,24.673,23.351,-40.438,2.292e-05,12.422,1.53,4.29,-8.18,2.9e-05,0.0,0.0,87.46,7.76,WiFi_6
UE_013,0.01409,7.178,4.23,-45.92,0.01014415,2.988,1.58,33.73,11.15,4.7e-05,0.0,0.0,42.691,1.87,WiFi_6
UE_014,0.00707,31.057,29.42,-37.763,4.147e-05,15.64,1.61,3.69,-4.33,2.4e-05,0.0,0.0,87.46,9.77,WiFi_6
UE_015,0.00631,32.872,29.947,-35.656,0.00015332,15.92,2.1,0.14,-4.27,2.1e-05,0.0,0.0,87.46,9.95,WiFi_6
UE_016,0.00707,17.525,12.921,-43.121,0.00030352,6.983,2.0,4.41,6.61,2.4e-05,0.0,0.0,68.763,4.36,WiFi_6
UE_017,0.00707,24.903,22.207,-41.487,0.00022088,11.817,1.79,0.54,6.12,2.4e-05,0.0,0.0,87.46,7.39,WiFi_6
UE_018,0.00707,15.273,11.598,-42.769,0.00113105,6.319,1.88,0.96,-9.4,2.4e-05,0.0,0.0,64.793,3.95,WiFi_6
UE_019,0.01125,9.212,6.907,-44.469,0.00110701,4.099,1.99,1.52,-6.01,3.7e-05,0.0,0.0,50.721,2.56,WiFi_6
UE_000,0.00514,29.422,24.975,-38.942,6.791e-05,13.282,1.83,0.09,1.22,1.7e-05,0.0,0.0,87.46,8.3,WiFi_6
UE_001,0.00707,30.474,27.806,-37.893,0.00011273,14.783,1.58,10.34,12.57,2.4e-05,0.0,0.0,87.46,9.24,WiFi_6
UE_002,0.00524,34.204,29.264,-35.611,7.325e-05,15.557,1.54,5.59,-6.62,1.7e-05,0.0,0.0,87.46,9.72,WiFi_6
UE_003,0.00707,27.32,25.574,-38.875,7.19e-05,13.599,1.83,4.78,-11.33,2.4e-05,0.0,0.0,87.46,8.5,WiFi_6
UE_004,0.00707,40.708,36.96,-33.342,7.674e-05,19.645,2.11,1.69,-12.02,2.4e-05,0.0,0.0,87.46,12.28,WiFi_6
UE_005,0.00707,32.783,27.524,-36.759,6.911e-05,14.633,1.79,0.94,4.52,2.4e-05,0.0,0.0,87.46,9.15,WiFi_6
UE_006,0.0125,30.111,26.368,-38.233,3.54e-06,14.02,1.61,0.23,-2.63,4.2e-05,0.0,0.0,87.46,8.76,WiFi_6
UE_007,0.01914,23.107,17.304,-42.341,0.00017604,9.24,2.01,3.56,-1.74,6.4e-05,0.0,0.0,81.912,5.77,WiFi_6
UE_008,0.01202,22.573,18.348,-40.995,0.0001571,9.786,2.02,0.33,-8.09,4e-05,0.0,0.0,85.044,6.12,WiFi_6
UE_009,0.00707,32.491,26.497,-35.5,8.874e-05,14.088,2.26,2.46,-12.68,2.4e-05,0.0,0.0,87.46,8.81,WiFi_6
UE_010,0.0135,31.043,27.01,-37.852,9.61e-06,14.361,1.85,0.25,-1.65,4.5e-05,0.0,0.0,87.46,8.98,WiFi_6
UE_011,0.00707,40.475,35.634,-32.012,6.508e-05,18.94,1.58,4.84,-0.91,2.4e-05,0.0,0.0,87.46,11.84,WiFi_6
UE_012,0.00865,33.79,29.62,-36.209,8.085e-05,15.746,2.26,3.68,-8.18,2.9e-05,0.0,0.0,87.46,9.84,WiFi_6
UE_013,0.00506,24.346,20.511,-39.564,4.035e-05,10.922,1.51,3.76,11.15,1.7e-05,0.0,0.0,87.46,6.83,WiFi_6
UE_014,0.00707,25.097,21.266,-39.846,9.601e-05,11.32,2.2,5.1,-4.33,2.4e-05,0.0,0.0,87.46,7.08,WiFi_6
UE_015,0.00707,15.86,10.843,-41.92,0.00101979,5.946,1.68,0.26,-4.27,2.4e-05,0.0,0.0,62.53,3.72,WiFi_6
UE_016,0.00707,40.714,36.275,-33.096,0.00011393,19.281,1.98,2.07,6.61,2.4e-05,0.0,0.0,87.46,12.05,WiFi_6
UE_017,0.00707,6.641,2.775,-47.305,0.010012,2.453,2.02,9.65,6.12,2.4e-05,0.0,0.0,38.326,1.53,WiFi_6
UE_018,0.00707,15.554,10.592,-44.036,0.00116686,5.823,1.74,6.08,-9.4,2.4e-05,0.0,0.0,61.775,3.64,WiFi_6
UE_019,0.01829,0.618,-1.603,-51.617,0.15009016,1.213,1.6,35.93,-6.01,6.1e-05,0.0,0.0,25.19,0.76,WiFi_6
UE_000,0.00501,49.446,48.92,-30.327,0.00017908,26.002,1.6,6.2,1.22,1.7e-05,0.0,0.0,87.46,12.34,WiFi_6
UE_001,0.00707,33.843,31.134,-35.811,0.00015864,16.55,2.2,7.3,12.57,2.4e-05,0.0,0.0,87.46,10.34,WiFi_6
UE_002,0.00533,31.876,25.88,-35.873,7.87e-05,13.762,2.23,0.42,-6.62,1.8e-05,0.0,0.0,87.46,8.6,WiFi_6
UE_003,0.00707,28.51,24.531,-39.146,6.816e-05,13.046,1.76,10.66,-11.33,2.4e-05,0.0,0.0,87.46,8.15,WiFi_6
UE_004,0.00707,29.871,27.158,-39.702,6.04e-06,14.439,2.24,6.14,-12.02,2.4e-05,0.0,0.0,87.46,9.02,WiFi_6
UE_005,0.00707,14.288,7.416,-43.136,0.00117397,4.326,1.81,0.54,4.52,2.4e-05,0.0,0.0,52.249,2.7,WiFi_6
UE_006,0.01558,7.177,3.992,-46.322,0.01012458,2.897,2.11,5.47,-2.63,5.2e-05,0.0,0.0,41.977,1.81,WiFi_6
UE_007,0.01705,12.131,8.317,-46.703,0.00102724,4.738,2.08,0.23,-1.74,5.7e-05,0.0,0.0,54.952,2.96,WiFi_6
UE_008,0.00901,28.684,22.934,-37.53,5.038e-05,12.201,2.22,1.69,-8.09,3e-05,0.0,0.0,87.46,7.63,WiFi_6
UE_009,0.00707,27.27,22.464,-39.93,5.307e-05,11.953,1.98,0.55,-12.68,2.4e-05,0.0,0.0,87.46,7.47,WiFi_6
UE_010,0.01161,28.571,25.902,-38.19,4.4e-05,13.773,1.67,2.64,-1.65,3.9e-05,0.0,0.0,87.46,8.61,WiFi_6
UE_011,0.00707,34.888,30.54,-36.372,5.609e-05,16.234,1.73,0.18,-0.91,2.4e-05,0.0,0.0,87.46,10.15,WiFi_6
UE_012,0.01165,20.136,18.052,-41.213,0.00010807,9.631,1.53,1.14,-8.18,3.9e-05,0.0,0.0,84.155,6.02,WiFi_6
UE_013,0.00707,37.172,34.89,-34.992,4.625e-05,18.545,2.18,6.07,11.15,2.4e-05,0.0,0.0,87.46,11.59,WiFi_6
UE_014,0.00707,24.478,18.468,-38.121,0.00011396,9.849,2.23,0.45,-4.33,2.4e-05,0.0,0.0,85.405,6.16,WiFi_6
UE_015,0.00707,27.97,25.356,-38.536,6.607e-05,13.484,2.07,1.76,-4.27,2.4e-05,0.0,0.0,87.46,8.43,WiFi_6
UE_016,0.00707,33.987,30.24,-35.535,5.057e-05,16.075,2.14,8.68,6.61,2.4e-05,0.0,0.0,87.46,10.05,WiFi_6
UE_017,0.00707,32.709,32.614,-35.953,3.176e-05,17.336,1.79,2.54,6.12,2.4e-05,0.0,0.0,87.46,10.83,WiFi_6
UE_018,0.00707,23.618,20.238,-39.914,0.0001153,10.779,1.58,1.5,-9.4,2.4e-05,0.0,0.0,87.46,6.74,WiFi_6
UE_019,0.02539,9.979,5.571,-45.003,0.01002524,3.526,2.0,7.06,-6.01,8.5e-05,0.0,0.0,46.712,2.2,WiFi_6
UE_000,0.00533,33.421,30.009,-36.067,3.656e-05,15.952,2.13,1.55,1.22,1.8e-05,0.0,0.0,87.46,9.97,WiFi_6
UE_001,0.00707,22.946,17.793,-40.224,0.00017012,9.495,1.96,4.8,12.57,2.4e-05,0.0,0.0,83.38,5.93,WiFi_6
UE_002,0.00544,25.572,20.344,-39.651,0.00010387,10.834,2.11,0.02,1.52,1.8e-05,0.0,0.0,87.46,6.77,WiFi_6
UE_003,0.00707,29.232,25.17,-36.713,8.57e-05,13.385,1.67,1.48,-11.33,2.4e-05,0.0,0.0,87.46,8.37,WiFi_6
UE_004,0.00707,44.884,40.257,-33.34,6.11e-05,21.397,2.11,0.23,-12.02,2.4e-05,0.0,0.0,87.46,12.34,WiFi_6
UE_005,0.00707,19.326,15.76,-42.958,0.00032524,8.437,1.61,1.43,4.52,2.4e-05,0.0,0.0,77.281,5.27,WiFi_6
UE_006,0.01873,19.3,16.03,-42.734,0.00010199,8.577,1.58,1.25,-2.63,6.2e-05,0.0,0.0,78.091,5.36,WiFi_6
UE_007,0.01499,33.79,30.1,-35.461,0.00024498,16.001,2.11,2.81,-1.74,5e-05,0.0,0.0,87.46,10.0,WiFi_6
UE_008,0.00645,28.225,26.753,-38.963,4.021e-05,14.224,1.7,7.85,-8.09,2.1e-05,0.0,0.0,87.46,8.89,WiFi_6
UE_009,0.00707,38.493,34.635,-36.296,1.083e-05,18.409,2.07,1.01,-12.68,2.4e-05,0.0,0.0,87.46,11.51,WiFi_6
UE_010,0.00979,20.452,16.295,-43.731,0.00013968,8.715,1.58,2.83,-1.65,3.3e-05,0.0,0.0,78.886,5.45,WiFi_6
UE_011,0.00707,28.379,27.189,-39.631,2.346e-05,14.456,2.1,0.6,-0.91,2.4e-05,0.0,0.0,87.46,9.03,WiFi_6
UE_012,0.01403,19.288,16.934,-40.438,0.00012223,9.047,2.0,0.34,-8.18,4.7e-05,0.0,0.0,80.802,5.65,WiFi_6
UE_013,0.00707,45.206,42.367,-31.937,5.625e-05,22.519,1.58,4.92,11.78,2.4e-05,0.0,0.0,87.46,12.34,WiFi_6
UE_014,0.00707,37.093,34.937,-34.691,1.492e-05,18.57,1.56,2.76,-4.33,2.4e-05,0.0,0.0,87.46,11.61,WiFi_6
UE_015,0.00707,32.071,29.733,-37.874,6.729e-05,15.806,1.98,2.83,-4.27,2.4e-05,0.0,0.0,87.46,9.88,WiFi_6
UE_016,0.00707,11.266,7.99,-45.769,0.00107514,4.587,2.27,0.81,6.61,2.4e-05,0.0,0.0,53.97,2.87,WiFi_6
UE_017,0.00707,38.209,35.587,-35.011,0.00012577,18.916,1.83,3.3,6.12,2.4e-05,0.0,0.0,87.46,11.82,WiFi_6
UE_018,0.00707,30.546,25.206,-35.559,0.00012478,13.404,2.0,0.55,-9.4,2.4e-05,0.0,0.0,87.46,8.38,WiFi_6
UE_019,0.01808,3.158,-1.025,-48.922,0.15001298,1.344,1.83,35.2,-6.01,6e-05,0.0,0.0,26.925,0.84,WiFi_6
UE_000,0.00603,34.182,30.839,-35.363,0.00022205,16.393,2.06,0.79,1.22,2e-05,0.0,0.0,87.46,10.25,WiFi_6
UE_001,0.00707,20.786,15.105,-41.371,0.00010021,8.099,1.79,0.44,12.57,2.4e-05,0.0,0.0,75.316,5.06,WiFi_6
UE_002,0.00588,41.284,40.722,-31.809,5.636e-05,21.644,2.14,3.54,1.52,2e-05,0.0,0.0,87.46,12.34,WiFi_6
UE_003,0.00707,30.04,25.272,-39.607,5.733e-05,13.439,1.79,0.25,-11.33,2.4e-05,0.0,0.0,87.46,8.4,WiFi_6
UE_004,0.00707,37.115,32.341,-35.803,0.00012339,17.191,1.93,0.22,-12.02,2.4e-05,0.0,0.0,87.46,10.74,WiFi_6
UE_005,0.00707,38.534,35.335,-35.208,7.114e-05,18.782,2.17,2.33,4.52,2.4e-05,0.0,0.0,87.46,11.74,WiFi_6
UE_006,0.02192,15.076,11.305,-45.963,0.00103741,6.174,2.06,1.21,-2.63,7.3e-05,0.0,0.0,63.916,3.86,WiFi_6
UE_007,0.01296,7.007,6.017,-47.458,0.00117268,3.713,1.58,0.19,-1.74,4.3e-05,0.0,0.0,48.05,2.32,WiFi_6
UE_008,0.00504,32.404,28.51,-36.499,9.307e-05,15.157,1.67,0.67,-8.09,1.7e-05,0.0,0.0,87.46,9.47,WiFi_6
UE_009,0.00707,27.781,24.76,-37.304,3.168e-05,13.168,2.09,1.28,-12.68,2.4e-05,0.0,0.0,87.46,8.23,WiFi_6
UE_010,0.00809,21.98,18.054,-42.3,0.00013164,9.632,2.25,14.67,-1.65,2.7e-05,0.0,0.0,84.162,6.02,WiFi_6
UE_011,0.00707,19.878,16.633,-41.974,0.00022271,8.89,1.93,2.93,-0.91,2.4e-05,0.0,0.0,79.899,5.56,WiFi_6
UE_012,0.01647,7.906,3.109,-46.704,0.01001525,2.571,1.71,11.13,-8.18,5.5e-05,0.0,0.0,39.327,1.61,WiFi_6
UE_013,0.00707,26.797,22.989,-40.067,0.00013412,12.23,1.77,0.28,11.78,2.4e-05,0.0,0.0,87.46,7.64,WiFi_6
UE_014,0.00707,31.764,28.773,-38.142,0.0001611,15.296,1.81,1.78,-4.33,2.4e-05,0.0,0.0,87.46,9.56,WiFi_6
UE_015,0.00707,17.353,14.931,-43.065,0.00018385,8.009,1.57,14.54,-4.27,2.4e-05,0.0,0.0,74.792,5.01,WiFi_6
UE_016,0.00707,35.541,32.745,-36.222,0.00011763,17.405,1.76,6.31,6.61,2.4e-05,0.0,0.0,87.46,10.88,WiFi_6
UE_017,0.00707,18.323,15.671,-43.339,0.0001992,8.391,2.22,0.25,6.12,2.4e-05,0.0,0.0,77.014,5.24,WiFi_6
UE_018,0.00707,41.965,39.145,-34.251,0.00013231,20.806,2.08,11.14,-9.4,2.4e-05,0.0,0.0,87.46,12.34,WiFi_6
UE_019,0.01106,17.948,14.437,-42.846,0.00018178,7.755,1.87,2.8,6.26,3.7e-05,0.0,0.0,73.312,4.85,WiFi_6
UE_000,0.007,37.792,35.675,-37.409,7.4e-06,18.962,1.89,0.47,1.22,2.3e-05,0.0,0.0,87.46,11.85,WiFi_6
UE_001,0.00707,37.338,34.301,-35.008,5.397e-05,18.232,2.02,10.13,12.57,2.4e-05,0.0,0.0,87.46,11.4,WiFi_6
UE_002,0.00514,39.028,35.456,-37.277,3.033e-05,18.846,1.67,0.34,1.52,1.7e-05,0.0,0.0,87.46,11.78,WiFi_6
UE_003,0.00707,42.139,40.716,-31.614,0.00012288,21.641,1.73,0.49,-11.33,2.4e-05,0.0,0.0,87.46,12.34,WiFi_6
UE_004,0.00707,37.971,33.616,-35.375,4.209e-05,17.868,1.72,0.39,-12.02,2.4e-05,0.0,0.0,87.46,11.17,WiFi_6
UE_005,0.00707,37.369,32.825,-35.441,1.804e-05,17.448,1.64,2.14,4.52,2.4e-05,0.0,0.0,87.46,10.91,WiFi_6
UE_006,0.02513,16.213,14.435,-43.015,0.00032887,7.754,1.93,1.67,-2.63,8.4e-05,0.0,0.0,73.306,4.85,WiFi_6
UE_007,0.01099,37.654,35.213,-36.109,0.0001812,18.716,2.16,5.27,-1.74,3.7e-05,0.0,0.0,87.46,11.7,WiFi_6
UE_008,0.00573,28.184,24.36,-38.756,1.843e-05,12.956,1.94,1.97,8.48,1.9e-05,0.0,0.0,87.46,8.1,WiFi_6
UE_009,0.00707,24.832,21.303,-41.546,1.934e-05,11.34,1.72,0.04,-12.68,2.4e-05,0.0,0.0,87.46,7.09,WiFi_6
UE_010,0.00659,41.329,38.783,-35.428,0.00020706,20.614,2.23,5.58,-1.65,2.2e-05,0.0,0.0,87.46,12.34,WiFi_6
UE_011,0.00707,20.68,14.988,-42.171,0.00018848,8.038,1.57,4.01,-0.91,2.4e-05,0.0,0.0,74.963,5.02,WiFi_6
UE_012,0.01895,38.036,34.284,-35.66,0.00022864,18.223,1.81,4.61,-8.18,6.3e-05,0.0,0.0,87.46,11.39,WiFi_6
UE_013,0.00707,37.814,34.617,-35.48,0.0001836,18.4,1.67,0.88,11.78,2.4e-05,0.0,0.0,87.46,11.5,WiFi_6
UE_014,0.00707,33.169,30.558,-35.322,0.00012245,16.244,1.59,6.76,-4.33,2.4e-05,0.0,0.0,87.46,10.15,WiFi_6
UE_015,0.00707,22.048,20.556,-41.149,7.634e-05,10.946,2.24,0.49,-4.27,2.4e-05,0.0,0.0,87.46,6.84,WiFi_6
UE_016,0.00707,31.753,30.766,-37.528,1e-05,16.354,1.61,0.27,6.61,2.4e-05,0.0,0.0,87.46,10.22,WiFi_6
UE_017,0.00707,23.384,21.11,-41.993,9.816e-05,11.238,2.08,1.29,6.12,2.4e-05,0.0,0.0,87.46,7.02,WiFi_6
UE_018,0.00707,15.02,12.695,-44.444,0.00014361,6.868,2.08,0.31,-9.4,2.4e-05,0.0,0.0,68.085,4.29,WiFi_6
UE_019,0.01838,10.533,7.208,-44.791,0.00107568,4.233,2.18,2.94,6.26,6.1e-05,0.0,0.0,51.625,2.65,WiFi_6
UE_000,0.00707,30.482,27.01,-37.526,9.356e-05,14.361,2.25,4.47,1.22,2.4e-05,0.0,0.0,87.46,8.98,WiFi_6
UE_001,0.00707,28.815,28.775,-39.118,9.378e-05,15.297,1.84,11.73,12.57,2.4e-05,0.0,0.0,87.46,9.56,WiFi_6
UE_002,0.00505,25.209,23.234,-39.171,6.034e-05,12.36,1.77,3.21,1.52,1.7e-05,0.0,0.0,87.46,7.72,WiFi_6
UE_003,0.00707,35.381,31.186,-36.892,0.00019764,16.578,1.54,1.74,-11.33,2.4e-05,0.0,0.0,87.46,10.36,WiFi_6
UE_004,0.00707,27.826,24.04,-39.353,3.415e-05,12.787,2.25,0.66,-12.02,2.4e-05,0.0,0.0,87.46,7.99,WiFi_6
UE_005,0.00707,18.003,15.297,-41.939,0.00015831,8.198,1.86,5.93,4.52,2.4e-05,0.0,0.0,75.891,5.12,WiFi_6
UE_006,0.02264,-1.398,-6.899,-49.345,0.150014,0.429,1.85,32.53,-2.63,7.5e-05,0.0,0.0,15.26,0.27,WiFi_6
UE_007,0.00911,22.056,18.975,-42.216,0.00015029,10.115,1.89,2.36,-1.74,3e-05,0.0,0.0,86.926,6.32,WiFi_6
UE_008,0.00581,31.823,28.861,-37.799,5.964e-05,15.343,2.19,2.11,8.48,1.9e-05,0.0,0.0,87.46,9.59,WiFi_6
UE_009,0.00707,16.506,14.977,-41.097,0.00020754,8.033,2.0,2.13,-12.68,2.4e-05,0.0,0.0,74.931,5.02,WiFi_6
UE_010,0.00548,31.268,25.935,-36.739,3.912e-05,13.791,1.97,3.03,-1.77,1.8e-05,0.0,0.0,87.46,8.62,WiFi_6
UE_011,0.00707,37.441,34.757,-35.274,2.96e-06,18.474,2.1,0.85,-0.91,2.4e-05,0.0,0.0,87.46,11.55,WiFi_6
UE_012,0.02146,19.669,14.451,-42.713,0.00015886,7.762,2.0,2.43,-8.18,7.2e-05,0.0,0.0,73.353,4.85,WiFi_6
UE_013,0.00707,26.703,24.476,-39.833,0.00011202,13.017,1.8,4.59,11.78,2.4e-05,0.0,0.0,87.46,8.14,WiFi_6
UE_014,0.00707,21.534,16.655,-42.171,0.00016483,8.902,1.96,9.52,-4.33,2.4e-05,0.0,0.0,79.966,5.56,WiFi_6
UE_015,0.00707,44.061,39.206,-32.83,8.303e-05,20.839,1.61,6.28,-4.27,2.4e-05,0.0,0.0,87.46,12.34,WiFi_6
UE_016,0.00707,6.646,2.151,-47.117,0.01009326,2.242,1.8,25.23,6.61,2.4e-05,0.0,0.0,36.453,1.4,WiFi_6
UE_017,0.00707,43.809,38.371,-34.002,0.00012726,20.395,2.0,4.74,6.12,2.4e-05,0.0,0.0,87.46,12.34,WiFi_6
UE_018,0.00707,31.013,26.167,-35.381,3.06e-05,13.913,2.14,0.2,-9.4,2.4e-05,0.0,0.0,87.46,8.7,WiFi_6
UE_019,0.025,-8.33,-11.061,-51.27,0.15012084,0.174,1.57,27.8,6.26,8.3e-05,0.0,0.0,15.26,0.11,WiFi_6
UE_000,0.00707,24.269,21.774,-39.514,5.612e-05,11.588,1.64,2.07,1.22,2.4e-05,0.0,0.0,87.46,7.24,WiFi_6
UE_001,0.00707,23.535,20.309,-39.638,6.92e-05,10.816,2.27,2.18,12.57,2.4e-05,0.0,0.0,87.46,6.76,WiFi_6
UE_002,0.00563,44.564,39.837,-32.891,0.00018765,21.174,1.58,0.28,1.52,1.9e-05,0.0,0.0,87.46,12.34,WiFi_6
UE_003,0.00707,16.621,10.605,-43.162,0.00105768,5.829,1.53,1.64,-11.33,2.4e-05,0.0,0.0,61.814,3.64,WiFi_6
UE_004,0.00707,10.694,8.882,-45.949,0.00109594,5.002,1.79,5.49,-12.02,2.4e-05,0.0,0.0,56.647,3.13,WiFi_6
UE_005,0.00707,10.873,4.622,-46.904,0.01003486,3.141,2.12,10.63,4.52,2.4e-05,0.0,0.0,43.866,1.96,WiFi_6
UE_006,0.01944,30.573,26.306,-38.299,7.814e-05,13.987,2.05,2.19,-2.63,6.5e-05,0.0,0.0,87.46,8.74,WiFi_6
UE_007,0.00739,17.305,14.302,-43.544,0.00025947,7.686,2.08,6.18,-1.74,2.5e-05,0.0,0.0,72.907,4.8,WiFi_6
UE_008,0.01621,12.603,10.287,-45.151,0.00113905,5.674,2.24,1.98,8.48,5.4e-05,0.0,0.0,60.862,3.55,WiFi_6
UE_009,0.00707,32.682,31.351,-35.266,4.671e-05,16.665,2.23,4.35,-12.68,2.4e-05,0.0,0.0,87.46,10.42,WiFi_6
UE_010,0.00312,40.276,34.87,-33.494,5.834e-05,18.534,2.1,3.21,-1.77,1e-05,0.0,0.0,87.46,11.58,WiFi_6
UE_011,0.00707,33.263,28.161,-37.573,8.369e-05,14.971,2.13,7.1,-0.91,2.4e-05,0.0,0.0,87.46,9.36,WiFi_6
UE_012,0.02398,23.271,17.729,-40.996,0.00025681,9.462,1.54,4.5,-8.18,8e-05,0.0,0.0,83.187,5.91,WiFi_6
UE_013,0.00707,32.633,28.222,-39.371,8.94e-05,15.004,1.58,1.28,11.78,2.4e-05,0.0,0.0,87.46,9.38,WiFi_6
UE_014,0.00707,30.485,27.717,-37.104,1.067e-05,14.736,2.09,0.16,-4.33,2.4e-05,0.0,0.0,87.46,9.21,WiFi_6
UE_015,0.00707,32.962,29.991,-36.021,0.00012643,15.943,1.84,0.66,-4.27,2.4e-05,0.0,0.0,87.46,9.96,WiFi_6
UE_016,0.00707,43.127,41.092,-32.669,3.579e-05,21.841,2.18,1.29,6.61,2.4e-05,0.0,0.0,87.46,12.34,WiFi_6
UE_017,0.00707,38.339,35.368,-34.464,0.00011586,18.799,1.89,2.22,6.12,2.4e-05,0.0,0.0,87.46,11.75,WiFi_6
UE_018,0.00707,34.826,31.854,-35.69,0.00018215,16.932,1.52,0.26,-9.4,2.4e-05,0.0,0.0,87.46,10.58,WiFi_6
UE_019,0.01741,17.299,10.428,-42.644,0.00109039,5.743,2.11,1.86,6.26,5.8e-05,0.0,0.0,61.284,3.59,WiFi_6
UE_000,0.00707,18.303,12.516,-43.39,0.00010738,6.778,1.86,2.16,1.22,2.4e-05,0.0,0.0,67.549,4.24,WiFi_6
UE_001,0.00707,21.925,19.892,-41.876,0.00017992,10.597,1.97,0.54,12.57,2.4e-05,0.0,0.0,87.46,6.62,WiFi_6
UE_002,0.00672,23.835,20.299,-41.912,1.05e-05,10.811,2.14,6.31,1.52,2.2e-05,0.0,0.0,87.46,6.76,WiFi_6
UE_003,0.00707,22.796,17.406,-39.998,0.00010778,9.293,1.83,2.32,-11.33,2.4e-05,0.0,0.0,82.219,5.81,WiFi_6
UE_004,0.00707,40.249,37.341,-32.862,5.154e-05,19.847,1.54,1.44,-12.02,2.4e-05,0.0,0.0,87.46,12.34,WiFi_6
UE_005,0.00707,19.556,14.746,-41.259,0.00016681,7.914,1.59,2.59,4.52,2.4e-05,0.0,0.0,74.238,4.95,WiFi_6
UE_006,0.01628,0.092,-2.979,-49.198,0.15001918,0.942,1.99,24.55,-2.63,5.4e-05,0.0,0.0,21.063,0.59,WiFi_6
UE_007,0.00597,44.414,41.244,-31.252,6.664e-05,21.922,1.97,1.14,-1.74,2e-05,0.0,0.0,87.46,12.34,WiFi_6
UE_008,0.02321,19.655,16.69,-43.093,0.00014236,8.92,2.01,1.74,8.48,7.7e-05,0.0,0.0,80.069,5.57,WiFi_6
UE_009,0.00707,38.348,36.349,-34.469,2.512e-05,19.32,1.91,2.11,-12.68,2.4e-05,0.0,0.0,87.46,12.08,WiFi_6
UE_010,0.01146,14.812,11.602,-45.138,0.00104283,6.321,1.8,6.41,-1.77,3.8e-05,0.0,0.0,64.806,3.95,WiFi_6
UE_011,0.00707,29.974,26.558,-37.978,2.769e-05,14.121,1.79,2.25,-0.91,2.4e-05,0.0,0.0,87.46,8.83,WiFi_6
UE_012,0.02447,11.649,7.609,-45.146,0.00103532,4.414,1.77,0.62,-8.18,8.2e-05,0.0,0.0,52.828,2.76,WiFi_6
UE_013,0.00707,18.294,16.287,-40.875,0.00013508,8.71,1.95,1.13,11.78,2.4e-05,0.0,0.0,78.862,5.44,WiFi_6
UE_014,0.00707,21.925,19.674,-43.352,0.00016078,10.482,1.92,2.04,-4.33,2.4e-05,0.0,0.0,87.46,6.55,WiFi_6
UE_015,0.00707,36.449,32.95,-34.875,8.499e-05,17.514,2.03,5.25,-4.27,2.4e-05,0.0,0.0,87.46,10.95,WiFi_6
UE_016,0.00707,34.373,30.111,-36.642,9.324e-05,16.007,2.12,1.8,6.61,2.4e-05,0.0,0.0,87.46,10.0,WiFi_6
UE_017,0.00707,26.353,25.499,-40.977,0.00012539,13.56,1.66,5.53,6.12,2.4e-05,0.0,0.0,87.46,8.47,WiFi_6
UE_018,0.00707,29.232,26.261,-39.211,3.344e-05,13.963,1.74,3.38,-9.4,2.4e-05,0.0,0.0,87.46,8.73,WiFi_6
UE_019,0.01017,6.168,1.627,-47.935,0.01005243,2.073,1.53,26.99,6.26,3.4e-05,0.0,0.0,34.88,1.3,WiFi_6
UE_000,0.00707,36.535,32.715,-34.01,0.00010225,17.39,1.76,2.16,1.22,2.4e-05,0.0,0.0,87.46,10.87,WiFi_6
UE_001,0.00707,40.464,36.476,-33.3,1.896e-05,19.388,1.81,6.15,12.57,2.4e-05,0.0,0.0,87.46,12.12,WiFi_6
UE_002,0.00811,24.89,22.54,-41.256,8.442e-05,11.993,1.64,7.13,1.52,2.7e-05,0.0,0.0,87.46,7.5,WiFi_6
UE_003,0.00707,27.081,24.208,-39.3,9.845e-05,12.876,1.9,1.85,-11.33,2.4e-05,0.0,0.0,87.46,8.05,WiFi_6
UE_004,0.00707,19.335,17.162,-42.013,0.00010634,9.166,1.83,0.35,-12.02,2.4e-05,0.0,0.0,81.487,5.73,WiFi_6
UE_005,0.00707,36.744,33.017,-34.97,2.005e-05,17.55,1.75,0.99,4.52,2.4e-05,0.0,0.0,87.46,10.97,WiFi_6
UE_006,0.01318,15.826,13.69,-43.474,0.0001317,7.373,1.84,4.9,-2.63,4.4e-05,0.0,0.0,71.07,4.61,WiFi_6
UE_007,0.00512,44.156,41.173,-32.874,8.181e-05,21.884,1.77,6.18,-1.74,1.7e-05,0.0,0.0,87.46,12.34,WiFi_6
UE_008,0.01278,22.035,17.544,-42.097,0.00010919,9.365,1.83,0.83,5.85,4.3e-05,0.0,0.0,82.633,5.85,WiFi_6
UE_009,0.00707,32.617,30.089,-36.153,0.00016263,15.995,1.99,1.06,-12.68,2.4e-05,0.0,0.0,87.46,10.0,WiFi_6
UE_010,0.01986,-1.395,-6.297,-50.13,0.15008991,0.486,2.23,9.85,-1.77,6.6e-05,0.0,0.0,15.26,0.3,WiFi_6
UE_011,0.00707,25.242,23.352,-39.169,6.593e-05,12.422,1.55,0.11,-0.91,2.4e-05,0.0,0.0,87.46,7.76,WiFi_6
UE_012,0.02195,17.145,15.221,-44.069,0.00012384,8.158,2.23,0.3,-8.18,7.3e-05,0.0,0.0,75.662,5.1,WiFi_6
UE_013,0.00707,30.341,26.136,-37.211,0.00026975,13.897,1.79,1.69,6.71,2.4e-05,0.0,0.0,87.46,8.69,WiFi_6
UE_014,0.00707,25.694,21.451,-39.211,0.00013837,11.418,1.78,6.69,-4.33,2.4e-05,0.0,0.0,87.46,7.14,WiFi_6
UE_015,0.00707,15.62,11.758,-42.53,0.00117496,6.399,1.59,3.64,-4.27,2.4e-05,0.0,0.0,65.275,4.0,WiFi_6
UE_016,0.00707,31.858,26.703,-37.503,8.532e-05,14.198,2.2,2.01,6.61,2.4e-05,0.0,0.0,87.46,8.87,WiFi_6
UE_017,0.00707,29.068,25.099,-36.894,6.211e-05,13.348,1.67,2.12,6.12,2.4e-05,0.0,0.0,87.46,8.34,WiFi_6
UE_018,0.00707,25.443,20.888,-40.565,0.000133,11.121,1.88,1.92,-9.4,2.4e-05,0.0,0.0,87.46,6.95,WiFi_6
UE_019,0.00511,38.464,33.04,-34.162,0.00012501,17.562,2.19,0.99,6.26,1.7e-05,0.0,0.0,87.46,10.98,WiFi_6
UE_000,0.00707,31.802,25.913,-37.588,7.622e-05,13.779,2.25,4.87,1.22,2.4e-05,0.0,0.0,87.46,8.61,WiFi_6
UE_001,0.00707,16.621,16.309,-42.974,0.00011805,8.722,1.55,1.52,12.57,2.4e-05,0.0,0.0,78.928,5.45,WiFi_6
UE_002,0.00967,26.675,21.369,-39.649,8.06e-05,11.374,2.05,2.12,1.52,3.2e-05,0.0,0.0,87.46,7.11,WiFi_6
UE_003,0.00707,20.61,19.164,-42.155,0.00016529,10.214,1.78,1.51,-11.33,2.4e-05,0.0,0.0,87.46,6.38,WiFi_6
UE_004,0.00707,46.887,40.927,-30.978,5.187e-05,21.753,1.68,2.81,-12.02,2.4e-05,0.0,0.0,87.46,12.34,WiFi_6
UE_005,0.00707,25.092,20.887,-39.818,6.248e-05,11.121,1.78,3.48,4.52,2.4e-05,0.0,0.0,87.46,6.95,WiFi_6
UE_006,0.01021,17.818,14.537,-45.025,0.00017192,7.807,2.18,0.39,-2.63,3.4e-05,0.0,0.0,73.612,4.88,WiFi_6
UE_007,0.00512,24.51,19.02,-39.684,0.00011683,10.138,2.05,3.31,-1.74,1.7e-05,0.0,0.0,87.06,6.34,WiFi_6
UE_008,0.00727,40.83,37.771,-33.766,2.88e-06,20.076,1.56,3.03,5.85,2.4e-05,0.0,0.0,87.46,12.34,WiFi_6
UE_009,0.00707,18.808,17.344,-42.095,0.00016366,9.261,1.86,0.39,-12.68,2.4e-05,0.0,0.0,82.033,5.79,WiFi_6
UE_010,0.02306,26.21,21.684,-39.549,2.181e-05,11.541,2.1,1.05,-1.77,7.7e-05,0.0,0.0,87.46,7.21,WiFi_6
UE_011,0.00707,11.037,6.248,-47.545,0.00107326,3.812,1.6,3.92,-0.91,2.4e-05,0.0,0.0,48.744,2.38,WiFi_6
UE_012,0.01944,11.533,7.466,-46.033,0.00117753,4.349,1.9,3.35,-8.18,6.5e-05,0.0,0.0,52.397,2.72,WiFi_6
UE_013,0.00868,37.344,33.281,-35.328,0.00014434,17.69,2.05,4.8,6.71,2.9e-05,0.0,0.0,87.46,11.06,WiFi_6
UE_014,0.00707,18.152,13.728,-42.873,0.00018108,7.392,2.15,1.15,-4.33,2.4e-05,0.0,0.0,71.183,4.62,WiFi_6
UE_015,0.00707,35.147,31.449,-34.356,7.896e-05,16.717,1.71,3.5,-4.27,2.4e-05,0.0,0.0,87.46,10.45,WiFi_6
UE_016,0.00707,29.19,25.178,-39.43,2.249e-05,13.389,1.89,6.62,6.61,2.4e-05,0.0,0.0,87.46,8.37,WiFi_6
UE_017,0.00707,28.177,25.284,-38.68,1.713e-05,13.446,2.01,3.04,6.12,2.4e-05,0.0,0.0,87.46,8.4,WiFi_6
UE_018,0.00707,24.959,21.737,-41.7,8.159e-05,11.569,2.21,3.39,-9.4,2.4e-05,0.0,0.0,87.46,7.23,WiFi_6
UE_019,0.00707,45.493,44.629,-29.911,4.721e-05,23.721,1.99,0.45,4.71,2.4e-05,0.0,0.0,87.46,12.34,WiFi_6
UE_000,0.00707,24.252,21.606,-39.753,1.64e-06,11.499,1.94,1.45,1.22,2.4e-05,0.0,0.0,87.46,7.19,WiFi_6
UE_001,0.00707,41.247,37.391,-35.305,3.65e-05,19.874,1.98,6.91,12.57,2.4e-05,0.0,0.0,87.46,12.34,WiFi_6
UE_002,0.01134,20.734,16.951,-40.533,0.00013696,9.056,2.12,12.41,1.52,3.8e-05,0.0,0.0,80.853,5.66,WiFi_6
UE_003,0.00707,44.779,39.932,-31.559,0.0002049,21.225,2.03,0.5,-11.33,2.4e-05,0.0,0.0,87.46,12.34,WiFi_6
UE_004,0.00707,18.602,17.38,-41.921,0.00015008,9.28,1.66,1.74,-12.02,2.4e-05,0.0,0.0,82.141,5.8,WiFi_6
UE_005,0.00707,40.969,35.511,-34.874,8.75e-05,18.875,1.75,10.18,4.52,2.4e-05,0.0,0.0,87.46,11.8,WiFi_6
UE_006,0.00752,47.497,43.319,-32.074,2.492e-05,23.024,1.6,1.76,-2.63,2.5e-05,0.0,0.0,87.46,12.34,WiFi_6
UE_007,0.00596,24.322,24.338,-39.979,9.095e-05,12.944,1.69,2.53,-1.74,2e-05,0.0,0.0,87.46,8.09,WiFi_6
UE_008,0.0054,45.811,43.564,-32.141,1.159e-05,23.155,1.57,1.94,5.85,1.8e-05,0.0,0.0,87.46,12.34,WiFi_6
UE_009,0.00707,44.658,40.306,-31.871,0.00017791,21.423,1.82,6.12,-12.68,2.4e-05,0.0,0.0,87.46,12.34,WiFi_6
UE_010,0.01523,19.997,15.165,-41.732,0.00013432,8.129,2.22,0.97,-1.77,5.1e-05,0.0,0.0,75.494,5.08,WiFi_6
UE_011,0.00707,33.459,27.997,-36.63,4.005e-05,14.884,1.88,5.98,-0.91,2.4e-05,0.0,0.0,87.46,9.3,WiFi_6
UE_012,0.01695,35.256,31.881,-36.803,6.638e-05,16.947,1.88,4.3,-8.18,5.6e-05,0.0,0.0,87.46,10.59,WiFi_6
UE_013,0.01983,17.105,11.169,-40.442,0.00102697,6.106,2.24,6.02,6.71,6.6e-05,0.0,0.0,63.506,3.82,WiFi_6
UE_014,0.00707,32.901,31.041,-36.319,6.552e-05,16.5,1.72,2.56,-4.33,2.4e-05,0.0,0.0,87.46,10.31,WiFi_6
UE_015,0.00707,11.135,6.913,-45.681,0.00110036,4.102,1.72,2.14,-4.27,2.4e-05,0.0,0.0,50.74,2.56,WiFi_6
UE_016,0.00707,27.215,22.762,-39.133,3.985e-05,12.11,2.06,3.49,5.27,2.4e-05,0.0,0.0,87.46,7.57,WiFi_6
UE_017,0.00707,24.846,23.812,-40.472,7.571e-05,12.666,1.54,1.33,6.12,2.4e-05,0.0,0.0,87.46,7.92,WiFi_6
UE_018,0.00707,37.476,34.678,-34.057,5.231e-05,18.433,1.56,1.05,-9.4,2.4e-05,0.0,0.0,87.46,11.52,WiFi_6
UE_019,0.00531,20.083,17.959,-41.546,0.00015938,9.582,2.26,4.4,4.71,1.8e-05,0.0,0.0,83.878,5.99,WiFi_6
UE_000,0.00707,22.95,21.273,-40.468,0.00010802,11.324,1.57,0.28,1.22,2.4e-05,0.0,0.0,87.46,7.08,WiFi_6
UE_001,0.00707,39.024,35.326,-36.031,0.00016426,18.777,1.78,0.2,12.57,2.4e-05,0.0,0.0,87.46,11.74,WiFi_6
UE_002,0.01307,18.799,14.964,-44.374,0.00012133,8.026,1.89,0.24,1.52,4.4e-05,0.0,0.0,74.891,5.02,WiFi_6
UE_003,0.00707,20.822,16.413,-41.851,0.00010825,8.776,1.9,0.23,7.69,2.4e-05,0.0,0.0,79.238,5.48,WiFi_6
UE_004,0.00707,33.322,30.14,-37.44,9.499e-05,16.022,2.22,4.88,-12.02,2.4e-05,0.0,0.0,87.46,10.01,WiFi_6
UE_005,0.00707,33.701,29.43,-36.798,6.434e-05,15.645,2.07,1.94,4.52,2.4e-05,0.0,0.0,87.46,9.78,WiFi_6
UE_006,0.00551,30.621,25.86,-37.692,2.874e-05,13.751,1.89,1.33,-2.63,1.8e-05,0.0,0.0,87.46,8.59,WiFi_6
UE_007,0.00707,27.299,24.735,-39.072,0.00010137,13.155,2.13,1.79,-1.74,2.4e-05,0.0,0.0,87.46,8.22,WiFi_6
UE_008,0.00707,6.058,4.968,-47.367,0.01004916,3.279,1.82,15.46,5.85,2.4e-05,0.0,0.0,44.903,2.05,WiFi_6
UE_009,0.00707,14.005,9.143,-43.922,0.00105055,5.125,1.96,2.41,-12.68,2.4e-05,0.0,0.0,57.43,3.2,WiFi_6
UE_010,0.00802,28.068,23.784,-39.512,8.999e-05,12.651,2.1,2.06,-1.77,2.7e-05,0.0,0.0,87.46,7.91,WiFi_6
UE_011,0.00707,26.019,23.456,-40.116,1.624e-05,12.478,1.87,4.14,-0.91,2.4e-05,0.0,0.0,87.46,7.8,WiFi_6
UE_012,0.0145,16.117,12.274,-42.598,0.00020329,6.656,2.15,0.19,-8.18,4.8e-05,0.0,0.0,66.821,4.16,WiFi_6
UE_013,0.01938,0.727,-2.866,-50.367,0.15003037,0.962,1.94,28.82,6.71,6.5e-05,0.0,0.0,21.401,0.6,WiFi_6
UE_014,0.00707,43.229,39.468,-33.185,8.844e-05,20.978,1.62,4.67,-4.33,2.4e-05,0.0,0.0,87.46,12.34,WiFi_6
UE_015,0.00707,33.739,31.178,-36.731,7.661e-05,16.573,1.97,9.98,-4.27,2.4e-05,0.0,0.0,87.46,10.36,WiFi_6
UE_016,0.00707,18.339,13.574,-45.103,0.00011343,7.314,2.04,3.0,5.27,2.4e-05,0.0,0.0,70.722,4.57,WiFi_6
UE_017,0.00707,16.284,12.492,-43.295,0.00010684,6.766,2.01,4.29,6.12,2.4e-05,0.0,0.0,67.477,4.23,WiFi_6
UE_018,0.00707,31.753,27.08,-37.917,3.261e-05,14.398,1.85,4.57,-9.4,2.4e-05,0.0,0.0,87.46,9.0,WiFi_6
UE_019,0.00991,19.573,16.65,-41.763,0.0001125,8.899,2.09,2.08,4.71,3.3e-05,0.0,0.0,79.951,5.56,WiFi_6
UE_000,0.00707,32.013,25.305,-37.745,0.00012307,13.457,1.7,1.39,1.22,2.4e-05,0.0,0.0,87.46,8.41,WiFi_6
UE_001,0.00707,22.581,19.424,-41.364,0.00014825,10.35,1.73,3.21,12.57,2.4e-05,0.0,0.0,87.46,6.47,WiFi_6
UE_002,0.01484,14.491,10.102,-43.533,0.00110719,5.584,2.04,2.81,1.52,4.9e-05,0.0,0.0,60.306,3.49,WiFi_6
UE_003,0.00772,37.261,33.892,-33.821,8.201e-05,18.015,1.77,1.14,7.69,2.6e-05,0.0,0.0,87.46,11.26,WiFi_6
UE_004,0.00707,29.977,28.799,-38.91,6.484e-05,15.31,1.59,6.63,-12.02,2.4e-05,0.0,0.0,87.46,9.57,WiFi_6
UE_005,0.00707,39.49,33.39,-35.948,1.29e-05,17.748,1.8,5.41,4.52,2.4e-05,0.0,0.0,87.46,11.09,WiFi_6
UE_006,0.00509,38.565,34.7,-37.136,2.01e-05,18.444,1.72,2.27,-2.63,1.7e-05,0.0,0.0,87.46,11.53,WiFi_6
UE_007,0.00707,33.081,28.324,-36.23,5.17e-06,15.058,2.01,2.2,-1.74,2.4e-05,0.0,0.0,87.46,9.41,WiFi_6
UE_008,0.00707,41.908,40.416,-32.521,7.282e-05,21.482,1.91,2.21,5.85,2.4e-05,0.0,0.0,87.46,12.34,WiFi_6
UE_009,0.00707,22.363,19.741,-40.074,0.00017422,10.517,1.58,2.19,-12.68,2.4e-05,0.0,0.0,87.46,6.57,WiFi_6
UE_010,0.00533,46.052,41.857,-31.414,6.09e-06,22.248,2.02,5.63,-1.77,1.8e-05,0.0,0.0,87.46,12.34,WiFi_6
UE_011,0.00707,15.1,13.078,-46.233,0.00019363,7.062,1.58,1.08,-0.91,2.4e-05,0.0,0.0,69.235,4.41,WiFi_6
UE_012,0.0121,26.287,22.342,-39.661,0.00016715,11.888,2.09,0.18,-8.18,4e-05,0.0,0.0,87.46,7.43,WiFi_6
UE_013,0.0083,26.075,22.906,-39.776,6.6e-05,12.186,2.22,0.77,-11.19,2.8e-05,0.0,0.0,87.46,7.62,WiFi_6
UE_014,0.00707,35.463,31.194,-34.533,5.677e-05,16.582,2.08,2.59,-4.33,2.4e-05,0.0,0.0,87.46,10.36,WiFi_6
UE_015,0.00707,29.856,25.549,-39.356,0.00015881,13.586,2.2,3.36,-4.27,2.4e-05,0.0,0.0,87.46,8.49,WiFi_6
UE_016,0.00707,26.949,22.994,-39.455,4.764e-05,12.233,2.07,1.9,5.27,2.4e-05,0.0,0.0,87.46,7.65,WiFi_6
UE_017,0.00707,29.821,25.701,-39.161,1.658e-05,13.667,1.63,9.51,6.12,2.4e-05,0.0,0.0,87.46,8.54,WiFi_6
UE_018,0.00707,45.323,40.706,-29.847,1.68e-06,21.636,1.53,0.24,-9.4,2.4e-05,0.0,0.0,87.46,12.34,WiFi_6
UE_019,0.01612,14.99,11.814,-41.816,0.00118945,6.426,2.08,1.7,4.71,5.4e-05,0.0,0.0,65.442,4.02,WiFi_6
UE_000,0.00707,43.853,38.957,-32.888,5.986e-05,20.706,1.51,9.7,1.22,2.4e-05,0.0,0.0,87.46,12.34,WiFi_6
UE_001,0.00707,32.078,27.625,-37.593,0.00016274,14.687,1.76,2.7,12.57,2.4e-05,0.0,0.0,87.46,9.18,WiFi_6
UE_002,0.01664,7.796,3.504,-46.456,0.01000191,2.714,1.88,36.91,1.52,5.5e-05,0.0,0.0,40.513,1.7,WiFi_6
UE_003,0.02245,22.541,20.21,-39.179,2.009e-05,10.764,2.12,0.85,7.69,7.5e-05,0.0,0.0,87.46,6.73,WiFi_6
UE_004,0.00707,9.322,7.121,-46.039,0.00112031,4.194,1.7,4.43,-12.02,2.4e-05,0.0,0.0,51.362,2.62,WiFi_6
UE_005,0.00707,22.966,19.954,-42.064,0.00016045,10.629,1.73,1.16,4.52,2.4e-05,0.0,0.0,87.46,6.64,WiFi_6
UE_006,0.00657,29.663,27.85,-38.289,8.829e-05,14.806,2.16,0.09,-2.63,2.2e-05,0.0,0.0,87.46,9.25,WiFi_6
UE_007,0.00707,15.664,11.871,-44.093,0.00106475,6.455,1.57,1.52,-1.74,2.4e-05,0.0,0.0,65.613,4.03,WiFi_6
UE_008,0.00707,43.215,36.666,-32.467,1.604e-05,19.489,1.87,9.04,5.85,2.4e-05,0.0,0.0,87.46,12.18,WiFi_6
UE_009,0.00707,47.394,45.619,-31.727,8.006e-05,24.247,1.68,2.49,-12.68,2.4e-05,0.0,0.0,87.46,12.34,WiFi_6
UE_010,0.00707,21.432,17.281,-42.137,0.00015977,9.228,2.06,7.51,-1.77,2.4e-05,0.0,0.0,81.844,5.77,WiFi_6
UE_011,0.00707,20.348,16.685,-42.268,0.00016863,8.917,2.01,9.01,-2.97,2.4e-05,0.0,0.0,80.054,5.57,WiFi_6
UE_012,0.0098,40.526,39.293,-33.24,0.00026442,20.885,1.89,4.27,-8.18,3.3e-05,0.0,0.0,87.46,12.34,WiFi_6
UE_013,0.01437,18.416,12.776,-42.823,0.00019217,6.909,2.03,4.55,-11.19,4.8e-05,0.0,0.0,68.327,4.32,WiFi_6
UE_014,0.00707,35.349,28.775,-35.451,0.00013355,15.297,1.67,0.62,-4.33,2.4e-05,0.0,0.0,87.46,9.56,WiFi_6
UE_015,0.00707,25.367,22.486,-42.458,2.089e-05,11.965,2.08,5.0,-4.27,2.4e-05,0.0,0.0,87.46,7.48,WiFi_6
UE_016,0.00707,36.29,33.142,-34.447,7.506e-05,17.616,2.2,3.19,5.27,2.4e-05,0.0,0.0,87.46,11.01,WiFi_6
UE_017,0.00707,34.69,30.533,-36.628,9.15e-06,16.231,2.09,0.41,6.12,2.4e-05,0.0,0.0,87.46,10.14,WiFi_6
UE_018,0.00707,14.94,7.762,-44.756,0.00110232,4.483,1.56,1.09,-9.4,2.4e-05,0.0,0.0,53.286,2.8,WiFi_6
UE_019,0.02266,-0.148,-4.382,-49.393,0.15004626,0.717,2.21,8.82,4.71,7.6e-05,0.0,0.0,16.853,0.45,WiFi_6
UE_000,0.00707,34.268,30.984,-35.099,9.912e-05,16.47,1.91,5.09,1.22,2.4e-05,0.0,0.0,87.46,10.29,WiFi_6
UE_001,0.00707,24.144,19.683,-38.883,0.00027201,10.486,2.02,3.25,12.57,2.4e-05,0.0,0.0,87.46,6.55,WiFi_6
UE_002,0.01846,19.28,16.199,-43.118,0.00015225,8.665,1.89,4.55,1.52,6.2e-05,0.0,0.0,78.596,5.42,WiFi_6
UE_003,0.03206,8.221,5.93,-48.3,0.01007929,3.677,1.82,24.17,7.69,0.000107,0.0,0.0,47.791,2.3,WiFi_6
UE_004,0.00707,12.699,9.081,-44.887,0.00109562,5.096,2.06,2.13,-12.02,2.4e-05,0.0,0.0,57.244,3.18,WiFi_6
UE_005,0.00707,27.608,23.187,-38.422,8.977e-05,12.335,1.95,3.76,4.52,2.4e-05,0.0,0.0,87.46,7.71,WiFi_6
UE_006,0.00707,25.933,22.235,-38.539,9.342e-05,11.832,1.55,5.93,-2.86,2.4e-05,0.0,0.0,87.46,7.4,WiFi_6
UE_007,0.00707,25.75,23.038,-40.258,0.00011102,12.256,1.81,1.23,-1.74,2.4e-05,0.0,0.0,87.46,7.66,WiFi_6
UE_008,0.00707,11.996,7.999,-44.568,0.0010088,4.591,2.0,2.06,5.85,2.4e-05,0.0,0.0,53.996,2.87,WiFi_6
UE_009,0.00707,41.195,37.463,-32.826,8.591e-05,19.912,2.21,1.46,-12.68,2.4e-05,0.0,0.0,87.46,12.34,WiFi_6
UE_010,0.00707,32.944,29.351,-36.048,0.00010114,15.603,2.01,5.1,-1.77,2.4e-05,0.0,0.0,87.46,9.75,WiFi_6
UE_011,0.00501,20.939,16.408,-41.617,0.00016603,8.773,1.59,3.8,-2.97,1.7e-05,0.0,0.0,79.223,5.48,WiFi_6
UE_012,0.00769,33.267,29.95,-36.45,0.00013968,15.921,2.06,1.52,-8.18,2.6e-05,0.0,0.0,87.46,9.95,WiFi_6
UE_013,0.02788,18.418,13.287,-41.939,0.0001392,7.168,2.25,3.35,-11.19,9.3e-05,0.0,0.0,69.861,4.48,WiFi_6
UE_014,0.00707,25.657,22.796,-38.626,0.00019447,12.128,1.91,5.37,-4.33,2.4e-05,0.0,0.0,87.46,7.58,WiFi_6
UE_015,0.00707,35.416,32.178,-37.61,4.187e-05,17.104,1.62,1.1,-4.27,2.4e-05,0.0,0.0,87.46,10.69,WiFi_6
UE_016,0.00707,10.464,4.652,-44.597,0.01008684,3.153,1.52,27.45,5.27,2.4e-05,0.0,0.0,43.956,1.97,WiFi_6
UE_017,0.00707,37.943,35.07,-35.526,9.42e-05,18.641,1.55,1.7,6.12,2.4e-05,0.0,0.0,87.46,11.65,WiFi_6
UE_018,0.00707,41.394,38.836,-33.598,5.583e-05,20.642,2.04,8.67,-9.4,2.4e-05,0.0,0.0,87.46,12.34,WiFi_6
UE_019,0.0217,6.753,4.582,-48.484,0.0100521,3.125,1.92,30.65,-0.43,7.2e-05,0.0,0.0,43.747,1.95,WiFi_6
UE_000,0.00707,20.299,16.293,-42.175,0.0001528,8.713,1.72,0.97,1.22,2.4e-05,0.0,0.0,78.878,5.45,WiFi_6
UE_001,0.00707,17.711,13.934,-42.883,0.00017585,7.498,1.94,0.59,12.57,2.4e-05,0.0,0.0,71.803,4.69,WiFi_6
UE_002,0.02029,6.62,3.296,-47.995,0.01017015,2.638,2.17,38.51,1.52,6.8e-05,0.0,0.0,39.888,1.65,WiFi_6
UE_003,0.01947,28.129,23.566,-39.577,6.728e-05,12.536,1.55,1.98,7.69,6.5e-05,0.0,0.0,87.46,7.83,WiFi_6
UE_004,0.00707,27.837,22.098,-38.658,7.93e-06,11.759,1.98,2.78,-12.02,2.4e-05,0.0,0.0,87.46,7.35,WiFi_6
UE_005,0.00707,33.129,31.174,-36.551,8.227e-05,16.571,1.77,2.93,4.52,2.4e-05,0.0,0.0,87.46,10.36,WiFi_6
UE_006,0.00707,42.858,39.331,-32.045,0.00011583,20.905,1.75,3.68,-2.86,2.4e-05,0.0,0.0,87.46,12.34,WiFi_6
UE_007,0.00707,45.062,43.088,-31.32,0.00015465,22.902,1.64,6.03,-1.74,2.4e-05,0.0,0.0,87.46,12.34,WiFi_6
UE_008,0.00707,28.05,23.843,-38.389,0.00013365,12.682,1.73,3.62,5.85,2.4e-05,0.0,0.0,87.46,7.93,WiFi_6
UE_009,0.00707,39.378,36.329,-34.205,2.658e-05,19.31,1.93,0.88,-12.68,2.4e-05,0.0,0.0,87.46,12.07,WiFi_6
UE_010,0.00707,15.885,12.233,-42.522,0.00013341,6.636,1.8,0.63,-1.77,2.4e-05,0.0,0.0,66.699,4.15,WiFi_6
UE_011,0.00759,38.447,34.366,-34.305,1.997e-05,18.267,2.21,1.71,-2.97,2.5e-05,0.0,0.0,87.46,11.42,WiFi_6
UE_012,0.00597,38.164,32.951,-32.985,0.00013915,17.515,2.14,3.05,-8.18,2e-05,0.0,0.0,87.46,10.95,WiFi_6
UE_013,0.02418,9.983,4.989,-45.647,0.01005679,3.287,1.96,34.7,-11.19,8.1e-05,0.0,0.0,44.967,2.05,WiFi_6
UE_014,0.00707,26.051,21.007,-37.875,3.108e-05,11.184,1.93,2.8,-4.33,2.4e-05,0.0,0.0,87.46,6.99,WiFi_6
UE_015,0.00707,37.102,34.432,-34.659,4.82e-05,18.302,2.2,8.1,-4.27,2.4e-05,0.0,0.0,87.46,11.44,WiFi_6
UE_016,0.00707,43.665,38.986,-31.117,6.913e-05,20.722,1.59,4.02,5.27,2.4e-05,0.0,0.0,87.46,12.34,WiFi_6
UE_017,0.00707,38.568,33.863,-33.889,2.193e-05,17.999,2.04,2.63,6.12,2.4e-05,0.0,0.0,87.46,11.25,WiFi_6
UE_018,0.00707,46.204,41.744,-30.708,2.796e-05,22.187,1.93,3.29,-9.4,2.4e-05,0.0,0.0,87.46,12.34,WiFi_6
UE_019,0.01296,26.419,24.473,-40.771,7.029e-05,13.016,2.0,3.67,-0.43,4.3e-05,0.0,0.0,87.46,8.13,WiFi_6
UE_000,0.00707,45.385,39.811,-31.308,1.942e-05,21.16,1.88,0.2,1.22,2.4e-05,0.0,0.0,87.46,12.34,WiFi_6
UE_001,0.00707,24.858,22.309,-40.444,5.54e-06,11.871,2.15,1.07,12.57,2.4e-05,0.0,0.0,87.46,7.42,WiFi_6
UE_002,0.02213,23.119,20.184,-39.959,2.65e-06,10.75,1.54,0.33,1.52,7.4e-05,0.0,0.0,87.46,6.72,WiFi_6
UE_003,0.00701,24.523,23.529,-41.447,8.232e-05,12.516,1.7,0.52,7.69,2.3e-05,0.0,0.0,87.46,7.82,WiFi_6
UE_004,0.00707,16.12,10.921,-43.416,0.00101649,5.984,1.73,3.47,-12.02,2.4e-05,0.0,0.0,62.764,3.74,WiFi_6
UE_005,0.00707,35.112,31.36,-37.04,8.354e-05,16.67,2.14,2.17,4.52,2.4e-05,0.0,0.0,87.46,10.42,WiFi_6
UE_006,0.00707,37.62,33.323,-33.903,4.768e-05,17.712,1.76,4.67,-2.86,2.4e-05,0.0,0.0,87.46,11.07,WiFi_6
UE_007,0.00707,28.071,22.916,-38.897,3.379e-05,12.192,1.99,1.31,-1.74,2.4e-05,0.0,0.0,87.46,7.62,WiFi_6
UE_008,0.00707,26.801,22.611,-38.215,0.00021503,12.031,1.77,2.1,5.85,2.4e-05,0.0,0.0,87.46,7.52,WiFi_6
UE_009,0.00707,17.522,13.743,-42.069,0.00014827,7.4,2.21,5.87,-12.68,2.4e-05,0.0,0.0,71.23,4.63,WiFi_6
UE_010,0.00707,23.577,20.296,-41.672,3.69e-05,10.809,1.9,3.36,-1.77,2.4e-05,0.0,0.0,87.46,6.76,WiFi_6
UE_011,0.01215,20.965,15.21,-42.032,0.00012951,8.153,2.01,0.54,-2.97,4.1e-05,0.0,0.0,75.631,5.1,WiFi_6
UE_012,0.00505,35.964,35.296,-35.896,4.35e-05,18.761,1.99,1.31,-8.18,1.7e-05,0.0,0.0,87.46,11.73,WiFi_6
UE_013,0.02496,17.763,15.427,-40.468,0.0001433,8.265,1.89,0.84,-11.19,8.3e-05,0.0,0.0,76.28,5.17,WiFi_6
UE_014,0.00707,21.63,17.124,-42.085,0.00016985,9.146,2.22,9.65,-4.33,2.4e-05,0.0,0.0,81.373,5.72,WiFi_6
UE_015,0.00707,12.291,10.916,-46.67,0.00118799,5.981,1.51,2.34,-4.27,2.4e-05,0.0,0.0,62.747,3.74,WiFi_6
UE_016,0.00707,23.774,22.779,-40.49,0.00013072,12.12,2.06,1.59,5.27,2.4e-05,0.0,0.0,87.46,7.57,WiFi_6
UE_017,0.00707,29.839,28.712,-39.078,9.57e-06,15.264,2.13,2.79,6.12,2.4e-05,0.0,0.0,87.46,9.54,WiFi_6
UE_018,0.00707,35.148,32.037,-35.507,8.161e-05,17.029,1.57,0.69,-9.4,2.4e-05,0.0,0.0,87.46,10.64,WiFi_6
UE_019,0.00507,29.918,25.824,-37.995,0.00014586,13.732,1.69,1.63,-0.43,1.7e-05,0.0,0.0,87.46,8.58,WiFi_6
UE_000,0.00707,32.827,29.825,-34.84,9.685e-05,15.855,2.24,3.5,1.22,2.4e-05,0.0,0.0,87.46,9.91,WiFi_6
UE_001,0.00707,30.217,27.005,-37.541,3.992e-05,14.358,1.67,5.56,12.57,2.4e-05,0.0,0.0,87.46,8.97,WiFi_6
UE_002,0.02398,33.235,29.087,-36.945,0.00014402,15.463,2.16,0.61,1.52,8e-05,0.0,0.0,87.46,9.66,WiFi_6
UE_003,0.00567,41.748,38.469,-32.063,4.673e-05,20.447,1.79,6.96,7.69,1.9e-05,0.0,0.0,87.46,12.34,WiFi_6
UE_004,0.00707,22.667,21.58,-40.437,5.43e-06,11.486,1.63,0.21,-12.02,2.4e-05,0.0,0.0,87.46,7.18,WiFi_6
UE_005,0.00707,37.315,33.592,-33.874,5.019e-05,17.855,1.76,1.7,4.52,2.4e-05,0.0,0.0,87.46,11.16,WiFi_6
UE_006,0.00707,41.085,35.712,-34.82,0.00014809,18.982,2.21,0.21,-2.86,2.4e-05,0.0,0.0,87.46,11.86,WiFi_6
UE_007,0.00707,25.3,18.432,-38.983,0.00022749,9.829,1.87,3.7,-1.74,2.4e-05,0.0,0.0,85.295,6.14,WiFi_6
UE_008,0.00707,34.133,31.546,-36.078,0.0001523,16.768,1.93,0.21,7.63,2.4e-05,0.0,0.0,87.46,10.48,WiFi_6
UE_009,0.00707,28.804,28.212,-37.774,7.991e-05,14.999,1.66,4.87,12.93,2.4e-05,0.0,0.0,87.46,9.37,WiFi_6
UE_010,0.00707,29.616,25.21,-37.079,0.00015362,13.407,2.22,4.07,-1.77,2.4e-05,0.0,0.0,87.46,8.38,WiFi_6
UE_011,0.01718,12.443,9.242,-44.726,0.00104632,5.172,2.14,7.17,-2.97,5.7e-05,0.0,0.0,57.727,3.23,WiFi_6
UE_012,0.00535,19.755,18.201,-41.314,0.00013106,9.709,2.08,2.59,-8.18,1.8e-05,0.0,0.0,84.604,6.07,WiFi_6
UE_013,0.02108,14.493,10.719,-42.393,0.0010218,5.885,1.89,0.95,-11.19,7e-05,0.0,0.0,62.156,3.68,WiFi_6
UE_014,0.00707,37.504,34.203,-35.756,6.974e-05,18.18,1.68,1.66,-4.33,2.4e-05,0.0,0.0,87.46,11.36,WiFi_6
UE_015,0.00707,20.337,16.932,-42.773,0.00025193,9.046,2.24,5.18,-4.27,2.4e-05,0.0,0.0,80.796,5.65,WiFi_6
UE_016,0.00707,23.595,22.103,-39.635,0.00011086,11.762,1.71,0.92,5.27,2.4e-05,0.0,0.0,87.46,7.35,WiFi_6
UE_017,0.00707,31.087,28.956,-38.741,9.051e-05,15.393,1.93,0.64,6.12,2.4e-05,0.0,0.0,87.46,9.62,WiFi_6
UE_018,0.00707,40.568,37.23,-35.299,6.279e-05,19.789,2.01,3.25,-9.4,2.4e-05,0.0,0.0,87.46,12.34,WiFi_6
UE_019,0.00605,18.082,15.821,-43.464,0.0001582,8.469,1.69,0.28,-0.43,2e-05,0.0,0.0,77.463,5.29,WiFi_6
UE_000,0.00707,40.057,39.029,-34.437,7.64e-06,20.745,2.05,0.9,1.22,2.4e-05,0.0,0.0,87.46,12.34,WiFi_6
UE_001,0.00707,17.665,12.931,-42.839,0.00012634,6.988,1.78,1.17,12.57,2.4e-05,0.0,0.0,68.793,4.37,WiFi_6
UE_002,0.02515,10.565,6.939,-46.243,0.00106446,4.113,2.09,2.58,1.52,8.4e-05,0.0,0.0,50.816,2.57,WiFi_6
UE_003,0.00707,26.407,24.458,-40.454,2.541e-05,13.008,1.85,0.07,7.69,2.4e-05,0.0,0.0,87.46,8.13,WiFi_6
UE_004,0.00707,22.743,19.836,-42.715,0.00016405,10.567,1.57,3.19,-12.02,2.4e-05,0.0,0.0,87.46,6.6,WiFi_6
UE_005,0.00707,15.485,13.02,-43.419,0.0002091,7.033,1.75,2.49,4.52,2.4e-05,0.0,0.0,69.06,4.4,WiFi_6
UE_006,0.00707,24.728,21.817,-38.475,0.00017648,11.611,2.1,14.03,-2.86,2.4e-05,0.0,0.0,87.46,7.26,WiFi_6
UE_007,0.00707,23.273,20.121,-41.509,0.00015424,10.717,2.25,0.78,-1.74,2.4e-05,0.0,0.0,87.46,6.7,WiFi_6
UE_008,0.005,31.339,27.442,-37.671,5.705e-05,14.59,1.63,2.25,7.63,1.7e-05,0.0,0.0,87.46,9.12,WiFi_6
UE_009,0.01223,20.321,17.727,-42.464,0.00011235,9.46,1.55,1.82,12.93,4.1e-05,0.0,0.0,83.18,5.91,WiFi_6
UE_010,0.00707,22.946,21.218,-40.263,1.704e-05,11.295,2.1,0.55,-1.77,2.4e-05,0.0,0.0,87.46,7.06,WiFi_6
UE_011,0.02236,1.764,-2.395,-48.283,0.15013415,1.05,1.88,25.97,-2.97,7.5e-05,0.0,0.0,22.814,0.66,WiFi_6
UE_012,0.00673,39.05,35.651,-33.149,0.0001695,18.949,2.23,0.59,-8.18,2.2e-05,0.0,0.0,87.46,11.84,WiFi_6
UE_013,0.01666,12.476,11.157,-44.057,0.00104737,6.1,2.16,0.56,-11.19,5.6e-05,0.0,0.0,63.47,3.81,WiFi_6
UE_014,0.00707,20.028,16.436,-41.574,0.00014633,8.788,2.16,9.73,-4.33,2.4e-05,0.0,0.0,79.308,5.49,WiFi_6
UE_015,0.00707,40.304,40.465,-34.982,3.225e-05,21.507,1.96,2.55,-4.27,2.4e-05,0.0,0.0,87.46,12.34,WiFi_6
UE_016,0.00707,29.371,26.224,-36.496,0.0001583,13.944,2.24,1.32,5.27,2.4e-05,0.0,0.0,87.46,8.71,WiFi_6
UE_017,0.00707,38.921,34.568,-33.5,2.713e-05,18.374,1.99,6.43,6.12,2.4e-05,0.0,0.0,87.46,11.48,WiFi_6
UE_018,0.00707,41.507,39.152,-32.768,8.143e-05,20.81,1.72,1.01,-9.4,2.4e-05,0.0,0.0,87.46,12.34,WiFi_6
UE_019,0.00576,32.815,30.548,-35.682,1.301e-05,16.239,1.93,0.19,-0.43,1.9e-05,0.0,0.0,87.46,10.15,WiFi_6
UE_000,0.00707,24.593,21.857,-40.369,7.566e-05,11.632,2.09,0.22,1.22,2.4e-05,0.0,0.0,87.46,7.27,WiFi_6
UE_001,0.00707,25.739,22.405,-41.434,2.409e-05,11.922,2.11,0.32,-2.1,2.4e-05,0.0,0.0,87.46,7.45,WiFi_6
UE_002,0.02329,18.98,14.281,-42.47,0.00014794,7.675,2.11,0.98,1.52,7.8e-05,0.0,0.0,72.844,4.8,WiFi_6
UE_003,0.00707,37.363,35.998,-36.07,7.712e-05,19.134,1.73,0.42,7.69,2.4e-05,0.0,0.0,87.46,11.96,WiFi_6
UE_004,0.00707,38.622,33.18,-35.007,1.914e-05,17.637,2.11,0.71,-12.02,2.4e-05,0.0,0.0,87.46,11.02,WiFi_6
UE_005,0.00707,23.497,20.391,-39.72,3.902e-05,10.859,1.81,0.5,4.52,2.4e-05,0.0,0.0,87.46,6.79,WiFi_6
UE_006,0.00707,20.713,16.61,-41.142,0.00027859,8.878,1.53,4.89,-2.86,2.4e-05,0.0,0.0,79.83,5.55,WiFi_6
UE_007,0.00707,18.57,12.821,-43.737,0.0001018,6.932,1.91,2.93,-1.74,2.4e-05,0.0,0.0,68.463,4.33,WiFi_6
UE_008,0.00681,33.723,29.619,-36.591,8.431e-05,15.745,1.69,1.1,7.63,2.3e-05,0.0,0.0,87.46,9.84,WiFi_6
UE_009,0.02322,26.455,20.192,-38.876,0.00016512,10.754,1.53,3.3,12.93,7.7e-05,0.0,0.0,87.46,6.72,WiFi_6
UE_010,0.00707,16.605,13.034,-42.964,0.00029277,7.04,2.24,5.5,-1.77,2.4e-05,0.0,0.0,69.101,4.4,WiFi_6
UE_011,0.02339,26.349,23.532,-37.758,8.47e-06,12.517,1.58,2.04,-2.97,7.8e-05,0.0,0.0,87.46,7.82,WiFi_6
UE_012,0.00707,10.487,6.868,-44.854,0.00103665,4.082,1.95,1.57,-8.18,2.4e-05,0.0,0.0,50.605,2.55,WiFi_6
UE_013,0.01237,29.385,24.298,-38.738,3.549e-05,12.923,1.86,0.66,-11.19,4.1e-05,0.0,0.0,87.46,8.08,WiFi_6
UE_014,0.00707,5.229,3.353,-45.69,0.0100159,2.659,1.77,5.84,-4.33,2.4e-05,0.0,0.0,40.06,1.66,WiFi_6
UE_015,0.00707,30.097,23.818,-36.484,0.00011778,12.669,1.57,0.46,-4.27,2.4e-05,0.0,0.0,87.46,7.92,WiFi_6
UE_016,0.00707,30.794,28.66,-38.591,7.25e-05,15.236,1.74,0.61,5.27,2.4e-05,0.0,0.0,87.46,9.52,WiFi_6
UE_017,0.00707,36.848,34.118,-36.366,2.305e-05,18.135,1.77,1.41,6.12,2.4e-05,0.0,0.0,87.46,11.33,WiFi_6
UE_018,0.00707,24.72,21.825,-39.996,8.549e-05,11.615,1.75,5.6,-9.4,2.4e-05,0.0,0.0,87.46,7.26,WiFi_6
UE_019,0.00552,27.942,26.08,-39.926,6.914e-05,13.868,2.15,0.74,-0.43,1.8e-05,0.0,0.0,87.46,8.67,WiFi_6
UE_000,0.00707,23.347,19.486,-40.365,0.00013752,10.383,2.22,2.96,1.22,2.4e-05,0.0,0.0,87.46,6.49,WiFi_6
UE_001,0.01341,17.225,15.16,-45.197,0.00015846,8.127,1.62,0.3,-2.1,4.5e-05,0.0,0.0,75.48,5.08,WiFi_6
UE_002,0.02144,11.375,8.652,-46.106,0.00107329,4.894,1.81,7.17,1.52,7.1e-05,0.0,0.0,55.956,3.06,WiFi_6
UE_003,0.00707,38.368,32.275,-35.26,4.677e-05,17.156,1.8,2.0,7.69,2.4e-05,0.0,0.0,87.46,10.72,WiFi_6
UE_004,0.00707,16.948,12.199,-42.049,0.00013653,6.619,1.83,0.56,-12.02,2.4e-05,0.0,0.0,66.596,4.14,WiFi_6
UE_005,0.00707,31.332,24.944,-36.699,2.254e-05,13.265,2.12,2.14,1.77,2.4e-05,0.0,0.0,87.46,8.29,WiFi_6
UE_006,0.00707,37.668,33.272,-34.876,5.221e-05,17.685,1.91,1.73,-2.86,2.4e-05,0.0,0.0,87.46,11.05,WiFi_6
UE_007,0.00707,34.761,31.676,-36.141,4.342e-05,16.838,1.7,0.81,-1.74,2.4e-05,0.0,0.0,87.46,10.52,WiFi_6
UE_008,0.01067,13.108,7.317,-45.571,0.00105463,4.282,1.74,1.43,7.63,3.6e-05,0.0,0.0,51.95,2.68,WiFi_6
UE_009,0.00822,34.106,31.602,-36.893,3.685e-05,16.798,1.77,4.45,12.93,2.7e-05,0.0,0.0,87.46,10.5,WiFi_6
UE_010,0.00707,14.429,10.793,-43.485,0.00101139,5.921,2.02,1.47,-1.77,2.4e-05,0.0,0.0,62.38,3.7,WiFi_6
UE_011,0.01819,7.363,4.889,-47.773,0.0100745,3.247,2.02,15.65,-2.97,6.1e-05,0.0,0.0,44.666,2.03,WiFi_6
UE_012,0.00707,34.019,31.406,-36.301,2.622e-05,16.694,2.03,8.12,-8.18,2.4e-05,0.0,0.0,87.46,10.43,WiFi_6
UE_013,0.00839,24.678,19.426,-41.301,0.00021469,10.351,1.94,5.65,-11.19,2.8e-05,0.0,0.0,87.46,6.47,WiFi_6
UE_014,0.00707,39.576,36.625,-33.294,0.00014827,19.467,2.03,13.85,-4.33,2.4e-05,0.0,0.0,87.46,12.17,WiFi_6
UE_015,0.00707,41.168,36.224,-33.641,8.093e-05,19.254,1.88,0.91,-4.27,2.4e-05,0.0,0.0,87.46,12.03,WiFi_6
UE_016,0.00707,24.489,19.497,-39.564,0.00011905,10.388,1.98,0.19,5.27,2.4e-05,0.0,0.0,87.46,6.49,WiFi_6
UE_017,0.00707,41.225,38.07,-33.565,4.949e-05,20.235,1.65,2.09,6.12,2.4e-05,0.0,0.0,87.46,12.34,WiFi_6
UE_018,0.00707,21.957,16.81,-40.011,0.00017774,8.982,1.88,4.21,-9.4,2.4e-05,0.0,0.0,80.43,5.61,WiFi_6
UE_019,0.00531,29.26,25.296,-37.73,7.09e-05,13.452,1.84,0.17,-0.43,1.8e-05,0.0,0.0,87.46,8.41,WiFi_6
UE_000,0.00707,28.053,27.708,-37.847,2.466e-05,14.731,2.09,6.78,1.22,2.4e-05,0.0,0.0,87.46,9.21,WiFi_6
UE_001,0.01861,22.014,19.933,-42.299,0.0001924,10.618,1.72,0.63,-2.1,6.2e-05,0.0,0.0,87.46,6.64,WiFi_6
UE_002,0.0196,11.408,6.124,-44.214,0.00102589,3.759,2.09,0.38,1.52,6.5e-05,0.0,0.0,48.373,2.35,WiFi_6
UE_003,0.00707,30.627,28.622,-37.812,0.00018606,15.216,1.71,1.07,7.69,2.4e-05,0.0,0.0,87.46,9.51,WiFi_6
UE_004,0.00707,43.408,41.769,-31.725,1.158e-05,22.201,2.08,1.26,-12.02,2.4e-05,0.0,0.0,87.46,12.34,WiFi_6
UE_005,0.00707,25.644,23.257,-37.833,8.199e-05,12.372,2.26,6.86,1.77,2.4e-05,0.0,0.0,87.46,7.73,WiFi_6
UE_006,0.00707,33.701,28.487,-36.642,1.034e-05,15.144,1.73,2.58,-2.86,2.4e-05,0.0,0.0,87.46,9.47,WiFi_6
UE_007,0.00707,40.687,37.801,-33.576,6.894e-05,20.092,2.16,4.03,-1.74,2.4e-05,0.0,0.0,87.46,12.34,WiFi_6
UE_008,0.01509,22.012,17.472,-42.147,0.00010775,9.328,1.68,0.57,7.63,5e-05,0.0,0.0,82.417,5.83,WiFi_6
UE_009,0.00707,34.416,30.931,-36.299,4.607e-05,16.442,2.16,1.28,12.93,2.4e-05,0.0,0.0,87.46,10.28,WiFi_6
UE_010,0.00707,35.771,35.16,-35.135,0.00013455,18.689,1.61,0.87,-1.77,2.4e-05,0.0,0.0,87.46,11.68,WiFi_6
UE_011,0.01313,39.327,35.939,-33.84,4.434e-05,19.103,1.94,1.95,-2.97,4.4e-05,0.0,0.0,87.46,11.94,WiFi_6
UE_012,0.00707,30.759,25.746,-38.28,0.00010484,13.69,1.75,0.7,-8.18,2.4e-05,0.0,0.0,87.46,8.56,WiFi_6
UE_013,0.00544,36.414,31.845,-34.2,7.47e-06,16.927,2.23,0.75,-11.19,1.8e-05,0.0,0.0,87.46,10.58,WiFi_6
UE_014,0.00707,10.86,5.951,-46.068,0.01011539,3.686,1.6,30.5,-4.33,2.4e-05,0.0,0.0,47.853,2.3,WiFi_6
UE_015,0.00707,47.42,42.054,-30.842,4.592e-05,22.352,2.17,2.28,-4.27,2.4e-05,0.0,0.0,87.46,12.34,WiFi_6
UE_016,0.00707,32.676,29.414,-38.077,3.224e-05,15.636,2.05,3.2,5.27,2.4e-05,0.0,0.0,87.46,9.77,WiFi_6
UE_017,0.00707,19.99,17.259,-42.347,0.00011705,9.216,1.61,1.62,6.12,2.4e-05,0.0,0.0,81.776,5.76,WiFi_6
UE_018,0.00707,18.328,14.179,-42.489,0.00014874,7.623,1.85,0.24,-9.4,2.4e-05,0.0,0.0,72.536,4.76,WiFi_6
UE_019,0.00516,30.854,25.595,-36.499,3.463e-05,13.61,2.08,5.06,-0.43,1.7e-05,0.0,0.0,87.46,8.51,WiFi_6
UE_000,0.00707,44.953,42.968,-32.484,2.988e-05,22.838,1.88,1.32,1.22,2.4e-05,0.0,0.0,87.46,12.34,WiFi_6
UE_001,0.0029,18.2,15.064,-43.275,0.00012044,8.078,2.25,1.51,-2.1,1e-05,0.0,0.0,75.193,5.05,WiFi_6
UE_002,0.01778,11.468,8.044,-46.613,0.00102923,4.612,1.55,6.34,1.52,5.9e-05,0.0,0.0,54.132,2.88,WiFi_6
UE_003,0.00707,44.578,39.995,-30.414,2.84e-06,21.258,2.14,9.52,7.69,2.4e-05,0.0,0.0,87.46,12.34,WiFi_6
UE_004,0.00707,29.633,24.892,-36.776,0.00014395,13.238,1.76,1.55,-12.02,2.4e-05,0.0,0.0,87.46,8.27,WiFi_6
UE_005,0.00707,18.843,15.918,-43.196,0.00028181,8.519,2.11,3.94,1.77,2.4e-05,0.0,0.0,77.753,5.32,WiFi_6
UE_006,0.00707,34.851,32.987,-35.908,0.00012648,17.534,1.98,5.59,-2.86,2.4e-05,0.0,0.0,87.46,10.96,WiFi_6
UE_007,0.00707,48.198,44.708,-30.907,3.2e-05,23.763,2.16,5.58,-1.74,2.4e-05,0.0,0.0,87.46,12.34,WiFi_6
UE_008,0.01969,0.318,-7.322,-49.2,0.15017646,0.392,1.83,38.85,7.63,6.6e-05,0.0,0.0,15.26,0.25,WiFi_6
UE_009,0.00707,22.267,19.276,-39.586,0.00016922,10.272,2.17,1.27,12.93,2.4e-05,0.0,0.0,87.46,6.42,WiFi_6
UE_010,0.00707,24.128,20.748,-40.478,5.899e-05,11.047,1.69,4.59,-1.77,2.4e-05,0.0,0.0,87.46,6.9,WiFi_6
UE_011,0.00842,17.595,14.762,-41.68,0.00020877,7.922,1.81,0.38,-2.97,2.8e-05,0.0,0.0,74.286,4.95,WiFi_6
UE_012,0.00707,30.807,27.114,-37.227,0.00018798,14.416,1.83,1.62,-8.18,2.4e-05,0.0,0.0,87.46,9.01,WiFi_6
UE_013,0.00556,38.223,35.881,-33.215,4.86e-05,19.072,1.87,6.85,-11.19,1.9e-05,0.0,0.0,87.46,11.92,WiFi_6
UE_014,0.00707,34.016,29.702,-35.345,0.00016654,15.789,1.84,0.53,-4.33,2.4e-05,0.0,0.0,87.46,9.87,WiFi_6
UE_015,0.00707,35.451,29.979,-36.413,1.162e-05,15.937,1.83,0.12,-5.93,2.4e-05,0.0,0.0,87.46,9.96,WiFi_6
UE_016,0.00707,47.737,46.368,-30.833,4.215e-05,24.645,1.57,0.03,5.27,2.4e-05,0.0,0.0,87.46,12.34,WiFi_6
UE_017,0.00707,37.875,35.94,-34.753,5.138e-05,19.103,2.18,1.52,6.12,2.4e-05,0.0,0.0,87.46,11.94,WiFi_6
UE_018,0.00707,32.131,28.649,-36.196,0.00010312,15.231,2.02,0.95,-9.4,2.4e-05,0.0,0.0,87.46,9.52,WiFi_6
UE_019,0.00505,26.772,25.526,-39.922,7.99e-06,13.574,2.0,1.67,-0.43,1.7e-05,0.0,0.0,87.46,8.48,WiFi_6
UE_000,0.00707,17.004,14.835,-43.906,0.00017122,7.959,2.08,5.1,1.22,2.4e-05,0.0,0.0,74.504,4.97,WiFi_6
UE_001,0.00743,35.706,31.036,-35.04,7.85e-05,16.498,2.16,0.16,-2.1,2.5e-05,0.0,0.0,87.46,10.31,WiFi_6
UE_002,0.01596,45.108,42.313,-32.995,0.00016413,22.49,1.59,2.26,1.52,5.3e-05,0.0,0.0,87.46,12.34,WiFi_6
UE_003,0.00707,30.444,24.369,-37.214,7.243e-05,12.961,1.74,0.5,7.69,2.4e-05,0.0,0.0,87.46,8.1,WiFi_6
UE_004,0.00707,36.135,31.506,-36.701,0.00017618,16.747,1.69,3.42,-12.02,2.4e-05,0.0,0.0,87.46,10.47,WiFi_6
UE_005,0.00707,7.919,3.237,-46.307,0.01011378,2.617,2.1,28.48,1.77,2.4e-05,0.0,0.0,39.711,1.64,WiFi_6
UE_006,0.00707,16.275,11.322,-43.803,0.001061,6.182,1.66,0.78,-2.86,2.4e-05,0.0,0.0,63.965,3.86,WiFi_6
UE_007,0.00707,44.196,39.451,-31.346,5.256e-05,20.969,1.73,3.35,-1.74,2.4e-05,0.0,0.0,87.46,12.34,WiFi_6
UE_008,0.02437,19.344,17.042,-41.781,0.00016959,9.103,1.59,1.34,7.63,8.1e-05,0.0,0.0,81.126,5.69,WiFi_6
UE_009,0.00707,30.036,28.717,-37.093,0.00018396,15.266,2.18,6.03,12.93,2.4e-05,0.0,0.0,87.46,9.54,WiFi_6
UE_010,0.00707,34.704,30.482,-37.433,0.00017767,16.204,2.16,1.67,-4.33,2.4e-05,0.0,0.0,87.46,10.13,WiFi_6
UE_011,0.0052,30.77,25.248,-38.064,4.473e-05,13.426,1.63,8.17,-2.97,1.7e-05,0.0,0.0,87.46,8.39,WiFi_6
UE_012,0.00707,25.037,23.53,-38.515,3.054e-05,12.517,1.55,0.05,-8.18,2.4e-05,0.0,0.0,87.46,7.82,WiFi_6
UE_013,0.00707,40.08,34.636,-34.741,8.402e-05,18.41,2.23,6.02,-11.19,2.4e-05,0.0,0.0,87.46,11.51,WiFi_6
UE_014,0.00707,36.087,33.096,-34.664,0.00016984,17.592,1.89,2.77,-4.33,2.4e-05,0.0,0.0,87.46,10.99,WiFi_6
UE_015,0.0079,13.138,11.713,-46.401,0.00105244,6.376,1.99,4.39,-5.93,2.6e-05,0.0,0.0,65.14,3.99,WiFi_6
UE_016,0.00707,26.631,22.761,-38.729,0.00013263,12.11,1.74,4.12,5.27,2.4e-05,0.0,0.0,87.46,7.57,WiFi_6
UE_017,0.00707,30.192,24.281,-38.77,0.00012596,12.914,1.62,1.95,6.12,2.4e-05,0.0,0.0,87.46,8.07,WiFi_6
UE_018,0.00707,22.134,18.765,-41.463,0.00010226,10.004,2.14,0.26,-9.4,2.4e-05,0.0,0.0,86.294,6.25,WiFi_6
UE_019,0.005,45.533,44.514,-33.067,1.995e-05,23.66,1.84,1.05,-0.43,1.7e-05,0.0,0.0,87.46,12.34,WiFi_6
UE_000,0.00707,30.709,28.612,-36.094,0.00019611,15.211,1.57,2.08,1.22,2.4e-05,0.0,0.0,87.46,9.51,WiFi_6
UE_001,0.00953,41.921,39.142,-33.405,7.819e-05,20.805,1.54,0.46,-2.1,3.2e-05,0.0,0.0,87.46,12.34,WiFi_6
UE_002,0.01417,19.383,16.197,-40.345,0.00012448,8.664,1.59,6.92,1.52,4.7e-05,0.0,0.0,78.592,5.41,WiFi_6
UE_003,0.00707,15.352,14.377,-43.491,0.00011481,7.724,1.88,1.05,7.69,2.4e-05,0.0,0.0,73.13,4.83,WiFi_6
UE_004,0.00707,15.241,9.754,-42.691,0.00117348,5.417,2.05,0.05,-12.02,2.4e-05,0.0,0.0,59.262,3.39,WiFi_6
UE_005,0.00707,39.699,36.622,-33.455,0.00019512,19.465,2.17,1.26,1.77,2.4e-05,0.0,0.0,87.46,12.17,WiFi_6
UE_006,0.00707,38.543,34.516,-33.048,6.67e-05,18.346,1.52,4.54,-2.86,2.4e-05,0.0,0.0,87.46,11.47,WiFi_6
UE_007,0.00707,39.792,37.576,-32.913,1.443e-05,19.972,1.7,9.48,-1.74,2.4e-05,0.0,0.0,87.46,12.34,WiFi_6
UE_008,0.02192,0.856,1.39,-49.559,0.01008417,1.999,1.85,17.24,7.63,7.3e-05,0.0,0.0,34.171,1.25,WiFi_6
UE_009,0.00707,9.116,5.026,-47.743,0.01005951,3.302,1.62,31.29,12.93,2.4e-05,0.0,0.0,45.079,2.06,WiFi_6
UE_010,0.00521,26.715,21.927,-39.346,2.847e-05,11.669,1.68,2.28,-4.33,1.7e-05,0.0,0.0,87.46,7.29,WiFi_6
UE_011,0.00636,23.618,19.38,-41.76,0.00020753,10.327,1.51,1.55,-2.97,2.1e-05,0.0,0.0,87.46,6.45,WiFi_6
UE_012,0.00707,22.814,21.419,-41.667,4.091e-05,11.401,2.24,3.0,-5.54,2.4e-05,0.0,0.0,87.46,7.13,WiFi_6
UE_013,0.00707,18.729,13.481,-41.408,0.00020614,7.267,1.82,4.2,3.86,2.4e-05,0.0,0.0,70.443,4.54,WiFi_6
UE_014,0.00707,32.463,28.799,-36.27,0.00014494,15.31,1.75,0.62,-4.33,2.4e-05,0.0,0.0,87.46,9.57,WiFi_6
UE_015,0.01793,-8.353,-12.486,-53.703,0.15004164,0.127,1.89,35.67,-5.93,6e-05,0.0,0.0,15.26,0.1,WiFi_6
UE_016,0.00707,20.893,14.966,-40.521,0.000332,8.027,2.23,0.27,5.27,2.4e-05,0.0,0.0,74.899,5.02,WiFi_6
UE_017,0.00707,23.018,20.698,-40.135,0.00012804,11.021,2.1,5.15,6.12,2.4e-05,0.0,0.0,87.46,6.89,WiFi_6
UE_018,0.00707,32.481,28.232,-38.1,8.448e-05,15.009,1.51,1.1,-9.4,2.4e-05,0.0,0.0,87.46,9.38,WiFi_6
UE_019,0.00501,18.258,14.144,-42.352,0.00022865,7.605,2.07,3.93,-0.43,1.7e-05,0.0,0.0,72.431,4.75,WiFi_6
UE_000,0.00707,21.265,16.148,-42.86,0.0001149,8.638,1.88,3.63,1.22,2.4e-05,0.0,0.0,78.443,5.4,WiFi_6
UE_001,0.01184,41.944,38.556,-33.597,1.656e-05,20.493,1.92,4.36,-2.1,3.9e-05,0.0,0.0,87.46,12.34,WiFi_6
UE_002,0.01242,33.336,32.547,-37.63,0.00016385,17.3,1.82,4.23,1.52,4.1e-05,0.0,0.0,87.46,10.81,WiFi_6
UE_003,0.00707,50.512,45.426,-29.577,9.888e-05,24.144,2.03,10.45,7.69,2.4e-05,0.0,0.0,87.46,12.34,WiFi_6
UE_004,0.00707,25.212,21.918,-39.837,0.00021387,11.664,2.07,0.53,-6.98,2.4e-05,0.0,0.0,87.46,7.29,WiFi_6
UE_005,0.00707,48.981,44.706,-31.335,2.494e-05,23.762,1.68,6.44,1.77,2.4e-05,0.0,0.0,87.46,12.34,WiFi_6
UE_006,0.00707,46.813,40.54,-31.984,0.00019633,21.547,1.61,3.13,-2.86,2.4e-05,0.0,0.0,87.46,12.34,WiFi_6
UE_007,0.00707,31.082,26.829,-35.123,5.523e-05,14.264,2.19,2.61,-1.74,2.4e-05,0.0,0.0,87.46,8.92,WiFi_6
UE_008,0.01727,22.289,16.578,-41.364,0.00019645,8.862,1.85,0.53,7.63,5.8e-05,0.0,0.0,79.734,5.54,WiFi_6
UE_009,0.00707,27.185,25.575,-39.045,6.911e-05,13.6,1.6,2.71,12.93,2.4e-05,0.0,0.0,87.46,8.5,WiFi_6
UE_010,0.00935,27.124,24.375,-38.045,5.739e-05,12.964,1.55,2.33,-4.33,3.1e-05,0.0,0.0,87.46,8.1,WiFi_6
UE_011,0.00707,31.47,27.968,-37.616,8.139e-05,14.869,1.7,1.05,-2.97,2.4e-05,0.0,0.0,87.46,9.29,WiFi_6
UE_012,0.00581,35.611,31.433,-33.783,0.0001396,16.709,2.07,0.25,-5.54,1.9e-05,0.0,0.0,87.46,10.44,WiFi_6
UE_013,0.005,27.349,24.965,-39.106,8.413e-05,13.277,2.23,2.98,3.86,1.7e-05,0.0,0.0,87.46,8.3,WiFi_6
UE_014,0.00707,16.53,14.773,-43.192,0.00010988,7.928,1.58,0.4,-4.33,2.4e-05,0.0,0.0,74.32,4.95,WiFi_6
UE_015,0.02223,13.059,9.026,-44.878,0.00104928,5.07,1.91,2.18,-5.93,7.4e-05,0.0,0.0,57.078,3.17,WiFi_6
UE_016,0.00707,27.005,23.776,-39.42,0.00020569,12.647,1.86,4.98,5.27,2.4e-05,0.0,0.0,87.46,7.9,WiFi_6
UE_017,0.00707,37.181,35.552,-35.303,0.00010799,18.897,2.03,3.1,6.12,2.4e-05,0.0,0.0,87.46,11.81,WiFi_6
UE_018,0.00707,24.863,20.906,-39.214,2.178e-05,11.13,1.67,1.45,-9.4,2.4e-05,0.0,0.0,87.46,6.96,WiFi_6
UE_019,0.00507,39.133,35.41,-34.021,0.00012183,18.822,1.69,1.31,-0.43,1.7e-05,0.0,0.0,87.46,11.76,WiFi_6
UE_000,0.00707,18.441,17.679,-42.179,0.00021013,9.436,1.73,4.6,1.22,2.4e-05,0.0,0.0,83.037,5.9,WiFi_6
UE_001,0.01427,35.491,35.144,-35.752,5.868e-05,18.68,1.81,2.79,-2.1,4.8e-05,0.0,0.0,87.46,11.68,WiFi_6
UE_002,0.01071,10.465,5.538,-47.102,0.01002927,3.512,1.57,8.46,1.52,3.6e-05,0.0,0.0,46.615,2.2,WiFi_6
UE_003,0.00707,31.298,28.648,-37.34,0.00015986,15.23,2.14,0.77,7.69,2.4e-05,0.0,0.0,87.46,9.52,WiFi_6
UE_004,0.00707,37.202,34.842,-36.336,2.202e-05,18.52,1.81,0.61,-6.98,2.4e-05,0.0,0.0,87.46,11.57,WiFi_6
UE_005,0.00707,24.283,20.776,-40.414,5.706e-05,11.062,1.95,2.15,1.77,2.4e-05,0.0,0.0,87.46,6.91,WiFi_6
UE_006,0.00707,51.473,49.069,-29.608,1.991e-05,26.081,1.55,2.11,-2.86,2.4e-05,0.0,0.0,87.46,12.34,WiFi_6
UE_007,0.00707,18.896,16.365,-42.285,0.00020235,8.751,1.57,9.64,-1.74,2.4e-05,0.0,0.0,79.096,5.47,WiFi_6
UE_008,0.01274,7.958,6.187,-47.305,0.0010821,3.786,2.23,0.24,7.63,4.2e-05,0.0,0.0,48.561,2.37,WiFi_6
UE_009,0.00707,21.193,17.813,-41.471,0.00020606,9.505,2.06,0.85,12.93,2.4e-05,0.0,0.0,83.438,5.94,WiFi_6
UE_010,0.01519,19.943,16.024,-42.357,0.00020123,8.574,1.63,2.43,-4.33,5.1e-05,0.0,0.0,78.072,5.36,WiFi_6
UE_011,0.00707,23.233,21.794,-41.009,0.00026131,11.599,1.84,1.61,-2.97,2.4e-05,0.0,0.0,87.46,7.25,WiFi_6
UE_012,0.01201,12.676,9.326,-45.846,0.00111343,5.212,1.69,1.5,-5.54,4e-05,0.0,0.0,57.977,3.26,WiFi_6
UE_013,0.00682,35.541,30.679,-35.287,5.453e-05,16.308,1.87,3.4,3.86,2.3e-05,0.0,0.0,87.46,10.19,WiFi_6
UE_014,0.00707,43.694,43.927,-33.42,0.00013222,23.348,1.65,4.58,-4.33,2.4e-05,0.0,0.0,87.46,12.34,WiFi_6
UE_015,0.01168,13.564,10.868,-45.076,0.00113725,5.958,2.27,1.58,-5.93,3.9e-05,0.0,0.0,62.604,3.72,WiFi_6
UE_016,0.00707,37.241,33.351,-35.658,0.00016092,17.727,2.1,2.59,5.27,2.4e-05,0.0,0.0,87.46,11.08,WiFi_6
UE_017,0.00707,16.984,13.115,-44.002,0.00014244,7.081,1.76,1.61,6.12,2.4e-05,0.0,0.0,69.344,4.43,WiFi_6
UE_018,0.00707,50.142,48.081,-29.786,1.62e-06,25.556,1.64,0.44,-9.4,2.4e-05,0.0,0.0,87.46,12.34,WiFi_6
UE_019,0.00519,44.214,43.755,-32.896,0.00011839,23.256,2.12,3.32,-0.43,1.7e-05,0.0,0.0,87.46,12.34,WiFi_6
UE_000,0.00707,53.478,49.369,-27.466,0.00017425,26.24,2.09,2.57,1.22,2.4e-05,0.0,0.0,87.46,12.34,WiFi_6
UE_001,0.01675,22.056,18.516,-39.082,0.00025944,9.874,2.01,0.71,-2.1,5.6e-05,0.0,0.0,85.548,6.17,WiFi_6
UE_002,0.00907,7.575,4.783,-48.591,0.01004337,3.205,2.27,12.46,1.52,3e-05,0.0,0.0,44.35,2.0,WiFi_6
UE_003,0.00707,27.543,26.257,-38.326,8.381e-05,13.961,2.15,2.83,7.69,2.4e-05,0.0,0.0,87.46,8.73,WiFi_6
UE_004,0.00707,41.354,38.609,-33.99,0.00015779,20.521,1.74,2.74,-6.98,2.4e-05,0.0,0.0,87.46,12.34,WiFi_6
UE_005,0.00707,47.241,42.619,-31.105,2.379e-05,22.652,1.52,1.01,1.77,2.4e-05,0.0,0.0,87.46,12.34,WiFi_6
UE_006,0.00707,15.337,11.77,-43.978,0.00112992,6.404,1.93,0.29,-2.86,2.4e-05,0.0,0.0,65.309,4.0,WiFi_6
UE_007,0.00707,25.641,24.135,-39.164,0.00025208,12.837,1.64,6.81,-1.74,2.4e-05,0.0,0.0,87.46,8.02,WiFi_6
UE_008,0.00853,16.183,14.601,-43.303,0.0001904,7.839,1.91,4.98,8.02,2.8e-05,0.0,0.0,73.802,4.9,WiFi_6
UE_009,0.00707,19.991,15.133,-41.859,0.00018266,8.113,1.76,0.6,12.47,2.4e-05,0.0,0.0,75.4,5.07,WiFi_6
UE_010,0.02139,24.696,21.879,-40.937,0.00010762,11.644,1.61,2.43,-4.33,7.1e-05,0.0,0.0,87.46,7.28,WiFi_6
UE_011,0.00707,44.91,42.449,-32.761,2.1e-05,22.562,2.15,0.28,-2.97,2.4e-05,0.0,0.0,87.46,12.34,WiFi_6
UE_012,0.01953,18.654,14.24,-43.234,0.00019181,7.654,2.23,1.53,-5.54,6.5e-05,0.0,0.0,72.719,4.78,WiFi_6
UE_013,0.01071,16.363,14.536,-43.562,0.00019994,7.806,1.75,2.49,3.86,3.6e-05,0.0,0.0,73.607,4.88,WiFi_6
UE_014,0.00707,10.388,6.688,-46.818,0.00110071,4.003,2.11,6.35,-4.33,2.4e-05,0.0,0.0,50.065,2.5,WiFi_6
UE_015,0.00503,27.109,24.608,-39.63,3.758e-05,13.088,2.04,5.88,-5.93,1.7e-05,0.0,0.0,87.46,8.18,WiFi_6
UE_016,0.00707,4.063,-0.297,-47.593,0.15007909,1.522,1.67,25.02,5.27,2.4e-05,0.0,0.0,29.109,0.95,WiFi_6
UE_017,0.00707,38.701,35.581,-35.869,4.252e-05,18.912,1.73,11.26,6.12,2.4e-05,0.0,0.0,87.46,11.82,WiFi_6
UE_018,0.00707,27.984,23.325,-37.802,7.105e-05,12.408,2.23,4.36,-9.4,2.4e-05,0.0,0.0,87.46,7.76,WiFi_6
UE_019,0.00536,31.96,29.579,-36.021,9.046e-05,15.724,1.96,2.57,-0.43,1.8e-05,0.0,0.0,87.46,9.83,WiFi_6
UE_000,0.00707,20.284,16.161,-42.574,0.00027794,8.645,1.94,3.11,1.22,2.4e-05,0.0,0.0,78.482,5.4,WiFi_6
UE_001,0.01927,26.077,23.847,-41.112,6.428e-05,12.685,1.56,0.66,-2.1,6.4e-05,0.0,0.0,87.46,7.93,WiFi_6
UE_002,0.00756,30.71,28.282,-36.375,7.028e-05,15.036,2.18,6.82,1.52,2.5e-05,0.0,0.0,87.46,9.4,WiFi_6
UE_003,0.00707,23.175,19.535,-40.854,0.00014578,10.408,2.06,1.24,7.69,2.4e-05,0.0,0.0,87.46,6.51,WiFi_6
UE_004,0.00707,32.646,29.122,-37.234,4.64e-05,15.481,1.69,1.14,-6.98,2.4e-05,0.0,0.0,87.46,9.68,WiFi_6
UE_005,0.00707,30.392,26.244,-37.06,4.411e-05,13.954,2.05,5.84,1.77,2.4e-05,0.0,0.0,87.46,8.72,WiFi_6
UE_006,0.00707,36.982,32.498,-34.876,1.518e-05,17.274,2.18,3.44,-4.73,2.4e-05,0.0,0.0,87.46,10.8,WiFi_6
UE_007,0.00707,32.404,27.264,-36.878,0.00022225,14.495,1.79,0.38,-1.74,2.4e-05,0.0,0.0,87.46,9.06,WiFi_6
UE_008,0.00595,14.796,10.227,-44.211,0.00103407,5.645,2.03,3.26,8.02,2e-05,0.0,0.0,60.682,3.53,WiFi_6
UE_009,0.00707,26.611,22.804,-39.498,3.487e-05,12.132,1.53,5.87,12.47,2.4e-05,0.0,0.0,87.46,7.58,WiFi_6
UE_010,0.0233,13.712,10.768,-43.669,0.00111512,5.909,1.63,0.87,-0.47,7.8e-05,0.0,0.0,62.304,3.69,WiFi_6
UE_011,0.00707,20.979,18.827,-41.535,0.00011502,10.037,2.23,1.94,-2.97,2.4e-05,0.0,0.0,86.481,6.27,WiFi_6
UE_012,0.02369,19.514,16.782,-41.856,0.00013341,8.968,1.97,2.39,-5.54,7.9e-05,0.0,0.0,80.346,5.6,WiFi_6
UE_013,0.01514,17.72,13.575,-40.427,0.00012648,7.314,2.0,1.85,3.86,5e-05,0.0,0.0,70.725,4.57,WiFi_6
UE_014,0.00707,29.431,27.338,-38.821,3.247e-05,14.535,1.58,5.48,-4.33,2.4e-05,0.0,0.0,87.46,9.08,WiFi_6
UE_015,0.00707,22.716,20.546,-40.041,3.251e-05,10.941,1.93,3.88,-5.93,2.4e-05,0.0,0.0,87.46,6.84,WiFi_6
UE_016,0.00707,22.229,18.505,-41.036,0.00011873,9.868,1.72,2.99,5.27,2.4e-05,0.0,0.0,85.516,6.17,WiFi_6
UE_017,0.00707,39.792,35.777,-34.223,3.176e-05,19.016,1.92,4.48,6.12,2.4e-05,0.0,0.0,87.46,11.89,WiFi_6
UE_018,0.00707,40.642,37.257,-33.719,2.742e-05,19.803,1.83,11.16,-9.4,2.4e-05,0.0,0.0,87.46,12.34,WiFi_6
UE_019,0.00557,35.051,29.859,-35.699,0.00021426,15.873,1.87,1.74,-0.43,1.9e-05,0.0,0.0,87.46,9.92,WiFi_6
UE_000,0.00707,32.34,30.875,-38.202,3.44e-06,16.412,1.72,12.18,1.22,2.4e-05,0.0,0.0,87.46,10.26,WiFi_6
UE_001,0.02181,19.238,16.207,-41.309,0.00027032,8.669,1.81,1.61,-2.1,7.3e-05,0.0,0.0,78.621,5.42,WiFi_6
UE_002,0.00627,10.841,7.664,-45.153,0.00104848,4.438,1.99,3.14,1.52,2.1e-05,0.0,0.0,52.992,2.77,WiFi_6
UE_003,0.00707,42.059,35.087,-32.318,8.382e-05,18.65,1.78,2.16,7.69,2.4e-05,0.0,0.0,87.46,11.66,WiFi_6
UE_004,0.00707,25.289,20.298,-39.887,3.11e-06,10.81,1.7,7.6,-6.98,2.4e-05,0.0,0.0,87.46,6.76,WiFi_6
UE_005,0.00707,24.125,21.78,-40.721,0.0001358,11.592,2.08,0.74,1.77,2.4e-05,0.0,0.0,87.46,7.24,WiFi_6
UE_006,0.00707,28.631,25.306,-38.398,2.984e-05,13.457,2.12,7.93,-4.73,2.4e-05,0.0,0.0,87.46,8.41,WiFi_6
UE_007,0.00707,28.423,25.559,-40.808,1.885e-05,13.591,1.55,1.41,-1.74,2.4e-05,0.0,0.0,87.46,8.49,WiFi_6
UE_008,0.00502,13.276,10.827,-44.796,0.00104538,5.938,1.91,4.86,8.02,1.7e-05,0.0,0.0,62.482,3.71,WiFi_6
UE_009,0.00707,38.0,32.313,-34.697,0.00020521,17.176,1.68,5.93,12.47,2.4e-05,0.0,0.0,87.46,10.73,WiFi_6
UE_010,0.0152,24.189,20.985,-40.334,3.064e-05,11.172,2.05,13.0,-0.47,5.1e-05,0.0,0.0,87.46,6.98,WiFi_6
UE_011,0.00707,26.966,23.388,-38.988,2.76e-06,12.441,2.02,5.85,-2.97,2.4e-05,0.0,0.0,87.46,7.78,WiFi_6
UE_012,0.016,19.516,14.106,-43.615,0.00015171,7.585,1.85,5.13,-5.54,5.3e-05,0.0,0.0,72.317,4.74,WiFi_6
UE_013,0.01975,11.062,5.648,-46.357,0.01007597,3.558,2.12,9.29,3.86,6.6e-05,0.0,0.0,46.945,2.22,WiFi_6
UE_014,0.00707,34.63,31.796,-37.979,0.00012384,16.901,2.27,6.26,-4.33,2.4e-05,0.0,0.0,87.46,10.56,WiFi_6
UE_015,0.00707,20.589,18.731,-42.487,0.0001312,9.987,2.2,9.2,-5.93,2.4e-05,0.0,0.0,86.194,6.24,WiFi_6
UE_016,0.00707,33.664,31.077,-37.577,0.00011822,16.519,1.93,0.54,5.27,2.4e-05,0.0,0.0,87.46,10.32,WiFi_6
UE_017,0.00707,35.54,32.27,-36.675,3.296e-05,17.153,2.21,0.22,6.12,2.4e-05,0.0,0.0,87.46,10.72,WiFi_6
UE_018,0.00707,19.013,16.749,-41.809,0.00014124,8.95,1.82,0.55,-3.64,2.4e-05,0.0,0.0,80.247,5.59,WiFi_6
UE_019,0.00583,22.421,18.79,-41.671,0.00018909,10.017,1.95,1.02,-0.43,1.9e-05,0.0,0.0,86.37,6.26,WiFi_6
UE_000,0.00707,43.57,37.195,-33.789,1.695e-05,19.77,1.93,3.53,1.22,2.4e-05,0.0,0.0,87.46,12.34,WiFi_6
UE_001,0.02437,20.44,14.939,-40.378,0.00010163,8.013,2.18,4.04,-2.1,8.1e-05,0.0,0.0,74.818,5.01,WiFi_6
UE_002,0.00534,44.066,41.337,-33.23,1.077e-05,21.971,1.87,1.42,1.52,1.8e-05,0.0,0.0,87.46,12.34,WiFi_6
UE_003,0.00707,36.49,33.879,-35.538,4.221e-05,18.008,1.81,0.13,7.69,2.4e-05,0.0,0.0,87.46,11.25,WiFi_6
UE_004,0.00707,23.643,18.378,-40.943,0.00012693,9.801,1.53,11.93,-6.98,2.4e-05,0.0,0.0,85.135,6.13,WiFi_6
UE_005,0.00707,21.944,17.306,-40.025,0.00024761,9.241,1.54,0.64,1.77,2.4e-05,0.0,0.0,81.919,5.78,WiFi_6
UE_006,0.00707,23.007,18.796,-41.0,0.00015283,10.021,1.52,1.13,-4.73,2.4e-05,0.0,0.0,86.389,6.26,WiFi_6
UE_007,0.00707,43.677,42.064,-32.232,0.00010944,22.358,2.15,5.05,-1.74,2.4e-05,0.0,0.0,87.46,12.34,WiFi_6
UE_008,0.0065,29.296,26.691,-38.896,7.198e-05,14.191,2.17,1.07,8.02,2.2e-05,0.0,0.0,87.46,8.87,WiFi_6
UE_009,0.00707,10.995,9.34,-46.587,0.00114049,5.218,2.14,5.21,12.47,2.4e-05,0.0,0.0,58.019,3.26,WiFi_6
UE_010,0.00778,32.421,27.172,-37.556,5.037e-05,14.447,1.57,0.35,-0.47,2.6e-05,0.0,0.0,87.46,9.03,WiFi_6
UE_011,0.00707,35.085,31.664,-37.076,0.00011571,16.831,2.08,0.17,-2.97,2.4e-05,0.0,0.0,87.46,10.52,WiFi_6
UE_012,0.0088,40.783,37.829,-34.411,2.054e-05,20.107,1.62,0.48,-5.54,2.9e-05,0.0,0.0,87.46,12.34,WiFi_6
UE_013,0.02445,8.588,5.114,-47.626,0.01000455,3.338,2.1,22.83,3.86,8.1e-05,0.0,0.0,45.341,2.09,WiFi_6
UE_014,0.00707,28.678,25.887,-37.866,8.171e-05,13.765,2.14,2.37,-4.33,2.4e-05,0.0,0.0,87.46,8.6,WiFi_6
UE_015,0.00707,31.343,30.24,-38.853,1.678e-05,16.075,1.54,0.55,-5.93,2.4e-05,0.0,0.0,87.46,10.05,WiFi_6
UE_016,0.00707,34.432,32.205,-34.901,6.628e-05,17.119,2.13,1.24,5.27,2.4e-05,0.0,0.0,87.46,10.7,WiFi_6
UE_017,0.00707,12.862,8.335,-46.388,0.00101963,4.746,2.02,4.09,6.12,2.4e-05,0.0,0.0,55.006,2.97,WiFi_6
UE_018,0.0104,28.582,25.587,-38.27,1.117e-05,13.606,1.64,1.77,-3.64,3.5e-05,0.0,0.0,87.46,8.5,WiFi_6
UE_019,0.00612,39.914,36.098,-33.891,8.596e-05,19.187,1.77,4.31,-0.43,2e-05,0.0,0.0,87.46,11.99,WiFi_6
UE_000,0.00707,36.791,33.611,-34.133,2.29e-05,17.865,2.03,1.35,1.22,2.4e-05,0.0,0.0,87.46,11.17,WiFi_6
UE_001,0.02405,5.365,3.927,-47.425,0.01003796,2.872,2.16,31.51,-2.1,8e-05,0.0,0.0,41.78,1.79,WiFi_6
UE_002,0.005,41.426,37.354,-31.76,9.526e-05,19.854,2.02,1.8,1.52,1.7e-05,0.0,0.0,87.46,12.34,WiFi_6
UE_003,0.00707,38.398,36.149,-35.776,4.979e-05,19.214,2.17,4.15,7.69,2.4e-05,0.0,0.0,87.46,12.01,WiFi_6
UE_004,0.00707,31.784,29.976,-36.277,8.549e-05,15.935,2.2,1.98,-6.98,2.4e-05,0.0,0.0,87.46,9.96,WiFi_6
UE_005,0.00707,27.535,20.544,-38.926,9.595e-05,10.94,1.67,3.69,1.77,2.4e-05,0.0,0.0,87.46,6.84,WiFi_6
UE_006,0.00707,35.233,29.483,-36.169,3.464e-05,15.673,2.05,0.0,-4.73,2.4e-05,0.0,0.0,87.46,9.8,WiFi_6
UE_007,0.00707,26.44,20.698,-39.242,0.0001225,11.021,1.85,0.5,-1.74,2.4e-05,0.0,0.0,87.46,6.89,WiFi_6
UE_008,0.00707,27.09,24.586,-38.277,7.708e-05,13.076,2.13,11.12,8.02,2.4e-05,0.0,0.0,87.46,8.17,WiFi_6
UE_009,0.00707,47.345,46.188,-31.633,2.066e-05,24.549,2.27,6.83,12.47,2.4e-05,0.0,0.0,87.46,12.34,WiFi_6
UE_010,0.00556,38.381,33.924,-34.269,0.00012402,18.032,1.96,1.5,-0.47,1.9e-05,0.0,0.0,87.46,11.27,WiFi_6
UE_011,0.00707,11.145,8.734,-44.689,0.00103694,4.932,1.55,0.28,-2.97,2.4e-05,0.0,0.0,56.201,3.08,WiFi_6
UE_012,0.00505,20.541,17.994,-42.063,0.0002279,9.6,1.71,0.54,-5.54,1.7e-05,0.0,0.0,83.983,6.0,WiFi_6
UE_013,0.02183,3.261,2.203,-49.863,0.01005206,2.259,1.62,31.03,3.86,7.3e-05,0.0,0.0,36.609,1.41,WiFi_6
UE_014,0.00707,15.421,10.332,-43.421,0.00108803,5.696,1.75,1.71,-4.33,2.4e-05,0.0,0.0,60.995,3.56,WiFi_6
UE_015,0.00707,32.067,28.87,-37.781,3.731e-05,15.348,2.27,1.08,-5.93,2.4e-05,0.0,0.0,87.46,9.59,WiFi_6
UE_016,0.00707,12.582,10.621,-46.117,0.00103466,5.837,2.07,1.43,5.27,2.4e-05,0.0,0.0,61.863,3.65,WiFi_6
UE_017,0.00707,17.681,13.32,-42.572,0.00011916,7.185,1.76,4.31,6.12,2.4e-05,0.0,0.0,69.96,4.49,WiFi_6
UE_018,0.02377,14.863,11.639,-42.939,0.0011508,6.339,2.1,2.77,-3.64,7.9e-05,0.0,0.0,64.916,3.96,WiFi_6
UE_019,0.00644,-3.539,-7.738,-51.173,0.15020821,0.359,1.73,10.78,-0.43,2.1e-05,0.0,0.0,15.26,0.22,WiFi_6
UE_000,0.00707,16.037,12.945,-41.662,0.00017746,6.995,1.58,1.73,1.22,2.4e-05,0.0,0.0,68.835,4.37,WiFi_6
UE_001,0.02149,14.43,8.552,-43.677,0.00101947,4.847,1.93,7.68,-2.1,7.2e-05,0.0,0.0,55.657,3.03,WiFi_6
UE_002,0.00535,40.607,35.937,-35.835,3.303e-05,19.101,2.0,7.6,1.52,1.8e-05,0.0,0.0,87.46,11.94,WiFi_6
UE_003,0.00707,32.228,27.725,-37.215,0.00017147,14.74,1.74,0.27,7.69,2.4e-05,0.0,0.0,87.46,9.21,WiFi_6
UE_004,0.00707,32.318,29.675,-38.44,6.026e-05,15.775,1.95,1.98,-6.98,2.4e-05,0.0,0.0,87.46,9.86,WiFi_6
UE_005,0.00707,38.545,35.007,-35.297,6.199e-05,18.607,2.17,2.11,1.77,2.4e-05,0.0,0.0,87.46,11.63,WiFi_6
UE_006,0.00707,28.342,26.327,-38.742,5.891e-05,13.998,2.18,5.57,-4.73,2.4e-05,0.0,0.0,87.46,8.75,WiFi_6
UE_007,0.00707,24.629,19.903,-40.21,0.00015521,10.602,1.73,2.59,-1.74,2.4e-05,0.0,0.0,87.46,6.63,WiFi_6
UE_008,0.00707,47.277,45.648,-31.768,3.282e-05,24.262,1.65,1.37,8.02,2.4e-05,0.0,0.0,87.46,12.34,WiFi_6
UE_009,0.00707,18.722,13.717,-42.23,0.00020161,7.387,2.26,3.62,12.47,2.4e-05,0.0,0.0,71.152,4.62,WiFi_6
UE_010,0.00707,13.564,9.607,-45.726,0.00128391,5.346,1.56,4.25,-0.47,2.4e-05,0.0,0.0,58.82,3.34,WiFi_6
UE_011,0.00707,40.17,36.075,-33.058,4.04e-06,19.175,1.54,2.83,-2.97,2.4e-05,0.0,0.0,87.46,11.98,WiFi_6
UE_012,0.00707,45.389,41.405,-30.912,4.251e-05,22.007,1.63,2.46,-5.54,2.4e-05,0.0,0.0,87.46,12.34,WiFi_6
UE_013,0.01717,28.429,24.108,-37.259,0.00016429,12.822,2.1,0.25,3.86,5.7e-05,0.0,0.0,87.46,8.01,WiFi_6
UE_014,0.00707,28.78,25.074,-39.508,2.164e-05,13.334,1.81,2.61,-4.33,2.4e-05,0.0,0.0,87.46,8.33,WiFi_6
UE_015,0.00707,36.472,35.884,-35.082,8.503e-05,19.073,1.91,6.89,-5.93,2.4e-05,0.0,0.0,87.46,11.92,WiFi_6
UE_016,0.00707,40.069,35.712,-34.964,6.429e-05,18.982,2.08,7.18,5.27,2.4e-05,0.0,0.0,87.46,11.86,WiFi_6
UE_017,0.00707,26.352,23.449,-40.373,5.859e-05,12.474,1.98,4.24,6.12,2.4e-05,0.0,0.0,87.46,7.8,WiFi_6
UE_018,0.0136,24.241,19.465,-40.75,0.00011131,10.372,1.74,1.18,-3.64,4.5e-05,0.0,0.0,87.46,6.48,WiFi_6
UE_019,0.00679,30.377,26.506,-38.139,3.716e-05,14.093,1.63,4.4,-0.43,2.3e-05,0.0,0.0,87.46,8.81,WiFi_6
UE_000,0.00707,19.032,12.275,-41.076,0.00012243,6.657,1.85,6.49,1.22,2.4e-05,0.0,0.0,66.826,4.16,WiFi_6
UE_001,0.01895,6.98,3.107,-47.414,0.01007603,2.57,2.18,38.85,-2.1,6.3e-05,0.0,0.0,39.32,1.61,WiFi_6
UE_002,0.00629,35.432,32.516,-35.66,4.274e-05,17.284,1.65,1.35,1.52,2.1e-05,0.0,0.0,87.46,10.8,WiFi_6
UE_003,0.00707,33.37,31.534,-35.417,0.0001042,16.762,1.67,4.35,7.69,2.4e-05,0.0,0.0,87.46,10.48,WiFi_6
UE_004,0.00707,27.267,23.876,-39.255,6.349e-05,12.7,1.95,1.0,-6.98,2.4e-05,0.0,0.0,87.46,7.94,WiFi_6
UE_005,0.00707,21.653,18.406,-41.401,0.00012431,9.816,2.11,4.86,1.77,2.4e-05,0.0,0.0,85.218,6.14,WiFi_6
UE_006,0.00707,12.023,9.069,-45.867,0.00110944,5.09,1.91,4.23,-4.73,2.4e-05,0.0,0.0,57.206,3.18,WiFi_6
UE_007,0.00707,7.991,4.137,-45.174,0.01003727,2.952,2.14,6.64,13.68,2.4e-05,0.0,0.0,42.41,1.84,WiFi_6
UE_008,0.00707,34.403,29.373,-36.693,0.00010498,15.614,1.92,1.53,8.02,2.4e-05,0.0,0.0,87.46,9.76,WiFi_6
UE_009,0.00707,31.505,28.253,-35.714,0.000101,15.02,2.03,1.63,12.47,2.4e-05,0.0,0.0,87.46,9.39,WiFi_6
UE_010,0.00707,38.343,36.012,-34.906,1.23e-06,19.141,1.71,3.53,-5.92,2.4e-05,0.0,0.0,87.46,11.96,WiFi_6
UE_011,0.00707,34.716,31.558,-35.959,5.24e-06,16.775,2.19,1.64,-2.97,2.4e-05,0.0,0.0,87.46,10.48,WiFi_6
UE_012,0.00707,13.331,10.982,-44.049,0.00116384,6.014,1.59,4.8,-5.54,2.4e-05,0.0,0.0,62.947,3.76,WiFi_6
UE_013,0.01263,25.947,23.225,-41.979,5.249e-05,12.355,2.1,10.21,3.86,4.2e-05,0.0,0.0,87.46,7.72,WiFi_6
UE_014,0.00707,36.58,33.75,-35.428,0.00011378,17.939,1.82,0.21,-4.33,2.4e-05,0.0,0.0,87.46,11.21,WiFi_6
UE_015,0.00707,38.051,35.882,-35.029,3.288e-05,19.072,1.66,5.25,-5.93,2.4e-05,0.0,0.0,87.46,11.92,WiFi_6
UE_016,0.00707,37.66,35.041,-34.923,4.898e-05,18.625,1.51,1.03,5.27,2.4e-05,0.0,0.0,87.46,11.64,WiFi_6
UE_017,0.00707,23.292,18.689,-41.634,0.00016039,9.964,2.02,0.41,6.12,2.4e-05,0.0,0.0,86.066,6.23,WiFi_6
UE_018,0.00521,28.546,23.496,-40.124,1.706e-05,12.498,1.56,0.55,-3.64,1.7e-05,0.0,0.0,87.46,7.81,WiFi_6
UE_019,0.00716,28.619,24.511,-39.882,7.12e-06,13.036,1.85,6.65,-0.43,2.4e-05,0.0,0.0,87.46,8.15,WiFi_6
UE_000,0.00707,17.955,14.219,-42.54,0.00015092,7.643,1.58,0.99,1.22,2.4e-05,0.0,0.0,72.656,4.78,WiFi_6
UE_001,0.01644,22.256,16.591,-42.407,0.00029344,8.868,1.78,0.08,-2.1,5.5e-05,0.0,0.0,79.773,5.54,WiFi_6
UE_002,0.00707,29.295,25.343,-36.998,0.00024364,13.477,1.57,1.94,1.52,2.4e-05,0.0,0.0,87.46,8.42,WiFi_6
UE_003,0.00707,25.316,23.031,-40.18,7.446e-05,12.253,1.61,2.86,7.69,2.4e-05,0.0,0.0,87.46,7.66,WiFi_6
UE_004,0.00707,56.523,54.021,-27.147,0.00011002,28.713,1.84,1.0,-6.98,2.4e-05,0.0,0.0,87.46,12.34,WiFi_6
UE_005,0.00707,25.868,22.018,-40.446,1.594e-05,11.717,2.13,0.5,1.77,2.4e-05,0.0,0.0,87.46,7.32,WiFi_6
UE_006,0.00707,28.509,22.454,-39.453,0.00011361,11.948,1.85,0.27,-4.73,2.4e-05,0.0,0.0,87.46,7.47,WiFi_6
UE_007,0.01309,13.716,9.594,-43.667,0.00101465,5.34,2.12,0.02,13.68,4.4e-05,0.0,0.0,58.781,3.34,WiFi_6
UE_008,0.00707,32.098,30.317,-35.304,4.918e-05,16.116,2.04,3.96,8.02,2.4e-05,0.0,0.0,87.46,10.07,WiFi_6
UE_009,0.00707,16.555,16.524,-44.554,0.00013354,8.834,2.2,11.38,12.47,2.4e-05,0.0,0.0,79.573,5.52,WiFi_6
UE_010,0.00707,20.506,17.65,-43.171,0.00015199,9.42,1.64,2.35,-5.92,2.4e-05,0.0,0.0,82.949,5.89,WiFi_6
UE_011,0.00707,31.259,29.357,-36.21,6.2e-05,15.606,2.16,0.56,-2.97,2.4e-05,0.0,0.0,87.46,9.75,WiFi_6
UE_012,0.00707,32.966,26.866,-35.378,3.573e-05,14.284,1.6,1.99,-5.54,2.4e-05,0.0,0.0,87.46,8.93,WiFi_6
UE_013,0.00842,27.338,24.041,-37.992,5.568e-05,12.787,1.84,0.82,3.86,2.8e-05,0.0,0.0,87.46,7.99,WiFi_6
UE_014,0.00707,20.26,15.774,-41.732,0.00031962,8.444,2.04,1.77,-4.33,2.4e-05,0.0,0.0,77.323,5.28,WiFi_6
UE_015,0.00707,19.887,16.628,-40.988,0.00011988,8.888,1.94,2.62,-5.93,2.4e-05,0.0,0.0,79.885,5.55,WiFi_6
UE_016,0.00707,27.15,23.955,-39.232,8.978e-05,12.742,1.9,1.51,5.27,2.4e-05,0.0,0.0,87.46,7.96,WiFi_6
UE_017,0.00707,23.51,21.77,-41.346,0.00012563,11.586,2.01,6.78,6.12,2.4e-05,0.0,0.0,87.46,7.24,WiFi_6
UE_018,0.00707,32.94,29.443,-36.533,0.00020055,15.652,1.99,3.49,-3.64,2.4e-05,0.0,0.0,87.46,9.78,WiFi_6
UE_019,0.00755,12.088,6.512,-46.738,0.00112211,3.926,1.97,1.14,-0.43,2.5e-05,0.0,0.0,49.535,2.45,WiFi_6
UE_000,0.00707,36.636,31.988,-35.944,9.766e-05,17.004,2.16,11.06,6.69,2.4e-05,0.0,0.0,87.46,10.63,WiFi_6
UE_001,0.01396,34.168,27.79,-36.043,5.59e-06,14.774,1.75,0.83,-2.1,4.7e-05,0.0,0.0,87.46,9.23,WiFi_6
UE_002,0.00707,23.187,22.009,-41.504,2.132e-05,11.712,1.67,3.39,1.52,2.4e-05,0.0,0.0,87.46,7.32,WiFi_6
UE_003,0.00707,31.301,26.192,-38.304,6.933e-05,13.927,1.56,5.53,7.69,2.4e-05,0.0,0.0,87.46,8.7,WiFi_6
UE_004,0.00707,32.334,28.781,-35.86,0.00015372,15.301,2.16,2.36,-6.98,2.4e-05,0.0,0.0,87.46,9.56,WiFi_6
UE_005,0.00707,35.52,29.897,-36.537,6.897e-05,15.893,2.07,1.59,1.77,2.4e-05,0.0,0.0,87.46,9.93,WiFi_6
UE_006,0.00707,40.255,37.287,-35.205,0.00016079,19.819,1.5,11.25,-4.2,2.4e-05,0.0,0.0,87.46,12.34,WiFi_6
UE_007,0.0214,15.133,9.35,-42.414,0.00100327,5.223,1.99,5.86,13.68,7.1e-05,0.0,0.0,58.051,3.26,WiFi_6
UE_008,0.00707,23.736,22.122,-41.633,0.00011379,11.772,2.02,0.19,8.02,2.4e-05,0.0,0.0,87.46,7.36,WiFi_6
UE_009,0.00707,46.231,40.839,-30.461,7.702e-05,21.707,2.13,1.09,12.47,2.4e-05,0.0,0.0,87.46,12.34,WiFi_6
UE_010,0.00707,37.226,34.446,-33.41,4.118e-05,18.309,1.98,3.54,-5.92,2.4e-05,0.0,0.0,87.46,11.44,WiFi_6
UE_011,0.00707,11.79,10.305,-44.862,0.00115569,5.683,1.85,0.96,-2.97,2.4e-05,0.0,0.0,60.914,3.55,WiFi_6
UE_012,0.00707,36.969,33.986,-34.271,2.019e-05,18.065,1.76,2.53,-5.54,2.4e-05,0.0,0.0,87.46,11.29,WiFi_6
UE_013,0.00537,33.454,32.089,-38.584,9.29e-06,17.057,1.79,0.6,3.86,1.8e-05,0.0,0.0,87.46,10.66,WiFi_6
UE_014,0.00707,48.752,45.322,-30.748,0.00016829,24.089,2.13,0.43,-4.33,2.4e-05,0.0,0.0,87.46,12.34,WiFi_6
UE_015,0.00707,37.285,35.283,-34.436,5.918e-05,18.754,1.97,4.38,-5.93,2.4e-05,0.0,0.0,87.46,11.72,WiFi_6
UE_016,0.00707,30.003,26.531,-37.722,0.00012055,14.107,2.13,3.12,5.27,2.4e-05,0.0,0.0,87.46,8.82,WiFi_6
UE_017,0.00707,18.715,13.899,-42.418,0.00013239,7.48,1.82,0.25,6.12,2.4e-05,0.0,0.0,71.697,4.67,WiFi_6
UE_018,0.00707,34.4,30.087,-37.332,1.453e-05,15.994,2.09,3.53,-3.64,2.4e-05,0.0,0.0,87.46,10.0,WiFi_6
UE_019,0.00796,22.923,19.594,-40.752,0.00020539,10.44,1.89,1.89,-0.43,2.7e-05,0.0,0.0,87.46,6.52,WiFi_6
UE_000,0.00518,34.161,29.794,-36.178,1.862e-05,15.838,1.54,2.95,6.69,1.7e-05,0.0,0.0,87.46,9.9,WiFi_6
UE_001,0.01155,17.32,13.254,-42.496,0.00011494,7.151,1.89,2.83,-2.1,3.8e-05,0.0,0.0,69.763,4.47,WiFi_6
UE_002,0.00707,28.343,25.087,-38.339,5.427e-05,13.341,1.63,0.97,1.52,2.4e-05,0.0,0.0,87.46,8.34,WiFi_6
UE_003,0.00707,43.639,41.699,-32.224,1.746e-05,22.163,1.96,0.07,7.69,2.4e-05,0.0,0.0,87.46,12.34,WiFi_6
UE_004,0.00707,11.821,8.12,-44.784,0.00110719,4.647,1.82,3.13,-6.98,2.4e-05,0.0,0.0,54.36,2.9,WiFi_6
UE_005,0.00707,17.643,12.485,-43.484,0.00010716,6.762,1.71,1.35,1.77,2.4e-05,0.0,0.0,67.454,4.23,WiFi_6
UE_006,0.00707,28.135,25.652,-39.415,7.11e-06,13.641,1.6,1.67,-4.2,2.4e-05,0.0,0.0,87.46,8.53,WiFi_6
UE_007,0.00622,15.909,11.194,-45.026,0.00110409,6.119,1.89,2.24,13.68,2.1e-05,0.0,0.0,63.582,3.82,WiFi_6
UE_008,0.00707,23.269,16.468,-39.323,0.00020861,8.804,2.05,3.26,8.02,2.4e-05,0.0,0.0,79.404,5.5,WiFi_6
UE_009,0.00707,28.392,26.661,-39.405,3.845e-05,14.175,1.66,3.2,12.47,2.4e-05,0.0,0.0,87.46,8.86,WiFi_6
UE_010,0.00707,19.642,16.123,-43.924,0.00032305,8.625,2.02,0.24,-5.92,2.4e-05,0.0,0.0,78.37,5.39,WiFi_6
UE_011,0.00707,12.496,8.099,-45.468,0.0011513,4.637,1.64,5.48,-2.97,2.4e-05,0.0,0.0,54.298,2.9,WiFi_6
UE_012,0.00707,23.187,20.72,-42.082,2.332e-05,11.032,1.59,0.32,-5.54,2.4e-05,0.0,0.0,87.46,6.9,WiFi_6
UE_013,0.00576,36.828,34.259,-34.672,0.00020337,18.21,2.23,0.29,3.86,1.9e-05,0.0,0.0,87.46,11.38,WiFi_6
UE_014,0.00707,16.616,13.869,-43.849,0.00014976,7.464,2.15,0.61,-4.33,2.4e-05,0.0,0.0,71.607,4.67,WiFi_6
UE_015,0.00707,31.469,26.419,-37.316,6.033e-05,14.047,1.9,5.14,-5.93,2.4e-05,0.0,0.0,87.46,8.78,WiFi_6
UE_016,0.00707,29.719,26.216,-39.664,6.721e-05,13.939,1.71,0.08,4.13,2.4e-05,0.0,0.0,87.46,8.71,WiFi_6
UE_017,0.00707,26.485,23.834,-37.849,5.304e-05,12.677,1.61,3.37,6.12,2.4e-05,0.0,0.0,87.46,7.92,WiFi_6
UE_018,0.00707,37.102,33.333,-34.309,4.277e-05,17.718,1.92,9.87,-3.64,2.4e-05,0.0,0.0,87.46,11.07,WiFi_6
UE_019,0.00838,39.419,37.578,-32.365,0.00012532,19.973,2.17,4.56,-0.43,2.8e-05,0.0,0.0,87.46,12.34,WiFi_6
UE_000,0.00551,28.946,25.233,-38.883,7.666e-05,13.418,1.93,3.07,6.69,1.8e-05,0.0,0.0,87.46,8.39,WiFi_6
UE_001,0.00925,15.36,12.416,-43.777,0.00014614,6.728,2.01,0.55,-2.1,3.1e-05,0.0,0.0,67.248,4.2,WiFi_6
UE_002,0.00707,39.223,36.527,-34.345,0.00016048,19.415,2.11,7.39,1.52,2.4e-05,0.0,0.0,87.46,12.13,WiFi_6
UE_003,0.00707,24.148,21.614,-40.337,0.00016322,11.504,2.07,7.28,7.69,2.4e-05,0.0,0.0,87.46,7.19,WiFi_6
UE_004,0.00707,29.298,23.851,-38.87,4.686e-05,12.686,2.2,3.45,-6.98,2.4e-05,0.0,0.0,87.46,7.93,WiFi_6
UE_005,0.00707,8.727,6.163,-47.017,0.00118594,3.776,1.95,1.56,1.77,2.4e-05,0.0,0.0,48.489,2.36,WiFi_6
UE_006,0.00707,40.132,34.451,-35.531,4.23e-05,18.312,2.24,7.41,-4.2,2.4e-05,0.0,0.0,87.46,11.44,WiFi_6
UE_007,0.00707,28.485,23.24,-38.313,7.528e-05,12.363,1.56,7.13,13.68,2.4e-05,0.0,0.0,87.46,7.73,WiFi_6
UE_008,0.00707,15.2,11.589,-45.107,0.00110578,6.314,1.79,0.63,8.02,2.4e-05,0.0,0.0,64.766,3.95,WiFi_6
UE_009,0.00707,25.048,21.979,-38.622,3.642e-05,11.697,1.62,0.46,12.47,2.4e-05,0.0,0.0,87.46,7.31,WiFi_6
UE_010,0.00707,29.675,25.786,-38.618,0.00010843,13.711,2.05,3.2,-5.92,2.4e-05,0.0,0.0,87.46,8.57,WiFi_6
UE_011,0.00707,16.679,12.309,-42.294,0.00024671,6.674,1.96,0.93,-2.97,2.4e-05,0.0,0.0,66.926,4.17,WiFi_6
UE_012,0.00707,20.887,16.489,-41.477,0.00019452,8.815,2.01,5.36,-5.54,2.4e-05,0.0,0.0,79.466,5.51,WiFi_6
UE_013,0.00707,11.738,9.287,-46.396,0.00107943,5.193,1.56,4.81,3.86,2.4e-05,0.0,0.0,57.862,3.25,WiFi_6
UE_014,0.00707,18.728,15.765,-42.728,0.00017662,8.44,1.64,2.99,-4.33,2.4e-05,0.0,0.0,77.295,5.27,WiFi_6
UE_015,0.00707,34.241,29.829,-35.235,7.834e-05,15.857,1.92,8.25,-5.93,2.4e-05,0.0,0.0,87.46,9.91,WiFi_6
UE_016,0.00707,29.5,27.421,-38.3,6.74e-06,14.579,1.66,0.94,4.13,2.4e-05,0.0,0.0,87.46,9.11,WiFi_6
UE_017,0.00707,30.599,28.439,-38.719,8.829e-05,15.119,2.23,3.81,6.12,2.4e-05,0.0,0.0,87.46,9.45,WiFi_6
UE_018,0.00707,33.097,27.807,-37.767,3.702e-05,14.783,2.13,5.19,-3.64,2.4e-05,0.0,0.0,87.46,9.24,WiFi_6
UE_019,0.00881,23.997,20.436,-38.772,0.00016179,10.883,1.77,0.34,-0.43,2.9e-05,0.0,0.0,87.46,6.8,WiFi_6
UE_000,0.00779,12.868,8.456,-44.0,0.00112292,4.802,1.98,10.1,6.69,2.6e-05,0.0,0.0,55.369,3.0,WiFi_6
UE_001,0.00719,20.2,16.402,-42.315,0.00013196,8.77,1.79,11.37,-2.1,2.4e-05,0.0,0.0,79.205,5.48,WiFi_6
UE_002,0.00707,37.233,33.776,-34.298,5.945e-05,17.953,1.92,1.43,1.52,2.4e-05,0.0,0.0,87.46,11.22,WiFi_6
UE_003,0.00707,22.495,17.365,-40.974,0.00011042,9.272,1.79,1.61,7.69,2.4e-05,0.0,0.0,82.096,5.79,WiFi_6
UE_004,0.00707,36.993,34.364,-34.993,9.945e-05,18.266,1.73,7.93,-6.98,2.4e-05,0.0,0.0,87.46,11.42,WiFi_6
UE_005,0.00707,22.638,19.085,-39.169,0.00014608,10.172,2.23,3.95,1.77,2.4e-05,0.0,0.0,87.255,6.36,WiFi_6
UE_006,0.00707,24.139,19.46,-40.958,0.00011962,10.369,1.98,1.35,-4.2,2.4e-05,0.0,0.0,87.46,6.48,WiFi_6
UE_007,0.00707,19.319,15.008,-40.927,0.00011084,8.049,2.17,1.7,13.68,2.4e-05,0.0,0.0,75.025,5.03,WiFi_6
UE_008,0.00707,29.088,27.781,-38.581,9.475e-05,14.77,2.14,2.78,8.02,2.4e-05,0.0,0.0,87.46,9.23,WiFi_6
UE_009,0.00707,29.773,27.279,-38.824,6.798e-05,14.503,2.0,4.0,12.47,2.4e-05,0.0,0.0,87.46,9.06,WiFi_6
UE_010,0.00707,19.919,13.841,-40.59,0.00015124,7.45,1.52,0.47,-5.92,2.4e-05,0.0,0.0,71.523,4.66,WiFi_6
UE_011,0.00707,41.832,41.843,-33.507,1.88e-06,22.24,1.54,1.65,-2.97,2.4e-05,0.0,0.0,87.46,12.34,WiFi_6
UE_012,0.00707,24.091,23.606,-41.251,7.818e-05,12.557,2.13,5.03,-5.54,2.4e-05,0.0,0.0,87.46,7.85,WiFi_6
UE_013,0.00707,43.31,40.561,-32.036,0.00013259,21.558,1.99,5.31,3.86,2.4e-05,0.0,0.0,87.46,12.34,WiFi_6
UE_014,0.00707,44.821,41.113,-31.685,8.478e-05,21.852,1.59,1.78,-4.33,2.4e-05,0.0,0.0,87.46,12.34,WiFi_6
UE_015,0.00707,44.037,39.71,-33.85,0.00013248,21.107,1.95,16.31,-1.98,2.4e-05,0.0,0.0,87.46,12.34,WiFi_6
UE_016,0.00707,48.6,42.695,-29.746,1.386e-05,22.693,1.89,4.84,4.13,2.4e-05,0.0,0.0,87.46,12.34,WiFi_6
UE_017,0.00707,6.473,3.178,-47.644,0.01026382,2.596,1.57,31.02,6.12,2.4e-05,0.0,0.0,39.535,1.62,WiFi_6
UE_018,0.00707,33.751,27.91,-36.218,1.827e-05,14.838,1.52,1.23,-3.64,2.4e-05,0.0,0.0,87.46,9.27,WiFi_6
UE_019,0.00926,28.586,26.801,-37.862,0.00021649,14.25,1.8,0.42,-0.43,3.1e-05,0.0,0.0,87.46,8.91,WiFi_6
UE_000,0.01085,21.281,18.148,-42.398,0.00031071,9.681,1.99,4.52,6.69,3.6e-05,0.0,0.0,84.445,6.05,WiFi_6
UE_001,0.00561,28.005,23.589,-38.08,1.677e-05,12.548,2.24,3.72,-2.1,1.9e-05,0.0,0.0,87.46,7.84,WiFi_6
UE_002,0.00707,27.993,23.001,-40.038,9.676e-05,12.237,1.5,2.64,4.68,2.4e-05,0.0,0.0,87.46,7.65,WiFi_6
UE_003,0.00707,16.62,11.922,-42.529,0.00109627,6.48,1.57,4.5,7.69,2.4e-05,0.0,0.0,65.766,4.05,WiFi_6
UE_004,0.00707,12.201,9.055,-46.294,0.00107887,5.083,1.76,13.27,-6.98,2.4e-05,0.0,0.0,57.164,3.18,WiFi_6
UE_005,0.00707,8.694,3.44,-47.56,0.01006654,2.691,1.61,11.26,1.77,2.4e-05,0.0,0.0,40.319,1.68,WiFi_6
UE_006,0.00707,38.831,35.298,-35.911,4.929e-05,18.762,1.64,0.06,-4.2,2.4e-05,0.0,0.0,87.46,11.73,WiFi_6
UE_007,0.00707,42.633,36.832,-33.241,2.808e-05,19.577,2.22,0.52,13.68,2.4e-05,0.0,0.0,87.46,12.24,WiFi_6
UE_008,0.00707,28.381,25.719,-38.521,4.791e-05,13.676,1.56,1.11,8.02,2.4e-05,0.0,0.0,87.46,8.55,WiFi_6
UE_009,0.00707,22.179,19.259,-41.527,0.00022433,10.263,2.06,8.82,12.47,2.4e-05,0.0,0.0,87.46,6.41,WiFi_6
UE_010,0.00707,21.206,17.651,-40.562,0.00010387,9.421,2.02,7.15,-5.92,2.4e-05,0.0,0.0,82.952,5.89,WiFi_6
UE_011,0.00707,28.541,25.23,-38.017,5.651e-05,13.417,2.19,5.69,-2.97,2.4e-05,0.0,0.0,87.46,8.39,WiFi_6
UE_012,0.00707,31.812,28.789,-34.887,0.00011943,15.304,2.01,3.11,-5.54,2.4e-05,0.0,0.0,87.46,9.57,WiFi_6
UE_013,0.00707,32.161,28.191,-36.937,5.275e-05,14.987,1.78,5.19,3.86,2.4e-05,0.0,0.0,87.46,9.37,WiFi_6
UE_014,0.00707,32.252,29.443,-37.18,0.00031804,15.652,1.74,0.22,-4.33,2.4e-05,0.0,0.0,87.46,9.78,WiFi_6
UE_015,0.00954,16.284,14.061,-43.575,0.00025885,7.563,1.84,0.49,-1.98,3.2e-05,0.0,0.0,72.184,4.73,WiFi_6
UE_016,0.00707,40.831,37.265,-33.377,9.678e-05,19.807,1.76,0.51,4.13,2.4e-05,0.0,0.0,87.46,12.34,WiFi_6
UE_017,0.00707,32.285,29.765,-36.893,6.611e-05,15.823,1.74,0.88,6.12,2.4e-05,0.0,0.0,87.46,9.89,WiFi_6
UE_018,0.00707,28.311,24.87,-38.674,4.248e-05,13.226,1.56,1.82,-3.64,2.4e-05,0.0,0.0,87.46,8.27,WiFi_6
UE_019,0.00971,32.761,28.47,-34.897,0.00020377,15.135,1.65,0.28,-0.43,3.2e-05,0.0,0.0,87.46,9.46,WiFi_6
UE_000,0.0142,2.55,0.065,-49.216,0.01004069,1.617,1.56,5.63,6.69,4.7e-05,0.0,0.0,30.194,1.01,WiFi_6
UE_001,0.005,41.254,37.111,-34.996,0.00012909,19.725,1.95,4.67,-2.1,1.7e-05,0.0,0.0,87.46,12.33,WiFi_6
UE_002,0.00707,27.173,21.189,-38.35,9.764e-05,11.28,1.92,6.21,4.68,2.4e-05,0.0,0.0,87.46,7.05,WiFi_6
UE_003,0.00707,28.417,25.25,-39.816,2.628e-05,13.428,2.1,3.62,7.69,2.4e-05,0.0,0.0,87.46,8.39,WiFi_6
UE_004,0.00707,35.696,31.287,-34.361,3.66e-06,16.631,1.95,8.25,-6.98,2.4e-05,0.0,0.0,87.46,10.39,WiFi_6
UE_005,0.00707,27.297,23.922,-41.401,7.926e-05,12.724,1.89,5.66,1.77,2.4e-05,0.0,0.0,87.46,7.95,WiFi_6
UE_006,0.00707,46.662,43.812,-30.127,4.38e-06,23.287,1.68,5.35,-4.2,2.4e-05,0.0,0.0,87.46,12.34,WiFi_6
UE_007,0.00707,33.987,28.956,-33.65,3.156e-05,15.393,2.08,0.82,13.68,2.4e-05,0.0,0.0,87.46,9.62,WiFi_6
UE_008,0.00707,32.997,31.914,-37.535,3.195e-05,16.964,2.23,0.82,8.02,2.4e-05,0.0,0.0,87.46,10.6,WiFi_6
UE_009,0.00707,33.379,29.435,-36.799,0.0001274,15.648,1.87,1.1,12.47,2.4e-05,0.0,0.0,87.46,9.78,WiFi_6
UE_010,0.00707,32.877,28.456,-34.7,0.00018435,15.128,1.68,1.32,-5.92,2.4e-05,0.0,0.0,87.46,9.45,WiFi_6
UE_011,0.00707,28.406,26.22,-40.033,7.179e-05,13.942,1.66,0.84,-2.97,2.4e-05,0.0,0.0,87.46,8.71,WiFi_6
UE_012,0.00707,19.801,16.38,-41.417,0.00019303,8.758,2.21,0.06,-5.54,2.4e-05,0.0,0.0,79.139,5.47,WiFi_6
UE_013,0.00707,21.043,15.682,-40.826,0.00029141,8.397,1.75,0.69,3.86,2.4e-05,0.0,0.0,77.046,5.25,WiFi_6
UE_014,0.00707,23.303,19.817,-41.02,0.00018672,10.557,1.71,3.85,-4.33,2.4e-05,0.0,0.0,87.46,6.6,WiFi_6
UE_015,0.02182,0.757,-3.156,-49.856,0.15001839,0.91,1.63,27.22,-1.98,7.3e-05,0.0,0.0,20.533,0.57,WiFi_6
UE_016,0.00707,27.227,22.518,-39.172,2.512e-05,11.982,1.56,7.7,4.13,2.4e-05,0.0,0.0,87.46,7.49,WiFi_6
UE_017,0.00707,46.124,42.908,-30.544,0.00012921,22.806,1.77,13.56,6.12,2.4e-05,0.0,0.0,87.46,12.34,WiFi_6
UE_018,0.00707,25.512,19.947,-39.208,0.00016197,10.625,2.18,2.14,-3.64,2.4e-05,0.0,0.0,87.46,6.64,WiFi_6
UE_019,0.01017,34.209,31.247,-37.151,0.00014592,16.61,1.56,4.24,5.3,3.4e-05,0.0,0.0,87.46,10.38,WiFi_6
UE_000,0.01767,26.984,24.609,-38.521,1.516e-05,13.088,1.62,3.04,6.69,5.9e-05,0.0,0.0,87.46,8.18,WiFi_6
UE_001,0.00568,36.557,33.977,-36.19,2.97e-05,18.06,1.82,6.26,-2.1,1.9e-05,0.0,0.0,87.46,11.29,WiFi_6
UE_002,0.00707,36.957,33.991,-37.842,0.0002559,18.068,1.87,2.94,4.68,2.4e-05,0.0,0.0,87.46,11.29,WiFi_6
UE_003,0.00707,31.58,28.255,-38.005,6.69e-06,15.021,1.82,0.19,7.69,2.4e-05,0.0,0.0,87.46,9.39,WiFi_6
UE_004,0.00707,25.496,22.724,-39.671,1.515e-05,12.09,1.62,0.5,-6.98,2.4e-05,0.0,0.0,87.46,7.56,WiFi_6
UE_005,0.00707,40.834,35.333,-35.032,7.205e-05,18.78,1.61,2.01,1.77,2.4e-05,0.0,0.0,87.46,11.74,WiFi_6
UE_006,0.00707,30.934,27.348,-37.479,5.321e-05,14.54,1.81,0.17,-4.2,2.4e-05,0.0,0.0,87.46,9.09,WiFi_6
UE_007,0.00707,20.105,19.306,-39.364,0.00021375,10.288,2.05,0.56,13.68,2.4e-05,0.0,0.0,87.46,6.43,WiFi_6
UE_008,0.00707,37.326,31.47,-36.41,4.422e-05,16.728,1.67,0.37,8.02,2.4e-05,0.0,0.0,87.46,10.45,WiFi_6
UE_009,0.00707,27.789,23.801,-39.629,4.244e-05,12.66,1.63,0.47,12.47,2.4e-05,0.0,0.0,87.46,7.91,WiFi_6
UE_010,0.00707,12.512,11.457,-45.848,0.00104754,6.249,1.95,0.84,-5.92,2.4e-05,0.0,0.0,64.372,3.91,WiFi_6
UE_011,0.00707,23.86,20.381,-40.255,4.327e-05,10.854,1.7,1.55,-2.97,2.4e-05,0.0,0.0,87.46,6.78,WiFi_6
UE_012,0.00707,30.642,26.511,-38.565,0.00012293,14.096,1.96,1.54,-5.54,2.4e-05,0.0,0.0,87.46,8.81,WiFi_6
UE_013,0.00707,32.503,28.689,-37.253,9.767e-05,15.251,1.58,1.3,3.86,2.4e-05,0.0,0.0,87.46,9.53,WiFi_6
UE_014,0.00707,15.094,11.645,-44.354,0.00110178,6.342,2.14,1.4,-4.33,2.4e-05,0.0,0.0,64.936,3.96,WiFi_6
UE_015,0.01641,18.443,14.57,-43.524,0.00016034,7.823,1.97,1.37,-1.98,5.5e-05,0.0,0.0,73.71,4.89,WiFi_6
UE_016,0.00707,18.319,13.238,-43.191,0.00023253,7.143,1.57,2.59,1.43,2.4e-05,0.0,0.0,69.715,4.46,WiFi_6
UE_017,0.00707,19.561,16.799,-42.597,0.0002131,8.977,1.5,5.56,6.12,2.4e-05,0.0,0.0,80.398,5.61,WiFi_6
UE_018,0.00707,9.653,6.998,-44.475,0.00103052,4.14,1.9,4.24,-3.64,2.4e-05,0.0,0.0,50.994,2.59,WiFi_6
UE_019,0.00548,44.892,41.163,-31.39,8.921e-05,21.879,1.83,0.27,5.3,1.8e-05,0.0,0.0,87.46,12.34,WiFi_6
UE_000,0.0212,28.482,23.97,-37.511,0.00022013,12.749,1.79,2.9,6.69,7.1e-05,0.0,0.0,87.46,7.97,WiFi_6
UE_001,0.00707,12.705,8.453,-45.285,0.00102754,4.801,2.14,5.72,-2.1,2.4e-05,0.0,0.0,55.36,3.0,WiFi_6
UE_002,0.00707,32.437,31.265,-36.043,0.00014101,16.619,1.87,1.29,4.68,2.4e-05,0.0,0.0,87.46,10.39,WiFi_6
UE_003,0.00707,14.818,13.167,-45.332,0.0001787,7.107,2.18,1.36,7.69,2.4e-05,0.0,0.0,69.501,4.44,WiFi_6
UE_004,0.00707,35.547,33.965,-35.541,0.00012631,18.054,2.07,4.31,-6.98,2.4e-05,0.0,0.0,87.46,11.28,WiFi_6
UE_005,0.00707,27.799,26.447,-37.822,2.081e-05,14.062,2.0,1.7,-8.0,2.4e-05,0.0,0.0,87.46,8.79,WiFi_6
UE_006,0.00707,32.874,30.151,-37.169,0.00010398,16.027,1.58,9.09,-4.2,2.4e-05,0.0,0.0,87.46,10.02,WiFi_6
UE_007,0.00707,14.056,10.903,-44.704,0.00108311,5.975,2.16,0.26,13.68,2.4e-05,0.0,0.0,62.708,3.73,WiFi_6
UE_008,0.00707,39.977,37.261,-34.303,0.00014628,19.805,2.26,1.99,8.02,2.4e-05,0.0,0.0,87.46,12.34,WiFi_6
UE_009,0.00707,36.894,34.963,-37.315,9.619e-05,18.584,2.1,1.37,12.47,2.4e-05,0.0,0.0,87.46,11.61,WiFi_6
UE_010,0.00707,21.434,17.873,-41.037,0.00032204,9.537,1.87,3.33,-5.92,2.4e-05,0.0,0.0,83.618,5.96,WiFi_6
UE_011,0.00707,27.874,23.88,-38.706,2.91e-05,12.702,2.04,2.58,-2.97,2.4e-05,0.0,0.0,87.46,7.94,WiFi_6
UE_012,0.00707,22.23,19.942,-40.915,0.00033921,10.623,1.68,2.37,-5.54,2.4e-05,0.0,0.0,87.46,6.64,WiFi_6
UE_013,0.00707,37.812,35.286,-35.753,0.00024145,18.756,1.89,0.16,3.86,2.4e-05,0.0,0.0,87.46,11.72,WiFi_6
UE_014,0.00707,14.77,14.041,-43.284,0.00018481,7.552,2.03,0.55,-4.33,2.4e-05,0.0,0.0,72.124,4.72,WiFi_6
UE_015,0.0056,36.89,30.637,-36.225,8.403e-05,16.286,1.5,3.11,-1.98,1.9e-05,0.0,0.0,87.46,10.18,WiFi_6
UE_016,0.00596,26.299,23.372,-40.215,1.515e-05,12.433,1.96,0.96,1.43,2e-05,0.0,0.0,87.46,7.77,WiFi_6
UE_017,0.00707,32.005,29.624,-37.754,3.19e-06,15.748,1.56,2.53,6.12,2.4e-05,0.0,0.0,87.46,9.84,WiFi_6
UE_018,0.00707,49.3,47.5,-30.125,4.081e-05,25.247,1.9,0.2,-8.87,2.4e-05,0.0,0.0,87.46,12.34,WiFi_6
UE_019,0.00665,34.018,31.635,-38.864,0.00016858,16.816,2.1,2.62,5.3,2.2e-05,0.0,0.0,87.46,10.51,WiFi_6
UE_000,0.02477,24.386,20.628,-38.958,2.45e-06,10.984,1.66,3.27,6.69,8.3e-05,0.0,0.0,87.46,6.87,WiFi_6
UE_001,0.00707,16.394,13.347,-43.21,0.00019015,7.199,1.53,2.27,-2.1,2.4e-05,0.0,0.0,70.041,4.5,WiFi_6
UE_002,0.00707,2.981,-1.801,-47.184,0.15003832,1.171,1.97,27.92,4.68,2.4e-05,0.0,0.0,24.597,0.73,WiFi_6
UE_003,0.00707,16.469,12.776,-43.583,0.00018128,6.909,1.62,4.16,7.69,2.4e-05,0.0,0.0,68.328,4.32,WiFi_6
UE_004,0.00707,32.579,27.718,-37.632,0.00019163,14.736,1.8,5.83,-6.98,2.4e-05,0.0,0.0,87.46,9.21,WiFi_6
UE_005,0.00615,16.452,14.757,-43.078,0.00012713,7.919,2.04,0.18,-8.0,2e-05,0.0,0.0,74.271,4.95,WiFi_6
UE_006,0.00707,23.068,20.955,-40.643,0.00019957,11.156,2.14,8.47,-4.2,2.4e-05,0.0,0.0,87.46,6.97,WiFi_6
UE_007,0.00707,33.57,30.104,-36.877,0.00010569,16.003,2.13,0.67,13.68,2.4e-05,0.0,0.0,87.46,10.0,WiFi_6
UE_008,0.00707,47.678,43.064,-30.786,2.367e-05,22.889,1.81,2.11,8.02,2.4e-05,0.0,0.0,87.46,12.34,WiFi_6
UE_009,0.00707,20.626,18.596,-42.928,0.00012197,9.916,1.56,8.84,6.51,2.4e-05,0.0,0.0,85.788,6.2,WiFi_6
UE_010,0.00707,38.641,35.122,-32.955,6.613e-05,18.668,2.24,8.5,-5.92,2.4e-05,0.0,0.0,87.46,11.67,WiFi_6
UE_011,0.00707,20.131,18.418,-41.613,0.00024781,9.822,1.84,2.41,-2.97,2.4e-05,0.0,0.0,85.255,6.14,WiFi_6
UE_012,0.00707,46.33,42.241,-31.382,4.341e-05,22.452,2.08,2.32,-5.54,2.4e-05,0.0,0.0,87.46,12.34,WiFi_6
UE_013,0.00707,32.598,29.058,-36.876,7.236e-05,15.447,2.19,5.52,3.86,2.4e-05,0.0,0.0,87.46,9.65,WiFi_6
UE_014,0.00707,27.446,24.82,-38.569,0.00012192,13.2,1.55,1.56,-4.33,2.4e-05,0.0,0.0,87.46,8.25,WiFi_6
UE_015,0.00707,33.383,29.006,-35.758,0.00011318,15.42,1.68,8.92,-1.98,2.4e-05,0.0,0.0,87.46,9.64,WiFi_6
UE_016,0.01253,18.555,14.405,-42.52,0.00016719,7.739,1.51,0.22,1.43,4.2e-05,0.0,0.0,73.216,4.84,WiFi_6
UE_017,0.00707,24.232,21.871,-40.059,8.81e-06,11.64,1.81,3.75,6.12,2.4e-05,0.0,0.0,87.46,7.27,WiFi_6
UE_018,0.00697,32.39,30.968,-36.968,0.00010349,16.461,2.22,0.41,-8.87,2.3e-05,0.0,0.0,87.46,10.29,WiFi_6
UE_019,0.00707,36.307,36.191,-35.517,0.00014142,19.236,1.94,9.02,5.3,2.4e-05,0.0,0.0,87.46,12.02,WiFi_6
UE_000,0.02264,15.167,9.219,-43.184,0.00115493,5.161,2.2,1.07,6.69,7.5e-05,0.0,0.0,57.656,3.23,WiFi_6
UE_001,0.00707,43.507,40.366,-32.855,7.96e-06,21.455,1.69,0.75,-2.1,2.4e-05,0.0,0.0,87.46,12.34,WiFi_6
UE_002,0.00707,37.664,35.666,-34.985,8.395e-05,18.958,1.69,0.03,4.68,2.4e-05,0.0,0.0,87.46,11.85,WiFi_6
UE_003,0.00707,31.265,27.026,-37.058,8.538e-05,14.369,1.59,0.16,7.69,2.4e-05,0.0,0.0,87.46,8.98,WiFi_6
UE_004,0.00707,16.298,13.246,-43.44,0.00024326,7.147,1.51,0.8,-6.98,2.4e-05,0.0,0.0,69.738,4.47,WiFi_6
UE_005,0.01516,18.691,14.876,-43.216,0.0001659,7.981,1.79,4.72,-8.0,5.1e-05,0.0,0.0,74.627,4.99,WiFi_6
UE_006,0.00707,23.861,20.313,-40.264,0.00012085,10.818,1.88,6.96,-4.2,2.4e-05,0.0,0.0,87.46,6.76,WiFi_6
UE_007,0.00707,21.456,18.404,-40.671,0.00013256,9.815,1.67,1.85,13.68,2.4e-05,0.0,0.0,85.212,6.13,WiFi_6
UE_008,0.00707,42.239,39.082,-33.144,0.00017648,20.773,1.83,0.27,8.02,2.4e-05,0.0,0.0,87.46,12.34,WiFi_6
UE_009,0.01206,24.408,23.819,-40.421,0.00011402,12.67,1.8,1.22,6.51,4e-05,0.0,0.0,87.46,7.92,WiFi_6
UE_010,0.00707,12.052,9.331,-46.06,0.00114042,5.214,1.59,0.16,-5.92,2.4e-05,0.0,0.0,57.993,3.26,WiFi_6
UE_011,0.00707,38.591,33.395,-34.254,0.00012836,17.751,1.51,0.5,-2.97,2.4e-05,0.0,0.0,87.46,11.09,WiFi_6
UE_012,0.00707,9.513,6.211,-48.255,0.0011091,3.797,1.78,1.64,-5.54,2.4e-05,0.0,0.0,48.634,2.37,WiFi_6
UE_013,0.00707,33.461,29.831,-36.397,4.563e-05,15.858,1.68,7.58,3.86,2.4e-05,0.0,0.0,87.46,9.91,WiFi_6
UE_014,0.00707,26.762,22.338,-38.304,1.891e-05,11.886,1.64,8.54,-4.33,2.4e-05,0.0,0.0,87.46,7.43,WiFi_6
UE_015,0.00707,35.413,31.525,-36.753,0.00017412,16.757,1.79,1.91,-1.98,2.4e-05,0.0,0.0,87.46,10.47,WiFi_6
UE_016,0.02036,20.507,18.594,-42.687,0.00025224,9.915,1.94,5.78,1.43,6.8e-05,0.0,0.0,85.782,6.2,WiFi_6
UE_017,0.00707,27.233,25.473,-39.437,5.202e-05,13.546,1.58,7.61,6.12,2.4e-05,0.0,0.0,87.46,8.47,WiFi_6
UE_018,0.01554,14.204,12.975,-46.028,0.00022298,7.01,2.16,4.94,-8.87,5.2e-05,0.0,0.0,68.926,4.38,WiFi_6
UE_019,0.00707,28.669,26.282,-38.425,0.00010885,13.975,2.12,8.27,5.3,2.4e-05,0.0,0.0,87.46,8.73,WiFi_6
UE_000,0.01909,13.439,10.641,-45.399,0.00108109,5.847,2.19,0.11,6.69,6.4e-05,0.0,0.0,61.924,3.65,WiFi_6
UE_001,0.00707,18.134,13.465,-43.26,0.0002199,7.259,2.1,2.09,-2.1,2.4e-05,0.0,0.0,70.396,4.54,WiFi_6
UE_002,0.00707,25.057,20.816,-40.383,0.00025567,11.083,1.54,2.33,4.68,2.4e-05,0.0,0.0,87.46,6.93,WiFi_6
UE_003,0.00707,35.893,34.128,-35.043,9.679e-05,18.14,2.13,2.43,7.69,2.4e-05,0.0,0.0,87.46,11.34,WiFi_6
UE_004,0.00707,26.342,25.72,-39.064,8.794e-05,13.677,2.07,2.23,-6.98,2.4e-05,0.0,0.0,87.46,8.55,WiFi_6
UE_005,0.025,27.189,24.711,-38.944,8.478e-05,13.142,2.22,0.27,-8.0,8.3e-05,0.0,0.0,87.46,8.21,WiFi_6
UE_006,0.00707,19.81,16.265,-42.103,0.00024563,8.699,1.77,6.75,-4.2,2.4e-05,0.0,0.0,78.795,5.44,WiFi_6
UE_007,0.00707,25.26,21.105,-39.076,4.339e-05,11.235,1.94,0.28,13.68,2.4e-05,0.0,0.0,87.46,7.02,WiFi_6
UE_008,0.00707,35.669,31.547,-36.279,6.851e-05,16.769,1.72,1.62,8.02,2.4e-05,0.0,0.0,87.46,10.48,WiFi_6
UE_009,0.02359,11.307,6.71,-45.89,0.00107387,4.013,2.07,2.55,6.51,7.9e-05,0.0,0.0,50.131,2.51,WiFi_6
UE_010,0.00707,48.259,43.669,-30.235,2.989e-05,23.211,1.86,4.24,-5.92,2.4e-05,0.0,0.0,87.46,12.34,WiFi_6
UE_011,0.00707,22.933,18.193,-39.735,0.00015479,9.704,2.21,0.85,-2.97,2.4e-05,0.0,0.0,84.578,6.07,WiFi_6
UE_012,0.00707,17.574,14.827,-42.61,0.00026112,7.955,2.15,2.25,-5.54,2.4e-05,0.0,0.0,74.48,4.97,WiFi_6
UE_013,0.00707,42.06,39.728,-33.586,7.934e-05,21.116,1.74,3.55,3.86,2.4e-05,0.0,0.0,87.46,12.34,WiFi_6
UE_014,0.00707,15.583,10.701,-43.09,0.00110796,5.876,2.0,4.88,-4.33,2.4e-05,0.0,0.0,62.103,3.67,WiFi_6
UE_015,0.00707,19.511,15.584,-43.412,0.00023634,8.346,2.22,4.96,-1.98,2.4e-05,0.0,0.0,76.753,5.22,WiFi_6
UE_016,0.02258,0.549,-6.073,-50.467,0.15013927,0.51,1.82,11.25,1.43,7.5e-05,0.0,0.0,15.26,0.32,WiFi_6
UE_017,0.00707,23.542,18.919,-38.569,0.00015623,10.085,2.07,7.01,-0.91,2.4e-05,0.0,0.0,86.757,6.3,WiFi_6
UE_018,0.02507,17.641,14.828,-42.086,0.00015536,7.956,1.58,5.84,-8.87,8.4e-05,0.0,0.0,74.483,4.97,WiFi_6
UE_019,0.00707,39.034,35.219,-35.887,3.567e-05,18.72,1.52,1.03,5.3,2.4e-05,0.0,0.0,87.46,11.7,WiFi_6
UE_000,0.01559,24.337,23.259,-41.07,1.985e-05,12.373,1.98,1.23,6.69,5.2e-05,0.0,0.0,87.46,7.73,WiFi_6
UE_001,0.00707,33.903,32.347,-37.423,4.613e-05,17.194,1.69,2.48,-2.1,2.4e-05,0.0,0.0,87.46,10.75,WiFi_6
UE_002,0.00707,11.788,9.619,-45.086,0.00100092,5.352,1.91,3.41,4.68,2.4e-05,0.0,0.0,58.858,3.34,WiFi_6
UE_003,0.00707,45.338,40.65,-33.68,5.47e-05,21.606,2.16,0.27,7.69,2.4e-05,0.0,0.0,87.46,12.34,WiFi_6
UE_004,0.00707,30.412,28.204,-38.607,5.08e-05,14.994,2.17,0.54,-6.98,2.4e-05,0.0,0.0,87.46,9.37,WiFi_6
UE_005,0.01501,3.364,-0.64,-48.219,0.15003055,1.436,2.25,28.72,-8.0,5e-05,0.0,0.0,28.08,0.9,WiFi_6
UE_006,0.00707,26.42,22.72,-39.096,9.249e-05,12.088,2.08,0.54,-4.2,2.4e-05,0.0,0.0,87.46,7.56,WiFi_6
UE_007,0.00707,46.077,41.945,-31.899,0.00016849,22.294,1.99,13.61,13.68,2.4e-05,0.0,0.0,87.46,12.34,WiFi_6
UE_008,0.00707,33.73,29.798,-35.888,0.00035921,15.841,1.67,1.14,8.02,2.4e-05,0.0,0.0,87.46,9.9,WiFi_6
UE_009,0.00867,24.9,22.178,-39.872,0.00011723,11.802,1.7,5.24,6.51,2.9e-05,0.0,0.0,87.46,7.38,WiFi_6
UE_010,0.00707,39.095,33.92,-34.711,0.00019682,18.03,2.08,1.01,-5.92,2.4e-05,0.0,0.0,87.46,11.27,WiFi_6
UE_011,0.00707,32.832,29.538,-36.805,9.376e-05,15.702,1.51,0.18,-2.97,2.4e-05,0.0,0.0,87.46,9.81,WiFi_6
UE_012,0.00707,34.351,31.124,-38.684,0.00013047,16.545,2.09,4.82,-5.54,2.4e-05,0.0,0.0,87.46,10.34,WiFi_6
UE_013,0.00707,24.373,23.268,-41.493,0.00011356,12.378,1.51,4.46,3.86,2.4e-05,0.0,0.0,87.46,7.74,WiFi_6
UE_014,0.00707,33.354,30.149,-37.02,5.147e-05,16.027,1.84,8.09,-4.33,2.4e-05,0.0,0.0,87.46,10.02,WiFi_6
UE_015,0.00707,17.009,13.537,-40.625,0.00032494,7.295,1.8,11.1,-1.98,2.4e-05,0.0,0.0,70.611,4.56,WiFi_6
UE_016,0.01465,27.164,25.465,-38.475,0.00010832,13.542,1.98,1.56,1.43,4.9e-05,0.0,0.0,87.46,8.46,WiFi_6
UE_017,0.00632,15.189,10.79,-42.573,0.00115125,5.92,2.03,0.52,-0.91,2.1e-05,0.0,0.0,62.369,3.7,WiFi_6
UE_018,0.01636,12.373,7.477,-42.874,0.00111247,4.354,1.71,0.22,-8.87,5.5e-05,0.0,0.0,52.431,2.72,WiFi_6
UE_019,0.00707,31.639,29.241,-38.755,8.132e-05,15.545,1.72,7.21,5.3,2.4e-05,0.0,0.0,87.46,9.72,WiFi_6
UE_000,0.01219,18.402,15.241,-42.577,0.00018125,8.169,2.04,1.08,6.69,4.1e-05,0.0,0.0,75.722,5.11,WiFi_6
UE_001,0.00707,41.964,39.508,-32.68,1.011e-05,20.999,1.54,2.1,-2.1,2.4e-05,0.0,0.0,87.46,12.34,WiFi_6
UE_002,0.00707,30.797,25.157,-36.772,4.18e-05,13.378,1.72,1.71,4.68,2.4e-05,0.0,0.0,87.46,8.36,WiFi_6
UE_003,0.00707,36.674,31.969,-36.095,8.862e-05,16.993,1.68,4.37,7.69,2.4e-05,0.0,0.0,87.46,10.62,WiFi_6
UE_004,0.00707,37.535,33.838,-34.302,6.32e-06,17.986,1.82,8.05,-6.98,2.4e-05,0.0,0.0,87.46,11.24,WiFi_6
UE_005,0.00542,40.481,34.308,-33.774,0.00012004,18.236,1.86,1.85,-8.0,1.8e-05,0.0,0.0,87.46,11.4,WiFi_6
UE_006,0.00707,33.828,29.181,-37.926,4.316e-05,15.513,2.08,0.67,-4.2,2.4e-05,0.0,0.0,87.46,9.7,WiFi_6
UE_007,0.00707,31.605,26.933,-36.67,6.23e-05,14.32,1.55,5.72,13.68,2.4e-05,0.0,0.0,87.46,8.95,WiFi_6
UE_008,0.00707,53.297,48.084,-29.379,9.641e-05,25.557,1.69,0.57,8.02,2.4e-05,0.0,0.0,87.46,12.34,WiFi_6
UE_009,0.00707,26.416,23.829,-40.783,0.00017782,12.675,2.09,8.17,6.51,2.4e-05,0.0,0.0,87.46,7.92,WiFi_6
UE_010,0.00707,16.468,14.866,-43.514,0.00014823,7.976,2.27,3.14,-5.92,2.4e-05,0.0,0.0,74.599,4.98,WiFi_6
UE_011,0.00707,12.653,9.74,-45.567,0.00102775,5.41,1.9,1.67,-2.97,2.4e-05,0.0,0.0,59.22,3.38,WiFi_6
UE_012,0.00707,48.295,44.859,-30.694,0.00015973,23.843,2.24,1.11,-5.54,2.4e-05,0.0,0.0,87.46,12.34,WiFi_6
UE_013,0.00707,30.113,26.475,-38.281,1.348e-05,14.077,1.53,2.51,3.86,2.4e-05,0.0,0.0,87.46,8.8,WiFi_6
UE_014,0.00707,24.719,22.738,-39.699,3.03e-05,12.098,1.87,0.06,-4.33,2.4e-05,0.0,0.0,87.46,7.56,WiFi_6
UE_015,0.00707,33.821,30.795,-36.655,2.98e-06,16.37,2.17,5.13,-1.98,2.4e-05,0.0,0.0,87.46,10.23,WiFi_6
UE_016,0.00745,26.818,21.98,-38.088,0.00010462,11.697,1.83,9.37,1.43,2.5e-05,0.0,0.0,87.46,7.31,WiFi_6
UE_017,0.0057,42.355,40.742,-32.924,4.383e-05,21.655,2.11,1.06,1.8,1.9e-05,0.0,0.0,87.46,12.34,WiFi_6
UE_018,0.0076,8.264,3.63,-48.105,0.01001368,2.761,1.96,17.63,11.45,2.5e-05,0.0,0.0,40.89,1.73,WiFi_6
UE_019,0.00707,37.472,34.117,-33.803,0.00022557,18.134,2.03,1.72,5.3,2.4e-05,0.0,0.0,87.46,11.33,WiFi_6
UE_000,0.00898,11.726,10.079,-45.144,0.0011382,5.573,1.77,8.19,6.69,3e-05,0.0,0.0,60.238,3.48,WiFi_6
UE_001,0.00707,18.097,14.012,-43.391,0.00027581,7.537,1.6,1.91,-2.1,2.4e-05,0.0,0.0,72.036,4.71,WiFi_6
UE_002,0.00707,22.279,17.771,-40.953,0.00017285,9.484,2.08,3.3,4.68,2.4e-05,0.0,0.0,83.314,5.93,WiFi_6
UE_003,0.00707,34.478,30.951,-36.629,1.207e-05,16.452,1.52,0.62,7.69,2.4e-05,0.0,0.0,87.46,10.28,WiFi_6
UE_004,0.00707,16.425,14.647,-44.67,0.00025029,7.863,2.19,2.29,-6.98,2.4e-05,0.0,0.0,73.942,4.91,WiFi_6
UE_005,0.00614,39.654,35.196,-34.759,8.724e-05,18.708,1.92,0.64,-8.0,2e-05,0.0,0.0,87.46,11.69,WiFi_6
UE_006,0.00707,11.513,8.966,-45.574,0.001011,5.041,1.77,1.32,-4.2,2.4e-05,0.0,0.0,56.898,3.15,WiFi_6
UE_007,0.00707,29.812,26.827,-37.614,0.00013109,14.264,1.96,2.04,13.68,2.4e-05,0.0,0.0,87.46,8.91,WiFi_6
UE_008,0.00707,40.907,38.347,-34.87,9.625e-05,20.382,1.62,2.64,8.02,2.4e-05,0.0,0.0,87.46,12.34,WiFi_6
UE_009,0.00707,43.148,41.659,-33.251,7.395e-05,22.142,1.85,1.79,6.51,2.4e-05,0.0,0.0,87.46,12.34,WiFi_6
UE_010,0.00707,4.175,1.507,-48.822,0.01013281,2.035,1.64,5.64,-5.92,2.4e-05,0.0,0.0,34.52,1.27,WiFi_6
UE_011,0.00707,28.244,25.934,-38.875,6.487e-05,13.79,2.06,3.92,-2.97,2.4e-05,0.0,0.0,87.46,8.62,WiFi_6
UE_012,0.00707,12.024,7.53,-44.42,0.00100489,4.378,1.65,1.98,-5.54,2.4e-05,0.0,0.0,52.591,2.74,WiFi_6
UE_013,0.00707,28.826,26.337,-39.094,7.57e-05,14.004,1.72,6.9,3.86,2.4e-05,0.0,0.0,87.46,8.75,WiFi_6
UE_014,0.00707,16.317,14.216,-43.92,0.00013374,7.642,1.9,2.76,-4.33,2.4e-05,0.0,0.0,72.649,4.78,WiFi_6
UE_015,0.00707,32.484,29.415,-37.35,3.845e-05,15.637,1.52,1.36,-1.98,2.4e-05,0.0,0.0,87.46,9.77,WiFi_6
UE_016,0.00569,19.485,16.105,-42.199,0.00018028,8.616,1.94,0.6,1.43,1.9e-05,0.0,0.0,78.314,5.38,WiFi_6
UE_017,0.00705,5.293,2.846,-46.239,0.01003911,2.478,1.98,25.07,1.8,2.4e-05,0.0,0.0,38.538,1.55,WiFi_6
UE_018,0.0095,7.273,4.336,-47.735,0.01027391,3.029,2.22,12.1,2.17,3.2e-05,0.0,0.0,43.009,1.89,WiFi_6
UE_019,0.00707,22.973,21.109,-41.364,2.64e-05,11.237,1.99,0.29,5.3,2.4e-05,0.0,0.0,87.46,7.02,WiFi_6
UE_000,0.00628,20.213,15.9,-42.255,0.00018845,8.51,1.82,2.69,6.69,2.1e-05,0.0,0.0,77.7,5.32,WiFi_6
UE_001,0.00707,17.186,14.735,-43.012,0.0001459,7.908,1.98,0.91,-2.1,2.4e-05,0.0,0.0,74.204,4.94,WiFi_6
UE_002,0.00707,16.572,14.036,-41.751,0.00016182,7.55,1.73,7.51,4.68,2.4e-05,0.0,0.0,72.108,4.72,WiFi_6
UE_003,0.00707,30.629,27.959,-36.85,4.77e-06,14.864,2.06,4.89,7.69,2.4e-05,0.0,0.0,87.46,9.29,WiFi_6
UE_004,0.00707,30.991,27.998,-36.746,1.612e-05,14.885,2.01,0.39,-6.98,2.4e-05,0.0,0.0,87.46,9.3,WiFi_6
UE_005,0.00706,24.175,20.593,-40.841,0.00025635,10.965,1.93,0.22,-8.0,2.4e-05,0.0,0.0,87.46,6.85,WiFi_6
UE_006,0.00707,27.953,23.04,-38.904,1.838e-05,12.257,2.02,1.85,-4.2,2.4e-05,0.0,0.0,87.46,7.66,WiFi_6
UE_007,0.00707,39.982,35.81,-32.291,1.075e-05,19.034,1.63,6.05,13.68,2.4e-05,0.0,0.0,87.46,11.9,WiFi_6
UE_008,0.00707,20.555,18.152,-41.427,0.00014701,9.683,2.01,0.92,8.02,2.4e-05,0.0,0.0,84.456,6.05,WiFi_6
UE_009,0.00707,19.251,16.22,-43.082,0.0001707,8.676,1.77,1.76,6.51,2.4e-05,0.0,0.0,78.66,5.42,WiFi_6
UE_010,0.00707,21.795,17.842,-41.602,0.00015429,9.521,1.82,5.19,-5.92,2.4e-05,0.0,0.0,83.526,5.95,WiFi_6
UE_011,0.00707,43.126,41.515,-31.989,0.00017529,22.066,1.69,3.93,-2.97,2.4e-05,0.0,0.0,87.46,12.34,WiFi_6
UE_012,0.00707,18.281,12.762,-41.615,0.00020122,6.902,2.21,0.16,-5.54,2.4e-05,0.0,0.0,68.286,4.31,WiFi_6
UE_013,0.00707,33.509,31.295,-37.472,8.158e-05,16.635,1.81,1.98,3.86,2.4e-05,0.0,0.0,87.46,10.4,WiFi_6
UE_014,0.00707,34.659,31.744,-36.527,2.521e-05,16.874,1.9,1.94,-4.33,2.4e-05,0.0,0.0,87.46,10.55,WiFi_6
UE_015,0.00707,32.403,28.905,-37.526,0.00014463,15.366,2.26,4.54,-1.98,2.4e-05,0.0,0.0,87.46,9.6,WiFi_6
UE_016,0.00707,38.28,36.941,-34.524,7.554e-05,19.635,2.13,1.43,1.43,2.4e-05,0.0,0.0,87.46,12.27,WiFi_6
UE_017,0.00707,12.482,7.771,-45.648,0.00128243,4.487,1.89,2.11,1.8,2.4e-05,0.0,0.0,53.313,2.8,WiFi_6
UE_018,0.01303,8.89,5.96,-47.528,0.01001227,3.689,1.53,17.09,2.17,4.3e-05,0.0,0.0,47.879,2.31,WiFi_6
UE_019,0.00707,33.653,29.493,-36.482,0.00011308,15.678,1.69,0.36,5.3,2.4e-05,0.0,0.0,87.46,9.8,WiFi_6
UE_000,0.005,41.486,37.716,-32.151,5.077e-05,20.047,1.81,1.83,6.69,1.7e-05,0.0,0.0,87.46,12.34,WiFi_6
UE_001,0.00707,24.746,21.757,-41.283,4.05e-06,11.579,1.75,2.84,-2.1,2.4e-05,0.0,0.0,87.46,7.24,WiFi_6
UE_002,0.00707,18.774,14.82,-42.89,0.00017452,7.952,2.03,6.76,4.68,2.4e-05,0.0,0.0,74.461,4.97,WiFi_6
UE_003,0.00707,33.76,29.949,-37.087,8.5e-06,15.92,1.73,2.35,7.69,2.4e-05,0.0,0.0,87.46,9.95,WiFi_6
UE_004,0.00707,23.207,17.977,-39.743,0.00012988,9.591,2.1,3.25,-6.98,2.4e-05,0.0,0.0,83.931,5.99,WiFi_6
UE_005,0.00813,20.403,17.095,-43.642,0.00012672,9.131,2.13,0.14,-8.0,2.7e-05,0.0,0.0,81.286,5.71,WiFi_6
UE_006,0.00707,25.608,21.397,-39.362,4.358e-05,11.389,1.67,5.76,-4.2,2.4e-05,0.0,0.0,87.46,7.12,WiFi_6
UE_007,0.00707,22.203,17.802,-41.404,0.0001642,9.5,1.99,2.41,13.68,2.4e-05,0.0,0.0,83.405,5.94,WiFi_6
UE_008,0.00707,35.933,34.741,-36.394,6.138e-05,18.466,1.53,3.33,8.02,2.4e-05,0.0,0.0,87.46,11.54,WiFi_6
UE_009,0.00707,35.023,29.637,-37.359,0.00011165,15.755,2.04,9.97,6.51,2.4e-05,0.0,0.0,87.46,9.85,WiFi_6
UE_010,0.00707,21.621,17.469,-40.329,0.00011904,9.326,1.8,1.08,-5.92,2.4e-05,0.0,0.0,82.407,5.83,WiFi_6
UE_011,0.00707,18.759,14.7,-41.203,0.000295,7.89,1.57,0.17,-2.97,2.4e-05,0.0,0.0,74.099,4.93,WiFi_6
UE_012,0.00707,29.755,26.318,-38.078,0.00014757,13.994,1.76,2.36,-5.54,2.4e-05,0.0,0.0,87.46,8.75,WiFi_6
UE_013,0.00707,19.538,17.335,-41.695,0.00017549,9.256,1.81,0.24,3.86,2.4e-05,0.0,0.0,82.004,5.78,WiFi_6
UE_014,0.00707,20.605,16.325,-41.803,0.00022331,8.73,2.04,1.36,-4.33,2.4e-05,0.0,0.0,78.975,5.46,WiFi_6
UE_015,0.00707,39.683,36.345,-35.783,5.223e-05,19.318,1.88,6.56,-1.98,2.4e-05,0.0,0.0,87.46,12.07,WiFi_6
UE_016,0.00707,36.611,33.781,-35.326,5.266e-05,17.956,2.27,1.08,1.43,2.4e-05,0.0,0.0,87.46,11.22,WiFi_6
UE_017,0.00707,37.154,34.753,-35.868,0.00019844,18.472,2.1,8.92,1.8,2.4e-05,0.0,0.0,87.46,11.55,WiFi_6
UE_018,0.01557,8.538,4.646,-44.696,0.01001642,3.15,2.02,19.4,2.17,5.2e-05,0.0,0.0,43.937,1.97,WiFi_6
UE_019,0.00707,26.881,23.011,-38.94,0.00013128,12.242,2.0,0.73,5.3,2.4e-05,0.0,0.0,87.46,7.65,WiFi_6
UE_000,0.00611,51.837,47.147,-28.416,0.00012845,25.059,1.97,2.29,6.69,2e-05,0.0,0.0,87.46,12.34,WiFi_6
UE_001,0.00707,33.566,30.288,-36.68,0.00019522,16.101,1.84,2.16,-2.1,2.4e-05,0.0,0.0,87.46,10.06,WiFi_6
UE_002,0.00707,35.098,30.8,-34.11,2.717e-05,16.372,1.79,8.47,4.68,2.4e-05,0.0,0.0,87.46,10.23,WiFi_6
UE_003,0.00707,34.74,32.297,-33.006,2.682e-05,17.168,1.54,0.55,7.69,2.4e-05,0.0,0.0,87.46,10.73,WiFi_6
UE_004,0.00707,29.431,25.52,-36.315,0.00021838,13.571,2.13,5.68,-6.98,2.4e-05,0.0,0.0,87.46,8.48,WiFi_6
UE_005,0.0093,47.332,44.056,-28.364,2.407e-05,23.416,1.86,0.63,-2.8,3.1e-05,0.0,0.0,87.46,12.34,WiFi_6
UE_006,0.00707,18.124,15.183,-43.531,0.00012599,8.139,1.66,2.78,-4.2,2.4e-05,0.0,0.0,75.548,5.09,WiFi_6
UE_007,0.00707,51.944,48.982,-30.037,1.862e-05,26.034,1.98,1.69,13.68,2.4e-05,0.0,0.0,87.46,12.34,WiFi_6
UE_008,0.00707,5.788,2.29,-48.334,0.01002797,2.288,1.51,24.82,8.02,2.4e-05,0.0,0.0,36.871,1.43,WiFi_6
UE_009,0.00707,17.572,13.859,-44.736,0.0001291,7.459,1.55,0.19,6.51,2.4e-05,0.0,0.0,71.577,4.66,WiFi_6
UE_010,0.00707,29.287,26.254,-38.101,4.3e-05,13.96,1.54,2.55,-5.92,2.4e-05,0.0,0.0,87.46,8.72,WiFi_6
UE_011,0.00707,46.207,42.804,-30.855,0.00011156,22.751,2.01,10.59,-2.97,2.4e-05,0.0,0.0,87.46,12.34,WiFi_6
UE_012,0.00707,17.595,13.318,-44.456,0.00031239,7.184,1.58,0.88,-5.54,2.4e-05,0.0,0.0,69.953,4.49,WiFi_6
UE_013,0.00707,20.937,19.086,-43.494,0.00014155,10.173,2.25,0.6,3.86,2.4e-05,0.0,0.0,87.259,6.36,WiFi_6
UE_014,0.00707,18.517,15.748,-41.981,0.00019786,8.431,1.74,1.48,-4.33,2.4e-05,0.0,0.0,77.243,5.27,WiFi_6
UE_015,0.00707,27.67,22.943,-39.721,2.713e-05,12.206,1.65,1.11,-1.98,2.4e-05,0.0,0.0,87.46,7.63,WiFi_6
UE_016,0.00707,10.515,6.964,-46.129,0.00117939,4.124,1.52,0.64,1.43,2.4e-05,0.0,0.0,50.891,2.58,WiFi_6
UE_017,0.00707,21.731,19.034,-42.057,0.0001927,10.145,1.88,0.41,1.8,2.4e-05,0.0,0.0,87.101,6.34,WiFi_6
UE_018,0.01816,25.258,22.426,-39.537,9.206e-05,11.933,1.77,1.25,2.17,6.1e-05,0.0,0.0,87.46,7.46,WiFi_6
UE_019,0.00707,28.557,25.337,-37.793,0.00012781,13.473,2.25,0.37,5.3,2.4e-05,0.0,0.0,87.46,8.42,WiFi_6
UE_000,0.00707,51.691,49.206,-28.651,0.00015105,26.154,2.18,6.15,6.69,2.4e-05,0.0,0.0,87.46,12.34,WiFi_6
UE_001,0.00707,43.589,38.274,-32.707,0.00016991,20.343,2.23,1.37,-2.1,2.4e-05,0.0,0.0,87.46,12.34,WiFi_6
UE_002,0.00707,34.284,30.308,-37.686,0.00015303,16.111,2.01,5.44,4.68,2.4e-05,0.0,0.0,87.46,10.07,WiFi_6
UE_003,0.00707,22.939,20.949,-39.802,5.434e-05,11.153,2.02,0.12,7.69,2.4e-05,0.0,0.0,87.46,6.97,WiFi_6
UE_004,0.00707,20.161,18.571,-42.006,0.00035223,9.902,1.69,3.3,-6.98,2.4e-05,0.0,0.0,85.713,6.19,WiFi_6
UE_005,0.01802,36.19,30.786,-35.708,0.0001108,16.365,1.75,2.06,-2.8,6e-05,0.0,0.0,87.46,10.23,WiFi_6
UE_006,0.00707,19.091,14.232,-41.858,0.00010867,7.65,1.95,2.74,-4.2,2.4e-05,0.0,0.0,72.697,4.78,WiFi_6
UE_007,0.00707,33.414,28.92,-38.287,0.00010502,15.374,1.74,2.53,13.68,2.4e-05,0.0,0.0,87.46,9.61,WiFi_6
UE_008,0.00707,15.295,9.467,-42.63,0.00101613,5.279,1.83,0.4,8.02,2.4e-05,0.0,0.0,58.401,3.3,WiFi_6
UE_009,0.00707,31.157,26.126,-37.653,6.176e-05,13.892,1.93,1.19,6.51,2.4e-05,0.0,0.0,87.46,8.68,WiFi_6
UE_010,0.00707,27.083,23.577,-37.986,4.133e-05,12.542,2.23,1.01,-5.92,2.4e-05,0.0,0.0,87.46,7.84,WiFi_6
UE_011,0.00707,26.492,21.295,-39.561,5.461e-05,11.336,1.61,2.11,-2.97,2.4e-05,0.0,0.0,87.46,7.08,WiFi_6
UE_012,0.00707,19.074,14.632,-41.143,0.00025806,7.855,1.73,2.64,-3.53,2.4e-05,0.0,0.0,73.897,4.91,WiFi_6
UE_013,0.00707,3.758,-0.334,-48.847,0.15002026,1.513,1.71,31.49,3.86,2.4e-05,0.0,0.0,28.997,0.95,WiFi_6
UE_014,0.00707,34.798,32.316,-34.841,1.07e-06,17.178,2.26,3.62,-4.33,2.4e-05,0.0,0.0,87.46,10.74,WiFi_6
UE_015,0.00707,25.271,22.736,-41.558,0.00015048,12.096,1.68,0.64,-1.98,2.4e-05,0.0,0.0,87.46,7.56,WiFi_6
UE_016,0.00707,19.387,16.661,-41.542,0.00015277,8.905,1.56,3.65,1.43,2.4e-05,0.0,0.0,79.982,5.57,WiFi_6
UE_017,0.00707,33.447,30.542,-37.067,0.00020638,16.236,1.97,2.99,1.8,2.4e-05,0.0,0.0,87.46,10.15,WiFi_6
UE_018,0.02078,29.137,26.368,-35.105,9.052e-05,14.02,1.8,4.99,2.17,6.9e-05,0.0,0.0,87.46,8.76,WiFi_6
UE_019,0.00707,25.653,24.297,-39.401,6.022e-05,12.923,1.52,2.08,5.3,2.4e-05,0.0,0.0,87.46,8.08,WiFi_6
UE_000,0.00707,33.331,28.177,-37.832,1.5e-05,14.98,2.23,4.11,6.69,2.4e-05,0.0,0.0,87.46,9.36,WiFi_6
UE_001,0.00707,7.235,2.894,-46.866,0.01004863,2.495,2.08,7.25,-2.1,2.4e-05,0.0,0.0,38.681,1.56,WiFi_6
UE_002,0.00707,40.449,37.471,-31.829,4.029e-05,19.917,1.88,1.62,4.68,2.4e-05,0.0,0.0,87.46,12.34,WiFi_6
UE_003,0.00707,31.138,28.221,-37.046,7.637e-05,15.003,1.83,6.75,7.69,2.4e-05,0.0,0.0,87.46,9.38,WiFi_6
UE_004,0.00707,28.448,24.761,-37.757,1.815e-05,13.168,1.79,1.16,-6.98,2.4e-05,0.0,0.0,87.46,8.23,WiFi_6
UE_005,0.02374,12.887,8.628,-46.344,0.00111433,4.883,1.94,0.71,-2.8,7.9e-05,0.0,0.0,55.885,3.05,WiFi_6
UE_006,0.00707,27.998,22.823,-39.015,8.472e-05,12.143,2.11,0.84,-4.2,2.4e-05,0.0,0.0,87.46,7.59,WiFi_6
UE_007,0.00707,47.723,43.804,-29.811,1.987e-05,23.282,2.18,2.5,13.68,2.4e-05,0.0,0.0,87.46,12.34,WiFi_6
UE_008,0.00707,28.63,24.212,-36.37,2.043e-05,12.878,1.8,6.61,8.02,2.4e-05,0.0,0.0,87.46,8.05,WiFi_6
UE_009,0.00707,13.221,9.925,-44.787,0.00116589,5.499,2.09,2.77,6.51,2.4e-05,0.0,0.0,59.774,3.44,WiFi_6
UE_010,0.00707,35.004,32.247,-34.927,0.00015165,17.141,1.81,0.17,-5.92,2.4e-05,0.0,0.0,87.46,10.71,WiFi_6
UE_011,0.00707,32.81,29.011,-37.579,0.00019153,15.423,1.83,0.91,-2.97,2.4e-05,0.0,0.0,87.46,9.64,WiFi_6
UE_012,0.00707,28.442,23.481,-40.05,7.93e-06,12.491,2.2,1.16,-3.53,2.4e-05,0.0,0.0,87.46,7.81,WiFi_6
UE_013,0.00707,26.178,22.976,-38.94,7.383e-05,12.224,2.06,4.2,3.86,2.4e-05,0.0,0.0,87.46,7.64,WiFi_6
UE_014,0.00707,12.829,9.234,-42.666,0.00103561,5.168,2.04,0.12,-4.33,2.4e-05,0.0,0.0,57.702,3.23,WiFi_6
UE_015,0.00707,22.095,19.691,-43.403,0.00010056,10.491,1.52,0.97,-1.98,2.4e-05,0.0,0.0,87.46,6.56,WiFi_6
UE_016,0.00707,9.444,5.777,-46.585,0.01008544,3.612,2.18,8.07,1.43,2.4e-05,0.0,0.0,47.331,2.26,WiFi_6
UE_017,0.00707,17.732,14.511,-42.833,0.00020256,7.793,2.11,2.19,1.8,2.4e-05,0.0,0.0,73.533,4.87,WiFi_6
UE_018,0.02342,4.55,2.757,-45.859,0.01006035,2.447,2.04,26.56,2.17,7.8e-05,0.0,0.0,38.272,1.53,WiFi_6
UE_019,0.00707,27.725,24.534,-38.148,8.36e-05,13.048,2.11,1.12,5.3,2.4e-05,0.0,0.0,87.46,8.16,WiFi_6
UE_000,0.00707,25.524,21.891,-39.214,0.00015186,11.65,1.79,8.25,6.69,2.4e-05,0.0,0.0,87.46,7.28,WiFi_6
UE_001,0.00707,39.137,37.178,-35.417,0.00013123,19.761,2.01,0.97,-2.1,2.4e-05,0.0,0.0,87.46,12.34,WiFi_6
UE_002,0.00707,43.154,41.954,-31.19,3.302e-05,22.299,2.05,2.31,4.68,2.4e-05,0.0,0.0,87.46,12.34,WiFi_6
UE_003,0.00707,42.836,37.989,-33.631,1.044e-05,20.192,2.24,9.25,7.69,2.4e-05,0.0,0.0,87.46,12.34,WiFi_6
UE_004,0.00707,30.348,27.955,-37.116,1.035e-05,14.862,1.6,0.02,-6.98,2.4e-05,0.0,0.0,87.46,9.29,WiFi_6
UE_005,0.01461,7.823,3.772,-46.168,0.01001223,2.814,1.51,21.92,-2.8,4.9e-05,0.0,0.0,41.316,1.76,WiFi_6
UE_006,0.00707,19.291,18.009,-41.577,0.0001228,9.608,1.88,0.7,-4.2,2.4e-05,0.0,0.0,84.026,6.0,WiFi_6
UE_007,0.00707,25.165,21.968,-41.068,3.599e-05,11.691,1.82,3.99,13.68,2.4e-05,0.0,0.0,87.46,7.31,WiFi_6
UE_008,0.00707,23.22,19.328,-41.885,0.00013549,10.3,2.18,4.06,8.02,2.4e-05,0.0,0.0,87.46,6.44,WiFi_6
UE_009,0.00707,12.134,7.196,-44.666,0.0010873,4.228,2.14,0.41,6.51,2.4e-05,0.0,0.0,51.589,2.64,WiFi_6
UE_010,0.00707,32.74,29.24,-37.75,8.932e-05,15.544,1.61,6.4,4.02,2.4e-05,0.0,0.0,87.46,9.71,WiFi_6
UE_011,0.00707,21.378,18.63,-42.211,0.00012104,9.933,2.21,1.49,-4.6,2.4e-05,0.0,0.0,85.89,6.21,WiFi_6
UE_012,0.00707,24.86,23.647,-41.498,8.367e-05,12.579,1.72,1.42,-7.32,2.4e-05,0.0,0.0,87.46,7.86,WiFi_6
UE_013,0.00707,18.046,13.714,-40.913,0.00010348,7.385,2.11,0.86,3.86,2.4e-05,0.0,0.0,71.141,4.62,WiFi_6
UE_014,0.00707,41.834,36.345,-33.238,3.17e-06,19.318,1.78,2.19,-4.33,2.4e-05,0.0,0.0,87.46,12.07,WiFi_6
UE_015,0.00707,36.336,33.184,-35.482,6.933e-05,17.639,1.79,1.26,1.24,2.4e-05,0.0,0.0,87.46,11.02,WiFi_6
UE_016,0.00707,21.841,19.52,-41.627,0.00024329,10.401,1.55,3.17,1.43,2.4e-05,0.0,0.0,87.46,6.5,WiFi_6
UE_017,0.00707,38.646,33.691,-33.817,4.585e-05,17.908,1.71,0.89,1.8,2.4e-05,0.0,0.0,87.46,11.19,WiFi_6
UE_018,0.02491,15.914,12.909,-45.31,0.00011084,6.976,1.66,8.47,2.17,8.3e-05,0.0,0.0,68.726,4.36,WiFi_6
UE_019,0.00707,19.314,15.997,-43.525,0.00025325,8.56,1.98,1.59,5.3,2.4e-05,0.0,0.0,77.99,5.35,WiFi_6
UE_000,0.00707,35.371,32.91,-35.141,0.00019323,17.493,1.97,0.3,6.69,2.4e-05,0.0,0.0,87.46,10.93,WiFi_6
UE_001,0.00707,23.514,19.332,-40.257,0.00012633,10.302,1.97,0.52,-2.1,2.4e-05,0.0,0.0,87.46,6.44,WiFi_6
UE_002,0.00707,2.555,-2.109,-49.909,0.15015274,1.107,1.98,36.52,4.68,2.4e-05,0.0,0.0,23.672,0.69,WiFi_6
UE_003,0.00707,30.903,28.396,-38.366,1.116e-05,15.096,1.99,1.87,7.69,2.4e-05,0.0,0.0,87.46,9.44,WiFi_6
UE_004,0.00707,29.127,25.643,-38.372,0.00012886,13.636,1.68,0.38,-6.98,2.4e-05,0.0,0.0,87.46,8.52,WiFi_6
UE_005,0.00656,25.592,24.257,-39.803,0.00019017,12.901,1.52,1.64,-2.8,2.2e-05,0.0,0.0,87.46,8.06,WiFi_6
UE_006,0.00707,43.908,39.219,-32.735,3.682e-05,20.846,1.66,0.17,-4.2,2.4e-05,0.0,0.0,87.46,12.34,WiFi_6
UE_007,0.00707,44.265,42.045,-33.558,0.00013806,22.348,1.76,0.03,13.68,2.4e-05,0.0,0.0,87.46,12.34,WiFi_6
UE_008,0.00707,2.126,1.357,-50.311,0.01015821,1.989,1.99,28.46,8.02,2.4e-05,0.0,0.0,34.071,1.24,WiFi_6
UE_009,0.00707,35.658,32.863,-35.8,6.697e-05,17.468,1.89,2.39,6.51,2.4e-05,0.0,0.0,87.46,10.92,WiFi_6
UE_010,0.005,41.008,39.227,-35.202,9.371e-05,20.85,1.76,1.53,4.02,1.7e-05,0.0,0.0,87.46,12.34,WiFi_6
UE_011,0.00707,20.364,15.319,-42.12,0.00023701,8.209,1.52,2.02,-4.6,2.4e-05,0.0,0.0,75.958,5.13,WiFi_6
UE_012,0.00707,28.728,25.016,-40.209,7.7e-06,13.304,2.21,6.49,-7.32,2.4e-05,0.0,0.0,87.46,8.31,WiFi_6
UE_013,0.00707,43.87,39.872,-31.623,6.417e-05,21.193,2.0,0.14,3.86,2.4e-05,0.0,0.0,87.46,12.34,WiFi_6
UE_014,0.00707,24.114,22.016,-39.311,3.13e-06,11.716,2.17,1.6,-4.33,2.4e-05,0.0,0.0,87.46,7.32,WiFi_6
UE_015,0.00607,39.491,35.192,-34.959,3.704e-05,18.706,1.82,0.36,1.24,2e-05,0.0,0.0,87.46,11.69,WiFi_6
UE_016,0.00707,6.326,2.363,-48.323,0.01005624,2.312,2.06,15.73,1.43,2.4e-05,0.0,0.0,37.09,1.45,WiFi_6
UE_017,0.00707,27.19,23.012,-38.753,5.054e-05,12.242,1.76,0.55,1.8,2.4e-05,0.0,0.0,87.46,7.65,WiFi_6
UE_018,0.02226,13.221,11.665,-46.406,0.00110066,6.352,1.61,0.91,2.17,7.4e-05,0.0,0.0,64.995,3.97,WiFi_6
UE_019,0.00707,32.244,26.237,-38.906,0.00011031,13.95,1.98,1.94,5.3,2.4e-05,0.0,0.0,87.46,8.72,WiFi_6
UE_000,0.00707,9.344,4.181,-47.266,0.01003314,2.969,1.64,8.97,6.69,2.4e-05,0.0,0.0,42.544,1.86,WiFi_6
UE_001,0.00707,21.13,17.788,-41.706,0.00013083,9.493,1.74,9.0,-2.1,2.4e-05,0.0,0.0,83.364,5.93,WiFi_6
UE_002,0.00707,31.254,25.982,-35.464,3.682e-05,13.815,1.79,5.34,-5.68,2.4e-05,0.0,0.0,87.46,8.63,WiFi_6
UE_003,0.00707,35.361,33.454,-35.948,0.00010919,17.782,1.73,2.74,7.69,2.4e-05,0.0,0.0,87.46,11.11,WiFi_6
UE_004,0.00707,33.084,28.294,-37.806,4.311e-05,15.042,2.2,7.09,-6.98,2.4e-05,0.0,0.0,87.46,9.4,WiFi_6
UE_005,0.00707,42.135,37.795,-33.032,1.958e-05,20.089,2.2,3.95,-2.8,2.4e-05,0.0,0.0,87.46,12.34,WiFi_6
UE_006,0.00707,39.807,35.677,-33.412,0.00010311,18.963,2.06,0.74,-4.2,2.4e-05,0.0,0.0,87.46,11.85,WiFi_6
UE_007,0.00707,20.871,18.126,-41.893,0.00024668,9.67,2.17,4.71,13.68,2.4e-05,0.0,0.0,84.379,6.04,WiFi_6
UE_008,0.00707,16.85,13.808,-44.014,0.0001906,7.433,1.6,1.13,8.02,2.4e-05,0.0,0.0,71.423,4.65,WiFi_6
UE_009,0.00707,35.236,31.487,-36.127,0.0001451,16.737,2.17,7.17,6.51,2.4e-05,0.0,0.0,87.46,10.46,WiFi_6
UE_010,0.0071,29.949,24.602,-38.637,2.956e-05,13.084,2.03,7.68,4.02,2.4e-05,0.0,0.0,87.46,8.18,WiFi_6
UE_011,0.00707,48.041,46.019,-31.594,8.67e-05,24.46,2.18,3.55,-4.6,2.4e-05,0.0,0.0,87.46,12.34,WiFi_6
UE_012,0.00707,3.872,-1.151,-47.761,0.15010872,1.314,1.52,30.79,-7.32,2.4e-05,0.0,0.0,26.546,0.82,WiFi_6
UE_013,0.00707,33.679,32.262,-37.346,0.00022142,17.149,1.65,6.74,3.86,2.4e-05,0.0,0.0,87.46,10.72,WiFi_6
UE_014,0.00707,22.595,18.268,-41.35,0.00023061,9.744,2.02,0.78,-4.33,2.4e-05,0.0,0.0,84.805,6.09,WiFi_6
UE_015,0.00535,26.53,23.365,-39.249,0.00015574,12.429,1.51,4.92,1.24,1.8e-05,0.0,0.0,87.46,7.77,WiFi_6
UE_016,0.00707,9.916,6.251,-46.477,0.00102886,3.814,1.92,4.75,1.43,2.4e-05,0.0,0.0,48.753,2.38,WiFi_6
UE_017,0.00707,34.701,31.785,-36.522,9.397e-05,16.896,2.04,10.84,1.8,2.4e-05,0.0,0.0,87.46,10.56,WiFi_6
UE_018,0.01963,26.569,23.941,-39.516,1.751e-05,12.734,1.74,9.68,2.17,6.5e-05,0.0,0.0,87.46,7.96,WiFi_6
UE_019,0.00707,12.675,9.968,-46.584,0.00110345,5.52,1.6,0.8,5.3,2.4e-05,0.0,0.0,59.903,3.45,WiFi_6
UE_000,0.00707,-1.778,-4.967,-52.065,0.15007345,0.638,1.8,7.93,6.69,2.4e-05,0.0,0.0,15.26,0.4,WiFi_6
UE_001,0.00707,37.079,33.055,-33.023,0.00015549,17.57,1.96,1.72,-2.1,2.4e-05,0.0,0.0,87.46,10.98,WiFi_6
UE_002,0.00222,22.958,19.045,-39.909,0.00015064,10.151,1.77,0.86,-5.68,7e-06,0.0,0.0,87.134,6.34,WiFi_6
UE_003,0.00707,21.34,18.988,-41.71,0.00033015,10.121,2.02,1.13,7.69,2.4e-05,0.0,0.0,86.965,6.33,WiFi_6
UE_004,0.00707,35.403,31.24,-35.524,6.876e-05,16.606,1.57,3.24,-6.98,2.4e-05,0.0,0.0,87.46,10.38,WiFi_6
UE_005,0.00707,21.835,19.529,-40.908,0.00010645,10.405,1.85,2.28,-2.8,2.4e-05,0.0,0.0,87.46,6.5,WiFi_6
UE_006,0.00707,22.513,16.876,-39.738,0.00013369,9.017,1.86,13.33,-4.2,2.4e-05,0.0,0.0,80.629,5.64,WiFi_6
UE_007,0.00707,36.583,31.873,-34.927,0.0001278,16.942,1.98,0.66,13.68,2.4e-05,0.0,0.0,87.46,10.59,WiFi_6
UE_008,0.00707,18.849,16.263,-42.463,0.0002568,8.698,2.21,1.09,8.02,2.4e-05,0.0,0.0,78.789,5.44,WiFi_6
UE_009,0.00707,45.183,41.158,-32.83,8.193e-05,21.876,1.52,0.57,6.51,2.4e-05,0.0,0.0,87.46,12.34,WiFi_6
UE_010,0.01124,41.091,37.915,-34.443,3.066e-05,20.153,2.15,3.19,4.02,3.7e-05,0.0,0.0,87.46,12.34,WiFi_6
UE_011,0.00707,35.387,32.078,-35.324,0.0001347,17.051,1.6,10.61,-4.6,2.4e-05,0.0,0.0,87.46,10.66,WiFi_6
UE_012,0.00707,8.603,3.181,-46.711,0.01006407,2.597,1.75,27.08,-7.32,2.4e-05,0.0,0.0,39.542,1.62,WiFi_6
UE_013,0.00707,20.103,17.254,-42.611,0.00013641,9.213,1.95,3.65,3.86,2.4e-05,0.0,0.0,81.761,5.76,WiFi_6
UE_014,0.00707,42.737,40.569,-32.414,2.391e-05,21.563,2.25,1.16,-4.33,2.4e-05,0.0,0.0,87.46,12.34,WiFi_6
UE_015,0.00501,35.123,30.849,-35.378,8.706e-05,16.399,2.03,1.46,1.24,1.7e-05,0.0,0.0,87.46,10.25,WiFi_6
UE_016,0.00707,21.639,17.471,-41.973,0.00036181,9.327,1.76,1.42,1.43,2.4e-05,0.0,0.0,82.414,5.83,WiFi_6
UE_017,0.00707,36.386,32.249,-36.074,0.00018393,17.142,1.56,0.65,1.8,2.4e-05,0.0,0.0,87.46,10.71,WiFi_6
UE_018,0.01702,4.978,0.995,-49.909,0.01001283,1.88,1.59,25.27,2.17,5.7e-05,0.0,0.0,32.986,1.17,WiFi_6
UE_019,0.00707,43.529,39.964,-31.804,9.08e-05,21.242,1.64,0.12,5.3,2.4e-05,0.0,0.0,87.46,12.34,WiFi_6
UE_000,0.00707,35.979,31.589,-35.574,7.457e-05,16.792,2.03,1.36,6.69,2.4e-05,0.0,0.0,87.46,10.49,WiFi_6
UE_001,0.00707,34.645,32.632,-37.241,6.291e-05,17.346,2.0,1.42,-2.1,2.4e-05,0.0,0.0,87.46,10.84,WiFi_6
UE_002,0.00985,19.02,13.389,-41.775,0.00026819,7.22,2.18,0.2,-5.68,3.3e-05,0.0,0.0,70.167,4.51,WiFi_6
UE_003,0.00707,23.508,17.809,-40.765,0.00015991,9.504,2.08,3.27,7.69,2.4e-05,0.0,0.0,83.427,5.94,WiFi_6
UE_004,0.00707,36.975,33.01,-35.363,3.56e-05,17.547,1.8,0.51,-6.98,2.4e-05,0.0,0.0,87.46,10.97,WiFi_6
UE_005,0.00707,28.216,24.936,-38.676,3.247e-05,13.261,2.18,1.43,-2.8,2.4e-05,0.0,0.0,87.46,8.29,WiFi_6
UE_006,0.00707,-2.427,-5.043,-52.107,0.15010345,0.629,2.23,19.78,-4.2,2.4e-05,0.0,0.0,15.26,0.39,WiFi_6
UE_007,0.00707,27.556,22.971,-39.262,7.634e-05,12.221,1.95,2.4,13.68,2.4e-05,0.0,0.0,87.46,7.64,WiFi_6
UE_008,0.00707,27.55,24.005,-38.277,0.00025084,12.768,1.6,0.68,8.02,2.4e-05,0.0,0.0,87.46,7.98,WiFi_6
UE_009,0.00707,21.204,16.273,-42.371,0.00011913,8.703,2.25,2.38,6.51,2.4e-05,0.0,0.0,78.818,5.44,WiFi_6
UE_010,0.0159,14.243,12.577,-45.329,0.00013814,6.809,1.72,3.72,-6.26,5.3e-05,0.0,0.0,67.732,4.26,WiFi_6
UE_011,0.00707,34.418,30.314,-37.337,6.693e-05,16.114,1.74,2.68,-4.74,2.4e-05,0.0,0.0,87.46,10.07,WiFi_6
UE_012,0.00707,23.939,20.375,-39.156,5.014e-05,10.851,1.66,0.27,-7.32,2.4e-05,0.0,0.0,87.46,6.78,WiFi_6
UE_013,0.00707,27.916,24.656,-37.528,0.00015895,13.113,1.8,3.57,3.86,2.4e-05,0.0,0.0,87.46,8.2,WiFi_6
UE_014,0.00707,38.554,35.786,-34.433,7.137e-05,19.021,2.27,2.21,-4.33,2.4e-05,0.0,0.0,87.46,11.89,WiFi_6
UE_015,0.00514,36.066,35.732,-37.431,0.00014235,18.992,2.0,0.08,1.24,1.7e-05,0.0,0.0,87.46,11.87,WiFi_6
UE_016,0.00707,35.411,32.244,-34.716,2.931e-05,17.139,2.25,1.75,1.43,2.4e-05,0.0,0.0,87.46,10.71,WiFi_6
UE_017,0.00707,28.452,24.537,-39.068,2.122e-05,13.05,1.82,0.63,1.8,2.4e-05,0.0,0.0,87.46,8.16,WiFi_6
UE_018,0.01444,6.523,3.17,-45.85,0.01012553,2.593,1.83,11.11,2.17,4.8e-05,0.0,0.0,39.51,1.62,WiFi_6
UE_019,0.00707,25.947,22.307,-40.572,7.059e-05,11.87,1.8,0.12,5.3,2.4e-05,0.0,0.0,87.46,7.42,WiFi_6
UE_000,0.00707,36.693,32.388,-36.227,0.00018084,17.216,1.95,2.13,6.69,2.4e-05,0.0,0.0,87.46,10.76,WiFi_6
UE_001,0.00707,46.47,42.156,-31.33,3.793e-05,22.406,1.71,1.51,-2.1,2.4e-05,0.0,0.0,87.46,12.34,WiFi_6
UE_002,0.01806,2.331,-1.176,-48.451,0.15004251,1.309,2.25,24.32,-5.68,6e-05,0.0,0.0,26.472,0.82,WiFi_6
UE_003,0.00707,41.276,37.52,-34.469,6.641e-05,19.943,2.24,1.75,7.69,2.4e-05,0.0,0.0,87.46,12.34,WiFi_6
UE_004,0.00707,21.327,18.245,-40.784,0.0002402,9.732,2.26,4.87,-6.98,2.4e-05,0.0,0.0,84.735,6.08,WiFi_6
UE_005,0.00707,21.115,17.381,-40.858,0.00010593,9.28,1.56,2.0,-2.8,2.4e-05,0.0,0.0,82.144,5.8,WiFi_6
UE_006,0.00707,20.661,17.732,-41.517,0.00022889,9.463,1.99,0.59,-4.2,2.4e-05,0.0,0.0,83.195,5.91,WiFi_6
UE_007,0.00707,16.436,14.167,-42.697,0.00015926,7.617,1.99,0.1,13.68,2.4e-05,0.0,0.0,72.5,4.76,WiFi_6
UE_008,0.00707,15.318,11.009,-43.714,0.0011156,6.027,2.2,0.66,8.02,2.4e-05,0.0,0.0,63.027,3.77,WiFi_6
UE_009,0.00707,41.67,37.299,-33.984,5.49e-06,19.825,1.89,0.52,6.51,2.4e-05,0.0,0.0,87.46,12.34,WiFi_6
UE_010,0.00751,21.984,19.235,-41.476,0.00025435,10.251,1.77,2.18,-6.26,2.5e-05,0.0,0.0,87.46,6.41,WiFi_6
UE_011,0.0055,38.206,36.884,-34.2,0.00012768,19.605,1.53,0.36,-4.74,1.8e-05,0.0,0.0,87.46,12.25,WiFi_6
UE_012,0.00707,22.188,18.098,-39.655,0.00016223,9.655,2.1,2.61,-7.32,2.4e-05,0.0,0.0,84.294,6.03,WiFi_6
UE_013,0.00707,29.592,25.784,-37.762,0.00014625,13.711,1.63,1.65,3.86,2.4e-05,0.0,0.0,87.46,8.57,WiFi_6
UE_014,0.00707,42.778,38.409,-31.976,4.317e-05,20.415,1.98,0.89,-4.33,2.4e-05,0.0,0.0,87.46,12.34,WiFi_6
UE_015,0.00571,31.679,29.29,-36.359,0.00017102,15.571,1.56,0.28,1.24,1.9e-05,0.0,0.0,87.46,9.73,WiFi_6
UE_016,0.00707,38.759,36.565,-33.815,9.725e-05,19.435,1.72,2.67,1.43,2.4e-05,0.0,0.0,87.46,12.15,WiFi_6
UE_017,0.00707,23.451,19.069,-40.621,0.00016009,10.164,1.96,8.04,1.8,2.4e-05,0.0,0.0,87.208,6.35,WiFi_6
UE_018,0.01194,4.924,4.836,-49.469,0.01002253,3.226,1.84,32.47,2.17,4e-05,0.0,0.0,44.507,2.02,WiFi_6
UE_019,0.00707,39.489,36.973,-33.839,4.92e-06,19.652,1.64,1.29,5.3,2.4e-05,0.0,0.0,87.46,12.28,WiFi_6
UE_000,0.00707,41.184,38.013,-32.012,4.207e-05,20.205,1.56,0.49,6.69,2.4e-05,0.0,0.0,87.46,12.34,WiFi_6
UE_001,0.00707,45.007,40.951,-32.391,7.724e-05,21.766,2.08,0.37,-2.1,2.4e-05,0.0,0.0,87.46,12.34,WiFi_6
UE_002,0.02631,17.549,14.497,-43.652,0.00011351,7.786,1.84,5.95,-5.68,8.8e-05,0.0,0.0,73.49,4.87,WiFi_6
UE_003,0.00707,35.639,31.864,-36.844,0.00018067,16.937,2.15,0.94,7.69,2.4e-05,0.0,0.0,87.46,10.59,WiFi_6
UE_004,0.00707,27.685,22.282,-40.168,3.349e-05,11.857,1.59,3.5,-6.98,2.4e-05,0.0,0.0,87.46,7.41,WiFi_6
UE_005,0.00707,23.612,20.384,-40.298,3.545e-05,10.855,1.87,3.36,-2.8,2.4e-05,0.0,0.0,87.46,6.78,WiFi_6
UE_006,0.00707,17.688,14.302,-42.273,0.00010856,7.686,2.03,0.46,-4.2,2.4e-05,0.0,0.0,72.906,4.8,WiFi_6
UE_007,0.00707,42.616,41.717,-33.065,3.091e-05,22.173,2.17,9.83,13.68,2.4e-05,0.0,0.0,87.46,12.34,WiFi_6
UE_008,0.00707,34.679,32.018,-36.534,0.00015987,17.019,1.74,2.2,7.66,2.4e-05,0.0,0.0,87.46,10.64,WiFi_6
UE_009,0.00707,38.222,35.006,-35.965,2.25e-05,18.606,1.91,6.2,6.51,2.4e-05,0.0,0.0,87.46,11.63,WiFi_6
UE_010,0.00133,58.262,54.677,-25.38,0.00012946,29.061,2.0,9.39,-6.26,4e-06,0.0,0.0,87.46,12.34,WiFi_6
UE_011,0.00502,29.443,27.419,-38.192,9.073e-05,14.577,1.58,0.79,-4.74,1.7e-05,0.0,0.0,87.46,9.11,WiFi_6
UE_012,0.00707,28.647,24.774,-38.637,0.00011215,13.175,2.02,8.37,-7.32,2.4e-05,0.0,0.0,87.46,8.23,WiFi_6
UE_013,0.00707,20.333,16.71,-42.383,0.00019254,8.93,1.65,1.66,3.86,2.4e-05,0.0,0.0,80.13,5.58,WiFi_6
UE_014,0.00707,29.356,23.41,-37.483,1.891e-05,12.453,1.74,1.02,-4.33,2.4e-05,0.0,0.0,87.46,7.78,WiFi_6
UE_015,0.00659,29.207,26.091,-37.32,0.00011374,13.873,1.58,1.15,10.67,2.2e-05,0.0,0.0,87.46,8.67,WiFi_6
UE_016,0.00707,33.107,30.852,-36.921,0.00011958,16.4,2.06,1.66,1.43,2.4e-05,0.0,0.0,87.46,10.25,WiFi_6
UE_017,0.00707,34.457,31.223,-36.631,4.24e-06,16.597,1.57,1.76,1.8,2.4e-05,0.0,0.0,87.46,10.37,WiFi_6
UE_018,0.00954,11.081,7.469,-44.837,0.0010241,4.35,1.67,0.05,2.17,3.2e-05,0.0,0.0,52.407,2.72,WiFi_6
UE_019,0.00707,20.987,17.148,-43.568,0.00014608,9.158,1.59,0.44,5.3,2.4e-05,0.0,0.0,81.443,5.72,WiFi_6
UE_000,0.00707,33.066,30.939,-36.55,9.935e-05,16.446,2.09,3.36,6.69,2.4e-05,0.0,0.0,87.46,10.28,WiFi_6
UE_001,0.00707,27.916,24.314,-38.5,0.00025028,12.932,2.04,4.87,-2.1,2.4e-05,0.0,0.0,87.46,8.08,WiFi_6
UE_002,0.02545,26.832,21.29,-39.013,7.118e-05,11.333,1.56,1.6,-5.68,8.5e-05,0.0,0.0,87.46,7.08,WiFi_6
UE_003,0.00707,19.01,13.818,-42.249,0.00016805,7.438,2.03,4.44,7.69,2.4e-05,0.0,0.0,71.454,4.65,WiFi_6
UE_004,0.00707,35.513,33.121,-35.504,7.495e-05,17.605,2.1,6.41,-6.98,2.4e-05,0.0,0.0,87.46,11.0,WiFi_6
UE_005,0.00707,8.979,4.802,-48.119,0.01003931,3.212,1.76,7.04,-2.8,2.4e-05,0.0,0.0,44.407,2.01,WiFi_6
UE_006,0.00707,45.006,40.979,-32.999,9.322e-05,21.781,1.55,5.92,-4.2,2.4e-05,0.0,0.0,87.46,12.34,WiFi_6
UE_007,0.00707,30.826,26.499,-38.157,0.00010355,14.09,1.64,0.19,13.68,2.4e-05,0.0,0.0,87.46,8.81,WiFi_6
UE_008,0.00501,29.802,25.414,-38.344,3.758e-05,13.514,1.83,1.87,7.66,1.7e-05,0.0,0.0,87.46,8.45,WiFi_6
UE_009,0.00707,23.897,19.074,-40.361,0.00026005,10.167,2.05,3.33,6.51,2.4e-05,0.0,0.0,87.223,6.35,WiFi_6
UE_010,0.0066,26.811,24.404,-38.979,0.00016773,12.979,2.06,2.26,-6.26,2.2e-05,0.0,0.0,87.46,8.11,WiFi_6
UE_011,0.0059,32.5,25.657,-37.952,0.00018215,13.643,1.61,3.76,-4.74,2e-05,0.0,0.0,87.46,8.53,WiFi_6
UE_012,0.00707,32.718,28.758,-39.13,0.00011782,15.288,1.71,3.49,-7.32,2.4e-05,0.0,0.0,87.46,9.56,WiFi_6
UE_013,0.00707,26.627,21.603,-39.564,0.0001003,11.498,1.9,7.26,3.86,2.4e-05,0.0,0.0,87.46,7.19,WiFi_6
UE_014,0.00707,22.846,19.421,-40.804,0.00012656,10.348,1.81,0.97,-4.33,2.4e-05,0.0,0.0,87.46,6.47,WiFi_6
UE_015,0.01815,23.559,20.645,-39.458,0.00012086,10.993,1.5,0.75,10.67,6e-05,0.0,0.0,87.46,6.87,WiFi_6
UE_016,0.00707,33.17,30.353,-35.842,6.173e-05,16.135,1.91,4.83,1.43,2.4e-05,0.0,0.0,87.46,10.08,WiFi_6
UE_017,0.00707,14.466,9.513,-43.045,0.00103723,5.301,1.81,1.66,1.8,2.4e-05,0.0,0.0,58.539,3.31,WiFi_6
UE_018,0.00737,27.516,24.337,-41.344,0.00016829,12.944,1.91,1.74,2.17,2.5e-05,0.0,0.0,87.46,8.09,WiFi_6
UE_019,0.00707,30.389,25.38,-38.464,5.956e-05,13.497,2.09,1.6,5.3,2.4e-05,0.0,0.0,87.46,8.44,WiFi_6
UE_000,0.00707,28.928,24.965,-39.266,0.00021169,13.276,1.53,2.31,6.69,2.4e-05,0.0,0.0,87.46,8.3,WiFi_6
UE_001,0.00707,36.215,32.914,-35.689,0.00010115,17.495,1.8,1.59,-2.1,2.4e-05,0.0,0.0,87.46,10.93,WiFi_6
UE_002,0.02405,4.533,0.912,-46.195,0.01018339,1.855,1.57,26.51,-5.68,8e-05,0.0,0.0,32.736,1.16,WiFi_6
UE_003,0.00707,39.405,37.855,-33.489,6.075e-05,20.121,1.52,8.82,7.69,2.4e-05,0.0,0.0,87.46,12.34,WiFi_6
UE_004,0.00707,32.52,27.926,-37.856,4.331e-05,14.847,1.55,3.71,-6.98,2.4e-05,0.0,0.0,87.46,9.28,WiFi_6
UE_005,0.00707,41.678,38.288,-32.943,0.00011866,20.351,2.24,1.23,-2.8,2.4e-05,0.0,0.0,87.46,12.34,WiFi_6
UE_006,0.00707,46.235,44.922,-31.587,1.307e-05,23.877,1.54,0.62,-4.2,2.4e-05,0.0,0.0,87.46,12.34,WiFi_6
UE_007,0.00707,17.493,13.426,-40.562,0.00014371,7.238,1.66,9.88,13.68,2.4e-05,0.0,0.0,70.277,4.52,WiFi_6
UE_008,0.00668,27.548,26.634,-38.24,1.371e-05,14.161,2.02,5.29,7.66,2.2e-05,0.0,0.0,87.46,8.85,WiFi_6
UE_009,0.00707,41.425,36.447,-33.398,0.00017358,19.372,1.68,4.09,6.51,2.4e-05,0.0,0.0,87.46,12.11,WiFi_6
UE_010,0.00893,23.524,21.105,-39.74,6.313e-05,11.235,2.0,1.03,-6.26,3e-05,0.0,0.0,87.46,7.02,WiFi_6
UE_011,0.00769,25.977,25.686,-37.676,2.668e-05,13.659,2.04,6.45,-4.74,2.6e-05,0.0,0.0,87.46,8.54,WiFi_6
UE_012,0.00707,48.334,44.39,-31.451,7.21e-05,23.594,2.2,1.48,-7.32,2.4e-05,0.0,0.0,87.46,12.34,WiFi_6
UE_013,0.00707,29.189,26.487,-39.674,4.652e-05,14.083,1.63,1.32,3.86,2.4e-05,0.0,0.0,87.46,8.8,WiFi_6
UE_014,0.00707,39.123,36.226,-35.212,8.554e-05,19.255,1.96,1.82,-4.33,2.4e-05,0.0,0.0,87.46,12.03,WiFi_6
UE_015,0.01936,17.84,13.383,-43.593,0.0001189,7.217,1.83,0.28,10.67,6.5e-05,0.0,0.0,70.149,4.51,WiFi_6
UE_016,0.00707,6.927,4.437,-48.83,0.0101908,3.068,1.75,38.18,1.43,2.4e-05,0.0,0.0,43.311,1.92,WiFi_6
UE_017,0.00707,32.262,28.624,-38.287,2.61e-06,15.217,2.24,0.33,1.8,2.4e-05,0.0,0.0,87.46,9.51,WiFi_6
UE_018,0.00568,45.266,41.937,-32.601,5.488e-05,22.29,1.76,9.5,2.17,1.9e-05,0.0,0.0,87.46,12.34,WiFi_6
UE_019,0.00707,35.754,32.023,-36.776,6.507e-05,17.022,1.63,2.03,5.3,2.4e-05,0.0,0.0,87.46,10.64,WiFi_6
UE_000,0.00707,24.887,21.626,-39.623,4.762e-05,11.51,2.21,4.71,6.69,2.4e-05,0.0,0.0,87.46,7.19,WiFi_6
UE_001,0.00707,22.595,17.777,-41.49,0.00017103,9.487,2.1,0.92,11.9,2.4e-05,0.0,0.0,83.332,5.93,WiFi_6
UE_002,0.02542,32.67,31.987,-37.619,0.00011734,17.003,2.21,0.46,-6.6,8.5e-05,0.0,0.0,87.46,10.63,WiFi_6
UE_003,0.00707,23.907,20.053,-39.64,0.0001915,10.681,1.82,1.91,7.69,2.4e-05,0.0,0.0,87.46,6.68,WiFi_6
UE_004,0.00707,18.454,14.346,-42.361,0.00016308,7.708,1.66,6.78,-6.98,2.4e-05,0.0,0.0,73.037,4.82,WiFi_6
UE_005,0.00707,24.432,22.795,-41.261,2.846e-05,12.128,1.68,2.12,-2.8,2.4e-05,0.0,0.0,87.46,7.58,WiFi_6
UE_006,0.00707,21.0,17.812,-42.382,0.00018532,9.505,1.64,1.97,-4.2,2.4e-05,0.0,0.0,83.437,5.94,WiFi_6
UE_007,0.00707,34.758,32.027,-36.347,3.278e-05,17.024,2.1,1.54,13.68,2.4e-05,0.0,0.0,87.46,10.64,WiFi_6
UE_008,0.01042,30.841,28.133,-36.364,9.703e-05,14.956,1.65,2.65,7.66,3.5e-05,0.0,0.0,87.46,9.35,WiFi_6
UE_009,0.00707,24.399,18.675,-40.879,0.0001242,9.957,2.16,14.8,6.51,2.4e-05,0.0,0.0,86.025,6.22,WiFi_6
UE_010,0.01163,16.919,14.964,-44.565,0.00021712,8.026,2.09,1.49,-6.26,3.9e-05,0.0,0.0,74.891,5.02,WiFi_6
UE_011,0.00991,34.676,31.265,-34.532,6.574e-05,16.619,1.59,2.15,-4.74,3.3e-05,0.0,0.0,87.46,10.39,WiFi_6
UE_012,0.00707,11.127,7.731,-44.433,0.00102321,4.469,1.62,0.83,-7.32,2.4e-05,0.0,0.0,53.193,2.79,WiFi_6
UE_013,0.00707,30.621,26.81,-38.506,0.00019541,14.255,1.72,0.14,3.86,2.4e-05,0.0,0.0,87.46,8.91,WiFi_6
UE_014,0.00707,32.929,29.905,-37.894,6.15e-06,15.897,2.19,0.72,-4.33,2.4e-05,0.0,0.0,87.46,9.94,WiFi_6
UE_015,0.00638,32.863,27.948,-36.743,0.00023816,14.858,2.21,5.1,10.67,2.1e-05,0.0,0.0,87.46,9.29,WiFi_6
UE_016,0.00707,29.894,27.441,-36.482,0.00019616,14.589,1.59,3.14,1.43,2.4e-05,0.0,0.0,87.46,9.12,WiFi_6
UE_017,0.00707,15.231,11.662,-43.516,0.00108352,6.351,1.95,0.01,1.8,2.4e-05,0.0,0.0,64.986,3.97,WiFi_6
UE_018,0.005,27.192,22.49,-40.377,5.65e-05,11.967,1.75,2.64,2.17,1.7e-05,0.0,0.0,87.46,7.48,WiFi_6
UE_019,0.00707,36.459,33.714,-34.421,5.882e-05,17.92,1.68,3.51,5.3,2.4e-05,0.0,0.0,87.46,11.2,WiFi_6
UE_000,0.00707,24.895,22.842,-40.673,3.079e-05,12.153,1.67,0.95,6.69,2.4e-05,0.0,0.0,87.46,7.6,WiFi_6
UE_001,0.01145,28.414,26.248,-39.049,8.497e-05,13.956,1.84,2.59,11.9,3.8e-05,0.0,0.0,87.46,8.72,WiFi_6
UE_002,0.02464,-1.521,-5.12,-49.901,0.15007769,0.619,1.8,9.64,-6.6,8.2e-05,0.0,0.0,15.26,0.39,WiFi_6
UE_003,0.00707,7.598,5.876,-45.614,0.01014437,3.654,1.71,16.42,7.69,2.4e-05,0.0,0.0,47.628,2.28,WiFi_6
UE_004,0.00707,30.131,27.753,-37.075,7.421e-05,14.755,2.16,6.18,-12.46,2.4e-05,0.0,0.0,87.46,9.22,WiFi_6
UE_005,0.00707,14.51,7.503,-44.41,0.00112525,4.366,1.67,2.54,-2.8,2.4e-05,0.0,0.0,52.51,2.73,WiFi_6
UE_006,0.00707,36.916,32.58,-34.096,4.095e-05,17.318,1.99,0.51,-4.2,2.4e-05,0.0,0.0,87.46,10.82,WiFi_6
UE_007,0.00707,19.489,17.388,-42.261,0.0001253,9.284,1.93,0.77,13.68,2.4e-05,0.0,0.0,82.165,5.8,WiFi_6
UE_008,0.01473,18.891,13.338,-40.838,0.00022239,7.194,1.88,0.28,7.66,4.9e-05,0.0,0.0,70.014,4.5,WiFi_6
UE_009,0.00707,22.406,19.85,-41.426,0.00029265,10.574,1.86,1.48,6.51,2.4e-05,0.0,0.0,87.46,6.61,WiFi_6
UE_010,0.01449,16.98,13.823,-42.747,0.00025223,7.441,1.83,0.96,-6.06,4.8e-05,0.0,0.0,71.469,4.65,WiFi_6
UE_011,0.01232,28.499,24.43,-37.482,0.00013785,12.993,2.2,5.72,-4.74,4.1e-05,0.0,0.0,87.46,8.12,WiFi_6
UE_012,0.00707,24.061,19.445,-40.232,0.0002726,10.362,1.53,1.8,-7.32,2.4e-05,0.0,0.0,87.46,6.48,WiFi_6
UE_013,0.00707,20.222,17.863,-40.927,0.00027293,9.532,1.91,4.0,3.86,2.4e-05,0.0,0.0,83.589,5.96,WiFi_6
UE_014,0.00707,26.152,21.805,-39.303,9.492e-05,11.605,1.85,0.96,-4.33,2.4e-05,0.0,0.0,87.46,7.25,WiFi_6
UE_015,0.00545,24.922,19.874,-41.96,0.00016118,10.587,2.03,3.82,10.67,1.8e-05,0.0,0.0,87.46,6.62,WiFi_6
UE_016,0.00707,43.438,42.22,-31.893,0.00012645,22.441,1.73,3.04,1.43,2.4e-05,0.0,0.0,87.46,12.34,WiFi_6
UE_017,0.00707,34.542,32.522,-37.117,0.00014909,17.287,2.02,8.57,1.8,2.4e-05,0.0,0.0,87.46,10.8,WiFi_6
UE_018,0.00569,32.539,29.208,-37.764,6.619e-05,15.527,2.08,1.25,2.17,1.9e-05,0.0,0.0,87.46,9.7,WiFi_6
UE_019,0.00707,47.46,42.622,-32.281,6.64e-06,22.654,1.81,11.41,-6.89,2.4e-05,0.0,0.0,87.46,12.34,WiFi_6
UE_000,0.00707,32.037,29.022,-37.662,0.00016871,15.428,2.04,2.98,6.69,2.4e-05,0.0,0.0,87.46,9.64,WiFi_6
UE_001,0.0298,23.966,18.259,-40.479,0.00037229,9.739,1.76,2.6,-10.25,9.9e-05,0.0,0.0,84.777,6.09,WiFi_6
UE_002,0.02431,23.393,17.892,-40.863,0.00011274,9.547,1.97,0.33,-5.92,8.1e-05,0.0,0.0,83.675,5.97,WiFi_6
UE_003,0.00707,42.526,39.042,-33.034,0.00010975,20.751,1.56,1.09,7.69,2.4e-05,0.0,0.0,87.46,12.34,WiFi_6
UE_004,0.00545,42.795,38.352,-33.861,1.734e-05,20.385,1.9,17.42,-12.46,1.8e-05,0.0,0.0,87.46,12.34,WiFi_6
UE_005,0.00707,47.421,41.84,-31.935,0.0001406,22.238,1.59,5.37,-2.8,2.4e-05,0.0,0.0,87.46,12.34,WiFi_6
UE_006,0.00707,6.436,3.948,-48.266,0.01006872,2.88,1.78,27.04,-4.2,2.4e-05,0.0,0.0,41.845,1.8,WiFi_6
UE_007,0.00707,23.948,18.979,-40.899,0.00010446,10.116,1.66,1.52,13.68,2.4e-05,0.0,0.0,86.936,6.32,WiFi_6
UE_008,0.01923,14.784,11.257,-42.75,0.00100701,6.15,2.0,2.38,7.66,6.4e-05,0.0,0.0,63.77,3.84,WiFi_6
UE_009,0.00707,21.057,16.259,-40.985,0.00010993,8.696,2.04,5.88,6.51,2.4e-05,0.0,0.0,78.776,5.43,WiFi_6
UE_010,0.01112,32.289,28.634,-36.673,5.373e-05,15.222,2.19,1.5,-6.06,3.7e-05,0.0,0.0,87.46,9.51,WiFi_6
UE_011,0.01484,48.572,46.136,-30.537,0.00016909,24.522,1.55,0.09,-4.74,4.9e-05,0.0,0.0,87.46,12.34,WiFi_6
UE_012,0.00707,36.217,34.244,-37.807,3.126e-05,18.202,2.14,4.05,-7.32,2.4e-05,0.0,0.0,87.46,11.38,WiFi_6
UE_013,0.00707,14.969,11.675,-44.889,0.00106605,6.357,1.91,1.24,3.86,2.4e-05,0.0,0.0,65.026,3.97,WiFi_6
UE_014,0.00707,36.739,33.272,-36.082,0.00011716,17.686,2.02,0.45,-4.33,2.4e-05,0.0,0.0,87.46,11.05,WiFi_6
UE_015,0.0052,34.276,31.654,-35.741,0.00013495,16.826,2.18,1.7,10.67,1.7e-05,0.0,0.0,87.46,10.52,WiFi_6
UE_016,0.00707,32.638,27.163,-36.821,0.00019069,14.442,1.72,6.17,1.43,2.4e-05,0.0,0.0,87.46,9.03,WiFi_6
UE_017,0.00707,36.331,33.59,-35.636,6.136e-05,17.854,1.59,2.58,1.8,2.4e-05,0.0,0.0,87.46,11.16,WiFi_6
UE_018,0.00707,37.569,34.005,-35.672,4.246e-05,18.075,1.9,1.03,2.17,2.4e-05,0.0,0.0,87.46,11.3,WiFi_6
UE_019,0.00439,36.163,32.554,-34.805,9.41e-05,17.304,2.03,8.61,-6.89,1.5e-05,0.0,0.0,87.46,10.82,WiFi_6
UE_000,0.00707,12.402,11.101,-47.021,0.00104434,6.073,1.84,1.94,6.69,2.4e-05,0.0,0.0,63.304,3.8,WiFi_6
UE_001,0.01242,23.859,21.325,-40.538,0.00010012,11.351,1.52,3.21,-10.25,4.1e-05,0.0,0.0,87.46,7.09,WiFi_6
UE_002,0.02069,8.348,5.278,-46.751,0.01004946,3.405,1.82,16.65,-5.92,6.9e-05,0.0,0.0,45.833,2.13,WiFi_6
UE_003,0.00707,19.862,17.163,-41.914,0.00026735,9.166,2.01,0.94,7.69,2.4e-05,0.0,0.0,81.488,5.73,WiFi_6
UE_004,0.01059,12.948,11.102,-46.091,0.00111547,6.073,1.73,1.97,-12.46,3.5e-05,0.0,0.0,63.307,3.8,WiFi_6
UE_005,0.00707,43.482,42.667,-30.867,9.53e-06,22.678,1.7,1.59,-2.8,2.4e-05,0.0,0.0,87.46,12.34,WiFi_6
UE_006,0.00707,41.378,35.33,-32.342,0.00022846,18.779,1.54,2.35,-4.2,2.4e-05,0.0,0.0,87.46,11.74,WiFi_6
UE_007,0.00707,41.429,36.551,-34.713,2.52e-06,19.428,1.98,0.4,13.68,2.4e-05,0.0,0.0,87.46,12.14,WiFi_6
UE_008,0.02382,3.354,1.161,-49.697,0.01016875,1.929,2.25,33.54,7.66,7.9e-05,0.0,0.0,33.483,1.21,WiFi_6
UE_009,0.00707,18.501,14.844,-43.228,0.00022864,7.964,1.62,9.66,6.51,2.4e-05,0.0,0.0,74.533,4.98,WiFi_6
UE_010,0.00801,28.295,24.86,-39.223,7.849e-05,13.221,1.84,1.01,-6.06,2.7e-05,0.0,0.0,87.46,8.26,WiFi_6
UE_011,0.01742,15.213,11.082,-44.769,0.00106432,6.063,1.53,0.79,-4.74,5.8e-05,0.0,0.0,63.245,3.79,WiFi_6
UE_012,0.00707,30.127,29.061,-37.96,8.63e-06,15.449,1.85,1.57,-7.32,2.4e-05,0.0,0.0,87.46,9.66,WiFi_6
UE_013,0.00707,17.772,14.13,-41.835,0.00019668,7.598,2.21,3.91,3.86,2.4e-05,0.0,0.0,72.39,4.75,WiFi_6
UE_014,0.00707,28.968,25.064,-38.168,4.269e-05,13.329,2.23,9.65,-4.33,2.4e-05,0.0,0.0,87.46,8.33,WiFi_6
UE_015,0.00505,31.085,30.892,-37.649,6.589e-05,16.421,2.07,2.74,10.67,1.7e-05,0.0,0.0,87.46,10.26,WiFi_6
UE_016,0.00707,26.426,22.443,-39.427,8.226e-05,11.942,1.73,3.48,1.43,2.4e-05,0.0,0.0,87.46,7.46,WiFi_6
UE_017,0.00707,17.369,14.728,-43.2,0.00016566,7.904,2.12,0.07,1.8,2.4e-05,0.0,0.0,74.183,4.94,WiFi_6
UE_018,0.00707,28.994,23.972,-37.529,0.00024362,12.751,1.59,0.93,2.17,2.4e-05,0.0,0.0,87.46,7.97,WiFi_6
UE_019,0.01223,18.085,15.441,-41.33,0.00017039,8.272,1.92,1.94,-6.89,4.1e-05,0.0,0.0,76.323,5.17,WiFi_6
UE_000,0.00707,18.969,14.786,-42.493,0.00010224,7.934,1.67,0.32,6.69,2.4e-05,0.0,0.0,74.359,4.96,WiFi_6
UE_001,0.00508,21.048,18.844,-40.331,0.00020565,10.045,1.99,3.6,-10.25,1.7e-05,0.0,0.0,86.531,6.28,WiFi_6
UE_002,0.0171,21.509,19.058,-41.419,0.00018629,10.158,2.09,1.79,-5.92,5.7e-05,0.0,0.0,87.173,6.35,WiFi_6
UE_003,0.00707,37.469,32.876,-34.89,4.29e-05,17.475,1.84,0.86,7.69,2.4e-05,0.0,0.0,87.46,10.92,WiFi_6
UE_004,0.01725,12.617,6.946,-46.1,0.00107689,4.117,1.8,0.56,-12.46,5.7e-05,0.0,0.0,50.838,2.57,WiFi_6
UE_005,0.00707,24.115,20.639,-39.898,0.00030547,10.99,2.23,3.49,-2.8,2.4e-05,0.0,0.0,87.46,6.87,WiFi_6
UE_006,0.00707,23.264,20.565,-40.736,1.037e-05,10.95,2.05,0.99,-4.2,2.4e-05,0.0,0.0,87.46,6.84,WiFi_6
UE_007,0.00707,36.064,32.189,-35.351,0.00019565,17.11,1.72,3.27,13.68,2.4e-05,0.0,0.0,87.46,10.69,WiFi_6
UE_008,0.02256,5.62,0.203,-49.004,0.01009778,1.655,1.57,29.75,7.66,7.5e-05,0.0,0.0,30.61,1.03,WiFi_6
UE_009,0.00707,35.838,31.464,-35.816,7.832e-05,16.725,1.72,8.59,6.51,2.4e-05,0.0,0.0,87.46,10.45,WiFi_6
UE_010,0.00563,39.084,35.143,-33.892,7.176e-05,18.679,1.82,2.83,-6.06,1.9e-05,0.0,0.0,87.46,11.67,WiFi_6
UE_011,0.02003,9.809,8.767,-46.01,0.00115273,4.947,1.66,2.39,-4.74,6.7e-05,0.0,0.0,56.3,3.09,WiFi_6
UE_012,0.00707,1.507,-2.057,-49.155,0.15003014,1.117,1.55,37.64,-7.32,2.4e-05,0.0,0.0,23.829,0.7,WiFi_6
UE_013,0.00707,32.754,28.997,-36.88,0.00012207,15.415,1.99,4.14,3.86,2.4e-05,0.0,0.0,87.46,9.63,WiFi_6
UE_014,0.00707,35.761,31.492,-36.439,5.241e-05,16.74,2.05,1.3,-4.33,2.4e-05,0.0,0.0,87.46,10.46,WiFi_6
UE_015,0.005,43.554,39.669,-33.479,0.00014295,21.085,2.14,2.43,10.67,1.7e-05,0.0,0.0,87.46,12.34,WiFi_6
UE_016,0.00707,20.861,17.464,-42.532,0.00016803,9.323,2.14,6.48,1.43,2.4e-05,0.0,0.0,82.392,5.83,WiFi_6
UE_017,0.00707,41.997,40.458,-33.961,6.736e-05,21.504,2.07,1.24,1.8,2.4e-05,0.0,0.0,87.46,12.34,WiFi_6
UE_018,0.00707,27.695,26.176,-39.259,0.00015327,13.918,1.73,3.78,2.17,2.4e-05,0.0,0.0,87.46,8.7,WiFi_6
UE_019,0.021,16.569,12.645,-43.164,0.00010582,6.843,2.0,1.12,-6.89,7e-05,0.0,0.0,67.936,4.28,WiFi_6
UE_000,0.00707,16.61,13.627,-42.151,0.00011456,7.341,2.2,4.3,6.69,2.4e-05,0.0,0.0,70.881,4.59,WiFi_6
UE_001,0.00707,27.882,25.921,-37.915,4.054e-05,13.783,1.71,0.36,-10.25,2.4e-05,0.0,0.0,87.46,8.61,WiFi_6
UE_002,0.01359,17.181,13.043,-42.596,0.00014566,7.044,1.78,0.53,-5.92,4.5e-05,0.0,0.0,69.128,4.4,WiFi_6
UE_003,0.00707,28.949,25.177,-37.138,8.8e-06,13.389,1.98,1.63,7.69,2.4e-05,0.0,0.0,87.46,8.37,WiFi_6
UE_004,0.0242,9.392,4.055,-42.967,0.010054,2.921,1.79,29.92,-12.46,8.1e-05,0.0,0.0,42.166,1.83,WiFi_6
UE_005,0.00707,15.922,14.341,-42.224,0.00014078,7.706,1.75,0.64,-0.48,2.4e-05,0.0,0.0,73.024,4.82,WiFi_6
UE_006,0.00707,33.341,30.084,-37.436,0.00016756,15.992,1.54,6.27,-4.2,2.4e-05,0.0,0.0,87.46,10.0,WiFi_6
UE_007,0.00707,15.088,8.636,-43.335,0.00122419,4.886,1.77,6.28,13.68,2.4e-05,0.0,0.0,55.909,3.05,WiFi_6
UE_008,0.01799,10.108,6.592,-43.668,0.00117632,3.961,1.56,8.93,7.66,6e-05,0.0,0.0,49.775,2.48,WiFi_6
UE_009,0.00707,26.628,25.513,-40.245,0.00030412,13.567,1.57,0.07,6.51,2.4e-05,0.0,0.0,87.46,8.48,WiFi_6
UE_010,0.00512,33.745,31.807,-38.296,5.498e-05,16.907,1.74,0.55,-6.06,1.7e-05,0.0,0.0,87.46,10.57,WiFi_6
UE_011,0.02266,28.68,25.372,-39.933,1.724e-05,13.492,2.04,2.13,-4.74,7.6e-05,0.0,0.0,87.46,8.43,WiFi_6
UE_012,0.00707,16.772,12.107,-43.742,0.00012939,6.573,2.13,1.89,-7.32,2.4e-05,0.0,0.0,66.321,4.11,WiFi_6
UE_013,0.00707,31.188,26.156,-37.324,0.00017253,13.908,1.82,2.19,-11.7,2.4e-05,0.0,0.0,87.46,8.69,WiFi_6
UE_014,0.00707,31.732,30.213,-39.088,0.00015127,16.061,1.62,8.93,-4.33,2.4e-05,0.0,0.0,87.46,10.04,WiFi_6
UE_015,0.00505,42.692,39.249,-33.153,0.00011784,20.862,1.93,5.29,10.67,1.7e-05,0.0,0.0,87.46,12.34,WiFi_6
UE_016,0.00707,24.126,20.063,-41.413,0.00010316,10.686,2.05,1.06,1.43,2.4e-05,0.0,0.0,87.46,6.68,WiFi_6
UE_017,0.00707,24.082,19.884,-41.188,0.00015375,10.592,2.21,0.33,1.8,2.4e-05,0.0,0.0,87.46,6.62,WiFi_6
UE_018,0.00707,37.396,31.278,-35.647,4.2e-06,16.626,1.87,10.58,2.17,2.4e-05,0.0,0.0,87.46,10.39,WiFi_6
UE_019,0.02115,25.92,24.684,-40.171,0.00019105,13.128,1.84,2.95,-6.89,7.1e-05,0.0,0.0,87.46,8.2,WiFi_6
UE_000,0.00707,23.046,18.388,-41.203,0.00016213,9.807,1.76,1.44,6.69,2.4e-05,0.0,0.0,85.164,6.13,WiFi_6
UE_001,0.00707,29.516,26.121,-36.905,0.00011206,13.889,1.59,0.06,-10.25,2.4e-05,0.0,0.0,87.46,8.68,WiFi_6
UE_002,0.01023,16.416,15.72,-45.679,0.00011954,8.416,1.67,1.88,-5.92,3.4e-05,0.0,0.0,77.159,5.26,WiFi_6
UE_003,0.00707,26.823,22.228,-39.631,6.325e-05,11.828,1.83,0.34,7.69,2.4e-05,0.0,0.0,87.46,7.39,WiFi_6
UE_004,0.0198,21.748,18.888,-40.072,0.00014611,10.069,2.1,6.89,-12.46,6.6e-05,0.0,0.0,86.663,6.29,WiFi_6
UE_005,0.00713,32.17,27.304,-37.256,3.827e-05,14.516,1.53,0.59,-0.48,2.4e-05,0.0,0.0,87.46,9.07,WiFi_6
UE_006,0.00707,24.591,24.537,-42.938,1.896e-05,13.05,1.59,9.37,-4.2,2.4e-05,0.0,0.0,87.46,8.16,WiFi_6
UE_007,0.00707,31.764,27.365,-36.896,0.00016627,14.549,1.51,7.94,13.68,2.4e-05,0.0,0.0,87.46,9.09,WiFi_6
UE_008,0.01353,29.348,22.345,-38.056,7.856e-05,11.89,1.66,1.02,7.66,4.5e-05,0.0,0.0,87.46,7.43,WiFi_6
UE_009,0.00707,31.183,25.952,-38.329,7.11e-06,13.8,1.52,3.59,6.51,2.4e-05,0.0,0.0,87.46,8.62,WiFi_6
UE_010,0.00691,30.179,25.822,-36.145,2.573e-05,13.731,2.23,2.26,-6.06,2.3e-05,0.0,0.0,87.46,8.58,WiFi_6
UE_011,0.02531,28.829,23.309,-37.858,1.636e-05,12.4,2.1,3.34,-4.74,8.4e-05,0.0,0.0,87.46,7.75,WiFi_6
UE_012,0.00707,21.047,16.545,-40.565,0.00014034,8.844,1.58,1.63,-7.32,2.4e-05,0.0,0.0,79.635,5.53,WiFi_6
UE_013,0.01085,10.674,6.195,-46.98,0.00103717,3.79,2.05,1.27,-11.7,3.6e-05,0.0,0.0,48.585,2.37,WiFi_6
UE_014,0.00707,35.913,29.088,-36.371,3.209e-05,15.464,1.91,0.47,-4.33,2.4e-05,0.0,0.0,87.46,9.66,WiFi_6
UE_015,0.00519,36.751,31.461,-33.909,0.00013259,16.723,2.21,5.26,10.67,1.7e-05,0.0,0.0,87.46,10.45,WiFi_6
UE_016,0.00707,32.367,28.287,-36.313,0.00016897,15.038,1.95,5.37,1.43,2.4e-05,0.0,0.0,87.46,9.4,WiFi_6
UE_017,0.00707,30.795,27.785,-39.945,6.473e-05,14.772,1.77,1.25,1.8,2.4e-05,0.0,0.0,87.46,9.23,WiFi_6
UE_018,0.00707,25.62,22.342,-38.438,2.55e-06,11.888,1.81,1.54,2.17,2.4e-05,0.0,0.0,87.46,7.43,WiFi_6
UE_019,0.01412,24.572,21.676,-38.921,9.438e-05,11.536,1.58,4.07,-6.89,4.7e-05,0.0,0.0,87.46,7.21,WiFi_6
UE_000,0.00707,29.558,23.722,-38.535,0.0001235,12.618,1.93,1.32,6.69,2.4e-05,0.0,0.0,87.46,7.89,WiFi_6
UE_001,0.00707,32.049,30.364,-36.802,5.994e-05,16.141,1.85,1.52,-6.93,2.4e-05,0.0,0.0,87.46,10.09,WiFi_6
UE_002,0.00722,26.074,19.746,-41.723,0.00010308,10.519,1.84,0.83,-5.92,2.4e-05,0.0,0.0,87.46,6.57,WiFi_6
UE_003,0.00707,34.521,29.512,-36.802,5.159e-05,15.688,1.83,0.13,7.69,2.4e-05,0.0,0.0,87.46,9.81,WiFi_6
UE_004,0.01299,15.023,10.873,-44.019,0.00113643,5.96,1.78,0.69,-12.46,4.3e-05,0.0,0.0,62.618,3.73,WiFi_6
UE_005,0.01597,2.722,1.464,-48.54,0.01002333,2.022,1.84,27.39,-3.71,5.3e-05,0.0,0.0,34.392,1.26,WiFi_6
UE_006,0.00707,29.091,26.715,-38.248,2.386e-05,14.204,2.04,0.63,-4.2,2.4e-05,0.0,0.0,87.46,8.88,WiFi_6
UE_007,0.00707,26.506,21.628,-37.951,6.708e-05,11.511,2.25,1.47,13.68,2.4e-05,0.0,0.0,87.46,7.19,WiFi_6
UE_008,0.00931,21.262,16.553,-42.58,0.00013636,8.848,1.96,3.57,7.66,3.1e-05,0.0,0.0,79.658,5.53,WiFi_6
UE_009,0.00707,30.016,26.587,-38.891,6.475e-05,14.136,1.83,8.26,6.51,2.4e-05,0.0,0.0,87.46,8.84,WiFi_6
UE_010,0.00707,20.814,16.175,-41.689,0.00014175,8.652,1.96,2.09,-6.06,2.4e-05,0.0,0.0,78.526,5.41,WiFi_6
UE_011,0.02303,11.541,6.32,-43.879,0.001108,3.843,1.77,4.58,-4.74,7.7e-05,0.0,0.0,48.959,2.4,WiFi_6
UE_012,0.00707,12.951,8.823,-45.463,0.00109058,4.974,1.89,0.53,-7.32,2.4e-05,0.0,0.0,56.47,3.11,WiFi_6
UE_013,0.02476,22.559,19.503,-38.255,0.00018445,10.392,1.69,8.7,-11.7,8.3e-05,0.0,0.0,87.46,6.49,WiFi_6
UE_014,0.00707,16.202,10.231,-43.272,0.00112992,5.647,1.52,0.88,-4.33,2.4e-05,0.0,0.0,60.692,3.53,WiFi_6
UE_015,0.00543,27.327,22.98,-38.104,7.143e-05,12.225,1.52,1.82,10.67,1.8e-05,0.0,0.0,87.46,7.64,WiFi_6
UE_016,0.00707,27.451,24.958,-39.355,0.00011312,13.273,1.62,2.6,1.43,2.4e-05,0.0,0.0,87.46,8.3,WiFi_6
UE_017,0.00707,49.009,44.818,-30.839,1.77e-06,23.821,2.01,1.13,1.8,2.4e-05,0.0,0.0,87.46,12.34,WiFi_6
UE_018,0.00707,30.712,27.631,-39.481,4.168e-05,14.69,1.66,1.06,2.17,2.4e-05,0.0,0.0,87.46,9.18,WiFi_6
UE_019,0.0106,18.353,14.454,-42.722,0.00014828,7.764,1.92,1.5,-6.89,3.5e-05,0.0,0.0,73.363,4.85,WiFi_6
UE_000,0.00707,22.401,19.91,-42.562,0.00012944,10.606,2.23,4.08,6.69,2.4e-05,0.0,0.0,87.46,6.63,WiFi_6
UE_001,0.01228,14.295,11.287,-44.955,0.00106628,6.165,1.74,3.77,-13.32,4.1e-05,0.0,0.0,63.86,3.85,WiFi_6
UE_002,0.00522,41.007,40.016,-35.648,6.923e-05,21.269,1.64,2.43,-5.92,1.7e-05,0.0,0.0,87.46,12.34,WiFi_6
UE_003,0.00707,29.787,24.843,-38.924,7.525e-05,13.212,1.63,1.97,7.69,2.4e-05,0.0,0.0,87.46,8.26,WiFi_6
UE_004,0.00695,44.692,40.539,-32.894,5.426e-05,21.547,1.88,3.8,-12.46,2.3e-05,0.0,0.0,87.46,12.34,WiFi_6
UE_005,0.00796,20.641,18.711,-40.749,0.00019023,9.976,1.93,0.45,-3.71,2.7e-05,0.0,0.0,86.134,6.24,WiFi_6
UE_006,0.00707,36.948,32.992,-35.423,0.00016627,17.537,2.16,4.58,-4.2,2.4e-05,0.0,0.0,87.46,10.96,WiFi_6
UE_007,0.00707,27.515,26.18,-37.962,0.00014189,13.921,1.96,0.03,13.68,2.4e-05,0.0,0.0,87.46,8.7,WiFi_6
UE_008,0.00591,31.861,29.69,-36.241,6.619e-05,15.783,2.25,1.1,7.66,2e-05,0.0,0.0,87.46,9.86,WiFi_6
UE_009,0.00707,38.556,34.485,-33.002,5.78e-06,18.33,1.6,0.75,6.51,2.4e-05,0.0,0.0,87.46,11.46,WiFi_6
UE_010,0.00707,27.708,23.145,-38.163,1.438e-05,12.313,2.09,0.48,-6.06,2.4e-05,0.0,0.0,87.46,7.7,WiFi_6
UE_011,0.02039,20.643,18.684,-40.444,0.00016675,9.962,1.77,12.81,-4.74,6.8e-05,0.0,0.0,86.053,6.23,WiFi_6
UE_012,0.00707,28.066,25.237,-39.79,5.153e-05,13.421,1.69,1.64,-7.32,2.4e-05,0.0,0.0,87.46,8.39,WiFi_6
UE_013,0.0122,26.734,24.395,-39.141,2.25e-06,12.974,2.2,1.53,-11.7,4.1e-05,0.0,0.0,87.46,8.11,WiFi_6
UE_014,0.00707,44.832,43.813,-30.492,8.735e-05,23.287,1.63,8.34,-4.33,2.4e-05,0.0,0.0,87.46,12.34,WiFi_6
UE_015,0.00574,22.837,19.697,-41.27,0.00010018,10.494,2.16,0.87,10.67,1.9e-05,0.0,0.0,87.46,6.56,WiFi_6
UE_016,0.00707,35.219,32.432,-35.809,0.00017405,17.239,2.04,2.55,1.43,2.4e-05,0.0,0.0,87.46,10.77,WiFi_6
UE_017,0.00707,30.782,28.264,-36.978,1.506e-05,15.026,1.8,4.61,1.8,2.4e-05,0.0,0.0,87.46,9.39,WiFi_6
UE_018,0.00707,35.234,32.653,-35.265,0.0001894,17.356,2.02,4.68,2.17,2.4e-05,0.0,0.0,87.46,10.85,WiFi_6
UE_019,0.01354,6.158,3.115,-47.515,0.0100317,2.573,2.01,10.67,-6.89,4.5e-05,0.0,0.0,39.346,1.61,WiFi_6
UE_000,0.00707,25.982,22.651,-39.553,1.355e-05,12.052,1.99,2.72,6.69,2.4e-05,0.0,0.0,87.46,7.53,WiFi_6
UE_001,0.01964,36.416,31.264,-34.133,0.00014115,16.619,1.91,4.17,-13.32,6.5e-05,0.0,0.0,87.46,10.39,WiFi_6
UE_002,0.00547,44.004,41.719,-30.931,4.03e-06,22.174,1.94,1.94,-5.92,1.8e-05,0.0,0.0,87.46,12.34,WiFi_6
UE_003,0.00707,8.15,4.129,-47.717,0.01017384,2.949,1.57,33.7,7.69,2.4e-05,0.0,0.0,42.387,1.84,WiFi_6
UE_004,0.00552,29.114,25.382,-38.012,3.067e-05,13.498,1.94,14.34,-12.46,1.8e-05,0.0,0.0,87.46,8.44,WiFi_6
UE_005,0.00572,26.896,23.248,-39.469,9.5e-05,12.368,2.11,5.65,-3.71,1.9e-05,0.0,0.0,87.46,7.73,WiFi_6
UE_006,0.00707,22.796,17.526,-38.663,0.00010574,9.356,1.73,10.82,-4.2,2.4e-05,0.0,0.0,82.579,5.85,WiFi_6
UE_007,0.00707,31.612,28.374,-37.413,0.00011378,15.085,1.81,0.25,13.68,2.4e-05,0.0,0.0,87.46,9.43,WiFi_6
UE_008,0.00524,51.638,48.312,-29.151,2.016e-05,25.678,1.92,2.21,7.66,1.7e-05,0.0,0.0,87.46,12.34,WiFi_6
UE_009,0.00707,31.186,26.756,-37.381,0.00018437,14.226,2.16,0.92,6.51,2.4e-05,0.0,0.0,87.46,8.89,WiFi_6
UE_010,0.00707,28.845,23.539,-37.042,8.323e-05,12.521,2.13,2.43,-6.06,2.4e-05,0.0,0.0,87.46,7.83,WiFi_6
UE_011,0.01777,7.339,0.604,-46.487,0.0100178,1.766,1.91,25.89,-4.74,5.9e-05,0.0,0.0,31.813,1.1,WiFi_6
UE_012,0.00707,31.221,26.018,-37.394,1.614e-05,13.835,2.06,0.61,-7.32,2.4e-05,0.0,0.0,87.46,8.65,WiFi_6
UE_013,0.0061,25.993,21.914,-38.626,9.409e-05,11.663,1.61,0.32,-11.7,2e-05,0.0,0.0,87.46,7.29,WiFi_6
UE_014,0.00707,12.762,9.631,-44.954,0.00102209,5.357,2.15,0.48,-4.33,2.4e-05,0.0,0.0,58.892,3.35,WiFi_6
UE_015,0.00612,27.79,24.002,-37.798,3.516e-05,12.767,2.15,0.0,10.67,2e-05,0.0,0.0,87.46,7.98,WiFi_6
UE_016,0.00707,27.326,23.118,-38.852,8.347e-05,12.299,1.7,1.8,1.43,2.4e-05,0.0,0.0,87.46,7.69,WiFi_6
UE_017,0.00707,45.909,42.694,-31.357,9.961e-05,22.692,1.62,2.86,1.8,2.4e-05,0.0,0.0,87.46,12.34,WiFi_6
UE_018,0.00707,39.594,36.271,-34.813,3.366e-05,19.279,1.93,1.92,3.46,2.4e-05,0.0,0.0,87.46,12.05,WiFi_6
UE_019,0.0159,3.63,-0.717,-49.812,0.1500968,1.417,1.66,14.27,-6.89,5.3e-05,0.0,0.0,27.85,0.89,WiFi_6
UE_000,0.00707,38.954,33.795,-34.331,0.00017678,17.963,1.64,1.74,1.8,2.4e-05,0.0,0.0,87.46,11.23,WiFi_6
UE_001,0.02375,-11.758,-15.067,-56.119,0.15006428,0.071,1.52,34.23,-13.32,7.9e-05,0.0,0.0,15.26,0.1,WiFi_6
UE_002,0.00707,24.133,20.221,-39.487,8.203e-05,10.77,1.55,3.3,-5.92,2.4e-05,0.0,0.0,87.46,6.73,WiFi_6
UE_003,0.00707,28.634,23.174,-39.151,0.00027236,12.328,2.18,2.4,7.69,2.4e-05,0.0,0.0,87.46,7.71,WiFi_6
UE_004,0.00707,-2.132,-7.014,-51.445,0.15003271,0.419,1.68,24.41,-12.46,2.4e-05,0.0,0.0,15.26,0.26,WiFi_6
UE_005,0.00707,37.118,33.951,-36.473,2.488e-05,18.046,2.14,1.99,-3.71,2.4e-05,0.0,0.0,87.46,11.28,WiFi_6
UE_006,0.00707,31.788,30.334,-38.897,8.961e-05,16.125,2.18,7.22,-4.2,2.4e-05,0.0,0.0,87.46,10.08,WiFi_6
UE_007,0.00707,31.129,27.869,-38.743,0.00010226,14.816,1.74,0.1,13.68,2.4e-05,0.0,0.0,87.46,9.26,WiFi_6
UE_008,0.00707,22.122,20.274,-41.483,0.00020195,10.797,2.08,5.12,7.66,2.4e-05,0.0,0.0,87.46,6.75,WiFi_6
UE_009,0.00707,43.183,40.043,-34.215,0.00011352,21.283,1.58,0.58,6.51,2.4e-05,0.0,0.0,87.46,12.34,WiFi_6
UE_010,0.00707,36.657,35.744,-34.082,6.967e-05,18.999,1.7,4.27,-6.06,2.4e-05,0.0,0.0,87.46,11.87,WiFi_6
UE_011,0.01519,19.817,16.781,-42.285,0.00015422,8.967,2.04,2.1,-4.74,5.1e-05,0.0,0.0,80.344,5.6,WiFi_6
UE_012,0.00707,23.415,19.903,-41.383,0.00015561,10.602,2.03,0.09,-7.32,2.4e-05,0.0,0.0,87.46,6.63,WiFi_6
UE_013,0.00707,37.975,35.353,-33.5,0.00011811,18.791,2.05,0.02,-11.7,2.4e-05,0.0,0.0,87.46,11.74,WiFi_6
UE_014,0.00707,30.068,26.874,-37.213,3.097e-05,14.289,2.2,1.03,-4.33,2.4e-05,0.0,0.0,87.46,8.93,WiFi_6
UE_015,0.00656,40.696,36.766,-33.408,0.00014946,19.542,2.11,4.33,-0.71,2.2e-05,0.0,0.0,87.46,12.21,WiFi_6
UE_016,0.00707,31.137,28.578,-36.635,9.97e-06,15.193,1.99,1.58,1.43,2.4e-05,0.0,0.0,87.46,9.5,WiFi_6
UE_017,0.00707,38.21,38.263,-33.22,2.946e-05,20.337,2.17,2.24,1.8,2.4e-05,0.0,0.0,87.46,12.34,WiFi_6
UE_018,0.01046,36.371,33.494,-35.363,5.023e-05,17.803,2.24,0.78,3.46,3.5e-05,0.0,0.0,87.46,11.13,WiFi_6
UE_019,0.0183,16.777,12.933,-42.168,0.00018056,6.989,2.22,2.1,-6.89,6.1e-05,0.0,0.0,68.799,4.37,WiFi_6
UE_000,0.00707,28.39,26.912,-39.505,6.637e-05,14.309,2.19,1.75,1.8,2.4e-05,0.0,0.0,87.46,8.94,WiFi_6
UE_001,0.01622,-1.174,-2.027,-50.511,0.15021591,1.124,2.13,26.91,-13.32,5.4e-05,0.0,0.0,23.92,0.7,WiFi_6
UE_002,0.00707,31.731,26.751,-37.938,0.00016471,14.224,2.13,4.25,-5.92,2.4e-05,0.0,0.0,87.46,8.89,WiFi_6
UE_003,0.00707,38.155,33.247,-35.14,0.00010733,17.672,2.21,5.63,7.69,2.4e-05,0.0,0.0,87.46,11.05,WiFi_6
UE_004,0.00707,35.7,32.203,-34.123,6.547e-05,17.117,2.13,0.83,-12.46,2.4e-05,0.0,0.0,87.46,10.7,WiFi_6
UE_005,0.00707,18.994,16.256,-41.139,0.000201,8.694,1.55,0.76,-3.71,2.4e-05,0.0,0.0,78.768,5.43,WiFi_6
UE_006,0.00707,19.778,13.622,-43.018,0.00015041,7.338,2.07,0.92,-4.2,2.4e-05,0.0,0.0,70.865,4.59,WiFi_6
UE_007,0.00707,39.769,35.466,-34.891,2.316e-05,18.851,1.99,4.21,13.68,2.4e-05,0.0,0.0,87.46,11.78,WiFi_6
UE_008,0.00707,29.864,26.071,-36.845,3.43e-06,13.863,1.6,2.75,7.66,2.4e-05,0.0,0.0,87.46,8.66,WiFi_6
UE_009,0.00707,15.578,11.343,-44.327,0.00100481,6.192,1.94,0.04,6.51,2.4e-05,0.0,0.0,64.028,3.87,WiFi_6
UE_010,0.00707,29.846,25.462,-36.409,0.00020878,13.54,2.25,0.1,-6.06,2.4e-05,0.0,0.0,87.46,8.46,WiFi_6
UE_011,0.01266,18.469,13.871,-40.968,0.00023478,7.465,2.03,4.54,-4.74,4.2e-05,0.0,0.0,71.612,4.67,WiFi_6
UE_012,0.00707,31.648,29.792,-37.654,0.00010409,15.837,2.17,6.59,-7.32,2.4e-05,0.0,0.0,87.46,9.9,WiFi_6
UE_013,0.00707,38.873,33.863,-35.892,4.514e-05,18.0,2.14,0.79,-11.7,2.4e-05,0.0,0.0,87.46,11.25,WiFi_6
UE_014,0.00707,15.494,14.218,-46.188,0.00015653,7.643,1.78,7.41,-4.33,2.4e-05,0.0,0.0,72.655,4.78,WiFi_6
UE_015,0.00648,35.364,29.522,-35.88,0.00021716,15.694,2.18,1.84,-0.71,2.2e-05,0.0,0.0,87.46,9.81,WiFi_6
UE_016,0.00707,41.597,36.888,-34.986,9.29e-06,19.607,2.0,0.61,1.43,2.4e-05,0.0,0.0,87.46,12.25,WiFi_6
UE_017,0.00707,17.057,11.031,-42.263,0.00111604,6.038,1.65,1.91,1.8,2.4e-05,0.0,0.0,63.093,3.77,WiFi_6
UE_018,0.02391,29.016,25.463,-38.477,0.0002264,13.54,1.98,5.67,3.46,8e-05,0.0,0.0,87.46,8.46,WiFi_6
UE_019,0.02073,18.936,16.738,-42.083,0.00019556,8.945,1.78,1.08,-6.89,6.9e-05,0.0,0.0,80.213,5.59,WiFi_6
UE_000,0.00707,24.836,23.583,-40.695,7.167e-05,12.545,1.9,2.21,1.8,2.4e-05,0.0,0.0,87.46,7.84,WiFi_6
UE_001,0.00914,33.371,27.994,-37.56,4.865e-05,14.882,1.88,0.69,-13.32,3e-05,0.0,0.0,87.46,9.3,WiFi_6
UE_002,0.00707,36.766,34.66,-35.215,2.982e-05,18.423,2.16,11.19,-5.92,2.4e-05,0.0,0.0,87.46,11.51,WiFi_6
UE_003,0.00707,38.694,34.11,-33.657,1.598e-05,18.131,1.79,4.6,7.69,2.4e-05,0.0,0.0,87.46,11.33,WiFi_6
UE_004,0.00707,44.486,41.682,-33.087,1.003e-05,22.154,2.27,3.41,-12.46,2.4e-05,0.0,0.0,87.46,12.34,WiFi_6
UE_005,0.00707,5.979,3.811,-48.206,0.01005665,2.828,1.64,31.94,-3.71,2.4e-05,0.0,0.0,41.432,1.77,WiFi_6
UE_006,0.00707,31.735,26.164,-36.443,4.155e-05,13.912,2.2,1.93,5.06,2.4e-05,0.0,0.0,87.46,8.7,WiFi_6
UE_007,0.00707,17.589,14.982,-43.662,0.00021382,8.035,1.57,5.34,13.68,2.4e-05,0.0,0.0,74.946,5.02,WiFi_6
UE_008,0.00707,29.638,22.988,-38.272,0.00014945,12.23,1.81,1.15,7.66,2.4e-05,0.0,0.0,87.46,7.64,WiFi_6
UE_009,0.00707,28.939,24.293,-39.475,8.561e-05,12.92,2.07,0.12,6.51,2.4e-05,0.0,0.0,87.46,8.08,WiFi_6
UE_010,0.00707,27.178,23.36,-39.097,1.846e-05,12.427,1.54,2.09,-6.06,2.4e-05,0.0,0.0,87.46,7.77,WiFi_6
UE_011,0.01023,18.421,14.859,-42.196,0.00011665,7.972,2.27,5.2,-4.74,3.4e-05,0.0,0.0,74.577,4.98,WiFi_6
UE_012,0.00707,20.757,16.044,-43.313,0.00018686,8.584,2.12,1.8,-7.32,2.4e-05,0.0,0.0,78.132,5.37,WiFi_6
UE_013,0.00707,41.721,36.833,-33.35,8.288e-05,19.577,1.8,2.93,-11.77,2.4e-05,0.0,0.0,87.46,12.24,WiFi_6
UE_014,0.00707,24.055,22.994,-42.305,0.00014918,12.233,1.64,1.41,-4.33,2.4e-05,0.0,0.0,87.46,7.65,WiFi_6
UE_015,0.00595,41.815,36.864,-34.288,3.49e-05,19.594,2.18,2.22,-0.71,2e-05,0.0,0.0,87.46,12.25,WiFi_6
UE_016,0.00707,33.921,31.815,-36.857,1.418e-05,16.911,1.83,5.61,1.43,2.4e-05,0.0,0.0,87.46,10.57,WiFi_6
UE_017,0.00707,25.43,22.351,-40.01,2.912e-05,11.893,1.6,7.17,1.8,2.4e-05,0.0,0.0,87.46,7.43,WiFi_6
UE_018,0.0134,23.328,18.871,-42.481,0.00036306,10.06,2.21,0.76,3.46,4.5e-05,0.0,0.0,86.613,6.29,WiFi_6
UE_019,0.02318,24.262,21.027,-41.912,3.563e-05,11.194,2.09,9.34,-6.89,7.7e-05,0.0,0.0,87.46,7.0,WiFi_6
UE_000,0.00707,36.415,31.626,-35.485,0.00015914,16.811,1.63,6.18,1.8,2.4e-05,0.0,0.0,87.46,10.51,WiFi_6
UE_001,0.005,31.951,29.325,-36.956,5.688e-05,15.589,1.62,0.55,-13.32,1.7e-05,0.0,0.0,87.46,9.74,WiFi_6
UE_002,0.00707,25.971,22.85,-41.423,0.0001015,12.157,1.84,5.87,-5.92,2.4e-05,0.0,0.0,87.46,7.6,WiFi_6
UE_003,0.00707,31.005,27.279,-37.162,7.719e-05,14.504,1.53,7.06,7.69,2.4e-05,0.0,0.0,87.46,9.06,WiFi_6
UE_004,0.00707,24.534,18.337,-40.148,0.0001788,9.78,1.59,2.01,-12.46,2.4e-05,0.0,0.0,85.011,6.11,WiFi_6
UE_005,0.00707,18.495,17.095,-43.355,0.00011136,9.131,1.77,4.63,-3.71,2.4e-05,0.0,0.0,81.286,5.71,WiFi_6
UE_006,0.00425,45.546,41.924,-30.906,3.184e-05,22.283,1.59,6.56,5.06,1.4e-05,0.0,0.0,87.46,12.34,WiFi_6
UE_007,0.00707,36.228,34.978,-33.909,0.00015383,18.592,1.57,1.36,13.68,2.4e-05,0.0,0.0,87.46,11.62,WiFi_6
UE_008,0.00707,32.403,28.819,-36.939,1.7e-06,15.321,2.08,2.04,7.66,2.4e-05,0.0,0.0,87.46,9.58,WiFi_6
UE_009,0.00707,20.031,14.032,-41.43,0.00016322,7.547,1.95,4.66,6.51,2.4e-05,0.0,0.0,72.095,4.72,WiFi_6
UE_010,0.00707,40.563,37.843,-34.088,2.697e-05,20.114,1.94,11.14,-6.06,2.4e-05,0.0,0.0,87.46,12.34,WiFi_6
UE_011,0.00798,30.03,28.29,-37.344,0.00020873,15.04,1.88,0.16,-4.74,2.7e-05,0.0,0.0,87.46,9.4,WiFi_6
UE_012,0.00707,32.169,31.777,-37.093,0.0002218,16.891,2.02,2.03,-7.32,2.4e-05,0.0,0.0,87.46,10.56,WiFi_6
UE_013,0.00707,36.785,32.863,-35.685,4.566e-05,17.468,2.22,10.83,-11.77,2.4e-05,0.0,0.0,87.46,10.92,WiFi_6
UE_014,0.00707,36.247,33.074,-33.771,0.00014326,17.58,1.56,0.5,-4.33,2.4e-05,0.0,0.0,87.46,10.99,WiFi_6
UE_015,0.00552,18.697,15.899,-43.308,0.00019783,8.509,1.98,8.34,-0.71,1.8e-05,0.0,0.0,77.698,5.32,WiFi_6
UE_016,0.00707,16.132,15.006,-43.701,0.00017873,8.048,2.25,2.46,1.43,2.4e-05,0.0,0.0,75.018,5.03,WiFi_6
UE_017,0.00707,34.228,29.92,-37.961,9.77e-05,15.905,2.06,4.56,1.8,2.4e-05,0.0,0.0,87.46,9.94,WiFi_6
UE_018,0.0053,28.014,26.541,-39.05,2.583e-05,14.112,2.16,0.26,3.46,1.8e-05,0.0,0.0,87.46,8.82,WiFi_6
UE_019,0.02535,19.286,18.503,-42.532,0.00017351,9.867,1.54,1.02,-6.89,8.5e-05,0.0,0.0,85.508,6.17,WiFi_6
UE_000,0.00707,45.395,42.303,-30.538,0.00010571,22.484,1.81,4.28,1.8,2.4e-05,0.0,0.0,87.46,12.34,WiFi_6
UE_001,0.00707,25.149,21.895,-38.324,9.749e-05,11.652,2.16,1.94,-13.32,2.4e-05,0.0,0.0,87.46,7.28,WiFi_6
UE_002,0.00707,45.547,42.423,-31.931,5.06e-06,22.548,2.08,2.23,-5.92,2.4e-05,0.0,0.0,87.46,12.34,WiFi_6
UE_003,0.00707,5.443,3.224,-48.232,0.01010561,2.612,2.12,30.02,7.69,2.4e-05,0.0,0.0,39.671,1.63,WiFi_6
UE_004,0.00707,35.504,30.668,-35.683,0.00014373,16.302,1.78,2.55,-12.46,2.4e-05,0.0,0.0,87.46,10.19,WiFi_6
UE_005,0.00707,29.729,26.585,-37.704,7.046e-05,14.135,1.88,1.72,-3.71,2.4e-05,0.0,0.0,87.46,8.83,WiFi_6
UE_006,0.00824,31.982,29.09,-39.423,2.054e-05,15.464,1.96,0.87,5.06,2.7e-05,0.0,0.0,87.46,9.67,WiFi_6
UE_007,0.00707,24.176,20.491,-40.158,5.971e-05,10.912,1.97,1.17,13.68,2.4e-05,0.0,0.0,87.46,6.82,WiFi_6
UE_008,0.00707,36.719,34.052,-36.436,3.88e-05,18.1,1.9,2.26,7.66,2.4e-05,0.0,0.0,87.46,11.31,WiFi_6
UE_009,0.00707,33.659,31.722,-35.509,6.408e-05,16.862,2.03,1.7,6.51,2.4e-05,0.0,0.0,87.46,10.54,WiFi_6
UE_010,0.00707,26.008,19.483,-40.601,0.00019444,10.381,2.0,0.39,-6.06,2.4e-05,0.0,0.0,87.46,6.49,WiFi_6
UE_011,0.00611,49.68,46.988,-28.128,7.928e-05,24.974,2.2,2.04,-4.74,2e-05,0.0,0.0,87.46,12.34,WiFi_6
UE_012,0.00707,26.022,23.26,-38.709,0.00010375,12.374,2.03,2.29,-7.32,2.4e-05,0.0,0.0,87.46,7.73,WiFi_6
UE_013,0.00707,26.2,23.006,-41.461,0.00015172,12.239,1.73,4.33,-11.77,2.4e-05,0.0,0.0,87.46,7.65,WiFi_6
UE_014,0.00707,38.234,34.833,-33.875,8.081e-05,18.515,1.89,9.18,5.28,2.4e-05,0.0,0.0,87.46,11.57,WiFi_6
UE_015,0.00521,35.415,30.842,-37.673,7.936e-05,16.394,1.94,0.28,-0.71,1.7e-05,0.0,0.0,87.46,10.25,WiFi_6
UE_016,0.00707,39.683,38.625,-33.885,8.61e-05,20.53,2.09,4.02,1.43,2.4e-05,0.0,0.0,87.46,12.34,WiFi_6
UE_017,0.00707,30.175,27.825,-37.379,1.201e-05,14.793,1.64,6.02,-0.39,2.4e-05,0.0,0.0,87.46,9.25,WiFi_6
UE_018,0.00707,39.064,35.322,-36.385,0.0001334,18.775,2.04,2.57,3.46,2.4e-05,0.0,0.0,87.46,11.73,WiFi_6
UE_019,0.0229,-6.993,-9.851,-53.766,0.15000243,0.227,2.02,26.21,-6.89,7.6e-05,0.0,0.0,15.26,0.14,WiFi_6
UE_000,0.00707,35.893,34.067,-34.855,4.714e-05,18.108,1.56,1.71,1.8,2.4e-05,0.0,0.0,87.46,11.32,WiFi_6
UE_001,0.00707,31.261,27.358,-36.464,3.982e-05,14.545,1.58,1.06,-13.32,2.4e-05,0.0,0.0,87.46,9.09,WiFi_6
UE_002,0.00707,26.673,23.229,-39.669,0.00012245,12.357,1.51,14.07,-5.92,2.4e-05,0.0,0.0,87.46,7.72,WiFi_6
UE_003,0.00707,11.793,6.388,-47.273,0.00103324,3.872,2.17,0.23,7.69,2.4e-05,0.0,0.0,49.163,2.42,WiFi_6
UE_004,0.00707,19.87,15.789,-41.676,0.00014902,8.452,1.73,2.95,-12.46,2.4e-05,0.0,0.0,77.366,5.28,WiFi_6
UE_005,0.00707,32.52,28.881,-36.563,7.805e-05,15.353,2.02,2.38,-3.71,2.4e-05,0.0,0.0,87.46,9.6,WiFi_6
UE_006,0.01412,29.755,25.552,-39.488,1.283e-05,13.588,1.57,0.7,5.06,4.7e-05,0.0,0.0,87.46,8.49,WiFi_6
UE_007,0.00707,27.22,25.141,-40.436,4.459e-05,13.37,1.51,3.14,13.68,2.4e-05,0.0,0.0,87.46,8.36,WiFi_6
UE_008,0.00707,29.472,27.403,-38.103,0.00010993,14.569,2.0,4.18,7.66,2.4e-05,0.0,0.0,87.46,9.11,WiFi_6
UE_009,0.00707,35.55,30.108,-35.53,0.00024507,16.005,2.16,7.94,6.51,2.4e-05,0.0,0.0,87.46,10.0,WiFi_6
UE_010,0.00707,36.169,32.201,-34.705,0.0001518,17.117,1.86,6.99,-6.06,2.4e-05,0.0,0.0,87.46,10.7,WiFi_6
UE_011,0.00506,36.0,33.957,-35.507,0.00012529,18.05,2.19,0.7,-4.74,1.7e-05,0.0,0.0,87.46,11.28,WiFi_6
UE_012,0.00707,11.232,7.53,-46.335,0.00107167,4.378,1.86,1.38,-7.32,2.4e-05,0.0,0.0,52.589,2.74,WiFi_6
UE_013,0.00707,17.294,14.449,-41.508,0.00013459,7.761,1.73,4.17,-11.77,2.4e-05,0.0,0.0,73.348,4.85,WiFi_6
UE_014,0.00525,32.38,28.613,-37.109,9.787e-05,15.211,1.51,8.71,5.28,1.8e-05,0.0,0.0,87.46,9.51,WiFi_6
UE_015,0.00503,23.02,20.89,-40.167,1.793e-05,11.122,1.82,1.7,-0.71,1.7e-05,0.0,0.0,87.46,6.95,WiFi_6
UE_016,0.00707,38.907,36.78,-35.594,0.00025513,19.55,1.93,0.15,1.43,2.4e-05,0.0,0.0,87.46,12.22,WiFi_6
UE_017,0.00674,34.266,32.073,-37.351,2.708e-05,17.049,1.9,0.01,-0.39,2.2e-05,0.0,0.0,87.46,10.66,WiFi_6
UE_018,0.00707,13.925,8.193,-45.069,0.00106168,4.68,2.17,0.6,3.46,2.4e-05,0.0,0.0,54.579,2.93,WiFi_6
UE_019,0.02045,16.326,13.685,-44.068,0.00018688,7.37,1.82,1.94,-6.89,6.8e-05,0.0,0.0,71.055,4.61,WiFi_6
UE_000,0.00707,35.934,34.791,-36.027,0.00018455,18.492,2.0,0.22,1.8,2.4e-05,0.0,0.0,87.46,11.56,WiFi_6
UE_001,0.00707,37.557,34.813,-35.266,1.605e-05,18.504,2.22,9.31,-13.32,2.4e-05,0.0,0.0,87.46,11.57,WiFi_6
UE_002,0.00707,18.746,15.266,-40.74,0.00011713,8.181,1.62,1.39,-5.92,2.4e-05,0.0,0.0,75.797,5.11,WiFi_6
UE_003,0.00707,34.354,30.011,-36.07,8.612e-05,15.953,1.68,2.95,7.69,2.4e-05,0.0,0.0,87.46,9.97,WiFi_6
UE_004,0.00707,4.132,1.594,-48.204,0.01009983,2.062,1.96,33.64,-12.46,2.4e-05,0.0,0.0,34.782,1.29,WiFi_6
UE_005,0.00707,30.304,25.525,-37.1,0.00011323,13.573,2.06,0.79,-3.71,2.4e-05,0.0,0.0,87.46,8.48,WiFi_6
UE_006,0.02031,10.655,6.179,-46.602,0.00115895,3.783,2.02,1.4,5.06,6.8e-05,0.0,0.0,48.538,2.36,WiFi_6
UE_007,0.00707,42.83,38.253,-34.266,0.00013885,20.332,2.15,5.74,13.68,2.4e-05,0.0,0.0,87.46,12.34,WiFi_6
UE_008,0.00707,27.632,24.961,-40.156,5.759e-05,13.275,1.57,4.49,7.66,2.4e-05,0.0,0.0,87.46,8.3,WiFi_6
UE_009,0.00707,44.796,42.121,-32.548,4.349e-05,22.388,1.97,4.5,6.51,2.4e-05,0.0,0.0,87.46,12.34,WiFi_6
UE_010,0.00707,31.242,24.861,-35.289,0.00013577,13.221,1.88,6.29,-6.06,2.4e-05,0.0,0.0,87.46,8.26,WiFi_6
UE_011,0.00535,25.238,24.18,-39.947,2.884e-05,12.861,1.51,2.8,-4.74,1.8e-05,0.0,0.0,87.46,8.04,WiFi_6
UE_012,0.00707,16.592,13.319,-42.946,0.00019846,7.184,1.63,0.61,-7.32,2.4e-05,0.0,0.0,69.956,4.49,WiFi_6
UE_013,0.00707,26.687,25.803,-39.425,5.65e-06,13.721,1.55,1.57,-11.77,2.4e-05,0.0,0.0,87.46,8.58,WiFi_6
UE_014,0.00961,24.359,22.42,-39.721,0.0001219,11.93,1.93,2.66,5.28,3.2e-05,0.0,0.0,87.46,7.46,WiFi_6
UE_015,0.00501,39.056,32.507,-35.066,0.00024426,17.279,2.09,3.6,-0.71,1.7e-05,0.0,0.0,87.46,10.8,WiFi_6
UE_016,0.00707,31.441,28.333,-36.375,8.482e-05,15.063,1.62,4.74,1.43,2.4e-05,0.0,0.0,87.46,9.41,WiFi_6
UE_017,0.00642,14.902,11.094,-43.005,0.00109615,6.069,1.58,0.27,-0.39,2.1e-05,0.0,0.0,63.283,3.79,WiFi_6
UE_018,0.00707,39.881,36.772,-34.682,0.00011388,19.545,2.24,5.13,3.46,2.4e-05,0.0,0.0,87.46,12.22,WiFi_6
UE_019,0.01803,21.526,17.003,-42.388,0.00027355,9.083,1.97,1.29,-6.89,6e-05,0.0,0.0,81.01,5.68,WiFi_6
UE_000,0.00707,35.053,30.794,-34.968,4.558e-05,16.369,1.53,0.21,1.8,2.4e-05,0.0,0.0,87.46,10.23,WiFi_6
UE_001,0.00707,22.515,19.655,-39.715,0.00015905,10.472,1.66,2.72,-13.32,2.4e-05,0.0,0.0,87.46,6.54,WiFi_6
UE_002,0.00707,10.331,8.165,-45.229,0.00116976,4.667,1.84,6.61,-5.92,2.4e-05,0.0,0.0,54.494,2.92,WiFi_6
UE_003,0.00707,28.097,24.127,-38.998,0.00027992,12.832,1.62,0.17,7.69,2.4e-05,0.0,0.0,87.46,8.02,WiFi_6
UE_004,0.00707,31.975,31.533,-37.129,0.00011888,16.762,1.66,0.78,-12.46,2.4e-05,0.0,0.0,87.46,10.48,WiFi_6
UE_005,0.00707,34.995,31.382,-35.956,0.00017002,16.682,2.12,10.18,-3.71,2.4e-05,0.0,0.0,87.46,10.43,WiFi_6
UE_006,0.0234,-2.676,-5.008,-51.423,0.15021483,0.633,1.7,29.32,5.06,7.8e-05,0.0,0.0,15.26,0.4,WiFi_6
UE_007,0.00707,21.213,18.381,-41.916,0.00017096,9.803,1.62,0.41,13.68,2.4e-05,0.0,0.0,85.143,6.13,WiFi_6
UE_008,0.00707,30.326,27.049,-37.868,6.837e-05,14.382,1.61,1.41,7.66,2.4e-05,0.0,0.0,87.46,8.99,WiFi_6
UE_009,0.00707,22.618,18.451,-40.507,0.00027223,9.84,2.23,3.7,6.51,2.4e-05,0.0,0.0,85.354,6.15,WiFi_6
UE_010,0.00707,18.463,15.086,-42.067,0.00011294,8.089,1.52,1.24,-6.06,2.4e-05,0.0,0.0,75.259,5.06,WiFi_6
UE_011,0.00681,32.818,27.678,-39.129,4.41e-05,14.715,1.9,0.2,-4.74,2.3e-05,0.0,0.0,87.46,9.2,WiFi_6
UE_012,0.00707,22.388,21.249,-40.57,2.636e-05,11.311,2.26,1.09,-7.32,2.4e-05,0.0,0.0,87.46,7.07,WiFi_6
UE_013,0.00707,17.549,12.228,-43.68,0.00012094,6.634,1.53,1.47,-11.77,2.4e-05,0.0,0.0,66.684,4.15,WiFi_6
UE_014,0.01564,19.389,17.187,-42.562,0.00011389,9.179,1.54,1.0,5.28,5.2e-05,0.0,0.0,81.561,5.74,WiFi_6
UE_015,0.00514,28.107,24.758,-39.826,3.554e-05,13.167,2.17,0.21,-0.71,1.7e-05,0.0,0.0,87.46,8.23,WiFi_6
UE_016,0.00707,35.724,32.206,-35.559,0.00019815,17.119,2.02,2.67,1.43,2.4e-05,0.0,0.0,87.46,10.7,WiFi_6
UE_017,0.00613,29.423,26.396,-39.652,0.00017623,14.035,1.74,1.93,-0.39,2e-05,0.0,0.0,87.46,8.77,WiFi_6
UE_018,0.00707,23.291,18.304,-41.817,0.00015763,9.763,1.97,6.62,3.46,2.4e-05,0.0,0.0,84.912,6.1,WiFi_6
UE_019,0.01563,22.225,17.908,-42.607,0.00017265,9.555,1.66,3.78,-6.89,5.2e-05,0.0,0.0,83.725,5.97,WiFi_6
UE_000,0.00707,33.956,30.914,-35.872,4.757e-05,16.433,2.04,1.64,1.8,2.4e-05,0.0,0.0,87.46,10.27,WiFi_6
UE_001,0.00707,12.286,9.284,-45.425,0.00109609,5.192,1.65,0.7,-13.32,2.4e-05,0.0,0.0,57.851,3.24,WiFi_6
UE_002,0.00707,35.313,33.166,-35.826,2.03e-05,17.629,1.8,3.25,-5.92,2.4e-05,0.0,0.0,87.46,11.02,WiFi_6
UE_003,0.00707,41.36,36.631,-32.181,0.00011456,19.47,1.92,0.18,7.69,2.4e-05,0.0,0.0,87.46,12.17,WiFi_6
UE_004,0.00707,26.223,23.275,-39.794,0.00010628,12.381,1.9,3.64,-12.46,2.4e-05,0.0,0.0,87.46,7.74,WiFi_6
UE_005,0.00707,23.315,21.429,-40.422,0.00019803,11.407,2.19,1.99,-3.71,2.4e-05,0.0,0.0,87.46,7.13,WiFi_6
UE_006,0.0171,14.606,11.585,-44.417,0.0010247,6.313,2.1,2.58,5.06,5.7e-05,0.0,0.0,64.756,3.95,WiFi_6
UE_007,0.00707,29.171,27.401,-37.769,1.477e-05,14.568,1.55,0.85,13.68,2.4e-05,0.0,0.0,87.46,9.11,WiFi_6
UE_008,0.00707,10.893,8.209,-44.936,0.00100837,4.688,1.6,4.0,7.66,2.4e-05,0.0,0.0,54.627,2.93,WiFi_6
UE_009,0.00707,14.014,9.269,-43.598,0.0011664,5.185,1.94,6.33,6.51,2.4e-05,0.0,0.0,57.806,3.24,WiFi_6
UE_010,0.00707,43.422,38.026,-31.485,0.00012837,20.211,2.26,2.86,-3.57,2.4e-05,0.0,0.0,87.46,12.34,WiFi_6
UE_011,0.00707,21.001,18.198,-41.942,0.00019021,9.707,2.15,7.84,-4.74,2.4e-05,0.0,0.0,84.595,6.07,WiFi_6
UE_012,0.00707,40.916,38.927,-32.358,0.0002484,20.69,2.1,0.45,-7.32,2.4e-05,0.0,0.0,87.46,12.34,WiFi_6
UE_013,0.00707,33.96,32.371,-35.544,3.372e-05,17.207,1.79,3.38,-11.77,2.4e-05,0.0,0.0,87.46,10.75,WiFi_6
UE_014,0.022,16.094,10.885,-43.335,0.00100867,5.967,1.95,0.88,5.28,7.3e-05,0.0,0.0,62.656,3.73,WiFi_6
UE_015,0.00541,31.856,28.695,-36.727,1.296e-05,15.255,1.61,3.64,-0.71,1.8e-05,0.0,0.0,87.46,9.53,WiFi_6
UE_016,0.00707,55.843,52.454,-28.804,2.263e-05,27.88,1.55,1.9,1.43,2.4e-05,0.0,0.0,87.46,12.34,WiFi_6
UE_017,0.00586,22.174,18.942,-42.573,0.00016382,10.097,1.56,7.74,-0.39,2e-05,0.0,0.0,86.827,6.31,WiFi_6
UE_018,0.00707,29.333,27.015,-37.794,2.28e-05,14.363,1.9,3.74,3.46,2.4e-05,0.0,0.0,87.46,8.98,WiFi_6
UE_019,0.01327,12.939,8.312,-44.936,0.00104527,4.735,1.99,1.56,-6.89,4.4e-05,0.0,0.0,54.935,2.96,WiFi_6
UE_000,0.00707,17.49,11.816,-41.915,0.00116837,6.428,1.88,8.3,1.8,2.4e-05,0.0,0.0,65.449,4.02,WiFi_6
UE_001,0.00707,28.275,25.042,-38.999,2.02e-05,13.317,1.6,5.93,-13.32,2.4e-05,0.0,0.0,87.46,8.32,WiFi_6
UE_002,0.00707,31.518,24.514,-39.116,2.499e-05,13.038,1.9,7.28,-5.92,2.4e-05,0.0,0.0,87.46,8.15,WiFi_6
UE_003,0.00707,24.072,21.303,-40.079,0.00018904,11.34,1.86,1.57,7.69,2.4e-05,0.0,0.0,87.46,7.09,WiFi_6
UE_004,0.00707,25.655,22.149,-40.808,0.00015504,11.786,2.23,2.89,-12.46,2.4e-05,0.0,0.0,87.46,7.37,WiFi_6
UE_005,0.00707,38.473,37.662,-34.48,8.948e-05,20.018,1.78,1.8,-3.71,2.4e-05,0.0,0.0,87.46,12.34,WiFi_6
UE_006,0.0109,11.451,9.128,-45.779,0.00120446,5.118,1.79,1.13,5.06,3.6e-05,0.0,0.0,57.384,3.2,WiFi_6
UE_007,0.00707,25.413,23.072,-39.216,3.855e-05,12.274,1.52,4.37,13.68,2.4e-05,0.0,0.0,87.46,7.67,WiFi_6
UE_008,0.00707,9.693,5.635,-45.958,0.01002251,3.553,2.22,15.38,7.66,2.4e-05,0.0,0.0,46.905,2.22,WiFi_6
UE_009,0.00707,47.178,43.007,-29.877,0.00013863,22.859,1.88,0.71,6.51,2.4e-05,0.0,0.0,87.46,12.34,WiFi_6
UE_010,0.00707,32.976,30.319,-35.794,1.975e-05,16.117,1.53,7.9,-3.57,2.4e-05,0.0,0.0,87.46,10.07,WiFi_6
UE_011,0.00707,19.433,15.92,-40.626,0.00013948,8.52,2.19,0.69,-4.74,2.4e-05,0.0,0.0,77.761,5.33,WiFi_6
UE_012,0.00707,20.991,15.11,-41.947,0.00021422,8.101,2.14,1.78,-7.32,2.4e-05,0.0,0.0,75.331,5.06,WiFi_6
UE_013,0.00707,29.14,26.155,-39.331,0.00011978,13.907,1.85,3.41,-11.77,2.4e-05,0.0,0.0,87.46,8.69,WiFi_6
UE_014,0.02253,26.994,24.772,-38.573,3.091e-05,13.174,2.06,3.5,5.28,7.5e-05,0.0,0.0,87.46,8.23,WiFi_6
UE_015,0.00581,25.933,23.964,-38.725,3.913e-05,12.746,1.82,5.78,-0.71,1.9e-05,0.0,0.0,87.46,7.97,WiFi_6
UE_016,0.00707,31.956,28.663,-38.376,0.00018256,15.238,1.54,5.35,1.43,2.4e-05,0.0,0.0,87.46,9.52,WiFi_6
UE_017,0.00562,32.647,28.288,-36.421,0.00010349,15.039,2.0,3.35,-0.39,1.9e-05,0.0,0.0,87.46,9.4,WiFi_6
UE_018,0.00707,26.989,23.761,-38.708,6.451e-05,12.639,1.99,1.2,3.46,2.4e-05,0.0,0.0,87.46,7.9,WiFi_6
UE_019,0.01099,32.443,28.815,-37.094,0.00014769,15.318,1.6,0.27,-6.89,3.7e-05,0.0,0.0,87.46,9.57,WiFi_6
UE_000,0.00707,28.564,24.466,-38.43,3.408e-05,13.012,1.92,8.46,1.8,2.4e-05,0.0,0.0,87.46,8.13,WiFi_6
UE_001,0.00707,3.376,0.973,-48.611,0.01001302,1.873,2.08,22.09,-13.32,2.4e-05,0.0,0.0,32.918,1.17,WiFi_6
UE_002,0.00707,6.353,4.677,-48.688,0.01009489,3.162,1.51,31.75,-3.61,2.4e-05,0.0,0.0,44.03,1.98,WiFi_6
UE_003,0.00707,10.519,7.62,-46.194,0.00104745,4.419,1.95,2.92,7.69,2.4e-05,0.0,0.0,52.861,2.76,WiFi_6
UE_004,0.00707,23.524,19.098,-41.077,0.00019436,10.179,1.81,2.01,-12.46,2.4e-05,0.0,0.0,87.293,6.36,WiFi_6
UE_005,0.00707,20.386,15.801,-41.471,0.00012383,8.458,1.64,7.41,5.23,2.4e-05,0.0,0.0,77.404,5.29,WiFi_6
UE_006,0.00517,42.196,40.144,-33.192,2.971e-05,21.337,1.59,0.46,-5.03,1.7e-05,0.0,0.0,87.46,12.34,WiFi_6
UE_007,0.00707,24.71,23.119,-40.537,0.00015704,12.299,1.64,3.31,13.68,2.4e-05,0.0,0.0,87.46,7.69,WiFi_6
UE_008,0.00707,45.783,40.861,-31.837,6.732e-05,21.718,1.81,4.34,7.66,2.4e-05,0.0,0.0,87.46,12.34,WiFi_6
UE_009,0.00707,21.786,17.697,-39.574,0.00016456,9.445,1.64,8.58,6.51,2.4e-05,0.0,0.0,83.092,5.9,WiFi_6
UE_010,0.00707,35.868,31.041,-35.181,0.00012819,16.501,1.75,0.35,-3.57,2.4e-05,0.0,0.0,87.46,10.31,WiFi_6
UE_011,0.00707,41.722,39.421,-30.161,0.00011156,20.953,2.23,6.27,-4.74,2.4e-05,0.0,0.0,87.46,12.34,WiFi_6
UE_012,0.00707,46.607,43.699,-30.894,3.43e-05,23.226,2.08,0.56,-7.32,2.4e-05,0.0,0.0,87.46,12.34,WiFi_6
UE_013,0.00707,42.808,38.976,-33.021,0.0001552,20.716,1.89,1.3,-11.77,2.4e-05,0.0,0.0,87.46,12.34,WiFi_6
UE_014,0.01616,13.846,11.278,-42.723,0.0010429,6.16,1.86,6.82,5.28,5.4e-05,0.0,0.0,63.833,3.85,WiFi_6
UE_015,0.00631,36.258,34.848,-34.67,2.673e-05,18.523,1.99,0.96,-0.71,2.1e-05,0.0,0.0,87.46,11.58,WiFi_6
UE_016,0.00707,39.948,36.065,-35.144,0.00020557,19.169,2.24,3.89,1.43,2.4e-05,0.0,0.0,87.46,11.98,WiFi_6
UE_017,0.00542,33.459,29.872,-37.3,4.699e-05,15.879,2.0,0.28,-0.39,1.8e-05,0.0,0.0,87.46,9.92,WiFi_6
UE_018,0.00707,28.275,25.215,-39.114,7.756e-05,13.409,1.56,0.99,3.46,2.4e-05,0.0,0.0,87.46,8.38,WiFi_6
UE_019,0.00882,19.903,15.952,-42.832,0.00018728,8.537,1.61,0.84,-6.89,2.9e-05,0.0,0.0,77.857,5.34,WiFi_6
UE_000,0.00707,34.246,30.182,-36.454,4.436e-05,16.044,1.91,1.74,1.8,2.4e-05,0.0,0.0,87.46,10.03,WiFi_6
UE_001,0.00707,14.887,13.178,-43.487,0.00028873,7.113,1.5,3.94,-13.32,2.4e-05,0.0,0.0,69.535,4.45,WiFi_6
UE_002,0.00536,32.764,29.773,-38.013,6.529e-05,15.827,2.25,1.7,-3.61,1.8e-05,0.0,0.0,87.46,9.89,WiFi_6
UE_003,0.00707,30.688,26.485,-37.288,7.605e-05,14.082,1.69,0.21,10.78,2.4e-05,0.0,0.0,87.46,8.8,WiFi_6
UE_004,0.00707,32.283,26.769,-36.46,5.88e-06,14.233,1.66,8.69,-12.46,2.4e-05,0.0,0.0,87.46,8.9,WiFi_6
UE_005,0.00523,32.437,31.654,-39.115,6.645e-05,16.826,2.07,8.82,5.23,1.7e-05,0.0,0.0,87.46,10.52,WiFi_6
UE_006,0.01138,14.946,14.518,-44.167,0.00013474,7.797,2.04,1.75,-5.03,3.8e-05,0.0,0.0,73.555,4.87,WiFi_6
UE_007,0.00707,26.467,23.312,-41.226,6.471e-05,12.401,1.72,0.59,13.68,2.4e-05,0.0,0.0,87.46,7.75,WiFi_6
UE_008,0.00707,22.72,20.256,-42.075,3.674e-05,10.788,2.12,1.45,7.66,2.4e-05,0.0,0.0,87.46,6.74,WiFi_6
UE_009,0.00707,35.132,32.133,-36.22,3.104e-05,17.08,2.25,5.96,6.51,2.4e-05,0.0,0.0,87.46,10.68,WiFi_6
UE_010,0.00707,27.125,22.842,-39.513,3.066e-05,12.153,2.26,0.35,-3.57,2.4e-05,0.0,0.0,87.46,7.6,WiFi_6
UE_011,0.00707,31.369,26.722,-36.024,4.863e-05,14.208,1.75,1.68,-4.74,2.4e-05,0.0,0.0,87.46,8.88,WiFi_6
UE_012,0.00707,37.734,35.123,-34.089,9.235e-05,18.669,1.5,1.63,-7.32,2.4e-05,0.0,0.0,87.46,11.67,WiFi_6
UE_013,0.00707,26.57,21.915,-38.563,1.396e-05,11.663,1.82,1.79,-11.77,2.4e-05,0.0,0.0,87.46,7.29,WiFi_6
UE_014,0.01008,17.64,15.839,-43.623,0.00016141,8.478,1.8,1.66,5.28,3.4e-05,0.0,0.0,77.518,5.3,WiFi_6
UE_015,0.00688,16.125,13.596,-44.672,0.00019727,7.325,1.91,1.97,-0.71,2.3e-05,0.0,0.0,70.789,4.58,WiFi_6
UE_016,0.00707,20.616,17.382,-40.586,0.00025884,9.281,1.6,4.65,1.43,2.4e-05,0.0,0.0,82.147,5.8,WiFi_6
UE_017,0.00525,29.66,24.398,-39.251,0.00011927,12.976,1.78,2.37,-0.39,1.7e-05,0.0,0.0,87.46,8.11,WiFi_6
UE_018,0.00707,21.705,15.598,-41.521,0.000198,8.353,1.6,5.49,3.46,2.4e-05,0.0,0.0,76.794,5.22,WiFi_6
UE_019,0.0069,42.995,40.036,-32.604,0.0002698,21.28,1.67,1.53,-6.89,2.3e-05,0.0,0.0,87.46,12.34,WiFi_6
UE_000,0.00707,22.173,18.123,-42.831,0.00017347,9.668,1.57,7.79,-1.42,2.4e-05,0.0,0.0,84.368,6.04,WiFi_6
UE_001,0.00707,21.698,16.624,-39.459,0.00012759,8.886,1.67,0.9,-13.32,2.4e-05,0.0,0.0,79.872,5.55,WiFi_6
UE_002,0.01019,27.318,25.902,-39.509,0.00010817,13.773,1.88,0.32,-3.61,3.4e-05,0.0,0.0,87.46,8.61,WiFi_6
UE_003,0.0051,35.824,33.085,-35.498,5.57e-06,17.586,1.65,1.87,10.78,1.7e-05,0.0,0.0,87.46,10.99,WiFi_6
UE_004,0.00707,32.198,31.212,-36.347,1.75e-06,16.591,1.71,6.62,-12.46,2.4e-05,0.0,0.0,87.46,10.37,WiFi_6
UE_005,0.0095,34.145,31.459,-37.846,2.552e-05,16.722,2.01,1.76,5.23,3.2e-05,0.0,0.0,87.46,10.45,WiFi_6
UE_006,0.01771,-1.729,-5.599,-50.885,0.15008968,0.562,1.64,25.0,-5.03,5.9e-05,0.0,0.0,15.26,0.35,WiFi_6
UE_007,0.00707,29.083,25.176,-38.438,3.452e-05,13.388,1.94,12.8,13.68,2.4e-05,0.0,0.0,87.46,8.37,WiFi_6
UE_008,0.00707,21.828,16.748,-40.674,0.0001283,8.95,1.71,6.11,7.66,2.4e-05,0.0,0.0,80.243,5.59,WiFi_6
UE_009,0.00707,33.93,28.839,-37.91,0.00011617,15.331,2.03,3.34,6.51,2.4e-05,0.0,0.0,87.46,9.58,WiFi_6
UE_010,0.00707,40.714,37.34,-31.963,5.874e-05,19.847,2.18,0.61,-3.57,2.4e-05,0.0,0.0,87.46,12.34,WiFi_6
UE_011,0.00707,8.528,4.424,-45.666,0.01005206,3.063,1.54,36.92,-4.67,2.4e-05,0.0,0.0,43.272,1.91,WiFi_6
UE_012,0.00707,45.243,43.911,-29.848,0.00015528,23.339,2.02,0.54,-7.32,2.4e-05,0.0,0.0,87.46,12.34,WiFi_6
UE_013,0.00707,46.038,41.432,-30.158,5.516e-05,22.022,1.53,1.98,-11.77,2.4e-05,0.0,0.0,87.46,12.34,WiFi_6
UE_014,0.00544,37.004,34.472,-33.823,4.141e-05,18.323,1.82,2.37,5.28,1.8e-05,0.0,0.0,87.46,11.45,WiFi_6
UE_015,0.00752,36.874,33.767,-36.77,6.822e-05,17.949,1.76,21.95,-0.71,2.5e-05,0.0,0.0,87.46,11.22,WiFi_6
UE_016,0.00707,26.884,21.566,-40.403,0.00012912,11.478,1.67,2.35,1.43,2.4e-05,0.0,0.0,87.46,7.17,WiFi_6
UE_017,0.00512,40.319,34.601,-34.181,1.212e-05,18.392,1.65,2.74,-0.39,1.7e-05,0.0,0.0,87.46,11.49,WiFi_6
UE_018,0.00707,35.191,32.335,-35.191,0.00013881,17.187,1.57,1.41,3.46,2.4e-05,0.0,0.0,87.46,10.74,WiFi_6
UE_019,0.00548,32.312,27.791,-36.638,8.453e-05,14.775,1.98,0.05,-6.89,1.8e-05,0.0,0.0,87.46,9.23,WiFi_6
UE_000,0.0051,24.457,22.136,-38.369,5.5e-05,11.78,1.86,10.66,-1.42,1.7e-05,0.0,0.0,87.46,7.36,WiFi_6
UE_001,0.00707,34.669,29.24,-33.555,1.845e-05,15.544,1.9,3.69,-13.32,2.4e-05,0.0,0.0,87.46,9.72,WiFi_6
UE_002,0.0166,22.012,19.062,-43.387,0.00024222,10.16,1.98,2.14,-3.61,5.5e-05,0.0,0.0,87.185,6.35,WiFi_6
UE_003,0.00858,17.374,14.696,-42.217,0.00015982,7.888,1.6,3.41,10.78,2.9e-05,0.0,0.0,74.089,4.93,WiFi_6
UE_004,0.00707,22.697,21.579,-40.677,2.839e-05,11.485,2.19,0.39,-12.46,2.4e-05,0.0,0.0,87.46,7.18,WiFi_6
UE_005,0.01544,24.49,23.421,-39.632,3.911e-05,12.459,2.12,1.7,5.23,5.1e-05,0.0,0.0,87.46,7.79,WiFi_6
UE_006,0.02408,9.385,6.303,-46.248,0.00101772,3.836,1.55,0.32,-5.03,8e-05,0.0,0.0,48.908,2.4,WiFi_6
UE_007,0.00707,27.055,25.834,-40.023,1.254e-05,13.737,2.15,1.01,13.68,2.4e-05,0.0,0.0,87.46,8.59,WiFi_6
UE_008,0.00707,24.59,20.751,-39.506,2.422e-05,11.048,1.68,3.42,7.66,2.4e-05,0.0,0.0,87.46,6.91,WiFi_6
UE_009,0.00707,20.799,16.96,-41.236,0.00012805,9.061,1.85,3.77,6.51,2.4e-05,0.0,0.0,80.881,5.66,WiFi_6
UE_010,0.00707,21.279,17.83,-42.03,0.0001102,9.515,1.98,4.6,-3.57,2.4e-05,0.0,0.0,83.491,5.95,WiFi_6
UE_011,0.00707,22.89,20.535,-41.134,7.174e-05,10.935,1.85,1.05,-4.67,2.4e-05,0.0,0.0,87.46,6.83,WiFi_6
UE_012,0.00707,30.281,28.299,-38.986,5.46e-06,15.045,1.51,0.73,-7.32,2.4e-05,0.0,0.0,87.46,9.4,WiFi_6
UE_013,0.00707,29.69,26.889,-38.605,0.000121,14.296,1.65,4.66,-11.77,2.4e-05,0.0,0.0,87.46,8.94,WiFi_6
UE_014,0.0067,29.384,25.399,-38.342,3.985e-05,13.507,1.77,7.02,5.28,2.2e-05,0.0,0.0,87.46,8.44,WiFi_6
UE_015,0.0082,24.405,20.419,-40.904,0.00010752,10.874,1.69,0.11,-0.71,2.7e-05,0.0,0.0,87.46,6.8,WiFi_6
UE_016,0.00707,46.136,44.144,-31.635,0.00016203,23.463,1.95,1.26,1.43,2.4e-05,0.0,0.0,87.46,12.34,WiFi_6
UE_017,0.00504,19.091,14.69,-42.109,0.00014845,7.885,1.74,6.48,-0.39,1.7e-05,0.0,0.0,74.071,4.93,WiFi_6
UE_018,0.00707,40.529,36.557,-32.251,0.00014241,19.431,1.74,1.97,3.46,2.4e-05,0.0,0.0,87.46,12.14,WiFi_6
UE_019,0.00501,35.594,30.649,-36.02,0.00012844,16.292,1.9,3.9,-6.89,1.7e-05,0.0,0.0,87.46,10.18,WiFi_6
UE_000,0.01298,28.469,26.014,-39.733,0.00017148,13.832,1.89,0.05,-1.42,4.3e-05,0.0,0.0,87.46,8.65,WiFi_6
UE_001,0.00707,36.444,34.29,-36.165,1.501e-05,18.226,1.65,0.58,-13.32,2.4e-05,0.0,0.0,87.46,11.39,WiFi_6
UE_002,0.02331,14.942,11.473,-45.474,0.00109243,6.257,1.76,5.86,-3.61,7.8e-05,0.0,0.0,64.42,3.91,WiFi_6
UE_003,0.01388,6.69,3.267,-46.356,0.01018857,2.628,1.86,28.54,10.78,4.6e-05,0.0,0.0,39.801,1.64,WiFi_6
UE_004,0.00707,16.389,12.401,-43.856,0.00015478,6.721,1.97,7.08,-12.46,2.4e-05,0.0,0.0,67.204,4.2,WiFi_6
UE_005,0.02173,10.324,6.479,-47.365,0.00101809,3.912,2.17,0.54,5.23,7.2e-05,0.0,0.0,49.438,2.45,WiFi_6
UE_006,0.02158,17.8,13.539,-43.576,0.0001057,7.296,1.5,3.92,-5.03,7.2e-05,0.0,0.0,70.618,4.56,WiFi_6
UE_007,0.00707,23.046,18.334,-40.245,0.00026711,9.778,1.66,4.44,13.68,2.4e-05,0.0,0.0,85.001,6.11,WiFi_6
UE_008,0.00707,33.561,29.386,-37.016,0.00020461,15.621,1.79,7.86,7.66,2.4e-05,0.0,0.0,87.46,9.76,WiFi_6
UE_009,0.00707,32.57,28.375,-37.272,7.735e-05,15.085,1.56,0.48,6.51,2.4e-05,0.0,0.0,87.46,9.43,WiFi_6
UE_010,0.00707,28.628,25.452,-37.49,3.042e-05,13.535,1.99,0.37,5.05,2.4e-05,0.0,0.0,87.46,8.46,WiFi_6
UE_011,0.00707,38.914,38.459,-34.87,0.00013249,20.442,1.52,0.24,-4.67,2.4e-05,0.0,0.0,87.46,12.34,WiFi_6
UE_012,0.00707,40.99,39.176,-34.335,3.738e-05,20.823,1.7,6.0,-7.32,2.4e-05,0.0,0.0,87.46,12.34,WiFi_6
UE_013,0.00707,-1.685,-4.675,-52.6,0.15014937,0.677,1.65,10.99,-11.77,2.4e-05,0.0,0.0,15.976,0.42,WiFi_6
UE_014,0.00707,27.573,24.744,-39.904,6.835e-05,13.159,2.02,1.1,5.28,2.4e-05,0.0,0.0,87.46,8.22,WiFi_6
UE_015,0.00892,50.672,46.358,-28.865,0.00014747,24.64,1.66,3.1,-0.71,3e-05,0.0,0.0,87.46,12.34,WiFi_6
UE_016,0.00707,40.47,37.075,-34.464,0.00018767,19.706,2.01,1.1,1.43,2.4e-05,0.0,0.0,87.46,12.32,WiFi_6
UE_017,0.005,24.275,18.623,-39.859,0.00016519,9.93,2.18,0.73,-0.39,1.7e-05,0.0,0.0,85.868,6.21,WiFi_6
UE_018,0.00707,30.88,23.711,-37.219,4.018e-05,12.612,1.6,7.21,3.46,2.4e-05,0.0,0.0,87.46,7.88,WiFi_6
UE_019,0.00572,7.696,4.653,-46.76,0.01009645,3.153,1.79,25.38,-6.89,1.9e-05,0.0,0.0,43.96,1.97,WiFi_6
UE_000,0.02186,21.147,14.825,-42.885,0.00017412,7.955,2.09,0.16,-1.42,7.3e-05,0.0,0.0,74.476,4.97,WiFi_6
UE_001,0.00707,26.54,22.948,-39.254,0.0001073,12.209,1.61,5.85,-13.32,2.4e-05,0.0,0.0,87.46,7.63,WiFi_6
UE_002,0.0209,15.783,12.426,-41.962,0.00014947,6.733,2.17,3.91,-3.61,7e-05,0.0,0.0,67.279,4.21,WiFi_6
UE_003,0.01958,0.547,-3.737,-49.561,0.15010324,0.814,1.66,7.77,10.78,6.5e-05,0.0,0.0,18.788,0.51,WiFi_6
UE_004,0.00707,5.074,0.276,-46.892,0.01000862,1.675,1.63,18.2,-12.46,2.4e-05,0.0,0.0,30.828,1.05,WiFi_6
UE_005,0.02287,6.205,1.546,-47.803,0.01009973,2.047,1.9,11.09,5.23,7.6e-05,0.0,0.0,34.638,1.28,WiFi_6
UE_006,0.01631,13.285,8.103,-45.135,0.00104061,4.639,2.05,0.83,-5.03,5.4e-05,0.0,0.0,54.308,2.9,WiFi_6
UE_007,0.00707,10.677,7.541,-45.015,0.00107754,4.382,1.99,1.11,13.68,2.4e-05,0.0,0.0,52.622,2.74,WiFi_6
UE_008,0.00707,18.66,17.157,-41.125,0.00013097,9.163,1.67,5.11,7.66,2.4e-05,0.0,0.0,81.47,5.73,WiFi_6
UE_009,0.00707,40.236,35.778,-33.963,5.835e-05,19.017,1.74,4.85,6.51,2.4e-05,0.0,0.0,87.46,11.89,WiFi_6
UE_010,0.00517,24.284,21.833,-41.221,8.76e-06,11.62,2.15,2.67,5.05,1.7e-05,0.0,0.0,87.46,7.26,WiFi_6
UE_011,0.00707,34.048,31.781,-35.452,2.35e-05,16.893,1.56,3.33,-4.67,2.4e-05,0.0,0.0,87.46,10.56,WiFi_6
UE_012,0.00707,27.588,24.565,-38.64,4.899e-05,13.065,1.53,2.49,-7.32,2.4e-05,0.0,0.0,87.46,8.17,WiFi_6
UE_013,0.00707,31.764,27.448,-36.118,5.868e-05,14.593,1.86,4.26,-11.77,2.4e-05,0.0,0.0,87.46,9.12,WiFi_6
UE_014,0.00707,35.622,32.98,-34.327,0.00014238,17.53,1.79,13.01,5.28,2.4e-05,0.0,0.0,87.46,10.96,WiFi_6
UE_015,0.00966,41.61,37.811,-32.234,4.388e-05,20.097,1.56,8.28,-0.71,3.2e-05,0.0,0.0,87.46,12.34,WiFi_6
UE_016,0.00707,35.046,31.854,-35.006,3.793e-05,16.932,1.89,2.02,1.43,2.4e-05,0.0,0.0,87.46,10.58,WiFi_6
UE_017,0.00501,41.472,36.207,-33.704,4.553e-05,19.245,1.58,1.06,-0.39,1.7e-05,0.0,0.0,87.46,12.03,WiFi_6
UE_018,0.00707,48.981,46.564,-30.807,1.671e-05,24.749,1.76,0.4,3.46,2.4e-05,0.0,0.0,87.46,12.34,WiFi_6
UE_019,0.00707,49.399,46.481,-30.618,1.88e-05,24.705,2.13,6.78,-6.89,2.4e-05,0.0,0.0,87.46,12.34,WiFi_6
UE_000,0.01931,25.159,22.954,-40.732,0.00017565,12.212,1.97,3.63,-1.42,6.4e-05,0.0,0.0,87.46,7.63,WiFi_6
UE_001,0.00707,14.267,10.757,-46.934,0.00108332,5.904,2.2,0.03,-13.32,2.4e-05,0.0,0.0,62.271,3.69,WiFi_6
UE_002,0.01426,21.967,18.319,-40.576,0.00014751,9.77,1.81,5.2,-2.03,4.8e-05,0.0,0.0,84.957,6.11,WiFi_6
UE_003,0.02542,6.238,1.759,-47.534,0.01004011,2.115,1.51,27.24,10.78,8.5e-05,0.0,0.0,35.278,1.32,WiFi_6
UE_004,0.00707,26.244,20.578,-40.284,1.313e-05,10.958,1.68,0.53,-12.46,2.4e-05,0.0,0.0,87.46,6.85,WiFi_6
UE_005,0.01655,30.963,27.113,-38.004,0.00013658,14.415,1.9,0.29,5.23,5.5e-05,0.0,0.0,87.46,9.01,WiFi_6
UE_006,0.01216,32.547,28.345,-37.341,5.226e-05,15.069,1.86,5.89,-5.03,4.1e-05,0.0,0.0,87.46,9.42,WiFi_6
UE_007,0.00707,42.257,36.827,-31.363,3.942e-05,19.574,1.83,15.05,13.68,2.4e-05,0.0,0.0,87.46,12.23,WiFi_6
UE_008,0.00707,25.398,23.286,-39.383,8.979e-05,12.387,1.85,9.24,7.66,2.4e-05,0.0,0.0,87.46,7.74,WiFi_6
UE_009,0.00707,25.511,23.118,-40.773,6.224e-05,12.298,2.17,2.38,6.51,2.4e-05,0.0,0.0,87.46,7.69,WiFi_6
UE_010,0.00911,8.868,6.71,-46.721,0.00104427,4.013,2.12,4.18,5.05,3e-05,0.0,0.0,50.131,2.51,WiFi_6
UE_011,0.00707,34.717,31.403,-34.571,0.00014299,16.693,1.83,0.52,-4.67,2.4e-05,0.0,0.0,87.46,10.43,WiFi_6
UE_012,0.00707,21.757,19.258,-41.362,0.00018425,10.263,1.75,0.96,-7.32,2.4e-05,0.0,0.0,87.46,6.41,WiFi_6
UE_013,0.00707,40.239,37.858,-32.47,0.00017494,20.122,2.23,0.97,2.59,2.4e-05,0.0,0.0,87.46,12.34,WiFi_6
UE_014,0.00707,16.308,11.296,-43.098,0.00101664,6.169,2.2,1.14,5.28,2.4e-05,0.0,0.0,63.889,3.86,WiFi_6
UE_015,0.01043,32.404,27.693,-36.261,7.423e-05,14.723,1.66,2.26,-0.71,3.5e-05,0.0,0.0,87.46,9.2,WiFi_6
UE_016,0.00707,21.452,19.035,-41.567,0.00020709,10.146,1.87,11.63,1.43,2.4e-05,0.0,0.0,87.106,6.34,WiFi_6
UE_017,0.00507,37.568,33.91,-34.436,0.00012596,18.024,1.73,0.23,-0.39,1.7e-05,0.0,0.0,87.46,11.27,WiFi_6
UE_018,0.00707,23.308,20.018,-40.838,7.026e-05,10.662,1.52,2.58,3.46,2.4e-05,0.0,0.0,87.46,6.66,WiFi_6
UE_019,0.00707,37.94,35.765,-34.412,0.00015862,19.01,1.65,1.78,-6.89,2.4e-05,0.0,0.0,87.46,11.88,WiFi_6
UE_000,0.01095,26.567,21.753,-38.176,7.614e-05,11.577,1.68,2.36,-1.42,3.6e-05,0.0,0.0,87.46,7.24,WiFi_6
UE_001,0.00707,31.497,29.177,-36.817,4.452e-05,15.51,1.78,2.44,-13.32,2.4e-05,0.0,0.0,87.46,9.69,WiFi_6
UE_002,0.02181,13.607,9.194,-43.555,0.00104141,5.149,2.26,1.81,-3.07,7.3e-05,0.0,0.0,57.583,3.22,WiFi_6
UE_003,0.01974,22.928,19.762,-40.62,0.0001045,10.528,1.55,4.96,10.78,6.6e-05,0.0,0.0,87.46,6.58,WiFi_6
UE_004,0.00707,36.451,33.298,-34.243,0.00013415,17.699,1.66,4.24,-12.46,2.4e-05,0.0,0.0,87.46,11.06,WiFi_6
UE_005,0.01051,14.771,12.441,-44.359,0.00023227,6.741,1.62,0.4,5.23,3.5e-05,0.0,0.0,67.324,4.21,WiFi_6
UE_006,0.01055,22.49,18.812,-40.637,0.00023653,10.029,1.89,3.12,-5.03,3.5e-05,0.0,0.0,86.437,6.27,WiFi_6
UE_007,0.00707,33.43,31.552,-37.032,8.391e-05,16.772,2.26,1.87,13.68,2.4e-05,0.0,0.0,87.46,10.48,WiFi_6
UE_008,0.00707,41.336,37.253,-33.571,5.158e-05,19.801,1.69,6.25,7.66,2.4e-05,0.0,0.0,87.46,12.34,WiFi_6
UE_009,0.00707,18.801,12.817,-40.632,0.00021905,6.93,1.85,0.16,6.51,2.4e-05,0.0,0.0,68.451,4.33,WiFi_6
UE_010,0.01479,3.89,0.177,-46.446,0.0101179,1.648,2.0,36.24,5.05,4.9e-05,0.0,0.0,30.531,1.03,WiFi_6
UE_011,0.00707,34.154,30.148,-36.903,4.073e-05,16.026,1.8,5.67,-4.67,2.4e-05,0.0,0.0,87.46,10.02,WiFi_6
UE_012,0.00707,41.973,39.17,-33.035,1.62e-05,20.819,1.64,4.07,-7.32,2.4e-05,0.0,0.0,87.46,12.34,WiFi_6
UE_013,0.0053,44.276,42.626,-32.933,9.747e-05,22.656,2.2,5.64,2.59,1.8e-05,0.0,0.0,87.46,12.34,WiFi_6
UE_014,0.00707,26.847,25.579,-40.551,3.116e-05,13.602,2.04,0.35,5.28,2.4e-05,0.0,0.0,87.46,8.5,WiFi_6
UE_015,0.01121,34.117,32.214,-36.405,8.191e-05,17.123,1.98,4.86,8.04,3.7e-05,0.0,0.0,87.46,10.7,WiFi_6
UE_016,0.00707,27.092,23.744,-39.791,0.00020635,12.63,2.06,2.71,1.43,2.4e-05,0.0,0.0,87.46,7.89,WiFi_6
UE_017,0.00517,38.007,35.11,-32.517,7.438e-05,18.662,2.09,0.95,-0.39,1.7e-05,0.0,0.0,87.46,11.66,WiFi_6
UE_018,0.00707,37.059,34.493,-35.494,8.134e-05,18.334,1.58,4.32,3.46,2.4e-05,0.0,0.0,87.46,11.46,WiFi_6
UE_019,0.00707,39.263,36.264,-33.987,0.0001081,19.275,1.63,9.72,-6.89,2.4e-05,0.0,0.0,87.46,12.05,WiFi_6
UE_000,0.00579,42.96,40.091,-30.659,3.907e-05,21.309,1.56,0.09,-1.42,1.9e-05,0.0,0.0,87.46,12.34,WiFi_6
UE_001,0.00707,24.012,19.062,-41.53,0.00010394,10.16,1.76,3.36,-13.32,2.4e-05,0.0,0.0,87.187,6.35,WiFi_6
UE_002,0.02201,30.551,28.114,-38.861,3.487e-05,14.947,1.51,1.42,-3.07,7.3e-05,0.0,0.0,87.46,9.34,WiFi_6
UE_003,0.01403,17.23,16.386,-43.801,0.0002192,8.762,2.08,2.86,10.78,4.7e-05,0.0,0.0,79.158,5.48,WiFi_6
UE_004,0.00707,29.2,27.534,-40.379,8.085e-05,14.638,2.01,1.36,-12.46,2.4e-05,0.0,0.0,87.46,9.15,WiFi_6
UE_005,0.00569,36.595,34.238,-35.717,0.00024708,18.198,2.13,0.34,5.23,1.9e-05,0.0,0.0,87.46,11.37,WiFi_6
UE_006,0.01251,20.469,15.629,-44.01,0.00022687,8.369,1.97,0.23,-5.03,4.2e-05,0.0,0.0,76.888,5.23,WiFi_6
UE_007,0.00707,24.468,21.918,-39.995,0.00024284,11.665,1.8,1.71,13.68,2.4e-05,0.0,0.0,87.46,7.29,WiFi_6
UE_008,0.00707,43.875,40.342,-32.322,6.457e-05,21.442,1.62,1.12,7.66,2.4e-05,0.0,0.0,87.46,12.34,WiFi_6
UE_009,0.00707,21.539,17.171,-41.887,0.00018203,9.17,2.19,3.41,6.51,2.4e-05,0.0,0.0,81.513,5.73,WiFi_6
UE_010,0.02084,10.162,5.424,-45.573,0.01005099,3.465,2.14,32.59,5.05,6.9e-05,0.0,0.0,46.272,2.17,WiFi_6
UE_011,0.00707,19.004,15.916,-43.625,0.00016799,8.518,1.58,2.88,-4.67,2.4e-05,0.0,0.0,77.749,5.32,WiFi_6
UE_012,0.00707,30.39,28.237,-38.294,0.00029129,15.012,1.5,3.44,-7.32,2.4e-05,0.0,0.0,87.46,9.38,WiFi_6
UE_013,0.00522,38.81,33.332,-34.544,0.00014167,17.717,1.79,4.61,2.59,1.7e-05,0.0,0.0,87.46,11.07,WiFi_6
UE_014,0.00707,49.236,47.003,-30.206,8.354e-05,24.983,1.52,0.95,5.28,2.4e-05,0.0,0.0,87.46,12.34,WiFi_6
UE_015,0.005,22.861,18.918,-41.072,0.00012928,10.085,1.67,1.92,4.58,1.7e-05,0.0,0.0,86.755,6.3,WiFi_6
UE_016,0.00707,22.827,21.032,-41.031,2.301e-05,11.197,1.63,10.53,1.43,2.4e-05,0.0,0.0,87.46,7.0,WiFi_6
UE_017,0.00532,27.19,23.42,-38.931,0.00015284,12.458,1.75,4.79,-0.39,1.8e-05,0.0,0.0,87.46,7.79,WiFi_6
UE_018,0.00707,33.748,31.984,-35.151,0.00024717,17.001,1.92,5.2,3.46,2.4e-05,0.0,0.0,87.46,10.63,WiFi_6
UE_019,0.00707,32.877,30.462,-37.194,2.37e-05,16.193,1.58,4.5,-6.89,2.4e-05,0.0,0.0,87.46,10.12,WiFi_6
UE_000,0.00894,32.652,29.332,-35.654,0.00015992,15.593,1.74,0.38,-1.42,3e-05,0.0,0.0,87.46,9.75,WiFi_6
UE_001,0.00707,30.965,28.693,-38.641,0.00016112,15.254,2.01,4.05,-13.32,2.4e-05,0.0,0.0,87.46,9.53,WiFi_6
UE_002,0.01496,-2.505,-4.637,-51.27,0.15024353,0.682,1.55,12.43,-3.07,5e-05,0.0,0.0,16.09,0.43,WiFi_6
UE_003,0.00871,31.094,26.938,-36.802,7.731e-05,14.322,2.26,1.04,10.78,2.9e-05,0.0,0.0,87.46,8.95,WiFi_6
UE_004,0.00707,35.526,31.488,-35.808,3.033e-05,16.738,2.24,0.89,-12.46,2.4e-05,0.0,0.0,87.46,10.46,WiFi_6
UE_005,0.0063,22.153,19.054,-41.97,0.00012039,10.156,2.02,1.45,5.23,2.1e-05,0.0,0.0,87.161,6.35,WiFi_6
UE_006,0.01362,10.926,9.143,-44.426,0.00114893,5.125,1.64,7.24,-5.03,4.5e-05,0.0,0.0,57.428,3.2,WiFi_6
UE_007,0.00707,20.139,15.404,-41.17,0.00024864,8.253,2.16,3.42,13.68,2.4e-05,0.0,0.0,76.211,5.16,WiFi_6
UE_008,0.00707,43.221,40.093,-33.758,6.88e-05,21.31,2.2,1.63,7.66,2.4e-05,0.0,0.0,87.46,12.34,WiFi_6
UE_009,0.00707,20.983,17.509,-42.927,0.00013858,9.347,1.68,4.68,6.51,2.4e-05,0.0,0.0,82.528,5.84,WiFi_6
UE_010,0.02399,19.144,16.684,-42.239,0.0001024,8.917,1.97,6.42,5.05,8e-05,0.0,0.0,80.053,5.57,WiFi_6
UE_011,0.00707,33.434,31.077,-35.166,1.25e-06,16.519,1.83,0.49,-4.67,2.4e-05,0.0,0.0,87.46,10.32,WiFi_6
UE_012,0.00707,42.681,41.658,-31.658,0.00012552,22.142,1.79,1.89,-7.32,2.4e-05,0.0,0.0,87.46,12.34,WiFi_6
UE_013,0.00688,36.029,33.267,-35.031,0.00011015,17.683,1.99,5.79,2.59,2.3e-05,0.0,0.0,87.46,11.05,WiFi_6
UE_014,0.00707,26.975,22.016,-40.67,1.979e-05,11.716,2.23,5.0,5.28,2.4e-05,0.0,0.0,87.46,7.32,WiFi_6
UE_015,0.00707,36.66,34.662,-33.813,2.104e-05,18.424,1.74,1.23,4.58,2.4e-05,0.0,0.0,87.46,11.52,WiFi_6
UE_016,0.00707,36.339,32.92,-36.54,3.466e-05,17.498,2.25,5.33,1.43,2.4e-05,0.0,0.0,87.46,10.94,WiFi_6
UE_017,0.0055,46.462,41.323,-33.059,0.00013169,21.963,1.68,1.01,-0.39,1.8e-05,0.0,0.0,87.46,12.34,WiFi_6
UE_018,0.00707,30.876,28.475,-37.501,3.117e-05,15.138,1.92,2.25,3.46,2.4e-05,0.0,0.0,87.46,9.46,WiFi_6
UE_019,0.00707,22.83,18.499,-40.84,0.00037627,9.865,2.12,2.02,-6.89,2.4e-05,0.0,0.0,85.496,6.17,WiFi_6
UE_000,0.01046,38.756,34.719,-34.8,0.00015974,18.454,1.79,9.55,-1.42,3.5e-05,0.0,0.0,87.46,11.53,WiFi_6
UE_001,0.00707,25.542,20.521,-39.61,4.76e-05,10.927,1.55,6.15,-13.32,2.4e-05,0.0,0.0,87.46,6.83,WiFi_6
UE_002,0.00841,33.864,32.779,-37.564,3.332e-05,17.424,2.26,2.3,-3.07,2.8e-05,0.0,0.0,87.46,10.89,WiFi_6
UE_003,0.00513,30.584,27.471,-40.239,7.915e-05,14.605,1.96,0.94,10.78,1.7e-05,0.0,0.0,87.46,9.13,WiFi_6
UE_004,0.00707,25.88,23.507,-39.468,9.661e-05,12.504,1.56,4.56,-12.46,2.4e-05,0.0,0.0,87.46,7.82,WiFi_6
UE_005,0.00707,31.106,28.567,-38.705,2.252e-05,15.187,1.65,1.88,5.23,2.4e-05,0.0,0.0,87.46,9.49,WiFi_6
UE_006,0.01467,3.486,1.243,-46.3,0.01010156,1.954,1.72,20.24,-5.03,4.9e-05,0.0,0.0,33.728,1.22,WiFi_6
UE_007,0.00707,25.881,19.982,-39.49,0.00019765,10.644,1.87,0.87,13.68,2.4e-05,0.0,0.0,87.46,6.65,WiFi_6
UE_008,0.00707,32.641,30.059,-37.956,5.45e-05,15.979,1.63,0.84,7.66,2.4e-05,0.0,0.0,87.46,9.99,WiFi_6
UE_009,0.00707,17.38,14.673,-43.181,0.00012055,7.876,1.83,0.39,6.51,2.4e-05,0.0,0.0,74.018,4.92,WiFi_6
UE_010,0.01786,20.358,18.079,-41.126,0.00013713,9.645,1.79,4.57,5.05,6e-05,0.0,0.0,84.236,6.03,WiFi_6
UE_011,0.00707,38.914,34.669,-34.611,0.00015441,18.428,1.62,1.66,-4.67,2.4e-05,0.0,0.0,87.46,11.52,WiFi_6
UE_012,0.00707,39.171,35.489,-35.054,9.931e-05,18.864,1.74,0.84,-7.32,2.4e-05,0.0,0.0,87.46,11.79,WiFi_6
UE_013,0.00941,20.379,16.207,-39.683,0.00020546,8.669,1.56,3.67,2.59,3.1e-05,0.0,0.0,78.621,5.42,WiFi_6
UE_014,0.00707,41.806,40.233,-32.056,0.00011521,21.384,2.21,1.29,5.28,2.4e-05,0.0,0.0,87.46,12.34,WiFi_6
UE_015,0.00707,24.839,19.412,-40.495,0.00012386,10.344,1.88,5.32,6.9,2.4e-05,0.0,0.0,87.46,6.46,WiFi_6
UE_016,0.00707,35.663,31.255,-35.654,1.58e-05,16.614,1.79,0.71,1.43,2.4e-05,0.0,0.0,87.46,10.38,WiFi_6
UE_017,0.00572,28.336,23.217,-37.979,6.518e-05,12.351,1.55,4.89,-0.39,1.9e-05,0.0,0.0,87.46,7.72,WiFi_6
UE_018,0.00707,37.397,33.141,-33.485,2.567e-05,17.616,1.94,5.5,3.46,2.4e-05,0.0,0.0,87.46,11.01,WiFi_6
UE_019,0.00707,28.215,22.271,-38.598,3.98e-06,11.851,2.09,3.28,-6.89,2.4e-05,0.0,0.0,87.46,7.41,WiFi_6
UE_000,0.01205,28.744,26.038,-37.044,9.14e-06,13.845,1.88,1.7,-1.42,4e-05,0.0,0.0,87.46,8.65,WiFi_6
UE_001,0.00707,17.911,15.717,-40.939,0.00023608,8.415,1.8,0.17,-13.32,2.4e-05,0.0,0.0,77.152,5.26,WiFi_6
UE_002,0.00503,33.45,31.716,-36.849,5.53e-06,16.859,1.53,2.69,-3.07,1.7e-05,0.0,0.0,87.46,10.54,WiFi_6
UE_003,0.00696,30.264,26.592,-37.35,0.00011045,14.139,1.52,0.17,10.78,2.3e-05,0.0,0.0,87.46,8.84,WiFi_6
UE_004,0.00707,39.24,36.005,-32.495,9.064e-05,19.138,1.85,3.83,-12.46,2.4e-05,0.0,0.0,87.46,11.96,WiFi_6
UE_005,0.00707,35.367,32.409,-35.99,7.883e-05,17.227,1.95,8.75,5.23,2.4e-05,0.0,0.0,87.46,10.77,WiFi_6
UE_006,0.01572,27.718,24.859,-38.689,8.562e-05,13.22,2.09,3.42,-5.03,5.2e-05,0.0,0.0,87.46,8.26,WiFi_6
UE_007,0.00707,24.985,22.161,-41.124,5.15e-06,11.793,1.95,1.02,13.68,2.4e-05,0.0,0.0,87.46,7.37,WiFi_6
UE_008,0.00707,11.66,8.51,-43.373,0.00103327,4.827,2.17,3.04,7.66,2.4e-05,0.0,0.0,55.529,3.02,WiFi_6
UE_009,0.00707,30.715,28.924,-38.432,8.059e-05,15.377,1.73,3.4,6.51,2.4e-05,0.0,0.0,87.46,9.61,WiFi_6
UE_010,0.01194,15.485,11.639,-43.082,0.00108989,6.339,1.95,0.18,5.05,4e-05,0.0,0.0,64.917,3.96,WiFi_6
UE_011,0.00707,28.699,24.317,-40.239,0.0001057,12.933,1.58,0.11,-4.67,2.4e-05,0.0,0.0,87.46,8.08,WiFi_6
UE_012,0.00707,50.4,46.789,-29.676,2.753e-05,24.869,1.71,5.19,-7.32,2.4e-05,0.0,0.0,87.46,12.34,WiFi_6
UE_013,0.01228,18.913,14.873,-41.778,0.00017223,7.979,1.74,8.86,2.59,4.1e-05,0.0,0.0,74.62,4.99,WiFi_6
UE_014,0.00707,27.435,25.788,-40.304,0.00015874,13.712,1.55,1.66,5.28,2.4e-05,0.0,0.0,87.46,8.57,WiFi_6
UE_015,0.00707,25.001,23.552,-37.977,0.00018412,12.528,1.72,0.97,6.9,2.4e-05,0.0,0.0,87.46,7.83,WiFi_6
UE_016,0.00707,52.29,47.123,-27.909,4.189e-05,25.046,2.04,1.8,1.43,2.4e-05,0.0,0.0,87.46,12.34,WiFi_6
UE_017,0.00597,27.72,24.439,-39.802,9.708e-05,12.998,1.58,7.2,-0.39,2e-05,0.0,0.0,87.46,8.12,WiFi_6
UE_018,0.00707,37.649,35.324,-33.563,7.728e-05,18.776,1.55,5.89,3.46,2.4e-05,0.0,0.0,87.46,11.73,WiFi_6
UE_019,0.00707,41.027,37.465,-32.901,2.445e-05,19.913,2.19,2.57,-6.89,2.4e-05,0.0,0.0,87.46,12.34,WiFi_6
UE_000,0.01368,12.431,9.411,-43.252,0.00103077,5.253,1.58,0.73,-1.42,4.6e-05,0.0,0.0,58.234,3.28,WiFi_6
UE_001,0.00707,25.7,23.424,-38.205,5.518e-05,12.461,1.79,1.55,-13.32,2.4e-05,0.0,0.0,87.46,7.79,WiFi_6
UE_002,0.00707,23.561,22.224,-41.748,3.22e-05,11.826,1.68,0.68,-3.07,2.4e-05,0.0,0.0,87.46,7.39,WiFi_6
UE_003,0.00707,28.254,26.47,-39.891,4.027e-05,14.074,1.7,1.01,10.78,2.4e-05,0.0,0.0,87.46,8.8,WiFi_6
UE_004,0.00707,34.868,30.734,-35.28,8.829e-05,16.337,2.26,0.02,-12.46,2.4e-05,0.0,0.0,87.46,10.21,WiFi_6
UE_005,0.00707,8.993,4.809,-45.741,0.01014986,3.215,1.79,22.68,5.23,2.4e-05,0.0,0.0,44.427,2.01,WiFi_6
UE_006,0.01678,11.649,8.154,-47.339,0.00107053,4.663,1.86,5.42,-5.03,5.6e-05,0.0,0.0,54.463,2.91,WiFi_6
UE_007,0.00707,38.664,36.776,-34.36,8.608e-05,19.547,2.03,0.16,13.68,2.4e-05,0.0,0.0,87.46,12.22,WiFi_6
UE_008,0.00707,22.884,17.663,-39.845,0.00017817,9.427,2.22,4.1,7.66,2.4e-05,0.0,0.0,82.988,5.89,WiFi_6
UE_009,0.00707,25.864,21.116,-40.258,0.00014687,11.241,2.25,0.71,6.51,2.4e-05,0.0,0.0,87.46,7.03,WiFi_6
UE_010,0.00675,26.483,24.515,-40.48,4.683e-05,13.038,2.17,3.44,5.05,2.3e-05,0.0,0.0,87.46,8.15,WiFi_6
UE_011,0.00707,17.368,13.79,-42.942,0.00027366,7.424,1.59,5.05,-4.67,2.4e-05,0.0,0.0,71.371,4.64,WiFi_6
UE_012,0.00707,14.338,11.562,-44.019,0.00102552,6.301,1.69,8.24,-7.32,2.4e-05,0.0,0.0,64.685,3.94,WiFi_6
UE_013,0.0153,10.698,5.591,-44.856,0.01008195,3.534,1.87,19.05,2.59,5.1e-05,0.0,0.0,46.773,2.21,WiFi_6
UE_014,0.00707,26.069,21.629,-39.716,1.793e-05,11.512,2.13,4.79,5.28,2.4e-05,0.0,0.0,87.46,7.19,WiFi_6
UE_015,0.00707,48.276,42.872,-30.994,3.229e-05,22.787,2.07,3.25,-6.82,2.4e-05,0.0,0.0,87.46,12.34,WiFi_6
UE_016,0.00707,40.72,37.037,-32.845,0.00010079,19.686,1.81,0.18,1.43,2.4e-05,0.0,0.0,87.46,12.3,WiFi_6
UE_017,0.00625,40.693,37.769,-33.272,2.197e-05,20.075,2.22,5.01,-0.39,2.1e-05,0.0,0.0,87.46,12.34,WiFi_6
UE_018,0.00707,30.367,26.64,-38.867,7.07e-05,14.165,2.16,1.19,3.46,2.4e-05,0.0,0.0,87.46,8.85,WiFi_6
UE_019,0.00707,29.297,26.576,-38.504,0.0001692,14.131,1.97,0.8,-6.89,2.4e-05,0.0,0.0,87.46,8.83,WiFi_6
UE_000,0.01535,4.394,-0.079,-47.443,0.1501192,1.579,2.1,29.37,-1.42,5.1e-05,0.0,0.0,29.764,0.99,WiFi_6
UE_001,0.00707,35.547,35.29,-36.127,2.225e-05,18.757,2.02,4.16,-14.7,2.4e-05,0.0,0.0,87.46,11.72,WiFi_6
UE_002,0.00707,35.989,32.368,-34.617,4.692e-05,17.205,1.84,1.4,-3.07,2.4e-05,0.0,0.0,87.46,10.75,WiFi_6
UE_003,0.00707,22.81,19.572,-41.766,0.00014447,10.428,1.69,2.91,10.78,2.4e-05,0.0,0.0,87.46,6.52,WiFi_6
UE_004,0.00707,5.672,0.265,-47.457,0.01015669,1.672,1.58,38.77,-12.46,2.4e-05,0.0,0.0,30.795,1.04,WiFi_6
UE_005,0.00707,27.669,23.137,-39.901,0.00013918,12.309,2.09,3.79,7.29,2.4e-05,0.0,0.0,87.46,7.69,WiFi_6
UE_006,0.01785,29.782,26.191,-38.674,0.00022699,13.926,2.23,1.63,-5.03,5.9e-05,0.0,0.0,87.46,8.7,WiFi_6
UE_007,0.00707,21.371,20.563,-40.778,3.151e-05,10.95,1.91,0.44,13.68,2.4e-05,0.0,0.0,87.46,6.84,WiFi_6
UE_008,0.00707,30.237,24.224,-37.936,3.442e-05,12.884,1.76,1.34,7.66,2.4e-05,0.0,0.0,87.46,8.05,WiFi_6
UE_009,0.00707,27.328,22.482,-38.506,1.174e-05,11.962,1.96,5.21,6.51,2.4e-05,0.0,0.0,87.46,7.48,WiFi_6
UE_010,0.00531,19.91,14.958,-40.267,0.00029588,8.023,2.07,0.18,5.05,1.8e-05,0.0,0.0,74.874,5.01,WiFi_6
UE_011,0.00707,22.711,18.909,-40.471,0.00014338,10.08,1.93,0.81,-4.67,2.4e-05,0.0,0.0,86.726,6.3,WiFi_6
UE_012,0.00707,34.179,29.483,-37.917,7.32e-05,15.673,1.59,2.69,-7.32,2.4e-05,0.0,0.0,87.46,9.8,WiFi_6
UE_013,0.0184,22.241,19.093,-40.631,0.00037225,10.176,1.96,0.48,2.59,6.1e-05,0.0,0.0,87.279,6.36,WiFi_6
UE_014,0.00707,41.578,38.023,-32.722,1.759e-05,20.21,1.6,0.65,5.28,2.4e-05,0.0,0.0,87.46,12.34,WiFi_6
UE_015,0.00635,40.712,36.707,-34.768,4.855e-05,19.511,1.5,1.4,-6.82,2.1e-05,0.0,0.0,87.46,12.19,WiFi_6
UE_016,0.00707,34.015,30.745,-35.768,2.441e-05,16.343,1.8,1.54,1.43,2.4e-05,0.0,0.0,87.46,10.21,WiFi_6
UE_017,0.00655,38.369,33.151,-34.426,0.00011279,17.621,2.22,1.82,-0.39,2.2e-05,0.0,0.0,87.46,11.01,WiFi_6
UE_018,0.00707,21.797,16.829,-41.11,0.00010856,8.992,1.67,6.46,3.46,2.4e-05,0.0,0.0,80.487,5.62,WiFi_6
UE_019,0.00707,20.188,14.776,-42.382,0.00024082,7.929,1.74,6.28,-6.89,2.4e-05,0.0,0.0,74.329,4.96,WiFi_6
UE_000,0.01704,37.487,33.317,-34.402,5.964e-05,17.71,1.88,2.94,-1.42,5.7e-05,0.0,0.0,87.46,11.07,WiFi_6
UE_001,0.00707,32.407,29.388,-36.754,1.121e-05,15.623,2.08,2.2,-14.7,2.4e-05,0.0,0.0,87.46,9.76,WiFi_6
UE_002,0.00707,16.202,11.631,-44.18,0.00111529,6.335,1.75,0.59,-3.07,2.4e-05,0.0,0.0,64.894,3.96,WiFi_6
UE_003,0.00707,6.302,4.842,-46.839,0.01003564,3.228,2.27,29.02,10.78,2.4e-05,0.0,0.0,44.526,2.02,WiFi_6
UE_004,0.00707,37.751,34.065,-34.978,5.596e-05,18.107,2.04,2.93,-12.46,2.4e-05,0.0,0.0,87.46,11.32,WiFi_6
UE_005,0.00707,28.018,27.546,-38.14,7.644e-05,14.645,2.05,4.89,7.29,2.4e-05,0.0,0.0,87.46,9.15,WiFi_6
UE_006,0.01892,24.673,23.486,-41.408,0.00010932,12.493,1.54,9.22,-5.03,6.3e-05,0.0,0.0,87.46,7.81,WiFi_6
UE_007,0.00707,27.315,23.886,-40.347,7.75e-06,12.705,2.06,11.51,13.68,2.4e-05,0.0,0.0,87.46,7.94,WiFi_6
UE_008,0.00707,27.151,22.148,-38.062,2.79e-06,11.786,1.62,6.55,7.66,2.4e-05,0.0,0.0,87.46,7.37,WiFi_6
UE_009,0.00707,20.824,18.671,-41.124,0.00015981,9.955,2.26,6.62,-11.18,2.4e-05,0.0,0.0,86.013,6.22,WiFi_6
UE_010,0.00707,28.549,26.388,-38.581,0.00012066,14.031,2.06,1.47,5.05,2.4e-05,0.0,0.0,87.46,8.77,WiFi_6
UE_011,0.00707,37.043,33.085,-34.09,2.9e-06,17.586,1.92,0.72,-4.67,2.4e-05,0.0,0.0,87.46,10.99,WiFi_6
UE_012,0.00707,27.106,22.737,-41.071,9.75e-05,12.097,1.95,1.74,-7.32,2.4e-05,0.0,0.0,87.46,7.56,WiFi_6
UE_013,0.02154,-12.243,-14.82,-55.119,0.1501391,0.075,2.0,24.62,2.59,7.2e-05,0.0,0.0,15.26,0.1,WiFi_6
UE_014,0.00707,31.33,29.789,-36.222,0.00012845,15.835,1.61,3.79,5.28,2.4e-05,0.0,0.0,87.46,9.9,WiFi_6
UE_015,0.01968,12.428,9.928,-45.562,0.00108193,5.5,2.0,1.0,-6.82,6.6e-05,0.0,0.0,59.783,3.44,WiFi_6
UE_016,0.00707,26.999,25.584,-38.916,0.00019458,13.604,2.1,0.73,1.43,2.4e-05,0.0,0.0,87.46,8.5,WiFi_6
UE_017,0.00688,23.528,18.492,-42.094,0.00018399,9.861,1.83,1.64,-0.39,2.3e-05,0.0,0.0,85.476,6.16,WiFi_6
UE_018,0.00707,34.887,33.355,-36.466,0.00015075,17.729,2.25,3.93,3.46,2.4e-05,0.0,0.0,87.46,11.08,WiFi_6
UE_019,0.00707,43.121,41.401,-31.952,1.61e-06,22.005,1.9,5.06,-6.89,2.4e-05,0.0,0.0,87.46,12.34,WiFi_6
UE_000,0.01874,22.307,17.549,-41.887,0.00015834,9.368,1.98,2.15,-1.42,6.2e-05,0.0,0.0,82.648,5.85,WiFi_6
UE_001,0.00707,26.975,24.356,-39.646,4.29e-06,12.954,1.81,7.18,-14.7,2.4e-05,0.0,0.0,87.46,8.1,WiFi_6
UE_002,0.00707,26.885,22.056,-39.506,8.805e-05,11.737,2.0,8.45,-3.07,2.4e-05,0.0,0.0,87.46,7.34,WiFi_6
UE_003,0.00707,14.352,9.78,-44.686,0.00101247,5.429,2.02,10.99,10.78,2.4e-05,0.0,0.0,59.339,3.39,WiFi_6
UE_004,0.00707,30.35,24.471,-36.523,7.77e-05,13.015,2.0,0.6,-12.46,2.4e-05,0.0,0.0,87.46,8.13,WiFi_6
UE_005,0.00707,19.515,16.571,-42.057,0.00021896,8.858,1.51,1.6,7.29,2.4e-05,0.0,0.0,79.714,5.54,WiFi_6
UE_006,0.02,18.432,15.317,-42.087,0.00029363,8.208,2.01,0.01,-5.03,6.7e-05,0.0,0.0,75.951,5.13,WiFi_6
UE_007,0.00707,37.155,32.644,-36.136,0.0001402,17.352,2.26,1.64,13.68,2.4e-05,0.0,0.0,87.46,10.84,WiFi_6
UE_008,0.00707,17.049,14.8,-41.129,0.00018524,7.942,2.11,5.28,7.66,2.4e-05,0.0,0.0,74.401,4.96,WiFi_6
UE_009,0.01027,12.335,6.358,-43.178,0.00109652,3.86,2.04,0.58,-11.18,3.4e-05,0.0,0.0,49.073,2.41,WiFi_6
UE_010,0.00707,29.702,27.447,-37.331,4.37e-06,14.593,1.55,1.57,5.05,2.4e-05,0.0,0.0,87.46,9.12,WiFi_6
UE_011,0.00707,19.67,16.593,-42.699,0.00018109,8.869,2.13,4.78,-4.67,2.4e-05,0.0,0.0,79.778,5.54,WiFi_6
UE_012,0.00707,27.618,22.648,-39.016,2.259e-05,12.05,1.91,2.76,-7.92,2.4e-05,0.0,0.0,87.46,7.53,WiFi_6
UE_013,0.0247,-4.899,-6.456,-51.708,0.15005991,0.471,2.13,27.16,2.59,8.2e-05,0.0,0.0,15.26,0.29,WiFi_6
UE_014,0.00707,24.166,18.993,-40.151,0.00023142,10.124,2.19,9.02,5.28,2.4e-05,0.0,0.0,86.98,6.33,WiFi_6
UE_015,0.03174,-8.31,-11.94,-52.335,0.15004473,0.143,1.5,20.21,-6.82,0.000106,0.0,0.0,15.26,0.1,WiFi_6
UE_016,0.00707,32.765,30.453,-36.956,0.00012943,16.188,1.66,3.63,1.43,2.4e-05,0.0,0.0,87.46,10.12,WiFi_6
UE_017,0.00722,18.587,15.749,-43.387,0.00026235,8.432,2.08,0.64,-0.39,2.4e-05,0.0,0.0,77.248,5.27,WiFi_6
UE_018,0.00707,40.863,36.886,-33.81,4.162e-05,19.606,1.78,1.86,3.46,2.4e-05,0.0,0.0,87.46,12.25,WiFi_6
UE_019,0.00707,37.672,31.773,-34.314,6.834e-05,16.889,2.01,3.74,-6.89,2.4e-05,0.0,0.0,87.46,10.56,WiFi_6
UE_000,0.02045,29.111,25.841,-38.866,6.11e-05,13.741,1.9,2.24,-1.42,6.8e-05,0.0,0.0,87.46,8.59,WiFi_6
UE_001,0.00707,21.532,17.069,-40.693,0.00035728,9.117,1.61,1.21,-14.7,2.4e-05,0.0,0.0,81.208,5.7,WiFi_6
UE_002,0.00707,27.907,24.392,-38.241,0.00011413,12.973,2.26,0.13,-3.07,2.4e-05,0.0,0.0,87.46,8.11,WiFi_6
UE_003,0.00707,19.763,15.5,-41.85,0.00022425,8.303,2.03,3.65,10.78,2.4e-05,0.0,0.0,76.501,5.19,WiFi_6
UE_004,0.00707,27.604,23.819,-38.536,0.00011921,12.67,1.64,1.59,-12.46,2.4e-05,0.0,0.0,87.46,7.92,WiFi_6
UE_005,0.00707,38.656,33.56,-34.207,5.753e-05,17.838,1.96,8.67,7.29,2.4e-05,0.0,0.0,87.46,11.15,WiFi_6
UE_006,0.02108,6.126,4.07,-48.34,0.01008734,2.926,2.06,19.35,-5.03,7e-05,0.0,0.0,42.21,1.83,WiFi_6
UE_007,0.00707,42.41,38.546,-32.918,0.00011419,20.488,2.2,2.7,13.68,2.4e-05,0.0,0.0,87.46,12.34,WiFi_6
UE_008,0.00707,39.836,35.102,-34.401,1.453e-05,18.658,2.02,1.51,7.66,2.4e-05,0.0,0.0,87.46,11.66,WiFi_6
UE_009,0.02349,14.727,9.797,-43.791,0.00119119,5.437,1.55,1.71,-11.18,7.8e-05,0.0,0.0,59.392,3.4,WiFi_6
UE_010,0.00707,11.745,7.295,-44.585,0.00108594,4.272,1.65,4.25,5.05,2.4e-05,0.0,0.0,51.885,2.67,WiFi_6
UE_011,0.00707,33.995,29.378,-37.302,7.52e-06,15.617,1.89,0.14,-4.67,2.4e-05,0.0,0.0,87.46,9.76,WiFi_6
UE_012,0.00518,37.019,33.991,-33.994,2.43e-06,18.068,2.11,0.81,-7.92,1.7e-05,0.0,0.0,87.46,11.29,WiFi_6
UE_013,0.02311,10.058,7.115,-44.28,0.001199,4.191,1.71,5.69,2.59,7.7e-05,0.0,0.0,51.344,2.62,WiFi_6
UE_014,0.00707,20.438,16.971,-42.895,0.00015277,9.066,1.55,0.01,5.28,2.4e-05,0.0,0.0,80.914,5.67,WiFi_6
UE_015,0.02509,-7.375,-11.624,-52.932,0.15013127,0.154,2.1,9.98,-6.82,8.4e-05,0.0,0.0,15.26,0.1,WiFi_6
UE_016,0.00707,30.717,29.397,-37.923,2.135e-05,15.627,1.79,5.8,1.43,2.4e-05,0.0,0.0,87.46,9.77,WiFi_6
UE_017,0.00758,39.192,34.843,-34.364,5.12e-05,18.52,2.1,1.13,-0.39,2.5e-05,0.0,0.0,87.46,11.58,WiFi_6
UE_018,0.00707,12.837,9.116,-45.862,0.00119039,5.112,1.74,12.04,3.46,2.4e-05,0.0,0.0,57.347,3.2,WiFi_6
UE_019,0.00707,30.454,28.347,-39.335,3.593e-05,15.07,1.77,1.59,-6.89,2.4e-05,0.0,0.0,87.46,9.42,WiFi_6
UE_000,0.02218,22.285,18.956,-39.844,0.00012567,10.105,1.97,0.07,-1.42,7.4e-05,0.0,0.0,86.869,6.32,WiFi_6
UE_001,0.00707,28.568,25.811,-37.799,0.00010609,13.725,2.08,11.08,-14.7,2.4e-05,0.0,0.0,87.46,8.58,WiFi_6
UE_002,0.00707,12.023,8.933,-46.368,0.00112507,5.026,2.11,0.56,-3.07,2.4e-05,0.0,0.0,56.8,3.14,WiFi_6
UE_003,0.00707,36.717,35.919,-35.743,0.00016876,19.092,1.6,1.24,10.78,2.4e-05,0.0,0.0,87.46,11.93,WiFi_6
UE_004,0.00707,40.081,35.427,-34.413,2.674e-05,18.83,1.61,1.28,-13.66,2.4e-05,0.0,0.0,87.46,11.77,WiFi_6
UE_005,0.00707,39.017,38.016,-33.17,9.593e-05,20.206,2.06,2.61,7.29,2.4e-05,0.0,0.0,87.46,12.34,WiFi_6
UE_006,0.02216,6.997,2.858,-48.169,0.01005118,2.482,2.02,19.22,-5.03,7.4e-05,0.0,0.0,38.574,1.55,WiFi_6
UE_007,0.00707,19.92,15.71,-41.613,0.0002938,8.411,2.11,3.52,13.68,2.4e-05,0.0,0.0,77.13,5.26,WiFi_6
UE_008,0.00707,23.61,18.506,-41.894,0.00016122,9.869,1.9,2.45,7.66,2.4e-05,0.0,0.0,85.519,6.17,WiFi_6
UE_009,0.014,36.406,32.756,-35.245,0.00015797,17.411,2.16,0.36,-11.18,4.7e-05,0.0,0.0,87.46,10.88,WiFi_6
UE_010,0.00707,41.165,36.169,-34.24,2.706e-05,19.225,2.15,2.18,5.05,2.4e-05,0.0,0.0,87.46,12.02,WiFi_6
UE_011,0.00707,30.967,25.308,-37.231,0.00011173,13.458,2.23,3.01,-4.67,2.4e-05,0.0,0.0,87.46,8.41,WiFi_6
UE_012,0.0055,29.523,27.344,-38.168,7.738e-05,14.538,1.72,1.09,-7.92,1.8e-05,0.0,0.0,87.46,9.09,WiFi_6
UE_013,0.01996,29.691,24.631,-38.122,0.00022898,13.099,1.83,0.33,2.59,6.7e-05,0.0,0.0,87.46,8.19,WiFi_6
UE_014,0.00707,21.223,17.401,-41.345,0.00019661,9.291,1.88,3.43,5.28,2.4e-05,0.0,0.0,82.204,5.81,WiFi_6
UE_015,0.01289,6.014,-0.518,-45.609,0.15006565,1.466,2.04,18.79,-6.82,4.3e-05,0.0,0.0,28.446,0.92,WiFi_6
UE_016,0.00707,20.54,17.865,-42.808,0.00022022,9.533,1.83,9.73,1.43,2.4e-05,0.0,0.0,83.595,5.96,WiFi_6
UE_017,0.00795,35.437,31.757,-34.695,4.08e-06,16.881,2.07,1.62,-0.39,2.7e-05,0.0,0.0,87.46,10.55,WiFi_6
UE_018,0.00707,15.406,11.786,-44.733,0.00115861,6.413,1.53,1.32,3.46,2.4e-05,0.0,0.0,65.359,4.01,WiFi_6
UE_019,0.00707,23.682,18.486,-42.346,0.00028685,9.858,2.18,2.33,-6.89,2.4e-05,0.0,0.0,85.459,6.16,WiFi_6
UE_000,0.02391,19.058,15.186,-41.439,0.0001004,8.141,1.78,0.91,-1.42,8e-05,0.0,0.0,75.559,5.09,WiFi_6
UE_001,0.00707,29.627,25.673,-38.537,7.225e-05,13.652,1.83,0.89,-14.7,2.4e-05,0.0,0.0,87.46,8.53,WiFi_6
UE_002,0.00707,44.726,38.553,-33.584,0.00010457,20.492,1.76,2.91,-3.07,2.4e-05,0.0,0.0,87.46,12.34,WiFi_6
UE_003,0.00707,18.269,13.451,-42.795,0.00023636,7.251,2.16,5.75,10.78,2.4e-05,0.0,0.0,70.354,4.53,WiFi_6
UE_004,0.00707,38.708,38.039,-33.611,1.623e-05,20.218,1.66,10.51,-13.66,2.4e-05,0.0,0.0,87.46,12.34,WiFi_6
UE_005,0.00707,10.149,7.624,-46.42,0.00116293,4.42,2.21,1.77,7.29,2.4e-05,0.0,0.0,52.873,2.76,WiFi_6
UE_006,0.02325,-2.149,-7.279,-50.394,0.15011544,0.396,2.19,36.8,-5.03,7.7e-05,0.0,0.0,15.26,0.25,WiFi_6
UE_007,0.00707,41.568,38.677,-33.179,0.00012986,20.557,1.5,1.97,13.68,2.4e-05,0.0,0.0,87.46,12.34,WiFi_6
UE_008,0.00707,36.359,31.08,-36.298,0.00012773,16.521,1.5,3.14,7.66,2.4e-05,0.0,0.0,87.46,10.33,WiFi_6
UE_009,0.00508,37.647,34.574,-35.748,8.75e-06,18.377,1.51,9.64,-11.18,1.7e-05,0.0,0.0,87.46,11.49,WiFi_6
UE_010,0.00707,29.773,28.019,-37.591,8.944e-05,14.896,1.9,6.12,5.05,2.4e-05,0.0,0.0,87.46,9.31,WiFi_6
UE_011,0.00707,37.125,33.513,-35.891,8.659e-05,17.814,1.51,1.2,-4.67,2.4e-05,0.0,0.0,87.46,11.13,WiFi_6
UE_012,0.00775,29.803,25.271,-37.617,1.192e-05,13.439,1.8,1.22,-7.92,2.6e-05,0.0,0.0,87.46,8.4,WiFi_6
UE_013,0.01684,17.138,12.855,-45.152,0.0002061,6.949,1.91,4.13,2.59,5.6e-05,0.0,0.0,68.565,4.34,WiFi_6
UE_014,0.00707,31.008,27.333,-37.223,2.726e-05,14.532,1.84,1.47,5.28,2.4e-05,0.0,0.0,87.46,9.08,WiFi_6
UE_015,0.00631,12.269,9.245,-44.537,0.00106085,5.173,1.78,2.72,-6.82,2.1e-05,0.0,0.0,57.736,3.23,WiFi_6
UE_016,0.00707,22.876,20.258,-39.55,7.24e-05,10.789,1.72,3.22,1.43,2.4e-05,0.0,0.0,87.46,6.74,WiFi_6
UE_017,0.00834,22.988,21.242,-41.265,6.066e-05,11.308,2.19,1.75,-0.39,2.8e-05,0.0,0.0,87.46,7.07,WiFi_6
UE_018,0.00707,29.977,24.017,-38.802,0.00012007,12.774,2.24,1.91,3.46,2.4e-05,0.0,0.0,87.46,7.98,WiFi_6
UE_019,0.00707,37.942,36.472,-34.413,7.791e-05,19.386,1.92,0.02,-6.89,2.4e-05,0.0,0.0,87.46,12.12,WiFi_6
UE_000,0.02534,10.132,7.976,-43.984,0.00103352,4.581,2.08,0.81,-1.42,8.4e-05,0.0,0.0,53.928,2.86,WiFi_6
UE_001,0.00707,23.487,19.785,-41.128,0.00017419,10.54,2.21,1.77,-14.7,2.4e-05,0.0,0.0,87.46,6.59,WiFi_6
UE_002,0.00707,39.266,38.327,-32.859,8.966e-05,20.371,2.24,0.77,-3.07,2.4e-05,0.0,0.0,87.46,12.34,WiFi_6
UE_003,0.00707,40.405,38.401,-33.747,7.626e-05,20.411,1.89,4.77,10.78,2.4e-05,0.0,0.0,87.46,12.34,WiFi_6
UE_004,0.00707,24.865,20.993,-39.377,1.77e-06,11.176,2.14,4.13,-13.66,2.4e-05,0.0,0.0,87.46,6.99,WiFi_6
UE_005,0.00707,33.375,31.592,-36.776,2.328e-05,16.793,1.83,0.94,7.29,2.4e-05,0.0,0.0,87.46,10.5,WiFi_6
UE_006,0.02434,28.175,25.416,-37.627,1.878e-05,13.516,1.83,5.34,-5.03,8.1e-05,0.0,0.0,87.46,8.45,WiFi_6
UE_007,0.00707,17.387,12.098,-44.708,0.0002497,6.568,1.69,1.08,13.68,2.4e-05,0.0,0.0,66.295,4.11,WiFi_6
UE_008,0.00707,45.568,40.325,-30.561,5.154e-05,21.433,1.69,5.39,7.66,2.4e-05,0.0,0.0,87.46,12.34,WiFi_6
UE_009,0.00707,34.867,29.545,-36.29,3.386e-05,15.706,2.1,3.4,-11.18,2.4e-05,0.0,0.0,87.46,9.82,WiFi_6
UE_010,0.00707,9.438,8.08,-45.704,0.00120843,4.628,1.64,5.0,5.05,2.4e-05,0.0,0.0,54.239,2.89,WiFi_6
UE_011,0.00707,15.417,10.94,-45.074,0.00104003,5.994,1.61,4.27,-4.67,2.4e-05,0.0,0.0,62.821,3.75,WiFi_6
UE_012,0.01079,26.696,23.688,-39.504,5.646e-05,12.6,2.26,2.76,-7.92,3.6e-05,0.0,0.0,87.46,7.87,WiFi_6
UE_013,0.01377,40.709,39.902,-35.18,3.901e-05,21.209,1.65,1.83,2.59,4.6e-05,0.0,0.0,87.46,12.34,WiFi_6
UE_014,0.00707,32.092,29.619,-35.669,2.114e-05,15.745,1.74,1.13,5.28,2.4e-05,0.0,0.0,87.46,9.84,WiFi_6
UE_015,0.00685,28.835,26.151,-39.374,4.614e-05,13.905,1.83,0.43,-6.82,2.3e-05,0.0,0.0,87.46,8.69,WiFi_6
UE_016,0.00707,27.35,22.71,-39.495,0.0001488,12.083,1.73,7.59,1.43,2.4e-05,0.0,0.0,87.46,7.55,WiFi_6
UE_017,0.00873,30.656,26.86,-36.424,0.00021378,14.281,2.05,0.84,-0.39,2.9e-05,0.0,0.0,87.46,8.93,WiFi_6
UE_018,0.00707,36.607,33.523,-36.342,0.00032426,17.819,1.5,0.06,3.46,2.4e-05,0.0,0.0,87.46,11.14,WiFi_6
UE_019,0.00707,35.301,31.639,-36.956,7.379e-05,16.818,1.86,1.65,-6.89,2.4e-05,0.0,0.0,87.46,10.51,WiFi_6
UE_000,0.02361,8.979,5.83,-47.235,0.01003922,3.634,1.69,21.7,-1.42,7.9e-05,0.0,0.0,47.49,2.27,WiFi_6
UE_001,0.00707,19.036,16.673,-42.567,0.00019414,8.911,1.51,0.05,-14.7,2.4e-05,0.0,0.0,80.018,5.57,WiFi_6
UE_002,0.00707,32.615,29.097,-36.137,4.875e-05,15.468,2.07,2.77,-3.07,2.4e-05,0.0,0.0,87.46,9.67,WiFi_6
UE_003,0.00707,38.45,33.738,-35.201,1.35e-06,17.933,1.79,6.7,10.78,2.4e-05,0.0,0.0,87.46,11.21,WiFi_6
UE_004,0.00707,22.424,19.922,-40.573,0.00016316,10.612,1.57,1.79,-13.66,2.4e-05,0.0,0.0,87.46,6.63,WiFi_6
UE_005,0.00707,8.01,4.716,-49.814,0.01015789,3.178,1.59,24.94,7.29,2.4e-05,0.0,0.0,44.147,1.99,WiFi_6
UE_006,0.02543,-2.573,-5.018,-49.792,0.15015783,0.632,1.65,20.16,-5.03,8.5e-05,0.0,0.0,15.26,0.39,WiFi_6
UE_007,0.00707,13.433,10.924,-42.633,0.00102166,5.986,1.73,1.79,13.68,2.4e-05,0.0,0.0,62.773,3.74,WiFi_6
UE_008,0.00707,15.976,13.739,-43.681,0.00012444,7.398,1.62,1.5,7.66,2.4e-05,0.0,0.0,71.216,4.62,WiFi_6
UE_009,0.00707,38.391,35.547,-33.063,9.266e-05,18.894,1.69,1.91,-11.18,2.4e-05,0.0,0.0,87.46,11.81,WiFi_6
UE_010,0.00707,21.697,17.805,-40.755,0.00013077,9.501,2.19,5.93,5.05,2.4e-05,0.0,0.0,83.415,5.94,WiFi_6
UE_011,0.00707,22.532,19.683,-40.933,0.00014414,10.486,1.84,1.4,-4.67,2.4e-05,0.0,0.0,87.46,6.55,WiFi_6
UE_012,0.01412,12.4,8.588,-44.652,0.00101626,4.864,1.89,5.68,-7.92,4.7e-05,0.0,0.0,55.763,3.04,WiFi_6
UE_013,0.01082,14.574,10.895,-44.738,0.00105125,5.971,1.72,2.55,-9.56,3.6e-05,0.0,0.0,62.684,3.73,WiFi_6
UE_014,0.00707,32.838,29.909,-36.436,0.0001091,15.899,2.03,0.27,5.28,2.4e-05,0.0,0.0,87.46,9.94,WiFi_6
UE_015,0.00707,33.263,29.993,-37.154,3.491e-05,15.944,1.91,8.76,-6.82,2.4e-05,0.0,0.0,87.46,9.96,WiFi_6
UE_016,0.00707,24.465,22.845,-43.668,9.14e-06,12.154,2.08,0.35,1.43,2.4e-05,0.0,0.0,87.46,7.6,WiFi_6
UE_017,0.00913,41.718,38.887,-34.428,2.883e-05,20.669,1.71,4.62,-0.39,3e-05,0.0,0.0,87.46,12.34,WiFi_6
UE_018,0.00707,33.96,30.017,-36.134,0.00014397,15.956,1.96,4.64,3.46,2.4e-05,0.0,0.0,87.46,9.97,WiFi_6
UE_019,0.00707,24.95,21.333,-38.375,2.452e-05,11.356,2.04,0.75,6.47,2.4e-05,0.0,0.0,87.46,7.1,WiFi_6
UE_000,0.02188,21.889,17.843,-41.871,0.000213,9.521,1.73,1.15,-1.42,7.3e-05,0.0,0.0,83.528,5.95,WiFi_6
UE_001,0.00707,39.096,37.175,-34.743,2.172e-05,19.759,1.54,3.21,-14.7,2.4e-05,0.0,0.0,87.46,12.34,WiFi_6
UE_002,0.00707,38.122,34.472,-33.589,9.113e-05,18.323,2.23,0.72,-3.07,2.4e-05,0.0,0.0,87.46,11.45,WiFi_6
UE_003,0.00707,34.099,30.902,-37.174,7.797e-05,16.426,2.11,0.64,10.78,2.4e-05,0.0,0.0,87.46,10.27,WiFi_6
UE_004,0.00707,46.995,42.816,-31.658,4.721e-05,22.757,1.66,1.87,-13.66,2.4e-05,0.0,0.0,87.46,12.34,WiFi_6
UE_005,0.00707,20.561,17.19,-41.826,0.00024717,9.18,1.97,0.27,7.29,2.4e-05,0.0,0.0,81.57,5.74,WiFi_6
UE_006,0.02447,4.631,0.312,-47.856,0.01013197,1.685,2.18,13.98,-5.03,8.2e-05,0.0,0.0,30.937,1.05,WiFi_6
UE_007,0.00707,15.924,13.703,-43.362,0.00012143,7.38,2.26,8.33,13.68,2.4e-05,0.0,0.0,71.11,4.61,WiFi_6
UE_008,0.00707,21.109,14.688,-40.889,0.00019837,7.884,1.67,16.22,7.66,2.4e-05,0.0,0.0,74.064,4.93,WiFi_6
UE_009,0.00707,40.236,36.572,-33.18,9.736e-05,19.439,1.51,0.27,-11.18,2.4e-05,0.0,0.0,87.46,12.15,WiFi_6
UE_010,0.00707,13.536,12.298,-45.423,0.00018447,6.669,2.07,2.97,5.05,2.4e-05,0.0,0.0,66.895,4.17,WiFi_6
UE_011,0.00707,16.61,14.173,-42.518,0.00011668,7.62,1.98,4.96,-4.67,2.4e-05,0.0,0.0,72.52,4.76,WiFi_6
UE_012,0.01757,20.841,16.915,-42.0,0.00012688,9.037,1.67,1.51,-7.92,5.9e-05,0.0,0.0,80.746,5.65,WiFi_6
UE_013,0.02212,13.075,8.161,-44.552,0.00102691,4.666,2.16,0.03,-9.56,7.4e-05,0.0,0.0,54.483,2.92,WiFi_6
UE_014,0.00707,39.874,36.645,-35.565,5.587e-05,19.478,2.06,0.9,5.28,2.4e-05,0.0,0.0,87.46,12.17,WiFi_6
UE_015,0.00707,15.108,12.661,-44.023,0.00010775,6.851,1.64,0.85,-6.82,2.4e-05,0.0,0.0,67.983,4.28,WiFi_6
UE_016,0.00707,33.059,30.836,-38.213,5.601e-05,16.391,1.88,2.02,1.43,2.4e-05,0.0,0.0,87.46,10.24,WiFi_6
UE_017,0.00954,35.594,32.014,-35.35,8.078e-05,17.017,1.74,14.84,-0.39,3.2e-05,0.0,0.0,87.46,10.64,WiFi_6
UE_018,0.00707,19.459,14.035,-40.524,0.00012597,7.549,1.64,0.41,3.46,2.4e-05,0.0,0.0,72.106,4.72,WiFi_6
UE_019,0.00328,56.897,54.26,-27.498,0.00011922,28.84,2.2,0.42,6.47,1.1e-05,0.0,0.0,87.46,12.34,WiFi_6
UE_000,0.02015,22.071,19.749,-42.337,0.00011027,10.521,1.61,0.45,-1.42,6.7e-05,0.0,0.0,87.46,6.58,WiFi_6
UE_001,0.00707,30.476,26.709,-38.091,5.392e-05,14.201,1.79,6.11,-14.7,2.4e-05,0.0,0.0,87.46,8.88,WiFi_6
UE_002,0.00707,40.401,36.257,-34.957,0.00010578,19.271,1.6,1.09,3.06,2.4e-05,0.0,0.0,87.46,12.04,WiFi_6
UE_003,0.00707,29.72,27.881,-37.047,6.151e-05,14.823,1.98,0.89,10.78,2.4e-05,0.0,0.0,87.46,9.26,WiFi_6
UE_004,0.00707,38.505,37.111,-35.291,0.00010361,19.726,2.13,3.09,13.41,2.4e-05,0.0,0.0,87.46,12.33,WiFi_6
UE_005,0.00707,34.393,32.729,-36.215,7.64e-05,17.397,1.87,1.27,7.29,2.4e-05,0.0,0.0,87.46,10.87,WiFi_6
UE_006,0.02338,14.086,9.773,-47.339,0.00112656,5.426,1.74,3.19,-5.03,7.8e-05,0.0,0.0,59.319,3.39,WiFi_6
UE_007,0.00707,34.673,32.061,-35.892,5.979e-05,17.042,2.03,0.04,13.68,2.4e-05,0.0,0.0,87.46,10.65,WiFi_6
UE_008,0.00707,27.38,24.29,-38.438,4.847e-05,12.919,1.53,1.04,7.66,2.4e-05,0.0,0.0,87.46,8.07,WiFi_6
UE_009,0.00707,31.729,28.94,-36.506,0.00016401,15.385,2.14,0.39,-11.18,2.4e-05,0.0,0.0,87.46,9.62,WiFi_6
UE_010,0.00707,26.442,23.782,-38.334,3.92e-05,12.65,1.83,2.18,5.05,2.4e-05,0.0,0.0,87.46,7.91,WiFi_6
UE_011,0.00707,14.941,11.88,-43.46,0.00104348,6.459,2.21,0.45,-4.67,2.4e-05,0.0,0.0,65.639,4.04,WiFi_6
UE_012,0.02109,-1.327,-5.785,-48.866,0.15001787,0.541,2.13,8.82,-7.92,7e-05,0.0,0.0,15.26,0.34,WiFi_6
UE_013,0.01724,15.852,13.983,-43.757,0.00017788,7.523,2.24,0.57,-9.56,5.7e-05,0.0,0.0,71.95,4.7,WiFi_6
UE_014,0.00707,31.001,26.029,-39.351,0.00011388,13.841,1.59,6.74,5.28,2.4e-05,0.0,0.0,87.46,8.65,WiFi_6
UE_015,0.00707,41.887,37.633,-32.134,7.652e-05,20.003,1.97,1.68,-6.82,2.4e-05,0.0,0.0,87.46,12.34,WiFi_6
UE_016,0.00707,24.371,21.101,-40.921,7.509e-05,11.233,1.64,7.49,1.43,2.4e-05,0.0,0.0,87.46,7.02,WiFi_6
UE_017,0.00996,17.067,12.229,-42.232,0.00010765,6.634,1.98,18.22,-0.39,3.3e-05,0.0,0.0,66.686,4.15,WiFi_6
UE_018,0.00707,36.118,33.53,-33.856,0.00011452,17.823,1.88,1.3,3.46,2.4e-05,0.0,0.0,87.46,11.14,WiFi_6
UE_019,0.01151,21.674,15.618,-40.567,0.00019225,8.363,2.05,9.97,6.47,3.8e-05,0.0,0.0,76.853,5.23,WiFi_6
UE_000,0.01844,31.514,27.028,-35.843,2.745e-05,14.37,2.25,6.78,-1.42,6.1e-05,0.0,0.0,87.46,8.98,WiFi_6
UE_001,0.00707,37.288,34.901,-36.752,0.00010006,18.551,1.8,0.03,-14.7,2.4e-05,0.0,0.0,87.46,11.59,WiFi_6
UE_002,0.00262,47.274,42.651,-31.574,6.961e-05,22.669,1.59,1.01,3.06,9e-06,0.0,0.0,87.46,12.34,WiFi_6
UE_003,0.00707,21.372,18.97,-41.287,0.00017427,10.112,1.57,0.63,10.78,2.4e-05,0.0,0.0,86.91,6.32,WiFi_6
UE_004,0.01278,17.216,12.553,-42.306,0.0001147,6.797,1.77,2.07,13.41,4.3e-05,0.0,0.0,67.658,4.25,WiFi_6
UE_005,0.00707,20.819,16.15,-41.859,0.00031712,8.639,1.82,4.69,7.29,2.4e-05,0.0,0.0,78.451,5.4,WiFi_6
UE_006,0.02229,19.101,17.431,-42.341,0.00035658,9.306,2.23,11.99,-5.03,7.4e-05,0.0,0.0,82.292,5.82,WiFi_6
UE_007,0.00707,25.85,21.849,-40.5,6.861e-05,11.628,1.88,8.66,13.68,2.4e-05,0.0,0.0,87.46,7.27,WiFi_6
UE_008,0.00707,17.992,14.044,-43.676,0.00023094,7.554,1.68,0.73,7.66,2.4e-05,0.0,0.0,72.133,4.72,WiFi_6
UE_009,0.00707,34.774,32.515,-34.819,3.371e-05,17.284,1.94,6.57,-11.18,2.4e-05,0.0,0.0,87.46,10.8,WiFi_6
UE_010,0.00707,16.903,12.719,-44.002,0.00019705,6.881,1.57,1.58,5.05,2.4e-05,0.0,0.0,68.157,4.3,WiFi_6
UE_011,0.00707,41.383,36.474,-34.102,2.05e-05,19.387,1.51,0.63,-4.67,2.4e-05,0.0,0.0,87.46,12.12,WiFi_6
UE_012,0.02464,20.933,15.943,-40.07,0.00020427,8.532,1.55,2.67,-7.92,8.2e-05,0.0,0.0,77.828,5.33,WiFi_6
UE_013,0.00676,28.736,25.422,-37.182,4.31e-06,13.519,1.61,1.56,-9.56,2.3e-05,0.0,0.0,87.46,8.45,WiFi_6
UE_014,0.00707,32.332,30.133,-35.443,1.772e-05,16.018,2.14,6.37,5.28,2.4e-05,0.0,0.0,87.46,10.01,WiFi_6
UE_015,0.00707,32.956,30.768,-37.415,6.266e-05,16.355,2.04,2.37,-6.82,2.4e-05,0.0,0.0,87.46,10.22,WiFi_6
UE_016,0.00707,24.496,21.359,-38.981,0.00017488,11.369,2.24,0.39,1.43,2.4e-05,0.0,0.0,87.46,7.11,WiFi_6
UE_017,0.01038,10.027,5.834,-45.467,0.01005432,3.636,1.95,21.21,-0.39,3.5e-05,0.0,0.0,47.502,2.27,WiFi_6
UE_018,0.00707,34.004,30.574,-37.25,9.761e-05,16.252,1.78,0.06,3.46,2.4e-05,0.0,0.0,87.46,10.16,WiFi_6
UE_019,0.02038,13.977,11.992,-45.765,0.00118449,6.515,2.14,10.41,6.47,6.8e-05,0.0,0.0,65.976,4.07,WiFi_6
UE_000,0.01674,12.489,10.051,-44.591,0.00100546,5.56,1.61,3.5,-1.42,5.6e-05,0.0,0.0,60.152,3.47,WiFi_6
UE_001,0.00707,29.942,27.155,-38.928,0.00010249,14.438,2.06,1.08,-14.7,2.4e-05,0.0,0.0,87.46,9.02,WiFi_6
UE_002,0.01004,21.505,18.396,-42.974,0.00013948,9.811,1.72,5.09,3.06,3.3e-05,0.0,0.0,85.187,6.13,WiFi_6
UE_003,0.00707,30.279,28.585,-39.66,3.524e-05,15.196,2.08,1.17,10.78,2.4e-05,0.0,0.0,87.46,9.5,WiFi_6
UE_004,0.02205,21.945,18.573,-42.387,0.00024707,9.904,1.83,3.12,13.41,7.4e-05,0.0,0.0,85.719,6.19,WiFi_6
UE_005,0.00707,21.461,16.661,-40.496,0.00021061,8.905,2.14,0.36,7.29,2.4e-05,0.0,0.0,79.984,5.57,WiFi_6
UE_006,0.0212,16.373,14.365,-43.525,0.00014093,7.718,1.68,1.71,-5.03,7.1e-05,0.0,0.0,73.096,4.82,WiFi_6
UE_007,0.00707,17.643,12.427,-44.047,0.00021432,6.734,1.9,0.19,13.68,2.4e-05,0.0,0.0,67.282,4.21,WiFi_6
UE_008,0.00707,27.217,24.794,-37.788,9.823e-05,13.186,1.81,2.31,7.66,2.4e-05,0.0,0.0,87.46,8.24,WiFi_6
UE_009,0.00707,23.335,17.686,-39.249,0.00022075,9.439,2.07,1.02,-11.18,2.4e-05,0.0,0.0,83.059,5.9,WiFi_6
UE_010,0.00707,33.326,28.763,-35.775,3.444e-05,15.291,1.86,1.58,5.05,2.4e-05,0.0,0.0,87.46,9.56,WiFi_6
UE_011,0.00707,16.32,12.438,-42.449,0.00013029,6.739,1.79,0.05,-4.67,2.4e-05,0.0,0.0,67.314,4.21,WiFi_6
UE_012,0.02279,20.108,16.347,-45.332,0.00014497,8.741,1.65,1.12,-7.92,7.6e-05,0.0,0.0,79.041,5.46,WiFi_6
UE_013,0.00707,33.439,30.488,-35.412,6.623e-05,16.207,2.1,0.09,-9.56,2.4e-05,0.0,0.0,87.46,10.13,WiFi_6
UE_014,0.00707,24.435,22.137,-39.401,0.00017362,11.78,1.92,0.24,5.28,2.4e-05,0.0,0.0,87.46,7.36,WiFi_6
UE_015,0.00707,23.728,21.451,-39.751,3.835e-05,11.418,2.2,1.28,-6.82,2.4e-05,0.0,0.0,87.46,7.14,WiFi_6
UE_016,0.00707,47.765,45.627,-30.41,5.23e-06,24.251,1.52,1.05,1.43,2.4e-05,0.0,0.0,87.46,12.34,WiFi_6
UE_017,0.01081,24.255,22.417,-40.316,7.313e-05,11.928,1.93,5.04,-0.39,3.6e-05,0.0,0.0,87.46,7.46,WiFi_6
UE_018,0.00707,28.861,26.128,-37.969,0.00016872,13.893,1.57,1.89,3.46,2.4e-05,0.0,0.0,87.46,8.68,WiFi_6
UE_019,0.025,13.799,9.946,-43.983,0.00104951,5.509,2.24,3.09,6.47,8.3e-05,0.0,0.0,59.839,3.44,WiFi_6
UE_000,0.01506,13.778,9.395,-43.847,0.00103831,5.245,2.06,1.48,-1.42,5e-05,0.0,0.0,58.186,3.28,WiFi_6
UE_001,0.00707,24.261,19.585,-38.394,0.00011084,10.435,1.76,12.89,-14.7,2.4e-05,0.0,0.0,87.46,6.52,WiFi_6
UE_002,0.01822,1.25,-3.82,-46.785,0.15015019,0.801,2.12,10.11,3.06,6.1e-05,0.0,0.0,18.539,0.5,WiFi_6
UE_003,0.00707,34.55,31.128,-35.877,5.992e-05,16.547,2.17,0.69,10.78,2.4e-05,0.0,0.0,87.46,10.34,WiFi_6
UE_004,0.00688,20.22,15.061,-41.449,0.00014908,8.076,2.18,6.58,7.26,2.3e-05,0.0,0.0,75.184,5.05,WiFi_6
UE_005,0.00707,22.188,20.632,-41.478,2.373e-05,10.986,1.67,0.12,7.29,2.4e-05,0.0,0.0,87.46,6.87,WiFi_6
UE_006,0.02012,22.451,19.677,-41.085,0.00021629,10.483,1.62,5.27,-5.03,6.7e-05,0.0,0.0,87.46,6.55,WiFi_6
UE_007,0.00707,18.746,13.673,-41.264,0.00012577,7.364,1.97,1.92,13.68,2.4e-05,0.0,0.0,71.019,4.6,WiFi_6
UE_008,0.00707,28.174,25.6,-38.729,0.00019478,13.613,1.6,1.65,7.66,2.4e-05,0.0,0.0,87.46,8.51,WiFi_6
UE_009,0.00707,24.139,18.508,-40.898,0.00015737,9.869,1.83,0.62,-11.18,2.4e-05,0.0,0.0,85.523,6.17,WiFi_6
UE_010,0.00707,8.964,5.749,-45.48,0.01001639,3.6,1.66,25.75,5.05,2.4e-05,0.0,0.0,47.246,2.25,WiFi_6
UE_011,0.00707,21.136,18.456,-42.137,0.00029616,9.842,2.27,3.51,-4.67,2.4e-05,0.0,0.0,85.368,6.15,WiFi_6
UE_012,0.01925,25.159,23.514,-39.228,7.857e-05,12.508,2.17,5.04,-7.92,6.4e-05,0.0,0.0,87.46,7.82,WiFi_6
UE_013,0.00707,32.458,28.772,-37.825,4.904e-05,15.295,1.85,3.15,-9.56,2.4e-05,0.0,0.0,87.46,9.56,WiFi_6
UE_014,0.00707,15.379,12.558,-44.157,0.00013467,6.799,1.72,0.69,5.28,2.4e-05,0.0,0.0,67.675,4.25,WiFi_6
UE_015,0.00707,38.573,35.63,-32.928,0.00011299,18.938,2.05,1.73,-6.82,2.4e-05,0.0,0.0,87.46,11.84,WiFi_6
UE_016,0.00707,26.577,22.567,-38.192,0.00018441,12.007,2.09,13.01,1.43,2.4e-05,0.0,0.0,87.46,7.5,WiFi_6
UE_017,0.01125,28.141,24.257,-40.191,9.247e-05,12.902,2.25,0.5,-0.39,3.7e-05,0.0,0.0,87.46,8.06,WiFi_6
UE_018,0.00707,34.866,29.842,-35.834,4.53e-06,15.864,1.81,1.4,3.46,2.4e-05,0.0,0.0,87.46,9.91,WiFi_6
UE_019,0.02052,22.28,19.419,-41.41,0.00012859,10.347,1.78,8.71,6.47,6.8e-05,0.0,0.0,87.46,6.47,WiFi_6
UE_000,0.0134,26.113,21.862,-40.046,0.0001141,11.635,2.03,0.41,-1.42,4.5e-05,0.0,0.0,87.46,7.27,WiFi_6
UE_001,0.00707,46.219,41.259,-32.232,2.725e-05,21.93,2.26,1.68,-14.7,2.4e-05,0.0,0.0,87.46,12.34,WiFi_6
UE_002,0.02646,8.016,4.198,-46.864,0.01007975,2.976,1.69,32.92,6.56,8.8e-05,0.0,0.0,42.595,1.86,WiFi_6
UE_003,0.00707,29.418,26.981,-38.09,0.00016137,14.345,1.94,7.74,7.12,2.4e-05,0.0,0.0,87.46,8.97,WiFi_6
UE_004,0.01049,24.594,21.752,-41.37,0.00010789,11.577,1.86,0.11,7.26,3.5e-05,0.0,0.0,87.46,7.24,WiFi_6
UE_005,0.00707,31.393,28.663,-38.239,4.684e-05,15.238,1.91,5.31,7.29,2.4e-05,0.0,0.0,87.46,9.52,WiFi_6
UE_006,0.01905,16.423,14.584,-44.738,0.00024161,7.831,2.06,1.09,-5.03,6.3e-05,0.0,0.0,73.753,4.89,WiFi_6
UE_007,0.00707,30.625,25.596,-34.372,5.257e-05,13.611,1.65,7.84,13.68,2.4e-05,0.0,0.0,87.46,8.51,WiFi_6
UE_008,0.00707,37.982,34.844,-34.657,0.00014754,18.521,1.97,0.09,7.66,2.4e-05,0.0,0.0,87.46,11.58,WiFi_6
UE_009,0.00707,19.566,15.681,-42.447,0.00023443,8.396,1.71,2.43,-11.18,2.4e-05,0.0,0.0,77.042,5.25,WiFi_6
UE_010,0.00707,28.759,27.579,-37.949,0.00013428,14.662,1.66,2.97,3.76,2.4e-05,0.0,0.0,87.46,9.16,WiFi_6
UE_011,0.00707,14.586,11.686,-44.112,0.00106281,6.363,1.55,3.34,-4.67,2.4e-05,0.0,0.0,65.059,3.98,WiFi_6
UE_012,0.01577,23.95,18.203,-39.663,0.00019862,9.709,1.66,0.12,-7.92,5.3e-05,0.0,0.0,84.608,6.07,WiFi_6
UE_013,0.00707,39.353,34.593,-34.485,6.591e-05,18.387,2.03,3.81,-9.56,2.4e-05,0.0,0.0,87.46,11.49,WiFi_6
UE_014,0.00707,4.706,1.443,-49.396,0.01011504,2.015,1.61,14.31,5.28,2.4e-05,0.0,0.0,34.33,1.26,WiFi_6
UE_015,0.00707,29.34,25.749,-38.732,0.00010346,13.692,1.82,1.53,-6.82,2.4e-05,0.0,0.0,87.46,8.56,WiFi_6
UE_016,0.00707,32.529,30.952,-36.404,6.67e-06,16.453,1.54,6.53,1.43,2.4e-05,0.0,0.0,87.46,10.28,WiFi_6
UE_017,0.01168,26.747,22.444,-39.382,3.074e-05,11.942,2.08,1.39,-0.39,3.9e-05,0.0,0.0,87.46,7.46,WiFi_6
UE_018,0.00707,34.087,29.101,-35.514,7.673e-05,15.47,1.87,10.42,3.46,2.4e-05,0.0,0.0,87.46,9.67,WiFi_6
UE_019,0.01946,25.148,21.034,-41.223,0.00010979,11.198,1.84,7.09,6.47,6.5e-05,0.0,0.0,87.46,7.0,WiFi_6
UE_000,0.01177,24.868,22.113,-39.528,0.00023985,11.767,1.51,7.39,-1.42,3.9e-05,0.0,0.0,87.46,7.35,WiFi_6
UE_001,0.00707,22.683,20.122,-41.654,1.602e-05,10.718,2.06,1.56,-14.7,2.4e-05,0.0,0.0,87.46,6.7,WiFi_6
UE_002,0.03069,18.449,14.397,-42.24,0.00015711,7.735,2.26,0.74,6.56,0.000102,0.0,0.0,73.192,4.83,WiFi_6
UE_003,0.00707,18.984,14.141,-41.031,0.0001565,7.603,2.06,1.77,7.12,2.4e-05,0.0,0.0,72.424,4.75,WiFi_6
UE_004,0.0246,21.355,15.83,-41.056,0.00012485,8.474,1.74,0.15,10.91,8.2e-05,0.0,0.0,77.491,5.3,WiFi_6
UE_005,0.00707,24.585,21.393,-39.155,9.29e-06,11.387,1.9,1.35,7.29,2.4e-05,0.0,0.0,87.46,7.12,WiFi_6
UE_006,0.01797,18.835,15.542,-42.698,0.0001342,8.324,1.99,1.5,-4.87,6e-05,0.0,0.0,76.626,5.2,WiFi_6
UE_007,0.00707,32.621,28.676,-36.354,4.75e-06,15.244,2.25,1.71,13.68,2.4e-05,0.0,0.0,87.46,9.53,WiFi_6
UE_008,0.00707,22.611,18.636,-43.135,0.00010568,9.936,1.96,1.53,7.66,2.4e-05,0.0,0.0,85.907,6.21,WiFi_6
UE_009,0.00707,23.842,18.525,-39.136,0.00036806,9.878,2.25,12.13,-11.18,2.4e-05,0.0,0.0,85.575,6.17,WiFi_6
UE_010,0.00707,32.618,28.794,-37.497,4.374e-05,15.307,1.78,2.84,3.76,2.4e-05,0.0,0.0,87.46,9.57,WiFi_6
UE_011,0.00707,28.243,24.363,-39.897,0.00012177,12.958,2.17,2.74,-4.67,2.4e-05,0.0,0.0,87.46,8.1,WiFi_6
UE_012,0.01237,17.83,11.978,-44.681,0.00110325,6.508,1.82,2.23,-7.92,4.1e-05,0.0,0.0,65.933,4.07,WiFi_6
UE_013,0.00707,9.829,8.538,-47.381,0.00110525,4.841,2.25,0.41,-9.56,2.4e-05,0.0,0.0,55.614,3.03,WiFi_6
UE_014,0.00707,27.754,24.815,-39.476,0.000152,13.197,1.79,2.07,5.28,2.4e-05,0.0,0.0,87.46,8.25,WiFi_6
UE_015,0.00707,15.878,12.683,-43.701,0.00017184,6.862,1.79,5.28,-6.82,2.4e-05,0.0,0.0,68.048,4.29,WiFi_6
UE_016,0.00707,29.763,25.561,-38.559,0.00014339,13.592,1.99,0.61,1.43,2.4e-05,0.0,0.0,87.46,8.5,WiFi_6
UE_017,0.01212,25.028,20.738,-40.405,9.379e-05,11.042,2.12,1.23,-0.39,4e-05,0.0,0.0,87.46,6.9,WiFi_6
UE_018,0.00707,20.341,18.628,-42.238,0.00014802,9.932,2.22,1.97,3.46,2.4e-05,0.0,0.0,85.884,6.21,WiFi_6
UE_019,0.02229,5.884,1.046,-46.233,0.01004103,1.895,2.21,8.39,6.47,7.4e-05,0.0,0.0,33.139,1.18,WiFi_6
UE_000,0.01019,12.891,7.243,-44.607,0.0010415,4.249,2.01,15.75,-1.42,3.4e-05,0.0,0.0,51.728,2.66,WiFi_6
UE_001,0.00707,30.649,29.279,-36.478,6.75e-06,15.565,1.85,8.25,-14.7,2.4e-05,0.0,0.0,87.46,9.73,WiFi_6
UE_002,0.03294,15.243,10.462,-43.001,0.00107684,5.759,2.23,5.75,6.56,0.00011,0.0,0.0,61.385,3.6,WiFi_6
UE_003,0.00707,27.727,25.748,-37.046,1.347e-05,13.691,2.13,1.49,7.12,2.4e-05,0.0,0.0,87.46,8.56,WiFi_6
UE_004,0.01459,7.246,4.968,-46.76,0.01018783,3.279,2.22,31.59,10.91,4.9e-05,0.0,0.0,44.904,2.05,WiFi_6
UE_005,0.00707,35.022,30.881,-34.686,5.688e-05,16.415,1.7,2.04,7.29,2.4e-05,0.0,0.0,87.46,10.26,WiFi_6
UE_006,0.01986,21.488,18.254,-40.561,0.00012837,9.736,1.5,1.87,-4.87,6.6e-05,0.0,0.0,84.761,6.09,WiFi_6
UE_007,0.00707,49.094,47.247,-29.47,0.00012879,25.112,1.62,0.38,13.68,2.4e-05,0.0,0.0,87.46,12.34,WiFi_6
UE_008,0.00707,18.141,14.075,-42.147,0.00019501,7.57,1.96,2.77,7.66,2.4e-05,0.0,0.0,72.226,4.73,WiFi_6
UE_009,0.00707,25.153,19.358,-38.286,0.00017549,10.316,1.69,3.05,-11.18,2.4e-05,0.0,0.0,87.46,6.45,WiFi_6
UE_010,0.00707,20.004,16.343,-41.372,0.00023699,8.739,1.8,4.64,3.76,2.4e-05,0.0,0.0,79.028,5.46,WiFi_6
UE_011,0.00707,14.157,10.527,-43.177,0.00104135,5.791,2.22,2.37,-4.67,2.4e-05,0.0,0.0,61.582,3.62,WiFi_6
UE_012,0.00916,15.306,11.3,-42.426,0.00109475,6.171,2.2,1.94,-7.92,3.1e-05,0.0,0.0,63.901,3.86,WiFi_6
UE_013,0.00707,28.545,26.776,-39.631,6.946e-05,14.237,2.05,12.45,-9.56,2.4e-05,0.0,0.0,87.46,8.9,WiFi_6
UE_014,0.00707,29.021,25.635,-37.969,0.00020238,13.631,2.1,0.44,5.28,2.4e-05,0.0,0.0,87.46,8.52,WiFi_6
UE_015,0.00707,29.725,25.101,-36.088,7.313e-05,13.348,2.14,1.48,-6.82,2.4e-05,0.0,0.0,87.46,8.34,WiFi_6
UE_016,0.00707,23.906,21.291,-40.253,2.579e-05,11.333,1.57,0.56,1.43,2.4e-05,0.0,0.0,87.46,7.08,WiFi_6
UE_017,0.01257,17.054,14.171,-43.107,0.00020786,7.619,1.62,0.07,-0.39,4.2e-05,0.0,0.0,72.512,4.76,WiFi_6
UE_018,0.00707,25.191,20.758,-40.461,4.785e-05,11.052,1.56,1.27,3.46,2.4e-05,0.0,0.0,87.46,6.91,WiFi_6
UE_019,0.02439,-4.445,-9.076,-51.256,0.15005257,0.269,2.26,26.57,6.47,8.1e-05,0.0,0.0,15.26,0.17,WiFi_6
UE_000,0.00869,38.44,36.276,-35.371,4.105e-05,19.281,2.19,1.45,-1.42,2.9e-05,0.0,0.0,87.46,12.05,WiFi_6
UE_001,0.00707,15.946,10.263,-41.289,0.00112959,5.662,2.06,7.37,-14.7,2.4e-05,0.0,0.0,60.788,3.54,WiFi_6
UE_002,0.02678,-9.588,-13.475,-55.571,0.15002129,0.101,2.01,14.35,6.56,8.9e-05,0.0,0.0,15.26,0.1,WiFi_6
UE_003,0.00707,21.472,18.789,-41.339,0.00016434,10.017,2.26,1.1,7.12,2.4e-05,0.0,0.0,86.366,6.26,WiFi_6
UE_004,0.00601,43.436,40.16,-33.17,0.00010877,21.346,1.96,2.85,10.91,2e-05,0.0,0.0,87.46,12.34,WiFi_6
UE_005,0.00707,34.57,31.052,-35.866,1.932e-05,16.506,1.64,5.74,7.29,2.4e-05,0.0,0.0,87.46,10.32,WiFi_6
UE_006,0.02175,12.515,10.379,-44.516,0.00109173,5.719,1.66,2.34,-4.87,7.3e-05,0.0,0.0,61.138,3.57,WiFi_6
UE_007,0.00707,26.028,22.493,-38.311,4.013e-05,11.968,1.87,1.67,13.68,2.4e-05,0.0,0.0,87.46,7.48,WiFi_6
UE_008,0.00707,33.794,28.76,-34.305,0.0001835,15.29,1.79,0.33,7.66,2.4e-05,0.0,0.0,87.46,9.56,WiFi_6
UE_009,0.00707,31.458,25.62,-39.796,0.00014808,13.624,1.64,4.43,-11.18,2.4e-05,0.0,0.0,87.46,8.51,WiFi_6
UE_010,0.00707,1.052,-2.473,-48.602,0.15001797,1.035,2.16,8.99,2.92,2.4e-05,0.0,0.0,22.581,0.65,WiFi_6
UE_011,0.00707,32.858,29.154,-37.067,6.185e-05,15.498,1.97,1.84,-4.67,2.4e-05,0.0,0.0,87.46,9.69,WiFi_6
UE_012,0.00642,34.38,31.912,-34.989,6.33e-06,16.963,1.7,4.02,-7.92,2.1e-05,0.0,0.0,87.46,10.6,WiFi_6
UE_013,0.00707,11.286,9.133,-45.278,0.00109859,5.12,1.52,1.76,-9.56,2.4e-05,0.0,0.0,57.398,3.2,WiFi_6
UE_014,0.00707,26.555,24.752,-40.241,8.97e-06,13.164,1.78,7.81,5.28,2.4e-05,0.0,0.0,87.46,8.23,WiFi_6
UE_015,0.00707,49.454,45.781,-28.753,0.00011025,24.333,1.67,0.71,-6.82,2.4e-05,0.0,0.0,87.46,12.34,WiFi_6
UE_016,0.00707,36.526,34.538,-35.763,0.00012588,18.358,1.87,3.93,1.43,2.4e-05,0.0,0.0,87.46,11.47,WiFi_6
UE_017,0.01302,23.7,18.822,-39.677,0.00015387,10.034,2.0,3.34,-0.39,4.3e-05,0.0,0.0,86.465,6.27,WiFi_6
UE_018,0.00707,29.839,22.773,-37.561,0.00014675,12.116,2.23,1.76,3.46,2.4e-05,0.0,0.0,87.46,7.57,WiFi_6
UE_019,0.0206,35.022,31.702,-35.975,3.751e-05,16.852,2.03,1.23,6.47,6.9e-05,0.0,0.0,87.46,10.53,WiFi_6
UE_000,0.00731,37.876,31.472,-34.826,0.00011159,16.729,1.58,3.54,-1.42,2.4e-05,0.0,0.0,87.46,10.46,WiFi_6
UE_001,0.00707,10.999,8.571,-44.487,0.00128,4.856,2.11,4.99,-14.7,2.4e-05,0.0,0.0,55.712,3.03,WiFi_6
UE_002,0.02206,3.769,-0.153,-50.448,0.15015544,1.56,1.84,25.28,6.56,7.4e-05,0.0,0.0,29.54,0.97,WiFi_6
UE_003,0.00707,37.803,34.469,-36.034,6.858e-05,18.321,1.97,1.33,7.12,2.4e-05,0.0,0.0,87.46,11.45,WiFi_6
UE_004,0.00707,17.031,12.516,-42.584,0.00016281,6.778,2.19,1.36,10.91,2.4e-05,0.0,0.0,67.549,4.24,WiFi_6
UE_005,0.00707,32.256,29.888,-35.955,3.526e-05,15.888,1.53,3.93,7.29,2.4e-05,0.0,0.0,87.46,9.93,WiFi_6
UE_006,0.02366,10.797,8.189,-44.555,0.00100986,4.679,1.96,2.1,-4.87,7.9e-05,0.0,0.0,54.568,2.92,WiFi_6
UE_007,0.00707,13.904,12.557,-44.929,0.00017793,6.799,1.52,2.57,13.68,2.4e-05,0.0,0.0,67.671,4.25,WiFi_6
UE_008,0.00707,29.493,25.47,-39.049,0.00017541,13.544,1.64,0.4,7.66,2.4e-05,0.0,0.0,87.46,8.47,WiFi_6
UE_009,0.00707,42.943,38.629,-34.629,0.00013287,20.532,1.79,4.02,-11.18,2.4e-05,0.0,0.0,87.46,12.34,WiFi_6
UE_010,0.00707,28.227,27.555,-39.209,5.42e-05,14.65,2.03,2.6,2.92,2.4e-05,0.0,0.0,87.46,9.16,WiFi_6
UE_011,0.00707,52.006,47.593,-29.352,9.702e-05,25.296,2.11,0.24,-4.67,2.4e-05,0.0,0.0,87.46,12.34,WiFi_6
UE_012,0.00502,27.658,27.412,-40.163,1.448e-05,14.574,1.72,0.02,-7.92,1.7e-05,0.0,0.0,87.46,9.11,WiFi_6
UE_013,0.00707,41.018,38.483,-32.931,9.15e-05,20.454,1.71,4.97,-9.56,2.4e-05,0.0,0.0,87.46,12.34,WiFi_6
UE_014,0.00707,17.11,11.852,-42.856,0.00116556,6.445,2.19,4.04,5.28,2.4e-05,0.0,0.0,65.556,4.03,WiFi_6
UE_015,0.00707,45.023,43.598,-31.716,3.836e-05,23.173,1.75,1.36,-6.82,2.4e-05,0.0,0.0,87.46,12.34,WiFi_6
UE_016,0.00707,31.702,29.934,-36.906,2.525e-05,15.912,2.26,7.62,1.43,2.4e-05,0.0,0.0,87.46,9.95,WiFi_6
UE_017,0.01347,16.024,15.733,-43.41,0.00010968,8.423,1.96,1.84,-0.39,4.5e-05,0.0,0.0,77.198,5.26,WiFi_6
UE_018,0.00707,33.963,29.195,-36.407,0.00010928,15.52,1.72,2.47,3.46,2.4e-05,0.0,0.0,87.46,9.7,WiFi_6
UE_019,0.01685,13.575,8.401,-44.982,0.00110484,4.777,2.2,4.29,6.47,5.6e-05,0.0,0.0,55.204,2.99,WiFi_6
UE_000,0.00614,45.755,43.573,-32.046,8.523e-05,23.16,1.91,0.44,-1.42,2e-05,0.0,0.0,87.46,12.34,WiFi_6
UE_001,0.00707,46.33,40.266,-30.843,0.00017554,21.402,1.55,0.49,-14.7,2.4e-05,0.0,0.0,87.46,12.34,WiFi_6
UE_002,0.01983,24.273,21.215,-38.687,6.894e-05,11.293,1.71,6.6,6.56,6.6e-05,0.0,0.0,87.46,7.06,WiFi_6
UE_003,0.00707,29.562,28.446,-38.105,0.00024578,15.123,2.1,4.39,7.12,2.4e-05,0.0,0.0,87.46,9.45,WiFi_6
UE_004,0.00707,21.878,18.147,-43.115,0.00017603,9.68,2.04,1.59,10.91,2.4e-05,0.0,0.0,84.44,6.05,WiFi_6
UE_005,0.00707,32.208,27.271,-35.446,0.00022149,14.499,1.59,0.69,7.29,2.4e-05,0.0,0.0,87.46,9.06,WiFi_6
UE_006,0.02542,-4.796,-6.234,-52.728,0.15012512,0.493,1.67,33.07,-4.87,8.5e-05,0.0,0.0,15.26,0.31,WiFi_6
UE_007,0.00707,34.735,31.719,-35.46,7.14e-05,16.86,2.06,3.31,13.68,2.4e-05,0.0,0.0,87.46,10.54,WiFi_6
UE_008,0.00707,44.316,42.194,-30.845,5.707e-05,22.427,2.19,3.16,7.66,2.4e-05,0.0,0.0,87.46,12.34,WiFi_6
UE_009,0.00707,29.408,25.261,-36.556,1.22e-06,13.433,2.22,2.48,-11.18,2.4e-05,0.0,0.0,87.46,8.4,WiFi_6
UE_010,0.00707,38.179,32.701,-34.556,0.00028559,17.382,1.53,0.68,2.92,2.4e-05,0.0,0.0,87.46,10.86,WiFi_6
UE_011,0.00707,32.64,29.996,-35.069,1.145e-05,15.945,1.97,0.64,-1.74,2.4e-05,0.0,0.0,87.46,9.97,WiFi_6
UE_012,0.00596,43.62,40.449,-32.846,2.107e-05,21.499,2.21,6.39,-7.92,2e-05,0.0,0.0,87.46,12.34,WiFi_6
UE_013,0.00707,24.198,20.509,-42.604,2.234e-05,10.921,2.16,3.11,-9.56,2.4e-05,0.0,0.0,87.46,6.83,WiFi_6
UE_014,0.00707,30.93,27.755,-38.086,0.00012225,14.756,2.01,1.92,5.28,2.4e-05,0.0,0.0,87.46,9.22,WiFi_6
UE_015,0.00707,34.36,31.655,-36.648,3.83e-06,16.826,2.01,0.52,-6.82,2.4e-05,0.0,0.0,87.46,10.52,WiFi_6
UE_016,0.00707,21.601,18.17,-42.447,0.00012519,9.692,1.87,1.77,1.43,2.4e-05,0.0,0.0,84.509,6.06,WiFi_6
UE_017,0.01392,24.17,17.812,-39.995,0.00014523,9.505,1.77,0.26,-0.39,4.6e-05,0.0,0.0,83.435,5.94,WiFi_6
UE_018,0.00707,33.033,30.042,-37.406,4.293e-05,15.97,2.07,3.33,3.46,2.4e-05,0.0,0.0,87.46,9.98,WiFi_6
UE_019,0.01319,27.191,23.441,-39.318,3.153e-05,12.469,1.88,0.32,6.47,4.4e-05,0.0,0.0,87.46,7.79,WiFi_6
UE_000,0.00531,32.232,29.913,-36.552,0.00013406,15.902,2.13,0.09,-1.42,1.8e-05,0.0,0.0,87.46,9.94,WiFi_6
UE_001,0.00707,32.138,29.877,-37.266,3.599e-05,15.882,2.13,0.24,-14.7,2.4e-05,0.0,0.0,87.46,9.93,WiFi_6
UE_002,0.01928,-5.535,-11.129,-54.526,0.15005987,0.171,2.09,15.6,6.56,6.4e-05,0.0,0.0,15.26,0.11,WiFi_6
UE_003,0.00707,35.087,30.054,-35.696,0.00010381,15.976,1.58,1.26,7.12,2.4e-05,0.0,0.0,87.46,9.99,WiFi_6
UE_004,0.00707,27.401,23.002,-41.309,9.871e-05,12.237,1.85,2.7,10.91,2.4e-05,0.0,0.0,87.46,7.65,WiFi_6
UE_005,0.00707,47.9,43.474,-28.928,6.761e-05,23.107,1.64,0.08,7.29,2.4e-05,0.0,0.0,87.46,12.34,WiFi_6
UE_006,0.02351,22.327,18.215,-40.815,0.00023147,9.716,2.23,6.03,-4.87,7.8e-05,0.0,0.0,84.646,6.07,WiFi_6
UE_007,0.00707,18.608,14.478,-42.133,0.00015633,7.776,2.17,4.09,13.68,2.4e-05,0.0,0.0,73.434,4.86,WiFi_6
UE_008,0.00707,27.867,25.32,-38.139,3.191e-05,13.464,1.85,0.18,7.66,2.4e-05,0.0,0.0,87.46,8.42,WiFi_6
UE_009,0.00707,21.343,19.31,-41.447,0.00015423,10.29,1.85,2.82,-11.18,2.4e-05,0.0,0.0,87.46,6.43,WiFi_6
UE_010,0.00707,25.351,22.267,-40.351,0.00021873,11.849,1.83,5.86,2.92,2.4e-05,0.0,0.0,87.46,7.41,WiFi_6
UE_011,0.00707,30.508,26.367,-38.74,9.355e-05,14.02,1.76,5.13,-1.74,2.4e-05,0.0,0.0,87.46,8.76,WiFi_6
UE_012,0.00707,37.591,36.956,-33.979,8.007e-05,19.643,2.0,8.36,-7.92,2.4e-05,0.0,0.0,87.46,12.28,WiFi_6
UE_013,0.00707,29.718,26.489,-38.093,0.00014904,14.084,1.65,3.42,-9.56,2.4e-05,0.0,0.0,87.46,8.8,WiFi_6
UE_014,0.00707,27.844,22.804,-39.687,0.00012108,12.133,1.88,1.75,5.28,2.4e-05,0.0,0.0,87.46,7.58,WiFi_6
UE_015,0.00707,40.77,40.084,-35.597,7.44e-06,21.305,1.69,0.52,-6.82,2.4e-05,0.0,0.0,87.46,12.34,WiFi_6
UE_016,0.00707,21.383,19.62,-42.28,0.0002066,10.453,1.53,9.08,1.43,2.4e-05,0.0,0.0,87.46,6.53,WiFi_6
UE_017,0.01437,30.982,28.586,-37.4,0.0001852,15.197,1.71,0.25,-0.39,4.8e-05,0.0,0.0,87.46,9.5,WiFi_6
UE_018,0.00707,19.839,17.235,-41.679,0.00037076,9.204,1.8,0.72,3.46,2.4e-05,0.0,0.0,81.706,5.75,WiFi_6
UE_019,0.0097,13.29,8.859,-44.875,0.0010377,4.991,2.03,0.84,6.47,3.2e-05,0.0,0.0,56.577,3.12,WiFi_6
UE_000,0.005,42.284,36.552,-32.883,0.00014208,19.428,1.77,3.04,-1.42,1.7e-05,0.0,0.0,87.46,12.14,WiFi_6
UE_001,0.00707,41.803,39.822,-33.332,0.00014,21.166,1.5,1.54,-14.7,2.4e-05,0.0,0.0,87.46,12.34,WiFi_6
UE_002,0.01815,3.037,-0.109,-48.708,0.15008893,1.571,2.07,33.99,6.56,6.1e-05,0.0,0.0,29.674,0.98,WiFi_6
UE_003,0.00707,12.093,10.86,-45.685,0.00114511,5.954,1.55,6.03,7.12,2.4e-05,0.0,0.0,62.581,3.72,WiFi_6
UE_004,0.00707,24.227,21.33,-39.587,2.171e-05,11.354,1.51,1.87,10.91,2.4e-05,0.0,0.0,87.46,7.1,WiFi_6
UE_005,0.00707,33.267,30.259,-35.518,0.0001889,16.085,2.25,1.73,7.29,2.4e-05,0.0,0.0,87.46,10.05,WiFi_6
UE_006,0.0216,30.439,28.988,-37.31,5.289e-05,15.41,2.16,0.91,-4.87,7.2e-05,0.0,0.0,87.46,9.63,WiFi_6
UE_007,0.00707,37.634,34.731,-34.927,5.313e-05,18.461,1.88,0.66,13.68,2.4e-05,0.0,0.0,87.46,11.54,WiFi_6
UE_008,0.00707,26.861,26.004,-38.758,5.393e-05,13.827,1.51,3.08,7.66,2.4e-05,0.0,0.0,87.46,8.64,WiFi_6
UE_009,0.00707,24.733,20.718,-41.235,0.00024586,11.031,1.9,3.04,-11.18,2.4e-05,0.0,0.0,87.46,6.89,WiFi_6
UE_010,0.00707,39.659,34.761,-35.486,6.012e-05,18.476,1.58,0.25,2.92,2.4e-05,0.0,0.0,87.46,11.55,WiFi_6
UE_011,0.00707,22.017,17.946,-41.455,0.00033361,9.575,2.07,1.57,-1.74,2.4e-05,0.0,0.0,83.838,5.98,WiFi_6
UE_012,0.00707,42.806,40.169,-31.199,0.00023541,21.35,1.7,4.07,-7.92,2.4e-05,0.0,0.0,87.46,12.34,WiFi_6
UE_013,0.00707,27.221,24.647,-38.094,4.729e-05,13.108,1.76,3.59,-9.56,2.4e-05,0.0,0.0,87.46,8.19,WiFi_6
UE_014,0.00707,29.202,25.831,-38.11,1.593e-05,13.735,2.19,0.74,5.28,2.4e-05,0.0,0.0,87.46,8.58,WiFi_6
UE_015,0.00707,43.429,42.214,-32.641,2.939e-05,22.437,1.9,0.78,-6.82,2.4e-05,0.0,0.0,87.46,12.34,WiFi_6
UE_016,0.00707,20.113,13.992,-41.779,0.00017167,7.527,2.16,8.03,1.43,2.4e-05,0.0,0.0,71.977,4.7,WiFi_6
UE_017,0.01483,20.037,16.628,-41.489,0.00024828,8.888,1.52,4.58,-0.39,4.9e-05,0.0,0.0,79.885,5.55,WiFi_6
UE_018,0.00707,22.395,17.823,-39.006,0.00017535,9.511,1.78,0.55,3.46,2.4e-05,0.0,0.0,83.469,5.94,WiFi_6
UE_019,0.00668,33.298,28.976,-35.004,7.36e-05,15.404,1.79,2.23,6.47,2.2e-05,0.0,0.0,87.46,9.63,WiFi_6
UE_000,0.0053,38.029,31.667,-34.574,4.511e-05,16.833,2.02,1.5,-1.42,1.8e-05,0.0,0.0,87.46,10.52,WiFi_6
UE_001,0.00707,26.139,21.697,-38.309,0.00020301,11.548,2.17,0.78,-14.7,2.4e-05,0.0,0.0,87.46,7.22,WiFi_6
UE_002,0.01703,-8.754,-11.975,-53.706,0.15007198,0.142,1.76,25.03,6.56,5.7e-05,0.0,0.0,15.26,0.1,WiFi_6
UE_003,0.00707,28.284,26.774,-38.853,7.122e-05,14.235,1.53,1.15,7.12,2.4e-05,0.0,0.0,87.46,8.9,WiFi_6
UE_004,0.00707,33.661,30.271,-36.072,0.00011775,16.091,1.59,3.41,10.91,2.4e-05,0.0,0.0,87.46,10.06,WiFi_6
UE_005,0.00707,25.101,20.181,-38.988,4.534e-05,10.748,2.11,3.82,7.29,2.4e-05,0.0,0.0,87.46,6.72,WiFi_6
UE_006,0.01971,22.757,19.763,-41.226,0.00017193,10.528,2.03,0.04,-4.87,6.6e-05,0.0,0.0,87.46,6.58,WiFi_6
UE_007,0.00707,42.023,39.145,-33.413,0.00016579,20.806,1.72,6.84,13.68,2.4e-05,0.0,0.0,87.46,12.34,WiFi_6
UE_008,0.00707,30.182,26.964,-37.029,6.178e-05,14.336,1.72,7.59,7.66,2.4e-05,0.0,0.0,87.46,8.96,WiFi_6
UE_009,0.00707,47.791,43.4,-30.746,0.00014157,23.068,1.67,3.46,-11.18,2.4e-05,0.0,0.0,87.46,12.34,WiFi_6
UE_010,0.00707,40.805,39.015,-34.061,4.441e-05,20.737,1.74,8.08,2.92,2.4e-05,0.0,0.0,87.46,12.34,WiFi_6
UE_011,0.00707,13.715,8.314,-45.491,0.00111551,4.736,1.54,1.11,-1.74,2.4e-05,0.0,0.0,54.941,2.96,WiFi_6
UE_012,0.00707,29.523,26.77,-38.543,7.11e-05,14.233,1.89,3.53,-7.92,2.4e-05,0.0,0.0,87.46,8.9,WiFi_6
UE_013,0.00707,25.466,23.455,-40.245,0.00025034,12.477,1.57,1.32,-9.56,2.4e-05,0.0,0.0,87.46,7.8,WiFi_6
UE_014,0.00707,11.037,7.323,-44.885,0.00109502,4.284,1.95,8.2,5.28,2.4e-05,0.0,0.0,51.968,2.68,WiFi_6
UE_015,0.00707,16.392,15.471,-42.641,0.00024953,8.288,2.22,11.61,-6.82,2.4e-05,0.0,0.0,76.414,5.18,WiFi_6
UE_016,0.00707,7.995,4.746,-47.492,0.01000859,3.19,1.83,37.87,1.43,2.4e-05,0.0,0.0,44.238,1.99,WiFi_6
UE_017,0.01529,23.021,18.341,-38.267,0.00013709,9.782,1.96,1.83,-0.39,5.1e-05,0.0,0.0,85.023,6.11,WiFi_6
UE_018,0.00707,35.823,29.707,-36.27,0.00018366,15.792,1.75,1.33,3.46,2.4e-05,0.0,0.0,87.46,9.87,WiFi_6
UE_019,0.00503,37.069,33.151,-35.172,3.13e-05,17.621,1.69,0.65,6.47,1.7e-05,0.0,0.0,87.46,11.01,WiFi_6
UE_000,0.00612,25.461,22.489,-41.073,1.926e-05,11.966,1.57,5.1,-1.42,2e-05,0.0,0.0,87.46,7.48,WiFi_6
UE_001,0.00707,31.886,27.595,-36.792,0.00010831,14.671,1.64,6.86,-14.7,2.4e-05,0.0,0.0,87.46,9.17,WiFi_6
UE_002,0.01592,10.958,9.407,-45.07,0.0011328,5.25,1.91,0.22,6.56,5.3e-05,0.0,0.0,58.22,3.28,WiFi_6
UE_003,0.00707,27.249,22.462,-38.77,0.00016888,11.952,2.05,9.21,7.12,2.4e-05,0.0,0.0,87.46,7.47,WiFi_6
UE_004,0.00707,29.238,24.635,-37.796,0.00012952,13.101,2.24,3.85,10.91,2.4e-05,0.0,0.0,87.46,8.19,WiFi_6
UE_005,0.00707,13.798,12.307,-43.182,0.00020875,6.673,2.09,2.07,7.29,2.4e-05,0.0,0.0,66.92,4.17,WiFi_6
UE_006,0.01782,18.581,13.39,-44.276,0.00024381,7.22,1.73,4.98,-4.87,5.9e-05,0.0,0.0,70.17,4.51,WiFi_6
UE_007,0.00707,23.428,20.236,-40.577,1.372e-05,10.778,1.98,1.36,13.68,2.4e-05,0.0,0.0,87.46,6.74,WiFi_6
UE_008,0.00707,31.026,29.349,-37.133,6.007e-05,15.602,2.15,1.43,7.66,2.4e-05,0.0,0.0,87.46,9.75,WiFi_6
UE_009,0.00707,31.328,29.218,-36.502,7.331e-05,15.532,2.12,6.73,-11.18,2.4e-05,0.0,0.0,87.46,9.71,WiFi_6
UE_010,0.00707,34.641,31.879,-36.784,0.00022357,16.945,1.57,2.82,2.92,2.4e-05,0.0,0.0,87.46,10.59,WiFi_6
UE_011,0.00707,12.422,9.708,-46.118,0.00101028,5.395,1.96,4.79,-1.74,2.4e-05,0.0,0.0,59.125,3.37,WiFi_6
UE_012,0.00707,18.538,16.933,-43.46,0.00010309,9.046,1.76,3.2,-7.92,2.4e-05,0.0,0.0,80.798,5.65,WiFi_6
UE_013,0.00707,16.839,12.819,-42.339,0.00022972,6.931,1.89,2.3,-9.56,2.4e-05,0.0,0.0,68.456,4.33,WiFi_6
UE_014,0.00707,32.756,31.899,-37.102,1.006e-05,16.956,1.61,4.09,5.28,2.4e-05,0.0,0.0,87.46,10.6,WiFi_6
UE_015,0.00707,25.933,24.7,-40.899,7.23e-05,13.136,2.19,0.07,-6.82,2.4e-05,0.0,0.0,87.46,8.21,WiFi_6
UE_016,0.00707,32.78,31.265,-37.517,3.153e-05,16.62,1.74,0.19,1.43,2.4e-05,0.0,0.0,87.46,10.39,WiFi_6
UE_017,0.01575,13.131,8.163,-46.254,0.00101462,4.667,1.98,4.8,-0.39,5.3e-05,0.0,0.0,54.488,2.92,WiFi_6
UE_018,0.00707,38.026,35.17,-34.701,0.00015908,18.694,1.96,1.17,3.46,2.4e-05,0.0,0.0,87.46,11.68,WiFi_6
UE_019,0.00602,35.84,31.91,-35.47,0.00010371,16.962,1.58,6.32,6.47,2e-05,0.0,0.0,87.46,10.6,WiFi_6
UE_000,0.00707,36.256,33.656,-36.664,0.00024132,17.889,1.59,3.24,-7.3,2.4e-05,0.0,0.0,87.46,11.18,WiFi_6
UE_001,0.00707,27.213,23.521,-39.254,6.168e-05,12.512,2.15,0.69,-14.7,2.4e-05,0.0,0.0,87.46,7.82,WiFi_6
UE_002,0.01481,18.633,14.717,-43.474,0.00016703,7.899,2.16,1.52,6.56,4.9e-05,0.0,0.0,74.151,4.94,WiFi_6
UE_003,0.00707,23.45,22.614,-39.642,0.00012805,12.032,1.52,0.36,7.12,2.4e-05,0.0,0.0,87.46,7.52,WiFi_6
UE_004,0.00707,26.067,21.7,-39.094,6.756e-05,11.549,1.63,0.68,10.91,2.4e-05,0.0,0.0,87.46,7.22,WiFi_6
UE_005,0.00707,18.645,15.967,-41.247,0.00014049,8.544,1.87,0.92,7.29,2.4e-05,0.0,0.0,77.901,5.34,WiFi_6
UE_006,0.01596,16.742,11.212,-42.173,0.00111607,6.128,1.88,2.41,-4.87,5.3e-05,0.0,0.0,63.636,3.83,WiFi_6
UE_007,0.00707,19.382,16.665,-43.086,0.000231,8.907,2.12,6.16,13.68,2.4e-05,0.0,0.0,79.996,5.57,WiFi_6
UE_008,0.00707,28.822,24.5,-40.376,0.00017246,13.03,1.72,5.55,7.66,2.4e-05,0.0,0.0,87.46,8.14,WiFi_6
UE_009,0.00707,27.48,26.27,-40.988,4.234e-05,13.968,1.73,2.82,-11.18,2.4e-05,0.0,0.0,87.46,8.73,WiFi_6
UE_010,0.00707,21.838,17.038,-40.851,0.00010306,9.101,1.53,3.4,2.92,2.4e-05,0.0,0.0,81.115,5.69,WiFi_6
UE_011,0.00707,35.388,31.913,-36.729,1.531e-05,16.963,2.06,5.4,-1.74,2.4e-05,0.0,0.0,87.46,10.6,WiFi_6
UE_012,0.00707,34.487,33.032,-35.294,1.724e-05,17.558,2.16,1.02,-7.92,2.4e-05,0.0,0.0,87.46,10.97,WiFi_6
UE_013,0.00707,28.548,24.312,-38.964,3.376e-05,12.931,1.9,0.08,-9.56,2.4e-05,0.0,0.0,87.46,8.08,WiFi_6
UE_014,0.00707,26.41,21.716,-38.635,9.186e-05,11.558,1.77,0.87,5.28,2.4e-05,0.0,0.0,87.46,7.22,WiFi_6
UE_015,0.00707,30.799,27.375,-38.337,0.00013655,14.555,2.16,1.07,-6.82,2.4e-05,0.0,0.0,87.46,9.1,WiFi_6
UE_016,0.00707,20.668,16.765,-40.235,0.00019325,8.959,1.8,5.1,1.43,2.4e-05,0.0,0.0,80.295,5.6,WiFi_6
UE_017,0.01621,13.621,10.216,-45.108,0.00101488,5.64,2.24,2.87,-0.39,5.4e-05,0.0,0.0,60.649,3.52,WiFi_6
UE_018,0.00707,40.468,37.353,-34.396,9.468e-05,19.854,2.21,2.65,3.46,2.4e-05,0.0,0.0,87.46,12.34,WiFi_6
UE_019,0.00707,22.481,20.287,-40.267,6.799e-05,10.804,2.04,7.98,6.47,2.4e-05,0.0,0.0,87.46,6.75,WiFi_6
UE_000,0.00684,23.306,19.832,-40.348,0.00029682,10.565,1.98,0.26,-7.3,2.3e-05,0.0,0.0,87.46,6.6,WiFi_6
UE_001,0.00707,31.076,27.162,-37.114,7.827e-05,14.441,2.06,2.92,-14.7,2.4e-05,0.0,0.0,87.46,9.03,WiFi_6
UE_002,0.01371,27.088,24.732,-39.394,9.723e-05,13.153,2.22,0.09,6.56,4.6e-05,0.0,0.0,87.46,8.22,WiFi_6
UE_003,0.00707,35.092,28.741,-36.51,1.076e-05,15.279,2.12,2.67,7.12,2.4e-05,0.0,0.0,87.46,9.55,WiFi_6
UE_004,0.00707,38.876,36.655,-35.142,0.00013002,19.483,2.18,4.02,10.91,2.4e-05,0.0,0.0,87.46,12.18,WiFi_6
UE_005,0.00707,38.028,33.601,-33.004,1.754e-05,17.86,1.82,1.5,7.29,2.4e-05,0.0,0.0,87.46,11.16,WiFi_6
UE_006,0.01412,5.888,2.377,-47.526,0.01023587,2.317,1.53,30.5,-4.87,4.7e-05,0.0,0.0,37.131,1.45,WiFi_6
UE_007,0.00707,43.115,38.545,-33.529,0.0001223,20.487,2.15,1.68,13.68,2.4e-05,0.0,0.0,87.46,12.34,WiFi_6
UE_008,0.00707,19.743,16.699,-41.862,0.00016039,8.925,1.85,1.91,7.66,2.4e-05,0.0,0.0,80.098,5.58,WiFi_6
UE_009,0.00707,15.523,13.024,-43.842,0.00015436,7.035,1.65,5.24,-11.18,2.4e-05,0.0,0.0,69.072,4.4,WiFi_6
UE_010,0.00707,40.101,34.523,-35.181,8.744e-05,18.35,1.67,0.37,2.92,2.4e-05,0.0,0.0,87.46,11.47,WiFi_6
UE_011,0.00707,28.889,22.658,-37.979,0.0001135,12.056,2.12,2.87,-1.74,2.4e-05,0.0,0.0,87.46,7.53,WiFi_6
UE_012,0.00707,33.342,31.597,-37.44,2.583e-05,16.796,2.24,0.77,-7.92,2.4e-05,0.0,0.0,87.46,10.5,WiFi_6
UE_013,0.00707,27.176,22.98,-39.426,1.006e-05,12.226,2.19,17.2,-9.56,2.4e-05,0.0,0.0,87.46,7.64,WiFi_6
UE_014,0.00707,30.105,25.753,-38.587,0.00014497,13.694,2.17,3.11,5.28,2.4e-05,0.0,0.0,87.46,8.56,WiFi_6
UE_015,0.00707,33.096,28.504,-37.983,0.00012862,15.153,2.2,9.61,-6.82,2.4e-05,0.0,0.0,87.46,9.47,WiFi_6
UE_016,0.00707,34.027,32.865,-35.84,5.4e-05,17.469,1.66,0.51,1.43,2.4e-05,0.0,0.0,87.46,10.92,WiFi_6
UE_017,0.01668,13.788,9.515,-44.502,0.00110586,5.302,1.98,0.97,-0.39,5.6e-05,0.0,0.0,58.545,3.31,WiFi_6
UE_018,0.00707,44.758,42.537,-33.062,1.719e-05,22.609,1.84,0.46,3.46,2.4e-05,0.0,0.0,87.46,12.34,WiFi_6
UE_019,0.00707,35.808,31.814,-35.54,5.747e-05,16.911,1.6,3.77,6.47,2.4e-05,0.0,0.0,87.46,10.57,WiFi_6
UE_000,0.00662,21.498,18.097,-41.083,0.00011552,9.654,1.68,0.2,-7.3,2.2e-05,0.0,0.0,84.292,6.03,WiFi_6
UE_001,0.00707,29.991,28.311,-38.809,1.544e-05,15.051,2.13,0.96,-14.7,2.4e-05,0.0,0.0,87.46,9.41,WiFi_6
UE_002,0.01263,20.632,15.682,-41.984,0.00011342,8.397,1.78,3.94,6.56,4.2e-05,0.0,0.0,77.046,5.25,WiFi_6
UE_003,0.00707,35.932,29.198,-35.371,3.255e-05,15.522,1.56,2.5,7.12,2.4e-05,0.0,0.0,87.46,9.7,WiFi_6
UE_004,0.00707,20.546,16.687,-41.081,0.00011235,8.918,1.89,1.17,10.91,2.4e-05,0.0,0.0,80.061,5.57,WiFi_6
UE_005,0.00707,36.01,32.241,-34.002,6.505e-05,17.138,2.19,4.46,7.29,2.4e-05,0.0,0.0,87.46,10.71,WiFi_6
UE_006,0.01231,26.716,21.599,-38.803,0.00010279,11.496,1.52,0.52,-4.87,4.1e-05,0.0,0.0,87.46,7.18,WiFi_6
UE_007,0.00707,33.973,31.253,-35.637,4.702e-05,16.613,2.09,1.84,13.68,2.4e-05,0.0,0.0,87.46,10.38,WiFi_6
UE_008,0.00707,20.502,15.609,-43.325,0.00015521,8.359,1.75,2.49,7.66,2.4e-05,0.0,0.0,76.826,5.22,WiFi_6
UE_009,0.00707,42.743,38.869,-32.81,2.944e-05,20.659,1.56,2.3,-11.18,2.4e-05,0.0,0.0,87.46,12.34,WiFi_6
UE_010,0.00707,13.354,9.156,-44.655,0.00105249,5.131,2.09,1.13,2.92,2.4e-05,0.0,0.0,57.469,3.21,WiFi_6
UE_011,0.00707,27.955,23.441,-38.178,0.00010182,12.469,1.97,1.29,5.18,2.4e-05,0.0,0.0,87.46,7.79,WiFi_6
UE_012,0.00707,14.445,11.03,-44.222,0.00105573,6.038,1.6,5.78,-7.92,2.4e-05,0.0,0.0,63.089,3.77,WiFi_6
UE_013,0.00707,45.219,43.741,-30.28,9.364e-05,23.249,1.89,6.64,-9.56,2.4e-05,0.0,0.0,87.46,12.34,WiFi_6
UE_014,0.00707,41.423,37.257,-34.29,7.345e-05,19.803,2.1,0.65,5.28,2.4e-05,0.0,0.0,87.46,12.34,WiFi_6
UE_015,0.00707,35.313,32.82,-35.113,6.819e-05,17.445,1.54,0.33,-6.82,2.4e-05,0.0,0.0,87.46,10.9,WiFi_6
UE_016,0.00707,34.992,32.548,-35.495,0.00016008,17.301,2.16,5.18,1.43,2.4e-05,0.0,0.0,87.46,10.81,WiFi_6
UE_017,0.01714,6.25,4.435,-47.762,0.0100041,3.067,1.87,18.16,-0.39,5.7e-05,0.0,0.0,43.305,1.92,WiFi_6
UE_018,0.00707,35.693,33.26,-36.118,1.23e-05,17.679,1.83,1.19,3.46,2.4e-05,0.0,0.0,87.46,11.05,WiFi_6
UE_019,0.00707,35.8,33.363,-36.783,4.448e-05,17.734,1.97,0.87,6.47,2.4e-05,0.0,0.0,87.46,11.08,WiFi_6
UE_000,0.0064,35.132,33.569,-35.324,0.00015892,17.843,1.84,0.46,-7.3,2.1e-05,0.0,0.0,87.46,11.15,WiFi_6
UE_001,0.00707,29.911,25.976,-37.277,0.00011222,13.812,1.51,2.03,-14.7,2.4e-05,0.0,0.0,87.46,8.63,WiFi_6
UE_002,0.01157,16.724,12.243,-44.184,0.00014516,6.641,2.26,4.99,6.56,3.9e-05,0.0,0.0,66.73,4.15,WiFi_6
UE_003,0.00707,33.235,32.618,-37.405,7e-06,17.338,1.6,2.43,-2.22,2.4e-05,0.0,0.0,87.46,10.84,WiFi_6
UE_004,0.00707,29.658,28.099,-37.275,0.00012176,14.938,1.96,1.35,10.91,2.4e-05,0.0,0.0,87.46,9.34,WiFi_6
UE_005,0.00707,39.045,39.625,-32.915,8.066e-05,21.061,1.81,6.46,7.29,2.4e-05,0.0,0.0,87.46,12.34,WiFi_6
UE_006,0.01055,-0.002,-2.123,-50.108,0.15011552,1.104,1.69,23.48,-4.87,3.5e-05,0.0,0.0,23.63,0.69,WiFi_6
UE_007,0.00707,23.455,19.403,-40.169,0.00019718,10.339,2.19,6.12,13.68,2.4e-05,0.0,0.0,87.46,6.46,WiFi_6
UE_008,0.00707,30.132,26.787,-39.998,3.201e-05,14.243,2.22,11.74,7.66,2.4e-05,0.0,0.0,87.46,8.9,WiFi_6
UE_009,0.00707,23.369,17.922,-38.314,0.00016893,9.563,1.69,1.5,-11.18,2.4e-05,0.0,0.0,83.767,5.98,WiFi_6
UE_010,0.00707,31.859,28.254,-35.581,5.708e-05,15.021,1.89,4.1,2.92,2.4e-05,0.0,0.0,87.46,9.39,WiFi_6
UE_011,0.00447,39.62,33.984,-34.116,7.279e-05,18.064,1.98,1.43,5.18,1.5e-05,0.0,0.0,87.46,11.29,WiFi_6
UE_012,0.00707,33.436,28.363,-36.406,0.00014436,15.079,2.15,13.1,-7.92,2.4e-05,0.0,0.0,87.46,9.42,WiFi_6
UE_013,0.00707,32.553,28.838,-37.638,3.425e-05,15.331,1.66,1.75,-9.56,2.4e-05,0.0,0.0,87.46,9.58,WiFi_6
UE_014,0.00707,32.27,31.55,-36.056,8.644e-05,16.77,1.68,0.88,5.28,2.4e-05,0.0,0.0,87.46,10.48,WiFi_6
UE_015,0.00707,33.362,29.556,-36.242,3.378e-05,15.712,1.52,1.62,-6.82,2.4e-05,0.0,0.0,87.46,9.82,WiFi_6
UE_016,0.00707,29.987,28.765,-36.808,4.665e-05,15.292,1.8,2.63,1.43,2.4e-05,0.0,0.0,87.46,9.56,WiFi_6
UE_017,0.01761,27.63,25.204,-39.308,9.438e-05,13.403,2.16,3.06,-0.39,5.9e-05,0.0,0.0,87.46,8.38,WiFi_6
UE_018,0.00707,20.388,16.182,-41.684,0.00026148,8.656,1.8,2.94,3.46,2.4e-05,0.0,0.0,78.545,5.41,WiFi_6
UE_019,0.00707,27.402,23.9,-39.736,0.00012594,12.712,1.91,17.17,1.97,2.4e-05,0.0,0.0,87.46,7.95,WiFi_6
UE_000,0.0062,37.371,33.692,-35.954,3.43e-05,17.908,1.77,0.39,-7.3,2.1e-05,0.0,0.0,87.46,11.19,WiFi_6
UE_001,0.00707,33.54,28.706,-37.07,2.252e-05,15.261,2.2,0.68,-11.41,2.4e-05,0.0,0.0,87.46,9.54,WiFi_6
UE_002,0.01052,11.265,6.993,-45.607,0.00101316,4.137,1.52,0.92,6.56,3.5e-05,0.0,0.0,50.979,2.59,WiFi_6
UE_003,0.00547,23.017,18.968,-41.612,0.00018045,10.111,1.83,14.04,-2.22,1.8e-05,0.0,0.0,86.905,6.32,WiFi_6
UE_004,0.00707,15.281,11.517,-42.849,0.00102015,6.279,2.12,3.11,10.91,2.4e-05,0.0,0.0,64.552,3.92,WiFi_6
UE_005,0.00707,21.019,16.364,-39.939,0.00018287,8.75,1.72,1.5,7.29,2.4e-05,0.0,0.0,79.093,5.47,WiFi_6
UE_006,0.00888,37.175,33.644,-33.958,1.033e-05,17.883,1.94,3.11,-4.87,3e-05,0.0,0.0,87.46,11.18,WiFi_6
UE_007,0.00707,20.02,16.644,-42.323,0.00030283,8.896,2.24,4.81,13.68,2.4e-05,0.0,0.0,79.932,5.56,WiFi_6
UE_008,0.00707,43.554,40.634,-32.763,5.155e-05,21.598,1.51,1.06,7.66,2.4e-05,0.0,0.0,87.46,12.34,WiFi_6
UE_009,0.00707,27.399,24.633,-40.148,7.64e-05,13.1,1.69,1.42,-11.18,2.4e-05,0.0,0.0,87.46,8.19,WiFi_6
UE_010,0.00707,6.189,3.259,-47.791,0.0100869,2.625,1.53,14.33,2.92,2.4e-05,0.0,0.0,39.777,1.64,WiFi_6
UE_011,0.00866,30.822,27.342,-37.512,1.013e-05,14.537,2.12,7.14,5.18,2.9e-05,0.0,0.0,87.46,9.09,WiFi_6
UE_012,0.00707,53.548,49.738,-28.078,1.691e-05,26.436,2.01,0.36,-7.92,2.4e-05,0.0,0.0,87.46,12.34,WiFi_6
UE_013,0.00707,43.342,39.798,-33.625,6.17e-06,21.153,1.51,4.62,-9.56,2.4e-05,0.0,0.0,87.46,12.34,WiFi_6
UE_014,0.00707,40.482,38.402,-31.825,0.00017542,20.411,2.15,1.06,5.8,2.4e-05,0.0,0.0,87.46,12.34,WiFi_6
UE_015,0.00707,44.12,42.422,-32.756,1.949e-05,22.548,1.56,0.87,-6.82,2.4e-05,0.0,0.0,87.46,12.34,WiFi_6
UE_016,0.00707,18.912,14.577,-40.828,0.00025052,7.827,1.55,1.47,1.43,2.4e-05,0.0,0.0,73.732,4.89,WiFi_6
UE_017,0.01807,10.69,7.63,-45.417,0.00100149,4.423,1.88,1.74,-0.39,6e-05,0.0,0.0,52.89,2.76,WiFi_6
UE_018,0.00707,35.979,33.685,-34.664,4.221e-05,17.905,1.98,8.57,3.46,2.4e-05,0.0,0.0,87.46,11.19,WiFi_6
UE_019,0.00618,45.686,45.325,-32.907,2.301e-05,24.09,1.89,5.82,5.4,2.1e-05,0.0,0.0,87.46,12.34,WiFi_6
UE_000,0.00601,35.433,34.177,-36.534,4.427e-05,18.166,2.05,3.45,-7.3,2e-05,0.0,0.0,87.46,11.35,WiFi_6
UE_001,0.00828,13.705,8.46,-43.358,0.00113618,4.804,2.25,2.46,-11.41,2.8e-05,0.0,0.0,55.379,3.0,WiFi_6
UE_002,0.00951,14.066,10.768,-44.215,0.00105321,5.909,1.53,4.34,3.72,3.2e-05,0.0,0.0,62.304,3.69,WiFi_6
UE_003,0.00503,31.286,29.777,-37.639,3.288e-05,15.829,1.84,3.51,-2.22,1.7e-05,0.0,0.0,87.46,9.89,WiFi_6
UE_004,0.00707,30.942,28.265,-37.628,9.627e-05,15.026,1.94,1.68,10.91,2.4e-05,0.0,0.0,87.46,9.39,WiFi_6
UE_005,0.00707,11.335,6.723,-45.066,0.00106808,4.018,1.99,11.83,7.29,2.4e-05,0.0,0.0,50.169,2.51,WiFi_6
UE_006,0.00735,29.002,27.241,-39.796,0.00011296,14.483,1.97,2.18,-4.87,2.4e-05,0.0,0.0,87.46,9.05,WiFi_6
UE_007,0.00707,40.273,36.556,-33.442,0.00017581,19.431,1.79,0.35,13.68,2.4e-05,0.0,0.0,87.46,12.14,WiFi_6
UE_008,0.00707,33.118,29.996,-36.745,0.00017505,15.945,1.62,2.78,7.66,2.4e-05,0.0,0.0,87.46,9.97,WiFi_6
UE_009,0.00707,28.163,25.453,-40.991,0.0001617,13.535,1.97,1.48,12.99,2.4e-05,0.0,0.0,87.46,8.46,WiFi_6
UE_010,0.00707,10.789,7.737,-45.813,0.00103623,4.472,2.07,1.59,2.92,2.4e-05,0.0,0.0,53.211,2.79,WiFi_6
UE_011,0.01465,12.651,9.297,-45.328,0.00102227,5.198,1.67,0.06,5.18,4.9e-05,0.0,0.0,57.892,3.25,WiFi_6
UE_012,0.00707,36.255,33.994,-36.735,4.024e-05,18.069,1.62,4.57,-7.92,2.4e-05,0.0,0.0,87.46,11.29,WiFi_6
UE_013,0.00707,19.691,18.003,-43.252,0.00022635,9.605,1.56,1.44,-9.56,2.4e-05,0.0,0.0,84.009,6.0,WiFi_6
UE_014,0.00707,30.267,26.721,-36.661,5.584e-05,14.207,2.27,0.56,5.8,2.4e-05,0.0,0.0,87.46,8.88,WiFi_6
UE_015,0.00707,19.156,14.434,-41.879,0.00021001,7.753,2.06,1.03,-6.82,2.4e-05,0.0,0.0,73.301,4.85,WiFi_6
UE_016,0.00707,15.749,11.911,-45.022,0.001015,6.475,1.97,3.12,1.43,2.4e-05,0.0,0.0,65.734,4.05,WiFi_6
UE_017,0.01854,16.022,12.1,-43.196,0.00013583,6.569,1.71,0.9,-0.39,6.2e-05,0.0,0.0,66.3,4.11,WiFi_6
UE_018,0.00707,41.498,36.018,-33.395,9.097e-05,19.144,1.75,3.2,3.46,2.4e-05,0.0,0.0,87.46,11.97,WiFi_6
UE_019,0.01077,12.466,8.603,-46.587,0.00111201,4.871,1.74,3.02,5.4,3.6e-05,0.0,0.0,55.809,3.04,WiFi_6
UE_000,0.00583,36.028,34.024,-35.966,0.00010169,18.085,2.06,1.61,-7.3,1.9e-05,0.0,0.0,87.46,11.3,WiFi_6
UE_001,0.01888,13.916,11.9,-44.423,0.00114001,6.469,1.93,1.68,-11.41,6.3e-05,0.0,0.0,65.701,4.04,WiFi_6
UE_002,0.00515,43.882,40.732,-31.506,2.417e-05,21.65,1.97,7.25,3.72,1.7e-05,0.0,0.0,87.46,12.34,WiFi_6
UE_003,0.00601,36.1,33.702,-35.233,1.646e-05,17.914,2.14,0.62,-2.22,2e-05,0.0,0.0,87.46,11.2,WiFi_6
UE_004,0.00707,9.876,7.876,-45.844,0.00106001,4.535,2.2,10.55,10.91,2.4e-05,0.0,0.0,53.629,2.83,WiFi_6
UE_005,0.00707,30.647,26.915,-39.955,8.275e-05,14.31,1.7,0.0,7.29,2.4e-05,0.0,0.0,87.46,8.94,WiFi_6
UE_006,0.00607,27.212,25.692,-39.896,0.00012541,13.662,1.81,2.22,-4.87,2e-05,0.0,0.0,87.46,8.54,WiFi_6
UE_007,0.00707,40.675,37.118,-33.594,2.327e-05,19.729,1.99,0.03,13.68,2.4e-05,0.0,0.0,87.46,12.33,WiFi_6
UE_008,0.00707,32.307,28.26,-38.883,0.0001011,15.024,1.51,5.56,7.66,2.4e-05,0.0,0.0,87.46,9.39,WiFi_6
UE_009,0.01153,36.735,31.667,-35.654,0.0001004,16.833,2.05,0.05,12.99,3.8e-05,0.0,0.0,87.46,10.52,WiFi_6
UE_010,0.00707,19.612,16.092,-42.593,0.00025822,8.609,1.53,0.18,2.92,2.4e-05,0.0,0.0,78.276,5.38,WiFi_6
UE_011,0.02096,-5.538,-7.53,-53.844,0.15017695,0.375,1.56,22.51,5.18,7e-05,0.0,0.0,15.26,0.23,WiFi_6
UE_012,0.00707,32.976,27.051,-36.161,5.23e-06,14.382,1.77,0.23,-7.92,2.4e-05,0.0,0.0,87.46,8.99,WiFi_6
UE_013,0.00707,15.309,15.012,-42.797,0.00010469,8.051,1.73,0.69,-9.56,2.4e-05,0.0,0.0,75.037,5.03,WiFi_6
UE_014,0.00707,31.682,27.648,-38.159,0.0001095,14.699,1.97,2.88,5.8,2.4e-05,0.0,0.0,87.46,9.19,WiFi_6
UE_015,0.00707,35.024,31.597,-38.85,0.00012394,16.796,2.21,10.94,-6.82,2.4e-05,0.0,0.0,87.46,10.5,WiFi_6
UE_016,0.00707,21.688,18.169,-42.803,0.00032297,9.692,2.07,6.34,1.43,2.4e-05,0.0,0.0,84.507,6.06,WiFi_6
UE_017,0.01901,21.599,17.881,-41.378,0.00024257,9.541,2.06,6.92,-0.39,6.3e-05,0.0,0.0,83.643,5.96,WiFi_6
UE_018,0.00707,11.392,5.318,-44.478,0.0100721,3.421,2.22,7.85,3.46,2.4e-05,0.0,0.0,45.955,2.14,WiFi_6
UE_019,0.01624,25.776,23.319,-39.596,4.02e-05,12.405,2.02,3.91,5.4,5.4e-05,0.0,0.0,87.46,7.75,WiFi_6
UE_000,0.00567,24.926,20.423,-40.89,8.274e-05,10.876,1.89,3.76,-7.3,1.9e-05,0.0,0.0,87.46,6.8,WiFi_6
UE_001,0.0208,2.541,0.075,-48.33,0.01015271,1.62,1.88,6.64,-11.41,6.9e-05,0.0,0.0,30.226,1.01,WiFi_6
UE_002,0.00707,3.52,-1.444,-47.567,0.15009948,1.248,2.15,19.51,3.72,2.4e-05,0.0,0.0,25.668,0.78,WiFi_6
UE_003,0.0079,35.968,32.485,-34.585,0.00012813,17.267,2.23,3.57,-2.22,2.6e-05,0.0,0.0,87.46,10.79,WiFi_6
UE_004,0.00707,12.184,10.708,-46.663,0.0011566,5.879,1.9,0.88,12.9,2.4e-05,0.0,0.0,62.123,3.67,WiFi_6
UE_005,0.00707,16.63,12.833,-43.084,0.00012411,6.938,1.77,7.11,7.29,2.4e-05,0.0,0.0,68.499,4.34,WiFi_6
UE_006,0.00521,27.508,24.393,-39.812,8.229e-05,12.973,1.84,3.36,-4.87,1.7e-05,0.0,0.0,87.46,8.11,WiFi_6
UE_007,0.00707,28.263,22.567,-39.976,8.17e-06,12.007,1.7,3.92,13.68,2.4e-05,0.0,0.0,87.46,7.5,WiFi_6
UE_008,0.00707,38.23,32.256,-36.411,5.443e-05,17.145,2.01,1.42,7.66,2.4e-05,0.0,0.0,87.46,10.72,WiFi_6
UE_009,0.02473,19.849,16.648,-42.303,0.00015898,8.898,1.89,1.66,12.99,8.2e-05,0.0,0.0,79.943,5.56,WiFi_6
UE_010,0.00707,37.849,33.868,-36.835,0.00011539,18.002,2.24,3.13,2.92,2.4e-05,0.0,0.0,87.46,11.25,WiFi_6
UE_011,0.02268,17.181,15.689,-44.739,0.00019199,8.4,2.14,0.31,5.18,7.6e-05,0.0,0.0,77.066,5.25,WiFi_6
UE_012,0.00707,35.585,31.519,-36.138,6.99e-05,16.754,1.84,6.53,2.45,2.4e-05,0.0,0.0,87.46,10.47,WiFi_6
UE_013,0.00707,23.834,19.952,-41.718,0.00029263,10.628,1.58,0.82,-9.56,2.4e-05,0.0,0.0,87.46,6.64,WiFi_6
UE_014,0.00707,22.641,17.562,-42.12,0.00016157,9.375,1.83,0.37,5.8,2.4e-05,0.0,0.0,82.687,5.86,WiFi_6
UE_015,0.00707,33.735,29.769,-36.685,0.00023541,15.825,2.06,6.18,-6.82,2.4e-05,0.0,0.0,87.46,9.89,WiFi_6
UE_016,0.00707,41.633,40.022,-33.152,3.862e-05,21.272,2.07,0.35,1.43,2.4e-05,0.0,0.0,87.46,12.34,WiFi_6
UE_017,0.01948,15.179,11.625,-43.762,0.00112362,6.332,1.89,2.43,-0.39,6.5e-05,0.0,0.0,64.875,3.96,WiFi_6
UE_018,0.00707,27.915,25.727,-39.534,3.322e-05,13.68,2.02,9.75,3.46,2.4e-05,0.0,0.0,87.46,8.55,WiFi_6
UE_019,0.02194,0.096,-1.51,-50.858,0.15004856,1.233,2.21,19.73,5.4,7.3e-05,0.0,0.0,25.469,0.77,WiFi_6
UE_000,0.00552,9.786,5.858,-47.427,0.0101528,3.646,2.15,27.48,-7.3,1.8e-05,0.0,0.0,47.574,2.28,WiFi_6
UE_001,0.00993,18.463,14.048,-42.661,0.00014385,7.556,1.98,4.26,-11.41,3.3e-05,0.0,0.0,72.143,4.72,WiFi_6
UE_002,0.00707,4.05,1.546,-48.129,0.01000085,2.047,2.23,27.89,3.72,2.4e-05,0.0,0.0,34.638,1.28,WiFi_6
UE_003,0.01021,27.791,23.658,-39.952,3.727e-05,12.584,1.64,9.95,-2.22,3.4e-05,0.0,0.0,87.46,7.87,WiFi_6
UE_004,0.00707,33.686,31.508,-36.001,0.00021805,16.748,2.17,5.07,12.9,2.4e-05,0.0,0.0,87.46,10.47,WiFi_6
UE_005,0.00707,14.21,10.795,-43.388,0.00100224,5.922,1.5,7.17,7.29,2.4e-05,0.0,0.0,62.384,3.7,WiFi_6
UE_006,0.00502,5.731,2.429,-48.7,0.01005488,2.335,2.05,6.32,-4.87,1.7e-05,0.0,0.0,37.286,1.46,WiFi_6
UE_007,0.00707,18.206,15.522,-42.019,0.00014602,8.314,1.95,0.15,13.68,2.4e-05,0.0,0.0,76.566,5.2,WiFi_6
UE_008,0.00707,17.095,13.551,-41.162,0.00015155,7.302,2.23,5.11,7.66,2.4e-05,0.0,0.0,70.654,4.56,WiFi_6
UE_009,0.01888,11.427,6.431,-45.937,0.00107478,3.891,2.01,0.13,12.99,6.3e-05,0.0,0.0,49.293,2.43,WiFi_6
UE_010,0.00707,31.153,26.467,-36.985,0.00011137,14.073,1.77,1.72,2.92,2.4e-05,0.0,0.0,87.46,8.8,WiFi_6
UE_011,0.01619,25.28,22.776,-39.437,0.00011467,12.118,2.24,3.08,5.18,5.4e-05,0.0,0.0,87.46,7.57,WiFi_6
UE_012,0.00545,39.773,37.902,-33.147,0.00011522,20.146,1.84,9.92,2.45,1.8e-05,0.0,0.0,87.46,12.34,WiFi_6
UE_013,0.00707,30.351,26.549,-37.749,0.00014365,14.116,1.86,1.27,-9.56,2.4e-05,0.0,0.0,87.46,8.82,WiFi_6
UE_014,0.00707,44.996,42.105,-31.908,5.937e-05,22.379,1.81,1.23,5.8,2.4e-05,0.0,0.0,87.46,12.34,WiFi_6
UE_015,0.00707,36.836,31.328,-33.995,3.376e-05,16.653,2.17,1.65,-6.82,2.4e-05,0.0,0.0,87.46,10.41,WiFi_6
UE_016,0.00707,20.768,18.988,-41.997,0.00037437,10.121,1.72,3.96,1.43,2.4e-05,0.0,0.0,86.963,6.33,WiFi_6
UE_017,0.01995,32.185,30.485,-36.811,0.00010613,16.205,2.09,2.02,-0.39,6.6e-05,0.0,0.0,87.46,10.13,WiFi_6
UE_018,0.00707,34.164,30.107,-35.034,6.88e-06,16.004,2.12,0.24,3.46,2.4e-05,0.0,0.0,87.46,10.0,WiFi_6
UE_019,0.02327,8.516,3.284,-47.925,0.01009411,2.634,1.71,29.76,5.4,7.8e-05,0.0,0.0,39.853,1.65,WiFi_6
UE_000,0.00539,36.194,34.485,-35.084,1.15e-06,18.33,1.82,8.82,-7.3,1.8e-05,0.0,0.0,87.46,11.46,WiFi_6
UE_001,0.00584,42.509,38.529,-33.055,2.808e-05,20.479,2.1,8.49,-11.41,1.9e-05,0.0,0.0,87.46,12.34,WiFi_6
UE_002,0.00707,20.193,17.45,-42.037,0.0001015,9.316,1.6,0.73,3.72,2.4e-05,0.0,0.0,82.351,5.82,WiFi_6
UE_003,0.0127,22.732,21.324,-40.516,0.00010599,11.351,1.79,6.93,-2.22,4.2e-05,0.0,0.0,87.46,7.09,WiFi_6
UE_004,0.00707,39.712,36.281,-35.814,7.943e-05,19.284,2.09,21.21,12.9,2.4e-05,0.0,0.0,87.46,12.05,WiFi_6
UE_005,0.00707,15.277,14.539,-42.001,0.00022261,7.808,1.66,1.25,7.29,2.4e-05,0.0,0.0,73.618,4.88,WiFi_6
UE_006,0.00556,36.252,31.37,-35.314,6.419e-05,16.675,1.8,0.26,-4.87,1.9e-05,0.0,0.0,87.46,10.42,WiFi_6
UE_007,0.00707,35.162,31.32,-36.745,0.00010323,16.649,2.2,2.58,13.68,2.4e-05,0.0,0.0,87.46,10.41,WiFi_6
UE_008,0.00707,37.136,36.517,-36.114,0.00011578,19.41,1.69,4.57,7.66,2.4e-05,0.0,0.0,87.46,12.13,WiFi_6
UE_009,0.0251,-0.109,-3.0,-48.787,0.15011235,0.938,1.81,21.49,8.1,8.4e-05,0.0,0.0,20.999,0.59,WiFi_6
UE_010,0.00707,15.854,13.552,-42.079,0.00015065,7.303,1.99,0.24,2.92,2.4e-05,0.0,0.0,70.656,4.56,WiFi_6
UE_011,0.00973,31.765,31.388,-38.133,0.00011894,16.685,1.6,2.04,5.18,3.2e-05,0.0,0.0,87.46,10.43,WiFi_6
UE_012,0.01524,11.634,8.696,-46.109,0.00110079,4.914,2.13,1.75,2.45,5.1e-05,0.0,0.0,56.089,3.07,WiFi_6
UE_013,0.00707,40.49,36.777,-32.458,6.285e-05,19.548,1.89,3.99,-9.56,2.4e-05,0.0,0.0,87.46,12.22,WiFi_6
UE_014,0.00707,0.839,-1.369,-48.71,0.15003677,1.265,1.51,33.23,5.8,2.4e-05,0.0,0.0,25.893,0.79,WiFi_6
UE_015,0.00707,32.455,31.02,-35.769,1.805e-05,16.489,1.95,2.31,-6.82,2.4e-05,0.0,0.0,87.46,10.31,WiFi_6
UE_016,0.00707,13.142,8.602,-44.613,0.00115041,4.871,2.1,5.54,1.43,2.4e-05,0.0,0.0,55.807,3.04,WiFi_6
UE_017,0.02042,5.131,2.811,-47.458,0.01005032,2.466,1.71,11.89,-0.39,6.8e-05,0.0,0.0,38.434,1.54,WiFi_6
UE_018,0.00707,30.271,26.99,-35.912,2.999e-05,14.35,1.79,3.01,3.46,2.4e-05,0.0,0.0,87.46,8.97,WiFi_6
UE_019,0.01755,13.435,8.371,-43.582,0.00134289,4.763,1.93,0.19,5.4,5.8e-05,0.0,0.0,55.112,2.98,WiFi_6
UE_000,0.00527,13.082,9.613,-44.624,0.00114886,5.349,1.69,0.83,-7.3,1.8e-05,0.0,0.0,58.839,3.34,WiFi_6
UE_001,0.00707,29.419,26.1,-36.922,8.746e-05,13.878,2.09,2.39,-14.7,2.4e-05,0.0,0.0,87.46,8.67,WiFi_6
UE_002,0.00707,19.981,16.092,-42.178,0.00018365,8.609,2.25,1.13,3.72,2.4e-05,0.0,0.0,78.276,5.38,WiFi_6
UE_003,0.0153,31.744,26.388,-37.305,8.078e-05,14.031,1.87,2.05,-2.22,5.1e-05,0.0,0.0,87.46,8.77,WiFi_6
UE_004,0.00707,46.69,44.839,-30.392,2.886e-05,23.833,2.12,9.33,12.9,2.4e-05,0.0,0.0,87.46,12.34,WiFi_6
UE_005,0.00707,36.702,33.117,-36.227,4.322e-05,17.603,1.66,0.46,7.29,2.4e-05,0.0,0.0,87.46,11.0,WiFi_6
UE_006,0.00665,20.522,18.689,-40.915,0.00015341,9.965,1.61,4.7,-4.87,2.2e-05,0.0,0.0,86.068,6.23,WiFi_6
UE_007,0.00707,27.561,23.908,-39.296,1.768e-05,12.716,2.15,3.44,13.68,2.4e-05,0.0,0.0,87.46,7.95,WiFi_6
UE_008,0.00707,27.584,23.562,-37.757,0.00018204,12.534,1.69,0.04,7.66,2.4e-05,0.0,0.0,87.46,7.83,WiFi_6
UE_009,0.011,30.489,25.805,-36.463,1.024e-05,13.722,1.53,0.69,8.1,3.7e-05,0.0,0.0,87.46,8.58,WiFi_6
UE_010,0.00707,31.95,28.864,-37.189,0.00010599,15.344,1.5,0.25,2.92,2.4e-05,0.0,0.0,87.46,9.59,WiFi_6
UE_011,0.00346,33.21,28.906,-36.595,9.658e-05,15.367,1.92,2.69,5.18,1.2e-05,0.0,0.0,87.46,9.6,WiFi_6
UE_012,0.02506,3.441,0.302,-48.12,0.01007675,1.682,1.86,21.42,2.45,8.4e-05,0.0,0.0,30.905,1.05,WiFi_6
UE_013,0.00707,18.426,12.432,-42.839,0.0001078,6.736,1.56,5.8,-9.56,2.4e-05,0.0,0.0,67.296,4.21,WiFi_6
UE_014,0.00707,16.082,14.575,-42.127,0.00020756,7.826,1.6,4.93,5.8,2.4e-05,0.0,0.0,73.724,4.89,WiFi_6
UE_015,0.00707,42.523,41.211,-32.172,2.658e-05,21.904,1.84,0.05,-10.6,2.4e-05,0.0,0.0,87.46,12.34,WiFi_6
UE_016,0.00707,31.205,26.617,-38.062,8.359e-05,14.152,1.88,1.77,1.43,2.4e-05,0.0,0.0,87.46,8.85,WiFi_6
UE_017,0.02089,15.28,10.911,-45.856,0.00111133,5.979,2.08,3.01,-0.39,7e-05,0.0,0.0,62.734,3.74,WiFi_6
UE_018,0.00707,37.168,36.049,-34.487,0.00011182,19.161,1.59,3.33,3.46,2.4e-05,0.0,0.0,87.46,11.98,WiFi_6
UE_019,0.012,13.013,9.422,-45.561,0.00102274,5.257,2.02,1.7,5.4,4e-05,0.0,0.0,58.265,3.29,WiFi_6
UE_000,0.00518,30.479,24.985,-36.437,2.8e-06,13.287,1.93,4.09,-7.3,1.7e-05,0.0,0.0,87.46,8.3,WiFi_6
UE_001,0.00683,24.819,23.583,-39.656,7.41e-06,12.545,1.66,2.46,-14.7,2.3e-05,0.0,0.0,87.46,7.84,WiFi_6
UE_002,0.00707,27.089,23.22,-38.676,0.00023946,12.353,1.97,0.02,3.72,2.4e-05,0.0,0.0,87.46,7.72,WiFi_6
UE_003,0.01795,16.092,12.139,-44.1,0.00012014,6.589,2.21,1.35,-2.22,6e-05,0.0,0.0,66.418,4.12,WiFi_6
UE_004,0.00707,38.708,35.727,-36.569,7.349e-05,18.99,2.05,3.44,12.9,2.4e-05,0.0,0.0,87.46,11.87,WiFi_6
UE_005,0.00707,33.218,30.291,-36.258,1.796e-05,16.102,1.62,0.67,7.29,2.4e-05,0.0,0.0,87.46,10.06,WiFi_6
UE_006,0.00707,32.581,29.064,-38.931,5.853e-05,15.451,1.64,9.49,-4.87,2.4e-05,0.0,0.0,87.46,9.66,WiFi_6
UE_007,0.00707,16.368,14.014,-42.946,0.0001729,7.538,1.57,3.89,13.68,2.4e-05,0.0,0.0,72.042,4.71,WiFi_6
UE_008,0.00707,14.406,11.803,-44.759,0.00107471,6.421,1.77,0.2,7.66,2.4e-05,0.0,0.0,65.41,4.01,WiFi_6
UE_009,0.00707,28.39,26.593,-39.545,5.061e-05,14.139,1.51,0.12,8.1,2.4e-05,0.0,0.0,87.46,8.84,WiFi_6
UE_010,0.00707,33.859,28.151,-37.283,8.77e-05,14.966,2.17,6.25,2.92,2.4e-05,0.0,0.0,87.46,9.35,WiFi_6
UE_011,0.00377,26.573,23.587,-39.473,3.621e-05,12.547,2.09,1.96,5.18,1.3e-05,0.0,0.0,87.46,7.84,WiFi_6
UE_012,0.01631,11.09,7.31,-45.789,0.00106275,4.279,2.01,9.53,2.45,5.4e-05,0.0,0.0,51.931,2.67,WiFi_6
UE_013,0.00707,30.613,27.633,-39.0,1.162e-05,14.691,1.67,0.68,-9.56,2.4e-05,0.0,0.0,87.46,9.18,WiFi_6
UE_014,0.00707,9.421,7.673,-45.405,0.00112261,4.443,2.11,5.27,5.8,2.4e-05,0.0,0.0,53.02,2.78,WiFi_6
UE_015,0.00601,31.734,30.686,-36.523,8.552e-05,16.312,2.09,1.92,-10.6,2e-05,0.0,0.0,87.46,10.19,WiFi_6
UE_016,0.00707,25.041,19.51,-39.611,0.00011677,10.396,2.07,0.54,1.43,2.4e-05,0.0,0.0,87.46,6.5,WiFi_6
UE_017,0.02136,28.06,26.161,-37.641,6.187e-05,13.91,1.5,1.32,-0.39,7.1e-05,0.0,0.0,87.46,8.69,WiFi_6
UE_018,0.00707,40.874,37.622,-33.702,7.819e-05,19.997,2.12,2.38,3.46,2.4e-05,0.0,0.0,87.46,12.34,WiFi_6
UE_019,0.00707,34.322,30.125,-35.887,0.0001959,16.014,1.5,3.25,5.4,2.4e-05,0.0,0.0,87.46,10.01,WiFi_6
UE_000,0.0051,42.691,40.698,-32.356,0.00010044,21.631,2.12,6.6,-7.3,1.7e-05,0.0,0.0,87.46,12.34,WiFi_6
UE_001,0.0066,25.735,22.631,-39.888,0.00010877,12.041,1.89,1.44,-14.7,2.2e-05,0.0,0.0,87.46,7.53,WiFi_6
UE_002,0.00707,19.151,16.301,-43.251,0.00012594,8.717,2.1,1.03,3.72,2.4e-05,0.0,0.0,78.902,5.45,WiFi_6
UE_003,0.02063,16.322,12.85,-44.382,0.00019936,6.947,1.9,1.06,-2.22,6.9e-05,0.0,0.0,68.55,4.34,WiFi_6
UE_004,0.00707,23.751,19.198,-41.157,0.00020406,10.231,2.24,5.77,12.9,2.4e-05,0.0,0.0,87.46,6.39,WiFi_6
UE_005,0.00707,27.839,24.789,-38.675,0.00020455,13.183,2.15,1.77,7.29,2.4e-05,0.0,0.0,87.46,8.24,WiFi_6
UE_006,0.00707,24.987,20.47,-38.732,7.31e-06,10.9,1.69,0.33,-4.87,2.4e-05,0.0,0.0,87.46,6.81,WiFi_6
UE_007,0.00707,30.131,28.792,-39.439,1.313e-05,15.306,1.64,3.81,13.68,2.4e-05,0.0,0.0,87.46,9.57,WiFi_6
UE_008,0.00707,31.313,26.188,-36.653,1.505e-05,13.925,1.77,2.24,7.66,2.4e-05,0.0,0.0,87.46,8.7,WiFi_6
UE_009,0.00707,18.737,13.983,-42.491,0.00015051,7.522,2.27,0.26,8.1,2.4e-05,0.0,0.0,71.948,4.7,WiFi_6
UE_010,0.00707,26.458,23.282,-39.808,2.133e-05,12.386,2.22,0.76,2.92,2.4e-05,0.0,0.0,87.46,7.74,WiFi_6
UE_011,0.0057,29.636,26.62,-36.511,0.00022022,14.154,1.91,9.5,5.18,1.9e-05,0.0,0.0,87.46,8.85,WiFi_6
UE_012,0.01125,21.29,17.009,-40.73,0.00030239,9.086,2.21,2.87,-3.13,3.8e-05,0.0,0.0,81.028,5.68,WiFi_6
UE_013,0.00707,26.723,21.081,-39.869,4.221e-05,11.223,1.53,1.41,-9.56,2.4e-05,0.0,0.0,87.46,7.01,WiFi_6
UE_014,0.00707,29.665,26.671,-36.024,6.348e-05,14.181,2.27,0.33,5.8,2.4e-05,0.0,0.0,87.46,8.86,WiFi_6
UE_015,0.00527,35.104,32.105,-35.3,6.373e-05,17.066,2.25,0.89,-10.6,1.8e-05,0.0,0.0,87.46,10.67,WiFi_6
UE_016,0.00707,15.936,11.189,-43.359,0.0010597,6.116,2.27,9.83,1.43,2.4e-05,0.0,0.0,63.567,3.82,WiFi_6
UE_017,0.02184,11.638,8.694,-45.303,0.00100734,4.913,2.08,0.79,-0.39,7.3e-05,0.0,0.0,56.082,3.07,WiFi_6
UE_018,0.00707,22.253,17.751,-40.819,0.00012653,9.473,1.53,3.0,3.46,2.4e-05,0.0,0.0,83.253,5.92,WiFi_6
UE_019,0.00508,41.763,37.428,-32.465,9.367e-05,19.894,1.64,7.31,5.65,1.7e-05,0.0,0.0,87.46,12.34,WiFi_6
UE_000,0.00505,30.723,28.003,-36.993,0.0001361,14.887,2.15,1.67,-7.3,1.7e-05,0.0,0.0,87.46,9.3,WiFi_6
UE_001,0.00639,19.597,16.195,-42.923,0.00011859,8.663,1.74,1.03,-14.7,2.1e-05,0.0,0.0,78.586,5.41,WiFi_6
UE_002,0.00707,46.356,41.744,-31.309,0.00015251,22.187,1.65,0.56,3.72,2.4e-05,0.0,0.0,87.46,12.34,WiFi_6
UE_003,0.02334,17.499,15.924,-44.121,0.00012347,8.522,2.02,1.18,-2.22,7.8e-05,0.0,0.0,77.773,5.33,WiFi_6
UE_004,0.00707,10.239,7.358,-46.629,0.0010707,4.3,2.26,2.87,12.9,2.4e-05,0.0,0.0,52.075,2.69,WiFi_6
UE_005,0.00707,31.793,28.841,-36.331,6.383e-05,15.332,2.22,3.83,7.29,2.4e-05,0.0,0.0,87.46,9.58,WiFi_6
UE_006,0.00707,6.784,3.985,-46.847,0.01009039,2.894,1.55,33.05,-4.87,2.4e-05,0.0,0.0,41.955,1.81,WiFi_6
UE_007,0.00707,27.549,25.526,-39.986,3.77e-05,13.574,1.63,2.11,13.68,2.4e-05,0.0,0.0,87.46,8.48,WiFi_6
UE_008,0.00707,19.797,16.273,-40.78,0.00015051,8.703,1.63,1.22,-6.63,2.4e-05,0.0,0.0,78.819,5.44,WiFi_6
UE_009,0.00707,29.34,27.531,-39.348,0.00010484,14.637,1.93,2.39,8.1,2.4e-05,0.0,0.0,87.46,9.15,WiFi_6
UE_010,0.00707,23.032,21.101,-40.776,4.17e-06,11.233,2.04,10.72,2.92,2.4e-05,0.0,0.0,87.46,7.02,WiFi_6
UE_011,0.00611,38.564,37.061,-36.08,4.278e-05,19.699,2.21,0.01,5.18,2e-05,0.0,0.0,87.46,12.31,WiFi_6
UE_012,0.00812,35.151,34.253,-34.861,7.827e-05,18.207,1.96,5.36,-3.13,2.7e-05,0.0,0.0,87.46,11.38,WiFi_6
UE_013,0.00707,32.054,27.859,-39.064,3.826e-05,14.811,1.67,0.75,-9.56,2.4e-05,0.0,0.0,87.46,9.26,WiFi_6
UE_014,0.00707,35.898,29.909,-36.178,5.323e-05,15.899,2.23,3.79,5.8,2.4e-05,0.0,0.0,87.46,9.94,WiFi_6
UE_015,0.005,29.815,23.801,-38.368,0.00010978,12.66,2.19,0.33,-10.6,1.7e-05,0.0,0.0,87.46,7.91,WiFi_6
UE_016,0.00707,27.849,25.527,-38.539,0.00014122,13.574,1.54,3.86,1.43,2.4e-05,0.0,0.0,87.46,8.48,WiFi_6
UE_017,0.02231,32.208,28.106,-37.062,9.398e-05,14.942,1.94,2.17,-0.39,7.4e-05,0.0,0.0,87.46,9.34,WiFi_6
UE_018,0.00707,18.974,15.932,-41.895,0.00016826,8.526,1.65,0.47,3.46,2.4e-05,0.0,0.0,77.797,5.33,WiFi_6
UE_019,0.00681,38.593,34.705,-35.484,0.00015263,18.447,1.7,0.43,5.65,2.3e-05,0.0,0.0,87.46,11.53,WiFi_6
UE_000,0.00501,22.424,20.335,-41.284,8.86e-06,10.829,2.09,2.31,-7.3,1.7e-05,0.0,0.0,87.46,6.77,WiFi_6
UE_001,0.00618,20.883,17.555,-40.28,0.00013131,9.371,1.63,2.24,-14.7,2.1e-05,0.0,0.0,82.666,5.86,WiFi_6
UE_002,0.00707,19.11,15.119,-40.88,0.00017214,8.106,1.91,4.3,3.72,2.4e-05,0.0,0.0,75.357,5.07,WiFi_6
UE_003,0.02493,-1.553,-3.696,-51.078,0.15013551,0.821,2.0,28.19,-2.22,8.3e-05,0.0,0.0,18.912,0.51,WiFi_6
UE_004,0.00707,31.91,26.993,-38.291,7.303e-05,14.352,1.89,2.11,12.9,2.4e-05,0.0,0.0,87.46,8.97,WiFi_6
UE_005,0.00707,27.619,25.877,-40.419,0.00018993,13.76,2.1,1.22,7.29,2.4e-05,0.0,0.0,87.46,8.6,WiFi_6
UE_006,0.00707,20.956,18.508,-41.019,0.00017386,9.869,2.21,4.29,-4.87,2.4e-05,0.0,0.0,85.524,6.17,WiFi_6
UE_007,0.00707,9.142,5.959,-45.51,0.01002367,3.689,1.61,24.95,13.68,2.4e-05,0.0,0.0,47.876,2.31,WiFi_6
UE_008,0.00599,39.085,34.246,-36.269,5.504e-05,18.203,2.19,1.66,-6.63,2e-05,0.0,0.0,87.46,11.38,WiFi_6
UE_009,0.00707,23.156,19.242,-42.966,0.00013757,10.255,2.17,0.85,8.1,2.4e-05,0.0,0.0,87.46,6.41,WiFi_6
UE_010,0.00707,28.934,23.366,-38.96,3.566e-05,12.43,2.2,0.75,-5.93,2.4e-05,0.0,0.0,87.46,7.77,WiFi_6
UE_011,0.00658,45.498,41.274,-30.516,4.839e-05,21.938,1.86,1.18,5.18,2.2e-05,0.0,0.0,87.46,12.34,WiFi_6
UE_012,0.00559,16.635,13.354,-42.578,0.00019408,7.202,1.97,2.38,-3.13,1.9e-05,0.0,0.0,70.062,4.5,WiFi_6
UE_013,0.00707,9.718,6.183,-45.64,0.00103166,3.784,1.81,2.47,-9.56,2.4e-05,0.0,0.0,48.548,2.37,WiFi_6
UE_014,0.00707,24.829,20.937,-39.681,0.00012226,11.147,1.96,4.2,5.8,2.4e-05,0.0,0.0,87.46,6.97,WiFi_6
UE_015,0.00527,23.816,18.721,-40.013,0.00015154,9.981,2.25,0.0,-10.6,1.8e-05,0.0,0.0,86.164,6.24,WiFi_6
UE_016,0.00707,15.428,11.476,-42.447,0.00104759,6.258,1.83,2.12,1.43,2.4e-05,0.0,0.0,64.427,3.91,WiFi_6
UE_017,0.02278,-9.048,-12.176,-51.147,0.15000313,0.136,1.52,22.41,-0.39,7.6e-05,0.0,0.0,15.26,0.1,WiFi_6
UE_018,0.00707,22.178,18.148,-41.483,0.00010853,9.681,2.23,2.1,3.46,2.4e-05,0.0,0.0,84.444,6.05,WiFi_6
UE_019,0.01132,12.534,9.651,-44.121,0.00106963,5.367,1.6,0.94,5.65,3.8e-05,0.0,0.0,58.953,3.35,WiFi_6
UE_000,0.005,31.408,27.968,-36.529,0.00011002,14.869,1.74,4.72,-7.3,1.7e-05,0.0,0.0,87.46,9.29,WiFi_6
UE_001,0.00598,37.611,32.61,-35.691,0.00019521,17.334,1.63,3.59,-14.7,2e-05,0.0,0.0,87.46,10.83,WiFi_6
UE_002,0.00707,39.278,36.67,-33.573,9.218e-05,19.491,1.56,3.2,3.98,2.4e-05,0.0,0.0,87.46,12.18,WiFi_6
UE_003,0.02222,21.383,17.36,-42.968,0.00017384,9.269,2.06,0.78,-2.22,7.4e-05,0.0,0.0,82.08,5.79,WiFi_6
UE_004,0.00707,16.289,12.904,-44.958,0.0001352,6.974,1.79,7.51,12.9,2.4e-05,0.0,0.0,68.713,4.36,WiFi_6
UE_005,0.00707,28.073,25.199,-39.418,6.275e-05,13.4,1.92,1.18,7.29,2.4e-05,0.0,0.0,87.46,8.38,WiFi_6
UE_006,0.00707,26.064,20.739,-39.89,0.000223,11.042,2.01,10.12,-4.87,2.4e-05,0.0,0.0,87.46,6.9,WiFi_6
UE_007,0.00707,13.985,10.313,-45.187,0.00107136,5.687,2.21,2.09,13.68,2.4e-05,0.0,0.0,60.939,3.55,WiFi_6
UE_008,0.01261,15.246,10.291,-44.355,0.0012312,5.676,1.6,4.53,-6.63,4.2e-05,0.0,0.0,60.873,3.55,WiFi_6
UE_009,0.00707,26.3,21.036,-39.924,0.00013777,11.199,2.06,12.02,8.1,2.4e-05,0.0,0.0,87.46,7.0,WiFi_6
UE_010,0.00555,23.523,18.608,-39.569,0.00018223,9.922,1.77,0.2,-5.93,1.9e-05,0.0,0.0,85.825,6.2,WiFi_6
UE_011,0.00711,14.355,12.997,-45.47,0.00019999,7.021,2.18,2.02,5.18,2.4e-05,0.0,0.0,68.991,4.39,WiFi_6
UE_012,0.0052,37.054,32.955,-35.91,0.00012524,17.517,1.76,0.53,-3.13,1.7e-05,0.0,0.0,87.46,10.95,WiFi_6
UE_013,0.00707,19.982,17.012,-41.214,0.00033373,9.088,1.81,2.97,-9.56,2.4e-05,0.0,0.0,81.037,5.68,WiFi_6
UE_014,0.00707,34.085,31.616,-36.787,1e-05,16.806,1.64,0.26,5.8,2.4e-05,0.0,0.0,87.46,10.5,WiFi_6
UE_015,0.00601,54.764,51.99,-29.278,0.00020652,27.633,1.8,8.16,-10.6,2e-05,0.0,0.0,87.46,12.34,WiFi_6
UE_016,0.00707,17.255,14.741,-43.458,0.00012477,7.911,1.8,0.45,1.43,2.4e-05,0.0,0.0,74.223,4.94,WiFi_6
UE_017,0.02326,33.113,30.472,-36.454,5.78e-06,16.198,2.24,0.51,-0.39,7.8e-05,0.0,0.0,87.46,10.12,WiFi_6
UE_018,0.00707,39.846,35.892,-33.762,0.00019893,19.078,2.14,8.79,3.46,2.4e-05,0.0,0.0,87.46,11.92,WiFi_6
UE_019,0.01646,26.571,23.372,-40.411,3.382e-05,12.433,2.06,0.78,5.65,5.5e-05,0.0,0.0,87.46,7.77,WiFi_6
UE_000,0.00501,42.044,37.807,-30.875,7.537e-05,20.095,1.51,1.64,-7.3,1.7e-05,0.0,0.0,87.46,12.34,WiFi_6
UE_001,0.0058,13.007,8.888,-45.087,0.00120222,5.004,2.03,1.48,-14.7,1.9e-05,0.0,0.0,56.663,3.13,WiFi_6
UE_002,0.00526,17.78,14.281,-43.709,0.00014408,7.675,2.09,2.68,-3.76,1.8e-05,0.0,0.0,72.842,4.8,WiFi_6
UE_003,0.01952,16.64,13.049,-43.771,0.00028464,7.047,1.59,2.24,-2.22,6.5e-05,0.0,0.0,69.146,4.4,WiFi_6
UE_004,0.00707,31.573,26.331,-34.929,4.781e-05,14.001,2.1,1.96,12.9,2.4e-05,0.0,0.0,87.46,8.75,WiFi_6
UE_005,0.00707,17.443,12.325,-42.839,0.00017093,6.682,1.59,3.43,7.29,2.4e-05,0.0,0.0,66.975,4.18,WiFi_6
UE_006,0.00707,16.913,13.373,-42.947,0.00012672,7.212,1.8,0.45,-4.87,2.4e-05,0.0,0.0,70.12,4.51,WiFi_6
UE_007,0.00707,38.22,36.031,-32.735,5.365e-05,19.151,2.23,8.5,13.68,2.4e-05,0.0,0.0,87.46,11.97,WiFi_6
UE_008,0.02049,16.299,15.381,-43.518,0.00017567,8.241,2.13,2.47,-6.63,6.8e-05,0.0,0.0,76.143,5.15,WiFi_6
UE_009,0.00707,45.097,43.478,-32.343,4.203e-05,23.109,1.86,2.43,8.1,2.4e-05,0.0,0.0,87.46,12.34,WiFi_6
UE_010,0.01102,22.684,19.857,-40.903,0.00020272,10.578,2.18,3.09,4.54,3.7e-05,0.0,0.0,87.46,6.61,WiFi_6
UE_011,0.00768,37.049,31.418,-34.88,0.00022464,16.701,2.02,4.53,5.18,2.6e-05,0.0,0.0,87.46,10.44,WiFi_6
UE_012,0.00707,31.31,27.699,-35.694,3.789e-05,14.726,1.64,4.72,-3.13,2.4e-05,0.0,0.0,87.46,9.2,WiFi_6
UE_013,0.00707,23.178,19.818,-42.98,0.0002176,10.558,1.73,0.34,-9.56,2.4e-05,0.0,0.0,87.46,6.6,WiFi_6
UE_014,0.00707,8.586,5.8,-46.717,0.01002567,3.622,2.07,13.45,4.55,2.4e-05,0.0,0.0,47.4,2.26,WiFi_6
UE_015,0.00708,40.359,37.568,-33.744,5.67e-06,19.968,1.61,3.07,-10.6,2.4e-05,0.0,0.0,87.46,12.34,WiFi_6
UE_016,0.00707,24.716,23.799,-39.876,4.354e-05,12.659,1.85,2.76,1.43,2.4e-05,0.0,0.0,87.46,7.91,WiFi_6
UE_017,0.02373,-1.063,-5.234,-49.759,0.15006738,0.605,1.94,6.38,-0.39,7.9e-05,0.0,0.0,15.26,0.38,WiFi_6
UE_018,0.00707,39.883,37.636,-32.587,2.174e-05,20.004,2.25,0.08,3.46,2.4e-05,0.0,0.0,87.46,12.34,WiFi_6
UE_019,0.0218,17.723,16.335,-43.727,0.00012713,8.735,2.25,3.95,5.65,7.3e-05,0.0,0.0,79.004,5.46,WiFi_6
UE_000,0.00504,34.103,28.975,-35.595,0.00019825,15.403,1.83,1.35,-7.3,1.7e-05,0.0,0.0,87.46,9.63,WiFi_6
UE_001,0.00564,46.129,42.793,-32.186,7.05e-05,22.745,2.07,0.52,14.0,1.9e-05,0.0,0.0,87.46,12.34,WiFi_6
UE_002,0.00501,31.306,27.37,-37.576,9.11e-06,14.551,2.11,5.47,-3.76,1.7e-05,0.0,0.0,87.46,9.09,WiFi_6
UE_003,0.01685,26.69,23.952,-40.156,3.604e-05,12.74,1.92,2.12,-2.22,5.6e-05,0.0,0.0,87.46,7.96,WiFi_6
UE_004,0.00707,20.869,16.246,-41.699,0.00017997,8.689,1.79,1.64,12.9,2.4e-05,0.0,0.0,78.739,5.43,WiFi_6
UE_005,0.00707,37.163,34.266,-33.842,7.077e-05,18.214,2.03,1.38,7.29,2.4e-05,0.0,0.0,87.46,11.38,WiFi_6
UE_006,0.00707,27.337,24.74,-37.441,0.00019609,13.157,1.97,9.03,-4.87,2.4e-05,0.0,0.0,87.46,8.22,WiFi_6
UE_007,0.00707,16.081,13.358,-43.577,0.00012844,7.204,1.5,1.89,13.68,2.4e-05,0.0,0.0,70.075,4.5,WiFi_6
UE_008,0.0224,11.237,9.284,-44.603,0.00103236,5.192,1.71,4.11,-6.63,7.5e-05,0.0,0.0,57.853,3.24,WiFi_6
UE_009,0.00707,46.027,42.811,-32.26,0.00021224,22.754,1.67,1.84,8.1,2.4e-05,0.0,0.0,87.46,12.34,WiFi_6
UE_010,0.00432,28.313,24.432,-38.492,0.00018007,12.994,2.06,1.27,-3.04,1.4e-05,0.0,0.0,87.46,8.12,WiFi_6
UE_011,0.00828,37.611,35.147,-34.561,0.00015298,18.682,1.99,5.41,5.18,2.8e-05,0.0,0.0,87.46,11.68,WiFi_6
UE_012,0.00707,27.565,23.239,-41.928,5.331e-05,12.363,1.93,10.87,-3.13,2.4e-05,0.0,0.0,87.46,7.73,WiFi_6
UE_013,0.00707,32.318,28.197,-35.605,0.00029722,14.99,1.84,2.53,-9.56,2.4e-05,0.0,0.0,87.46,9.37,WiFi_6
UE_014,0.00707,25.501,22.352,-38.019,0.00018396,11.894,1.91,3.44,4.55,2.4e-05,0.0,0.0,87.46,7.43,WiFi_6
UE_015,0.00834,28.54,25.05,-38.526,0.00018244,13.322,1.52,4.45,-10.6,2.8e-05,0.0,0.0,87.46,8.33,WiFi_6
UE_016,0.00707,37.801,34.267,-34.462,9.11e-06,18.214,1.93,0.51,1.43,2.4e-05,0.0,0.0,87.46,11.38,WiFi_6
UE_017,0.02421,12.811,9.355,-45.619,0.0010934,5.225,1.91,1.02,-0.39,8.1e-05,0.0,0.0,58.064,3.27,WiFi_6
UE_018,0.00707,34.497,31.879,-36.053,6.532e-05,16.946,1.86,0.4,3.46,2.4e-05,0.0,0.0,87.46,10.59,WiFi_6
UE_019,0.02378,0.191,-1.141,-49.626,0.15003913,1.317,1.77,19.67,5.65,7.9e-05,0.0,0.0,26.577,0.82,WiFi_6
UE_000,0.0051,38.871,33.743,-34.881,0.00014381,17.936,1.72,10.77,-7.3,1.7e-05,0.0,0.0,87.46,11.21,WiFi_6
UE_001,0.01346,20.66,16.88,-41.626,0.00021078,9.019,1.91,1.02,14.0,4.5e-05,0.0,0.0,80.639,5.64,WiFi_6
UE_002,0.00667,43.867,40.318,-33.6,7.828e-05,21.429,1.67,2.82,-3.76,2.2e-05,0.0,0.0,87.46,12.34,WiFi_6
UE_003,0.01422,13.744,11.494,-44.086,0.00103856,6.267,2.17,4.06,-2.22,4.7e-05,0.0,0.0,64.482,3.92,WiFi_6
UE_004,0.00707,19.393,13.309,-42.655,0.0003381,7.179,1.92,2.74,12.9,2.4e-05,0.0,0.0,69.926,4.49,WiFi_6
UE_005,0.00707,33.142,28.555,-37.553,0.00019119,15.18,1.96,3.41,7.29,2.4e-05,0.0,0.0,87.46,9.49,WiFi_6
UE_006,0.00707,48.261,43.791,-31.453,0.00016802,23.275,2.01,0.07,-4.87,2.4e-05,0.0,0.0,87.46,12.34,WiFi_6
UE_007,0.00707,13.077,9.243,-45.185,0.00101333,5.172,1.74,12.98,13.68,2.4e-05,0.0,0.0,57.728,3.23,WiFi_6
UE_008,0.01444,27.91,24.859,-37.466,7.583e-05,13.22,1.81,1.04,-6.63,4.8e-05,0.0,0.0,87.46,8.26,WiFi_6
UE_009,0.00707,47.087,44.226,-31.508,7.825e-05,23.507,1.85,3.87,8.1,2.4e-05,0.0,0.0,87.46,12.34,WiFi_6
UE_010,0.00939,36.163,33.235,-35.102,0.00010456,17.666,1.5,5.04,-3.04,3.1e-05,0.0,0.0,87.46,11.04,WiFi_6
UE_011,0.00891,20.751,15.066,-42.221,0.00019112,8.078,2.03,0.06,5.18,3e-05,0.0,0.0,75.198,5.05,WiFi_6
UE_012,0.00707,24.602,22.045,-39.579,8.906e-05,11.732,2.25,5.29,-3.13,2.4e-05,0.0,0.0,87.46,7.33,WiFi_6
UE_013,0.00707,27.36,24.686,-37.762,7.855e-05,13.129,1.67,0.24,-9.56,2.4e-05,0.0,0.0,87.46,8.21,WiFi_6
UE_014,0.00707,35.283,32.046,-36.491,3.449e-05,17.034,1.96,3.0,4.55,2.4e-05,0.0,0.0,87.46,10.65,WiFi_6
UE_015,0.00973,34.786,30.872,-36.164,9.537e-05,16.41,1.69,1.49,-10.6,3.2e-05,0.0,0.0,87.46,10.26,WiFi_6
UE_016,0.00707,28.782,24.98,-38.534,4.339e-05,13.284,2.23,2.83,1.43,2.4e-05,0.0,0.0,87.46,8.3,WiFi_6
UE_017,0.02469,-4.496,-8.385,-52.669,0.15007448,0.313,1.89,11.56,-5.25,8.2e-05,0.0,0.0,15.26,0.2,WiFi_6
UE_018,0.00707,32.881,30.354,-36.178,9.54e-05,16.136,2.17,1.0,3.46,2.4e-05,0.0,0.0,87.46,10.08,WiFi_6
UE_019,0.01841,3.338,-1.783,-47.974,0.15014917,1.174,1.75,14.96,5.65,6.1e-05,0.0,0.0,24.65,0.73,WiFi_6
UE_000,0.00517,37.173,32.385,-34.106,3.843e-05,17.214,1.85,0.78,-7.3,1.7e-05,0.0,0.0,87.46,10.76,WiFi_6
UE_001,0.02062,22.986,18.686,-41.524,0.00028321,9.963,2.11,0.37,14.0,6.9e-05,0.0,0.0,86.057,6.23,WiFi_6
UE_002,0.0104,22.919,19.705,-41.306,0.00020807,10.498,2.12,3.18,-3.76,3.5e-05,0.0,0.0,87.46,6.56,WiFi_6
UE_003,0.01166,31.291,27.995,-37.499,2.811e-05,14.883,2.06,1.68,-2.22,3.9e-05,0.0,0.0,87.46,9.3,WiFi_6
UE_004,0.00707,9.239,6.797,-45.588,0.00104275,4.051,2.02,0.03,12.9,2.4e-05,0.0,0.0,50.392,2.53,WiFi_6
UE_005,0.00707,33.089,28.733,-38.926,4.311e-05,15.275,1.55,1.32,7.29,2.4e-05,0.0,0.0,87.46,9.55,WiFi_6
UE_006,0.00707,28.605,24.625,-39.437,8.88e-06,13.096,1.91,17.02,-4.87,2.4e-05,0.0,0.0,87.46,8.19,WiFi_6
UE_007,0.00707,5.909,2.435,-46.497,0.01022259,2.337,1.91,5.81,13.68,2.4e-05,0.0,0.0,37.306,1.46,WiFi_6
UE_008,0.00726,26.424,23.775,-39.666,4.999e-05,12.646,2.12,2.17,-6.63,2.4e-05,0.0,0.0,87.46,7.9,WiFi_6
UE_009,0.00707,24.7,20.285,-39.152,9.323e-05,10.803,1.78,2.59,8.1,2.4e-05,0.0,0.0,87.46,6.75,WiFi_6
UE_010,0.01277,19.066,14.308,-45.053,0.00012936,7.689,1.84,1.03,-3.04,4.3e-05,0.0,0.0,72.925,4.81,WiFi_6
UE_011,0.00956,29.198,28.15,-39.402,5.488e-05,14.965,1.7,2.29,5.18,3.2e-05,0.0,0.0,87.46,9.35,WiFi_6
UE_012,0.00707,30.164,24.019,-37.241,7.344e-05,12.775,1.78,1.31,-3.13,2.4e-05,0.0,0.0,87.46,7.98,WiFi_6
UE_013,0.00707,29.671,25.085,-39.149,3.738e-05,13.34,2.11,3.42,-9.56,2.4e-05,0.0,0.0,87.46,8.34,WiFi_6
UE_014,0.00707,51.598,48.955,-29.513,5.767e-05,26.02,2.03,7.01,4.55,2.4e-05,0.0,0.0,87.46,12.34,WiFi_6
UE_015,0.0112,14.646,10.765,-44.305,0.0010671,5.907,1.69,1.68,-10.6,3.7e-05,0.0,0.0,62.294,3.69,WiFi_6
UE_016,0.00707,41.493,39.819,-32.68,1.986e-05,21.164,1.75,0.34,1.43,2.4e-05,0.0,0.0,87.46,12.34,WiFi_6
UE_017,0.0199,23.407,18.47,-41.248,0.00018172,9.85,1.96,6.41,-5.25,6.6e-05,0.0,0.0,85.411,6.16,WiFi_6
UE_018,0.00707,16.941,14.117,-41.978,0.00015844,7.591,1.52,0.55,3.46,2.4e-05,0.0,0.0,72.352,4.74,WiFi_6
UE_019,0.01317,13.357,9.729,-44.224,0.00106005,5.404,1.72,2.18,5.65,4.4e-05,0.0,0.0,59.187,3.38,WiFi_6
UE_000,0.00527,44.642,41.143,-31.705,5.3e-05,21.868,1.73,3.21,-7.3,1.8e-05,0.0,0.0,87.46,12.34,WiFi_6
UE_001,0.0056,19.255,16.332,-41.972,0.00018548,8.734,2.07,1.39,14.0,1.9e-05,0.0,0.0,78.996,5.46,WiFi_6
UE_002,0.0147,13.211,11.289,-46.304,0.00108688,6.166,2.16,1.57,-3.76,4.9e-05,0.0,0.0,63.868,3.85,WiFi_6
UE_003,0.00922,43.014,42.732,-31.917,8.051e-05,22.712,1.66,2.27,-2.22,3.1e-05,0.0,0.0,87.46,12.34,WiFi_6
UE_004,0.00707,21.944,19.299,-40.911,0.00014696,10.285,1.78,1.17,12.9,2.4e-05,0.0,0.0,87.46,6.43,WiFi_6
UE_005,0.00707,20.668,17.259,-41.14,0.00031363,9.216,1.98,4.78,7.29,2.4e-05,0.0,0.0,81.778,5.76,WiFi_6
UE_006,0.00707,35.042,32.229,-37.113,2.353e-05,17.131,1.95,0.15,-4.87,2.4e-05,0.0,0.0,87.46,10.71,WiFi_6
UE_007,0.00707,24.977,22.037,-39.724,0.0001714,11.727,2.17,0.66,13.68,2.4e-05,0.0,0.0,87.46,7.33,WiFi_6
UE_008,0.00585,45.566,41.119,-30.4,2.91e-05,21.855,1.87,1.86,-6.63,1.9e-05,0.0,0.0,87.46,12.34,WiFi_6
UE_009,0.00707,28.788,26.024,-37.893,7.878e-05,13.838,2.23,1.96,8.1,2.4e-05,0.0,0.0,87.46,8.65,WiFi_6
UE_010,0.01634,12.246,9.474,-44.386,0.00103932,5.282,1.62,0.06,-3.04,5.4e-05,0.0,0.0,58.421,3.3,WiFi_6
UE_011,0.01023,1.908,-2.119,-47.89,0.15006301,1.105,2.0,17.12,5.18,3.4e-05,0.0,0.0,23.644,0.69,WiFi_6
UE_012,0.00707,12.963,9.345,-44.328,0.00110748,5.221,2.15,1.54,-3.13,2.4e-05,0.0,0.0,58.036,3.26,WiFi_6
UE_013,0.00707,6.026,1.098,-47.96,0.01006124,1.91,2.07,17.36,-9.56,2.4e-05,0.0,0.0,33.295,1.19,WiFi_6
UE_014,0.00707,28.055,24.331,-40.028,3.157e-05,12.941,1.71,3.27,-4.18,2.4e-05,0.0,0.0,87.46,8.09,WiFi_6
UE_015,0.01271,19.184,16.24,-42.254,0.00020602,8.686,1.56,6.6,-10.6,4.2e-05,0.0,0.0,78.72,5.43,WiFi_6
UE_016,0.00707,36.181,32.3,-37.274,1.922e-05,17.169,1.69,3.77,1.43,2.4e-05,0.0,0.0,87.46,10.73,WiFi_6
UE_017,0.01365,11.304,8.933,-45.599,0.00109908,5.026,2.22,4.43,-5.25,4.5e-05,0.0,0.0,56.799,3.14,WiFi_6
UE_018,0.00707,28.563,25.287,-36.232,1.548e-05,13.447,1.85,3.62,3.46,2.4e-05,0.0,0.0,87.46,8.4,WiFi_6
UE_019,0.00832,12.297,8.862,-45.13,0.00106358,4.992,2.07,3.62,-5.56,2.8e-05,0.0,0.0,56.586,3.12,WiFi_6
UE_000,0.00538,29.293,25.803,-37.266,1.356e-05,13.721,1.6,1.79,-7.3,1.8e-05,0.0,0.0,87.46,8.58,WiFi_6
UE_001,0.00707,25.33,23.092,-39.387,4.703e-05,12.285,1.95,3.7,14.0,2.4e-05,0.0,0.0,87.46,7.68,WiFi_6
UE_002,0.01919,16.42,13.289,-43.613,0.00019478,7.169,2.18,1.6,-3.76,6.4e-05,0.0,0.0,69.867,4.48,WiFi_6
UE_003,0.00705,27.044,24.712,-39.947,6.559e-05,13.143,1.87,3.3,-2.22,2.4e-05,0.0,0.0,87.46,8.21,WiFi_6
UE_004,0.00707,26.562,24.245,-40.96,0.00014343,12.895,1.92,0.17,12.9,2.4e-05,0.0,0.0,87.46,8.06,WiFi_6
UE_005,0.00707,41.798,40.105,-31.315,3.586e-05,21.316,1.51,7.28,7.29,2.4e-05,0.0,0.0,87.46,12.34,WiFi_6
UE_006,0.00707,34.014,31.133,-37.778,6.068e-05,16.549,1.84,1.4,-4.87,2.4e-05,0.0,0.0,87.46,10.34,WiFi_6
UE_007,0.00707,28.704,24.492,-37.859,0.00020744,13.026,1.97,2.28,13.68,2.4e-05,0.0,0.0,87.46,8.14,WiFi_6
UE_008,0.00707,31.315,27.803,-35.998,0.00014568,14.782,1.81,0.36,-6.63,2.4e-05,0.0,0.0,87.46,9.24,WiFi_6
UE_009,0.00707,26.57,22.307,-39.35,0.0001249,11.87,1.89,0.27,8.1,2.4e-05,0.0,0.0,87.46,7.42,WiFi_6
UE_010,0.01999,6.702,3.182,-47.69,0.01002308,2.597,2.17,13.47,-3.04,6.7e-05,0.0,0.0,39.546,1.62,WiFi_6
UE_011,0.01091,8.33,4.673,-45.843,0.01005858,3.161,1.98,8.79,5.18,3.6e-05,0.0,0.0,44.018,1.98,WiFi_6
UE_012,0.00707,27.89,25.815,-39.964,4.832e-05,13.727,1.75,3.48,-3.13,2.4e-05,0.0,0.0,87.46,8.58,WiFi_6
UE_013,0.00707,32.556,29.247,-37.017,0.00018031,15.548,1.64,1.7,-9.56,2.4e-05,0.0,0.0,87.46,9.72,WiFi_6
UE_014,0.00039,57.292,51.761,-25.749,7.237e-05,27.512,2.21,6.22,-4.18,1e-06,0.0,0.0,87.46,12.34,WiFi_6
UE_015,0.01426,13.635,9.981,-44.842,0.00107407,5.526,2.13,1.11,-10.6,4.8e-05,0.0,0.0,59.943,3.45,WiFi_6
UE_016,0.00707,39.942,36.74,-34.171,5.319e-05,19.528,1.66,3.83,1.43,2.4e-05,0.0,0.0,87.46,12.2,WiFi_6
UE_017,0.00791,22.217,16.451,-39.87,0.00018519,8.796,1.86,6.82,-5.25,2.6e-05,0.0,0.0,79.354,5.5,WiFi_6
UE_018,0.00707,30.189,27.313,-38.608,0.00018355,14.521,2.02,3.75,3.46,2.4e-05,0.0,0.0,87.46,9.08,WiFi_6
UE_019,0.00217,42.411,39.221,-32.229,6.093e-05,20.847,2.11,4.59,-5.56,7e-06,0.0,0.0,87.46,12.34,WiFi_6
UE_000,0.00551,28.629,26.499,-38.505,3.119e-05,14.09,1.75,0.68,-7.3,1.8e-05,0.0,0.0,87.46,8.81,WiFi_6
UE_001,0.00707,24.235,19.174,-40.535,0.00014254,10.219,2.11,1.42,14.0,2.4e-05,0.0,0.0,87.46,6.39,WiFi_6
UE_002,0.02376,26.831,25.341,-39.881,3.489e-05,13.475,1.7,0.2,-3.76,7.9e-05,0.0,0.0,87.46,8.42,WiFi_6
UE_003,0.00546,41.075,38.462,-33.798,7.242e-05,20.443,1.74,3.33,-2.22,1.8e-05,0.0,0.0,87.46,12.34,WiFi_6
UE_004,0.00707,26.278,22.563,-37.871,0.00020034,12.005,1.74,4.39,12.9,2.4e-05,0.0,0.0,87.46,7.5,WiFi_6
UE_005,0.00707,26.338,25.477,-38.496,1.361e-05,13.548,2.22,2.92,7.29,2.4e-05,0.0,0.0,87.46,8.47,WiFi_6
UE_006,0.00707,33.306,29.977,-35.015,5.497e-05,15.935,2.12,2.4,-4.87,2.4e-05,0.0,0.0,87.46,9.96,WiFi_6
UE_007,0.00707,38.025,36.882,-33.017,6.992e-05,19.603,2.04,1.18,13.68,2.4e-05,0.0,0.0,87.46,12.25,WiFi_6
UE_008,0.00707,24.821,22.191,-39.776,5.982e-05,11.809,2.14,1.38,-6.63,2.4e-05,0.0,0.0,87.46,7.38,WiFi_6
UE_009,0.00707,24.779,22.298,-40.353,2.946e-05,11.865,1.93,2.0,-12.88,2.4e-05,0.0,0.0,87.46,7.42,WiFi_6
UE_010,0.0237,9.74,6.631,-46.78,0.00107075,3.978,1.84,0.64,-3.04,7.9e-05,0.0,0.0,49.893,2.49,WiFi_6
UE_011,0.01161,13.791,11.631,-45.164,0.00103113,6.336,1.75,3.78,5.18,3.9e-05,0.0,0.0,64.894,3.96,WiFi_6
UE_012,0.00707,27.33,23.035,-39.513,8.56e-05,12.255,2.23,2.69,-3.13,2.4e-05,0.0,0.0,87.46,7.66,WiFi_6
UE_013,0.00707,20.757,17.576,-41.983,0.00015495,9.382,2.24,3.23,-9.56,2.4e-05,0.0,0.0,82.728,5.86,WiFi_6
UE_014,0.00783,30.04,26.298,-38.245,3.548e-05,13.983,1.97,0.57,-4.18,2.6e-05,0.0,0.0,87.46,8.74,WiFi_6
UE_015,0.01583,20.383,17.717,-40.58,0.00011401,9.455,1.76,0.31,-10.6,5.3e-05,0.0,0.0,83.15,5.91,WiFi_6
UE_016,0.00707,35.984,30.405,-36.369,0.00010538,16.163,1.59,1.57,1.43,2.4e-05,0.0,0.0,87.46,10.1,WiFi_6
UE_017,0.00502,28.866,26.411,-38.377,7.074e-05,14.043,2.25,4.65,-5.25,1.7e-05,0.0,0.0,87.46,8.78,WiFi_6
UE_018,0.00707,30.926,28.437,-37.383,7.182e-05,15.118,1.95,0.51,3.46,2.4e-05,0.0,0.0,87.46,9.45,WiFi_6
UE_019,0.01006,1.434,-2.027,-48.739,0.15010486,1.124,1.69,24.47,-5.56,3.4e-05,0.0,0.0,23.92,0.7,WiFi_6
UE_000,0.00566,42.503,39.269,-33.359,1.312e-05,20.872,2.13,3.81,-7.3,1.9e-05,0.0,0.0,87.46,12.34,WiFi_6
UE_001,0.00707,32.875,27.686,-36.685,0.00011421,14.719,1.55,0.14,14.0,2.4e-05,0.0,0.0,87.46,9.2,WiFi_6
UE_002,0.02263,22.284,17.25,-39.838,0.00011453,9.212,2.24,3.23,-3.76,7.5e-05,0.0,0.0,81.751,5.76,WiFi_6
UE_003,0.00503,33.317,28.435,-37.808,5.045e-05,15.117,1.67,0.56,-2.22,1.7e-05,0.0,0.0,87.46,9.45,WiFi_6
UE_004,0.00707,34.247,31.894,-36.244,0.00021759,16.953,1.76,3.9,12.9,2.4e-05,0.0,0.0,87.46,10.6,WiFi_6
UE_005,0.00707,35.146,32.19,-34.982,3.751e-05,17.111,1.96,1.89,7.29,2.4e-05,0.0,0.0,87.46,10.69,WiFi_6
UE_006,0.00707,36.278,33.304,-34.464,7.151e-05,17.702,1.82,0.82,-4.87,2.4e-05,0.0,0.0,87.46,11.06,WiFi_6
UE_007,0.00707,39.333,33.856,-35.446,3.62e-05,17.996,2.14,0.33,13.68,2.4e-05,0.0,0.0,87.46,11.25,WiFi_6
UE_008,0.00707,11.826,9.397,-47.551,0.00100156,5.246,1.94,1.7,-6.63,2.4e-05,0.0,0.0,58.191,3.28,WiFi_6
UE_009,0.01147,10.522,5.793,-46.501,0.01006521,3.619,1.75,23.32,-12.88,3.8e-05,0.0,0.0,47.378,2.26,WiFi_6
UE_010,0.02357,10.061,3.95,-46.628,0.01023175,2.88,2.07,24.22,-3.04,7.9e-05,0.0,0.0,41.849,1.8,WiFi_6
UE_011,0.01231,20.574,17.654,-40.598,0.00010171,9.423,2.11,4.17,5.18,4.1e-05,0.0,0.0,82.963,5.89,WiFi_6
UE_012,0.00707,39.751,35.114,-33.838,3.83e-05,18.664,1.86,7.83,-3.13,2.4e-05,0.0,0.0,87.46,11.66,WiFi_6
UE_013,0.00707,31.085,26.241,-37.553,0.00011785,13.953,2.09,0.51,-9.56,2.4e-05,0.0,0.0,87.46,8.72,WiFi_6
UE_014,0.01528,33.92,31.851,-36.743,7.036e-05,16.931,2.18,0.56,-4.18,5.1e-05,0.0,0.0,87.46,10.58,WiFi_6
UE_015,0.01743,22.022,18.473,-40.242,0.00014638,9.851,1.56,3.13,-10.6,5.8e-05,0.0,0.0,85.42,6.16,WiFi_6
UE_016,0.00707,25.232,23.266,-38.159,9.679e-05,12.377,2.1,3.14,1.43,2.4e-05,0.0,0.0,87.46,7.74,WiFi_6
UE_017,0.00707,32.131,28.018,-35.804,6.337e-05,14.895,1.81,2.23,-5.25,2.4e-05,0.0,0.0,87.46,9.31,WiFi_6
UE_018,0.00707,26.409,22.44,-40.44,1.2e-05,11.94,1.51,2.77,3.46,2.4e-05,0.0,0.0,87.46,7.46,WiFi_6
UE_019,0.01661,33.258,29.543,-36.37,0.0001371,15.705,2.16,12.83,-5.56,5.5e-05,0.0,0.0,87.46,9.82,WiFi_6
UE_000,0.00582,39.89,36.416,-34.487,9.903e-05,19.356,2.0,2.89,-7.3,1.9e-05,0.0,0.0,87.46,12.1,WiFi_6
UE_001,0.00707,16.3,11.513,-42.914,0.00104835,6.277,2.19,3.7,14.0,2.4e-05,0.0,0.0,64.538,3.92,WiFi_6
UE_002,0.01807,7.615,5.663,-46.771,0.01007786,3.564,2.1,12.01,-3.76,6e-05,0.0,0.0,46.989,2.23,WiFi_6
UE_003,0.00603,42.928,40.027,-31.311,0.0001641,21.275,2.23,1.41,-2.22,2e-05,0.0,0.0,87.46,12.34,WiFi_6
UE_004,0.00707,40.102,34.913,-32.638,0.00016239,18.557,1.75,1.81,9.55,2.4e-05,0.0,0.0,87.46,11.6,WiFi_6
UE_005,0.00707,35.542,33.003,-34.975,9.681e-05,17.542,1.66,0.46,7.29,2.4e-05,0.0,0.0,87.46,10.96,WiFi_6
UE_006,0.00707,37.647,33.036,-35.162,0.00013665,17.56,2.21,0.51,-4.87,2.4e-05,0.0,0.0,87.46,10.98,WiFi_6
UE_007,0.00707,16.998,15.283,-43.758,0.00016387,8.19,2.19,3.25,13.68,2.4e-05,0.0,0.0,75.849,5.12,WiFi_6
UE_008,0.00707,32.977,27.571,-36.562,3.108e-05,14.658,2.17,2.88,-6.63,2.4e-05,0.0,0.0,87.46,9.16,WiFi_6
UE_009,0.02522,18.555,14.451,-42.289,0.00023147,7.762,1.84,0.35,-12.88,8.4e-05,0.0,0.0,73.352,4.85,WiFi_6
UE_010,0.01987,29.685,24.711,-36.904,7.22e-06,13.142,1.95,1.72,-3.04,6.6e-05,0.0,0.0,87.46,8.21,WiFi_6
UE_011,0.01302,17.511,13.847,-41.336,0.00029099,7.453,1.95,0.91,5.18,4.3e-05,0.0,0.0,71.54,4.66,WiFi_6
UE_012,0.00707,21.819,19.437,-40.941,0.00015068,10.357,1.59,2.31,-3.13,2.4e-05,0.0,0.0,87.46,6.47,WiFi_6
UE_013,0.00707,31.171,27.935,-36.502,7.398e-05,14.851,2.27,1.81,-9.56,2.4e-05,0.0,0.0,87.46,9.28,WiFi_6
UE_014,0.02273,-0.418,-5.248,-49.169,0.15000432,0.603,2.12,17.24,-4.18,7.6e-05,0.0,0.0,15.26,0.38,WiFi_6
UE_015,0.01903,27.866,24.508,-39.476,0.00015455,13.034,1.51,2.96,-10.6,6.3e-05,0.0,0.0,87.46,8.15,WiFi_6
UE_016,0.00707,30.28,28.605,-38.755,9.32e-06,15.207,2.16,1.59,1.43,2.4e-05,0.0,0.0,87.46,9.5,WiFi_6
UE_017,0.00707,47.376,45.111,-31.489,0.0001145,23.977,1.83,3.79,-5.25,2.4e-05,0.0,0.0,87.46,12.34,WiFi_6
UE_018,0.00707,43.556,40.325,-33.142,2.165e-05,21.433,2.04,1.21,3.46,2.4e-05,0.0,0.0,87.46,12.34,WiFi_6
UE_019,0.02332,12.143,7.464,-44.515,0.0010291,4.348,1.51,0.78,-5.56,7.8e-05,0.0,0.0,52.392,2.72,WiFi_6
UE_000,0.006,21.92,16.596,-41.533,0.00011139,8.871,1.75,0.75,-7.3,2e-05,0.0,0.0,79.788,5.54,WiFi_6
UE_001,0.00707,48.332,45.28,-30.57,0.00018554,24.067,1.51,0.52,14.0,2.4e-05,0.0,0.0,87.46,12.34,WiFi_6
UE_002,0.01361,26.456,22.972,-38.545,7.306e-05,12.222,2.09,9.9,-3.76,4.5e-05,0.0,0.0,87.46,7.64,WiFi_6
UE_003,0.00707,13.115,8.485,-43.508,0.0011155,4.816,2.01,1.87,-2.22,2.4e-05,0.0,0.0,55.454,3.01,WiFi_6
UE_004,0.00885,20.547,15.88,-41.76,0.00021841,8.499,1.82,2.02,9.55,2.9e-05,0.0,0.0,77.639,5.31,WiFi_6
UE_005,0.00707,18.746,12.925,-42.049,0.00011893,6.985,2.07,4.55,7.29,2.4e-05,0.0,0.0,68.775,4.37,WiFi_6
UE_006,0.00707,39.163,36.383,-35.311,3.515e-05,19.338,2.21,6.39,-4.87,2.4e-05,0.0,0.0,87.46,12.09,WiFi_6
UE_007,0.00707,25.84,23.149,-39.563,0.00021876,12.315,1.74,0.49,13.68,2.4e-05,0.0,0.0,87.46,7.7,WiFi_6
UE_008,0.00707,39.265,35.0,-35.049,5.094e-05,18.604,1.52,3.63,-6.63,2.4e-05,0.0,0.0,87.46,11.63,WiFi_6
UE_009,0.01983,22.23,22.018,-41.514,8.089e-05,11.717,2.17,1.16,14.11,6.6e-05,0.0,0.0,87.46,7.32,WiFi_6
UE_010,0.01622,26.94,23.665,-38.705,6.642e-05,12.588,2.09,0.62,-3.04,5.4e-05,0.0,0.0,87.46,7.87,WiFi_6
UE_011,0.01374,16.303,15.049,-44.226,0.0001596,8.07,1.51,0.51,5.18,4.6e-05,0.0,0.0,75.147,5.04,WiFi_6
UE_012,0.00707,37.722,33.171,-34.245,8.321e-05,17.632,1.55,7.79,-3.13,2.4e-05,0.0,0.0,87.46,11.02,WiFi_6
UE_013,0.00707,41.028,37.044,-33.029,0.00019963,19.69,2.16,0.32,-9.56,2.4e-05,0.0,0.0,87.46,12.31,WiFi_6
UE_014,0.03018,24.609,21.166,-39.089,4.343e-05,11.267,2.12,0.56,-4.18,0.000101,0.0,0.0,87.46,7.04,WiFi_6
UE_015,0.02064,18.068,16.446,-44.291,0.00026519,8.793,2.01,4.46,-10.56,6.9e-05,0.0,0.0,79.338,5.5,WiFi_6
UE_016,0.00707,21.492,19.974,-41.623,0.00017394,10.64,1.57,0.75,1.43,2.4e-05,0.0,0.0,87.46,6.65,WiFi_6
UE_017,0.00707,7.745,6.542,-47.521,0.00128183,3.939,1.67,9.62,-5.25,2.4e-05,0.0,0.0,49.626,2.46,WiFi_6
UE_018,0.00707,36.747,34.39,-34.886,2.365e-05,18.28,1.56,1.09,3.46,2.4e-05,0.0,0.0,87.46,11.42,WiFi_6
UE_019,0.02088,11.343,9.486,-45.017,0.00118008,5.288,1.97,2.96,-5.56,7e-05,0.0,0.0,58.459,3.31,WiFi_6
UE_000,0.00619,23.811,21.182,-40.209,2.627e-05,11.276,2.01,4.88,-7.3,2.1e-05,0.0,0.0,87.46,7.05,WiFi_6
UE_001,0.00707,51.527,47.282,-29.427,0.00012915,25.131,1.9,0.85,14.0,2.4e-05,0.0,0.0,87.46,12.34,WiFi_6
UE_002,0.0094,37.996,33.74,-35.877,0.00012665,17.934,1.6,0.91,-3.76,3.1e-05,0.0,0.0,87.46,11.21,WiFi_6
UE_003,0.00707,16.122,14.945,-43.068,0.0001632,8.016,2.07,2.74,-2.22,2.4e-05,0.0,0.0,74.835,5.01,WiFi_6
UE_004,0.02022,7.848,3.735,-47.914,0.01000793,2.8,1.8,6.63,9.55,6.7e-05,0.0,0.0,41.206,1.75,WiFi_6
UE_005,0.00707,14.388,13.159,-44.331,0.00012645,7.103,1.99,14.22,7.29,2.4e-05,0.0,0.0,69.478,4.44,WiFi_6
UE_006,0.00707,23.159,20.526,-40.706,0.00015151,10.93,1.75,10.15,-4.87,2.4e-05,0.0,0.0,87.46,6.83,WiFi_6
UE_007,0.00707,31.341,27.109,-37.991,4.953e-05,14.413,1.64,3.84,13.68,2.4e-05,0.0,0.0,87.46,9.01,WiFi_6
UE_008,0.00707,26.651,23.658,-40.034,4.449e-05,12.584,2.26,1.89,-6.63,2.4e-05,0.0,0.0,87.46,7.87,WiFi_6
UE_009,0.03271,6.685,0.988,-46.301,0.01011453,1.877,1.59,14.5,14.11,0.000109,0.0,0.0,32.964,1.17,WiFi_6
UE_010,0.01265,48.324,46.588,-29.643,3.001e-05,24.762,2.19,1.21,-3.04,4.2e-05,0.0,0.0,87.46,12.34,WiFi_6
UE_011,0.01446,16.137,10.955,-42.547,0.00104033,6.001,1.85,1.19,5.18,4.8e-05,0.0,0.0,62.864,3.75,WiFi_6
UE_012,0.00707,33.454,29.22,-38.19,0.00011571,15.533,1.7,5.09,-3.13,2.4e-05,0.0,0.0,87.46,9.71,WiFi_6
UE_013,0.00707,32.801,29.381,-36.334,8.97e-05,15.619,2.24,10.27,-9.56,2.4e-05,0.0,0.0,87.46,9.76,WiFi_6
UE_014,0.03308,9.954,6.835,-46.146,0.00101842,4.068,2.14,2.1,-4.18,0.00011,0.0,0.0,50.506,2.54,WiFi_6
UE_015,0.01872,2.436,-0.27,-48.024,0.15000002,1.529,2.17,15.44,-10.56,6.2e-05,0.0,0.0,29.189,0.96,WiFi_6
UE_016,0.00707,46.369,41.112,-31.652,7.529e-05,21.851,2.25,2.1,1.43,2.4e-05,0.0,0.0,87.46,12.34,WiFi_6
UE_017,0.00707,10.912,7.072,-46.704,0.0010438,4.173,2.15,4.25,-5.25,2.4e-05,0.0,0.0,51.217,2.61,WiFi_6
UE_018,0.00707,31.865,28.642,-37.984,4.184e-05,15.226,2.07,4.43,3.46,2.4e-05,0.0,0.0,87.46,9.52,WiFi_6
UE_019,0.01424,28.767,24.385,-37.878,0.00016037,12.969,1.91,3.23,-5.56,4.7e-05,0.0,0.0,87.46,8.11,WiFi_6
UE_000,0.00639,36.667,33.211,-35.091,3.338e-05,17.653,2.23,2.95,-7.14,2.1e-05,0.0,0.0,87.46,11.03,WiFi_6
UE_001,0.00707,22.33,18.832,-40.758,0.00021214,10.039,2.02,4.6,14.0,2.4e-05,0.0,0.0,86.496,6.27,WiFi_6
UE_002,0.00596,19.093,17.972,-41.262,0.00018415,9.589,2.22,0.7,-3.76,2e-05,0.0,0.0,83.916,5.99,WiFi_6
UE_003,0.00707,15.319,11.083,-43.983,0.00113161,6.064,1.97,0.64,-2.22,2.4e-05,0.0,0.0,63.248,3.79,WiFi_6
UE_004,0.01879,17.608,15.025,-42.642,0.00018059,8.057,2.25,0.47,9.55,6.3e-05,0.0,0.0,75.074,5.04,WiFi_6
UE_005,0.00707,16.632,10.539,-42.617,0.00108562,5.797,2.25,10.31,7.29,2.4e-05,0.0,0.0,61.617,3.62,WiFi_6
UE_006,0.00707,30.855,26.931,-36.987,3.401e-05,14.319,2.06,6.22,-4.87,2.4e-05,0.0,0.0,87.46,8.95,WiFi_6
UE_007,0.00707,32.376,30.045,-37.318,0.00012293,15.971,1.93,1.65,13.68,2.4e-05,0.0,0.0,87.46,9.98,WiFi_6
UE_008,0.00707,14.576,10.167,-43.733,0.00101142,5.616,2.24,0.87,-6.63,2.4e-05,0.0,0.0,60.5,3.51,WiFi_6
UE_009,0.02621,15.502,12.299,-44.01,0.0001367,6.669,1.87,0.4,14.11,8.7e-05,0.0,0.0,66.896,4.17,WiFi_6
UE_010,0.00928,31.505,28.105,-36.476,1.398e-05,14.941,1.62,3.39,-3.04,3.1e-05,0.0,0.0,87.46,9.34,WiFi_6
UE_011,0.01519,-1.486,-3.205,-49.785,0.1500296,0.902,2.14,7.4,5.18,5.1e-05,0.0,0.0,20.384,0.56,WiFi_6
UE_012,0.00707,46.562,44.421,-31.263,0.00010399,23.61,1.81,7.1,-3.13,2.4e-05,0.0,0.0,87.46,12.34,WiFi_6
UE_013,0.00707,21.311,16.002,-41.31,0.00019965,8.562,1.62,3.12,-9.56,2.4e-05,0.0,0.0,78.005,5.35,WiFi_6
UE_014,0.02563,0.965,-1.406,-49.553,0.15000165,1.256,1.75,26.65,-4.18,8.5e-05,0.0,0.0,25.781,0.79,WiFi_6
UE_015,0.01682,26.535,23.312,-39.927,4.606e-05,12.401,1.98,11.2,-10.56,5.6e-05,0.0,0.0,87.46,7.75,WiFi_6
UE_016,0.00707,25.984,20.873,-39.035,0.00016315,11.113,2.13,0.18,1.43,2.4e-05,0.0,0.0,87.46,6.95,WiFi_6
UE_017,0.00707,16.837,12.828,-43.839,0.00016803,6.935,1.55,4.72,-5.25,2.4e-05,0.0,0.0,68.484,4.33,WiFi_6
UE_018,0.00707,21.535,17.638,-41.934,0.00012662,9.414,1.71,6.58,3.46,2.4e-05,0.0,0.0,82.915,5.88,WiFi_6
UE_019,0.00811,16.668,10.92,-42.378,0.00104758,5.984,1.7,3.78,-5.56,2.7e-05,0.0,0.0,62.761,3.74,WiFi_6
UE_000,0.00771,21.008,16.428,-41.955,0.00028948,8.784,2.17,2.07,-7.14,2.6e-05,0.0,0.0,79.284,5.49,WiFi_6
UE_001,0.00707,47.291,43.408,-29.901,0.00013736,23.072,1.67,2.59,14.0,2.4e-05,0.0,0.0,87.46,12.34,WiFi_6
UE_002,0.00521,24.93,20.109,-40.167,0.00022368,10.711,1.96,7.65,-3.76,1.7e-05,0.0,0.0,87.46,6.69,WiFi_6
UE_003,0.00707,23.116,19.619,-39.471,0.00012447,10.453,2.04,4.54,-2.22,2.4e-05,0.0,0.0,87.46,6.53,WiFi_6
UE_004,0.00767,44.685,40.859,-29.69,0.0001345,21.717,2.17,26.88,9.55,2.6e-05,0.0,0.0,87.46,12.34,WiFi_6
UE_005,0.00707,9.515,6.333,-48.411,0.00101302,3.849,2.2,5.03,7.29,2.4e-05,0.0,0.0,48.998,2.41,WiFi_6
UE_006,0.00707,30.813,27.552,-38.423,8.43e-06,14.648,2.14,3.44,-4.87,2.4e-05,0.0,0.0,87.46,9.15,WiFi_6
UE_007,0.00707,22.084,19.253,-41.652,0.00010059,10.26,2.05,2.88,13.68,2.4e-05,0.0,0.0,87.46,6.41,WiFi_6
UE_008,0.00707,14.429,10.786,-42.36,0.00100039,5.918,1.96,0.74,-6.63,2.4e-05,0.0,0.0,62.358,3.7,WiFi_6
UE_009,0.02233,11.107,7.056,-43.652,0.00105582,4.165,2.14,0.3,14.11,7.4e-05,0.0,0.0,51.167,2.6,WiFi_6
UE_010,0.00641,16.701,12.061,-43.033,0.00010379,6.55,1.79,0.18,-3.04,2.1e-05,0.0,0.0,66.184,4.09,WiFi_6
UE_011,0.01592,5.006,3.499,-47.507,0.01000006,2.712,1.96,25.07,5.18,5.3e-05,0.0,0.0,40.497,1.7,WiFi_6
UE_012,0.00707,41.196,38.335,-33.678,8.99e-05,20.376,1.59,5.05,-3.13,2.4e-05,0.0,0.0,87.46,12.34,WiFi_6
UE_013,0.00707,24.021,19.947,-41.351,0.00013654,10.625,2.05,3.15,-9.56,2.4e-05,0.0,0.0,87.46,6.64,WiFi_6
UE_014,0.01818,23.079,17.644,-40.584,0.00024626,9.417,1.53,1.97,-4.18,6.1e-05,0.0,0.0,82.932,5.89,WiFi_6
UE_015,0.01493,35.953,31.406,-34.476,0.00010464,16.694,1.94,1.33,-10.56,5e-05,0.0,0.0,87.46,10.43,WiFi_6
UE_016,0.00707,29.904,26.31,-39.044,9.719e-05,13.99,1.98,0.0,1.43,2.4e-05,0.0,0.0,87.46,8.74,WiFi_6
UE_017,0.00707,18.763,14.28,-42.799,0.00019097,7.674,1.67,3.25,-5.25,2.4e-05,0.0,0.0,72.839,4.8,WiFi_6
UE_018,0.00707,13.157,8.705,-44.95,0.00110941,4.919,1.58,0.31,3.46,2.4e-05,0.0,0.0,56.115,3.07,WiFi_6
UE_019,0.00503,38.044,33.824,-34.718,9.569e-05,17.979,2.15,5.69,-5.56,1.7e-05,0.0,0.0,87.46,11.24,WiFi_6
UE_000,0.00923,22.406,17.936,-41.501,0.00022362,9.57,2.25,0.69,-7.14,3.1e-05,0.0,0.0,83.808,5.98,WiFi_6
UE_001,0.00707,35.102,32.306,-35.034,0.00011575,17.172,1.75,0.44,14.0,2.4e-05,0.0,0.0,87.46,10.73,WiFi_6
UE_002,0.00707,17.105,13.729,-43.956,0.00024471,7.393,2.11,0.24,-3.76,2.4e-05,0.0,0.0,71.187,4.62,WiFi_6
UE_003,0.00707,28.381,24.226,-37.963,1.446e-05,12.885,2.07,1.27,-2.22,2.4e-05,0.0,0.0,87.46,8.05,WiFi_6
UE_004,0.00707,40.84,36.935,-34.619,3.152e-05,19.632,2.16,0.01,9.55,2.4e-05,0.0,0.0,87.46,12.27,WiFi_6
UE_005,0.00707,19.708,16.834,-42.331,0.00015511,8.995,2.12,1.19,7.29,2.4e-05,0.0,0.0,80.502,5.62,WiFi_6
UE_006,0.00707,19.717,14.463,-41.348,0.00011184,7.768,1.58,0.08,-4.87,2.4e-05,0.0,0.0,73.388,4.86,WiFi_6
UE_007,0.00707,28.43,26.434,-38.585,0.00013457,14.055,1.98,2.11,13.68,2.4e-05,0.0,0.0,87.46,8.78,WiFi_6
UE_008,0.00707,35.0,32.007,-37.638,0.00016599,17.014,2.16,1.15,-6.63,2.4e-05,0.0,0.0,87.46,10.63,WiFi_6
UE_009,0.01923,17.875,13.451,-43.351,0.00012019,7.251,2.19,0.38,14.11,6.4e-05,0.0,0.0,70.352,4.53,WiFi_6
UE_010,0.005,35.198,32.937,-36.535,8.08e-06,17.507,1.59,0.63,-3.04,1.7e-05,0.0,0.0,87.46,10.94,WiFi_6
UE_011,0.01666,16.978,12.652,-43.41,0.0002237,6.847,1.93,1.25,5.18,5.6e-05,0.0,0.0,67.956,4.28,WiFi_6
UE_012,0.00707,40.31,36.643,-33.331,1.902e-05,19.477,1.98,0.34,-3.13,2.4e-05,0.0,0.0,87.46,12.17,WiFi_6
UE_013,0.00707,19.773,17.539,-41.526,0.00014888,9.363,1.96,7.73,-9.56,2.4e-05,0.0,0.0,82.618,5.85,WiFi_6
UE_014,0.01074,33.472,29.192,-36.458,2.175e-05,15.519,1.61,4.17,-4.18,3.6e-05,0.0,0.0,87.46,9.7,WiFi_6
UE_015,0.01308,27.395,23.725,-40.636,5.332e-05,12.62,2.21,3.25,-10.56,4.4e-05,0.0,0.0,87.46,7.89,WiFi_6
UE_016,0.00707,27.481,23.279,-38.41,2.3e-05,12.384,2.18,0.53,1.43,2.4e-05,0.0,0.0,87.46,7.74,WiFi_6
UE_017,0.00707,34.039,30.168,-38.181,3.506e-05,16.037,1.75,1.31,-5.25,2.4e-05,0.0,0.0,87.46,10.02,WiFi_6
UE_018,0.00707,32.355,31.974,-36.298,0.00022549,16.996,1.62,1.43,3.46,2.4e-05,0.0,0.0,87.46,10.62,WiFi_6
UE_019,0.00707,36.903,31.262,-36.053,5.801e-05,16.618,2.14,2.44,-5.56,2.4e-05,0.0,0.0,87.46,10.39,WiFi_6
UE_000,0.01086,28.65,24.245,-37.841,1.661e-05,12.895,1.84,1.77,-7.14,3.6e-05,0.0,0.0,87.46,8.06,WiFi_6
UE_001,0.00707,26.991,23.667,-37.731,0.00014303,12.589,1.69,1.09,14.0,2.4e-05,0.0,0.0,87.46,7.87,WiFi_6
UE_002,0.00707,44.138,41.662,-31.373,0.0001162,22.144,1.92,2.46,-5.04,2.4e-05,0.0,0.0,87.46,12.34,WiFi_6
UE_003,0.00707,34.166,31.351,-35.723,3.394e-05,16.665,1.9,0.57,-2.22,2.4e-05,0.0,0.0,87.46,10.42,WiFi_6
UE_004,0.00707,20.111,16.259,-42.551,0.00013292,8.696,2.25,0.94,9.55,2.4e-05,0.0,0.0,78.777,5.43,WiFi_6
UE_005,0.00707,27.925,22.907,-39.181,4.976e-05,12.187,1.78,3.08,7.29,2.4e-05,0.0,0.0,87.46,7.62,WiFi_6
UE_006,0.00707,15.193,10.29,-43.695,0.00102851,5.676,2.19,4.6,-4.87,2.4e-05,0.0,0.0,60.869,3.55,WiFi_6
UE_007,0.00707,32.931,29.069,-36.376,2.765e-05,15.453,1.56,0.81,13.68,2.4e-05,0.0,0.0,87.46,9.66,WiFi_6
UE_008,0.00707,43.104,38.34,-32.364,0.0002293,20.378,2.26,0.16,-6.63,2.4e-05,0.0,0.0,87.46,12.34,WiFi_6
UE_009,0.01617,6.814,4.858,-47.812,0.01007746,3.235,1.57,36.19,14.11,5.4e-05,0.0,0.0,44.574,2.02,WiFi_6
UE_010,0.00615,19.822,17.691,-41.495,0.00020085,9.442,1.74,3.74,-3.04,2.1e-05,0.0,0.0,83.072,5.9,WiFi_6
UE_011,0.0174,8.514,6.152,-45.68,0.00111389,3.771,1.77,11.64,5.18,5.8e-05,0.0,0.0,48.456,2.36,WiFi_6
UE_012,0.00707,24.689,19.246,-41.392,0.0001161,10.257,1.67,0.07,-3.13,2.4e-05,0.0,0.0,87.46,6.41,WiFi_6
UE_013,0.00707,25.563,21.797,-39.861,5.654e-05,11.601,1.84,4.31,-9.56,2.4e-05,0.0,0.0,87.46,7.25,WiFi_6
UE_014,0.00334,37.514,32.552,-36.284,7.448e-05,17.303,1.63,2.12,-4.18,1.1e-05,0.0,0.0,87.46,10.81,WiFi_6
UE_015,0.01127,3.944,-1.479,-48.845,0.15004904,1.24,2.19,21.21,-10.56,3.8e-05,0.0,0.0,25.562,0.78,WiFi_6
UE_016,0.00707,32.369,27.06,-38.364,3.15e-06,14.387,1.55,3.96,1.43,2.4e-05,0.0,0.0,87.46,8.99,WiFi_6
UE_017,0.00707,29.459,26.207,-37.5,0.00019021,13.935,2.19,3.89,-5.25,2.4e-05,0.0,0.0,87.46,8.71,WiFi_6
UE_018,0.00707,10.726,4.691,-45.502,0.01004856,3.168,2.23,38.53,-9.7,2.4e-05,0.0,0.0,44.074,1.98,WiFi_6
UE_019,0.00707,32.239,28.948,-35.859,4.764e-05,15.389,2.04,1.57,-5.56,2.4e-05,0.0,0.0,87.46,9.62,WiFi_6
UE_000,0.01257,28.16,22.492,-39.127,9.767e-05,11.967,2.17,5.85,-7.14,4.2e-05,0.0,0.0,87.46,7.48,WiFi_6
UE_001,0.00707,34.487,29.209,-35.444,0.00012426,15.528,2.25,4.38,14.0,2.4e-05,0.0,0.0,87.46,9.7,WiFi_6
UE_002,0.00707,30.356,25.44,-38.917,0.00021912,13.528,1.54,7.63,-5.04,2.4e-05,0.0,0.0,87.46,8.46,WiFi_6
UE_003,0.00707,25.112,22.829,-41.54,0.00017581,12.146,2.25,10.1,-2.22,2.4e-05,0.0,0.0,87.46,7.59,WiFi_6
UE_004,0.00707,6.976,4.967,-46.25,0.01007577,3.279,1.62,11.62,9.55,2.4e-05,0.0,0.0,44.902,2.05,WiFi_6
UE_005,0.00707,42.783,38.939,-32.51,6.164e-05,20.697,1.52,4.06,7.29,2.4e-05,0.0,0.0,87.46,12.34,WiFi_6
UE_006,0.00707,20.524,16.966,-43.575,0.00018424,9.064,1.57,5.49,-4.87,2.4e-05,0.0,0.0,80.898,5.66,WiFi_6
UE_007,0.00707,14.137,10.973,-43.981,0.00116692,6.01,2.03,1.13,13.68,2.4e-05,0.0,0.0,62.92,3.76,WiFi_6
UE_008,0.00707,22.88,19.142,-42.334,0.00012407,10.202,1.61,1.24,-6.63,2.4e-05,0.0,0.0,87.427,6.38,WiFi_6
UE_009,0.01317,21.892,18.881,-40.7,0.00010274,10.065,1.64,1.51,14.11,4.4e-05,0.0,0.0,86.643,6.29,WiFi_6
UE_010,0.00707,38.787,35.373,-34.971,2.617e-05,18.802,1.64,5.89,-3.04,2.4e-05,0.0,0.0,87.46,11.75,WiFi_6
UE_011,0.01814,13.335,10.475,-42.409,0.00101607,5.766,2.0,2.58,5.18,6e-05,0.0,0.0,61.426,3.6,WiFi_6
UE_012,0.00707,22.776,18.465,-39.745,0.0001549,9.847,1.9,4.63,-3.13,2.4e-05,0.0,0.0,85.395,6.15,WiFi_6
UE_013,0.00707,16.177,12.897,-43.162,0.00023249,6.97,1.79,3.39,-9.25,2.4e-05,0.0,0.0,68.691,4.36,WiFi_6
UE_014,0.00424,17.557,15.141,-42.496,0.00016982,8.117,1.75,6.82,-4.18,1.4e-05,0.0,0.0,75.424,5.07,WiFi_6
UE_015,0.00953,21.427,17.476,-40.509,0.00020679,9.329,2.16,1.25,-10.56,3.2e-05,0.0,0.0,82.427,5.83,WiFi_6
UE_016,0.00707,28.857,24.829,-38.551,4.88e-06,13.204,1.88,4.07,1.43,2.4e-05,0.0,0.0,87.46,8.25,WiFi_6
UE_017,0.00707,22.743,19.527,-40.596,0.00028344,10.404,2.03,4.51,-5.25,2.4e-05,0.0,0.0,87.46,6.5,WiFi_6
UE_018,0.0087,43.004,39.911,-32.207,0.00015638,21.213,2.19,0.04,-9.7,2.9e-05,0.0,0.0,87.46,12.34,WiFi_6
UE_019,0.00707,31.629,29.023,-36.94,0.00029462,15.429,2.13,1.61,-5.56,2.4e-05,0.0,0.0,87.46,9.64,WiFi_6
UE_000,0.01432,3.701,1.464,-48.902,0.01002948,2.022,1.91,37.57,-7.14,4.8e-05,0.0,0.0,34.391,1.26,WiFi_6
UE_001,0.00707,21.666,17.312,-42.011,0.0002217,9.244,1.58,1.39,14.0,2.4e-05,0.0,0.0,81.936,5.78,WiFi_6
UE_002,0.00707,20.463,18.699,-40.115,0.00015634,9.97,2.19,4.51,-5.04,2.4e-05,0.0,0.0,86.097,6.23,WiFi_6
UE_003,0.00707,26.046,23.129,-39.514,0.00018801,12.304,1.97,1.26,-2.22,2.4e-05,0.0,0.0,87.46,7.69,WiFi_6
UE_004,0.00707,37.501,32.811,-37.299,1.798e-05,17.441,1.92,2.3,9.55,2.4e-05,0.0,0.0,87.46,10.9,WiFi_6
UE_005,0.00707,45.759,40.331,-31.177,2.316e-05,21.436,2.01,2.32,7.29,2.4e-05,0.0,0.0,87.46,12.34,WiFi_6
UE_006,0.00707,57.216,53.672,-27.136,2.063e-05,28.527,1.68,1.38,-4.87,2.4e-05,0.0,0.0,87.46,12.34,WiFi_6
UE_007,0.00707,28.755,24.552,-38.751,6.174e-05,13.058,1.53,1.76,13.68,2.4e-05,0.0,0.0,87.46,8.16,WiFi_6
UE_008,0.00707,20.379,15.7,-42.287,0.00010525,8.406,2.2,3.71,-6.63,2.4e-05,0.0,0.0,77.101,5.25,WiFi_6
UE_009,0.01029,15.279,14.004,-45.065,0.00012831,7.533,1.9,0.75,14.11,3.4e-05,0.0,0.0,72.011,4.71,WiFi_6
UE_010,0.00707,35.604,29.366,-35.719,7.935e-05,15.611,1.93,0.64,-3.04,2.4e-05,0.0,0.0,87.46,9.76,WiFi_6
UE_011,0.01888,13.393,8.766,-45.638,0.00120459,4.947,1.92,1.49,5.18,6.3e-05,0.0,0.0,56.299,3.09,WiFi_6
UE_012,0.00707,44.785,42.765,-32.447,2.297e-05,22.73,2.09,1.23,-3.13,2.4e-05,0.0,0.0,87.46,12.34,WiFi_6
UE_013,0.00707,14.485,12.149,-43.157,0.00013301,6.594,1.84,0.99,-9.25,2.4e-05,0.0,0.0,66.447,4.12,WiFi_6
UE_014,0.00707,34.396,31.847,-37.813,0.00016555,16.928,1.75,0.31,-4.18,2.4e-05,0.0,0.0,87.46,10.58,WiFi_6
UE_015,0.00791,41.268,37.22,-33.871,8.741e-05,19.783,2.26,0.4,-10.56,2.6e-05,0.0,0.0,87.46,12.34,WiFi_6
UE_016,0.00707,26.615,21.584,-40.967,7.95e-06,11.488,1.91,8.08,1.43,2.4e-05,0.0,0.0,87.46,7.18,WiFi_6
UE_017,0.00707,39.37,33.037,-33.823,2.928e-05,17.56,2.08,7.38,6.17,2.4e-05,0.0,0.0,87.46,10.98,WiFi_6
UE_018,0.01988,4.489,-0.373,-48.441,0.15012158,1.503,2.07,23.17,-9.7,6.6e-05,0.0,0.0,28.88,0.94,WiFi_6
UE_019,0.00707,43.249,41.741,-32.529,1.437e-05,22.186,1.91,10.47,-2.34,2.4e-05,0.0,0.0,87.46,12.34,WiFi_6
UE_000,0.0161,6.63,3.755,-45.643,0.01008449,2.807,2.07,22.82,-7.14,5.4e-05,0.0,0.0,41.265,1.75,WiFi_6
UE_001,0.00707,25.427,21.849,-39.104,3.138e-05,11.628,1.53,3.47,14.0,2.4e-05,0.0,0.0,87.46,7.27,WiFi_6
UE_002,0.00707,46.817,40.846,-30.385,8.86e-05,21.71,2.19,2.8,-5.04,2.4e-05,0.0,0.0,87.46,12.34,WiFi_6
UE_003,0.00707,29.112,24.765,-36.925,2.653e-05,13.17,1.88,0.72,-2.22,2.4e-05,0.0,0.0,87.46,8.23,WiFi_6
UE_004,0.00707,13.711,11.313,-44.498,0.00106485,6.178,2.21,1.97,9.55,2.4e-05,0.0,0.0,63.939,3.86,WiFi_6
UE_005,0.00707,27.157,25.772,-40.058,1.77e-05,13.704,1.72,0.64,7.29,2.4e-05,0.0,0.0,87.46,8.56,WiFi_6
UE_006,0.00707,31.148,28.555,-37.232,4.765e-05,15.181,2.14,2.73,-4.87,2.4e-05,0.0,0.0,87.46,9.49,WiFi_6
UE_007,0.00707,26.545,21.97,-37.438,5.47e-06,11.692,1.79,0.22,13.68,2.4e-05,0.0,0.0,87.46,7.31,WiFi_6
UE_008,0.00707,38.893,37.642,-35.276,3.35e-05,20.007,1.96,0.48,-6.63,2.4e-05,0.0,0.0,87.46,12.34,WiFi_6
UE_009,0.00766,35.856,30.196,-35.935,8.362e-05,16.052,1.83,3.87,14.11,2.6e-05,0.0,0.0,87.46,10.03,WiFi_6
UE_010,0.00707,19.107,15.402,-41.936,0.00010159,8.252,2.22,5.62,-3.04,2.4e-05,0.0,0.0,76.205,5.16,WiFi_6
UE_011,0.01963,7.093,3.617,-46.891,0.01013404,2.756,1.51,33.0,5.18,6.5e-05,0.0,0.0,40.852,1.72,WiFi_6
UE_012,0.00707,34.177,29.126,-35.586,9.403e-05,15.484,1.88,2.02,-3.13,2.4e-05,0.0,0.0,87.46,9.68,WiFi_6
UE_013,0.00707,19.655,17.232,-41.918,0.00013871,9.202,1.53,5.37,-9.25,2.4e-05,0.0,0.0,81.697,5.75,WiFi_6
UE_014,0.00707,31.209,28.098,-36.7,8.315e-05,14.938,1.67,0.51,-4.18,2.4e-05,0.0,0.0,87.46,9.34,WiFi_6
UE_015,0.00649,35.914,31.448,-34.698,0.00011049,16.717,2.11,0.69,-10.56,2.2e-05,0.0,0.0,87.46,10.45,WiFi_6
UE_016,0.00707,19.89,16.221,-41.262,0.0001279,8.676,2.23,1.44,1.43,2.4e-05,0.0,0.0,78.663,5.42,WiFi_6
UE_017,0.00569,16.498,13.991,-43.445,0.00011656,7.527,2.04,4.11,6.17,1.9e-05,0.0,0.0,71.974,4.7,WiFi_6
UE_018,0.01929,16.372,12.353,-42.535,0.00016518,6.696,1.94,4.8,-9.7,6.4e-05,0.0,0.0,67.06,4.19,WiFi_6
UE_019,0.00609,33.297,31.645,-35.809,6.171e-05,16.821,2.18,0.62,-2.34,2e-05,0.0,0.0,87.46,10.51,WiFi_6
UE_000,0.01791,27.348,23.102,-37.862,0.00011311,12.29,1.88,3.17,-7.14,6e-05,0.0,0.0,87.46,7.68,WiFi_6
UE_001,0.00707,39.494,35.901,-34.186,8.94e-05,19.083,1.58,1.57,14.0,2.4e-05,0.0,0.0,87.46,11.93,WiFi_6
UE_002,0.00707,42.737,40.555,-33.167,0.00010276,21.556,2.09,0.77,-5.04,2.4e-05,0.0,0.0,87.46,12.34,WiFi_6
UE_003,0.00707,29.04,25.453,-39.929,0.00028841,13.535,1.79,3.51,-2.22,2.4e-05,0.0,0.0,87.46,8.46,WiFi_6
UE_004,0.00707,30.071,27.466,-38.42,7.931e-05,14.603,1.53,1.98,9.55,2.4e-05,0.0,0.0,87.46,9.13,WiFi_6
UE_005,0.00707,41.024,37.513,-31.646,3.772e-05,19.939,2.06,1.79,7.29,2.4e-05,0.0,0.0,87.46,12.34,WiFi_6
UE_006,0.00707,28.759,25.707,-37.103,0.00016551,13.669,2.23,2.98,5.09,2.4e-05,0.0,0.0,87.46,8.54,WiFi_6
UE_007,0.00707,40.993,37.54,-33.325,2.697e-05,19.953,2.19,6.07,13.68,2.4e-05,0.0,0.0,87.46,12.34,WiFi_6
UE_008,0.00707,23.029,21.818,-42.09,4.38e-05,11.612,1.72,1.68,-6.63,2.4e-05,0.0,0.0,87.46,7.26,WiFi_6
UE_009,0.00564,32.543,30.545,-37.46,6.968e-05,16.237,1.76,2.87,14.11,1.9e-05,0.0,0.0,87.46,10.15,WiFi_6
UE_010,0.00707,57.362,52.963,-25.889,3.22e-05,28.151,1.55,1.44,-3.04,2.4e-05,0.0,0.0,87.46,12.34,WiFi_6
UE_011,0.02038,7.496,4.113,-47.893,0.01006568,2.943,1.62,23.6,5.18,6.8e-05,0.0,0.0,42.339,1.84,WiFi_6
UE_012,0.00707,21.595,18.604,-40.756,0.00024756,9.92,1.82,3.46,-3.13,2.4e-05,0.0,0.0,85.812,6.2,WiFi_6
UE_013,0.00707,36.892,32.311,-35.004,6.96e-06,17.175,2.06,1.67,-9.25,2.4e-05,0.0,0.0,87.46,10.73,WiFi_6
UE_014,0.00707,38.559,33.819,-34.478,7.978e-05,17.976,1.58,1.2,-4.18,2.4e-05,0.0,0.0,87.46,11.24,WiFi_6
UE_015,0.00545,36.61,33.556,-35.162,0.000145,17.837,1.54,0.98,-10.56,1.8e-05,0.0,0.0,87.46,11.15,WiFi_6
UE_016,0.00707,43.312,40.664,-31.756,0.00010693,21.613,1.67,0.41,1.43,2.4e-05,0.0,0.0,87.46,12.34,WiFi_6
UE_017,0.01156,14.205,12.668,-44.583,0.00042994,6.855,1.52,1.72,6.17,3.9e-05,0.0,0.0,68.005,4.28,WiFi_6
UE_018,0.00821,30.571,23.277,-35.847,2.96e-05,12.383,2.0,3.73,-9.7,2.7e-05,0.0,0.0,87.46,7.74,WiFi_6
UE_019,0.01297,22.698,17.745,-40.278,0.00032205,9.47,2.2,1.81,-2.34,4.3e-05,0.0,0.0,83.234,5.92,WiFi_6
UE_000,0.01973,16.436,13.257,-43.125,0.00015738,7.153,1.77,10.62,-7.14,6.6e-05,0.0,0.0,69.772,4.47,WiFi_6
UE_001,0.00707,29.607,26.274,-37.876,5.61e-06,13.97,2.19,1.62,14.0,2.4e-05,0.0,0.0,87.46,8.73,WiFi_6
UE_002,0.00707,31.577,27.428,-38.714,0.00010928,14.582,1.72,3.76,-5.04,2.4e-05,0.0,0.0,87.46,9.11,WiFi_6
UE_003,0.00707,40.466,34.265,-35.145,0.00016324,18.213,2.18,0.32,-2.22,2.4e-05,0.0,0.0,87.46,11.38,WiFi_6
UE_004,0.00707,37.783,35.782,-34.707,0.00018589,19.019,1.73,1.48,9.55,2.4e-05,0.0,0.0,87.46,11.89,WiFi_6
UE_005,0.00707,36.705,32.364,-36.089,2.425e-05,17.203,2.26,2.91,-6.83,2.4e-05,0.0,0.0,87.46,10.75,WiFi_6
UE_006,0.00518,7.367,5.748,-47.795,0.01001274,3.6,2.23,19.32,5.09,1.7e-05,0.0,0.0,47.243,2.25,WiFi_6
UE_007,0.00707,18.505,16.011,-42.569,0.00020249,8.567,2.23,2.06,13.68,2.4e-05,0.0,0.0,78.034,5.35,WiFi_6
UE_008,0.00707,31.266,27.674,-36.888,7.601e-05,14.713,1.81,0.68,-6.63,2.4e-05,0.0,0.0,87.46,9.2,WiFi_6
UE_009,0.00503,39.985,38.137,-31.479,3.688e-05,20.271,2.05,0.85,14.11,1.7e-05,0.0,0.0,87.46,12.34,WiFi_6
UE_010,0.00707,15.611,12.93,-43.707,0.00012157,6.987,1.98,2.03,-3.04,2.4e-05,0.0,0.0,68.79,4.37,WiFi_6
UE_011,0.02113,8.652,4.651,-48.469,0.0100432,3.152,2.11,17.74,5.18,7e-05,0.0,0.0,43.954,1.97,WiFi_6
UE_012,0.00707,23.325,20.374,-43.18,4.87e-06,10.85,1.58,8.36,-3.13,2.4e-05,0.0,0.0,87.46,6.78,WiFi_6
UE_013,0.00707,57.424,53.706,-28.21,8.619e-05,28.545,2.24,1.18,-9.25,2.4e-05,0.0,0.0,87.46,12.34,WiFi_6
UE_014,0.00707,30.877,29.204,-38.195,7.887e-05,15.525,1.67,2.35,-4.18,2.4e-05,0.0,0.0,87.46,9.7,WiFi_6
UE_015,0.005,36.651,31.429,-36.436,3.711e-05,16.706,2.22,6.58,-10.56,1.7e-05,0.0,0.0,87.46,10.44,WiFi_6
UE_016,0.00707,32.251,30.368,-36.595,3.958e-05,16.143,1.66,3.62,1.43,2.4e-05,0.0,0.0,87.46,10.09,WiFi_6
UE_017,0.01881,26.709,22.313,-41.07,2.411e-05,11.873,2.07,4.77,6.17,6.3e-05,0.0,0.0,87.46,7.42,WiFi_6
UE_018,0.00707,30.731,26.924,-36.961,9.108e-05,14.315,1.94,1.34,-9.7,2.4e-05,0.0,0.0,87.46,8.95,WiFi_6
UE_019,0.02105,1.907,-0.72,-47.75,0.15008732,1.417,1.86,34.51,-2.34,7e-05,0.0,0.0,27.841,0.89,WiFi_6
UE_000,0.02156,19.776,16.163,-43.703,0.00014448,8.646,2.22,0.57,-7.14,7.2e-05,0.0,0.0,78.488,5.4,WiFi_6
UE_001,0.00707,23.301,18.457,-41.413,0.0001011,9.843,1.53,8.78,14.0,2.4e-05,0.0,0.0,85.372,6.15,WiFi_6
UE_002,0.00707,26.23,24.867,-39.137,0.00011793,13.225,1.51,2.26,-5.04,2.4e-05,0.0,0.0,87.46,8.27,WiFi_6
UE_003,0.00707,23.456,20.705,-41.238,3.037e-05,11.024,1.57,0.37,-2.22,2.4e-05,0.0,0.0,87.46,6.89,WiFi_6
UE_004,0.00707,39.377,37.689,-33.547,2.266e-05,20.033,1.62,1.14,9.55,2.4e-05,0.0,0.0,87.46,12.34,WiFi_6
UE_005,0.00357,43.684,40.388,-32.664,8.456e-05,21.467,2.2,1.16,-6.83,1.2e-05,0.0,0.0,87.46,12.34,WiFi_6
UE_006,0.00921,23.347,20.318,-40.501,0.00014943,10.82,2.04,0.32,5.09,3.1e-05,0.0,0.0,87.46,6.76,WiFi_6
UE_007,0.00707,39.739,36.723,-35.243,6.639e-05,19.519,1.62,6.15,13.68,2.4e-05,0.0,0.0,87.46,12.2,WiFi_6
UE_008,0.00707,34.715,32.172,-35.103,0.00018534,17.101,1.91,3.97,-6.63,2.4e-05,0.0,0.0,87.46,10.69,WiFi_6
UE_009,0.00627,32.915,28.573,-35.927,8.342e-05,15.19,1.98,0.82,14.11,2.1e-05,0.0,0.0,87.46,9.49,WiFi_6
UE_010,0.00707,25.935,22.516,-38.796,9.817e-05,11.981,2.2,5.02,-3.04,2.4e-05,0.0,0.0,87.46,7.49,WiFi_6
UE_011,0.02188,14.141,8.858,-44.187,0.00108493,4.99,2.2,11.46,5.18,7.3e-05,0.0,0.0,56.573,3.12,WiFi_6
UE_012,0.00707,34.477,33.338,-37.98,3.041e-05,17.721,1.79,0.53,-3.13,2.4e-05,0.0,0.0,87.46,11.08,WiFi_6
UE_013,0.00707,55.213,49.516,-27.289,4.03e-06,26.318,1.95,2.78,-9.25,2.4e-05,0.0,0.0,87.46,12.34,WiFi_6
UE_014,0.00707,40.262,35.747,-34.12,9.98e-05,19.0,1.95,2.09,-4.18,2.4e-05,0.0,0.0,87.46,11.88,WiFi_6
UE_015,0.00532,47.327,42.517,-30.453,2.997e-05,22.598,2.23,0.54,-10.56,1.8e-05,0.0,0.0,87.46,12.34,WiFi_6
UE_016,0.00707,30.743,25.407,-36.924,0.0001436,13.511,2.18,3.57,1.43,2.4e-05,0.0,0.0,87.46,8.44,WiFi_6
UE_017,0.02466,8.269,3.837,-45.617,0.01001458,2.838,2.02,36.17,6.17,8.2e-05,0.0,0.0,41.512,1.77,WiFi_6
UE_018,0.00707,16.369,14.143,-43.574,0.000186,7.605,1.99,6.62,-9.7,2.4e-05,0.0,0.0,72.43,4.75,WiFi_6
UE_019,0.02166,8.408,5.234,-47.816,0.01012708,3.387,2.26,21.82,-2.34,7.2e-05,0.0,0.0,45.703,2.12,WiFi_6
UE_000,0.0234,6.245,3.907,-48.167,0.01007318,2.865,1.63,33.94,-7.14,7.8e-05,0.0,0.0,41.722,1.79,WiFi_6
UE_001,0.00707,31.656,27.316,-37.627,1.93e-05,14.523,2.2,2.04,14.0,2.4e-05,0.0,0.0,87.46,9.08,WiFi_6
UE_002,0.00707,33.168,30.808,-37.991,2.276e-05,16.377,1.68,3.93,-2.77,2.4e-05,0.0,0.0,87.46,10.24,WiFi_6
UE_003,0.00707,36.626,30.567,-35.58,0.00021075,16.249,1.76,4.02,-2.22,2.4e-05,0.0,0.0,87.46,10.16,WiFi_6
UE_004,0.00707,28.262,25.645,-39.142,9.17e-06,13.637,1.56,0.44,9.55,2.4e-05,0.0,0.0,87.46,8.52,WiFi_6
UE_005,0.0134,33.177,27.271,-36.459,4.567e-05,14.499,2.21,10.75,-6.83,4.5e-05,0.0,0.0,87.46,9.06,WiFi_6
UE_006,0.01496,34.194,31.603,-37.528,0.00011633,16.799,2.2,1.19,-4.58,5e-05,0.0,0.0,87.46,10.5,WiFi_6
UE_007,0.00707,29.592,27.52,-39.21,3.519e-05,14.631,1.71,0.07,13.68,2.4e-05,0.0,0.0,87.46,9.14,WiFi_6
UE_008,0.00707,34.893,30.266,-36.357,2.417e-05,16.089,2.16,3.86,-6.63,2.4e-05,0.0,0.0,87.46,10.06,WiFi_6
UE_009,0.00707,37.904,33.6,-34.512,0.00012925,17.86,1.6,0.81,14.11,2.4e-05,0.0,0.0,87.46,11.16,WiFi_6
UE_010,0.00707,27.325,22.908,-40.094,0.00010272,12.188,1.88,0.19,-3.04,2.4e-05,0.0,0.0,87.46,7.62,WiFi_6
UE_011,0.02264,20.719,16.783,-41.638,0.00024055,8.968,1.57,7.23,5.18,7.5e-05,0.0,0.0,80.35,5.61,WiFi_6
UE_012,0.00707,46.839,44.002,-31.794,4.128e-05,23.387,2.19,7.32,-3.13,2.4e-05,0.0,0.0,87.46,12.34,WiFi_6
UE_013,0.00707,38.035,37.204,-33.219,4.773e-05,19.774,1.64,4.45,8.14,2.4e-05,0.0,0.0,87.46,12.34,WiFi_6
UE_014,0.00707,21.559,17.942,-40.442,0.0002382,9.573,2.1,1.61,-4.18,2.4e-05,0.0,0.0,83.826,5.98,WiFi_6
UE_015,0.00628,46.21,43.844,-31.622,0.00012077,23.304,2.07,3.52,-10.56,2.1e-05,0.0,0.0,87.46,12.34,WiFi_6
UE_016,0.00707,20.717,19.938,-42.013,0.00021784,10.621,1.95,4.63,1.43,2.4e-05,0.0,0.0,87.46,6.64,WiFi_6
UE_017,0.01718,7.457,2.819,-48.639,0.01000452,2.469,1.75,27.61,6.17,5.7e-05,0.0,0.0,38.457,1.54,WiFi_6
UE_018,0.00707,44.147,40.159,-32.336,7.689e-05,21.345,1.65,2.08,-9.7,2.4e-05,0.0,0.0,87.46,12.34,WiFi_6
UE_019,0.01355,15.839,14.143,-44.288,0.00025696,7.605,2.05,3.0,-2.34,4.5e-05,0.0,0.0,72.43,4.75,WiFi_6
UE_000,0.02524,29.941,27.29,-37.443,1.363e-05,14.509,1.68,0.64,-7.14,8.4e-05,0.0,0.0,87.46,9.07,WiFi_6
UE_001,0.00707,41.34,36.46,-34.408,3.335e-05,19.38,1.65,6.42,12.91,2.4e-05,0.0,0.0,87.46,12.11,WiFi_6
UE_002,0.0056,19.681,15.748,-41.384,0.00010714,8.431,1.97,5.33,-2.77,1.9e-05,0.0,0.0,77.245,5.27,WiFi_6
UE_003,0.00707,17.224,13.023,-41.155,0.00024881,7.034,1.96,1.21,-2.22,2.4e-05,0.0,0.0,69.07,4.4,WiFi_6
UE_004,0.00707,38.952,36.324,-33.043,0.00010124,19.307,1.5,9.19,9.55,2.4e-05,0.0,0.0,87.46,12.07,WiFi_6
UE_005,0.02347,16.329,14.063,-44.681,0.00014114,7.563,2.18,3.57,-6.83,7.8e-05,0.0,0.0,72.189,4.73,WiFi_6
UE_006,0.00865,31.275,26.817,-38.722,0.00011038,14.258,2.04,0.15,-4.58,2.9e-05,0.0,0.0,87.46,8.91,WiFi_6
UE_007,0.00707,36.576,32.93,-36.09,5.654e-05,17.504,2.08,4.47,13.68,2.4e-05,0.0,0.0,87.46,10.94,WiFi_6
UE_008,0.00707,24.315,19.813,-40.302,0.00023066,10.555,1.96,3.49,-6.63,2.4e-05,0.0,0.0,87.46,6.6,WiFi_6
UE_009,0.00707,11.565,9.315,-44.347,0.00100168,5.207,1.67,0.24,14.11,2.4e-05,0.0,0.0,57.945,3.25,WiFi_6
UE_010,0.00707,43.3,39.844,-32.861,0.00013692,21.178,1.91,2.85,-3.04,2.4e-05,0.0,0.0,87.46,12.34,WiFi_6
UE_011,0.02339,11.494,7.695,-44.842,0.00101426,4.453,2.08,3.37,5.18,7.8e-05,0.0,0.0,53.086,2.78,WiFi_6
UE_012,0.00707,37.131,34.889,-35.492,0.00017269,18.545,2.2,4.94,-3.13,2.4e-05,0.0,0.0,87.46,11.59,WiFi_6
UE_013,0.00765,21.931,19.541,-42.195,0.00013033,10.412,2.09,6.14,8.14,2.6e-05,0.0,0.0,87.46,6.51,WiFi_6
UE_014,0.00707,27.436,22.763,-39.028,4.871e-05,12.111,2.02,0.8,-4.18,2.4e-05,0.0,0.0,87.46,7.57,WiFi_6
UE_015,0.00707,37.155,32.412,-35.005,5.605e-05,17.229,1.97,3.08,-10.56,2.4e-05,0.0,0.0,87.46,10.77,WiFi_6
UE_016,0.00707,29.615,28.303,-38.002,0.00013948,15.047,2.15,0.33,1.43,2.4e-05,0.0,0.0,87.46,9.4,WiFi_6
UE_017,0.01006,17.076,12.034,-44.345,0.00010415,6.537,1.79,6.07,6.17,3.4e-05,0.0,0.0,66.103,4.09,WiFi_6
UE_018,0.00707,25.045,21.397,-39.022,0.0001684,11.39,2.27,0.64,-9.7,2.4e-05,0.0,0.0,87.46,7.12,WiFi_6
UE_019,0.00647,27.431,23.699,-39.456,0.00010787,12.606,2.03,4.21,-2.34,2.2e-05,0.0,0.0,87.46,7.88,WiFi_6
UE_000,0.0239,5.09,1.812,-47.634,0.01009823,2.131,2.11,37.14,-7.14,8e-05,0.0,0.0,35.435,1.33,WiFi_6
UE_001,0.00628,29.92,27.634,-39.488,4.172e-05,14.692,1.61,0.22,12.91,2.1e-05,0.0,0.0,87.46,9.18,WiFi_6
UE_002,0.01122,24.369,19.539,-41.108,0.00021795,10.411,2.17,5.27,-2.77,3.7e-05,0.0,0.0,87.46,6.51,WiFi_6
UE_003,0.00707,38.57,34.541,-35.618,0.00010067,18.36,1.99,4.72,-2.22,2.4e-05,0.0,0.0,87.46,11.47,WiFi_6
UE_004,0.00707,43.798,41.076,-34.054,1.62e-05,21.832,2.13,4.95,9.55,2.4e-05,0.0,0.0,87.46,12.34,WiFi_6
UE_005,0.02662,6.225,2.067,-46.366,0.01004178,2.214,1.64,8.22,-6.83,8.9e-05,0.0,0.0,36.201,1.38,WiFi_6
UE_006,0.00275,50.269,45.539,-30.552,1.873e-05,24.204,1.65,8.88,-4.58,9e-06,0.0,0.0,87.46,12.34,WiFi_6
UE_007,0.00707,30.125,29.964,-37.883,7.18e-06,15.928,2.24,2.22,13.68,2.4e-05,0.0,0.0,87.46,9.96,WiFi_6
UE_008,0.00707,30.614,27.121,-38.277,0.00021399,14.419,1.97,1.19,-6.63,2.4e-05,0.0,0.0,87.46,9.01,WiFi_6
UE_009,0.00707,22.802,17.604,-41.573,0.00018793,9.396,1.62,0.92,14.11,2.4e-05,0.0,0.0,82.812,5.87,WiFi_6
UE_010,0.00707,24.917,21.406,-39.777,7.531e-05,11.394,1.58,0.77,-3.04,2.4e-05,0.0,0.0,87.46,7.12,WiFi_6
UE_011,0.02415,0.744,-3.046,-49.994,0.15004704,0.93,1.72,13.0,5.18,8e-05,0.0,0.0,20.862,0.58,WiFi_6
UE_012,0.00707,22.939,19.407,-40.17,0.00015652,10.341,1.51,2.19,-3.13,2.4e-05,0.0,0.0,87.46,6.46,WiFi_6
UE_013,0.02237,19.545,17.146,-41.696,0.00017991,9.158,1.74,2.33,8.14,7.5e-05,0.0,0.0,81.439,5.72,WiFi_6
UE_014,0.00707,24.334,22.773,-40.594,1.205e-05,12.116,1.6,2.82,-4.18,2.4e-05,0.0,0.0,87.46,7.57,WiFi_6
UE_015,0.00707,27.273,25.563,-38.895,0.0001487,13.593,2.03,5.37,-10.56,2.4e-05,0.0,0.0,87.46,8.5,WiFi_6
UE_016,0.00707,29.653,23.922,-37.436,0.00010044,12.724,1.55,0.41,1.43,2.4e-05,0.0,0.0,87.46,7.95,WiFi_6
UE_017,0.0051,36.437,33.855,-37.83,2.59e-06,17.995,2.23,6.87,6.17,1.7e-05,0.0,0.0,87.46,11.25,WiFi_6
UE_018,0.00707,38.987,34.111,-34.07,4.988e-05,18.131,2.19,2.72,-9.7,2.4e-05,0.0,0.0,87.46,11.33,WiFi_6
UE_019,0.00664,43.879,40.727,-31.229,7.047e-05,21.647,1.94,1.33,-2.34,2.2e-05,0.0,0.0,87.46,12.34,WiFi_6
UE_000,0.02205,22.146,18.562,-40.667,0.00010517,9.898,2.24,11.93,-7.14,7.4e-05,0.0,0.0,85.687,6.19,WiFi_6
UE_001,0.01355,15.687,9.052,-45.697,0.00111768,5.082,1.68,0.36,12.91,4.5e-05,0.0,0.0,57.156,3.18,WiFi_6
UE_002,0.01827,19.738,15.961,-43.013,0.00023166,8.541,1.69,0.95,-2.77,6.1e-05,0.0,0.0,77.882,5.34,WiFi_6
UE_003,0.00707,26.987,24.209,-39.332,0.00011547,12.876,2.18,5.25,-2.22,2.4e-05,0.0,0.0,87.46,8.05,WiFi_6
UE_004,0.00707,44.842,40.491,-31.684,5.427e-05,21.521,1.56,8.24,9.55,2.4e-05,0.0,0.0,87.46,12.34,WiFi_6
UE_005,0.02517,5.025,0.327,-48.848,0.01002761,1.689,2.23,29.75,-6.83,8.4e-05,0.0,0.0,30.982,1.06,WiFi_6
UE_006,0.00469,26.882,22.155,-41.184,0.00017533,11.79,2.11,2.44,-4.58,1.6e-05,0.0,0.0,87.46,7.37,WiFi_6
UE_007,0.00707,23.734,20.892,-39.583,5.605e-05,11.123,2.1,2.5,13.68,2.4e-05,0.0,0.0,87.46,6.95,WiFi_6
UE_008,0.00707,41.032,36.089,-32.268,0.00015032,19.182,1.75,0.79,-6.63,2.4e-05,0.0,0.0,87.46,11.99,WiFi_6
UE_009,0.00707,31.346,28.443,-36.792,4.309e-05,15.121,2.1,0.11,14.11,2.4e-05,0.0,0.0,87.46,9.45,WiFi_6
UE_010,0.00707,40.42,35.298,-32.667,2.959e-05,18.762,1.97,2.93,-3.04,2.4e-05,0.0,0.0,87.46,11.73,WiFi_6
UE_011,0.02491,10.59,9.307,-45.65,0.00102411,5.203,2.21,1.64,5.18,8.3e-05,0.0,0.0,57.921,3.25,WiFi_6
UE_012,0.00707,26.113,21.773,-37.856,6.39e-05,11.588,2.07,1.62,-3.13,2.4e-05,0.0,0.0,87.46,7.24,WiFi_6
UE_013,0.03365,-5.741,-9.497,-52.265,0.15024769,0.246,2.11,19.38,8.14,0.000112,0.0,0.0,15.26,0.15,WiFi_6
UE_014,0.00707,42.402,40.036,-33.362,7.169e-05,21.28,1.66,1.56,-4.18,2.4e-05,0.0,0.0,87.46,12.34,WiFi_6
UE_015,0.00707,29.342,26.651,-37.487,9.71e-06,14.17,2.09,2.3,-10.56,2.4e-05,0.0,0.0,87.46,8.86,WiFi_6
UE_016,0.00707,37.185,32.877,-35.303,8.069e-05,17.476,2.26,1.9,1.43,2.4e-05,0.0,0.0,87.46,10.92,WiFi_6
UE_017,0.00707,29.723,27.139,-39.658,8.427e-05,14.429,1.96,5.39,6.17,2.4e-05,0.0,0.0,87.46,9.02,WiFi_6
UE_018,0.00707,37.356,31.733,-34.108,0.00012218,16.868,1.85,0.74,-9.7,2.4e-05,0.0,0.0,87.46,10.54,WiFi_6
UE_019,0.00707,25.456,22.366,-39.788,0.00011901,11.901,1.63,7.65,-2.34,2.4e-05,0.0,0.0,87.46,7.44,WiFi_6
UE_000,0.02022,8.103,6.873,-45.324,0.00114608,4.084,2.17,0.48,-7.14,6.7e-05,0.0,0.0,50.618,2.55,WiFi_6
UE_001,0.02197,35.432,33.858,-34.73,0.00026817,17.997,2.14,0.41,12.91,7.3e-05,0.0,0.0,87.46,11.25,WiFi_6
UE_002,0.0254,20.276,16.209,-41.397,0.00013041,8.67,2.0,1.98,-2.77,8.5e-05,0.0,0.0,78.628,5.42,WiFi_6
UE_003,0.00707,34.972,30.145,-36.209,2.632e-05,16.025,2.09,0.16,-2.22,2.4e-05,0.0,0.0,87.46,10.02,WiFi_6
UE_004,0.00707,21.72,17.752,-39.541,0.00024316,9.474,1.94,0.67,9.55,2.4e-05,0.0,0.0,83.257,5.92,WiFi_6
UE_005,0.02294,9.449,4.847,-44.968,0.01000606,3.23,2.05,21.89,-6.83,7.6e-05,0.0,0.0,44.54,2.02,WiFi_6
UE_006,0.00813,39.649,35.922,-33.356,7.029e-05,19.094,1.9,0.78,-4.58,2.7e-05,0.0,0.0,87.46,11.93,WiFi_6
UE_007,0.00707,31.247,28.285,-37.853,8.05e-06,15.037,1.78,2.77,13.68,2.4e-05,0.0,0.0,87.46,9.4,WiFi_6
UE_008,0.00707,36.857,31.896,-35.999,2.97e-06,16.954,2.08,2.0,-6.63,2.4e-05,0.0,0.0,87.46,10.6,WiFi_6
UE_009,0.00707,6.951,4.179,-48.317,0.01005079,2.968,1.82,31.85,14.11,2.4e-05,0.0,0.0,42.538,1.86,WiFi_6
UE_010,0.00707,25.745,20.497,-39.192,0.00010505,10.915,2.13,15.57,-3.04,2.4e-05,0.0,0.0,87.46,6.82,WiFi_6
UE_011,0.02533,6.698,4.039,-49.009,0.01008115,2.914,2.17,12.73,5.18,8.4e-05,0.0,0.0,42.117,1.82,WiFi_6
UE_012,0.00707,35.37,31.668,-36.341,3.689e-05,16.833,1.54,4.35,-3.13,2.4e-05,0.0,0.0,87.46,10.52,WiFi_6
UE_013,0.01896,21.124,17.848,-41.557,0.00017356,9.524,1.53,0.85,8.14,6.3e-05,0.0,0.0,83.545,5.95,WiFi_6
UE_014,0.00707,46.028,42.901,-31.944,0.00013765,22.802,1.61,3.27,-4.18,2.4e-05,0.0,0.0,87.46,12.34,WiFi_6
UE_015,0.00707,34.128,29.323,-36.903,1.882e-05,15.588,2.02,10.03,-10.56,2.4e-05,0.0,0.0,87.46,9.74,WiFi_6
UE_016,0.00707,31.959,29.554,-36.532,6.676e-05,15.711,2.05,0.1,0.66,2.4e-05,0.0,0.0,87.46,9.82,WiFi_6
UE_017,0.00707,38.89,39.523,-34.365,5.872e-05,21.007,1.95,1.58,6.17,2.4e-05,0.0,0.0,87.46,12.34,WiFi_6
UE_018,0.00707,24.395,22.316,-40.898,3.122e-05,11.875,1.77,0.43,-9.7,2.4e-05,0.0,0.0,87.46,7.42,WiFi_6
UE_019,0.00707,21.022,17.695,-40.3,0.00029018,9.444,2.14,3.42,-2.34,2.4e-05,0.0,0.0,83.085,5.9,WiFi_6
UE_000,0.0184,29.683,24.669,-36.988,0.00010073,13.12,2.2,0.53,-7.14,6.1e-05,0.0,0.0,87.46,8.2,WiFi_6
UE_001,0.02044,18.371,15.406,-42.506,0.00015913,8.254,1.79,4.58,12.91,6.8e-05,0.0,0.0,76.219,5.16,WiFi_6
UE_002,0.01809,20.468,18.267,-40.99,0.00015547,9.743,1.7,0.76,-2.77,6e-05,0.0,0.0,84.8,6.09,WiFi_6
UE_003,0.00707,41.616,37.759,-32.354,1.341e-05,20.07,2.0,1.27,-2.22,2.4e-05,0.0,0.0,87.46,12.34,WiFi_6
UE_004,0.00707,24.607,20.455,-37.221,0.00012833,10.893,2.0,5.92,9.55,2.4e-05,0.0,0.0,87.46,6.81,WiFi_6
UE_005,0.0179,4.29,1.571,-48.423,0.01025674,2.055,1.59,18.17,-6.83,6e-05,0.0,0.0,34.714,1.28,WiFi_6
UE_006,0.01053,30.854,29.105,-36.095,8.402e-05,15.472,1.94,0.05,-4.58,3.5e-05,0.0,0.0,87.46,9.67,WiFi_6
UE_007,0.00707,18.472,14.182,-43.92,0.00024034,7.624,2.18,2.08,13.68,2.4e-05,0.0,0.0,72.547,4.77,WiFi_6
UE_008,0.00707,30.483,27.854,-38.754,2.642e-05,14.808,2.0,1.04,-6.63,2.4e-05,0.0,0.0,87.46,9.26,WiFi_6
UE_009,0.00707,32.855,30.579,-37.027,0.00033972,16.255,1.52,6.47,14.11,2.4e-05,0.0,0.0,87.46,10.16,WiFi_6
UE_010,0.00707,19.68,17.919,-42.482,0.00010832,9.561,2.23,8.02,3.23,2.4e-05,0.0,0.0,83.756,5.98,WiFi_6
UE_011,0.02457,9.236,6.331,-47.32,0.00102789,3.848,1.8,1.49,5.18,8.2e-05,0.0,0.0,48.993,2.41,WiFi_6
UE_012,0.00707,32.98,29.745,-38.009,0.00013467,15.812,1.96,0.16,-3.13,2.4e-05,0.0,0.0,87.46,9.88,WiFi_6
UE_013,0.0045,27.831,23.028,-37.944,0.00015127,12.251,1.69,3.11,8.14,1.5e-05,0.0,0.0,87.46,7.66,WiFi_6
UE_014,0.00707,42.361,37.27,-32.206,6.119e-05,19.81,1.98,0.45,-4.18,2.4e-05,0.0,0.0,87.46,12.34,WiFi_6
UE_015,0.00707,45.702,40.825,-31.194,7.544e-05,21.699,1.73,2.32,-10.56,2.4e-05,0.0,0.0,87.46,12.34,WiFi_6
UE_016,0.00707,25.957,20.047,-39.726,0.00010417,10.678,1.57,2.93,0.66,2.4e-05,0.0,0.0,87.46,6.67,WiFi_6
UE_017,0.00707,25.958,23.185,-38.047,0.00016624,12.334,1.83,1.02,6.17,2.4e-05,0.0,0.0,87.46,7.71,WiFi_6
UE_018,0.00707,33.831,31.162,-37.368,3.291e-05,16.565,2.0,1.56,-9.7,2.4e-05,0.0,0.0,87.46,10.35,WiFi_6
UE_019,0.00707,36.8,29.639,-37.014,3.467e-05,15.756,1.73,2.22,-2.34,2.4e-05,0.0,0.0,87.46,9.85,WiFi_6
UE_000,0.01659,37.327,35.064,-34.895,0.00012715,18.638,1.99,1.21,-7.14,5.5e-05,0.0,0.0,87.46,11.65,WiFi_6
UE_001,0.0121,37.083,31.635,-34.281,3.042e-05,16.816,2.22,1.2,12.91,4e-05,0.0,0.0,87.46,10.51,WiFi_6
UE_002,0.01106,19.983,17.534,-42.288,0.0002499,9.36,1.68,2.27,-2.77,3.7e-05,0.0,0.0,82.603,5.85,WiFi_6
UE_003,0.00707,19.516,16.348,-42.614,0.00025967,8.742,1.71,2.18,-2.22,2.4e-05,0.0,0.0,79.044,5.46,WiFi_6
UE_004,0.00707,30.447,25.836,-38.042,9.174e-05,13.738,1.62,4.9,-12.65,2.4e-05,0.0,0.0,87.46,8.59,WiFi_6
UE_005,0.01286,2.911,-0.337,-48.497,0.15001171,1.512,1.53,19.7,-6.83,4.3e-05,0.0,0.0,28.989,0.95,WiFi_6
UE_006,0.01311,21.499,17.119,-40.758,0.00010032,9.143,1.94,2.11,-4.58,4.4e-05,0.0,0.0,81.358,5.71,WiFi_6
UE_007,0.00707,53.002,47.453,-28.382,0.00020535,25.222,2.05,1.81,12.63,2.4e-05,0.0,0.0,87.46,12.34,WiFi_6
UE_008,0.00707,29.123,26.724,-36.932,5.42e-05,14.209,1.71,9.43,-6.63,2.4e-05,0.0,0.0,87.46,8.88,WiFi_6
UE_009,0.00707,40.129,35.485,-34.68,0.00024314,18.861,2.12,6.77,14.11,2.4e-05,0.0,0.0,87.46,11.79,WiFi_6
UE_010,0.00257,59.697,55.584,-26.08,0.00017098,29.543,2.14,0.53,3.23,9e-06,0.0,0.0,87.46,12.34,WiFi_6
UE_011,0.02381,-1.991,-5.302,-50.507,0.15011418,0.597,1.68,33.85,5.18,7.9e-05,0.0,0.0,15.26,0.37,WiFi_6
UE_012,0.00707,26.375,23.053,-37.815,2.068e-05,12.264,2.13,1.34,-5.54,2.4e-05,0.0,0.0,87.46,7.67,WiFi_6
UE_013,0.00707,28.687,25.809,-38.28,8.466e-05,13.724,1.79,0.37,8.14,2.4e-05,0.0,0.0,87.46,8.58,WiFi_6
UE_014,0.00707,38.35,33.265,-34.353,1.585e-05,17.682,1.99,6.74,-4.18,2.4e-05,0.0,0.0,87.46,11.05,WiFi_6
UE_015,0.00707,14.026,11.905,-44.383,0.00111132,6.472,1.86,4.55,-10.56,2.4e-05,0.0,0.0,65.716,4.05,WiFi_6
UE_016,0.00707,29.065,26.301,-39.918,9.774e-05,13.984,2.02,3.83,0.66,2.4e-05,0.0,0.0,87.46,8.74,WiFi_6
UE_017,0.00707,8.913,4.26,-45.84,0.01024215,2.999,1.78,19.68,6.17,2.4e-05,0.0,0.0,42.779,1.87,WiFi_6
UE_018,0.00707,29.962,25.185,-38.341,0.00021848,13.393,1.78,5.06,-9.7,2.4e-05,0.0,0.0,87.46,8.37,WiFi_6
UE_019,0.00707,3.654,-2.691,-48.119,0.15007985,0.994,1.63,6.45,-2.34,2.4e-05,0.0,0.0,21.928,0.62,WiFi_6
UE_000,0.0148,26.095,23.458,-41.019,1.714e-05,12.479,1.76,7.77,-7.14,4.9e-05,0.0,0.0,87.46,7.8,WiFi_6
UE_001,0.00547,4.747,2.497,-47.446,0.01016069,2.358,2.12,9.74,12.91,1.8e-05,0.0,0.0,37.49,1.47,WiFi_6
UE_002,0.00552,33.626,29.171,-37.516,6.78e-05,15.507,1.81,1.56,-2.77,1.8e-05,0.0,0.0,87.46,9.69,WiFi_6
UE_003,0.00707,42.202,35.938,-32.641,0.00014869,19.102,1.92,0.12,-2.22,2.4e-05,0.0,0.0,87.46,11.94,WiFi_6
UE_004,0.01093,17.765,16.443,-42.718,0.00025066,8.792,2.22,0.76,-12.65,3.6e-05,0.0,0.0,79.33,5.49,WiFi_6
UE_005,0.00816,25.24,19.572,-40.108,0.00017159,10.428,2.03,2.17,-6.83,2.7e-05,0.0,0.0,87.46,6.52,WiFi_6
UE_006,0.01579,13.798,11.357,-45.601,0.00109523,6.199,2.06,1.78,-4.58,5.3e-05,0.0,0.0,64.07,3.87,WiFi_6
UE_007,0.00525,20.072,15.178,-41.939,0.00020876,8.136,1.9,3.23,12.63,1.7e-05,0.0,0.0,75.535,5.09,WiFi_6
UE_008,0.00707,38.36,34.737,-34.838,4.58e-06,18.464,2.08,1.18,-6.63,2.4e-05,0.0,0.0,87.46,11.54,WiFi_6
UE_009,0.00707,33.969,31.707,-35.396,0.0001477,16.854,2.0,4.3,14.11,2.4e-05,0.0,0.0,87.46,10.53,WiFi_6
UE_010,0.01025,7.332,2.65,-46.842,0.01001784,2.41,1.65,5.02,3.23,3.4e-05,0.0,0.0,37.95,1.51,WiFi_6
UE_011,0.02306,-4.197,-8.942,-52.663,0.15005213,0.277,1.88,36.14,5.18,7.7e-05,0.0,0.0,15.26,0.17,WiFi_6
UE_012,0.00707,33.679,31.203,-35.817,5.891e-05,16.587,1.81,0.34,-5.54,2.4e-05,0.0,0.0,87.46,10.37,WiFi_6
UE_013,0.00707,20.3,14.853,-42.15,0.00012529,7.969,2.23,2.38,8.14,2.4e-05,0.0,0.0,74.558,4.98,WiFi_6
UE_014,0.00707,26.615,24.95,-40.189,0.0001933,13.269,1.59,0.36,-4.18,2.4e-05,0.0,0.0,87.46,8.29,WiFi_6
UE_015,0.00707,1.058,-1.235,-48.46,0.15009637,1.295,1.7,37.33,-10.56,2.4e-05,0.0,0.0,26.296,0.81,WiFi_6
UE_016,0.00707,44.287,40.612,-32.139,3.4e-05,21.586,1.51,0.81,0.66,2.4e-05,0.0,0.0,87.46,12.34,WiFi_6
UE_017,0.00707,28.084,24.69,-38.992,9.332e-05,13.131,1.66,0.12,6.17,2.4e-05,0.0,0.0,87.46,8.21,WiFi_6
UE_018,0.00707,10.982,8.041,-44.211,0.00108602,4.61,1.99,0.06,-9.7,2.4e-05,0.0,0.0,54.122,2.88,WiFi_6
UE_019,0.00707,22.714,18.449,-39.804,0.00014964,9.838,1.52,4.19,-2.34,2.4e-05,0.0,0.0,85.347,6.15,WiFi_6
UE_000,0.01304,20.197,18.455,-42.826,0.00019328,9.842,1.86,14.89,-7.14,4.3e-05,0.0,0.0,85.365,6.15,WiFi_6
UE_001,0.00707,24.733,19.831,-39.751,0.00032897,10.564,1.83,10.58,12.91,2.4e-05,0.0,0.0,87.46,6.6,WiFi_6
UE_002,0.00707,29.981,25.27,-39.134,0.00012526,13.438,2.03,5.79,-2.77,2.4e-05,0.0,0.0,87.46,8.4,WiFi_6
UE_003,0.00707,26.082,23.98,-38.317,9.546e-05,12.755,1.88,1.98,-2.22,2.4e-05,0.0,0.0,87.46,7.97,WiFi_6
UE_004,0.0248,15.465,15.049,-43.462,0.00012137,8.07,1.57,1.04,-12.65,8.3e-05,0.0,0.0,75.147,5.04,WiFi_6
UE_005,0.00511,31.132,26.978,-37.842,5.606e-05,14.344,1.57,0.9,-6.83,1.7e-05,0.0,0.0,87.46,8.96,WiFi_6
UE_006,0.01851,16.763,13.513,-43.108,0.0002282,7.283,2.26,3.32,-4.58,6.2e-05,0.0,0.0,70.538,4.55,WiFi_6
UE_007,0.0096,1.087,-3.547,-49.614,0.15005054,0.845,1.67,18.96,-5.02,3.2e-05,0.0,0.0,19.36,0.53,WiFi_6
UE_008,0.00707,18.047,13.378,-43.25,0.00029003,7.214,2.22,1.68,5.91,2.4e-05,0.0,0.0,70.135,4.51,WiFi_6
UE_009,0.00707,21.321,20.328,-41.246,0.00013615,10.826,1.71,8.82,14.11,2.4e-05,0.0,0.0,87.46,6.77,WiFi_6
UE_010,0.01858,4.559,-0.411,-46.994,0.15003668,1.493,1.54,24.91,3.23,6.2e-05,0.0,0.0,28.768,0.93,WiFi_6
UE_011,0.0223,10.091,6.109,-46.718,0.00103718,3.753,1.85,8.64,5.18,7.4e-05,0.0,0.0,48.326,2.35,WiFi_6
UE_012,0.00707,22.269,18.448,-42.617,0.00011332,9.838,1.76,5.62,-5.54,2.4e-05,0.0,0.0,85.345,6.15,WiFi_6
UE_013,0.00707,35.608,31.906,-37.285,5.692e-05,16.96,1.56,3.51,8.14,2.4e-05,0.0,0.0,87.46,10.6,WiFi_6
UE_014,0.00707,25.616,23.124,-40.568,6.199e-05,12.302,2.1,2.13,-4.18,2.4e-05,0.0,0.0,87.46,7.69,WiFi_6
UE_015,0.00707,27.339,22.301,-38.262,0.0001012,11.867,1.53,2.59,-10.56,2.4e-05,0.0,0.0,87.46,7.42,WiFi_6
UE_016,0.00707,29.531,25.455,-36.787,6.377e-05,13.536,1.95,9.42,0.66,2.4e-05,0.0,0.0,87.46,8.46,WiFi_6
UE_017,0.00707,20.193,16.438,-41.624,0.00024557,8.789,2.04,1.88,6.17,2.4e-05,0.0,0.0,79.313,5.49,WiFi_6
UE_018,0.00707,20.818,20.488,-41.61,5.606e-05,10.91,1.6,5.62,-9.7,2.4e-05,0.0,0.0,87.46,6.82,WiFi_6
UE_019,0.00707,25.568,20.022,-41.553,2.48e-05,10.665,1.84,1.43,-2.34,2.4e-05,0.0,0.0,87.46,6.67,WiFi_6
UE_000,0.01132,2.507,1.033,-50.4,0.01012917,1.891,2.05,35.52,-7.14,3.8e-05,0.0,0.0,33.098,1.18,WiFi_6
UE_001,0.00707,12.851,8.962,-45.25,0.00105802,5.039,1.86,0.13,12.91,2.4e-05,0.0,0.0,56.886,3.15,WiFi_6
UE_002,0.00707,20.912,16.712,-42.14,0.00011782,8.931,1.55,1.72,-2.77,2.4e-05,0.0,0.0,80.135,5.58,WiFi_6
UE_003,0.00707,16.675,13.385,-43.865,0.00012133,7.218,1.81,15.38,-2.22,2.4e-05,0.0,0.0,70.156,4.51,WiFi_6
UE_004,0.01672,22.052,20.774,-39.946,0.00012083,11.061,1.62,0.65,-12.65,5.6e-05,0.0,0.0,87.46,6.91,WiFi_6
UE_005,0.00662,22.476,18.471,-38.778,0.00013525,9.85,2.01,3.48,-6.83,2.2e-05,0.0,0.0,85.413,6.16,WiFi_6
UE_006,0.02127,7.062,3.628,-47.865,0.01001332,2.76,1.55,31.86,-4.58,7.1e-05,0.0,0.0,40.883,1.72,WiFi_6
UE_007,0.02414,13.369,10.159,-45.897,0.00100797,5.612,1.53,2.3,-5.02,8e-05,0.0,0.0,60.478,3.51,WiFi_6
UE_008,0.00361,46.162,43.969,-30.204,3.493e-05,23.37,2.04,0.99,5.91,1.2e-05,0.0,0.0,87.46,12.34,WiFi_6
UE_009,0.00707,42.487,41.922,-32.92,0.00015963,22.282,2.01,4.79,13.33,2.4e-05,0.0,0.0,87.46,12.34,WiFi_6
UE_010,0.02696,12.705,10.073,-43.809,0.00106102,5.57,2.12,0.72,3.23,9e-05,0.0,0.0,60.22,3.48,WiFi_6
UE_011,0.02155,18.222,13.357,-41.368,0.00019835,7.204,2.12,0.58,5.18,7.2e-05,0.0,0.0,70.071,4.5,WiFi_6
UE_012,0.00707,31.823,28.715,-37.043,0.00011004,15.266,1.66,2.78,-5.54,2.4e-05,0.0,0.0,87.46,9.54,WiFi_6
UE_013,0.00707,27.737,25.433,-37.975,0.00010586,13.524,1.92,7.91,8.14,2.4e-05,0.0,0.0,87.46,8.45,WiFi_6
UE_014,0.00707,23.438,20.597,-40.432,0.0001528,10.967,2.16,2.48,-4.18,2.4e-05,0.0,0.0,87.46,6.85,WiFi_6
UE_015,0.00707,31.166,27.451,-37.205,9.852e-05,14.595,2.26,1.18,-10.56,2.4e-05,0.0,0.0,87.46,9.12,WiFi_6
UE_016,0.00707,44.231,41.269,-32.063,0.00010488,21.935,2.08,8.68,0.66,2.4e-05,0.0,0.0,87.46,12.34,WiFi_6
UE_017,0.00707,40.548,35.936,-34.494,0.00016654,19.101,2.14,1.1,6.17,2.4e-05,0.0,0.0,87.46,11.94,WiFi_6
UE_018,0.00707,30.504,28.126,-37.954,3.334e-05,14.953,1.75,1.1,-9.7,2.4e-05,0.0,0.0,87.46,9.35,WiFi_6
UE_019,0.00707,32.221,26.961,-37.299,4.4e-05,14.335,2.22,1.34,-2.34,2.4e-05,0.0,0.0,87.46,8.96,WiFi_6
UE_000,0.00966,-4.387,-10.026,-52.273,0.1500517,0.219,1.67,35.86,-7.14,3.2e-05,0.0,0.0,15.26,0.14,WiFi_6
UE_001,0.00707,17.575,13.43,-43.413,0.00012386,7.24,2.0,0.07,12.91,2.4e-05,0.0,0.0,70.289,4.53,WiFi_6
UE_002,0.00707,24.158,21.703,-41.713,4.152e-05,11.551,1.9,0.28,-2.77,2.4e-05,0.0,0.0,87.46,7.22,WiFi_6
UE_003,0.00707,23.916,21.58,-38.849,0.00017662,11.486,1.52,3.67,-2.22,2.4e-05,0.0,0.0,87.46,7.18,WiFi_6
UE_004,0.0221,14.137,11.242,-44.015,0.00107041,6.142,2.1,12.44,-12.65,7.4e-05,0.0,0.0,63.725,3.84,WiFi_6
UE_005,0.00707,24.053,20.115,-39.936,8.814e-05,10.714,1.8,0.87,-6.83,2.4e-05,0.0,0.0,87.46,6.7,WiFi_6
UE_006,0.02406,17.029,14.718,-44.019,0.0002966,7.9,1.91,0.3,-4.58,8e-05,0.0,0.0,74.155,4.94,WiFi_6
UE_007,0.01252,18.607,14.684,-43.419,0.00016522,7.882,1.86,3.51,-5.02,4.2e-05,0.0,0.0,74.053,4.93,WiFi_6
UE_008,0.01429,2.156,-1.957,-49.154,0.15022088,1.138,1.93,28.19,5.91,4.8e-05,0.0,0.0,24.129,0.71,WiFi_6
UE_009,0.00707,24.174,21.292,-39.88,5.35e-05,11.334,1.76,0.02,13.33,2.4e-05,0.0,0.0,87.46,7.08,WiFi_6
UE_010,0.0236,15.891,11.225,-43.992,0.00102156,6.134,1.97,1.34,3.23,7.9e-05,0.0,0.0,63.674,3.83,WiFi_6
UE_011,0.0208,5.707,1.122,-47.097,0.01001828,1.917,1.71,14.82,5.18,6.9e-05,0.0,0.0,33.367,1.2,WiFi_6
UE_012,0.00707,34.6,30.773,-36.696,2.687e-05,16.358,1.75,3.74,-5.54,2.4e-05,0.0,0.0,87.46,10.22,WiFi_6
UE_013,0.00707,32.172,29.584,-38.502,1.66e-06,15.726,1.74,3.01,8.14,2.4e-05,0.0,0.0,87.46,9.83,WiFi_6
UE_014,0.00707,6.444,3.459,-47.377,0.01004373,2.698,1.71,25.32,-4.18,2.4e-05,0.0,0.0,40.376,1.69,WiFi_6
UE_015,0.00707,43.073,39.198,-33.446,8.9e-05,20.835,2.19,3.73,-10.56,2.4e-05,0.0,0.0,87.46,12.34,WiFi_6
UE_016,0.00707,11.76,9.209,-44.778,0.00102567,5.156,2.03,4.08,0.66,2.4e-05,0.0,0.0,57.628,3.22,WiFi_6
UE_017,0.00707,27.011,23.14,-40.292,0.00012326,12.31,1.66,0.63,6.17,2.4e-05,0.0,0.0,87.46,7.69,WiFi_6
UE_018,0.00707,25.406,23.731,-40.724,0.00017658,12.623,2.06,1.71,-9.7,2.4e-05,0.0,0.0,87.46,7.89,WiFi_6
UE_019,0.00707,19.574,14.206,-41.699,0.00014643,7.636,1.96,4.8,-2.34,2.4e-05,0.0,0.0,72.617,4.77,WiFi_6
UE_000,0.00811,30.231,27.607,-36.863,1.56e-05,14.677,2.0,13.63,-7.14,2.7e-05,0.0,0.0,87.46,9.17,WiFi_6
UE_001,0.00707,20.199,18.526,-42.718,0.00017577,9.879,2.05,0.55,12.91,2.4e-05,0.0,0.0,85.579,6.17,WiFi_6
UE_002,0.00707,38.281,35.887,-35.092,8.085e-05,19.075,1.61,1.33,-2.77,2.4e-05,0.0,0.0,87.46,11.92,WiFi_6
UE_003,0.00707,28.483,26.142,-38.579,9.367e-05,13.9,1.79,7.08,-2.22,2.4e-05,0.0,0.0,87.46,8.69,WiFi_6
UE_004,0.0224,28.704,26.195,-37.807,0.0001181,13.928,1.65,2.09,-12.65,7.5e-05,0.0,0.0,87.46,8.71,WiFi_6
UE_005,0.00707,22.179,19.912,-42.501,0.00011451,10.607,2.26,3.0,-6.83,2.4e-05,0.0,0.0,87.46,6.63,WiFi_6
UE_006,0.02414,-0.854,-3.07,-49.357,0.15013904,0.925,1.82,14.03,-4.58,8e-05,0.0,0.0,20.79,0.58,WiFi_6
UE_007,0.01471,9.273,5.537,-45.698,0.01010021,3.512,1.96,21.2,-5.02,4.9e-05,0.0,0.0,46.61,2.19,WiFi_6
UE_008,0.02497,21.227,18.356,-42.113,0.00025288,9.79,1.59,0.19,5.91,8.3e-05,0.0,0.0,85.068,6.12,WiFi_6
UE_009,0.00707,31.184,30.099,-38.723,0.00013049,16.0,1.55,1.03,13.33,2.4e-05,0.0,0.0,87.46,10.0,WiFi_6
UE_010,0.02198,21.761,18.407,-39.785,0.00012648,9.816,2.1,3.37,3.23,7.3e-05,0.0,0.0,85.22,6.14,WiFi_6
UE_011,0.02005,4.808,-0.319,-47.971,0.15007967,1.517,1.53,27.45,5.18,6.7e-05,0.0,0.0,29.042,0.95,WiFi_6
UE_012,0.00707,42.078,39.644,-32.402,0.00012957,21.072,1.98,7.7,-5.54,2.4e-05,0.0,0.0,87.46,12.34,WiFi_6
UE_013,0.00707,28.303,24.897,-38.551,8.269e-05,13.24,1.67,2.41,8.14,2.4e-05,0.0,0.0,87.46,8.28,WiFi_6
UE_014,0.00707,23.819,18.685,-40.465,0.00011782,9.962,1.77,0.73,-4.18,2.4e-05,0.0,0.0,86.056,6.23,WiFi_6
UE_015,0.00707,29.798,26.463,-38.364,2.812e-05,14.071,1.74,2.99,-10.56,2.4e-05,0.0,0.0,87.46,8.79,WiFi_6
UE_016,0.00707,30.484,29.644,-38.263,2.697e-05,15.759,1.97,2.26,0.66,2.4e-05,0.0,0.0,87.46,9.85,WiFi_6
UE_017,0.00707,28.974,25.928,-38.603,5.546e-05,13.787,1.97,6.93,6.17,2.4e-05,0.0,0.0,87.46,8.62,WiFi_6
UE_018,0.00707,23.051,19.794,-39.336,0.00012127,10.545,1.69,0.67,-9.7,2.4e-05,0.0,0.0,87.46,6.59,WiFi_6
UE_019,0.00707,12.871,9.152,-44.396,0.00105561,5.129,1.63,1.07,-2.34,2.4e-05,0.0,0.0,57.456,3.21,WiFi_6
UE_000,0.00672,30.82,26.557,-36.911,1.724e-05,14.12,1.5,6.36,-7.14,2.2e-05,0.0,0.0,87.46,8.83,WiFi_6
UE_001,0.00707,50.303,46.3,-31.057,8.944e-05,24.609,1.96,2.36,12.91,2.4e-05,0.0,0.0,87.46,12.34,WiFi_6
UE_002,0.00707,37.319,35.601,-35.181,0.00013844,18.923,2.15,0.21,-2.77,2.4e-05,0.0,0.0,87.46,11.83,WiFi_6
UE_003,0.00707,31.079,29.647,-39.485,4.48e-06,15.76,2.07,7.05,-2.22,2.4e-05,0.0,0.0,87.46,9.85,WiFi_6
UE_004,0.01601,2.631,-1.912,-49.466,0.15002994,1.147,1.52,31.01,-12.65,5.3e-05,0.0,0.0,24.263,0.72,WiFi_6
UE_005,0.00707,16.392,13.843,-42.019,0.00021875,7.451,2.11,4.12,-6.83,2.4e-05,0.0,0.0,71.53,4.66,WiFi_6
UE_006,0.02135,10.737,9.939,-45.287,0.0011481,5.506,1.89,0.91,-4.58,7.1e-05,0.0,0.0,59.817,3.44,WiFi_6
UE_007,0.02073,7.434,2.812,-47.418,0.01000601,2.466,1.79,28.92,-5.02,6.9e-05,0.0,0.0,38.435,1.54,WiFi_6
UE_008,0.03445,-1.69,-6.294,-50.619,0.15005133,0.487,1.63,18.74,5.91,0.000115,0.0,0.0,15.26,0.3,WiFi_6
UE_009,0.00707,48.544,45.403,-30.965,0.00017169,24.132,1.69,0.66,13.33,2.4e-05,0.0,0.0,87.46,12.34,WiFi_6
UE_010,0.02349,14.858,11.254,-44.597,0.00101424,6.148,2.18,4.05,3.23,7.8e-05,0.0,0.0,63.762,3.84,WiFi_6
UE_011,0.0193,4.811,-0.733,-47.353,0.15008942,1.414,1.69,28.72,5.18,6.4e-05,0.0,0.0,27.802,0.88,WiFi_6
UE_012,0.00707,41.148,38.862,-33.824,6.228e-05,20.656,1.77,0.42,-5.54,2.4e-05,0.0,0.0,87.46,12.34,WiFi_6
UE_013,0.00707,36.651,34.074,-34.993,7.068e-05,18.112,1.84,3.29,8.14,2.4e-05,0.0,0.0,87.46,11.32,WiFi_6
UE_014,0.00707,36.838,33.906,-35.639,3.853e-05,18.022,1.68,1.4,-4.18,2.4e-05,0.0,0.0,87.46,11.26,WiFi_6
UE_015,0.00707,35.976,35.024,-35.998,3.351e-05,18.616,1.63,0.39,-10.56,2.4e-05,0.0,0.0,87.46,11.64,WiFi_6
UE_016,0.00707,18.974,14.482,-42.23,0.0001741,7.778,1.91,5.7,0.66,2.4e-05,0.0,0.0,73.445,4.86,WiFi_6
UE_017,0.00707,41.351,36.069,-34.011,6.29e-06,19.172,1.78,1.87,6.17,2.4e-05,0.0,0.0,87.46,11.98,WiFi_6
UE_018,0.00707,27.829,24.52,-37.724,4.57e-06,13.041,1.62,0.38,-9.7,2.4e-05,0.0,0.0,87.46,8.15,WiFi_6
UE_019,0.00707,13.452,11.876,-42.661,0.00104898,6.457,1.56,2.47,-2.34,2.4e-05,0.0,0.0,65.628,4.04,WiFi_6
UE_000,0.00564,28.069,23.695,-39.171,0.00016278,12.604,1.61,0.99,-7.14,1.9e-05,0.0,0.0,87.46,7.88,WiFi_6
UE_001,0.00707,35.372,31.915,-36.2,0.00010426,16.964,1.74,4.14,12.91,2.4e-05,0.0,0.0,87.46,10.6,WiFi_6
UE_002,0.00707,34.77,28.914,-34.648,0.00015883,15.371,1.98,0.72,-2.77,2.4e-05,0.0,0.0,87.46,9.61,WiFi_6
UE_003,0.00707,11.477,8.87,-45.866,0.00101557,4.996,1.92,11.73,-2.22,2.4e-05,0.0,0.0,56.611,3.12,WiFi_6
UE_004,0.00992,33.124,32.766,-34.925,0.00017588,17.416,2.12,0.28,-12.65,3.3e-05,0.0,0.0,87.46,10.89,WiFi_6
UE_005,0.00707,18.975,17.38,-42.153,0.00023007,9.279,2.1,0.43,-6.83,2.4e-05,0.0,0.0,82.139,5.8,WiFi_6
UE_006,0.01859,19.78,16.139,-41.069,0.00028074,8.633,2.1,0.61,-4.58,6.2e-05,0.0,0.0,78.416,5.4,WiFi_6
UE_007,0.02413,21.233,17.203,-40.453,0.00031301,9.187,1.62,3.19,-5.02,8e-05,0.0,0.0,81.608,5.74,WiFi_6
UE_008,0.02443,13.088,9.377,-44.803,0.00112521,5.236,1.75,5.06,5.91,8.1e-05,0.0,0.0,58.132,3.27,WiFi_6
UE_009,0.00707,39.551,34.391,-33.667,2.573e-05,18.28,1.52,0.28,13.33,2.4e-05,0.0,0.0,87.46,11.43,WiFi_6
UE_010,0.02308,14.351,11.586,-45.334,0.0011369,6.313,1.63,0.14,3.23,7.7e-05,0.0,0.0,64.757,3.95,WiFi_6
UE_011,0.01855,20.028,16.951,-41.753,0.00021515,9.056,1.97,3.01,5.18,6.2e-05,0.0,0.0,80.854,5.66,WiFi_6
UE_012,0.00707,28.84,25.023,-38.394,0.00011116,13.307,1.85,7.31,-5.54,2.4e-05,0.0,0.0,87.46,8.32,WiFi_6
UE_013,0.00707,16.62,14.591,-43.856,0.00012992,7.834,1.99,0.95,8.14,2.4e-05,0.0,0.0,73.773,4.9,WiFi_6
UE_014,0.00707,43.881,39.461,-33.966,2.55e-06,20.974,1.6,12.4,-4.18,2.4e-05,0.0,0.0,87.46,12.34,WiFi_6
UE_015,0.00707,20.211,15.878,-41.673,0.00015937,8.498,2.02,3.12,-10.56,2.4e-05,0.0,0.0,77.634,5.31,WiFi_6
UE_016,0.00707,14.843,9.9,-44.085,0.00108738,5.487,2.18,0.03,0.66,2.4e-05,0.0,0.0,59.699,3.43,WiFi_6
UE_017,0.00707,24.056,18.258,-39.904,0.00016031,9.739,1.77,0.18,6.17,2.4e-05,0.0,0.0,84.774,6.09,WiFi_6
UE_018,0.00707,29.02,25.165,-38.753,0.00022263,13.383,1.81,2.78,-9.7,2.4e-05,0.0,0.0,87.46,8.36,WiFi_6
UE_019,0.00707,27.474,26.913,-38.22,3.104e-05,14.309,2.16,0.25,-2.34,2.4e-05,0.0,0.0,87.46,8.94,WiFi_6
UE_000,0.00505,24.662,21.855,-39.986,3.287e-05,11.631,1.96,5.14,-7.14,1.7e-05,0.0,0.0,87.46,7.27,WiFi_6
UE_001,0.00707,36.577,33.188,-36.69,9.965e-05,17.641,2.2,7.96,12.91,2.4e-05,0.0,0.0,87.46,11.03,WiFi_6
UE_002,0.00707,39.518,37.383,-35.414,5.023e-05,19.87,1.74,10.63,-2.77,2.4e-05,0.0,0.0,87.46,12.34,WiFi_6
UE_003,0.00707,24.761,22.156,-39.188,3.959e-05,11.79,2.1,0.17,-2.22,2.4e-05,0.0,0.0,87.46,7.37,WiFi_6
UE_004,0.00536,26.057,20.838,-39.186,2.562e-05,11.095,2.11,1.1,-12.65,1.8e-05,0.0,0.0,87.46,6.93,WiFi_6
UE_005,0.00707,11.589,7.103,-45.878,0.00113427,4.186,1.81,5.61,-6.83,2.4e-05,0.0,0.0,51.309,2.62,WiFi_6
UE_006,0.01586,27.271,21.645,-42.09,4.147e-05,11.52,1.69,2.21,-4.58,5.3e-05,0.0,0.0,87.46,7.2,WiFi_6
UE_007,0.01803,24.137,21.268,-39.818,6.476e-05,11.321,2.18,1.53,-5.02,6e-05,0.0,0.0,87.46,7.08,WiFi_6
UE_008,0.0138,5.958,1.169,-47.353,0.01005204,1.931,1.69,9.95,5.91,4.6e-05,0.0,0.0,33.506,1.21,WiFi_6
UE_009,0.00707,32.589,29.984,-36.916,4.88e-05,15.939,1.54,1.85,13.33,2.4e-05,0.0,0.0,87.46,9.96,WiFi_6
UE_010,0.01933,9.753,3.807,-46.444,0.0100236,2.827,2.17,7.66,3.23,6.4e-05,0.0,0.0,41.422,1.77,WiFi_6
UE_011,0.01781,-0.203,-6.017,-50.58,0.15017606,0.515,1.53,38.37,5.18,5.9e-05,0.0,0.0,15.26,0.32,WiFi_6
UE_012,0.00707,34.743,31.213,-36.023,6.149e-05,16.592,1.65,4.17,-5.54,2.4e-05,0.0,0.0,87.46,10.37,WiFi_6
UE_013,0.00707,36.543,33.334,-34.948,1.391e-05,17.719,1.58,1.49,8.14,2.4e-05,0.0,0.0,87.46,11.07,WiFi_6
UE_014,0.00707,37.876,35.461,-34.54,7.22e-06,18.849,1.52,17.98,-4.18,2.4e-05,0.0,0.0,87.46,11.78,WiFi_6
UE_015,0.00707,24.335,22.611,-42.5,9.68e-06,12.031,1.85,12.72,-10.56,2.4e-05,0.0,0.0,87.46,7.52,WiFi_6
UE_016,0.00707,23.981,22.389,-40.395,3.173e-05,11.913,1.98,12.39,0.66,2.4e-05,0.0,0.0,87.46,7.45,WiFi_6
UE_017,0.00707,43.182,38.875,-32.746,7.02e-06,20.663,1.95,7.51,6.17,2.4e-05,0.0,0.0,87.46,12.34,WiFi_6
UE_018,0.00707,29.062,27.439,-37.369,0.00023503,14.588,1.9,3.68,-9.7,2.4e-05,0.0,0.0,87.46,9.12,WiFi_6
UE_019,0.00707,6.179,1.137,-47.888,0.01005801,1.922,1.94,7.29,-2.34,2.4e-05,0.0,0.0,33.411,1.2,WiFi_6
UE_000,0.00513,40.598,37.649,-33.557,4.41e-05,20.011,2.05,1.6,-7.14,1.7e-05,0.0,0.0,87.46,12.34,WiFi_6
UE_001,0.00707,31.539,30.677,-36.383,9.97e-06,16.307,1.61,0.53,12.91,2.4e-05,0.0,0.0,87.46,10.19,WiFi_6
UE_002,0.00707,39.198,34.903,-35.019,0.00011489,18.552,1.71,0.1,-2.77,2.4e-05,0.0,0.0,87.46,11.59,WiFi_6
UE_003,0.00707,22.42,21.48,-40.833,8.556e-05,11.433,2.23,19.83,-2.22,2.4e-05,0.0,0.0,87.46,7.15,WiFi_6
UE_004,0.00686,25.449,24.025,-39.984,3.6e-05,12.778,2.12,1.16,-12.65,2.3e-05,0.0,0.0,87.46,7.99,WiFi_6
UE_005,0.00707,15.685,12.346,-44.559,0.00018166,6.693,1.7,1.16,-6.83,2.4e-05,0.0,0.0,67.039,4.18,WiFi_6
UE_006,0.01319,32.423,26.04,-38.728,0.00014524,13.846,1.63,2.01,-4.58,4.4e-05,0.0,0.0,87.46,8.65,WiFi_6
UE_007,0.01213,15.753,12.79,-45.548,0.00013167,6.916,2.2,4.47,-1.95,4e-05,0.0,0.0,68.369,4.32,WiFi_6
UE_008,0.00344,31.825,29.448,-37.718,1.806e-05,15.654,1.56,2.26,5.91,1.1e-05,0.0,0.0,87.46,9.78,WiFi_6
UE_009,0.00707,44.799,41.834,-31.617,2.937e-05,22.236,2.25,0.45,13.33,2.4e-05,0.0,0.0,87.46,12.34,WiFi_6
UE_010,0.01547,21.343,19.395,-41.152,0.00017965,10.335,1.92,2.82,3.23,5.2e-05,0.0,0.0,87.46,6.46,WiFi_6
UE_011,0.01707,2.618,-0.344,-48.683,0.15000116,1.51,2.01,22.91,5.18,5.7e-05,0.0,0.0,28.967,0.94,WiFi_6
UE_012,0.00707,28.669,24.925,-39.867,1.341e-05,13.255,2.03,2.73,-5.54,2.4e-05,0.0,0.0,87.46,8.28,WiFi_6
UE_013,0.00707,34.961,34.194,-36.087,9.332e-05,18.175,1.52,0.25,8.14,2.4e-05,0.0,0.0,87.46,11.36,WiFi_6
UE_014,0.00707,24.133,19.966,-37.863,0.00021925,10.635,1.73,7.67,-4.18,2.4e-05,0.0,0.0,87.46,6.65,WiFi_6
UE_015,0.00707,40.477,38.683,-31.874,8.059e-05,20.561,1.96,3.61,-10.56,2.4e-05,0.0,0.0,87.46,12.34,WiFi_6
UE_016,0.00707,34.39,32.345,-35.003,8.564e-05,17.193,1.61,0.23,0.66,2.4e-05,0.0,0.0,87.46,10.75,WiFi_6
UE_017,0.00707,31.676,26.178,-36.871,3.724e-05,13.919,1.69,1.77,6.17,2.4e-05,0.0,0.0,87.46,8.7,WiFi_6
UE_018,0.00707,24.213,21.44,-41.433,7.941e-05,11.412,1.89,1.26,-9.7,2.4e-05,0.0,0.0,87.46,7.13,WiFi_6
UE_019,0.00707,29.362,27.436,-37.518,5.817e-05,14.587,1.76,0.17,-2.34,2.4e-05,0.0,0.0,87.46,9.12,WiFi_6
UE_000,0.00586,39.288,37.209,-33.989,1.703e-05,19.777,2.23,4.16,-7.14,2e-05,0.0,0.0,87.46,12.34,WiFi_6
UE_001,0.00707,41.744,36.772,-33.479,0.00013868,19.545,1.54,0.23,12.91,2.4e-05,0.0,0.0,87.46,12.22,WiFi_6
UE_002,0.00707,40.283,38.85,-35.695,1.495e-05,20.649,1.86,3.78,-2.77,2.4e-05,0.0,0.0,87.46,12.34,WiFi_6
UE_003,0.00707,23.918,21.745,-40.485,0.0001484,11.573,1.87,0.28,10.9,2.4e-05,0.0,0.0,87.46,7.23,WiFi_6
UE_004,0.00707,27.247,23.945,-39.776,0.00012075,12.736,1.81,3.52,-12.65,2.4e-05,0.0,0.0,87.46,7.96,WiFi_6
UE_005,0.00707,15.355,13.52,-43.144,0.00029164,7.287,2.12,5.83,-6.83,2.4e-05,0.0,0.0,70.561,4.55,WiFi_6
UE_006,0.0106,8.834,6.066,-47.676,0.00103027,3.734,1.79,7.35,-4.58,3.5e-05,0.0,0.0,48.198,2.33,WiFi_6
UE_007,0.01471,13.621,12.433,-46.063,0.00014138,6.737,2.07,2.99,-1.95,4.9e-05,0.0,0.0,67.3,4.21,WiFi_6
UE_008,0.00647,21.949,18.239,-40.975,0.00015586,9.729,1.57,0.83,5.91,2.2e-05,0.0,0.0,84.718,6.08,WiFi_6
UE_009,0.00707,17.49,13.631,-43.183,0.00012311,7.343,2.26,0.85,13.33,2.4e-05,0.0,0.0,70.894,4.59,WiFi_6
UE_010,0.01172,28.552,24.379,-36.857,0.00014962,12.966,2.15,1.04,2.96,3.9e-05,0.0,0.0,87.46,8.1,WiFi_6
UE_011,0.01633,19.316,14.24,-41.259,0.00022601,7.654,1.94,1.45,5.18,5.4e-05,0.0,0.0,72.721,4.78,WiFi_6
UE_012,0.00707,46.759,43.45,-31.543,0.00015704,23.094,2.27,3.48,6.6,2.4e-05,0.0,0.0,87.46,12.34,WiFi_6
UE_013,0.00707,25.807,22.686,-38.355,6.36e-05,12.07,2.13,0.02,8.14,2.4e-05,0.0,0.0,87.46,7.54,WiFi_6
UE_014,0.00707,20.867,16.063,-42.104,0.00032596,8.594,2.13,3.1,-4.18,2.4e-05,0.0,0.0,78.189,5.37,WiFi_6
UE_015,0.00707,31.331,28.417,-36.856,0.00017251,15.107,1.97,0.11,-10.56,2.4e-05,0.0,0.0,87.46,9.44,WiFi_6
UE_016,0.00707,12.153,7.307,-45.427,0.00113831,4.277,1.55,9.66,0.66,2.4e-05,0.0,0.0,51.921,2.67,WiFi_6
UE_017,0.00707,25.045,21.708,-40.44,0.00026582,11.553,2.1,4.87,6.17,2.4e-05,0.0,0.0,87.46,7.22,WiFi_6
UE_018,0.00707,37.01,32.903,-32.531,0.00018844,17.49,2.03,4.79,-9.7,2.4e-05,0.0,0.0,87.46,10.93,WiFi_6
UE_019,0.00707,6.912,5.28,-47.047,0.0101835,3.406,1.86,20.39,4.3,2.4e-05,0.0,0.0,45.84,2.13,WiFi_6
UE_000,0.00703,35.534,31.558,-34.187,6.145e-05,16.775,2.04,3.03,-7.14,2.3e-05,0.0,0.0,87.46,10.48,WiFi_6
UE_001,0.00707,36.946,34.258,-35.912,4.511e-05,18.209,2.15,0.53,12.91,2.4e-05,0.0,0.0,87.46,11.38,WiFi_6
UE_002,0.00707,33.947,29.658,-36.258,8.011e-05,15.766,1.61,0.71,-2.77,2.4e-05,0.0,0.0,87.46,9.85,WiFi_6
UE_003,0.00997,24.606,22.213,-38.291,0.00015739,11.82,2.17,1.85,10.9,3.3e-05,0.0,0.0,87.46,7.39,WiFi_6
UE_004,0.00707,42.855,39.906,-31.724,9.775e-05,21.211,2.06,0.96,-12.65,2.4e-05,0.0,0.0,87.46,12.34,WiFi_6
UE_005,0.00707,28.761,25.075,-37.714,4.352e-05,13.335,1.95,0.66,-6.83,2.4e-05,0.0,0.0,87.46,8.33,WiFi_6
UE_006,0.0082,37.427,32.449,-33.86,1.902e-05,17.248,2.22,1.24,-4.58,2.7e-05,0.0,0.0,87.46,10.78,WiFi_6
UE_007,0.02202,3.618,0.819,-50.569,0.01003155,1.828,1.95,36.87,-1.95,7.3e-05,0.0,0.0,32.458,1.14,WiFi_6
UE_008,0.00707,27.231,21.912,-38.246,1.215e-05,11.661,1.78,2.03,5.91,2.4e-05,0.0,0.0,87.46,7.29,WiFi_6
UE_009,0.00707,53.612,51.789,-28.916,0.00013986,27.526,1.52,0.94,13.33,2.4e-05,0.0,0.0,87.46,12.34,WiFi_6
UE_010,0.00736,29.722,27.591,-36.389,0.00014319,14.669,2.13,3.81,2.96,2.5e-05,0.0,0.0,87.46,9.17,WiFi_6
UE_011,0.01559,24.376,20.257,-40.666,2.313e-05,10.788,2.16,1.41,5.18,5.2e-05,0.0,0.0,87.46,6.74,WiFi_6
UE_012,0.00361,40.909,35.944,-34.664,4.891e-05,19.105,2.04,1.39,6.6,1.2e-05,0.0,0.0,87.46,11.94,WiFi_6
UE_013,0.00707,21.26,17.401,-41.359,0.0001054,9.29,1.64,5.02,8.14,2.4e-05,0.0,0.0,82.204,5.81,WiFi_6
UE_014,0.00707,33.521,28.743,-39.112,2.67e-06,15.28,1.82,5.5,-4.18,2.4e-05,0.0,0.0,87.46,9.55,WiFi_6
UE_015,0.00707,33.772,30.514,-37.987,0.00012478,16.22,2.18,1.1,-10.56,2.4e-05,0.0,0.0,87.46,10.14,WiFi_6
UE_016,0.00707,24.853,20.88,-39.395,2.324e-05,11.117,1.71,2.13,0.66,2.4e-05,0.0,0.0,87.46,6.95,WiFi_6
UE_017,0.00707,39.101,35.355,-35.68,9.625e-05,18.792,2.09,2.76,6.17,2.4e-05,0.0,0.0,87.46,11.75,WiFi_6
UE_018,0.00707,22.416,20.896,-39.617,8.609e-05,11.125,1.97,9.7,-9.7,2.4e-05,0.0,0.0,87.46,6.95,WiFi_6
UE_019,0.00222,35.495,31.318,-36.303,0.00027323,16.648,2.13,3.59,4.3,7e-06,0.0,0.0,87.46,10.4,WiFi_6
UE_000,0.00707,40.217,37.504,-30.816,0.00015794,19.934,2.02,0.68,-7.14,2.4e-05,0.0,0.0,87.46,12.34,WiFi_6
UE_001,0.00707,29.45,25.639,-40.125,3.644e-05,13.634,1.91,2.02,12.91,2.4e-05,0.0,0.0,87.46,8.52,WiFi_6
UE_002,0.00707,15.521,12.906,-44.176,0.00011351,6.975,1.97,6.02,-2.77,2.4e-05,0.0,0.0,68.717,4.36,WiFi_6
UE_003,0.02281,22.08,17.397,-40.608,0.00013589,9.288,1.85,1.39,10.9,7.6e-05,0.0,0.0,82.19,5.81,WiFi_6
UE_004,0.00707,31.835,26.994,-37.04,5.063e-05,14.352,2.27,0.85,-12.65,2.4e-05,0.0,0.0,87.46,8.97,WiFi_6
UE_005,0.00707,36.963,33.308,-36.081,7.695e-05,17.705,1.81,3.22,-6.83,2.4e-05,0.0,0.0,87.46,11.07,WiFi_6
UE_006,0.00619,36.329,32.0,-36.924,8.802e-05,17.01,2.18,0.2,-4.58,2.1e-05,0.0,0.0,87.46,10.63,WiFi_6
UE_007,0.00562,19.734,17.006,-42.266,0.00016371,9.085,2.21,0.98,-1.95,1.9e-05,0.0,0.0,81.019,5.68,WiFi_6
UE_008,0.00707,26.413,25.653,-41.411,2.111e-05,13.641,1.73,0.44,5.91,2.4e-05,0.0,0.0,87.46,8.53,WiFi_6
UE_009,0.00707,28.111,24.008,-37.87,9.476e-05,12.77,2.01,8.82,13.33,2.4e-05,0.0,0.0,87.46,7.98,WiFi_6
UE_010,0.01062,20.37,16.708,-41.698,0.00015221,8.929,1.91,1.3,2.96,3.5e-05,0.0,0.0,80.123,5.58,WiFi_6
UE_011,0.01486,18.697,16.358,-42.099,0.00032323,8.747,1.5,0.37,4.98,5e-05,0.0,0.0,79.075,5.47,WiFi_6
UE_012,0.0141,38.049,33.355,-34.398,0.00010007,17.73,2.19,6.63,7.5,4.7e-05,0.0,0.0,87.46,11.08,WiFi_6
UE_013,0.00707,28.962,25.01,-38.039,2.09e-05,13.301,2.23,3.7,8.14,2.4e-05,0.0,0.0,87.46,8.31,WiFi_6
UE_014,0.00707,10.534,6.49,-44.248,0.00109113,3.917,2.09,0.34,-4.18,2.4e-05,0.0,0.0,49.47,2.45,WiFi_6
UE_015,0.00707,39.323,34.105,-33.684,4.515e-05,18.128,1.66,2.66,-10.56,2.4e-05,0.0,0.0,87.46,11.33,WiFi_6
UE_016,0.00707,28.821,26.305,-37.385,5.332e-05,13.987,2.16,1.71,0.66,2.4e-05,0.0,0.0,87.46,8.74,WiFi_6
UE_017,0.00707,14.868,12.049,-45.784,0.00016168,6.544,1.75,17.54,6.17,2.4e-05,0.0,0.0,66.148,4.09,WiFi_6
UE_018,0.00707,39.33,38.983,-36.315,0.00014654,20.72,1.83,6.58,-9.7,2.4e-05,0.0,0.0,87.46,12.34,WiFi_6
UE_019,0.01099,16.187,11.276,-43.182,0.001036,6.159,1.52,3.84,4.3,3.7e-05,0.0,0.0,63.829,3.85,WiFi_6
UE_000,0.00707,23.092,19.934,-41.848,0.00010053,10.619,1.63,0.37,-7.14,2.4e-05,0.0,0.0,87.46,6.64,WiFi_6
UE_001,0.00707,28.587,24.683,-39.485,6.647e-05,13.127,2.2,5.63,12.91,2.4e-05,0.0,0.0,87.46,8.2,WiFi_6
UE_002,0.00707,25.288,21.534,-38.133,9.47e-06,11.462,2.09,1.44,-2.77,2.4e-05,0.0,0.0,87.46,7.16,WiFi_6
UE_003,0.01497,2.82,-1.696,-49.751,0.15019277,1.193,1.99,7.59,10.9,5e-05,0.0,0.0,24.913,0.75,WiFi_6
UE_004,0.00707,39.683,35.43,-33.782,2e-06,18.832,1.5,0.8,-12.65,2.4e-05,0.0,0.0,87.46,11.77,WiFi_6
UE_005,0.00707,36.403,33.192,-36.575,5.97e-05,17.643,1.59,1.91,-6.83,2.4e-05,0.0,0.0,87.46,11.03,WiFi_6
UE_006,0.00506,28.448,26.835,-36.613,0.00011447,14.268,2.14,2.09,-4.58,1.7e-05,0.0,0.0,87.46,8.92,WiFi_6
UE_007,0.00516,27.746,25.781,-37.47,4.69e-05,13.709,2.01,11.75,-1.95,1.7e-05,0.0,0.0,87.46,8.57,WiFi_6
UE_008,0.00707,34.826,32.666,-36.937,0.0002291,17.363,1.57,3.2,5.91,2.4e-05,0.0,0.0,87.46,10.85,WiFi_6
UE_009,0.00707,33.948,29.199,-35.473,7.916e-05,15.522,1.69,0.34,13.33,2.4e-05,0.0,0.0,87.46,9.7,WiFi_6
UE_010,0.01769,18.636,14.06,-42.694,0.00019445,7.562,1.62,0.42,5.77,5.9e-05,0.0,0.0,72.179,4.73,WiFi_6
UE_011,0.01306,1.253,-2.764,-49.368,0.15002149,0.98,1.91,21.28,4.98,4.4e-05,0.0,0.0,21.707,0.61,WiFi_6
UE_012,0.02113,9.312,8.254,-47.087,0.00102109,4.709,1.76,6.46,7.5,7e-05,0.0,0.0,54.761,2.94,WiFi_6
UE_013,0.00707,36.943,34.686,-35.244,8.446e-05,18.437,1.89,6.09,8.14,2.4e-05,0.0,0.0,87.46,11.52,WiFi_6
UE_014,0.00707,30.136,27.962,-40.218,0.0001599,14.866,1.98,0.58,-4.18,2.4e-05,0.0,0.0,87.46,9.29,WiFi_6
UE_015,0.00707,16.024,10.714,-47.131,0.00114466,5.883,1.55,0.54,-10.56,2.4e-05,0.0,0.0,62.142,3.68,WiFi_6
UE_016,0.00707,53.475,48.809,-28.547,2.519e-05,25.942,2.22,0.49,0.66,2.4e-05,0.0,0.0,87.46,12.34,WiFi_6
UE_017,0.00707,20.049,15.124,-42.75,0.00020261,8.108,1.8,0.84,6.17,2.4e-05,0.0,0.0,75.371,5.07,WiFi_6
UE_018,0.00707,26.718,24.033,-39.261,8.271e-05,12.783,1.53,4.7,-9.7,2.4e-05,0.0,0.0,87.46,7.99,WiFi_6
UE_019,0.01995,2.245,-0.719,-48.196,0.15019376,1.417,2.26,36.75,4.3,6.6e-05,0.0,0.0,27.842,0.89,WiFi_6
UE_000,0.00707,35.964,31.728,-35.441,5.398e-05,16.865,1.51,0.29,-7.14,2.4e-05,0.0,0.0,87.46,10.54,WiFi_6
UE_001,0.00707,20.07,19.301,-43.922,0.00010034,10.286,2.15,2.28,12.91,2.4e-05,0.0,0.0,87.46,6.43,WiFi_6
UE_002,0.00707,23.621,19.336,-40.692,0.00010684,10.304,1.96,6.91,-2.77,2.4e-05,0.0,0.0,87.46,6.44,WiFi_6
UE_003,0.00502,19.286,13.93,-43.295,0.00032187,7.495,2.06,0.76,10.9,1.7e-05,0.0,0.0,71.789,4.68,WiFi_6
UE_004,0.00707,16.988,12.811,-43.857,0.00015319,6.927,2.11,3.57,-12.65,2.4e-05,0.0,0.0,68.434,4.33,WiFi_6
UE_005,0.00707,37.375,32.786,-34.01,3.516e-05,17.427,2.13,4.43,-6.83,2.4e-05,0.0,0.0,87.46,10.89,WiFi_6
UE_006,0.00541,48.627,47.089,-30.369,5.257e-05,25.028,1.73,10.57,-4.58,1.8e-05,0.0,0.0,87.46,12.34,WiFi_6
UE_007,0.00513,26.676,22.899,-39.874,0.00010578,12.183,2.13,9.97,-1.95,1.7e-05,0.0,0.0,87.46,7.61,WiFi_6
UE_008,0.00707,33.099,30.309,-35.935,0.00019747,16.112,1.82,4.3,5.91,2.4e-05,0.0,0.0,87.46,10.07,WiFi_6
UE_009,0.00707,18.196,16.111,-43.289,0.00019542,8.619,1.88,0.78,13.33,2.4e-05,0.0,0.0,78.333,5.39,WiFi_6
UE_010,0.01425,8.696,5.915,-45.951,0.01009887,3.67,2.26,16.14,5.77,4.8e-05,0.0,0.0,47.744,2.29,WiFi_6
UE_011,0.01129,16.086,10.832,-43.483,0.00102282,5.94,1.96,3.15,4.98,3.8e-05,0.0,0.0,62.496,3.71,WiFi_6
UE_012,0.01982,18.035,15.953,-43.98,0.00019958,8.537,2.25,6.12,7.5,6.6e-05,0.0,0.0,77.858,5.34,WiFi_6
UE_013,0.00707,36.251,33.138,-34.793,4.144e-05,17.614,1.64,11.15,8.14,2.4e-05,0.0,0.0,87.46,11.01,WiFi_6
UE_014,0.00707,33.471,31.103,-37.547,1.976e-05,16.533,1.71,0.85,-4.18,2.4e-05,0.0,0.0,87.46,10.33,WiFi_6
UE_015,0.00707,22.944,19.533,-39.295,0.00021095,10.407,2.2,4.57,-10.56,2.4e-05,0.0,0.0,87.46,6.5,WiFi_6
UE_016,0.00707,25.012,20.441,-42.075,8.052e-05,10.885,1.94,12.21,0.66,2.4e-05,0.0,0.0,87.46,6.8,WiFi_6
UE_017,0.00707,33.073,29.615,-37.105,8.432e-05,15.743,2.01,4.62,6.17,2.4e-05,0.0,0.0,87.46,9.84,WiFi_6
UE_018,0.00707,26.805,21.831,-40.244,1.171e-05,11.618,1.53,0.96,-9.7,2.4e-05,0.0,0.0,87.46,7.26,WiFi_6
UE_019,0.02891,2.342,-0.514,-48.85,0.15005696,1.468,1.76,30.2,4.3,9.6e-05,0.0,0.0,28.459,0.92,WiFi_6
UE_000,0.00707,25.069,21.519,-40.647,5.563e-05,11.454,1.95,2.65,-7.14,2.4e-05,0.0,0.0,87.46,7.16,WiFi_6
UE_001,0.00707,31.263,29.732,-36.037,6.963e-05,15.805,2.12,1.22,12.91,2.4e-05,0.0,0.0,87.46,9.88,WiFi_6
UE_002,0.00707,28.409,25.86,-38.869,0.00014923,13.751,1.95,5.74,-2.77,2.4e-05,0.0,0.0,87.46,8.59,WiFi_6
UE_003,0.00707,33.121,31.562,-37.877,0.00016174,16.777,1.63,1.3,10.9,2.4e-05,0.0,0.0,87.46,10.49,WiFi_6
UE_004,0.00707,7.732,3.182,-45.543,0.01000063,2.597,1.58,32.62,-12.65,2.4e-05,0.0,0.0,39.546,1.62,WiFi_6
UE_005,0.00707,28.259,26.136,-37.379,1.895e-05,13.897,1.63,2.38,-6.83,2.4e-05,0.0,0.0,87.46,8.69,WiFi_6
UE_006,0.00701,17.816,14.91,-41.29,0.00013288,7.998,2.26,0.12,-4.58,2.3e-05,0.0,0.0,74.731,5.0,WiFi_6
UE_007,0.00615,46.436,42.348,-31.396,3.445e-05,22.508,2.06,3.26,-13.54,2.1e-05,0.0,0.0,87.46,12.34,WiFi_6
UE_008,0.00707,40.011,35.197,-32.743,0.00010474,18.708,1.55,1.93,5.91,2.4e-05,0.0,0.0,87.46,11.69,WiFi_6
UE_009,0.00707,0.129,-2.548,-50.187,0.15001563,1.021,2.14,14.95,13.33,2.4e-05,0.0,0.0,22.356,0.64,WiFi_6
UE_010,0.01031,12.873,11.105,-46.069,0.00111945,6.075,1.95,1.58,5.77,3.4e-05,0.0,0.0,63.316,3.8,WiFi_6
UE_011,0.0096,15.063,10.494,-45.495,0.00100554,5.775,1.6,2.12,4.98,3.2e-05,0.0,0.0,61.481,3.61,WiFi_6
UE_012,0.01153,9.49,6.485,-44.861,0.00118471,3.915,1.5,17.17,7.5,3.8e-05,0.0,0.0,49.456,2.45,WiFi_6
UE_013,0.00707,13.191,9.896,-44.355,0.00100631,5.485,1.69,5.28,8.14,2.4e-05,0.0,0.0,59.687,3.43,WiFi_6
UE_014,0.00707,32.317,26.423,-36.112,7.495e-05,14.049,1.95,0.0,-4.18,2.4e-05,0.0,0.0,87.46,8.78,WiFi_6
UE_015,0.00707,45.215,42.848,-33.128,8.736e-05,22.774,1.53,1.32,-10.56,2.4e-05,0.0,0.0,87.46,12.34,WiFi_6
UE_016,0.00707,2.509,0.443,-47.788,0.01010968,1.721,1.56,18.42,0.66,2.4e-05,0.0,0.0,31.328,1.08,WiFi_6
UE_017,0.00707,33.915,29.589,-34.963,6.125e-05,15.729,1.94,0.43,6.17,2.4e-05,0.0,0.0,87.46,9.83,WiFi_6
UE_018,0.00707,26.285,23.598,-37.359,0.00018554,12.553,2.04,0.71,-9.7,2.4e-05,0.0,0.0,87.46,7.85,WiFi_6
UE_019,0.02901,8.707,4.949,-47.192,0.01000999,3.271,1.61,29.63,4.3,9.7e-05,0.0,0.0,44.848,2.04,WiFi_6
UE_000,0.00707,18.808,13.0,-42.032,0.00016793,7.022,1.82,0.25,-7.14,2.4e-05,0.0,0.0,69.0,4.39,WiFi_6
UE_001,0.00707,25.727,21.884,-39.823,0.0001021,11.646,2.01,12.46,12.91,2.4e-05,0.0,0.0,87.46,7.28,WiFi_6
UE_002,0.00707,18.869,16.352,-41.591,0.00014503,8.744,1.77,0.73,-2.77,2.4e-05,0.0,0.0,79.055,5.46,WiFi_6
UE_003,0.00707,16.522,14.121,-43.871,0.00020281,7.593,1.88,10.53,10.9,2.4e-05,0.0,0.0,72.363,4.75,WiFi_6
UE_004,0.00707,38.192,36.36,-36.739,0.0001357,19.326,1.83,2.02,-12.65,2.4e-05,0.0,0.0,87.46,12.08,WiFi_6
UE_005,0.00707,43.153,38.031,-31.642,6.981e-05,20.214,1.9,6.21,-6.83,2.4e-05,0.0,0.0,87.46,12.34,WiFi_6
UE_006,0.00707,29.849,24.856,-38.526,0.00015801,13.219,1.61,6.95,-4.58,2.4e-05,0.0,0.0,87.46,8.26,WiFi_6
UE_007,0.00707,43.537,39.022,-32.683,0.00012425,20.741,1.86,4.31,-13.54,2.4e-05,0.0,0.0,87.46,12.34,WiFi_6
UE_008,0.00707,29.645,26.421,-38.306,6.913e-05,14.048,1.77,7.64,5.91,2.4e-05,0.0,0.0,87.46,8.78,WiFi_6
UE_009,0.00707,30.847,27.847,-38.245,0.00013482,14.805,2.17,2.44,13.33,2.4e-05,0.0,0.0,87.46,9.25,WiFi_6
UE_010,0.00685,42.258,38.935,-33.893,7.301e-05,20.695,1.87,2.39,5.77,2.3e-05,0.0,0.0,87.46,12.34,WiFi_6
UE_011,0.00801,37.366,34.466,-35.275,8.141e-05,18.32,1.68,2.66,4.98,2.7e-05,0.0,0.0,87.46,11.45,WiFi_6
UE_012,0.0051,26.515,23.85,-38.127,9.999e-05,12.686,1.92,5.25,7.5,1.7e-05,0.0,0.0,87.46,7.93,WiFi_6
UE_013,0.00707,37.727,35.153,-35.658,4.303e-05,18.685,2.06,1.89,8.14,2.4e-05,0.0,0.0,87.46,11.68,WiFi_6
UE_014,0.00707,21.504,18.001,-40.676,0.00018443,9.604,2.16,0.08,-4.18,2.4e-05,0.0,0.0,84.003,6.0,WiFi_6
UE_015,0.00707,42.45,38.418,-33.699,3.006e-05,20.42,1.52,3.27,-10.56,2.4e-05,0.0,0.0,87.46,12.34,WiFi_6
UE_016,0.00707,36.967,36.603,-34.265,2.079e-05,19.455,1.72,0.84,0.66,2.4e-05,0.0,0.0,87.46,12.16,WiFi_6
UE_017,0.00707,33.665,27.888,-36.404,9.49e-06,14.827,2.16,5.69,6.17,2.4e-05,0.0,0.0,87.46,9.27,WiFi_6
UE_018,0.00707,12.032,8.094,-43.834,0.00107588,4.635,1.98,7.5,-9.7,2.4e-05,0.0,0.0,54.282,2.9,WiFi_6
UE_019,0.02568,15.213,13.431,-46.154,0.00025443,7.241,1.52,1.8,4.3,8.6e-05,0.0,0.0,70.293,4.53,WiFi_6
UE_000,0.00707,14.391,10.951,-43.284,0.00103795,5.999,1.76,6.99,-7.14,2.4e-05,0.0,0.0,62.853,3.75,WiFi_6
UE_001,0.00707,56.424,54.07,-26.638,0.00010045,28.739,1.74,1.19,12.91,2.4e-05,0.0,0.0,87.46,12.34,WiFi_6
UE_002,0.00707,34.758,30.185,-36.496,7.286e-05,16.046,1.71,0.91,-2.77,2.4e-05,0.0,0.0,87.46,10.03,WiFi_6
UE_003,0.00707,28.987,25.109,-37.914,2.24e-05,13.353,2.24,4.6,10.9,2.4e-05,0.0,0.0,87.46,8.35,WiFi_6
UE_004,0.00707,37.25,36.549,-34.202,4.645e-05,19.427,1.86,7.07,-12.65,2.4e-05,0.0,0.0,87.46,12.14,WiFi_6
UE_005,0.00707,34.313,31.316,-36.945,9.22e-05,16.646,2.16,0.03,-6.83,2.4e-05,0.0,0.0,87.46,10.4,WiFi_6
UE_006,0.00707,31.822,29.626,-36.705,2.629e-05,15.749,1.88,2.34,-4.58,2.4e-05,0.0,0.0,87.46,9.84,WiFi_6
UE_007,0.00707,35.388,33.368,-34.866,6.532e-05,17.736,1.56,1.79,-13.54,2.4e-05,0.0,0.0,87.46,11.09,WiFi_6
UE_008,0.00707,52.173,47.575,-29.531,0.00021302,25.287,2.17,0.46,5.91,2.4e-05,0.0,0.0,87.46,12.34,WiFi_6
UE_009,0.00707,25.199,21.611,-39.435,8.815e-05,11.502,2.07,2.7,13.33,2.4e-05,0.0,0.0,87.46,7.19,WiFi_6
UE_010,0.00501,30.057,27.187,-37.821,5.823e-05,14.455,1.6,5.63,5.77,1.7e-05,0.0,0.0,87.46,9.03,WiFi_6
UE_011,0.00661,26.742,22.757,-39.794,0.00013565,12.108,1.53,1.45,4.98,2.2e-05,0.0,0.0,87.46,7.57,WiFi_6
UE_012,0.00707,37.976,33.269,-34.251,0.00010641,17.684,2.0,0.31,-7.2,2.4e-05,0.0,0.0,87.46,11.05,WiFi_6
UE_013,0.00707,23.334,21.505,-40.986,5.249e-05,11.447,2.21,5.68,8.14,2.4e-05,0.0,0.0,87.46,7.15,WiFi_6
UE_014,0.00707,35.409,29.695,-34.096,4.84e-05,15.786,2.11,0.09,-4.18,2.4e-05,0.0,0.0,87.46,9.87,WiFi_6
UE_015,0.00707,14.084,7.73,-43.138,0.0010637,4.468,1.69,3.16,-10.56,2.4e-05,0.0,0.0,53.19,2.79,WiFi_6
UE_016,0.00707,36.931,32.888,-36.04,0.00021272,17.482,2.01,0.56,0.66,2.4e-05,0.0,0.0,87.46,10.93,WiFi_6
UE_017,0.00707,42.094,36.254,-33.047,9.759e-05,19.27,1.88,4.33,6.17,2.4e-05,0.0,0.0,87.46,12.04,WiFi_6
UE_018,0.00707,22.593,18.216,-41.143,0.00020425,9.717,1.58,2.82,-9.7,2.4e-05,0.0,0.0,84.649,6.07,WiFi_6
UE_019,0.01802,10.747,7.043,-44.847,0.00112917,4.16,1.71,0.3,4.3,6e-05,0.0,0.0,51.13,2.6,WiFi_6
UE_000,0.00707,23.767,19.907,-40.337,0.0002975,10.604,2.08,6.07,-7.14,2.4e-05,0.0,0.0,87.46,6.63,WiFi_6
UE_001,0.00707,38.191,36.302,-33.781,0.00010344,19.295,1.58,4.48,12.91,2.4e-05,0.0,0.0,87.46,12.06,WiFi_6
UE_002,0.00707,29.69,24.842,-37.113,8.035e-05,13.211,1.65,0.82,-2.77,2.4e-05,0.0,0.0,87.46,8.26,WiFi_6
UE_003,0.00707,41.656,38.475,-33.016,7.914e-05,20.45,2.06,7.8,10.9,2.4e-05,0.0,0.0,87.46,12.34,WiFi_6
UE_004,0.00707,36.679,35.199,-35.19,2.034e-05,18.709,1.73,0.23,-12.65,2.4e-05,0.0,0.0,87.46,11.69,WiFi_6
UE_005,0.00707,46.23,42.571,-31.938,0.00013782,22.627,1.6,3.46,-6.83,2.4e-05,0.0,0.0,87.46,12.34,WiFi_6
UE_006,0.00707,17.878,15.335,-42.961,0.00016819,8.217,1.98,3.86,-4.58,2.4e-05,0.0,0.0,76.006,5.14,WiFi_6
UE_007,0.00707,33.97,29.054,-37.084,0.00018515,15.445,1.83,0.56,-13.54,2.4e-05,0.0,0.0,87.46,9.65,WiFi_6
UE_008,0.00707,15.539,12.069,-41.683,0.00010334,6.554,1.51,0.21,5.91,2.4e-05,0.0,0.0,66.206,4.1,WiFi_6
UE_009,0.00707,13.209,10.964,-44.424,0.00103624,6.005,2.15,0.38,13.33,2.4e-05,0.0,0.0,62.891,3.75,WiFi_6
UE_010,0.0064,47.382,42.2,-32.729,7.352e-05,22.43,1.66,3.04,5.77,2.1e-05,0.0,0.0,87.46,12.34,WiFi_6
UE_011,0.00554,27.938,24.281,-40.057,5.893e-05,12.914,2.04,1.23,4.98,1.8e-05,0.0,0.0,87.46,8.07,WiFi_6
UE_012,0.00403,30.567,28.071,-35.658,5.184e-05,14.923,1.93,1.28,-7.2,1.3e-05,0.0,0.0,87.46,9.33,WiFi_6
UE_013,0.00707,22.251,15.692,-41.798,0.00019234,8.402,2.21,0.19,8.14,2.4e-05,0.0,0.0,77.076,5.25,WiFi_6
UE_014,0.00707,41.049,37.403,-33.486,4.944e-05,19.881,2.27,4.64,-4.18,2.4e-05,0.0,0.0,87.46,12.34,WiFi_6
UE_015,0.00707,16.8,15.319,-43.669,0.00022619,8.209,1.85,2.32,-10.56,2.4e-05,0.0,0.0,75.956,5.13,WiFi_6
UE_016,0.00707,19.856,17.721,-41.101,0.00020209,9.458,1.7,4.32,0.66,2.4e-05,0.0,0.0,83.163,5.91,WiFi_6
UE_017,0.00707,14.118,10.292,-44.221,0.00101754,5.677,2.14,0.87,6.17,2.4e-05,0.0,0.0,60.877,3.55,WiFi_6
UE_018,0.00707,33.567,29.823,-36.77,1.783e-05,15.854,1.91,3.34,-9.7,2.4e-05,0.0,0.0,87.46,9.91,WiFi_6
UE_019,0.01228,18.545,15.963,-43.386,0.00017979,8.542,2.03,2.22,4.3,4.1e-05,0.0,0.0,77.89,5.34,WiFi_6
UE_000,0.00707,37.139,32.083,-33.413,1.279e-05,17.054,1.91,0.3,-7.14,2.4e-05,0.0,0.0,87.46,10.66,WiFi_6
UE_001,0.00707,17.032,13.39,-42.51,0.00011093,7.22,2.2,14.27,12.91,2.4e-05,0.0,0.0,70.169,4.51,WiFi_6
UE_002,0.00707,35.101,30.881,-36.464,4.407e-05,16.415,1.54,0.87,-2.77,2.4e-05,0.0,0.0,87.46,10.26,WiFi_6
UE_003,0.00707,35.119,32.149,-35.38,0.00011411,17.089,1.69,3.96,10.9,2.4e-05,0.0,0.0,87.46,10.68,WiFi_6
UE_004,0.00707,23.483,19.217,-41.166,0.00022976,10.241,1.56,4.32,-12.65,2.4e-05,0.0,0.0,87.46,6.4,WiFi_6
UE_005,0.00707,24.824,23.062,-40.804,9e-05,12.269,1.91,0.47,-6.83,2.4e-05,0.0,0.0,87.46,7.67,WiFi_6
UE_006,0.00707,38.343,34.541,-33.876,6.934e-05,18.36,2.14,2.56,-4.58,2.4e-05,0.0,0.0,87.46,11.47,WiFi_6
UE_007,0.00707,25.922,23.992,-41.597,4.534e-05,12.761,2.11,1.95,-13.66,2.4e-05,0.0,0.0,87.46,7.98,WiFi_6
UE_008,0.00707,52.6,49.357,-28.854,1.977e-05,26.233,1.98,0.83,5.91,2.4e-05,0.0,0.0,87.46,12.34,WiFi_6
UE_009,0.00707,6.784,3.658,-47.658,0.01009435,2.771,1.56,30.84,13.33,2.4e-05,0.0,0.0,40.973,1.73,WiFi_6
UE_010,0.00707,19.305,17.349,-42.665,0.00012904,9.263,2.15,2.19,5.77,2.4e-05,0.0,0.0,82.047,5.79,WiFi_6
UE_011,0.00502,52.793,49.038,-29.5,1.967e-05,26.064,2.03,0.47,0.51,1.7e-05,0.0,0.0,87.46,12.34,WiFi_6
UE_012,0.01433,16.921,14.904,-44.233,0.00026004,7.995,1.75,1.53,-7.2,4.8e-05,0.0,0.0,74.713,5.0,WiFi_6
UE_013,0.00707,20.488,18.324,-41.764,0.00027832,9.773,1.56,2.7,8.14,2.4e-05,0.0,0.0,84.973,6.11,WiFi_6
UE_014,0.00707,27.852,25.935,-37.581,5.207e-05,13.791,2.19,8.93,-4.18,2.4e-05,0.0,0.0,87.46,8.62,WiFi_6
UE_015,0.00707,23.032,16.785,-41.024,0.00016937,8.97,2.08,1.59,-10.56,2.4e-05,0.0,0.0,80.356,5.61,WiFi_6
UE_016,0.00707,20.058,18.871,-41.051,0.00010819,10.06,1.77,0.76,0.66,2.4e-05,0.0,0.0,86.614,6.29,WiFi_6
UE_017,0.00707,32.99,28.141,-37.209,0.0001831,14.961,1.89,1.85,6.17,2.4e-05,0.0,0.0,87.46,9.35,WiFi_6
UE_018,0.00707,41.911,39.946,-33.87,4.71e-05,21.232,1.57,1.51,-9.7,2.4e-05,0.0,0.0,87.46,12.34,WiFi_6
UE_019,0.00832,10.184,6.664,-45.251,0.00108883,3.992,1.92,1.33,4.3,2.8e-05,0.0,0.0,49.991,2.5,WiFi_6
UE_000,0.00707,22.763,17.649,-38.783,0.00015228,9.42,1.56,3.72,-7.14,2.4e-05,0.0,0.0,82.947,5.89,WiFi_6
UE_001,0.00707,22.565,19.72,-42.068,0.00014795,10.506,2.11,0.69,12.91,2.4e-05,0.0,0.0,87.46,6.57,WiFi_6
UE_002,0.00707,34.638,31.895,-35.323,2.772e-05,16.954,1.83,5.49,-2.77,2.4e-05,0.0,0.0,87.46,10.6,WiFi_6
UE_003,0.00707,37.131,32.75,-36.462,2.148e-05,17.408,2.18,5.51,-9.58,2.4e-05,0.0,0.0,87.46,10.88,WiFi_6
UE_004,0.00707,13.685,10.438,-45.181,0.0011468,5.748,1.78,2.11,-12.65,2.4e-05,0.0,0.0,61.314,3.59,WiFi_6
UE_005,0.00707,31.943,29.877,-36.885,7.87e-06,15.882,1.79,2.81,-6.83,2.4e-05,0.0,0.0,87.46,9.93,WiFi_6
UE_006,0.00707,34.565,33.59,-38.66,0.00011301,17.855,1.71,3.64,-4.58,2.4e-05,0.0,0.0,87.46,11.16,WiFi_6
UE_007,0.00639,33.581,31.659,-38.683,2.633e-05,16.828,1.54,0.58,-13.66,2.1e-05,0.0,0.0,87.46,10.52,WiFi_6
UE_008,0.00707,33.827,29.879,-35.83,9.028e-05,15.883,1.79,4.7,5.91,2.4e-05,0.0,0.0,87.46,9.93,WiFi_6
UE_009,0.00707,19.108,16.298,-41.062,0.00016025,8.716,1.81,0.95,-3.19,2.4e-05,0.0,0.0,78.894,5.45,WiFi_6
UE_010,0.00707,13.764,9.92,-45.009,0.00109105,5.496,1.93,3.43,5.77,2.4e-05,0.0,0.0,59.759,3.44,WiFi_6
UE_011,0.00707,23.873,18.677,-38.11,0.00018885,9.958,2.1,1.61,0.51,2.4e-05,0.0,0.0,86.03,6.22,WiFi_6
UE_012,0.02484,6.985,4.051,-47.011,0.01006971,2.919,1.55,14.11,-7.2,8.3e-05,0.0,0.0,42.153,1.82,WiFi_6
UE_013,0.00707,33.04,29.544,-37.485,4.969e-05,15.706,1.91,0.95,8.46,2.4e-05,0.0,0.0,87.46,9.82,WiFi_6
UE_014,0.00707,24.672,19.06,-40.78,0.00022105,10.159,1.7,3.91,-4.18,2.4e-05,0.0,0.0,87.179,6.35,WiFi_6
UE_015,0.00707,26.315,23.976,-39.845,0.00022382,12.753,2.23,8.18,-10.56,2.4e-05,0.0,0.0,87.46,7.97,WiFi_6
UE_016,0.00707,24.343,19.851,-41.139,0.00017262,10.575,1.79,7.01,0.66,2.4e-05,0.0,0.0,87.46,6.61,WiFi_6
UE_017,0.00707,4.27,0.227,-48.734,0.01006458,1.661,1.81,13.24,6.17,2.4e-05,0.0,0.0,30.68,1.04,WiFi_6
UE_018,0.00707,46.276,43.008,-33.838,1.57e-06,22.859,1.98,3.07,-9.7,2.4e-05,0.0,0.0,87.46,12.34,WiFi_6
UE_019,0.00516,38.076,34.506,-35.732,0.00018592,18.341,2.0,1.25,4.3,1.7e-05,0.0,0.0,87.46,11.46,WiFi_6
UE_000,0.00707,33.551,30.13,-37.129,9.1e-06,16.017,1.62,0.45,-7.14,2.4e-05,0.0,0.0,87.46,10.01,WiFi_6
UE_001,0.00707,31.181,26.153,-37.534,0.0001377,13.906,1.6,1.39,12.91,2.4e-05,0.0,0.0,87.46,8.69,WiFi_6
UE_002,0.00707,25.265,22.988,-38.139,3.411e-05,12.23,1.58,1.7,-2.77,2.4e-05,0.0,0.0,87.46,7.64,WiFi_6
UE_003,0.00858,25.047,23.91,-39.864,0.00026302,12.718,2.17,10.25,-9.58,2.9e-05,0.0,0.0,87.46,7.95,WiFi_6
UE_004,0.00707,26.964,22.402,-39.283,0.00013364,11.92,1.99,7.18,-12.65,2.4e-05,0.0,0.0,87.46,7.45,WiFi_6
UE_005,0.00707,38.636,34.264,-34.888,5.336e-05,18.212,2.17,0.07,-6.83,2.4e-05,0.0,0.0,87.46,11.38,WiFi_6
UE_006,0.00707,29.393,24.351,-39.562,1.672e-05,12.951,1.78,4.1,-4.2,2.4e-05,0.0,0.0,87.46,8.09,WiFi_6
UE_007,0.00581,37.547,34.202,-34.744,0.00013813,18.179,2.24,6.2,-13.66,1.9e-05,0.0,0.0,87.46,11.36,WiFi_6
UE_008,0.00707,38.084,34.095,-33.388,3.038e-05,18.123,1.86,0.43,5.91,2.4e-05,0.0,0.0,87.46,11.33,WiFi_6
UE_009,0.01252,20.539,17.453,-43.41,0.00012634,9.318,1.89,1.21,-3.19,4.2e-05,0.0,0.0,82.36,5.82,WiFi_6
UE_010,0.00707,19.057,16.417,-42.468,0.00020532,8.778,2.21,8.9,5.77,2.4e-05,0.0,0.0,79.252,5.49,WiFi_6
UE_011,0.00707,11.987,9.423,-44.745,0.00115817,5.258,1.69,5.57,0.51,2.4e-05,0.0,0.0,58.268,3.29,WiFi_6
UE_012,0.02554,3.954,2.248,-49.275,0.01009547,2.274,2.26,16.27,-7.2,8.5e-05,0.0,0.0,36.744,1.42,WiFi_6
UE_013,0.00707,34.594,30.272,-36.966,0.00018405,16.092,2.04,13.28,8.46,2.4e-05,0.0,0.0,87.46,10.06,WiFi_6
UE_014,0.00707,33.126,29.811,-37.237,1.713e-05,15.847,2.03,3.79,-4.18,2.4e-05,0.0,0.0,87.46,9.9,WiFi_6
UE_015,0.00707,23.602,22.191,-42.337,4.86e-05,11.809,2.21,2.91,-10.56,2.4e-05,0.0,0.0,87.46,7.38,WiFi_6
UE_016,0.00707,41.133,38.275,-34.31,4.005e-05,20.344,1.91,0.63,0.66,2.4e-05,0.0,0.0,87.46,12.34,WiFi_6
UE_017,0.00707,16.261,14.936,-44.644,0.00028388,8.012,2.06,1.51,6.17,2.4e-05,0.0,0.0,74.809,5.01,WiFi_6
UE_018,0.00707,23.684,22.284,-40.024,2.09e-06,11.857,2.05,9.35,-9.7,2.4e-05,0.0,0.0,87.46,7.41,WiFi_6
UE_019,0.00646,23.771,19.271,-39.677,0.00039972,10.27,2.11,0.17,4.3,2.2e-05,0.0,0.0,87.46,6.42,WiFi_6
UE_000,0.00707,13.339,8.577,-43.991,0.00106586,4.859,1.69,0.52,-7.14,2.4e-05,0.0,0.0,55.73,3.04,WiFi_6
UE_001,0.00707,30.497,27.237,-37.043,0.00017649,14.481,1.67,1.36,12.91,2.4e-05,0.0,0.0,87.46,9.05,WiFi_6
UE_002,0.00707,47.55,44.413,-31.508,2.884e-05,23.606,1.53,6.67,-2.77,2.4e-05,0.0,0.0,87.46,12.34,WiFi_6
UE_003,0.0196,16.885,14.041,-43.188,0.00012466,7.552,2.24,0.07,-9.58,6.5e-05,0.0,0.0,72.122,4.72,WiFi_6
UE_004,0.00707,26.759,22.956,-40.12,8.88e-06,12.213,1.88,4.37,-12.65,2.4e-05,0.0,0.0,87.46,7.63,WiFi_6
UE_005,0.00707,38.896,36.775,-34.283,0.00011855,19.547,2.24,7.64,-6.83,2.4e-05,0.0,0.0,87.46,12.22,WiFi_6
UE_006,0.00518,24.582,20.735,-39.4,7.543e-05,11.04,1.9,0.92,-4.2,1.7e-05,0.0,0.0,87.46,6.9,WiFi_6
UE_007,0.00536,30.031,26.078,-38.691,8.955e-05,13.866,2.27,1.54,11.62,1.8e-05,0.0,0.0,87.46,8.67,WiFi_6
UE_008,0.00707,34.578,29.612,-36.347,0.00012582,15.742,1.6,2.14,6.69,2.4e-05,0.0,0.0,87.46,9.84,WiFi_6
UE_009,0.02027,8.16,5.558,-48.304,0.01001009,3.521,1.79,21.06,-3.19,6.8e-05,0.0,0.0,46.675,2.2,WiFi_6
UE_010,0.00707,23.722,20.133,-39.412,0.00013762,10.723,2.13,0.48,5.77,2.4e-05,0.0,0.0,87.46,6.7,WiFi_6
UE_011,0.00707,15.064,10.079,-43.822,0.00108318,5.573,2.21,3.64,0.51,2.4e-05,0.0,0.0,60.238,3.48,WiFi_6
UE_012,0.02469,-18.605,-21.714,-58.167,0.15001428,0.016,1.78,31.93,-7.2,8.2e-05,0.0,0.0,15.26,0.1,WiFi_6
UE_013,0.00707,21.435,18.84,-41.302,0.00010967,10.044,1.96,0.16,8.46,2.4e-05,0.0,0.0,86.52,6.28,WiFi_6
UE_014,0.00707,28.273,24.423,-38.653,3.79e-06,12.989,1.94,2.06,-4.18,2.4e-05,0.0,0.0,87.46,8.12,WiFi_6
UE_015,0.00707,18.377,14.859,-43.041,0.0001825,7.972,1.81,0.2,-10.56,2.4e-05,0.0,0.0,74.576,4.98,WiFi_6
UE_016,0.00707,30.876,27.18,-37.514,1.413e-05,14.451,2.08,2.58,0.66,2.4e-05,0.0,0.0,87.46,9.03,WiFi_6
UE_017,0.00707,52.668,48.715,-29.393,4.704e-05,25.893,1.62,0.17,6.17,2.4e-05,0.0,0.0,87.46,12.34,WiFi_6
UE_018,0.00707,10.738,6.166,-46.271,0.00107069,3.777,1.56,4.42,-9.7,2.4e-05,0.0,0.0,48.499,2.36,WiFi_6
UE_019,0.00707,37.419,35.158,-35.8,0.00014556,18.688,1.56,6.47,4.3,2.4e-05,0.0,0.0,87.46,11.68,WiFi_6
UE_000,0.00707,34.916,29.204,-35.158,3.324e-05,15.525,2.16,2.23,-7.14,2.4e-05,0.0,0.0,87.46,9.7,WiFi_6
UE_001,0.00707,12.852,8.915,-45.376,0.00102331,5.017,2.22,1.77,12.91,2.4e-05,0.0,0.0,56.746,3.14,WiFi_6
UE_002,0.00707,18.629,15.867,-42.734,0.00013726,8.493,1.76,0.98,-4.44,2.4e-05,0.0,0.0,77.602,5.31,WiFi_6
UE_003,0.01972,35.087,30.97,-35.171,0.00013338,16.463,2.24,4.27,-9.58,6.6e-05,0.0,0.0,87.46,10.29,WiFi_6
UE_004,0.00707,18.165,14.043,-42.033,0.00019304,7.553,1.59,2.29,-12.65,2.4e-05,0.0,0.0,72.128,4.72,WiFi_6
UE_005,0.00707,33.249,29.776,-35.826,7.454e-05,15.829,2.23,0.21,-6.83,2.4e-05,0.0,0.0,87.46,9.89,WiFi_6
UE_006,0.0055,31.12,29.37,-37.99,1.379e-05,15.613,1.66,1.38,-4.2,1.8e-05,0.0,0.0,87.46,9.76,WiFi_6
UE_007,0.01076,26.853,24.582,-39.225,0.0001313,13.073,2.17,2.64,11.62,3.6e-05,0.0,0.0,87.46,8.17,WiFi_6
UE_008,0.00707,28.514,24.827,-38.657,9.461e-05,13.203,2.22,5.84,4.85,2.4e-05,0.0,0.0,87.46,8.25,WiFi_6
UE_009,0.00743,32.26,27.04,-38.656,0.00018647,14.377,1.7,1.19,-3.19,2.5e-05,0.0,0.0,87.46,8.99,WiFi_6
UE_010,0.00707,38.632,33.418,-33.64,3.528e-05,17.763,1.89,3.35,5.77,2.4e-05,0.0,0.0,87.46,11.1,WiFi_6
UE_011,0.00707,17.243,14.796,-43.26,0.00019368,7.939,1.98,2.56,0.51,2.4e-05,0.0,0.0,74.387,4.96,WiFi_6
UE_012,0.02194,-3.712,-7.815,-52.427,0.15014552,0.353,1.61,12.17,-7.2,7.3e-05,0.0,0.0,15.26,0.22,WiFi_6
UE_013,0.00707,36.084,32.691,-35.419,0.0002156,17.377,2.24,0.79,8.46,2.4e-05,0.0,0.0,87.46,10.86,WiFi_6
UE_014,0.00707,46.033,40.046,-30.83,2.148e-05,21.285,1.5,1.26,-4.18,2.4e-05,0.0,0.0,87.46,12.34,WiFi_6
UE_015,0.00707,31.102,26.822,-35.972,9.781e-05,14.261,1.76,1.05,-10.56,2.4e-05,0.0,0.0,87.46,8.91,WiFi_6
UE_016,0.00707,16.376,10.029,-43.487,0.0010386,5.549,2.07,8.32,0.66,2.4e-05,0.0,0.0,60.087,3.47,WiFi_6
UE_017,0.00707,34.027,32.217,-34.693,0.00011723,17.125,1.68,2.19,6.17,2.4e-05,0.0,0.0,87.46,10.7,WiFi_6
UE_018,0.00707,23.558,22.754,-41.329,2.255e-05,12.106,1.58,2.05,-9.7,2.4e-05,0.0,0.0,87.46,7.57,WiFi_6
UE_019,0.00707,17.276,11.13,-44.126,0.00112783,6.087,1.97,0.2,4.3,2.4e-05,0.0,0.0,63.391,3.8,WiFi_6
UE_000,0.00707,0.304,-3.304,-50.473,0.15011451,0.885,1.55,14.84,-4.94,2.4e-05,0.0,0.0,20.089,0.55,WiFi_6
UE_001,0.00707,47.069,43.289,-30.518,4.067e-05,23.008,1.85,0.47,12.91,2.4e-05,0.0,0.0,87.46,12.34,WiFi_6
UE_002,0.00707,27.426,24.212,-37.589,8.391e-05,12.877,1.96,1.69,-4.44,2.4e-05,0.0,0.0,87.46,8.05,WiFi_6
UE_003,0.00869,24.479,21.5,-39.36,8.73e-06,11.444,1.98,0.69,-9.58,2.9e-05,0.0,0.0,87.46,7.15,WiFi_6
UE_004,0.00707,37.269,32.278,-34.62,4.62e-05,17.158,1.93,4.27,-12.65,2.4e-05,0.0,0.0,87.46,10.72,WiFi_6
UE_005,0.00707,25.488,21.053,-38.47,0.00011272,11.208,2.02,3.64,-6.83,2.4e-05,0.0,0.0,87.46,7.0,WiFi_6
UE_006,0.00777,31.646,29.894,-36.698,0.00021853,15.892,1.9,0.49,-4.2,2.6e-05,0.0,0.0,87.46,9.93,WiFi_6
UE_007,0.02457,-1.435,-7.084,-50.715,0.15004763,0.413,1.99,24.34,11.62,8.2e-05,0.0,0.0,15.26,0.26,WiFi_6
UE_008,0.00707,20.193,18.266,-42.641,0.00015997,9.743,1.52,0.46,4.85,2.4e-05,0.0,0.0,84.797,6.09,WiFi_6
UE_009,0.01204,28.711,24.964,-38.255,3.93e-06,13.276,2.11,3.33,-3.19,4e-05,0.0,0.0,87.46,8.3,WiFi_6
UE_010,0.00707,36.222,31.871,-37.332,2.391e-05,16.941,1.58,6.74,5.77,2.4e-05,0.0,0.0,87.46,10.59,WiFi_6
UE_011,0.00707,33.828,29.626,-36.055,0.00026034,15.749,1.61,5.32,0.51,2.4e-05,0.0,0.0,87.46,9.84,WiFi_6
UE_012,0.01715,25.743,20.731,-39.563,0.00014634,11.038,2.24,1.54,-7.2,5.7e-05,0.0,0.0,87.46,6.9,WiFi_6
UE_013,0.00707,19.827,16.04,-42.014,0.00021598,8.582,2.26,0.79,8.46,2.4e-05,0.0,0.0,78.119,5.36,WiFi_6
UE_014,0.00707,20.364,16.406,-44.596,0.00013882,8.772,1.85,1.01,-4.18,2.4e-05,0.0,0.0,79.219,5.48,WiFi_6
UE_015,0.00707,23.841,19.848,-41.589,0.00016842,10.573,1.63,0.97,-10.56,2.4e-05,0.0,0.0,87.46,6.61,WiFi_6
UE_016,0.00707,20.747,15.274,-41.601,0.00012027,8.186,2.06,1.4,0.66,2.4e-05,0.0,0.0,75.821,5.12,WiFi_6
UE_017,0.00707,30.796,26.423,-36.145,5.58e-06,14.049,2.01,4.01,6.17,2.4e-05,0.0,0.0,87.46,8.78,WiFi_6
UE_018,0.00707,21.79,19.278,-41.715,0.00017775,10.273,2.23,8.49,-9.7,2.4e-05,0.0,0.0,87.46,6.42,WiFi_6
UE_019,0.00707,17.565,13.108,-43.264,0.0002462,7.077,2.14,15.15,4.3,2.4e-05,0.0,0.0,69.325,4.42,WiFi_6
UE_000,0.00529,12.743,7.384,-45.579,0.00106941,4.312,2.24,1.08,-4.94,1.8e-05,0.0,0.0,52.153,2.69,WiFi_6
UE_001,0.00707,30.322,24.633,-38.44,7.581e-05,13.1,2.19,6.57,12.91,2.4e-05,0.0,0.0,87.46,8.19,WiFi_6
UE_002,0.00707,26.743,21.861,-40.01,1.8e-05,11.634,1.92,1.35,-4.44,2.4e-05,0.0,0.0,87.46,7.27,WiFi_6
UE_003,0.00698,25.527,22.102,-40.836,0.00015318,11.761,2.09,4.58,-9.58,2.3e-05,0.0,0.0,87.46,7.35,WiFi_6
UE_004,0.00707,26.596,23.93,-38.143,3.602e-05,12.728,1.7,2.13,-12.65,2.4e-05,0.0,0.0,87.46,7.96,WiFi_6
UE_005,0.00707,40.121,35.322,-34.465,4.096e-05,18.775,1.77,0.61,-6.83,2.4e-05,0.0,0.0,87.46,11.73,WiFi_6
UE_006,0.01082,25.785,24.443,-40.054,4.057e-05,13.0,1.87,6.96,-4.2,3.6e-05,0.0,0.0,87.46,8.13,WiFi_6
UE_007,0.01246,19.158,14.677,-42.765,0.00018038,7.878,2.18,0.13,11.62,4.2e-05,0.0,0.0,74.032,4.92,WiFi_6
UE_008,0.00707,23.457,20.354,-41.401,8.926e-05,10.839,1.76,15.54,4.85,2.4e-05,0.0,0.0,87.46,6.77,WiFi_6
UE_009,0.01576,28.147,24.615,-37.926,4.334e-05,13.091,1.65,1.47,-3.19,5.3e-05,0.0,0.0,87.46,8.18,WiFi_6
UE_010,0.00707,23.283,21.665,-41.278,0.00010612,11.531,1.95,2.82,5.77,2.4e-05,0.0,0.0,87.46,7.21,WiFi_6
UE_011,0.00707,8.904,4.978,-45.659,0.01010205,3.283,2.19,34.06,0.51,2.4e-05,0.0,0.0,44.935,2.05,WiFi_6
UE_012,0.01198,30.351,24.858,-36.006,5.848e-05,13.22,1.67,0.82,-7.2,4e-05,0.0,0.0,87.46,8.26,WiFi_6
UE_013,0.00707,28.357,25.333,-39.231,0.00019975,13.472,2.2,0.51,7.05,2.4e-05,0.0,0.0,87.46,8.42,WiFi_6
UE_014,0.00707,42.468,40.241,-34.93,0.00014906,21.389,2.25,3.82,-4.18,2.4e-05,0.0,0.0,87.46,12.34,WiFi_6
UE_015,0.00707,28.522,25.826,-39.207,0.00019203,13.733,2.01,4.44,-10.56,2.4e-05,0.0,0.0,87.46,8.58,WiFi_6
UE_016,0.00707,44.289,40.784,-33.826,9.133e-05,21.677,2.13,2.71,0.66,2.4e-05,0.0,0.0,87.46,12.34,WiFi_6
UE_017,0.00707,22.706,18.218,-42.021,0.00012485,9.717,1.97,1.11,6.15,2.4e-05,0.0,0.0,84.653,6.07,WiFi_6
UE_018,0.00707,36.66,31.438,-33.907,0.00033866,16.711,1.56,4.21,-9.7,2.4e-05,0.0,0.0,87.46,10.44,WiFi_6
UE_019,0.00707,42.806,38.429,-31.886,6.111e-05,20.426,2.1,1.43,4.3,2.4e-05,0.0,0.0,87.46,12.34,WiFi_6
UE_000,0.00981,12.124,9.864,-44.641,0.00106079,5.469,1.95,3.32,-4.94,3.3e-05,0.0,0.0,59.591,3.42,WiFi_6
UE_001,0.00707,38.2,34.205,-35.33,6.26e-06,18.181,1.54,1.05,12.91,2.4e-05,0.0,0.0,87.46,11.36,WiFi_6
UE_002,0.00707,34.047,31.982,-35.437,5.538e-05,17.0,1.51,1.64,-4.44,2.4e-05,0.0,0.0,87.46,10.63,WiFi_6
UE_003,0.00707,29.838,26.381,-39.246,0.00010541,14.027,1.8,1.09,-9.58,2.4e-05,0.0,0.0,87.46,8.77,WiFi_6
UE_004,0.00707,28.877,24.641,-37.519,0.00017204,13.105,2.06,0.45,-12.65,2.4e-05,0.0,0.0,87.46,8.19,WiFi_6
UE_005,0.00707,32.119,28.102,-37.671,5.899e-05,14.94,1.96,0.05,-6.83,2.4e-05,0.0,0.0,87.46,9.34,WiFi_6
UE_006,0.01416,4.573,1.511,-47.666,0.01005578,2.036,2.07,21.73,-4.2,4.7e-05,0.0,0.0,34.533,1.27,WiFi_6
UE_007,0.00589,40.823,35.642,-34.512,1.692e-05,18.945,2.21,0.92,11.62,2e-05,0.0,0.0,87.46,11.84,WiFi_6
UE_008,0.00707,12.389,7.922,-45.321,0.00114115,4.556,1.96,3.87,4.85,2.4e-05,0.0,0.0,53.766,2.85,WiFi_6
UE_009,0.01958,34.313,33.06,-35.347,0.0001152,17.573,2.22,2.9,-3.19,6.5e-05,0.0,0.0,87.46,10.98,WiFi_6
UE_010,0.00707,20.199,18.986,-40.953,0.00013027,10.12,1.65,0.53,5.77,2.4e-05,0.0,0.0,86.958,6.33,WiFi_6
UE_011,0.00707,35.086,33.617,-35.706,9.827e-05,17.869,1.6,1.41,0.51,2.4e-05,0.0,0.0,87.46,11.17,WiFi_6
UE_012,0.00734,34.238,31.385,-37.536,0.00010926,16.683,1.63,0.71,-7.2,2.4e-05,0.0,0.0,87.46,10.43,WiFi_6
UE_013,0.00843,18.209,14.315,-41.803,0.00028324,7.693,1.92,13.28,7.05,2.8e-05,0.0,0.0,72.946,4.81,WiFi_6
UE_014,0.00707,28.946,26.526,-39.214,4.221e-05,14.104,2.27,2.24,-4.18,2.4e-05,0.0,0.0,87.46,8.81,WiFi_6
UE_015,0.00707,-0.724,-2.359,-51.51,0.15008072,1.057,1.96,5.02,-10.56,2.4e-05,0.0,0.0,22.922,0.66,WiFi_6
UE_016,0.00707,31.029,27.02,-39.093,3.038e-05,14.366,1.9,3.73,0.66,2.4e-05,0.0,0.0,87.46,8.98,WiFi_6
UE_017,0.00707,25.317,21.676,-42.026,2.971e-05,11.536,1.92,0.88,6.15,2.4e-05,0.0,0.0,87.46,7.21,WiFi_6
UE_018,0.00707,35.484,32.878,-35.861,3.49e-06,17.476,1.67,4.56,-9.7,2.4e-05,0.0,0.0,87.46,10.92,WiFi_6
UE_019,0.00707,20.736,17.018,-43.581,0.00025203,9.091,1.74,0.99,4.3,2.4e-05,0.0,0.0,81.054,5.68,WiFi_6
UE_000,0.01597,2.942,-2.593,-48.864,0.15001281,1.012,2.17,15.98,-4.94,5.3e-05,0.0,0.0,22.22,0.63,WiFi_6
UE_001,0.00707,29.933,28.616,-37.332,0.00010075,15.213,1.53,7.14,12.91,2.4e-05,0.0,0.0,87.46,9.51,WiFi_6
UE_002,0.00707,30.61,28.094,-39.689,2.599e-05,14.936,2.27,2.12,-4.44,2.4e-05,0.0,0.0,87.46,9.33,WiFi_6
UE_003,0.00707,12.795,8.795,-44.352,0.00110686,4.961,2.14,1.83,-9.58,2.4e-05,0.0,0.0,56.384,3.1,WiFi_6
UE_004,0.00707,31.292,29.592,-38.89,3.286e-05,15.731,1.61,6.25,-12.65,2.4e-05,0.0,0.0,87.46,9.83,WiFi_6
UE_005,0.00707,44.811,40.741,-31.981,2.575e-05,21.654,1.63,0.72,-6.83,2.4e-05,0.0,0.0,87.46,12.34,WiFi_6
UE_006,0.01762,20.416,16.187,-40.875,0.00022826,8.658,1.99,0.97,-4.2,5.9e-05,0.0,0.0,78.56,5.41,WiFi_6
UE_007,0.00707,24.905,22.224,-40.024,7.54e-06,11.826,1.64,5.58,11.62,2.4e-05,0.0,0.0,87.46,7.39,WiFi_6
UE_008,0.00707,34.138,29.99,-35.522,0.0001271,15.942,2.25,0.65,4.85,2.4e-05,0.0,0.0,87.46,9.96,WiFi_6
UE_009,0.02346,15.349,11.53,-45.439,0.00111518,6.285,2.14,1.11,-3.19,7.8e-05,0.0,0.0,64.591,3.93,WiFi_6
UE_010,0.00707,23.785,18.63,-42.425,0.00021354,9.933,1.68,0.79,5.77,2.4e-05,0.0,0.0,85.889,6.21,WiFi_6
UE_011,0.00707,21.08,17.497,-42.246,0.00010495,9.34,1.92,7.52,0.51,2.4e-05,0.0,0.0,82.49,5.84,WiFi_6
UE_012,0.005,25.366,23.177,-40.8,0.00021735,12.33,2.02,1.17,-7.2,1.7e-05,0.0,0.0,87.46,7.71,WiFi_6
UE_013,0.01924,20.089,16.272,-40.987,0.00012107,8.702,1.94,0.74,7.05,6.4e-05,0.0,0.0,78.815,5.44,WiFi_6
UE_014,0.00707,16.038,13.326,-44.351,0.00016091,7.188,2.1,1.42,-4.18,2.4e-05,0.0,0.0,69.979,4.49,WiFi_6
UE_015,0.00707,12.767,8.58,-46.253,0.00117128,4.86,1.81,2.29,-10.56,2.4e-05,0.0,0.0,55.741,3.04,WiFi_6
UE_016,0.00707,34.422,29.959,-36.087,4.278e-05,15.926,2.04,0.24,0.66,2.4e-05,0.0,0.0,87.46,9.95,WiFi_6
UE_017,0.00707,32.65,29.241,-37.027,5.529e-05,15.545,1.81,1.32,6.15,2.4e-05,0.0,0.0,87.46,9.72,WiFi_6
UE_018,0.00707,32.415,27.925,-38.439,0.00015465,14.846,1.51,0.65,-9.7,2.4e-05,0.0,0.0,87.46,9.28,WiFi_6
UE_019,0.00707,55.099,52.043,-28.701,5.098e-05,27.661,1.56,1.12,4.3,2.4e-05,0.0,0.0,87.46,12.34,WiFi_6
UE_000,0.02245,23.042,20.384,-41.504,8.07e-06,10.855,1.77,3.54,-4.94,7.5e-05,0.0,0.0,87.46,6.78,WiFi_6
UE_001,0.00707,32.133,27.081,-36.388,0.0001265,14.398,2.02,3.95,12.91,2.4e-05,0.0,0.0,87.46,9.0,WiFi_6
UE_002,0.00707,30.553,25.788,-38.166,8.878e-05,13.713,1.92,8.58,-4.44,2.4e-05,0.0,0.0,87.46,8.57,WiFi_6
UE_003,0.00707,28.31,24.253,-38.724,8.904e-05,12.899,1.81,0.19,-9.58,2.4e-05,0.0,0.0,87.46,8.06,WiFi_6
UE_004,0.00707,37.881,34.522,-35.397,7.495e-05,18.349,2.09,4.14,-12.65,2.4e-05,0.0,0.0,87.46,11.47,WiFi_6
UE_005,0.00707,18.311,15.634,-42.409,0.00010583,8.372,1.94,0.35,-6.83,2.4e-05,0.0,0.0,76.903,5.23,WiFi_6
UE_006,0.02114,4.099,-1.18,-47.234,0.15009739,1.308,1.93,23.16,-4.2,7e-05,0.0,0.0,26.459,0.82,WiFi_6
UE_007,0.00707,33.958,29.263,-36.764,0.00016896,15.556,1.97,4.4,11.62,2.4e-05,0.0,0.0,87.46,9.72,WiFi_6
UE_008,0.00707,19.69,16.688,-42.267,0.0001259,8.919,2.23,0.82,4.85,2.4e-05,0.0,0.0,80.065,5.57,WiFi_6
UE_009,0.02363,4.503,1.386,-48.076,0.01005156,1.998,2.11,37.35,-3.19,7.9e-05,0.0,0.0,34.158,1.25,WiFi_6
UE_010,0.00707,21.513,16.831,-41.166,0.0002352,8.993,1.92,0.01,5.77,2.4e-05,0.0,0.0,80.494,5.62,WiFi_6
UE_011,0.00707,9.902,6.475,-46.269,0.00116322,3.91,1.69,10.12,0.51,2.4e-05,0.0,0.0,49.424,2.44,WiFi_6
UE_012,0.00707,28.409,25.295,-38.347,0.00014333,13.451,2.18,8.97,-7.2,2.4e-05,0.0,0.0,87.46,8.41,WiFi_6
UE_013,0.02026,19.269,16.305,-40.963,0.00024755,8.72,1.93,2.73,7.05,6.8e-05,0.0,0.0,78.916,5.45,WiFi_6
UE_014,0.00707,29.181,25.292,-38.656,5.76e-06,13.45,1.85,2.33,-4.18,2.4e-05,0.0,0.0,87.46,8.41,WiFi_6
UE_015,0.00707,36.895,32.342,-34.726,0.00016581,17.192,2.08,2.7,-10.56,2.4e-05,0.0,0.0,87.46,10.74,WiFi_6
UE_016,0.00707,28.019,26.274,-37.994,1.913e-05,13.97,1.64,1.81,-3.8,2.4e-05,0.0,0.0,87.46,8.73,WiFi_6
UE_017,0.00707,37.068,33.258,-33.6,7.491e-05,17.678,1.87,0.13,6.15,2.4e-05,0.0,0.0,87.46,11.05,WiFi_6
UE_018,0.00707,32.351,30.284,-36.735,0.00011774,16.098,2.22,4.3,-9.7,2.4e-05,0.0,0.0,87.46,10.06,WiFi_6
UE_019,0.00707,25.727,19.579,-39.675,0.00013825,10.432,2.24,0.27,4.3,2.4e-05,0.0,0.0,87.46,6.52,WiFi_6
UE_000,0.02197,4.34,0.579,-48.185,0.01003446,1.759,1.86,25.75,-4.94,7.3e-05,0.0,0.0,31.737,1.1,WiFi_6
UE_001,0.00707,2.928,3.039,-49.468,0.01023182,2.546,1.98,36.12,12.91,2.4e-05,0.0,0.0,39.117,1.59,WiFi_6
UE_002,0.00707,15.698,11.348,-42.66,0.00102849,6.195,2.14,5.96,-4.44,2.4e-05,0.0,0.0,64.043,3.87,WiFi_6
UE_003,0.00707,37.709,34.245,-35.711,0.00020578,18.202,1.88,0.25,-9.58,2.4e-05,0.0,0.0,87.46,11.38,WiFi_6
UE_004,0.00707,19.674,15.852,-41.696,0.00019961,8.485,2.02,2.53,-12.65,2.4e-05,0.0,0.0,77.556,5.3,WiFi_6
UE_005,0.00707,25.143,22.987,-38.065,7.785e-05,12.229,1.68,2.27,-5.01,2.4e-05,0.0,0.0,87.46,7.64,WiFi_6
UE_006,0.02471,19.854,15.59,-39.704,0.00015852,8.349,2.01,0.34,-4.2,8.2e-05,0.0,0.0,76.77,5.22,WiFi_6
UE_007,0.00707,38.586,35.551,-32.424,0.0001833,18.896,1.98,6.22,11.62,2.4e-05,0.0,0.0,87.46,11.81,WiFi_6
UE_008,0.00707,27.945,26.671,-38.642,9.628e-05,14.181,2.02,2.8,4.85,2.4e-05,0.0,0.0,87.46,8.86,WiFi_6
UE_009,0.01975,5.207,2.462,-48.069,0.01003388,2.346,2.07,33.98,-3.19,6.6e-05,0.0,0.0,37.386,1.47,WiFi_6
UE_010,0.00707,32.742,29.079,-36.424,9.637e-05,15.459,1.8,3.46,5.77,2.4e-05,0.0,0.0,87.46,9.66,WiFi_6
UE_011,0.00707,35.889,32.185,-36.075,4.785e-05,17.108,2.14,1.49,0.51,2.4e-05,0.0,0.0,87.46,10.69,WiFi_6
UE_012,0.00707,29.98,25.941,-38.646,0.00020952,13.794,1.99,1.9,-7.2,2.4e-05,0.0,0.0,87.46,8.62,WiFi_6
UE_013,0.00931,28.385,23.686,-38.07,0.00023522,12.599,2.15,2.25,7.05,3.1e-05,0.0,0.0,87.46,7.87,WiFi_6
UE_014,0.00707,37.937,34.607,-34.228,0.00016661,18.395,1.65,9.8,-4.18,2.4e-05,0.0,0.0,87.46,11.5,WiFi_6
UE_015,0.00707,13.92,8.883,-43.959,0.00111022,5.002,1.76,3.19,-10.56,2.4e-05,0.0,0.0,56.649,3.13,WiFi_6
UE_016,0.00501,35.748,30.752,-36.464,0.00018592,16.347,2.21,2.83,-3.8,1.7e-05,0.0,0.0,87.46,10.22,WiFi_6
UE_017,0.00707,33.193,29.906,-36.691,1.751e-05,15.898,2.22,0.53,6.15,2.4e-05,0.0,0.0,87.46,9.94,WiFi_6
UE_018,0.00707,27.62,23.584,-38.98,6.583e-05,12.545,2.25,0.48,-9.7,2.4e-05,0.0,0.0,87.46,7.84,WiFi_6
UE_019,0.00707,7.914,4.829,-48.072,0.01001514,3.223,2.03,16.67,4.3,2.4e-05,0.0,0.0,44.488,2.01,WiFi_6
UE_000,0.0155,15.95,11.501,-43.481,0.00107103,6.271,1.67,2.81,-4.94,5.2e-05,0.0,0.0,64.504,3.92,WiFi_6
UE_001,0.00707,21.609,18.648,-43.117,0.00019113,9.943,2.05,2.45,12.91,2.4e-05,0.0,0.0,85.943,6.21,WiFi_6
UE_002,0.00707,40.275,33.62,-34.376,4.381e-05,17.871,1.88,2.9,-4.44,2.4e-05,0.0,0.0,87.46,11.17,WiFi_6
UE_003,0.00707,47.981,43.188,-30.424,0.0001714,22.955,1.93,1.95,-9.58,2.4e-05,0.0,0.0,87.46,12.34,WiFi_6
UE_004,0.00707,23.961,20.232,-40.341,2.835e-05,10.775,1.72,6.22,-5.87,2.4e-05,0.0,0.0,87.46,6.73,WiFi_6
UE_005,0.00579,35.04,32.42,-36.129,1.119e-05,17.233,1.98,2.28,-5.01,1.9e-05,0.0,0.0,87.46,10.77,WiFi_6
UE_006,0.02271,9.566,6.4,-46.299,0.00120712,3.878,2.13,1.72,-4.2,7.6e-05,0.0,0.0,49.199,2.42,WiFi_6
UE_007,0.00707,39.15,32.915,-33.039,0.00013464,17.496,1.96,0.37,11.62,2.4e-05,0.0,0.0,87.46,10.93,WiFi_6
UE_008,0.00707,30.327,26.083,-40.097,0.00014877,13.869,2.04,0.5,4.85,2.4e-05,0.0,0.0,87.46,8.67,WiFi_6
UE_009,0.01592,11.066,6.271,-45.241,0.00106393,3.822,1.57,0.19,-3.19,5.3e-05,0.0,0.0,48.812,2.39,WiFi_6
UE_010,0.00707,41.702,39.539,-34.316,6.156e-05,21.016,1.75,4.49,5.77,2.4e-05,0.0,0.0,87.46,12.34,WiFi_6
UE_011,0.00707,22.894,20.0,-41.999,7.482e-05,10.653,1.66,1.76,0.51,2.4e-05,0.0,0.0,87.46,6.66,WiFi_6
UE_012,0.00707,21.221,19.494,-42.183,0.00019212,10.387,2.18,4.41,-7.2,2.4e-05,0.0,0.0,87.46,6.49,WiFi_6
UE_013,0.00637,18.589,13.736,-41.924,0.00010632,7.396,2.23,0.59,7.05,2.1e-05,0.0,0.0,71.208,4.62,WiFi_6
UE_014,0.00707,26.173,24.628,-39.995,4.15e-05,13.098,1.74,0.62,-4.18,2.4e-05,0.0,0.0,87.46,8.19,WiFi_6
UE_015,0.00707,28.103,22.517,-37.552,1.295e-05,11.981,2.0,3.92,-7.75,2.4e-05,0.0,0.0,87.46,7.49,WiFi_6
UE_016,0.00673,36.882,35.317,-35.627,1.259e-05,18.772,1.77,0.21,-3.8,2.2e-05,0.0,0.0,87.46,11.73,WiFi_6
UE_017,0.00707,11.144,7.83,-46.017,0.00101253,4.514,2.27,3.75,6.15,2.4e-05,0.0,0.0,53.489,2.82,WiFi_6
UE_018,0.00707,19.058,15.987,-43.834,0.00014235,8.555,1.55,0.05,-9.7,2.4e-05,0.0,0.0,77.961,5.35,WiFi_6
UE_019,0.00707,40.755,37.232,-33.805,0.00011525,19.789,1.51,2.27,4.3,2.4e-05,0.0,0.0,87.46,12.34,WiFi_6
UE_000,0.0094,22.483,18.662,-40.465,0.00011762,9.95,1.91,12.1,-4.94,3.1e-05,0.0,0.0,85.986,6.22,WiFi_6
UE_001,0.00707,24.476,22.526,-40.508,5.269e-05,11.986,2.19,0.02,12.91,2.4e-05,0.0,0.0,87.46,7.49,WiFi_6
UE_002,0.00707,21.928,16.407,-40.512,0.00015644,8.773,2.12,4.87,-4.44,2.4e-05,0.0,0.0,79.222,5.48,WiFi_6
UE_003,0.00707,32.985,28.465,-35.979,8.088e-05,15.133,2.17,1.07,-9.58,2.4e-05,0.0,0.0,87.46,9.46,WiFi_6
UE_004,0.01162,24.764,21.77,-40.761,8.842e-05,11.586,1.85,2.13,-5.87,3.9e-05,0.0,0.0,87.46,7.24,WiFi_6
UE_005,0.01195,20.362,15.87,-41.681,0.00010931,8.494,1.61,4.9,-5.01,4e-05,0.0,0.0,77.609,5.31,WiFi_6
UE_006,0.01917,0.574,-1.744,-51.192,0.15005858,1.183,2.07,27.76,-4.2,6.4e-05,0.0,0.0,24.768,0.74,WiFi_6
UE_007,0.00707,30.01,25.552,-38.88,7.04e-05,13.587,1.82,2.86,11.62,2.4e-05,0.0,0.0,87.46,8.49,WiFi_6
UE_008,0.00707,42.082,37.534,-34.957,2.709e-05,19.95,2.15,0.3,4.85,2.4e-05,0.0,0.0,87.46,12.34,WiFi_6
UE_009,0.0122,-5.941,-9.212,-52.493,0.15005378,0.261,2.24,35.96,-3.19,4.1e-05,0.0,0.0,15.26,0.16,WiFi_6
UE_010,0.00707,16.468,12.662,-44.552,0.00011953,6.851,1.76,0.32,5.77,2.4e-05,0.0,0.0,67.985,4.28,WiFi_6
UE_011,0.00707,24.873,19.583,-41.088,0.00014134,10.434,1.53,1.55,0.51,2.4e-05,0.0,0.0,87.46,6.52,WiFi_6
UE_012,0.00707,36.159,32.296,-36.873,0.0001636,17.167,1.95,0.03,-7.2,2.4e-05,0.0,0.0,87.46,10.73,WiFi_6
UE_013,0.00707,22.875,18.981,-42.318,0.00021967,10.117,1.6,2.26,7.05,2.4e-05,0.0,0.0,86.942,6.32,WiFi_6
UE_014,0.00707,20.179,14.918,-42.711,0.00011563,8.002,2.17,3.09,-4.18,2.4e-05,0.0,0.0,74.753,5.0,WiFi_6
UE_015,0.00652,41.581,40.069,-31.671,4.585e-05,21.297,1.87,5.05,-7.75,2.2e-05,0.0,0.0,87.46,12.34,WiFi_6
UE_016,0.01051,35.503,31.732,-35.907,1.78e-05,16.868,1.93,0.89,-3.8,3.5e-05,0.0,0.0,87.46,10.54,WiFi_6
UE_017,0.00707,24.835,21.616,-40.473,6.219e-05,11.505,1.72,10.58,6.15,2.4e-05,0.0,0.0,87.46,7.19,WiFi_6
UE_018,0.00707,15.864,12.044,-42.238,0.00020011,6.541,1.95,0.74,-9.7,2.4e-05,0.0,0.0,66.132,4.09,WiFi_6
UE_019,0.00707,29.965,28.263,-37.669,2.96e-05,15.026,2.24,2.63,4.3,2.4e-05,0.0,0.0,87.46,9.39,WiFi_6
UE_000,0.00515,25.18,20.658,-40.979,7.903e-05,11.0,2.19,2.01,-4.94,1.7e-05,0.0,0.0,87.46,6.87,WiFi_6
UE_001,0.00707,21.151,14.802,-40.432,0.00015157,7.943,2.0,7.69,12.91,2.4e-05,0.0,0.0,74.407,4.96,WiFi_6
UE_002,0.00707,31.337,29.291,-36.311,1.332e-05,15.571,2.15,1.88,-4.44,2.4e-05,0.0,0.0,87.46,9.73,WiFi_6
UE_003,0.00707,23.674,19.595,-41.625,0.00014352,10.44,1.78,4.34,-9.58,2.4e-05,0.0,0.0,87.46,6.53,WiFi_6
UE_004,0.02454,7.296,3.24,-46.791,0.01006505,2.618,2.12,10.88,-5.87,8.2e-05,0.0,0.0,39.721,1.64,WiFi_6
UE_005,0.01943,11.791,6.924,-43.6,0.0010996,4.107,1.65,8.17,-5.01,6.5e-05,0.0,0.0,50.773,2.57,WiFi_6
UE_006,0.01568,16.774,14.181,-43.341,0.0002877,7.624,2.18,0.13,-4.2,5.2e-05,0.0,0.0,72.542,4.76,WiFi_6
UE_007,0.00707,23.04,18.812,-40.861,0.00022649,10.029,1.57,2.65,11.62,2.4e-05,0.0,0.0,86.437,6.27,WiFi_6
UE_008,0.00707,35.508,31.596,-35.035,4.326e-05,16.795,1.9,0.68,4.85,2.4e-05,0.0,0.0,87.46,10.5,WiFi_6
UE_009,0.00871,30.783,28.055,-38.888,0.00020913,14.915,2.05,2.89,-3.19,2.9e-05,0.0,0.0,87.46,9.32,WiFi_6
UE_010,0.00707,34.814,31.909,-36.069,6.013e-05,16.961,2.09,0.18,5.77,2.4e-05,0.0,0.0,87.46,10.6,WiFi_6
UE_011,0.00707,13.628,11.135,-43.747,0.00110063,6.09,1.85,1.08,0.51,2.4e-05,0.0,0.0,63.406,3.81,WiFi_6
UE_012,0.00707,31.88,27.857,-37.564,0.00011775,14.81,1.75,2.88,-7.2,2.4e-05,0.0,0.0,87.46,9.26,WiFi_6
UE_013,0.00707,31.422,27.916,-36.811,8.234e-05,14.841,1.7,2.09,7.05,2.4e-05,0.0,0.0,87.46,9.28,WiFi_6
UE_014,0.00707,32.762,29.858,-36.7,0.00010468,15.872,2.23,2.03,-4.18,2.4e-05,0.0,0.0,87.46,9.92,WiFi_6
UE_015,0.01428,2.904,0.683,-48.95,0.01009511,1.789,2.13,34.07,-7.75,4.8e-05,0.0,0.0,32.048,1.12,WiFi_6
UE_016,0.01486,14.793,7.183,-43.44,0.0010028,4.222,1.93,3.14,-3.8,5e-05,0.0,0.0,51.548,2.64,WiFi_6
UE_017,0.00707,30.454,26.524,-36.359,0.00013379,14.103,2.17,2.64,6.15,2.4e-05,0.0,0.0,87.46,8.81,WiFi_6
UE_018,0.00707,39.104,33.31,-33.702,2.576e-05,17.706,1.64,0.5,-9.7,2.4e-05,0.0,0.0,87.46,11.07,WiFi_6
UE_019,0.00707,32.683,29.395,-36.952,1.513e-05,15.627,2.11,7.84,4.3,2.4e-05,0.0,0.0,87.46,9.77,WiFi_6
UE_000,0.00707,26.756,22.567,-39.317,0.00019395,12.007,2.24,0.61,-4.94,2.4e-05,0.0,0.0,87.46,7.5,WiFi_6
UE_001,0.00707,22.499,19.398,-41.502,0.00017572,10.336,1.63,2.71,12.91,2.4e-05,0.0,0.0,87.46,6.46,WiFi_6
UE_002,0.00707,12.36,7.222,-45.599,0.00102945,4.239,1.66,2.94,-4.44,2.4e-05,0.0,0.0,51.666,2.65,WiFi_6
UE_003,0.00707,34.997,29.63,-36.418,4.207e-05,15.751,2.06,2.87,-9.58,2.4e-05,0.0,0.0,87.46,9.84,WiFi_6
UE_004,0.00989,26.208,21.894,-39.544,1.787e-05,11.652,1.56,0.31,-5.87,3.3e-05,0.0,0.0,87.46,7.28,WiFi_6
UE_005,0.02382,2.902,-1.731,-48.786,0.15003516,1.186,1.68,10.66,-5.01,7.9e-05,0.0,0.0,24.808,0.74,WiFi_6
UE_006,0.01227,13.902,9.637,-44.439,0.00128658,5.36,2.11,3.59,-4.2,4.1e-05,0.0,0.0,58.91,3.35,WiFi_6
UE_007,0.00707,12.86,9.905,-44.914,0.00104534,5.489,1.93,2.15,11.62,2.4e-05,0.0,0.0,59.714,3.43,WiFi_6
UE_008,0.00707,44.543,42.898,-32.759,0.00027122,22.801,2.06,3.48,4.85,2.4e-05,0.0,0.0,87.46,12.34,WiFi_6
UE_009,0.00591,16.847,13.056,-43.724,0.00016725,7.051,1.67,0.65,-3.19,2e-05,0.0,0.0,69.168,4.41,WiFi_6
UE_010,0.00707,36.347,31.71,-35.048,5.301e-05,16.856,1.52,5.72,5.77,2.4e-05,0.0,0.0,87.46,10.53,WiFi_6
UE_011,0.00707,27.358,22.069,-39.642,3.345e-05,11.744,2.23,3.46,0.51,2.4e-05,0.0,0.0,87.46,7.34,WiFi_6
UE_012,0.00707,17.149,12.092,-42.035,0.00015271,6.565,1.64,0.45,-7.2,2.4e-05,0.0,0.0,66.277,4.1,WiFi_6
UE_013,0.00707,16.897,14.201,-44.119,0.00028206,7.634,1.64,3.93,7.05,2.4e-05,0.0,0.0,72.604,4.77,WiFi_6
UE_014,0.00707,25.913,24.823,-39.878,0.00014154,13.201,1.75,0.39,-4.18,2.4e-05,0.0,0.0,87.46,8.25,WiFi_6
UE_015,0.02311,18.239,15.248,-42.874,0.00010405,8.173,1.91,1.45,-7.75,7.7e-05,0.0,0.0,75.745,5.11,WiFi_6
UE_016,0.0194,17.805,16.524,-42.894,0.00012671,8.834,2.05,1.03,-3.8,6.5e-05,0.0,0.0,79.573,5.52,WiFi_6
UE_017,0.00707,52.348,48.024,-28.206,4.573e-05,25.525,1.93,9.6,6.15,2.4e-05,0.0,0.0,87.46,12.34,WiFi_6
UE_018,0.00707,31.443,27.739,-37.424,6.14e-05,14.747,1.52,0.4,-9.7,2.4e-05,0.0,0.0,87.46,9.22,WiFi_6
UE_019,0.00707,9.019,8.461,-46.34,0.00101601,4.805,1.78,1.02,4.3,2.4e-05,0.0,0.0,55.383,3.0,WiFi_6
UE_000,0.00707,24.577,19.629,-39.371,0.00020734,10.458,1.92,2.82,-4.94,2.4e-05,0.0,0.0,87.46,6.54,WiFi_6
UE_001,0.00707,29.801,27.107,-39.76,7.576e-05,14.412,1.93,1.44,12.91,2.4e-05,0.0,0.0,87.46,9.01,WiFi_6
UE_002,0.00707,16.023,10.561,-44.515,0.00106414,5.808,1.9,0.52,-4.44,2.4e-05,0.0,0.0,61.684,3.63,WiFi_6
UE_003,0.00707,26.056,21.543,-40.212,0.00016231,11.467,2.03,3.76,-9.58,2.4e-05,0.0,0.0,87.46,7.17,WiFi_6
UE_004,0.00707,22.088,18.211,-42.235,0.00023528,9.714,1.79,11.82,-5.87,2.4e-05,0.0,0.0,84.632,6.07,WiFi_6
UE_005,0.01616,31.254,28.597,-37.434,1.573e-05,15.203,1.91,3.95,-5.01,5.4e-05,0.0,0.0,87.46,9.5,WiFi_6
UE_006,0.00906,13.492,10.449,-42.41,0.00106461,5.753,1.71,2.72,-4.2,3e-05,0.0,0.0,61.348,3.6,WiFi_6
UE_007,0.00707,41.057,37.714,-34.009,0.00016734,20.046,2.13,1.77,11.62,2.4e-05,0.0,0.0,87.46,12.34,WiFi_6
UE_008,0.00707,25.36,23.665,-40.354,6.864e-05,12.588,1.85,0.73,4.85,2.4e-05,0.0,0.0,87.46,7.87,WiFi_6
UE_009,0.00507,38.569,35.437,-35.239,0.00016693,18.836,2.17,6.61,-3.19,1.7e-05,0.0,0.0,87.46,11.77,WiFi_6
UE_010,0.00707,32.265,31.324,-36.865,0.00015038,16.651,1.61,0.9,5.77,2.4e-05,0.0,0.0,87.46,10.41,WiFi_6
UE_011,0.00707,14.19,9.076,-44.198,0.00106129,5.093,2.08,1.4,0.51,2.4e-05,0.0,0.0,57.227,3.18,WiFi_6
UE_012,0.00707,25.249,22.075,-39.602,0.00010794,11.747,1.87,0.96,-7.2,2.4e-05,0.0,0.0,87.46,7.34,WiFi_6
UE_013,0.00707,40.384,36.183,-34.612,2.922e-05,19.232,1.54,2.35,7.05,2.4e-05,0.0,0.0,87.46,12.02,WiFi_6
UE_014,0.00707,24.194,19.191,-41.016,0.00028214,10.228,2.26,0.16,-4.18,2.4e-05,0.0,0.0,87.46,6.39,WiFi_6
UE_015,0.01892,7.61,4.074,-46.919,0.01004271,2.928,1.57,37.89,-7.75,6.3e-05,0.0,0.0,42.221,1.83,WiFi_6
UE_016,0.02402,13.785,10.351,-45.251,0.00104264,5.705,2.06,3.22,-3.8,8e-05,0.0,0.0,61.054,3.57,WiFi_6
UE_017,0.00707,29.225,28.359,-38.625,5.647e-05,15.076,2.03,0.83,6.15,2.4e-05,0.0,0.0,87.46,9.42,WiFi_6
UE_018,0.00707,29.903,27.615,-35.253,9.918e-05,14.682,2.08,1.21,-9.7,2.4e-05,0.0,0.0,87.46,9.18,WiFi_6
UE_019,0.00707,26.804,22.412,-39.31,9.862e-05,11.925,2.07,3.02,4.3,2.4e-05,0.0,0.0,87.46,7.45,WiFi_6
UE_000,0.00707,32.082,27.973,-35.602,5.103e-05,14.872,1.58,0.8,-4.94,2.4e-05,0.0,0.0,87.46,9.29,WiFi_6
UE_001,0.00707,27.815,23.725,-39.19,1.525e-05,12.62,2.06,1.39,12.91,2.4e-05,0.0,0.0,87.46,7.89,WiFi_6
UE_002,0.00707,21.503,18.491,-42.297,0.00016307,9.861,2.07,0.42,-4.44,2.4e-05,0.0,0.0,85.473,6.16,WiFi_6
UE_003,0.00707,23.182,17.687,-40.972,0.0001356,9.44,1.65,0.03,-9.58,2.4e-05,0.0,0.0,83.062,5.9,WiFi_6
UE_004,0.00707,19.797,17.577,-41.183,0.00023049,9.382,1.73,0.47,-5.87,2.4e-05,0.0,0.0,82.732,5.86,WiFi_6
UE_005,0.00896,37.465,34.714,-33.648,0.00019663,18.451,1.91,2.46,-5.01,3e-05,0.0,0.0,87.46,11.53,WiFi_6
UE_006,0.00635,28.667,25.573,-38.282,3.761e-05,13.599,2.01,16.69,-4.2,2.1e-05,0.0,0.0,87.46,8.5,WiFi_6
UE_007,0.00707,21.128,17.137,-40.927,0.00023348,9.153,2.09,0.37,11.62,2.4e-05,0.0,0.0,81.41,5.72,WiFi_6
UE_008,0.00707,32.939,32.615,-35.908,2.945e-05,17.337,1.52,4.05,4.85,2.4e-05,0.0,0.0,87.46,10.84,WiFi_6
UE_009,0.00695,29.984,26.082,-38.997,1.218e-05,13.868,1.61,14.74,-3.19,2.3e-05,0.0,0.0,87.46,8.67,WiFi_6
UE_010,0.00707,32.124,27.99,-37.114,0.0001972,14.881,1.75,2.45,5.77,2.4e-05,0.0,0.0,87.46,9.3,WiFi_6
UE_011,0.00707,17.746,13.334,-43.718,0.00018948,7.192,1.6,1.45,0.51,2.4e-05,0.0,0.0,70.001,4.49,WiFi_6
UE_012,0.00707,14.186,11.037,-43.683,0.00103899,6.041,2.15,0.56,-7.2,2.4e-05,0.0,0.0,63.112,3.78,WiFi_6
UE_013,0.00707,31.499,26.101,-37.474,2.519e-05,13.878,2.15,9.55,7.05,2.4e-05,0.0,0.0,87.46,8.67,WiFi_6
UE_014,0.00707,25.544,20.373,-42.167,1.911e-05,10.849,1.5,3.3,-4.18,2.4e-05,0.0,0.0,87.46,6.78,WiFi_6
UE_015,0.01035,14.927,11.248,-44.484,0.00102445,6.145,1.96,2.97,-7.75,3.4e-05,0.0,0.0,63.744,3.84,WiFi_6
UE_016,0.02232,-2.496,-6.366,-49.423,0.15009811,0.48,2.13,31.4,-3.8,7.4e-05,0.0,0.0,15.26,0.3,WiFi_6
UE_017,0.00707,38.462,35.258,-36.098,9.47e-05,18.741,1.71,0.88,6.15,2.4e-05,0.0,0.0,87.46,11.71,WiFi_6
UE_018,0.00707,31.57,30.797,-34.636,3.319e-05,16.371,1.92,1.02,-9.7,2.4e-05,0.0,0.0,87.46,10.23,WiFi_6
UE_019,0.00707,32.212,31.693,-36.118,5.146e-05,16.847,1.52,3.9,4.3,2.4e-05,0.0,0.0,87.46,10.53,WiFi_6
UE_000,0.00707,11.824,7.158,-45.198,0.00108212,4.211,1.52,0.73,-4.94,2.4e-05,0.0,0.0,51.475,2.63,WiFi_6
UE_001,0.00707,33.511,29.9,-36.242,1.996e-05,15.895,1.78,3.04,12.91,2.4e-05,0.0,0.0,87.46,9.93,WiFi_6
UE_002,0.00707,31.281,26.987,-37.484,5.397e-05,14.348,1.71,0.16,-4.44,2.4e-05,0.0,0.0,87.46,8.97,WiFi_6
UE_003,0.00707,26.177,23.212,-39.865,1.294e-05,12.348,2.05,7.06,-9.58,2.4e-05,0.0,0.0,87.46,7.72,WiFi_6
UE_004,0.00707,15.985,12.894,-42.667,0.00012095,6.969,1.95,2.26,-5.87,2.4e-05,0.0,0.0,68.683,4.36,WiFi_6
UE_005,0.00502,35.424,33.271,-36.536,0.00019789,17.685,1.72,1.03,-5.01,1.7e-05,0.0,0.0,87.46,11.05,WiFi_6
UE_006,0.00501,48.366,43.222,-30.352,0.00017794,22.973,1.7,3.59,-4.2,1.7e-05,0.0,0.0,87.46,12.34,WiFi_6
UE_007,0.00707,16.064,12.331,-43.304,0.00023986,6.685,1.51,0.73,11.62,2.4e-05,0.0,0.0,66.994,4.18,WiFi_6
UE_008,0.00707,17.598,15.029,-42.35,0.00033929,8.06,1.55,0.05,4.85,2.4e-05,0.0,0.0,75.088,5.04,WiFi_6
UE_009,0.00707,33.515,28.054,-35.405,0.00014223,14.915,1.93,2.3,-9.36,2.4e-05,0.0,0.0,87.46,9.32,WiFi_6
UE_010,0.00707,38.152,37.482,-34.607,0.00019773,19.922,2.19,0.35,5.77,2.4e-05,0.0,0.0,87.46,12.34,WiFi_6
UE_011,0.00707,33.431,29.58,-37.504,9.288e-05,15.725,1.95,2.48,0.51,2.4e-05,0.0,0.0,87.46,9.83,WiFi_6
UE_012,0.00707,38.488,33.875,-36.208,1.08e-05,18.006,1.83,0.64,-7.2,2.4e-05,0.0,0.0,87.46,11.25,WiFi_6
UE_013,0.00707,36.426,34.837,-34.137,0.00014059,18.517,2.15,9.77,7.05,2.4e-05,0.0,0.0,87.46,11.57,WiFi_6
UE_014,0.00707,29.357,27.53,-37.682,4.19e-05,14.637,1.5,2.0,-4.18,2.4e-05,0.0,0.0,87.46,9.15,WiFi_6
UE_015,0.005,31.381,29.235,-36.489,1.635e-05,15.541,1.9,1.32,9.95,1.7e-05,0.0,0.0,87.46,9.71,WiFi_6
UE_016,0.01773,10.208,4.394,-45.925,0.01014671,3.051,1.93,8.41,6.65,5.9e-05,0.0,0.0,43.181,1.91,WiFi_6
UE_017,0.00707,30.598,27.932,-37.978,2.41e-05,14.85,1.83,6.93,6.15,2.4e-05,0.0,0.0,87.46,9.28,WiFi_6
UE_018,0.00707,35.687,31.337,-35.253,1.492e-05,16.658,2.02,0.25,11.82,2.4e-05,0.0,0.0,87.46,10.41,WiFi_6
UE_019,0.00707,26.07,22.451,-41.707,3.603e-05,11.946,2.17,2.96,4.3,2.4e-05,0.0,0.0,87.46,7.47,WiFi_6
UE_000,0.00707,51.398,47.361,-28.548,5.299e-05,25.173,1.86,8.19,-4.94,2.4e-05,0.0,0.0,87.46,12.34,WiFi_6
UE_001,0.00707,31.946,29.794,-38.825,6.821e-05,15.838,1.58,0.31,12.91,2.4e-05,0.0,0.0,87.46,9.9,WiFi_6
UE_002,0.00707,15.1,12.381,-42.051,0.00016938,6.711,1.56,0.36,-4.44,2.4e-05,0.0,0.0,67.144,4.19,WiFi_6
UE_003,0.00707,33.378,27.319,-36.79,4.667e-05,14.525,2.23,6.3,8.09,2.4e-05,0.0,0.0,87.46,9.08,WiFi_6
UE_004,0.00707,30.203,24.883,-36.879,3.006e-05,13.233,1.63,0.01,-5.87,2.4e-05,0.0,0.0,87.46,8.27,WiFi_6
UE_005,0.00707,37.003,34.323,-35.158,5.527e-05,18.244,1.84,2.26,-5.01,2.4e-05,0.0,0.0,87.46,11.4,WiFi_6
UE_006,0.00604,16.408,12.447,-44.383,0.00019047,6.744,1.84,7.91,-4.2,2e-05,0.0,0.0,67.341,4.21,WiFi_6
UE_007,0.00707,27.681,26.679,-39.833,0.00016642,14.185,1.52,0.36,11.62,2.4e-05,0.0,0.0,87.46,8.87,WiFi_6
UE_008,0.00707,25.892,23.446,-40.539,7.666e-05,12.472,2.27,9.41,4.85,2.4e-05,0.0,0.0,87.46,7.8,WiFi_6
UE_009,0.00993,14.291,9.155,-44.424,0.00113772,5.13,1.62,3.86,-9.36,3.3e-05,0.0,0.0,57.464,3.21,WiFi_6
UE_010,0.00707,33.439,29.884,-36.715,0.0001504,15.886,2.15,1.47,5.77,2.4e-05,0.0,0.0,87.46,9.93,WiFi_6
UE_011,0.00707,16.368,12.197,-44.295,0.00023341,6.618,1.56,2.54,0.51,2.4e-05,0.0,0.0,66.59,4.14,WiFi_6
UE_012,0.00707,25.766,22.455,-40.535,0.00017519,11.948,1.61,0.07,-7.2,2.4e-05,0.0,0.0,87.46,7.47,WiFi_6
UE_013,0.00707,23.668,21.023,-40.558,0.0001451,11.192,2.25,1.92,7.05,2.4e-05,0.0,0.0,87.46,7.0,WiFi_6
UE_014,0.00707,43.764,41.864,-32.783,2.54e-06,22.251,2.24,1.94,-4.18,2.4e-05,0.0,0.0,87.46,12.34,WiFi_6
UE_015,0.00882,19.58,14.142,-43.478,0.00025209,7.604,2.11,0.02,9.95,2.9e-05,0.0,0.0,72.426,4.75,WiFi_6
UE_016,0.02493,-1.708,-6.501,-49.424,0.1500724,0.466,1.86,36.07,6.65,8.3e-05,0.0,0.0,15.26,0.29,WiFi_6
UE_017,0.00707,33.399,27.618,-35.687,6.022e-05,14.683,1.92,2.7,-0.04,2.4e-05,0.0,0.0,87.46,9.18,WiFi_6
UE_018,0.01049,27.496,23.477,-38.284,7.458e-05,12.489,1.93,2.06,11.82,3.5e-05,0.0,0.0,87.46,7.81,WiFi_6
UE_019,0.00707,25.728,22.649,-39.908,0.00010125,12.05,1.71,8.63,4.3,2.4e-05,0.0,0.0,87.46,7.53,WiFi_6
UE_000,0.00707,2.167,-0.017,-50.088,0.15003227,1.595,2.1,6.44,0.03,2.4e-05,0.0,0.0,29.948,1.0,WiFi_6
UE_001,0.00707,8.151,5.222,-47.584,0.01001868,3.382,1.95,26.98,12.91,2.4e-05,0.0,0.0,45.665,2.11,WiFi_6
UE_002,0.00707,37.629,31.491,-36.489,2.424e-05,16.739,1.8,0.77,-4.44,2.4e-05,0.0,0.0,87.46,10.46,WiFi_6
UE_003,0.00715,22.82,17.789,-40.645,0.00011281,9.493,2.0,3.35,8.09,2.4e-05,0.0,0.0,83.368,5.93,WiFi_6
UE_004,0.00707,15.022,14.131,-45.016,0.00018928,7.598,1.59,2.6,-5.87,2.4e-05,0.0,0.0,72.392,4.75,WiFi_6
UE_005,0.00707,30.331,26.914,-37.528,0.00010006,14.31,1.73,1.12,-5.01,2.4e-05,0.0,0.0,87.46,8.94,WiFi_6
UE_006,0.00707,48.547,42.832,-31.013,0.00021535,22.765,1.61,9.93,-4.2,2.4e-05,0.0,0.0,87.46,12.34,WiFi_6
UE_007,0.00707,22.145,17.898,-41.081,0.00026984,9.55,1.94,2.41,11.62,2.4e-05,0.0,0.0,83.693,5.97,WiFi_6
UE_008,0.00707,35.146,28.827,-35.248,9.959e-05,15.325,1.84,4.42,4.85,2.4e-05,0.0,0.0,87.46,9.58,WiFi_6
UE_009,0.02272,10.572,4.082,-45.262,0.01013423,2.931,2.02,25.23,-9.36,7.6e-05,0.0,0.0,42.247,1.83,WiFi_6
UE_010,0.00707,37.76,31.969,-35.421,5.816e-05,16.993,1.84,1.22,5.77,2.4e-05,0.0,0.0,87.46,10.62,WiFi_6
UE_011,0.00707,26.754,26.177,-38.367,1.012e-05,13.919,1.83,0.74,-1.25,2.4e-05,0.0,0.0,87.46,8.7,WiFi_6
UE_012,0.00707,25.997,24.068,-38.641,3.098e-05,12.802,1.67,1.84,-7.2,2.4e-05,0.0,0.0,87.46,8.0,WiFi_6
UE_013,0.00707,25.965,22.075,-39.198,7.461e-05,11.747,1.92,7.57,7.05,2.4e-05,0.0,0.0,87.46,7.34,WiFi_6
UE_014,0.00707,42.737,39.817,-33.279,5.91e-05,21.164,2.15,0.33,-4.18,2.4e-05,0.0,0.0,87.46,12.34,WiFi_6
UE_015,0.02207,11.819,9.761,-45.593,0.00114742,5.42,2.12,1.93,9.95,7.4e-05,0.0,0.0,59.282,3.39,WiFi_6
UE_016,0.0165,7.443,3.45,-47.14,0.01006672,2.694,2.19,23.56,6.65,5.5e-05,0.0,0.0,40.349,1.68,WiFi_6
UE_017,0.00704,55.535,52.101,-27.07,9.522e-05,27.692,2.03,2.8,-0.04,2.3e-05,0.0,0.0,87.46,12.34,WiFi_6
UE_018,0.02469,5.156,2.308,-48.403,0.01011972,2.294,1.89,38.76,11.82,8.2e-05,0.0,0.0,36.924,1.43,WiFi_6
UE_019,0.00707,36.46,32.471,-34.421,0.0001189,17.26,1.56,0.72,4.3,2.4e-05,0.0,0.0,87.46,10.79,WiFi_6
UE_000,0.00704,38.457,33.231,-33.904,3.38e-05,17.664,1.91,3.37,0.03,2.3e-05,0.0,0.0,87.46,11.04,WiFi_6
UE_001,0.00707,31.107,27.598,-39.482,6.179e-05,14.673,1.89,0.75,12.91,2.4e-05,0.0,0.0,87.46,9.17,WiFi_6
UE_002,0.00707,16.169,10.845,-42.299,0.00104687,5.947,2.21,4.02,-4.44,2.4e-05,0.0,0.0,62.535,3.72,WiFi_6
UE_003,0.01602,14.132,9.17,-44.101,0.00110984,5.138,1.62,4.67,8.09,5.3e-05,0.0,0.0,57.511,3.21,WiFi_6
UE_004,0.00707,18.754,13.568,-42.15,0.00012833,7.311,2.07,3.56,-5.87,2.4e-05,0.0,0.0,70.703,4.57,WiFi_6
UE_005,0.00707,34.764,30.858,-35.667,0.00016488,16.403,1.79,1.64,-5.01,2.4e-05,0.0,0.0,87.46,10.25,WiFi_6
UE_006,0.00707,22.314,21.963,-40.271,4.581e-05,11.688,2.13,0.65,-4.2,2.4e-05,0.0,0.0,87.46,7.31,WiFi_6
UE_007,0.00707,38.051,32.908,-34.889,3.851e-05,17.492,1.75,1.44,11.62,2.4e-05,0.0,0.0,87.46,10.93,WiFi_6
UE_008,0.00707,40.131,37.426,-31.734,2.15e-05,19.893,1.79,0.18,4.85,2.4e-05,0.0,0.0,87.46,12.34,WiFi_6
UE_009,0.01511,1.849,-0.331,-50.481,0.15006129,1.514,2.09,27.71,-9.36,5e-05,0.0,0.0,29.006,0.95,WiFi_6
UE_010,0.00707,21.612,17.753,-41.607,0.00010827,9.474,2.02,1.6,5.77,2.4e-05,0.0,0.0,83.258,5.92,WiFi_6
UE_011,0.00607,37.816,35.202,-36.186,4.765e-05,18.711,1.83,1.62,-1.25,2e-05,0.0,0.0,87.46,11.69,WiFi_6
UE_012,0.00707,31.528,28.889,-37.55,4.844e-05,15.358,2.08,2.91,-7.2,2.4e-05,0.0,0.0,87.46,9.6,WiFi_6
UE_013,0.00707,23.252,18.39,-43.371,0.0002086,9.807,1.87,4.24,7.05,2.4e-05,0.0,0.0,85.169,6.13,WiFi_6
UE_014,0.00707,39.745,36.905,-34.959,0.0001076,19.616,1.77,2.74,-4.18,2.4e-05,0.0,0.0,87.46,12.26,WiFi_6
UE_015,0.02286,33.743,28.667,-37.95,0.00014197,15.24,1.57,10.77,9.95,7.6e-05,0.0,0.0,87.46,9.53,WiFi_6
UE_016,0.00808,25.45,21.832,-40.688,0.00016837,11.619,1.53,2.43,6.65,2.7e-05,0.0,0.0,87.46,7.26,WiFi_6
UE_017,0.007,16.989,13.715,-43.952,0.00015604,7.386,1.88,1.64,-0.04,2.3e-05,0.0,0.0,71.146,4.62,WiFi_6
UE_018,0.01074,3.02,-1.085,-47.262,0.15003681,1.33,1.67,29.58,11.82,3.6e-05,0.0,0.0,26.746,0.83,WiFi_6
UE_019,0.00707,36.333,32.984,-34.316,9.21e-06,17.532,2.16,1.15,4.3,2.4e-05,0.0,0.0,87.46,10.96,WiFi_6
UE_000,0.00701,9.95,6.429,-46.27,0.00101617,3.89,1.73,0.29,0.03,2.3e-05,0.0,0.0,49.288,2.43,WiFi_6
UE_001,0.00707,40.544,37.12,-33.754,7.555e-05,19.73,1.72,1.85,-11.63,2.4e-05,0.0,0.0,87.46,12.33,WiFi_6
UE_002,0.00707,18.104,13.851,-43.825,0.00011371,7.455,2.05,6.37,-4.44,2.4e-05,0.0,0.0,71.554,4.66,WiFi_6
UE_003,0.02517,21.955,19.752,-39.067,0.00014286,10.522,1.85,0.97,8.09,8.4e-05,0.0,0.0,87.46,6.58,WiFi_6
UE_004,0.00707,27.666,25.394,-39.902,0.00018484,13.504,1.62,9.8,-5.87,2.4e-05,0.0,0.0,87.46,8.44,WiFi_6
UE_005,0.00707,27.986,23.934,-37.717,8.591e-05,12.73,2.26,0.15,-5.01,2.4e-05,0.0,0.0,87.46,7.96,WiFi_6
UE_006,0.00707,47.738,42.472,-29.344,8.414e-05,22.574,1.81,0.67,-4.2,2.4e-05,0.0,0.0,87.46,12.34,WiFi_6
UE_007,0.00707,46.377,45.795,-31.331,0.00014229,24.341,2.25,0.83,11.62,2.4e-05,0.0,0.0,87.46,12.34,WiFi_6
UE_008,0.00707,36.121,32.023,-35.254,2.231e-05,17.022,1.81,0.39,4.85,2.4e-05,0.0,0.0,87.46,10.64,WiFi_6
UE_009,0.00505,46.786,43.505,-32.878,0.00014521,23.123,2.18,0.32,-9.36,1.7e-05,0.0,0.0,87.46,12.34,WiFi_6
UE_010,0.00707,18.527,16.126,-41.512,0.00024171,8.627,1.62,2.08,5.77,2.4e-05,0.0,0.0,78.379,5.39,WiFi_6
UE_011,0.00534,6.099,3.087,-46.495,0.01013088,2.563,1.94,19.45,-1.25,1.8e-05,0.0,0.0,39.261,1.6,WiFi_6
UE_012,0.00707,41.541,39.56,-34.065,8.329e-05,21.027,1.56,7.56,-7.2,2.4e-05,0.0,0.0,87.46,12.34,WiFi_6
UE_013,0.00707,29.914,27.717,-38.513,3.147e-05,14.736,2.08,6.87,7.05,2.4e-05,0.0,0.0,87.46,9.21,WiFi_6
UE_014,0.00707,34.469,31.884,-35.05,8.66e-05,16.948,2.26,2.86,-4.18,2.4e-05,0.0,0.0,87.46,10.59,WiFi_6
UE_015,0.02005,28.122,21.967,-38.721,0.00020856,11.69,2.17,1.0,9.95,6.7e-05,0.0,0.0,87.46,7.31,WiFi_6
UE_016,0.00068,79.398,75.833,-17.584,0.00015033,40.306,1.87,3.18,6.65,2e-06,0.0,0.0,87.46,12.34,WiFi_6
UE_017,0.00697,37.828,33.731,-35.062,1.146e-05,17.929,2.26,2.77,-0.04,2.3e-05,0.0,0.0,87.46,11.21,WiFi_6
UE_018,0.00413,28.154,24.691,-37.578,0.00013875,13.132,1.81,6.99,-0.34,1.4e-05,0.0,0.0,87.46,8.21,WiFi_6
UE_019,0.00707,23.185,20.407,-40.911,8.269e-05,10.867,1.63,7.28,4.3,2.4e-05,0.0,0.0,87.46,6.79,WiFi_6
UE_000,0.00699,26.906,23.557,-38.218,9.78e-06,12.531,1.88,1.79,0.03,2.3e-05,0.0,0.0,87.46,7.83,WiFi_6
UE_001,0.0114,12.398,9.867,-45.16,0.00100588,5.471,1.74,0.4,-11.63,3.8e-05,0.0,0.0,59.602,3.42,WiFi_6
UE_002,0.00707,20.258,18.991,-41.011,0.00019348,10.123,2.11,4.46,2.31,2.4e-05,0.0,0.0,86.973,6.33,WiFi_6
UE_003,0.01539,21.09,18.447,-40.851,0.00017876,9.837,2.07,0.89,8.09,5.1e-05,0.0,0.0,85.341,6.15,WiFi_6
UE_004,0.00707,22.23,18.085,-42.088,0.00010653,9.648,1.9,0.4,-5.87,2.4e-05,0.0,0.0,84.254,6.03,WiFi_6
UE_005,0.00707,6.688,2.799,-47.152,0.01012445,2.462,2.08,26.44,-5.01,2.4e-05,0.0,0.0,38.398,1.54,WiFi_6
UE_006,0.00707,39.222,36.701,-34.698,3.463e-05,19.508,1.81,4.71,-4.2,2.4e-05,0.0,0.0,87.46,12.19,WiFi_6
UE_007,0.00707,20.828,18.362,-42.591,0.00016145,9.793,1.56,2.14,11.62,2.4e-05,0.0,0.0,85.085,6.12,WiFi_6
UE_008,0.00707,37.099,31.027,-34.8,4.18e-06,16.493,1.58,5.03,4.85,2.4e-05,0.0,0.0,87.46,10.31,WiFi_6
UE_009,0.00707,35.694,30.18,-35.709,0.00022535,16.043,2.21,7.0,-9.36,2.4e-05,0.0,0.0,87.46,10.03,WiFi_6
UE_010,0.00707,32.949,30.488,-35.358,2.495e-05,16.207,1.97,0.29,5.77,2.4e-05,0.0,0.0,87.46,10.13,WiFi_6
UE_011,0.00501,34.206,30.878,-37.223,5.01e-06,16.414,1.95,0.55,-1.25,1.7e-05,0.0,0.0,87.46,10.26,WiFi_6
UE_012,0.00707,25.966,22.339,-40.194,9.114e-05,11.887,2.22,11.17,-7.2,2.4e-05,0.0,0.0,87.46,7.43,WiFi_6
UE_013,0.00707,39.437,35.911,-36.79,0.00018651,19.088,2.17,2.03,7.05,2.4e-05,0.0,0.0,87.46,11.93,WiFi_6
UE_014,0.00707,24.418,21.672,-40.369,0.00019902,11.534,1.74,4.7,-4.18,2.4e-05,0.0,0.0,87.46,7.21,WiFi_6
UE_015,0.02472,20.645,18.93,-41.661,0.00011791,10.091,1.6,11.42,9.95,8.2e-05,0.0,0.0,86.79,6.31,WiFi_6
UE_016,0.0054,49.131,46.59,-30.834,7.961e-05,24.763,2.03,1.19,6.65,1.8e-05,0.0,0.0,87.46,12.34,WiFi_6
UE_017,0.00693,17.922,14.277,-41.832,0.00013558,7.673,2.22,2.07,-0.04,2.3e-05,0.0,0.0,72.831,4.8,WiFi_6
UE_018,0.01517,22.48,19.967,-41.854,0.00016186,10.636,1.55,3.56,-0.34,5.1e-05,0.0,0.0,87.46,6.65,WiFi_6
UE_019,0.00707,1.888,-1.484,-48.424,0.15009272,1.239,1.67,25.26,4.3,2.4e-05,0.0,0.0,25.547,0.77,WiFi_6
UE_000,0.00696,39.346,35.628,-31.986,7.694e-05,18.937,1.66,0.49,0.03,2.3e-05,0.0,0.0,87.46,11.84,WiFi_6
UE_001,0.02977,28.031,22.206,-39.487,2.662e-05,11.816,2.0,0.52,-11.63,9.9e-05,0.0,0.0,87.46,7.39,WiFi_6
UE_002,0.00543,27.113,23.265,-39.307,2.139e-05,12.377,1.79,1.61,2.31,1.8e-05,0.0,0.0,87.46,7.74,WiFi_6
UE_003,0.00669,24.991,22.296,-41.091,2.231e-05,11.864,1.52,0.95,8.09,2.2e-05,0.0,0.0,87.46,7.42,WiFi_6
UE_004,0.00707,20.627,19.166,-43.205,0.00021317,10.214,1.6,2.42,-5.87,2.4e-05,0.0,0.0,87.46,6.38,WiFi_6
UE_005,0.00707,27.347,23.509,-40.016,4.255e-05,12.506,1.54,2.88,-5.01,2.4e-05,0.0,0.0,87.46,7.82,WiFi_6
UE_006,0.00707,23.099,17.452,-41.653,0.00011314,9.317,1.71,4.81,-4.2,2.4e-05,0.0,0.0,82.356,5.82,WiFi_6
UE_007,0.00707,19.381,16.481,-41.904,0.00017555,8.811,1.83,1.39,11.62,2.4e-05,0.0,0.0,79.442,5.51,WiFi_6
UE_008,0.00707,28.472,23.616,-40.265,0.00012332,12.562,1.7,1.76,4.85,2.4e-05,0.0,0.0,87.46,7.85,WiFi_6
UE_009,0.00707,36.448,34.514,-37.005,0.00011869,18.345,2.17,0.69,3.61,2.4e-05,0.0,0.0,87.46,11.47,WiFi_6
UE_010,0.00707,33.931,31.17,-35.561,3.21e-05,16.569,2.19,0.11,5.77,2.4e-05,0.0,0.0,87.46,10.36,WiFi_6
UE_011,0.00515,39.185,36.076,-35.519,0.00014869,19.176,2.24,3.57,-1.25,1.7e-05,0.0,0.0,87.46,11.98,WiFi_6
UE_012,0.00707,23.624,19.596,-39.372,0.00013937,10.44,1.52,0.69,-7.2,2.4e-05,0.0,0.0,87.46,6.53,WiFi_6
UE_013,0.00707,32.517,30.861,-35.558,0.0001193,16.405,1.81,1.25,7.05,2.4e-05,0.0,0.0,87.46,10.25,WiFi_6
UE_014,0.00707,22.235,16.836,-42.096,0.0001629,8.996,1.64,4.95,-4.18,2.4e-05,0.0,0.0,80.507,5.62,WiFi_6
UE_015,0.02151,6.058,4.595,-45.669,0.01002594,3.13,1.58,26.51,9.95,7.2e-05,0.0,0.0,43.784,1.96,WiFi_6
UE_016,0.00607,55.734,53.345,-26.772,2.346e-05,28.353,1.54,3.49,6.65,2e-05,0.0,0.0,87.46,12.34,WiFi_6
UE_017,0.0069,23.522,21.041,-39.885,4.684e-05,11.201,2.16,1.5,-0.04,2.3e-05,0.0,0.0,87.46,7.0,WiFi_6
UE_018,0.02072,24.58,22.154,-39.864,0.00015962,11.789,2.24,0.94,-0.34,6.9e-05,0.0,0.0,87.46,7.37,WiFi_6
UE_019,0.00707,17.027,12.08,-44.683,0.00012221,6.56,1.87,4.19,4.3,2.4e-05,0.0,0.0,66.241,4.1,WiFi_6
UE_000,0.00693,41.382,37.226,-31.444,3.373e-05,19.786,2.09,7.93,0.03,2.3e-05,0.0,0.0,87.46,12.34,WiFi_6
UE_001,0.02412,18.875,15.753,-40.661,0.00014519,8.434,1.56,1.17,-11.63,8e-05,0.0,0.0,77.26,5.27,WiFi_6
UE_002,0.00506,35.844,34.774,-34.08,9.48e-06,18.483,2.2,2.75,2.31,1.7e-05,0.0,0.0,87.46,11.55,WiFi_6
UE_003,0.00707,40.737,36.304,-30.761,0.00010116,19.297,1.9,4.36,8.09,2.4e-05,0.0,0.0,87.46,12.06,WiFi_6
UE_004,0.00707,41.767,37.681,-35.621,7.805e-05,20.028,2.2,7.38,-5.87,2.4e-05,0.0,0.0,87.46,12.34,WiFi_6
UE_005,0.00707,33.657,31.398,-36.886,5.22e-05,16.69,1.9,0.5,-5.01,2.4e-05,0.0,0.0,87.46,10.43,WiFi_6
UE_006,0.00707,16.557,12.557,-42.831,0.00010953,6.799,1.93,0.79,-4.2,2.4e-05,0.0,0.0,67.671,4.25,WiFi_6
UE_007,0.00707,29.041,26.51,-37.837,7.902e-05,14.095,1.96,0.63,11.62,2.4e-05,0.0,0.0,87.46,8.81,WiFi_6
UE_008,0.00707,37.918,34.331,-32.486,6.664e-05,18.248,2.19,2.82,4.85,2.4e-05,0.0,0.0,87.46,11.41,WiFi_6
UE_009,0.01236,18.073,15.98,-42.845,0.00017505,8.551,2.27,3.27,3.61,4.1e-05,0.0,0.0,77.941,5.34,WiFi_6
UE_010,0.00707,40.776,35.084,-33.907,0.00010135,18.648,1.99,12.99,5.77,2.4e-05,0.0,0.0,87.46,11.66,WiFi_6
UE_011,0.00573,33.075,27.076,-37.003,8.342e-05,14.396,2.21,6.1,-1.25,1.9e-05,0.0,0.0,87.46,9.0,WiFi_6
UE_012,0.00707,29.583,25.52,-39.075,3.575e-05,13.571,2.07,5.2,-7.2,2.4e-05,0.0,0.0,87.46,8.48,WiFi_6
UE_013,0.00707,32.465,31.311,-36.442,0.00012318,16.644,1.77,0.51,7.05,2.4e-05,0.0,0.0,87.46,10.4,WiFi_6
UE_014,0.00707,28.629,22.858,-37.58,0.00023488,12.161,1.91,19.29,-4.18,2.4e-05,0.0,0.0,87.46,7.6,WiFi_6
UE_015,0.01681,39.032,35.435,-34.555,2.686e-05,18.835,1.99,0.31,9.95,5.6e-05,0.0,0.0,87.46,11.77,WiFi_6
UE_016,0.00696,38.756,34.165,-35.636,0.00018997,18.16,1.63,2.38,6.65,2.3e-05,0.0,0.0,87.46,11.35,WiFi_6
UE_017,0.00686,28.48,24.486,-37.11,7.178e-05,13.022,2.08,1.97,-0.04,2.3e-05,0.0,0.0,87.46,8.14,WiFi_6
UE_018,0.00632,28.714,24.259,-39.789,1.618e-05,12.903,2.08,1.56,-0.34,2.1e-05,0.0,0.0,87.46,8.06,WiFi_6
UE_019,0.00707,29.883,27.745,-37.584,7.005e-05,14.751,2.23,6.59,4.3,2.4e-05,0.0,0.0,87.46,9.22,WiFi_6
UE_000,0.0069,17.175,14.336,-43.195,0.00016622,7.703,2.0,4.12,0.03,2.3e-05,0.0,0.0,73.007,4.81,WiFi_6
UE_001,0.01051,37.088,32.792,-36.446,0.00011316,17.43,2.15,0.91,-11.63,3.5e-05,0.0,0.0,87.46,10.89,WiFi_6
UE_002,0.0062,32.548,25.575,-36.542,6.539e-05,13.6,1.62,5.41,2.31,2.1e-05,0.0,0.0,87.46,8.5,WiFi_6
UE_003,0.00707,34.141,32.245,-36.826,1.78e-05,17.14,1.91,8.0,8.09,2.4e-05,0.0,0.0,87.46,10.71,WiFi_6
UE_004,0.00707,19.824,14.749,-41.551,0.00011411,7.916,2.03,1.63,-5.87,2.4e-05,0.0,0.0,74.248,4.95,WiFi_6
UE_005,0.00707,37.113,34.608,-34.382,0.00016355,18.395,2.19,18.62,-5.01,2.4e-05,0.0,0.0,87.46,11.5,WiFi_6
UE_006,0.00707,26.578,23.879,-38.735,6.231e-05,12.701,1.73,1.72,-4.2,2.4e-05,0.0,0.0,87.46,7.94,WiFi_6
UE_007,0.00707,30.2,27.252,-38.769,0.00010399,14.489,1.63,0.84,11.62,2.4e-05,0.0,0.0,87.46,9.06,WiFi_6
UE_008,0.00707,23.825,21.207,-39.272,3.029e-05,11.289,2.03,0.28,4.85,2.4e-05,0.0,0.0,87.46,7.06,WiFi_6
UE_009,0.0207,15.017,11.817,-42.953,0.00108123,6.428,1.51,4.25,3.61,6.9e-05,0.0,0.0,65.451,4.02,WiFi_6
UE_010,0.00707,50.879,46.906,-28.264,4.481e-05,24.931,1.8,0.04,5.77,2.4e-05,0.0,0.0,87.46,12.34,WiFi_6
UE_011,0.00664,34.39,30.966,-36.425,1.836e-05,16.461,2.05,2.43,-1.25,2.2e-05,0.0,0.0,87.46,10.29,WiFi_6
UE_012,0.00707,41.256,38.155,-32.616,3.64e-06,20.28,2.11,2.15,-7.2,2.4e-05,0.0,0.0,87.46,12.34,WiFi_6
UE_013,0.00707,17.335,12.651,-43.442,0.00010734,6.846,2.14,0.28,7.05,2.4e-05,0.0,0.0,67.954,4.28,WiFi_6
UE_014,0.00707,34.995,30.343,-35.161,2.86e-05,16.129,1.68,2.84,-4.18,2.4e-05,0.0,0.0,87.46,10.08,WiFi_6
UE_015,0.01225,24.697,21.183,-40.2,8.877e-05,11.276,2.16,5.18,9.95,4.1e-05,0.0,0.0,87.46,7.05,WiFi_6
UE_016,0.008,27.131,23.231,-39.92,4.201e-05,12.358,1.55,0.87,6.65,2.7e-05,0.0,0.0,87.46,7.72,WiFi_6
UE_017,0.00683,40.715,38.85,-33.113,0.00022021,20.65,1.72,2.39,-0.04,2.3e-05,0.0,0.0,87.46,12.34,WiFi_6
UE_018,0.00556,34.454,29.77,-36.274,3.968e-05,15.825,1.63,2.55,-0.34,1.9e-05,0.0,0.0,87.46,9.89,WiFi_6
UE_019,0.00707,25.043,19.429,-40.553,0.00031107,10.353,1.7,3.18,4.3,2.4e-05,0.0,0.0,87.46,6.47,WiFi_6
UE_000,0.00687,17.306,14.82,-42.725,0.00014291,7.952,1.91,9.09,0.03,2.3e-05,0.0,0.0,74.461,4.97,WiFi_6
UE_001,0.00515,31.946,27.182,-36.944,8.76e-05,14.452,1.98,11.37,-11.63,1.7e-05,0.0,0.0,87.46,9.03,WiFi_6
UE_002,0.00825,19.562,16.329,-42.236,0.00012413,8.732,1.99,4.04,2.31,2.7e-05,0.0,0.0,78.986,5.46,WiFi_6
UE_003,0.00707,21.812,18.429,-40.957,0.000156,9.828,1.69,0.34,8.09,2.4e-05,0.0,0.0,85.288,6.14,WiFi_6
UE_004,0.00707,34.231,30.801,-35.307,7.194e-05,16.373,2.24,2.24,-5.87,2.4e-05,0.0,0.0,87.46,10.23,WiFi_6
UE_005,0.00707,32.661,28.638,-36.823,0.00020437,15.224,2.07,8.59,-5.01,2.4e-05,0.0,0.0,87.46,9.52,WiFi_6
UE_006,0.00707,31.568,27.31,-36.492,4.427e-05,14.52,2.26,2.07,-4.2,2.4e-05,0.0,0.0,87.46,9.07,WiFi_6
UE_007,0.00707,27.393,20.652,-38.31,0.00015414,10.997,2.09,3.73,11.62,2.4e-05,0.0,0.0,87.46,6.87,WiFi_6
UE_008,0.00707,20.169,14.627,-42.076,0.00020444,7.853,1.74,0.71,4.85,2.4e-05,0.0,0.0,73.882,4.91,WiFi_6
UE_009,0.00904,21.877,16.034,-40.43,0.00030187,8.579,1.58,1.6,3.61,3e-05,0.0,0.0,78.101,5.36,WiFi_6
UE_010,0.00707,10.493,8.581,-46.917,0.00115822,4.86,1.79,5.08,5.77,2.4e-05,0.0,0.0,55.742,3.04,WiFi_6
UE_011,0.00776,22.411,17.165,-38.818,0.0001017,9.167,1.92,2.75,4.41,2.6e-05,0.0,0.0,81.494,5.73,WiFi_6
UE_012,0.00707,22.275,19.626,-42.599,0.00014144,10.456,1.71,4.27,-7.2,2.4e-05,0.0,0.0,87.46,6.54,WiFi_6
UE_013,0.00707,23.554,20.267,-40.819,4.05e-05,10.793,1.96,0.33,7.05,2.4e-05,0.0,0.0,87.46,6.75,WiFi_6
UE_014,0.00707,29.076,24.394,-38.444,3.6e-05,12.974,2.11,0.75,-4.18,2.4e-05,0.0,0.0,87.46,8.11,WiFi_6
UE_015,0.00805,33.707,28.377,-35.918,7.122e-05,15.086,2.01,0.19,9.95,2.7e-05,0.0,0.0,87.46,9.43,WiFi_6
UE_016,0.00914,29.071,24.44,-40.472,6.629e-05,12.998,1.62,3.52,6.65,3e-05,0.0,0.0,87.46,8.12,WiFi_6
UE_017,0.00679,49.228,43.939,-30.015,1.72e-05,23.354,1.9,1.03,-0.04,2.3e-05,0.0,0.0,87.46,12.34,WiFi_6
UE_018,0.00539,51.596,46.632,-28.77,9.581e-05,24.785,1.93,1.57,-0.34,1.8e-05,0.0,0.0,87.46,12.34,WiFi_6
UE_019,0.00707,26.794,25.387,-39.01,0.00013451,13.5,2.13,4.07,4.3,2.4e-05,0.0,0.0,87.46,8.44,WiFi_6
UE_000,0.00684,22.802,22.43,-41.801,9.484e-05,11.935,2.03,2.55,0.91,2.3e-05,0.0,0.0,87.46,7.46,WiFi_6
UE_001,0.00707,27.353,23.729,-36.849,3.105e-05,12.622,1.53,4.74,-11.63,2.4e-05,0.0,0.0,87.46,7.89,WiFi_6
UE_002,0.01069,12.687,9.181,-44.863,0.00100612,5.143,1.93,2.89,3.59,3.6e-05,0.0,0.0,57.544,3.21,WiFi_6
UE_003,0.00707,26.698,22.741,-40.14,7.997e-05,12.099,1.59,2.16,8.09,2.4e-05,0.0,0.0,87.46,7.56,WiFi_6
UE_004,0.00707,35.153,34.185,-36.688,0.00021245,18.17,1.8,2.83,-5.87,2.4e-05,0.0,0.0,87.46,11.36,WiFi_6
UE_005,0.00707,35.969,31.659,-34.615,6.881e-05,16.829,1.68,1.78,-5.01,2.4e-05,0.0,0.0,87.46,10.52,WiFi_6
UE_006,0.00707,37.378,34.49,-36.426,0.00012082,18.332,1.99,2.07,-4.2,2.4e-05,0.0,0.0,87.46,11.46,WiFi_6
UE_007,0.00707,12.463,8.942,-43.396,0.00110666,5.03,2.11,3.83,11.62,2.4e-05,0.0,0.0,56.826,3.14,WiFi_6
UE_008,0.00707,25.021,20.81,-39.68,7.044e-05,11.08,1.65,3.13,4.85,2.4e-05,0.0,0.0,87.46,6.92,WiFi_6
UE_009,0.01398,2.351,-0.379,-49.519,0.1500735,1.502,2.02,8.32,3.61,4.7e-05,0.0,0.0,28.864,0.94,WiFi_6
UE_010,0.00707,35.997,32.731,-35.983,2.766e-05,17.398,2.08,1.59,-0.7,2.4e-05,0.0,0.0,87.46,10.87,WiFi_6
UE_011,0.00158,47.433,45.246,-30.925,2.781e-05,24.049,2.13,10.42,4.41,5e-06,0.0,0.0,87.46,12.34,WiFi_6
UE_012,0.00707,29.894,26.793,-37.926,4.54e-06,14.245,1.84,0.76,-7.2,2.4e-05,0.0,0.0,87.46,8.9,WiFi_6
UE_013,0.00707,48.863,45.421,-29.958,3.725e-05,24.142,1.54,1.25,7.05,2.4e-05,0.0,0.0,87.46,12.34,WiFi_6
UE_014,0.00707,15.572,14.401,-44.736,0.00019376,7.737,1.71,2.32,-4.18,2.4e-05,0.0,0.0,73.203,4.84,WiFi_6
UE_015,0.0052,21.581,18.002,-42.175,0.00013334,9.604,1.79,1.94,9.95,1.7e-05,0.0,0.0,84.006,6.0,WiFi_6
UE_016,0.01035,3.136,0.166,-49.317,0.01023869,1.645,2.15,38.77,6.65,3.4e-05,0.0,0.0,30.498,1.03,WiFi_6
UE_017,0.00676,46.213,43.62,-31.82,7.294e-05,23.185,1.84,2.59,-0.04,2.3e-05,0.0,0.0,87.46,12.34,WiFi_6
UE_018,0.00525,30.492,26.01,-38.539,0.0001001,13.831,2.21,3.43,-0.34,1.8e-05,0.0,0.0,87.46,8.64,WiFi_6
UE_019,0.00707,16.132,14.489,-42.147,0.0002892,7.782,1.9,0.26,4.3,2.4e-05,0.0,0.0,73.466,4.86,WiFi_6
UE_000,0.00612,37.222,35.961,-34.006,1.989e-05,19.114,1.92,0.07,1.05,2e-05,0.0,0.0,87.46,11.95,WiFi_6
UE_001,0.00707,36.665,33.186,-36.126,3.496e-05,17.64,2.06,2.76,-11.63,2.4e-05,0.0,0.0,87.46,11.02,WiFi_6
UE_002,0.01408,36.998,35.304,-34.292,4.672e-05,18.765,1.97,0.56,3.59,4.7e-05,0.0,0.0,87.46,11.73,WiFi_6
UE_003,0.00707,35.811,32.605,-34.964,4.373e-05,17.331,1.83,1.64,8.09,2.4e-05,0.0,0.0,87.46,10.83,WiFi_6
UE_004,0.00707,11.979,6.633,-45.902,0.00107202,3.979,1.86,2.2,-5.87,2.4e-05,0.0,0.0,49.898,2.49,WiFi_6
UE_005,0.00707,33.566,28.918,-36.542,6.819e-05,15.373,2.1,5.09,-5.01,2.4e-05,0.0,0.0,87.46,9.61,WiFi_6
UE_006,0.00707,35.908,33.367,-34.578,3.065e-05,17.736,1.96,1.58,-4.2,2.4e-05,0.0,0.0,87.46,11.08,WiFi_6
UE_007,0.00707,37.837,32.491,-35.354,5.234e-05,17.271,1.94,7.15,11.62,2.4e-05,0.0,0.0,87.46,10.79,WiFi_6
UE_008,0.00707,21.439,19.367,-39.832,0.00023233,10.32,1.68,8.83,4.85,2.4e-05,0.0,0.0,87.46,6.45,WiFi_6
UE_009,0.01826,20.854,15.887,-42.459,0.00028776,8.503,2.09,2.1,12.25,6.1e-05,0.0,0.0,77.662,5.31,WiFi_6
UE_010,0.00648,26.312,24.153,-38.493,5.191e-05,12.846,1.93,5.69,-0.7,2.2e-05,0.0,0.0,87.46,8.03,WiFi_6
UE_011,0.00537,42.035,38.913,-33.758,0.00019394,20.683,2.25,0.62,4.41,1.8e-05,0.0,0.0,87.46,12.34,WiFi_6
UE_012,0.00707,34.829,29.285,-35.422,4.933e-05,15.568,2.25,11.62,-7.2,2.4e-05,0.0,0.0,87.46,9.73,WiFi_6
UE_013,0.00707,30.439,27.215,-38.892,6.347e-05,14.469,2.1,0.99,7.05,2.4e-05,0.0,0.0,87.46,9.04,WiFi_6
UE_014,0.00707,30.518,27.3,-36.215,5.154e-05,14.514,2.24,3.34,-4.18,2.4e-05,0.0,0.0,87.46,9.07,WiFi_6
UE_015,0.00606,39.538,35.536,-31.929,2.248e-05,18.889,1.57,2.35,9.95,2e-05,0.0,0.0,87.46,11.81,WiFi_6
UE_016,0.0116,46.821,42.695,-34.12,8.53e-06,22.693,1.96,2.34,6.65,3.9e-05,0.0,0.0,87.46,12.34,WiFi_6
UE_017,0.00673,30.806,28.024,-36.996,0.00015661,14.898,2.11,3.09,-0.04,2.2e-05,0.0,0.0,87.46,9.31,WiFi_6
UE_018,0.00514,39.847,37.073,-34.93,2.407e-05,19.705,1.97,0.31,-0.34,1.7e-05,0.0,0.0,87.46,12.32,WiFi_6
UE_019,0.00707,35.235,33.301,-36.545,8.574e-05,17.701,1.64,0.89,4.3,2.4e-05,0.0,0.0,87.46,11.06,WiFi_6
UE_000,0.0046,32.823,28.417,-37.072,0.00013375,15.107,1.95,1.43,1.05,1.5e-05,0.0,0.0,87.46,9.44,WiFi_6
UE_001,0.00707,41.029,36.008,-33.862,4.84e-05,19.139,2.2,0.09,-11.63,2.4e-05,0.0,0.0,87.46,11.96,WiFi_6
UE_002,0.02048,4.439,2.288,-48.132,0.01013528,2.287,2.21,8.58,3.59,6.8e-05,0.0,0.0,36.864,1.43,WiFi_6
UE_003,0.00707,7.62,5.535,-45.727,0.01009907,3.511,1.87,33.39,8.09,2.4e-05,0.0,0.0,46.604,2.19,WiFi_6
UE_004,0.00707,29.655,27.794,-39.479,3.004e-05,14.777,2.15,8.15,-5.87,2.4e-05,0.0,0.0,87.46,9.24,WiFi_6
UE_005,0.00707,30.061,26.053,-38.714,2.343e-05,13.853,1.5,1.24,-5.01,2.4e-05,0.0,0.0,87.46,8.66,WiFi_6
UE_006,0.00707,17.898,14.675,-43.014,0.0001008,7.877,1.99,11.15,-4.2,2.4e-05,0.0,0.0,74.026,4.92,WiFi_6
UE_007,0.00707,30.655,25.167,-38.293,4.62e-05,13.384,1.82,21.17,11.62,2.4e-05,0.0,0.0,87.46,8.36,WiFi_6
UE_008,0.00707,38.439,34.304,-34.283,9.047e-05,18.234,2.14,1.38,4.85,2.4e-05,0.0,0.0,87.46,11.4,WiFi_6
UE_009,0.01766,18.43,13.875,-41.977,0.0002232,7.467,1.89,7.67,12.25,5.9e-05,0.0,0.0,71.624,4.67,WiFi_6
UE_010,0.00596,8.739,5.728,-46.761,0.01003998,3.591,2.06,31.78,-0.7,2e-05,0.0,0.0,47.183,2.24,WiFi_6
UE_011,0.00738,32.395,29.101,-37.147,5.199e-05,15.47,2.2,1.83,4.42,2.5e-05,0.0,0.0,87.46,9.67,WiFi_6
UE_012,0.00707,30.648,28.466,-38.433,2.027e-05,15.133,2.05,2.72,-7.2,2.4e-05,0.0,0.0,87.46,9.46,WiFi_6
UE_013,0.00707,29.284,25.089,-39.233,3.113e-05,13.342,1.56,5.08,7.05,2.4e-05,0.0,0.0,87.46,8.34,WiFi_6
UE_014,0.00707,21.657,17.476,-41.95,0.00025716,9.329,2.11,2.09,-4.18,2.4e-05,0.0,0.0,82.427,5.83,WiFi_6
UE_015,0.00707,44.317,42.276,-31.045,0.0001372,22.47,2.11,0.08,9.95,2.4e-05,0.0,0.0,87.46,12.34,WiFi_6
UE_016,0.01288,25.371,21.966,-40.723,4.218e-05,11.69,2.23,3.99,6.65,4.3e-05,0.0,0.0,87.46,7.31,WiFi_6
UE_017,0.00669,19.394,16.348,-42.494,0.00014778,8.742,1.5,0.08,-0.04,2.2e-05,0.0,0.0,79.044,5.46,WiFi_6
UE_018,0.00506,28.052,25.051,-37.964,1.777e-05,13.322,1.58,7.11,-0.34,1.7e-05,0.0,0.0,87.46,8.33,WiFi_6
UE_019,0.00707,35.258,31.257,-35.937,6.023e-05,16.615,1.83,4.2,4.3,2.4e-05,0.0,0.0,87.46,10.38,WiFi_6
UE_000,0.01309,24.478,21.722,-40.442,8.048e-05,11.561,1.68,8.07,1.05,4.4e-05,0.0,0.0,87.46,7.23,WiFi_6
UE_001,0.00707,38.288,35.035,-33.831,9.127e-05,18.622,1.94,7.3,-11.63,2.4e-05,0.0,0.0,87.46,11.64,WiFi_6
UE_002,0.02788,12.061,6.254,-44.395,0.00100595,3.815,2.12,4.4,3.59,9.3e-05,0.0,0.0,48.762,2.38,WiFi_6
UE_003,0.00707,21.717,19.815,-41.634,0.00023957,10.556,2.24,0.07,8.09,2.4e-05,0.0,0.0,87.46,6.6,WiFi_6
UE_004,0.00707,19.09,14.176,-41.421,0.00013278,7.621,2.0,3.98,-5.87,2.4e-05,0.0,0.0,72.528,4.76,WiFi_6
UE_005,0.00707,23.095,17.432,-39.831,0.00013114,9.306,1.93,1.83,-5.01,2.4e-05,0.0,0.0,82.295,5.82,WiFi_6
UE_006,0.00707,27.903,25.843,-38.808,0.0002668,13.742,2.0,3.62,-4.2,2.4e-05,0.0,0.0,87.46,8.59,WiFi_6
UE_007,0.00707,26.484,23.889,-39.66,6.093e-05,12.707,1.96,4.32,11.62,2.4e-05,0.0,0.0,87.46,7.94,WiFi_6
UE_008,0.00707,18.999,15.655,-42.883,0.00017208,8.383,1.96,0.32,4.85,2.4e-05,0.0,0.0,76.965,5.24,WiFi_6
UE_009,0.01375,27.093,23.534,-38.244,5.677e-05,12.519,1.82,6.95,12.25,4.6e-05,0.0,0.0,87.46,7.82,WiFi_6
UE_010,0.00553,18.611,13.425,-42.6,0.00025247,7.238,1.9,1.63,-0.7,1.8e-05,0.0,0.0,70.274,4.52,WiFi_6
UE_011,0.01019,29.494,27.557,-38.269,7.292e-05,14.651,1.74,10.0,4.42,3.4e-05,0.0,0.0,87.46,9.16,WiFi_6
UE_012,0.00707,26.537,22.365,-39.189,9.101e-05,11.901,2.06,0.46,-7.2,2.4e-05,0.0,0.0,87.46,7.44,WiFi_6
UE_013,0.00707,25.26,20.789,-37.382,0.00012009,11.069,1.62,0.25,7.05,2.4e-05,0.0,0.0,87.46,6.92,WiFi_6
UE_014,0.00707,5.716,1.89,-46.512,0.01002757,2.156,1.67,11.23,-4.18,2.4e-05,0.0,0.0,35.669,1.35,WiFi_6
UE_015,0.00707,27.961,24.845,-39.013,8.408e-05,13.213,2.18,0.67,9.95,2.4e-05,0.0,0.0,87.46,8.26,WiFi_6
UE_016,0.01418,20.378,17.756,-42.602,0.00014408,9.476,1.9,2.99,6.65,4.7e-05,0.0,0.0,83.267,5.92,WiFi_6
UE_017,0.00666,29.598,26.754,-38.024,3.994e-05,14.225,2.21,0.02,-0.04,2.2e-05,0.0,0.0,87.46,8.89,WiFi_6
UE_018,0.00501,35.279,29.826,-33.377,2.99e-06,15.855,1.71,9.7,-0.34,1.7e-05,0.0,0.0,87.46,9.91,WiFi_6
UE_019,0.00707,26.526,21.769,-39.944,8.104e-05,11.586,1.84,3.93,4.3,2.4e-05,0.0,0.0,87.46,7.24,WiFi_6
UE_000,0.02209,20.118,17.179,-41.728,0.00011725,9.175,2.27,3.4,1.05,7.4e-05,0.0,0.0,81.537,5.73,WiFi_6
UE_001,0.00707,16.249,11.888,-42.986,0.00103212,6.463,1.92,0.76,-11.63,2.4e-05,0.0,0.0,65.664,4.04,WiFi_6
UE_002,0.0321,-0.623,-3.953,-51.033,0.1502546,0.781,1.79,38.37,3.59,0.000107,0.0,0.0,18.141,0.49,WiFi_6
UE_003,0.00707,30.088,27.668,-39.054,1.88e-06,14.71,1.61,0.02,8.09,2.4e-05,0.0,0.0,87.46,9.19,WiFi_6
UE_004,0.00707,32.099,27.533,-37.954,2.437e-05,14.638,2.21,2.52,-6.91,2.4e-05,0.0,0.0,87.46,9.15,WiFi_6
UE_005,0.00707,25.122,20.778,-38.667,0.00010011,11.063,1.98,14.66,-5.01,2.4e-05,0.0,0.0,87.46,6.91,WiFi_6
UE_006,0.00707,38.081,30.904,-34.428,0.00013287,16.428,1.62,0.11,-4.2,2.4e-05,0.0,0.0,87.46,10.27,WiFi_6
UE_007,0.00707,21.137,16.011,-42.099,0.00013664,8.567,1.96,3.23,11.62,2.4e-05,0.0,0.0,78.032,5.35,WiFi_6
UE_008,0.00707,46.287,40.836,-32.054,0.00018962,21.705,1.75,3.32,4.85,2.4e-05,0.0,0.0,87.46,12.34,WiFi_6
UE_009,0.02349,11.938,7.909,-48.0,0.00117925,4.55,2.01,0.72,-9.89,7.8e-05,0.0,0.0,53.727,2.84,WiFi_6
UE_010,0.00521,41.061,39.173,-36.274,3.141e-05,20.821,1.56,3.22,-0.7,1.7e-05,0.0,0.0,87.46,12.34,WiFi_6
UE_011,0.01331,16.406,10.852,-43.357,0.00113703,5.95,1.57,1.81,4.42,4.4e-05,0.0,0.0,62.556,3.72,WiFi_6
UE_012,0.00707,26.389,25.53,-39.37,4.262e-05,13.576,2.12,1.88,-7.2,2.4e-05,0.0,0.0,87.46,8.49,WiFi_6
UE_013,0.00707,21.56,17.703,-39.794,0.00022121,9.448,1.54,10.67,7.05,2.4e-05,0.0,0.0,83.109,5.91,WiFi_6
UE_014,0.00707,44.33,41.896,-31.199,0.00012926,22.268,1.81,0.04,-4.18,2.4e-05,0.0,0.0,87.46,12.34,WiFi_6
UE_015,0.00707,19.072,15.902,-40.846,0.00010052,8.51,2.21,1.8,9.95,2.4e-05,0.0,0.0,77.705,5.32,WiFi_6
UE_016,0.01551,23.406,18.501,-42.715,0.00015741,9.866,2.27,0.83,6.65,5.2e-05,0.0,0.0,85.504,6.17,WiFi_6
UE_017,0.00663,29.935,29.039,-36.768,6.02e-05,15.438,1.84,4.29,-0.04,2.2e-05,0.0,0.0,87.46,9.65,WiFi_6
UE_018,0.005,16.39,11.347,-42.377,0.00101448,6.195,2.24,6.33,-0.34,1.7e-05,0.0,0.0,64.042,3.87,WiFi_6
UE_019,0.00707,25.939,20.92,-40.054,0.00010831,11.138,1.56,2.49,4.57,2.4e-05,0.0,0.0,87.46,6.96,WiFi_6
UE_000,0.01896,29.931,26.542,-37.553,1.918e-05,14.112,2.22,3.17,1.05,6.3e-05,0.0,0.0,87.46,8.82,WiFi_6
UE_001,0.00707,30.296,24.236,-36.806,1.316e-05,12.89,2.0,1.29,-11.63,2.4e-05,0.0,0.0,87.46,8.06,WiFi_6
UE_002,0.02713,0.102,-4.667,-48.16,0.15002006,0.678,2.19,16.55,3.59,9e-05,0.0,0.0,15.999,0.42,WiFi_6
UE_003,0.00707,31.863,26.454,-37.619,7.55e-05,14.066,1.88,3.25,8.09,2.4e-05,0.0,0.0,87.46,8.79,WiFi_6
UE_004,0.00707,24.301,20.867,-39.295,0.00013355,11.11,1.6,0.29,-6.91,2.4e-05,0.0,0.0,87.46,6.94,WiFi_6
UE_005,0.00707,41.378,36.83,-33.719,0.00016479,19.576,2.05,0.35,-5.01,2.4e-05,0.0,0.0,87.46,12.23,WiFi_6
UE_006,0.00707,27.863,24.422,-38.863,6.71e-06,12.989,2.2,6.22,-4.2,2.4e-05,0.0,0.0,87.46,8.12,WiFi_6
UE_007,0.00707,38.152,35.975,-33.497,0.00018518,19.121,2.26,0.68,11.62,2.4e-05,0.0,0.0,87.46,11.95,WiFi_6
UE_008,0.00707,25.356,21.717,-39.01,9.602e-05,11.558,2.25,0.99,4.85,2.4e-05,0.0,0.0,87.46,7.22,WiFi_6
UE_009,0.01238,18.274,15.688,-41.432,0.00015911,8.4,2.19,1.5,-9.89,4.1e-05,0.0,0.0,77.063,5.25,WiFi_6
UE_010,0.00504,38.76,34.518,-33.783,7.005e-05,18.347,2.22,0.79,-0.7,1.7e-05,0.0,0.0,87.46,11.47,WiFi_6
UE_011,0.01656,23.614,22.038,-40.59,8.067e-05,11.728,1.97,1.06,4.42,5.5e-05,0.0,0.0,87.46,7.33,WiFi_6
UE_012,0.00707,18.19,15.101,-43.307,0.00021836,8.097,1.92,4.58,-7.2,2.4e-05,0.0,0.0,75.304,5.06,WiFi_6
UE_013,0.00707,43.462,39.733,-31.448,7.33e-05,21.119,2.26,2.69,7.05,2.4e-05,0.0,0.0,87.46,12.34,WiFi_6
UE_014,0.00707,16.384,13.013,-43.918,0.00012201,7.029,1.63,2.64,-4.18,2.4e-05,0.0,0.0,69.039,4.39,WiFi_6
UE_015,0.00707,35.698,32.595,-35.341,0.00013181,17.326,1.69,5.25,9.95,2.4e-05,0.0,0.0,87.46,10.83,WiFi_6
UE_016,0.01684,8.2,4.624,-45.531,0.01016624,3.142,1.54,18.19,6.65,5.6e-05,0.0,0.0,43.873,1.96,WiFi_6
UE_017,0.00659,23.267,21.002,-41.052,5.102e-05,11.181,1.94,2.89,-5.46,2.2e-05,0.0,0.0,87.46,6.99,WiFi_6
UE_018,0.00502,46.291,43.321,-30.661,0.00023782,23.026,2.23,0.91,-0.34,1.7e-05,0.0,0.0,87.46,12.34,WiFi_6
UE_019,0.00707,13.42,11.164,-42.717,0.00110824,6.104,1.92,0.11,4.57,2.4e-05,0.0,0.0,63.491,3.81,WiFi_6
UE_000,0.01031,32.689,31.094,-36.18,8.301e-05,16.528,2.1,0.56,1.05,3.4e-05,0.0,0.0,87.46,10.33,WiFi_6
UE_001,0.00707,35.835,30.785,-34.774,0.000177,16.364,2.03,1.24,-11.63,2.4e-05,0.0,0.0,87.46,10.23,WiFi_6
UE_002,0.019,11.482,7.196,-45.203,0.0011071,4.228,1.94,3.12,3.59,6.3e-05,0.0,0.0,51.589,2.64,WiFi_6
UE_003,0.00707,8.929,5.121,-47.405,0.01001281,3.341,2.26,34.3,8.09,2.4e-05,0.0,0.0,45.362,2.09,WiFi_6
UE_004,0.00707,27.722,25.295,-39.383,4.988e-05,13.451,2.15,0.95,-10.71,2.4e-05,0.0,0.0,87.46,8.41,WiFi_6
UE_005,0.00707,31.864,27.949,-37.562,9.923e-05,14.859,1.62,0.6,-5.01,2.4e-05,0.0,0.0,87.46,9.29,WiFi_6
UE_006,0.00707,25.238,21.991,-40.409,8.16e-06,11.703,1.66,0.27,-4.2,2.4e-05,0.0,0.0,87.46,7.31,WiFi_6
UE_007,0.00707,24.184,22.695,-40.437,0.00013647,12.075,1.8,5.89,11.62,2.4e-05,0.0,0.0,87.46,7.55,WiFi_6
UE_008,0.00707,36.564,32.27,-35.067,3.872e-05,17.153,1.64,0.78,4.85,2.4e-05,0.0,0.0,87.46,10.72,WiFi_6
UE_009,0.01995,15.941,10.904,-43.057,0.0011793,5.976,1.94,0.71,-9.89,6.6e-05,0.0,0.0,62.713,3.73,WiFi_6
UE_010,0.00501,31.545,26.596,-35.46,2.76e-06,14.141,1.74,1.81,-0.7,1.7e-05,0.0,0.0,87.46,8.84,WiFi_6
UE_011,0.01988,27.448,25.59,-40.722,9.461e-05,13.608,2.11,0.72,4.42,6.6e-05,0.0,0.0,87.46,8.5,WiFi_6
UE_012,0.00707,24.924,19.104,-40.763,0.00016595,10.182,1.82,2.69,-7.2,2.4e-05,0.0,0.0,87.312,6.36,WiFi_6
UE_013,0.00707,24.383,22.96,-39.209,0.00010461,12.215,1.99,10.04,7.05,2.4e-05,0.0,0.0,87.46,7.63,WiFi_6
UE_014,0.00707,13.797,8.718,-44.34,0.00104206,4.925,1.89,0.32,-4.18,2.4e-05,0.0,0.0,56.155,3.08,WiFi_6
UE_015,0.00707,29.119,25.445,-37.96,8.911e-05,13.531,1.59,0.09,9.95,2.4e-05,0.0,0.0,87.46,8.46,WiFi_6
UE_016,0.01819,16.682,14.69,-44.846,0.00020774,7.885,1.6,1.96,6.65,6.1e-05,0.0,0.0,74.07,4.93,WiFi_6
UE_017,0.00258,48.711,44.598,-30.434,0.0001952,23.704,1.76,0.43,-5.46,9e-06,0.0,0.0,87.46,12.34,WiFi_6
UE_018,0.00508,34.791,32.185,-35.861,5.259e-05,17.108,2.17,0.61,-0.34,1.7e-05,0.0,0.0,87.46,10.69,WiFi_6
UE_019,0.00707,21.532,16.228,-40.692,0.00011748,8.68,2.16,1.45,4.57,2.4e-05,0.0,0.0,78.684,5.42,WiFi_6
UE_000,0.00443,25.782,22.725,-40.686,0.00012522,12.091,2.07,0.08,1.05,1.5e-05,0.0,0.0,87.46,7.56,WiFi_6
UE_001,0.00707,24.007,21.818,-40.562,6.573e-05,11.612,1.54,3.32,-11.63,2.4e-05,0.0,0.0,87.46,7.26,WiFi_6
UE_002,0.01108,26.831,22.597,-40.716,3.024e-05,12.023,2.12,1.07,3.59,3.7e-05,0.0,0.0,87.46,7.51,WiFi_6
UE_003,0.00707,30.976,24.852,-36.407,9.236e-05,13.217,1.61,4.21,8.09,2.4e-05,0.0,0.0,87.46,8.26,WiFi_6
UE_004,0.00707,21.269,18.269,-41.244,0.00011685,9.744,1.7,2.77,-10.71,2.4e-05,0.0,0.0,84.808,6.09,WiFi_6
UE_005,0.00707,33.508,28.857,-36.477,2.15e-05,15.341,1.6,0.2,-5.01,2.4e-05,0.0,0.0,87.46,9.59,WiFi_6
UE_006,0.00707,35.144,31.603,-38.294,9.491e-05,16.799,1.77,1.87,-4.2,2.4e-05,0.0,0.0,87.46,10.5,WiFi_6
UE_007,0.00707,27.422,24.585,-40.88,4.589e-05,13.075,1.5,1.31,11.62,2.4e-05,0.0,0.0,87.46,8.17,WiFi_6
UE_008,0.00707,22.08,19.63,-40.708,0.00026956,10.458,1.58,4.88,4.85,2.4e-05,0.0,0.0,87.46,6.54,WiFi_6
UE_009,0.01861,11.538,4.649,-46.5,0.01006798,3.152,1.55,35.83,-9.89,6.2e-05,0.0,0.0,43.948,1.97,WiFi_6
UE_010,0.00513,24.338,19.367,-40.324,0.0001446,10.32,2.2,2.74,-0.7,1.7e-05,0.0,0.0,87.46,6.45,WiFi_6
UE_011,0.02324,4.48,-0.433,-48.635,0.15003114,1.488,1.57,8.62,4.42,7.7e-05,0.0,0.0,28.702,0.93,WiFi_6
UE_012,0.00707,28.361,26.316,-38.258,5.904e-05,13.992,1.79,0.39,-7.2,2.4e-05,0.0,0.0,87.46,8.75,WiFi_6
UE_013,0.00707,54.958,51.603,-27.121,5.164e-05,27.427,2.18,1.87,7.05,2.4e-05,0.0,0.0,87.46,12.34,WiFi_6
UE_014,0.00707,33.267,28.999,-36.308,2.8e-05,15.416,1.86,3.13,-4.18,2.4e-05,0.0,0.0,87.46,9.64,WiFi_6
UE_015,0.00707,29.919,29.66,-36.784,7.454e-05,15.767,1.9,2.42,9.95,2.4e-05,0.0,0.0,87.46,9.85,WiFi_6
UE_016,0.01955,20.413,16.341,-42.97,0.00013108,8.738,1.87,1.22,6.65,6.5e-05,0.0,0.0,79.023,5.46,WiFi_6
UE_017,0.01016,21.728,18.665,-38.637,0.00018877,9.952,1.67,2.78,-5.46,3.4e-05,0.0,0.0,85.995,6.22,WiFi_6
UE_018,0.00518,35.02,31.701,-35.596,0.00013943,16.851,1.62,5.38,-0.34,1.7e-05,0.0,0.0,87.46,10.53,WiFi_6
UE_019,0.00707,39.14,33.762,-34.132,4.771e-05,17.946,2.12,3.34,4.57,2.4e-05,0.0,0.0,87.46,11.22,WiFi_6
UE_000,0.00756,49.667,44.469,-31.152,1.596e-05,23.636,2.01,1.82,1.05,2.5e-05,0.0,0.0,87.46,12.34,WiFi_6
UE_001,0.00707,17.212,12.488,-42.697,0.00011233,6.764,2.08,3.17,-11.63,2.4e-05,0.0,0.0,67.463,4.23,WiFi_6
UE_002,0.00466,36.738,35.202,-35.937,1.966e-05,18.711,1.66,0.43,3.59,1.6e-05,0.0,0.0,87.46,11.69,WiFi_6
UE_003,0.00707,47.167,44.695,-30.93,0.00014159,23.756,2.15,6.42,8.09,2.4e-05,0.0,0.0,87.46,12.34,WiFi_6
UE_004,0.00707,7.393,1.515,-48.128,0.01009057,2.038,1.55,8.02,-10.71,2.4e-05,0.0,0.0,34.546,1.27,WiFi_6
UE_005,0.00707,31.395,28.972,-35.849,0.000232,15.402,2.06,1.86,-5.01,2.4e-05,0.0,0.0,87.46,9.63,WiFi_6
UE_006,0.00707,32.025,27.796,-36.96,3.749e-05,14.778,1.55,3.43,-4.2,2.4e-05,0.0,0.0,87.46,9.24,WiFi_6
UE_007,0.00707,32.784,29.136,-36.813,7.944e-05,15.489,2.05,0.98,11.62,2.4e-05,0.0,0.0,87.46,9.68,WiFi_6
UE_008,0.00707,21.251,19.713,-41.803,0.00016022,10.502,1.98,1.47,4.85,2.4e-05,0.0,0.0,87.46,6.56,WiFi_6
UE_009,0.00749,46.632,43.009,-31.805,3.486e-05,22.86,1.71,1.72,13.97,2.5e-05,0.0,0.0,87.46,12.34,WiFi_6
UE_010,0.0054,42.121,41.107,-33.014,3.068e-05,21.849,1.6,2.1,-0.7,1.8e-05,0.0,0.0,87.46,12.34,WiFi_6
UE_011,0.02436,3.817,1.361,-47.024,0.01001782,1.99,2.22,28.65,4.42,8.1e-05,0.0,0.0,34.082,1.24,WiFi_6
UE_012,0.00707,30.068,25.613,-39.263,0.00012139,13.62,1.53,2.18,-7.2,2.4e-05,0.0,0.0,87.46,8.51,WiFi_6
UE_013,0.00707,13.595,10.077,-44.972,0.00100582,5.572,1.82,0.43,7.05,2.4e-05,0.0,0.0,60.23,3.48,WiFi_6
UE_014,0.00707,40.205,35.832,-34.064,6.286e-05,19.046,1.65,2.06,-4.18,2.4e-05,0.0,0.0,87.46,11.9,WiFi_6
UE_015,0.00707,34.274,30.164,-36.813,2.463e-05,16.035,2.11,0.81,9.95,2.4e-05,0.0,0.0,87.46,10.02,WiFi_6
UE_016,0.02091,32.502,30.14,-37.955,2.465e-05,16.022,1.77,4.14,6.65,7e-05,0.0,0.0,87.46,10.01,WiFi_6
UE_017,0.01825,33.434,30.846,-36.289,0.0001198,16.397,1.67,4.52,-5.46,6.1e-05,0.0,0.0,87.46,10.25,WiFi_6
UE_018,0.0053,18.845,15.725,-42.841,0.00011678,8.419,1.62,1.14,-0.34,1.8e-05,0.0,0.0,77.176,5.26,WiFi_6
UE_019,0.00707,26.456,22.241,-38.188,4.227e-05,11.835,2.13,2.16,4.57,2.4e-05,0.0,0.0,87.46,7.4,WiFi_6
UE_000,0.00859,28.496,24.322,-37.324,2.223e-05,12.936,1.79,12.88,1.05,2.9e-05,0.0,0.0,87.46,8.08,WiFi_6
UE_001,0.00707,40.096,37.316,-32.891,0.00010486,19.834,2.24,3.61,-11.63,2.4e-05,0.0,0.0,87.46,12.34,WiFi_6
UE_002,0.005,34.655,31.057,-36.184,6.213e-05,16.509,2.15,9.7,3.59,1.7e-05,0.0,0.0,87.46,10.32,WiFi_6
UE_003,0.00707,27.988,26.705,-40.063,0.00011063,14.199,1.8,4.73,8.09,2.4e-05,0.0,0.0,87.46,8.87,WiFi_6
UE_004,0.00707,29.702,27.421,-38.449,7.958e-05,14.579,2.17,3.6,-10.71,2.4e-05,0.0,0.0,87.46,9.11,WiFi_6
UE_005,0.00707,32.457,27.13,-37.403,3.657e-05,14.424,1.89,11.35,-5.01,2.4e-05,0.0,0.0,87.46,9.02,WiFi_6
UE_006,0.00707,19.976,14.554,-42.552,0.00014083,7.815,2.25,3.87,-4.2,2.4e-05,0.0,0.0,73.662,4.88,WiFi_6
UE_007,0.00707,32.614,28.642,-36.672,0.00013997,15.227,2.08,0.62,11.62,2.4e-05,0.0,0.0,87.46,9.52,WiFi_6
UE_008,0.00707,25.851,23.124,-38.19,7.875e-05,12.302,1.8,1.23,4.85,2.4e-05,0.0,0.0,87.46,7.69,WiFi_6
UE_009,0.02306,9.833,5.536,-47.847,0.01002688,3.512,1.8,17.3,13.97,7.7e-05,0.0,0.0,46.609,2.19,WiFi_6
UE_010,0.00579,20.539,16.569,-42.519,0.00015132,8.857,2.1,4.16,-0.7,1.9e-05,0.0,0.0,79.708,5.54,WiFi_6
UE_011,0.02099,16.921,13.085,-44.262,0.00013387,7.066,1.83,0.14,4.42,7e-05,0.0,0.0,69.255,4.42,WiFi_6
UE_012,0.00707,18.754,17.589,-42.343,0.00015768,9.389,2.09,3.88,-7.2,2.4e-05,0.0,0.0,82.767,5.87,WiFi_6
UE_013,0.00707,15.192,10.333,-44.208,0.00110644,5.696,1.51,0.1,7.05,2.4e-05,0.0,0.0,60.998,3.56,WiFi_6
UE_014,0.00707,23.78,20.923,-39.382,4.17e-05,11.139,1.65,3.21,-4.18,2.4e-05,0.0,0.0,87.46,6.96,WiFi_6
UE_015,0.00707,45.267,42.921,-30.926,0.00015163,22.813,2.18,1.75,9.95,2.4e-05,0.0,0.0,87.46,12.34,WiFi_6
UE_016,0.02228,20.761,14.333,-41.851,0.00013569,7.702,1.7,1.47,6.65,7.4e-05,0.0,0.0,72.999,4.81,WiFi_6
UE_017,0.02639,10.895,6.794,-45.583,0.00108963,4.05,2.14,2.51,-5.46,8.8e-05,0.0,0.0,50.382,2.53,WiFi_6
UE_018,0.00546,23.885,18.902,-40.332,0.00018139,10.076,1.75,0.88,-0.34,1.8e-05,0.0,0.0,86.706,6.3,WiFi_6
UE_019,0.00707,32.899,28.705,-37.387,9.68e-06,15.26,2.15,2.82,4.57,2.4e-05,0.0,0.0,87.46,9.54,WiFi_6
UE_000,0.00969,16.381,12.904,-45.732,0.00013683,6.974,1.88,10.09,1.05,3.2e-05,0.0,0.0,68.711,4.36,WiFi_6
UE_001,0.00707,19.273,14.199,-41.985,0.00029921,7.633,2.07,2.41,-11.63,2.4e-05,0.0,0.0,72.596,4.77,WiFi_6
UE_002,0.00664,31.205,26.627,-36.244,6.459e-05,14.158,2.06,0.29,3.59,2.2e-05,0.0,0.0,87.46,8.85,WiFi_6
UE_003,0.00707,12.587,9.003,-44.561,0.00108279,5.059,1.96,0.18,8.09,2.4e-05,0.0,0.0,57.01,3.16,WiFi_6
UE_004,0.00707,25.04,21.936,-39.339,0.00012323,11.674,1.93,6.13,-10.71,2.4e-05,0.0,0.0,87.46,7.3,WiFi_6
UE_005,0.00707,31.089,28.782,-39.089,0.00017056,15.301,2.24,6.98,-5.01,2.4e-05,0.0,0.0,87.46,9.56,WiFi_6
UE_006,0.00707,33.801,28.749,-35.532,5.362e-05,15.283,1.64,3.16,-4.2,2.4e-05,0.0,0.0,87.46,9.55,WiFi_6
UE_007,0.00707,28.678,25.042,-34.918,0.00012086,13.317,1.68,1.35,11.62,2.4e-05,0.0,0.0,87.46,8.32,WiFi_6
UE_008,0.00707,35.692,31.654,-36.003,5.861e-05,16.826,1.53,3.77,4.85,2.4e-05,0.0,0.0,87.46,10.52,WiFi_6
UE_009,0.00998,36.518,34.822,-35.074,7.803e-05,18.509,2.14,3.38,13.97,3.3e-05,0.0,0.0,87.46,11.57,WiFi_6
UE_010,0.00628,13.758,9.856,-45.155,0.00116366,5.466,1.52,0.64,-0.7,2.1e-05,0.0,0.0,59.569,3.42,WiFi_6
UE_011,0.01766,14.675,12.161,-42.998,0.00024903,6.6,1.86,4.73,4.42,5.9e-05,0.0,0.0,66.482,4.12,WiFi_6
UE_012,0.00707,2.435,0.03,-48.89,0.01014171,1.608,1.71,16.25,-7.2,2.4e-05,0.0,0.0,30.089,1.0,WiFi_6
UE_013,0.00707,17.639,15.921,-43.259,0.0001453,8.521,2.05,0.92,7.05,2.4e-05,0.0,0.0,77.763,5.33,WiFi_6
UE_014,0.00707,19.009,14.481,-44.165,0.00020258,7.778,2.19,11.95,-4.18,2.4e-05,0.0,0.0,73.443,4.86,WiFi_6
UE_015,0.00707,30.798,25.257,-37.587,9.839e-05,13.431,1.68,5.14,9.95,2.4e-05,0.0,0.0,87.46,8.39,WiFi_6
UE_016,0.02365,28.791,22.566,-37.895,2.343e-05,12.007,1.71,0.15,6.65,7.9e-05,0.0,0.0,87.46,7.5,WiFi_6
UE_017,0.02664,16.465,12.294,-45.104,0.00026057,6.666,1.89,6.58,-5.46,8.9e-05,0.0,0.0,66.881,4.17,WiFi_6
UE_018,0.00564,30.552,26.066,-36.045,0.00012874,13.86,2.2,1.71,-0.34,1.9e-05,0.0,0.0,87.46,8.66,WiFi_6
UE_019,0.00707,41.577,37.921,-32.854,1.278e-05,20.156,1.78,1.34,4.57,2.4e-05,0.0,0.0,87.46,12.34,WiFi_6
UE_000,0.01084,28.379,25.2,-39.342,0.00022542,13.401,2.21,3.8,1.05,3.6e-05,0.0,0.0,87.46,8.38,WiFi_6
UE_001,0.00707,33.801,32.078,-36.972,3.42e-06,17.051,2.13,1.09,-11.63,2.4e-05,0.0,0.0,87.46,10.66,WiFi_6
UE_002,0.00707,26.455,20.699,-37.661,4.979e-05,11.021,1.75,3.79,3.59,2.4e-05,0.0,0.0,87.46,6.89,WiFi_6
UE_003,0.00707,14.427,10.544,-43.939,0.00105038,5.799,1.73,2.25,8.09,2.4e-05,0.0,0.0,61.631,3.62,WiFi_6
UE_004,0.00707,17.942,12.785,-41.765,0.00013548,6.914,1.68,1.44,-10.71,2.4e-05,0.0,0.0,68.354,4.32,WiFi_6
UE_005,0.00707,31.406,27.297,-38.651,0.00018673,14.513,1.78,6.28,-5.01,2.4e-05,0.0,0.0,87.46,9.07,WiFi_6
UE_006,0.00707,36.781,34.011,-35.554,0.00015033,18.078,1.8,3.59,-4.2,2.4e-05,0.0,0.0,87.46,11.3,WiFi_6
UE_007,0.00707,29.645,25.521,-38.749,5.857e-05,13.571,2.01,8.12,11.62,2.4e-05,0.0,0.0,87.46,8.48,WiFi_6
UE_008,0.00707,11.289,6.44,-44.914,0.0010755,3.895,1.69,7.49,4.85,2.4e-05,0.0,0.0,49.32,2.43,WiFi_6
UE_009,0.00868,34.332,28.959,-34.912,8.024e-05,15.395,1.73,2.29,13.97,2.9e-05,0.0,0.0,87.46,9.62,WiFi_6
UE_010,0.00685,33.673,31.516,-35.75,0.00010355,16.753,2.12,7.28,-0.7,2.3e-05,0.0,0.0,87.46,10.47,WiFi_6
UE_011,0.01438,22.289,18.745,-42.171,0.000195,9.994,2.09,2.53,4.42,4.8e-05,0.0,0.0,86.236,6.25,WiFi_6
UE_012,0.00707,14.105,9.901,-42.734,0.00103113,5.487,1.52,1.08,-7.2,2.4e-05,0.0,0.0,59.702,3.43,WiFi_6
UE_013,0.00707,25.235,22.321,-40.239,1.112e-05,11.877,2.22,1.0,7.05,2.4e-05,0.0,0.0,87.46,7.42,WiFi_6
UE_014,0.00707,22.14,21.042,-41.34,4.028e-05,11.202,1.59,2.53,-4.18,2.4e-05,0.0,0.0,87.46,7.0,WiFi_6
UE_015,0.00707,26.785,21.696,-39.985,4.473e-05,11.547,2.21,0.41,9.95,2.4e-05,0.0,0.0,87.46,7.22,WiFi_6
UE_016,0.02502,16.93,14.895,-41.504,0.00011998,7.99,1.78,0.15,6.65,8.3e-05,0.0,0.0,74.684,4.99,WiFi_6
UE_017,0.02563,10.458,5.732,-46.158,0.01009713,3.593,1.64,35.23,-5.46,8.5e-05,0.0,0.0,47.195,2.25,WiFi_6
UE_018,0.00584,24.188,20.754,-40.987,3.642e-05,11.05,2.15,0.89,-0.34,1.9e-05,0.0,0.0,87.46,6.91,WiFi_6
UE_019,0.00707,24.839,21.207,-38.362,1.612e-05,11.289,1.59,2.16,4.57,2.4e-05,0.0,0.0,87.46,7.06,WiFi_6
UE_000,0.01202,26.398,21.033,-39.713,1.387e-05,11.197,2.22,0.19,1.05,4e-05,0.0,0.0,87.46,7.0,WiFi_6
UE_001,0.00707,29.91,25.822,-37.907,6.982e-05,13.73,2.11,1.02,-11.63,2.4e-05,0.0,0.0,87.46,8.58,WiFi_6
UE_002,0.00707,39.608,38.402,-34.526,5.265e-05,20.412,1.84,3.09,3.59,2.4e-05,0.0,0.0,87.46,12.34,WiFi_6
UE_003,0.00707,25.32,21.438,-38.93,5.383e-05,11.411,2.03,3.77,8.09,2.4e-05,0.0,0.0,87.46,7.13,WiFi_6
UE_004,0.00707,27.121,23.95,-40.956,0.00012207,12.739,1.59,1.62,-10.71,2.4e-05,0.0,0.0,87.46,7.96,WiFi_6
UE_005,0.00707,24.132,19.265,-39.56,0.00010169,10.267,2.21,1.49,-5.01,2.4e-05,0.0,0.0,87.46,6.42,WiFi_6
UE_006,0.00707,40.452,35.187,-32.638,9.373e-05,18.703,2.13,5.12,-4.2,2.4e-05,0.0,0.0,87.46,11.69,WiFi_6
UE_007,0.00707,46.251,45.033,-32.241,3.841e-05,23.935,2.22,8.12,11.62,2.4e-05,0.0,0.0,87.46,12.34,WiFi_6
UE_008,0.00707,22.314,18.406,-41.716,0.00029713,9.816,1.54,10.79,4.85,2.4e-05,0.0,0.0,85.219,6.14,WiFi_6
UE_009,0.0122,16.75,14.627,-43.419,0.00028054,7.853,1.6,0.62,8.28,4.1e-05,0.0,0.0,73.882,4.91,WiFi_6
UE_010,0.00748,28.225,26.676,-38.634,2.529e-05,14.183,2.15,3.02,-0.7,2.5e-05,0.0,0.0,87.46,8.86,WiFi_6
UE_011,0.0112,29.635,26.622,-39.208,2.624e-05,14.155,1.73,5.75,4.42,3.7e-05,0.0,0.0,87.46,8.85,WiFi_6
UE_012,0.00707,19.864,14.469,-43.412,0.0002694,7.771,2.09,1.02,-7.2,2.4e-05,0.0,0.0,73.406,4.86,WiFi_6
UE_013,0.00707,37.453,33.044,-35.407,3.794e-05,17.564,1.98,4.55,7.05,2.4e-05,0.0,0.0,87.46,10.98,WiFi_6
UE_014,0.00707,41.935,38.404,-35.356,0.0001795,20.413,1.65,0.41,-4.18,2.4e-05,0.0,0.0,87.46,12.34,WiFi_6
UE_015,0.00707,19.284,17.107,-42.243,0.00010507,9.137,2.05,0.25,9.95,2.4e-05,0.0,0.0,81.322,5.71,WiFi_6
UE_016,0.02459,19.792,16.896,-41.881,0.00011848,9.027,2.06,2.25,6.65,8.2e-05,0.0,0.0,80.687,5.64,WiFi_6
UE_017,0.02452,16.932,13.175,-43.261,0.00022978,7.111,1.99,3.08,-5.46,8.2e-05,0.0,0.0,69.524,4.44,WiFi_6
UE_018,0.00607,48.555,44.513,-29.875,7.324e-05,23.659,2.05,3.57,-0.34,2e-05,0.0,0.0,87.46,12.34,WiFi_6
UE_019,0.00707,43.69,38.115,-32.246,0.00023544,20.259,2.16,1.71,4.57,2.4e-05,0.0,0.0,87.46,12.34,WiFi_6
UE_000,0.01322,24.182,23.038,-41.422,3.832e-05,12.256,1.62,5.16,1.05,4.4e-05,0.0,0.0,87.46,7.66,WiFi_6
UE_001,0.00707,39.268,36.746,-35.235,0.00018824,19.531,1.97,5.0,-11.63,2.4e-05,0.0,0.0,87.46,12.21,WiFi_6
UE_002,0.00707,19.022,15.948,-40.828,0.00013689,8.535,1.5,2.06,3.59,2.4e-05,0.0,0.0,77.845,5.33,WiFi_6
UE_003,0.00707,25.513,21.643,-38.871,5.556e-05,11.519,2.14,5.7,8.09,2.4e-05,0.0,0.0,87.46,7.2,WiFi_6
UE_004,0.00707,24.096,20.195,-40.889,2.664e-05,10.756,1.67,4.31,-10.71,2.4e-05,0.0,0.0,87.46,6.72,WiFi_6
UE_005,0.00707,36.847,33.918,-36.866,9.219e-05,18.029,1.77,1.16,-5.01,2.4e-05,0.0,0.0,87.46,11.27,WiFi_6
UE_006,0.00707,36.686,32.185,-35.348,4.02e-05,17.108,1.85,4.39,-4.08,2.4e-05,0.0,0.0,87.46,10.69,WiFi_6
UE_007,0.00707,30.528,26.98,-36.201,5.856e-05,14.344,2.11,1.02,11.62,2.4e-05,0.0,0.0,87.46,8.97,WiFi_6
UE_008,0.00707,19.213,14.397,-41.186,0.00015572,7.735,2.14,2.87,4.85,2.4e-05,0.0,0.0,73.192,4.83,WiFi_6
UE_009,0.02475,14.72,12.251,-42.933,0.00014876,6.645,1.88,4.46,8.28,8.2e-05,0.0,0.0,66.753,4.15,WiFi_6
UE_010,0.00815,34.14,30.867,-36.596,0.00016087,16.408,2.15,7.12,-0.7,2.7e-05,0.0,0.0,87.46,10.26,WiFi_6
UE_011,0.00826,15.33,13.325,-44.651,0.00013849,7.187,2.24,4.84,4.42,2.8e-05,0.0,0.0,69.975,4.49,WiFi_6
UE_012,0.00707,22.369,18.161,-41.833,0.00014566,9.688,2.04,3.52,-7.2,2.4e-05,0.0,0.0,84.483,6.05,WiFi_6
UE_013,0.00707,24.291,21.304,-40.638,0.00022196,11.34,2.15,3.37,7.05,2.4e-05,0.0,0.0,87.46,7.09,WiFi_6
UE_014,0.00707,18.933,14.899,-41.761,0.00027485,7.992,1.91,0.39,-4.18,2.4e-05,0.0,0.0,74.697,5.0,WiFi_6
UE_015,0.00707,29.396,25.561,-37.777,0.00012417,13.592,1.75,1.73,9.95,2.4e-05,0.0,0.0,87.46,8.5,WiFi_6
UE_016,0.02321,20.777,15.682,-43.965,0.00013251,8.397,2.25,13.85,6.65,7.7e-05,0.0,0.0,77.045,5.25,WiFi_6
UE_017,0.01916,8.958,5.107,-46.416,0.01000292,3.335,1.61,10.49,-5.46,6.4e-05,0.0,0.0,45.321,2.08,WiFi_6
UE_018,0.00632,32.266,27.126,-36.469,0.00012652,14.422,2.08,8.31,-0.34,2.1e-05,0.0,0.0,87.46,9.01,WiFi_6
UE_019,0.00707,38.032,35.873,-35.186,1.984e-05,19.067,2.26,1.01,4.57,2.4e-05,0.0,0.0,87.46,11.92,WiFi_6
UE_000,0.01445,11.161,7.793,-44.53,0.0010834,4.497,2.13,0.18,1.05,4.8e-05,0.0,0.0,53.379,2.81,WiFi_6
UE_001,0.00707,30.619,25.079,-38.029,8.046e-05,13.337,1.64,1.07,-11.63,2.4e-05,0.0,0.0,87.46,8.34,WiFi_6
UE_002,0.00707,25.581,23.711,-38.133,3.092e-05,12.612,1.64,0.47,3.59,2.4e-05,0.0,0.0,87.46,7.88,WiFi_6
UE_003,0.00707,32.784,30.12,-36.374,0.00018689,16.011,2.01,13.27,8.09,2.4e-05,0.0,0.0,87.46,10.01,WiFi_6
UE_004,0.00707,36.541,33.293,-33.487,0.00011766,17.697,1.99,5.19,-10.71,2.4e-05,0.0,0.0,87.46,11.06,WiFi_6
UE_005,0.00707,28.677,28.091,-37.346,8.242e-05,14.934,2.0,0.43,-5.01,2.4e-05,0.0,0.0,87.46,9.33,WiFi_6
UE_006,0.00707,27.452,23.267,-39.304,0.00011104,12.377,2.11,11.72,-4.08,2.4e-05,0.0,0.0,87.46,7.74,WiFi_6
UE_007,0.00707,35.724,32.315,-35.067,1.917e-05,17.177,2.02,1.01,11.62,2.4e-05,0.0,0.0,87.46,10.74,WiFi_6
UE_008,0.00707,31.323,26.347,-36.317,7.87e-06,14.009,2.09,1.09,4.85,2.4e-05,0.0,0.0,87.46,8.76,WiFi_6
UE_009,0.01083,26.404,23.853,-40.165,5.575e-05,12.688,2.18,2.76,8.28,3.6e-05,0.0,0.0,87.46,7.93,WiFi_6
UE_010,0.00886,35.925,34.966,-36.554,9.443e-05,18.586,2.01,2.06,-0.7,3e-05,0.0,0.0,87.46,11.62,WiFi_6
UE_011,0.00589,35.091,31.007,-33.906,0.00027018,16.482,1.68,0.7,4.42,2e-05,0.0,0.0,87.46,10.3,WiFi_6
UE_012,0.00707,38.256,35.282,-36.304,5.753e-05,18.754,1.8,1.66,-7.2,2.4e-05,0.0,0.0,87.46,11.72,WiFi_6
UE_013,0.00707,28.057,22.474,-39.064,5.41e-06,11.958,1.53,0.09,7.05,2.4e-05,0.0,0.0,87.46,7.47,WiFi_6
UE_014,0.00707,31.178,28.837,-39.256,0.00016096,15.33,1.63,3.19,-4.18,2.4e-05,0.0,0.0,87.46,9.58,WiFi_6
UE_015,0.00707,32.144,29.664,-36.46,7.854e-05,15.769,1.83,7.65,9.95,2.4e-05,0.0,0.0,87.46,9.86,WiFi_6
UE_016,0.02184,13.258,10.533,-44.911,0.00108103,5.794,2.09,1.13,6.65,7.3e-05,0.0,0.0,61.599,3.62,WiFi_6
UE_017,0.01551,21.144,18.34,-40.285,0.0001514,9.782,1.51,1.09,-5.46,5.2e-05,0.0,0.0,85.021,6.11,WiFi_6
UE_018,0.00658,31.984,26.962,-35.954,2.645e-05,14.335,1.79,1.83,-0.34,2.2e-05,0.0,0.0,87.46,8.96,WiFi_6
UE_019,0.00707,25.042,23.033,-41.362,3.665e-05,12.254,1.92,1.46,4.57,2.4e-05,0.0,0.0,87.46,7.66,WiFi_6
UE_000,0.01569,25.077,23.368,-40.574,8.738e-05,12.431,2.12,0.11,1.05,5.2e-05,0.0,0.0,87.46,7.77,WiFi_6
UE_001,0.00707,30.033,26.791,-37.167,0.00012744,14.244,1.83,3.6,-11.63,2.4e-05,0.0,0.0,87.46,8.9,WiFi_6
UE_002,0.00707,35.215,30.876,-35.332,1.352e-05,16.413,2.17,1.16,3.59,2.4e-05,0.0,0.0,87.46,10.26,WiFi_6
UE_003,0.00707,36.284,30.972,-34.26,0.00010633,16.464,1.57,7.73,8.09,2.4e-05,0.0,0.0,87.46,10.29,WiFi_6
UE_004,0.00707,35.321,32.251,-34.239,3.06e-05,17.143,2.08,7.45,-10.71,2.4e-05,0.0,0.0,87.46,10.71,WiFi_6
UE_005,0.00707,25.798,20.633,-39.952,7.766e-05,10.986,1.91,1.96,-5.01,2.4e-05,0.0,0.0,87.46,6.87,WiFi_6
UE_006,0.00707,38.686,35.438,-33.841,2.539e-05,18.836,2.24,20.53,-4.08,2.4e-05,0.0,0.0,87.46,11.77,WiFi_6
UE_007,0.00707,33.169,32.221,-35.148,0.00013278,17.127,1.88,2.8,11.62,2.4e-05,0.0,0.0,87.46,10.7,WiFi_6
UE_008,0.00707,26.994,22.571,-37.587,6.91e-05,12.01,2.26,3.37,4.85,2.4e-05,0.0,0.0,87.46,7.51,WiFi_6
UE_009,0.00707,36.029,31.656,-36.499,8.088e-05,16.827,2.02,1.93,8.28,2.4e-05,0.0,0.0,87.46,10.52,WiFi_6
UE_010,0.0096,12.626,7.379,-45.882,0.00112172,4.309,1.91,2.77,6.51,3.2e-05,0.0,0.0,52.136,2.69,WiFi_6
UE_011,0.00501,32.9,30.45,-36.714,0.00010496,16.187,1.77,0.77,4.42,1.7e-05,0.0,0.0,87.46,10.12,WiFi_6
UE_012,0.00707,32.071,26.316,-35.603,6.169e-05,13.992,2.03,0.9,-7.2,2.4e-05,0.0,0.0,87.46,8.75,WiFi_6
UE_013,0.00707,7.544,3.459,-47.75,0.01000443,2.698,1.66,25.49,7.05,2.4e-05,0.0,0.0,40.376,1.69,WiFi_6
UE_014,0.00707,37.364,34.119,-36.443,8.852e-05,18.136,1.65,3.18,-4.18,2.4e-05,0.0,0.0,87.46,11.33,WiFi_6
UE_015,0.00707,15.353,10.53,-43.382,0.00109073,5.792,1.95,0.21,9.95,2.4e-05,0.0,0.0,61.589,3.62,WiFi_6
UE_016,0.02048,15.147,12.422,-45.671,0.0001337,6.731,1.54,0.75,6.65,6.8e-05,0.0,0.0,67.266,4.21,WiFi_6
UE_017,0.01136,41.447,39.519,-33.311,0.00011455,21.005,1.52,1.47,-5.46,3.8e-05,0.0,0.0,87.46,12.34,WiFi_6
UE_018,0.00687,36.756,34.228,-36.36,0.00020275,18.193,1.72,1.56,-0.34,2.3e-05,0.0,0.0,87.46,11.37,WiFi_6
UE_019,0.00707,36.05,33.508,-35.234,1.502e-05,17.811,2.05,2.5,4.57,2.4e-05,0.0,0.0,87.46,11.13,WiFi_6
UE_000,0.01694,21.131,17.069,-41.358,0.00014533,9.117,1.74,3.28,-6.42,5.6e-05,0.0,0.0,81.208,5.7,WiFi_6
UE_001,0.00707,23.225,19.489,-41.713,0.00019889,10.384,1.73,2.75,-11.63,2.4e-05,0.0,0.0,87.46,6.49,WiFi_6
UE_002,0.00707,33.38,28.594,-36.902,2.175e-05,15.201,2.18,2.14,3.59,2.4e-05,0.0,0.0,87.46,9.5,WiFi_6
UE_003,0.00707,42.317,37.882,-32.933,1.64e-06,20.135,1.77,1.57,8.09,2.4e-05,0.0,0.0,87.46,12.34,WiFi_6
UE_004,0.00707,29.082,25.13,-38.748,2.644e-05,13.364,1.75,0.15,-10.71,2.4e-05,0.0,0.0,87.46,8.35,WiFi_6
UE_005,0.00707,32.899,28.423,-38.129,3.102e-05,15.11,1.86,4.6,0.29,2.4e-05,0.0,0.0,87.46,9.44,WiFi_6
UE_006,0.00707,35.605,31.983,-37.516,4.177e-05,17.001,1.97,3.91,-0.35,2.4e-05,0.0,0.0,87.46,10.63,WiFi_6
UE_007,0.00707,41.317,39.037,-33.171,5.408e-05,20.749,2.18,0.81,11.62,2.4e-05,0.0,0.0,87.46,12.34,WiFi_6
UE_008,0.00707,32.476,28.928,-37.642,8.763e-05,15.379,2.04,0.97,4.85,2.4e-05,0.0,0.0,87.46,9.61,WiFi_6
UE_009,0.00707,34.469,32.558,-35.728,1.342e-05,17.306,1.79,5.52,8.28,2.4e-05,0.0,0.0,87.46,10.82,WiFi_6
UE_010,0.005,38.389,35.422,-33.713,4.728e-05,18.828,1.77,0.8,6.51,1.7e-05,0.0,0.0,87.46,11.77,WiFi_6
UE_011,0.00628,27.013,23.432,-39.606,0.00013321,12.465,2.02,4.55,4.42,2.1e-05,0.0,0.0,87.46,7.79,WiFi_6
UE_012,0.00707,30.062,27.522,-38.822,2.027e-05,14.632,2.16,1.95,-7.2,2.4e-05,0.0,0.0,87.46,9.15,WiFi_6
UE_013,0.00707,35.493,31.807,-33.453,0.00012808,16.907,1.93,2.58,7.05,2.4e-05,0.0,0.0,87.46,10.57,WiFi_6
UE_014,0.00707,35.096,32.312,-36.255,1.98e-06,17.176,1.77,4.68,-4.18,2.4e-05,0.0,0.0,87.46,10.73,WiFi_6
UE_015,0.00707,14.362,10.478,-44.957,0.00103233,5.767,1.73,0.38,9.95,2.4e-05,0.0,0.0,61.435,3.6,WiFi_6
UE_016,0.01912,19.84,15.199,-43.555,0.00010599,8.147,2.23,2.2,6.65,6.4e-05,0.0,0.0,75.596,5.09,WiFi_6
UE_017,0.0076,33.242,29.223,-37.345,1.534e-05,15.535,1.7,1.53,-5.46,2.5e-05,0.0,0.0,87.46,9.71,WiFi_6
UE_018,0.00716,40.621,35.993,-32.281,0.00017465,19.131,1.8,2.99,-0.34,2.4e-05,0.0,0.0,87.46,11.96,WiFi_6
UE_019,0.00707,24.418,20.897,-40.031,0.00014575,11.126,1.97,1.85,4.57,2.4e-05,0.0,0.0,87.46,6.95,WiFi_6
UE_000,0.00819,21.761,18.282,-41.011,0.00014,9.751,1.85,1.38,-6.42,2.7e-05,0.0,0.0,84.845,6.09,WiFi_6
UE_001,0.00707,44.423,38.653,-31.744,0.00011716,20.545,1.7,2.3,-11.63,2.4e-05,0.0,0.0,87.46,12.34,WiFi_6
UE_002,0.00707,22.736,17.93,-40.931,0.00012602,9.567,2.04,0.4,3.59,2.4e-05,0.0,0.0,83.789,5.98,WiFi_6
UE_003,0.00707,38.061,35.056,-36.878,1.496e-05,18.633,1.75,1.82,8.09,2.4e-05,0.0,0.0,87.46,11.65,WiFi_6
UE_004,0.00707,24.403,19.286,-39.612,0.00017352,10.278,2.06,1.29,-10.71,2.4e-05,0.0,0.0,87.46,6.42,WiFi_6
UE_005,0.00689,35.579,31.345,-34.932,4.868e-05,16.662,1.91,1.01,0.29,2.3e-05,0.0,0.0,87.46,10.41,WiFi_6
UE_006,0.00519,18.247,13.388,-42.174,0.00021487,7.219,2.22,0.3,-0.35,1.7e-05,0.0,0.0,70.164,4.51,WiFi_6
UE_007,0.00707,30.347,30.405,-37.548,8.211e-05,16.163,1.51,1.77,11.62,2.4e-05,0.0,0.0,87.46,10.1,WiFi_6
UE_008,0.00707,25.404,20.875,-40.737,2.74e-06,11.114,1.55,9.48,4.85,2.4e-05,0.0,0.0,87.46,6.95,WiFi_6
UE_009,0.00707,38.173,34.185,-35.263,9.786e-05,18.17,1.87,2.72,8.28,2.4e-05,0.0,0.0,87.46,11.36,WiFi_6
UE_010,0.00707,12.804,8.847,-44.477,0.00117211,4.985,1.72,0.83,6.51,2.4e-05,0.0,0.0,56.542,3.12,WiFi_6
UE_011,0.00707,37.812,33.294,-35.289,9.15e-05,17.697,1.86,3.46,4.42,2.4e-05,0.0,0.0,87.46,11.06,WiFi_6
UE_012,0.00707,36.412,35.276,-34.811,5.097e-05,18.75,1.51,6.64,-7.2,2.4e-05,0.0,0.0,87.46,11.72,WiFi_6
UE_013,0.00707,23.507,20.136,-39.591,7.008e-05,10.725,1.73,0.05,7.05,2.4e-05,0.0,0.0,87.46,6.7,WiFi_6
UE_014,0.00707,19.808,17.338,-40.697,0.00016701,9.258,1.67,1.68,-4.18,2.4e-05,0.0,0.0,82.014,5.79,WiFi_6
UE_015,0.00707,30.893,30.494,-37.037,0.0001442,16.21,2.07,4.01,9.95,2.4e-05,0.0,0.0,87.46,10.13,WiFi_6
UE_016,0.01776,21.05,17.005,-41.048,0.00011476,9.084,1.66,0.33,6.65,5.9e-05,0.0,0.0,81.014,5.68,WiFi_6
UE_017,0.00515,43.58,38.628,-33.935,1.57e-06,20.531,2.17,0.41,-5.46,1.7e-05,0.0,0.0,87.46,12.34,WiFi_6
UE_018,0.00747,18.232,17.683,-43.799,0.00020919,9.438,1.75,1.54,-0.34,2.5e-05,0.0,0.0,83.05,5.9,WiFi_6
UE_019,0.00707,19.982,15.203,-41.224,0.00011434,8.149,2.24,3.08,4.57,2.4e-05,0.0,0.0,75.609,5.09,WiFi_6
UE_000,0.00371,52.862,47.307,-28.443,1.71e-05,25.144,1.56,3.18,-6.42,1.2e-05,0.0,0.0,87.46,12.34,WiFi_6
UE_001,0.00707,43.893,39.217,-32.893,5.173e-05,20.845,1.7,0.86,-11.63,2.4e-05,0.0,0.0,87.46,12.34,WiFi_6
UE_002,0.00707,35.883,32.93,-35.528,5.383e-05,17.504,2.04,3.05,3.59,2.4e-05,0.0,0.0,87.46,10.94,WiFi_6
UE_003,0.00707,58.826,57.729,-26.543,7.182e-05,30.684,1.67,1.02,8.09,2.4e-05,0.0,0.0,87.46,12.34,WiFi_6
UE_004,0.00707,39.652,36.778,-35.325,0.00013621,19.548,1.66,1.11,-10.71,2.4e-05,0.0,0.0,87.46,12.22,WiFi_6
UE_005,0.01578,19.413,14.977,-41.679,0.00010664,8.033,1.62,2.81,0.29,5.3e-05,0.0,0.0,74.93,5.02,WiFi_6
UE_006,0.00923,23.607,20.486,-41.163,0.00011199,10.909,1.69,0.77,-0.35,3.1e-05,0.0,0.0,87.46,6.82,WiFi_6
UE_007,0.00707,35.353,33.478,-35.683,3e-06,17.795,1.81,0.47,11.62,2.4e-05,0.0,0.0,87.46,11.12,WiFi_6
UE_008,0.00707,33.58,29.769,-38.323,5.506e-05,15.825,2.01,1.08,4.85,2.4e-05,0.0,0.0,87.46,9.89,WiFi_6
UE_009,0.00707,46.627,42.394,-30.661,6.016e-05,22.533,2.03,5.39,8.28,2.4e-05,0.0,0.0,87.46,12.34,WiFi_6
UE_010,0.00707,41.217,37.803,-35.346,4.072e-05,20.093,1.92,0.49,6.51,2.4e-05,0.0,0.0,87.46,12.34,WiFi_6
UE_011,0.00707,15.323,10.706,-44.326,0.00110868,5.879,2.05,1.28,-4.93,2.4e-05,0.0,0.0,62.119,3.67,WiFi_6
UE_012,0.00707,15.228,11.607,-44.705,0.00111565,6.323,1.95,2.65,-7.2,2.4e-05,0.0,0.0,64.82,3.95,WiFi_6
UE_013,0.00707,8.362,5.32,-47.165,0.01007028,3.422,2.01,21.57,7.05,2.4e-05,0.0,0.0,45.96,2.14,WiFi_6
UE_014,0.00707,24.886,21.309,-39.564,8.59e-06,11.343,1.65,0.33,-4.18,2.4e-05,0.0,0.0,87.46,7.09,WiFi_6
UE_015,0.00707,51.249,47.918,-28.262,4.076e-05,25.469,1.68,5.53,2.8,2.4e-05,0.0,0.0,87.46,12.34,WiFi_6
UE_016,0.01642,12.25,8.797,-45.237,0.00105304,4.962,1.63,5.37,6.65,5.5e-05,0.0,0.0,56.39,3.1,WiFi_6
UE_017,0.00596,22.823,18.816,-41.636,0.00024249,10.031,1.83,0.52,-5.46,2e-05,0.0,0.0,86.448,6.27,WiFi_6
UE_018,0.00778,41.646,37.763,-32.277,1.31e-05,20.072,2.06,0.27,-0.34,2.6e-05,0.0,0.0,87.46,12.34,WiFi_6
UE_019,0.00707,31.775,28.799,-38.155,0.00017901,15.31,1.6,1.56,4.57,2.4e-05,0.0,0.0,87.46,9.57,WiFi_6
UE_000,0.00948,18.064,13.936,-42.352,0.00010661,7.499,1.51,5.26,-6.42,3.2e-05,0.0,0.0,71.809,4.69,WiFi_6
UE_001,0.00707,20.29,14.33,-40.962,0.00020691,7.7,1.67,4.29,-7.1,2.4e-05,0.0,0.0,72.991,4.81,WiFi_6
UE_002,0.00707,42.805,40.569,-30.755,5.144e-05,21.563,1.65,2.81,3.59,2.4e-05,0.0,0.0,87.46,12.34,WiFi_6
UE_003,0.00707,24.505,21.538,-41.433,3.603e-05,11.464,2.03,1.89,8.09,2.4e-05,0.0,0.0,87.46,7.16,WiFi_6
UE_004,0.00707,44.556,42.413,-32.401,4.446e-05,22.543,1.78,3.25,-10.71,2.4e-05,0.0,0.0,87.46,12.34,WiFi_6
UE_005,0.02502,17.996,12.53,-43.643,0.00017366,6.785,1.61,2.67,0.29,8.3e-05,0.0,0.0,67.591,4.24,WiFi_6
UE_006,0.01499,-5.508,-8.282,-52.616,0.15002979,0.32,2.13,13.47,-0.35,5e-05,0.0,0.0,15.26,0.2,WiFi_6
UE_007,0.00707,36.542,33.249,-37.831,1.08e-05,17.673,1.79,9.03,11.62,2.4e-05,0.0,0.0,87.46,11.05,WiFi_6
UE_008,0.00707,41.117,35.967,-34.474,8.066e-05,19.117,2.07,2.07,4.85,2.4e-05,0.0,0.0,87.46,11.95,WiFi_6
UE_009,0.00707,31.314,25.004,-36.353,6.943e-05,13.297,1.63,3.72,8.28,2.4e-05,0.0,0.0,87.46,8.31,WiFi_6
UE_010,0.00707,34.755,32.396,-37.495,2.069e-05,17.22,1.92,0.27,-0.88,2.4e-05,0.0,0.0,87.46,10.76,WiFi_6
UE_011,0.00313,47.268,43.156,-31.887,0.0001105,22.938,2.11,11.55,-4.93,1e-05,0.0,0.0,87.46,12.34,WiFi_6
UE_012,0.00707,9.683,7.814,-46.149,0.00119389,4.506,2.05,1.98,-7.2,2.4e-05,0.0,0.0,53.441,2.82,WiFi_6
UE_013,0.00707,31.534,26.343,-37.531,3.64e-05,14.007,1.73,0.2,7.05,2.4e-05,0.0,0.0,87.46,8.75,WiFi_6
UE_014,0.00707,30.653,27.124,-36.338,4.454e-05,14.421,2.18,4.96,-4.18,2.4e-05,0.0,0.0,87.46,9.01,WiFi_6
UE_015,0.00707,30.85,28.155,-37.976,3.003e-05,14.968,1.92,2.56,2.8,2.4e-05,0.0,0.0,87.46,9.36,WiFi_6
UE_016,0.01509,15.5,8.968,-41.28,0.00100375,5.042,1.87,0.1,6.65,5e-05,0.0,0.0,56.903,3.15,WiFi_6
UE_017,0.00707,28.09,24.024,-38.406,4.47e-06,12.778,1.7,5.41,-5.46,2.4e-05,0.0,0.0,87.46,7.99,WiFi_6
UE_018,0.00811,4.416,-1.721,-48.504,0.15009097,1.188,1.64,13.97,-0.34,2.7e-05,0.0,0.0,24.837,0.74,WiFi_6
UE_019,0.00707,14.525,12.315,-45.507,0.00010632,6.677,1.91,4.88,4.57,2.4e-05,0.0,0.0,66.944,4.17,WiFi_6
UE_000,0.01338,17.732,12.798,-44.472,0.00023724,6.92,1.86,0.12,-6.42,4.5e-05,0.0,0.0,68.393,4.33,WiFi_6
UE_001,0.01217,10.232,5.344,-45.608,0.01012701,3.432,1.55,10.29,-7.1,4.1e-05,0.0,0.0,46.033,2.15,WiFi_6
UE_002,0.00707,3.393,-1.441,-46.495,0.15005023,1.249,1.76,18.4,3.59,2.4e-05,0.0,0.0,25.677,0.78,WiFi_6
UE_003,0.00707,13.51,10.252,-45.625,0.00112227,5.657,1.89,5.33,8.09,2.4e-05,0.0,0.0,60.755,3.54,WiFi_6
UE_004,0.00707,42.933,39.425,-32.604,4.818e-05,20.955,1.98,6.01,-10.71,2.4e-05,0.0,0.0,87.46,12.34,WiFi_6
UE_005,0.01503,18.224,14.929,-41.784,0.00014045,8.008,1.58,9.79,0.29,5e-05,0.0,0.0,74.788,5.01,WiFi_6
UE_006,0.02111,11.915,8.781,-45.691,0.00100721,4.954,1.85,2.35,-0.35,7e-05,0.0,0.0,56.342,3.1,WiFi_6
UE_007,0.00707,37.433,34.191,-35.267,3.722e-05,18.174,2.26,0.24,11.62,2.4e-05,0.0,0.0,87.46,11.36,WiFi_6
UE_008,0.00707,18.115,13.977,-41.414,0.00013732,7.519,2.02,2.27,4.85,2.4e-05,0.0,0.0,71.93,4.7,WiFi_6
UE_009,0.00707,21.329,17.878,-40.135,0.00013378,9.54,1.54,0.32,8.28,2.4e-05,0.0,0.0,83.634,5.96,WiFi_6
UE_010,0.00514,25.382,22.246,-40.045,2.967e-05,11.838,2.11,2.78,-0.88,1.7e-05,0.0,0.0,87.46,7.4,WiFi_6
UE_011,0.00738,35.819,32.233,-35.173,6.835e-05,17.134,1.58,1.45,-4.93,2.5e-05,0.0,0.0,87.46,10.71,WiFi_6
UE_012,0.00707,12.86,10.426,-45.256,0.00110643,5.742,1.77,4.1,-7.2,2.4e-05,0.0,0.0,61.278,3.59,WiFi_6
UE_013,0.00707,11.034,6.125,-44.011,0.0010183,3.76,2.09,0.25,7.05,2.4e-05,0.0,0.0,48.375,2.35,WiFi_6
UE_014,0.00707,22.658,22.326,-39.376,8.871e-05,11.88,2.2,7.51,-4.18,2.4e-05,0.0,0.0,87.46,7.42,WiFi_6
UE_015,0.00707,25.748,23.657,-39.768,6.75e-06,12.584,1.67,2.92,2.8,2.4e-05,0.0,0.0,87.46,7.86,WiFi_6
UE_016,0.01377,20.773,19.149,-43.652,0.00010387,10.206,2.16,1.56,6.65,4.6e-05,0.0,0.0,87.447,6.38,WiFi_6
UE_017,0.00707,38.83,35.855,-33.774,7.541e-05,19.058,1.79,1.08,-5.46,2.4e-05,0.0,0.0,87.46,11.91,WiFi_6
UE_018,0.00845,30.142,26.708,-38.49,2.95e-06,14.201,2.0,9.41,-0.34,2.8e-05,0.0,0.0,87.46,8.88,WiFi_6
UE_019,0.00707,31.248,25.232,-38.944,0.00017931,13.418,2.07,3.09,4.57,2.4e-05,0.0,0.0,87.46,8.39,WiFi_6
UE_000,0.01749,28.183,26.017,-37.253,1.21e-06,13.834,1.72,1.76,-7.08,5.8e-05,0.0,0.0,87.46,8.65,WiFi_6
UE_001,0.02335,20.934,17.117,-42.008,0.00012929,9.142,2.15,1.42,-7.1,7.8e-05,0.0,0.0,81.352,5.71,WiFi_6
UE_002,0.00707,26.685,23.019,-39.111,0.0001434,12.246,1.75,0.59,3.59,2.4e-05,0.0,0.0,87.46,7.65,WiFi_6
UE_003,0.00707,28.612,24.778,-37.848,5.819e-05,13.177,1.51,0.74,8.09,2.4e-05,0.0,0.0,87.46,8.24,WiFi_6
UE_004,0.00707,27.157,25.349,-39.936,3.627e-05,13.48,1.89,3.67,-10.71,2.4e-05,0.0,0.0,87.46,8.42,WiFi_6
UE_005,0.00552,37.427,32.559,-35.148,0.00013969,17.307,1.74,1.99,0.29,1.8e-05,0.0,0.0,87.46,10.82,WiFi_6
UE_006,0.02365,23.73,21.615,-39.25,7.286e-05,11.505,1.98,4.54,-0.35,7.9e-05,0.0,0.0,87.46,7.19,WiFi_6
UE_007,0.00707,37.321,32.865,-34.079,0.0001238,17.469,2.01,5.28,11.62,2.4e-05,0.0,0.0,87.46,10.92,WiFi_6
UE_008,0.00707,18.277,12.719,-42.588,0.00033038,6.88,1.82,2.91,4.85,2.4e-05,0.0,0.0,68.156,4.3,WiFi_6
UE_009,0.00707,32.739,28.019,-36.68,7.4e-05,14.896,1.87,1.5,8.28,2.4e-05,0.0,0.0,87.46,9.31,WiFi_6
UE_010,0.01202,39.915,35.709,-33.479,0.00012497,18.98,1.94,0.84,-0.88,4e-05,0.0,0.0,87.46,11.86,WiFi_6
UE_011,0.01357,51.505,47.289,-27.984,2.317e-05,25.135,1.56,0.73,4.56,4.5e-05,0.0,0.0,87.46,12.34,WiFi_6
UE_012,0.00707,31.923,29.933,-38.245,5.4e-05,15.912,1.78,0.98,-7.2,2.4e-05,0.0,0.0,87.46,9.94,WiFi_6
UE_013,0.00707,27.208,22.824,-39.402,5.29e-05,12.143,1.72,0.35,7.05,2.4e-05,0.0,0.0,87.46,7.59,WiFi_6
UE_014,0.00707,26.902,23.747,-40.573,5.735e-05,12.631,1.62,6.16,-4.18,2.4e-05,0.0,0.0,87.46,7.89,WiFi_6
UE_015,0.00707,15.41,12.056,-43.475,0.00020486,6.547,1.81,2.09,2.8,2.4e-05,0.0,0.0,66.167,4.09,WiFi_6
UE_016,0.01247,35.351,30.759,-34.892,1.526e-05,16.351,2.13,2.7,6.65,4.2e-05,0.0,0.0,87.46,10.22,WiFi_6
UE_017,0.00707,34.253,30.429,-35.276,0.00013525,16.176,2.06,3.33,-5.46,2.4e-05,0.0,0.0,87.46,10.11,WiFi_6
UE_018,0.00879,39.311,37.813,-34.319,6.166e-05,20.098,1.79,1.66,-0.34,2.9e-05,0.0,0.0,87.46,12.34,WiFi_6
UE_019,0.00707,22.714,18.239,-40.517,0.00012407,9.728,1.52,1.51,4.57,2.4e-05,0.0,0.0,84.716,6.08,WiFi_6
UE_000,0.01535,14.797,12.661,-44.803,0.00014411,6.851,1.66,0.07,-7.08,5.1e-05,0.0,0.0,67.982,4.28,WiFi_6
UE_001,0.00836,15.453,12.174,-44.677,0.00019602,6.607,2.16,3.06,-7.1,2.8e-05,0.0,0.0,66.523,4.13,WiFi_6
UE_002,0.00707,36.541,30.529,-34.637,2.223e-05,16.229,1.62,0.8,-5.92,2.4e-05,0.0,0.0,87.46,10.14,WiFi_6
UE_003,0.00707,47.406,45.919,-30.284,0.00019133,24.406,1.62,7.73,8.09,2.4e-05,0.0,0.0,87.46,12.34,WiFi_6
UE_004,0.00707,33.977,29.361,-37.047,0.00013052,15.608,1.79,0.54,-10.71,2.4e-05,0.0,0.0,87.46,9.76,WiFi_6
UE_005,0.00574,5.736,1.049,-47.615,0.01013795,1.896,1.59,17.66,0.29,1.9e-05,0.0,0.0,33.147,1.18,WiFi_6
UE_006,0.01747,29.991,26.9,-37.487,9.674e-05,14.302,1.91,1.91,-0.35,5.8e-05,0.0,0.0,87.46,8.94,WiFi_6
UE_007,0.00707,34.034,30.107,-35.668,0.000119,16.005,1.58,2.55,11.62,2.4e-05,0.0,0.0,87.46,10.0,WiFi_6
UE_008,0.00707,30.245,25.976,-39.476,7.77e-05,13.812,1.93,3.72,4.85,2.4e-05,0.0,0.0,87.46,8.63,WiFi_6
UE_009,0.00707,38.642,35.65,-36.203,0.00012663,18.949,2.08,1.0,8.28,2.4e-05,0.0,0.0,87.46,11.84,WiFi_6
UE_010,0.02011,8.622,6.222,-46.037,0.00119266,3.801,2.11,4.46,-0.88,6.7e-05,0.0,0.0,48.665,2.38,WiFi_6
UE_011,0.00803,14.13,9.246,-44.059,0.00109329,5.174,1.88,2.74,4.56,2.7e-05,0.0,0.0,57.738,3.23,WiFi_6
UE_012,0.00707,29.316,25.927,-38.099,0.00025377,13.786,1.74,3.55,-7.2,2.4e-05,0.0,0.0,87.46,8.62,WiFi_6
UE_013,0.00707,11.353,3.803,-43.907,0.01007259,2.825,1.99,14.58,7.05,2.4e-05,0.0,0.0,41.41,1.77,WiFi_6
UE_014,0.00707,22.391,19.899,-41.197,0.00011965,10.6,2.07,1.74,-4.18,2.4e-05,0.0,0.0,87.46,6.63,WiFi_6
UE_015,0.00707,14.602,13.516,-42.415,0.00018211,7.284,1.73,2.39,2.8,2.4e-05,0.0,0.0,70.549,4.55,WiFi_6
UE_016,0.0112,7.565,3.819,-46.328,0.01009839,2.831,2.22,32.49,6.65,3.7e-05,0.0,0.0,41.457,1.77,WiFi_6
UE_017,0.00707,32.402,29.778,-38.657,8.228e-05,15.829,1.74,2.18,-5.46,2.4e-05,0.0,0.0,87.46,9.89,WiFi_6
UE_018,0.00914,26.689,24.294,-38.802,8.12e-05,12.921,1.69,1.96,-0.34,3e-05,0.0,0.0,87.46,8.08,WiFi_6
UE_019,0.00707,35.632,32.696,-34.757,4.107e-05,17.379,1.87,1.45,4.57,2.4e-05,0.0,0.0,87.46,10.86,WiFi_6
UE_000,0.01325,26.129,21.52,-39.761,1.194e-05,11.454,2.04,2.85,-7.08,4.4e-05,0.0,0.0,87.46,7.16,WiFi_6
UE_001,0.00707,15.198,9.552,-42.52,0.00102198,5.32,1.84,4.17,-7.1,2.4e-05,0.0,0.0,58.656,3.32,WiFi_6
UE_002,0.00555,35.659,33.457,-35.171,2.006e-05,17.784,1.96,0.17,-5.92,1.8e-05,0.0,0.0,87.46,11.11,WiFi_6
UE_003,0.00707,22.56,17.355,-40.517,0.00027165,9.266,1.57,1.99,8.09,2.4e-05,0.0,0.0,82.064,5.79,WiFi_6
UE_004,0.00707,15.096,9.866,-42.943,0.00110231,5.47,2.07,2.66,-10.71,2.4e-05,0.0,0.0,59.597,3.42,WiFi_6
UE_005,0.00557,14.283,10.277,-46.108,0.00105592,5.669,1.52,0.31,1.55,1.9e-05,0.0,0.0,60.831,3.54,WiFi_6
UE_006,0.01151,24.366,21.115,-40.596,0.00018884,11.241,1.55,4.24,-0.35,3.8e-05,0.0,0.0,87.46,7.03,WiFi_6
UE_007,0.00707,37.338,33.21,-35.395,6.731e-05,17.652,1.92,0.45,11.62,2.4e-05,0.0,0.0,87.46,11.03,WiFi_6
UE_008,0.00707,30.496,27.472,-36.754,0.00010776,14.606,1.57,7.42,4.85,2.4e-05,0.0,0.0,87.46,9.13,WiFi_6
UE_009,0.00707,26.106,21.163,-39.347,6.25e-06,11.266,1.64,1.12,8.28,2.4e-05,0.0,0.0,87.46,7.04,WiFi_6
UE_010,0.02162,0.683,-2.719,-48.046,0.15015179,0.989,1.92,5.06,-0.88,7.2e-05,0.0,0.0,21.842,0.62,WiFi_6
UE_011,0.00543,24.487,22.904,-40.503,6.44e-06,12.185,1.82,0.8,4.56,1.8e-05,0.0,0.0,87.46,7.62,WiFi_6
UE_012,0.00707,28.566,24.678,-37.548,0.00012478,13.125,1.93,0.87,-7.2,2.4e-05,0.0,0.0,87.46,8.2,WiFi_6
UE_013,0.00707,34.548,31.415,-36.417,6.266e-05,16.699,1.91,0.62,7.05,2.4e-05,0.0,0.0,87.46,10.44,WiFi_6
UE_014,0.00707,16.833,12.845,-41.141,0.00011202,6.944,2.22,1.36,-4.18,2.4e-05,0.0,0.0,68.536,4.34,WiFi_6
UE_015,0.00707,15.767,10.45,-43.365,0.00112997,5.754,2.26,2.29,2.8,2.4e-05,0.0,0.0,61.351,3.6,WiFi_6
UE_016,0.00996,19.471,15.29,-42.983,0.00021257,8.194,1.8,0.84,6.65,3.3e-05,0.0,0.0,75.87,5.12,WiFi_6
UE_017,0.00707,25.333,23.587,-39.224,3.956e-05,12.547,1.87,3.5,-5.46,2.4e-05,0.0,0.0,87.46,7.84,WiFi_6
UE_018,0.00949,35.687,30.292,-36.6,6.978e-05,16.103,1.99,1.9,-0.34,3.2e-05,0.0,0.0,87.46,10.06,WiFi_6
UE_019,0.00707,16.19,13.527,-42.58,0.0003212,7.29,2.08,0.67,4.57,2.4e-05,0.0,0.0,70.581,4.56,WiFi_6
UE_000,0.0112,19.554,13.936,-41.534,0.00021727,7.498,1.58,1.67,-7.08,3.7e-05,0.0,0.0,71.808,4.69,WiFi_6
UE_001,0.00707,37.31,31.295,-34.474,0.00013117,16.635,1.58,0.12,-7.1,2.4e-05,0.0,0.0,87.46,10.4,WiFi_6
UE_002,0.01101,31.151,27.816,-36.78,3.806e-05,14.788,1.89,4.81,-5.92,3.7e-05,0.0,0.0,87.46,9.24,WiFi_6
UE_003,0.00707,30.342,24.904,-38.058,0.00013836,13.244,1.62,0.49,8.09,2.4e-05,0.0,0.0,87.46,8.28,WiFi_6
UE_004,0.00707,31.369,26.899,-37.733,0.00024737,14.302,1.67,1.29,-10.71,2.4e-05,0.0,0.0,87.46,8.94,WiFi_6
UE_005,0.00503,36.108,32.595,-35.09,6.246e-05,17.326,2.06,3.25,1.55,1.7e-05,0.0,0.0,87.46,10.83,WiFi_6
UE_006,0.0064,34.821,31.844,-37.645,0.00012495,16.927,2.22,0.38,-0.35,2.1e-05,0.0,0.0,87.46,10.58,WiFi_6
UE_007,0.00707,7.193,4.743,-47.233,0.01004042,3.189,2.23,21.4,11.62,2.4e-05,0.0,0.0,44.23,1.99,WiFi_6
UE_008,0.00707,11.122,9.134,-46.435,0.00104101,5.121,2.08,0.99,4.85,2.4e-05,0.0,0.0,57.401,3.2,WiFi_6
UE_009,0.00707,23.791,19.28,-39.768,0.00011229,10.275,1.99,0.53,8.28,2.4e-05,0.0,0.0,87.46,6.42,WiFi_6
UE_010,0.01328,23.151,20.892,-39.234,7.38e-06,11.123,2.0,5.26,-0.88,4.4e-05,0.0,0.0,87.46,6.95,WiFi_6
UE_011,0.00616,32.624,29.836,-36.92,0.00011214,15.861,1.86,2.8,4.56,2.1e-05,0.0,0.0,87.46,9.91,WiFi_6
UE_012,0.00707,35.948,35.109,-35.832,6.096e-05,18.662,2.21,2.93,-7.2,2.4e-05,0.0,0.0,87.46,11.66,WiFi_6
UE_013,0.00707,35.597,30.345,-36.626,8.829e-05,16.131,1.82,0.4,7.05,2.4e-05,0.0,0.0,87.46,10.08,WiFi_6
UE_014,0.00707,13.8,11.543,-44.625,0.00105608,6.291,2.03,8.37,-4.18,2.4e-05,0.0,0.0,64.628,3.93,WiFi_6
UE_015,0.00707,39.583,36.336,-33.731,9.49e-05,19.313,2.02,5.25,2.8,2.4e-05,0.0,0.0,87.46,12.07,WiFi_6
UE_016,0.00877,21.591,17.859,-40.481,0.00013317,9.529,1.8,3.24,6.65,2.9e-05,0.0,0.0,83.576,5.96,WiFi_6
UE_017,0.00707,33.223,30.86,-34.512,3.534e-05,16.404,2.09,6.31,-5.46,2.4e-05,0.0,0.0,87.46,10.25,WiFi_6
UE_018,0.00985,40.869,35.377,-34.038,3.18e-06,18.804,1.57,2.06,-0.34,3.3e-05,0.0,0.0,87.46,11.75,WiFi_6
UE_019,0.00707,29.288,26.17,-38.37,8.732e-05,13.915,1.89,8.84,4.57,2.4e-05,0.0,0.0,87.46,8.7,WiFi_6
UE_000,0.00925,26.604,24.162,-40.96,6.626e-05,12.851,1.67,1.37,-7.08,3.1e-05,0.0,0.0,87.46,8.03,WiFi_6
UE_001,0.00707,32.302,28.388,-35.908,0.00012392,15.092,1.51,1.33,-7.1,2.4e-05,0.0,0.0,87.46,9.43,WiFi_6
UE_002,0.01792,1.211,-5.0,-50.102,0.15006124,0.634,1.95,25.67,-5.92,6e-05,0.0,0.0,15.26,0.4,WiFi_6
UE_003,0.00707,28.409,24.712,-38.46,7.228e-05,13.142,2.09,0.63,8.09,2.4e-05,0.0,0.0,87.46,8.21,WiFi_6
UE_004,0.00707,29.321,24.46,-36.229,3.576e-05,13.009,1.73,3.08,-10.71,2.4e-05,0.0,0.0,87.46,8.13,WiFi_6
UE_005,0.0052,21.525,16.687,-42.268,0.00033684,8.918,1.87,4.85,1.55,1.7e-05,0.0,0.0,80.061,5.57,WiFi_6
UE_006,0.00554,30.819,26.048,-37.968,3.936e-05,13.85,1.85,1.04,-0.35,1.8e-05,0.0,0.0,87.46,8.66,WiFi_6
UE_007,0.00707,24.279,22.665,-40.825,5.194e-05,12.059,1.77,1.3,11.62,2.4e-05,0.0,0.0,87.46,7.54,WiFi_6
UE_008,0.00707,19.532,15.62,-41.164,0.00021239,8.364,1.71,0.0,4.85,2.4e-05,0.0,0.0,76.859,5.23,WiFi_6
UE_009,0.00707,33.285,28.205,-36.778,2.251e-05,14.995,2.12,3.38,8.28,2.4e-05,0.0,0.0,87.46,9.37,WiFi_6
UE_010,0.00518,39.825,35.841,-34.109,6.947e-05,19.05,1.69,0.7,-0.88,1.7e-05,0.0,0.0,87.46,11.91,WiFi_6
UE_011,0.00707,21.896,16.24,-40.71,0.00031078,8.686,1.76,4.15,4.56,2.4e-05,0.0,0.0,78.719,5.43,WiFi_6
UE_012,0.00707,18.763,14.871,-42.546,0.00014298,7.978,1.91,2.66,-7.2,2.4e-05,0.0,0.0,74.613,4.99,WiFi_6
UE_013,0.00707,31.753,27.971,-37.236,0.00012423,14.871,1.91,1.51,7.05,2.4e-05,0.0,0.0,87.46,9.29,WiFi_6
UE_014,0.00707,43.737,41.611,-33.7,1.28e-06,22.117,1.97,4.09,-4.18,2.4e-05,0.0,0.0,87.46,12.34,WiFi_6
UE_015,0.00707,26.442,22.19,-39.163,8.813e-05,11.808,2.17,1.14,2.8,2.4e-05,0.0,0.0,87.46,7.38,WiFi_6
UE_016,0.00766,30.374,27.568,-37.091,2.459e-05,14.657,2.18,0.11,6.65,2.6e-05,0.0,0.0,87.46,9.16,WiFi_6
UE_017,0.00707,39.937,38.545,-33.293,4.099e-05,20.487,1.81,0.32,-5.25,2.4e-05,0.0,0.0,87.46,12.34,WiFi_6
UE_018,0.01022,32.731,31.62,-35.422,4.5e-06,16.808,1.92,2.05,-0.34,3.4e-05,0.0,0.0,87.46,10.5,WiFi_6
UE_019,0.00707,34.269,31.16,-37.317,1.957e-05,16.564,1.58,4.34,4.57,2.4e-05,0.0,0.0,87.46,10.35,WiFi_6
UE_000,0.00746,13.057,7.258,-43.54,0.00115501,4.256,1.94,0.93,-7.08,2.5e-05,0.0,0.0,51.775,2.66,WiFi_6
UE_001,0.00707,15.286,10.457,-42.693,0.00104144,5.757,1.75,1.33,-7.1,2.4e-05,0.0,0.0,61.372,3.6,WiFi_6
UE_002,0.02511,-1.952,-3.625,-50.61,0.15006108,0.832,1.98,30.05,-5.92,8.4e-05,0.0,0.0,19.124,0.52,WiFi_6
UE_003,0.00707,20.052,14.917,-42.116,0.00010238,8.002,1.93,2.86,8.09,2.4e-05,0.0,0.0,74.75,5.0,WiFi_6
UE_004,0.00707,34.819,31.859,-36.847,0.00013422,16.935,2.21,2.04,-10.71,2.4e-05,0.0,0.0,87.46,10.58,WiFi_6
UE_005,0.00602,28.408,21.609,-37.967,0.00013028,11.501,1.54,5.77,1.55,2e-05,0.0,0.0,87.46,7.19,WiFi_6
UE_006,0.00707,20.11,15.534,-41.11,0.00029466,8.32,1.8,1.37,-0.35,2.4e-05,0.0,0.0,76.603,5.2,WiFi_6
UE_007,0.00707,34.317,30.611,-35.715,0.00022354,16.272,2.17,0.06,11.62,2.4e-05,0.0,0.0,87.46,10.17,WiFi_6
UE_008,0.00707,3.141,0.639,-49.188,0.01002979,1.776,2.2,37.31,4.85,2.4e-05,0.0,0.0,31.916,1.11,WiFi_6
UE_009,0.00707,42.968,38.578,-31.826,1.983e-05,20.505,2.09,2.21,8.28,2.4e-05,0.0,0.0,87.46,12.34,WiFi_6
UE_010,0.00436,48.474,44.915,-32.123,8.012e-05,23.873,2.01,3.67,-0.88,1.5e-05,0.0,0.0,87.46,12.34,WiFi_6
UE_011,0.00707,41.511,37.7,-32.399,3.777e-05,20.038,1.94,4.02,4.56,2.4e-05,0.0,0.0,87.46,12.34,WiFi_6
UE_012,0.00707,27.121,22.108,-38.897,6.602e-05,11.765,2.2,2.76,-7.2,2.4e-05,0.0,0.0,87.46,7.35,WiFi_6
UE_013,0.00707,9.651,7.294,-46.891,0.0010659,4.271,1.82,2.92,7.05,2.4e-05,0.0,0.0,51.881,2.67,WiFi_6
UE_014,0.00707,27.395,25.416,-37.778,8.174e-05,13.515,1.99,1.0,-4.18,2.4e-05,0.0,0.0,87.46,8.45,WiFi_6
UE_015,0.00707,37.796,33.237,-35.762,1.689e-05,17.667,1.59,4.1,2.8,2.4e-05,0.0,0.0,87.46,11.04,WiFi_6
UE_016,0.00666,35.456,33.006,-36.25,1.316e-05,17.544,2.25,1.47,6.65,2.2e-05,0.0,0.0,87.46,10.97,WiFi_6
UE_017,0.00707,28.321,22.757,-39.566,3.599e-05,12.108,1.8,5.91,-5.25,2.4e-05,0.0,0.0,87.46,7.57,WiFi_6
UE_018,0.01059,17.239,13.349,-43.373,0.00039987,7.2,1.93,1.23,-0.34,3.5e-05,0.0,0.0,70.048,4.5,WiFi_6
UE_019,0.00707,29.924,29.219,-39.142,0.00011569,15.533,2.22,4.92,4.57,2.4e-05,0.0,0.0,87.46,9.71,WiFi_6
UE_000,0.00598,35.452,32.18,-36.567,1.369e-05,17.105,2.2,1.59,-7.08,2e-05,0.0,0.0,87.46,10.69,WiFi_6
UE_001,0.00707,38.425,33.831,-34.048,2.25e-06,17.982,1.61,11.58,-7.1,2.4e-05,0.0,0.0,87.46,11.24,WiFi_6
UE_002,0.01867,8.595,8.985,-46.921,0.00117222,5.05,2.16,0.01,-5.92,6.2e-05,0.0,0.0,56.956,3.16,WiFi_6
UE_003,0.00707,37.134,33.933,-34.744,0.0001619,18.037,1.67,2.55,8.09,2.4e-05,0.0,0.0,87.46,11.27,WiFi_6
UE_004,0.00707,13.539,10.067,-43.907,0.0010265,5.568,2.11,0.8,-10.71,2.4e-05,0.0,0.0,60.202,3.48,WiFi_6
UE_005,0.00728,16.018,14.75,-44.864,0.00013022,7.916,1.8,0.07,1.55,2.4e-05,0.0,0.0,74.25,4.95,WiFi_6
UE_006,0.00707,26.811,22.772,-41.025,7.995e-05,12.115,1.79,1.45,-0.35,2.4e-05,0.0,0.0,87.46,7.57,WiFi_6
UE_007,0.00707,48.627,44.084,-29.388,7.203e-05,23.431,1.57,1.2,11.62,2.4e-05,0.0,0.0,87.46,12.34,WiFi_6
UE_008,0.00707,17.626,12.49,-43.906,0.00018827,6.765,1.74,3.4,4.85,2.4e-05,0.0,0.0,67.471,4.23,WiFi_6
UE_009,0.00707,41.672,37.115,-32.988,7.427e-05,19.727,1.72,1.35,8.28,2.4e-05,0.0,0.0,87.46,12.33,WiFi_6
UE_010,0.00628,39.681,37.712,-35.399,1.319e-05,20.045,2.04,0.13,-0.88,2.1e-05,0.0,0.0,87.46,12.34,WiFi_6
UE_011,0.00707,27.89,25.291,-37.404,0.00011148,13.449,2.07,0.48,4.56,2.4e-05,0.0,0.0,87.46,8.41,WiFi_6
UE_012,0.00707,9.725,7.148,-45.606,0.00107581,4.206,1.57,0.85,-7.2,2.4e-05,0.0,0.0,51.445,2.63,WiFi_6
UE_013,0.00707,28.084,24.575,-38.525,0.00014698,13.07,1.68,3.41,7.05,2.4e-05,0.0,0.0,87.46,8.17,WiFi_6
UE_014,0.00707,28.755,25.222,-39.819,0.00019482,13.412,1.86,5.6,-4.18,2.4e-05,0.0,0.0,87.46,8.38,WiFi_6
UE_015,0.00707,27.987,25.987,-39.824,6.18e-05,13.818,1.92,1.63,2.8,2.4e-05,0.0,0.0,87.46,8.64,WiFi_6
UE_016,0.00583,42.617,37.685,-34.235,7.05e-06,20.03,2.05,4.92,6.65,1.9e-05,0.0,0.0,87.46,12.34,WiFi_6
UE_017,0.00707,32.963,29.281,-36.917,0.00016892,15.566,1.95,1.34,-5.25,2.4e-05,0.0,0.0,87.46,9.73,WiFi_6
UE_018,0.01096,5.207,0.596,-46.388,0.01004529,1.764,1.61,34.21,-0.34,3.7e-05,0.0,0.0,31.789,1.1,WiFi_6
UE_019,0.00707,47.168,42.345,-30.836,0.00010904,22.507,1.75,2.6,4.57,2.4e-05,0.0,0.0,87.46,12.34,WiFi_6
UE_000,0.00511,29.418,26.479,-39.087,6.957e-05,14.079,1.54,1.89,-7.08,1.7e-05,0.0,0.0,87.46,8.8,WiFi_6
UE_001,0.00707,20.13,15.94,-43.152,0.00023266,8.53,1.54,1.09,-7.1,2.4e-05,0.0,0.0,77.82,5.33,WiFi_6
UE_002,0.0117,33.195,32.36,-36.089,7.366e-05,17.201,1.85,1.12,-5.92,3.9e-05,0.0,0.0,87.46,10.75,WiFi_6
UE_003,0.00707,32.87,30.475,-37.705,0.00017417,16.2,1.99,6.77,8.09,2.4e-05,0.0,0.0,87.46,10.12,WiFi_6
UE_004,0.00707,43.421,39.623,-33.811,6.224e-05,21.06,2.17,2.36,-10.71,2.4e-05,0.0,0.0,87.46,12.34,WiFi_6
UE_005,0.00878,15.184,11.956,-43.432,0.00113838,6.497,2.14,0.4,1.55,2.9e-05,0.0,0.0,65.868,4.06,WiFi_6
UE_006,0.00707,32.763,30.089,-36.358,6.536e-05,15.995,1.73,3.75,-0.35,2.4e-05,0.0,0.0,87.46,10.0,WiFi_6
UE_007,0.00707,29.721,27.225,-39.537,0.00013801,14.475,1.7,0.39,11.62,2.4e-05,0.0,0.0,87.46,9.05,WiFi_6
UE_008,0.00707,22.326,18.903,-41.048,0.00011568,10.077,1.76,2.92,4.85,2.4e-05,0.0,0.0,86.709,6.3,WiFi_6
UE_009,0.00707,3.872,1.411,-48.349,0.01005274,2.005,1.65,23.01,8.28,2.4e-05,0.0,0.0,34.234,1.25,WiFi_6
UE_010,0.007,32.691,27.88,-37.82,2.239e-05,14.822,1.68,0.46,-0.88,2.3e-05,0.0,0.0,87.46,9.26,WiFi_6
UE_011,0.00707,23.505,19.277,-41.495,0.00025467,10.273,1.83,10.19,4.56,2.4e-05,0.0,0.0,87.46,6.42,WiFi_6
UE_012,0.00707,12.964,7.87,-45.396,0.00104236,4.532,2.13,0.91,-8.33,2.4e-05,0.0,0.0,53.611,2.83,WiFi_6
UE_013,0.00707,37.004,31.458,-35.456,0.00010742,16.722,1.87,2.84,7.05,2.4e-05,0.0,0.0,87.46,10.45,WiFi_6
UE_014,0.00707,22.098,19.98,-39.594,0.00041367,10.642,1.93,2.99,-4.18,2.4e-05,0.0,0.0,87.46,6.65,WiFi_6
UE_015,0.00707,28.386,27.51,-39.849,8.965e-05,14.626,1.64,2.39,2.8,2.4e-05,0.0,0.0,87.46,9.14,WiFi_6
UE_016,0.00524,31.431,26.071,-36.275,3.317e-05,13.862,2.14,0.23,6.65,1.7e-05,0.0,0.0,87.46,8.66,WiFi_6
UE_017,0.00707,17.986,15.527,-44.071,0.00028637,8.317,1.87,4.83,-5.25,2.4e-05,0.0,0.0,76.582,5.2,WiFi_6
UE_018,0.01133,9.02,6.479,-46.104,0.00107591,3.912,1.89,4.45,-0.34,3.8e-05,0.0,0.0,49.436,2.44,WiFi_6
UE_019,0.00707,28.238,27.324,-39.183,7.88e-05,14.527,1.87,2.86,4.57,2.4e-05,0.0,0.0,87.46,9.08,WiFi_6
UE_000,0.00514,27.763,23.992,-39.713,0.00011087,12.761,2.07,0.18,-7.08,1.7e-05,0.0,0.0,87.46,7.98,WiFi_6
UE_001,0.00707,33.006,26.505,-36.938,5.721e-05,14.093,1.96,3.06,-7.1,2.4e-05,0.0,0.0,87.46,8.81,WiFi_6
UE_002,0.00592,39.391,34.338,-34.995,1.61e-06,18.252,1.67,6.45,-5.92,2e-05,0.0,0.0,87.46,11.41,WiFi_6
UE_003,0.00707,37.72,35.327,-35.737,3.081e-05,18.777,1.94,3.64,8.09,2.4e-05,0.0,0.0,87.46,11.74,WiFi_6
UE_004,0.00707,17.022,13.071,-44.178,0.00019012,7.059,1.7,2.21,-10.71,2.4e-05,0.0,0.0,69.214,4.41,WiFi_6
UE_005,0.01043,17.61,13.168,-43.132,0.00013095,7.107,1.94,5.32,1.55,3.5e-05,0.0,0.0,69.503,4.44,WiFi_6
UE_006,0.00707,27.278,23.905,-39.055,0.00014332,12.715,1.54,5.56,-0.35,2.4e-05,0.0,0.0,87.46,7.95,WiFi_6
UE_007,0.00707,40.916,37.556,-33.232,0.0001596,19.962,1.94,2.63,11.62,2.4e-05,0.0,0.0,87.46,12.34,WiFi_6
UE_008,0.00707,38.579,34.22,-34.24,2.137e-05,18.189,2.03,2.14,4.85,2.4e-05,0.0,0.0,87.46,11.37,WiFi_6
UE_009,0.00707,28.841,24.967,-37.081,0.00011409,13.278,1.92,3.83,8.28,2.4e-05,0.0,0.0,87.46,8.3,WiFi_6
UE_010,0.00781,14.863,10.433,-44.543,0.00108194,5.745,1.72,6.82,-0.88,2.6e-05,0.0,0.0,61.299,3.59,WiFi_6
UE_011,0.00707,42.097,41.154,-34.501,0.00016913,21.874,2.22,5.46,4.56,2.4e-05,0.0,0.0,87.46,12.34,WiFi_6
UE_012,0.006,27.124,23.225,-37.023,1.401e-05,12.355,2.22,18.28,-8.33,2e-05,0.0,0.0,87.46,7.72,WiFi_6
UE_013,0.00707,16.871,12.029,-43.118,0.00011429,6.534,1.95,2.72,7.05,2.4e-05,0.0,0.0,66.087,4.08,WiFi_6
UE_014,0.00707,16.877,14.62,-43.36,0.00010996,7.849,1.79,2.49,-4.18,2.4e-05,0.0,0.0,73.86,4.91,WiFi_6
UE_015,0.00707,27.889,25.519,-38.688,2.57e-06,13.57,2.05,1.26,2.8,2.4e-05,0.0,0.0,87.46,8.48,WiFi_6
UE_016,0.005,32.022,29.268,-36.05,0.00013668,15.559,1.9,0.32,6.65,1.7e-05,0.0,0.0,87.46,9.72,WiFi_6
UE_017,0.00707,4.161,1.609,-46.285,0.01000763,2.067,1.61,20.0,-5.25,2.4e-05,0.0,0.0,34.827,1.29,WiFi_6
UE_018,0.01171,9.376,6.719,-45.217,0.00103391,4.017,2.01,6.93,-0.34,3.9e-05,0.0,0.0,50.158,2.51,WiFi_6
UE_019,0.00707,29.685,24.777,-38.655,5.971e-05,13.177,2.13,7.93,4.57,2.4e-05,0.0,0.0,87.46,8.24,WiFi_6
UE_000,0.00607,11.167,9.062,-46.282,0.00108662,5.087,1.97,0.16,-7.08,2e-05,0.0,0.0,57.186,3.18,WiFi_6
UE_001,0.00707,33.016,30.325,-35.598,0.00011251,16.12,2.21,6.23,-7.1,2.4e-05,0.0,0.0,87.46,10.07,WiFi_6
UE_002,0.00655,15.716,14.73,-42.716,0.00018358,7.906,2.24,0.62,-5.92,2.2e-05,0.0,0.0,74.191,4.94,WiFi_6
UE_003,0.00707,32.76,26.042,-36.434,1.267e-05,13.847,2.11,1.2,8.09,2.4e-05,0.0,0.0,87.46,8.65,WiFi_6
UE_004,0.00707,30.93,28.241,-37.088,0.00013199,15.014,1.62,10.25,-10.71,2.4e-05,0.0,0.0,87.46,9.38,WiFi_6
UE_005,0.01216,13.228,9.845,-44.848,0.00103484,5.46,1.64,2.91,1.55,4.1e-05,0.0,0.0,59.535,3.41,WiFi_6
UE_006,0.00707,28.511,26.612,-37.713,9.01e-06,14.15,1.89,1.08,-0.35,2.4e-05,0.0,0.0,87.46,8.84,WiFi_6
UE_007,0.00707,21.797,21.086,-41.194,1.264e-05,11.225,1.56,6.95,11.62,2.4e-05,0.0,0.0,87.46,7.02,WiFi_6
UE_008,0.00707,27.261,21.653,-38.21,8.809e-05,11.525,1.56,2.1,4.85,2.4e-05,0.0,0.0,87.46,7.2,WiFi_6
UE_009,0.00707,25.478,21.31,-41.189,4.25e-05,11.344,2.18,5.91,8.28,2.4e-05,0.0,0.0,87.46,7.09,WiFi_6
UE_010,0.00868,23.781,20.306,-41.463,5.719e-05,10.814,2.24,1.45,1.88,2.9e-05,0.0,0.0,87.46,6.76,WiFi_6
UE_011,0.00707,31.172,26.007,-37.165,7.814e-05,13.829,2.14,0.99,4.56,2.4e-05,0.0,0.0,87.46,8.64,WiFi_6
UE_012,0.00526,21.353,17.084,-40.499,0.00020639,9.125,1.74,1.59,-8.33,1.8e-05,0.0,0.0,81.253,5.7,WiFi_6
UE_013,0.00707,29.183,24.238,-38.968,0.00015047,12.891,1.95,1.45,7.05,2.4e-05,0.0,0.0,87.46,8.06,WiFi_6
UE_014,0.00707,38.549,35.584,-33.819,4.233e-05,18.914,2.14,4.37,-4.18,2.4e-05,0.0,0.0,87.46,11.82,WiFi_6
UE_015,0.00707,24.131,22.451,-42.094,6.82e-06,11.946,1.52,0.23,2.8,2.4e-05,0.0,0.0,87.46,7.47,WiFi_6
UE_016,0.00515,25.031,20.913,-40.752,0.00013722,11.134,2.14,1.5,6.65,1.7e-05,0.0,0.0,87.46,6.96,WiFi_6
UE_017,0.00707,34.77,30.348,-36.289,1.186e-05,16.132,1.52,1.18,-5.25,2.4e-05,0.0,0.0,87.46,10.08,WiFi_6
UE_018,0.01209,23.872,19.725,-42.019,0.00020311,10.508,2.11,0.41,-0.34,4e-05,0.0,0.0,87.46,6.57,WiFi_6
UE_019,0.00707,38.252,32.636,-34.675,1.122e-05,17.348,1.91,0.89,4.57,2.4e-05,0.0,0.0,87.46,10.84,WiFi_6
UE_000,0.00707,29.964,26.441,-38.178,0.00010819,14.059,2.0,3.0,-7.08,2.4e-05,0.0,0.0,87.46,8.79,WiFi_6
UE_001,0.00707,29.31,26.625,-37.607,7.068e-05,14.156,1.83,1.32,-7.1,2.4e-05,0.0,0.0,87.46,8.85,WiFi_6
UE_002,0.00707,27.348,23.223,-37.627,1.298e-05,12.354,2.14,1.25,-5.92,2.4e-05,0.0,0.0,87.46,7.72,WiFi_6
UE_003,0.00707,19.674,16.415,-40.661,0.0001177,8.777,1.53,0.32,8.09,2.4e-05,0.0,0.0,79.244,5.49,WiFi_6
UE_004,0.00707,38.322,36.204,-33.965,0.00015673,19.243,2.05,6.97,-10.71,2.4e-05,0.0,0.0,87.46,12.03,WiFi_6
UE_005,0.01395,8.836,5.091,-47.197,0.01008403,3.328,2.22,32.03,1.55,4.7e-05,0.0,0.0,45.272,2.08,WiFi_6
UE_006,0.00707,34.902,32.982,-36.525,0.00010624,17.531,1.81,0.85,-0.35,2.4e-05,0.0,0.0,87.46,10.96,WiFi_6
UE_007,0.00707,38.494,34.902,-34.07,0.00010227,18.551,1.77,2.6,11.62,2.4e-05,0.0,0.0,87.46,11.59,WiFi_6
UE_008,0.00707,43.103,40.662,-33.236,3.579e-05,21.612,1.66,2.54,4.85,2.4e-05,0.0,0.0,87.46,12.34,WiFi_6
UE_009,0.00707,18.723,14.774,-41.449,0.00016449,7.928,1.51,6.66,8.28,2.4e-05,0.0,0.0,74.322,4.96,WiFi_6
UE_010,0.00567,41.225,36.848,-33.119,2.2e-05,19.585,2.25,1.72,1.88,1.9e-05,0.0,0.0,87.46,12.24,WiFi_6
UE_011,0.00707,33.638,31.97,-35.751,2.025e-05,16.994,1.99,6.49,4.56,2.4e-05,0.0,0.0,87.46,10.62,WiFi_6
UE_012,0.005,28.159,24.187,-38.46,0.00011994,12.864,2.0,5.64,-8.33,1.7e-05,0.0,0.0,87.46,8.04,WiFi_6
UE_013,0.00707,38.355,35.594,-35.779,0.0001356,18.919,1.88,4.98,7.05,2.4e-05,0.0,0.0,87.46,11.82,WiFi_6
UE_014,0.00707,25.346,22.082,-39.295,0.00012592,11.751,1.59,0.19,-4.18,2.4e-05,0.0,0.0,87.46,7.34,WiFi_6
UE_015,0.00707,16.61,14.441,-43.432,0.00011632,7.757,2.02,5.72,2.8,2.4e-05,0.0,0.0,73.323,4.85,WiFi_6
UE_016,0.00565,24.753,19.779,-38.935,0.00012571,10.537,1.86,0.88,4.49,1.9e-05,0.0,0.0,87.46,6.59,WiFi_6
UE_017,0.00707,39.918,35.072,-35.151,7.954e-05,18.642,1.92,2.97,-5.25,2.4e-05,0.0,0.0,87.46,11.65,WiFi_6
UE_018,0.01248,17.373,12.908,-42.616,0.00016488,6.976,1.5,0.5,-0.34,4.2e-05,0.0,0.0,68.724,4.36,WiFi_6
UE_019,0.00707,19.642,18.453,-42.217,0.00018832,9.841,1.56,0.91,4.57,2.4e-05,0.0,0.0,85.358,6.15,WiFi_6
UE_000,0.00707,20.327,17.941,-43.358,0.00016074,9.572,2.04,3.05,-7.08,2.4e-05,0.0,0.0,83.822,5.98,WiFi_6
UE_001,0.00707,28.25,23.524,-38.266,0.00013991,12.513,1.98,3.61,-7.1,2.4e-05,0.0,0.0,87.46,7.82,WiFi_6
UE_002,0.00707,35.206,32.503,-37.051,0.00010866,17.277,1.66,1.72,-5.92,2.4e-05,0.0,0.0,87.46,10.8,WiFi_6
UE_003,0.00707,27.051,23.728,-38.885,7.364e-05,12.621,1.82,1.03,8.09,2.4e-05,0.0,0.0,87.46,7.89,WiFi_6
UE_004,0.00707,33.144,28.855,-34.922,7.323e-05,15.34,1.53,4.38,-10.71,2.4e-05,0.0,0.0,87.46,9.59,WiFi_6
UE_005,0.01577,21.886,19.756,-41.961,0.00020888,10.525,1.88,0.58,1.55,5.3e-05,0.0,0.0,87.46,6.58,WiFi_6
UE_006,0.00707,38.369,36.178,-34.574,2.892e-05,19.23,1.82,12.78,-0.35,2.4e-05,0.0,0.0,87.46,12.02,WiFi_6
UE_007,0.00707,19.5,14.842,-42.238,0.00015101,7.963,1.7,0.26,11.62,2.4e-05,0.0,0.0,74.525,4.98,WiFi_6
UE_008,0.00707,48.907,45.693,-29.262,0.00014347,24.286,1.91,0.53,4.85,2.4e-05,0.0,0.0,87.46,12.34,WiFi_6
UE_009,0.00707,16.866,15.376,-43.482,0.00017014,8.238,1.66,12.17,8.28,2.4e-05,0.0,0.0,76.127,5.15,WiFi_6
UE_010,0.01143,22.97,19.78,-39.484,0.00013474,10.537,1.81,2.47,-5.73,3.8e-05,0.0,0.0,87.46,6.59,WiFi_6
UE_011,0.00707,19.059,14.083,-41.555,0.00023851,7.574,1.98,11.23,4.56,2.4e-05,0.0,0.0,72.249,4.73,WiFi_6
UE_012,0.0053,27.712,23.588,-40.896,3.739e-05,12.547,1.63,2.47,-8.33,1.8e-05,0.0,0.0,87.46,7.84,WiFi_6
UE_013,0.00707,37.411,31.097,-33.977,5.925e-05,16.53,1.89,7.74,7.05,2.4e-05,0.0,0.0,87.46,10.33,WiFi_6
UE_014,0.00707,35.36,32.641,-36.929,2.24e-06,17.35,1.77,4.12,-4.18,2.4e-05,0.0,0.0,87.46,10.84,WiFi_6
UE_015,0.00707,25.695,21.405,-39.09,7.382e-05,11.393,2.09,3.46,2.8,2.4e-05,0.0,0.0,87.46,7.12,WiFi_6
UE_016,0.00707,25.547,21.931,-39.421,8.587e-05,11.671,1.88,1.12,4.49,2.4e-05,0.0,0.0,87.46,7.29,WiFi_6
UE_017,0.00707,33.694,31.505,-36.94,0.00024796,16.747,2.25,0.56,-5.25,2.4e-05,0.0,0.0,87.46,10.47,WiFi_6
UE_018,0.01286,17.205,12.493,-44.261,0.00011779,6.767,2.11,0.65,-0.34,4.3e-05,0.0,0.0,67.48,4.23,WiFi_6
UE_019,0.00707,39.209,34.656,-34.798,0.00010505,18.421,2.09,1.2,4.57,2.4e-05,0.0,0.0,87.46,11.51,WiFi_6
UE_000,0.00707,34.113,30.462,-36.085,3.176e-05,16.193,2.09,4.36,-2.48,2.4e-05,0.0,0.0,87.46,10.12,WiFi_6
UE_001,0.00707,13.07,9.045,-44.971,0.00101678,5.078,1.92,0.14,-7.1,2.4e-05,0.0,0.0,57.134,3.17,WiFi_6
UE_002,0.00707,21.775,19.073,-41.504,0.00013936,10.166,1.89,7.14,-5.92,2.4e-05,0.0,0.0,87.22,6.35,WiFi_6
UE_003,0.00707,23.524,20.298,-40.722,3.495e-05,10.81,2.09,1.63,8.09,2.4e-05,0.0,0.0,87.46,6.76,WiFi_6
UE_004,0.00707,40.249,39.035,-34.055,1.021e-05,20.748,2.05,2.22,-10.71,2.4e-05,0.0,0.0,87.46,12.34,WiFi_6
UE_005,0.01762,11.539,6.121,-44.686,0.00104972,3.758,2.23,0.65,1.55,5.9e-05,0.0,0.0,48.363,2.35,WiFi_6
UE_006,0.00707,16.047,12.148,-45.169,0.00010067,6.594,2.17,0.77,-0.35,2.4e-05,0.0,0.0,66.445,4.12,WiFi_6
UE_007,0.00707,34.431,30.779,-35.607,5.3e-06,16.361,1.8,0.5,11.62,2.4e-05,0.0,0.0,87.46,10.23,WiFi_6
UE_008,0.00707,28.37,23.541,-39.201,9.358e-05,12.523,2.21,6.64,4.85,2.4e-05,0.0,0.0,87.46,7.83,WiFi_6
UE_009,0.00707,32.516,28.635,-38.052,0.0001805,15.223,1.68,1.22,8.28,2.4e-05,0.0,0.0,87.46,9.51,WiFi_6
UE_010,0.0117,21.701,16.254,-42.743,0.00033819,8.693,1.77,0.3,-5.73,3.9e-05,0.0,0.0,78.762,5.43,WiFi_6
UE_011,0.00707,36.677,34.352,-35.049,8.866e-05,18.259,1.72,1.53,4.56,2.4e-05,0.0,0.0,87.46,11.41,WiFi_6
UE_012,0.00607,35.831,31.238,-35.101,0.00013466,16.605,2.15,1.35,-2.24,2e-05,0.0,0.0,87.46,10.38,WiFi_6
UE_013,0.00707,16.483,12.675,-43.1,0.00018117,6.858,1.71,5.03,7.05,2.4e-05,0.0,0.0,68.026,4.29,WiFi_6
UE_014,0.00707,17.996,13.654,-42.58,0.00013217,7.355,2.0,7.22,-4.18,2.4e-05,0.0,0.0,70.962,4.6,WiFi_6
UE_015,0.00707,25.437,21.144,-38.876,3.219e-05,11.256,1.74,0.12,2.8,2.4e-05,0.0,0.0,87.46,7.03,WiFi_6
UE_016,0.00707,24.906,22.902,-39.536,0.00010203,12.184,1.71,5.23,4.49,2.4e-05,0.0,0.0,87.46,7.62,WiFi_6
UE_017,0.00707,38.178,32.816,-33.989,0.0002693,17.443,2.07,0.12,-5.25,2.4e-05,0.0,0.0,87.46,10.9,WiFi_6
UE_018,0.01325,19.311,15.319,-41.801,0.00025814,8.209,1.7,4.33,-0.34,4.4e-05,0.0,0.0,75.958,5.13,WiFi_6
UE_019,0.00707,32.675,29.287,-36.048,4.542e-05,15.569,1.64,3.69,4.57,2.4e-05,0.0,0.0,87.46,9.73,WiFi_6
UE_000,0.00615,31.722,28.958,-37.282,0.0001322,15.394,2.11,2.33,-2.48,2.1e-05,0.0,0.0,87.46,9.62,WiFi_6
UE_001,0.00707,31.292,28.108,-36.607,3.766e-05,14.943,2.19,9.63,-7.1,2.4e-05,0.0,0.0,87.46,9.34,WiFi_6
UE_002,0.00707,34.969,33.038,-35.615,0.00010047,17.561,1.58,2.01,-5.92,2.4e-05,0.0,0.0,87.46,10.98,WiFi_6
UE_003,0.00707,18.122,15.306,-41.662,0.00011885,8.202,1.65,2.82,8.09,2.4e-05,0.0,0.0,75.918,5.13,WiFi_6
UE_004,0.00707,45.365,45.08,-31.248,5.96e-06,23.96,1.79,0.45,-10.71,2.4e-05,0.0,0.0,87.46,12.34,WiFi_6
UE_005,0.01948,3.327,0.192,-50.368,0.01005249,1.652,1.81,28.61,1.55,6.5e-05,0.0,0.0,30.576,1.03,WiFi_6
UE_006,0.00707,40.203,35.093,-33.063,3.694e-05,18.653,1.52,2.11,-0.35,2.4e-05,0.0,0.0,87.46,11.66,WiFi_6
UE_007,0.00707,37.346,32.8,-34.77,6.58e-06,17.434,2.12,1.28,11.62,2.4e-05,0.0,0.0,87.46,10.9,WiFi_6
UE_008,0.00707,36.505,33.489,-36.993,9.088e-05,17.801,1.65,1.76,4.85,2.4e-05,0.0,0.0,87.46,11.13,WiFi_6
UE_009,0.00707,24.985,23.607,-39.156,4.811e-05,12.557,1.76,2.04,8.28,2.4e-05,0.0,0.0,87.46,7.85,WiFi_6
UE_010,0.01688,24.53,23.551,-41.339,3.615e-05,12.528,1.57,7.44,-5.73,5.6e-05,0.0,0.0,87.46,7.83,WiFi_6
UE_011,0.00707,22.716,17.477,-42.128,0.00032593,9.33,1.93,5.32,4.56,2.4e-05,0.0,0.0,82.43,5.83,WiFi_6
UE_012,0.00707,36.626,32.179,-34.315,6.75e-05,17.105,1.57,1.4,2.53,2.4e-05,0.0,0.0,87.46,10.69,WiFi_6
UE_013,0.00707,43.606,39.001,-31.347,5.042e-05,20.73,1.63,0.22,7.05,2.4e-05,0.0,0.0,87.46,12.34,WiFi_6
UE_014,0.00707,35.653,32.134,-37.421,1.923e-05,17.081,1.79,1.1,-4.18,2.4e-05,0.0,0.0,87.46,10.68,WiFi_6
UE_015,0.00707,26.189,22.163,-39.21,1.617e-05,11.794,1.88,3.24,-10.67,2.4e-05,0.0,0.0,87.46,7.37,WiFi_6
UE_016,0.00707,30.397,26.714,-38.787,0.00014068,14.204,1.7,1.19,4.49,2.4e-05,0.0,0.0,87.46,8.88,WiFi_6
UE_017,0.00707,23.385,17.462,-42.028,0.00020421,9.322,2.07,0.25,-5.25,2.4e-05,0.0,0.0,82.385,5.83,WiFi_6
UE_018,0.01364,26.753,26.235,-41.024,0.00021954,13.95,1.63,6.63,-0.34,4.5e-05,0.0,0.0,87.46,8.72,WiFi_6
UE_019,0.00707,26.181,22.868,-41.4,1.055e-05,12.167,1.5,1.32,4.57,2.4e-05,0.0,0.0,87.46,7.6,WiFi_6
UE_000,0.01316,3.627,2.319,-49.603,0.01007165,2.298,2.26,9.92,-2.48,4.4e-05,0.0,0.0,36.958,1.44,WiFi_6
UE_001,0.00707,23.199,20.98,-40.929,0.00020345,11.169,2.11,14.37,-7.1,2.4e-05,0.0,0.0,87.46,6.98,WiFi_6
UE_002,0.00707,39.61,36.313,-34.668,5.82e-05,19.301,1.57,3.75,-5.92,2.4e-05,0.0,0.0,87.46,12.06,WiFi_6
UE_003,0.00707,35.557,31.46,-35.885,1.497e-05,16.723,1.67,4.34,8.09,2.4e-05,0.0,0.0,87.46,10.45,WiFi_6
UE_004,0.00707,27.257,25.385,-39.368,0.00011718,13.499,2.06,6.06,-10.71,2.4e-05,0.0,0.0,87.46,8.44,WiFi_6
UE_005,0.02135,25.206,25.266,-40.828,7.055e-05,13.436,1.71,4.67,1.55,7.1e-05,0.0,0.0,87.46,8.4,WiFi_6
UE_006,0.00707,40.724,36.135,-35.073,9.476e-05,19.207,1.87,0.74,-0.35,2.4e-05,0.0,0.0,87.46,12.0,WiFi_6
UE_007,0.00707,24.444,22.93,-39.999,5.752e-05,12.199,2.02,6.82,11.62,2.4e-05,0.0,0.0,87.46,7.62,WiFi_6
UE_008,0.00707,5.653,3.118,-46.625,0.01004019,2.574,1.57,36.38,4.85,2.4e-05,0.0,0.0,39.353,1.61,WiFi_6
UE_009,0.00707,29.971,27.181,-37.343,2.201e-05,14.451,1.96,7.97,8.28,2.4e-05,0.0,0.0,87.46,9.03,WiFi_6
UE_010,0.02398,0.403,-3.063,-51.522,0.15006127,0.927,2.25,9.55,-5.73,8e-05,0.0,0.0,20.81,0.58,WiFi_6
UE_011,0.00707,15.23,11.43,-43.554,0.00109131,6.236,1.92,4.9,4.56,2.4e-05,0.0,0.0,64.291,3.9,WiFi_6
UE_012,0.00533,30.745,29.248,-37.943,3.4e-05,15.548,1.58,0.34,2.53,1.8e-05,0.0,0.0,87.46,9.72,WiFi_6
UE_013,0.00707,23.189,18.739,-40.236,0.00010865,9.99,1.91,4.76,7.05,2.4e-05,0.0,0.0,86.216,6.24,WiFi_6
UE_014,0.00707,35.135,32.775,-35.739,2.947e-05,17.422,1.83,0.66,-4.18,2.4e-05,0.0,0.0,87.46,10.89,WiFi_6
UE_015,0.00934,18.647,16.104,-41.706,0.00024517,8.615,1.97,4.32,-10.67,3.1e-05,0.0,0.0,78.311,5.38,WiFi_6
UE_016,0.00707,39.956,38.888,-33.85,7.329e-05,20.67,1.93,3.08,4.49,2.4e-05,0.0,0.0,87.46,12.34,WiFi_6
UE_017,0.00707,25.106,21.952,-40.001,3.537e-05,11.682,1.6,1.05,-5.25,2.4e-05,0.0,0.0,87.46,7.3,WiFi_6
UE_018,0.01404,21.297,14.414,-41.396,0.0001158,7.743,1.89,2.58,-0.34,4.7e-05,0.0,0.0,73.241,4.84,WiFi_6
UE_019,0.00707,34.372,31.366,-34.482,2.7e-06,16.673,1.89,4.17,4.57,2.4e-05,0.0,0.0,87.46,10.42,WiFi_6
UE_000,0.02135,8.384,4.513,-45.92,0.01002007,3.098,1.57,24.19,-2.48,7.1e-05,0.0,0.0,43.538,1.94,WiFi_6
UE_001,0.00707,47.909,45.521,-31.65,3.998e-05,24.195,2.15,1.92,-7.1,2.4e-05,0.0,0.0,87.46,12.34,WiFi_6
UE_002,0.00707,42.67,39.774,-31.826,7.98e-05,21.141,1.54,0.22,-5.92,2.4e-05,0.0,0.0,87.46,12.34,WiFi_6
UE_003,0.00707,18.286,14.283,-40.098,0.00021759,7.676,2.22,3.75,8.09,2.4e-05,0.0,0.0,72.848,4.8,WiFi_6
UE_004,0.00707,35.391,33.775,-34.325,2.634e-05,17.953,2.24,1.25,-10.71,2.4e-05,0.0,0.0,87.46,11.22,WiFi_6
UE_005,0.02324,19.92,17.16,-43.544,0.00021121,9.165,2.25,10.05,1.55,7.7e-05,0.0,0.0,81.481,5.73,WiFi_6
UE_006,0.00707,24.767,19.752,-41.559,0.00017623,10.522,1.71,1.77,-0.35,2.4e-05,0.0,0.0,87.46,6.58,WiFi_6
UE_007,0.00707,49.722,46.448,-29.455,7.3e-06,24.688,1.59,0.46,11.62,2.4e-05,0.0,0.0,87.46,12.34,WiFi_6
UE_008,0.00707,5.806,2.246,-47.848,0.01026936,2.273,1.71,11.37,4.85,2.4e-05,0.0,0.0,36.737,1.42,WiFi_6
UE_009,0.00707,43.341,39.791,-31.259,0.00015665,21.15,2.27,0.55,8.28,2.4e-05,0.0,0.0,87.46,12.34,WiFi_6
UE_010,0.01961,3.933,1.918,-48.418,0.01017582,2.165,2.22,10.05,-5.73,6.5e-05,0.0,0.0,35.753,1.35,WiFi_6
UE_011,0.00707,34.367,28.345,-37.46,5.906e-05,15.069,2.09,8.04,4.27,2.4e-05,0.0,0.0,87.46,9.42,WiFi_6
UE_012,0.00518,17.595,14.366,-41.99,0.00015041,7.718,1.69,1.43,8.37,1.7e-05,0.0,0.0,73.097,4.82,WiFi_6
UE_013,0.00707,17.705,12.515,-42.706,0.00010179,6.778,1.85,2.33,7.05,2.4e-05,0.0,0.0,67.546,4.24,WiFi_6
UE_014,0.00707,6.657,4.619,-47.869,0.01004403,3.139,1.9,24.44,-4.18,2.4e-05,0.0,0.0,43.856,1.96,WiFi_6
UE_015,0.02193,31.439,27.358,-37.558,9.429e-05,14.545,1.59,4.94,-10.67,7.3e-05,0.0,0.0,87.46,9.09,WiFi_6
UE_016,0.00707,37.215,31.715,-33.601,5.79e-05,16.858,2.16,4.29,4.49,2.4e-05,0.0,0.0,87.46,10.54,WiFi_6
UE_017,0.00707,12.534,9.22,-44.932,0.00106982,5.162,1.98,4.58,-5.25,2.4e-05,0.0,0.0,57.661,3.23,WiFi_6
UE_018,0.01443,18.469,15.283,-41.969,0.00011282,8.191,1.66,4.36,-0.34,4.8e-05,0.0,0.0,75.849,5.12,WiFi_6
UE_019,0.00707,7.383,3.243,-46.016,0.010056,2.619,2.23,24.62,4.57,2.4e-05,0.0,0.0,39.729,1.64,WiFi_6
UE_000,0.02126,10.094,6.652,-46.737,0.001088,3.988,1.8,5.12,-2.48,7.1e-05,0.0,0.0,49.957,2.49,WiFi_6
UE_001,0.00707,20.627,18.996,-40.528,0.00013018,10.125,1.92,1.12,-7.1,2.4e-05,0.0,0.0,86.988,6.33,WiFi_6
UE_002,0.00707,32.662,27.186,-37.521,1.895e-05,14.454,2.17,3.04,-5.92,2.4e-05,0.0,0.0,87.46,9.03,WiFi_6
UE_003,0.00707,28.63,24.602,-39.556,2.105e-05,13.084,1.8,7.25,8.09,2.4e-05,0.0,0.0,87.46,8.18,WiFi_6
UE_004,0.00707,27.721,22.536,-37.745,0.00015076,11.991,2.25,1.15,13.57,2.4e-05,0.0,0.0,87.46,7.49,WiFi_6
UE_005,0.02513,12.899,10.513,-44.972,0.00101624,5.784,1.83,2.22,1.55,8.4e-05,0.0,0.0,61.538,3.62,WiFi_6
UE_006,0.00707,0.584,-3.634,-48.965,0.15003703,0.831,2.23,7.8,-0.35,2.4e-05,0.0,0.0,19.098,0.52,WiFi_6
UE_007,0.00707,18.016,14.559,-43.652,0.00013049,7.818,2.01,2.92,11.62,2.4e-05,0.0,0.0,73.677,4.89,WiFi_6
UE_008,0.00707,25.041,21.076,-40.218,4.862e-05,11.22,1.75,12.94,4.85,2.4e-05,0.0,0.0,87.46,7.01,WiFi_6
UE_009,0.00707,7.547,3.854,-47.666,0.01007063,2.844,1.74,38.07,8.28,2.4e-05,0.0,0.0,41.562,1.78,WiFi_6
UE_010,0.01282,31.733,27.168,-39.22,0.00013755,14.444,2.01,1.04,-5.73,4.3e-05,0.0,0.0,87.46,9.03,WiFi_6
UE_011,0.00516,44.799,41.18,-33.406,4.051e-05,21.888,1.68,3.59,4.27,1.7e-05,0.0,0.0,87.46,12.34,WiFi_6
UE_012,0.01235,21.187,18.772,-42.075,0.00017175,10.008,1.79,0.84,8.37,4.1e-05,0.0,0.0,86.316,6.25,WiFi_6
UE_013,0.00707,14.833,10.322,-44.148,0.00103235,5.691,1.95,0.85,7.05,2.4e-05,0.0,0.0,60.966,3.56,WiFi_6
UE_014,0.00707,31.2,27.938,-40.187,6.436e-05,14.853,1.61,1.38,-4.18,2.4e-05,0.0,0.0,87.46,9.28,WiFi_6
UE_015,0.01524,23.192,20.054,-40.541,5.705e-05,10.682,1.71,0.06,-10.67,5.1e-05,0.0,0.0,87.46,6.68,WiFi_6
UE_016,0.00707,38.813,35.582,-35.569,3.68e-05,18.913,2.04,2.22,4.49,2.4e-05,0.0,0.0,87.46,11.82,WiFi_6
UE_017,0.00707,39.384,36.25,-34.057,5.781e-05,19.268,1.62,5.68,-5.25,2.4e-05,0.0,0.0,87.46,12.04,WiFi_6
UE_018,0.01482,7.989,6.412,-46.491,0.00100372,3.883,1.96,0.18,-0.34,4.9e-05,0.0,0.0,49.235,2.43,WiFi_6
UE_019,0.00707,42.242,40.321,-31.593,1.576e-05,21.431,2.19,0.85,4.57,2.4e-05,0.0,0.0,87.46,12.34,WiFi_6
UE_000,0.01307,8.153,4.986,-46.32,0.01015062,3.286,2.18,21.89,-2.48,4.4e-05,0.0,0.0,44.957,2.05,WiFi_6
UE_001,0.00707,35.547,30.709,-35.154,5.463e-05,16.324,2.11,0.84,-7.1,2.4e-05,0.0,0.0,87.46,10.2,WiFi_6
UE_002,0.00707,37.949,34.989,-34.778,4.195e-05,18.598,1.62,0.76,-5.92,2.4e-05,0.0,0.0,87.46,11.62,WiFi_6
UE_003,0.00707,30.902,25.558,-36.192,1.99e-06,13.591,1.51,3.27,8.09,2.4e-05,0.0,0.0,87.46,8.49,WiFi_6
UE_004,0.01296,31.913,29.15,-36.596,0.00015096,15.496,2.26,0.67,13.57,4.3e-05,0.0,0.0,87.46,9.69,WiFi_6
UE_005,0.02396,15.775,13.47,-43.095,0.0002298,7.261,1.76,8.7,1.55,8e-05,0.0,0.0,70.411,4.54,WiFi_6
UE_006,0.00707,21.335,17.748,-38.999,0.00021826,9.472,1.55,2.12,-0.35,2.4e-05,0.0,0.0,83.245,5.92,WiFi_6
UE_007,0.00707,19.415,14.693,-42.251,0.00013559,7.886,1.77,0.26,11.62,2.4e-05,0.0,0.0,74.078,4.93,WiFi_6
UE_008,0.00707,43.605,40.666,-32.605,0.00015611,21.615,1.52,0.56,-4.32,2.4e-05,0.0,0.0,87.46,12.34,WiFi_6
UE_009,0.00707,41.308,40.104,-33.908,0.0001979,21.316,1.7,2.35,8.28,2.4e-05,0.0,0.0,87.46,12.34,WiFi_6
UE_010,0.00683,29.433,26.425,-38.577,6.139e-05,14.051,1.93,0.6,-5.73,2.3e-05,0.0,0.0,87.46,8.78,WiFi_6
UE_011,0.00558,41.05,39.356,-33.464,4.574e-05,20.918,1.57,0.82,4.27,1.9e-05,0.0,0.0,87.46,12.34,WiFi_6
UE_012,0.02238,13.031,10.145,-44.346,0.00104458,5.605,2.2,2.09,8.37,7.5e-05,0.0,0.0,60.434,3.5,WiFi_6
UE_013,0.00707,18.969,15.351,-42.827,0.00027019,8.225,1.77,4.21,7.05,2.4e-05,0.0,0.0,76.052,5.14,WiFi_6
UE_014,0.00707,21.413,15.381,-41.629,0.00015322,8.241,2.23,2.97,-4.18,2.4e-05,0.0,0.0,76.143,5.15,WiFi_6
UE_015,0.00251,33.528,30.777,-36.103,7.67e-05,16.36,1.83,3.87,-10.67,8e-06,0.0,0.0,87.46,10.23,WiFi_6
UE_016,0.00707,41.078,36.934,-32.918,0.00011238,19.631,2.09,0.62,4.49,2.4e-05,0.0,0.0,87.46,12.27,WiFi_6
UE_017,0.00707,33.247,32.433,-38.235,8.806e-05,17.24,2.06,8.85,-5.25,2.4e-05,0.0,0.0,87.46,10.77,WiFi_6
UE_018,0.01522,-0.463,-4.05,-50.038,0.15004296,0.766,2.19,38.27,-0.34,5.1e-05,0.0,0.0,17.85,0.48,WiFi_6
UE_019,0.00707,35.992,32.365,-35.242,3.252e-05,17.204,1.73,0.95,4.57,2.4e-05,0.0,0.0,87.46,10.75,WiFi_6
UE_000,0.0061,21.81,18.855,-41.035,0.00013784,10.051,1.57,0.35,-2.48,2e-05,0.0,0.0,86.565,6.28,WiFi_6
UE_001,0.00707,34.321,31.254,-37.249,2.029e-05,16.613,2.07,0.94,-7.1,2.4e-05,0.0,0.0,87.46,10.38,WiFi_6
UE_002,0.00707,35.201,27.77,-33.895,0.00025042,14.764,1.74,0.7,-5.92,2.4e-05,0.0,0.0,87.46,9.23,WiFi_6
UE_003,0.00707,26.081,25.677,-40.06,6.42e-05,13.654,1.93,0.21,8.09,2.4e-05,0.0,0.0,87.46,8.53,WiFi_6
UE_004,0.02166,12.346,6.273,-46.17,0.00112949,3.823,1.91,0.42,13.57,7.2e-05,0.0,0.0,48.819,2.39,WiFi_6
UE_005,0.02208,32.421,29.034,-35.873,8.558e-05,15.435,2.08,2.64,1.55,7.4e-05,0.0,0.0,87.46,9.65,WiFi_6
UE_006,0.00707,31.911,26.116,-36.835,2.563e-05,13.887,1.64,4.36,-0.35,2.4e-05,0.0,0.0,87.46,8.68,WiFi_6
UE_007,0.00707,28.185,24.648,-40.689,5.451e-05,13.109,2.15,0.3,11.62,2.4e-05,0.0,0.0,87.46,8.19,WiFi_6
UE_008,0.00423,30.173,25.504,-37.645,0.00010111,13.562,2.22,1.5,-4.32,1.4e-05,0.0,0.0,87.46,8.48,WiFi_6
UE_009,0.00707,22.611,18.75,-41.632,0.0003517,9.996,1.71,3.42,8.28,2.4e-05,0.0,0.0,86.249,6.25,WiFi_6
UE_010,0.0056,21.342,17.055,-41.229,0.00012476,9.11,2.18,1.48,-5.73,1.9e-05,0.0,0.0,81.165,5.69,WiFi_6
UE_011,0.00798,12.099,8.949,-45.125,0.0010051,5.033,2.16,0.71,4.27,2.7e-05,0.0,0.0,56.846,3.15,WiFi_6
UE_012,0.01729,12.779,10.185,-43.802,0.00116001,5.625,1.86,4.5,8.37,5.8e-05,0.0,0.0,60.554,3.52,WiFi_6
UE_013,0.00707,37.968,34.314,-35.667,0.00015141,18.239,1.99,1.16,7.05,2.4e-05,0.0,0.0,87.46,11.4,WiFi_6
UE_014,0.00707,32.424,29.211,-36.801,0.00018465,15.529,2.22,4.41,-4.18,2.4e-05,0.0,0.0,87.46,9.71,WiFi_6
UE_015,0.00512,30.565,28.288,-37.78,8.11e-06,15.038,1.87,3.67,-10.67,1.7e-05,0.0,0.0,87.46,9.4,WiFi_6
UE_016,0.00707,36.533,35.379,-34.901,5.43e-06,18.805,1.74,0.1,4.49,2.4e-05,0.0,0.0,87.46,11.75,WiFi_6
UE_017,0.00707,33.866,28.846,-37.445,8.843e-05,15.335,1.74,5.15,-5.25,2.4e-05,0.0,0.0,87.46,9.58,WiFi_6
UE_018,0.01562,2.916,-2.617,-48.33,0.15005538,1.008,1.92,37.21,-0.34,5.2e-05,0.0,0.0,22.15,0.63,WiFi_6
UE_019,0.00707,33.132,28.817,-36.981,5.177e-05,15.32,1.83,0.11,4.57,2.4e-05,0.0,0.0,87.46,9.57,WiFi_6
UE_000,0.00707,40.436,36.193,-35.622,5.191e-05,19.237,1.63,2.0,-2.48,2.4e-05,0.0,0.0,87.46,12.02,WiFi_6
UE_001,0.00707,40.973,38.344,-32.271,0.00011637,20.381,1.81,5.3,-7.1,2.4e-05,0.0,0.0,87.46,12.34,WiFi_6
UE_002,0.00707,29.415,26.185,-38.593,1.619e-05,13.923,1.57,0.35,-5.92,2.4e-05,0.0,0.0,87.46,8.7,WiFi_6
UE_003,0.00707,25.06,21.602,-40.932,3.995e-05,11.498,1.88,0.65,8.09,2.4e-05,0.0,0.0,87.46,7.19,WiFi_6
UE_004,0.00648,27.503,26.114,-40.171,1.815e-05,13.885,1.61,3.4,13.57,2.2e-05,0.0,0.0,87.46,8.68,WiFi_6
UE_005,0.0202,13.358,11.426,-45.344,0.00107525,6.233,1.74,3.53,1.55,6.7e-05,0.0,0.0,64.277,3.9,WiFi_6
UE_006,0.00707,22.669,18.12,-41.508,0.00013618,9.666,1.89,0.56,-0.35,2.4e-05,0.0,0.0,84.36,6.04,WiFi_6
UE_007,0.00707,39.768,33.835,-33.32,6.872e-05,17.984,1.91,1.73,11.62,2.4e-05,0.0,0.0,87.46,11.24,WiFi_6
UE_008,0.01462,16.91,13.318,-43.683,0.00011188,7.184,2.26,4.32,-4.32,4.9e-05,0.0,0.0,69.953,4.49,WiFi_6
UE_009,0.00707,22.169,19.426,-40.938,0.00016788,10.351,1.58,0.85,8.28,2.4e-05,0.0,0.0,87.46,6.47,WiFi_6
UE_010,0.00707,23.448,19.416,-40.802,0.00020645,10.346,1.62,0.69,-5.73,2.4e-05,0.0,0.0,87.46,6.47,WiFi_6
UE_011,0.01115,16.069,12.047,-43.123,0.00015472,6.543,2.08,6.98,4.27,3.7e-05,0.0,0.0,66.14,4.09,WiFi_6
UE_012,0.00682,16.349,13.528,-41.759,0.00022348,7.29,2.16,1.66,8.37,2.3e-05,0.0,0.0,70.584,4.56,WiFi_6
UE_013,0.00707,20.964,16.581,-40.442,0.0001577,8.863,1.97,3.01,7.05,2.4e-05,0.0,0.0,79.744,5.54,WiFi_6
UE_014,0.00707,40.915,39.648,-33.577,1.766e-05,21.073,2.23,0.66,-4.18,2.4e-05,0.0,0.0,87.46,12.34,WiFi_6
UE_015,0.00501,42.559,38.956,-32.931,7.395e-05,20.706,1.99,2.42,-10.67,1.7e-05,0.0,0.0,87.46,12.34,WiFi_6
UE_016,0.00707,36.715,30.662,-35.402,1.923e-05,16.299,1.66,0.51,4.49,2.4e-05,0.0,0.0,87.46,10.19,WiFi_6
UE_017,0.00707,29.232,27.363,-40.467,9.617e-05,14.548,1.96,9.78,-5.25,2.4e-05,0.0,0.0,87.46,9.09,WiFi_6
UE_018,0.01602,-5.685,-11.099,-50.903,0.15017038,0.173,2.2,6.68,-0.34,5.3e-05,0.0,0.0,15.26,0.11,WiFi_6
UE_019,0.00707,43.079,39.305,-32.518,0.00011837,20.891,1.51,2.37,4.57,2.4e-05,0.0,0.0,87.46,12.34,WiFi_6
UE_000,0.00707,31.006,25.212,-36.744,4.9e-06,13.407,1.69,2.57,-2.48,2.4e-05,0.0,0.0,87.46,8.38,WiFi_6
UE_001,0.00707,31.318,25.978,-36.923,6.658e-05,13.813,1.95,10.25,-7.1,2.4e-05,0.0,0.0,87.46,8.63,WiFi_6
UE_002,0.00707,27.824,22.191,-40.532,6.176e-05,11.809,1.54,4.74,-5.92,2.4e-05,0.0,0.0,87.46,7.38,WiFi_6
UE_003,0.00707,25.392,21.286,-40.229,4.276e-05,11.331,2.18,11.61,8.09,2.4e-05,0.0,0.0,87.46,7.08,WiFi_6
UE_004,0.00707,21.041,15.478,-41.808,0.00016102,8.291,1.97,4.86,13.57,2.4e-05,0.0,0.0,76.434,5.18,WiFi_6
UE_005,0.01833,12.73,8.514,-44.173,0.00101288,4.829,1.7,12.16,1.55,6.1e-05,0.0,0.0,55.541,3.02,WiFi_6
UE_006,0.00707,14.77,8.669,-44.567,0.00105712,4.902,1.99,5.93,-0.35,2.4e-05,0.0,0.0,56.007,3.06,WiFi_6
UE_007,0.00707,19.895,15.933,-41.964,0.00011227,8.527,2.21,1.12,11.62,2.4e-05,0.0,0.0,77.799,5.33,WiFi_6
UE_008,0.02525,15.54,14.325,-42.373,0.00022816,7.698,1.84,2.84,-4.32,8.4e-05,0.0,0.0,72.976,4.81,WiFi_6
UE_009,0.00707,21.32,18.867,-40.952,0.00012643,10.058,1.59,1.65,8.28,2.4e-05,0.0,0.0,86.6,6.29,WiFi_6
UE_010,0.00707,36.525,34.212,-35.291,8.98e-05,18.185,2.02,3.43,-5.73,2.4e-05,0.0,0.0,87.46,11.37,WiFi_6
UE_011,0.01459,9.049,4.054,-46.478,0.01001144,2.92,1.86,31.5,4.27,4.9e-05,0.0,0.0,42.161,1.83,WiFi_6
UE_012,0.00408,45.915,41.477,-31.8,6.59e-06,22.046,1.86,1.98,8.37,1.4e-05,0.0,0.0,87.46,12.34,WiFi_6
UE_013,0.00707,34.099,29.067,-36.334,1.175e-05,15.452,1.93,2.46,7.05,2.4e-05,0.0,0.0,87.46,9.66,WiFi_6
UE_014,0.00707,15.035,10.39,-44.332,0.0010596,5.724,2.14,5.35,-4.18,2.4e-05,0.0,0.0,61.171,3.58,WiFi_6
UE_015,0.00502,38.622,34.666,-34.405,0.00023597,18.426,2.18,3.95,-10.67,1.7e-05,0.0,0.0,87.46,11.52,WiFi_6
UE_016,0.00707,40.595,39.316,-35.258,0.0003505,20.897,1.88,4.38,4.49,2.4e-05,0.0,0.0,87.46,12.34,WiFi_6
UE_017,0.00707,39.313,36.506,-34.571,6.88e-06,19.404,2.14,1.53,-5.25,2.4e-05,0.0,0.0,87.46,12.13,WiFi_6
UE_018,0.01642,13.786,10.608,-45.532,0.00103161,5.831,2.19,1.43,8.56,5.5e-05,0.0,0.0,61.824,3.64,WiFi_6
UE_019,0.00707,16.836,15.913,-42.639,0.00015979,8.516,2.06,5.71,2.14,2.4e-05,0.0,0.0,77.739,5.32,WiFi_6
UE_000,0.00707,27.554,23.772,-40.28,9.64e-05,12.645,2.25,13.1,-2.48,2.4e-05,0.0,0.0,87.46,7.9,WiFi_6
UE_001,0.00707,31.672,28.262,-37.814,7.054e-05,15.025,1.73,1.61,7.11,2.4e-05,0.0,0.0,87.46,9.39,WiFi_6
UE_002,0.00707,31.775,27.787,-38.779,3.07e-06,14.773,1.8,3.35,-5.92,2.4e-05,0.0,0.0,87.46,9.23,WiFi_6
UE_003,0.00707,43.404,38.486,-33.778,8.588e-05,20.456,1.53,1.24,8.09,2.4e-05,0.0,0.0,87.46,12.34,WiFi_6
UE_004,0.00707,23.094,17.94,-40.926,0.00012404,9.572,1.79,3.46,13.57,2.4e-05,0.0,0.0,83.821,5.98,WiFi_6
UE_005,0.01648,24.502,20.785,-39.757,1.912e-05,11.067,2.01,1.68,1.55,5.5e-05,0.0,0.0,87.46,6.92,WiFi_6
UE_006,0.00707,13.523,11.087,-44.968,0.00101275,6.066,1.55,1.07,1.61,2.4e-05,0.0,0.0,63.261,3.79,WiFi_6
UE_007,0.00707,37.806,34.798,-36.407,0.00012077,18.496,2.15,2.98,11.62,2.4e-05,0.0,0.0,87.46,11.56,WiFi_6
UE_008,0.02461,12.321,7.224,-45.892,0.00105391,4.24,2.22,0.36,-4.32,8.2e-05,0.0,0.0,51.673,2.65,WiFi_6
UE_009,0.00707,36.125,32.531,-35.051,9.616e-05,17.292,2.07,1.64,8.28,2.4e-05,0.0,0.0,87.46,10.81,WiFi_6
UE_010,0.00707,37.402,32.983,-35.241,2.314e-05,17.532,1.8,1.34,-5.73,2.4e-05,0.0,0.0,87.46,10.96,WiFi_6
UE_011,0.01815,10.207,8.688,-45.353,0.00119156,4.91,1.54,9.14,4.68,6e-05,0.0,0.0,56.063,3.07,WiFi_6
UE_012,0.00593,46.688,43.545,-31.716,2.563e-05,23.144,1.7,2.38,8.37,2e-05,0.0,0.0,87.46,12.34,WiFi_6
UE_013,0.00707,30.418,23.903,-37.333,4.446e-05,12.714,2.04,24.31,7.05,2.4e-05,0.0,0.0,87.46,7.95,WiFi_6
UE_014,0.00707,13.225,9.141,-43.494,0.0010747,5.124,1.67,0.78,-4.18,2.4e-05,0.0,0.0,57.422,3.2,WiFi_6
UE_015,0.00515,12.872,9.198,-45.663,0.00106682,5.151,1.89,5.67,-10.67,1.7e-05,0.0,0.0,57.593,3.22,WiFi_6
UE_016,0.00707,43.678,40.383,-31.419,1.4e-05,21.464,1.58,10.24,4.49,2.4e-05,0.0,0.0,87.46,12.34,WiFi_6
UE_017,0.00707,34.398,29.131,-37.018,3.349e-05,15.486,1.74,6.42,-5.25,2.4e-05,0.0,0.0,87.46,9.68,WiFi_6
UE_018,0.00722,22.17,20.355,-42.366,0.00017758,10.84,2.2,1.15,8.56,2.4e-05,0.0,0.0,87.46,6.77,WiFi_6
UE_019,0.00707,4.076,-0.161,-47.118,0.1500026,1.558,2.12,23.7,2.14,2.4e-05,0.0,0.0,29.517,0.97,WiFi_6
UE_000,0.00707,33.029,30.751,-35.993,0.00013438,16.346,2.11,4.1,-2.48,2.4e-05,0.0,0.0,87.46,10.22,WiFi_6
UE_001,0.00633,23.091,18.357,-41.92,0.00012677,9.79,1.68,5.78,7.11,2.1e-05,0.0,0.0,85.07,6.12,WiFi_6
UE_002,0.00707,47.433,46.533,-30.879,7.102e-05,24.733,1.51,0.37,-5.92,2.4e-05,0.0,0.0,87.46,12.34,WiFi_6
UE_003,0.00707,26.192,22.085,-40.694,1.569e-05,11.753,1.82,4.64,8.09,2.4e-05,0.0,0.0,87.46,7.35,WiFi_6
UE_004,0.00707,40.709,36.523,-32.904,6.66e-06,19.413,2.13,1.06,13.57,2.4e-05,0.0,0.0,87.46,12.13,WiFi_6
UE_005,0.01464,21.025,15.946,-42.175,0.00019875,8.534,1.59,0.44,1.55,4.9e-05,0.0,0.0,77.839,5.33,WiFi_6
UE_006,0.00583,32.774,28.828,-35.995,0.00010579,15.325,2.07,9.3,1.61,1.9e-05,0.0,0.0,87.46,9.58,WiFi_6
UE_007,0.00707,24.896,23.575,-39.345,3.629e-05,12.541,2.09,1.05,11.62,2.4e-05,0.0,0.0,87.46,7.84,WiFi_6
UE_008,0.02377,8.245,4.383,-46.508,0.01001276,3.047,1.58,12.96,-4.32,7.9e-05,0.0,0.0,43.15,1.9,WiFi_6
UE_009,0.00707,35.433,32.265,-36.542,0.00010612,17.15,1.58,9.91,8.28,2.4e-05,0.0,0.0,87.46,10.72,WiFi_6
UE_010,0.00707,35.084,31.42,-34.782,6.2e-06,16.702,2.22,0.61,-5.73,2.4e-05,0.0,0.0,87.46,10.44,WiFi_6
UE_011,0.02091,-1.851,-5.218,-49.834,0.15005374,0.607,1.67,18.03,-2.47,7e-05,0.0,0.0,15.26,0.38,WiFi_6
UE_012,0.00676,28.488,25.798,-38.879,9.991e-05,13.718,2.07,12.55,8.37,2.3e-05,0.0,0.0,87.46,8.57,WiFi_6
UE_013,0.00707,32.358,29.151,-36.927,7.02e-06,15.497,1.86,1.79,7.05,2.4e-05,0.0,0.0,87.46,9.69,WiFi_6
UE_014,0.00707,29.283,26.235,-38.625,0.00013364,13.949,1.58,0.3,-4.18,2.4e-05,0.0,0.0,87.46,8.72,WiFi_6
UE_015,0.0054,38.473,33.988,-34.614,6.215e-05,18.066,1.86,5.43,-10.67,1.8e-05,0.0,0.0,87.46,11.29,WiFi_6
UE_016,0.00707,39.913,35.762,-34.593,0.00014016,19.008,1.87,1.4,4.49,2.4e-05,0.0,0.0,87.46,11.88,WiFi_6
UE_017,0.00707,32.376,29.884,-35.742,2.271e-05,15.886,2.06,0.15,-5.25,2.4e-05,0.0,0.0,87.46,9.93,WiFi_6
UE_018,0.01632,19.438,18.435,-42.229,0.00020676,9.831,2.25,0.75,8.56,5.4e-05,0.0,0.0,85.305,6.14,WiFi_6
UE_019,0.00707,37.413,33.665,-35.06,0.00012879,17.894,1.73,0.16,2.14,2.4e-05,0.0,0.0,87.46,11.18,WiFi_6
UE_000,0.00707,32.5,28.44,-37.208,0.0001886,15.119,1.75,1.5,-2.48,2.4e-05,0.0,0.0,87.46,9.45,WiFi_6
UE_001,0.01371,21.984,17.777,-40.212,0.0002191,9.487,1.62,1.5,7.11,4.6e-05,0.0,0.0,83.331,5.93,WiFi_6
UE_002,0.00707,32.475,27.028,-37.089,9.951e-05,14.37,1.8,0.65,-5.92,2.4e-05,0.0,0.0,87.46,8.98,WiFi_6
UE_003,0.00707,39.285,35.713,-33.68,3.238e-05,18.982,1.64,0.59,8.09,2.4e-05,0.0,0.0,87.46,11.86,WiFi_6
UE_004,0.00707,18.011,13.317,-43.267,0.00011062,7.183,1.85,0.78,13.57,2.4e-05,0.0,0.0,69.95,4.49,WiFi_6
UE_005,0.01284,24.259,23.158,-40.065,0.00013243,12.32,2.0,8.63,1.55,4.3e-05,0.0,0.0,87.46,7.7,WiFi_6
UE_006,0.0051,37.028,35.489,-34.275,0.00016436,18.864,2.23,3.37,1.61,1.7e-05,0.0,0.0,87.46,11.79,WiFi_6
UE_007,0.00707,9.859,7.232,-46.594,0.00110272,4.244,1.76,3.48,11.62,2.4e-05,0.0,0.0,51.697,2.65,WiFi_6
UE_008,0.02258,20.32,15.32,-41.768,0.00013848,8.21,2.03,8.93,-4.32,7.5e-05,0.0,0.0,75.96,5.13,WiFi_6
UE_009,0.00707,24.764,23.063,-41.16,2.836e-05,12.27,1.91,2.2,8.28,2.4e-05,0.0,0.0,87.46,7.67,WiFi_6
UE_010,0.00707,39.509,34.925,-33.989,0.000236,18.564,1.81,0.06,-5.73,2.4e-05,0.0,0.0,87.46,11.6,WiFi_6
UE_011,0.02404,14.649,9.978,-45.313,0.0010054,5.524,1.9,1.88,-2.47,8e-05,0.0,0.0,59.934,3.45,WiFi_6
UE_012,0.00774,37.816,33.313,-34.996,4.155e-05,17.707,1.68,0.14,8.37,2.6e-05,0.0,0.0,87.46,11.07,WiFi_6
UE_013,0.00707,36.936,31.088,-35.592,9.408e-05,16.525,2.1,2.51,7.05,2.4e-05,0.0,0.0,87.46,10.33,WiFi_6
UE_014,0.00707,51.328,47.796,-29.891,0.00022137,25.404,2.03,0.06,-4.18,2.4e-05,0.0,0.0,87.46,12.34,WiFi_6
UE_015,0.00574,23.871,19.624,-38.044,0.00020821,10.456,1.87,3.67,-10.67,1.9e-05,0.0,0.0,87.46,6.53,WiFi_6
UE_016,0.00707,8.072,5.234,-46.407,0.01008756,3.387,2.2,25.27,4.49,2.4e-05,0.0,0.0,45.701,2.12,WiFi_6
UE_017,0.00707,46.429,42.842,-31.885,0.00010058,22.771,1.74,2.33,-5.25,2.4e-05,0.0,0.0,87.46,12.34,WiFi_6
UE_018,0.02471,-7.172,-9.834,-52.716,0.15016305,0.228,1.85,30.05,8.56,8.2e-05,0.0,0.0,15.26,0.14,WiFi_6
UE_019,0.00707,42.755,38.857,-32.091,0.00020866,20.653,1.76,1.19,2.14,2.4e-05,0.0,0.0,87.46,12.34,WiFi_6
UE_000,0.00707,41.852,38.874,-31.141,4.368e-05,20.662,1.95,0.16,-2.48,2.4e-05,0.0,0.0,87.46,12.34,WiFi_6
UE_001,0.02222,20.301,13.981,-41.121,0.00022484,7.522,1.91,9.26,7.11,7.4e-05,0.0,0.0,71.943,4.7,WiFi_6
UE_002,0.00707,26.172,22.298,-38.928,1.8e-06,11.865,2.16,0.44,-5.92,2.4e-05,0.0,0.0,87.46,7.42,WiFi_6
UE_003,0.00707,32.888,29.949,-36.901,6.23e-05,15.92,1.66,2.27,8.09,2.4e-05,0.0,0.0,87.46,9.95,WiFi_6
UE_004,0.00707,27.457,25.787,-40.284,0.0001835,13.712,2.0,4.72,13.57,2.4e-05,0.0,0.0,87.46,8.57,WiFi_6
UE_005,0.01109,18.311,14.275,-41.558,0.00015686,7.672,2.14,6.76,1.55,3.7e-05,0.0,0.0,72.825,4.79,WiFi_6
UE_006,0.0051,18.008,14.316,-42.46,0.00025476,7.693,1.83,3.71,1.61,1.7e-05,0.0,0.0,72.947,4.81,WiFi_6
UE_007,0.00707,37.048,34.451,-34.124,7.462e-05,18.312,1.63,6.3,11.62,2.4e-05,0.0,0.0,87.46,11.44,WiFi_6
UE_008,0.01789,22.113,19.006,-42.423,0.00027324,10.131,1.92,1.41,-4.32,6e-05,0.0,0.0,87.019,6.33,WiFi_6
UE_009,0.00707,41.909,38.782,-33.283,3.733e-05,20.614,1.81,0.76,8.28,2.4e-05,0.0,0.0,87.46,12.34,WiFi_6
UE_010,0.00707,32.699,29.096,-37.149,0.00014314,15.468,2.22,0.98,-5.73,2.4e-05,0.0,0.0,87.46,9.67,WiFi_6
UE_011,0.01826,-8.415,-9.775,-53.576,0.15006981,0.231,1.95,32.42,-2.47,6.1e-05,0.0,0.0,15.26,0.14,WiFi_6
UE_012,0.00882,33.748,28.707,-34.797,0.00011523,15.261,2.27,0.01,8.37,2.9e-05,0.0,0.0,87.46,9.54,WiFi_6
UE_013,0.00707,16.977,14.179,-43.06,0.00011111,7.623,2.27,1.14,7.05,2.4e-05,0.0,0.0,72.536,4.76,WiFi_6
UE_014,0.00707,27.774,23.495,-37.18,6.753e-05,12.498,1.71,3.13,-4.18,2.4e-05,0.0,0.0,87.46,7.81,WiFi_6
UE_015,0.00616,28.0,25.082,-38.739,0.00010579,13.339,1.52,3.88,-10.67,2.1e-05,0.0,0.0,87.46,8.34,WiFi_6
UE_016,0.00707,38.77,36.197,-34.827,8.235e-05,19.239,2.08,0.38,4.49,2.4e-05,0.0,0.0,87.46,12.02,WiFi_6
UE_017,0.00707,42.522,39.033,-32.558,3.352e-05,20.747,1.65,1.48,-5.25,2.4e-05,0.0,0.0,87.46,12.34,WiFi_6
UE_018,0.0148,17.848,13.199,-42.69,0.00010123,7.124,2.03,0.46,8.56,4.9e-05,0.0,0.0,69.598,4.45,WiFi_6
UE_019,0.00707,32.532,29.917,-37.087,4.072e-05,15.904,1.66,9.25,2.14,2.4e-05,0.0,0.0,87.46,9.94,WiFi_6
UE_000,0.00707,29.104,25.716,-38.962,7.443e-05,13.675,2.21,4.53,-2.48,2.4e-05,0.0,0.0,87.46,8.55,WiFi_6
UE_001,0.02009,30.29,25.281,-38.882,6.089e-05,13.444,2.16,5.54,7.11,6.7e-05,0.0,0.0,87.46,8.4,WiFi_6
UE_002,0.00707,25.921,21.599,-38.66,0.00013739,11.496,1.84,0.32,-5.92,2.4e-05,0.0,0.0,87.46,7.19,WiFi_6
UE_003,0.00707,37.073,34.782,-35.535,3.716e-05,18.488,1.67,0.28,8.09,2.4e-05,0.0,0.0,87.46,11.55,WiFi_6
UE_004,0.00707,21.537,18.244,-41.082,0.0001013,9.731,2.22,0.1,13.57,2.4e-05,0.0,0.0,84.731,6.08,WiFi_6
UE_005,0.0094,46.822,41.408,-32.538,0.00012185,22.009,1.97,6.76,1.55,3.1e-05,0.0,0.0,87.46,12.34,WiFi_6
UE_006,0.00585,28.253,23.872,-40.419,7.132e-05,12.697,2.04,0.29,1.61,1.9e-05,0.0,0.0,87.46,7.94,WiFi_6
UE_007,0.00707,23.224,19.89,-40.955,0.00012155,10.595,1.86,4.07,11.62,2.4e-05,0.0,0.0,87.46,6.62,WiFi_6
UE_008,0.01279,19.628,16.735,-43.381,0.0001269,8.943,2.16,12.77,-4.32,4.3e-05,0.0,0.0,80.206,5.59,WiFi_6
UE_009,0.00707,18.353,14.74,-44.614,0.0002065,7.91,1.8,9.08,8.28,2.4e-05,0.0,0.0,74.219,4.94,WiFi_6
UE_010,0.00707,30.031,27.452,-38.028,4.509e-05,14.595,2.09,0.31,-5.73,2.4e-05,0.0,0.0,87.46,9.12,WiFi_6
UE_011,0.01319,29.158,28.124,-38.411,0.00013903,14.952,1.83,7.8,-2.47,4.4e-05,0.0,0.0,87.46,9.34,WiFi_6
UE_012,0.00998,25.573,21.352,-40.83,2.486e-05,11.366,2.13,5.66,8.37,3.3e-05,0.0,0.0,87.46,7.1,WiFi_6
UE_013,0.00707,39.422,34.202,-33.501,9.889e-05,18.179,1.73,1.56,7.05,2.4e-05,0.0,0.0,87.46,11.36,WiFi_6
UE_014,0.00707,13.942,10.103,-43.996,0.00102358,5.585,1.98,4.01,-4.18,2.4e-05,0.0,0.0,60.308,3.49,WiFi_6
UE_015,0.00664,30.522,27.374,-36.944,6.936e-05,14.554,2.06,0.57,-10.67,2.2e-05,0.0,0.0,87.46,9.1,WiFi_6
UE_016,0.00707,29.485,26.63,-38.058,3.89e-05,14.159,2.13,0.3,4.49,2.4e-05,0.0,0.0,87.46,8.85,WiFi_6
UE_017,0.00707,28.093,22.066,-37.045,1.796e-05,11.743,2.08,0.99,-5.25,2.4e-05,0.0,0.0,87.46,7.34,WiFi_6
UE_018,0.0062,42.432,40.427,-32.451,6.5e-06,21.488,1.92,2.97,8.56,2.1e-05,0.0,0.0,87.46,12.34,WiFi_6
UE_019,0.00707,28.559,24.096,-40.426,3.025e-05,12.816,2.15,0.59,2.14,2.4e-05,0.0,0.0,87.46,8.01,WiFi_6
UE_000,0.00707,30.184,27.43,-38.026,0.00010804,14.584,2.09,0.33,-2.48,2.4e-05,0.0,0.0,87.46,9.11,WiFi_6
UE_001,0.0117,26.179,22.557,-41.575,0.00013628,12.002,1.68,1.36,7.11,3.9e-05,0.0,0.0,87.46,7.5,WiFi_6
UE_002,0.00707,1.225,-2.919,-48.559,0.15000805,0.952,1.95,10.89,-0.38,2.4e-05,0.0,0.0,21.244,0.6,WiFi_6
UE_003,0.00707,26.392,21.884,-38.405,8.298e-05,11.646,1.63,0.32,8.09,2.4e-05,0.0,0.0,87.46,7.28,WiFi_6
UE_004,0.00707,28.247,24.63,-38.244,0.00011607,13.099,1.53,10.54,13.57,2.4e-05,0.0,0.0,87.46,8.19,WiFi_6
UE_005,0.00783,30.038,25.721,-37.024,5.425e-05,13.677,1.76,1.3,1.55,2.6e-05,0.0,0.0,87.46,8.55,WiFi_6
UE_006,0.0071,25.159,22.036,-38.428,1.63e-06,11.727,2.06,1.14,1.61,2.4e-05,0.0,0.0,87.46,7.33,WiFi_6
UE_007,0.00707,16.665,13.85,-43.861,0.00017727,7.455,2.05,3.17,11.62,2.4e-05,0.0,0.0,71.55,4.66,WiFi_6
UE_008,0.0081,31.439,29.032,-37.512,0.00014548,15.434,1.95,6.39,-4.32,2.7e-05,0.0,0.0,87.46,9.65,WiFi_6
UE_009,0.00707,27.526,25.796,-37.356,0.00010306,13.717,2.1,6.75,8.28,2.4e-05,0.0,0.0,87.46,8.57,WiFi_6
UE_010,0.00707,31.977,28.072,-37.566,6.267e-05,14.924,1.62,3.47,-5.73,2.4e-05,0.0,0.0,87.46,9.33,WiFi_6
UE_011,0.00998,26.162,20.814,-38.834,8.079e-05,11.082,1.96,7.83,-2.47,3.3e-05,0.0,0.0,87.46,6.93,WiFi_6
UE_012,0.01118,15.893,12.982,-43.596,0.00017473,7.014,1.93,0.32,8.37,3.7e-05,0.0,0.0,68.947,4.38,WiFi_6
UE_013,0.00707,35.966,32.715,-35.276,0.00017818,17.39,1.6,1.98,7.05,2.4e-05,0.0,0.0,87.46,10.87,WiFi_6
UE_014,0.00707,39.484,35.187,-34.293,0.00014233,18.703,1.57,5.16,-4.18,2.4e-05,0.0,0.0,87.46,11.69,WiFi_6
UE_015,0.00718,36.518,34.13,-35.797,2.785e-05,18.141,1.76,3.63,-10.67,2.4e-05,0.0,0.0,87.46,11.34,WiFi_6
UE_016,0.00707,39.801,35.136,-34.617,1.944e-05,18.676,1.97,1.18,4.49,2.4e-05,0.0,0.0,87.46,11.67,WiFi_6
UE_017,0.00707,35.202,30.55,-35.636,0.00012191,16.24,1.69,1.72,-5.25,2.4e-05,0.0,0.0,87.46,10.15,WiFi_6
UE_018,0.00707,16.844,15.504,-43.632,0.00014836,8.304,1.85,6.93,8.56,2.4e-05,0.0,0.0,76.511,5.19,WiFi_6
UE_019,0.00707,39.887,38.002,-33.342,1.236e-05,20.199,2.2,1.27,2.14,2.4e-05,0.0,0.0,87.46,12.34,WiFi_6
UE_000,0.00707,39.354,33.924,-33.732,3.221e-05,18.032,1.71,5.6,-2.48,2.4e-05,0.0,0.0,87.46,11.27,WiFi_6
UE_001,0.00528,39.492,34.704,-35.504,2.275e-05,18.446,1.76,0.46,7.11,1.8e-05,0.0,0.0,87.46,11.53,WiFi_6
UE_002,0.00597,41.338,37.358,-34.605,3.433e-05,19.857,1.64,3.5,-0.38,2e-05,0.0,0.0,87.46,12.34,WiFi_6
UE_003,0.00707,19.743,16.247,-42.703,0.00012973,8.69,1.87,0.28,8.09,2.4e-05,0.0,0.0,78.742,5.43,WiFi_6
UE_004,0.00707,39.364,37.682,-33.848,5.5e-06,20.029,1.83,5.14,13.57,2.4e-05,0.0,0.0,87.46,12.34,WiFi_6
UE_005,0.00646,22.415,20.147,-40.382,0.0001605,10.731,2.01,0.99,1.55,2.2e-05,0.0,0.0,87.46,6.71,WiFi_6
UE_006,0.00864,28.512,24.793,-37.566,0.00018235,13.185,1.58,2.45,1.61,2.9e-05,0.0,0.0,87.46,8.24,WiFi_6
UE_007,0.00707,28.829,26.87,-37.146,2.636e-05,14.286,1.98,1.14,11.62,2.4e-05,0.0,0.0,87.46,8.93,WiFi_6
UE_008,0.00509,39.317,34.302,-33.89,9.038e-05,18.233,1.94,0.32,-4.32,1.7e-05,0.0,0.0,87.46,11.4,WiFi_6
UE_009,0.00707,19.238,14.768,-42.522,0.00026224,7.925,2.19,4.25,8.28,2.4e-05,0.0,0.0,74.304,4.95,WiFi_6
UE_010,0.00707,18.715,15.749,-41.387,0.00011424,8.432,1.65,0.32,-5.73,2.4e-05,0.0,0.0,77.248,5.27,WiFi_6
UE_011,0.01048,26.429,22.435,-40.394,4.325e-05,11.938,1.68,1.92,-2.47,3.5e-05,0.0,0.0,87.46,7.46,WiFi_6
UE_012,0.01241,23.48,19.708,-40.167,0.0001659,10.499,1.71,1.43,8.37,4.1e-05,0.0,0.0,87.46,6.56,WiFi_6
UE_013,0.00707,28.079,26.795,-41.036,3.409e-05,14.247,1.99,3.44,7.05,2.4e-05,0.0,0.0,87.46,8.9,WiFi_6
UE_014,0.00707,6.365,3.07,-48.307,0.01018791,2.557,1.9,20.01,-4.18,2.4e-05,0.0,0.0,39.211,1.6,WiFi_6
UE_015,0.00776,21.611,17.904,-41.811,0.00013139,9.553,1.7,0.85,-10.67,2.6e-05,0.0,0.0,83.712,5.97,WiFi_6
UE_016,0.00707,27.119,23.381,-39.37,8.224e-05,12.438,2.07,2.48,4.49,2.4e-05,0.0,0.0,87.46,7.77,WiFi_6
UE_017,0.00707,31.452,26.597,-35.923,8.385e-05,14.142,1.89,1.11,-5.25,2.4e-05,0.0,0.0,87.46,8.84,WiFi_6
UE_018,0.00707,33.689,30.955,-36.854,6.593e-05,16.455,2.02,0.08,8.56,2.4e-05,0.0,0.0,87.46,10.28,WiFi_6
UE_019,0.00707,15.105,10.246,-44.067,0.00105739,5.654,1.95,10.51,2.14,2.4e-05,0.0,0.0,60.739,3.53,WiFi_6
UE_000,0.00707,42.106,41.016,-33.785,9.376e-05,21.8,1.92,0.93,-2.48,2.4e-05,0.0,0.0,87.46,12.34,WiFi_6
UE_001,0.00707,41.458,39.587,-32.763,0.00010805,21.041,1.79,1.59,7.11,2.4e-05,0.0,0.0,87.46,12.34,WiFi_6
UE_002,0.01257,26.568,22.816,-38.859,2.74e-05,12.139,2.08,5.51,-0.38,4.2e-05,0.0,0.0,87.46,7.59,WiFi_6
UE_003,0.00707,4.363,1.197,-46.466,0.01010491,1.94,1.57,34.67,8.09,2.4e-05,0.0,0.0,33.59,1.21,WiFi_6
UE_004,0.00707,35.913,31.29,-34.592,2.632e-05,16.632,2.05,0.08,13.57,2.4e-05,0.0,0.0,87.46,10.4,WiFi_6
UE_005,0.00545,37.318,33.106,-36.06,5.083e-05,17.598,2.18,0.18,1.55,1.8e-05,0.0,0.0,87.46,11.0,WiFi_6
UE_006,0.01034,4.814,0.537,-48.168,0.01002894,1.747,1.78,22.93,1.61,3.4e-05,0.0,0.0,31.61,1.09,WiFi_6
UE_007,0.00707,27.223,23.973,-38.899,0.00015827,12.751,2.25,9.19,11.62,2.4e-05,0.0,0.0,87.46,7.97,WiFi_6
UE_008,0.00668,34.06,28.084,-35.511,2.278e-05,14.931,1.87,0.22,-4.32,2.2e-05,0.0,0.0,87.46,9.33,WiFi_6
UE_009,0.00707,23.166,21.334,-42.036,0.00017838,11.356,1.89,1.3,8.28,2.4e-05,0.0,0.0,87.46,7.1,WiFi_6
UE_010,0.00707,20.618,17.283,-42.078,0.00022466,9.229,2.1,3.78,-5.73,2.4e-05,0.0,0.0,81.85,5.77,WiFi_6
UE_011,0.01432,15.752,12.565,-45.036,0.00011331,6.803,1.99,0.4,-2.47,4.8e-05,0.0,0.0,67.695,4.25,WiFi_6
UE_012,0.01367,33.766,31.474,-34.631,9.945e-05,16.73,1.95,2.24,8.37,4.6e-05,0.0,0.0,87.46,10.46,WiFi_6
UE_013,0.00707,34.096,31.483,-34.945,0.00012695,16.735,2.17,0.58,7.05,2.4e-05,0.0,0.0,87.46,10.46,WiFi_6
UE_014,0.00707,33.12,28.494,-38.827,5.8e-05,15.148,2.11,5.11,4.68,2.4e-05,0.0,0.0,87.46,9.47,WiFi_6
UE_015,0.00837,31.86,28.431,-38.341,0.00025062,15.115,2.18,5.93,-10.67,2.8e-05,0.0,0.0,87.46,9.45,WiFi_6
UE_016,0.00707,34.585,30.74,-37.304,4.21e-05,16.34,1.65,0.23,4.49,2.4e-05,0.0,0.0,87.46,10.21,WiFi_6
UE_017,0.00707,43.894,39.581,-33.771,7.776e-05,21.038,1.57,0.29,-5.25,2.4e-05,0.0,0.0,87.46,12.34,WiFi_6
UE_018,0.00707,35.92,33.238,-35.71,2.408e-05,17.667,1.71,3.56,8.56,2.4e-05,0.0,0.0,87.46,11.04,WiFi_6
UE_019,0.00707,25.3,23.625,-39.19,5.266e-05,12.567,1.51,0.83,2.14,2.4e-05,0.0,0.0,87.46,7.85,WiFi_6
UE_000,0.00707,27.09,23.228,-38.552,9.535e-05,12.357,2.14,5.8,-2.16,2.4e-05,0.0,0.0,87.46,7.72,WiFi_6
UE_001,0.00707,32.721,30.068,-36.988,4.139e-05,15.984,1.5,0.74,7.11,2.4e-05,0.0,0.0,87.46,9.99,WiFi_6
UE_002,0.02042,1.186,-3.095,-47.225,0.15014439,0.921,1.54,24.74,-0.38,6.8e-05,0.0,0.0,20.715,0.58,WiFi_6
UE_003,0.00707,26.456,21.721,-39.418,6.412e-05,11.561,2.14,0.88,8.09,2.4e-05,0.0,0.0,87.46,7.23,WiFi_6
UE_004,0.00707,38.432,35.47,-35.294,2.858e-05,18.853,1.97,0.27,13.57,2.4e-05,0.0,0.0,87.46,11.78,WiFi_6
UE_005,0.005,34.055,32.966,-36.33,0.00010973,17.523,1.79,1.05,0.52,1.7e-05,0.0,0.0,87.46,10.95,WiFi_6
UE_006,0.01214,6.965,5.87,-46.661,0.01011531,3.651,1.62,33.44,1.61,4e-05,0.0,0.0,47.61,2.28,WiFi_6
UE_007,0.00707,16.536,12.91,-44.167,0.00032988,6.977,2.16,7.64,11.62,2.4e-05,0.0,0.0,68.73,4.36,WiFi_6
UE_008,0.00707,22.343,15.866,-41.812,0.00012524,8.492,2.22,1.81,-4.32,2.4e-05,0.0,0.0,77.598,5.31,WiFi_6
UE_009,0.00707,45.125,42.809,-30.768,4.134e-05,22.754,1.75,0.09,8.28,2.4e-05,0.0,0.0,87.46,12.34,WiFi_6
UE_010,0.00707,25.212,19.847,-40.074,0.00017628,10.573,2.08,6.59,-5.73,2.4e-05,0.0,0.0,87.46,6.61,WiFi_6
UE_011,0.01734,25.608,21.533,-39.989,4.086e-05,11.461,1.84,4.3,-2.47,5.8e-05,0.0,0.0,87.46,7.16,WiFi_6
UE_012,0.01495,46.872,44.897,-30.323,2.1e-05,23.863,1.9,0.28,8.37,5e-05,0.0,0.0,87.46,12.34,WiFi_6
UE_013,0.00707,28.786,26.952,-37.955,4.602e-05,14.33,1.75,3.59,7.05,2.4e-05,0.0,0.0,87.46,8.96,WiFi_6
UE_014,0.00093,58.389,58.066,-28.208,1.73e-05,30.863,1.57,3.37,4.68,3e-06,0.0,0.0,87.46,12.34,WiFi_6
UE_015,0.00901,22.86,18.952,-39.4,0.00021097,10.102,1.67,0.28,-10.67,3e-05,0.0,0.0,86.856,6.31,WiFi_6
UE_016,0.00707,37.226,32.281,-35.291,2.522e-05,17.159,1.59,2.8,4.49,2.4e-05,0.0,0.0,87.46,10.72,WiFi_6
UE_017,0.00707,13.585,12.053,-45.226,0.00010366,6.546,2.05,9.58,-5.25,2.4e-05,0.0,0.0,66.159,4.09,WiFi_6
UE_018,0.00707,28.528,25.148,-38.332,5.455e-05,13.373,1.65,0.74,8.56,2.4e-05,0.0,0.0,87.46,8.36,WiFi_6
UE_019,0.00707,20.36,19.042,-41.281,0.0001766,10.149,2.13,0.46,2.14,2.4e-05,0.0,0.0,87.125,6.34,WiFi_6
UE_000,0.00623,11.975,7.991,-46.233,0.00100112,4.588,1.64,0.27,-2.16,2.1e-05,0.0,0.0,53.974,2.87,WiFi_6
UE_001,0.00707,36.71,33.574,-34.938,3.843e-05,17.846,1.87,2.84,7.11,2.4e-05,0.0,0.0,87.46,11.15,WiFi_6
UE_002,0.0225,21.23,20.402,-39.547,0.00013393,10.865,2.03,10.31,-0.38,7.5e-05,0.0,0.0,87.46,6.79,WiFi_6
UE_003,0.00707,25.953,22.41,-39.452,4.769e-05,11.924,1.98,2.39,8.09,2.4e-05,0.0,0.0,87.46,7.45,WiFi_6
UE_004,0.00707,34.783,29.524,-36.613,0.00010129,15.695,1.86,9.06,-2.35,2.4e-05,0.0,0.0,87.46,9.81,WiFi_6
UE_005,0.0051,38.777,37.051,-33.087,9.25e-06,19.693,1.84,3.66,0.52,1.7e-05,0.0,0.0,87.46,12.31,WiFi_6
UE_006,0.01399,22.046,16.571,-42.996,0.00030828,8.858,1.93,0.59,1.61,4.7e-05,0.0,0.0,79.713,5.54,WiFi_6
UE_007,0.00707,26.326,22.851,-38.335,0.0001124,12.158,2.18,2.55,11.62,2.4e-05,0.0,0.0,87.46,7.6,WiFi_6
UE_008,0.00707,20.456,16.309,-40.849,0.00013841,8.722,1.71,5.86,-4.32,2.4e-05,0.0,0.0,78.927,5.45,WiFi_6
UE_009,0.00707,38.391,35.478,-34.947,0.0003081,18.858,1.71,0.89,8.28,2.4e-05,0.0,0.0,87.46,11.79,WiFi_6
UE_010,0.00707,40.11,36.649,-34.237,3.186e-05,19.48,1.89,1.37,-5.73,2.4e-05,0.0,0.0,87.46,12.17,WiFi_6
UE_011,0.02032,7.603,5.868,-45.959,0.01002651,3.65,2.09,5.37,-2.47,6.8e-05,0.0,0.0,47.604,2.28,WiFi_6
UE_012,0.01624,20.542,17.311,-41.909,0.00023177,9.243,1.78,0.71,8.37,5.4e-05,0.0,0.0,81.933,5.78,WiFi_6
UE_013,0.00707,30.474,27.678,-38.735,0.00012788,14.715,1.94,3.48,7.05,2.4e-05,0.0,0.0,87.46,9.2,WiFi_6
UE_014,0.00792,37.691,35.128,-34.5,6.276e-05,18.672,1.9,1.2,4.68,2.6e-05,0.0,0.0,87.46,11.67,WiFi_6
UE_015,0.00967,15.701,13.557,-44.399,0.00015128,7.305,1.51,0.31,-10.67,3.2e-05,0.0,0.0,70.67,4.57,WiFi_6
UE_016,0.00707,8.294,5.851,-47.053,0.01010143,3.643,1.89,16.47,4.49,2.4e-05,0.0,0.0,47.553,2.28,WiFi_6
UE_017,0.00707,38.967,34.652,-35.26,7.784e-05,18.419,1.71,0.82,-5.25,2.4e-05,0.0,0.0,87.46,11.51,WiFi_6
UE_018,0.00707,-0.889,-3.921,-48.991,0.1501684,0.786,1.75,25.06,8.56,2.4e-05,0.0,0.0,18.237,0.49,WiFi_6
UE_019,0.00707,21.93,17.956,-41.125,0.00026122,9.58,1.87,2.13,2.14,2.4e-05,0.0,0.0,83.867,5.99,WiFi_6
UE_000,0.0134,6.244,1.953,-45.603,0.01004302,2.177,1.73,33.78,-2.16,4.5e-05,0.0,0.0,35.86,1.36,WiFi_6
UE_001,0.00707,17.063,14.761,-42.989,0.00014403,7.921,1.67,1.82,7.11,2.4e-05,0.0,0.0,74.282,4.95,WiFi_6
UE_002,0.01455,7.005,4.782,-47.71,0.01005769,3.204,1.66,6.74,-0.38,4.9e-05,0.0,0.0,44.347,2.0,WiFi_6
UE_003,0.00707,18.92,15.149,-42.771,0.00012468,8.121,1.85,3.12,8.09,2.4e-05,0.0,0.0,75.446,5.08,WiFi_6
UE_004,0.00541,35.607,31.181,-35.174,0.00018303,16.575,1.7,4.57,-2.35,1.8e-05,0.0,0.0,87.46,10.36,WiFi_6
UE_005,0.0152,22.173,20.203,-40.061,2.571e-05,10.76,2.18,10.49,0.52,5.1e-05,0.0,0.0,87.46,6.72,WiFi_6
UE_006,0.01588,20.183,15.492,-41.762,0.00024464,8.298,2.12,1.58,1.61,5.3e-05,0.0,0.0,76.476,5.19,WiFi_6
UE_007,0.00707,42.64,40.396,-32.042,3.399e-05,21.471,1.73,4.95,11.62,2.4e-05,0.0,0.0,87.46,12.34,WiFi_6
UE_008,0.00707,12.562,9.885,-44.082,0.00113869,5.48,1.9,2.68,-4.32,2.4e-05,0.0,0.0,59.655,3.42,WiFi_6
UE_009,0.00707,41.308,36.901,-34.438,0.00010139,19.614,1.61,2.76,8.28,2.4e-05,0.0,0.0,87.46,12.26,WiFi_6
UE_010,0.00707,26.343,22.815,-39.559,4.54e-05,12.138,2.15,5.4,-5.73,2.4e-05,0.0,0.0,87.46,7.59,WiFi_6
UE_011,0.02332,17.986,16.074,-43.667,0.00017231,8.6,1.85,1.29,-5.18,7.8e-05,0.0,0.0,78.223,5.37,WiFi_6
UE_012,0.01754,4.282,2.253,-47.886,0.01013828,2.275,1.72,13.03,8.37,5.8e-05,0.0,0.0,36.759,1.42,WiFi_6
UE_013,0.00707,39.186,36.338,-33.883,5.822e-05,19.314,2.19,0.23,7.05,2.4e-05,0.0,0.0,87.46,12.07,WiFi_6
UE_014,0.01535,23.495,19.223,-39.256,0.00011016,10.244,2.2,3.41,4.68,5.1e-05,0.0,0.0,87.46,6.4,WiFi_6
UE_015,0.01035,30.987,27.801,-38.264,3.852e-05,14.78,1.81,1.02,-10.67,3.5e-05,0.0,0.0,87.46,9.24,WiFi_6
UE_016,0.00707,27.76,25.933,-39.01,0.00012623,13.79,2.13,1.17,4.49,2.4e-05,0.0,0.0,87.46,8.62,WiFi_6
UE_017,0.00707,19.346,15.017,-42.499,0.00010081,8.053,1.6,7.67,-5.25,2.4e-05,0.0,0.0,75.051,5.03,WiFi_6
UE_018,0.00707,28.214,28.198,-38.382,2.456e-05,14.991,2.16,2.26,8.56,2.4e-05,0.0,0.0,87.46,9.37,WiFi_6
UE_019,0.00707,24.62,21.603,-41.304,9.569e-05,11.498,1.56,0.17,2.14,2.4e-05,0.0,0.0,87.46,7.19,WiFi_6
UE_000,0.02173,7.273,5.421,-47.462,0.01001693,3.464,1.83,12.41,-7.28,7.2e-05,0.0,0.0,46.264,2.16,WiFi_6
UE_001,0.00707,23.693,20.683,-40.346,2.899e-05,11.013,2.14,2.23,7.11,2.4e-05,0.0,0.0,87.46,6.88,WiFi_6
UE_002,0.00736,38.359,32.988,-33.256,8.879e-05,17.535,1.66,2.97,-0.38,2.5e-05,0.0,0.0,87.46,10.96,WiFi_6
UE_003,0.00707,23.286,19.789,-41.828,0.00028434,10.542,2.03,1.48,8.09,2.4e-05,0.0,0.0,87.46,6.59,WiFi_6
UE_004,0.00508,22.505,17.85,-41.783,0.0001808,9.525,2.26,5.96,-2.35,1.7e-05,0.0,0.0,83.55,5.95,WiFi_6
UE_005,0.02481,8.962,8.529,-46.455,0.00101618,4.836,1.52,3.07,4.49,8.3e-05,0.0,0.0,55.586,3.02,WiFi_6
UE_006,0.0178,21.125,16.538,-39.854,0.00034058,8.841,1.61,0.13,1.61,5.9e-05,0.0,0.0,79.613,5.53,WiFi_6
UE_007,0.00707,37.645,35.763,-35.511,5.354e-05,19.009,2.0,2.2,11.62,2.4e-05,0.0,0.0,87.46,11.88,WiFi_6
UE_008,0.00707,15.179,9.9,-44.282,0.00100332,5.487,1.92,4.09,-4.32,2.4e-05,0.0,0.0,59.699,3.43,WiFi_6
UE_009,0.00707,16.706,12.928,-44.677,0.00022213,6.986,1.81,0.04,8.28,2.4e-05,0.0,0.0,68.783,4.37,WiFi_6
UE_010,0.00707,39.431,34.977,-35.299,9.925e-05,18.591,1.81,13.34,-5.73,2.4e-05,0.0,0.0,87.46,11.62,WiFi_6
UE_011,0.02134,13.751,8.206,-45.109,0.00113163,4.687,1.51,0.06,-5.18,7.1e-05,0.0,0.0,54.619,2.93,WiFi_6
UE_012,0.01885,32.54,28.344,-35.553,4.587e-05,15.068,2.09,1.42,8.37,6.3e-05,0.0,0.0,87.46,9.42,WiFi_6
UE_013,0.00707,17.141,14.43,-44.375,0.00019667,7.752,2.27,4.34,7.05,2.4e-05,0.0,0.0,73.291,4.84,WiFi_6
UE_014,0.0228,17.131,12.526,-43.774,0.00015898,6.783,1.93,6.59,4.68,7.6e-05,0.0,0.0,67.577,4.24,WiFi_6
UE_015,0.01104,26.97,21.022,-38.919,0.00012905,11.192,2.09,0.43,-10.67,3.7e-05,0.0,0.0,87.46,6.99,WiFi_6
UE_016,0.00707,30.786,27.206,-35.826,2.541e-05,14.465,1.85,1.4,4.49,2.4e-05,0.0,0.0,87.46,9.04,WiFi_6
UE_017,0.00707,29.092,25.519,-37.15,0.00011921,13.57,2.13,0.57,-5.25,2.4e-05,0.0,0.0,87.46,8.48,WiFi_6
UE_018,0.00707,30.191,27.298,-37.47,9.373e-05,14.513,1.95,0.52,8.56,2.4e-05,0.0,0.0,87.46,9.07,WiFi_6
UE_019,0.00707,30.195,25.863,-37.059,5.818e-05,13.752,1.96,1.01,2.14,2.4e-05,0.0,0.0,87.46,8.6,WiFi_6
UE_000,0.0224,9.297,6.034,-43.935,0.00112346,3.721,2.18,1.18,-7.28,7.5e-05,0.0,0.0,48.103,2.33,WiFi_6
UE_001,0.00707,42.227,37.633,-33.054,3.785e-05,20.003,1.73,2.19,7.11,2.4e-05,0.0,0.0,87.46,12.34,WiFi_6
UE_002,0.00576,14.673,11.934,-44.227,0.00109423,6.486,1.59,0.03,-0.38,1.9e-05,0.0,0.0,65.803,4.05,WiFi_6
UE_003,0.00707,8.793,6.05,-44.531,0.00102216,3.728,1.82,1.17,8.09,2.4e-05,0.0,0.0,48.15,2.33,WiFi_6
UE_004,0.00629,30.556,27.453,-38.052,0.0001611,14.596,1.76,2.03,-10.02,2.1e-05,0.0,0.0,87.46,9.12,WiFi_6
UE_005,0.0171,1.246,-1.331,-50.078,0.15016716,1.273,1.7,25.65,4.49,5.7e-05,0.0,0.0,26.007,0.8,WiFi_6
UE_006,0.01973,28.757,27.198,-39.084,0.00013338,14.46,2.2,2.7,1.61,6.6e-05,0.0,0.0,87.46,9.04,WiFi_6
UE_007,0.00707,23.227,20.616,-41.065,4.701e-05,10.978,1.69,3.04,11.62,2.4e-05,0.0,0.0,87.46,6.86,WiFi_6
UE_008,0.00707,31.569,26.292,-38.761,4.21e-05,13.98,2.03,1.49,-4.32,2.4e-05,0.0,0.0,87.46,8.74,WiFi_6
UE_009,0.00707,34.811,31.687,-35.354,1.192e-05,16.843,1.91,2.1,8.28,2.4e-05,0.0,0.0,87.46,10.53,WiFi_6
UE_010,0.00707,14.13,10.095,-44.967,0.00106501,5.581,1.5,4.26,-5.73,2.4e-05,0.0,0.0,60.284,3.49,WiFi_6
UE_011,0.01512,18.072,13.617,-43.06,0.00022168,7.336,1.67,7.81,-5.18,5e-05,0.0,0.0,70.851,4.58,WiFi_6
UE_012,0.02017,15.184,13.213,-43.806,0.00017107,7.131,2.17,1.35,8.37,6.7e-05,0.0,0.0,69.64,4.46,WiFi_6
UE_013,0.00707,21.72,18.344,-39.686,0.00012345,9.784,2.0,1.52,7.05,2.4e-05,0.0,0.0,85.033,6.11,WiFi_6
UE_014,0.03024,2.573,-3.371,-49.444,0.1501281,0.874,2.01,35.64,4.68,0.000101,0.0,0.0,19.887,0.55,WiFi_6
UE_015,0.01174,32.701,28.83,-38.823,0.00015228,15.326,1.65,0.25,-10.67,3.9e-05,0.0,0.0,87.46,9.58,WiFi_6
UE_016,0.00707,38.768,36.678,-34.33,0.00024907,19.495,1.54,2.04,4.49,2.4e-05,0.0,0.0,87.46,12.18,WiFi_6
UE_017,0.00707,30.945,27.119,-39.556,0.00015041,14.419,1.73,2.72,-5.25,2.4e-05,0.0,0.0,87.46,9.01,WiFi_6
UE_018,0.00707,33.778,31.203,-36.829,4.939e-05,16.586,1.9,3.4,8.56,2.4e-05,0.0,0.0,87.46,10.37,WiFi_6
UE_019,0.00707,8.382,4.91,-45.992,0.01004462,3.256,2.17,34.21,2.14,2.4e-05,0.0,0.0,44.73,2.03,WiFi_6
UE_000,0.02306,29.116,25.467,-38.864,6.536e-05,13.542,1.63,1.86,-7.28,7.7e-05,0.0,0.0,87.46,8.46,WiFi_6
UE_001,0.00707,31.282,28.327,-38.557,8.144e-05,15.06,2.17,8.62,7.11,2.4e-05,0.0,0.0,87.46,9.41,WiFi_6
UE_002,0.00707,20.888,15.198,-40.552,0.00015501,8.146,1.75,6.82,-0.38,2.4e-05,0.0,0.0,75.593,5.09,WiFi_6
UE_003,0.00707,16.545,12.398,-42.435,0.00013188,6.719,1.85,3.46,8.09,2.4e-05,0.0,0.0,67.193,4.2,WiFi_6
UE_004,0.01709,5.244,0.241,-47.633,0.01005639,1.665,1.76,24.21,-10.02,5.7e-05,0.0,0.0,30.723,1.04,WiFi_6
UE_005,0.0094,37.632,33.448,-34.764,2.597e-05,17.779,1.57,3.53,4.49,3.1e-05,0.0,0.0,87.46,11.11,WiFi_6
UE_006,0.02168,23.939,20.969,-40.234,1.203e-05,11.163,1.96,2.42,1.61,7.2e-05,0.0,0.0,87.46,6.98,WiFi_6
UE_007,0.00707,16.566,11.858,-41.222,0.00105462,6.448,1.8,1.4,11.62,2.4e-05,0.0,0.0,65.573,4.03,WiFi_6
UE_008,0.00707,21.427,19.063,-41.157,0.00033355,10.16,1.6,1.07,-4.32,2.4e-05,0.0,0.0,87.188,6.35,WiFi_6
UE_009,0.00707,14.738,12.59,-43.726,0.00011362,6.815,1.51,2.62,8.28,2.4e-05,0.0,0.0,67.77,4.26,WiFi_6
UE_010,0.00707,20.932,18.573,-42.007,0.00020855,9.903,2.08,1.88,-5.73,2.4e-05,0.0,0.0,85.718,6.19,WiFi_6
UE_011,0.00925,36.352,32.321,-34.367,6.169e-05,17.18,2.19,0.6,-5.18,3.1e-05,0.0,0.0,87.46,10.74,WiFi_6
UE_012,0.0215,22.258,19.414,-39.002,0.00020752,10.345,2.12,6.02,8.37,7.2e-05,0.0,0.0,87.46,6.47,WiFi_6
UE_013,0.00707,25.036,23.335,-39.978,3.15e-06,12.413,1.69,0.13,7.05,2.4e-05,0.0,0.0,87.46,7.76,WiFi_6
UE_014,0.03018,1.909,-3.683,-48.64,0.15005735,0.823,1.87,5.2,4.68,0.000101,0.0,0.0,18.951,0.51,WiFi_6
UE_015,0.01245,-2.292,-5.281,-52.578,0.15002532,0.599,2.12,36.64,-10.67,4.2e-05,0.0,0.0,15.26,0.37,WiFi_6
UE_016,0.00707,19.596,16.285,-42.073,0.00033252,8.709,1.79,5.49,4.49,2.4e-05,0.0,0.0,78.856,5.44,WiFi_6
UE_017,0.00707,31.262,26.341,-36.174,9.978e-05,14.006,2.22,0.06,-5.25,2.4e-05,0.0,0.0,87.46,8.75,WiFi_6
UE_018,0.00707,38.077,35.002,-34.638,2.654e-05,18.605,1.69,3.07,8.56,2.4e-05,0.0,0.0,87.46,11.63,WiFi_6
UE_019,0.00707,32.077,29.335,-35.322,2.78e-05,15.594,1.81,1.17,2.14,2.4e-05,0.0,0.0,87.46,9.75,WiFi_6
UE_000,0.02373,10.582,7.231,-47.243,0.00103582,4.243,1.97,2.46,-7.28,7.9e-05,0.0,0.0,51.694,2.65,WiFi_6
UE_001,0.00707,33.203,32.231,-37.838,2.65e-06,17.132,2.21,1.64,7.11,2.4e-05,0.0,0.0,87.46,10.71,WiFi_6
UE_002,0.00707,45.102,40.943,-31.888,6.678e-05,21.762,2.15,3.64,-0.38,2.4e-05,0.0,0.0,87.46,12.34,WiFi_6
UE_003,0.00707,28.217,25.014,-39.098,7.426e-05,13.303,1.77,0.53,8.09,2.4e-05,0.0,0.0,87.46,8.31,WiFi_6
UE_004,0.02171,15.223,11.739,-43.264,0.0011108,6.389,2.08,5.94,-10.02,7.2e-05,0.0,0.0,65.218,3.99,WiFi_6
UE_005,0.00502,43.551,39.512,-34.492,0.0001333,21.001,2.1,1.26,4.49,1.7e-05,0.0,0.0,87.46,12.34,WiFi_6
UE_006,0.02364,12.839,7.721,-45.465,0.00103977,4.464,2.17,1.94,1.61,7.9e-05,0.0,0.0,53.162,2.79,WiFi_6
UE_007,0.00707,23.395,17.188,-42.125,0.0001107,9.179,2.19,3.24,11.62,2.4e-05,0.0,0.0,81.564,5.74,WiFi_6
UE_008,0.00707,22.774,18.411,-39.373,0.00018815,9.819,2.05,3.31,-4.32,2.4e-05,0.0,0.0,85.233,6.14,WiFi_6
UE_009,0.00707,17.365,14.7,-44.067,0.0001103,7.89,1.78,0.6,8.28,2.4e-05,0.0,0.0,74.1,4.93,WiFi_6
UE_010,0.00707,39.55,37.729,-34.675,0.00019152,20.054,2.27,0.85,-5.73,2.4e-05,0.0,0.0,87.46,12.34,WiFi_6
UE_011,0.00517,37.676,33.21,-35.049,1.58e-05,17.652,1.79,2.52,-5.18,1.7e-05,0.0,0.0,87.46,11.03,WiFi_6
UE_012,0.02282,4.313,0.358,-46.55,0.01004784,1.697,2.25,18.86,8.37,7.6e-05,0.0,0.0,31.074,1.06,WiFi_6
UE_013,0.00707,29.762,27.854,-38.053,0.00010962,14.808,1.74,5.32,7.05,2.4e-05,0.0,0.0,87.46,9.26,WiFi_6
UE_014,0.02669,3.139,-0.941,-47.168,0.1501512,1.364,1.6,6.72,4.68,8.9e-05,0.0,0.0,27.178,0.85,WiFi_6
UE_015,0.01317,7.613,4.556,-46.259,0.01009856,3.115,1.64,37.68,-10.67,4.4e-05,0.0,0.0,43.669,1.95,WiFi_6
UE_016,0.00707,22.072,19.802,-39.853,0.0001343,10.549,1.82,4.19,4.49,2.4e-05,0.0,0.0,87.46,6.59,WiFi_6
UE_017,0.00707,33.893,29.091,-35.531,7.571e-05,15.465,1.94,3.85,-5.25,2.4e-05,0.0,0.0,87.46,9.67,WiFi_6
UE_018,0.00707,35.577,32.398,-35.073,1.361e-05,17.221,1.79,7.16,8.56,2.4e-05,0.0,0.0,87.46,10.76,WiFi_6
UE_019,0.00707,18.348,15.681,-44.694,0.00013216,8.396,1.62,0.87,2.14,2.4e-05,0.0,0.0,77.042,5.25,WiFi_6
UE_000,0.02439,-17.155,-21.101,-56.671,0.15001154,0.018,2.07,13.43,-7.28,8.1e-05,0.0,0.0,15.26,0.1,WiFi_6
UE_001,0.00707,10.794,9.201,-46.347,0.00100969,5.152,2.17,6.42,7.11,2.4e-05,0.0,0.0,57.603,3.22,WiFi_6
UE_002,0.00707,11.847,7.072,-43.853,0.00117904,4.173,1.88,2.24,-0.38,2.4e-05,0.0,0.0,51.217,2.61,WiFi_6
UE_003,0.00707,37.06,31.476,-33.707,1.328e-05,16.731,1.83,1.7,8.09,2.4e-05,0.0,0.0,87.46,10.46,WiFi_6
UE_004,0.00995,34.888,33.952,-35.676,8.014e-05,18.047,1.63,0.7,-10.02,3.3e-05,0.0,0.0,87.46,11.28,WiFi_6
UE_005,0.00707,48.012,43.417,-30.276,1.005e-05,23.077,2.13,1.15,4.49,2.4e-05,0.0,0.0,87.46,12.34,WiFi_6
UE_006,0.02539,26.77,24.042,-39.014,8.583e-05,12.788,2.07,7.43,1.61,8.5e-05,0.0,0.0,87.46,7.99,WiFi_6
UE_007,0.00707,3.315,0.255,-50.069,0.01017891,1.669,2.26,18.68,11.62,2.4e-05,0.0,0.0,30.765,1.04,WiFi_6
UE_008,0.00707,43.909,41.699,-33.415,0.00020793,22.164,2.0,5.99,6.81,2.4e-05,0.0,0.0,87.46,12.34,WiFi_6
UE_009,0.00707,22.36,16.153,-41.745,0.00017983,8.641,1.61,3.14,8.28,2.4e-05,0.0,0.0,78.459,5.4,WiFi_6
UE_010,0.00707,22.284,19.029,-40.436,0.00012615,10.143,2.24,0.44,-5.73,2.4e-05,0.0,0.0,87.088,6.34,WiFi_6
UE_011,0.00707,12.786,9.916,-44.472,0.00101807,5.494,2.16,3.91,-5.18,2.4e-05,0.0,0.0,59.748,3.43,WiFi_6
UE_012,0.02416,12.446,6.287,-45.398,0.00100874,3.829,1.55,7.34,8.37,8.1e-05,0.0,0.0,48.86,2.39,WiFi_6
UE_013,0.00707,30.8,27.745,-36.956,4.945e-05,14.75,2.12,2.42,7.05,2.4e-05,0.0,0.0,87.46,9.22,WiFi_6
UE_014,0.01986,26.557,22.931,-40.168,0.00012497,12.2,2.15,6.99,4.68,6.6e-05,0.0,0.0,87.46,7.62,WiFi_6
UE_015,0.0139,27.609,22.932,-37.414,1.69e-06,12.2,1.92,4.14,-10.67,4.6e-05,0.0,0.0,87.46,7.63,WiFi_6
UE_016,0.00707,24.114,20.592,-40.514,0.00019352,10.965,1.62,2.32,4.49,2.4e-05,0.0,0.0,87.46,6.85,WiFi_6
UE_017,0.00707,5.541,2.324,-47.158,0.01001016,2.299,2.2,16.2,-5.25,2.4e-05,0.0,0.0,36.973,1.44,WiFi_6
UE_018,0.00707,14.57,10.734,-45.676,0.00107669,5.893,1.9,1.59,8.56,2.4e-05,0.0,0.0,62.203,3.68,WiFi_6
UE_019,0.00707,41.157,38.617,-35.91,4.854e-05,20.526,2.22,0.59,2.14,2.4e-05,0.0,0.0,87.46,12.34,WiFi_6
UE_000,0.02506,33.452,28.226,-35.279,9.669e-05,15.006,2.12,8.5,-7.28,8.4e-05,0.0,0.0,87.46,9.38,WiFi_6
UE_001,0.00707,32.087,27.759,-38.499,0.00017065,14.758,1.98,4.8,7.11,2.4e-05,0.0,0.0,87.46,9.22,WiFi_6
UE_002,0.00707,21.959,17.551,-43.11,0.00015458,9.369,2.14,0.85,-0.38,2.4e-05,0.0,0.0,82.653,5.86,WiFi_6
UE_003,0.00707,36.098,31.272,-35.228,9.14e-06,16.623,2.16,2.45,8.09,2.4e-05,0.0,0.0,87.46,10.39,WiFi_6
UE_004,0.00635,38.101,33.501,-34.674,9.074e-05,17.807,1.57,0.55,-10.02,2.1e-05,0.0,0.0,87.46,11.13,WiFi_6
UE_005,0.00707,31.298,27.4,-38.566,9.272e-05,14.567,1.5,0.38,4.49,2.4e-05,0.0,0.0,87.46,9.1,WiFi_6
UE_006,0.02342,23.265,21.153,-40.552,9.99e-06,11.26,1.91,8.06,1.61,7.8e-05,0.0,0.0,87.46,7.04,WiFi_6
UE_007,0.00707,31.329,27.916,-37.311,8.91e-05,14.842,2.09,5.06,11.62,2.4e-05,0.0,0.0,87.46,9.28,WiFi_6
UE_008,0.00611,13.787,9.006,-45.122,0.00108603,5.06,1.72,2.98,6.81,2e-05,0.0,0.0,57.017,3.16,WiFi_6
UE_009,0.00707,18.71,14.911,-41.636,0.00017469,7.999,2.22,3.99,8.28,2.4e-05,0.0,0.0,74.733,5.0,WiFi_6
UE_010,0.00707,24.43,19.16,-38.023,0.00021097,10.211,1.74,0.0,-5.73,2.4e-05,0.0,0.0,87.46,6.38,WiFi_6
UE_011,0.00707,18.915,16.224,-42.949,0.00027434,8.677,2.01,0.62,-5.18,2.4e-05,0.0,0.0,78.671,5.42,WiFi_6
UE_012,0.02549,18.492,15.776,-41.789,0.00011043,8.446,1.54,1.18,8.37,8.5e-05,0.0,0.0,77.329,5.28,WiFi_6
UE_013,0.00707,27.058,21.271,-38.471,2.566e-05,11.323,1.56,1.42,7.05,2.4e-05,0.0,0.0,87.46,7.08,WiFi_6
UE_014,0.01367,-1.251,-4.336,-50.173,0.15014432,0.724,1.82,30.76,4.68,4.6e-05,0.0,0.0,16.991,0.45,WiFi_6
UE_015,0.01463,26.9,21.663,-38.71,0.00025529,11.53,1.61,0.04,-10.67,4.9e-05,0.0,0.0,87.46,7.21,WiFi_6
UE_016,0.00707,25.604,21.97,-40.542,9.03e-05,11.692,1.95,0.51,4.49,2.4e-05,0.0,0.0,87.46,7.31,WiFi_6
UE_017,0.00707,35.018,32.264,-35.985,5.61e-06,17.15,1.87,2.51,-5.25,2.4e-05,0.0,0.0,87.46,10.72,WiFi_6
UE_018,0.00707,36.09,32.134,-35.227,4.921e-05,17.081,2.06,1.21,8.56,2.4e-05,0.0,0.0,87.46,10.68,WiFi_6
UE_019,0.00707,37.943,36.464,-34.686,4.299e-05,19.381,1.85,0.27,2.14,2.4e-05,0.0,0.0,87.46,12.11,WiFi_6
UE_000,0.02526,8.845,4.593,-46.365,0.01008728,3.129,1.88,5.87,-7.28,8.4e-05,0.0,0.0,43.778,1.96,WiFi_6
UE_001,0.00707,11.308,9.105,-45.887,0.00101243,5.107,1.6,1.35,7.11,2.4e-05,0.0,0.0,57.314,3.19,WiFi_6
UE_002,0.00707,41.181,37.064,-34.096,6.384e-05,19.7,2.18,0.03,-0.38,2.4e-05,0.0,0.0,87.46,12.31,WiFi_6
UE_003,0.00707,18.237,15.06,-41.445,0.00017613,8.075,1.56,1.73,8.09,2.4e-05,0.0,0.0,75.18,5.05,WiFi_6
UE_004,0.00707,39.007,36.156,-34.313,8.707e-05,19.218,1.99,1.29,-10.02,2.4e-05,0.0,0.0,87.46,12.01,WiFi_6
UE_005,0.00707,27.522,23.488,-37.438,0.00017828,12.495,2.1,4.83,4.49,2.4e-05,0.0,0.0,87.46,7.81,WiFi_6
UE_006,0.02147,23.147,18.142,-41.03,0.00015678,9.678,2.24,1.68,1.61,7.2e-05,0.0,0.0,84.425,6.05,WiFi_6
UE_007,0.00707,19.701,16.21,-42.79,0.00020878,8.67,1.56,0.47,11.62,2.4e-05,0.0,0.0,78.631,5.42,WiFi_6
UE_008,0.01302,31.424,25.645,-39.226,9.512e-05,13.637,1.53,5.84,6.81,4.3e-05,0.0,0.0,87.46,8.52,WiFi_6
UE_009,0.00707,12.547,9.451,-44.341,0.0010812,5.272,1.89,1.28,8.28,2.4e-05,0.0,0.0,58.354,3.29,WiFi_6
UE_010,0.00707,26.196,19.831,-39.652,0.00015923,10.564,2.06,0.17,-5.73,2.4e-05,0.0,0.0,87.46,6.6,WiFi_6
UE_011,0.00707,23.817,19.91,-40.035,0.00016379,10.606,1.85,7.44,-5.18,2.4e-05,0.0,0.0,87.46,6.63,WiFi_6
UE_012,0.02416,4.457,-0.118,-47.828,0.1500732,1.569,1.78,25.48,8.37,8.1e-05,0.0,0.0,29.646,0.98,WiFi_6
UE_013,0.00707,29.67,27.328,-37.542,2.466e-05,14.529,1.88,1.77,7.05,2.4e-05,0.0,0.0,87.46,9.08,WiFi_6
UE_014,0.00952,29.073,26.942,-38.827,3.973e-05,14.324,1.95,15.26,4.68,3.2e-05,0.0,0.0,87.46,8.95,WiFi_6
UE_015,0.01537,29.938,25.324,-37.938,0.00010001,13.467,1.75,3.0,-10.67,5.1e-05,0.0,0.0,87.46,8.42,WiFi_6
UE_016,0.00707,20.262,18.253,-42.376,0.0001923,9.736,1.51,11.33,4.49,2.4e-05,0.0,0.0,84.76,6.09,WiFi_6
UE_017,0.00707,18.843,13.694,-43.532,0.00015569,7.375,2.05,1.48,-5.25,2.4e-05,0.0,0.0,71.083,4.61,WiFi_6
UE_018,0.00707,37.343,32.649,-33.396,0.0002205,17.354,1.52,0.12,8.56,2.4e-05,0.0,0.0,87.46,10.85,WiFi_6
UE_019,0.00707,32.127,27.806,-36.602,0.00020409,14.783,1.62,2.41,2.14,2.4e-05,0.0,0.0,87.46,9.24,WiFi_6
UE_000,0.02459,-4.882,-5.878,-51.12,0.15000473,0.53,1.9,36.12,-7.28,8.2e-05,0.0,0.0,15.26,0.33,WiFi_6
UE_001,0.00707,38.354,34.28,-34.236,0.00014636,18.221,1.71,0.28,7.11,2.4e-05,0.0,0.0,87.46,11.39,WiFi_6
UE_002,0.00707,34.943,32.072,-36.881,0.00016903,17.048,1.84,2.66,-0.38,2.4e-05,0.0,0.0,87.46,10.65,WiFi_6
UE_003,0.00707,28.655,24.203,-39.047,2.162e-05,12.873,1.62,5.22,8.09,2.4e-05,0.0,0.0,87.46,8.05,WiFi_6
UE_004,0.00707,20.29,17.048,-41.828,0.00014751,9.106,1.79,8.12,-10.02,2.4e-05,0.0,0.0,81.143,5.69,WiFi_6
UE_005,0.00707,18.851,14.668,-43.512,0.0001154,7.873,2.17,2.86,4.49,2.4e-05,0.0,0.0,74.003,4.92,WiFi_6
UE_006,0.01952,14.465,11.034,-45.036,0.00108629,6.04,1.6,10.31,1.61,6.5e-05,0.0,0.0,63.101,3.77,WiFi_6
UE_007,0.00707,35.143,32.043,-36.312,3.633e-05,17.032,1.86,0.66,11.62,2.4e-05,0.0,0.0,87.46,10.65,WiFi_6
UE_008,0.02113,16.237,13.83,-42.837,0.00014623,7.445,1.89,4.87,6.81,7e-05,0.0,0.0,71.491,4.65,WiFi_6
UE_009,0.00707,30.259,26.035,-36.93,0.00010028,13.843,1.89,3.85,8.28,2.4e-05,0.0,0.0,87.46,8.65,WiFi_6
UE_010,0.00707,24.578,20.21,-40.507,0.00010006,10.764,2.25,1.2,-5.73,2.4e-05,0.0,0.0,87.46,6.73,WiFi_6
UE_011,0.00707,40.38,33.647,-32.763,0.00019981,17.884,2.05,0.25,-5.18,2.4e-05,0.0,0.0,87.46,11.18,WiFi_6
UE_012,0.02283,14.402,12.786,-44.194,0.00030429,6.914,2.15,15.0,8.37,7.6e-05,0.0,0.0,68.359,4.32,WiFi_6
UE_013,0.00707,12.434,5.148,-45.945,0.01005616,3.352,1.72,12.56,7.05,2.4e-05,0.0,0.0,45.444,2.09,WiFi_6
UE_014,0.00656,21.041,17.225,-41.321,0.00011347,9.198,1.61,2.95,4.68,2.2e-05,0.0,0.0,81.675,5.75,WiFi_6
UE_015,0.01611,0.64,-2.186,-50.397,0.15004691,1.091,1.91,23.82,-10.67,5.4e-05,0.0,0.0,23.443,0.68,WiFi_6
UE_016,0.00707,17.857,16.039,-43.2,0.00019849,8.582,1.81,14.81,4.49,2.4e-05,0.0,0.0,78.118,5.36,WiFi_6
UE_017,0.00707,38.473,37.923,-34.365,0.00020239,20.157,2.01,0.36,-5.25,2.4e-05,0.0,0.0,87.46,12.34,WiFi_6
UE_018,0.00707,18.053,15.42,-43.248,0.00014019,8.261,1.62,2.32,11.86,2.4e-05,0.0,0.0,76.26,5.16,WiFi_6
UE_019,0.00707,27.18,22.652,-39.576,5.005e-05,12.052,1.87,0.35,1.08,2.4e-05,0.0,0.0,87.46,7.53,WiFi_6
UE_000,0.02393,19.803,15.096,-41.085,0.000119,8.094,1.73,1.63,-7.28,8e-05,0.0,0.0,75.288,5.06,WiFi_6
UE_001,0.00707,42.427,38.009,-33.661,4.137e-05,20.203,2.02,1.58,7.11,2.4e-05,0.0,0.0,87.46,12.34,WiFi_6
UE_002,0.00707,45.32,41.237,-32.465,5.657e-05,21.918,2.19,1.31,-0.38,2.4e-05,0.0,0.0,87.46,12.34,WiFi_6
UE_003,0.00707,26.431,23.371,-39.745,1.198e-05,12.433,2.07,0.04,8.09,2.4e-05,0.0,0.0,87.46,7.77,WiFi_6
UE_004,0.00707,25.386,21.352,-38.596,6.72e-06,11.366,1.69,1.13,-10.02,2.4e-05,0.0,0.0,87.46,7.1,WiFi_6
UE_005,0.00707,44.515,39.013,-32.621,7.356e-05,20.736,2.27,0.42,4.49,2.4e-05,0.0,0.0,87.46,12.34,WiFi_6
UE_006,0.01759,14.488,11.932,-44.34,0.00109154,6.485,1.75,0.07,1.61,5.9e-05,0.0,0.0,65.795,4.05,WiFi_6
UE_007,0.00707,27.27,23.746,-39.353,0.00018981,12.631,1.78,7.15,11.62,2.4e-05,0.0,0.0,87.46,7.89,WiFi_6
UE_008,0.02154,14.738,7.916,-43.902,0.00119229,4.553,1.56,0.63,6.81,7.2e-05,0.0,0.0,53.748,2.85,WiFi_6
UE_009,0.00707,37.355,34.691,-33.073,0.00012328,18.439,1.87,0.38,8.28,2.4e-05,0.0,0.0,87.46,11.52,WiFi_6
UE_010,0.00707,25.866,24.122,-40.8,6.792e-05,12.83,2.2,6.7,-5.73,2.4e-05,0.0,0.0,87.46,8.02,WiFi_6
UE_011,0.00707,37.66,34.984,-33.228,9.114e-05,18.595,2.13,2.56,-5.18,2.4e-05,0.0,0.0,87.46,11.62,WiFi_6
UE_012,0.0215,8.981,7.777,-47.029,0.00110314,4.49,1.68,3.7,8.37,7.2e-05,0.0,0.0,53.33,2.81,WiFi_6
UE_013,0.00707,37.806,36.44,-34.582,1.584e-05,19.369,2.06,0.08,7.05,2.4e-05,0.0,0.0,87.46,12.11,WiFi_6
UE_014,0.00501,37.669,32.223,-33.243,0.00012938,17.128,1.83,0.64,4.68,1.7e-05,0.0,0.0,87.46,10.71,WiFi_6
UE_015,0.01685,10.676,6.413,-43.087,0.00110382,3.883,1.59,2.76,-10.67,5.6e-05,0.0,0.0,49.238,2.43,WiFi_6
UE_016,0.00707,33.212,31.386,-36.957,1.65e-05,16.683,1.59,0.66,4.49,2.4e-05,0.0,0.0,87.46,10.43,WiFi_6
UE_017,0.00707,27.565,25.818,-41.033,8.78e-06,13.729,1.52,2.12,-5.25,2.4e-05,0.0,0.0,87.46,8.58,WiFi_6
UE_018,0.00707,22.015,16.726,-40.9,0.00018286,8.938,1.76,2.5,11.86,2.4e-05,0.0,0.0,80.177,5.59,WiFi_6
UE_019,0.00632,35.067,33.604,-35.761,9.592e-05,17.862,1.94,5.67,1.08,2.1e-05,0.0,0.0,87.46,11.16,WiFi_6
UE_000,0.02326,14.059,10.745,-42.635,0.00108029,5.898,1.59,2.97,-7.28,7.8e-05,0.0,0.0,62.235,3.69,WiFi_6
UE_001,0.00707,32.026,25.863,-36.729,0.0001707,13.752,1.53,4.02,7.11,2.4e-05,0.0,0.0,87.46,8.6,WiFi_6
UE_002,0.00707,20.209,16.078,-43.419,0.00018636,8.602,1.6,9.17,-0.38,2.4e-05,0.0,0.0,78.233,5.38,WiFi_6
UE_003,0.00707,43.199,38.533,-32.618,9.786e-05,20.481,2.23,1.41,8.09,2.4e-05,0.0,0.0,87.46,12.34,WiFi_6
UE_004,0.00707,4.576,2.952,-47.873,0.01010445,2.515,2.12,38.37,-10.02,2.4e-05,0.0,0.0,38.855,1.57,WiFi_6
UE_005,0.00707,31.487,29.51,-37.901,4.293e-05,15.687,1.72,1.77,4.49,2.4e-05,0.0,0.0,87.46,9.8,WiFi_6
UE_006,0.01567,1.802,-0.689,-49.399,0.15015711,1.424,1.72,16.2,1.61,5.2e-05,0.0,0.0,27.933,0.89,WiFi_6
UE_007,0.00707,38.421,36.767,-36.14,2.613e-05,19.542,1.99,12.95,11.62,2.4e-05,0.0,0.0,87.46,12.21,WiFi_6
UE_008,0.01341,-8.039,-13.734,-53.14,0.15015126,0.096,1.77,16.91,6.81,4.5e-05,0.0,0.0,15.26,0.1,WiFi_6
UE_009,0.00707,38.772,33.837,-36.447,0.0001229,17.986,1.81,6.87,8.28,2.4e-05,0.0,0.0,87.46,11.24,WiFi_6
UE_010,0.00707,28.672,25.388,-37.261,0.00012183,13.5,2.03,2.12,-5.73,2.4e-05,0.0,0.0,87.46,8.44,WiFi_6
UE_011,0.00707,36.043,32.619,-36.814,4.432e-05,17.338,1.54,3.64,-5.18,2.4e-05,0.0,0.0,87.46,10.84,WiFi_6
UE_012,0.02018,14.657,14.548,-43.157,0.00023914,7.812,2.25,4.49,8.37,6.7e-05,0.0,0.0,73.645,4.88,WiFi_6
UE_013,0.00707,35.766,29.731,-35.925,0.00011553,15.805,1.74,3.63,7.05,2.4e-05,0.0,0.0,87.46,9.88,WiFi_6
UE_014,0.00706,23.589,22.573,-39.49,0.0001277,12.01,1.85,1.37,4.68,2.4e-05,0.0,0.0,87.46,7.51,WiFi_6
UE_015,0.0176,21.874,17.628,-39.801,0.00015969,9.409,1.81,7.11,-10.67,5.9e-05,0.0,0.0,82.883,5.88,WiFi_6
UE_016,0.00707,48.383,43.098,-32.477,7.364e-05,22.907,1.55,3.18,4.49,2.4e-05,0.0,0.0,87.46,12.34,WiFi_6
UE_017,0.00707,25.087,23.015,-39.98,9.55e-05,12.244,2.24,6.01,-5.25,2.4e-05,0.0,0.0,87.46,7.65,WiFi_6
UE_018,0.00707,32.192,29.809,-38.114,2.385e-05,15.846,2.02,0.49,11.86,2.4e-05,0.0,0.0,87.46,9.9,WiFi_6
UE_019,0.01369,17.908,15.446,-42.353,0.00014387,8.275,2.12,3.83,1.08,4.6e-05,0.0,0.0,76.338,5.17,WiFi_6
UE_000,0.02259,16.823,14.903,-42.612,0.00027885,7.995,1.84,3.05,-7.28,7.5e-05,0.0,0.0,74.709,5.0,WiFi_6
UE_001,0.00707,23.234,19.995,-40.581,0.00011831,10.651,1.73,0.1,7.11,2.4e-05,0.0,0.0,87.46,6.66,WiFi_6
UE_002,0.00707,11.347,8.362,-45.424,0.00108687,4.759,1.84,0.52,-0.38,2.4e-05,0.0,0.0,55.086,2.97,WiFi_6
UE_003,0.00707,26.707,24.167,-39.348,0.00019372,12.854,1.7,2.67,8.09,2.4e-05,0.0,0.0,87.46,8.03,WiFi_6
UE_004,0.00707,37.931,36.347,-34.878,0.00010958,19.319,2.12,0.52,-10.02,2.4e-05,0.0,0.0,87.46,12.07,WiFi_6
UE_005,0.00707,27.012,25.007,-39.284,5.9e-06,13.299,1.75,10.03,4.49,2.4e-05,0.0,0.0,87.46,8.31,WiFi_6
UE_006,0.01379,13.979,9.288,-43.505,0.0010186,5.194,1.56,2.43,1.61,4.6e-05,0.0,0.0,57.863,3.25,WiFi_6
UE_007,0.00707,33.679,30.879,-36.169,1.499e-05,16.414,1.91,1.35,11.62,2.4e-05,0.0,0.0,87.46,10.26,WiFi_6
UE_008,0.00636,28.421,24.904,-39.606,6.472e-05,13.244,2.15,5.16,6.81,2.1e-05,0.0,0.0,87.46,8.28,WiFi_6
UE_009,0.00707,39.45,35.184,-34.045,3.75e-06,18.701,1.8,1.38,8.28,2.4e-05,0.0,0.0,87.46,11.69,WiFi_6
UE_010,0.00707,23.757,20.729,-41.566,7.649e-05,11.037,1.75,1.65,-5.73,2.4e-05,0.0,0.0,87.46,6.9,WiFi_6
UE_011,0.00707,33.155,29.311,-38.223,0.00012278,15.582,1.93,0.84,-5.18,2.4e-05,0.0,0.0,87.46,9.74,WiFi_6
UE_012,0.01886,30.088,27.921,-37.864,0.00024927,14.844,1.86,0.73,8.37,6.3e-05,0.0,0.0,87.46,9.28,WiFi_6
UE_013,0.00707,38.499,32.983,-34.449,5.741e-05,17.532,2.03,3.35,7.05,2.4e-05,0.0,0.0,87.46,10.96,WiFi_6
UE_014,0.00707,17.384,14.004,-41.302,0.00010721,7.533,1.7,0.14,4.68,2.4e-05,0.0,0.0,72.012,4.71,WiFi_6
UE_015,0.01835,16.12,13.475,-44.337,0.00010125,7.263,1.64,2.22,-10.67,6.1e-05,0.0,0.0,70.425,4.54,WiFi_6
UE_016,0.00707,56.537,52.929,-27.913,0.00011656,28.132,1.65,0.6,-4.3,2.4e-05,0.0,0.0,87.46,12.34,WiFi_6
UE_017,0.00707,26.998,23.517,-40.675,7.908e-05,12.51,2.04,3.21,-5.25,2.4e-05,0.0,0.0,87.46,7.82,WiFi_6
UE_018,0.00707,39.194,38.032,-35.178,0.00017669,20.214,1.94,5.17,11.86,2.4e-05,0.0,0.0,87.46,12.34,WiFi_6
UE_019,0.02218,15.131,14.073,-44.706,0.00010559,7.569,1.64,2.5,1.08,7.4e-05,0.0,0.0,72.22,4.73,WiFi_6
UE_000,0.02193,13.029,7.949,-43.469,0.00113404,4.568,2.09,3.36,-7.28,7.3e-05,0.0,0.0,53.848,2.86,WiFi_6
UE_001,0.00707,38.115,35.311,-34.26,0.00011764,18.769,2.16,1.57,7.11,2.4e-05,0.0,0.0,87.46,11.73,WiFi_6
UE_002,0.00707,36.342,34.186,-35.209,0.00013504,18.171,1.86,2.08,-0.38,2.4e-05,0.0,0.0,87.46,11.36,WiFi_6
UE_003,0.00707,25.314,21.29,-39.711,8.73e-05,11.333,2.06,5.98,8.09,2.4e-05,0.0,0.0,87.46,7.08,WiFi_6
UE_004,0.00707,14.394,12.417,-44.559,0.00020018,6.728,1.61,0.52,-10.02,2.4e-05,0.0,0.0,67.251,4.21,WiFi_6
UE_005,0.00707,30.118,25.614,-37.992,3.024e-05,13.62,1.69,6.84,4.49,2.4e-05,0.0,0.0,87.46,8.51,WiFi_6
UE_006,0.01194,28.018,24.519,-39.711,0.00014569,13.04,1.65,1.15,1.61,4e-05,0.0,0.0,87.46,8.15,WiFi_6
UE_007,0.00707,42.047,39.731,-34.917,6.381e-05,21.118,1.73,4.59,11.62,2.4e-05,0.0,0.0,87.46,12.34,WiFi_6
UE_008,0.00678,30.133,24.72,-39.145,4.787e-05,13.147,1.55,0.73,6.81,2.3e-05,0.0,0.0,87.46,8.22,WiFi_6
UE_009,0.00707,28.371,22.115,-40.369,3.77e-05,11.769,1.51,3.55,8.28,2.4e-05,0.0,0.0,87.46,7.36,WiFi_6
UE_010,0.00707,18.354,12.333,-42.963,0.00010548,6.686,2.16,0.71,-5.73,2.4e-05,0.0,0.0,66.998,4.18,WiFi_6
UE_011,0.00707,31.601,26.847,-38.369,4.412e-05,14.274,1.6,1.21,-5.18,2.4e-05,0.0,0.0,87.46,8.92,WiFi_6
UE_012,0.01755,12.6,9.096,-44.743,0.00113698,5.103,1.94,4.58,8.37,5.9e-05,0.0,0.0,57.288,3.19,WiFi_6
UE_013,0.00707,28.489,26.866,-37.715,5.619e-05,14.284,2.24,4.07,7.05,2.4e-05,0.0,0.0,87.46,8.93,WiFi_6
UE_014,0.00707,35.491,31.52,-35.74,1.582e-05,16.755,1.8,8.69,4.68,2.4e-05,0.0,0.0,87.46,10.47,WiFi_6
UE_015,0.0191,14.718,12.572,-45.976,0.00014288,6.807,1.62,3.4,-10.67,6.4e-05,0.0,0.0,67.717,4.25,WiFi_6
UE_016,0.00501,29.058,25.27,-38.528,5.184e-05,13.438,2.06,0.12,-4.3,1.7e-05,0.0,0.0,87.46,8.4,WiFi_6
UE_017,0.00707,26.643,23.549,-38.439,5.293e-05,12.527,1.86,1.21,-5.25,2.4e-05,0.0,0.0,87.46,7.83,WiFi_6
UE_018,0.00707,22.022,19.923,-39.211,0.00010907,10.613,2.06,7.7,11.86,2.4e-05,0.0,0.0,87.46,6.63,WiFi_6
UE_019,0.02015,7.523,0.094,-47.149,0.01004997,1.625,1.81,15.16,1.08,6.7e-05,0.0,0.0,30.281,1.02,WiFi_6
UE_000,0.02127,24.976,21.437,-40.229,7.035e-05,11.41,1.93,7.47,-7.28,7.1e-05,0.0,0.0,87.46,7.13,WiFi_6
UE_001,0.00707,23.611,18.979,-42.511,0.00012254,10.116,1.76,1.79,7.11,2.4e-05,0.0,0.0,86.936,6.32,WiFi_6
UE_002,0.00707,33.105,29.097,-37.638,6.005e-05,15.468,1.73,1.23,-0.38,2.4e-05,0.0,0.0,87.46,9.67,WiFi_6
UE_003,0.00707,43.709,41.067,-33.194,0.00022408,21.828,1.53,0.54,8.09,2.4e-05,0.0,0.0,87.46,12.34,WiFi_6
UE_004,0.00707,8.47,4.865,-47.213,0.01005342,3.237,1.54,35.53,-10.02,2.4e-05,0.0,0.0,44.594,2.02,WiFi_6
UE_005,0.00707,11.262,6.871,-45.049,0.00101206,4.084,1.83,7.05,4.49,2.4e-05,0.0,0.0,50.614,2.55,WiFi_6
UE_006,0.01015,23.459,17.486,-41.732,0.00010474,9.335,1.83,0.4,1.61,3.4e-05,0.0,0.0,82.458,5.83,WiFi_6
UE_007,0.00707,39.529,34.751,-34.147,0.0002283,18.471,1.5,3.44,11.62,2.4e-05,0.0,0.0,87.46,11.54,WiFi_6
UE_008,0.00707,27.325,25.29,-39.024,7.21e-06,13.448,1.53,1.22,6.81,2.4e-05,0.0,0.0,87.46,8.41,WiFi_6
UE_009,0.00707,20.707,15.431,-41.539,0.00013541,8.267,2.01,4.49,8.28,2.4e-05,0.0,0.0,76.293,5.17,WiFi_6
UE_010,0.00707,38.93,35.413,-33.663,7.008e-05,18.823,2.11,2.29,-5.73,2.4e-05,0.0,0.0,87.46,11.76,WiFi_6
UE_011,0.00707,7.738,5.75,-47.436,0.01010352,3.601,1.94,14.09,-5.18,2.4e-05,0.0,0.0,47.25,2.25,WiFi_6
UE_012,0.01625,5.332,2.088,-47.091,0.01009507,2.221,1.58,36.46,8.37,5.4e-05,0.0,0.0,36.265,1.39,WiFi_6
UE_013,0.00707,13.685,9.529,-43.385,0.00100205,5.309,2.02,5.56,7.05,2.4e-05,0.0,0.0,58.587,3.32,WiFi_6
UE_014,0.00707,17.83,14.165,-43.199,0.00013503,7.616,2.15,1.09,4.68,2.4e-05,0.0,0.0,72.495,4.76,WiFi_6
UE_015,0.01986,12.555,8.925,-45.314,0.00103663,5.022,2.2,6.34,-10.67,6.6e-05,0.0,0.0,56.774,3.14,WiFi_6
UE_016,0.00762,25.969,22.58,-39.902,0.00010452,12.014,1.98,1.0,-4.3,2.5e-05,0.0,0.0,87.46,7.51,WiFi_6
UE_017,0.00707,38.639,36.369,-36.536,0.00011438,19.331,1.72,0.14,-5.25,2.4e-05,0.0,0.0,87.46,12.08,WiFi_6
UE_018,0.00707,12.11,10.416,-45.211,0.00112655,5.737,2.13,10.39,11.86,2.4e-05,0.0,0.0,61.248,3.59,WiFi_6
UE_019,0.01176,24.993,22.947,-39.471,0.00017383,12.208,1.6,8.32,1.08,3.9e-05,0.0,0.0,87.46,7.63,WiFi_6
UE_000,0.0206,13.658,10.449,-43.927,0.00106321,5.753,1.79,0.71,-7.28,6.9e-05,0.0,0.0,61.346,3.6,WiFi_6
UE_001,0.00707,28.827,26.138,-38.465,0.00010044,13.898,1.95,8.03,7.11,2.4e-05,0.0,0.0,87.46,8.69,WiFi_6
UE_002,0.00707,8.61,4.226,-46.557,0.01006706,2.986,1.56,34.48,-0.38,2.4e-05,0.0,0.0,42.679,1.87,WiFi_6
UE_003,0.00707,10.708,6.494,-46.835,0.00103133,3.918,2.22,2.06,8.09,2.4e-05,0.0,0.0,49.481,2.45,WiFi_6
UE_004,0.00707,27.077,25.126,-37.674,0.00019633,13.362,1.56,6.5,-10.02,2.4e-05,0.0,0.0,87.46,8.35,WiFi_6
UE_005,0.00707,23.147,17.729,-41.507,0.00021625,9.462,2.26,0.54,4.49,2.4e-05,0.0,0.0,83.187,5.91,WiFi_6
UE_006,0.00846,48.011,43.327,-29.632,1.7e-06,23.029,2.13,0.65,1.61,2.8e-05,0.0,0.0,87.46,12.34,WiFi_6
UE_007,0.00707,23.958,20.436,-37.865,4.026e-05,10.883,2.22,4.68,11.62,2.4e-05,0.0,0.0,87.46,6.8,WiFi_6
UE_008,0.00707,30.468,28.354,-37.613,0.00013211,15.074,1.81,5.1,6.81,2.4e-05,0.0,0.0,87.46,9.42,WiFi_6
UE_009,0.00707,23.54,21.895,-40.7,2.649e-05,11.652,1.55,0.69,8.28,2.4e-05,0.0,0.0,87.46,7.28,WiFi_6
UE_010,0.00707,29.551,27.032,-36.201,0.00011652,14.372,2.2,1.62,-5.73,2.4e-05,0.0,0.0,87.46,8.98,WiFi_6
UE_011,0.00707,42.511,36.974,-34.227,0.00017501,19.652,1.92,0.31,-5.18,2.4e-05,0.0,0.0,87.46,12.28,WiFi_6
UE_012,0.01496,23.605,20.235,-41.232,0.00019986,10.777,2.25,0.73,8.37,5e-05,0.0,0.0,87.46,6.74,WiFi_6
UE_013,0.00707,35.95,31.903,-33.764,0.00012091,16.958,1.8,2.97,7.05,2.4e-05,0.0,0.0,87.46,10.6,WiFi_6
UE_014,0.00707,9.298,5.513,-45.877,0.01004228,3.502,2.06,24.57,4.68,2.4e-05,0.0,0.0,46.539,2.19,WiFi_6
UE_015,0.02062,22.338,18.007,-38.499,0.00012487,9.607,2.25,2.46,-10.67,6.9e-05,0.0,0.0,84.021,6.0,WiFi_6
UE_016,0.01219,26.781,22.709,-37.782,0.00019004,12.082,2.08,0.36,-4.3,4.1e-05,0.0,0.0,87.46,7.55,WiFi_6
UE_017,0.00707,37.574,32.74,-33.218,9.94e-06,17.403,1.98,1.85,-5.25,2.4e-05,0.0,0.0,87.46,10.88,WiFi_6
UE_018,0.00707,33.811,30.193,-35.979,6.772e-05,16.05,2.02,0.55,11.86,2.4e-05,0.0,0.0,87.46,10.03,WiFi_6
UE_019,0.00531,20.705,15.962,-42.359,0.0001091,8.541,2.16,2.66,1.08,1.8e-05,0.0,0.0,77.885,5.34,WiFi_6
UE_000,0.01994,25.222,23.201,-39.128,3.13e-06,12.343,1.59,1.91,-7.28,6.6e-05,0.0,0.0,87.46,7.71,WiFi_6
UE_001,0.00707,24.802,22.391,-40.754,4.13e-05,11.914,1.61,8.11,7.11,2.4e-05,0.0,0.0,87.46,7.45,WiFi_6
UE_002,0.00707,25.733,23.185,-40.406,3.946e-05,12.334,1.58,1.06,-0.38,2.4e-05,0.0,0.0,87.46,7.71,WiFi_6
UE_003,0.00707,23.584,19.699,-39.82,0.00012063,10.495,2.03,0.84,8.09,2.4e-05,0.0,0.0,87.46,6.56,WiFi_6
UE_004,0.00707,23.768,21.668,-40.933,1.404e-05,11.533,2.01,6.93,-10.02,2.4e-05,0.0,0.0,87.46,7.21,WiFi_6
UE_005,0.00707,39.818,37.655,-32.207,6.176e-05,20.014,2.08,4.54,4.49,2.4e-05,0.0,0.0,87.46,12.34,WiFi_6
UE_006,0.00694,41.329,37.998,-33.691,0.00014285,20.197,2.26,5.26,1.61,2.3e-05,0.0,0.0,87.46,12.34,WiFi_6
UE_007,0.00707,44.003,40.393,-31.867,7.277e-05,21.469,1.5,2.57,11.62,2.4e-05,0.0,0.0,87.46,12.34,WiFi_6
UE_008,0.00707,22.156,16.254,-42.702,0.0001298,8.693,1.9,1.43,6.81,2.4e-05,0.0,0.0,78.762,5.43,WiFi_6
UE_009,0.00707,27.031,20.936,-40.492,1.22e-06,11.146,1.72,1.5,8.28,2.4e-05,0.0,0.0,87.46,6.97,WiFi_6
UE_010,0.00707,44.455,40.409,-33.287,4.795e-05,21.478,1.77,5.49,-5.73,2.4e-05,0.0,0.0,87.46,12.34,WiFi_6
UE_011,0.00707,33.946,32.201,-36.97,7.197e-05,17.116,1.7,0.45,-5.18,2.4e-05,0.0,0.0,87.46,10.7,WiFi_6
UE_012,0.01368,32.73,27.132,-38.554,0.00013395,14.425,1.95,1.59,8.37,4.6e-05,0.0,0.0,87.46,9.02,WiFi_6
UE_013,0.00707,40.418,39.224,-33.841,3.979e-05,20.848,2.12,1.78,7.05,2.4e-05,0.0,0.0,87.46,12.34,WiFi_6
UE_014,0.00707,45.185,41.657,-31.974,6.59e-06,22.141,2.2,0.06,4.68,2.4e-05,0.0,0.0,87.46,12.34,WiFi_6
UE_015,0.02137,15.675,12.106,-45.148,0.00023008,6.572,1.68,0.05,-10.67,7.1e-05,0.0,0.0,66.317,4.11,WiFi_6
UE_016,0.01723,32.505,27.828,-35.979,0.00018237,14.795,2.06,0.92,-4.3,5.7e-05,0.0,0.0,87.46,9.25,WiFi_6
UE_017,0.00707,23.289,20.351,-39.879,0.00012762,10.838,1.54,0.38,-5.25,2.4e-05,0.0,0.0,87.46,6.77,WiFi_6
UE_018,0.00707,24.697,20.944,-40.646,9.648e-05,11.151,1.66,4.81,11.86,2.4e-05,0.0,0.0,87.46,6.97,WiFi_6
UE_019,0.00707,41.514,40.323,-33.368,0.00010749,21.432,2.11,3.13,1.08,2.4e-05,0.0,0.0,87.46,12.34,WiFi_6
UE_000,0.01928,43.836,39.932,-32.935,8.052e-05,21.224,2.07,0.11,-7.28,6.4e-05,0.0,0.0,87.46,12.34,WiFi_6
UE_001,0.00707,20.298,15.991,-43.017,0.00014819,8.557,1.71,3.38,7.11,2.4e-05,0.0,0.0,77.973,5.35,WiFi_6
UE_002,0.00707,33.585,28.805,-36.381,7.915e-05,15.313,1.51,0.08,-0.38,2.4e-05,0.0,0.0,87.46,9.57,WiFi_6
UE_003,0.00707,8.717,7.614,-47.824,0.00100518,4.416,1.97,0.32,8.09,2.4e-05,0.0,0.0,52.841,2.76,WiFi_6
UE_004,0.00707,23.346,16.778,-39.646,0.0002008,8.966,1.6,1.76,-10.02,2.4e-05,0.0,0.0,80.335,5.6,WiFi_6
UE_005,0.00707,24.709,20.6,-39.356,2.494e-05,10.969,1.58,0.27,4.49,2.4e-05,0.0,0.0,87.46,6.86,WiFi_6
UE_006,0.00574,30.698,25.487,-35.671,9.787e-05,13.553,1.51,0.56,1.61,1.9e-05,0.0,0.0,87.46,8.47,WiFi_6
UE_007,0.00707,31.234,28.928,-38.71,0.00017968,15.379,1.77,2.11,11.62,2.4e-05,0.0,0.0,87.46,9.61,WiFi_6
UE_008,0.00707,27.128,24.397,-38.494,9.617e-05,12.975,2.26,2.21,6.81,2.4e-05,0.0,0.0,87.46,8.11,WiFi_6
UE_009,0.00707,33.221,27.92,-34.816,4.104e-05,14.843,1.88,0.01,8.28,2.4e-05,0.0,0.0,87.46,9.28,WiFi_6
UE_010,0.00707,18.38,16.106,-42.161,0.00013073,8.617,2.02,1.74,-5.73,2.4e-05,0.0,0.0,78.319,5.39,WiFi_6
UE_011,0.00707,26.34,21.564,-39.995,2.107e-05,11.477,2.09,4.87,-5.18,2.4e-05,0.0,0.0,87.46,7.17,WiFi_6
UE_012,0.01242,27.924,27.22,-39.372,3.509e-05,14.472,2.05,5.72,-4.62,4.1e-05,0.0,0.0,87.46,9.05,WiFi_6
UE_013,0.00707,35.365,31.999,-37.254,7.165e-05,17.009,2.12,0.77,7.05,2.4e-05,0.0,0.0,87.46,10.63,WiFi_6
UE_014,0.00707,32.017,28.611,-37.507,6.749e-05,15.21,1.91,3.32,0.63,2.4e-05,0.0,0.0,87.46,9.51,WiFi_6
UE_015,0.02213,15.66,12.478,-44.713,0.0002225,6.759,1.72,0.74,-10.67,7.4e-05,0.0,0.0,67.435,4.22,WiFi_6
UE_016,0.02243,19.193,15.66,-41.568,0.00014305,8.385,2.15,3.5,-4.3,7.5e-05,0.0,0.0,76.979,5.24,WiFi_6
UE_017,0.00707,44.694,42.154,-33.072,0.00010952,22.405,2.07,1.53,-5.25,2.4e-05,0.0,0.0,87.46,12.34,WiFi_6
UE_018,0.00707,21.231,17.883,-41.636,0.00011342,9.542,1.84,2.96,11.86,2.4e-05,0.0,0.0,83.648,5.96,WiFi_6
UE_019,0.00707,41.692,37.065,-33.755,8.997e-05,19.701,1.59,1.37,1.08,2.4e-05,0.0,0.0,87.46,12.31,WiFi_6
UE_000,0.01863,22.034,16.54,-43.277,0.00020788,8.842,2.07,0.9,-7.28,6.2e-05,0.0,0.0,79.62,5.53,WiFi_6
UE_001,0.00707,22.742,19.775,-41.918,0.00023177,10.535,1.62,1.71,7.11,2.4e-05,0.0,0.0,87.46,6.58,WiFi_6
UE_002,0.00707,14.267,11.069,-44.278,0.00110026,6.057,1.97,2.04,-6.56,2.4e-05,0.0,0.0,63.208,3.79,WiFi_6
UE_003,0.00707,23.04,18.697,-41.118,0.00031352,9.968,2.04,4.08,8.09,2.4e-05,0.0,0.0,86.09,6.23,WiFi_6
UE_004,0.00707,31.819,29.095,-36.073,2.096e-05,15.467,1.82,3.39,-10.02,2.4e-05,0.0,0.0,87.46,9.67,WiFi_6
UE_005,0.00707,40.819,38.049,-32.76,3.282e-05,20.224,2.19,0.23,4.49,2.4e-05,0.0,0.0,87.46,12.34,WiFi_6
UE_006,0.00506,32.725,29.228,-36.002,0.00016494,15.538,2.05,5.88,-3.19,1.7e-05,0.0,0.0,87.46,9.71,WiFi_6
UE_007,0.00707,32.381,30.127,-36.111,9.027e-05,16.015,2.15,6.74,11.62,2.4e-05,0.0,0.0,87.46,10.01,WiFi_6
UE_008,0.00707,12.387,10.413,-46.031,0.00110148,5.736,2.15,5.99,6.81,2.4e-05,0.0,0.0,61.24,3.58,WiFi_6
UE_009,0.00707,31.316,29.895,-35.509,2.654e-05,15.892,1.81,0.74,8.28,2.4e-05,0.0,0.0,87.46,9.93,WiFi_6
UE_010,0.00707,35.251,31.397,-34.834,0.00012122,16.69,1.99,0.49,-5.73,2.4e-05,0.0,0.0,87.46,10.43,WiFi_6
UE_011,0.00707,29.251,26.68,-38.312,0.00020629,14.185,2.13,0.71,-5.18,2.4e-05,0.0,0.0,87.46,8.87,WiFi_6
UE_012,0.02022,11.82,6.559,-45.336,0.00112158,3.947,1.89,1.58,-4.62,6.7e-05,0.0,0.0,49.677,2.47,WiFi_6
UE_013,0.00707,40.211,35.495,-33.969,3.547e-05,18.866,2.13,4.67,7.05,2.4e-05,0.0,0.0,87.46,11.79,WiFi_6
UE_014,0.00707,26.919,24.31,-40.275,0.00011472,12.93,1.98,2.72,0.63,2.4e-05,0.0,0.0,87.46,8.08,WiFi_6
UE_015,0.0229,11.095,6.437,-45.113,0.0010365,3.894,2.21,6.66,-10.67,7.6e-05,0.0,0.0,49.311,2.43,WiFi_6
UE_016,0.02331,21.657,18.55,-40.981,0.00024138,9.891,1.67,3.51,-4.3,7.8e-05,0.0,0.0,85.649,6.18,WiFi_6
UE_017,0.00707,23.977,19.758,-40.33,0.00015267,10.526,2.23,1.83,-5.25,2.4e-05,0.0,0.0,87.46,6.58,WiFi_6
UE_018,0.00707,37.033,35.929,-35.492,8.099e-05,19.097,2.02,3.01,6.88,2.4e-05,0.0,0.0,87.46,11.94,WiFi_6
UE_019,0.00707,41.498,37.853,-32.947,2.449e-05,20.12,2.11,0.61,1.08,2.4e-05,0.0,0.0,87.46,12.34,WiFi_6
UE_000,0.01797,20.959,15.186,-41.377,0.00018208,8.141,2.17,1.25,-7.28,6e-05,0.0,0.0,75.559,5.09,WiFi_6
UE_001,0.00707,17.407,14.787,-42.876,0.00010372,7.935,1.54,0.21,7.11,2.4e-05,0.0,0.0,74.362,4.96,WiFi_6
UE_002,0.00632,32.465,28.064,-35.92,8.816e-05,14.92,2.26,0.1,-6.56,2.1e-05,0.0,0.0,87.46,9.32,WiFi_6
UE_003,0.00707,30.409,26.646,-38.263,8.933e-05,14.168,1.98,1.39,8.09,2.4e-05,0.0,0.0,87.46,8.85,WiFi_6
UE_004,0.00707,27.833,25.283,-38.106,0.00012916,13.445,1.66,4.36,-10.02,2.4e-05,0.0,0.0,87.46,8.4,WiFi_6
UE_005,0.00707,21.849,19.933,-42.504,0.00019401,10.618,2.03,3.41,4.49,2.4e-05,0.0,0.0,87.46,6.64,WiFi_6
UE_006,0.00692,20.004,17.893,-41.556,0.00013688,9.547,1.9,2.99,-3.19,2.3e-05,0.0,0.0,83.679,5.97,WiFi_6
UE_007,0.00707,31.336,29.054,-38.221,6.997e-05,15.445,1.96,2.43,11.62,2.4e-05,0.0,0.0,87.46,9.65,WiFi_6
UE_008,0.00707,21.424,18.849,-42.811,0.00018172,10.048,2.26,0.66,6.81,2.4e-05,0.0,0.0,86.547,6.28,WiFi_6
UE_009,0.00707,23.173,19.725,-39.162,0.00019242,10.508,1.81,3.64,8.28,2.4e-05,0.0,0.0,87.46,6.57,WiFi_6
UE_010,0.00707,15.507,12.761,-42.86,0.00012759,6.902,1.89,4.32,-5.73,2.4e-05,0.0,0.0,68.282,4.31,WiFi_6
UE_011,0.00707,26.449,24.076,-40.232,4.177e-05,12.806,1.62,1.04,-5.18,2.4e-05,0.0,0.0,87.46,8.0,WiFi_6
UE_012,0.02196,1.518,-0.931,-49.235,0.15007212,1.366,1.96,28.16,-8.37,7.3e-05,0.0,0.0,27.208,0.85,WiFi_6
UE_013,0.00707,30.185,26.922,-38.534,0.000184,14.314,1.96,5.83,7.05,2.4e-05,0.0,0.0,87.46,8.95,WiFi_6
UE_014,0.00707,37.997,31.437,-33.488,2.946e-05,16.711,1.92,9.22,0.63,2.4e-05,0.0,0.0,87.46,10.44,WiFi_6
UE_015,0.02366,19.075,14.58,-41.769,0.0001313,7.829,1.94,2.04,-10.67,7.9e-05,0.0,0.0,73.741,4.89,WiFi_6
UE_016,0.0181,10.45,5.688,-48.008,0.01013363,3.575,2.15,31.66,-4.3,6e-05,0.0,0.0,47.064,2.23,WiFi_6
UE_017,0.00707,30.552,26.652,-38.265,6.897e-05,14.171,1.52,2.92,-5.25,2.4e-05,0.0,0.0,87.46,8.86,WiFi_6
UE_018,0.00867,28.65,23.596,-37.078,1.844e-05,12.552,1.8,8.64,6.88,2.9e-05,0.0,0.0,87.46,7.84,WiFi_6
UE_019,0.00707,15.286,12.549,-43.284,0.00013671,6.795,1.59,0.31,1.08,2.4e-05,0.0,0.0,67.648,4.25,WiFi_6
UE_000,0.01732,16.285,12.805,-43.834,0.00013314,6.924,2.1,2.43,-7.28,5.8e-05,0.0,0.0,68.416,4.33,WiFi_6
UE_001,0.00707,36.583,34.166,-34.978,4.41e-05,18.16,1.97,2.6,7.11,2.4e-05,0.0,0.0,87.46,11.35,WiFi_6
UE_002,0.00569,38.177,33.576,-36.093,7.756e-05,17.847,1.89,0.49,-6.56,1.9e-05,0.0,0.0,87.46,11.15,WiFi_6
UE_003,0.00707,45.255,40.055,-31.24,0.00015448,21.29,1.97,7.33,8.09,2.4e-05,0.0,0.0,87.46,12.34,WiFi_6
UE_004,0.00707,32.215,30.973,-39.375,2.062e-05,16.464,1.74,1.41,-10.02,2.4e-05,0.0,0.0,87.46,10.29,WiFi_6
UE_005,0.00707,34.841,31.418,-36.053,8.649e-05,16.701,1.97,0.49,4.49,2.4e-05,0.0,0.0,87.46,10.44,WiFi_6
UE_006,0.0101,21.621,17.922,-41.566,0.00013247,9.563,2.27,1.33,-3.19,3.4e-05,0.0,0.0,83.767,5.98,WiFi_6
UE_007,0.00707,41.974,36.797,-32.754,4.091e-05,19.558,1.51,0.64,11.62,2.4e-05,0.0,0.0,87.46,12.22,WiFi_6
UE_008,0.00707,29.912,24.799,-37.28,5.477e-05,13.189,2.09,0.19,6.81,2.4e-05,0.0,0.0,87.46,8.24,WiFi_6
UE_009,0.00707,29.781,26.082,-38.108,8.128e-05,13.868,1.67,0.52,8.28,2.4e-05,0.0,0.0,87.46,8.67,WiFi_6
UE_010,0.00707,25.325,22.305,-40.251,0.00010741,11.869,2.02,0.04,-5.73,2.4e-05,0.0,0.0,87.46,7.42,WiFi_6
UE_011,0.00707,34.269,28.554,-37.215,0.00015284,15.18,1.53,2.3,-5.18,2.4e-05,0.0,0.0,87.46,9.49,WiFi_6
UE_012,0.02809,24.556,21.072,-41.184,0.00020492,11.218,1.98,4.95,-8.37,9.4e-05,0.0,0.0,87.46,7.01,WiFi_6
UE_013,0.00707,25.92,23.587,-37.735,1.153e-05,12.547,1.71,0.27,7.05,2.4e-05,0.0,0.0,87.46,7.84,WiFi_6
UE_014,0.00707,37.565,36.102,-34.263,1.5e-06,19.189,1.78,2.54,0.63,2.4e-05,0.0,0.0,87.46,11.99,WiFi_6
UE_015,0.02442,17.013,14.686,-42.969,0.00020492,7.883,1.56,2.04,-10.67,8.1e-05,0.0,0.0,74.058,4.93,WiFi_6
UE_016,0.01302,19.287,14.225,-41.837,0.00030193,7.646,2.0,2.52,-4.3,4.3e-05,0.0,0.0,72.674,4.78,WiFi_6
UE_017,0.00707,48.918,46.63,-29.769,2.747e-05,24.784,2.25,1.8,-5.25,2.4e-05,0.0,0.0,87.46,12.34,WiFi_6
UE_018,0.0198,2.196,-0.016,-46.98,0.15001704,1.596,1.91,20.09,6.88,6.6e-05,0.0,0.0,29.952,1.0,WiFi_6
UE_019,0.00707,28.85,24.721,-37.24,4.323e-05,13.147,2.1,0.9,1.08,2.4e-05,0.0,0.0,87.46,8.22,WiFi_6
UE_000,0.01667,15.123,13.305,-45.407,0.00020355,7.177,1.99,4.0,-7.28,5.6e-05,0.0,0.0,69.915,4.49,WiFi_6
UE_001,0.00707,46.312,41.101,-30.481,9.796e-05,21.846,1.91,0.75,7.11,2.4e-05,0.0,0.0,87.46,12.34,WiFi_6
UE_002,0.00524,38.579,36.818,-34.851,7.271e-05,19.569,2.25,0.03,-6.56,1.7e-05,0.0,0.0,87.46,12.23,WiFi_6
UE_003,0.00707,-1.653,-2.556,-50.976,0.15004521,1.019,1.83,14.93,8.09,2.4e-05,0.0,0.0,22.332,0.64,WiFi_6
UE_004,0.00707,7.403,2.601,-47.094,0.01000224,2.393,1.73,36.11,-10.02,2.4e-05,0.0,0.0,37.802,1.5,WiFi_6
UE_005,0.00707,32.48,26.565,-36.511,9.804e-05,14.125,1.83,1.41,4.49,2.4e-05,0.0,0.0,87.46,8.83,WiFi_6
UE_006,0.0137,16.483,14.293,-43.51,0.00018816,7.681,1.67,1.42,-3.19,4.6e-05,0.0,0.0,72.879,4.8,WiFi_6
UE_007,0.00707,38.047,36.074,-34.822,0.00013024,19.174,2.08,6.19,11.62,2.4e-05,0.0,0.0,87.46,11.98,WiFi_6
UE_008,0.00707,39.409,34.069,-33.99,0.00016295,18.109,1.77,1.03,6.81,2.4e-05,0.0,0.0,87.46,11.32,WiFi_6
UE_009,0.00707,30.365,27.783,-37.639,0.00020362,14.771,2.21,6.41,8.28,2.4e-05,0.0,0.0,87.46,9.23,WiFi_6
UE_010,0.00707,28.736,24.916,-39.346,0.00020791,13.25,2.01,8.22,-5.73,2.4e-05,0.0,0.0,87.46,8.28,WiFi_6
UE_011,0.00707,13.805,10.978,-45.271,0.00110743,6.012,1.93,3.81,-5.18,2.4e-05,0.0,0.0,62.934,3.76,WiFi_6
UE_012,0.03273,3.601,0.201,-48.11,0.01012288,1.654,1.93,8.02,-8.37,0.000109,0.0,0.0,30.603,1.03,WiFi_6
UE_013,0.00707,24.818,21.554,-40.842,6.555e-05,11.472,1.99,2.36,7.05,2.4e-05,0.0,0.0,87.46,7.17,WiFi_6
UE_014,0.00707,18.771,14.077,-42.846,0.00019317,7.571,1.73,3.3,0.63,2.4e-05,0.0,0.0,72.232,4.73,WiFi_6
UE_015,0.02519,-10.166,-11.182,-53.377,0.15000168,0.169,1.92,26.31,-10.67,8.4e-05,0.0,0.0,15.26,0.11,WiFi_6
UE_016,0.00832,31.821,28.646,-36.525,0.00020231,15.229,2.11,0.3,-4.3,2.8e-05,0.0,0.0,87.46,9.52,WiFi_6
UE_017,0.00707,40.677,37.026,-33.109,0.00012492,19.68,2.11,1.46,-6.39,2.4e-05,0.0,0.0,87.46,12.3,WiFi_6
UE_018,0.01941,12.002,9.094,-45.512,0.00105488,5.102,1.64,0.75,6.88,6.5e-05,0.0,0.0,57.281,3.19,WiFi_6
UE_019,0.00707,15.808,12.713,-42.248,0.00014691,6.878,1.77,8.81,1.08,2.4e-05,0.0,0.0,68.14,4.3,WiFi_6
UE_000,0.01602,30.61,26.168,-37.463,0.00011854,13.914,1.88,1.22,-7.28,5.3e-05,0.0,0.0,87.46,8.7,WiFi_6
UE_001,0.00707,18.77,17.202,-45.308,0.00010471,9.187,1.55,3.67,7.11,2.4e-05,0.0,0.0,81.607,5.74,WiFi_6
UE_002,0.00502,34.811,30.053,-34.881,0.00012817,15.976,1.56,7.55,6.6,1.7e-05,0.0,0.0,87.46,9.98,WiFi_6
UE_003,0.00707,35.917,32.621,-36.561,1.097e-05,17.34,1.56,2.93,8.09,2.4e-05,0.0,0.0,87.46,10.84,WiFi_6
UE_004,0.00707,14.551,9.33,-43.154,0.00115285,5.214,1.58,1.04,-10.02,2.4e-05,0.0,0.0,57.989,3.26,WiFi_6
UE_005,0.00707,30.96,27.671,-37.293,1.67e-06,14.711,2.01,1.0,4.49,2.4e-05,0.0,0.0,87.46,9.19,WiFi_6
UE_006,0.01748,4.881,1.069,-48.386,0.010087,1.901,1.7,24.12,-3.19,5.8e-05,0.0,0.0,33.206,1.19,WiFi_6
UE_007,0.00707,37.42,35.267,-32.719,1.288e-05,18.745,2.07,3.34,11.62,2.4e-05,0.0,0.0,87.46,11.72,WiFi_6
UE_008,0.00707,15.245,11.073,-42.349,0.0010805,6.059,1.91,3.95,6.81,2.4e-05,0.0,0.0,63.22,3.79,WiFi_6
UE_009,0.00707,23.763,19.489,-39.306,0.00019558,10.384,2.25,1.69,8.28,2.4e-05,0.0,0.0,87.46,6.49,WiFi_6
UE_010,0.00707,29.168,25.52,-39.492,6.666e-05,13.57,1.83,1.57,-5.73,2.4e-05,0.0,0.0,87.46,8.48,WiFi_6
UE_011,0.00707,19.377,14.007,-42.992,0.00012123,7.535,2.08,1.1,-5.18,2.4e-05,0.0,0.0,72.02,4.71,WiFi_6
UE_012,0.02764,-10.988,-14.938,-54.461,0.1501694,0.073,2.04,11.36,-8.37,9.2e-05,0.0,0.0,15.26,0.1,WiFi_6
UE_013,0.00707,35.29,31.39,-35.068,7.219e-05,16.686,1.85,0.6,7.05,2.4e-05,0.0,0.0,87.46,10.43,WiFi_6
UE_014,0.00707,4.372,0.826,-47.412,0.01007976,1.83,1.82,19.81,0.63,2.4e-05,0.0,0.0,32.479,1.14,WiFi_6
UE_015,0.02504,33.028,26.65,-34.743,5.162e-05,14.17,2.07,4.48,-10.67,8.3e-05,0.0,0.0,87.46,8.86,WiFi_6
UE_016,0.00516,37.581,36.134,-35.699,7.155e-05,19.206,2.23,3.77,-4.3,1.7e-05,0.0,0.0,87.46,12.0,WiFi_6
UE_017,0.00707,35.487,31.882,-36.646,5.367e-05,16.947,2.04,2.6,1.76,2.4e-05,0.0,0.0,87.46,10.59,WiFi_6
UE_018,0.00834,23.592,17.615,-39.957,0.00016878,9.402,1.53,1.13,6.88,2.8e-05,0.0,0.0,82.846,5.88,WiFi_6
UE_019,0.00707,42.321,37.363,-34.409,0.00024181,19.859,2.25,2.26,1.08,2.4e-05,0.0,0.0,87.46,12.34,WiFi_6
UE_000,0.01537,25.95,22.593,-40.395,2.221e-05,12.021,1.98,3.72,-7.28,5.1e-05,0.0,0.0,87.46,7.51,WiFi_6
UE_001,0.00707,23.563,19.358,-40.694,0.00016366,10.316,1.75,1.85,-14.52,2.4e-05,0.0,0.0,87.46,6.45,WiFi_6
UE_002,0.00344,52.239,48.182,-29.222,7.621e-05,25.609,1.59,0.55,6.6,1.1e-05,0.0,0.0,87.46,12.34,WiFi_6
UE_003,0.00707,26.448,24.655,-39.224,0.00011295,13.112,1.69,3.34,8.09,2.4e-05,0.0,0.0,87.46,8.2,WiFi_6
UE_004,0.00707,17.328,14.795,-43.132,0.00020194,7.939,2.16,1.32,-10.02,2.4e-05,0.0,0.0,74.386,4.96,WiFi_6
UE_005,0.00707,29.984,25.198,-37.894,7.88e-05,13.4,1.61,1.53,4.49,2.4e-05,0.0,0.0,87.46,8.37,WiFi_6
UE_006,0.02133,18.482,14.738,-42.125,0.00018558,7.91,1.8,5.16,-3.19,7.1e-05,0.0,0.0,74.214,4.94,WiFi_6
UE_007,0.00707,36.604,35.238,-35.433,0.00017223,18.73,1.55,0.19,11.62,2.4e-05,0.0,0.0,87.46,11.71,WiFi_6
UE_008,0.00707,34.137,29.106,-37.489,1.188e-05,15.473,1.99,0.59,6.81,2.4e-05,0.0,0.0,87.46,9.67,WiFi_6
UE_009,0.00707,30.49,26.956,-37.559,5.979e-05,14.332,1.95,2.61,8.28,2.4e-05,0.0,0.0,87.46,8.96,WiFi_6
UE_010,0.00707,24.761,20.583,-40.146,0.00015504,10.96,1.84,0.3,-5.73,2.4e-05,0.0,0.0,87.46,6.85,WiFi_6
UE_011,0.00707,30.545,26.704,-37.165,0.00014228,14.198,1.73,1.56,-5.18,2.4e-05,0.0,0.0,87.46,8.87,WiFi_6
UE_012,0.02353,8.238,7.497,-44.977,0.00101064,4.363,2.25,2.85,1.77,7.8e-05,0.0,0.0,52.491,2.73,WiFi_6
UE_013,0.00707,37.521,32.724,-34.117,0.00013079,17.394,2.06,0.65,7.05,2.4e-05,0.0,0.0,87.46,10.87,WiFi_6
UE_014,0.00707,24.533,20.935,-39.844,8.629e-05,11.146,2.21,9.77,0.63,2.4e-05,0.0,0.0,87.46,6.97,WiFi_6
UE_015,0.02427,-7.368,-8.851,-51.155,0.15001761,0.283,1.61,23.14,-10.67,8.1e-05,0.0,0.0,15.26,0.18,WiFi_6
UE_016,0.00646,20.785,20.161,-42.338,4.398e-05,10.738,1.86,0.52,-4.3,2.2e-05,0.0,0.0,87.46,6.71,WiFi_6
UE_017,0.004,52.379,49.093,-29.116,0.00011244,26.093,2.21,16.92,1.76,1.3e-05,0.0,0.0,87.46,12.34,WiFi_6
UE_018,0.00707,15.059,11.298,-44.232,0.0010415,6.17,1.56,0.44,6.88,2.4e-05,0.0,0.0,63.894,3.86,WiFi_6
UE_019,0.00707,18.213,14.175,-42.844,0.00011152,7.621,1.65,2.86,1.08,2.4e-05,0.0,0.0,72.526,4.76,WiFi_6
UE_000,0.01473,23.861,19.516,-40.32,0.00013361,10.398,2.1,2.34,-7.28,4.9e-05,0.0,0.0,87.46,6.5,WiFi_6
UE_001,0.01406,22.046,19.511,-40.313,0.00016382,10.396,2.13,3.8,-14.52,4.7e-05,0.0,0.0,87.46,6.5,WiFi_6
UE_002,0.01164,11.095,7.627,-45.085,0.00114232,4.422,1.51,7.52,6.6,3.9e-05,0.0,0.0,52.882,2.76,WiFi_6
UE_003,0.00707,28.354,24.12,-38.494,4.863e-05,12.829,2.0,1.42,-5.17,2.4e-05,0.0,0.0,87.46,8.02,WiFi_6
UE_004,0.00707,19.403,16.721,-43.033,0.00022254,8.936,2.04,1.0,-10.02,2.4e-05,0.0,0.0,80.163,5.58,WiFi_6
UE_005,0.00707,14.665,13.018,-43.247,0.00023678,7.032,1.58,0.78,4.49,2.4e-05,0.0,0.0,69.054,4.39,WiFi_6
UE_006,0.02522,12.367,8.095,-43.067,0.00129617,4.635,1.57,2.53,-3.19,8.4e-05,0.0,0.0,54.285,2.9,WiFi_6
UE_007,0.00707,28.177,25.929,-38.705,0.00011739,13.788,2.22,2.94,11.62,2.4e-05,0.0,0.0,87.46,8.62,WiFi_6
UE_008,0.00707,35.776,32.88,-33.602,9.786e-05,17.477,1.82,7.4,6.81,2.4e-05,0.0,0.0,87.46,10.92,WiFi_6
UE_009,0.00707,38.364,33.776,-33.993,0.00016112,17.953,1.92,6.5,8.28,2.4e-05,0.0,0.0,87.46,11.22,WiFi_6
UE_010,0.00707,42.813,41.362,-32.529,9.616e-05,21.985,2.02,0.74,-5.73,2.4e-05,0.0,0.0,87.46,12.34,WiFi_6
UE_011,0.00707,22.858,19.015,-40.35,0.00025815,10.135,1.6,0.47,-5.18,2.4e-05,0.0,0.0,87.045,6.33,WiFi_6
UE_012,0.01371,28.769,26.521,-37.83,0.00012287,14.101,1.92,0.92,1.77,4.6e-05,0.0,0.0,87.46,8.81,WiFi_6
UE_013,0.00707,35.711,30.803,-36.343,4.828e-05,16.374,2.13,2.88,7.05,2.4e-05,0.0,0.0,87.46,10.23,WiFi_6
UE_014,0.00707,20.292,17.262,-40.774,0.00015001,9.218,2.06,7.34,0.63,2.4e-05,0.0,0.0,81.787,5.76,WiFi_6
UE_015,0.02351,13.08,9.11,-44.955,0.00121568,5.109,2.07,4.26,-10.67,7.8e-05,0.0,0.0,57.331,3.19,WiFi_6
UE_016,0.00707,40.692,37.901,-34.326,8.503e-05,20.145,1.64,16.07,6.6,2.4e-05,0.0,0.0,87.46,12.34,WiFi_6
UE_017,0.01074,26.574,18.965,-38.73,0.00022663,10.109,2.03,5.52,1.76,3.6e-05,0.0,0.0,86.895,6.32,WiFi_6
UE_018,0.00707,16.649,14.578,-43.772,0.00023,7.828,1.75,1.44,6.88,2.4e-05,0.0,0.0,73.735,4.89,WiFi_6
UE_019,0.00707,30.823,28.435,-36.314,6.489e-05,15.117,1.57,2.47,1.08,2.4e-05,0.0,0.0,87.46,9.45,WiFi_6
UE_000,0.01409,27.298,24.316,-39.424,5.12e-06,12.933,1.81,1.73,-7.28,4.7e-05,0.0,0.0,87.46,8.08,WiFi_6
UE_001,0.01937,24.572,22.111,-41.321,4.269e-05,11.766,1.95,4.92,-5.84,6.5e-05,0.0,0.0,87.46,7.35,WiFi_6
UE_002,0.01991,29.203,25.473,-39.371,3.887e-05,13.545,1.81,5.41,6.6,6.6e-05,0.0,0.0,87.46,8.47,WiFi_6
UE_003,0.00838,7.021,2.933,-47.133,0.01001728,2.509,1.9,9.38,-5.17,2.8e-05,0.0,0.0,38.799,1.57,WiFi_6
UE_004,0.00707,42.206,40.658,-33.197,8.83e-06,21.61,2.26,9.19,-10.02,2.4e-05,0.0,0.0,87.46,12.34,WiFi_6
UE_005,0.00707,14.468,13.774,-44.908,0.00028421,7.416,2.01,0.28,4.49,2.4e-05,0.0,0.0,71.321,4.63,WiFi_6
UE_006,0.02188,-4.54,-4.843,-53.516,0.15000302,0.655,2.24,30.13,-3.68,7.3e-05,0.0,0.0,15.472,0.41,WiFi_6
UE_007,0.00707,30.278,26.429,-37.086,1.263e-05,14.053,1.66,7.37,11.62,2.4e-05,0.0,0.0,87.46,8.78,WiFi_6
UE_008,0.00707,23.475,21.072,-41.645,6.237e-05,11.218,1.58,0.23,6.81,2.4e-05,0.0,0.0,87.46,7.01,WiFi_6
UE_009,0.00707,31.443,27.839,-37.859,2.304e-05,14.8,1.9,7.11,8.28,2.4e-05,0.0,0.0,87.46,9.25,WiFi_6
UE_010,0.00707,25.129,20.789,-40.923,3.286e-05,11.069,1.62,4.47,-5.73,2.4e-05,0.0,0.0,87.46,6.92,WiFi_6
UE_011,0.00707,26.192,23.193,-38.868,0.00010243,12.338,2.16,13.59,-5.18,2.4e-05,0.0,0.0,87.46,7.71,WiFi_6
UE_012,0.00668,37.418,35.241,-36.266,3.505e-05,18.732,1.73,0.09,1.77,2.2e-05,0.0,0.0,87.46,11.71,WiFi_6
UE_013,0.00707,42.225,37.046,-33.655,0.00012547,19.691,1.73,3.96,7.05,2.4e-05,0.0,0.0,87.46,12.31,WiFi_6
UE_014,0.00707,21.533,17.417,-41.081,0.00016103,9.299,1.95,4.68,0.63,2.4e-05,0.0,0.0,82.252,5.81,WiFi_6
UE_015,0.02274,12.566,8.58,-42.087,0.00110513,4.86,2.07,0.65,-10.67,7.6e-05,0.0,0.0,55.739,3.04,WiFi_6
UE_016,0.00596,26.045,21.317,-39.718,3.585e-05,11.347,1.69,5.34,6.6,2e-05,0.0,0.0,87.46,7.09,WiFi_6
UE_017,0.01866,9.375,3.685,-47.491,0.01004385,2.781,1.98,34.48,1.76,6.2e-05,0.0,0.0,41.054,1.74,WiFi_6
UE_018,0.00707,12.412,9.378,-44.384,0.00100648,5.237,1.99,4.44,6.88,2.4e-05,0.0,0.0,58.135,3.27,WiFi_6
UE_019,0.00707,20.408,15.96,-41.949,0.00017889,8.541,1.68,5.45,1.08,2.4e-05,0.0,0.0,77.879,5.34,WiFi_6
UE_000,0.01345,31.924,28.909,-37.125,9.2e-06,15.369,1.64,3.15,-7.28,4.5e-05,0.0,0.0,87.46,9.61,WiFi_6
UE_001,0.01245,19.353,17.648,-43.564,0.0001523,9.419,1.76,7.8,-5.84,4.2e-05,0.0,0.0,82.943,5.89,WiFi_6
UE_002,0.02222,39.474,38.162,-34.498,1.996e-05,20.284,2.19,11.14,6.6,7.4e-05,0.0,0.0,87.46,12.34,WiFi_6
UE_003,0.02293,-2.016,-6.398,-51.453,0.15005669,0.476,2.17,22.37,-5.17,7.6e-05,0.0,0.0,15.26,0.3,WiFi_6
UE_004,0.00707,35.389,33.466,-36.21,3.146e-05,17.788,1.58,0.58,-10.02,2.4e-05,0.0,0.0,87.46,11.12,WiFi_6
UE_005,0.00707,51.887,48.702,-28.532,3.24e-06,25.886,1.81,3.21,4.49,2.4e-05,0.0,0.0,87.46,12.34,WiFi_6
UE_006,0.01671,28.023,25.003,-40.131,0.00022263,13.297,2.18,2.76,-3.68,5.6e-05,0.0,0.0,87.46,8.31,WiFi_6
UE_007,0.00707,25.426,19.885,-39.694,0.00019022,10.593,1.8,2.93,11.62,2.4e-05,0.0,0.0,87.46,6.62,WiFi_6
UE_008,0.00707,16.149,12.965,-41.981,0.00022353,7.005,1.66,2.07,6.81,2.4e-05,0.0,0.0,68.894,4.38,WiFi_6
UE_009,0.00707,18.315,14.783,-44.032,0.00016141,7.933,1.81,0.22,8.28,2.4e-05,0.0,0.0,74.348,4.96,WiFi_6
UE_010,0.00707,13.498,9.64,-44.878,0.00112216,5.362,1.76,9.7,-5.73,2.4e-05,0.0,0.0,58.919,3.35,WiFi_6
UE_011,0.00707,30.96,27.536,-37.494,1.285e-05,14.64,2.2,3.17,-5.18,2.4e-05,0.0,0.0,87.46,9.15,WiFi_6
UE_012,0.00965,22.632,18.275,-40.925,0.00014128,9.747,1.96,0.91,1.77,3.2e-05,0.0,0.0,84.826,6.09,WiFi_6
UE_013,0.00707,18.337,15.593,-41.991,0.00018974,8.351,1.62,2.66,7.05,2.4e-05,0.0,0.0,76.779,5.22,WiFi_6
UE_014,0.00707,32.862,29.666,-36.479,0.00010609,15.77,1.82,2.65,0.63,2.4e-05,0.0,0.0,87.46,9.86,WiFi_6
UE_015,0.02198,15.801,11.156,-43.823,0.00121711,6.1,1.67,11.05,-10.67,7.3e-05,0.0,0.0,63.469,3.81,WiFi_6
UE_016,0.01254,8.396,5.967,-43.296,0.01007235,3.692,1.92,22.01,6.6,4.2e-05,0.0,0.0,47.9,2.31,WiFi_6
UE_017,0.02385,-0.657,-5.273,-48.701,0.15005053,0.6,1.82,8.44,1.76,8e-05,0.0,0.0,15.26,0.38,WiFi_6
UE_018,0.00707,39.745,36.645,-33.662,4.718e-05,19.478,1.86,0.9,6.88,2.4e-05,0.0,0.0,87.46,12.17,WiFi_6
UE_019,0.00707,18.446,14.483,-43.412,0.00013231,7.778,2.18,0.47,1.08,2.4e-05,0.0,0.0,73.448,4.86,WiFi_6
UE_000,0.01282,7.568,3.781,-47.803,0.01009312,2.817,1.57,34.26,-7.28,4.3e-05,0.0,0.0,41.342,1.76,WiFi_6
UE_001,0.00647,25.019,22.971,-37.366,0.00022646,12.221,1.8,8.07,-5.84,2.2e-05,0.0,0.0,87.46,7.64,WiFi_6
UE_002,0.01427,22.838,18.113,-40.567,0.00018295,9.662,1.86,0.71,6.6,4.8e-05,0.0,0.0,84.338,6.04,WiFi_6
UE_003,0.02096,23.673,19.82,-39.634,0.00015561,10.558,1.79,0.2,11.67,7e-05,0.0,0.0,87.46,6.6,WiFi_6
UE_004,0.00707,31.396,26.693,-35.69,9.603e-05,14.192,2.1,2.11,-10.02,2.4e-05,0.0,0.0,87.46,8.87,WiFi_6
UE_005,0.00707,30.912,28.621,-37.664,8.503e-05,15.216,1.83,4.69,4.49,2.4e-05,0.0,0.0,87.46,9.51,WiFi_6
UE_006,0.01271,24.004,17.294,-38.73,0.00014785,9.235,1.51,4.16,-3.68,4.2e-05,0.0,0.0,81.882,5.77,WiFi_6
UE_007,0.00707,42.323,40.299,-32.673,2.423e-05,21.419,1.94,1.39,11.62,2.4e-05,0.0,0.0,87.46,12.34,WiFi_6
UE_008,0.00707,38.003,31.864,-36.009,0.00011594,16.938,1.81,0.13,6.81,2.4e-05,0.0,0.0,87.46,10.59,WiFi_6
UE_009,0.00707,36.814,31.728,-35.761,5.423e-05,16.865,1.84,4.4,8.28,2.4e-05,0.0,0.0,87.46,10.54,WiFi_6
UE_010,0.00707,34.101,29.686,-36.416,5.073e-05,15.781,1.61,7.88,-5.73,2.4e-05,0.0,0.0,87.46,9.86,WiFi_6
UE_011,0.00707,26.815,22.716,-38.285,0.00022357,12.086,2.15,2.63,-5.18,2.4e-05,0.0,0.0,87.46,7.55,WiFi_6
UE_012,0.0116,19.856,16.581,-42.296,0.00010017,8.863,2.13,2.68,1.77,3.9e-05,0.0,0.0,79.742,5.54,WiFi_6
UE_013,0.00707,37.615,35.968,-35.13,5.592e-05,19.118,2.22,8.51,7.05,2.4e-05,0.0,0.0,87.46,11.95,WiFi_6
UE_014,0.00707,14.12,10.531,-44.308,0.00107431,5.793,1.73,0.42,0.63,2.4e-05,0.0,0.0,61.593,3.62,WiFi_6
UE_015,0.02122,1.321,-1.517,-49.573,0.15018829,1.232,2.15,7.72,-10.67,7.1e-05,0.0,0.0,25.448,0.77,WiFi_6
UE_016,0.02038,6.397,1.104,-48.059,0.01007883,1.912,2.04,18.03,6.6,6.8e-05,0.0,0.0,33.311,1.19,WiFi_6
UE_017,0.0168,18.816,16.892,-41.814,0.00017038,9.025,1.82,1.85,1.76,5.6e-05,0.0,0.0,80.677,5.64,WiFi_6
UE_018,0.00707,38.262,36.499,-34.92,8.533e-05,19.4,2.18,0.52,6.88,2.4e-05,0.0,0.0,87.46,12.12,WiFi_6
UE_019,0.00707,44.87,41.373,-33.739,0.00012185,21.99,1.59,3.67,1.08,2.4e-05,0.0,0.0,87.46,12.34,WiFi_6
UE_000,0.0122,18.664,16.366,-42.263,0.000159,8.751,1.77,3.35,-7.28,4.1e-05,0.0,0.0,79.099,5.47,WiFi_6
UE_001,0.00594,35.855,34.004,-36.554,5.424e-05,18.074,2.1,0.92,-5.84,2e-05,0.0,0.0,87.46,11.3,WiFi_6
UE_002,0.00712,10.348,7.538,-46.64,0.00104908,4.382,1.95,0.95,6.6,2.4e-05,0.0,0.0,52.615,2.74,WiFi_6
UE_003,0.0131,27.503,25.667,-38.638,2.353e-05,13.649,1.68,0.01,11.67,4.4e-05,0.0,0.0,87.46,8.53,WiFi_6
UE_004,0.00707,26.329,23.086,-39.621,1.26e-06,12.281,2.01,0.74,-10.02,2.4e-05,0.0,0.0,87.46,7.68,WiFi_6
UE_005,0.00707,10.003,5.128,-46.081,0.01012448,3.343,2.24,14.3,4.49,2.4e-05,0.0,0.0,45.383,2.09,WiFi_6
UE_006,0.0112,22.283,18.743,-41.98,0.00018621,9.993,1.93,4.94,-3.68,3.7e-05,0.0,0.0,86.23,6.25,WiFi_6
UE_007,0.00707,33.396,29.019,-35.669,7.197e-05,15.427,1.55,3.27,11.62,2.4e-05,0.0,0.0,87.46,9.64,WiFi_6
UE_008,0.00707,20.567,18.221,-42.52,0.00024507,9.719,1.67,2.87,6.81,2.4e-05,0.0,0.0,84.664,6.07,WiFi_6
UE_009,0.00707,33.831,28.742,-35.612,0.00024039,15.28,1.57,2.0,8.28,2.4e-05,0.0,0.0,87.46,9.55,WiFi_6
UE_010,0.00707,34.216,32.281,-36.548,8.026e-05,17.159,2.05,2.24,-5.73,2.4e-05,0.0,0.0,87.46,10.72,WiFi_6
UE_011,0.00707,35.541,32.074,-35.495,0.00016468,17.049,1.54,0.25,-5.18,2.4e-05,0.0,0.0,87.46,10.66,WiFi_6
UE_012,0.01364,39.072,34.697,-33.105,5.18e-05,18.442,1.53,3.25,1.77,4.5e-05,0.0,0.0,87.46,11.53,WiFi_6
UE_013,0.00707,15.501,9.467,-43.032,0.00108332,5.279,2.21,0.61,7.05,2.4e-05,0.0,0.0,58.401,3.3,WiFi_6
UE_014,0.00707,28.53,22.209,-38.136,4.883e-05,11.818,2.08,2.37,0.63,2.4e-05,0.0,0.0,87.46,7.39,WiFi_6
UE_015,0.02046,-2.226,-7.648,-51.679,0.15012996,0.366,1.69,9.91,-10.67,6.8e-05,0.0,0.0,15.26,0.23,WiFi_6
UE_016,0.02255,23.2,20.369,-42.425,0.0001163,10.848,2.19,1.7,6.6,7.5e-05,0.0,0.0,87.46,6.78,WiFi_6
UE_017,0.01134,11.296,6.538,-47.303,0.00116946,3.938,2.18,0.05,1.76,3.8e-05,0.0,0.0,49.613,2.46,WiFi_6
UE_018,0.00707,25.196,22.527,-40.295,4.955e-05,11.986,1.56,2.32,6.88,2.4e-05,0.0,0.0,87.46,7.49,WiFi_6
UE_019,0.00707,45.136,40.711,-32.456,3.7e-05,21.638,2.02,0.4,1.08,2.4e-05,0.0,0.0,87.46,12.34,WiFi_6
UE_000,0.01158,9.088,7.671,-46.692,0.00104325,4.442,2.21,4.13,-7.28,3.9e-05,0.0,0.0,53.013,2.78,WiFi_6
UE_001,0.00707,43.405,40.614,-33.059,8.461e-05,21.587,1.87,1.02,-5.84,2.4e-05,0.0,0.0,87.46,12.34,WiFi_6
UE_002,0.00571,26.222,21.124,-39.922,0.00011444,11.245,1.59,0.09,6.6,1.9e-05,0.0,0.0,87.46,7.03,WiFi_6
UE_003,0.01205,17.478,16.2,-42.526,0.00025226,8.665,2.03,3.66,11.67,4e-05,0.0,0.0,78.601,5.42,WiFi_6
UE_004,0.00707,36.676,32.77,-35.482,0.00013643,17.419,1.73,0.32,-10.02,2.4e-05,0.0,0.0,87.46,10.89,WiFi_6
UE_005,0.00707,31.157,29.858,-36.901,1.591e-05,15.872,2.22,2.46,4.49,2.4e-05,0.0,0.0,87.46,9.92,WiFi_6
UE_006,0.01309,12.322,8.222,-45.726,0.00109516,4.694,1.57,3.48,-3.68,4.4e-05,0.0,0.0,54.665,2.93,WiFi_6
UE_007,0.00707,4.904,0.449,-48.543,0.01010259,1.722,1.99,15.78,11.62,2.4e-05,0.0,0.0,31.347,1.08,WiFi_6
UE_008,0.00707,8.846,6.978,-46.131,0.00117879,4.131,2.22,1.45,6.81,2.4e-05,0.0,0.0,50.933,2.58,WiFi_6
UE_009,0.00707,43.854,38.455,-31.132,0.0001017,20.44,1.89,0.4,8.28,2.4e-05,0.0,0.0,87.46,12.34,WiFi_6
UE_010,0.00707,24.4,20.728,-39.361,9.681e-05,11.036,1.64,0.19,-5.73,2.4e-05,0.0,0.0,87.46,6.9,WiFi_6
UE_011,0.00707,24.49,20.476,-39.89,0.00019079,10.904,1.56,9.34,-5.18,2.4e-05,0.0,0.0,87.46,6.81,WiFi_6
UE_012,0.01572,14.973,14.444,-44.044,0.00021033,7.759,2.25,1.53,1.77,5.2e-05,0.0,0.0,73.333,4.85,WiFi_6
UE_013,0.00707,23.88,20.787,-40.271,5.389e-05,11.068,1.94,5.19,7.05,2.4e-05,0.0,0.0,87.46,6.92,WiFi_6
UE_014,0.00707,30.619,27.077,-37.033,0.0001567,14.396,1.59,0.46,0.63,2.4e-05,0.0,0.0,87.46,9.0,WiFi_6
UE_015,0.01971,16.64,13.56,-43.188,0.00019349,7.307,1.68,0.74,-10.67,6.6e-05,0.0,0.0,70.681,4.57,WiFi_6
UE_016,0.01462,33.418,30.933,-36.513,0.00010192,16.443,1.82,5.95,6.6,4.9e-05,0.0,0.0,87.46,10.28,WiFi_6
UE_017,0.0104,7.79,5.788,-46.336,0.01003319,3.617,1.55,23.63,1.76,3.5e-05,0.0,0.0,47.363,2.26,WiFi_6
UE_018,0.00707,24.295,21.437,-42.012,2.248e-05,11.41,1.75,0.9,6.88,2.4e-05,0.0,0.0,87.46,7.13,WiFi_6
UE_019,0.00707,38.766,34.674,-34.646,2.966e-05,18.43,2.19,1.23,1.08,2.4e-05,0.0,0.0,87.46,11.52,WiFi_6
UE_000,0.01097,20.448,18.661,-42.031,0.00015315,9.95,2.12,7.33,-4.9,3.7e-05,0.0,0.0,85.983,6.22,WiFi_6
UE_001,0.00707,30.103,25.877,-39.809,0.00010454,13.76,1.96,0.25,-5.84,2.4e-05,0.0,0.0,87.46,8.6,WiFi_6
UE_002,0.00707,23.188,19.686,-38.221,0.00010308,10.488,2.2,3.96,6.6,2.4e-05,0.0,0.0,87.46,6.56,WiFi_6
UE_003,0.01015,24.94,20.809,-39.774,1.444e-05,11.079,1.94,10.99,11.67,3.4e-05,0.0,0.0,87.46,6.92,WiFi_6
UE_004,0.00707,27.153,21.53,-40.405,6.152e-05,11.46,1.52,4.06,-10.02,2.4e-05,0.0,0.0,87.46,7.16,WiFi_6
UE_005,0.00707,18.41,14.022,-43.581,0.00027889,7.543,1.76,1.9,4.49,2.4e-05,0.0,0.0,72.066,4.71,WiFi_6
UE_006,0.01728,3.164,-1.421,-49.344,0.15014712,1.253,1.66,17.38,-3.68,5.8e-05,0.0,0.0,25.736,0.78,WiFi_6
UE_007,0.00707,48.754,44.251,-28.849,1.486e-05,23.52,1.64,1.89,11.62,2.4e-05,0.0,0.0,87.46,12.34,WiFi_6
UE_008,0.00707,32.21,28.492,-36.971,4.76e-06,15.147,1.8,0.12,6.81,2.4e-05,0.0,0.0,87.46,9.47,WiFi_6
UE_009,0.00707,27.93,24.874,-38.495,0.00010663,13.228,1.78,0.79,8.28,2.4e-05,0.0,0.0,87.46,8.27,WiFi_6
UE_010,0.00707,31.703,29.938,-37.352,0.00015239,15.915,2.01,0.0,-5.73,2.4e-05,0.0,0.0,87.46,9.95,WiFi_6
UE_011,0.00707,26.579,21.191,-38.24,4.511e-05,11.281,1.59,1.35,-5.18,2.4e-05,0.0,0.0,87.46,7.05,WiFi_6
UE_012,0.01783,28.246,24.546,-38.474,0.00011639,13.055,2.24,0.32,1.77,5.9e-05,0.0,0.0,87.46,8.16,WiFi_6
UE_013,0.00707,37.517,34.026,-35.582,8.27e-06,18.086,2.11,2.08,7.05,2.4e-05,0.0,0.0,87.46,11.3,WiFi_6
UE_014,0.00707,23.936,19.72,-41.203,0.00013955,10.506,1.5,0.13,0.63,2.4e-05,0.0,0.0,87.46,6.57,WiFi_6
UE_015,0.01895,13.677,12.494,-43.919,0.00014984,6.767,1.96,3.99,-10.67,6.3e-05,0.0,0.0,67.483,4.23,WiFi_6
UE_016,0.00742,24.32,20.034,-39.487,0.00011518,10.671,1.91,0.38,6.6,2.5e-05,0.0,0.0,87.46,6.67,WiFi_6
UE_017,0.01356,32.456,29.731,-38.251,2.83e-05,15.805,1.59,3.88,-5.46,4.5e-05,0.0,0.0,87.46,9.88,WiFi_6
UE_018,0.00707,16.599,14.488,-42.975,0.00010476,7.781,1.68,3.24,6.88,2.4e-05,0.0,0.0,73.463,4.86,WiFi_6
UE_019,0.00707,40.526,37.642,-34.187,0.00010154,20.008,1.62,3.75,1.08,2.4e-05,0.0,0.0,87.46,12.34,WiFi_6
UE_000,0.00583,35.361,30.931,-36.088,2.833e-05,16.442,1.91,1.77,-1.26,1.9e-05,0.0,0.0,87.46,10.28,WiFi_6
UE_001,0.00707,3.889,2.543,-49.225,0.01012261,2.373,1.73,5.04,-5.84,2.4e-05,0.0,0.0,37.628,1.48,WiFi_6
UE_002,0.00707,21.196,18.546,-41.185,0.00010998,9.889,1.71,1.91,6.6,2.4e-05,0.0,0.0,85.638,6.18,WiFi_6
UE_003,0.00836,23.467,20.612,-42.621,6.659e-05,10.975,2.19,0.82,11.67,2.8e-05,0.0,0.0,87.46,6.86,WiFi_6
UE_004,0.00707,28.034,21.843,-38.653,0.0001248,11.625,1.77,4.94,-10.02,2.4e-05,0.0,0.0,87.46,7.27,WiFi_6
UE_005,0.00707,33.944,32.503,-37.087,0.00021148,17.277,2.24,3.17,4.87,2.4e-05,0.0,0.0,87.46,10.8,WiFi_6
UE_006,0.02221,7.435,4.33,-47.304,0.01005156,3.027,2.0,25.13,-3.68,7.4e-05,0.0,0.0,42.991,1.89,WiFi_6
UE_007,0.00707,31.656,27.663,-38.156,0.00011463,14.707,1.84,1.08,11.62,2.4e-05,0.0,0.0,87.46,9.19,WiFi_6
UE_008,0.00707,19.064,14.1,-41.886,0.00010858,7.583,1.78,2.63,6.81,2.4e-05,0.0,0.0,72.301,4.74,WiFi_6
UE_009,0.00707,31.329,26.417,-37.451,1.408e-05,14.046,1.86,0.01,8.28,2.4e-05,0.0,0.0,87.46,8.78,WiFi_6
UE_010,0.00707,31.204,28.39,-38.71,9.672e-05,15.093,1.51,7.93,-5.73,2.4e-05,0.0,0.0,87.46,9.43,WiFi_6
UE_011,0.00707,32.238,30.809,-37.564,2.886e-05,16.377,1.72,0.51,-5.18,2.4e-05,0.0,0.0,87.46,10.24,WiFi_6
UE_012,0.01997,34.422,31.918,-36.287,5.839e-05,16.966,1.56,4.11,1.77,6.7e-05,0.0,0.0,87.46,10.6,WiFi_6
UE_013,0.00707,30.862,27.42,-38.493,0.00013857,14.578,1.89,2.06,7.05,2.4e-05,0.0,0.0,87.46,9.11,WiFi_6
UE_014,0.00707,13.025,11.174,-43.466,0.00122877,6.109,1.86,7.73,0.63,2.4e-05,0.0,0.0,63.523,3.82,WiFi_6
UE_015,0.0182,8.729,7.186,-46.845,0.00102487,4.223,2.18,2.22,-10.67,6.1e-05,0.0,0.0,51.559,2.64,WiFi_6
UE_016,0.00571,36.174,34.037,-34.748,0.00015962,18.092,1.99,0.75,6.6,1.9e-05,0.0,0.0,87.46,11.31,WiFi_6
UE_017,0.0058,32.517,30.04,-35.161,0.00014378,15.969,1.8,1.63,-5.46,1.9e-05,0.0,0.0,87.46,9.98,WiFi_6
UE_018,0.00707,43.519,37.938,-32.613,0.00020924,20.165,1.93,0.85,6.88,2.4e-05,0.0,0.0,87.46,12.34,WiFi_6
UE_019,0.00707,26.821,23.754,-39.746,2.819e-05,12.635,1.68,0.0,1.08,2.4e-05,0.0,0.0,87.46,7.9,WiFi_6
UE_000,0.01298,35.232,31.677,-35.884,6.73e-06,16.838,1.57,5.85,-1.26,4.3e-05,0.0,0.0,87.46,10.52,WiFi_6
UE_001,0.00707,23.472,17.439,-39.112,0.00016861,9.31,2.05,1.11,-5.84,2.4e-05,0.0,0.0,82.318,5.82,WiFi_6
UE_002,0.00707,31.193,26.738,-35.667,0.00020345,14.216,1.81,2.09,6.6,2.4e-05,0.0,0.0,87.46,8.89,WiFi_6
UE_003,0.00677,38.085,34.462,-34.243,6.886e-05,18.318,1.93,1.61,11.67,2.3e-05,0.0,0.0,87.46,11.45,WiFi_6
UE_004,0.00707,30.548,26.882,-38.523,1.212e-05,14.293,1.96,3.93,-10.02,2.4e-05,0.0,0.0,87.46,8.93,WiFi_6
UE_005,0.00707,24.049,21.812,-41.264,4.63e-05,11.608,1.71,13.08,4.87,2.4e-05,0.0,0.0,87.46,7.26,WiFi_6
UE_006,0.02444,8.528,8.051,-46.329,0.0010588,4.615,1.82,0.59,-3.68,8.1e-05,0.0,0.0,54.154,2.88,WiFi_6
UE_007,0.00707,15.09,10.843,-43.903,0.00105766,5.946,2.03,8.23,11.62,2.4e-05,0.0,0.0,62.528,3.72,WiFi_6
UE_008,0.00707,35.556,32.952,-36.304,5.865e-05,17.515,2.12,2.17,6.81,2.4e-05,0.0,0.0,87.46,10.95,WiFi_6
UE_009,0.00707,35.854,33.742,-34.464,3.226e-05,17.935,1.54,1.76,8.28,2.4e-05,0.0,0.0,87.46,11.21,WiFi_6
UE_010,0.00707,25.833,22.462,-39.997,0.00013254,11.952,1.85,2.02,-5.73,2.4e-05,0.0,0.0,87.46,7.47,WiFi_6
UE_011,0.00707,2.929,-1.61,-48.739,0.15015414,1.212,1.56,15.82,-5.18,2.4e-05,0.0,0.0,25.17,0.76,WiFi_6
UE_012,0.02212,29.317,24.446,-37.937,7.121e-05,13.002,1.82,0.52,1.77,7.4e-05,0.0,0.0,87.46,8.13,WiFi_6
UE_013,0.00707,22.32,18.825,-41.077,0.00015678,10.036,1.92,1.51,7.05,2.4e-05,0.0,0.0,86.474,6.27,WiFi_6
UE_014,0.00707,36.734,31.566,-34.479,0.00015856,16.779,1.89,0.85,0.63,2.4e-05,0.0,0.0,87.46,10.49,WiFi_6
UE_015,0.01745,1.886,-1.071,-47.582,0.15004056,1.333,1.97,26.77,-10.67,5.8e-05,0.0,0.0,26.786,0.83,WiFi_6
UE_016,0.00707,21.432,15.957,-40.489,0.00015857,8.539,1.85,3.23,6.6,2.4e-05,0.0,0.0,77.87,5.34,WiFi_6
UE_017,0.00409,35.238,32.706,-36.429,0.00016974,17.385,2.17,2.49,-5.46,1.4e-05,0.0,0.0,87.46,10.87,WiFi_6
UE_018,0.00707,22.942,20.092,-41.483,0.00012206,10.702,1.61,4.17,-2.37,2.4e-05,0.0,0.0,87.46,6.69,WiFi_6
UE_019,0.00707,27.797,24.97,-38.421,3.464e-05,13.279,1.5,1.0,1.08,2.4e-05,0.0,0.0,87.46,8.3,WiFi_6
UE_000,0.02156,6.023,2.001,-47.77,0.01006647,2.193,1.59,16.25,6.4,7.2e-05,0.0,0.0,36.003,1.37,WiFi_6
UE_001,0.00707,40.57,36.338,-34.091,0.00010166,19.315,1.75,12.04,-5.84,2.4e-05,0.0,0.0,87.46,12.07,WiFi_6
UE_002,0.00707,12.31,9.592,-45.455,0.00101011,5.339,2.24,1.97,6.6,2.4e-05,0.0,0.0,58.775,3.34,WiFi_6
UE_003,0.00556,32.83,30.93,-36.487,8.21e-05,16.442,1.88,0.14,11.67,1.9e-05,0.0,0.0,87.46,10.28,WiFi_6
UE_004,0.00707,19.67,17.427,-43.118,0.00013195,9.304,1.63,2.14,-10.02,2.4e-05,0.0,0.0,82.281,5.81,WiFi_6
UE_005,0.00707,42.237,35.907,-32.281,3.198e-05,19.086,1.66,2.45,4.87,2.4e-05,0.0,0.0,87.46,11.93,WiFi_6
UE_006,0.02011,-1.888,-4.993,-52.623,0.15005049,0.635,2.02,14.9,-3.68,6.7e-05,0.0,0.0,15.26,0.4,WiFi_6
UE_007,0.00707,44.506,38.963,-31.376,1.68e-05,20.709,1.75,6.53,11.62,2.4e-05,0.0,0.0,87.46,12.34,WiFi_6
UE_008,0.00707,26.369,24.31,-40.36,9.074e-05,12.929,1.67,3.56,6.81,2.4e-05,0.0,0.0,87.46,8.08,WiFi_6
UE_009,0.00707,23.091,18.959,-41.375,0.00016255,10.106,1.8,0.61,8.28,2.4e-05,0.0,0.0,86.877,6.32,WiFi_6
UE_010,0.00707,17.219,15.116,-41.53,0.00013585,8.104,1.57,5.79,-5.73,2.4e-05,0.0,0.0,75.348,5.07,WiFi_6
UE_011,0.00707,29.823,25.387,-37.958,1.095e-05,13.5,1.62,1.02,-5.18,2.4e-05,0.0,0.0,87.46,8.44,WiFi_6
UE_012,0.02429,18.303,15.868,-42.735,0.00016666,8.493,1.57,1.63,1.77,8.1e-05,0.0,0.0,77.605,5.31,WiFi_6
UE_013,0.00707,25.087,22.103,-40.909,1.928e-05,11.762,1.78,1.3,7.05,2.4e-05,0.0,0.0,87.46,7.35,WiFi_6
UE_014,0.00707,36.174,31.92,-35.617,0.00012888,16.967,1.79,8.72,0.63,2.4e-05,0.0,0.0,87.46,10.6,WiFi_6
UE_015,0.0167,11.739,7.268,-46.409,0.00102795,4.26,2.26,0.86,-10.67,5.6e-05,0.0,0.0,51.803,2.66,WiFi_6
UE_016,0.00707,34.466,28.607,-36.914,7.043e-05,15.208,1.59,0.38,6.6,2.4e-05,0.0,0.0,87.46,9.51,WiFi_6
UE_017,0.0098,18.056,15.326,-42.244,0.0001222,8.213,1.73,0.47,-5.46,3.3e-05,0.0,0.0,75.979,5.13,WiFi_6
UE_018,0.0054,44.981,41.654,-32.543,4.113e-05,22.139,1.62,2.0,-2.37,1.8e-05,0.0,0.0,87.46,12.34,WiFi_6
UE_019,0.00707,19.106,15.156,-42.755,0.00021615,8.125,1.58,0.35,1.08,2.4e-05,0.0,0.0,75.468,5.08,WiFi_6
UE_000,0.02482,16.207,13.95,-44.951,0.00015946,7.506,1.98,12.33,6.4,8.3e-05,0.0,0.0,71.849,4.69,WiFi_6
UE_001,0.00707,51.281,49.266,-28.725,0.00013611,26.185,1.55,1.36,-5.84,2.4e-05,0.0,0.0,87.46,12.34,WiFi_6
UE_002,0.00707,35.019,32.402,-36.971,2.407e-05,17.223,1.95,0.72,6.6,2.4e-05,0.0,0.0,87.46,10.76,WiFi_6
UE_003,0.00501,44.744,42.746,-31.83,0.00011947,22.72,1.64,0.73,11.67,1.7e-05,0.0,0.0,87.46,12.34,WiFi_6
UE_004,0.00707,14.39,8.803,-43.363,0.00108817,4.965,1.72,1.97,-10.02,2.4e-05,0.0,0.0,56.41,3.1,WiFi_6
UE_005,0.00707,8.845,4.395,-46.872,0.01003624,3.052,1.77,25.39,4.87,2.4e-05,0.0,0.0,43.185,1.91,WiFi_6
UE_006,0.01585,17.565,14.863,-43.98,0.00018683,7.974,1.61,1.18,-4.86,5.3e-05,0.0,0.0,74.59,4.98,WiFi_6
UE_007,0.00707,33.89,30.614,-37.345,2.184e-05,16.273,2.25,0.59,3.73,2.4e-05,0.0,0.0,87.46,10.17,WiFi_6
UE_008,0.00707,33.099,30.362,-35.8,3.636e-05,16.14,1.8,2.71,6.81,2.4e-05,0.0,0.0,87.46,10.09,WiFi_6
UE_009,0.00707,41.262,36.072,-34.594,5.579e-05,19.173,1.91,1.62,8.28,2.4e-05,0.0,0.0,87.46,11.98,WiFi_6
UE_010,0.00707,33.828,30.848,-36.803,4.605e-05,16.398,1.84,2.41,-5.73,2.4e-05,0.0,0.0,87.46,10.25,WiFi_6
UE_011,0.00707,32.289,27.284,-37.024,0.00019334,14.506,2.1,0.98,-5.18,2.4e-05,0.0,0.0,87.46,9.07,WiFi_6
UE_012,0.02453,16.303,11.871,-42.617,0.00110476,6.455,1.77,2.02,1.77,8.2e-05,0.0,0.0,65.614,4.03,WiFi_6
UE_013,0.00707,19.933,13.586,-42.457,0.00029452,7.32,2.21,0.26,7.05,2.4e-05,0.0,0.0,70.759,4.58,WiFi_6
UE_014,0.00707,35.531,31.071,-34.918,5.944e-05,16.516,1.82,1.95,0.63,2.4e-05,0.0,0.0,87.46,10.32,WiFi_6
UE_015,0.01596,26.445,22.613,-41.265,0.00011129,12.032,2.01,1.29,-10.67,5.3e-05,0.0,0.0,87.46,7.52,WiFi_6
UE_016,0.00707,32.929,30.271,-37.788,4.019e-05,16.091,1.52,9.96,6.6,2.4e-05,0.0,0.0,87.46,10.06,WiFi_6
UE_017,0.01384,20.528,20.072,-41.638,0.00010554,10.691,2.04,4.15,-5.46,4.6e-05,0.0,0.0,87.46,6.68,WiFi_6
UE_018,0.00508,28.671,26.599,-39.78,3.162e-05,14.143,2.01,5.81,-2.37,1.7e-05,0.0,0.0,87.46,8.84,WiFi_6
UE_019,0.00707,16.833,16.203,-44.957,0.0001076,8.667,1.6,1.93,1.08,2.4e-05,0.0,0.0,78.61,5.42,WiFi_6
UE_000,0.02303,7.372,4.806,-46.82,0.01004649,3.214,1.98,28.11,6.4,7.7e-05,0.0,0.0,44.419,2.01,WiFi_6
UE_001,0.00707,29.315,27.046,-38.072,0.000148,14.38,1.87,2.1,-5.84,2.4e-05,0.0,0.0,87.46,8.99,WiFi_6
UE_002,0.00707,53.47,49.111,-28.841,3.676e-05,26.103,1.62,0.92,6.6,2.4e-05,0.0,0.0,87.46,12.34,WiFi_6
UE_003,0.00533,42.267,37.974,-32.317,5.836e-05,20.184,1.95,1.19,11.67,1.8e-05,0.0,0.0,87.46,12.34,WiFi_6
UE_004,0.00707,25.717,22.104,-41.179,8.893e-05,11.762,1.99,3.75,-10.02,2.4e-05,0.0,0.0,87.46,7.35,WiFi_6
UE_005,0.00707,12.547,7.233,-45.184,0.0010487,4.244,1.82,2.33,4.87,2.4e-05,0.0,0.0,51.699,2.65,WiFi_6
UE_006,0.01397,11.744,9.286,-45.135,0.00105765,5.193,2.15,4.29,-4.86,4.7e-05,0.0,0.0,57.858,3.25,WiFi_6
UE_007,0.00707,40.182,38.049,-33.137,0.00011327,20.224,1.52,6.77,3.73,2.4e-05,0.0,0.0,87.46,12.34,WiFi_6
UE_008,0.00707,20.032,13.525,-42.448,0.00024248,7.289,2.1,1.23,6.81,2.4e-05,0.0,0.0,70.575,4.56,WiFi_6
UE_009,0.00707,24.499,21.318,-40.901,1.355e-05,11.348,2.04,0.85,8.28,2.4e-05,0.0,0.0,87.46,7.09,WiFi_6
UE_010,0.00707,24.457,19.37,-40.224,0.0003028,10.322,1.66,8.11,-5.73,2.4e-05,0.0,0.0,87.46,6.45,WiFi_6
UE_011,0.00707,37.066,32.05,-36.32,7.486e-05,17.036,1.98,14.96,-5.18,2.4e-05,0.0,0.0,87.46,10.65,WiFi_6
UE_012,0.02237,12.682,8.691,-46.2,0.0010471,4.912,1.6,0.38,1.77,7.5e-05,0.0,0.0,56.073,3.07,WiFi_6
UE_013,0.00707,21.134,17.47,-40.902,0.0002387,9.326,1.58,0.43,7.05,2.4e-05,0.0,0.0,82.409,5.83,WiFi_6
UE_014,0.00707,27.317,20.258,-38.966,0.00023132,10.789,1.88,4.35,0.63,2.4e-05,0.0,0.0,87.46,6.74,WiFi_6
UE_015,0.01522,10.385,5.743,-45.386,0.01005772,3.598,1.76,12.15,-10.67,5.1e-05,0.0,0.0,47.229,2.25,WiFi_6
UE_016,0.00707,36.991,35.117,-34.776,6.08e-05,18.666,2.1,0.68,6.6,2.4e-05,0.0,0.0,87.46,11.67,WiFi_6
UE_017,0.01809,8.306,4.347,-46.488,0.01016749,3.033,2.12,10.56,-5.46,6e-05,0.0,0.0,43.042,1.9,WiFi_6
UE_018,0.00633,42.409,39.138,-34.135,1.743e-05,20.803,1.84,3.9,-2.37,2.1e-05,0.0,0.0,87.46,12.34,WiFi_6
UE_019,0.00707,38.137,32.999,-34.165,0.00023122,17.541,1.78,0.31,1.08,2.4e-05,0.0,0.0,87.46,10.96,WiFi_6
UE_000,0.02473,18.408,15.9,-42.883,0.0002718,8.51,1.72,0.88,6.4,8.2e-05,0.0,0.0,77.701,5.32,WiFi_6
UE_001,0.00707,31.217,26.418,-37.635,0.00012309,14.047,2.2,1.14,-5.84,2.4e-05,0.0,0.0,87.46,8.78,WiFi_6
UE_002,0.00707,41.558,35.812,-32.738,2.04e-06,19.035,1.74,1.94,6.6,2.4e-05,0.0,0.0,87.46,11.9,WiFi_6
UE_003,0.00639,36.513,32.57,-36.965,4.303e-05,17.312,1.82,10.08,11.67,2.1e-05,0.0,0.0,87.46,10.82,WiFi_6
UE_004,0.00707,12.15,7.953,-44.919,0.00102467,4.57,1.83,2.35,-10.02,2.4e-05,0.0,0.0,53.859,2.86,WiFi_6
UE_005,0.00707,20.894,18.369,-42.2,0.00021031,9.797,1.78,4.01,4.87,2.4e-05,0.0,0.0,85.107,6.12,WiFi_6
UE_006,0.01213,16.167,13.608,-43.394,0.00017393,7.331,1.61,8.07,-4.86,4e-05,0.0,0.0,70.825,4.58,WiFi_6
UE_007,0.00707,40.255,36.484,-33.319,0.00020349,19.392,1.82,12.82,-11.7,2.4e-05,0.0,0.0,87.46,12.12,WiFi_6
UE_008,0.00707,29.834,25.975,-38.955,8.991e-05,13.812,1.61,6.42,6.81,2.4e-05,0.0,0.0,87.46,8.63,WiFi_6
UE_009,0.00707,21.551,17.656,-42.316,0.00011183,9.423,2.08,1.21,8.28,2.4e-05,0.0,0.0,82.967,5.89,WiFi_6
UE_010,0.00707,16.828,12.805,-43.803,0.000126,6.924,1.96,2.91,-5.73,2.4e-05,0.0,0.0,68.415,4.33,WiFi_6
UE_011,0.00707,29.409,26.026,-40.209,1.265e-05,13.839,1.97,6.54,-5.18,2.4e-05,0.0,0.0,87.46,8.65,WiFi_6
UE_012,0.02021,9.955,6.943,-45.414,0.00105401,4.115,2.18,13.76,1.77,6.7e-05,0.0,0.0,50.83,2.57,WiFi_6
UE_013,0.00707,36.317,33.926,-34.529,7.49e-06,18.033,1.58,4.14,7.05,2.4e-05,0.0,0.0,87.46,11.27,WiFi_6
UE_014,0.00707,36.227,33.451,-32.584,3.268e-05,17.78,1.5,0.11,0.63,2.4e-05,0.0,0.0,87.46,11.11,WiFi_6
UE_015,0.01448,16.983,13.106,-42.833,0.00024685,7.076,1.88,0.95,-10.67,4.8e-05,0.0,0.0,69.317,4.42,WiFi_6
UE_016,0.00707,27.187,22.185,-40.585,4.523e-05,11.805,2.04,8.17,6.6,2.4e-05,0.0,0.0,87.46,7.38,WiFi_6
UE_017,0.02242,23.977,22.04,-38.532,0.00010107,11.729,1.77,1.01,-5.46,7.5e-05,0.0,0.0,87.46,7.33,WiFi_6
UE_018,0.00847,14.732,10.483,-45.653,0.00102899,5.77,2.18,0.44,-2.37,2.8e-05,0.0,0.0,61.449,3.61,WiFi_6
UE_019,0.00707,7.532,5.235,-46.001,0.01009061,3.387,2.0,20.6,1.08,2.4e-05,0.0,0.0,45.705,2.12,WiFi_6
UE_000,0.0257,7.888,3.016,-46.043,0.01012252,2.538,1.6,14.95,6.4,8.6e-05,0.0,0.0,39.047,1.59,WiFi_6
UE_001,0.00707,37.26,32.573,-35.417,0.00015572,17.314,1.65,4.68,-5.84,2.4e-05,0.0,0.0,87.46,10.82,WiFi_6
UE_002,0.00707,30.241,24.549,-37.98,8.913e-05,13.056,2.21,0.59,6.6,2.4e-05,0.0,0.0,87.46,8.16,WiFi_6
UE_003,0.00707,36.968,32.797,-34.422,8.566e-05,17.433,2.05,1.61,11.67,2.4e-05,0.0,0.0,87.46,10.9,WiFi_6
UE_004,0.00707,35.316,30.398,-34.773,2.59e-06,16.159,1.84,10.35,-10.02,2.4e-05,0.0,0.0,87.46,10.1,WiFi_6
UE_005,0.00707,43.639,41.034,-33.61,0.00012682,21.81,2.02,2.95,4.87,2.4e-05,0.0,0.0,87.46,12.34,WiFi_6
UE_006,0.01035,22.022,17.847,-41.332,0.00017502,9.523,1.5,2.89,-4.86,3.4e-05,0.0,0.0,83.54,5.95,WiFi_6
UE_007,0.01038,22.706,18.61,-37.563,0.00020771,9.923,2.14,4.9,-11.7,3.5e-05,0.0,0.0,85.829,6.2,WiFi_6
UE_008,0.00707,34.468,29.658,-36.435,8.561e-05,15.766,2.05,6.27,8.11,2.4e-05,0.0,0.0,87.46,9.85,WiFi_6
UE_009,0.00707,27.597,23.569,-38.586,3.228e-05,12.537,1.6,2.87,8.28,2.4e-05,0.0,0.0,87.46,7.84,WiFi_6
UE_010,0.00707,31.446,27.789,-37.765,5.438e-05,14.774,2.26,1.31,-5.73,2.4e-05,0.0,0.0,87.46,9.23,WiFi_6
UE_011,0.00707,29.325,24.789,-40.283,0.00012133,13.183,1.79,0.59,-5.18,2.4e-05,0.0,0.0,87.46,8.24,WiFi_6
UE_012,0.01808,10.345,8.693,-44.844,0.00111831,4.913,2.25,3.64,1.77,6e-05,0.0,0.0,56.08,3.07,WiFi_6
UE_013,0.00707,27.838,24.831,-37.96,0.00011308,13.206,2.07,0.43,7.05,2.4e-05,0.0,0.0,87.46,8.25,WiFi_6
UE_014,0.00707,13.06,10.147,-45.118,0.00113138,5.606,2.16,6.56,0.63,2.4e-05,0.0,0.0,60.441,3.5,WiFi_6
UE_015,0.01375,10.601,6.993,-46.536,0.00110867,4.138,1.72,2.38,-10.67,4.6e-05,0.0,0.0,50.98,2.59,WiFi_6
UE_016,0.00707,21.993,20.58,-41.388,1.7e-06,10.959,1.93,0.1,6.6,2.4e-05,0.0,0.0,87.46,6.85,WiFi_6
UE_017,0.02419,14.481,11.13,-45.601,0.00100627,6.087,2.05,2.69,-5.46,8.1e-05,0.0,0.0,63.389,3.8,WiFi_6
UE_018,0.011,33.627,31.284,-35.291,6.711e-05,16.63,1.98,1.01,-2.37,3.7e-05,0.0,0.0,87.46,10.39,WiFi_6
UE_019,0.00707,40.437,36.335,-33.532,1.931e-05,19.313,2.22,1.75,1.08,2.4e-05,0.0,0.0,87.46,12.07,WiFi_6
UE_000,0.01659,13.9,7.553,-44.808,0.00101211,4.388,2.17,0.71,6.4,5.5e-05,0.0,0.0,52.658,2.74,WiFi_6
UE_001,0.00707,25.125,23.48,-39.736,5.803e-05,12.49,1.58,8.0,-5.84,2.4e-05,0.0,0.0,87.46,7.81,WiFi_6
UE_002,0.00707,21.634,16.748,-40.459,0.00022135,8.95,2.19,0.77,6.6,2.4e-05,0.0,0.0,80.245,5.59,WiFi_6
UE_003,0.00707,16.8,11.624,-43.18,0.00104422,6.332,1.67,7.94,11.67,2.4e-05,0.0,0.0,64.872,3.96,WiFi_6
UE_004,0.00707,15.807,12.346,-43.298,0.00014072,6.693,2.08,0.66,-10.02,2.4e-05,0.0,0.0,67.039,4.18,WiFi_6
UE_005,0.00707,32.321,29.084,-37.317,1.079e-05,15.461,1.55,11.78,4.87,2.4e-05,0.0,0.0,87.46,9.66,WiFi_6
UE_006,0.00866,24.306,21.866,-41.024,5.888e-05,11.637,1.77,2.17,-4.86,2.9e-05,0.0,0.0,87.46,7.27,WiFi_6
UE_007,0.0274,7.774,7.139,-48.02,0.00103838,4.202,2.03,1.75,-11.7,9.1e-05,0.0,0.0,51.417,2.63,WiFi_6
UE_008,0.00707,33.501,29.44,-36.404,2.948e-05,15.65,2.0,1.13,8.11,2.4e-05,0.0,0.0,87.46,9.78,WiFi_6
UE_009,0.00707,19.809,16.154,-41.236,0.00019583,8.641,1.74,0.09,8.28,2.4e-05,0.0,0.0,78.462,5.4,WiFi_6
UE_010,0.00707,20.474,17.218,-41.124,0.00016244,9.195,1.53,8.02,-5.73,2.4e-05,0.0,0.0,81.654,5.75,WiFi_6
UE_011,0.00707,17.204,10.609,-44.45,0.00107525,5.831,1.9,4.59,-5.18,2.4e-05,0.0,0.0,61.828,3.64,WiFi_6
UE_012,0.01596,21.76,18.332,-41.477,0.00018045,9.777,1.88,3.02,1.77,5.3e-05,0.0,0.0,84.996,6.11,WiFi_6
UE_013,0.00707,12.272,10.165,-46.581,0.00105589,5.615,1.57,6.6,7.05,2.4e-05,0.0,0.0,60.494,3.51,WiFi_6
UE_014,0.00707,35.834,33.755,-37.045,8.767e-05,17.942,1.86,2.8,0.63,2.4e-05,0.0,0.0,87.46,11.21,WiFi_6
UE_015,0.01303,14.172,9.802,-43.57,0.00100794,5.44,1.97,2.89,-10.67,4.3e-05,0.0,0.0,59.406,3.4,WiFi_6
UE_016,0.00707,14.886,9.89,-45.113,0.00109338,5.482,1.87,1.49,6.6,2.4e-05,0.0,0.0,59.671,3.43,WiFi_6
UE_017,0.01983,6.757,4.618,-46.43,0.01008515,3.139,1.9,18.23,-5.46,6.6e-05,0.0,0.0,43.853,1.96,WiFi_6
UE_018,0.01371,26.972,23.714,-39.218,5.014e-05,12.614,1.59,3.21,-2.37,4.6e-05,0.0,0.0,87.46,7.88,WiFi_6
UE_019,0.00707,30.146,26.1,-37.011,9.55e-06,13.878,1.8,2.0,1.08,2.4e-05,0.0,0.0,87.46,8.67,WiFi_6
UE_000,0.00751,35.615,32.6,-37.276,0.00010194,17.329,1.66,1.46,6.4,2.5e-05,0.0,0.0,87.46,10.83,WiFi_6
UE_001,0.00707,39.864,36.031,-33.946,9.029e-05,19.151,2.17,2.63,-5.84,2.4e-05,0.0,0.0,87.46,11.97,WiFi_6
UE_002,0.00707,39.43,36.699,-34.132,1.523e-05,19.506,2.25,3.15,6.6,2.4e-05,0.0,0.0,87.46,12.19,WiFi_6
UE_003,0.00707,36.44,32.991,-35.009,0.00015789,17.536,2.0,2.64,11.67,2.4e-05,0.0,0.0,87.46,10.96,WiFi_6
UE_004,0.00707,28.076,23.579,-38.368,2.92e-05,12.542,1.84,4.0,-10.02,2.4e-05,0.0,0.0,87.46,7.84,WiFi_6
UE_005,0.00707,18.035,16.089,-44.337,0.00010846,8.608,2.23,6.42,4.87,2.4e-05,0.0,0.0,78.267,5.38,WiFi_6
UE_006,0.00712,1.172,-1.966,-49.986,0.15000842,1.136,2.09,22.31,-4.86,2.4e-05,0.0,0.0,24.101,0.71,WiFi_6
UE_007,0.02429,11.301,7.949,-45.346,0.00108172,4.568,1.61,2.17,-11.7,8.1e-05,0.0,0.0,53.848,2.86,WiFi_6
UE_008,0.00707,31.096,28.237,-36.086,7.835e-05,15.012,1.93,1.06,8.11,2.4e-05,0.0,0.0,87.46,9.38,WiFi_6
UE_009,0.00707,37.795,33.734,-35.195,6.293e-05,17.931,1.71,21.31,8.28,2.4e-05,0.0,0.0,87.46,11.21,WiFi_6
UE_010,0.00707,21.187,17.605,-40.772,0.00024441,9.397,2.17,4.1,-5.73,2.4e-05,0.0,0.0,82.814,5.87,WiFi_6
UE_011,0.00707,22.479,21.909,-43.358,3.535e-05,11.66,2.11,4.79,3.68,2.4e-05,0.0,0.0,87.46,7.29,WiFi_6
UE_012,0.01387,33.199,27.808,-37.302,0.00018382,14.784,1.86,0.72,1.77,4.6e-05,0.0,0.0,87.46,9.24,WiFi_6
UE_013,0.00707,25.142,22.108,-41.146,0.00021627,11.765,1.93,4.78,7.05,2.4e-05,0.0,0.0,87.46,7.35,WiFi_6
UE_014,0.00707,38.192,36.578,-33.217,6.926e-05,19.442,1.99,0.84,0.63,2.4e-05,0.0,0.0,87.46,12.15,WiFi_6
UE_015,0.01231,19.723,17.264,-42.189,0.00022774,9.219,1.75,6.01,-10.67,4.1e-05,0.0,0.0,81.792,5.76,WiFi_6
UE_016,0.00707,22.544,17.048,-39.874,0.00024075,9.106,1.83,5.59,6.6,2.4e-05,0.0,0.0,81.144,5.69,WiFi_6
UE_017,0.01554,19.591,15.433,-42.791,0.00020299,8.268,1.86,1.14,-5.46,5.2e-05,0.0,0.0,76.298,5.17,WiFi_6
UE_018,0.0165,18.884,14.738,-42.206,0.00011638,7.91,1.93,4.33,-2.37,5.5e-05,0.0,0.0,74.214,4.94,WiFi_6
UE_019,0.00707,17.651,14.319,-42.948,0.00020084,7.695,1.99,13.35,1.08,2.4e-05,0.0,0.0,72.957,4.81,WiFi_6
UE_000,0.002,40.51,38.684,-33.046,5.075e-05,20.561,2.05,5.96,6.4,7e-06,0.0,0.0,87.46,12.34,WiFi_6
UE_001,0.00707,36.223,31.339,-34.609,9.737e-05,16.659,1.86,1.94,-5.84,2.4e-05,0.0,0.0,87.46,10.41,WiFi_6
UE_002,0.00707,33.14,32.401,-37.716,1.49e-05,17.223,2.09,4.5,6.6,2.4e-05,0.0,0.0,87.46,10.76,WiFi_6
UE_003,0.00707,38.806,37.485,-35.583,6.861e-05,19.924,2.06,5.04,11.67,2.4e-05,0.0,0.0,87.46,12.34,WiFi_6
UE_004,0.00707,27.386,26.227,-39.702,5.322e-05,13.945,2.1,0.15,-10.02,2.4e-05,0.0,0.0,87.46,8.72,WiFi_6
UE_005,0.00707,31.431,25.791,-38.217,0.00020435,13.714,1.61,2.7,4.87,2.4e-05,0.0,0.0,87.46,8.57,WiFi_6
UE_006,0.00587,24.932,23.845,-39.243,6.155e-05,12.683,1.73,7.49,3.22,2e-05,0.0,0.0,87.46,7.93,WiFi_6
UE_007,0.01985,23.609,19.858,-41.053,0.00013634,10.578,2.24,5.84,-11.7,6.6e-05,0.0,0.0,87.46,6.61,WiFi_6
UE_008,0.00707,11.703,6.824,-44.669,0.00103593,4.063,2.13,2.34,8.11,2.4e-05,0.0,0.0,50.473,2.54,WiFi_6
UE_009,0.00707,45.478,41.968,-31.334,7.455e-05,22.307,1.98,7.08,8.28,2.4e-05,0.0,0.0,87.46,12.34,WiFi_6
UE_010,0.00707,2.607,-1.601,-48.852,0.15010949,1.214,2.22,28.05,-5.73,2.4e-05,0.0,0.0,25.197,0.76,WiFi_6
UE_011,0.00502,24.075,23.822,-40.967,4.398e-05,12.671,1.78,2.86,3.68,1.7e-05,0.0,0.0,87.46,7.92,WiFi_6
UE_012,0.01183,18.14,13.752,-42.051,0.00010307,7.404,1.81,1.31,1.77,3.9e-05,0.0,0.0,71.255,4.63,WiFi_6
UE_013,0.00707,46.909,45.827,-29.934,6.026e-05,24.357,1.97,2.61,7.05,2.4e-05,0.0,0.0,87.46,12.34,WiFi_6
UE_014,0.00707,6.92,1.131,-47.635,0.01014792,1.92,1.65,31.49,0.63,2.4e-05,0.0,0.0,33.394,1.2,WiFi_6
UE_015,0.0116,30.415,29.081,-37.847,3.839e-05,15.46,2.22,17.08,-8.01,3.9e-05,0.0,0.0,87.46,9.66,WiFi_6
UE_016,0.00707,29.838,24.772,-38.055,0.00018015,13.174,1.79,4.35,6.6,2.4e-05,0.0,0.0,87.46,8.23,WiFi_6
UE_017,0.01139,29.463,25.709,-37.275,0.0001606,13.671,1.98,5.93,-5.46,3.8e-05,0.0,0.0,87.46,8.54,WiFi_6
UE_018,0.01934,24.288,21.81,-39.752,9.62e-06,11.607,1.57,0.04,-2.37,6.4e-05,0.0,0.0,87.46,7.25,WiFi_6
UE_019,0.00707,38.676,34.848,-35.271,0.00011257,18.523,1.98,0.82,1.08,2.4e-05,0.0,0.0,87.46,11.58,WiFi_6
UE_000,0.00707,23.739,21.02,-40.836,0.00011971,11.19,2.02,1.32,7.24,2.4e-05,0.0,0.0,87.46,6.99,WiFi_6
UE_001,0.00707,38.676,35.369,-33.357,5.577e-05,18.799,2.11,1.6,-5.84,2.4e-05,0.0,0.0,87.46,11.75,WiFi_6
UE_002,0.00707,41.819,37.395,-34.457,0.00013449,19.876,1.75,6.3,6.6,2.4e-05,0.0,0.0,87.46,12.34,WiFi_6
UE_003,0.00707,24.448,23.128,-40.903,3.249e-05,12.304,1.81,9.51,11.67,2.4e-05,0.0,0.0,87.46,7.69,WiFi_6
UE_004,0.00707,33.88,30.898,-36.833,0.00013029,16.424,1.52,3.45,-10.02,2.4e-05,0.0,0.0,87.46,10.27,WiFi_6
UE_005,0.00707,19.309,14.344,-42.173,0.00020671,7.707,1.66,0.84,-6.58,2.4e-05,0.0,0.0,73.031,4.82,WiFi_6
UE_006,0.00212,32.348,27.06,-37.303,8.767e-05,14.387,1.96,5.57,3.22,7e-06,0.0,0.0,87.46,8.99,WiFi_6
UE_007,0.01178,16.743,14.12,-43.19,0.00031141,7.593,1.72,1.12,-11.7,3.9e-05,0.0,0.0,72.361,4.75,WiFi_6
UE_008,0.00707,41.324,37.855,-33.038,2.396e-05,20.121,2.19,0.4,8.11,2.4e-05,0.0,0.0,87.46,12.34,WiFi_6
UE_009,0.00707,42.987,39.103,-31.674,0.00017444,20.784,1.81,7.54,8.28,2.4e-05,0.0,0.0,87.46,12.34,WiFi_6
UE_010,0.00707,30.575,28.977,-37.615,7.242e-05,15.405,2.25,5.69,-5.73,2.4e-05,0.0,0.0,87.46,9.63,WiFi_6
UE_011,0.00654,32.399,26.745,-37.986,0.00031691,14.22,1.8,1.85,3.68,2.2e-05,0.0,0.0,87.46,8.89,WiFi_6
UE_012,0.00987,32.03,28.501,-38.599,1.856e-05,15.152,1.52,0.87,1.77,3.3e-05,0.0,0.0,87.46,9.47,WiFi_6
UE_013,0.00707,38.82,35.075,-34.35,0.00013713,18.643,2.13,0.13,7.05,2.4e-05,0.0,0.0,87.46,11.65,WiFi_6
UE_014,0.00707,35.866,34.395,-35.124,1.943e-05,18.282,1.9,0.08,0.63,2.4e-05,0.0,0.0,87.46,11.43,WiFi_6
UE_015,0.00526,9.829,8.322,-46.921,0.00119766,4.74,2.16,3.34,-8.01,1.8e-05,0.0,0.0,54.966,2.96,WiFi_6
UE_016,0.00707,25.385,20.834,-40.062,7.396e-05,11.092,1.88,0.04,6.6,2.4e-05,0.0,0.0,87.46,6.93,WiFi_6
UE_017,0.00763,27.863,24.628,-38.561,8.638e-05,13.098,1.53,3.27,-5.46,2.5e-05,0.0,0.0,87.46,8.19,WiFi_6
UE_018,0.02222,3.143,-1.552,-46.688,0.15006193,1.224,1.52,18.3,-2.37,7.4e-05,0.0,0.0,25.343,0.77,WiFi_6
UE_019,0.00707,13.817,8.915,-42.902,0.00120339,5.017,1.51,0.48,-2.4,2.4e-05,0.0,0.0,56.744,3.14,WiFi_6
UE_000,0.00707,45.495,40.467,-30.904,0.00010382,21.509,1.76,7.19,7.24,2.4e-05,0.0,0.0,87.46,12.34,WiFi_6
UE_001,0.00707,44.022,41.565,-32.407,0.00015176,22.092,1.59,0.65,-5.84,2.4e-05,0.0,0.0,87.46,12.34,WiFi_6
UE_002,0.00707,37.079,33.279,-34.62,6.917e-05,17.689,2.18,4.41,6.6,2.4e-05,0.0,0.0,87.46,11.06,WiFi_6
UE_003,0.00707,37.847,33.83,-34.454,6.794e-05,17.982,1.75,5.39,11.67,2.4e-05,0.0,0.0,87.46,11.24,WiFi_6
UE_004,0.00707,15.34,12.289,-43.536,0.0001607,6.664,1.79,3.52,-10.02,2.4e-05,0.0,0.0,66.868,4.17,WiFi_6
UE_005,0.00334,33.325,28.004,-34.592,0.00017751,14.888,1.57,1.37,-6.58,1.1e-05,0.0,0.0,87.46,9.3,WiFi_6
UE_006,0.00586,25.004,22.538,-40.763,9.096e-05,11.992,1.54,0.01,3.22,2e-05,0.0,0.0,87.46,7.49,WiFi_6
UE_007,0.00531,19.532,17.039,-40.899,0.00014297,9.102,1.93,11.24,-11.7,1.8e-05,0.0,0.0,81.118,5.69,WiFi_6
UE_008,0.00707,19.038,18.135,-42.675,0.00032544,9.674,2.22,5.53,8.11,2.4e-05,0.0,0.0,84.405,6.05,WiFi_6
UE_009,0.00707,19.279,14.528,-42.874,0.00034695,7.802,1.63,1.12,8.28,2.4e-05,0.0,0.0,73.585,4.88,WiFi_6
UE_010,0.00707,39.843,35.627,-34.135,7.118e-05,18.937,2.23,0.32,-5.73,2.4e-05,0.0,0.0,87.46,11.84,WiFi_6
UE_011,0.01014,10.191,5.855,-44.108,0.01005876,3.645,1.96,11.11,3.68,3.4e-05,0.0,0.0,47.566,2.28,WiFi_6
UE_012,0.00804,23.301,19.964,-42.348,0.00015631,10.634,1.54,1.77,1.77,2.7e-05,0.0,0.0,87.46,6.65,WiFi_6
UE_013,0.00707,15.925,11.17,-42.521,0.00118181,6.107,1.82,1.04,7.05,2.4e-05,0.0,0.0,63.51,3.82,WiFi_6
UE_014,0.00707,33.542,30.92,-36.302,0.00014673,16.436,1.91,4.15,0.63,2.4e-05,0.0,0.0,87.46,10.27,WiFi_6
UE_015,0.00707,20.235,17.181,-41.21,0.00011479,9.175,1.56,0.28,-8.01,2.4e-05,0.0,0.0,81.542,5.73,WiFi_6
UE_016,0.00707,32.967,30.206,-37.104,8.89e-06,16.057,1.9,2.69,6.6,2.4e-05,0.0,0.0,87.46,10.04,WiFi_6
UE_017,0.00516,31.77,28.476,-39.614,7.676e-05,15.138,1.85,10.7,-5.46,1.7e-05,0.0,0.0,87.46,9.46,WiFi_6
UE_018,0.02511,16.135,11.954,-43.49,0.00114575,6.496,2.15,1.36,-2.37,8.4e-05,0.0,0.0,65.861,4.06,WiFi_6
UE_019,0.00539,16.732,13.954,-42.808,0.00015127,7.508,2.27,0.06,-2.4,1.8e-05,0.0,0.0,71.862,4.69,WiFi_6
UE_000,0.00707,32.457,31.18,-38.581,3.745e-05,16.574,1.77,2.99,7.24,2.4e-05,0.0,0.0,87.46,10.36,WiFi_6
UE_001,0.00707,36.184,31.913,-32.675,2.334e-05,16.964,2.07,1.81,-5.84,2.4e-05,0.0,0.0,87.46,10.6,WiFi_6
UE_002,0.00707,14.02,8.151,-45.495,0.00100791,4.661,1.97,0.66,-5.03,2.4e-05,0.0,0.0,54.453,2.91,WiFi_6
UE_003,0.00707,29.016,23.281,-40.938,0.00010473,12.385,1.57,4.8,11.67,2.4e-05,0.0,0.0,87.46,7.74,WiFi_6
UE_004,0.00707,26.685,20.597,-39.19,2.466e-05,10.967,1.61,3.56,-10.02,2.4e-05,0.0,0.0,87.46,6.85,WiFi_6
UE_005,0.01328,22.382,19.143,-40.427,0.00014642,10.202,1.81,1.27,-6.58,4.4e-05,0.0,0.0,87.428,6.38,WiFi_6
UE_006,0.00866,14.132,11.884,-44.248,0.00108441,6.461,2.06,1.37,3.22,2.9e-05,0.0,0.0,65.652,4.04,WiFi_6
UE_007,0.00707,35.628,33.166,-35.345,0.00010124,17.629,2.03,0.13,-11.7,2.4e-05,0.0,0.0,87.46,11.02,WiFi_6
UE_008,0.00707,22.882,18.976,-40.459,0.00011842,10.115,2.17,9.36,8.11,2.4e-05,0.0,0.0,86.927,6.32,WiFi_6
UE_009,0.00707,0.376,-2.136,-49.877,0.15012595,1.101,2.24,18.91,8.28,2.4e-05,0.0,0.0,23.592,0.69,WiFi_6
UE_010,0.00707,6.759,1.788,-46.072,0.01007697,2.124,2.01,17.16,-5.73,2.4e-05,0.0,0.0,35.365,1.33,WiFi_6
UE_011,0.01432,1.759,-0.618,-49.524,0.15020329,1.442,2.1,26.76,3.68,4.8e-05,0.0,0.0,28.147,0.9,WiFi_6
UE_012,0.00645,30.941,27.991,-37.118,9.824e-05,14.881,1.62,10.2,1.77,2.2e-05,0.0,0.0,87.46,9.3,WiFi_6
UE_013,0.00707,37.078,33.893,-36.869,4.632e-05,18.015,2.14,1.38,7.05,2.4e-05,0.0,0.0,87.46,11.26,WiFi_6
UE_014,0.00707,8.318,3.996,-50.101,0.01003965,2.898,1.65,26.88,0.63,2.4e-05,0.0,0.0,41.989,1.81,WiFi_6
UE_015,0.00707,29.455,22.62,-39.05,8.863e-05,12.035,1.75,4.25,-8.01,2.4e-05,0.0,0.0,87.46,7.52,WiFi_6
UE_016,0.00707,23.851,19.895,-39.22,0.00023982,10.598,2.19,5.05,6.6,2.4e-05,0.0,0.0,87.46,6.62,WiFi_6
UE_017,0.00593,36.676,34.057,-35.008,9.439e-05,18.103,1.72,2.14,-5.46,2e-05,0.0,0.0,87.46,11.31,WiFi_6
UE_018,0.02298,26.042,23.101,-40.771,0.00010175,12.29,1.58,4.79,-2.37,7.7e-05,0.0,0.0,87.46,7.68,WiFi_6
UE_019,0.0051,21.686,17.104,-41.256,0.00016359,9.136,1.86,0.2,-2.4,1.7e-05,0.0,0.0,81.313,5.71,WiFi_6
UE_000,0.00707,30.843,25.063,-38.176,6.211e-05,13.328,1.79,0.27,7.24,2.4e-05,0.0,0.0,87.46,8.33,WiFi_6
UE_001,0.00707,7.564,5.346,-46.184,0.01015779,3.433,2.07,5.84,7.77,2.4e-05,0.0,0.0,46.038,2.15,WiFi_6
UE_002,0.00134,47.368,43.733,-32.224,9.4e-06,23.244,1.72,0.07,5.95,4e-06,0.0,0.0,87.46,12.34,WiFi_6
UE_003,0.00707,27.713,24.625,-37.843,0.00010281,13.096,2.1,4.32,11.67,2.4e-05,0.0,0.0,87.46,8.19,WiFi_6
UE_004,0.00707,21.576,17.136,-41.772,0.00011918,9.152,1.94,1.6,-10.02,2.4e-05,0.0,0.0,81.409,5.72,WiFi_6
UE_005,0.02337,26.168,22.816,-38.536,0.00014064,12.139,2.23,2.6,-6.58,7.8e-05,0.0,0.0,87.46,7.59,WiFi_6
UE_006,0.01218,22.911,20.249,-40.744,4.475e-05,10.784,1.57,3.6,3.22,4.1e-05,0.0,0.0,87.46,6.74,WiFi_6
UE_007,0.00707,31.423,27.615,-37.429,0.00018286,14.682,2.15,0.96,-11.7,2.4e-05,0.0,0.0,87.46,9.18,WiFi_6
UE_008,0.00707,30.02,28.318,-38.163,1.708e-05,15.055,2.17,1.13,8.11,2.4e-05,0.0,0.0,87.46,9.41,WiFi_6
UE_009,0.00707,23.006,20.731,-41.116,5.918e-05,11.038,1.96,3.48,8.28,2.4e-05,0.0,0.0,87.46,6.9,WiFi_6
UE_010,0.00707,21.745,16.884,-39.715,0.00010796,9.021,1.64,6.68,-5.73,2.4e-05,0.0,0.0,80.653,5.64,WiFi_6
UE_011,0.01871,4.953,-1.628,-49.369,0.15011625,1.208,1.88,26.74,3.68,6.2e-05,0.0,0.0,25.115,0.75,WiFi_6
UE_012,0.00533,23.541,18.949,-40.499,0.00025698,10.101,1.51,3.45,1.77,1.8e-05,0.0,0.0,86.848,6.31,WiFi_6
UE_013,0.00707,31.6,29.566,-37.756,3.245e-05,15.717,1.58,1.23,7.05,2.4e-05,0.0,0.0,87.46,9.82,WiFi_6
UE_014,0.00707,32.07,29.19,-36.346,2.111e-05,15.517,1.55,0.29,0.63,2.4e-05,0.0,0.0,87.46,9.7,WiFi_6
UE_015,0.00707,3.397,0.912,-50.112,0.01006774,1.855,1.71,24.44,-8.01,2.4e-05,0.0,0.0,32.736,1.16,WiFi_6
UE_016,0.00707,18.511,15.056,-40.871,0.00017937,8.073,1.96,0.89,6.6,2.4e-05,0.0,0.0,75.167,5.05,WiFi_6
UE_017,0.00707,33.966,32.724,-37.571,4.437e-05,17.394,2.16,2.43,-5.46,2.4e-05,0.0,0.0,87.46,10.87,WiFi_6
UE_018,0.0201,12.354,7.013,-45.309,0.00103306,4.146,1.99,0.53,-2.37,6.7e-05,0.0,0.0,51.04,2.59,WiFi_6
UE_019,0.0064,36.384,35.229,-36.899,3.506e-05,18.725,2.23,1.66,3.53,2.1e-05,0.0,0.0,87.46,11.7,WiFi_6
UE_000,0.00707,26.763,20.789,-37.81,1.58e-06,11.068,2.13,1.13,7.24,2.4e-05,0.0,0.0,87.46,6.92,WiFi_6
UE_001,0.01161,39.688,35.774,-34.087,7.552e-05,19.015,1.83,0.57,7.77,3.9e-05,0.0,0.0,87.46,11.88,WiFi_6
UE_002,0.00596,25.867,22.297,-39.627,4.815e-05,11.865,1.68,1.23,5.95,2e-05,0.0,0.0,87.46,7.42,WiFi_6
UE_003,0.00707,25.598,22.719,-39.249,0.00011955,12.087,2.27,3.58,11.67,2.4e-05,0.0,0.0,87.46,7.55,WiFi_6
UE_004,0.00707,22.755,20.553,-41.364,3.058e-05,10.944,2.1,8.7,-10.02,2.4e-05,0.0,0.0,87.46,6.84,WiFi_6
UE_005,0.02881,-14.088,-17.681,-53.766,0.15018461,0.039,1.73,37.17,-6.58,9.6e-05,0.0,0.0,15.26,0.1,WiFi_6
UE_006,0.01593,25.81,19.637,-37.989,0.00016938,10.462,2.02,0.71,3.22,5.3e-05,0.0,0.0,87.46,6.54,WiFi_6
UE_007,0.00707,30.304,28.417,-37.211,2.24e-05,15.107,1.79,5.03,-11.7,2.4e-05,0.0,0.0,87.46,9.44,WiFi_6
UE_008,0.00707,27.193,23.494,-37.58,1.348e-05,12.497,1.73,4.69,8.11,2.4e-05,0.0,0.0,87.46,7.81,WiFi_6
UE_009,0.00707,30.744,29.698,-36.376,0.00010119,15.787,2.06,2.05,8.28,2.4e-05,0.0,0.0,87.46,9.87,WiFi_6
UE_010,0.00707,11.598,8.617,-45.118,0.001196,4.877,1.92,0.03,-5.73,2.4e-05,0.0,0.0,55.85,3.05,WiFi_6
UE_011,0.02318,24.879,22.424,-41.519,1.064e-05,11.932,2.17,0.07,3.68,7.7e-05,0.0,0.0,87.46,7.46,WiFi_6
UE_012,0.00501,46.302,41.088,-32.861,3.651e-05,21.839,1.89,8.82,1.77,1.7e-05,0.0,0.0,87.46,12.34,WiFi_6
UE_013,0.00707,26.431,22.746,-39.139,2.64e-06,12.102,1.68,3.1,7.05,2.4e-05,0.0,0.0,87.46,7.56,WiFi_6
UE_014,0.00707,33.431,28.4,-35.224,1.576e-05,15.098,2.23,7.44,0.63,2.4e-05,0.0,0.0,87.46,9.44,WiFi_6
UE_015,0.00707,34.406,29.364,-35.224,1.68e-05,15.61,1.67,1.67,-8.01,2.4e-05,0.0,0.0,87.46,9.76,WiFi_6
UE_016,0.00707,40.155,37.606,-34.032,8.726e-05,19.988,1.69,4.88,6.6,2.4e-05,0.0,0.0,87.46,12.34,WiFi_6
UE_017,0.00707,25.627,21.131,-40.165,9.4e-06,11.249,1.9,1.6,-3.4,2.4e-05,0.0,0.0,87.46,7.03,WiFi_6
UE_018,0.01725,18.23,15.527,-42.857,0.00023371,8.316,1.62,1.26,-11.85,5.8e-05,0.0,0.0,76.58,5.2,WiFi_6
UE_019,0.00502,49.256,42.611,-30.56,3.061e-05,22.648,1.97,5.65,3.53,1.7e-05,0.0,0.0,87.46,12.34,WiFi_6
UE_000,0.00707,16.689,12.975,-42.881,0.00010772,7.01,1.69,0.21,7.24,2.4e-05,0.0,0.0,68.925,4.38,WiFi_6
UE_001,0.02782,14.882,11.178,-45.727,0.00108345,6.111,2.03,1.35,7.77,9.3e-05,0.0,0.0,63.534,3.82,WiFi_6
UE_002,0.00707,34.285,31.899,-34.803,4.712e-05,16.956,2.09,4.74,5.95,2.4e-05,0.0,0.0,87.46,10.6,WiFi_6
UE_003,0.00707,30.515,25.62,-38.907,6.3e-06,13.624,1.78,0.92,11.67,2.4e-05,0.0,0.0,87.46,8.51,WiFi_6
UE_004,0.00707,21.505,18.556,-42.077,0.00024078,9.895,1.71,2.6,-10.02,2.4e-05,0.0,0.0,85.668,6.18,WiFi_6
UE_005,0.02803,-2.904,-5.878,-50.345,0.15003982,0.53,1.54,11.7,-6.58,9.3e-05,0.0,0.0,15.26,0.33,WiFi_6
UE_006,0.0198,10.758,5.837,-47.945,0.0100037,3.637,1.94,28.7,3.22,6.6e-05,0.0,0.0,47.51,2.27,WiFi_6
UE_007,0.00707,23.68,19.512,-40.548,0.00010624,10.396,1.61,1.63,-11.7,2.4e-05,0.0,0.0,87.46,6.5,WiFi_6
UE_008,0.00707,39.589,36.586,-32.574,6.831e-05,19.446,2.11,0.69,8.11,2.4e-05,0.0,0.0,87.46,12.15,WiFi_6
UE_009,0.00707,22.097,16.167,-41.184,0.00012921,8.648,1.5,2.22,8.28,2.4e-05,0.0,0.0,78.5,5.4,WiFi_6
UE_010,0.00707,38.953,37.009,-34.001,0.00011871,19.671,1.61,3.22,-5.73,2.4e-05,0.0,0.0,87.46,12.29,WiFi_6
UE_011,0.0233,16.623,13.849,-45.091,0.00018709,7.454,1.53,7.35,3.68,7.8e-05,0.0,0.0,71.548,4.66,WiFi_6
UE_012,0.00562,27.982,23.093,-39.104,7.085e-05,12.286,1.73,2.27,1.77,1.9e-05,0.0,0.0,87.46,7.68,WiFi_6
UE_013,0.00707,16.834,15.375,-45.042,0.00013716,8.238,1.93,2.92,7.05,2.4e-05,0.0,0.0,76.126,5.15,WiFi_6
UE_014,0.00707,23.38,21.028,-40.06,0.00016606,11.195,1.55,4.51,0.63,2.4e-05,0.0,0.0,87.46,7.0,WiFi_6
UE_015,0.00707,10.181,7.351,-45.533,0.00106216,4.297,2.03,8.59,-8.01,2.4e-05,0.0,0.0,52.052,2.69,WiFi_6
UE_016,0.00707,41.615,35.703,-33.124,6.881e-05,18.977,2.08,2.41,6.6,2.4e-05,0.0,0.0,87.46,11.86,WiFi_6
UE_017,0.00538,52.428,51.841,-29.289,9.749e-05,27.554,2.11,3.2,-3.4,1.8e-05,0.0,0.0,87.46,12.34,WiFi_6
UE_018,0.00459,50.354,49.402,-30.559,0.00026825,26.258,1.68,5.19,-11.85,1.5e-05,0.0,0.0,87.46,12.34,WiFi_6
UE_019,0.00696,45.621,42.164,-33.33,2.383e-05,22.411,2.17,0.29,3.53,2.3e-05,0.0,0.0,87.46,12.34,WiFi_6
UE_000,0.00707,35.15,29.777,-36.612,7.377e-05,15.829,2.13,0.35,7.24,2.4e-05,0.0,0.0,87.46,9.89,WiFi_6
UE_001,0.02549,14.63,10.625,-43.341,0.00122555,5.839,1.79,0.21,7.77,8.5e-05,0.0,0.0,61.874,3.65,WiFi_6
UE_002,0.00707,33.68,32.642,-37.101,4.006e-05,17.351,2.03,1.55,5.95,2.4e-05,0.0,0.0,87.46,10.84,WiFi_6
UE_003,0.00707,36.75,33.972,-35.805,0.00026118,18.057,1.65,3.3,11.67,2.4e-05,0.0,0.0,87.46,11.29,WiFi_6
UE_004,0.00707,50.597,48.502,-30.761,1.163e-05,25.779,1.76,1.72,-10.02,2.4e-05,0.0,0.0,87.46,12.34,WiFi_6
UE_005,0.02057,10.081,6.171,-45.634,0.00102534,3.779,2.25,0.58,-6.58,6.9e-05,0.0,0.0,48.512,2.36,WiFi_6
UE_006,0.02371,-6.707,-9.087,-50.66,0.15017386,0.269,1.68,8.19,3.22,7.9e-05,0.0,0.0,15.26,0.17,WiFi_6
UE_007,0.00707,39.683,36.173,-33.07,2.405e-05,19.227,1.78,0.75,-11.7,2.4e-05,0.0,0.0,87.46,12.02,WiFi_6
UE_008,0.00707,25.134,19.319,-39.318,0.00014577,10.295,2.04,1.37,8.11,2.4e-05,0.0,0.0,87.46,6.43,WiFi_6
UE_009,0.00707,43.93,41.95,-32.47,6.236e-05,22.297,1.64,2.65,8.28,2.4e-05,0.0,0.0,87.46,12.34,WiFi_6
UE_010,0.00707,21.022,17.586,-42.41,0.00012651,9.387,1.69,6.56,-5.73,2.4e-05,0.0,0.0,82.758,5.87,WiFi_6
UE_011,0.01883,21.653,17.242,-41.498,0.00034103,9.207,1.61,8.54,3.68,6.3e-05,0.0,0.0,81.726,5.75,WiFi_6
UE_012,0.00692,28.123,23.643,-39.323,0.00011231,12.576,1.79,4.56,1.77,2.3e-05,0.0,0.0,87.46,7.86,WiFi_6
UE_013,0.00707,14.814,11.389,-43.645,0.00107632,6.215,2.08,3.03,7.05,2.4e-05,0.0,0.0,64.166,3.88,WiFi_6
UE_014,0.00707,47.473,40.482,-29.293,0.0001351,21.517,1.63,1.57,0.63,2.4e-05,0.0,0.0,87.46,12.34,WiFi_6
UE_015,0.00707,21.509,17.792,-42.002,0.00025249,9.495,1.59,0.37,-8.01,2.4e-05,0.0,0.0,83.377,5.93,WiFi_6
UE_016,0.00707,18.223,14.553,-43.105,0.0001258,7.815,1.62,3.31,6.6,2.4e-05,0.0,0.0,73.66,4.88,WiFi_6
UE_017,0.01025,15.414,12.924,-45.579,0.00011938,6.984,1.68,3.27,-3.4,3.4e-05,0.0,0.0,68.772,4.36,WiFi_6
UE_018,0.00612,44.433,41.134,-30.782,5.114e-05,21.863,2.11,1.94,-11.85,2e-05,0.0,0.0,87.46,12.34,WiFi_6
UE_019,0.00707,13.546,9.231,-44.756,0.0010995,5.167,2.23,1.41,3.53,2.4e-05,0.0,0.0,57.694,3.23,WiFi_6
UE_000,0.00707,37.158,32.485,-34.113,7.041e-05,17.267,1.74,1.52,7.24,2.4e-05,0.0,0.0,87.46,10.79,WiFi_6
UE_001,0.0169,19.948,16.288,-44.303,0.00017251,8.711,1.92,0.58,-7.08,5.6e-05,0.0,0.0,78.864,5.44,WiFi_6
UE_002,0.00707,57.208,53.105,-28.49,6.968e-05,28.226,2.04,0.72,5.95,2.4e-05,0.0,0.0,87.46,12.34,WiFi_6
UE_003,0.00707,27.793,24.67,-39.321,3.267e-05,13.12,1.58,0.76,11.67,2.4e-05,0.0,0.0,87.46,8.2,WiFi_6
UE_004,0.00707,23.684,21.075,-39.482,0.0002399,11.219,1.68,0.79,-10.02,2.4e-05,0.0,0.0,87.46,7.01,WiFi_6
UE_005,0.01414,3.314,-0.234,-51.246,0.15004569,1.539,1.53,22.07,-6.58,4.7e-05,0.0,0.0,29.298,0.96,WiFi_6
UE_006,0.02334,24.053,21.86,-40.718,0.00016238,11.634,2.0,9.02,3.22,7.8e-05,0.0,0.0,87.46,7.27,WiFi_6
UE_007,0.00707,39.002,35.116,-35.255,1.18e-05,18.665,1.69,0.3,-11.7,2.4e-05,0.0,0.0,87.46,11.67,WiFi_6
UE_008,0.00707,36.131,32.32,-35.446,0.00020351,17.179,1.61,0.75,8.11,2.4e-05,0.0,0.0,87.46,10.74,WiFi_6
UE_009,0.00707,26.604,23.923,-39.038,0.00021537,12.725,1.69,0.78,8.28,2.4e-05,0.0,0.0,87.46,7.95,WiFi_6
UE_010,0.00707,35.807,31.655,-33.847,1.393e-05,16.826,1.84,1.69,-5.73,2.4e-05,0.0,0.0,87.46,10.52,WiFi_6
UE_011,0.01444,8.606,5.682,-46.407,0.010062,3.572,1.58,16.26,3.68,4.8e-05,0.0,0.0,47.045,2.23,WiFi_6
UE_012,0.00707,17.123,14.521,-42.044,0.00011565,7.798,1.7,2.34,1.77,2.4e-05,0.0,0.0,73.564,4.87,WiFi_6
UE_013,0.00707,29.9,27.479,-37.868,0.00011512,14.609,1.66,11.38,7.05,2.4e-05,0.0,0.0,87.46,9.13,WiFi_6
UE_014,0.00707,26.967,23.115,-40.573,0.00012911,12.297,1.79,0.56,0.63,2.4e-05,0.0,0.0,87.46,7.69,WiFi_6
UE_015,0.00707,24.342,20.247,-40.703,2.592e-05,10.783,2.03,1.23,-8.01,2.4e-05,0.0,0.0,87.46,6.74,WiFi_6
UE_016,0.00707,23.853,17.115,-41.301,0.00022396,9.141,1.87,7.14,6.6,2.4e-05,0.0,0.0,81.344,5.71,WiFi_6
UE_017,0.01669,0.339,-2.628,-51.355,0.15011548,1.006,1.51,10.0,-3.4,5.6e-05,0.0,0.0,22.116,0.63,WiFi_6
UE_018,0.00573,20.269,16.688,-42.229,0.00025905,8.919,1.97,1.56,-11.85,1.9e-05,0.0,0.0,80.063,5.57,WiFi_6
UE_019,0.00707,33.8,29.2,-35.968,4.736e-05,15.523,2.2,2.46,3.53,2.4e-05,0.0,0.0,87.46,9.7,WiFi_6
UE_000,0.00707,29.448,25.742,-36.994,5.225e-05,13.688,2.15,0.01,7.24,2.4e-05,0.0,0.0,87.46,8.56,WiFi_6
UE_001,0.02735,-5.699,-8.092,-51.034,0.15008894,0.333,1.54,22.12,-7.08,9.1e-05,0.0,0.0,15.26,0.21,WiFi_6
UE_002,0.00707,28.028,25.99,-39.158,2.716e-05,13.819,1.58,3.9,5.95,2.4e-05,0.0,0.0,87.46,8.64,WiFi_6
UE_003,0.00707,31.165,28.873,-36.353,9.153e-05,15.349,1.56,0.03,11.67,2.4e-05,0.0,0.0,87.46,9.59,WiFi_6
UE_004,0.00707,30.764,25.857,-39.394,8.25e-06,13.749,1.84,1.5,-10.02,2.4e-05,0.0,0.0,87.46,8.59,WiFi_6
UE_005,0.00946,26.489,23.036,-37.62,0.00016424,12.255,1.93,4.53,-6.58,3.2e-05,0.0,0.0,87.46,7.66,WiFi_6
UE_006,0.01942,17.935,14.413,-43.456,0.00012808,7.743,2.0,0.33,3.22,6.5e-05,0.0,0.0,73.24,4.84,WiFi_6
UE_007,0.00707,17.951,12.736,-42.655,0.00019283,6.889,2.15,2.66,-11.7,2.4e-05,0.0,0.0,68.209,4.31,WiFi_6
UE_008,0.00707,30.511,29.121,-38.524,0.00014741,15.481,1.71,2.83,8.11,2.4e-05,0.0,0.0,87.46,9.68,WiFi_6
UE_009,0.00707,39.406,36.904,-33.747,2.81e-05,19.615,2.1,0.61,8.28,2.4e-05,0.0,0.0,87.46,12.26,WiFi_6
UE_010,0.00707,22.132,18.266,-42.239,0.00025911,9.743,1.88,4.2,-5.73,2.4e-05,0.0,0.0,84.797,6.09,WiFi_6
UE_011,0.01024,26.216,22.042,-39.33,0.00013453,11.73,1.74,1.79,3.68,3.4e-05,0.0,0.0,87.46,7.33,WiFi_6
UE_012,0.00707,32.558,30.337,-38.449,0.00013308,16.127,1.74,5.74,1.77,2.4e-05,0.0,0.0,87.46,10.08,WiFi_6
UE_013,0.00707,17.108,15.697,-44.442,0.00024071,8.404,2.0,0.24,7.05,2.4e-05,0.0,0.0,77.091,5.25,WiFi_6
UE_014,0.00707,25.355,21.884,-39.525,0.00010791,11.647,1.71,1.31,5.95,2.4e-05,0.0,0.0,87.46,7.28,WiFi_6
UE_015,0.00707,18.641,15.722,-41.674,0.00015576,8.417,1.73,0.52,-8.01,2.4e-05,0.0,0.0,77.165,5.26,WiFi_6
UE_016,0.00707,21.451,17.896,-41.791,0.00014789,9.549,1.68,0.09,6.6,2.4e-05,0.0,0.0,83.689,5.97,WiFi_6
UE_017,0.02344,19.365,17.836,-41.861,0.00024036,9.518,1.56,2.11,-3.4,7.8e-05,0.0,0.0,83.507,5.95,WiFi_6
UE_018,0.00541,29.441,25.196,-38.892,5.732e-05,13.399,1.84,4.11,-11.85,1.8e-05,0.0,0.0,87.46,8.37,WiFi_6
UE_019,0.00707,26.964,25.358,-41.875,7.87e-06,13.485,1.69,7.42,3.53,2.4e-05,0.0,0.0,87.46,8.43,WiFi_6
UE_000,0.00707,44.733,41.926,-31.937,3.22e-06,22.284,1.62,5.68,7.24,2.4e-05,0.0,0.0,87.46,12.34,WiFi_6
UE_001,0.02792,1.802,-2.098,-48.204,0.15011986,1.109,1.78,13.03,1.38,9.3e-05,0.0,0.0,23.706,0.69,WiFi_6
UE_002,0.00707,32.482,29.298,-36.247,1.644e-05,15.575,1.56,10.96,-6.3,2.4e-05,0.0,0.0,87.46,9.73,WiFi_6
UE_003,0.00707,34.391,30.204,-35.489,7.249e-05,16.056,2.06,3.88,11.67,2.4e-05,0.0,0.0,87.46,10.03,WiFi_6
UE_004,0.00707,43.407,41.464,-34.286,3.837e-05,22.039,1.51,5.36,-10.02,2.4e-05,0.0,0.0,87.46,12.34,WiFi_6
UE_005,0.00545,13.471,8.537,-42.48,0.00120293,4.84,1.57,5.86,-6.58,1.8e-05,0.0,0.0,55.611,3.03,WiFi_6
UE_006,0.01557,12.538,7.464,-46.074,0.00104574,4.348,2.07,1.82,3.22,5.2e-05,0.0,0.0,52.392,2.72,WiFi_6
UE_007,0.00707,60.724,56.208,-25.431,0.00013403,29.875,1.96,6.58,-11.7,2.4e-05,0.0,0.0,87.46,12.34,WiFi_6
UE_008,0.00707,44.792,41.586,-32.203,6.957e-05,22.104,1.64,2.28,8.11,2.4e-05,0.0,0.0,87.46,12.34,WiFi_6
UE_009,0.00707,32.358,29.187,-35.696,5.382e-05,15.516,2.05,5.32,-8.69,2.4e-05,0.0,0.0,87.46,9.7,WiFi_6
UE_010,0.00707,34.713,31.938,-35.604,4.279e-05,16.977,1.85,1.25,-5.73,2.4e-05,0.0,0.0,87.46,10.61,WiFi_6
UE_011,0.00662,27.926,24.011,-39.877,0.00010481,12.771,2.17,9.17,3.68,2.2e-05,0.0,0.0,87.46,7.98,WiFi_6
UE_012,0.00707,23.175,19.153,-41.506,0.00010196,10.208,1.75,9.19,-4.78,2.4e-05,0.0,0.0,87.46,6.38,WiFi_6
UE_013,0.00707,44.721,43.139,-33.387,0.00018696,22.929,1.79,2.08,7.05,2.4e-05,0.0,0.0,87.46,12.34,WiFi_6
UE_014,0.00707,17.801,16.109,-41.961,0.00029561,8.618,1.98,0.23,5.95,2.4e-05,0.0,0.0,78.328,5.39,WiFi_6
UE_015,0.00707,33.44,30.618,-35.062,5.562e-05,16.276,2.22,0.95,-8.01,2.4e-05,0.0,0.0,87.46,10.17,WiFi_6
UE_016,0.00707,26.485,23.948,-38.458,6.668e-05,12.738,1.8,0.52,6.6,2.4e-05,0.0,0.0,87.46,7.96,WiFi_6
UE_017,0.02074,19.864,14.761,-41.743,0.00012058,7.922,1.85,0.16,-3.4,6.9e-05,0.0,0.0,74.284,4.95,WiFi_6
UE_018,0.00517,23.433,21.644,-40.51,2.287e-05,11.52,2.07,1.9,-11.85,1.7e-05,0.0,0.0,87.46,7.2,WiFi_6
UE_019,0.00707,14.072,10.351,-44.549,0.0012026,5.705,1.89,0.91,3.53,2.4e-05,0.0,0.0,61.054,3.57,WiFi_6
UE_000,0.00707,32.987,28.963,-37.397,1.801e-05,15.397,1.69,0.12,7.24,2.4e-05,0.0,0.0,87.46,9.62,WiFi_6
UE_001,0.01843,14.729,12.598,-42.949,0.00013119,6.82,1.81,0.09,1.38,6.1e-05,0.0,0.0,67.795,4.26,WiFi_6
UE_002,0.00376,36.03,32.917,-37.231,4.398e-05,17.497,2.22,3.09,-6.3,1.3e-05,0.0,0.0,87.46,10.94,WiFi_6
UE_003,0.00707,33.376,30.74,-34.498,3.398e-05,16.341,1.58,0.04,11.67,2.4e-05,0.0,0.0,87.46,10.21,WiFi_6
UE_004,0.00707,8.31,6.085,-46.913,0.00111766,3.742,1.72,10.0,-10.02,2.4e-05,0.0,0.0,48.254,2.34,WiFi_6
UE_005,0.00622,35.888,32.648,-36.499,3.51e-05,17.354,1.67,0.11,-6.58,2.1e-05,0.0,0.0,87.46,10.85,WiFi_6
UE_006,0.01183,11.191,6.759,-46.46,0.00103922,4.034,1.72,2.72,3.22,3.9e-05,0.0,0.0,50.278,2.52,WiFi_6
UE_007,0.00707,40.178,39.145,-32.846,8.516e-05,20.806,2.11,4.58,-11.7,2.4e-05,0.0,0.0,87.46,12.34,WiFi_6
UE_008,0.00707,20.715,17.244,-42.497,0.00019018,9.208,1.66,0.29,8.11,2.4e-05,0.0,0.0,81.731,5.76,WiFi_6
UE_009,0.0077,25.539,20.541,-40.219,5.052e-05,10.938,1.59,2.45,-8.69,2.6e-05,0.0,0.0,87.46,6.84,WiFi_6
UE_010,0.00707,22.111,16.42,-39.865,0.00013229,8.78,2.03,1.69,-5.73,2.4e-05,0.0,0.0,79.261,5.49,WiFi_6
UE_011,0.00501,39.43,37.855,-33.239,0.00013136,20.121,1.64,1.52,3.68,1.7e-05,0.0,0.0,87.46,12.34,WiFi_6
UE_012,0.00382,34.445,29.164,-36.02,0.00014148,15.504,2.26,2.24,-4.78,1.3e-05,0.0,0.0,87.46,9.69,WiFi_6
UE_013,0.00707,31.63,27.422,-37.292,0.00012941,14.579,1.82,0.86,7.05,2.4e-05,0.0,0.0,87.46,9.11,WiFi_6
UE_014,0.00707,28.588,25.646,-38.97,4.678e-05,13.637,1.79,1.14,5.95,2.4e-05,0.0,0.0,87.46,8.52,WiFi_6
UE_015,0.00707,10.903,7.759,-46.234,0.00106756,4.482,2.19,4.27,-8.01,2.4e-05,0.0,0.0,53.277,2.8,WiFi_6
UE_016,0.00707,26.565,23.934,-39.563,4.368e-05,12.73,1.93,5.89,6.6,2.4e-05,0.0,0.0,87.46,7.96,WiFi_6
UE_017,0.01407,21.051,19.077,-42.516,0.00019265,10.168,1.92,3.66,-3.4,4.7e-05,0.0,0.0,87.232,6.36,WiFi_6
UE_018,0.00503,30.751,27.466,-36.817,6.485e-05,14.602,1.68,4.2,-11.85,1.7e-05,0.0,0.0,87.46,9.13,WiFi_6
UE_019,0.00707,22.959,18.552,-41.103,0.00031086,9.892,2.09,9.78,3.53,2.4e-05,0.0,0.0,85.656,6.18,WiFi_6
UE_000,0.00707,20.068,17.362,-41.082,0.00022769,9.27,1.61,1.14,7.24,2.4e-05,0.0,0.0,82.086,5.79,WiFi_6
UE_001,0.02024,0.613,-2.029,-50.655,0.15001799,1.123,2.0,21.41,1.38,6.7e-05,0.0,0.0,23.914,0.7,WiFi_6
UE_002,0.01074,30.993,26.976,-38.866,2.271e-05,14.343,1.72,5.84,-6.3,3.6e-05,0.0,0.0,87.46,8.96,WiFi_6
UE_003,0.00707,37.718,33.605,-34.025,0.00015291,17.862,2.03,1.23,-1.05,2.4e-05,0.0,0.0,87.46,11.16,WiFi_6
UE_004,0.00707,25.319,21.718,-41.202,0.00012245,11.559,1.63,5.14,-10.02,2.4e-05,0.0,0.0,87.46,7.22,WiFi_6
UE_005,0.00707,36.745,33.076,-36.404,1.727e-05,17.581,1.9,3.37,-6.58,2.4e-05,0.0,0.0,87.46,10.99,WiFi_6
UE_006,0.00835,34.466,31.348,-35.448,0.00011031,16.664,2.09,7.27,-4.98,2.8e-05,0.0,0.0,87.46,10.41,WiFi_6
UE_007,0.00707,29.155,26.963,-38.512,4.307e-05,14.336,2.14,0.27,-11.7,2.4e-05,0.0,0.0,87.46,8.96,WiFi_6
UE_008,0.00707,35.072,31.519,-37.258,2.35e-05,16.754,2.06,1.38,8.11,2.4e-05,0.0,0.0,87.46,10.47,WiFi_6
UE_009,0.01745,17.834,15.208,-42.752,0.00028123,8.152,2.14,2.6,-8.69,5.8e-05,0.0,0.0,75.623,5.09,WiFi_6
UE_010,0.00707,34.624,30.947,-35.923,6.504e-05,16.451,1.85,1.36,-5.73,2.4e-05,0.0,0.0,87.46,10.28,WiFi_6
UE_011,0.00699,33.632,30.871,-36.968,3.606e-05,16.41,2.17,2.95,3.68,2.3e-05,0.0,0.0,87.46,10.26,WiFi_6
UE_012,0.01421,2.487,0.909,-50.275,0.01024779,1.854,1.92,18.91,-4.78,4.7e-05,0.0,0.0,32.728,1.16,WiFi_6
UE_013,0.00707,37.962,35.578,-34.325,1.208e-05,18.911,2.07,0.63,7.05,2.4e-05,0.0,0.0,87.46,11.82,WiFi_6
UE_014,0.00707,27.727,23.131,-39.013,3.96e-06,12.305,2.27,4.19,5.95,2.4e-05,0.0,0.0,87.46,7.69,WiFi_6
UE_015,0.00707,35.653,33.686,-36.51,6.209e-05,17.905,1.88,5.45,-8.01,2.4e-05,0.0,0.0,87.46,11.19,WiFi_6
UE_016,0.00707,11.617,7.889,-45.599,0.00119175,4.541,2.17,0.31,6.6,2.4e-05,0.0,0.0,53.667,2.84,WiFi_6
UE_017,0.00795,14.621,13.317,-44.066,0.00018407,7.183,1.81,0.91,-3.4,2.6e-05,0.0,0.0,69.951,4.49,WiFi_6
UE_018,0.005,23.251,19.309,-40.708,0.0001343,10.29,2.26,1.18,-11.85,1.7e-05,0.0,0.0,87.46,6.43,WiFi_6
UE_019,0.00707,49.152,45.968,-30.575,0.00013707,24.432,1.64,0.01,3.53,2.4e-05,0.0,0.0,87.46,12.34,WiFi_6
UE_000,0.00707,29.168,27.288,-38.428,0.00012549,14.508,1.96,0.12,7.24,2.4e-05,0.0,0.0,87.46,9.07,WiFi_6
UE_001,0.02192,7.189,2.896,-47.572,0.01003074,2.496,1.93,7.42,1.38,7.3e-05,0.0,0.0,38.689,1.56,WiFi_6
UE_002,0.01881,-5.55,-8.518,-51.088,0.15007681,0.304,2.03,25.06,-6.3,6.3e-05,0.0,0.0,15.26,0.19,WiFi_6
UE_003,0.00621,15.469,13.782,-43.447,0.00024507,7.42,1.91,1.34,-1.05,2.1e-05,0.0,0.0,71.347,4.64,WiFi_6
UE_004,0.00707,21.006,19.391,-41.668,0.00028177,10.333,2.09,1.76,-10.02,2.4e-05,0.0,0.0,87.46,6.46,WiFi_6
UE_005,0.00707,47.321,44.061,-31.372,0.00013658,23.419,1.83,0.22,-6.58,2.4e-05,0.0,0.0,87.46,12.34,WiFi_6
UE_006,0.0134,32.292,29.392,-36.756,4.425e-05,15.625,2.04,0.47,-4.98,4.5e-05,0.0,0.0,87.46,9.77,WiFi_6
UE_007,0.00707,19.558,16.004,-41.61,0.00037509,8.564,2.03,0.78,-11.7,2.4e-05,0.0,0.0,78.012,5.35,WiFi_6
UE_008,0.00707,26.385,21.229,-38.714,5.5e-06,11.301,1.69,17.77,8.11,2.4e-05,0.0,0.0,87.46,7.06,WiFi_6
UE_009,0.02297,12.646,11.412,-46.381,0.00101212,6.227,1.95,0.31,-8.69,7.7e-05,0.0,0.0,64.236,3.89,WiFi_6
UE_010,0.00707,21.948,19.355,-41.751,0.00025713,10.314,1.96,2.43,-5.73,2.4e-05,0.0,0.0,87.46,6.45,WiFi_6
UE_011,0.00707,31.02,26.889,-37.485,3.268e-05,14.296,1.96,3.06,3.68,2.4e-05,0.0,0.0,87.46,8.94,WiFi_6
UE_012,0.02474,21.158,15.312,-41.75,0.00012261,8.206,1.76,0.79,-4.78,8.2e-05,0.0,0.0,75.937,5.13,WiFi_6
UE_013,0.00707,41.147,38.238,-32.761,1.479e-05,20.324,2.25,7.47,7.05,2.4e-05,0.0,0.0,87.46,12.34,WiFi_6
UE_014,0.00707,26.453,21.638,-40.494,0.00021926,11.517,1.95,4.87,5.95,2.4e-05,0.0,0.0,87.46,7.2,WiFi_6
UE_015,0.00707,40.82,38.396,-31.66,9.678e-05,20.408,2.15,3.81,-8.01,2.4e-05,0.0,0.0,87.46,12.34,WiFi_6
UE_016,0.00707,39.218,35.729,-33.234,9.139e-05,18.991,1.62,6.37,6.6,2.4e-05,0.0,0.0,87.46,11.87,WiFi_6
UE_017,0.00506,31.255,31.011,-37.331,0.00012022,16.484,2.12,11.01,-3.4,1.7e-05,0.0,0.0,87.46,10.3,WiFi_6
UE_018,0.00508,31.308,29.307,-37.967,5.684e-05,15.579,1.64,1.6,-11.85,1.7e-05,0.0,0.0,87.46,9.74,WiFi_6
UE_019,0.00707,28.082,27.543,-38.99,4.62e-05,14.643,2.15,0.17,3.53,2.4e-05,0.0,0.0,87.46,9.15,WiFi_6
UE_000,0.00707,27.799,21.02,-38.849,4.41e-05,11.19,2.17,1.78,7.24,2.4e-05,0.0,0.0,87.46,6.99,WiFi_6
UE_001,0.0236,13.43,9.047,-45.05,0.00104053,5.08,2.26,4.88,1.38,7.9e-05,0.0,0.0,57.142,3.17,WiFi_6
UE_002,0.0241,12.612,9.045,-45.691,0.00119551,5.078,1.59,3.08,-6.3,8e-05,0.0,0.0,57.135,3.17,WiFi_6
UE_003,0.00553,40.247,36.894,-34.68,6.28e-05,19.61,1.7,5.52,-1.05,1.8e-05,0.0,0.0,87.46,12.26,WiFi_6
UE_004,0.00707,36.651,34.397,-34.792,8.336e-05,18.283,1.93,7.35,-10.02,2.4e-05,0.0,0.0,87.46,11.43,WiFi_6
UE_005,0.00707,32.321,28.563,-38.015,6.767e-05,15.185,1.67,1.19,-6.58,2.4e-05,0.0,0.0,87.46,9.49,WiFi_6
UE_006,0.01926,8.574,6.175,-49.525,0.00126617,3.781,2.09,1.69,-4.98,6.4e-05,0.0,0.0,48.524,2.36,WiFi_6
UE_007,0.00707,27.06,21.673,-39.389,0.00011495,11.535,2.07,7.02,-11.7,2.4e-05,0.0,0.0,87.46,7.21,WiFi_6
UE_008,0.00707,24.18,21.175,-39.182,0.000138,11.272,1.95,2.06,8.11,2.4e-05,0.0,0.0,87.46,7.05,WiFi_6
UE_009,0.01259,18.881,16.804,-41.65,0.00016975,8.979,2.11,5.64,-8.69,4.2e-05,0.0,0.0,80.413,5.61,WiFi_6
UE_010,0.00707,26.83,23.103,-38.809,0.00013707,12.29,2.2,7.1,-5.73,2.4e-05,0.0,0.0,87.46,7.68,WiFi_6
UE_011,0.00707,16.301,14.948,-42.64,0.00013152,8.018,1.64,0.39,5.19,2.4e-05,0.0,0.0,74.845,5.01,WiFi_6
UE_012,0.02767,-5.495,-11.19,-50.198,0.1500721,0.169,2.19,16.17,-4.78,9.2e-05,0.0,0.0,15.26,0.11,WiFi_6
UE_013,0.00707,46.039,42.824,-31.182,9.213e-05,22.761,1.89,5.86,7.05,2.4e-05,0.0,0.0,87.46,12.34,WiFi_6
UE_014,0.00707,25.759,21.742,-40.507,0.00014985,11.572,1.98,5.02,5.95,2.4e-05,0.0,0.0,87.46,7.23,WiFi_6
UE_015,0.00707,26.979,25.92,-40.288,4.32e-05,13.783,1.87,3.46,-8.01,2.4e-05,0.0,0.0,87.46,8.61,WiFi_6
UE_016,0.00707,37.106,31.147,-35.479,0.00020685,16.557,2.04,2.92,6.6,2.4e-05,0.0,0.0,87.46,10.35,WiFi_6
UE_017,0.00707,20.95,17.437,-41.759,0.00030323,9.309,1.74,3.5,-3.4,2.4e-05,0.0,0.0,82.31,5.82,WiFi_6
UE_018,0.00525,32.316,28.019,-38.829,5.456e-05,14.896,2.16,0.7,-11.85,1.8e-05,0.0,0.0,87.46,9.31,WiFi_6
UE_019,0.00707,23.508,18.728,-40.491,0.0001573,9.985,2.18,0.58,3.53,2.4e-05,0.0,0.0,86.185,6.24,WiFi_6
UE_000,0.00707,43.843,38.655,-31.452,3.862e-05,20.546,1.55,3.01,7.24,2.4e-05,0.0,0.0,87.46,12.34,WiFi_6
UE_001,0.02529,-0.071,-2.125,-49.802,0.15016903,1.104,1.68,15.63,1.38,8.4e-05,0.0,0.0,23.625,0.69,WiFi_6
UE_002,0.0175,8.877,4.345,-46.14,0.01003954,3.032,1.58,31.89,-6.3,5.8e-05,0.0,0.0,43.036,1.9,WiFi_6
UE_003,0.00511,35.781,32.9,-36.052,7.37e-05,17.488,2.25,1.46,-1.05,1.7e-05,0.0,0.0,87.46,10.93,WiFi_6
UE_004,0.00707,20.778,17.613,-42.614,0.00014175,9.401,2.26,4.12,-10.02,2.4e-05,0.0,0.0,82.84,5.88,WiFi_6
UE_005,0.00707,38.867,34.362,-34.053,0.00013709,18.264,2.08,2.02,-2.83,2.4e-05,0.0,0.0,87.46,11.42,WiFi_6
UE_006,0.02464,15.686,14.509,-42.832,0.0001361,7.792,2.04,2.85,-4.12,8.2e-05,0.0,0.0,73.527,4.87,WiFi_6
UE_007,0.00707,23.471,21.041,-41.897,1.322e-05,11.202,1.9,1.23,-11.7,2.4e-05,0.0,0.0,87.46,7.0,WiFi_6
UE_008,0.00707,37.872,36.374,-33.401,5.353e-05,19.334,1.71,0.02,8.11,2.4e-05,0.0,0.0,87.46,12.08,WiFi_6
UE_009,0.00505,25.825,24.992,-41.178,0.00011758,13.291,1.74,0.57,-8.69,1.7e-05,0.0,0.0,87.46,8.31,WiFi_6
UE_010,0.00707,28.897,23.67,-36.558,6.937e-05,12.591,2.04,1.81,-5.73,2.4e-05,0.0,0.0,87.46,7.87,WiFi_6
UE_011,0.00707,28.024,27.083,-39.395,8.525e-05,14.399,1.74,0.25,5.19,2.4e-05,0.0,0.0,87.46,9.0,WiFi_6
UE_012,0.02741,13.651,8.323,-46.161,0.00100513,4.741,2.26,0.98,-4.78,9.1e-05,0.0,0.0,54.969,2.96,WiFi_6
UE_013,0.00707,13.649,12.199,-45.584,0.0001079,6.619,2.2,8.15,7.05,2.4e-05,0.0,0.0,66.596,4.14,WiFi_6
UE_014,0.00707,33.18,29.264,-36.673,6.923e-05,15.557,2.13,1.0,5.95,2.4e-05,0.0,0.0,87.46,9.72,WiFi_6
UE_015,0.00707,24.208,21.363,-41.457,0.00012048,11.372,1.8,6.15,-8.01,2.4e-05,0.0,0.0,87.46,7.11,WiFi_6
UE_016,0.00707,23.715,19.775,-40.443,0.00043394,10.535,1.96,1.03,6.6,2.4e-05,0.0,0.0,87.46,6.58,WiFi_6
UE_017,0.00707,10.901,4.05,-45.51,0.01005771,2.918,1.69,18.0,-3.4,2.4e-05,0.0,0.0,42.149,1.82,WiFi_6
UE_018,0.00553,26.751,23.753,-38.295,6.282e-05,12.635,2.27,8.72,-11.85,1.8e-05,0.0,0.0,87.46,7.9,WiFi_6
UE_019,0.00707,38.144,34.974,-33.343,5.96e-05,18.59,1.68,7.12,3.53,2.4e-05,0.0,0.0,87.46,11.62,WiFi_6
UE_000,0.00707,32.443,28.838,-37.88,0.00014389,15.331,1.57,11.13,7.24,2.4e-05,0.0,0.0,87.46,9.58,WiFi_6
UE_001,0.02401,6.116,2.208,-46.813,0.01008846,2.26,1.65,28.01,1.38,8e-05,0.0,0.0,36.623,1.41,WiFi_6
UE_002,0.01298,26.058,23.377,-39.4,2.967e-05,12.436,1.74,1.38,-6.3,4.3e-05,0.0,0.0,87.46,7.77,WiFi_6
UE_003,0.00501,27.546,23.241,-39.832,2.483e-05,12.364,1.73,5.96,-1.05,1.7e-05,0.0,0.0,87.46,7.73,WiFi_6
UE_004,0.00707,20.733,19.017,-40.468,0.00033651,10.137,2.07,0.77,-10.02,2.4e-05,0.0,0.0,87.052,6.34,WiFi_6
UE_005,0.0067,37.923,35.016,-32.701,0.00010314,18.612,1.73,7.99,-2.83,2.2e-05,0.0,0.0,87.46,11.63,WiFi_6
UE_006,0.01974,-0.026,-1.763,-49.331,0.15003358,1.179,1.68,12.1,-4.12,6.6e-05,0.0,0.0,24.711,0.74,WiFi_6
UE_007,0.00707,19.628,15.586,-43.514,0.00019538,8.347,1.84,14.64,-11.7,2.4e-05,0.0,0.0,76.759,5.22,WiFi_6
UE_008,0.00707,28.093,25.278,-40.79,1.917e-05,13.442,1.83,7.73,8.11,2.4e-05,0.0,0.0,87.46,8.4,WiFi_6
UE_009,0.00707,48.94,45.039,-31.125,2.205e-05,23.939,1.69,4.24,-8.69,2.4e-05,0.0,0.0,87.46,12.34,WiFi_6
UE_010,0.00707,33.673,30.406,-36.435,5.598e-05,16.163,2.23,3.56,-5.73,2.4e-05,0.0,0.0,87.46,10.1,WiFi_6
UE_011,0.00707,30.685,29.189,-38.125,6.72e-06,15.517,1.71,3.91,5.19,2.4e-05,0.0,0.0,87.46,9.7,WiFi_6
UE_012,0.01936,19.613,16.412,-41.901,0.00031116,8.775,1.77,3.91,-4.78,6.5e-05,0.0,0.0,79.235,5.48,WiFi_6
UE_013,0.00707,19.608,16.706,-41.799,0.00017865,8.928,2.22,0.44,7.05,2.4e-05,0.0,0.0,80.117,5.58,WiFi_6
UE_014,0.00707,39.743,35.934,-35.81,8.459e-05,19.1,2.18,5.33,5.95,2.4e-05,0.0,0.0,87.46,11.94,WiFi_6
UE_015,0.00707,27.059,22.35,-38.811,0.00012173,11.892,1.69,2.69,-8.01,2.4e-05,0.0,0.0,87.46,7.43,WiFi_6
UE_016,0.00707,21.033,15.841,-43.315,0.00012252,8.479,1.82,6.17,6.6,2.4e-05,0.0,0.0,77.523,5.3,WiFi_6
UE_017,0.00707,36.419,31.935,-35.796,6.308e-05,16.975,2.15,3.85,-3.4,2.4e-05,0.0,0.0,87.46,10.61,WiFi_6
UE_018,0.00588,19.522,16.371,-44.238,0.00016581,8.754,1.85,3.35,-11.85,2e-05,0.0,0.0,79.113,5.47,WiFi_6
UE_019,0.00707,26.077,24.107,-38.633,3.103e-05,12.822,1.53,2.37,3.53,2.4e-05,0.0,0.0,87.46,8.01,WiFi_6
UE_000,0.00707,20.349,16.567,-41.715,0.00024638,8.856,1.61,0.55,7.24,2.4e-05,0.0,0.0,79.701,5.53,WiFi_6
UE_001,0.02232,11.224,8.486,-44.252,0.00108658,4.816,1.71,4.62,1.38,7.4e-05,0.0,0.0,55.459,3.01,WiFi_6
UE_002,0.01297,11.229,6.564,-46.492,0.00103381,3.949,1.81,0.68,-6.3,4.3e-05,0.0,0.0,49.692,2.47,WiFi_6
UE_003,0.00524,40.755,37.923,-34.827,9.942e-05,20.157,1.95,0.15,-1.05,1.7e-05,0.0,0.0,87.46,12.34,WiFi_6
UE_004,0.00707,19.975,16.382,-41.338,0.00025803,8.76,1.81,3.77,-10.02,2.4e-05,0.0,0.0,79.147,5.47,WiFi_6
UE_005,0.0148,5.39,0.225,-45.438,0.0100439,1.661,1.99,34.65,-2.83,4.9e-05,0.0,0.0,30.676,1.04,WiFi_6
UE_006,0.01592,27.596,24.55,-38.767,8.284e-05,13.056,1.57,2.38,-4.12,5.3e-05,0.0,0.0,87.46,8.16,WiFi_6
UE_007,0.00707,19.847,16.56,-46.248,0.00011327,8.852,1.56,7.74,-11.7,2.4e-05,0.0,0.0,79.68,5.53,WiFi_6
UE_008,0.00707,14.21,10.474,-43.701,0.00103863,5.765,1.7,0.07,8.11,2.4e-05,0.0,0.0,61.422,3.6,WiFi_6
UE_009,0.00707,37.144,33.375,-36.791,0.00012349,17.74,1.84,3.79,-8.69,2.4e-05,0.0,0.0,87.46,11.09,WiFi_6
UE_010,0.00707,32.925,28.142,-37.35,6.998e-05,14.961,1.82,0.16,-5.73,2.4e-05,0.0,0.0,87.46,9.35,WiFi_6
UE_011,0.00707,28.955,24.994,-39.897,5.727e-05,13.292,1.56,1.58,5.19,2.4e-05,0.0,0.0,87.46,8.31,WiFi_6
UE_012,0.01409,27.078,22.741,-39.132,0.00018251,12.099,2.03,7.06,-4.78,4.7e-05,0.0,0.0,87.46,7.56,WiFi_6
UE_013,0.00707,20.581,18.173,-40.238,0.00015265,9.694,1.93,1.15,7.05,2.4e-05,0.0,0.0,84.518,6.06,WiFi_6
UE_014,0.00707,29.78,28.303,-37.689,2.044e-05,15.047,2.03,8.13,5.95,2.4e-05,0.0,0.0,87.46,9.4,WiFi_6
UE_015,0.00707,25.349,21.016,-37.89,7.526e-05,11.189,1.99,1.22,-8.01,2.4e-05,0.0,0.0,87.46,6.99,WiFi_6
UE_016,0.00707,35.449,32.611,-36.151,0.00015264,17.334,2.18,1.74,6.6,2.4e-05,0.0,0.0,87.46,10.83,WiFi_6
UE_017,0.00707,36.394,33.299,-36.225,7.33e-06,17.7,2.2,4.86,-3.4,2.4e-05,0.0,0.0,87.46,11.06,WiFi_6
UE_018,0.00629,42.307,40.433,-34.31,6.891e-05,21.491,2.04,0.92,-11.85,2.1e-05,0.0,0.0,87.46,12.34,WiFi_6
UE_019,0.00707,24.374,20.288,-39.943,0.0001425,10.805,1.74,0.67,3.53,2.4e-05,0.0,0.0,87.46,6.75,WiFi_6
UE_000,0.00707,28.148,23.119,-38.34,0.00021835,12.299,1.7,3.83,7.24,2.4e-05,0.0,0.0,87.46,7.69,WiFi_6
UE_001,0.02064,12.332,9.369,-45.881,0.00110623,5.232,1.86,4.12,1.38,6.9e-05,0.0,0.0,58.107,3.27,WiFi_6
UE_002,0.01632,18.796,16.753,-40.887,0.000175,8.953,1.75,1.48,-6.3,5.4e-05,0.0,0.0,80.259,5.6,WiFi_6
UE_003,0.00578,28.737,22.732,-39.219,1.974e-05,12.095,2.15,3.3,-1.05,1.9e-05,0.0,0.0,87.46,7.56,WiFi_6
UE_004,0.00707,7.294,2.641,-47.688,0.01007749,2.407,1.91,34.62,-10.02,2.4e-05,0.0,0.0,37.924,1.5,WiFi_6
UE_005,0.02392,26.141,24.741,-38.123,6.663e-05,13.158,2.08,2.5,-2.83,8e-05,0.0,0.0,87.46,8.22,WiFi_6
UE_006,0.01412,29.717,26.649,-38.404,0.00017374,14.169,2.11,0.1,-4.12,4.7e-05,0.0,0.0,87.46,8.86,WiFi_6
UE_007,0.00707,48.186,44.147,-30.721,0.00013195,23.465,1.72,4.94,-11.7,2.4e-05,0.0,0.0,87.46,12.34,WiFi_6
UE_008,0.00707,17.019,12.144,-44.348,0.00013764,6.591,1.93,0.23,8.11,2.4e-05,0.0,0.0,66.431,4.12,WiFi_6
UE_009,0.00707,39.665,37.207,-33.728,2.202e-05,19.776,1.89,0.53,-8.69,2.4e-05,0.0,0.0,87.46,12.34,WiFi_6
UE_010,0.00707,6.875,2.149,-46.819,0.01002183,2.241,1.52,7.7,-5.73,2.4e-05,0.0,0.0,36.447,1.4,WiFi_6
UE_011,0.00707,33.206,30.104,-36.58,5.317e-05,16.003,1.79,1.04,5.19,2.4e-05,0.0,0.0,87.46,10.0,WiFi_6
UE_012,0.00877,28.216,25.186,-39.776,0.00010245,13.394,1.5,0.12,-4.78,2.9e-05,0.0,0.0,87.46,8.37,WiFi_6
UE_013,0.00707,44.692,42.37,-31.599,3.873e-05,22.52,1.61,1.31,7.05,2.4e-05,0.0,0.0,87.46,12.34,WiFi_6
UE_014,0.00707,32.305,26.309,-35.92,8.463e-05,13.989,1.77,2.22,5.95,2.4e-05,0.0,0.0,87.46,8.74,WiFi_6
UE_015,0.00707,30.516,29.04,-38.326,4.678e-05,15.438,1.67,1.4,-8.01,2.4e-05,0.0,0.0,87.46,9.65,WiFi_6
UE_016,0.00707,40.872,36.984,-33.248,9.454e-05,19.658,1.65,0.04,6.6,2.4e-05,0.0,0.0,87.46,12.29,WiFi_6
UE_017,0.00707,45.773,42.049,-31.73,0.0002413,22.35,1.72,2.75,-3.4,2.4e-05,0.0,0.0,87.46,12.34,WiFi_6
UE_018,0.00677,18.45,16.406,-42.941,0.0001181,8.772,2.1,9.76,-11.85,2.3e-05,0.0,0.0,79.219,5.48,WiFi_6
UE_019,0.00707,19.773,15.799,-43.752,0.00011162,8.457,1.68,4.24,3.53,2.4e-05,0.0,0.0,77.396,5.29,WiFi_6
UE_000,0.00707,17.649,13.564,-44.116,0.00014941,7.309,1.65,1.33,7.24,2.4e-05,0.0,0.0,70.692,4.57,WiFi_6
UE_001,0.01897,-2.44,-5.04,-51.549,0.15002234,0.629,1.87,33.64,1.38,6.3e-05,0.0,0.0,15.26,0.39,WiFi_6
UE_002,0.01878,22.166,17.788,-39.697,0.00018956,9.493,2.15,5.09,-6.3,6.3e-05,0.0,0.0,83.365,5.93,WiFi_6
UE_003,0.00654,32.727,31.012,-35.714,9.28e-06,16.485,1.78,2.48,-1.05,2.2e-05,0.0,0.0,87.46,10.3,WiFi_6
UE_004,0.00707,45.405,44.813,-32.191,0.00023133,23.818,1.82,1.36,-10.02,2.4e-05,0.0,0.0,87.46,12.34,WiFi_6
UE_005,0.01785,30.085,24.441,-36.875,0.00017648,12.999,1.84,7.26,-2.83,6e-05,0.0,0.0,87.46,8.12,WiFi_6
UE_006,0.01505,18.527,15.428,-42.834,0.00025594,8.265,2.19,1.46,-4.12,5e-05,0.0,0.0,76.285,5.17,WiFi_6
UE_007,0.00707,8.118,3.456,-45.086,0.01014068,2.696,1.88,31.64,-11.7,2.4e-05,0.0,0.0,40.367,1.69,WiFi_6
UE_008,0.00707,44.678,39.886,-31.0,5.561e-05,21.2,2.03,2.76,8.11,2.4e-05,0.0,0.0,87.46,12.34,WiFi_6
UE_009,0.00707,45.456,40.849,-30.63,9.209e-05,21.712,2.05,1.87,-8.69,2.4e-05,0.0,0.0,87.46,12.34,WiFi_6
UE_010,0.00707,29.905,23.852,-39.475,9.001e-05,12.687,1.84,0.73,-5.73,2.4e-05,0.0,0.0,87.46,7.93,WiFi_6
UE_011,0.00707,24.554,20.95,-38.506,0.00014311,11.154,2.17,2.78,5.19,2.4e-05,0.0,0.0,87.46,6.97,WiFi_6
UE_012,0.00515,32.152,28.546,-37.542,2.74e-06,15.176,1.86,1.28,-4.78,1.7e-05,0.0,0.0,87.46,9.48,WiFi_6
UE_013,0.00707,35.167,32.177,-36.218,7.46e-06,17.103,2.17,6.13,7.05,2.4e-05,0.0,0.0,87.46,10.69,WiFi_6
UE_014,0.00707,44.787,42.216,-32.435,0.00019356,22.438,1.56,0.86,3.99,2.4e-05,0.0,0.0,87.46,12.34,WiFi_6
UE_015,0.00707,39.459,36.528,-34.192,0.00017926,19.416,1.57,0.59,-8.01,2.4e-05,0.0,0.0,87.46,12.13,WiFi_6
UE_016,0.00707,34.15,29.888,-38.072,5.326e-05,15.888,2.0,1.15,6.6,2.4e-05,0.0,0.0,87.46,9.93,WiFi_6
UE_017,0.00707,-1.037,-4.173,-49.333,0.15006038,0.748,2.11,26.87,-3.4,2.4e-05,0.0,0.0,17.481,0.47,WiFi_6
UE_018,0.00728,8.937,7.409,-48.53,0.00108383,4.323,1.81,5.2,7.04,2.4e-05,0.0,0.0,52.228,2.7,WiFi_6
UE_019,0.00707,5.07,1.998,-45.779,0.01003032,2.192,1.69,14.88,3.53,2.4e-05,0.0,0.0,35.995,1.37,WiFi_6
UE_000,0.00707,36.957,32.614,-35.573,5.813e-05,17.336,2.24,2.03,7.24,2.4e-05,0.0,0.0,87.46,10.83,WiFi_6
UE_001,0.01731,7.783,5.773,-48.103,0.01018578,3.61,1.69,37.43,1.38,5.8e-05,0.0,0.0,47.318,2.26,WiFi_6
UE_002,0.02127,11.295,9.494,-46.805,0.00121592,5.292,1.82,2.54,-6.3,7.1e-05,0.0,0.0,58.482,3.31,WiFi_6
UE_003,0.00745,20.803,15.658,-41.283,0.00011384,8.384,2.2,4.51,-1.05,2.5e-05,0.0,0.0,76.973,5.24,WiFi_6
UE_004,0.00707,37.9,35.072,-34.909,3.338e-05,18.642,1.52,5.56,-10.02,2.4e-05,0.0,0.0,87.46,11.65,WiFi_6
UE_005,0.00916,10.659,9.988,-44.635,0.00101362,5.529,1.55,2.41,-2.83,3.1e-05,0.0,0.0,59.964,3.46,WiFi_6
UE_006,0.01832,26.193,21.77,-38.217,0.00016425,11.587,2.08,2.59,-4.12,6.1e-05,0.0,0.0,87.46,7.24,WiFi_6
UE_007,0.00707,23.06,20.741,-39.628,6.588e-05,11.043,1.96,0.37,-11.7,2.4e-05,0.0,0.0,87.46,6.9,WiFi_6
UE_008,0.00707,17.055,12.453,-41.524,0.00010392,6.746,2.07,0.64,8.11,2.4e-05,0.0,0.0,67.358,4.22,WiFi_6
UE_009,0.00707,25.745,23.198,-39.143,9.555e-05,12.341,1.58,7.35,-8.69,2.4e-05,0.0,0.0,87.46,7.71,WiFi_6
UE_010,0.00707,28.267,25.762,-38.205,4.05e-05,13.699,2.24,2.12,-5.73,2.4e-05,0.0,0.0,87.46,8.56,WiFi_6
UE_011,0.00707,46.441,42.326,-29.148,2.852e-05,22.497,1.56,3.25,5.19,2.4e-05,0.0,0.0,87.46,12.34,WiFi_6
UE_012,0.00689,40.987,36.202,-32.436,1.761e-05,19.242,2.21,0.04,-4.78,2.3e-05,0.0,0.0,87.46,12.03,WiFi_6
UE_013,0.00707,17.623,13.668,-42.849,0.00013294,7.362,1.87,0.91,7.05,2.4e-05,0.0,0.0,71.003,4.6,WiFi_6
UE_014,0.00503,21.311,17.579,-43.745,0.00015036,9.383,1.81,1.45,-1.1,1.7e-05,0.0,0.0,82.736,5.86,WiFi_6
UE_015,0.00707,41.014,38.118,-35.593,8.398e-05,20.26,1.61,0.82,-8.01,2.4e-05,0.0,0.0,87.46,12.34,WiFi_6
UE_016,0.00707,22.45,20.173,-40.69,1.758e-05,10.744,1.6,0.66,6.6,2.4e-05,0.0,0.0,87.46,6.72,WiFi_6
UE_017,0.00707,14.207,11.705,-45.349,0.00111419,6.372,1.51,2.05,-3.4,2.4e-05,0.0,0.0,65.114,3.98,WiFi_6
UE_018,0.01765,25.82,23.773,-40.237,6.744e-05,12.645,1.63,0.18,7.04,5.9e-05,0.0,0.0,87.46,7.9,WiFi_6
UE_019,0.00707,17.878,16.046,-41.519,0.00012416,8.585,1.64,5.59,3.53,2.4e-05,0.0,0.0,78.138,5.37,WiFi_6
UE_000,0.00707,34.331,29.512,-36.12,5.15e-06,15.688,1.72,3.44,7.24,2.4e-05,0.0,0.0,87.46,9.81,WiFi_6
UE_001,0.01566,14.791,10.94,-45.533,0.00114719,5.994,1.98,4.56,-2.6,5.2e-05,0.0,0.0,62.821,3.75,WiFi_6
UE_002,0.02377,19.93,16.961,-43.385,0.00028438,9.061,1.54,8.48,-6.3,7.9e-05,0.0,0.0,80.883,5.66,WiFi_6
UE_003,0.00848,30.072,27.065,-36.225,3.136e-05,14.39,1.79,1.83,-1.05,2.8e-05,0.0,0.0,87.46,8.99,WiFi_6
UE_004,0.00707,27.654,23.546,-39.817,8.289e-05,12.525,1.69,5.37,-10.02,2.4e-05,0.0,0.0,87.46,7.83,WiFi_6
UE_005,0.00531,47.132,44.961,-32.362,7.03e-05,23.897,2.06,0.92,-2.83,1.8e-05,0.0,0.0,87.46,12.34,WiFi_6
UE_006,0.02263,15.567,12.66,-44.229,0.0001311,6.851,1.73,0.18,-4.12,7.5e-05,0.0,0.0,67.981,4.28,WiFi_6
UE_007,0.00707,37.38,33.991,-35.087,7.5e-06,18.067,1.75,1.36,-11.7,2.4e-05,0.0,0.0,87.46,11.29,WiFi_6
UE_008,0.00707,39.685,38.703,-34.794,0.00018237,20.571,2.19,0.66,8.11,2.4e-05,0.0,0.0,87.46,12.34,WiFi_6
UE_009,0.00707,39.989,33.881,-32.06,4.616e-05,18.009,1.67,1.85,-8.69,2.4e-05,0.0,0.0,87.46,11.26,WiFi_6
UE_010,0.00707,7.396,6.328,-46.432,0.00101779,3.846,1.78,9.36,-5.73,2.4e-05,0.0,0.0,48.983,2.4,WiFi_6
UE_011,0.00707,26.275,22.368,-40.846,4.81e-06,11.902,2.08,1.98,5.19,2.4e-05,0.0,0.0,87.46,7.44,WiFi_6
UE_012,0.00707,27.704,22.018,-38.349,0.00010902,11.717,2.17,7.47,-4.78,2.4e-05,0.0,0.0,87.46,7.32,WiFi_6
UE_013,0.00707,28.853,26.133,-38.894,4.801e-05,13.896,2.25,0.77,7.05,2.4e-05,0.0,0.0,87.46,8.68,WiFi_6
UE_014,0.00866,36.259,34.839,-36.127,0.00011021,18.518,1.64,10.39,-1.1,2.9e-05,0.0,0.0,87.46,11.57,WiFi_6
UE_015,0.00707,15.24,12.457,-43.954,0.00024488,6.749,1.71,0.94,-8.01,2.4e-05,0.0,0.0,67.372,4.22,WiFi_6
UE_016,0.00707,32.411,27.764,-39.159,3.421e-05,14.761,1.91,2.59,6.6,2.4e-05,0.0,0.0,87.46,9.23,WiFi_6
UE_017,0.00707,25.028,21.233,-39.427,0.00015691,11.303,2.22,0.48,-3.4,2.4e-05,0.0,0.0,87.46,7.06,WiFi_6
UE_018,0.02435,14.135,9.855,-43.304,0.00107537,5.465,2.03,0.5,7.04,8.1e-05,0.0,0.0,59.565,3.42,WiFi_6
UE_019,0.00707,23.287,21.189,-40.999,5.901e-05,11.28,2.18,0.6,3.53,2.4e-05,0.0,0.0,87.46,7.05,WiFi_6
UE_000,0.00707,27.261,22.821,-38.066,0.00015907,12.141,1.9,6.67,7.24,2.4e-05,0.0,0.0,87.46,7.59,WiFi_6
UE_001,0.01876,19.207,16.178,-40.881,0.00011126,8.654,1.56,0.0,-2.6,6.3e-05,0.0,0.0,78.535,5.41,WiFi_6
UE_002,0.02471,12.562,8.533,-45.508,0.00107795,4.838,1.75,10.22,-6.3,8.2e-05,0.0,0.0,55.599,3.02,WiFi_6
UE_003,0.00957,30.145,27.293,-38.246,8.684e-05,14.511,1.77,2.69,-1.05,3.2e-05,0.0,0.0,87.46,9.07,WiFi_6
UE_004,0.00707,27.855,25.702,-37.913,0.00023338,13.667,2.23,5.61,-10.02,2.4e-05,0.0,0.0,87.46,8.54,WiFi_6
UE_005,0.00707,34.195,31.178,-35.878,8.22e-06,16.573,2.09,4.76,-2.83,2.4e-05,0.0,0.0,87.46,10.36,WiFi_6
UE_006,0.02465,21.952,16.813,-40.154,0.00027157,8.984,2.09,2.27,-4.12,8.2e-05,0.0,0.0,80.438,5.61,WiFi_6
UE_007,0.00707,25.45,22.432,-40.254,6.471e-05,11.936,1.55,5.52,-11.7,2.4e-05,0.0,0.0,87.46,7.46,WiFi_6
UE_008,0.00707,37.453,36.86,-35.359,1.536e-05,19.592,1.6,1.97,8.11,2.4e-05,0.0,0.0,87.46,12.25,WiFi_6
UE_009,0.00707,36.96,34.867,-34.746,8.085e-05,18.533,1.62,0.4,-8.69,2.4e-05,0.0,0.0,87.46,11.58,WiFi_6
UE_010,0.00707,40.31,36.994,-34.794,4.076e-05,19.663,2.07,1.5,-5.73,2.4e-05,0.0,0.0,87.46,12.29,WiFi_6
UE_011,0.00707,37.349,32.918,-35.518,8.932e-05,17.497,2.07,1.86,5.19,2.4e-05,0.0,0.0,87.46,10.94,WiFi_6
UE_012,0.00707,34.808,31.6,-36.417,0.00021509,16.797,1.62,1.05,-4.78,2.4e-05,0.0,0.0,87.46,10.5,WiFi_6
UE_013,0.00707,43.488,41.928,-32.575,0.00015684,22.285,1.57,0.27,7.05,2.4e-05,0.0,0.0,87.46,12.34,WiFi_6
UE_014,0.01535,13.829,13.195,-44.878,0.0002302,7.121,1.56,0.67,-1.1,5.1e-05,0.0,0.0,69.585,4.45,WiFi_6
UE_015,0.00707,19.069,16.593,-41.983,0.00019443,8.869,2.15,3.5,-8.01,2.4e-05,0.0,0.0,79.778,5.54,WiFi_6
UE_016,0.00707,31.345,28.706,-38.349,9.172e-05,15.261,1.65,0.41,6.6,2.4e-05,0.0,0.0,87.46,9.54,WiFi_6
UE_017,0.00707,39.841,37.777,-34.196,0.0001765,20.079,1.84,9.48,-3.4,2.4e-05,0.0,0.0,87.46,12.34,WiFi_6
UE_018,0.02318,-2.965,-5.566,-52.355,0.15005491,0.565,1.54,38.98,7.04,7.7e-05,0.0,0.0,15.26,0.35,WiFi_6
UE_019,0.00707,33.454,29.342,-37.041,2.15e-06,15.598,1.73,7.12,3.53,2.4e-05,0.0,0.0,87.46,9.75,WiFi_6
UE_000,0.00707,33.491,31.163,-37.789,7.57e-05,16.565,2.07,2.1,7.24,2.4e-05,0.0,0.0,87.46,10.35,WiFi_6
UE_001,0.02191,18.564,14.112,-42.624,0.0001977,7.589,1.74,2.75,-2.6,7.3e-05,0.0,0.0,72.336,4.74,WiFi_6
UE_002,0.0222,22.184,20.03,-41.881,0.00014513,10.669,1.93,3.44,-6.3,7.4e-05,0.0,0.0,87.46,6.67,WiFi_6
UE_003,0.01072,8.766,4.105,-45.35,0.01001339,2.94,1.61,36.92,-1.05,3.6e-05,0.0,0.0,42.315,1.84,WiFi_6
UE_004,0.00707,27.499,24.041,-39.499,9.629e-05,12.787,1.62,1.59,-10.02,2.4e-05,0.0,0.0,87.46,7.99,WiFi_6
UE_005,0.00707,16.037,14.989,-45.175,0.00013704,8.039,1.98,4.33,-2.83,2.4e-05,0.0,0.0,74.967,5.02,WiFi_6
UE_006,0.02096,15.43,12.949,-45.113,0.000131,6.997,2.25,1.54,-4.12,7e-05,0.0,0.0,68.848,4.37,WiFi_6
UE_007,0.00707,24.212,20.706,-39.789,3.835e-05,11.025,1.99,0.34,-11.7,2.4e-05,0.0,0.0,87.46,6.89,WiFi_6
UE_008,0.00707,25.174,23.527,-40.57,3.327e-05,12.515,2.19,1.3,8.11,2.4e-05,0.0,0.0,87.46,7.82,WiFi_6
UE_009,0.00707,27.235,24.33,-39.821,3.576e-05,12.94,1.99,0.21,-8.69,2.4e-05,0.0,0.0,87.46,8.09,WiFi_6
UE_010,0.00707,29.45,28.537,-37.372,0.00012949,15.171,2.07,1.82,-5.73,2.4e-05,0.0,0.0,87.46,9.48,WiFi_6
UE_011,0.00707,27.805,24.398,-38.82,1.893e-05,12.976,1.89,0.66,5.19,2.4e-05,0.0,0.0,87.46,8.11,WiFi_6
UE_012,0.00707,22.057,16.806,-40.418,0.00021681,8.98,2.12,2.17,-4.78,2.4e-05,0.0,0.0,80.418,5.61,WiFi_6
UE_013,0.00707,25.928,23.377,-40.421,3.31e-05,12.436,2.0,0.36,7.05,2.4e-05,0.0,0.0,87.46,7.77,WiFi_6
UE_014,0.02253,18.497,16.036,-42.054,0.00022487,8.58,1.79,2.9,-1.1,7.5e-05,0.0,0.0,78.107,5.36,WiFi_6
UE_015,0.00707,22.462,19.874,-41.51,0.00013054,10.587,1.71,3.26,-8.01,2.4e-05,0.0,0.0,87.46,6.62,WiFi_6
UE_016,0.00707,23.005,19.142,-41.74,0.00013871,10.202,1.5,9.54,6.6,2.4e-05,0.0,0.0,87.427,6.38,WiFi_6
UE_017,0.00707,32.831,31.713,-37.413,4.379e-05,16.858,2.12,0.43,-3.4,2.4e-05,0.0,0.0,87.46,10.54,WiFi_6
UE_018,0.02003,-1.778,-4.933,-51.737,0.15005455,0.643,1.6,9.51,7.04,6.7e-05,0.0,0.0,15.26,0.4,WiFi_6
UE_019,0.00707,39.22,34.713,-32.28,6.145e-05,18.451,1.62,4.11,3.53,2.4e-05,0.0,0.0,87.46,11.53,WiFi_6
UE_000,0.00707,25.91,21.375,-37.929,0.00015927,11.378,2.15,5.7,7.07,2.4e-05,0.0,0.0,87.46,7.11,WiFi_6
UE_001,0.02508,5.545,0.4,-48.097,0.01001922,1.709,1.6,32.37,-2.6,8.4e-05,0.0,0.0,31.199,1.07,WiFi_6
UE_002,0.01971,28.433,26.041,-37.076,2.366e-05,13.847,1.77,0.81,-6.3,6.6e-05,0.0,0.0,87.46,8.65,WiFi_6
UE_003,0.0119,29.153,25.367,-38.492,0.00013788,13.49,2.12,6.26,-1.05,4e-05,0.0,0.0,87.46,8.43,WiFi_6
UE_004,0.00707,22.08,16.92,-42.44,0.00023674,9.04,2.12,0.22,-10.02,2.4e-05,0.0,0.0,80.761,5.65,WiFi_6
UE_005,0.00707,12.415,7.045,-45.961,0.00101627,4.161,1.81,3.42,7.31,2.4e-05,0.0,0.0,51.136,2.6,WiFi_6
UE_006,0.0173,19.814,16.897,-40.219,0.00029105,9.028,1.52,1.81,-4.12,5.8e-05,0.0,0.0,80.691,5.64,WiFi_6
UE_007,0.00707,31.628,29.016,-38.131,9.077e-05,15.425,1.82,1.71,-11.7,2.4e-05,0.0,0.0,87.46,9.64,WiFi_6
UE_008,0.00707,47.686,42.908,-31.431,5.541e-05,22.806,1.7,0.83,8.11,2.4e-05,0.0,0.0,87.46,12.34,WiFi_6
UE_009,0.00707,34.846,29.122,-38.019,1.081e-05,15.482,1.97,7.14,-8.69,2.4e-05,0.0,0.0,87.46,9.68,WiFi_6
UE_010,0.00707,8.936,5.463,-48.159,0.01018716,3.481,1.7,7.84,-5.73,2.4e-05,0.0,0.0,46.39,2.18,WiFi_6
UE_011,0.00707,29.601,26.112,-39.872,1.204e-05,13.885,1.75,0.87,5.19,2.4e-05,0.0,0.0,87.46,8.68,WiFi_6
UE_012,0.00707,23.71,22.052,-39.317,1.823e-05,11.735,1.53,0.28,-4.78,2.4e-05,0.0,0.0,87.46,7.33,WiFi_6
UE_013,0.00707,20.381,18.327,-40.628,0.00012766,9.775,1.77,8.59,7.05,2.4e-05,0.0,0.0,84.98,6.11,WiFi_6
UE_014,0.02017,37.385,32.004,-33.25,2.66e-06,17.012,1.88,3.31,-1.1,6.7e-05,0.0,0.0,87.46,10.63,WiFi_6
UE_015,0.00707,11.888,9.011,-44.287,0.00114129,5.063,2.18,0.34,-8.01,2.4e-05,0.0,0.0,57.034,3.16,WiFi_6
UE_016,0.00707,9.063,1.723,-46.716,0.01002616,2.103,2.25,26.2,6.6,2.4e-05,0.0,0.0,35.17,1.31,WiFi_6
UE_017,0.00707,46.798,43.101,-30.236,7.143e-05,22.908,2.24,0.02,-3.4,2.4e-05,0.0,0.0,87.46,12.34,WiFi_6
UE_018,0.01208,19.524,15.467,-41.94,0.00017911,8.286,1.61,1.22,7.04,4e-05,0.0,0.0,76.402,5.18,WiFi_6
UE_019,0.00707,28.906,23.86,-38.536,0.00010383,12.691,2.12,8.6,3.53,2.4e-05,0.0,0.0,87.46,7.93,WiFi_6
UE_000,0.0057,16.604,13.884,-43.432,0.00012056,7.472,2.21,1.74,7.07,1.9e-05,0.0,0.0,71.651,4.67,WiFi_6
UE_001,0.02274,0.269,-1.461,-50.117,0.15008878,1.244,2.08,35.69,-2.6,7.6e-05,0.0,0.0,25.616,0.78,WiFi_6
UE_002,0.01723,11.536,7.599,-43.633,0.00102915,4.409,1.67,1.08,-6.3,5.7e-05,0.0,0.0,52.797,2.76,WiFi_6
UE_003,0.0131,24.389,20.0,-41.118,0.00014928,10.653,2.16,0.13,-5.64,4.4e-05,0.0,0.0,87.46,6.66,WiFi_6
UE_004,0.00707,32.789,29.775,-35.364,6.607e-05,15.828,1.93,3.19,-10.02,2.4e-05,0.0,0.0,87.46,9.89,WiFi_6
UE_005,0.00649,14.392,12.314,-46.016,0.00021763,6.676,1.56,0.84,7.31,2.2e-05,0.0,0.0,66.941,4.17,WiFi_6
UE_006,0.01372,30.391,27.311,-37.158,0.00011251,14.52,2.12,0.57,-4.12,4.6e-05,0.0,0.0,87.46,9.08,WiFi_6
UE_007,0.00707,33.754,30.261,-36.4,5.28e-06,16.086,1.84,0.54,-11.7,2.4e-05,0.0,0.0,87.46,10.05,WiFi_6
UE_008,0.00707,21.103,16.949,-42.281,0.00020873,9.055,1.57,7.16,8.11,2.4e-05,0.0,0.0,80.847,5.66,WiFi_6
UE_009,0.00707,34.071,31.703,-35.984,0.00012216,16.852,1.54,9.38,-8.69,2.4e-05,0.0,0.0,87.46,10.53,WiFi_6
UE_010,0.00707,20.924,17.019,-41.477,0.0001185,9.091,2.01,10.0,-5.73,2.4e-05,0.0,0.0,81.058,5.68,WiFi_6
UE_011,0.00707,43.743,40.003,-31.975,2.27e-05,21.262,1.7,1.16,5.19,2.4e-05,0.0,0.0,87.46,12.34,WiFi_6
UE_012,0.00707,22.609,20.356,-40.866,0.00019649,10.841,1.98,1.75,-4.78,2.4e-05,0.0,0.0,87.46,6.78,WiFi_6
UE_013,0.00707,32.99,29.347,-36.05,4.998e-05,15.601,1.76,20.05,7.05,2.4e-05,0.0,0.0,87.46,9.75,WiFi_6
UE_014,0.01297,34.701,31.675,-36.156,9.337e-05,16.837,1.63,3.59,-1.1,4.3e-05,0.0,0.0,87.46,10.52,WiFi_6
UE_015,0.00707,22.649,19.337,-42.527,0.00013972,10.304,1.64,0.89,-8.01,2.4e-05,0.0,0.0,87.46,6.44,WiFi_6
UE_016,0.00707,14.49,8.09,-44.251,0.00102503,4.633,2.05,0.62,6.6,2.4e-05,0.0,0.0,54.271,2.9,WiFi_6
UE_017,0.00707,31.822,28.693,-37.544,3.4e-05,15.254,1.62,4.98,-3.4,2.4e-05,0.0,0.0,87.46,9.53,WiFi_6
UE_018,0.00546,45.678,42.042,-30.952,7.849e-05,22.346,1.89,16.48,7.04,1.8e-05,0.0,0.0,87.46,12.34,WiFi_6
UE_019,0.00707,24.424,20.634,-40.755,0.00019401,10.987,2.02,0.41,3.53,2.4e-05,0.0,0.0,87.46,6.87,WiFi_6
UE_000,0.00502,35.825,32.578,-35.547,6.238e-05,17.317,1.99,2.22,7.07,1.7e-05,0.0,0.0,87.46,10.82,WiFi_6
UE_001,0.01958,-3.068,-8.266,-50.804,0.15001176,0.321,1.71,32.26,-2.6,6.5e-05,0.0,0.0,15.26,0.2,WiFi_6
UE_002,0.0148,20.694,14.924,-40.668,0.00033053,8.006,1.94,0.94,-6.3,4.9e-05,0.0,0.0,74.773,5.0,WiFi_6
UE_003,0.0198,0.203,-2.844,-49.739,0.15003103,0.966,1.56,17.15,-5.64,6.6e-05,0.0,0.0,21.468,0.6,WiFi_6
UE_004,0.00707,27.124,24.519,-39.827,1.244e-05,13.04,1.77,1.86,-10.02,2.4e-05,0.0,0.0,87.46,8.15,WiFi_6
UE_005,0.01418,20.408,15.692,-41.97,0.00014787,8.402,1.62,0.26,7.31,4.7e-05,0.0,0.0,77.075,5.25,WiFi_6
UE_006,0.01029,15.505,12.118,-43.524,0.00011742,6.578,1.91,7.69,-4.12,3.4e-05,0.0,0.0,66.354,4.11,WiFi_6
UE_007,0.00707,31.31,30.199,-39.345,7.233e-05,16.053,2.03,3.1,-11.7,2.4e-05,0.0,0.0,87.46,10.03,WiFi_6
UE_008,0.00707,27.525,23.43,-40.336,5.895e-05,12.464,1.8,0.91,8.11,2.4e-05,0.0,0.0,87.46,7.79,WiFi_6
UE_009,0.00707,25.614,22.962,-39.88,1.637e-05,12.216,1.75,3.42,-8.69,2.4e-05,0.0,0.0,87.46,7.64,WiFi_6
UE_010,0.00707,11.206,5.221,-44.194,0.01005503,3.381,2.11,26.04,-5.73,2.4e-05,0.0,0.0,45.662,2.11,WiFi_6
UE_011,0.00707,37.436,35.628,-36.073,1.249e-05,18.937,1.97,5.54,5.19,2.4e-05,0.0,0.0,87.46,11.84,WiFi_6
UE_012,0.00707,36.268,34.872,-36.34,1.654e-05,18.536,1.78,3.42,-4.78,2.4e-05,0.0,0.0,87.46,11.58,WiFi_6
UE_013,0.00707,24.462,21.364,-40.513,9.303e-05,11.372,1.97,6.98,7.05,2.4e-05,0.0,0.0,87.46,7.11,WiFi_6
UE_014,0.00639,8.154,3.283,-46.67,0.01004712,2.634,2.22,5.27,-1.1,2.1e-05,0.0,0.0,39.85,1.65,WiFi_6
UE_015,0.00707,15.002,9.797,-41.581,0.00109157,5.437,1.77,8.74,-8.01,2.4e-05,0.0,0.0,59.39,3.4,WiFi_6
UE_016,0.00707,35.308,34.648,-33.707,3.491e-05,18.417,1.58,0.67,6.6,2.4e-05,0.0,0.0,87.46,11.51,WiFi_6
UE_017,0.00707,34.568,31.737,-36.896,8.398e-05,16.87,2.07,0.42,-3.4,2.4e-05,0.0,0.0,87.46,10.54,WiFi_6
UE_018,0.00707,14.984,9.992,-42.456,0.00109379,5.531,1.63,1.17,7.04,2.4e-05,0.0,0.0,59.975,3.46,WiFi_6
UE_019,0.00707,33.346,30.691,-36.006,3e-06,16.314,2.08,11.63,3.53,2.4e-05,0.0,0.0,87.46,10.2,WiFi_6
UE_000,0.00531,32.672,29.916,-38.817,4.163e-05,15.903,2.01,1.14,7.07,1.8e-05,0.0,0.0,87.46,9.94,WiFi_6
UE_001,0.01647,4.799,2.737,-47.088,0.01001562,2.44,1.54,26.37,-2.6,5.5e-05,0.0,0.0,38.21,1.52,WiFi_6
UE_002,0.01241,38.243,33.748,-34.293,0.00011608,17.938,1.54,5.33,-6.3,4.1e-05,0.0,0.0,87.46,11.21,WiFi_6
UE_003,0.02432,-3.769,-10.505,-51.738,0.15030806,0.197,2.25,14.34,-5.64,8.1e-05,0.0,0.0,15.26,0.12,WiFi_6
UE_004,0.00707,46.431,41.155,-32.093,5.14e-06,21.874,1.93,14.44,-10.02,2.4e-05,0.0,0.0,87.46,12.34,WiFi_6
UE_005,0.02296,11.195,6.452,-46.476,0.00110185,3.9,1.84,0.75,7.31,7.7e-05,0.0,0.0,49.355,2.44,WiFi_6
UE_006,0.00722,20.489,17.27,-42.886,0.00020816,9.222,2.26,0.75,-4.12,2.4e-05,0.0,0.0,81.811,5.76,WiFi_6
UE_007,0.00707,25.423,23.598,-39.136,3.92e-06,12.552,1.71,3.41,-11.7,2.4e-05,0.0,0.0,87.46,7.85,WiFi_6
UE_008,0.00707,37.333,34.285,-33.555,1.233e-05,18.224,1.62,2.42,8.11,2.4e-05,0.0,0.0,87.46,11.39,WiFi_6
UE_009,0.00707,20.458,15.618,-43.332,0.00016398,8.364,1.87,0.68,-8.69,2.4e-05,0.0,0.0,76.855,5.23,WiFi_6
UE_010,0.00707,14.216,8.313,-43.863,0.00107238,4.736,1.81,1.65,-5.73,2.4e-05,0.0,0.0,54.939,2.96,WiFi_6
UE_011,0.00707,23.51,20.567,-42.97,1.284e-05,10.952,1.98,6.32,5.19,2.4e-05,0.0,0.0,87.46,6.84,WiFi_6
UE_012,0.00707,24.684,19.552,-41.593,0.00010211,10.417,2.16,2.85,-4.78,2.4e-05,0.0,0.0,87.46,6.51,WiFi_6
UE_013,0.00707,26.437,23.794,-39.594,2.796e-05,12.656,1.96,4.0,7.05,2.4e-05,0.0,0.0,87.46,7.91,WiFi_6
UE_014,0.00494,23.971,19.644,-39.539,0.00022451,10.466,1.77,0.79,-1.1,1.6e-05,0.0,0.0,87.46,6.54,WiFi_6
UE_015,0.00707,13.51,9.009,-44.07,0.00106571,5.062,1.62,3.53,-8.01,2.4e-05,0.0,0.0,57.027,3.16,WiFi_6
UE_016,0.00707,25.819,24.91,-41.247,0.00011096,13.247,2.26,10.53,6.6,2.4e-05,0.0,0.0,87.46,8.28,WiFi_6
UE_017,0.00707,31.244,27.235,-37.373,9.86e-06,14.48,2.06,0.84,-3.4,2.4e-05,0.0,0.0,87.46,9.05,WiFi_6
UE_018,0.00707,25.292,23.401,-40.47,0.00013274,12.448,1.67,3.7,7.04,2.4e-05,0.0,0.0,87.46,7.78,WiFi_6
UE_019,0.00707,39.761,35.512,-34.06,5.177e-05,18.876,1.85,3.34,3.53,2.4e-05,0.0,0.0,87.46,11.8,WiFi_6
UE_000,0.00643,19.409,16.036,-43.312,0.00012979,8.58,2.2,1.55,7.07,2.1e-05,0.0,0.0,78.107,5.36,WiFi_6
UE_001,0.01341,26.223,25.155,-38.482,3.957e-05,13.377,2.23,5.54,-2.6,4.5e-05,0.0,0.0,87.46,8.36,WiFi_6
UE_002,0.01011,28.61,22.642,-39.175,2.096e-05,12.047,1.71,8.75,-6.3,3.4e-05,0.0,0.0,87.46,7.53,WiFi_6
UE_003,0.01748,36.43,32.067,-35.365,1.657e-05,17.045,1.97,1.46,-5.64,5.8e-05,0.0,0.0,87.46,10.65,WiFi_6
UE_004,0.00707,43.305,38.22,-33.528,7.565e-05,20.314,1.56,1.84,-10.02,2.4e-05,0.0,0.0,87.46,12.34,WiFi_6
UE_005,0.01912,11.728,9.3,-43.533,0.00106739,5.199,2.22,6.24,7.31,6.4e-05,0.0,0.0,57.9,3.25,WiFi_6
UE_006,0.0052,39.439,36.397,-33.483,5.932e-05,19.346,1.79,6.31,-4.12,1.7e-05,0.0,0.0,87.46,12.09,WiFi_6
UE_007,0.00707,20.323,17.096,-42.814,0.0003562,9.132,1.71,9.83,-11.7,2.4e-05,0.0,0.0,81.289,5.71,WiFi_6
UE_008,0.00707,32.356,28.562,-37.192,6.187e-05,15.184,1.63,3.57,8.11,2.4e-05,0.0,0.0,87.46,9.49,WiFi_6
UE_009,0.00707,31.601,27.714,-36.723,9.92e-06,14.734,1.71,1.67,-8.69,2.4e-05,0.0,0.0,87.46,9.21,WiFi_6
UE_010,0.00707,26.062,19.758,-40.142,0.00031374,10.526,2.09,6.86,-5.73,2.4e-05,0.0,0.0,87.46,6.58,WiFi_6
UE_011,0.00707,37.79,33.978,-37.028,0.00014096,18.06,1.94,4.24,5.19,2.4e-05,0.0,0.0,87.46,11.29,WiFi_6
UE_012,0.00707,32.588,30.073,-36.442,7.605e-05,15.986,1.79,1.2,-4.78,2.4e-05,0.0,0.0,87.46,9.99,WiFi_6
UE_013,0.00707,18.453,15.925,-42.686,0.0001308,8.523,1.78,14.73,7.05,2.4e-05,0.0,0.0,77.775,5.33,WiFi_6
UE_014,0.00779,30.522,28.903,-38.573,6.826e-05,15.365,2.11,1.54,-1.1,2.6e-05,0.0,0.0,87.46,9.6,WiFi_6
UE_015,0.00707,35.141,32.192,-34.669,0.0001629,17.112,2.09,0.47,-8.01,2.4e-05,0.0,0.0,87.46,10.69,WiFi_6
UE_016,0.00707,26.923,22.839,-41.417,0.00019482,12.151,1.76,1.18,6.6,2.4e-05,0.0,0.0,87.46,7.59,WiFi_6
UE_017,0.00707,20.311,19.059,-42.145,0.00015385,10.158,1.61,10.87,-3.4,2.4e-05,0.0,0.0,87.177,6.35,WiFi_6
UE_018,0.00707,20.594,14.742,-44.313,0.00015261,7.912,1.54,2.26,-10.32,2.4e-05,0.0,0.0,74.227,4.94,WiFi_6
UE_019,0.00707,23.783,20.771,-39.771,1.267e-05,11.059,2.17,0.44,3.53,2.4e-05,0.0,0.0,87.46,6.91,WiFi_6
UE_000,0.00804,35.058,33.04,-35.202,4.623e-05,17.562,1.86,1.83,7.07,2.7e-05,0.0,0.0,87.46,10.98,WiFi_6
UE_001,0.01047,26.766,26.712,-39.121,7.712e-05,14.203,1.59,1.63,-2.6,3.5e-05,0.0,0.0,87.46,8.88,WiFi_6
UE_002,0.00798,29.414,25.237,-37.787,1.561e-05,13.42,2.16,0.56,-6.3,2.7e-05,0.0,0.0,87.46,8.39,WiFi_6
UE_003,0.01092,1.627,-5.063,-47.204,0.15008836,0.626,1.69,7.44,-5.64,3.6e-05,0.0,0.0,15.26,0.39,WiFi_6
UE_004,0.00707,41.146,36.767,-33.326,3.733e-05,19.542,1.87,0.82,-10.02,2.4e-05,0.0,0.0,87.46,12.21,WiFi_6
UE_005,0.01058,23.489,20.749,-39.872,0.00016216,11.048,1.89,4.98,7.31,3.5e-05,0.0,0.0,87.46,6.9,WiFi_6
UE_006,0.00553,44.915,41.793,-33.358,0.00027358,22.213,1.71,1.14,-4.12,1.8e-05,0.0,0.0,87.46,12.34,WiFi_6
UE_007,0.00707,38.134,34.93,-36.004,8.506e-05,18.566,1.57,2.33,-11.7,2.4e-05,0.0,0.0,87.46,11.6,WiFi_6
UE_008,0.00707,31.386,28.013,-37.528,5.642e-05,14.893,1.66,0.77,8.11,2.4e-05,0.0,0.0,87.46,9.31,WiFi_6
UE_009,0.00707,46.796,43.247,-29.53,3.075e-05,22.986,1.61,1.96,-8.69,2.4e-05,0.0,0.0,87.46,12.34,WiFi_6
UE_010,0.00707,35.39,30.943,-35.961,3.182e-05,16.448,1.51,6.54,-5.73,2.4e-05,0.0,0.0,87.46,10.28,WiFi_6
UE_011,0.00707,18.702,15.192,-42.845,0.00017359,8.144,2.25,5.32,5.19,2.4e-05,0.0,0.0,75.576,5.09,WiFi_6
UE_012,0.00707,27.148,22.544,-39.797,2.966e-05,11.995,2.14,1.34,-4.78,2.4e-05,0.0,0.0,87.46,7.5,WiFi_6
UE_013,0.00707,14.062,11.298,-42.174,0.00102179,6.17,1.81,0.41,7.05,2.4e-05,0.0,0.0,63.893,3.86,WiFi_6
UE_014,0.00888,19.161,15.344,-42.276,0.0001027,8.222,1.7,2.13,1.39,3e-05,0.0,0.0,76.033,5.14,WiFi_6
UE_015,0.00707,40.728,37.517,-32.657,3.375e-05,19.941,1.68,0.44,-8.01,2.4e-05,0.0,0.0,87.46,12.34,WiFi_6
UE_016,0.00707,18.525,14.768,-41.269,0.0003245,7.925,1.99,0.49,6.6,2.4e-05,0.0,0.0,74.304,4.95,WiFi_6
UE_017,0.00707,38.128,35.136,-34.007,2.155e-05,18.676,1.58,1.37,-3.4,2.4e-05,0.0,0.0,87.46,11.67,WiFi_6
UE_018,0.00934,26.786,21.883,-38.866,0.00016534,11.646,1.84,1.74,-10.32,3.1e-05,0.0,0.0,87.46,7.28,WiFi_6
UE_019,0.00707,27.654,23.692,-37.689,2.576e-05,12.603,1.88,1.58,3.53,2.4e-05,0.0,0.0,87.46,7.88,WiFi_6
UE_000,0.00992,20.134,15.021,-42.414,0.00019704,8.055,2.13,1.02,7.07,3.3e-05,0.0,0.0,75.062,5.03,WiFi_6
UE_001,0.00778,24.065,22.023,-40.877,0.0001038,11.72,1.77,0.55,-2.6,2.6e-05,0.0,0.0,87.46,7.33,WiFi_6
UE_002,0.0062,36.245,31.716,-34.559,1.421e-05,16.859,1.9,2.41,-6.3,2.1e-05,0.0,0.0,87.46,10.54,WiFi_6
UE_003,0.00566,16.417,12.195,-42.529,0.00017072,6.617,2.09,1.13,-5.64,1.9e-05,0.0,0.0,66.586,4.14,WiFi_6
UE_004,0.00707,37.725,33.589,-36.475,3.773e-05,17.854,1.8,0.48,-13.31,2.4e-05,0.0,0.0,87.46,11.16,WiFi_6
UE_005,0.005,30.888,26.042,-40.074,9.7e-06,13.847,2.01,0.24,-7.83,1.7e-05,0.0,0.0,87.46,8.65,WiFi_6
UE_006,0.00707,8.744,6.822,-46.106,0.0010062,4.062,1.8,0.31,4.04,2.4e-05,0.0,0.0,50.465,2.54,WiFi_6
UE_007,0.00707,20.273,18.794,-39.653,0.00035305,10.02,1.53,1.18,-11.7,2.4e-05,0.0,0.0,86.383,6.26,WiFi_6
UE_008,0.00707,11.739,6.496,-45.199,0.00105381,3.92,2.23,3.87,8.11,2.4e-05,0.0,0.0,49.489,2.45,WiFi_6
UE_009,0.00707,30.088,27.183,-38.007,0.00014992,14.452,2.2,0.48,-8.69,2.4e-05,0.0,0.0,87.46,9.03,WiFi_6
UE_010,0.00707,40.7,36.407,-32.744,5.407e-05,19.351,1.95,5.28,-5.73,2.4e-05,0.0,0.0,87.46,12.09,WiFi_6
UE_011,0.00707,19.689,17.031,-41.239,0.00012044,9.097,2.11,8.57,5.19,2.4e-05,0.0,0.0,81.093,5.69,WiFi_6
UE_012,0.00707,39.393,37.479,-31.832,2.265e-05,19.921,1.69,5.29,-4.78,2.4e-05,0.0,0.0,87.46,12.34,WiFi_6
UE_013,0.00707,42.192,40.16,-33.713,1.178e-05,21.345,1.68,7.74,7.05,2.4e-05,0.0,0.0,87.46,12.34,WiFi_6
UE_014,0.00751,30.401,25.469,-38.058,0.00010348,13.543,1.96,4.83,1.39,2.5e-05,0.0,0.0,87.46,8.46,WiFi_6
UE_015,0.00707,18.932,15.756,-41.109,0.00032651,8.435,1.91,2.71,9.99,2.4e-05,0.0,0.0,77.268,5.27,WiFi_6
UE_016,0.00707,34.709,28.695,-33.395,4.631e-05,15.255,1.68,0.47,6.6,2.4e-05,0.0,0.0,87.46,9.53,WiFi_6
UE_017,0.00707,37.792,34.874,-35.075,7.288e-05,18.536,1.97,0.49,-3.4,2.4e-05,0.0,0.0,87.46,11.59,WiFi_6
UE_018,0.02138,14.821,14.213,-45.646,0.00022388,7.64,1.86,0.49,-10.32,7.1e-05,0.0,0.0,72.64,4.78,WiFi_6
UE_019,0.00707,33.669,30.14,-35.571,1.58e-06,16.022,1.74,4.76,3.53,2.4e-05,0.0,0.0,87.46,10.01,WiFi_6
UE_000,0.01192,36.487,33.063,-36.204,0.00011482,17.574,2.02,0.88,7.07,4e-05,0.0,0.0,87.46,10.98,WiFi_6
UE_001,0.00569,35.69,30.308,-35.633,1.392e-05,16.111,2.06,1.91,-2.6,1.9e-05,0.0,0.0,87.46,10.07,WiFi_6
UE_002,0.00512,36.917,33.41,-33.695,3.637e-05,17.759,1.71,0.19,-6.3,1.7e-05,0.0,0.0,87.46,11.1,WiFi_6
UE_003,0.00665,24.669,18.667,-41.455,0.00011637,9.953,2.16,1.07,-5.64,2.2e-05,0.0,0.0,86.002,6.22,WiFi_6
UE_004,0.00707,40.948,36.33,-33.924,0.00012526,19.31,2.2,1.76,-13.31,2.4e-05,0.0,0.0,87.46,12.07,WiFi_6
UE_005,0.01028,9.915,6.63,-46.486,0.00100879,3.978,2.1,5.13,-7.83,3.4e-05,0.0,0.0,49.889,2.49,WiFi_6
UE_006,0.00109,61.8,57.207,-24.758,6.481e-05,30.406,1.62,2.63,4.04,4e-06,0.0,0.0,87.46,12.34,WiFi_6
UE_007,0.00707,14.53,13.242,-44.5,0.0001623,7.145,2.15,2.12,-11.7,2.4e-05,0.0,0.0,69.726,4.47,WiFi_6
UE_008,0.00707,28.358,24.455,-38.277,5.764e-05,13.006,2.19,1.27,8.11,2.4e-05,0.0,0.0,87.46,8.13,WiFi_6
UE_009,0.00707,15.407,11.882,-44.791,0.00107082,6.461,2.04,0.87,-8.69,2.4e-05,0.0,0.0,65.647,4.04,WiFi_6
UE_010,0.00707,32.635,28.674,-37.358,5.111e-05,15.243,2.17,0.57,-5.73,2.4e-05,0.0,0.0,87.46,9.53,WiFi_6
UE_011,0.00707,32.55,28.736,-37.14,8.005e-05,15.277,1.58,0.51,5.19,2.4e-05,0.0,0.0,87.46,9.55,WiFi_6
UE_012,0.00707,12.298,10.543,-46.148,0.00111774,5.799,1.65,0.49,-4.78,2.4e-05,0.0,0.0,61.63,3.62,WiFi_6
UE_013,0.00707,43.156,39.851,-31.224,4.14e-06,21.181,2.01,3.24,7.05,2.4e-05,0.0,0.0,87.46,12.34,WiFi_6
UE_014,0.00632,41.932,37.348,-32.356,0.00013409,19.851,1.56,4.42,1.39,2.1e-05,0.0,0.0,87.46,12.34,WiFi_6
UE_015,0.00749,32.756,29.219,-36.597,0.00011962,15.533,1.92,0.05,9.99,2.5e-05,0.0,0.0,87.46,9.71,WiFi_6
UE_016,0.00707,33.302,27.444,-38.294,0.00013281,14.591,2.12,5.33,6.6,2.4e-05,0.0,0.0,87.46,9.12,WiFi_6
UE_017,0.00707,28.781,24.035,-40.181,4.164e-05,12.784,2.08,0.39,-3.4,2.4e-05,0.0,0.0,87.46,7.99,WiFi_6
UE_018,0.01707,13.589,10.166,-44.388,0.00101474,5.616,1.71,2.24,-10.32,5.7e-05,0.0,0.0,60.499,3.51,WiFi_6
UE_019,0.00707,17.392,13.792,-43.521,0.00010203,7.425,1.79,1.53,3.53,2.4e-05,0.0,0.0,71.377,4.64,WiFi_6
UE_000,0.01401,21.302,19.891,-41.127,0.0001179,10.596,1.56,0.81,7.07,4.7e-05,0.0,0.0,87.46,6.62,WiFi_6
UE_001,0.00503,30.949,26.066,-37.602,9.829e-05,13.86,2.15,3.44,-2.6,1.7e-05,0.0,0.0,87.46,8.66,WiFi_6
UE_002,0.00521,32.528,29.718,-37.811,7.738e-05,15.798,1.79,1.18,-6.3,1.7e-05,0.0,0.0,87.46,9.87,WiFi_6
UE_003,0.00707,28.34,24.232,-37.997,9.672e-05,12.888,2.03,6.38,-5.64,2.4e-05,0.0,0.0,87.46,8.06,WiFi_6
UE_004,0.00707,33.256,28.818,-35.09,9.876e-05,15.32,2.0,16.72,-13.31,2.4e-05,0.0,0.0,87.46,9.58,WiFi_6
UE_005,0.01976,-0.926,-3.186,-50.261,0.15007697,0.905,1.84,37.34,-7.83,6.6e-05,0.0,0.0,20.443,0.57,WiFi_6
UE_006,0.00584,40.945,36.342,-32.541,0.00012099,19.316,1.91,6.38,4.04,1.9e-05,0.0,0.0,87.46,12.07,WiFi_6
UE_007,0.00707,31.75,26.033,-36.285,0.00012464,13.843,1.7,2.39,-11.7,2.4e-05,0.0,0.0,87.46,8.65,WiFi_6
UE_008,0.00707,43.52,41.302,-31.43,1.309e-05,21.952,1.56,7.27,8.11,2.4e-05,0.0,0.0,87.46,12.34,WiFi_6
UE_009,0.00707,22.585,19.587,-41.656,0.00011968,10.436,1.75,5.05,-8.69,2.4e-05,0.0,0.0,87.46,6.52,WiFi_6
UE_010,0.00707,34.65,29.753,-36.055,0.00017426,15.817,1.84,4.37,-5.73,2.4e-05,0.0,0.0,87.46,9.89,WiFi_6
UE_011,0.00707,30.954,28.892,-38.267,5.502e-05,15.359,1.5,0.16,5.19,2.4e-05,0.0,0.0,87.46,9.6,WiFi_6
UE_012,0.00707,30.828,25.775,-35.838,4.033e-05,13.706,1.86,4.31,-4.78,2.4e-05,0.0,0.0,87.46,8.57,WiFi_6
UE_013,0.00707,12.019,9.656,-46.399,0.00127577,5.37,2.26,16.66,7.05,2.4e-05,0.0,0.0,58.968,3.36,WiFi_6
UE_014,0.00544,41.085,37.522,-34.297,6.872e-05,19.944,2.25,2.28,1.39,1.8e-05,0.0,0.0,87.46,12.34,WiFi_6
UE_015,0.02046,16.744,12.819,-43.23,0.00011448,6.931,2.07,0.72,9.99,6.8e-05,0.0,0.0,68.457,4.33,WiFi_6
UE_016,0.00707,33.144,27.009,-37.726,0.00014111,14.36,1.87,0.24,6.6,2.4e-05,0.0,0.0,87.46,8.97,WiFi_6
UE_017,0.00707,19.349,16.774,-43.071,0.00017912,8.964,2.24,4.3,-3.4,2.4e-05,0.0,0.0,80.322,5.6,WiFi_6
UE_018,0.00606,36.554,34.943,-34.953,7.49e-06,18.573,1.9,5.63,-10.32,2e-05,0.0,0.0,87.46,11.61,WiFi_6
UE_019,0.00707,4.857,2.055,-47.816,0.01000441,2.21,1.73,22.03,3.53,2.4e-05,0.0,0.0,36.166,1.38,WiFi_6
UE_000,0.01614,32.417,30.812,-36.169,4.322e-05,16.379,2.18,0.36,7.07,5.4e-05,0.0,0.0,87.46,10.24,WiFi_6
UE_001,0.00627,41.193,35.207,-32.288,7.307e-05,18.714,2.0,1.33,-2.6,2.1e-05,0.0,0.0,87.46,11.7,WiFi_6
UE_002,0.00643,32.931,27.086,-34.763,0.00015102,14.401,1.86,1.41,-6.3,2.1e-05,0.0,0.0,87.46,9.0,WiFi_6
UE_003,0.00707,23.559,21.108,-41.249,2.056e-05,11.237,1.53,0.22,-5.64,2.4e-05,0.0,0.0,87.46,7.02,WiFi_6
UE_004,0.00707,9.973,7.459,-46.06,0.00105737,4.346,1.97,1.72,-13.31,2.4e-05,0.0,0.0,52.376,2.72,WiFi_6
UE_005,0.0206,5.169,1.109,-48.457,0.01016961,1.913,1.94,37.82,1.74,6.9e-05,0.0,0.0,33.327,1.2,WiFi_6
UE_006,0.01219,25.815,22.865,-37.035,0.00019021,12.165,1.68,6.09,4.04,4.1e-05,0.0,0.0,87.46,7.6,WiFi_6
UE_007,0.00707,24.355,20.239,-40.648,0.0001097,10.779,2.04,1.02,-11.7,2.4e-05,0.0,0.0,87.46,6.74,WiFi_6
UE_008,0.00707,22.165,19.638,-39.08,0.00023154,10.463,1.93,1.19,8.11,2.4e-05,0.0,0.0,87.46,6.54,WiFi_6
UE_009,0.00707,43.852,40.158,-34.329,0.00015161,21.345,1.58,5.68,-8.69,2.4e-05,0.0,0.0,87.46,12.34,WiFi_6
UE_010,0.00707,31.678,27.148,-38.308,2.494e-05,14.434,1.8,0.51,-5.73,2.4e-05,0.0,0.0,87.46,9.02,WiFi_6
UE_011,0.00707,37.908,35.948,-35.47,3.004e-05,19.107,1.59,5.18,5.19,2.4e-05,0.0,0.0,87.46,11.94,WiFi_6
UE_012,0.00707,55.878,53.96,-26.359,0.00013093,28.68,1.69,1.45,-4.78,2.4e-05,0.0,0.0,87.46,12.34,WiFi_6
UE_013,0.00707,26.085,22.911,-41.367,6.05e-05,12.189,2.17,0.92,7.05,2.4e-05,0.0,0.0,87.46,7.62,WiFi_6
UE_014,0.00502,29.29,24.917,-37.012,5.304e-05,13.251,1.61,2.75,1.39,1.7e-05,0.0,0.0,87.46,8.28,WiFi_6
UE_015,0.01983,11.862,9.425,-45.252,0.00108005,5.259,2.08,2.41,9.99,6.6e-05,0.0,0.0,58.274,3.29,WiFi_6
UE_016,0.00707,36.249,33.151,-36.483,0.0001027,17.621,2.11,1.48,6.6,2.4e-05,0.0,0.0,87.46,11.01,WiFi_6
UE_017,0.00707,31.455,27.656,-37.066,0.00016399,14.703,2.21,2.14,-3.4,2.4e-05,0.0,0.0,87.46,9.19,WiFi_6
UE_018,0.00707,36.023,32.084,-35.746,1.21e-05,17.054,2.08,0.97,-10.32,2.4e-05,0.0,0.0,87.46,10.66,WiFi_6
UE_019,0.00707,31.271,28.325,-38.426,4.628e-05,15.058,1.98,0.96,3.53,2.4e-05,0.0,0.0,87.46,9.41,WiFi_6
UE_000,0.0183,11.746,8.688,-45.293,0.00105985,4.911,1.68,0.16,7.07,6.1e-05,0.0,0.0,56.065,3.07,WiFi_6
UE_001,0.00707,15.147,10.981,-44.552,0.00104132,6.014,1.76,0.55,-2.6,2.4e-05,0.0,0.0,62.944,3.76,WiFi_6
UE_002,0.00707,19.724,17.066,-43.067,0.00029008,9.116,2.03,1.7,-6.3,2.4e-05,0.0,0.0,81.197,5.7,WiFi_6
UE_003,0.00707,25.662,20.003,-37.365,5.381e-05,10.655,2.07,0.17,-5.64,2.4e-05,0.0,0.0,87.46,6.66,WiFi_6
UE_004,0.00707,34.773,32.761,-35.025,6.183e-05,17.414,1.92,2.33,-13.31,2.4e-05,0.0,0.0,87.46,10.88,WiFi_6
UE_005,0.02317,7.795,3.718,-47.254,0.01002162,2.793,1.9,26.58,1.74,7.7e-05,0.0,0.0,41.154,1.75,WiFi_6
UE_006,0.01857,15.766,13.685,-43.675,0.00022802,7.37,2.22,3.18,4.04,6.2e-05,0.0,0.0,71.054,4.61,WiFi_6
UE_007,0.00707,6.819,4.655,-47.883,0.01013017,3.154,1.88,21.76,-11.7,2.4e-05,0.0,0.0,43.966,1.97,WiFi_6
UE_008,0.00707,19.553,16.89,-40.599,0.00012469,9.024,1.53,0.69,8.11,2.4e-05,0.0,0.0,80.669,5.64,WiFi_6
UE_009,0.00707,42.747,37.77,-31.841,3.573e-05,20.075,2.19,4.35,-8.69,2.4e-05,0.0,0.0,87.46,12.34,WiFi_6
UE_010,0.00707,38.459,36.655,-34.891,0.00014812,19.483,2.22,15.29,-5.73,2.4e-05,0.0,0.0,87.46,12.18,WiFi_6
UE_011,0.00707,42.966,40.305,-32.96,5.784e-05,21.423,1.8,3.52,5.19,2.4e-05,0.0,0.0,87.46,12.34,WiFi_6
UE_012,0.00707,28.405,24.549,-38.249,3.819e-05,13.056,1.99,3.3,-4.78,2.4e-05,0.0,0.0,87.46,8.16,WiFi_6
UE_013,0.00707,18.927,15.237,-42.878,0.00020105,8.167,1.8,1.06,7.05,2.4e-05,0.0,0.0,75.71,5.1,WiFi_6
UE_014,0.00518,19.267,13.902,-41.955,0.00023312,7.481,2.14,1.01,1.39,1.7e-05,0.0,0.0,71.707,4.68,WiFi_6
UE_015,0.01486,5.887,2.394,-47.496,0.01001469,2.323,1.55,18.18,9.99,5e-05,0.0,0.0,37.181,1.45,WiFi_6
UE_016,0.00707,24.051,19.448,-41.715,0.0002908,10.363,2.01,2.16,6.6,2.4e-05,0.0,0.0,87.46,6.48,WiFi_6
UE_017,0.00707,13.211,9.615,-45.078,0.00119742,5.35,1.85,6.49,-3.4,2.4e-05,0.0,0.0,58.846,3.34,WiFi_6
UE_018,0.00707,27.083,23.598,-38.94,0.00010408,12.552,1.99,2.31,-10.32,2.4e-05,0.0,0.0,87.46,7.85,WiFi_6
UE_019,0.00707,31.287,29.487,-38.309,5.114e-05,15.675,1.67,5.68,3.53,2.4e-05,0.0,0.0,87.46,9.8,WiFi_6
UE_000,0.02048,2.028,-2.763,-50.132,0.15001565,0.981,2.06,20.34,7.07,6.8e-05,0.0,0.0,21.712,0.61,WiFi_6
UE_001,0.00707,33.703,28.456,-35.11,0.00011322,15.128,1.7,3.0,-2.6,2.4e-05,0.0,0.0,87.46,9.45,WiFi_6
UE_002,0.00707,32.197,23.393,-37.865,3.455e-05,12.444,1.73,27.36,-6.3,2.4e-05,0.0,0.0,87.46,7.78,WiFi_6
UE_003,0.00707,13.356,8.821,-44.579,0.00104514,4.973,1.95,0.33,-5.64,2.4e-05,0.0,0.0,56.462,3.11,WiFi_6
UE_004,0.00707,17.273,14.523,-42.282,0.00010644,7.799,1.67,14.23,-13.31,2.4e-05,0.0,0.0,73.57,4.87,WiFi_6
UE_005,0.02531,13.513,8.297,-44.413,0.00101889,4.729,1.8,0.97,1.74,8.4e-05,0.0,0.0,54.891,2.96,WiFi_6
UE_006,0.02496,15.827,13.4,-45.22,0.00017145,7.226,1.54,0.8,4.04,8.3e-05,0.0,0.0,70.201,4.52,WiFi_6
UE_007,0.00707,15.036,10.673,-43.325,0.00105031,5.863,1.78,4.56,-11.7,2.4e-05,0.0,0.0,62.02,3.66,WiFi_6
UE_008,0.00707,27.44,22.408,-40.492,8.835e-05,11.923,1.82,0.82,8.11,2.4e-05,0.0,0.0,87.46,7.45,WiFi_6
UE_009,0.00707,38.58,36.737,-34.62,1.247e-05,19.526,2.23,1.05,-8.69,2.4e-05,0.0,0.0,87.46,12.2,WiFi_6
UE_010,0.00707,47.23,43.163,-30.108,7.268e-05,22.941,1.85,1.73,-5.73,2.4e-05,0.0,0.0,87.46,12.34,WiFi_6
UE_011,0.00707,28.616,24.47,-40.374,5.112e-05,13.014,1.76,2.99,5.19,2.4e-05,0.0,0.0,87.46,8.13,WiFi_6
UE_012,0.00707,23.626,18.847,-41.111,0.00010648,10.047,1.62,1.95,-4.78,2.4e-05,0.0,0.0,86.54,6.28,WiFi_6
UE_013,0.00707,10.1,6.799,-44.262,0.00101722,4.052,1.89,0.83,7.05,2.4e-05,0.0,0.0,50.398,2.53,WiFi_6
UE_014,0.00587,19.313,18.009,-41.64,0.00018872,9.608,1.66,3.7,1.39,2e-05,0.0,0.0,84.027,6.01,WiFi_6
UE_015,0.01937,8.612,6.564,-46.24,0.00102927,3.949,2.16,5.13,-10.67,6.5e-05,0.0,0.0,49.691,2.47,WiFi_6
UE_016,0.00707,25.956,19.793,-41.194,0.00016717,10.544,1.79,0.47,6.6,2.4e-05,0.0,0.0,87.46,6.59,WiFi_6
UE_017,0.00707,14.815,12.58,-44.533,0.00015409,6.81,2.17,2.56,-3.4,2.4e-05,0.0,0.0,67.74,4.26,WiFi_6
UE_018,0.00707,6.347,5.456,-46.839,0.01000756,3.478,1.9,36.67,-10.32,2.4e-05,0.0,0.0,46.368,2.17,WiFi_6
UE_019,0.00707,37.412,34.0,-35.149,8.698e-05,18.072,2.09,4.89,3.53,2.4e-05,0.0,0.0,87.46,11.3,WiFi_6
UE_000,0.02268,19.538,14.362,-43.002,0.00012619,7.716,1.84,4.31,7.07,7.6e-05,0.0,0.0,73.085,4.82,WiFi_6
UE_001,0.00707,28.181,24.368,-38.498,0.00026694,12.96,1.66,0.91,-2.6,2.4e-05,0.0,0.0,87.46,8.1,WiFi_6
UE_002,0.00707,38.134,37.685,-35.003,7.516e-05,20.03,1.67,1.38,-6.3,2.4e-05,0.0,0.0,87.46,12.34,WiFi_6
UE_003,0.00707,28.836,24.896,-39.512,9.802e-05,13.24,2.12,5.38,-5.64,2.4e-05,0.0,0.0,87.46,8.27,WiFi_6
UE_004,0.00707,43.907,42.035,-32.728,0.00010143,22.342,1.57,3.18,-13.31,2.4e-05,0.0,0.0,87.46,12.34,WiFi_6
UE_005,0.02355,-2.334,-8.178,-50.982,0.15005672,0.327,1.59,23.83,1.74,7.8e-05,0.0,0.0,15.26,0.2,WiFi_6
UE_006,0.03083,16.292,15.233,-43.946,0.00018511,8.165,1.53,6.46,4.04,0.000103,0.0,0.0,75.7,5.1,WiFi_6
UE_007,0.00707,7.374,1.813,-47.013,0.01009354,2.132,1.72,10.57,-11.7,2.4e-05,0.0,0.0,35.438,1.33,WiFi_6
UE_008,0.00707,39.025,36.997,-35.415,4.119e-05,19.665,1.61,2.24,8.11,2.4e-05,0.0,0.0,87.46,12.29,WiFi_6
UE_009,0.00707,18.203,15.878,-42.807,0.0002046,8.498,1.79,0.8,-8.69,2.4e-05,0.0,0.0,77.634,5.31,WiFi_6
UE_010,0.00707,13.083,7.972,-44.406,0.00110034,4.579,2.14,0.04,-5.73,2.4e-05,0.0,0.0,53.917,2.86,WiFi_6
UE_011,0.00707,28.217,23.043,-39.169,0.00030935,12.259,2.25,3.24,5.19,2.4e-05,0.0,0.0,87.46,7.66,WiFi_6
UE_012,0.00707,26.687,20.993,-38.924,0.00019447,11.176,1.81,0.04,-4.78,2.4e-05,0.0,0.0,87.46,6.99,WiFi_6
UE_013,0.00707,23.837,22.794,-40.312,2.706e-05,12.127,1.84,2.22,7.05,2.4e-05,0.0,0.0,87.46,7.58,WiFi_6
UE_014,0.00694,30.464,24.733,-37.062,1.81e-05,13.153,1.96,4.07,1.39,2.3e-05,0.0,0.0,87.46,8.22,WiFi_6
UE_015,0.01992,12.476,9.088,-44.862,0.00101506,5.099,1.87,0.58,-10.67,6.6e-05,0.0,0.0,57.263,3.19,WiFi_6
UE_016,0.00707,31.306,26.651,-38.289,5.696e-05,14.17,2.16,3.31,6.6,2.4e-05,0.0,0.0,87.46,8.86,WiFi_6
UE_017,0.00707,28.153,22.608,-38.503,0.00020363,12.029,1.93,4.9,-3.4,2.4e-05,0.0,0.0,87.46,7.52,WiFi_6
UE_018,0.00707,47.695,43.343,-30.311,6.486e-05,23.037,1.76,0.88,-10.32,2.4e-05,0.0,0.0,87.46,12.34,WiFi_6
UE_019,0.00707,18.013,13.872,-43.384,0.00010764,7.466,2.09,6.64,3.53,2.4e-05,0.0,0.0,71.615,4.67,WiFi_6
UE_000,0.02489,26.586,22.56,-37.995,0.00012276,12.004,1.78,1.31,7.07,8.3e-05,0.0,0.0,87.46,7.5,WiFi_6
UE_001,0.00707,31.135,26.415,-36.563,3.517e-05,14.045,1.5,1.99,-2.6,2.4e-05,0.0,0.0,87.46,8.78,WiFi_6
UE_002,0.00707,36.322,33.249,-35.781,7.176e-05,17.673,2.26,3.0,-6.3,2.4e-05,0.0,0.0,87.46,11.05,WiFi_6
UE_003,0.00707,21.294,19.239,-39.878,0.00021106,10.253,1.52,0.48,-5.64,2.4e-05,0.0,0.0,87.46,6.41,WiFi_6
UE_004,0.00707,47.558,43.623,-29.092,8.004e-05,23.186,1.99,0.48,-13.31,2.4e-05,0.0,0.0,87.46,12.34,WiFi_6
UE_005,0.02142,18.404,16.098,-43.432,0.00027724,8.612,1.64,8.03,1.74,7.1e-05,0.0,0.0,78.293,5.38,WiFi_6
UE_006,0.02977,9.782,6.137,-45.66,0.00111566,3.765,1.63,3.22,4.04,9.9e-05,0.0,0.0,48.411,2.35,WiFi_6
UE_007,0.00707,44.337,39.501,-30.81,2.264e-05,20.996,1.53,5.77,-11.7,2.4e-05,0.0,0.0,87.46,12.34,WiFi_6
UE_008,0.00707,9.801,4.502,-45.638,0.01002465,3.094,2.2,24.05,8.11,2.4e-05,0.0,0.0,43.507,1.93,WiFi_6
UE_009,0.00707,32.512,27.982,-36.393,5.603e-05,14.876,2.1,1.52,-8.69,2.4e-05,0.0,0.0,87.46,9.3,WiFi_6
UE_010,0.00707,4.098,1.78,-48.735,0.0100274,2.121,1.94,31.41,-5.73,2.4e-05,0.0,0.0,35.34,1.33,WiFi_6
UE_011,0.00707,28.695,25.322,-39.596,5.366e-05,13.466,2.14,3.68,5.19,2.4e-05,0.0,0.0,87.46,8.42,WiFi_6
UE_012,0.00707,30.744,27.365,-38.573,0.00013505,14.549,2.12,0.79,-4.78,2.4e-05,0.0,0.0,87.46,9.09,WiFi_6
UE_013,0.00707,39.636,36.243,-36.61,1.399e-05,19.264,2.13,3.06,7.05,2.4e-05,0.0,0.0,87.46,12.04,WiFi_6
UE_014,0.00707,31.255,27.584,-37.621,0.00013813,14.665,1.74,0.5,1.39,2.4e-05,0.0,0.0,87.46,9.17,WiFi_6
UE_015,0.02784,11.017,7.811,-45.532,0.00118974,4.505,2.09,1.1,-10.67,9.3e-05,0.0,0.0,53.432,2.82,WiFi_6
UE_016,0.00707,3.221,0.578,-48.561,0.01010197,1.759,1.5,16.02,6.6,2.4e-05,0.0,0.0,31.734,1.1,WiFi_6
UE_017,0.00707,28.572,23.94,-38.639,0.00012499,12.733,1.74,3.6,-3.4,2.4e-05,0.0,0.0,87.46,7.96,WiFi_6
UE_018,0.00707,23.796,17.75,-42.001,0.00030174,9.473,1.61,6.83,-10.32,2.4e-05,0.0,0.0,83.25,5.92,WiFi_6
UE_019,0.00707,28.575,26.004,-37.944,8.098e-05,13.827,1.5,4.71,3.53,2.4e-05,0.0,0.0,87.46,8.64,WiFi_6
UE_000,0.02388,26.961,25.392,-37.909,0.00012937,13.503,1.78,0.42,7.07,8e-05,0.0,0.0,87.46,8.44,WiFi_6
UE_001,0.00707,36.12,34.422,-35.569,0.00023287,18.296,1.88,2.2,-2.6,2.4e-05,0.0,0.0,87.46,11.44,WiFi_6
UE_002,0.00707,14.554,13.737,-44.374,0.00011149,7.397,2.17,5.5,-6.3,2.4e-05,0.0,0.0,71.212,4.62,WiFi_6
UE_003,0.00707,41.368,37.999,-33.847,4.229e-05,20.197,1.86,3.93,-5.64,2.4e-05,0.0,0.0,87.46,12.34,WiFi_6
UE_004,0.00707,34.437,30.996,-35.978,0.00010596,16.477,1.77,0.71,-13.31,2.4e-05,0.0,0.0,87.46,10.3,WiFi_6
UE_005,0.01931,22.257,18.308,-41.743,0.00015455,9.765,1.69,0.84,1.74,6.4e-05,0.0,0.0,84.925,6.1,WiFi_6
UE_006,0.02782,19.78,17.495,-41.494,0.00020509,9.34,2.06,0.65,4.04,9.3e-05,0.0,0.0,82.486,5.84,WiFi_6
UE_007,0.00707,0.808,-4.389,-50.905,0.15000554,0.717,1.76,29.99,-11.7,2.4e-05,0.0,0.0,16.832,0.45,WiFi_6
UE_008,0.00707,43.516,40.652,-33.099,7.023e-05,21.607,1.94,1.62,8.11,2.4e-05,0.0,0.0,87.46,12.34,WiFi_6
UE_009,0.00707,24.245,21.561,-40.215,7.455e-05,11.476,1.68,1.67,-8.69,2.4e-05,0.0,0.0,87.46,7.17,WiFi_6
UE_010,0.00707,25.457,21.18,-39.722,0.00019809,11.275,2.0,0.73,-5.73,2.4e-05,0.0,0.0,87.46,7.05,WiFi_6
UE_011,0.00707,38.834,35.562,-34.316,5.721e-05,18.902,1.76,4.93,5.19,2.4e-05,0.0,0.0,87.46,11.81,WiFi_6
UE_012,0.00707,35.338,32.061,-35.639,9.55e-06,17.042,1.81,2.15,-4.78,2.4e-05,0.0,0.0,87.46,10.65,WiFi_6
UE_013,0.00707,36.028,31.538,-33.747,4.892e-05,16.764,1.76,1.56,7.05,2.4e-05,0.0,0.0,87.46,10.48,WiFi_6
UE_014,0.00707,26.387,22.993,-40.242,0.00019011,12.233,1.51,8.85,1.39,2.4e-05,0.0,0.0,87.46,7.65,WiFi_6
UE_015,0.02254,15.459,14.296,-41.306,0.00025719,7.683,1.83,1.58,-10.67,7.5e-05,0.0,0.0,72.887,4.8,WiFi_6
UE_016,0.00707,32.576,29.175,-36.738,0.00011604,15.51,1.52,0.92,6.6,2.4e-05,0.0,0.0,87.46,9.69,WiFi_6
UE_017,0.00707,14.592,10.238,-44.332,0.00101195,5.65,1.54,0.31,-3.4,2.4e-05,0.0,0.0,60.714,3.53,WiFi_6
UE_018,0.00707,26.537,24.178,-39.742,7.514e-05,12.86,2.06,5.36,-10.32,2.4e-05,0.0,0.0,87.46,8.04,WiFi_6
UE_019,0.00707,28.993,21.51,-37.735,0.00012278,11.449,2.25,6.56,3.53,2.4e-05,0.0,0.0,87.46,7.16,WiFi_6
UE_000,0.02168,9.28,3.251,-45.201,0.01006242,2.622,1.94,33.93,7.07,7.2e-05,0.0,0.0,39.752,1.64,WiFi_6
UE_001,0.00707,37.223,33.875,-35.95,1.741e-05,18.006,1.62,6.03,-2.6,2.4e-05,0.0,0.0,87.46,11.25,WiFi_6
UE_002,0.00707,32.693,29.674,-36.252,0.00011455,15.774,2.22,1.81,-6.3,2.4e-05,0.0,0.0,87.46,9.86,WiFi_6
UE_003,0.00707,31.071,26.868,-37.8,0.00012575,14.285,1.56,4.2,-5.64,2.4e-05,0.0,0.0,87.46,8.93,WiFi_6
UE_004,0.00707,35.221,32.48,-35.716,2.922e-05,17.265,1.56,4.13,-13.31,2.4e-05,0.0,0.0,87.46,10.79,WiFi_6
UE_005,0.01721,13.316,9.005,-46.017,0.00100292,5.06,1.86,4.38,1.74,5.7e-05,0.0,0.0,57.015,3.16,WiFi_6
UE_006,0.02196,19.566,17.274,-42.883,0.00018865,9.224,2.16,8.57,4.04,7.3e-05,0.0,0.0,81.823,5.77,WiFi_6
UE_007,0.00707,26.994,24.06,-38.58,5.662e-05,12.797,1.73,6.69,-11.7,2.4e-05,0.0,0.0,87.46,8.0,WiFi_6
UE_008,0.00707,31.89,28.059,-37.378,3.223e-05,14.917,1.62,0.03,8.11,2.4e-05,0.0,0.0,87.46,9.32,WiFi_6
UE_009,0.00707,28.62,24.838,-38.296,1.965e-05,13.209,2.21,0.5,-8.69,2.4e-05,0.0,0.0,87.46,8.26,WiFi_6
UE_010,0.00707,37.961,36.713,-35.382,2.261e-05,19.514,2.0,1.01,-5.73,2.4e-05,0.0,0.0,87.46,12.2,WiFi_6
UE_011,0.00707,23.68,19.266,-41.106,0.00010807,10.267,1.68,4.86,5.19,2.4e-05,0.0,0.0,87.46,6.42,WiFi_6
UE_012,0.00707,32.958,27.352,-36.708,7.66e-05,14.542,1.86,2.06,-4.78,2.4e-05,0.0,0.0,87.46,9.09,WiFi_6
UE_013,0.00707,36.162,33.181,-35.317,2.832e-05,17.637,1.99,3.01,7.05,2.4e-05,0.0,0.0,87.46,11.02,WiFi_6
UE_014,0.00707,18.407,14.478,-41.704,0.00022846,7.776,1.98,2.8,1.39,2.4e-05,0.0,0.0,73.434,4.86,WiFi_6
UE_015,0.01629,14.589,12.41,-43.138,0.00018414,6.725,2.25,2.74,-10.67,5.4e-05,0.0,0.0,67.229,4.2,WiFi_6
UE_016,0.00707,33.671,30.593,-37.022,9.068e-05,16.263,2.2,1.97,6.6,2.4e-05,0.0,0.0,87.46,10.16,WiFi_6
UE_017,0.00707,13.355,10.457,-47.399,0.00101671,5.757,1.9,1.05,-3.4,2.4e-05,0.0,0.0,61.371,3.6,WiFi_6
UE_018,0.00707,29.568,24.478,-37.273,9.641e-05,13.018,1.97,5.36,-10.32,2.4e-05,0.0,0.0,87.46,8.14,WiFi_6
UE_019,0.00707,38.576,35.156,-34.92,4.245e-05,18.687,1.91,0.93,3.53,2.4e-05,0.0,0.0,87.46,11.68,WiFi_6
UE_000,0.01949,16.421,13.492,-43.205,0.00016162,7.272,2.17,0.49,-2.12,6.5e-05,0.0,0.0,70.475,4.54,WiFi_6
UE_001,0.00707,1.449,-1.43,-50.13,0.15001224,1.251,1.54,14.76,-2.6,2.4e-05,0.0,0.0,25.711,0.78,WiFi_6
UE_002,0.00707,26.411,22.88,-39.554,4.461e-05,12.173,1.87,2.44,-6.3,2.4e-05,0.0,0.0,87.46,7.61,WiFi_6
UE_003,0.00707,21.419,20.413,-40.344,0.00021123,10.871,1.63,3.6,-5.64,2.4e-05,0.0,0.0,87.46,6.79,WiFi_6
UE_004,0.00707,34.208,31.111,-34.82,0.00012473,16.537,1.6,2.64,-13.31,2.4e-05,0.0,0.0,87.46,10.34,WiFi_6
UE_005,0.01514,22.311,16.089,-40.247,0.00020539,8.608,1.67,0.5,1.74,5e-05,0.0,0.0,78.268,5.38,WiFi_6
UE_006,0.01649,29.316,27.054,-38.85,8.854e-05,14.384,2.09,4.37,4.04,5.5e-05,0.0,0.0,87.46,8.99,WiFi_6
UE_007,0.00707,29.283,26.072,-39.946,9.178e-05,13.863,1.98,0.58,-11.7,2.4e-05,0.0,0.0,87.46,8.66,WiFi_6
UE_008,0.00707,34.131,29.852,-37.175,5.967e-05,15.869,1.61,11.1,8.11,2.4e-05,0.0,0.0,87.46,9.92,WiFi_6
UE_009,0.00707,29.862,25.737,-36.823,3.817e-05,13.685,1.85,0.74,-8.69,2.4e-05,0.0,0.0,87.46,8.55,WiFi_6
UE_010,0.00707,28.638,26.713,-39.246,6.957e-05,14.203,1.55,6.6,-5.73,2.4e-05,0.0,0.0,87.46,8.88,WiFi_6
UE_011,0.00707,30.047,25.823,-36.921,0.00013024,13.731,2.25,1.14,5.19,2.4e-05,0.0,0.0,87.46,8.58,WiFi_6
UE_012,0.00707,29.851,26.74,-35.564,2.566e-05,14.218,1.6,2.51,8.42,2.4e-05,0.0,0.0,87.46,8.89,WiFi_6
UE_013,0.00707,38.706,35.183,-34.383,4.169e-05,18.701,1.75,0.15,7.05,2.4e-05,0.0,0.0,87.46,11.69,WiFi_6
UE_014,0.00707,22.875,17.978,-41.342,0.00019555,9.592,2.12,1.12,1.39,2.4e-05,0.0,0.0,83.935,6.0,WiFi_6
UE_015,0.01637,7.551,6.938,-47.955,0.00103149,4.113,1.69,1.95,-10.67,5.5e-05,0.0,0.0,50.814,2.57,WiFi_6
UE_016,0.00707,7.868,4.478,-49.024,0.01008386,3.084,1.97,28.27,6.6,2.4e-05,0.0,0.0,43.433,1.93,WiFi_6
UE_017,0.00707,35.445,30.535,-35.069,1.531e-05,16.232,2.11,0.68,-3.4,2.4e-05,0.0,0.0,87.46,10.14,WiFi_6
UE_018,0.00707,19.907,16.574,-42.914,0.00014444,8.859,1.96,2.39,-10.32,2.4e-05,0.0,0.0,79.722,5.54,WiFi_6
UE_019,0.00707,30.041,27.388,-38.01,8.916e-05,14.561,2.2,7.72,3.53,2.4e-05,0.0,0.0,87.46,9.1,WiFi_6
UE_000,0.02256,19.227,16.057,-42.488,0.00026082,8.591,1.68,0.8,-2.12,7.5e-05,0.0,0.0,78.171,5.37,WiFi_6
UE_001,0.00707,36.972,31.391,-34.589,1.08e-06,16.686,1.61,2.59,-2.6,2.4e-05,0.0,0.0,87.46,10.43,WiFi_6
UE_002,0.00707,32.186,29.551,-36.558,0.00010994,15.709,2.25,5.66,-6.3,2.4e-05,0.0,0.0,87.46,9.82,WiFi_6
UE_003,0.00707,23.727,17.02,-40.795,0.00011339,9.091,1.81,1.3,-5.64,2.4e-05,0.0,0.0,81.059,5.68,WiFi_6
UE_004,0.00707,13.176,11.374,-45.886,0.00109104,6.208,1.61,5.05,-13.31,2.4e-05,0.0,0.0,64.122,3.88,WiFi_6
UE_005,0.0131,21.429,16.709,-41.154,0.00012121,8.93,2.04,1.74,1.74,4.4e-05,0.0,0.0,80.128,5.58,WiFi_6
UE_006,0.01197,11.124,6.591,-45.198,0.00104677,3.961,2.05,8.64,4.04,4e-05,0.0,0.0,49.774,2.48,WiFi_6
UE_007,0.00707,9.259,6.117,-45.604,0.00108539,3.756,1.81,4.62,-11.7,2.4e-05,0.0,0.0,48.352,2.35,WiFi_6
UE_008,0.00707,26.454,22.746,-38.245,0.00022816,12.102,2.08,0.03,8.11,2.4e-05,0.0,0.0,87.46,7.56,WiFi_6
UE_009,0.00707,29.333,23.522,-39.626,2.898e-05,12.512,2.12,0.84,-8.69,2.4e-05,0.0,0.0,87.46,7.82,WiFi_6
UE_010,0.00707,10.171,6.571,-46.598,0.00101699,3.952,1.65,4.28,-5.73,2.4e-05,0.0,0.0,49.712,2.47,WiFi_6
UE_011,0.00707,13.604,8.695,-44.38,0.00103095,4.914,1.95,2.34,5.19,2.4e-05,0.0,0.0,56.086,3.07,WiFi_6
UE_012,0.00696,23.341,18.594,-41.928,0.0001838,9.914,2.02,0.24,8.42,2.3e-05,0.0,0.0,85.781,6.2,WiFi_6
UE_013,0.00707,22.442,19.917,-40.692,0.00017096,10.609,1.9,0.73,7.05,2.4e-05,0.0,0.0,87.46,6.63,WiFi_6
UE_014,0.00707,37.634,34.596,-34.966,1.936e-05,18.389,1.65,21.07,1.39,2.4e-05,0.0,0.0,87.46,11.49,WiFi_6
UE_015,0.01577,22.582,19.106,-41.218,0.00016112,10.183,1.67,1.7,-10.67,5.3e-05,0.0,0.0,87.317,6.36,WiFi_6
UE_016,0.00707,31.641,28.463,-38.054,7.26e-06,15.131,1.98,0.01,-6.7,2.4e-05,0.0,0.0,87.46,9.46,WiFi_6
UE_017,0.00707,32.015,29.964,-37.799,0.00018467,15.928,2.26,0.82,-3.4,2.4e-05,0.0,0.0,87.46,9.96,WiFi_6
UE_018,0.00707,24.774,21.834,-40.908,0.00013883,11.62,1.62,13.01,-10.32,2.4e-05,0.0,0.0,87.46,7.26,WiFi_6
UE_019,0.00707,30.59,29.185,-36.628,7.63e-05,15.515,1.94,1.81,3.53,2.4e-05,0.0,0.0,87.46,9.7,WiFi_6
UE_000,0.0137,15.555,10.788,-43.911,0.00115371,5.919,1.62,0.15,-2.12,4.6e-05,0.0,0.0,62.365,3.7,WiFi_6
UE_001,0.00707,31.216,30.077,-36.49,0.00011437,15.989,2.21,4.89,-2.6,2.4e-05,0.0,0.0,87.46,9.99,WiFi_6
UE_002,0.00707,42.494,40.228,-33.993,4.177e-05,21.382,1.6,14.12,-6.3,2.4e-05,0.0,0.0,87.46,12.34,WiFi_6
UE_003,0.00707,30.163,27.68,-38.046,0.000127,14.716,1.57,4.66,-5.64,2.4e-05,0.0,0.0,87.46,9.2,WiFi_6
UE_004,0.00707,34.195,30.659,-37.665,4.13e-05,16.298,1.88,0.6,-13.31,2.4e-05,0.0,0.0,87.46,10.19,WiFi_6
UE_005,0.01111,29.722,25.319,-36.218,5.318e-05,13.464,2.04,1.13,1.74,3.7e-05,0.0,0.0,87.46,8.42,WiFi_6
UE_006,0.00947,44.709,40.639,-32.49,1.701e-05,21.6,2.13,1.95,4.04,3.2e-05,0.0,0.0,87.46,12.34,WiFi_6
UE_007,0.00707,30.544,28.899,-38.744,7.289e-05,15.363,1.55,4.38,-11.7,2.4e-05,0.0,0.0,87.46,9.6,WiFi_6
UE_008,0.00707,41.518,38.478,-33.2,0.00018342,20.452,1.79,16.66,8.11,2.4e-05,0.0,0.0,87.46,12.34,WiFi_6
UE_009,0.00707,40.662,37.559,-35.703,4.04e-06,19.963,2.12,2.5,-8.69,2.4e-05,0.0,0.0,87.46,12.34,WiFi_6
UE_010,0.00707,5.061,2.497,-48.84,0.0100283,2.358,1.57,13.48,-6.71,2.4e-05,0.0,0.0,37.491,1.47,WiFi_6
UE_011,0.00707,28.012,24.192,-39.07,0.00014487,12.867,1.77,2.59,5.19,2.4e-05,0.0,0.0,87.46,8.04,WiFi_6
UE_012,0.01642,5.222,0.337,-47.22,0.01003389,1.691,1.97,13.63,8.42,5.5e-05,0.0,0.0,31.012,1.06,WiFi_6
UE_013,0.00707,17.425,15.277,-44.478,0.00017642,8.187,2.17,4.26,7.05,2.4e-05,0.0,0.0,75.831,5.12,WiFi_6
UE_014,0.00707,12.761,9.73,-44.245,0.00112611,5.405,2.08,0.53,1.39,2.4e-05,0.0,0.0,59.191,3.38,WiFi_6
UE_015,0.01518,24.243,20.244,-40.397,4.572e-05,10.782,1.8,0.47,-10.67,5.1e-05,0.0,0.0,87.46,6.74,WiFi_6
UE_016,0.00603,32.825,28.226,-36.626,9.695e-05,15.006,1.99,1.91,-6.7,2e-05,0.0,0.0,87.46,9.38,WiFi_6
UE_017,0.00707,30.431,27.834,-37.769,0.00011182,14.798,1.51,3.04,-3.4,2.4e-05,0.0,0.0,87.46,9.25,WiFi_6
UE_018,0.00707,34.829,31.13,-35.473,5.947e-05,16.548,1.6,0.41,-10.32,2.4e-05,0.0,0.0,87.46,10.34,WiFi_6
UE_019,0.00707,20.076,15.781,-41.701,0.00024298,8.448,1.91,5.04,3.53,2.4e-05,0.0,0.0,77.342,5.28,WiFi_6
UE_000,0.00577,11.01,8.919,-44.674,0.00107892,5.019,1.74,2.34,-2.12,1.9e-05,0.0,0.0,56.757,3.14,WiFi_6
UE_001,0.00707,18.507,16.575,-42.292,0.00017191,8.86,1.56,1.95,2.67,2.4e-05,0.0,0.0,79.724,5.54,WiFi_6
UE_002,0.00707,22.45,20.661,-41.78,0.00011117,11.001,2.01,1.4,3.76,2.4e-05,0.0,0.0,87.46,6.88,WiFi_6
UE_003,0.00707,21.338,16.761,-42.725,0.00012688,8.957,1.82,12.23,-5.64,2.4e-05,0.0,0.0,80.283,5.6,WiFi_6
UE_004,0.00707,40.403,37.468,-32.65,8.564e-05,19.915,2.03,2.08,-13.31,2.4e-05,0.0,0.0,87.46,12.34,WiFi_6
UE_005,0.00922,37.429,35.828,-36.082,4.216e-05,19.044,2.22,1.47,1.74,3.1e-05,0.0,0.0,87.46,11.9,WiFi_6
UE_006,0.00649,47.955,47.591,-30.769,0.00026015,25.295,1.56,1.15,0.5,2.2e-05,0.0,0.0,87.46,12.34,WiFi_6
UE_007,0.00707,35.894,31.077,-35.001,9.356e-05,16.52,2.15,5.14,-11.7,2.4e-05,0.0,0.0,87.46,10.32,WiFi_6
UE_008,0.00707,13.459,12.354,-43.509,0.00020085,6.697,2.14,2.79,8.11,2.4e-05,0.0,0.0,67.063,4.19,WiFi_6
UE_009,0.00707,20.419,17.289,-40.578,0.00010486,9.232,1.96,7.33,-8.69,2.4e-05,0.0,0.0,81.868,5.77,WiFi_6
UE_010,0.00707,31.608,28.312,-37.96,2.724e-05,15.052,1.8,2.01,2.05,2.4e-05,0.0,0.0,87.46,9.41,WiFi_6
UE_011,0.00707,21.297,19.892,-42.989,0.0001405,10.597,2.24,1.49,5.19,2.4e-05,0.0,0.0,87.46,6.62,WiFi_6
UE_012,0.02358,14.664,9.321,-43.181,0.00114892,5.21,1.57,2.8,8.42,7.9e-05,0.0,0.0,57.964,3.26,WiFi_6
UE_013,0.00707,22.98,17.802,-40.574,0.00015623,9.5,2.22,0.81,7.05,2.4e-05,0.0,0.0,83.407,5.94,WiFi_6
UE_014,0.00707,30.393,27.047,-39.008,0.00018224,14.38,1.79,3.52,-3.52,2.4e-05,0.0,0.0,87.46,8.99,WiFi_6
UE_015,0.01459,6.861,2.537,-47.335,0.01005316,2.371,1.62,21.27,-10.67,4.9e-05,0.0,0.0,37.611,1.48,WiFi_6
UE_016,0.01278,29.772,26.525,-39.906,5.329e-05,14.103,1.62,2.07,-6.7,4.3e-05,0.0,0.0,87.46,8.81,WiFi_6
UE_017,0.00707,20.477,16.329,-40.892,0.00012322,8.732,2.26,5.8,-3.4,2.4e-05,0.0,0.0,78.988,5.46,WiFi_6
UE_018,0.00707,12.718,8.036,-45.536,0.00108573,4.608,1.72,0.56,-10.32,2.4e-05,0.0,0.0,54.108,2.88,WiFi_6
UE_019,0.00707,40.564,36.452,-32.523,0.00018186,19.375,1.77,2.74,3.53,2.4e-05,0.0,0.0,87.46,12.11,WiFi_6
UE_000,0.00674,28.716,24.587,-39.581,0.00025828,13.076,2.06,17.39,-2.12,2.2e-05,0.0,0.0,87.46,8.17,WiFi_6
UE_001,0.01318,30.306,23.896,-37.117,3.63e-05,12.71,1.67,0.41,2.67,4.4e-05,0.0,0.0,87.46,7.94,WiFi_6
UE_002,0.00184,35.184,32.052,-37.599,6.144e-05,17.038,2.18,3.4,3.76,6e-06,0.0,0.0,87.46,10.65,WiFi_6
UE_003,0.00707,25.529,20.252,-39.587,8.943e-05,10.786,1.94,0.3,-5.64,2.4e-05,0.0,0.0,87.46,6.74,WiFi_6
UE_004,0.00707,23.605,19.083,-38.445,0.00012438,10.171,1.72,4.3,-13.31,2.4e-05,0.0,0.0,87.249,6.36,WiFi_6
UE_005,0.00748,29.171,25.774,-39.238,0.00010717,13.705,1.56,0.61,1.74,2.5e-05,0.0,0.0,87.46,8.57,WiFi_6
UE_006,0.01163,31.633,26.175,-39.427,2.416e-05,13.918,2.23,8.22,0.5,3.9e-05,0.0,0.0,87.46,8.7,WiFi_6
UE_007,0.00707,18.744,13.83,-41.809,0.00015348,7.444,1.85,0.19,-11.7,2.4e-05,0.0,0.0,71.49,4.65,WiFi_6
UE_008,0.00707,22.228,17.619,-39.584,0.00014264,9.404,1.88,3.9,8.11,2.4e-05,0.0,0.0,82.858,5.88,WiFi_6
UE_009,0.00707,18.257,16.006,-42.764,0.00015296,8.565,1.83,4.62,-8.69,2.4e-05,0.0,0.0,78.018,5.35,WiFi_6
UE_010,0.00388,19.699,15.238,-41.95,0.00011563,8.167,2.13,0.42,2.05,1.3e-05,0.0,0.0,75.713,5.1,WiFi_6
UE_011,0.00707,43.558,39.992,-32.796,8.423e-05,21.256,2.08,10.22,5.19,2.4e-05,0.0,0.0,87.46,12.34,WiFi_6
UE_012,0.01305,3.863,0.928,-47.11,0.01002023,1.86,1.66,36.69,8.42,4.3e-05,0.0,0.0,32.784,1.16,WiFi_6
UE_013,0.00707,36.55,31.595,-34.072,0.00011645,16.794,2.24,2.73,11.53,2.4e-05,0.0,0.0,87.46,10.5,WiFi_6
UE_014,0.00118,54.036,51.009,-27.889,0.00026074,27.112,1.86,0.21,-3.52,4e-06,0.0,0.0,87.46,12.34,WiFi_6
UE_015,0.014,38.384,37.561,-36.322,0.00024977,19.964,1.65,0.15,-10.67,4.7e-05,0.0,0.0,87.46,12.34,WiFi_6
UE_016,0.02075,12.533,8.485,-44.083,0.00100245,4.816,1.58,16.23,-6.7,6.9e-05,0.0,0.0,55.456,3.01,WiFi_6
UE_017,0.00707,27.199,24.467,-39.433,0.00012951,13.013,1.72,1.92,-3.4,2.4e-05,0.0,0.0,87.46,8.13,WiFi_6
UE_018,0.00707,39.711,36.665,-34.729,8.519e-05,19.488,1.58,0.35,-10.32,2.4e-05,0.0,0.0,87.46,12.18,WiFi_6
UE_019,0.00707,17.668,15.752,-43.712,0.00016522,8.433,1.79,8.18,3.53,2.4e-05,0.0,0.0,77.256,5.27,WiFi_6
UE_000,0.00963,35.616,32.711,-34.188,0.00015947,17.388,2.01,1.31,-2.12,3.2e-05,0.0,0.0,87.46,10.87,WiFi_6
UE_001,0.01892,14.164,10.751,-43.686,0.00112367,5.901,1.52,2.15,2.67,6.3e-05,0.0,0.0,62.253,3.69,WiFi_6
UE_002,0.00969,18.766,15.017,-42.137,0.000117,8.053,1.93,7.14,3.76,3.2e-05,0.0,0.0,75.051,5.03,WiFi_6
UE_003,0.00707,29.822,25.766,-36.309,3.011e-05,13.701,1.88,2.19,-5.64,2.4e-05,0.0,0.0,87.46,8.56,WiFi_6
UE_004,0.00707,35.426,31.178,-34.949,9.392e-05,16.573,1.87,3.78,-13.31,2.4e-05,0.0,0.0,87.46,10.36,WiFi_6
UE_005,0.00604,33.268,30.703,-34.605,6.84e-06,16.321,1.51,3.64,1.74,2e-05,0.0,0.0,87.46,10.2,WiFi_6
UE_006,0.01758,16.35,12.912,-43.199,0.00015833,6.978,1.67,3.74,0.5,5.9e-05,0.0,0.0,68.736,4.36,WiFi_6
UE_007,0.00707,28.301,26.848,-38.269,0.00015993,14.275,1.56,1.56,-11.7,2.4e-05,0.0,0.0,87.46,8.92,WiFi_6
UE_008,0.00707,42.955,38.043,-32.409,5.499e-05,20.22,1.98,2.22,8.11,2.4e-05,0.0,0.0,87.46,12.34,WiFi_6
UE_009,0.00707,23.792,18.144,-39.753,0.00010561,9.679,2.25,1.3,-8.69,2.4e-05,0.0,0.0,84.433,6.05,WiFi_6
UE_010,0.01104,27.255,22.186,-37.219,9.357e-05,11.806,1.94,2.18,2.05,3.7e-05,0.0,0.0,87.46,7.38,WiFi_6
UE_011,0.00707,24.334,17.337,-39.975,0.00012912,9.257,1.82,3.89,5.19,2.4e-05,0.0,0.0,82.011,5.79,WiFi_6
UE_012,0.00265,32.348,29.047,-36.521,0.00019686,15.441,2.03,7.06,8.42,9e-06,0.0,0.0,87.46,9.65,WiFi_6
UE_013,0.0054,27.805,24.59,-36.761,2.68e-05,13.078,1.79,13.15,11.53,1.8e-05,0.0,0.0,87.46,8.17,WiFi_6
UE_014,0.00799,31.178,27.326,-36.495,2.544e-05,14.528,1.75,1.18,-3.52,2.7e-05,0.0,0.0,87.46,9.08,WiFi_6
UE_015,0.01342,25.657,23.659,-38.237,7.548e-05,12.585,1.69,1.27,-10.67,4.5e-05,0.0,0.0,87.46,7.87,WiFi_6
UE_016,0.02206,21.123,16.86,-40.098,0.00020769,9.008,1.79,2.45,-6.7,7.4e-05,0.0,0.0,80.58,5.63,WiFi_6
UE_017,0.00707,31.249,29.343,-36.255,0.00016901,15.599,1.56,3.84,-3.4,2.4e-05,0.0,0.0,87.46,9.75,WiFi_6
UE_018,0.00707,19.479,14.871,-43.477,0.0001502,7.978,2.14,0.12,-10.32,2.4e-05,0.0,0.0,74.612,4.99,WiFi_6
UE_019,0.00707,23.851,18.628,-40.615,0.00013208,9.933,1.63,6.6,3.53,2.4e-05,0.0,0.0,85.885,6.21,WiFi_6
UE_000,0.01197,18.661,14.769,-43.591,0.00012406,7.925,1.82,0.88,-2.12,4e-05,0.0,0.0,74.306,4.95,WiFi_6
UE_001,0.00509,34.11,31.741,-37.649,4.674e-05,16.872,1.59,1.79,2.67,1.7e-05,0.0,0.0,87.46,10.55,WiFi_6
UE_002,0.01793,29.219,27.204,-38.49,0.00014071,14.464,1.91,3.54,3.76,6e-05,0.0,0.0,87.46,9.04,WiFi_6
UE_003,0.00707,36.489,32.282,-36.17,6.451e-05,17.159,1.97,0.72,-5.64,2.4e-05,0.0,0.0,87.46,10.72,WiFi_6
UE_004,0.00707,38.487,33.071,-34.985,6.499e-05,17.578,1.82,3.5,-13.31,2.4e-05,0.0,0.0,87.46,10.99,WiFi_6
UE_005,0.00514,41.788,38.096,-33.285,7.728e-05,20.249,1.75,5.54,1.74,1.7e-05,0.0,0.0,87.46,12.34,WiFi_6
UE_006,0.02375,16.145,12.544,-42.475,0.00027382,6.792,1.62,6.3,0.5,7.9e-05,0.0,0.0,67.632,4.25,WiFi_6
UE_007,0.00707,21.227,16.002,-42.067,0.00018166,8.562,1.61,4.33,-11.7,2.4e-05,0.0,0.0,78.005,5.35,WiFi_6
UE_008,0.00707,12.126,8.018,-46.001,0.0010234,4.6,1.55,5.81,8.11,2.4e-05,0.0,0.0,54.055,2.88,WiFi_6
UE_009,0.00707,33.245,30.979,-35.219,0.00011865,16.468,1.73,0.63,-8.69,2.4e-05,0.0,0.0,87.46,10.29,WiFi_6
UE_010,0.01924,21.406,17.331,-41.509,0.00018572,9.254,1.52,0.24,6.31,6.4e-05,0.0,0.0,81.992,5.78,WiFi_6
UE_011,0.00707,20.647,16.641,-39.056,0.00012961,8.895,1.95,3.2,5.19,2.4e-05,0.0,0.0,79.924,5.56,WiFi_6
UE_012,0.00502,42.896,40.405,-34.213,0.00010181,21.476,1.97,1.75,8.42,1.7e-05,0.0,0.0,87.46,12.34,WiFi_6
UE_013,0.00509,37.688,33.452,-35.076,1.042e-05,17.781,1.8,2.12,11.53,1.7e-05,0.0,0.0,87.46,11.11,WiFi_6
UE_014,0.0154,38.609,34.452,-34.508,4.189e-05,18.312,1.94,6.59,-5.72,5.1e-05,0.0,0.0,87.46,11.45,WiFi_6
UE_015,0.01284,35.194,31.047,-37.537,1.905e-05,16.503,2.12,0.76,-10.67,4.3e-05,0.0,0.0,87.46,10.31,WiFi_6
UE_016,0.01403,0.526,-1.064,-49.216,0.15008891,1.334,2.23,37.52,-6.7,4.7e-05,0.0,0.0,26.807,0.83,WiFi_6
UE_017,0.00707,40.219,36.882,-32.64,7.36e-06,19.603,2.06,2.22,-3.4,2.4e-05,0.0,0.0,87.46,12.25,WiFi_6
UE_018,0.00707,30.98,28.754,-39.667,4.07e-05,15.286,1.66,3.75,-10.32,2.4e-05,0.0,0.0,87.46,9.55,WiFi_6
UE_019,0.00707,43.114,41.055,-33.261,0.00024335,21.821,1.56,1.15,3.53,2.4e-05,0.0,0.0,87.46,12.34,WiFi_6
UE_000,0.01442,19.248,16.727,-42.786,0.00024772,8.939,1.59,8.56,-2.12,4.8e-05,0.0,0.0,80.182,5.59,WiFi_6
UE_001,0.00975,12.911,6.908,-43.518,0.00134361,4.1,1.74,0.89,2.67,3.3e-05,0.0,0.0,50.724,2.56,WiFi_6
UE_002,0.02619,30.076,23.513,-38.023,5.359e-05,12.508,2.04,1.96,3.76,8.7e-05,0.0,0.0,87.46,7.82,WiFi_6
UE_003,0.00707,30.805,28.983,-38.029,9.693e-05,15.408,1.84,1.58,-5.64,2.4e-05,0.0,0.0,87.46,9.63,WiFi_6
UE_004,0.00707,43.372,40.771,-31.054,9.237e-05,21.67,1.85,1.59,-13.31,2.4e-05,0.0,0.0,87.46,12.34,WiFi_6
UE_005,0.0051,34.942,33.726,-36.067,0.00012206,17.927,2.07,4.34,1.74,1.7e-05,0.0,0.0,87.46,11.2,WiFi_6
UE_006,0.02102,11.628,8.577,-45.038,0.00108031,4.859,1.73,0.82,0.5,7e-05,0.0,0.0,55.731,3.04,WiFi_6
UE_007,0.00707,21.694,18.519,-43.119,0.00026356,9.875,1.55,3.12,-11.7,2.4e-05,0.0,0.0,85.556,6.17,WiFi_6
UE_008,0.00707,28.928,23.795,-38.288,0.00019322,12.657,1.77,0.98,8.11,2.4e-05,0.0,0.0,87.46,7.91,WiFi_6
UE_009,0.00707,32.054,30.549,-36.72,0.00014581,16.239,1.6,1.72,-8.69,2.4e-05,0.0,0.0,87.46,10.15,WiFi_6
UE_010,0.02442,-0.467,-2.972,-51.057,0.1500627,0.943,2.25,25.39,6.31,8.1e-05,0.0,0.0,21.085,0.59,WiFi_6
UE_011,0.00707,39.997,34.788,-34.635,4.323e-05,18.491,1.52,4.51,5.19,2.4e-05,0.0,0.0,87.46,11.56,WiFi_6
UE_012,0.00501,55.802,53.483,-27.553,0.00019201,28.427,1.98,1.15,8.42,1.7e-05,0.0,0.0,87.46,12.34,WiFi_6
UE_013,0.00635,9.05,5.228,-45.015,0.01006938,3.385,1.97,12.81,11.53,2.1e-05,0.0,0.0,45.685,2.12,WiFi_6
UE_014,0.02157,-1.001,-3.101,-48.597,0.15002002,0.92,2.08,38.96,-5.72,7.2e-05,0.0,0.0,20.696,0.57,WiFi_6
UE_015,0.01226,19.794,17.192,-43.106,0.00012152,9.181,1.81,0.6,-10.67,4.1e-05,0.0,0.0,81.576,5.74,WiFi_6
UE_016,0.00688,30.535,26.868,-39.7,6.809e-05,14.285,1.51,0.4,-6.7,2.3e-05,0.0,0.0,87.46,8.93,WiFi_6
UE_017,0.00707,30.734,28.111,-38.251,2.179e-05,14.945,2.22,1.18,-3.4,2.4e-05,0.0,0.0,87.46,9.34,WiFi_6
UE_018,0.00707,16.155,13.426,-43.553,0.00028141,7.239,1.88,6.51,-10.32,2.4e-05,0.0,0.0,70.278,4.52,WiFi_6
UE_019,0.00707,34.036,30.465,-36.742,1.834e-05,16.194,2.14,1.4,3.53,2.4e-05,0.0,0.0,87.46,10.12,WiFi_6
UE_000,0.01693,24.496,21.724,-37.78,4.534e-05,11.562,2.0,1.38,-2.12,5.6e-05,0.0,0.0,87.46,7.23,WiFi_6
UE_001,0.01274,35.209,32.819,-34.89,4.781e-05,17.445,1.67,2.29,2.67,4.2e-05,0.0,0.0,87.46,10.9,WiFi_6
UE_002,0.02795,11.639,8.365,-45.921,0.00102484,4.76,1.84,1.13,6.01,9.3e-05,0.0,0.0,55.096,2.98,WiFi_6
UE_003,0.00707,23.211,18.357,-39.779,0.00015305,9.791,1.73,1.53,-5.64,2.4e-05,0.0,0.0,85.072,6.12,WiFi_6
UE_004,0.00707,27.633,21.267,-39.077,0.00016576,11.321,2.13,0.29,-13.31,2.4e-05,0.0,0.0,87.46,7.08,WiFi_6
UE_005,0.00592,27.364,24.068,-39.551,1.83e-06,12.802,1.55,1.0,1.74,2e-05,0.0,0.0,87.46,8.0,WiFi_6
UE_006,0.01492,35.725,32.498,-36.518,0.00015518,17.274,1.52,11.63,-3.01,5e-05,0.0,0.0,87.46,10.8,WiFi_6
UE_007,0.00707,38.917,35.659,-35.227,0.00014288,18.953,1.5,1.03,-11.7,2.4e-05,0.0,0.0,87.46,11.85,WiFi_6
UE_008,0.00707,26.312,22.601,-39.871,0.00018783,12.025,2.09,0.46,8.11,2.4e-05,0.0,0.0,87.46,7.52,WiFi_6
UE_009,0.00707,26.887,24.411,-39.448,7.397e-05,12.983,2.2,1.21,-8.69,2.4e-05,0.0,0.0,87.46,8.11,WiFi_6
UE_010,0.03104,23.54,19.358,-38.646,0.00017958,10.315,2.22,0.43,6.31,0.000103,0.0,0.0,87.46,6.45,WiFi_6
UE_011,0.00707,38.459,37.284,-33.91,7.075e-05,19.817,2.18,0.46,5.19,2.4e-05,0.0,0.0,87.46,12.34,WiFi_6
UE_012,0.00512,12.095,7.517,-43.623,0.00121039,4.372,1.83,0.51,8.42,1.7e-05,0.0,0.0,52.551,2.73,WiFi_6
UE_013,0.00852,27.451,23.367,-40.028,0.00018183,12.43,1.52,0.9,11.53,2.8e-05,0.0,0.0,87.46,7.77,WiFi_6
UE_014,0.02835,11.735,9.745,-43.111,0.0011289,5.412,1.57,1.44,-5.72,9.5e-05,0.0,0.0,59.235,3.38,WiFi_6
UE_015,0.01169,43.14,39.617,-34.442,8.3e-05,21.057,1.96,0.24,-10.67,3.9e-05,0.0,0.0,87.46,12.34,WiFi_6
UE_016,0.00619,30.442,27.447,-37.353,1.241e-05,14.592,2.01,1.24,-6.7,2.1e-05,0.0,0.0,87.46,9.12,WiFi_6
UE_017,0.00707,7.974,3.582,-45.907,0.01025256,2.743,1.81,28.85,-3.4,2.4e-05,0.0,0.0,40.746,1.71,WiFi_6
UE_018,0.00707,17.949,16.892,-42.092,0.00021512,9.025,2.26,9.46,-10.32,2.4e-05,0.0,0.0,80.675,5.64,WiFi_6
UE_019,0.00707,21.308,19.836,-41.997,0.00011474,10.567,1.66,2.94,3.53,2.4e-05,0.0,0.0,87.46,6.6,WiFi_6
UE_000,0.01947,18.767,12.665,-43.027,0.00023156,6.853,2.17,7.24,-2.12,6.5e-05,0.0,0.0,67.996,4.28,WiFi_6
UE_001,0.01587,18.044,13.706,-44.753,0.00015303,7.381,2.11,0.26,2.67,5.3e-05,0.0,0.0,71.118,4.61,WiFi_6
UE_002,0.03421,10.203,6.129,-47.313,0.00105669,3.761,2.25,2.05,6.01,0.000114,0.0,0.0,48.386,2.35,WiFi_6
UE_003,0.00707,33.195,29.929,-36.246,1.567e-05,15.91,2.24,1.53,-5.64,2.4e-05,0.0,0.0,87.46,9.94,WiFi_6
UE_004,0.00707,30.345,24.96,-36.098,0.00019752,13.274,1.68,0.05,-13.31,2.4e-05,0.0,0.0,87.46,8.3,WiFi_6
UE_005,0.00707,23.262,18.992,-39.732,0.00013019,10.123,2.17,0.97,1.74,2.4e-05,0.0,0.0,86.977,6.33,WiFi_6
UE_006,0.00898,12.518,6.838,-44.796,0.00102953,4.069,1.71,0.09,-3.01,3e-05,0.0,0.0,50.513,2.54,WiFi_6
UE_007,0.00707,26.013,23.162,-39.572,0.00016513,12.322,2.21,0.69,-11.7,2.4e-05,0.0,0.0,87.46,7.7,WiFi_6
UE_008,0.00707,13.817,10.18,-46.249,0.00101824,5.622,2.15,2.65,8.11,2.4e-05,0.0,0.0,60.539,3.51,WiFi_6
UE_009,0.00707,39.784,33.883,-32.646,0.00012663,18.01,1.69,0.69,-8.69,2.4e-05,0.0,0.0,87.46,11.26,WiFi_6
UE_010,0.03237,15.429,12.625,-43.522,0.00018954,6.833,1.8,1.3,6.31,0.000108,0.0,0.0,67.876,4.27,WiFi_6
UE_011,0.00707,46.544,41.991,-30.947,0.00012469,22.319,1.56,6.46,5.19,2.4e-05,0.0,0.0,87.46,12.34,WiFi_6
UE_012,0.00534,35.207,33.202,-36.015,3.424e-05,17.648,1.65,7.53,8.42,1.8e-05,0.0,0.0,87.46,11.03,WiFi_6
UE_013,0.01106,12.398,7.645,-43.85,0.00102786,4.43,1.8,13.9,11.53,3.7e-05,0.0,0.0,52.935,2.77,WiFi_6
UE_014,0.02812,13.01,12.169,-43.627,0.00013921,6.604,1.78,0.06,-5.72,9.4e-05,0.0,0.0,66.508,4.13,WiFi_6
UE_015,0.01113,26.203,22.214,-39.78,2.809e-05,11.821,2.14,1.31,-10.67,3.7e-05,0.0,0.0,87.46,7.39,WiFi_6
UE_016,0.00707,35.84,31.843,-36.902,0.00020391,16.926,2.05,0.17,-6.7,2.4e-05,0.0,0.0,87.46,10.58,WiFi_6
UE_017,0.00707,32.945,31.255,-37.291,4.554e-05,16.614,2.04,3.41,-3.4,2.4e-05,0.0,0.0,87.46,10.38,WiFi_6
UE_018,0.00707,15.169,12.866,-44.637,0.00013233,6.955,2.18,6.0,-10.32,2.4e-05,0.0,0.0,68.599,4.35,WiFi_6
UE_019,0.00707,41.631,38.002,-34.521,5.57e-06,20.199,1.66,1.06,3.53,2.4e-05,0.0,0.0,87.46,12.34,WiFi_6
UE_000,0.02204,17.474,12.925,-45.169,0.00019308,6.985,1.51,4.47,-2.12,7.3e-05,0.0,0.0,68.775,4.37,WiFi_6
UE_001,0.01907,-0.345,-5.768,-51.333,0.15011755,0.543,2.0,17.26,2.67,6.4e-05,0.0,0.0,15.26,0.34,WiFi_6
UE_002,0.02756,2.026,-0.239,-49.656,0.15004449,1.537,1.69,9.5,4.65,9.2e-05,0.0,0.0,29.283,0.96,WiFi_6
UE_003,0.00707,24.423,21.262,-40.077,0.00033453,11.318,2.26,0.6,-5.64,2.4e-05,0.0,0.0,87.46,7.07,WiFi_6
UE_004,0.00707,12.152,8.204,-44.726,0.00109101,4.686,1.62,17.81,-13.31,2.4e-05,0.0,0.0,54.613,2.93,WiFi_6
UE_005,0.00707,28.482,23.706,-37.088,1.963e-05,12.61,2.0,0.51,1.74,2.4e-05,0.0,0.0,87.46,7.88,WiFi_6
UE_006,0.00452,24.852,21.078,-39.827,7.897e-05,11.221,1.8,5.46,-3.01,1.5e-05,0.0,0.0,87.46,7.01,WiFi_6
UE_007,0.00707,29.428,26.18,-38.796,5.657e-05,13.92,2.1,6.4,-11.7,2.4e-05,0.0,0.0,87.46,8.7,WiFi_6
UE_008,0.00707,29.751,25.045,-40.545,0.00010528,13.319,2.08,1.74,8.11,2.4e-05,0.0,0.0,87.46,8.32,WiFi_6
UE_009,0.00707,34.572,32.33,-36.12,0.00011793,17.185,1.82,0.92,-8.69,2.4e-05,0.0,0.0,87.46,10.74,WiFi_6
UE_010,0.0248,31.598,29.127,-38.066,1.576e-05,15.484,1.7,3.27,6.31,8.3e-05,0.0,0.0,87.46,9.68,WiFi_6
UE_011,0.00707,12.193,9.119,-46.897,0.00102302,5.114,1.9,1.11,5.19,2.4e-05,0.0,0.0,57.358,3.2,WiFi_6
UE_012,0.00565,44.621,39.374,-30.656,5.699e-05,20.928,1.5,0.01,8.42,1.9e-05,0.0,0.0,87.46,12.34,WiFi_6
UE_013,0.01378,8.807,5.949,-44.307,0.0100181,3.685,2.0,11.57,11.53,4.6e-05,0.0,0.0,47.848,2.3,WiFi_6
UE_014,0.02524,15.47,10.052,-42.965,0.00107726,5.56,2.14,7.95,-5.72,8.4e-05,0.0,0.0,60.156,3.48,WiFi_6
UE_015,0.01057,18.482,15.584,-43.444,0.00016004,8.346,2.19,1.28,-10.67,3.5e-05,0.0,0.0,76.752,5.22,WiFi_6
UE_016,0.00707,18.722,14.085,-41.722,0.00014459,7.575,1.87,0.71,-6.7,2.4e-05,0.0,0.0,72.255,4.73,WiFi_6
UE_017,0.00707,36.247,35.082,-35.264,0.00010265,18.647,1.7,1.64,-3.4,2.4e-05,0.0,0.0,87.46,11.65,WiFi_6
UE_018,0.00707,31.322,27.045,-37.849,0.00024605,14.379,2.18,2.99,-10.32,2.4e-05,0.0,0.0,87.46,8.99,WiFi_6
UE_019,0.00707,17.48,14.858,-44.3,0.00022475,7.971,2.26,1.2,3.53,2.4e-05,0.0,0.0,74.574,4.98,WiFi_6
UE_000,0.02462,29.784,24.715,-37.025,3.932e-05,13.144,2.06,5.89,-2.12,8.2e-05,0.0,0.0,87.46,8.21,WiFi_6
UE_001,0.02231,8.002,7.452,-44.888,0.00110254,4.343,1.56,4.92,2.67,7.4e-05,0.0,0.0,52.357,2.71,WiFi_6
UE_002,0.0194,-0.08,-1.517,-49.739,0.15014283,1.232,1.61,18.96,4.65,6.5e-05,0.0,0.0,25.448,0.77,WiFi_6
UE_003,0.00707,24.083,20.363,-39.045,0.00027012,10.844,1.81,5.85,-5.64,2.4e-05,0.0,0.0,87.46,6.78,WiFi_6
UE_004,0.00707,31.835,27.836,-36.372,0.00011448,14.799,1.99,0.43,-13.31,2.4e-05,0.0,0.0,87.46,9.25,WiFi_6
UE_005,0.00707,21.222,17.605,-40.402,0.00014184,9.397,1.52,5.45,1.74,2.4e-05,0.0,0.0,82.816,5.87,WiFi_6
UE_006,0.00646,32.506,28.04,-36.839,0.00028703,14.907,2.03,0.3,-3.01,2.2e-05,0.0,0.0,87.46,9.32,WiFi_6
UE_007,0.00707,36.424,32.882,-33.274,4.668e-05,17.478,1.65,6.65,-11.7,2.4e-05,0.0,0.0,87.46,10.92,WiFi_6
UE_008,0.00707,26.775,24.021,-41.193,0.00021626,12.777,1.82,2.5,8.11,2.4e-05,0.0,0.0,87.46,7.99,WiFi_6
UE_009,0.00707,18.601,17.174,-42.379,0.00013055,9.172,1.69,0.47,-8.69,2.4e-05,0.0,0.0,81.523,5.73,WiFi_6
UE_010,0.01801,8.132,3.673,-47.218,0.01000825,2.777,2.05,29.96,6.31,6e-05,0.0,0.0,41.018,1.74,WiFi_6
UE_011,0.00707,8.972,7.858,-46.325,0.00101812,4.527,2.19,0.71,5.19,2.4e-05,0.0,0.0,53.574,2.83,WiFi_6
UE_012,0.00605,27.668,24.258,-37.95,6.54e-06,12.902,2.12,4.92,8.42,2e-05,0.0,0.0,87.46,8.06,WiFi_6
UE_013,0.01659,25.704,23.014,-39.594,5.418e-05,12.244,1.96,1.59,11.53,5.5e-05,0.0,0.0,87.46,7.65,WiFi_6
UE_014,0.02438,18.379,15.259,-41.925,0.00034895,8.178,1.98,4.77,-5.72,8.1e-05,0.0,0.0,75.778,5.11,WiFi_6
UE_015,0.01003,27.243,22.391,-37.885,1.526e-05,11.914,1.74,2.24,-10.67,3.3e-05,0.0,0.0,87.46,7.45,WiFi_6
UE_016,0.00707,31.55,28.689,-38.36,1.376e-05,15.251,1.7,4.06,-6.7,2.4e-05,0.0,0.0,87.46,9.53,WiFi_6
UE_017,0.00707,34.516,29.927,-37.435,8.872e-05,15.909,1.69,0.49,-3.4,2.4e-05,0.0,0.0,87.46,9.94,WiFi_6
UE_018,0.00707,20.544,15.235,-44.084,0.00010591,8.166,2.04,2.05,-10.32,2.4e-05,0.0,0.0,75.705,5.1,WiFi_6
UE_019,0.00707,10.427,7.806,-45.012,0.00109433,4.503,2.25,1.56,3.53,2.4e-05,0.0,0.0,53.418,2.81,WiFi_6
UE_000,0.02377,9.878,4.016,-46.333,0.01015272,2.906,1.67,6.58,-2.12,7.9e-05,0.0,0.0,42.048,1.82,WiFi_6
UE_001,0.02541,9.377,5.201,-44.845,0.01005406,3.373,1.52,24.11,2.67,8.5e-05,0.0,0.0,45.603,2.11,WiFi_6
UE_002,0.0114,17.257,13.395,-45.985,0.00022285,7.223,1.77,0.17,4.65,3.8e-05,0.0,0.0,70.185,4.51,WiFi_6
UE_003,0.00707,25.703,24.521,-39.128,0.00017084,13.041,1.99,5.62,-5.64,2.4e-05,0.0,0.0,87.46,8.15,WiFi_6
UE_004,0.00707,33.401,29.282,-35.131,7.337e-05,15.567,1.91,0.77,-13.31,2.4e-05,0.0,0.0,87.46,9.73,WiFi_6
UE_005,0.00707,42.497,39.611,-32.242,4.252e-05,21.054,1.77,6.3,1.74,2.4e-05,0.0,0.0,87.46,12.34,WiFi_6
UE_006,0.01125,35.874,35.143,-34.778,3.957e-05,18.679,2.06,2.95,-3.01,3.7e-05,0.0,0.0,87.46,11.67,WiFi_6
UE_007,0.00707,26.319,22.756,-39.69,8.343e-05,12.107,1.59,5.89,-11.7,2.4e-05,0.0,0.0,87.46,7.57,WiFi_6
UE_008,0.00707,24.584,19.763,-40.645,0.00032119,10.528,1.8,0.97,8.11,2.4e-05,0.0,0.0,87.46,6.58,WiFi_6
UE_009,0.00707,42.309,36.954,-33.942,7.131e-05,19.642,1.56,12.83,8.74,2.4e-05,0.0,0.0,87.46,12.28,WiFi_6
UE_010,0.01324,17.993,14.801,-42.861,0.0001973,7.942,1.77,8.73,6.31,4.4e-05,0.0,0.0,74.404,4.96,WiFi_6
UE_011,0.00707,25.966,20.666,-38.841,3.62e-06,11.004,1.86,2.0,5.19,2.4e-05,0.0,0.0,87.46,6.88,WiFi_6
UE_012,0.00651,19.805,13.807,-42.328,0.00015248,7.433,2.11,0.78,8.42,2.2e-05,0.0,0.0,71.42,4.65,WiFi_6
UE_013,0.01944,34.873,30.492,-35.429,1.434e-05,16.209,2.16,0.51,11.53,6.5e-05,0.0,0.0,87.46,10.13,WiFi_6
UE_014,0.02429,27.888,25.025,-37.174,3.576e-05,13.308,2.24,5.09,-5.72,8.1e-05,0.0,0.0,87.46,8.32,WiFi_6
UE_015,0.00949,19.285,15.176,-42.806,0.00014322,8.135,1.71,0.84,-10.67,3.2e-05,0.0,0.0,75.527,5.08,WiFi_6
UE_016,0.00707,42.951,38.911,-33.1,3.547e-05,20.682,1.67,3.59,-6.7,2.4e-05,0.0,0.0,87.46,12.34,WiFi_6
UE_017,0.00707,16.317,13.658,-43.065,0.00015525,7.356,2.05,0.41,-3.4,2.4e-05,0.0,0.0,70.973,4.6,WiFi_6
UE_018,0.00707,47.768,44.926,-30.146,6.295e-05,23.878,2.0,0.21,-10.32,2.4e-05,0.0,0.0,87.46,12.34,WiFi_6
UE_019,0.00707,31.809,29.435,-37.978,0.00025552,15.648,1.78,0.55,3.53,2.4e-05,0.0,0.0,87.46,9.78,WiFi_6
UE_000,0.02119,7.707,4.193,-48.938,0.01010581,2.973,1.66,6.04,-2.12,7.1e-05,0.0,0.0,42.578,1.86,WiFi_6
UE_001,0.02214,3.611,-3.688,-47.741,0.15007003,0.822,1.52,37.22,14.17,7.4e-05,0.0,0.0,18.935,0.51,WiFi_6
UE_002,0.00454,24.188,20.71,-40.032,0.00014445,11.027,1.98,0.79,4.65,1.5e-05,0.0,0.0,87.46,6.89,WiFi_6
UE_003,0.00707,23.683,20.521,-40.154,4.715e-05,10.927,1.86,3.11,-5.64,2.4e-05,0.0,0.0,87.46,6.83,WiFi_6
UE_004,0.00707,25.515,19.538,-40.135,0.00012818,10.41,1.53,3.17,-13.31,2.4e-05,0.0,0.0,87.46,6.51,WiFi_6
UE_005,0.00707,26.417,23.333,-41.021,3.664e-05,12.412,1.66,1.64,1.74,2.4e-05,0.0,0.0,87.46,7.76,WiFi_6
UE_006,0.01472,21.979,19.097,-42.124,0.00027853,10.178,1.83,6.04,-3.01,4.9e-05,0.0,0.0,87.29,6.36,WiFi_6
UE_007,0.00707,37.189,32.767,-35.447,9.978e-05,17.417,1.61,12.97,-11.7,2.4e-05,0.0,0.0,87.46,10.89,WiFi_6
UE_008,0.00707,29.866,25.683,-38.05,8.168e-05,13.657,2.15,0.75,5.7,2.4e-05,0.0,0.0,87.46,8.54,WiFi_6
UE_009,0.00775,18.822,13.706,-40.994,0.00018598,7.381,1.7,4.76,8.74,2.6e-05,0.0,0.0,71.118,4.61,WiFi_6
UE_010,0.01144,29.676,24.298,-38.412,1.034e-05,12.923,1.62,1.21,6.31,3.8e-05,0.0,0.0,87.46,8.08,WiFi_6
UE_011,0.00707,38.8,34.258,-34.229,0.00010799,18.209,1.66,0.56,5.19,2.4e-05,0.0,0.0,87.46,11.38,WiFi_6
UE_012,0.00702,35.741,33.859,-35.368,2.419e-05,17.998,2.06,0.59,8.42,2.3e-05,0.0,0.0,87.46,11.25,WiFi_6
UE_013,0.02233,15.749,13.745,-43.923,0.00019051,7.401,2.05,0.1,11.53,7.4e-05,0.0,0.0,71.236,4.63,WiFi_6
UE_014,0.02271,28.579,26.756,-39.179,4.868e-05,14.226,1.59,4.31,-3.9,7.6e-05,0.0,0.0,87.46,8.89,WiFi_6
UE_015,0.00896,16.513,11.359,-43.562,0.00100545,6.2,2.05,1.85,-10.67,3e-05,0.0,0.0,64.077,3.88,WiFi_6
UE_016,0.00707,44.848,42.657,-32.695,0.00013161,22.673,1.54,4.15,-6.7,2.4e-05,0.0,0.0,87.46,12.34,WiFi_6
UE_017,0.00707,24.172,19.406,-41.663,0.00011987,10.341,1.6,5.19,-3.4,2.4e-05,0.0,0.0,87.46,6.46,WiFi_6
UE_018,0.00707,30.964,27.669,-35.546,1.109e-05,14.711,2.0,11.76,-10.32,2.4e-05,0.0,0.0,87.46,9.19,WiFi_6
UE_019,0.00707,4.893,0.518,-49.359,0.01010003,1.742,2.02,28.22,3.53,2.4e-05,0.0,0.0,31.554,1.09,WiFi_6
UE_000,0.01863,9.99,7.07,-46.83,0.00105437,4.171,2.27,1.83,-2.12,6.2e-05,0.0,0.0,51.209,2.61,WiFi_6
UE_001,0.00386,27.867,23.914,-42.074,2.099e-05,12.72,2.26,0.79,14.17,1.3e-05,0.0,0.0,87.46,7.95,WiFi_6
UE_002,0.00521,36.592,32.417,-35.874,0.00011102,17.231,1.93,0.05,4.65,1.7e-05,0.0,0.0,87.46,10.77,WiFi_6
UE_003,0.00707,36.315,30.726,-36.538,1.662e-05,16.333,2.05,3.38,-5.64,2.4e-05,0.0,0.0,87.46,10.21,WiFi_6
UE_004,0.00707,30.511,27.151,-38.482,3.782e-05,14.435,2.1,0.05,-13.31,2.4e-05,0.0,0.0,87.46,9.02,WiFi_6
UE_005,0.00707,14.282,12.262,-45.237,0.00010566,6.651,2.02,0.7,1.74,2.4e-05,0.0,0.0,66.786,4.16,WiFi_6
UE_006,0.01831,20.759,19.349,-42.334,0.00017933,10.311,1.71,0.79,1.39,6.1e-05,0.0,0.0,87.46,6.44,WiFi_6
UE_007,0.00707,22.467,18.302,-42.181,0.00013444,9.762,1.84,0.58,-11.7,2.4e-05,0.0,0.0,84.907,6.1,WiFi_6
UE_008,0.00581,29.946,27.922,-37.342,0.00016354,14.845,2.03,1.95,5.7,1.9e-05,0.0,0.0,87.46,9.28,WiFi_6
UE_009,0.01757,11.027,7.152,-43.567,0.00108883,4.208,1.52,0.75,8.74,5.9e-05,0.0,0.0,51.456,2.63,WiFi_6
UE_010,0.00889,9.081,6.453,-47.229,0.00108888,3.901,1.81,2.2,6.31,3e-05,0.0,0.0,49.36,2.44,WiFi_6
UE_011,0.00707,32.621,29.861,-36.731,3.865e-05,15.874,1.63,0.74,5.19,2.4e-05,0.0,0.0,87.46,9.92,WiFi_6
UE_012,0.00757,31.971,28.686,-37.012,6.654e-05,15.25,1.5,3.07,5.79,2.5e-05,0.0,0.0,87.46,9.53,WiFi_6
UE_013,0.02524,9.92,7.367,-45.271,0.00106333,4.304,2.12,0.49,11.53,8.4e-05,0.0,0.0,52.1,2.69,WiFi_6
UE_014,0.01726,1.826,-1.03,-49.834,0.15002374,1.342,2.06,31.28,-3.9,5.8e-05,0.0,0.0,26.91,0.84,WiFi_6
UE_015,0.00845,35.304,30.847,-36.135,4.263e-05,16.397,1.79,4.41,-10.67,2.8e-05,0.0,0.0,87.46,10.25,WiFi_6
UE_016,0.00707,18.507,16.347,-43.079,0.00012396,8.741,2.01,2.01,-6.7,2.4e-05,0.0,0.0,79.041,5.46,WiFi_6
UE_017,0.00707,29.353,26.26,-38.719,0.00014265,13.963,2.14,0.38,-3.4,2.4e-05,0.0,0.0,87.46,8.73,WiFi_6
UE_018,0.00707,26.474,21.393,-39.898,5.283e-05,11.387,1.99,2.38,-10.32,2.4e-05,0.0,0.0,87.46,7.12,WiFi_6
UE_019,0.00707,47.825,43.014,-30.823,0.00024102,22.862,2.24,1.22,3.53,2.4e-05,0.0,0.0,87.46,12.34,WiFi_6
UE_000,0.0161,30.704,28.175,-37.324,1.334e-05,14.979,1.81,3.92,-2.12,5.4e-05,0.0,0.0,87.46,9.36,WiFi_6
UE_001,0.00693,8.453,3.336,-47.194,0.01010202,2.653,1.65,17.38,14.17,2.3e-05,0.0,0.0,40.009,1.66,WiFi_6
UE_002,0.00707,36.935,36.336,-35.796,8.975e-05,19.313,1.75,8.33,4.65,2.4e-05,0.0,0.0,87.46,12.07,WiFi_6
UE_003,0.00707,47.485,45.484,-32.831,9.765e-05,24.175,2.03,0.47,-5.64,2.4e-05,0.0,0.0,87.46,12.34,WiFi_6
UE_004,0.00707,34.061,30.241,-38.512,6.487e-05,16.076,1.92,0.04,-13.31,2.4e-05,0.0,0.0,87.46,10.05,WiFi_6
UE_005,0.00707,41.267,39.39,-33.84,2.742e-05,20.937,1.56,2.2,1.74,2.4e-05,0.0,0.0,87.46,12.34,WiFi_6
UE_006,0.01592,11.849,7.678,-46.509,0.00101815,4.445,2.25,1.77,1.39,5.3e-05,0.0,0.0,53.035,2.78,WiFi_6
UE_007,0.00707,25.28,20.482,-37.366,9.769e-05,10.907,1.91,8.79,11.48,2.4e-05,0.0,0.0,87.46,6.82,WiFi_6
UE_008,0.012,16.161,9.919,-42.711,0.00121746,5.496,1.96,0.25,5.7,4e-05,0.0,0.0,59.757,3.44,WiFi_6
UE_009,0.0228,11.031,7.115,-45.769,0.00100768,4.191,2.12,1.87,8.74,7.6e-05,0.0,0.0,51.344,2.62,WiFi_6
UE_010,0.00666,26.468,21.911,-40.061,3.918e-05,11.66,1.6,1.31,6.31,2.2e-05,0.0,0.0,87.46,7.29,WiFi_6
UE_011,0.00707,31.253,28.439,-36.197,0.00020876,15.119,2.04,1.52,5.19,2.4e-05,0.0,0.0,87.46,9.45,WiFi_6
UE_012,0.01427,11.859,8.326,-45.569,0.00115587,4.742,1.78,0.07,5.79,4.8e-05,0.0,0.0,54.977,2.96,WiFi_6
UE_013,0.02284,34.344,32.28,-38.138,0.00015825,17.159,2.11,1.87,11.53,7.6e-05,0.0,0.0,87.46,10.72,WiFi_6
UE_014,0.01197,27.644,23.762,-39.379,0.00020568,12.639,1.88,5.83,-3.9,4e-05,0.0,0.0,87.46,7.9,WiFi_6
UE_015,0.00795,27.462,23.905,-39.069,1.459e-05,12.715,1.65,1.92,-10.67,2.7e-05,0.0,0.0,87.46,7.95,WiFi_6
UE_016,0.00707,19.814,14.637,-43.399,0.00016782,7.857,1.67,0.33,-6.7,2.4e-05,0.0,0.0,73.91,4.91,WiFi_6
UE_017,0.00707,25.648,22.676,-40.059,0.00011266,12.065,2.25,1.31,-3.4,2.4e-05,0.0,0.0,87.46,7.54,WiFi_6
UE_018,0.00707,41.204,38.726,-31.953,6.012e-05,20.584,2.17,3.72,-10.32,2.4e-05,0.0,0.0,87.46,12.34,WiFi_6
UE_019,0.00707,47.763,46.21,-30.528,7.13e-05,24.561,1.94,0.76,3.53,2.4e-05,0.0,0.0,87.46,12.34,WiFi_6
UE_000,0.01361,13.293,9.128,-42.304,0.00107585,5.118,1.94,0.51,-2.12,4.5e-05,0.0,0.0,57.384,3.2,WiFi_6
UE_001,0.01092,17.592,12.207,-44.38,0.00022661,6.623,1.58,0.65,14.17,3.6e-05,0.0,0.0,66.621,4.14,WiFi_6
UE_002,0.00707,22.376,20.217,-42.066,9.07e-06,10.768,2.1,5.47,4.65,2.4e-05,0.0,0.0,87.46,6.73,WiFi_6
UE_003,0.00707,20.872,16.529,-41.526,0.00010687,8.836,2.1,4.01,-5.64,2.4e-05,0.0,0.0,79.588,5.52,WiFi_6
UE_004,0.00707,5.442,3.598,-48.994,0.01001087,2.749,1.85,28.15,-13.31,2.4e-05,0.0,0.0,40.794,1.72,WiFi_6
UE_005,0.00707,20.985,19.328,-42.047,0.00011303,10.3,1.94,0.46,1.74,2.4e-05,0.0,0.0,87.46,6.44,WiFi_6
UE_006,0.01592,18.324,16.484,-43.403,0.00017724,8.813,1.51,3.0,1.39,5.3e-05,0.0,0.0,79.451,5.51,WiFi_6
UE_007,0.0103,28.362,24.85,-40.591,2.431e-05,13.216,2.19,5.15,11.48,3.4e-05,0.0,0.0,87.46,8.26,WiFi_6
UE_008,0.01951,10.541,9.517,-45.57,0.00104477,5.303,2.14,8.02,5.7,6.5e-05,0.0,0.0,58.55,3.31,WiFi_6
UE_009,0.01238,33.753,28.816,-37.239,6.24e-06,15.319,2.18,7.17,8.74,4.1e-05,0.0,0.0,87.46,9.57,WiFi_6
UE_010,0.0052,27.778,25.925,-38.388,6.874e-05,13.785,1.99,2.6,6.31,1.7e-05,0.0,0.0,87.46,8.62,WiFi_6
UE_011,0.00707,17.175,13.959,-42.672,0.00018157,7.51,1.54,1.45,5.19,2.4e-05,0.0,0.0,71.878,4.69,WiFi_6
UE_012,0.02162,14.774,14.186,-44.409,0.00026076,7.627,2.02,0.72,5.79,7.2e-05,0.0,0.0,72.559,4.77,WiFi_6
UE_013,0.01995,-7.542,-11.568,-53.002,0.15004006,0.156,2.18,9.95,11.53,6.7e-05,0.0,0.0,15.26,0.1,WiFi_6
UE_014,0.00725,8.104,3.638,-47.226,0.010148,2.763,1.93,25.9,-3.9,2.4e-05,0.0,0.0,40.913,1.73,WiFi_6
UE_015,0.00748,18.255,15.525,-44.786,0.00011374,8.315,2.1,0.8,-10.67,2.5e-05,0.0,0.0,76.575,5.2,WiFi_6
UE_016,0.00707,35.365,29.784,-37.313,0.00027147,15.833,1.86,2.62,-6.7,2.4e-05,0.0,0.0,87.46,9.9,WiFi_6
UE_017,0.00707,27.115,22.761,-41.891,1.582e-05,12.11,2.19,0.15,-3.4,2.4e-05,0.0,0.0,87.46,7.57,WiFi_6
UE_018,0.00707,19.557,17.62,-41.235,0.00012024,9.405,1.72,4.32,11.86,2.4e-05,0.0,0.0,82.86,5.88,WiFi_6
UE_019,0.00707,29.682,23.977,-38.782,0.00020101,12.753,2.23,4.51,3.53,2.4e-05,0.0,0.0,87.46,7.97,WiFi_6
UE_000,0.01119,36.994,32.103,-36.077,5.857e-05,17.065,1.74,0.66,-2.12,3.7e-05,0.0,0.0,87.46,10.67,WiFi_6
UE_001,0.01544,16.091,13.674,-43.618,0.0001199,7.365,2.17,7.07,14.17,5.1e-05,0.0,0.0,71.022,4.6,WiFi_6
UE_002,0.00707,29.854,25.311,-37.518,5.67e-06,13.46,1.53,0.68,4.65,2.4e-05,0.0,0.0,87.46,8.41,WiFi_6
UE_003,0.00707,24.32,19.02,-41.11,0.00011085,10.138,1.6,1.36,-5.64,2.4e-05,0.0,0.0,87.06,6.34,WiFi_6
UE_004,0.00707,34.511,31.095,-36.863,0.00014536,16.529,1.68,5.45,-13.31,2.4e-05,0.0,0.0,87.46,10.33,WiFi_6
UE_005,0.00707,36.132,30.324,-36.433,0.00010475,16.12,1.58,1.34,1.74,2.4e-05,0.0,0.0,87.46,10.07,WiFi_6
UE_006,0.01831,15.71,12.735,-45.058,0.00011375,6.888,1.76,0.73,1.39,6.1e-05,0.0,0.0,68.204,4.31,WiFi_6
UE_007,0.02734,8.132,5.126,-45.857,0.01006738,3.343,1.97,16.2,11.48,9.1e-05,0.0,0.0,45.377,2.09,WiFi_6
UE_008,0.02372,-8.081,-13.56,-54.349,0.15003692,0.1,2.07,20.71,5.7,7.9e-05,0.0,0.0,15.26,0.1,WiFi_6
UE_009,0.00502,15.604,8.601,-43.645,0.00103385,4.87,1.78,4.07,8.74,1.7e-05,0.0,0.0,55.802,3.04,WiFi_6
UE_010,0.00522,35.901,33.639,-37.521,2.594e-05,17.88,1.67,5.55,6.31,1.7e-05,0.0,0.0,87.46,11.18,WiFi_6
UE_011,0.00707,35.468,33.367,-34.625,8.608e-05,17.736,2.26,0.08,5.19,2.4e-05,0.0,0.0,87.46,11.08,WiFi_6
UE_012,0.02187,19.084,16.768,-40.451,0.00016644,8.96,1.74,3.11,5.79,7.3e-05,0.0,0.0,80.304,5.6,WiFi_6
UE_013,0.01709,20.825,17.117,-39.888,0.00030141,9.142,1.88,2.0,11.53,5.7e-05,0.0,0.0,81.351,5.71,WiFi_6
UE_014,0.00502,31.443,28.481,-35.489,8.8e-05,15.141,1.84,4.87,-3.9,1.7e-05,0.0,0.0,87.46,9.46,WiFi_6
UE_015,0.00702,18.49,13.808,-42.147,0.00013483,7.433,1.86,2.16,-10.67,2.3e-05,0.0,0.0,71.425,4.65,WiFi_6
UE_016,0.00707,39.057,35.431,-34.667,7.625e-05,18.833,1.65,1.67,-6.7,2.4e-05,0.0,0.0,87.46,11.77,WiFi_6
UE_017,0.00707,6.807,2.778,-48.371,0.01017329,2.454,1.88,23.18,-3.4,2.4e-05,0.0,0.0,38.335,1.53,WiFi_6
UE_018,0.01086,25.09,23.003,-39.552,0.00010802,12.238,1.65,0.98,11.86,3.6e-05,0.0,0.0,87.46,7.65,WiFi_6
UE_019,0.00707,21.983,20.17,-42.176,8.749e-05,10.742,1.68,1.52,3.53,2.4e-05,0.0,0.0,87.46,6.71,WiFi_6
UE_000,0.0089,28.452,25.626,-37.7,1.382e-05,13.627,1.76,1.05,-2.12,3e-05,0.0,0.0,87.46,8.52,WiFi_6
UE_001,0.02014,19.064,15.541,-43.601,0.000182,8.324,1.53,5.57,14.17,6.7e-05,0.0,0.0,76.624,5.2,WiFi_6
UE_002,0.00707,28.14,24.179,-40.185,0.00020033,12.86,2.24,0.95,4.65,2.4e-05,0.0,0.0,87.46,8.04,WiFi_6
UE_003,0.00707,5.88,2.76,-47.014,0.01001554,2.448,1.74,10.39,-5.64,2.4e-05,0.0,0.0,38.281,1.53,WiFi_6
UE_004,0.00707,12.183,8.599,-46.644,0.00109958,4.869,1.75,4.0,-13.31,2.4e-05,0.0,0.0,55.798,3.04,WiFi_6
UE_005,0.00707,16.436,11.68,-44.513,0.00103034,6.36,1.7,1.6,1.74,2.4e-05,0.0,0.0,65.039,3.97,WiFi_6
UE_006,0.02233,22.987,20.231,-40.811,0.00013281,10.775,1.6,1.28,1.39,7.4e-05,0.0,0.0,87.46,6.73,WiFi_6
UE_007,0.02583,2.44,0.247,-48.989,0.01003594,1.667,1.83,25.82,11.48,8.6e-05,0.0,0.0,30.742,1.04,WiFi_6
UE_008,0.01603,1.981,-0.8,-50.307,0.15001697,1.397,1.77,17.52,5.7,5.3e-05,0.0,0.0,27.601,0.87,WiFi_6
UE_009,0.00707,20.042,13.875,-42.924,0.00011044,7.467,1.61,5.82,8.74,2.4e-05,0.0,0.0,71.625,4.67,WiFi_6
UE_010,0.0067,38.101,34.825,-33.951,9.42e-05,18.511,1.82,0.13,5.09,2.2e-05,0.0,0.0,87.46,11.57,WiFi_6
UE_011,0.00707,11.635,8.727,-46.887,0.00110154,4.929,2.12,5.73,5.19,2.4e-05,0.0,0.0,56.182,3.08,WiFi_6
UE_012,0.0145,22.626,18.101,-39.321,0.00020379,9.656,1.58,0.66,5.79,4.8e-05,0.0,0.0,84.304,6.04,WiFi_6
UE_013,0.01427,7.413,2.156,-47.454,0.01002644,2.243,2.24,10.01,11.53,4.8e-05,0.0,0.0,36.468,1.4,WiFi_6
UE_014,0.00707,45.11,42.366,-31.786,0.00016031,22.518,1.75,2.14,-3.9,2.4e-05,0.0,0.0,87.46,12.34,WiFi_6
UE_015,0.0066,40.351,38.383,-33.991,0.00020409,20.401,1.62,5.15,-10.67,2.2e-05,0.0,0.0,87.46,12.34,WiFi_6
UE_016,0.00707,23.849,19.134,-40.387,0.00016215,10.198,2.01,7.95,-6.7,2.4e-05,0.0,0.0,87.401,6.37,WiFi_6
UE_017,0.00707,28.607,25.662,-39.162,2.79e-05,13.646,1.72,4.86,-3.4,2.4e-05,0.0,0.0,87.46,8.53,WiFi_6
UE_018,0.02502,12.207,10.677,-44.311,0.00101546,5.864,1.5,0.58,11.86,8.3e-05,0.0,0.0,62.031,3.67,WiFi_6
UE_019,0.00707,36.63,33.794,-35.541,0.00011173,17.963,2.22,5.16,3.53,2.4e-05,0.0,0.0,87.46,11.23,WiFi_6
UE_000,0.00687,33.827,30.971,-37.356,8.275e-05,16.463,1.81,1.63,-2.12,2.3e-05,0.0,0.0,87.46,10.29,WiFi_6
UE_001,0.02492,16.341,13.176,-43.304,0.00012691,7.112,1.88,5.54,14.17,8.3e-05,0.0,0.0,69.529,4.44,WiFi_6
UE_002,0.00707,24.05,20.882,-39.381,8.312e-05,11.118,1.74,0.69,4.65,2.4e-05,0.0,0.0,87.46,6.95,WiFi_6
UE_003,0.00707,33.518,30.704,-36.031,0.00019281,16.322,1.88,0.72,-5.64,2.4e-05,0.0,0.0,87.46,10.2,WiFi_6
UE_004,0.00707,52.359,48.188,-29.733,5.661e-05,25.612,1.96,1.21,-13.31,2.4e-05,0.0,0.0,87.46,12.34,WiFi_6
UE_005,0.00707,33.629,29.142,-36.468,4.174e-05,15.492,1.9,1.33,1.74,2.4e-05,0.0,0.0,87.46,9.68,WiFi_6
UE_006,0.02584,17.188,14.012,-42.022,0.00017328,7.538,1.79,2.09,1.39,8.6e-05,0.0,0.0,72.037,4.71,WiFi_6
UE_007,0.01795,14.923,11.06,-43.691,0.00116615,6.052,1.83,8.49,11.48,6e-05,0.0,0.0,63.179,3.78,WiFi_6
UE_008,0.00883,33.31,32.697,-36.696,0.00011077,17.38,2.03,1.75,5.7,2.9e-05,0.0,0.0,87.46,10.86,WiFi_6
UE_009,0.00707,23.953,22.023,-41.022,2.764e-05,11.72,2.23,0.14,8.74,2.4e-05,0.0,0.0,87.46,7.32,WiFi_6
UE_010,0.00511,52.358,49.267,-27.299,4.69e-05,26.186,2.1,0.12,5.09,1.7e-05,0.0,0.0,87.46,12.34,WiFi_6
UE_011,0.00707,23.369,21.286,-39.351,0.00027572,11.331,2.06,2.0,-3.24,2.4e-05,0.0,0.0,87.46,7.08,WiFi_6
UE_012,0.00776,26.305,23.732,-39.638,1.961e-05,12.623,1.53,4.72,5.79,2.6e-05,0.0,0.0,87.46,7.89,WiFi_6
UE_013,0.01154,21.414,19.636,-40.769,0.00011033,10.462,1.97,0.12,11.53,3.8e-05,0.0,0.0,87.46,6.54,WiFi_6
UE_014,0.00707,21.946,18.433,-42.202,0.00011782,9.83,1.63,1.96,-3.9,2.4e-05,0.0,0.0,85.299,6.14,WiFi_6
UE_015,0.00621,40.437,36.767,-34.288,7.476e-05,19.543,1.92,4.77,-10.67,2.1e-05,0.0,0.0,87.46,12.21,WiFi_6
UE_016,0.00707,35.767,32.02,-36.684,4.425e-05,17.02,2.13,2.45,-6.7,2.4e-05,0.0,0.0,87.46,10.64,WiFi_6
UE_017,0.00707,22.233,17.261,-42.16,0.00014979,9.217,1.56,5.08,-3.4,2.4e-05,0.0,0.0,81.782,5.76,WiFi_6
UE_018,0.01121,11.38,8.202,-48.433,0.00106207,4.685,2.1,16.26,11.86,3.7e-05,0.0,0.0,54.607,2.93,WiFi_6
UE_019,0.00707,33.524,32.623,-37.452,1.832e-05,17.341,1.76,7.83,3.53,2.4e-05,0.0,0.0,87.46,10.84,WiFi_6
UE_000,0.00541,39.748,35.849,-33.293,7.889e-05,19.055,1.53,0.78,6.28,1.8e-05,0.0,0.0,87.46,11.91,WiFi_6
UE_001,0.02128,17.498,15.781,-43.491,0.000141,8.448,1.61,3.32,14.17,7.1e-05,0.0,0.0,77.342,5.28,WiFi_6
UE_002,0.00707,33.906,30.504,-36.092,8.493e-05,16.215,1.72,0.82,4.65,2.4e-05,0.0,0.0,87.46,10.13,WiFi_6
UE_003,0.00707,41.865,40.727,-33.325,0.00019609,21.647,1.98,1.11,-5.64,2.4e-05,0.0,0.0,87.46,12.34,WiFi_6
UE_004,0.00707,23.757,19.214,-39.152,0.00017549,10.24,2.18,0.52,-13.31,2.4e-05,0.0,0.0,87.46,6.4,WiFi_6
UE_005,0.00707,28.612,24.333,-38.385,0.00015236,12.942,1.55,1.02,1.74,2.4e-05,0.0,0.0,87.46,8.09,WiFi_6
UE_006,0.01948,16.505,12.549,-43.17,0.00021328,6.795,1.9,7.7,1.39,6.5e-05,0.0,0.0,67.646,4.25,WiFi_6
UE_007,0.00984,19.792,16.609,-41.754,0.00018725,8.878,1.56,3.32,11.48,3.3e-05,0.0,0.0,79.828,5.55,WiFi_6
UE_008,0.00505,32.724,29.811,-36.401,6.46e-05,15.847,1.93,0.33,5.7,1.7e-05,0.0,0.0,87.46,9.9,WiFi_6
UE_009,0.00707,28.969,26.953,-38.392,0.00014132,14.33,1.82,4.2,8.74,2.4e-05,0.0,0.0,87.46,8.96,WiFi_6
UE_010,0.00825,35.573,33.065,-35.533,9.148e-05,17.576,2.18,1.01,5.09,2.8e-05,0.0,0.0,87.46,10.98,WiFi_6
UE_011,0.00509,39.87,34.452,-33.657,0.0001571,18.312,1.82,0.7,-3.24,1.7e-05,0.0,0.0,87.46,11.45,WiFi_6
UE_012,0.00529,36.792,33.902,-35.553,0.00012495,18.02,2.18,0.65,5.79,1.8e-05,0.0,0.0,87.46,11.26,WiFi_6
UE_013,0.00895,29.897,25.069,-36.653,0.00012485,13.332,1.98,8.24,11.53,3e-05,0.0,0.0,87.46,8.33,WiFi_6
UE_014,0.00707,42.741,38.858,-32.685,0.00017083,20.654,1.85,1.68,-3.9,2.4e-05,0.0,0.0,87.46,12.34,WiFi_6
UE_015,0.00586,44.911,41.185,-31.614,0.0003262,21.891,1.86,1.7,-10.67,2e-05,0.0,0.0,87.46,12.34,WiFi_6
UE_016,0.00707,22.052,17.563,-42.606,0.00012626,9.375,1.84,7.01,-6.7,2.4e-05,0.0,0.0,82.69,5.86,WiFi_6
UE_017,0.00707,18.041,14.672,-44.466,0.00022848,7.876,1.82,3.78,-3.4,2.4e-05,0.0,0.0,74.015,4.92,WiFi_6
UE_018,0.00554,23.609,20.899,-40.264,9.409e-05,11.127,1.54,6.96,11.86,1.8e-05,0.0,0.0,87.46,6.95,WiFi_6
UE_019,0.00707,34.452,29.097,-34.234,1.062e-05,15.468,1.9,0.28,3.53,2.4e-05,0.0,0.0,87.46,9.67,WiFi_6
UE_000,0.01111,23.487,19.405,-40.535,0.00020191,10.34,1.62,0.24,6.28,3.7e-05,0.0,0.0,87.46,6.46,WiFi_6
UE_001,0.01656,11.955,9.206,-44.901,0.00109156,5.155,2.11,2.95,14.17,5.5e-05,0.0,0.0,57.618,3.22,WiFi_6
UE_002,0.00707,26.778,22.449,-40.112,8.558e-05,11.945,1.55,0.39,4.65,2.4e-05,0.0,0.0,87.46,7.47,WiFi_6
UE_003,0.00707,47.892,46.084,-30.319,7.181e-05,24.494,1.84,0.97,-5.64,2.4e-05,0.0,0.0,87.46,12.34,WiFi_6
UE_004,0.00707,38.771,36.673,-33.209,0.00011928,19.492,1.9,0.56,4.57,2.4e-05,0.0,0.0,87.46,12.18,WiFi_6
UE_005,0.00707,19.194,17.525,-41.7,0.00010302,9.355,2.05,0.34,1.74,2.4e-05,0.0,0.0,82.576,5.85,WiFi_6
UE_006,0.01314,16.809,12.193,-44.536,0.00029,6.616,1.56,3.31,1.39,4.4e-05,0.0,0.0,66.579,4.14,WiFi_6
UE_007,0.00507,40.762,37.027,-32.791,0.00020823,19.681,1.74,3.16,11.48,1.7e-05,0.0,0.0,87.46,12.3,WiFi_6
UE_008,0.00707,30.485,26.757,-38.489,0.00013458,14.227,1.99,0.83,5.7,2.4e-05,0.0,0.0,87.46,8.89,WiFi_6
UE_009,0.00707,13.149,11.202,-44.395,0.00102551,6.123,2.19,1.85,8.74,2.4e-05,0.0,0.0,63.607,3.83,WiFi_6
UE_010,0.01307,26.862,24.071,-41.292,5.123e-05,12.803,2.03,5.72,5.09,4.4e-05,0.0,0.0,87.46,8.0,WiFi_6
UE_011,0.00588,27.973,23.945,-38.514,7.119e-05,12.736,1.71,6.51,-3.24,2e-05,0.0,0.0,87.46,7.96,WiFi_6
UE_012,0.00707,38.308,35.638,-34.128,6.16e-06,18.943,1.97,3.01,5.79,2.4e-05,0.0,0.0,87.46,11.84,WiFi_6
UE_013,0.00669,10.195,7.305,-45.987,0.00105473,4.276,1.93,0.24,11.53,2.2e-05,0.0,0.0,51.914,2.67,WiFi_6
UE_014,0.00707,24.863,19.526,-40.422,0.00021686,10.404,1.59,4.98,-3.9,2.4e-05,0.0,0.0,87.46,6.5,WiFi_6
UE_015,0.00556,27.697,23.221,-40.853,0.00012128,12.353,1.87,11.77,-10.64,1.9e-05,0.0,0.0,87.46,7.72,WiFi_6
UE_016,0.00707,23.496,20.849,-41.596,9.733e-05,11.1,1.87,0.3,-6.7,2.4e-05,0.0,0.0,87.46,6.94,WiFi_6
UE_017,0.00707,23.511,19.352,-41.904,0.00021493,10.312,1.86,0.67,-3.4,2.4e-05,0.0,0.0,87.46,6.45,WiFi_6
UE_018,0.00588,49.978,45.573,-29.228,1.811e-05,24.223,1.83,1.25,11.86,2e-05,0.0,0.0,87.46,12.34,WiFi_6
UE_019,0.00707,27.251,24.643,-38.998,2.462e-05,13.106,1.96,0.65,3.53,2.4e-05,0.0,0.0,87.46,8.19,WiFi_6
UE_000,0.01847,19.496,14.505,-43.172,0.00014798,7.79,1.73,2.76,6.28,6.2e-05,0.0,0.0,73.515,4.87,WiFi_6
UE_001,0.01198,22.314,19.99,-39.964,0.00016301,10.648,1.55,0.33,14.17,4e-05,0.0,0.0,87.46,6.65,WiFi_6
UE_002,0.00707,27.107,23.806,-38.123,0.00013733,12.663,1.86,2.42,3.14,2.4e-05,0.0,0.0,87.46,7.91,WiFi_6
UE_003,0.00707,53.712,49.586,-28.527,6.822e-05,26.355,1.78,1.2,-5.64,2.4e-05,0.0,0.0,87.46,12.34,WiFi_6
UE_004,0.00505,33.469,30.66,-37.923,6.714e-05,16.298,1.61,4.38,4.57,1.7e-05,0.0,0.0,87.46,10.19,WiFi_6
UE_005,0.00707,18.7,16.637,-44.04,0.00011588,8.892,2.03,2.18,1.74,2.4e-05,0.0,0.0,79.91,5.56,WiFi_6
UE_006,0.0069,20.621,17.433,-41.328,0.00023682,9.307,1.98,1.13,1.39,2.3e-05,0.0,0.0,82.299,5.82,WiFi_6
UE_007,0.00707,16.863,15.089,-43.724,0.00015098,8.09,2.19,0.11,13.65,2.4e-05,0.0,0.0,75.266,5.06,WiFi_6
UE_008,0.00707,23.181,19.861,-41.92,0.00010562,10.58,1.86,2.51,5.7,2.4e-05,0.0,0.0,87.46,6.61,WiFi_6
UE_009,0.00707,18.313,15.976,-43.932,0.00010226,8.549,2.01,6.26,8.74,2.4e-05,0.0,0.0,77.928,5.34,WiFi_6
UE_010,0.01828,9.334,7.318,-47.36,0.0010963,4.282,1.96,5.89,5.09,6.1e-05,0.0,0.0,51.953,2.68,WiFi_6
UE_011,0.00872,11.794,7.187,-45.347,0.00110294,4.223,2.08,3.38,-3.24,2.9e-05,0.0,0.0,51.56,2.64,WiFi_6
UE_012,0.00707,34.438,32.23,-35.654,2.683e-05,17.132,1.8,0.15,5.79,2.4e-05,0.0,0.0,87.46,10.71,WiFi_6
UE_013,0.00521,46.585,40.929,-31.679,0.00010659,21.754,1.7,3.85,11.53,1.7e-05,0.0,0.0,87.46,12.34,WiFi_6
UE_014,0.00707,43.942,40.094,-31.892,4.388e-05,21.311,1.81,8.42,-3.9,2.4e-05,0.0,0.0,87.46,12.34,WiFi_6
UE_015,0.00515,18.255,16.836,-42.079,0.00012989,8.996,1.72,3.45,-10.64,1.7e-05,0.0,0.0,80.509,5.62,WiFi_6
UE_016,0.00707,26.457,22.594,-39.526,8.607e-05,12.021,1.57,0.53,-6.7,2.4e-05,0.0,0.0,87.46,7.51,WiFi_6
UE_017,0.00707,36.878,35.316,-35.829,7.622e-05,18.771,2.22,0.11,-3.4,2.4e-05,0.0,0.0,87.46,11.73,WiFi_6
UE_018,0.00569,33.808,28.387,-36.63,0.00010977,15.091,2.11,2.95,11.86,1.9e-05,0.0,0.0,87.46,9.43,WiFi_6
UE_019,0.00707,36.612,33.51,-36.634,0.00013297,17.812,2.09,3.09,3.53,2.4e-05,0.0,0.0,87.46,11.13,WiFi_6
UE_000,0.02488,15.993,12.042,-42.864,0.00025659,6.54,1.59,1.68,6.28,8.3e-05,0.0,0.0,66.125,4.09,WiFi_6
UE_001,0.00779,39.766,34.636,-33.558,6.11e-05,18.41,1.5,0.75,14.17,2.6e-05,0.0,0.0,87.46,11.51,WiFi_6
UE_002,0.00707,33.14,31.2,-36.513,8.923e-05,16.585,1.57,0.61,3.14,2.4e-05,0.0,0.0,87.46,10.37,WiFi_6
UE_003,0.00707,25.443,22.2,-39.179,0.00019349,11.813,1.54,1.04,-5.64,2.4e-05,0.0,0.0,87.46,7.38,WiFi_6
UE_004,0.00815,32.038,27.447,-37.451,0.00016304,14.593,1.8,1.56,4.57,2.7e-05,0.0,0.0,87.46,9.12,WiFi_6
UE_005,0.00707,37.751,32.776,-33.931,0.00015796,17.422,1.97,0.2,1.74,2.4e-05,0.0,0.0,87.46,10.89,WiFi_6
UE_006,0.00206,52.344,47.927,-29.85,0.00021074,25.474,2.11,4.45,1.39,7e-06,0.0,0.0,87.46,12.34,WiFi_6
UE_007,0.00623,37.945,35.624,-35.829,5.855e-05,18.935,1.53,0.4,13.65,2.1e-05,0.0,0.0,87.46,11.83,WiFi_6
UE_008,0.00707,36.238,33.094,-34.676,6.87e-06,17.591,1.52,0.92,5.7,2.4e-05,0.0,0.0,87.46,10.99,WiFi_6
UE_009,0.00707,38.932,36.713,-33.611,0.00018646,19.514,1.64,2.46,8.74,2.4e-05,0.0,0.0,87.46,12.2,WiFi_6
UE_010,0.02363,8.88,5.533,-46.022,0.01012622,3.51,2.25,30.05,5.09,7.9e-05,0.0,0.0,46.6,2.19,WiFi_6
UE_011,0.01226,10.461,7.039,-45.612,0.00103226,4.158,2.24,2.33,-3.24,4.1e-05,0.0,0.0,51.117,2.6,WiFi_6
UE_012,0.00707,19.46,16.76,-42.293,0.00021966,8.956,2.03,0.18,5.79,2.4e-05,0.0,0.0,80.281,5.6,WiFi_6
UE_013,0.00522,24.317,23.253,-39.953,9.92e-06,12.37,2.02,8.47,11.53,1.7e-05,0.0,0.0,87.46,7.73,WiFi_6
UE_014,0.00707,31.761,28.449,-37.147,1.344e-05,15.124,2.27,3.64,-3.9,2.4e-05,0.0,0.0,87.46,9.45,WiFi_6
UE_015,0.005,44.218,39.159,-32.635,0.00023395,20.813,1.56,3.31,-10.64,1.7e-05,0.0,0.0,87.46,12.34,WiFi_6
UE_016,0.00707,31.136,27.142,-39.054,0.00013694,14.43,1.89,3.46,-6.7,2.4e-05,0.0,0.0,87.46,9.02,WiFi_6
UE_017,0.00707,25.786,22.996,-38.933,2.433e-05,12.234,2.03,0.93,-3.4,2.4e-05,0.0,0.0,87.46,7.65,WiFi_6
UE_018,0.00552,30.179,25.214,-37.478,0.00030911,13.409,1.91,2.87,11.86,1.8e-05,0.0,0.0,87.46,8.38,WiFi_6
UE_019,0.00707,42.775,37.789,-32.132,0.00011725,20.085,1.61,1.18,3.53,2.4e-05,0.0,0.0,87.46,12.34,WiFi_6
UE_000,0.01726,12.497,9.434,-45.07,0.0010846,5.263,1.97,9.99,6.28,5.8e-05,0.0,0.0,58.301,3.29,WiFi_6
UE_001,0.00511,37.198,32.629,-35.997,0.00017359,17.344,1.51,10.73,14.17,1.7e-05,0.0,0.0,87.46,10.84,WiFi_6
UE_002,0.00707,35.348,30.461,-35.729,4.85e-06,16.192,1.63,1.09,3.14,2.4e-05,0.0,0.0,87.46,10.12,WiFi_6
UE_003,0.00707,39.302,32.23,-33.544,5.831e-05,17.132,1.92,0.29,-5.64,2.4e-05,0.0,0.0,87.46,10.71,WiFi_6
UE_004,0.01314,9.935,9.362,-46.071,0.00116254,5.229,1.55,5.31,4.57,4.4e-05,0.0,0.0,58.087,3.27,WiFi_6
UE_005,0.00707,40.677,37.118,-33.216,2.118e-05,19.729,2.03,2.88,1.74,2.4e-05,0.0,0.0,87.46,12.33,WiFi_6
UE_006,0.00501,10.083,5.406,-45.07,0.01000947,3.457,1.73,5.17,1.39,1.7e-05,0.0,0.0,46.217,2.16,WiFi_6
UE_007,0.00556,43.187,38.28,-31.034,0.00013449,20.346,2.24,4.35,13.65,1.9e-05,0.0,0.0,87.46,12.34,WiFi_6
UE_008,0.00707,21.226,17.198,-41.647,0.00032011,9.184,2.03,6.91,5.7,2.4e-05,0.0,0.0,81.593,5.74,WiFi_6
UE_009,0.00707,32.606,28.796,-37.703,0.00013682,15.308,1.83,0.1,8.74,2.4e-05,0.0,0.0,87.46,9.57,WiFi_6
UE_010,0.02197,20.41,16.28,-43.219,0.00018458,8.707,1.54,0.79,5.09,7.3e-05,0.0,0.0,78.841,5.44,WiFi_6
UE_011,0.01604,28.53,25.686,-39.495,0.00014362,13.659,2.19,4.86,-3.24,5.3e-05,0.0,0.0,87.46,8.54,WiFi_6
UE_012,0.00707,34.926,30.768,-35.447,2.621e-05,16.355,1.89,0.46,5.79,2.4e-05,0.0,0.0,87.46,10.22,WiFi_6
UE_013,0.00671,35.774,31.502,-35.318,1.388e-05,16.745,1.92,2.52,11.53,2.2e-05,0.0,0.0,87.46,10.47,WiFi_6
UE_014,0.00707,30.861,27.447,-35.26,0.00012401,14.593,1.71,15.4,-3.9,2.4e-05,0.0,0.0,87.46,9.12,WiFi_6
UE_015,0.00514,33.183,27.958,-38.452,3.221e-05,14.864,2.24,3.55,-10.64,1.7e-05,0.0,0.0,87.46,9.29,WiFi_6
UE_016,0.00707,25.406,23.475,-39.672,0.00010247,12.488,1.97,1.18,-6.7,2.4e-05,0.0,0.0,87.46,7.8,WiFi_6
UE_017,0.00707,37.94,33.592,-34.425,0.0001734,17.856,2.26,3.22,-3.4,2.4e-05,0.0,0.0,87.46,11.16,WiFi_6
UE_018,0.00537,31.714,26.837,-38.236,0.00014636,14.269,2.21,3.3,11.86,1.8e-05,0.0,0.0,87.46,8.92,WiFi_6
UE_019,0.00707,29.27,25.126,-38.255,4.44e-06,13.362,2.04,1.0,3.53,2.4e-05,0.0,0.0,87.46,8.35,WiFi_6
UE_000,0.01,28.877,23.756,-38.988,6.733e-05,12.636,1.95,0.8,6.28,3.3e-05,0.0,0.0,87.46,7.9,WiFi_6
UE_001,0.0063,49.984,46.212,-31.962,7.606e-05,24.562,1.52,5.06,14.17,2.1e-05,0.0,0.0,87.46,12.34,WiFi_6
UE_002,0.00707,33.413,29.447,-36.923,7.484e-05,15.654,1.91,3.11,3.14,2.4e-05,0.0,0.0,87.46,9.78,WiFi_6
UE_003,0.00707,45.448,41.756,-32.317,3.696e-05,22.194,1.82,0.78,-5.64,2.4e-05,0.0,0.0,87.46,12.34,WiFi_6
UE_004,0.01856,28.144,25.523,-39.068,3.278e-05,13.572,2.21,2.21,4.57,6.2e-05,0.0,0.0,87.46,8.48,WiFi_6
UE_005,0.00707,31.405,28.155,-38.541,0.00013684,14.968,2.12,1.01,1.74,2.4e-05,0.0,0.0,87.46,9.36,WiFi_6
UE_006,0.0052,39.886,36.671,-34.489,9.927e-05,19.492,1.68,3.73,1.39,1.7e-05,0.0,0.0,87.46,12.18,WiFi_6
UE_007,0.00513,24.86,22.95,-39.656,0.0001014,12.21,1.82,4.46,13.65,1.7e-05,0.0,0.0,87.46,7.63,WiFi_6
UE_008,0.00707,21.824,19.246,-43.214,0.00012396,10.257,1.74,1.11,5.7,2.4e-05,0.0,0.0,87.46,6.41,WiFi_6
UE_009,0.00707,28.867,26.297,-38.899,5.763e-05,13.982,2.04,2.13,8.74,2.4e-05,0.0,0.0,87.46,8.74,WiFi_6
UE_010,0.01666,29.241,26.904,-39.569,5.52e-06,14.305,1.54,2.75,5.09,5.6e-05,0.0,0.0,87.46,8.94,WiFi_6
UE_011,0.01992,1.013,-2.251,-48.647,0.15019073,1.078,2.18,27.12,-3.24,6.6e-05,0.0,0.0,23.247,0.67,WiFi_6
UE_012,0.00707,32.453,31.562,-36.267,0.00014428,16.777,1.82,9.44,5.79,2.4e-05,0.0,0.0,87.46,10.49,WiFi_6
UE_013,0.00707,19.16,17.563,-42.31,0.00017458,9.375,2.17,16.85,11.53,2.4e-05,0.0,0.0,82.688,5.86,WiFi_6
UE_014,0.00707,31.396,25.588,-37.678,0.0001463,13.607,2.12,0.56,-3.9,2.4e-05,0.0,0.0,87.46,8.5,WiFi_6
UE_015,0.00555,29.043,26.162,-39.195,4.101e-05,13.911,1.92,4.97,-10.64,1.9e-05,0.0,0.0,87.46,8.69,WiFi_6
UE_016,0.00707,35.825,30.745,-35.968,0.00011555,16.343,1.88,0.46,-6.49,2.4e-05,0.0,0.0,87.46,10.21,WiFi_6
UE_017,0.00707,30.564,24.964,-38.768,0.00011832,13.276,1.82,0.32,-3.4,2.4e-05,0.0,0.0,87.46,8.3,WiFi_6
UE_018,0.00525,42.294,40.162,-32.302,4.47e-06,21.347,2.16,4.19,11.86,1.7e-05,0.0,0.0,87.46,12.34,WiFi_6
UE_019,0.00707,30.354,28.666,-38.618,4.978e-05,15.24,1.77,6.17,3.53,2.4e-05,0.0,0.0,87.46,9.52,WiFi_6
UE_000,0.00506,33.959,31.969,-37.679,9.043e-05,16.993,2.22,0.49,6.28,1.7e-05,0.0,0.0,87.46,10.62,WiFi_6
UE_001,0.00707,21.943,17.672,-40.849,0.00012603,9.432,1.64,5.0,14.17,2.4e-05,0.0,0.0,83.016,5.89,WiFi_6
UE_002,0.00707,31.436,26.708,-38.829,0.00022712,14.2,1.9,0.41,3.14,2.4e-05,0.0,0.0,87.46,8.88,WiFi_6
UE_003,0.00707,32.998,27.938,-36.756,1.258e-05,14.853,2.2,4.42,-5.64,2.4e-05,0.0,0.0,87.46,9.28,WiFi_6
UE_004,0.02411,0.748,-1.084,-50.625,0.15004568,1.33,1.95,29.3,4.57,8e-05,0.0,0.0,26.748,0.83,WiFi_6
UE_005,0.00707,27.543,24.542,-39.403,0.00018724,13.052,1.89,0.09,1.74,2.4e-05,0.0,0.0,87.46,8.16,WiFi_6
UE_006,0.00592,15.494,10.042,-46.601,0.00105377,5.555,2.26,1.13,1.39,2e-05,0.0,0.0,60.125,3.47,WiFi_6
UE_007,0.005,33.702,30.811,-38.575,2.396e-05,16.378,1.53,2.14,13.65,1.7e-05,0.0,0.0,87.46,10.24,WiFi_6
UE_008,0.00707,42.6,38.53,-33.093,0.00015145,20.479,1.63,14.49,5.7,2.4e-05,0.0,0.0,87.46,12.34,WiFi_6
UE_009,0.00707,11.511,7.997,-44.988,0.0010071,4.59,1.85,1.61,8.74,2.4e-05,0.0,0.0,53.991,2.87,WiFi_6
UE_010,0.01152,19.498,16.703,-44.316,0.00015559,8.926,1.62,3.81,5.09,3.8e-05,0.0,0.0,80.108,5.58,WiFi_6
UE_011,0.02386,28.689,26.053,-39.339,0.00015871,13.853,2.25,0.22,3.51,8e-05,0.0,0.0,87.46,8.66,WiFi_6
UE_012,0.00707,28.155,22.245,-37.789,9.088e-05,11.837,2.08,1.41,5.79,2.4e-05,0.0,0.0,87.46,7.4,WiFi_6
UE_013,0.00707,31.462,29.24,-36.088,2.726e-05,15.544,1.92,0.84,11.53,2.4e-05,0.0,0.0,87.46,9.72,WiFi_6
UE_014,0.00707,31.488,30.059,-37.456,7.88e-06,15.979,1.61,8.25,-3.9,2.4e-05,0.0,0.0,87.46,9.99,WiFi_6
UE_015,0.00617,26.545,23.125,-38.835,1.035e-05,12.302,2.06,1.76,-10.64,2.1e-05,0.0,0.0,87.46,7.69,WiFi_6
UE_016,0.00567,11.216,6.226,-46.51,0.00110278,3.803,1.87,4.48,-6.49,1.9e-05,0.0,0.0,48.678,2.38,WiFi_6
UE_017,0.00707,31.145,27.643,-36.852,0.00022186,14.696,1.56,0.78,-3.4,2.4e-05,0.0,0.0,87.46,9.19,WiFi_6
UE_018,0.00514,31.684,29.716,-39.743,3.82e-05,15.797,1.91,0.85,11.86,1.7e-05,0.0,0.0,87.46,9.87,WiFi_6
UE_019,0.00707,26.782,24.163,-38.678,6.167e-05,12.852,1.77,6.42,3.53,2.4e-05,0.0,0.0,87.46,8.03,WiFi_6
UE_000,0.00707,25.632,20.205,-38.798,0.00033474,10.761,1.87,2.8,6.28,2.4e-05,0.0,0.0,87.46,6.73,WiFi_6
UE_001,0.00707,28.074,25.335,-37.925,0.00013084,13.473,2.23,2.06,14.17,2.4e-05,0.0,0.0,87.46,8.42,WiFi_6
UE_002,0.00707,38.878,34.778,-34.373,5.775e-05,18.485,2.05,2.78,3.14,2.4e-05,0.0,0.0,87.46,11.55,WiFi_6
UE_003,0.00707,38.929,36.426,-35.064,4.364e-05,19.362,1.77,5.36,-0.35,2.4e-05,0.0,0.0,87.46,12.1,WiFi_6
UE_004,0.02129,25.962,25.338,-40.595,4.039e-05,13.474,1.6,7.03,4.57,7.1e-05,0.0,0.0,87.46,8.42,WiFi_6
UE_005,0.00707,21.066,16.126,-42.683,0.00012719,8.627,2.14,3.3,1.74,2.4e-05,0.0,0.0,78.378,5.39,WiFi_6
UE_006,0.007,47.151,42.328,-31.296,2.452e-05,22.498,2.12,2.42,1.39,2.3e-05,0.0,0.0,87.46,12.34,WiFi_6
UE_007,0.0052,32.405,29.809,-37.387,2.839e-05,15.846,1.63,4.45,13.65,1.7e-05,0.0,0.0,87.46,9.9,WiFi_6
UE_008,0.00707,27.946,25.505,-38.968,3.16e-06,13.563,1.75,0.21,5.7,2.4e-05,0.0,0.0,87.46,8.48,WiFi_6
UE_009,0.00707,42.841,39.38,-34.943,6.594e-05,20.931,2.06,7.14,8.74,2.4e-05,0.0,0.0,87.46,12.34,WiFi_6
UE_010,0.00698,23.604,19.179,-40.164,0.00017938,10.221,2.11,8.03,5.09,2.3e-05,0.0,0.0,87.46,6.39,WiFi_6
UE_011,0.0196,29.942,26.166,-36.169,2.509e-05,13.913,1.73,4.41,3.51,6.5e-05,0.0,0.0,87.46,8.7,WiFi_6
UE_012,0.00707,44.467,39.68,-31.398,6.096e-05,21.09,1.91,1.28,5.79,2.4e-05,0.0,0.0,87.46,12.34,WiFi_6
UE_013,0.00707,26.077,21.299,-39.835,9.878e-05,11.338,1.82,0.03,11.53,2.4e-05,0.0,0.0,87.46,7.09,WiFi_6
UE_014,0.00707,33.333,31.064,-37.754,0.00010898,16.513,2.0,6.82,-3.9,2.4e-05,0.0,0.0,87.46,10.32,WiFi_6
UE_015,0.00695,31.6,25.035,-38.214,6.895e-05,13.314,2.26,0.88,-10.64,2.3e-05,0.0,0.0,87.46,8.32,WiFi_6
UE_016,0.00501,13.97,10.676,-44.218,0.00113177,5.864,2.24,0.43,-6.49,1.7e-05,0.0,0.0,62.029,3.67,WiFi_6
UE_017,0.00707,28.909,23.975,-38.26,8.185e-05,12.752,1.7,9.39,-3.4,2.4e-05,0.0,0.0,87.46,7.97,WiFi_6
UE_018,0.00507,33.039,29.379,-36.267,3.06e-05,15.618,1.66,4.19,11.86,1.7e-05,0.0,0.0,87.46,9.76,WiFi_6
UE_019,0.00707,32.084,28.902,-37.258,9.453e-05,15.365,2.24,7.76,3.53,2.4e-05,0.0,0.0,87.46,9.6,WiFi_6
UE_000,0.00707,30.571,27.097,-38.263,0.00021304,14.407,1.77,8.04,6.28,2.4e-05,0.0,0.0,87.46,9.0,WiFi_6
UE_001,0.00707,16.452,12.337,-42.373,0.00011827,6.688,1.51,0.08,14.17,2.4e-05,0.0,0.0,67.012,4.18,WiFi_6
UE_002,0.00707,35.201,31.645,-36.831,0.00021466,16.821,1.97,0.68,3.14,2.4e-05,0.0,0.0,87.46,10.51,WiFi_6
UE_003,0.00707,8.721,6.163,-47.4,0.0010053,3.776,2.02,7.85,-0.35,2.4e-05,0.0,0.0,48.488,2.36,WiFi_6
UE_004,0.01579,34.281,31.616,-37.41,0.00011655,16.806,1.52,2.11,4.57,5.3e-05,0.0,0.0,87.46,10.5,WiFi_6
UE_005,0.00707,13.975,9.971,-45.615,0.00103325,5.521,1.75,5.01,1.74,2.4e-05,0.0,0.0,59.914,3.45,WiFi_6
UE_006,0.00707,18.677,12.421,-41.621,0.00011,6.73,1.54,0.11,1.39,2.4e-05,0.0,0.0,67.262,4.21,WiFi_6
UE_007,0.00568,28.471,26.031,-39.641,0.00017985,13.841,1.52,0.05,13.65,1.9e-05,0.0,0.0,87.46,8.65,WiFi_6
UE_008,0.00707,13.192,8.878,-44.841,0.00108334,5.0,1.88,0.53,5.7,2.4e-05,0.0,0.0,56.634,3.12,WiFi_6
UE_009,0.00707,22.025,20.1,-42.429,0.00011454,10.706,1.67,0.45,8.74,2.4e-05,0.0,0.0,87.46,6.69,WiFi_6
UE_010,0.00504,29.917,27.097,-37.979,3.76e-05,14.407,1.75,0.85,5.09,1.7e-05,0.0,0.0,87.46,9.0,WiFi_6
UE_011,0.0154,23.629,21.671,-42.134,4.287e-05,11.534,2.02,3.51,3.51,5.1e-05,0.0,0.0,87.46,7.21,WiFi_6
UE_012,0.00707,20.998,16.781,-41.757,0.00010131,8.967,1.66,0.73,5.79,2.4e-05,0.0,0.0,80.344,5.6,WiFi_6
UE_013,0.00707,26.163,23.419,-40.547,9.805e-05,12.458,1.85,0.76,11.53,2.4e-05,0.0,0.0,87.46,7.79,WiFi_6
UE_014,0.00707,24.006,21.782,-39.588,1.512e-05,11.593,1.63,5.1,-3.9,2.4e-05,0.0,0.0,87.46,7.25,WiFi_6
UE_015,0.00707,36.506,32.313,-34.958,0.0001684,17.176,2.21,1.62,-10.64,2.4e-05,0.0,0.0,87.46,10.74,WiFi_6
UE_016,0.00538,41.381,37.415,-32.909,9.813e-05,19.887,1.78,0.51,-6.49,1.8e-05,0.0,0.0,87.46,12.34,WiFi_6
UE_017,0.00707,20.547,14.776,-42.9,0.00036089,7.929,1.73,2.87,-3.4,2.4e-05,0.0,0.0,74.327,4.96,WiFi_6
UE_018,0.00502,40.943,36.868,-33.311,8.914e-05,19.596,1.97,0.19,11.86,1.7e-05,0.0,0.0,87.46,12.25,WiFi_6
UE_019,0.00707,32.353,30.309,-36.036,2.129e-05,16.112,1.76,1.62,3.53,2.4e-05,0.0,0.0,87.46,10.07,WiFi_6
UE_000,0.00707,48.163,44.421,-32.025,0.00011314,23.61,1.8,0.76,6.28,2.4e-05,0.0,0.0,87.46,12.34,WiFi_6
UE_001,0.00707,11.791,8.653,-45.94,0.00109617,4.894,1.59,7.07,14.17,2.4e-05,0.0,0.0,55.958,3.06,WiFi_6
UE_002,0.00707,27.138,22.666,-39.059,7.929e-05,12.06,1.93,2.29,3.14,2.4e-05,0.0,0.0,87.46,7.54,WiFi_6
UE_003,0.00707,27.26,23.557,-40.313,0.00019193,12.531,1.6,0.36,-0.35,2.4e-05,0.0,0.0,87.46,7.83,WiFi_6
UE_004,0.01052,30.372,28.242,-37.634,0.00017686,15.014,2.22,1.46,4.57,3.5e-05,0.0,0.0,87.46,9.38,WiFi_6
UE_005,0.00707,9.722,5.958,-46.118,0.01000133,3.689,2.0,22.02,1.74,2.4e-05,0.0,0.0,47.874,2.31,WiFi_6
UE_006,0.00707,31.084,28.042,-37.627,3.53e-06,14.908,1.74,2.57,1.39,2.4e-05,0.0,0.0,87.46,9.32,WiFi_6
UE_007,0.00639,10.742,7.185,-46.747,0.0010976,4.223,1.64,0.5,13.65,2.1e-05,0.0,0.0,51.554,2.64,WiFi_6
UE_008,0.00707,38.97,36.263,-33.694,0.00012832,19.274,2.05,4.67,5.7,2.4e-05,0.0,0.0,87.46,12.05,WiFi_6
UE_009,0.00707,24.812,20.605,-40.757,8.043e-05,10.972,1.53,3.04,8.74,2.4e-05,0.0,0.0,87.46,6.86,WiFi_6
UE_010,0.00707,31.246,29.097,-38.095,8.425e-05,15.468,1.8,0.17,5.09,2.4e-05,0.0,0.0,87.46,9.67,WiFi_6
UE_011,0.01134,31.029,27.662,-37.876,6.01e-06,14.707,1.52,0.76,3.51,3.8e-05,0.0,0.0,87.46,9.19,WiFi_6
UE_012,0.00707,27.568,24.889,-38.904,1.761e-05,13.236,2.23,5.05,5.79,2.4e-05,0.0,0.0,87.46,8.27,WiFi_6
UE_013,0.00707,22.586,19.177,-42.355,0.00020659,10.22,2.16,1.94,11.53,2.4e-05,0.0,0.0,87.46,6.39,WiFi_6
UE_014,0.00707,33.759,29.552,-35.927,1.641e-05,15.71,2.07,0.18,-3.9,2.4e-05,0.0,0.0,87.46,9.82,WiFi_6
UE_015,0.00707,31.777,29.06,-37.974,2.986e-05,15.449,2.04,1.35,-10.64,2.4e-05,0.0,0.0,87.46,9.66,WiFi_6
UE_016,0.00661,34.305,31.112,-35.859,5.9e-06,16.538,2.0,5.12,-6.49,2.2e-05,0.0,0.0,87.46,10.34,WiFi_6
UE_017,0.00707,36.728,33.632,-35.114,7.898e-05,17.877,1.57,2.21,-3.4,2.4e-05,0.0,0.0,87.46,11.17,WiFi_6
UE_018,0.005,44.889,40.463,-33.24,3.09e-06,21.506,2.19,1.65,11.86,1.7e-05,0.0,0.0,87.46,12.34,WiFi_6
UE_019,0.00707,17.257,15.338,-42.112,0.00013994,8.219,1.87,0.41,3.53,2.4e-05,0.0,0.0,76.014,5.14,WiFi_6
UE_000,0.00707,34.732,33.974,-35.268,1.406e-05,18.058,1.52,2.32,6.28,2.4e-05,0.0,0.0,87.46,11.29,WiFi_6
UE_001,0.00707,23.248,20.263,-41.068,0.00018692,10.791,1.69,0.96,14.17,2.4e-05,0.0,0.0,87.46,6.74,WiFi_6
UE_002,0.00707,12.517,8.883,-43.774,0.00118104,5.002,1.62,3.17,3.14,2.4e-05,0.0,0.0,56.65,3.13,WiFi_6
UE_003,0.00707,26.585,25.139,-39.644,8.113e-05,13.369,2.19,0.92,-0.35,2.4e-05,0.0,0.0,87.46,8.36,WiFi_6
UE_004,0.00613,40.016,37.466,-34.386,2.716e-05,19.914,1.73,0.95,4.57,2e-05,0.0,0.0,87.46,12.34,WiFi_6
UE_005,0.00707,27.796,25.23,-37.395,8.323e-05,13.417,1.89,4.71,1.74,2.4e-05,0.0,0.0,87.46,8.39,WiFi_6
UE_006,0.00707,29.15,25.123,-39.421,8.342e-05,13.36,1.96,0.64,1.39,2.4e-05,0.0,0.0,87.46,8.35,WiFi_6
UE_007,0.00726,21.366,17.68,-41.647,0.00020164,9.436,2.19,1.4,13.65,2.4e-05,0.0,0.0,83.039,5.9,WiFi_6
UE_008,0.00707,24.111,22.547,-41.206,0.00010449,11.997,1.88,2.29,5.7,2.4e-05,0.0,0.0,87.46,7.5,WiFi_6
UE_009,0.00707,18.2,15.371,-43.725,0.00010116,8.236,1.59,0.54,8.74,2.4e-05,0.0,0.0,76.112,5.15,WiFi_6
UE_010,0.00707,33.995,29.629,-35.511,0.00016488,15.751,2.04,2.09,3.41,2.4e-05,0.0,0.0,87.46,9.84,WiFi_6
UE_011,0.00766,8.842,7.172,-46.525,0.00103368,4.217,1.72,4.58,3.51,2.6e-05,0.0,0.0,51.515,2.64,WiFi_6
UE_012,0.00707,11.961,9.776,-43.972,0.00106767,5.427,1.98,4.9,5.79,2.4e-05,0.0,0.0,59.327,3.39,WiFi_6
UE_013,0.00707,23.749,20.909,-40.024,0.00018549,11.132,2.0,2.51,11.53,2.4e-05,0.0,0.0,87.46,6.96,WiFi_6
UE_014,0.00707,16.73,13.149,-42.941,0.00029262,7.098,1.82,0.86,-3.9,2.4e-05,0.0,0.0,69.447,4.44,WiFi_6
UE_015,0.00707,28.603,27.261,-38.982,0.00028002,14.494,2.13,0.69,-10.64,2.4e-05,0.0,0.0,87.46,9.06,WiFi_6
UE_016,0.00832,26.86,20.526,-39.362,6.452e-05,10.93,1.53,2.65,-6.49,2.8e-05,0.0,0.0,87.46,6.83,WiFi_6
UE_017,0.00707,20.176,18.344,-42.596,0.00023924,9.783,1.75,1.41,-3.4,2.4e-05,0.0,0.0,85.031,6.11,WiFi_6
UE_018,0.00501,32.926,29.526,-36.284,3.326e-05,15.696,1.66,1.23,11.86,1.7e-05,0.0,0.0,87.46,9.81,WiFi_6
UE_019,0.00707,29.63,25.998,-37.617,0.00021823,13.824,1.83,3.02,3.53,2.4e-05,0.0,0.0,87.46,8.64,WiFi_6
