=== Thu Sep  3 19:19:41 EDT 2026 KU campaign start (corrected P.838/P.676/P.835 physics) ===
--- train_agents (Phase 5) ---
Gym has been unmaintained since 2022 and does not support NumPy 2.0 amongst other critical functionality.
Please upgrade to Gymnasium, the maintained drop-in replacement of Gym, or contact the authors of your software and request that they upgrade.
Users of this version of Gym should be able to simply replace 'import gym' with 'import gymnasium as gym' in the vast majority of cases.
See the migration guide at https://gymnasium.farama.org/introduction/migration_guide/ for additional information.
evaluating baselines...
  evaluating random (200 episodes)...
    random: 20/200 episodes
    random: 40/200 episodes
    random: 60/200 episodes
    random: 80/200 episodes
    random: 100/200 episodes
    random: 120/200 episodes
    random: 140/200 episodes
    random: 160/200 episodes
    random: 180/200 episodes
    random: 200/200 episodes
  evaluating greedy (200 episodes)...
    greedy: 20/200 episodes
    greedy: 40/200 episodes
    greedy: 60/200 episodes
    greedy: 80/200 episodes
    greedy: 100/200 episodes
    greedy: 120/200 episodes
    greedy: 140/200 episodes
    greedy: 160/200 episodes
    greedy: 180/200 episodes
    greedy: 200/200 episodes
  evaluating hysteresis (200 episodes)...
    hysteresis: 20/200 episodes
    hysteresis: 40/200 episodes
    hysteresis: 60/200 episodes
    hysteresis: 80/200 episodes
    hysteresis: 100/200 episodes
    hysteresis: 120/200 episodes
    hysteresis: 140/200 episodes
    hysteresis: 160/200 episodes
    hysteresis: 180/200 episodes
    hysteresis: 200/200 episodes
  evaluating oracle (200 episodes, DP-planned)...
    oracle: 20/200 episodes
    oracle: 40/200 episodes
    oracle: 60/200 episodes
    oracle: 80/200 episodes
    oracle: 100/200 episodes
    oracle: 120/200 episodes
    oracle: 140/200 episodes
    oracle: 160/200 episodes
    oracle: 180/200 episodes
    oracle: 200/200 episodes
training + evaluating PPO...
  training ppo seed=0 ...
Using cpu device
---------------------------------
| rollout/           |          |
|    ep_len_mean     | 60       |
|    ep_rew_mean     | 0.734    |
| time/              |          |
|    fps             | 114      |
|    iterations      | 1        |
|    time_elapsed    | 17       |
|    total_timesteps | 2048     |
---------------------------------
----------------------------------------
| rollout/                |            |
|    ep_len_mean          | 60         |
|    ep_rew_mean          | 3.54       |
| time/                   |            |
|    fps                  | 109        |
|    iterations           | 2          |
|    time_elapsed         | 37         |
|    total_timesteps      | 4096       |
| train/                  |            |
|    approx_kl            | 0.01588324 |
|    clip_fraction        | 0.164      |
|    clip_range           | 0.2        |
|    entropy_loss         | -1.6       |
|    explained_variance   | -0.019     |
|    learning_rate        | 0.0003     |
|    loss                 | 3.63       |
|    n_updates            | 10         |
|    policy_gradient_loss | -0.0216    |
|    value_loss           | 8.67       |
----------------------------------------
-----------------------------------------
| rollout/                |             |
|    ep_len_mean          | 60          |
|    ep_rew_mean          | 5.79        |
| time/                   |             |
|    fps                  | 106         |
|    iterations           | 3           |
|    time_elapsed         | 57          |
|    total_timesteps      | 6144        |
| train/                  |             |
|    approx_kl            | 0.014199831 |
|    clip_fraction        | 0.148       |
|    clip_range           | 0.2         |
|    entropy_loss         | -1.57       |
|    explained_variance   | 0.145       |
|    learning_rate        | 0.0003      |
|    loss                 | 3.26        |
|    n_updates            | 20          |
|    policy_gradient_loss | -0.0203     |
|    value_loss           | 7.32        |
-----------------------------------------
-----------------------------------------
| rollout/                |             |
|    ep_len_mean          | 60          |
|    ep_rew_mean          | 11.3        |
| time/                   |             |
|    fps                  | 104         |
|    iterations           | 4           |
|    time_elapsed         | 78          |
|    total_timesteps      | 8192        |
| train/                  |             |
|    approx_kl            | 0.016310075 |
|    clip_fraction        | 0.113       |
|    clip_range           | 0.2         |
|    entropy_loss         | -1.52       |
|    explained_variance   | 0.153       |
|    learning_rate        | 0.0003      |
|    loss                 | 3.7         |
|    n_updates            | 30          |
|    policy_gradient_loss | -0.0177     |
|    value_loss           | 9.08        |
-----------------------------------------
-----------------------------------------
| rollout/                |             |
|    ep_len_mean          | 60          |
|    ep_rew_mean          | 16.1        |
| time/                   |             |
|    fps                  | 101         |
|    iterations           | 5           |
|    time_elapsed         | 101         |
|    total_timesteps      | 10240       |
| train/                  |             |
|    approx_kl            | 0.012849061 |
|    clip_fraction        | 0.05        |
|    clip_range           | 0.2         |
|    entropy_loss         | -1.47       |
|    explained_variance   | 0.153       |
|    learning_rate        | 0.0003      |
|    loss                 | 5.2         |
|    n_updates            | 40          |
|    policy_gradient_loss | -0.00891    |
|    value_loss           | 12.9        |
-----------------------------------------
----------------------------------------
| rollout/                |            |
|    ep_len_mean          | 60         |
|    ep_rew_mean          | 21.3       |
| time/                   |            |
|    fps                  | 99         |
|    iterations           | 6          |
|    time_elapsed         | 123        |
|    total_timesteps      | 12288      |
| train/                  |            |
|    approx_kl            | 0.00687054 |
|    clip_fraction        | 0.01       |
|    clip_range           | 0.2        |
|    entropy_loss         | -1.41      |
|    explained_variance   | 0.0648     |
|    learning_rate        | 0.0003     |
|    loss                 | 6.82       |
|    n_updates            | 50         |
|    policy_gradient_loss | -0.00331   |
|    value_loss           | 16         |
----------------------------------------
-----------------------------------------
| rollout/                |             |
|    ep_len_mean          | 60          |
|    ep_rew_mean          | 24.1        |
| time/                   |             |
|    fps                  | 97          |
|    iterations           | 7           |
|    time_elapsed         | 147         |
|    total_timesteps      | 14336       |
| train/                  |             |
|    approx_kl            | 0.010645602 |
|    clip_fraction        | 0.0305      |
|    clip_range           | 0.2         |
|    entropy_loss         | -1.36       |
|    explained_variance   | 0.084       |
|    learning_rate        | 0.0003      |
|    loss                 | 10.1        |
|    n_updates            | 60          |
|    policy_gradient_loss | -0.00728    |
|    value_loss           | 21.3        |
-----------------------------------------
-----------------------------------------
| rollout/                |             |
|    ep_len_mean          | 60          |
|    ep_rew_mean          | 27.1        |
| time/                   |             |
|    fps                  | 96          |
|    iterations           | 8           |
|    time_elapsed         | 170         |
|    total_timesteps      | 16384       |
| train/                  |             |
|    approx_kl            | 0.010915941 |
|    clip_fraction        | 0.0311      |
|    clip_range           | 0.2         |
|    entropy_loss         | -1.27       |
|    explained_variance   | 0.0146      |
|    learning_rate        | 0.0003      |
|    loss                 | 11.5        |
|    n_updates            | 70          |
|    policy_gradient_loss | -0.00724    |
|    value_loss           | 24.4        |
-----------------------------------------
-----------------------------------------
| rollout/                |             |
|    ep_len_mean          | 60          |
|    ep_rew_mean          | 29.3        |
| time/                   |             |
|    fps                  | 95          |
|    iterations           | 9           |
|    time_elapsed         | 193         |
|    total_timesteps      | 18432       |
| train/                  |             |
|    approx_kl            | 0.009122876 |
|    clip_fraction        | 0.0394      |
|    clip_range           | 0.2         |
|    entropy_loss         | -1.22       |
|    explained_variance   | 0.0586      |
|    learning_rate        | 0.0003      |
|    loss                 | 14          |
|    n_updates            | 80          |
|    policy_gradient_loss | -0.00718    |
|    value_loss           | 28.7        |
-----------------------------------------
------------------------------------------
| rollout/                |              |
|    ep_len_mean          | 60           |
|    ep_rew_mean          | 31.6         |
| time/                   |              |
|    fps                  | 94           |
|    iterations           | 10           |
|    time_elapsed         | 216          |
|    total_timesteps      | 20480        |
| train/                  |              |
|    approx_kl            | 0.0072390167 |
|    clip_fraction        | 0.00874      |
|    clip_range           | 0.2          |
|    entropy_loss         | -1.16        |
|    explained_variance   | 0.0409       |
|    learning_rate        | 0.0003       |
|    loss                 | 14.1         |
|    n_updates            | 90           |
|    policy_gradient_loss | -0.00208     |
|    value_loss           | 29.5         |
------------------------------------------
----------------------------------------
| rollout/                |            |
|    ep_len_mean          | 60         |
|    ep_rew_mean          | 32.6       |
| time/                   |            |
|    fps                  | 92         |
|    iterations           | 11         |
|    time_elapsed         | 244        |
|    total_timesteps      | 22528      |
| train/                  |            |
|    approx_kl            | 0.00724161 |
|    clip_fraction        | 0.04       |
|    clip_range           | 0.2        |
|    entropy_loss         | -1.07      |
|    explained_variance   | 0.0684     |
|    learning_rate        | 0.0003     |
|    loss                 | 17.2       |
|    n_updates            | 100        |
|    policy_gradient_loss | -0.00607   |
|    value_loss           | 35         |
----------------------------------------
-----------------------------------------
| rollout/                |             |
|    ep_len_mean          | 60          |
|    ep_rew_mean          | 33.1        |
| time/                   |             |
|    fps                  | 90          |
|    iterations           | 12          |
|    time_elapsed         | 270         |
|    total_timesteps      | 24576       |
| train/                  |             |
|    approx_kl            | 0.005260452 |
|    clip_fraction        | 0.0169      |
|    clip_range           | 0.2         |
|    entropy_loss         | -1.06       |
|    explained_variance   | 0.0677      |
|    learning_rate        | 0.0003      |
|    loss                 | 18.1        |
|    n_updates            | 110         |
|    policy_gradient_loss | -0.00345    |
|    value_loss           | 34.7        |
-----------------------------------------
------------------------------------------
| rollout/                |              |
|    ep_len_mean          | 60           |
|    ep_rew_mean          | 33.6         |
| time/                   |              |
|    fps                  | 90           |
|    iterations           | 13           |
|    time_elapsed         | 294          |
|    total_timesteps      | 26624        |
| train/                  |              |
|    approx_kl            | 0.0069902837 |
|    clip_fraction        | 0.0322       |
|    clip_range           | 0.2          |
|    entropy_loss         | -1.01        |
|    explained_variance   | 0.0822       |
|    learning_rate        | 0.0003       |
|    loss                 | 20.1         |
|    n_updates            | 120          |
|    policy_gradient_loss | -0.00622     |
|    value_loss           | 42.7         |
------------------------------------------
-----------------------------------------
| rollout/                |             |
|    ep_len_mean          | 60          |
|    ep_rew_mean          | 34.3        |
| time/                   |             |
|    fps                  | 90          |
|    iterations           | 14          |
|    time_elapsed         | 317         |
|    total_timesteps      | 28672       |
| train/                  |             |
|    approx_kl            | 0.005688159 |
|    clip_fraction        | 0.0223      |
|    clip_range           | 0.2         |
|    entropy_loss         | -0.942      |
|    explained_variance   | 0.046       |
|    learning_rate        | 0.0003      |
|    loss                 | 21.7        |
|    n_updates            | 130         |
|    policy_gradient_loss | -0.003      |
|    value_loss           | 40.6        |
-----------------------------------------
-----------------------------------------
| rollout/                |             |
|    ep_len_mean          | 60          |
|    ep_rew_mean          | 35.3        |
| time/                   |             |
|    fps                  | 89          |
|    iterations           | 15          |
|    time_elapsed         | 341         |
|    total_timesteps      | 30720       |
| train/                  |             |
|    approx_kl            | 0.006095361 |
|    clip_fraction        | 0.0362      |
|    clip_range           | 0.2         |
|    entropy_loss         | -0.906      |
|    explained_variance   | 0.117       |
|    learning_rate        | 0.0003      |
|    loss                 | 17.9        |
|    n_updates            | 140         |
|    policy_gradient_loss | -0.00451    |
|    value_loss           | 41.1        |
-----------------------------------------
------------------------------------------
| rollout/                |              |
|    ep_len_mean          | 60           |
|    ep_rew_mean          | 36.6         |
| time/                   |              |
|    fps                  | 89           |
|    iterations           | 16           |
|    time_elapsed         | 365          |
|    total_timesteps      | 32768        |
| train/                  |              |
|    approx_kl            | 0.0039987285 |
|    clip_fraction        | 0.0177       |
|    clip_range           | 0.2          |
|    entropy_loss         | -0.797       |
|    explained_variance   | 0.0978       |
|    learning_rate        | 0.0003       |
|    loss                 | 22.2         |
|    n_updates            | 150          |
|    policy_gradient_loss | -0.00448     |
|    value_loss           | 45.8         |
------------------------------------------
-----------------------------------------
| rollout/                |             |
|    ep_len_mean          | 60          |
|    ep_rew_mean          | 37.4        |
| time/                   |             |
|    fps                  | 89          |
|    iterations           | 17          |
|    time_elapsed         | 389         |
|    total_timesteps      | 34816       |
| train/                  |             |
|    approx_kl            | 0.005489718 |
|    clip_fraction        | 0.0315      |
|    clip_range           | 0.2         |
|    entropy_loss         | -0.777      |
|    explained_variance   | 0.126       |
|    learning_rate        | 0.0003      |
|    loss                 | 22.6        |
|    n_updates            | 160         |
|    policy_gradient_loss | -0.00514    |
|    value_loss           | 43.7        |
-----------------------------------------
------------------------------------------
| rollout/                |              |
|    ep_len_mean          | 60           |
|    ep_rew_mean          | 37.9         |
| time/                   |              |
|    fps                  | 89           |
|    iterations           | 18           |
|    time_elapsed         | 412          |
|    total_timesteps      | 36864        |
| train/                  |              |
|    approx_kl            | 0.0021011704 |
|    clip_fraction        | 0.00425      |
|    clip_range           | 0.2          |
|    entropy_loss         | -0.759       |
|    explained_variance   | 0.0631       |
|    learning_rate        | 0.0003       |
|    loss                 | 24.1         |
|    n_updates            | 170          |
|    policy_gradient_loss | -0.00187     |
|    value_loss           | 50           |
------------------------------------------
------------------------------------------
| rollout/                |              |
|    ep_len_mean          | 60           |
|    ep_rew_mean          | 37.7         |
| time/                   |              |
|    fps                  | 89           |
|    iterations           | 19           |
|    time_elapsed         | 436          |
|    total_timesteps      | 38912        |
| train/                  |              |
|    approx_kl            | 0.0045965016 |
|    clip_fraction        | 0.0167       |
|    clip_range           | 0.2          |
|    entropy_loss         | -0.703       |
|    explained_variance   | 0.0852       |
|    learning_rate        | 0.0003       |
|    loss                 | 19.4         |
|    n_updates            | 180          |
|    policy_gradient_loss | -0.00355     |
|    value_loss           | 46.7         |
------------------------------------------
------------------------------------------
| rollout/                |              |
|    ep_len_mean          | 60           |
|    ep_rew_mean          | 37.6         |
| time/                   |              |
|    fps                  | 89           |
|    iterations           | 20           |
|    time_elapsed         | 457          |
|    total_timesteps      | 40960        |
| train/                  |              |
|    approx_kl            | 0.0022458993 |
|    clip_fraction        | 0.0281       |
|    clip_range           | 0.2          |
|    entropy_loss         | -0.702       |
|    explained_variance   | 0.112        |
|    learning_rate        | 0.0003       |
|    loss                 | 27.3         |
|    n_updates            | 190          |
|    policy_gradient_loss | -0.00494     |
|    value_loss           | 49.8         |
------------------------------------------
-----------------------------------------
| rollout/                |             |
|    ep_len_mean          | 60          |
|    ep_rew_mean          | 38.4        |
| time/                   |             |
|    fps                  | 89          |
|    iterations           | 21          |
|    time_elapsed         | 478         |
|    total_timesteps      | 43008       |
| train/                  |             |
|    approx_kl            | 0.004130193 |
|    clip_fraction        | 0.0165      |
|    clip_range           | 0.2         |
|    entropy_loss         | -0.68       |
|    explained_variance   | 0.116       |
|    learning_rate        | 0.0003      |
|    loss                 | 22          |
|    n_updates            | 200         |
|    policy_gradient_loss | -0.00322    |
|    value_loss           | 47.4        |
-----------------------------------------
-----------------------------------------
| rollout/                |             |
|    ep_len_mean          | 60          |
|    ep_rew_mean          | 38.8        |
| time/                   |             |
|    fps                  | 90          |
|    iterations           | 22          |
|    time_elapsed         | 500         |
|    total_timesteps      | 45056       |
| train/                  |             |
|    approx_kl            | 0.003174767 |
|    clip_fraction        | 0.022       |
|    clip_range           | 0.2         |
|    entropy_loss         | -0.628      |
|    explained_variance   | 0.0802      |
|    learning_rate        | 0.0003      |
|    loss                 | 25.7        |
|    n_updates            | 210         |
|    policy_gradient_loss | -0.00276    |
|    value_loss           | 52.1        |
-----------------------------------------
------------------------------------------
| rollout/                |              |
|    ep_len_mean          | 60           |
|    ep_rew_mean          | 39.8         |
| time/                   |              |
|    fps                  | 90           |
|    iterations           | 23           |
|    time_elapsed         | 519          |
|    total_timesteps      | 47104        |
| train/                  |              |
|    approx_kl            | 0.0036193193 |
|    clip_fraction        | 0.0228       |
|    clip_range           | 0.2          |
|    entropy_loss         | -0.627       |
|    explained_variance   | 0.137        |
|    learning_rate        | 0.0003       |
|    loss                 | 21           |
|    n_updates            | 220          |
|    policy_gradient_loss | -0.00285     |
|    value_loss           | 49.1         |
------------------------------------------
------------------------------------------
| rollout/                |              |
|    ep_len_mean          | 60           |
|    ep_rew_mean          | 39.5         |
| time/                   |              |
|    fps                  | 90           |
|    iterations           | 24           |
|    time_elapsed         | 540          |
|    total_timesteps      | 49152        |
| train/                  |              |
|    approx_kl            | 0.0022096047 |
|    clip_fraction        | 0.025        |
|    clip_range           | 0.2          |
|    entropy_loss         | -0.575       |
|    explained_variance   | 0.0936       |
|    learning_rate        | 0.0003       |
|    loss                 | 33.5         |
|    n_updates            | 230          |
|    policy_gradient_loss | -0.00324     |
|    value_loss           | 56.9         |
------------------------------------------
-----------------------------------------
| rollout/                |             |
|    ep_len_mean          | 60          |
|    ep_rew_mean          | 40.3        |
| time/                   |             |
|    fps                  | 90          |
|    iterations           | 25          |
|    time_elapsed         | 564         |
|    total_timesteps      | 51200       |
| train/                  |             |
|    approx_kl            | 0.004608864 |
|    clip_fraction        | 0.0277      |
|    clip_range           | 0.2         |
|    entropy_loss         | -0.544      |
|    explained_variance   | 0.0419      |
|    learning_rate        | 0.0003      |
|    loss                 | 27          |
|    n_updates            | 240         |
|    policy_gradient_loss | -0.00334    |
|    value_loss           | 53.6        |
-----------------------------------------
------------------------------------------
| rollout/                |              |
|    ep_len_mean          | 60           |
|    ep_rew_mean          | 40.6         |
| time/                   |              |
|    fps                  | 90           |
|    iterations           | 26           |
|    time_elapsed         | 586          |
|    total_timesteps      | 53248        |
| train/                  |              |
|    approx_kl            | 0.0028304826 |
|    clip_fraction        | 0.0208       |
|    clip_range           | 0.2          |
|    entropy_loss         | -0.474       |
|    explained_variance   | 0.0883       |
|    learning_rate        | 0.0003       |
|    loss                 | 25.4         |
|    n_updates            | 250          |
|    policy_gradient_loss | -0.00249     |
|    value_loss           | 56           |
------------------------------------------
-----------------------------------------
| rollout/                |             |
|    ep_len_mean          | 60          |
|    ep_rew_mean          | 41.1        |
| time/                   |             |
|    fps                  | 90          |
|    iterations           | 27          |
|    time_elapsed         | 609         |
|    total_timesteps      | 55296       |
| train/                  |             |
|    approx_kl            | 0.002094178 |
|    clip_fraction        | 0.0228      |
|    clip_range           | 0.2         |
|    entropy_loss         | -0.486      |
|    explained_variance   | 0.136       |
|    learning_rate        | 0.0003      |
|    loss                 | 22.1        |
|    n_updates            | 260         |
|    policy_gradient_loss | -0.00423    |
|    value_loss           | 51.8        |
-----------------------------------------
------------------------------------------
| rollout/                |              |
|    ep_len_mean          | 60           |
|    ep_rew_mean          | 41.1         |
| time/                   |              |
|    fps                  | 90           |
|    iterations           | 28           |
|    time_elapsed         | 636          |
|    total_timesteps      | 57344        |
| train/                  |              |
|    approx_kl            | 0.0016049361 |
|    clip_fraction        | 0.013        |
|    clip_range           | 0.2          |
|    entropy_loss         | -0.458       |
|    explained_variance   | 0.0962       |
|    learning_rate        | 0.0003       |
|    loss                 | 25.6         |
|    n_updates            | 270          |
|    policy_gradient_loss | -0.00182     |
|    value_loss           | 59           |
------------------------------------------
------------------------------------------
| rollout/                |              |
|    ep_len_mean          | 60           |
|    ep_rew_mean          | 41           |
| time/                   |              |
|    fps                  | 90           |
|    iterations           | 29           |
|    time_elapsed         | 658          |
|    total_timesteps      | 59392        |
| train/                  |              |
|    approx_kl            | 0.0015275775 |
|    clip_fraction        | 0.0156       |
|    clip_range           | 0.2          |
|    entropy_loss         | -0.447       |
|    explained_variance   | 0.16         |
|    learning_rate        | 0.0003       |
|    loss                 | 24.9         |
|    n_updates            | 280          |
|    policy_gradient_loss | -0.00191     |
|    value_loss           | 52           |
------------------------------------------
------------------------------------------
| rollout/                |              |
|    ep_len_mean          | 60           |
|    ep_rew_mean          | 41.4         |
| time/                   |              |
|    fps                  | 90           |
|    iterations           | 30           |
|    time_elapsed         | 679          |
|    total_timesteps      | 61440        |
| train/                  |              |
|    approx_kl            | 0.0018533256 |
|    clip_fraction        | 0.0115       |
|    clip_range           | 0.2          |
|    entropy_loss         | -0.414       |
|    explained_variance   | 0.126        |
|    learning_rate        | 0.0003       |
|    loss                 | 29.3         |
|    n_updates            | 290          |
|    policy_gradient_loss | -0.00195     |
|    value_loss           | 57.3         |
------------------------------------------
------------------------------------------
| rollout/                |              |
|    ep_len_mean          | 60           |
|    ep_rew_mean          | 41.4         |
| time/                   |              |
|    fps                  | 90           |
|    iterations           | 31           |
|    time_elapsed         | 701          |
|    total_timesteps      | 63488        |
| train/                  |              |
|    approx_kl            | 0.0011043947 |
|    clip_fraction        | 0.00518      |
|    clip_range           | 0.2          |
|    entropy_loss         | -0.41        |
|    explained_variance   | 0.139        |
|    learning_rate        | 0.0003       |
|    loss                 | 29.8         |
|    n_updates            | 300          |
|    policy_gradient_loss | -0.00129     |
|    value_loss           | 58.9         |
------------------------------------------
------------------------------------------
| rollout/                |              |
|    ep_len_mean          | 60           |
|    ep_rew_mean          | 41.7         |
| time/                   |              |
|    fps                  | 90           |
|    iterations           | 32           |
|    time_elapsed         | 723          |
|    total_timesteps      | 65536        |
| train/                  |              |
|    approx_kl            | 0.0012689349 |
|    clip_fraction        | 0.00337      |
|    clip_range           | 0.2          |
|    entropy_loss         | -0.416       |
|    explained_variance   | 0.178        |
|    learning_rate        | 0.0003       |
|    loss                 | 26.8         |
|    n_updates            | 310          |
|    policy_gradient_loss | -0.00151     |
|    value_loss           | 52.4         |
------------------------------------------
------------------------------------------
| rollout/                |              |
|    ep_len_mean          | 60           |
|    ep_rew_mean          | 41.4         |
| time/                   |              |
|    fps                  | 90           |
|    iterations           | 33           |
|    time_elapsed         | 744          |
|    total_timesteps      | 67584        |
| train/                  |              |
|    approx_kl            | 0.0016165758 |
|    clip_fraction        | 0.0104       |
|    clip_range           | 0.2          |
|    entropy_loss         | -0.391       |
|    explained_variance   | 0.0618       |
|    learning_rate        | 0.0003       |
|    loss                 | 30.7         |
|    n_updates            | 320          |
|    policy_gradient_loss | -0.00194     |
|    value_loss           | 61.5         |
------------------------------------------
------------------------------------------
| rollout/                |              |
|    ep_len_mean          | 60           |
|    ep_rew_mean          | 41.8         |
| time/                   |              |
|    fps                  | 90           |
|    iterations           | 34           |
|    time_elapsed         | 765          |
|    total_timesteps      | 69632        |
| train/                  |              |
|    approx_kl            | 0.0023399089 |
|    clip_fraction        | 0.0251       |
|    clip_range           | 0.2          |
|    entropy_loss         | -0.382       |
|    explained_variance   | 0.129        |
|    learning_rate        | 0.0003       |
|    loss                 | 25.1         |
|    n_updates            | 330          |
|    policy_gradient_loss | -0.00274     |
|    value_loss           | 53.7         |
------------------------------------------
------------------------------------------
| rollout/                |              |
|    ep_len_mean          | 60           |
|    ep_rew_mean          | 41.9         |
| time/                   |              |
|    fps                  | 90           |
|    iterations           | 35           |
|    time_elapsed         | 788          |
|    total_timesteps      | 71680        |
| train/                  |              |
|    approx_kl            | 0.0014319008 |
|    clip_fraction        | 0.0101       |
|    clip_range           | 0.2          |
|    entropy_loss         | -0.357       |
|    explained_variance   | 0.149        |
|    learning_rate        | 0.0003       |
|    loss                 | 29           |
|    n_updates            | 340          |
|    policy_gradient_loss | -0.00184     |
|    value_loss           | 59.3         |
------------------------------------------
------------------------------------------
| rollout/                |              |
|    ep_len_mean          | 60           |
|    ep_rew_mean          | 42.3         |
| time/                   |              |
|    fps                  | 90           |
|    iterations           | 36           |
|    time_elapsed         | 810          |
|    total_timesteps      | 73728        |
| train/                  |              |
|    approx_kl            | 0.0013250923 |
|    clip_fraction        | 0.00664      |
|    clip_range           | 0.2          |
|    entropy_loss         | -0.348       |
|    explained_variance   | 0.0957       |
|    learning_rate        | 0.0003       |
|    loss                 | 28.1         |
|    n_updates            | 350          |
|    policy_gradient_loss | -0.00213     |
|    value_loss           | 58.4         |
------------------------------------------
------------------------------------------
| rollout/                |              |
|    ep_len_mean          | 60           |
|    ep_rew_mean          | 42.2         |
| time/                   |              |
|    fps                  | 90           |
|    iterations           | 37           |
|    time_elapsed         | 834          |
|    total_timesteps      | 75776        |
| train/                  |              |
|    approx_kl            | 0.0012747487 |
|    clip_fraction        | 0.00654      |
|    clip_range           | 0.2          |
|    entropy_loss         | -0.322       |
|    explained_variance   | 0.112        |
|    learning_rate        | 0.0003       |
|    loss                 | 26.3         |
|    n_updates            | 360          |
|    policy_gradient_loss | -0.00141     |
|    value_loss           | 60.6         |
------------------------------------------
------------------------------------------
| rollout/                |              |
|    ep_len_mean          | 60           |
|    ep_rew_mean          | 42.1         |
| time/                   |              |
|    fps                  | 90           |
|    iterations           | 38           |
|    time_elapsed         | 860          |
|    total_timesteps      | 77824        |
| train/                  |              |
|    approx_kl            | 0.0020701017 |
|    clip_fraction        | 0.011        |
|    clip_range           | 0.2          |
|    entropy_loss         | -0.311       |
|    explained_variance   | 0.0725       |
|    learning_rate        | 0.0003       |
|    loss                 | 27.4         |
|    n_updates            | 370          |
|    policy_gradient_loss | -0.00177     |
|    value_loss           | 57.1         |
------------------------------------------
------------------------------------------
| rollout/                |              |
|    ep_len_mean          | 60           |
|    ep_rew_mean          | 42.2         |
| time/                   |              |
|    fps                  | 89           |
|    iterations           | 39           |
|    time_elapsed         | 889          |
|    total_timesteps      | 79872        |
| train/                  |              |
|    approx_kl            | 0.0016236033 |
|    clip_fraction        | 0.0165       |
|    clip_range           | 0.2          |
|    entropy_loss         | -0.295       |
|    explained_variance   | 0.106        |
|    learning_rate        | 0.0003       |
|    loss                 | 25.8         |
|    n_updates            | 380          |
|    policy_gradient_loss | -0.00247     |
|    value_loss           | 62.1         |
------------------------------------------
------------------------------------------
| rollout/                |              |
|    ep_len_mean          | 60           |
|    ep_rew_mean          | 42.6         |
| time/                   |              |
|    fps                  | 88           |
|    iterations           | 40           |
|    time_elapsed         | 922          |
|    total_timesteps      | 81920        |
| train/                  |              |
|    approx_kl            | 0.0011426775 |
|    clip_fraction        | 0.00493      |
|    clip_range           | 0.2          |
|    entropy_loss         | -0.275       |
|    explained_variance   | 0.111        |
|    learning_rate        | 0.0003       |
|    loss                 | 24.5         |
|    n_updates            | 390          |
|    policy_gradient_loss | -0.0014      |
|    value_loss           | 57.4         |
------------------------------------------
------------------------------------------
| rollout/                |              |
|    ep_len_mean          | 60           |
|    ep_rew_mean          | 42.4         |
| time/                   |              |
|    fps                  | 87           |
|    iterations           | 41           |
|    time_elapsed         | 956          |
|    total_timesteps      | 83968        |
| train/                  |              |
|    approx_kl            | 0.0010597979 |
|    clip_fraction        | 0.017        |
|    clip_range           | 0.2          |
|    entropy_loss         | -0.294       |
|    explained_variance   | 0.095        |
|    learning_rate        | 0.0003       |
|    loss                 | 29.4         |
|    n_updates            | 400          |
|    policy_gradient_loss | -0.00221     |
|    value_loss           | 61.6         |
------------------------------------------
------------------------------------------
| rollout/                |              |
|    ep_len_mean          | 60           |
|    ep_rew_mean          | 42.6         |
| time/                   |              |
|    fps                  | 88           |
|    iterations           | 42           |
|    time_elapsed         | 977          |
|    total_timesteps      | 86016        |
| train/                  |              |
|    approx_kl            | 0.0018676743 |
|    clip_fraction        | 0.027        |
|    clip_range           | 0.2          |
|    entropy_loss         | -0.33        |
|    explained_variance   | 0.123        |
|    learning_rate        | 0.0003       |
|    loss                 | 22.1         |
|    n_updates            | 410          |
|    policy_gradient_loss | -0.00295     |
|    value_loss           | 56.1         |
------------------------------------------
------------------------------------------
| rollout/                |              |
|    ep_len_mean          | 60           |
|    ep_rew_mean          | 42.7         |
| time/                   |              |
|    fps                  | 87           |
|    iterations           | 43           |
|    time_elapsed         | 1004         |
|    total_timesteps      | 88064        |
| train/                  |              |
|    approx_kl            | 0.0007450691 |
|    clip_fraction        | 0.00591      |
|    clip_range           | 0.2          |
|    entropy_loss         | -0.281       |
|    explained_variance   | 0.132        |
|    learning_rate        | 0.0003       |
|    loss                 | 30.1         |
|    n_updates            | 420          |
|    policy_gradient_loss | -0.00121     |
|    value_loss           | 61           |
------------------------------------------
------------------------------------------
| rollout/                |              |
|    ep_len_mean          | 60           |
|    ep_rew_mean          | 43.3         |
| time/                   |              |
|    fps                  | 87           |
|    iterations           | 44           |
|    time_elapsed         | 1031         |
|    total_timesteps      | 90112        |
| train/                  |              |
|    approx_kl            | 0.0011166437 |
|    clip_fraction        | 0.015        |
|    clip_range           | 0.2          |
|    entropy_loss         | -0.29        |
|    explained_variance   | 0.0681       |
|    learning_rate        | 0.0003       |
|    loss                 | 30.9         |
|    n_updates            | 430          |
|    policy_gradient_loss | -0.00124     |
|    value_loss           | 61.1         |
------------------------------------------
-------------------------------------------
| rollout/                |               |
|    ep_len_mean          | 60            |
|    ep_rew_mean          | 43.4          |
| time/                   |               |
|    fps                  | 86            |
|    iterations           | 45            |
|    time_elapsed         | 1061          |
|    total_timesteps      | 92160         |
| train/                  |               |
|    approx_kl            | 0.00095926493 |
|    clip_fraction        | 0.00459       |
|    clip_range           | 0.2           |
|    entropy_loss         | -0.269        |
|    explained_variance   | 0.142         |
|    learning_rate        | 0.0003        |
|    loss                 | 30.8          |
|    n_updates            | 440           |
|    policy_gradient_loss | -0.00131      |
|    value_loss           | 62.1          |
-------------------------------------------
------------------------------------------
| rollout/                |              |
|    ep_len_mean          | 60           |
|    ep_rew_mean          | 43.2         |
| time/                   |              |
|    fps                  | 86           |
|    iterations           | 46           |
|    time_elapsed         | 1086         |
|    total_timesteps      | 94208        |
| train/                  |              |
|    approx_kl            | 0.0016443575 |
|    clip_fraction        | 0.00552      |
|    clip_range           | 0.2          |
|    entropy_loss         | -0.285       |
|    explained_variance   | 0.117        |
|    learning_rate        | 0.0003       |
|    loss                 | 28.2         |
|    n_updates            | 450          |
|    policy_gradient_loss | -0.00207     |
|    value_loss           | 64           |
------------------------------------------
------------------------------------------
| rollout/                |              |
|    ep_len_mean          | 60           |
|    ep_rew_mean          | 43.2         |
| time/                   |              |
|    fps                  | 86           |
|    iterations           | 47           |
|    time_elapsed         | 1109         |
|    total_timesteps      | 96256        |
| train/                  |              |
|    approx_kl            | 0.0015434758 |
|    clip_fraction        | 0.0112       |
|    clip_range           | 0.2          |
|    entropy_loss         | -0.254       |
|    explained_variance   | 0.101        |
|    learning_rate        | 0.0003       |
|    loss                 | 31.9         |
|    n_updates            | 460          |
|    policy_gradient_loss | -0.00193     |
|    value_loss           | 60.4         |
------------------------------------------
------------------------------------------
| rollout/                |              |
|    ep_len_mean          | 60           |
|    ep_rew_mean          | 43           |
| time/                   |              |
|    fps                  | 86           |
|    iterations           | 48           |
|    time_elapsed         | 1132         |
|    total_timesteps      | 98304        |
| train/                  |              |
|    approx_kl            | 0.0012115794 |
|    clip_fraction        | 0.00806      |
|    clip_range           | 0.2          |
|    entropy_loss         | -0.241       |
|    explained_variance   | 0.122        |
|    learning_rate        | 0.0003       |
|    loss                 | 33.9         |
|    n_updates            | 470          |
|    policy_gradient_loss | -0.00206     |
|    value_loss           | 64           |
------------------------------------------
------------------------------------------
| rollout/                |              |
|    ep_len_mean          | 60           |
|    ep_rew_mean          | 43.3         |
| time/                   |              |
|    fps                  | 86           |
|    iterations           | 49           |
|    time_elapsed         | 1153         |
|    total_timesteps      | 100352       |
| train/                  |              |
|    approx_kl            | 0.0008946939 |
|    clip_fraction        | 0.00718      |
|    clip_range           | 0.2          |
|    entropy_loss         | -0.228       |
|    explained_variance   | 0.162        |
|    learning_rate        | 0.0003       |
|    loss                 | 30.1         |
|    n_updates            | 480          |
|    policy_gradient_loss | -0.0014      |
|    value_loss           | 56.4         |
------------------------------------------
  saved model: D:\Projects\TN+NTN\drl\models\ppo_seed0.zip
  evaluating ppo seed=0 (200 episodes)...
    ppo seed=0 eval: 20/200 episodes
    ppo seed=0 eval: 40/200 episodes
    ppo seed=0 eval: 60/200 episodes
    ppo seed=0 eval: 80/200 episodes
    ppo seed=0 eval: 100/200 episodes
    ppo seed=0 eval: 120/200 episodes
    ppo seed=0 eval: 140/200 episodes
    ppo seed=0 eval: 160/200 episodes
    ppo seed=0 eval: 180/200 episodes
    ppo seed=0 eval: 200/200 episodes
  training ppo seed=1 ...
Using cpu device
---------------------------------
| rollout/           |          |
|    ep_len_mean     | 60       |
|    ep_rew_mean     | 1.5      |
| time/              |          |
|    fps             | 93       |
|    iterations      | 1        |
|    time_elapsed    | 21       |
|    total_timesteps | 2048     |
---------------------------------
---------------------------------------
| rollout/                |           |
|    ep_len_mean          | 60        |
|    ep_rew_mean          | 4.16      |
| time/                   |           |
|    fps                  | 94        |
|    iterations           | 2         |
|    time_elapsed         | 43        |
|    total_timesteps      | 4096      |
| train/                  |           |
|    approx_kl            | 0.0162163 |
|    clip_fraction        | 0.175     |
|    clip_range           | 0.2       |
|    entropy_loss         | -1.6      |
|    explained_variance   | -0.0174   |
|    learning_rate        | 0.0003    |
|    loss                 | 3.07      |
|    n_updates            | 10        |
|    policy_gradient_loss | -0.0228   |
|    value_loss           | 7.07      |
---------------------------------------
----------------------------------------
| rollout/                |            |
|    ep_len_mean          | 60         |
|    ep_rew_mean          | 5.81       |
| time/                   |            |
|    fps                  | 92         |
|    iterations           | 3          |
|    time_elapsed         | 66         |
|    total_timesteps      | 6144       |
| train/                  |            |
|    approx_kl            | 0.01276047 |
|    clip_fraction        | 0.106      |
|    clip_range           | 0.2        |
|    entropy_loss         | -1.58      |
|    explained_variance   | 0.144      |
|    learning_rate        | 0.0003     |
|    loss                 | 3.05       |
|    n_updates            | 20         |
|    policy_gradient_loss | -0.0164    |
|    value_loss           | 6.85       |
----------------------------------------
-----------------------------------------
| rollout/                |             |
|    ep_len_mean          | 60          |
|    ep_rew_mean          | 10.8        |
| time/                   |             |
|    fps                  | 89          |
|    iterations           | 4           |
|    time_elapsed         | 91          |
|    total_timesteps      | 8192        |
| train/                  |             |
|    approx_kl            | 0.016032534 |
|    clip_fraction        | 0.123       |
|    clip_range           | 0.2         |
|    entropy_loss         | -1.53       |
|    explained_variance   | 0.132       |
|    learning_rate        | 0.0003      |
|    loss                 | 3.72        |
|    n_updates            | 30          |
|    policy_gradient_loss | -0.0176     |
|    value_loss           | 8.01        |
-----------------------------------------
-----------------------------------------
| rollout/                |             |
|    ep_len_mean          | 60          |
|    ep_rew_mean          | 15          |
| time/                   |             |
|    fps                  | 87          |
|    iterations           | 5           |
|    time_elapsed         | 116         |
|    total_timesteps      | 10240       |
| train/                  |             |
|    approx_kl            | 0.011041433 |
|    clip_fraction        | 0.0361      |
|    clip_range           | 0.2         |
|    entropy_loss         | -1.48       |
|    explained_variance   | 0.124       |
|    learning_rate        | 0.0003      |
|    loss                 | 5.29        |
|    n_updates            | 40          |
|    policy_gradient_loss | -0.00853    |
|    value_loss           | 12.5        |
-----------------------------------------
-----------------------------------------
| rollout/                |             |
|    ep_len_mean          | 60          |
|    ep_rew_mean          | 20.9        |
| time/                   |             |
|    fps                  | 86          |
|    iterations           | 6           |
|    time_elapsed         | 142         |
|    total_timesteps      | 12288       |
| train/                  |             |
|    approx_kl            | 0.008332182 |
|    clip_fraction        | 0.0213      |
|    clip_range           | 0.2         |
|    entropy_loss         | -1.41       |
|    explained_variance   | 0.0562      |
|    learning_rate        | 0.0003      |
|    loss                 | 7.31        |
|    n_updates            | 50          |
|    policy_gradient_loss | -0.00696    |
|    value_loss           | 16          |
-----------------------------------------
------------------------------------------
| rollout/                |              |
|    ep_len_mean          | 60           |
|    ep_rew_mean          | 23.2         |
| time/                   |              |
|    fps                  | 86           |
|    iterations           | 7            |
|    time_elapsed         | 166          |
|    total_timesteps      | 14336        |
| train/                  |              |
|    approx_kl            | 0.0033502118 |
|    clip_fraction        | 0.00137      |
|    clip_range           | 0.2          |
|    entropy_loss         | -1.37        |
|    explained_variance   | 0.0706       |
|    learning_rate        | 0.0003       |
|    loss                 | 10.3         |
|    n_updates            | 60           |
|    policy_gradient_loss | -0.00253     |
|    value_loss           | 19.8         |
------------------------------------------
-----------------------------------------
| rollout/                |             |
|    ep_len_mean          | 60          |
|    ep_rew_mean          | 25.4        |
| time/                   |             |
|    fps                  | 86          |
|    iterations           | 8           |
|    time_elapsed         | 190         |
|    total_timesteps      | 16384       |
| train/                  |             |
|    approx_kl            | 0.010859501 |
|    clip_fraction        | 0.0357      |
|    clip_range           | 0.2         |
|    entropy_loss         | -1.31       |
|    explained_variance   | 0.0413      |
|    learning_rate        | 0.0003      |
|    loss                 | 10.7        |
|    n_updates            | 70          |
|    policy_gradient_loss | -0.00659    |
|    value_loss           | 21.6        |
-----------------------------------------
------------------------------------------
| rollout/                |              |
|    ep_len_mean          | 60           |
|    ep_rew_mean          | 26.7         |
| time/                   |              |
|    fps                  | 85           |
|    iterations           | 9            |
|    time_elapsed         | 215          |
|    total_timesteps      | 18432        |
| train/                  |              |
|    approx_kl            | 0.0074439794 |
|    clip_fraction        | 0.0238       |
|    clip_range           | 0.2          |
|    entropy_loss         | -1.25        |
|    explained_variance   | 0.0533       |
|    learning_rate        | 0.0003       |
|    loss                 | 12.4         |
|    n_updates            | 80           |
|    policy_gradient_loss | -0.0052      |
|    value_loss           | 25.2         |
------------------------------------------
-----------------------------------------
| rollout/                |             |
|    ep_len_mean          | 60          |
|    ep_rew_mean          | 29.2        |
| time/                   |             |
|    fps                  | 85          |
|    iterations           | 10          |
|    time_elapsed         | 239         |
|    total_timesteps      | 20480       |
| train/                  |             |
|    approx_kl            | 0.009924491 |
|    clip_fraction        | 0.025       |
|    clip_range           | 0.2         |
|    entropy_loss         | -1.16       |
|    explained_variance   | 0.0738      |
|    learning_rate        | 0.0003      |
|    loss                 | 12.6        |
|    n_updates            | 90          |
|    policy_gradient_loss | -0.00584    |
|    value_loss           | 28.3        |
-----------------------------------------
------------------------------------------
| rollout/                |              |
|    ep_len_mean          | 60           |
|    ep_rew_mean          | 31.3         |
| time/                   |              |
|    fps                  | 85           |
|    iterations           | 11           |
|    time_elapsed         | 264          |
|    total_timesteps      | 22528        |
| train/                  |              |
|    approx_kl            | 0.0067606196 |
|    clip_fraction        | 0.0199       |
|    clip_range           | 0.2          |
|    entropy_loss         | -1.08        |
|    explained_variance   | 0.102        |
|    learning_rate        | 0.0003       |
|    loss                 | 15.7         |
|    n_updates            | 100          |
|    policy_gradient_loss | -0.00408     |
|    value_loss           | 32.1         |
------------------------------------------
------------------------------------------
| rollout/                |              |
|    ep_len_mean          | 60           |
|    ep_rew_mean          | 33           |
| time/                   |              |
|    fps                  | 84           |
|    iterations           | 12           |
|    time_elapsed         | 291          |
|    total_timesteps      | 24576        |
| train/                  |              |
|    approx_kl            | 0.0057462836 |
|    clip_fraction        | 0.0237       |
|    clip_range           | 0.2          |
|    entropy_loss         | -1.06        |
|    explained_variance   | 0.063        |
|    learning_rate        | 0.0003       |
|    loss                 | 15.7         |
|    n_updates            | 110          |
|    policy_gradient_loss | -0.005       |
|    value_loss           | 35.1         |
------------------------------------------
-----------------------------------------
| rollout/                |             |
|    ep_len_mean          | 60          |
|    ep_rew_mean          | 33.9        |
| time/                   |             |
|    fps                  | 84          |
|    iterations           | 13          |
|    time_elapsed         | 316         |
|    total_timesteps      | 26624       |
| train/                  |             |
|    approx_kl            | 0.008055487 |
|    clip_fraction        | 0.0584      |
|    clip_range           | 0.2         |
|    entropy_loss         | -1.01       |
|    explained_variance   | 0.0821      |
|    learning_rate        | 0.0003      |
|    loss                 | 18.3        |
|    n_updates            | 120         |
|    policy_gradient_loss | -0.00629    |
|    value_loss           | 39.9        |
-----------------------------------------
------------------------------------------
| rollout/                |              |
|    ep_len_mean          | 60           |
|    ep_rew_mean          | 34.5         |
| time/                   |              |
|    fps                  | 83           |
|    iterations           | 14           |
|    time_elapsed         | 342          |
|    total_timesteps      | 28672        |
| train/                  |              |
|    approx_kl            | 0.0031493027 |
|    clip_fraction        | 0.0109       |
|    clip_range           | 0.2          |
|    entropy_loss         | -1.01        |
|    explained_variance   | 0.0375       |
|    learning_rate        | 0.0003       |
|    loss                 | 17.6         |
|    n_updates            | 130          |
|    policy_gradient_loss | -0.00273     |
|    value_loss           | 37.9         |
------------------------------------------
------------------------------------------
| rollout/                |              |
|    ep_len_mean          | 60           |
|    ep_rew_mean          | 34.6         |
| time/                   |              |
|    fps                  | 83           |
|    iterations           | 15           |
|    time_elapsed         | 368          |
|    total_timesteps      | 30720        |
| train/                  |              |
|    approx_kl            | 0.0075632054 |
|    clip_fraction        | 0.031        |
|    clip_range           | 0.2          |
|    entropy_loss         | -0.974       |
|    explained_variance   | 0.108        |
|    learning_rate        | 0.0003       |
|    loss                 | 22.6         |
|    n_updates            | 140          |
|    policy_gradient_loss | -0.00527     |
|    value_loss           | 41.8         |
------------------------------------------
------------------------------------------
| rollout/                |              |
|    ep_len_mean          | 60           |
|    ep_rew_mean          | 34.9         |
| time/                   |              |
|    fps                  | 83           |
|    iterations           | 16           |
|    time_elapsed         | 393          |
|    total_timesteps      | 32768        |
| train/                  |              |
|    approx_kl            | 0.0037609264 |
|    clip_fraction        | 0.0261       |
|    clip_range           | 0.2          |
|    entropy_loss         | -0.948       |
|    explained_variance   | 0.122        |
|    learning_rate        | 0.0003       |
|    loss                 | 23.4         |
|    n_updates            | 150          |
|    policy_gradient_loss | -0.00558     |
|    value_loss           | 45           |
------------------------------------------
-----------------------------------------
| rollout/                |             |
|    ep_len_mean          | 60          |
|    ep_rew_mean          | 35.7        |
| time/                   |             |
|    fps                  | 83          |
|    iterations           | 17          |
|    time_elapsed         | 419         |
|    total_timesteps      | 34816       |
| train/                  |             |
|    approx_kl            | 0.005094564 |
|    clip_fraction        | 0.0364      |
|    clip_range           | 0.2         |
|    entropy_loss         | -0.888      |
|    explained_variance   | 0.129       |
|    learning_rate        | 0.0003      |
|    loss                 | 21.3        |
|    n_updates            | 160         |
|    policy_gradient_loss | -0.00643    |
|    value_loss           | 43.7        |
-----------------------------------------
------------------------------------------
| rollout/                |              |
|    ep_len_mean          | 60           |
|    ep_rew_mean          | 35.9         |
| time/                   |              |
|    fps                  | 82           |
|    iterations           | 18           |
|    time_elapsed         | 446          |
|    total_timesteps      | 36864        |
| train/                  |              |
|    approx_kl            | 0.0062886635 |
|    clip_fraction        | 0.0491       |
|    clip_range           | 0.2          |
|    entropy_loss         | -0.87        |
|    explained_variance   | 0.0897       |
|    learning_rate        | 0.0003       |
|    loss                 | 20.9         |
|    n_updates            | 170          |
|    policy_gradient_loss | -0.00438     |
|    value_loss           | 46.4         |
------------------------------------------
------------------------------------------
| rollout/                |              |
|    ep_len_mean          | 60           |
|    ep_rew_mean          | 36.7         |
| time/                   |              |
|    fps                  | 82           |
|    iterations           | 19           |
|    time_elapsed         | 472          |
|    total_timesteps      | 38912        |
| train/                  |              |
|    approx_kl            | 0.0052372715 |
|    clip_fraction        | 0.0382       |
|    clip_range           | 0.2          |
|    entropy_loss         | -0.818       |
|    explained_variance   | 0.0519       |
|    learning_rate        | 0.0003       |
|    loss                 | 21.4         |
|    n_updates            | 180          |
|    policy_gradient_loss | -0.00469     |
|    value_loss           | 45           |
------------------------------------------
------------------------------------------
| rollout/                |              |
|    ep_len_mean          | 60           |
|    ep_rew_mean          | 37           |
| time/                   |              |
|    fps                  | 82           |
|    iterations           | 20           |
|    time_elapsed         | 499          |
|    total_timesteps      | 40960        |
| train/                  |              |
|    approx_kl            | 0.0031076968 |
|    clip_fraction        | 0.0109       |
|    clip_range           | 0.2          |
|    entropy_loss         | -0.791       |
|    explained_variance   | 0.0726       |
|    learning_rate        | 0.0003       |
|    loss                 | 27.1         |
|    n_updates            | 190          |
|    policy_gradient_loss | -0.00324     |
|    value_loss           | 48.9         |
------------------------------------------
------------------------------------------
| rollout/                |              |
|    ep_len_mean          | 60           |
|    ep_rew_mean          | 37.9         |
| time/                   |              |
|    fps                  | 81           |
|    iterations           | 21           |
|    time_elapsed         | 524          |
|    total_timesteps      | 43008        |
| train/                  |              |
|    approx_kl            | 0.0039228126 |
|    clip_fraction        | 0.048        |
|    clip_range           | 0.2          |
|    entropy_loss         | -0.787       |
|    explained_variance   | 0.0727       |
|    learning_rate        | 0.0003       |
|    loss                 | 21.8         |
|    n_updates            | 200          |
|    policy_gradient_loss | -0.006       |
|    value_loss           | 46.2         |
------------------------------------------
------------------------------------------
| rollout/                |              |
|    ep_len_mean          | 60           |
|    ep_rew_mean          | 38.2         |
| time/                   |              |
|    fps                  | 81           |
|    iterations           | 22           |
|    time_elapsed         | 550          |
|    total_timesteps      | 45056        |
| train/                  |              |
|    approx_kl            | 0.0019979563 |
|    clip_fraction        | 0.0146       |
|    clip_range           | 0.2          |
|    entropy_loss         | -0.771       |
|    explained_variance   | 0.107        |
|    learning_rate        | 0.0003       |
|    loss                 | 25.6         |
|    n_updates            | 210          |
|    policy_gradient_loss | -0.0028      |
|    value_loss           | 49.8         |
------------------------------------------
------------------------------------------
| rollout/                |              |
|    ep_len_mean          | 60           |
|    ep_rew_mean          | 38.6         |
| time/                   |              |
|    fps                  | 81           |
|    iterations           | 23           |
|    time_elapsed         | 576          |
|    total_timesteps      | 47104        |
| train/                  |              |
|    approx_kl            | 0.0055441856 |
|    clip_fraction        | 0.0549       |
|    clip_range           | 0.2          |
|    entropy_loss         | -0.687       |
|    explained_variance   | 0.114        |
|    learning_rate        | 0.0003       |
|    loss                 | 22.8         |
|    n_updates            | 220          |
|    policy_gradient_loss | -0.0052      |
|    value_loss           | 48.8         |
------------------------------------------
------------------------------------------
| rollout/                |              |
|    ep_len_mean          | 60           |
|    ep_rew_mean          | 39.1         |
| time/                   |              |
|    fps                  | 81           |
|    iterations           | 24           |
|    time_elapsed         | 602          |
|    total_timesteps      | 49152        |
| train/                  |              |
|    approx_kl            | 0.0049983533 |
|    clip_fraction        | 0.0382       |
|    clip_range           | 0.2          |
|    entropy_loss         | -0.651       |
|    explained_variance   | 0.114        |
|    learning_rate        | 0.0003       |
|    loss                 | 23.9         |
|    n_updates            | 230          |
|    policy_gradient_loss | -0.00432     |
|    value_loss           | 52.7         |
------------------------------------------
------------------------------------------
| rollout/                |              |
|    ep_len_mean          | 60           |
|    ep_rew_mean          | 39.4         |
| time/                   |              |
|    fps                  | 81           |
|    iterations           | 25           |
|    time_elapsed         | 628          |
|    total_timesteps      | 51200        |
| train/                  |              |
|    approx_kl            | 0.0035973247 |
|    clip_fraction        | 0.0377       |
|    clip_range           | 0.2          |
|    entropy_loss         | -0.657       |
|    explained_variance   | 0.0789       |
|    learning_rate        | 0.0003       |
|    loss                 | 24.5         |
|    n_updates            | 240          |
|    policy_gradient_loss | -0.00319     |
|    value_loss           | 50.8         |
------------------------------------------
-----------------------------------------
| rollout/                |             |
|    ep_len_mean          | 60          |
|    ep_rew_mean          | 39.6        |
| time/                   |             |
|    fps                  | 81          |
|    iterations           | 26          |
|    time_elapsed         | 651         |
|    total_timesteps      | 53248       |
| train/                  |             |
|    approx_kl            | 0.002660097 |
|    clip_fraction        | 0.0138      |
|    clip_range           | 0.2         |
|    entropy_loss         | -0.653      |
|    explained_variance   | 0.117       |
|    learning_rate        | 0.0003      |
|    loss                 | 26.9        |
|    n_updates            | 250         |
|    policy_gradient_loss | -0.00316    |
|    value_loss           | 54          |
-----------------------------------------
------------------------------------------
| rollout/                |              |
|    ep_len_mean          | 60           |
|    ep_rew_mean          | 39.8         |
| time/                   |              |
|    fps                  | 82           |
|    iterations           | 27           |
|    time_elapsed         | 674          |
|    total_timesteps      | 55296        |
| train/                  |              |
|    approx_kl            | 0.0034671333 |
|    clip_fraction        | 0.0175       |
|    clip_range           | 0.2          |
|    entropy_loss         | -0.576       |
|    explained_variance   | 0.144        |
|    learning_rate        | 0.0003       |
|    loss                 | 28.5         |
|    n_updates            | 260          |
|    policy_gradient_loss | -0.00325     |
|    value_loss           | 51.6         |
------------------------------------------
-----------------------------------------
| rollout/                |             |
|    ep_len_mean          | 60          |
|    ep_rew_mean          | 40.3        |
| time/                   |             |
|    fps                  | 82          |
|    iterations           | 28          |
|    time_elapsed         | 695         |
|    total_timesteps      | 57344       |
| train/                  |             |
|    approx_kl            | 0.001766166 |
|    clip_fraction        | 0.0147      |
|    clip_range           | 0.2         |
|    entropy_loss         | -0.575      |
|    explained_variance   | 0.0838      |
|    learning_rate        | 0.0003      |
|    loss                 | 30.9        |
|    n_updates            | 270         |
|    policy_gradient_loss | -0.00239    |
|    value_loss           | 58          |
-----------------------------------------
------------------------------------------
| rollout/                |              |
|    ep_len_mean          | 60           |
|    ep_rew_mean          | 40.5         |
| time/                   |              |
|    fps                  | 82           |
|    iterations           | 29           |
|    time_elapsed         | 716          |
|    total_timesteps      | 59392        |
| train/                  |              |
|    approx_kl            | 0.0020248275 |
|    clip_fraction        | 0.00811      |
|    clip_range           | 0.2          |
|    entropy_loss         | -0.577       |
|    explained_variance   | 0.141        |
|    learning_rate        | 0.0003       |
|    loss                 | 30.3         |
|    n_updates            | 280          |
|    policy_gradient_loss | -0.00254     |
|    value_loss           | 54.2         |
------------------------------------------
------------------------------------------
| rollout/                |              |
|    ep_len_mean          | 60           |
|    ep_rew_mean          | 40.7         |
| time/                   |              |
|    fps                  | 82           |
|    iterations           | 30           |
|    time_elapsed         | 741          |
|    total_timesteps      | 61440        |
| train/                  |              |
|    approx_kl            | 0.0020084018 |
|    clip_fraction        | 0.0105       |
|    clip_range           | 0.2          |
|    entropy_loss         | -0.593       |
|    explained_variance   | 0.142        |
|    learning_rate        | 0.0003       |
|    loss                 | 26.8         |
|    n_updates            | 290          |
|    policy_gradient_loss | -0.002       |
|    value_loss           | 55.1         |
------------------------------------------
-----------------------------------------
| rollout/                |             |
|    ep_len_mean          | 60          |
|    ep_rew_mean          | 40.7        |
| time/                   |             |
|    fps                  | 82          |
|    iterations           | 31          |
|    time_elapsed         | 765         |
|    total_timesteps      | 63488       |
| train/                  |             |
|    approx_kl            | 0.004244178 |
|    clip_fraction        | 0.0473      |
|    clip_range           | 0.2         |
|    entropy_loss         | -0.592      |
|    explained_variance   | 0.172       |
|    learning_rate        | 0.0003      |
|    loss                 | 30.1        |
|    n_updates            | 300         |
|    policy_gradient_loss | -0.00539    |
|    value_loss           | 57.3        |
-----------------------------------------
-----------------------------------------
| rollout/                |             |
|    ep_len_mean          | 60          |
|    ep_rew_mean          | 41.1        |
| time/                   |             |
|    fps                  | 82          |
|    iterations           | 32          |
|    time_elapsed         | 790         |
|    total_timesteps      | 65536       |
| train/                  |             |
|    approx_kl            | 0.003171997 |
|    clip_fraction        | 0.0305      |
|    clip_range           | 0.2         |
|    entropy_loss         | -0.596      |
|    explained_variance   | 0.229       |
|    learning_rate        | 0.0003      |
|    loss                 | 29.1        |
|    n_updates            | 310         |
|    policy_gradient_loss | -0.00291    |
|    value_loss           | 48.9        |
-----------------------------------------
-----------------------------------------
| rollout/                |             |
|    ep_len_mean          | 60          |
|    ep_rew_mean          | 41.2        |
| time/                   |             |
|    fps                  | 82          |
|    iterations           | 33          |
|    time_elapsed         | 815         |
|    total_timesteps      | 67584       |
| train/                  |             |
|    approx_kl            | 0.002606845 |
|    clip_fraction        | 0.00923     |
|    clip_range           | 0.2         |
|    entropy_loss         | -0.58       |
|    explained_variance   | 0.0699      |
|    learning_rate        | 0.0003      |
|    loss                 | 32.1        |
|    n_updates            | 320         |
|    policy_gradient_loss | -0.00205    |
|    value_loss           | 57.8        |
-----------------------------------------
------------------------------------------
| rollout/                |              |
|    ep_len_mean          | 60           |
|    ep_rew_mean          | 41.7         |
| time/                   |              |
|    fps                  | 82           |
|    iterations           | 34           |
|    time_elapsed         | 840          |
|    total_timesteps      | 69632        |
| train/                  |              |
|    approx_kl            | 0.0020160214 |
|    clip_fraction        | 0.00752      |
|    clip_range           | 0.2          |
|    entropy_loss         | -0.529       |
|    explained_variance   | 0.154        |
|    learning_rate        | 0.0003       |
|    loss                 | 28           |
|    n_updates            | 330          |
|    policy_gradient_loss | -0.00258     |
|    value_loss           | 51.6         |
------------------------------------------
------------------------------------------
| rollout/                |              |
|    ep_len_mean          | 60           |
|    ep_rew_mean          | 41.9         |
| time/                   |              |
|    fps                  | 82           |
|    iterations           | 35           |
|    time_elapsed         | 865          |
|    total_timesteps      | 71680        |
| train/                  |              |
|    approx_kl            | 0.0016514978 |
|    clip_fraction        | 0.0118       |
|    clip_range           | 0.2          |
|    entropy_loss         | -0.512       |
|    explained_variance   | 0.14         |
|    learning_rate        | 0.0003       |
|    loss                 | 31.3         |
|    n_updates            | 340          |
|    policy_gradient_loss | -0.00217     |
|    value_loss           | 59           |
------------------------------------------
------------------------------------------
| rollout/                |              |
|    ep_len_mean          | 60           |
|    ep_rew_mean          | 41.7         |
| time/                   |              |
|    fps                  | 82           |
|    iterations           | 36           |
|    time_elapsed         | 890          |
|    total_timesteps      | 73728        |
| train/                  |              |
|    approx_kl            | 0.0033098566 |
|    clip_fraction        | 0.0167       |
|    clip_range           | 0.2          |
|    entropy_loss         | -0.557       |
|    explained_variance   | 0.108        |
|    learning_rate        | 0.0003       |
|    loss                 | 26.8         |
|    n_updates            | 350          |
|    policy_gradient_loss | -0.00229     |
|    value_loss           | 55           |
------------------------------------------
------------------------------------------
| rollout/                |              |
|    ep_len_mean          | 60           |
|    ep_rew_mean          | 41.1         |
| time/                   |              |
|    fps                  | 82           |
|    iterations           | 37           |
|    time_elapsed         | 914          |
|    total_timesteps      | 75776        |
| train/                  |              |
|    approx_kl            | 0.0023503513 |
|    clip_fraction        | 0.0139       |
|    clip_range           | 0.2          |
|    entropy_loss         | -0.53        |
|    explained_variance   | 0.0862       |
|    learning_rate        | 0.0003       |
|    loss                 | 29.6         |
|    n_updates            | 360          |
|    policy_gradient_loss | -0.00295     |
|    value_loss           | 61.1         |
------------------------------------------
------------------------------------------
| rollout/                |              |
|    ep_len_mean          | 60           |
|    ep_rew_mean          | 41.4         |
| time/                   |              |
|    fps                  | 82           |
|    iterations           | 38           |
|    time_elapsed         | 939          |
|    total_timesteps      | 77824        |
| train/                  |              |
|    approx_kl            | 0.0027019228 |
|    clip_fraction        | 0.0255       |
|    clip_range           | 0.2          |
|    entropy_loss         | -0.538       |
|    explained_variance   | 0.0915       |
|    learning_rate        | 0.0003       |
|    loss                 | 24.9         |
|    n_updates            | 370          |
|    policy_gradient_loss | -0.00336     |
|    value_loss           | 55.5         |
------------------------------------------
------------------------------------------
| rollout/                |              |
|    ep_len_mean          | 60           |
|    ep_rew_mean          | 41.5         |
| time/                   |              |
|    fps                  | 82           |
|    iterations           | 39           |
|    time_elapsed         | 963          |
|    total_timesteps      | 79872        |
| train/                  |              |
|    approx_kl            | 0.0012234653 |
|    clip_fraction        | 0.00854      |
|    clip_range           | 0.2          |
|    entropy_loss         | -0.503       |
|    explained_variance   | 0.113        |
|    learning_rate        | 0.0003       |
|    loss                 | 28.1         |
|    n_updates            | 380          |
|    policy_gradient_loss | -0.00149     |
|    value_loss           | 60.3         |
------------------------------------------
-----------------------------------------
| rollout/                |             |
|    ep_len_mean          | 60          |
|    ep_rew_mean          | 42.1        |
| time/                   |             |
|    fps                  | 82          |
|    iterations           | 40          |
|    time_elapsed         | 988         |
|    total_timesteps      | 81920       |
| train/                  |             |
|    approx_kl            | 0.002184661 |
|    clip_fraction        | 0.0113      |
|    clip_range           | 0.2         |
|    entropy_loss         | -0.572      |
|    explained_variance   | 0.124       |
|    learning_rate        | 0.0003      |
|    loss                 | 27.4        |
|    n_updates            | 390         |
|    policy_gradient_loss | -0.00215    |
|    value_loss           | 55.4        |
-----------------------------------------
-----------------------------------------
| rollout/                |             |
|    ep_len_mean          | 60          |
|    ep_rew_mean          | 41.5        |
| time/                   |             |
|    fps                  | 82          |
|    iterations           | 41          |
|    time_elapsed         | 1012        |
|    total_timesteps      | 83968       |
| train/                  |             |
|    approx_kl            | 0.001229215 |
|    clip_fraction        | 0.0101      |
|    clip_range           | 0.2         |
|    entropy_loss         | -0.493      |
|    explained_variance   | 0.0915      |
|    learning_rate        | 0.0003      |
|    loss                 | 31.8        |
|    n_updates            | 400         |
|    policy_gradient_loss | -0.0018     |
|    value_loss           | 60.8        |
-----------------------------------------
------------------------------------------
| rollout/                |              |
|    ep_len_mean          | 60           |
|    ep_rew_mean          | 42           |
| time/                   |              |
|    fps                  | 82           |
|    iterations           | 42           |
|    time_elapsed         | 1037         |
|    total_timesteps      | 86016        |
| train/                  |              |
|    approx_kl            | 0.0013450987 |
|    clip_fraction        | 0.00317      |
|    clip_range           | 0.2          |
|    entropy_loss         | -0.536       |
|    explained_variance   | 0.13         |
|    learning_rate        | 0.0003       |
|    loss                 | 28           |
|    n_updates            | 410          |
|    policy_gradient_loss | -0.00119     |
|    value_loss           | 54.2         |
------------------------------------------
----------------------------------------
| rollout/                |            |
|    ep_len_mean          | 60         |
|    ep_rew_mean          | 41.8       |
| time/                   |            |
|    fps                  | 82         |
|    iterations           | 43         |
|    time_elapsed         | 1061       |
|    total_timesteps      | 88064      |
| train/                  |            |
|    approx_kl            | 0.00338145 |
|    clip_fraction        | 0.038      |
|    clip_range           | 0.2        |
|    entropy_loss         | -0.453     |
|    explained_variance   | 0.133      |
|    learning_rate        | 0.0003     |
|    loss                 | 29.2       |
|    n_updates            | 420        |
|    policy_gradient_loss | -0.00466   |
|    value_loss           | 62         |
----------------------------------------
-----------------------------------------
| rollout/                |             |
|    ep_len_mean          | 60          |
|    ep_rew_mean          | 42.4        |
| time/                   |             |
|    fps                  | 82          |
|    iterations           | 44          |
|    time_elapsed         | 1085        |
|    total_timesteps      | 90112       |
| train/                  |             |
|    approx_kl            | 0.002227737 |
|    clip_fraction        | 0.0188      |
|    clip_range           | 0.2         |
|    entropy_loss         | -0.445      |
|    explained_variance   | 0.089       |
|    learning_rate        | 0.0003      |
|    loss                 | 24.2        |
|    n_updates            | 430         |
|    policy_gradient_loss | -0.00333    |
|    value_loss           | 59.8        |
-----------------------------------------
------------------------------------------
| rollout/                |              |
|    ep_len_mean          | 60           |
|    ep_rew_mean          | 42.6         |
| time/                   |              |
|    fps                  | 83           |
|    iterations           | 45           |
|    time_elapsed         | 1110         |
|    total_timesteps      | 92160        |
| train/                  |              |
|    approx_kl            | 0.0030457904 |
|    clip_fraction        | 0.0243       |
|    clip_range           | 0.2          |
|    entropy_loss         | -0.402       |
|    explained_variance   | 0.151        |
|    learning_rate        | 0.0003       |
|    loss                 | 29.9         |
|    n_updates            | 440          |
|    policy_gradient_loss | -0.00321     |
|    value_loss           | 59.6         |
------------------------------------------
------------------------------------------
| rollout/                |              |
|    ep_len_mean          | 60           |
|    ep_rew_mean          | 43.1         |
| time/                   |              |
|    fps                  | 82           |
|    iterations           | 46           |
|    time_elapsed         | 1135         |
|    total_timesteps      | 94208        |
| train/                  |              |
|    approx_kl            | 0.0016872145 |
|    clip_fraction        | 0.0043       |
|    clip_range           | 0.2          |
|    entropy_loss         | -0.367       |
|    explained_variance   | 0.111        |
|    learning_rate        | 0.0003       |
|    loss                 | 30.9         |
|    n_updates            | 450          |
|    policy_gradient_loss | -0.00205     |
|    value_loss           | 62.8         |
------------------------------------------
-------------------------------------------
| rollout/                |               |
|    ep_len_mean          | 60            |
|    ep_rew_mean          | 43.8          |
| time/                   |               |
|    fps                  | 82            |
|    iterations           | 47            |
|    time_elapsed         | 1159          |
|    total_timesteps      | 96256         |
| train/                  |               |
|    approx_kl            | 0.00076014927 |
|    clip_fraction        | 0.00459       |
|    clip_range           | 0.2           |
|    entropy_loss         | -0.349        |
|    explained_variance   | 0.112         |
|    learning_rate        | 0.0003        |
|    loss                 | 27.4          |
|    n_updates            | 460           |
|    policy_gradient_loss | -0.00119      |
|    value_loss           | 59.6          |
-------------------------------------------
------------------------------------------
| rollout/                |              |
|    ep_len_mean          | 60           |
|    ep_rew_mean          | 43.8         |
| time/                   |              |
|    fps                  | 82           |
|    iterations           | 48           |
|    time_elapsed         | 1186         |
|    total_timesteps      | 98304        |
| train/                  |              |
|    approx_kl            | 0.0018385142 |
|    clip_fraction        | 0.0209       |
|    clip_range           | 0.2          |
|    entropy_loss         | -0.292       |
|    explained_variance   | 0.127        |
|    learning_rate        | 0.0003       |
|    loss                 | 32.1         |
|    n_updates            | 470          |
|    policy_gradient_loss | -0.00352     |
|    value_loss           | 64.3         |
------------------------------------------
------------------------------------------
| rollout/                |              |
|    ep_len_mean          | 60           |
|    ep_rew_mean          | 43.6         |
| time/                   |              |
|    fps                  | 82           |
|    iterations           | 49           |
|    time_elapsed         | 1212         |
|    total_timesteps      | 100352       |
| train/                  |              |
|    approx_kl            | 0.0012892769 |
|    clip_fraction        | 0.0127       |
|    clip_range           | 0.2          |
|    entropy_loss         | -0.296       |
|    explained_variance   | 0.139        |
|    learning_rate        | 0.0003       |
|    loss                 | 26           |
|    n_updates            | 480          |
|    policy_gradient_loss | -0.00235     |
|    value_loss           | 56.2         |
------------------------------------------
  saved model: D:\Projects\TN+NTN\drl\models\ppo_seed1.zip
  evaluating ppo seed=1 (200 episodes)...
    ppo seed=1 eval: 20/200 episodes
    ppo seed=1 eval: 40/200 episodes
    ppo seed=1 eval: 60/200 episodes
    ppo seed=1 eval: 80/200 episodes
    ppo seed=1 eval: 100/200 episodes
    ppo seed=1 eval: 120/200 episodes
    ppo seed=1 eval: 140/200 episodes
    ppo seed=1 eval: 160/200 episodes
    ppo seed=1 eval: 180/200 episodes
    ppo seed=1 eval: 200/200 episodes
  training ppo seed=2 ...
Using cpu device
---------------------------------
| rollout/           |          |
|    ep_len_mean     | 60       |
|    ep_rew_mean     | -0.142   |
| time/              |          |
|    fps             | 108      |
|    iterations      | 1        |
|    time_elapsed    | 18       |
|    total_timesteps | 2048     |
---------------------------------
-----------------------------------------
| rollout/                |             |
|    ep_len_mean          | 60          |
|    ep_rew_mean          | 3.13        |
| time/                   |             |
|    fps                  | 105         |
|    iterations           | 2           |
|    time_elapsed         | 38          |
|    total_timesteps      | 4096        |
| train/                  |             |
|    approx_kl            | 0.016385263 |
|    clip_fraction        | 0.173       |
|    clip_range           | 0.2         |
|    entropy_loss         | -1.6        |
|    explained_variance   | 0.0173      |
|    learning_rate        | 0.0003      |
|    loss                 | 3.44        |
|    n_updates            | 10          |
|    policy_gradient_loss | -0.0217     |
|    value_loss           | 6.93        |
-----------------------------------------
-----------------------------------------
| rollout/                |             |
|    ep_len_mean          | 60          |
|    ep_rew_mean          | 5.92        |
| time/                   |             |
|    fps                  | 103         |
|    iterations           | 3           |
|    time_elapsed         | 59          |
|    total_timesteps      | 6144        |
| train/                  |             |
|    approx_kl            | 0.012407359 |
|    clip_fraction        | 0.116       |
|    clip_range           | 0.2         |
|    entropy_loss         | -1.57       |
|    explained_variance   | 0.142       |
|    learning_rate        | 0.0003      |
|    loss                 | 3.28        |
|    n_updates            | 20          |
|    policy_gradient_loss | -0.0159     |
|    value_loss           | 7.36        |
-----------------------------------------
-----------------------------------------
| rollout/                |             |
|    ep_len_mean          | 60          |
|    ep_rew_mean          | 11.4        |
| time/                   |             |
|    fps                  | 97          |
|    iterations           | 4           |
|    time_elapsed         | 83          |
|    total_timesteps      | 8192        |
| train/                  |             |
|    approx_kl            | 0.014804283 |
|    clip_fraction        | 0.0775      |
|    clip_range           | 0.2         |
|    entropy_loss         | -1.54       |
|    explained_variance   | 0.149       |
|    learning_rate        | 0.0003      |
|    loss                 | 4.37        |
|    n_updates            | 30          |
|    policy_gradient_loss | -0.0128     |
|    value_loss           | 9.74        |
-----------------------------------------
-----------------------------------------
| rollout/                |             |
|    ep_len_mean          | 60          |
|    ep_rew_mean          | 16.3        |
| time/                   |             |
|    fps                  | 94          |
|    iterations           | 5           |
|    time_elapsed         | 108         |
|    total_timesteps      | 10240       |
| train/                  |             |
|    approx_kl            | 0.012691651 |
|    clip_fraction        | 0.0778      |
|    clip_range           | 0.2         |
|    entropy_loss         | -1.47       |
|    explained_variance   | 0.121       |
|    learning_rate        | 0.0003      |
|    loss                 | 5.55        |
|    n_updates            | 40          |
|    policy_gradient_loss | -0.0118     |
|    value_loss           | 12.3        |
-----------------------------------------
------------------------------------------
| rollout/                |              |
|    ep_len_mean          | 60           |
|    ep_rew_mean          | 20.7         |
| time/                   |              |
|    fps                  | 93           |
|    iterations           | 6            |
|    time_elapsed         | 131          |
|    total_timesteps      | 12288        |
| train/                  |              |
|    approx_kl            | 0.0035834366 |
|    clip_fraction        | 0.00103      |
|    clip_range           | 0.2          |
|    entropy_loss         | -1.44        |
|    explained_variance   | 0.0798       |
|    learning_rate        | 0.0003       |
|    loss                 | 6.54         |
|    n_updates            | 50           |
|    policy_gradient_loss | -0.00287     |
|    value_loss           | 15.7         |
------------------------------------------
-----------------------------------------
| rollout/                |             |
|    ep_len_mean          | 60          |
|    ep_rew_mean          | 22.9        |
| time/                   |             |
|    fps                  | 92          |
|    iterations           | 7           |
|    time_elapsed         | 154         |
|    total_timesteps      | 14336       |
| train/                  |             |
|    approx_kl            | 0.006618809 |
|    clip_fraction        | 0.0116      |
|    clip_range           | 0.2         |
|    entropy_loss         | -1.36       |
|    explained_variance   | 0.025       |
|    learning_rate        | 0.0003      |
|    loss                 | 9.3         |
|    n_updates            | 60          |
|    policy_gradient_loss | -0.00513    |
|    value_loss           | 19.5        |
-----------------------------------------
-----------------------------------------
| rollout/                |             |
|    ep_len_mean          | 60          |
|    ep_rew_mean          | 24.9        |
| time/                   |             |
|    fps                  | 92          |
|    iterations           | 8           |
|    time_elapsed         | 177         |
|    total_timesteps      | 16384       |
| train/                  |             |
|    approx_kl            | 0.011279272 |
|    clip_fraction        | 0.0554      |
|    clip_range           | 0.2         |
|    entropy_loss         | -1.3        |
|    explained_variance   | 0.0304      |
|    learning_rate        | 0.0003      |
|    loss                 | 11.9        |
|    n_updates            | 70          |
|    policy_gradient_loss | -0.00962    |
|    value_loss           | 23.1        |
-----------------------------------------
-----------------------------------------
| rollout/                |             |
|    ep_len_mean          | 60          |
|    ep_rew_mean          | 27.3        |
| time/                   |             |
|    fps                  | 91          |
|    iterations           | 9           |
|    time_elapsed         | 201         |
|    total_timesteps      | 18432       |
| train/                  |             |
|    approx_kl            | 0.011021217 |
|    clip_fraction        | 0.0452      |
|    clip_range           | 0.2         |
|    entropy_loss         | -1.24       |
|    explained_variance   | 0.0745      |
|    learning_rate        | 0.0003      |
|    loss                 | 12.7        |
|    n_updates            | 80          |
|    policy_gradient_loss | -0.00624    |
|    value_loss           | 26.3        |
-----------------------------------------
-----------------------------------------
| rollout/                |             |
|    ep_len_mean          | 60          |
|    ep_rew_mean          | 29.8        |
| time/                   |             |
|    fps                  | 88          |
|    iterations           | 10          |
|    time_elapsed         | 232         |
|    total_timesteps      | 20480       |
| train/                  |             |
|    approx_kl            | 0.009813669 |
|    clip_fraction        | 0.0289      |
|    clip_range           | 0.2         |
|    entropy_loss         | -1.13       |
|    explained_variance   | 0.0754      |
|    learning_rate        | 0.0003      |
|    loss                 | 14.6        |
|    n_updates            | 90          |
|    policy_gradient_loss | -0.00519    |
|    value_loss           | 28.7        |
-----------------------------------------
------------------------------------------
| rollout/                |              |
|    ep_len_mean          | 60           |
|    ep_rew_mean          | 32.1         |
| time/                   |              |
|    fps                  | 85           |
|    iterations           | 11           |
|    time_elapsed         | 264          |
|    total_timesteps      | 22528        |
| train/                  |              |
|    approx_kl            | 0.0063555487 |
|    clip_fraction        | 0.044        |
|    clip_range           | 0.2          |
|    entropy_loss         | -1           |
|    explained_variance   | 0.0945       |
|    learning_rate        | 0.0003       |
|    loss                 | 15.9         |
|    n_updates            | 100          |
|    policy_gradient_loss | -0.00636     |
|    value_loss           | 33.5         |
------------------------------------------
------------------------------------------
| rollout/                |              |
|    ep_len_mean          | 60           |
|    ep_rew_mean          | 33.9         |
| time/                   |              |
|    fps                  | 84           |
|    iterations           | 12           |
|    time_elapsed         | 291          |
|    total_timesteps      | 24576        |
| train/                  |              |
|    approx_kl            | 0.0055147503 |
|    clip_fraction        | 0.0416       |
|    clip_range           | 0.2          |
|    entropy_loss         | -0.978       |
|    explained_variance   | 0.0865       |
|    learning_rate        | 0.0003       |
|    loss                 | 18.2         |
|    n_updates            | 110          |
|    policy_gradient_loss | -0.005       |
|    value_loss           | 35.8         |
------------------------------------------
------------------------------------------
| rollout/                |              |
|    ep_len_mean          | 60           |
|    ep_rew_mean          | 35.5         |
| time/                   |              |
|    fps                  | 82           |
|    iterations           | 13           |
|    time_elapsed         | 321          |
|    total_timesteps      | 26624        |
| train/                  |              |
|    approx_kl            | 0.0055939807 |
|    clip_fraction        | 0.0459       |
|    clip_range           | 0.2          |
|    entropy_loss         | -0.91        |
|    explained_variance   | 0.09         |
|    learning_rate        | 0.0003       |
|    loss                 | 22.2         |
|    n_updates            | 120          |
|    policy_gradient_loss | -0.00643     |
|    value_loss           | 41.5         |
------------------------------------------
------------------------------------------
| rollout/                |              |
|    ep_len_mean          | 60           |
|    ep_rew_mean          | 36.8         |
| time/                   |              |
|    fps                  | 82           |
|    iterations           | 14           |
|    time_elapsed         | 348          |
|    total_timesteps      | 28672        |
| train/                  |              |
|    approx_kl            | 0.0040003047 |
|    clip_fraction        | 0.0162       |
|    clip_range           | 0.2          |
|    entropy_loss         | -0.827       |
|    explained_variance   | 0.0419       |
|    learning_rate        | 0.0003       |
|    loss                 | 21.9         |
|    n_updates            | 130          |
|    policy_gradient_loss | -0.00359     |
|    value_loss           | 42.5         |
------------------------------------------
-----------------------------------------
| rollout/                |             |
|    ep_len_mean          | 60          |
|    ep_rew_mean          | 37.8        |
| time/                   |             |
|    fps                  | 81          |
|    iterations           | 15          |
|    time_elapsed         | 375         |
|    total_timesteps      | 30720       |
| train/                  |             |
|    approx_kl            | 0.004805075 |
|    clip_fraction        | 0.0183      |
|    clip_range           | 0.2         |
|    entropy_loss         | -0.798      |
|    explained_variance   | 0.0832      |
|    learning_rate        | 0.0003      |
|    loss                 | 26          |
|    n_updates            | 140         |
|    policy_gradient_loss | -0.00372    |
|    value_loss           | 45          |
-----------------------------------------
------------------------------------------
| rollout/                |              |
|    ep_len_mean          | 60           |
|    ep_rew_mean          | 38.5         |
| time/                   |              |
|    fps                  | 81           |
|    iterations           | 16           |
|    time_elapsed         | 400          |
|    total_timesteps      | 32768        |
| train/                  |              |
|    approx_kl            | 0.0022205955 |
|    clip_fraction        | 0.0082       |
|    clip_range           | 0.2          |
|    entropy_loss         | -0.75        |
|    explained_variance   | 0.131        |
|    learning_rate        | 0.0003       |
|    loss                 | 26.9         |
|    n_updates            | 150          |
|    policy_gradient_loss | -0.00181     |
|    value_loss           | 47.9         |
------------------------------------------
------------------------------------------
| rollout/                |              |
|    ep_len_mean          | 60           |
|    ep_rew_mean          | 38.7         |
| time/                   |              |
|    fps                  | 81           |
|    iterations           | 17           |
|    time_elapsed         | 426          |
|    total_timesteps      | 34816        |
| train/                  |              |
|    approx_kl            | 0.0028528338 |
|    clip_fraction        | 0.0238       |
|    clip_range           | 0.2          |
|    entropy_loss         | -0.704       |
|    explained_variance   | 0.11         |
|    learning_rate        | 0.0003       |
|    loss                 | 21.7         |
|    n_updates            | 160          |
|    policy_gradient_loss | -0.00322     |
|    value_loss           | 45.7         |
------------------------------------------
------------------------------------------
| rollout/                |              |
|    ep_len_mean          | 60           |
|    ep_rew_mean          | 38.4         |
| time/                   |              |
|    fps                  | 81           |
|    iterations           | 18           |
|    time_elapsed         | 451          |
|    total_timesteps      | 36864        |
| train/                  |              |
|    approx_kl            | 0.0037194928 |
|    clip_fraction        | 0.0285       |
|    clip_range           | 0.2          |
|    entropy_loss         | -0.718       |
|    explained_variance   | 0.085        |
|    learning_rate        | 0.0003       |
|    loss                 | 24.3         |
|    n_updates            | 170          |
|    policy_gradient_loss | -0.00325     |
|    value_loss           | 51           |
------------------------------------------
------------------------------------------
| rollout/                |              |
|    ep_len_mean          | 60           |
|    ep_rew_mean          | 38.5         |
| time/                   |              |
|    fps                  | 81           |
|    iterations           | 19           |
|    time_elapsed         | 477          |
|    total_timesteps      | 38912        |
| train/                  |              |
|    approx_kl            | 0.0012126806 |
|    clip_fraction        | 0.00239      |
|    clip_range           | 0.2          |
|    entropy_loss         | -0.659       |
|    explained_variance   | 0.0756       |
|    learning_rate        | 0.0003       |
|    loss                 | 22.9         |
|    n_updates            | 180          |
|    policy_gradient_loss | -0.00138     |
|    value_loss           | 48.2         |
------------------------------------------
------------------------------------------
| rollout/                |              |
|    ep_len_mean          | 60           |
|    ep_rew_mean          | 38.5         |
| time/                   |              |
|    fps                  | 81           |
|    iterations           | 20           |
|    time_elapsed         | 502          |
|    total_timesteps      | 40960        |
| train/                  |              |
|    approx_kl            | 0.0022783587 |
|    clip_fraction        | 0.0114       |
|    clip_range           | 0.2          |
|    entropy_loss         | -0.628       |
|    explained_variance   | 0.0713       |
|    learning_rate        | 0.0003       |
|    loss                 | 26           |
|    n_updates            | 190          |
|    policy_gradient_loss | -0.00245     |
|    value_loss           | 52.2         |
------------------------------------------
------------------------------------------
| rollout/                |              |
|    ep_len_mean          | 60           |
|    ep_rew_mean          | 39.1         |
| time/                   |              |
|    fps                  | 81           |
|    iterations           | 21           |
|    time_elapsed         | 527          |
|    total_timesteps      | 43008        |
| train/                  |              |
|    approx_kl            | 0.0025412184 |
|    clip_fraction        | 0.0246       |
|    clip_range           | 0.2          |
|    entropy_loss         | -0.62        |
|    explained_variance   | 0.0978       |
|    learning_rate        | 0.0003       |
|    loss                 | 22.7         |
|    n_updates            | 200          |
|    policy_gradient_loss | -0.00255     |
|    value_loss           | 47.7         |
------------------------------------------
------------------------------------------
| rollout/                |              |
|    ep_len_mean          | 60           |
|    ep_rew_mean          | 39.5         |
| time/                   |              |
|    fps                  | 81           |
|    iterations           | 22           |
|    time_elapsed         | 553          |
|    total_timesteps      | 45056        |
| train/                  |              |
|    approx_kl            | 0.0028648386 |
|    clip_fraction        | 0.0187       |
|    clip_range           | 0.2          |
|    entropy_loss         | -0.573       |
|    explained_variance   | 0.125        |
|    learning_rate        | 0.0003       |
|    loss                 | 25.1         |
|    n_updates            | 210          |
|    policy_gradient_loss | -0.00339     |
|    value_loss           | 52.6         |
------------------------------------------
------------------------------------------
| rollout/                |              |
|    ep_len_mean          | 60           |
|    ep_rew_mean          | 40.2         |
| time/                   |              |
|    fps                  | 81           |
|    iterations           | 23           |
|    time_elapsed         | 578          |
|    total_timesteps      | 47104        |
| train/                  |              |
|    approx_kl            | 0.0028849628 |
|    clip_fraction        | 0.0155       |
|    clip_range           | 0.2          |
|    entropy_loss         | -0.541       |
|    explained_variance   | 0.102        |
|    learning_rate        | 0.0003       |
|    loss                 | 23.9         |
|    n_updates            | 220          |
|    policy_gradient_loss | -0.00375     |
|    value_loss           | 51.8         |
------------------------------------------
------------------------------------------
| rollout/                |              |
|    ep_len_mean          | 60           |
|    ep_rew_mean          | 40.6         |
| time/                   |              |
|    fps                  | 81           |
|    iterations           | 24           |
|    time_elapsed         | 600          |
|    total_timesteps      | 49152        |
| train/                  |              |
|    approx_kl            | 0.0019944836 |
|    clip_fraction        | 0.013        |
|    clip_range           | 0.2          |
|    entropy_loss         | -0.471       |
|    explained_variance   | 0.122        |
|    learning_rate        | 0.0003       |
|    loss                 | 27.9         |
|    n_updates            | 230          |
|    policy_gradient_loss | -0.00306     |
|    value_loss           | 56.1         |
------------------------------------------
------------------------------------------
| rollout/                |              |
|    ep_len_mean          | 60           |
|    ep_rew_mean          | 41           |
| time/                   |              |
|    fps                  | 82           |
|    iterations           | 25           |
|    time_elapsed         | 620          |
|    total_timesteps      | 51200        |
| train/                  |              |
|    approx_kl            | 0.0017276764 |
|    clip_fraction        | 0.019        |
|    clip_range           | 0.2          |
|    entropy_loss         | -0.468       |
|    explained_variance   | 0.103        |
|    learning_rate        | 0.0003       |
|    loss                 | 26.8         |
|    n_updates            | 240          |
|    policy_gradient_loss | -0.0028      |
|    value_loss           | 54.3         |
------------------------------------------
------------------------------------------
| rollout/                |              |
|    ep_len_mean          | 60           |
|    ep_rew_mean          | 40.9         |
| time/                   |              |
|    fps                  | 83           |
|    iterations           | 26           |
|    time_elapsed         | 640          |
|    total_timesteps      | 53248        |
| train/                  |              |
|    approx_kl            | 0.0013192284 |
|    clip_fraction        | 0.0107       |
|    clip_range           | 0.2          |
|    entropy_loss         | -0.442       |
|    explained_variance   | 0.128        |
|    learning_rate        | 0.0003       |
|    loss                 | 26.5         |
|    n_updates            | 250          |
|    policy_gradient_loss | -0.00228     |
|    value_loss           | 56.8         |
------------------------------------------
------------------------------------------
| rollout/                |              |
|    ep_len_mean          | 60           |
|    ep_rew_mean          | 41           |
| time/                   |              |
|    fps                  | 83           |
|    iterations           | 27           |
|    time_elapsed         | 660          |
|    total_timesteps      | 55296        |
| train/                  |              |
|    approx_kl            | 0.0017255198 |
|    clip_fraction        | 0.0189       |
|    clip_range           | 0.2          |
|    entropy_loss         | -0.438       |
|    explained_variance   | 0.147        |
|    learning_rate        | 0.0003       |
|    loss                 | 25           |
|    n_updates            | 260          |
|    policy_gradient_loss | -0.00202     |
|    value_loss           | 54.1         |
------------------------------------------
------------------------------------------
| rollout/                |              |
|    ep_len_mean          | 60           |
|    ep_rew_mean          | 41.2         |
| time/                   |              |
|    fps                  | 84           |
|    iterations           | 28           |
|    time_elapsed         | 681          |
|    total_timesteps      | 57344        |
| train/                  |              |
|    approx_kl            | 0.0021829838 |
|    clip_fraction        | 0.015        |
|    clip_range           | 0.2          |
|    entropy_loss         | -0.404       |
|    explained_variance   | 0.115        |
|    learning_rate        | 0.0003       |
|    loss                 | 34.8         |
|    n_updates            | 270          |
|    policy_gradient_loss | -0.00315     |
|    value_loss           | 61.7         |
------------------------------------------
------------------------------------------
| rollout/                |              |
|    ep_len_mean          | 60           |
|    ep_rew_mean          | 41.2         |
| time/                   |              |
|    fps                  | 84           |
|    iterations           | 29           |
|    time_elapsed         | 706          |
|    total_timesteps      | 59392        |
| train/                  |              |
|    approx_kl            | 0.0013692046 |
|    clip_fraction        | 0.0157       |
|    clip_range           | 0.2          |
|    entropy_loss         | -0.4         |
|    explained_variance   | 0.157        |
|    learning_rate        | 0.0003       |
|    loss                 | 23.5         |
|    n_updates            | 280          |
|    policy_gradient_loss | -0.00166     |
|    value_loss           | 54.1         |
------------------------------------------
------------------------------------------
| rollout/                |              |
|    ep_len_mean          | 60           |
|    ep_rew_mean          | 41.4         |
| time/                   |              |
|    fps                  | 83           |
|    iterations           | 30           |
|    time_elapsed         | 733          |
|    total_timesteps      | 61440        |
| train/                  |              |
|    approx_kl            | 0.0015465338 |
|    clip_fraction        | 0.0101       |
|    clip_range           | 0.2          |
|    entropy_loss         | -0.38        |
|    explained_variance   | 0.123        |
|    learning_rate        | 0.0003       |
|    loss                 | 25.8         |
|    n_updates            | 290          |
|    policy_gradient_loss | -0.00233     |
|    value_loss           | 57.5         |
------------------------------------------
------------------------------------------
| rollout/                |              |
|    ep_len_mean          | 60           |
|    ep_rew_mean          | 41.6         |
| time/                   |              |
|    fps                  | 83           |
|    iterations           | 31           |
|    time_elapsed         | 761          |
|    total_timesteps      | 63488        |
| train/                  |              |
|    approx_kl            | 0.0021744622 |
|    clip_fraction        | 0.0187       |
|    clip_range           | 0.2          |
|    entropy_loss         | -0.364       |
|    explained_variance   | 0.181        |
|    learning_rate        | 0.0003       |
|    loss                 | 26.9         |
|    n_updates            | 300          |
|    policy_gradient_loss | -0.00278     |
|    value_loss           | 57.6         |
------------------------------------------
------------------------------------------
| rollout/                |              |
|    ep_len_mean          | 60           |
|    ep_rew_mean          | 42.5         |
| time/                   |              |
|    fps                  | 83           |
|    iterations           | 32           |
|    time_elapsed         | 787          |
|    total_timesteps      | 65536        |
| train/                  |              |
|    approx_kl            | 0.0012218292 |
|    clip_fraction        | 0.0101       |
|    clip_range           | 0.2          |
|    entropy_loss         | -0.363       |
|    explained_variance   | 0.183        |
|    learning_rate        | 0.0003       |
|    loss                 | 31.6         |
|    n_updates            | 310          |
|    policy_gradient_loss | -0.00192     |
|    value_loss           | 53.3         |
------------------------------------------
-----------------------------------------
| rollout/                |             |
|    ep_len_mean          | 60          |
|    ep_rew_mean          | 42.5        |
| time/                   |             |
|    fps                  | 83          |
|    iterations           | 33          |
|    time_elapsed         | 813         |
|    total_timesteps      | 67584       |
| train/                  |             |
|    approx_kl            | 0.002082853 |
|    clip_fraction        | 0.0177      |
|    clip_range           | 0.2         |
|    entropy_loss         | -0.354      |
|    explained_variance   | 0.103       |
|    learning_rate        | 0.0003      |
|    loss                 | 29.6        |
|    n_updates            | 320         |
|    policy_gradient_loss | -0.00262    |
|    value_loss           | 61.1        |
-----------------------------------------
------------------------------------------
| rollout/                |              |
|    ep_len_mean          | 60           |
|    ep_rew_mean          | 42.6         |
| time/                   |              |
|    fps                  | 82           |
|    iterations           | 34           |
|    time_elapsed         | 844          |
|    total_timesteps      | 69632        |
| train/                  |              |
|    approx_kl            | 0.0013920217 |
|    clip_fraction        | 0.00967      |
|    clip_range           | 0.2          |
|    entropy_loss         | -0.364       |
|    explained_variance   | 0.123        |
|    learning_rate        | 0.0003       |
|    loss                 | 25.4         |
|    n_updates            | 330          |
|    policy_gradient_loss | -0.00189     |
|    value_loss           | 55.7         |
------------------------------------------
-------------------------------------------
| rollout/                |               |
|    ep_len_mean          | 60            |
|    ep_rew_mean          | 42.2          |
| time/                   |               |
|    fps                  | 82            |
|    iterations           | 35            |
|    time_elapsed         | 867           |
|    total_timesteps      | 71680         |
| train/                  |               |
|    approx_kl            | 0.00053678884 |
|    clip_fraction        | 0.00308       |
|    clip_range           | 0.2           |
|    entropy_loss         | -0.328        |
|    explained_variance   | 0.119         |
|    learning_rate        | 0.0003        |
|    loss                 | 26.9          |
|    n_updates            | 340           |
|    policy_gradient_loss | -0.00122      |
|    value_loss           | 62.1          |
-------------------------------------------
------------------------------------------
| rollout/                |              |
|    ep_len_mean          | 60           |
|    ep_rew_mean          | 42.2         |
| time/                   |              |
|    fps                  | 82           |
|    iterations           | 36           |
|    time_elapsed         | 890          |
|    total_timesteps      | 73728        |
| train/                  |              |
|    approx_kl            | 0.0009928872 |
|    clip_fraction        | 0.0115       |
|    clip_range           | 0.2          |
|    entropy_loss         | -0.317       |
|    explained_variance   | 0.138        |
|    learning_rate        | 0.0003       |
|    loss                 | 25.7         |
|    n_updates            | 350          |
|    policy_gradient_loss | -0.00128     |
|    value_loss           | 57.4         |
------------------------------------------
-------------------------------------------
| rollout/                |               |
|    ep_len_mean          | 60            |
|    ep_rew_mean          | 42.1          |
| time/                   |               |
|    fps                  | 82            |
|    iterations           | 37            |
|    time_elapsed         | 913           |
|    total_timesteps      | 75776         |
| train/                  |               |
|    approx_kl            | 0.00054222625 |
|    clip_fraction        | 0.00659       |
|    clip_range           | 0.2           |
|    entropy_loss         | -0.307        |
|    explained_variance   | 0.101         |
|    learning_rate        | 0.0003        |
|    loss                 | 26.8          |
|    n_updates            | 360           |
|    policy_gradient_loss | -0.00122      |
|    value_loss           | 61.6          |
-------------------------------------------
------------------------------------------
| rollout/                |              |
|    ep_len_mean          | 60           |
|    ep_rew_mean          | 42.6         |
| time/                   |              |
|    fps                  | 83           |
|    iterations           | 38           |
|    time_elapsed         | 937          |
|    total_timesteps      | 77824        |
| train/                  |              |
|    approx_kl            | 0.0016093607 |
|    clip_fraction        | 0.0063       |
|    clip_range           | 0.2          |
|    entropy_loss         | -0.286       |
|    explained_variance   | 0.0929       |
|    learning_rate        | 0.0003       |
|    loss                 | 28.5         |
|    n_updates            | 370          |
|    policy_gradient_loss | -0.00129     |
|    value_loss           | 57.1         |
------------------------------------------
------------------------------------------
| rollout/                |              |
|    ep_len_mean          | 60           |
|    ep_rew_mean          | 42.9         |
| time/                   |              |
|    fps                  | 83           |
|    iterations           | 39           |
|    time_elapsed         | 960          |
|    total_timesteps      | 79872        |
| train/                  |              |
|    approx_kl            | 0.0015826408 |
|    clip_fraction        | 0.0103       |
|    clip_range           | 0.2          |
|    entropy_loss         | -0.263       |
|    explained_variance   | 0.133        |
|    learning_rate        | 0.0003       |
|    loss                 | 31.1         |
|    n_updates            | 380          |
|    policy_gradient_loss | -0.00295     |
|    value_loss           | 61.4         |
------------------------------------------
-------------------------------------------
| rollout/                |               |
|    ep_len_mean          | 60            |
|    ep_rew_mean          | 43.3          |
| time/                   |               |
|    fps                  | 83            |
|    iterations           | 40            |
|    time_elapsed         | 984           |
|    total_timesteps      | 81920         |
| train/                  |               |
|    approx_kl            | 0.00084656297 |
|    clip_fraction        | 0.00518       |
|    clip_range           | 0.2           |
|    entropy_loss         | -0.236        |
|    explained_variance   | 0.12          |
|    learning_rate        | 0.0003        |
|    loss                 | 32.6          |
|    n_updates            | 390           |
|    policy_gradient_loss | -0.00127      |
|    value_loss           | 58.1          |
-------------------------------------------
-------------------------------------------
| rollout/                |               |
|    ep_len_mean          | 60            |
|    ep_rew_mean          | 42.7          |
| time/                   |               |
|    fps                  | 83            |
|    iterations           | 41            |
|    time_elapsed         | 1008          |
|    total_timesteps      | 83968         |
| train/                  |               |
|    approx_kl            | 0.00049763964 |
|    clip_fraction        | 0.0041        |
|    clip_range           | 0.2           |
|    entropy_loss         | -0.225        |
|    explained_variance   | 0.0687        |
|    learning_rate        | 0.0003        |
|    loss                 | 35            |
|    n_updates            | 400           |
|    policy_gradient_loss | -0.000791     |
|    value_loss           | 64.6          |
-------------------------------------------
-----------------------------------------
| rollout/                |             |
|    ep_len_mean          | 60          |
|    ep_rew_mean          | 43          |
| time/                   |             |
|    fps                  | 83          |
|    iterations           | 42          |
|    time_elapsed         | 1032        |
|    total_timesteps      | 86016       |
| train/                  |             |
|    approx_kl            | 0.001049353 |
|    clip_fraction        | 0.00513     |
|    clip_range           | 0.2         |
|    entropy_loss         | -0.249      |
|    explained_variance   | 0.175       |
|    learning_rate        | 0.0003      |
|    loss                 | 28.9        |
|    n_updates            | 410         |
|    policy_gradient_loss | -0.00129    |
|    value_loss           | 55.6        |
-----------------------------------------
------------------------------------------
| rollout/                |              |
|    ep_len_mean          | 60           |
|    ep_rew_mean          | 42.7         |
| time/                   |              |
|    fps                  | 83           |
|    iterations           | 43           |
|    time_elapsed         | 1055         |
|    total_timesteps      | 88064        |
| train/                  |              |
|    approx_kl            | 0.0005948043 |
|    clip_fraction        | 0.00381      |
|    clip_range           | 0.2          |
|    entropy_loss         | -0.23        |
|    explained_variance   | 0.104        |
|    learning_rate        | 0.0003       |
|    loss                 | 33.5         |
|    n_updates            | 420          |
|    policy_gradient_loss | -0.000852    |
|    value_loss           | 64.4         |
------------------------------------------
------------------------------------------
| rollout/                |              |
|    ep_len_mean          | 60           |
|    ep_rew_mean          | 43.1         |
| time/                   |              |
|    fps                  | 83           |
|    iterations           | 44           |
|    time_elapsed         | 1079         |
|    total_timesteps      | 90112        |
| train/                  |              |
|    approx_kl            | 0.0010598785 |
|    clip_fraction        | 0.00908      |
|    clip_range           | 0.2          |
|    entropy_loss         | -0.246       |
|    explained_variance   | 0.0941       |
|    learning_rate        | 0.0003       |
|    loss                 | 29.3         |
|    n_updates            | 430          |
|    policy_gradient_loss | -0.00126     |
|    value_loss           | 60.1         |
------------------------------------------
-------------------------------------------
| rollout/                |               |
|    ep_len_mean          | 60            |
|    ep_rew_mean          | 43.3          |
| time/                   |               |
|    fps                  | 83            |
|    iterations           | 45            |
|    time_elapsed         | 1106          |
|    total_timesteps      | 92160         |
| train/                  |               |
|    approx_kl            | 0.00073202286 |
|    clip_fraction        | 0.00557       |
|    clip_range           | 0.2           |
|    entropy_loss         | -0.23         |
|    explained_variance   | 0.168         |
|    learning_rate        | 0.0003        |
|    loss                 | 27.6          |
|    n_updates            | 440           |
|    policy_gradient_loss | -0.000529     |
|    value_loss           | 61            |
-------------------------------------------
------------------------------------------
| rollout/                |              |
|    ep_len_mean          | 60           |
|    ep_rew_mean          | 43.2         |
| time/                   |              |
|    fps                  | 83           |
|    iterations           | 46           |
|    time_elapsed         | 1132         |
|    total_timesteps      | 94208        |
| train/                  |              |
|    approx_kl            | 0.0007880777 |
|    clip_fraction        | 0.0128       |
|    clip_range           | 0.2          |
|    entropy_loss         | -0.214       |
|    explained_variance   | 0.146        |
|    learning_rate        | 0.0003       |
|    loss                 | 32.1         |
|    n_updates            | 450          |
|    policy_gradient_loss | -0.00186     |
|    value_loss           | 63.8         |
------------------------------------------
------------------------------------------
| rollout/                |              |
|    ep_len_mean          | 60           |
|    ep_rew_mean          | 43.3         |
| time/                   |              |
|    fps                  | 83           |
|    iterations           | 47           |
|    time_elapsed         | 1158         |
|    total_timesteps      | 96256        |
| train/                  |              |
|    approx_kl            | 0.0009813197 |
|    clip_fraction        | 0.0136       |
|    clip_range           | 0.2          |
|    entropy_loss         | -0.216       |
|    explained_variance   | 0.0945       |
|    learning_rate        | 0.0003       |
|    loss                 | 34           |
|    n_updates            | 460          |
|    policy_gradient_loss | -0.0017      |
|    value_loss           | 60.6         |
------------------------------------------
-----------------------------------------
| rollout/                |             |
|    ep_len_mean          | 60          |
|    ep_rew_mean          | 42.8        |
| time/                   |             |
|    fps                  | 83          |
|    iterations           | 48          |
|    time_elapsed         | 1184        |
|    total_timesteps      | 98304       |
| train/                  |             |
|    approx_kl            | 0.000421641 |
|    clip_fraction        | 0.00278     |
|    clip_range           | 0.2         |
|    entropy_loss         | -0.223      |
|    explained_variance   | 0.124       |
|    learning_rate        | 0.0003      |
|    loss                 | 34.7        |
|    n_updates            | 470         |
|    policy_gradient_loss | -0.000806   |
|    value_loss           | 62          |
-----------------------------------------
------------------------------------------
| rollout/                |              |
|    ep_len_mean          | 60           |
|    ep_rew_mean          | 42.9         |
| time/                   |              |
|    fps                  | 82           |
|    iterations           | 49           |
|    time_elapsed         | 1209         |
|    total_timesteps      | 100352       |
| train/                  |              |
|    approx_kl            | 0.0011640756 |
|    clip_fraction        | 0.0138       |
|    clip_range           | 0.2          |
|    entropy_loss         | -0.224       |
|    explained_variance   | 0.156        |
|    learning_rate        | 0.0003       |
|    loss                 | 25           |
|    n_updates            | 480          |
|    policy_gradient_loss | -0.00203     |
|    value_loss           | 55.1         |
------------------------------------------
  saved model: D:\Projects\TN+NTN\drl\models\ppo_seed2.zip
  evaluating ppo seed=2 (200 episodes)...
    ppo seed=2 eval: 20/200 episodes
    ppo seed=2 eval: 40/200 episodes
    ppo seed=2 eval: 60/200 episodes
    ppo seed=2 eval: 80/200 episodes
    ppo seed=2 eval: 100/200 episodes
    ppo seed=2 eval: 120/200 episodes
    ppo seed=2 eval: 140/200 episodes
    ppo seed=2 eval: 160/200 episodes
    ppo seed=2 eval: 180/200 episodes
    ppo seed=2 eval: 200/200 episodes
training + evaluating DQN...
  training dqn seed=0 ...
Using cpu device
----------------------------------
| rollout/            |          |
|    ep_len_mean      | 60       |
|    ep_rew_mean      | -3.71    |
|    exploration_rate | 0.977    |
| time/               |          |
|    episodes         | 4        |
|    fps              | 155      |
|    time_elapsed     | 1        |
|    total_timesteps  | 240      |
----------------------------------
----------------------------------
| rollout/            |          |
|    ep_len_mean      | 60       |
|    ep_rew_mean      | -4.99    |
|    exploration_rate | 0.954    |
| time/               |          |
|    episodes         | 8        |
|    fps              | 161      |
|    time_elapsed     | 2        |
|    total_timesteps  | 480      |
----------------------------------
----------------------------------
| rollout/            |          |
|    ep_len_mean      | 60       |
|    ep_rew_mean      | -1.99    |
|    exploration_rate | 0.932    |
| time/               |          |
|    episodes         | 12       |
|    fps              | 156      |
|    time_elapsed     | 4        |
|    total_timesteps  | 720      |
----------------------------------
----------------------------------
| rollout/            |          |
|    ep_len_mean      | 60       |
|    ep_rew_mean      | -0.318   |
|    exploration_rate | 0.909    |
| time/               |          |
|    episodes         | 16       |
|    fps              | 151      |
|    time_elapsed     | 6        |
|    total_timesteps  | 960      |
----------------------------------
----------------------------------
| rollout/            |          |
|    ep_len_mean      | 60       |
|    ep_rew_mean      | 1.48     |
|    exploration_rate | 0.886    |
| time/               |          |
|    episodes         | 20       |
|    fps              | 141      |
|    time_elapsed     | 8        |
|    total_timesteps  | 1200     |
| train/              |          |
|    learning_rate    | 0.0001   |
|    loss             | 0.306    |
|    n_updates        | 12       |
----------------------------------
----------------------------------
| rollout/            |          |
|    ep_len_mean      | 60       |
|    ep_rew_mean      | 0.139    |
|    exploration_rate | 0.863    |
| time/               |          |
|    episodes         | 24       |
|    fps              | 139      |
|    time_elapsed     | 10       |
|    total_timesteps  | 1440     |
| train/              |          |
|    learning_rate    | 0.0001   |
|    loss             | 0.276    |
|    n_updates        | 27       |
----------------------------------
----------------------------------
| rollout/            |          |
|    ep_len_mean      | 60       |
|    ep_rew_mean      | 1.47     |
|    exploration_rate | 0.84     |
| time/               |          |
|    episodes         | 28       |
|    fps              | 133      |
|    time_elapsed     | 12       |
|    total_timesteps  | 1680     |
| train/              |          |
|    learning_rate    | 0.0001   |
|    loss             | 0.267    |
|    n_updates        | 42       |
----------------------------------
----------------------------------
| rollout/            |          |
|    ep_len_mean      | 60       |
|    ep_rew_mean      | 2.02     |
|    exploration_rate | 0.818    |
| time/               |          |
|    episodes         | 32       |
|    fps              | 130      |
|    time_elapsed     | 14       |
|    total_timesteps  | 1920     |
| train/              |          |
|    learning_rate    | 0.0001   |
|    loss             | 0.288    |
|    n_updates        | 57       |
----------------------------------
----------------------------------
| rollout/            |          |
|    ep_len_mean      | 60       |
|    ep_rew_mean      | 2.35     |
|    exploration_rate | 0.795    |
| time/               |          |
|    episodes         | 36       |
|    fps              | 128      |
|    time_elapsed     | 16       |
|    total_timesteps  | 2160     |
| train/              |          |
|    learning_rate    | 0.0001   |
|    loss             | 0.248    |
|    n_updates        | 72       |
----------------------------------
----------------------------------
| rollout/            |          |
|    ep_len_mean      | 60       |
|    ep_rew_mean      | 2.48     |
|    exploration_rate | 0.772    |
| time/               |          |
|    episodes         | 40       |
|    fps              | 127      |
|    time_elapsed     | 18       |
|    total_timesteps  | 2400     |
| train/              |          |
|    learning_rate    | 0.0001   |
|    loss             | 0.263    |
|    n_updates        | 87       |
----------------------------------
----------------------------------
| rollout/            |          |
|    ep_len_mean      | 60       |
|    ep_rew_mean      | 2.95     |
|    exploration_rate | 0.749    |
| time/               |          |
|    episodes         | 44       |
|    fps              | 126      |
|    time_elapsed     | 20       |
|    total_timesteps  | 2640     |
| train/              |          |
|    learning_rate    | 0.0001   |
|    loss             | 0.244    |
|    n_updates        | 102      |
----------------------------------
----------------------------------
| rollout/            |          |
|    ep_len_mean      | 60       |
|    ep_rew_mean      | 3        |
|    exploration_rate | 0.726    |
| time/               |          |
|    episodes         | 48       |
|    fps              | 125      |
|    time_elapsed     | 22       |
|    total_timesteps  | 2880     |
| train/              |          |
|    learning_rate    | 0.0001   |
|    loss             | 0.244    |
|    n_updates        | 117      |
----------------------------------
----------------------------------
| rollout/            |          |
|    ep_len_mean      | 60       |
|    ep_rew_mean      | 4.11     |
|    exploration_rate | 0.704    |
| time/               |          |
|    episodes         | 52       |
|    fps              | 123      |
|    time_elapsed     | 25       |
|    total_timesteps  | 3120     |
| train/              |          |
|    learning_rate    | 0.0001   |
|    loss             | 0.291    |
|    n_updates        | 132      |
----------------------------------
----------------------------------
| rollout/            |          |
|    ep_len_mean      | 60       |
|    ep_rew_mean      | 4.15     |
|    exploration_rate | 0.681    |
| time/               |          |
|    episodes         | 56       |
|    fps              | 122      |
|    time_elapsed     | 27       |
|    total_timesteps  | 3360     |
| train/              |          |
|    learning_rate    | 0.0001   |
|    loss             | 0.268    |
|    n_updates        | 147      |
----------------------------------
----------------------------------
| rollout/            |          |
|    ep_len_mean      | 60       |
|    ep_rew_mean      | 4.46     |
|    exploration_rate | 0.658    |
| time/               |          |
|    episodes         | 60       |
|    fps              | 122      |
|    time_elapsed     | 29       |
|    total_timesteps  | 3600     |
| train/              |          |
|    learning_rate    | 0.0001   |
|    loss             | 0.219    |
|    n_updates        | 162      |
----------------------------------
----------------------------------
| rollout/            |          |
|    ep_len_mean      | 60       |
|    ep_rew_mean      | 4.74     |
|    exploration_rate | 0.635    |
| time/               |          |
|    episodes         | 64       |
|    fps              | 121      |
|    time_elapsed     | 31       |
|    total_timesteps  | 3840     |
| train/              |          |
|    learning_rate    | 0.0001   |
|    loss             | 0.176    |
|    n_updates        | 177      |
----------------------------------
----------------------------------
| rollout/            |          |
|    ep_len_mean      | 60       |
|    ep_rew_mean      | 4.91     |
|    exploration_rate | 0.612    |
| time/               |          |
|    episodes         | 68       |
|    fps              | 120      |
|    time_elapsed     | 33       |
|    total_timesteps  | 4080     |
| train/              |          |
|    learning_rate    | 0.0001   |
|    loss             | 0.291    |
|    n_updates        | 192      |
----------------------------------
----------------------------------
| rollout/            |          |
|    ep_len_mean      | 60       |
|    ep_rew_mean      | 5.4      |
|    exploration_rate | 0.59     |
| time/               |          |
|    episodes         | 72       |
|    fps              | 119      |
|    time_elapsed     | 36       |
|    total_timesteps  | 4320     |
| train/              |          |
|    learning_rate    | 0.0001   |
|    loss             | 0.236    |
|    n_updates        | 207      |
----------------------------------
----------------------------------
| rollout/            |          |
|    ep_len_mean      | 60       |
|    ep_rew_mean      | 5.76     |
|    exploration_rate | 0.567    |
| time/               |          |
|    episodes         | 76       |
|    fps              | 119      |
|    time_elapsed     | 38       |
|    total_timesteps  | 4560     |
| train/              |          |
|    learning_rate    | 0.0001   |
|    loss             | 0.18     |
|    n_updates        | 222      |
----------------------------------
----------------------------------
| rollout/            |          |
|    ep_len_mean      | 60       |
|    ep_rew_mean      | 5.98     |
|    exploration_rate | 0.544    |
| time/               |          |
|    episodes         | 80       |
|    fps              | 118      |
|    time_elapsed     | 40       |
|    total_timesteps  | 4800     |
| train/              |          |
|    learning_rate    | 0.0001   |
|    loss             | 0.178    |
|    n_updates        | 237      |
----------------------------------
----------------------------------
| rollout/            |          |
|    ep_len_mean      | 60       |
|    ep_rew_mean      | 6.14     |
|    exploration_rate | 0.521    |
| time/               |          |
|    episodes         | 84       |
|    fps              | 118      |
|    time_elapsed     | 42       |
|    total_timesteps  | 5040     |
| train/              |          |
|    learning_rate    | 0.0001   |
|    loss             | 0.273    |
|    n_updates        | 252      |
----------------------------------
----------------------------------
| rollout/            |          |
|    ep_len_mean      | 60       |
|    ep_rew_mean      | 6.51     |
|    exploration_rate | 0.498    |
| time/               |          |
|    episodes         | 88       |
|    fps              | 118      |
|    time_elapsed     | 44       |
|    total_timesteps  | 5280     |
| train/              |          |
|    learning_rate    | 0.0001   |
|    loss             | 0.313    |
|    n_updates        | 267      |
----------------------------------
----------------------------------
| rollout/            |          |
|    ep_len_mean      | 60       |
|    ep_rew_mean      | 6.87     |
|    exploration_rate | 0.476    |
| time/               |          |
|    episodes         | 92       |
|    fps              | 117      |
|    time_elapsed     | 46       |
|    total_timesteps  | 5520     |
| train/              |          |
|    learning_rate    | 0.0001   |
|    loss             | 0.15     |
|    n_updates        | 282      |
----------------------------------
----------------------------------
| rollout/            |          |
|    ep_len_mean      | 60       |
|    ep_rew_mean      | 7        |
|    exploration_rate | 0.453    |
| time/               |          |
|    episodes         | 96       |
|    fps              | 117      |
|    time_elapsed     | 48       |
|    total_timesteps  | 5760     |
| train/              |          |
|    learning_rate    | 0.0001   |
|    loss             | 0.13     |
|    n_updates        | 297      |
----------------------------------
----------------------------------
| rollout/            |          |
|    ep_len_mean      | 60       |
|    ep_rew_mean      | 7.44     |
|    exploration_rate | 0.43     |
| time/               |          |
|    episodes         | 100      |
|    fps              | 117      |
|    time_elapsed     | 51       |
|    total_timesteps  | 6000     |
| train/              |          |
|    learning_rate    | 0.0001   |
|    loss             | 0.184    |
|    n_updates        | 312      |
----------------------------------
----------------------------------
| rollout/            |          |
|    ep_len_mean      | 60       |
|    ep_rew_mean      | 8.56     |
|    exploration_rate | 0.407    |
| time/               |          |
|    episodes         | 104      |
|    fps              | 116      |
|    time_elapsed     | 53       |
|    total_timesteps  | 6240     |
| train/              |          |
|    learning_rate    | 0.0001   |
|    loss             | 0.296    |
|    n_updates        | 327      |
----------------------------------
----------------------------------
| rollout/            |          |
|    ep_len_mean      | 60       |
|    ep_rew_mean      | 9.41     |
|    exploration_rate | 0.384    |
| time/               |          |
|    episodes         | 108      |
|    fps              | 116      |
|    time_elapsed     | 55       |
|    total_timesteps  | 6480     |
| train/              |          |
|    learning_rate    | 0.0001   |
|    loss             | 0.308    |
|    n_updates        | 342      |
----------------------------------
----------------------------------
| rollout/            |          |
|    ep_len_mean      | 60       |
|    ep_rew_mean      | 10.3     |
|    exploration_rate | 0.362    |
| time/               |          |
|    episodes         | 112      |
|    fps              | 115      |
|    time_elapsed     | 58       |
|    total_timesteps  | 6720     |
| train/              |          |
|    learning_rate    | 0.0001   |
|    loss             | 0.19     |
|    n_updates        | 357      |
----------------------------------
----------------------------------
| rollout/            |          |
|    ep_len_mean      | 60       |
|    ep_rew_mean      | 10.8     |
|    exploration_rate | 0.339    |
| time/               |          |
|    episodes         | 116      |
|    fps              | 115      |
|    time_elapsed     | 60       |
|    total_timesteps  | 6960     |
| train/              |          |
|    learning_rate    | 0.0001   |
|    loss             | 0.245    |
|    n_updates        | 372      |
----------------------------------
----------------------------------
| rollout/            |          |
|    ep_len_mean      | 60       |
|    ep_rew_mean      | 11.5     |
|    exploration_rate | 0.316    |
| time/               |          |
|    episodes         | 120      |
|    fps              | 114      |
|    time_elapsed     | 62       |
|    total_timesteps  | 7200     |
| train/              |          |
|    learning_rate    | 0.0001   |
|    loss             | 0.35     |
|    n_updates        | 387      |
----------------------------------
----------------------------------
| rollout/            |          |
|    ep_len_mean      | 60       |
|    ep_rew_mean      | 12.8     |
|    exploration_rate | 0.293    |
| time/               |          |
|    episodes         | 124      |
|    fps              | 113      |
|    time_elapsed     | 65       |
|    total_timesteps  | 7440     |
| train/              |          |
|    learning_rate    | 0.0001   |
|    loss             | 0.221    |
|    n_updates        | 402      |
----------------------------------
----------------------------------
| rollout/            |          |
|    ep_len_mean      | 60       |
|    ep_rew_mean      | 13.6     |
|    exploration_rate | 0.27     |
| time/               |          |
|    episodes         | 128      |
|    fps              | 113      |
|    time_elapsed     | 67       |
|    total_timesteps  | 7680     |
| train/              |          |
|    learning_rate    | 0.0001   |
|    loss             | 0.163    |
|    n_updates        | 417      |
----------------------------------
----------------------------------
| rollout/            |          |
|    ep_len_mean      | 60       |
|    ep_rew_mean      | 14.6     |
|    exploration_rate | 0.248    |
| time/               |          |
|    episodes         | 132      |
|    fps              | 112      |
|    time_elapsed     | 70       |
|    total_timesteps  | 7920     |
| train/              |          |
|    learning_rate    | 0.0001   |
|    loss             | 0.188    |
|    n_updates        | 432      |
----------------------------------
----------------------------------
| rollout/            |          |
|    ep_len_mean      | 60       |
|    ep_rew_mean      | 15.7     |
|    exploration_rate | 0.225    |
| time/               |          |
|    episodes         | 136      |
|    fps              | 112      |
|    time_elapsed     | 72       |
|    total_timesteps  | 8160     |
| train/              |          |
|    learning_rate    | 0.0001   |
|    loss             | 0.284    |
|    n_updates        | 447      |
----------------------------------
----------------------------------
| rollout/            |          |
|    ep_len_mean      | 60       |
|    ep_rew_mean      | 16.6     |
|    exploration_rate | 0.202    |
| time/               |          |
|    episodes         | 140      |
|    fps              | 111      |
|    time_elapsed     | 75       |
|    total_timesteps  | 8400     |
| train/              |          |
|    learning_rate    | 0.0001   |
|    loss             | 0.166    |
|    n_updates        | 462      |
----------------------------------
----------------------------------
| rollout/            |          |
|    ep_len_mean      | 60       |
|    ep_rew_mean      | 17.3     |
|    exploration_rate | 0.179    |
| time/               |          |
|    episodes         | 144      |
|    fps              | 111      |
|    time_elapsed     | 77       |
|    total_timesteps  | 8640     |
| train/              |          |
|    learning_rate    | 0.0001   |
|    loss             | 0.273    |
|    n_updates        | 477      |
----------------------------------
----------------------------------
| rollout/            |          |
|    ep_len_mean      | 60       |
|    ep_rew_mean      | 18.5     |
|    exploration_rate | 0.156    |
| time/               |          |
|    episodes         | 148      |
|    fps              | 110      |
|    time_elapsed     | 80       |
|    total_timesteps  | 8880     |
| train/              |          |
|    learning_rate    | 0.0001   |
|    loss             | 0.195    |
|    n_updates        | 492      |
----------------------------------
----------------------------------
| rollout/            |          |
|    ep_len_mean      | 60       |
|    ep_rew_mean      | 19.2     |
|    exploration_rate | 0.134    |
| time/               |          |
|    episodes         | 152      |
|    fps              | 110      |
|    time_elapsed     | 82       |
|    total_timesteps  | 9120     |
| train/              |          |
|    learning_rate    | 0.0001   |
|    loss             | 0.294    |
|    n_updates        | 507      |
----------------------------------
----------------------------------
| rollout/            |          |
|    ep_len_mean      | 60       |
|    ep_rew_mean      | 20.6     |
|    exploration_rate | 0.111    |
| time/               |          |
|    episodes         | 156      |
|    fps              | 109      |
|    time_elapsed     | 85       |
|    total_timesteps  | 9360     |
| train/              |          |
|    learning_rate    | 0.0001   |
|    loss             | 0.253    |
|    n_updates        | 522      |
----------------------------------
----------------------------------
| rollout/            |          |
|    ep_len_mean      | 60       |
|    ep_rew_mean      | 21.7     |
|    exploration_rate | 0.088    |
| time/               |          |
|    episodes         | 160      |
|    fps              | 108      |
|    time_elapsed     | 88       |
|    total_timesteps  | 9600     |
| train/              |          |
|    learning_rate    | 0.0001   |
|    loss             | 0.193    |
|    n_updates        | 537      |
----------------------------------
----------------------------------
| rollout/            |          |
|    ep_len_mean      | 60       |
|    ep_rew_mean      | 22.9     |
|    exploration_rate | 0.0652   |
| time/               |          |
|    episodes         | 164      |
|    fps              | 108      |
|    time_elapsed     | 91       |
|    total_timesteps  | 9840     |
| train/              |          |
|    learning_rate    | 0.0001   |
|    loss             | 0.173    |
|    n_updates        | 552      |
----------------------------------
----------------------------------
| rollout/            |          |
|    ep_len_mean      | 60       |
|    ep_rew_mean      | 24.2     |
|    exploration_rate | 0.05     |
| time/               |          |
|    episodes         | 168      |
|    fps              | 107      |
|    time_elapsed     | 93       |
|    total_timesteps  | 10080    |
| train/              |          |
|    learning_rate    | 0.0001   |
|    loss             | 0.424    |
|    n_updates        | 567      |
----------------------------------
----------------------------------
| rollout/            |          |
|    ep_len_mean      | 60       |
|    ep_rew_mean      | 25.3     |
|    exploration_rate | 0.05     |
| time/               |          |
|    episodes         | 172      |
|    fps              | 106      |
|    time_elapsed     | 96       |
|    total_timesteps  | 10320    |
| train/              |          |
|    learning_rate    | 0.0001   |
|    loss             | 0.186    |
|    n_updates        | 582      |
----------------------------------
----------------------------------
| rollout/            |          |
|    ep_len_mean      | 60       |
|    ep_rew_mean      | 26.2     |
|    exploration_rate | 0.05     |
| time/               |          |
|    episodes         | 176      |
|    fps              | 105      |
|    time_elapsed     | 99       |
|    total_timesteps  | 10560    |
| train/              |          |
|    learning_rate    | 0.0001   |
|    loss             | 0.304    |
|    n_updates        | 597      |
----------------------------------
----------------------------------
| rollout/            |          |
|    ep_len_mean      | 60       |
|    ep_rew_mean      | 27.4     |
|    exploration_rate | 0.05     |
| time/               |          |
|    episodes         | 180      |
|    fps              | 105      |
|    time_elapsed     | 102      |
|    total_timesteps  | 10800    |
| train/              |          |
|    learning_rate    | 0.0001   |
|    loss             | 0.254    |
|    n_updates        | 612      |
----------------------------------
----------------------------------
| rollout/            |          |
|    ep_len_mean      | 60       |
|    ep_rew_mean      | 28.7     |
|    exploration_rate | 0.05     |
| time/               |          |
|    episodes         | 184      |
|    fps              | 104      |
|    time_elapsed     | 105      |
|    total_timesteps  | 11040    |
| train/              |          |
|    learning_rate    | 0.0001   |
|    loss             | 0.507    |
|    n_updates        | 627      |
----------------------------------
----------------------------------
| rollout/            |          |
|    ep_len_mean      | 60       |
|    ep_rew_mean      | 29.7     |
|    exploration_rate | 0.05     |
| time/               |          |
|    episodes         | 188      |
|    fps              | 104      |
|    time_elapsed     | 107      |
|    total_timesteps  | 11280    |
| train/              |          |
|    learning_rate    | 0.0001   |
|    loss             | 0.275    |
|    n_updates        | 642      |
----------------------------------
----------------------------------
| rollout/            |          |
|    ep_len_mean      | 60       |
|    ep_rew_mean      | 30.9     |
|    exploration_rate | 0.05     |
| time/               |          |
|    episodes         | 192      |
|    fps              | 104      |
|    time_elapsed     | 110      |
|    total_timesteps  | 11520    |
| train/              |          |
|    learning_rate    | 0.0001   |
|    loss             | 0.406    |
|    n_updates        | 657      |
----------------------------------
----------------------------------
| rollout/            |          |
|    ep_len_mean      | 60       |
|    ep_rew_mean      | 32.2     |
|    exploration_rate | 0.05     |
| time/               |          |
|    episodes         | 196      |
|    fps              | 103      |
|    time_elapsed     | 113      |
|    total_timesteps  | 11760    |
| train/              |          |
|    learning_rate    | 0.0001   |
|    loss             | 0.275    |
|    n_updates        | 672      |
----------------------------------
----------------------------------
| rollout/            |          |
|    ep_len_mean      | 60       |
|    ep_rew_mean      | 33.2     |
|    exploration_rate | 0.05     |
| time/               |          |
|    episodes         | 200      |
|    fps              | 103      |
|    time_elapsed     | 116      |
|    total_timesteps  | 12000    |
| train/              |          |
|    learning_rate    | 0.0001   |
|    loss             | 0.2      |
|    n_updates        | 687      |
----------------------------------
----------------------------------
| rollout/            |          |
|    ep_len_mean      | 60       |
|    ep_rew_mean      | 33.9     |
|    exploration_rate | 0.05     |
| time/               |          |
|    episodes         | 204      |
|    fps              | 102      |
|    time_elapsed     | 118      |
|    total_timesteps  | 12240    |
| train/              |          |
|    learning_rate    | 0.0001   |
|    loss             | 0.241    |
|    n_updates        | 702      |
----------------------------------
----------------------------------
| rollout/            |          |
|    ep_len_mean      | 60       |
|    ep_rew_mean      | 35       |
|    exploration_rate | 0.05     |
| time/               |          |
|    episodes         | 208      |
|    fps              | 102      |
|    time_elapsed     | 121      |
|    total_timesteps  | 12480    |
| train/              |          |
|    learning_rate    | 0.0001   |
|    loss             | 0.238    |
|    n_updates        | 717      |
----------------------------------
----------------------------------
| rollout/            |          |
|    ep_len_mean      | 60       |
|    ep_rew_mean      | 35.7     |
|    exploration_rate | 0.05     |
| time/               |          |
|    episodes         | 212      |
|    fps              | 102      |
|    time_elapsed     | 124      |
|    total_timesteps  | 12720    |
| train/              |          |
|    learning_rate    | 0.0001   |
|    loss             | 0.0786   |
|    n_updates        | 732      |
----------------------------------
----------------------------------
| rollout/            |          |
|    ep_len_mean      | 60       |
|    ep_rew_mean      | 36.5     |
|    exploration_rate | 0.05     |
| time/               |          |
|    episodes         | 216      |
|    fps              | 102      |
|    time_elapsed     | 126      |
|    total_timesteps  | 12960    |
| train/              |          |
|    learning_rate    | 0.0001   |
|    loss             | 0.214    |
|    n_updates        | 747      |
----------------------------------
----------------------------------
| rollout/            |          |
|    ep_len_mean      | 60       |
|    ep_rew_mean      | 37.1     |
|    exploration_rate | 0.05     |
| time/               |          |
|    episodes         | 220      |
|    fps              | 101      |
|    time_elapsed     | 129      |
|    total_timesteps  | 13200    |
| train/              |          |
|    learning_rate    | 0.0001   |
|    loss             | 0.397    |
|    n_updates        | 762      |
----------------------------------
----------------------------------
| rollout/            |          |
|    ep_len_mean      | 60       |
|    ep_rew_mean      | 37.5     |
|    exploration_rate | 0.05     |
| time/               |          |
|    episodes         | 224      |
|    fps              | 101      |
|    time_elapsed     | 132      |
|    total_timesteps  | 13440    |
| train/              |          |
|    learning_rate    | 0.0001   |
|    loss             | 0.258    |
|    n_updates        | 777      |
----------------------------------
----------------------------------
| rollout/            |          |
|    ep_len_mean      | 60       |
|    ep_rew_mean      | 38       |
|    exploration_rate | 0.05     |
| time/               |          |
|    episodes         | 228      |
|    fps              | 101      |
|    time_elapsed     | 134      |
|    total_timesteps  | 13680    |
| train/              |          |
|    learning_rate    | 0.0001   |
|    loss             | 0.262    |
|    n_updates        | 792      |
----------------------------------
----------------------------------
| rollout/            |          |
|    ep_len_mean      | 60       |
|    ep_rew_mean      | 38.3     |
|    exploration_rate | 0.05     |
| time/               |          |
|    episodes         | 232      |
|    fps              | 101      |
|    time_elapsed     | 137      |
|    total_timesteps  | 13920    |
| train/              |          |
|    learning_rate    | 0.0001   |
|    loss             | 0.158    |
|    n_updates        | 807      |
----------------------------------
----------------------------------
| rollout/            |          |
|    ep_len_mean      | 60       |
|    ep_rew_mean      | 38.7     |
|    exploration_rate | 0.05     |
| time/               |          |
|    episodes         | 236      |
|    fps              | 101      |
|    time_elapsed     | 140      |
|    total_timesteps  | 14160    |
| train/              |          |
|    learning_rate    | 0.0001   |
|    loss             | 0.249    |
|    n_updates        | 822      |
----------------------------------
----------------------------------
| rollout/            |          |
|    ep_len_mean      | 60       |
|    ep_rew_mean      | 39.3     |
|    exploration_rate | 0.05     |
| time/               |          |
|    episodes         | 240      |
|    fps              | 100      |
|    time_elapsed     | 142      |
|    total_timesteps  | 14400    |
| train/              |          |
|    learning_rate    | 0.0001   |
|    loss             | 0.385    |
|    n_updates        | 837      |
----------------------------------
----------------------------------
| rollout/            |          |
|    ep_len_mean      | 60       |
|    ep_rew_mean      | 39.9     |
|    exploration_rate | 0.05     |
| time/               |          |
|    episodes         | 244      |
|    fps              | 100      |
|    time_elapsed     | 145      |
|    total_timesteps  | 14640    |
| train/              |          |
|    learning_rate    | 0.0001   |
|    loss             | 0.296    |
|    n_updates        | 852      |
----------------------------------
----------------------------------
| rollout/            |          |
|    ep_len_mean      | 60       |
|    ep_rew_mean      | 40.2     |
|    exploration_rate | 0.05     |
| time/               |          |
|    episodes         | 248      |
|    fps              | 100      |
|    time_elapsed     | 148      |
|    total_timesteps  | 14880    |
| train/              |          |
|    learning_rate    | 0.0001   |
|    loss             | 0.0867   |
|    n_updates        | 867      |
----------------------------------
----------------------------------
| rollout/            |          |
|    ep_len_mean      | 60       |
|    ep_rew_mean      | 40.6     |
|    exploration_rate | 0.05     |
| time/               |          |
|    episodes         | 252      |
|    fps              | 100      |
|    time_elapsed     | 150      |
|    total_timesteps  | 15120    |
| train/              |          |
|    learning_rate    | 0.0001   |
|    loss             | 0.698    |
|    n_updates        | 882      |
----------------------------------
----------------------------------
| rollout/            |          |
|    ep_len_mean      | 60       |
|    ep_rew_mean      | 40.7     |
|    exploration_rate | 0.05     |
| time/               |          |
|    episodes         | 256      |
|    fps              | 100      |
|    time_elapsed     | 153      |
|    total_timesteps  | 15360    |
| train/              |          |
|    learning_rate    | 0.0001   |
|    loss             | 0.349    |
|    n_updates        | 897      |
----------------------------------
----------------------------------
| rollout/            |          |
|    ep_len_mean      | 60       |
|    ep_rew_mean      | 41       |
|    exploration_rate | 0.05     |
| time/               |          |
|    episodes         | 260      |
|    fps              | 99       |
|    time_elapsed     | 156      |
|    total_timesteps  | 15600    |
| train/              |          |
|    learning_rate    | 0.0001   |
|    loss             | 0.216    |
|    n_updates        | 912      |
----------------------------------
----------------------------------
| rollout/            |          |
|    ep_len_mean      | 60       |
|    ep_rew_mean      | 41.1     |
|    exploration_rate | 0.05     |
| time/               |          |
|    episodes         | 264      |
|    fps              | 99       |
|    time_elapsed     | 158      |
|    total_timesteps  | 15840    |
| train/              |          |
|    learning_rate    | 0.0001   |
|    loss             | 0.443    |
|    n_updates        | 927      |
----------------------------------
----------------------------------
| rollout/            |          |
|    ep_len_mean      | 60       |
|    ep_rew_mean      | 41.3     |
|    exploration_rate | 0.05     |
| time/               |          |
|    episodes         | 268      |
|    fps              | 99       |
|    time_elapsed     | 161      |
|    total_timesteps  | 16080    |
| train/              |          |
|    learning_rate    | 0.0001   |
|    loss             | 0.43     |
|    n_updates        | 942      |
----------------------------------
----------------------------------
| rollout/            |          |
|    ep_len_mean      | 60       |
|    ep_rew_mean      | 41.3     |
|    exploration_rate | 0.05     |
| time/               |          |
|    episodes         | 272      |
|    fps              | 99       |
|    time_elapsed     | 164      |
|    total_timesteps  | 16320    |
| train/              |          |
|    learning_rate    | 0.0001   |
|    loss             | 0.507    |
|    n_updates        | 957      |
----------------------------------
----------------------------------
| rollout/            |          |
|    ep_len_mean      | 60       |
|    ep_rew_mean      | 41.5     |
|    exploration_rate | 0.05     |
| time/               |          |
|    episodes         | 276      |
|    fps              | 99       |
|    time_elapsed     | 166      |
|    total_timesteps  | 16560    |
| train/              |          |
|    learning_rate    | 0.0001   |
|    loss             | 0.118    |
|    n_updates        | 972      |
----------------------------------
----------------------------------
| rollout/            |          |
|    ep_len_mean      | 60       |
|    ep_rew_mean      | 41.7     |
|    exploration_rate | 0.05     |
| time/               |          |
|    episodes         | 280      |
|    fps              | 99       |
|    time_elapsed     | 169      |
|    total_timesteps  | 16800    |
| train/              |          |
|    learning_rate    | 0.0001   |
|    loss             | 0.219    |
|    n_updates        | 987      |
----------------------------------
----------------------------------
| rollout/            |          |
|    ep_len_mean      | 60       |
|    ep_rew_mean      | 41.7     |
|    exploration_rate | 0.05     |
| time/               |          |
|    episodes         | 284      |
|    fps              | 98       |
|    time_elapsed     | 172      |
|    total_timesteps  | 17040    |
| train/              |          |
|    learning_rate    | 0.0001   |
|    loss             | 0.558    |
|    n_updates        | 1002     |
----------------------------------
----------------------------------
| rollout/            |          |
|    ep_len_mean      | 60       |
|    ep_rew_mean      | 41.6     |
|    exploration_rate | 0.05     |
| time/               |          |
|    episodes         | 288      |
|    fps              | 98       |
|    time_elapsed     | 174      |
|    total_timesteps  | 17280    |
| train/              |          |
|    learning_rate    | 0.0001   |
|    loss             | 0.453    |
|    n_updates        | 1017     |
----------------------------------
----------------------------------
| rollout/            |          |
|    ep_len_mean      | 60       |
|    ep_rew_mean      | 41.5     |
|    exploration_rate | 0.05     |
| time/               |          |
|    episodes         | 292      |
|    fps              | 98       |
|    time_elapsed     | 177      |
|    total_timesteps  | 17520    |
| train/              |          |
|    learning_rate    | 0.0001   |
|    loss             | 0.401    |
|    n_updates        | 1032     |
----------------------------------
----------------------------------
| rollout/            |          |
|    ep_len_mean      | 60       |
|    ep_rew_mean      | 41.4     |
|    exploration_rate | 0.05     |
| time/               |          |
|    episodes         | 296      |
|    fps              | 98       |
|    time_elapsed     | 180      |
|    total_timesteps  | 17760    |
| train/              |          |
|    learning_rate    | 0.0001   |
|    loss             | 0.315    |
|    n_updates        | 1047     |
----------------------------------
----------------------------------
| rollout/            |          |
|    ep_len_mean      | 60       |
|    ep_rew_mean      | 41.3     |
|    exploration_rate | 0.05     |
| time/               |          |
|    episodes         | 300      |
|    fps              | 98       |
|    time_elapsed     | 182      |
|    total_timesteps  | 18000    |
| train/              |          |
|    learning_rate    | 0.0001   |
|    loss             | 0.224    |
|    n_updates        | 1062     |
----------------------------------
----------------------------------
| rollout/            |          |
|    ep_len_mean      | 60       |
|    ep_rew_mean      | 41.3     |
|    exploration_rate | 0.05     |
| time/               |          |
|    episodes         | 304      |
|    fps              | 98       |
|    time_elapsed     | 185      |
|    total_timesteps  | 18240    |
| train/              |          |
|    learning_rate    | 0.0001   |
|    loss             | 0.33     |
|    n_updates        | 1077     |
----------------------------------
----------------------------------
| rollout/            |          |
|    ep_len_mean      | 60       |
|    ep_rew_mean      | 41.4     |
|    exploration_rate | 0.05     |
| time/               |          |
|    episodes         | 308      |
|    fps              | 97       |
|    time_elapsed     | 188      |
|    total_timesteps  | 18480    |
| train/              |          |
|    learning_rate    | 0.0001   |
|    loss             | 0.297    |
|    n_updates        | 1092     |
----------------------------------
----------------------------------
| rollout/            |          |
|    ep_len_mean      | 60       |
|    ep_rew_mean      | 41.2     |
|    exploration_rate | 0.05     |
| time/               |          |
|    episodes         | 312      |
|    fps              | 97       |
|    time_elapsed     | 191      |
|    total_timesteps  | 18720    |
| train/              |          |
|    learning_rate    | 0.0001   |
|    loss             | 0.784    |
|    n_updates        | 1107     |
----------------------------------
----------------------------------
| rollout/            |          |
|    ep_len_mean      | 60       |
|    ep_rew_mean      | 41.4     |
|    exploration_rate | 0.05     |
| time/               |          |
|    episodes         | 316      |
|    fps              | 97       |
|    time_elapsed     | 193      |
|    total_timesteps  | 18960    |
| train/              |          |
|    learning_rate    | 0.0001   |
|    loss             | 0.219    |
|    n_updates        | 1122     |
----------------------------------
----------------------------------
| rollout/            |          |
|    ep_len_mean      | 60       |
|    ep_rew_mean      | 41.4     |
|    exploration_rate | 0.05     |
| time/               |          |
|    episodes         | 320      |
|    fps              | 97       |
|    time_elapsed     | 196      |
|    total_timesteps  | 19200    |
| train/              |          |
|    learning_rate    | 0.0001   |
|    loss             | 0.282    |
|    n_updates        | 1137     |
----------------------------------
----------------------------------
| rollout/            |          |
|    ep_len_mean      | 60       |
|    ep_rew_mean      | 41.6     |
|    exploration_rate | 0.05     |
| time/               |          |
|    episodes         | 324      |
|    fps              | 97       |
|    time_elapsed     | 199      |
|    total_timesteps  | 19440    |
| train/              |          |
|    learning_rate    | 0.0001   |
|    loss             | 0.274    |
|    n_updates        | 1152     |
----------------------------------
----------------------------------
| rollout/            |          |
|    ep_len_mean      | 60       |
|    ep_rew_mean      | 41.7     |
|    exploration_rate | 0.05     |
| time/               |          |
|    episodes         | 328      |
|    fps              | 97       |
|    time_elapsed     | 201      |
|    total_timesteps  | 19680    |
| train/              |          |
|    learning_rate    | 0.0001   |
|    loss             | 0.688    |
|    n_updates        | 1167     |
----------------------------------
----------------------------------
| rollout/            |          |
|    ep_len_mean      | 60       |
|    ep_rew_mean      | 41.9     |
|    exploration_rate | 0.05     |
| time/               |          |
|    episodes         | 332      |
|    fps              | 97       |
|    time_elapsed     | 204      |
|    total_timesteps  | 19920    |
| train/              |          |
|    learning_rate    | 0.0001   |
|    loss             | 0.455    |
|    n_updates        | 1182     |
----------------------------------
----------------------------------
| rollout/            |          |
|    ep_len_mean      | 60       |
|    ep_rew_mean      | 41.8     |
|    exploration_rate | 0.05     |
| time/               |          |
|    episodes         | 336      |
|    fps              | 97       |
|    time_elapsed     | 207      |
|    total_timesteps  | 20160    |
| train/              |          |
|    learning_rate    | 0.0001   |
|    loss             | 0.346    |
|    n_updates        | 1197     |
----------------------------------
----------------------------------
| rollout/            |          |
|    ep_len_mean      | 60       |
|    ep_rew_mean      | 41.9     |
|    exploration_rate | 0.05     |
| time/               |          |
|    episodes         | 340      |
|    fps              | 97       |
|    time_elapsed     | 210      |
|    total_timesteps  | 20400    |
| train/              |          |
|    learning_rate    | 0.0001   |
|    loss             | 0.315    |
|    n_updates        | 1212     |
----------------------------------
----------------------------------
| rollout/            |          |
|    ep_len_mean      | 60       |
|    ep_rew_mean      | 42       |
|    exploration_rate | 0.05     |
| time/               |          |
|    episodes         | 344      |
|    fps              | 96       |
|    time_elapsed     | 212      |
|    total_timesteps  | 20640    |
| train/              |          |
|    learning_rate    | 0.0001   |
|    loss             | 0.359    |
|    n_updates        | 1227     |
----------------------------------
----------------------------------
| rollout/            |          |
|    ep_len_mean      | 60       |
|    ep_rew_mean      | 41.9     |
|    exploration_rate | 0.05     |
| time/               |          |
|    episodes         | 348      |
|    fps              | 96       |
|    time_elapsed     | 215      |
|    total_timesteps  | 20880    |
| train/              |          |
|    learning_rate    | 0.0001   |
|    loss             | 0.61     |
|    n_updates        | 1242     |
----------------------------------
----------------------------------
| rollout/            |          |
|    ep_len_mean      | 60       |
|    ep_rew_mean      | 41.8     |
|    exploration_rate | 0.05     |
| time/               |          |
|    episodes         | 352      |
|    fps              | 96       |
|    time_elapsed     | 218      |
|    total_timesteps  | 21120    |
| train/              |          |
|    learning_rate    | 0.0001   |
|    loss             | 0.492    |
|    n_updates        | 1257     |
----------------------------------
----------------------------------
| rollout/            |          |
|    ep_len_mean      | 60       |
|    ep_rew_mean      | 41.8     |
|    exploration_rate | 0.05     |
| time/               |          |
|    episodes         | 356      |
|    fps              | 96       |
|    time_elapsed     | 220      |
|    total_timesteps  | 21360    |
| train/              |          |
|    learning_rate    | 0.0001   |
|    loss             | 0.552    |
|    n_updates        | 1272     |
----------------------------------
----------------------------------
| rollout/            |          |
|    ep_len_mean      | 60       |
|    ep_rew_mean      | 41.8     |
|    exploration_rate | 0.05     |
| time/               |          |
|    episodes         | 360      |
|    fps              | 96       |
|    time_elapsed     | 223      |
|    total_timesteps  | 21600    |
| train/              |          |
|    learning_rate    | 0.0001   |
|    loss             | 0.259    |
|    n_updates        | 1287     |
----------------------------------
----------------------------------
| rollout/            |          |
|    ep_len_mean      | 60       |
|    ep_rew_mean      | 41.7     |
|    exploration_rate | 0.05     |
| time/               |          |
|    episodes         | 364      |
|    fps              | 96       |
|    time_elapsed     | 226      |
|    total_timesteps  | 21840    |
| train/              |          |
|    learning_rate    | 0.0001   |
|    loss             | 0.377    |
|    n_updates        | 1302     |
----------------------------------
----------------------------------
| rollout/            |          |
|    ep_len_mean      | 60       |
|    ep_rew_mean      | 41.7     |
|    exploration_rate | 0.05     |
| time/               |          |
|    episodes         | 368      |
|    fps              | 96       |
|    time_elapsed     | 229      |
|    total_timesteps  | 22080    |
| train/              |          |
|    learning_rate    | 0.0001   |
|    loss             | 0.367    |
|    n_updates        | 1317     |
----------------------------------
----------------------------------
| rollout/            |          |
|    ep_len_mean      | 60       |
|    ep_rew_mean      | 41.7     |
|    exploration_rate | 0.05     |
| time/               |          |
|    episodes         | 372      |
|    fps              | 96       |
|    time_elapsed     | 231      |
|    total_timesteps  | 22320    |
| train/              |          |
|    learning_rate    | 0.0001   |
|    loss             | 0.538    |
|    n_updates        | 1332     |
----------------------------------
----------------------------------
| rollout/            |          |
|    ep_len_mean      | 60       |
|    ep_rew_mean      | 41.8     |
|    exploration_rate | 0.05     |
| time/               |          |
|    episodes         | 376      |
|    fps              | 96       |
|    time_elapsed     | 234      |
|    total_timesteps  | 22560    |
| train/              |          |
|    learning_rate    | 0.0001   |
|    loss             | 0.514    |
|    n_updates        | 1347     |
----------------------------------
----------------------------------
| rollout/            |          |
|    ep_len_mean      | 60       |
|    ep_rew_mean      | 41.7     |
|    exploration_rate | 0.05     |
| time/               |          |
|    episodes         | 380      |
|    fps              | 96       |
|    time_elapsed     | 237      |
|    total_timesteps  | 22800    |
| train/              |          |
|    learning_rate    | 0.0001   |
|    loss             | 0.416    |
|    n_updates        | 1362     |
----------------------------------
----------------------------------
| rollout/            |          |
|    ep_len_mean      | 60       |
|    ep_rew_mean      | 41.6     |
|    exploration_rate | 0.05     |
| time/               |          |
|    episodes         | 384      |
|    fps              | 96       |
|    time_elapsed     | 239      |
|    total_timesteps  | 23040    |
| train/              |          |
|    learning_rate    | 0.0001   |
|    loss             | 0.495    |
|    n_updates        | 1377     |
----------------------------------
----------------------------------
| rollout/            |          |
|    ep_len_mean      | 60       |
|    ep_rew_mean      | 41.9     |
|    exploration_rate | 0.05     |
| time/               |          |
|    episodes         | 388      |
|    fps              | 96       |
|    time_elapsed     | 242      |
|    total_timesteps  | 23280    |
| train/              |          |
|    learning_rate    | 0.0001   |
|    loss             | 0.6      |
|    n_updates        | 1392     |
----------------------------------
----------------------------------
| rollout/            |          |
|    ep_len_mean      | 60       |
|    ep_rew_mean      | 42       |
|    exploration_rate | 0.05     |
| time/               |          |
|    episodes         | 392      |
|    fps              | 96       |
|    time_elapsed     | 244      |
|    total_timesteps  | 23520    |
| train/              |          |
|    learning_rate    | 0.0001   |
|    loss             | 0.614    |
|    n_updates        | 1407     |
----------------------------------
----------------------------------
| rollout/            |          |
|    ep_len_mean      | 60       |
|    ep_rew_mean      | 41.9     |
|    exploration_rate | 0.05     |
| time/               |          |
|    episodes         | 396      |
|    fps              | 95       |
|    time_elapsed     | 247      |
|    total_timesteps  | 23760    |
| train/              |          |
|    learning_rate    | 0.0001   |
|    loss             | 0.998    |
|    n_updates        | 1422     |
----------------------------------
----------------------------------
| rollout/            |          |
|    ep_len_mean      | 60       |
|    ep_rew_mean      | 42.1     |
|    exploration_rate | 0.05     |
| time/               |          |
|    episodes         | 400      |
|    fps              | 95       |
|    time_elapsed     | 250      |
|    total_timesteps  | 24000    |
| train/              |          |
|    learning_rate    | 0.0001   |
|    loss             | 0.463    |
|    n_updates        | 1437     |
----------------------------------
----------------------------------
| rollout/            |          |
|    ep_len_mean      | 60       |
|    ep_rew_mean      | 41.9     |
|    exploration_rate | 0.05     |
| time/               |          |
|    episodes         | 404      |
|    fps              | 95       |
|    time_elapsed     | 252      |
|    total_timesteps  | 24240    |
| train/              |          |
|    learning_rate    | 0.0001   |
|    loss             | 0.766    |
|    n_updates        | 1452     |
----------------------------------
----------------------------------
| rollout/            |          |
|    ep_len_mean      | 60       |
|    ep_rew_mean      | 41.9     |
|    exploration_rate | 0.05     |
| time/               |          |
|    episodes         | 408      |
|    fps              | 95       |
|    time_elapsed     | 255      |
|    total_timesteps  | 24480    |
| train/              |          |
|    learning_rate    | 0.0001   |
|    loss             | 0.414    |
|    n_updates        | 1467     |
----------------------------------
----------------------------------
| rollout/            |          |
|    ep_len_mean      | 60       |
|    ep_rew_mean      | 42.1     |
|    exploration_rate | 0.05     |
| time/               |          |
|    episodes         | 412      |
|    fps              | 95       |
|    time_elapsed     | 258      |
|    total_timesteps  | 24720    |
| train/              |          |
|    learning_rate    | 0.0001   |
|    loss             | 0.609    |
|    n_updates        | 1482     |
----------------------------------
----------------------------------
| rollout/            |          |
|    ep_len_mean      | 60       |
|    ep_rew_mean      | 42       |
|    exploration_rate | 0.05     |
| time/               |          |
|    episodes         | 416      |
|    fps              | 95       |
|    time_elapsed     | 260      |
|    total_timesteps  | 24960    |
| train/              |          |
|    learning_rate    | 0.0001   |
|    loss             | 0.34     |
|    n_updates        | 1497     |
----------------------------------
----------------------------------
| rollout/            |          |
|    ep_len_mean      | 60       |
|    ep_rew_mean      | 41.9     |
|    exploration_rate | 0.05     |
| time/               |          |
|    episodes         | 420      |
|    fps              | 95       |
|    time_elapsed     | 263      |
|    total_timesteps  | 25200    |
| train/              |          |
|    learning_rate    | 0.0001   |
|    loss             | 0.196    |
|    n_updates        | 1512     |
----------------------------------
----------------------------------
| rollout/            |          |
|    ep_len_mean      | 60       |
|    ep_rew_mean      | 41.9     |
|    exploration_rate | 0.05     |
| time/               |          |
|    episodes         | 424      |
|    fps              | 95       |
|    time_elapsed     | 266      |
|    total_timesteps  | 25440    |
| train/              |          |
|    learning_rate    | 0.0001   |
|    loss             | 1.14     |
|    n_updates        | 1527     |
----------------------------------
----------------------------------
| rollout/            |          |
|    ep_len_mean      | 60       |
|    ep_rew_mean      | 41.9     |
|    exploration_rate | 0.05     |
| time/               |          |
|    episodes         | 428      |
|    fps              | 95       |
|    time_elapsed     | 268      |
|    total_timesteps  | 25680    |
| train/              |          |
|    learning_rate    | 0.0001   |
|    loss             | 0.784    |
|    n_updates        | 1542     |
----------------------------------
----------------------------------
| rollout/            |          |
|    ep_len_mean      | 60       |
|    ep_rew_mean      | 41.7     |
|    exploration_rate | 0.05     |
| time/               |          |
|    episodes         | 432      |
|    fps              | 95       |
|    time_elapsed     | 271      |
|    total_timesteps  | 25920    |
| train/              |          |
|    learning_rate    | 0.0001   |
|    loss             | 0.579    |
|    n_updates        | 1557     |
----------------------------------
----------------------------------
| rollout/            |          |
|    ep_len_mean      | 60       |
|    ep_rew_mean      | 41.7     |
|    exploration_rate | 0.05     |
| time/               |          |
|    episodes         | 436      |
|    fps              | 95       |
|    time_elapsed     | 274      |
|    total_timesteps  | 26160    |
| train/              |          |
|    learning_rate    | 0.0001   |
|    loss             | 0.355    |
|    n_updates        | 1572     |
----------------------------------
----------------------------------
| rollout/            |          |
|    ep_len_mean      | 60       |
|    ep_rew_mean      | 41.7     |
|    exploration_rate | 0.05     |
| time/               |          |
|    episodes         | 440      |
|    fps              | 95       |
|    time_elapsed     | 276      |
|    total_timesteps  | 26400    |
| train/              |          |
|    learning_rate    | 0.0001   |
|    loss             | 0.604    |
|    n_updates        | 1587     |
----------------------------------
----------------------------------
| rollout/            |          |
|    ep_len_mean      | 60       |
|    ep_rew_mean      | 41.9     |
|    exploration_rate | 0.05     |
| time/               |          |
|    episodes         | 444      |
|    fps              | 95       |
|    time_elapsed     | 279      |
|    total_timesteps  | 26640    |
| train/              |          |
|    learning_rate    | 0.0001   |
|    loss             | 0.534    |
|    n_updates        | 1602     |
----------------------------------
----------------------------------
| rollout/            |          |
|    ep_len_mean      | 60       |
|    ep_rew_mean      | 42       |
|    exploration_rate | 0.05     |
| time/               |          |
|    episodes         | 448      |
|    fps              | 95       |
|    time_elapsed     | 281      |
|    total_timesteps  | 26880    |
| train/              |          |
|    learning_rate    | 0.0001   |
|    loss             | 0.254    |
|    n_updates        | 1617     |
----------------------------------
----------------------------------
| rollout/            |          |
|    ep_len_mean      | 60       |
|    ep_rew_mean      | 41.9     |
|    exploration_rate | 0.05     |
| time/               |          |
|    episodes         | 452      |
|    fps              | 95       |
|    time_elapsed     | 284      |
|    total_timesteps  | 27120    |
| train/              |          |
|    learning_rate    | 0.0001   |
|    loss             | 0.433    |
|    n_updates        | 1632     |
----------------------------------
----------------------------------
| rollout/            |          |
|    ep_len_mean      | 60       |
|    ep_rew_mean      | 41.9     |
|    exploration_rate | 0.05     |
| time/               |          |
|    episodes         | 456      |
|    fps              | 95       |
|    time_elapsed     | 287      |
|    total_timesteps  | 27360    |
| train/              |          |
|    learning_rate    | 0.0001   |
|    loss             | 0.725    |
|    n_updates        | 1647     |
----------------------------------
----------------------------------
| rollout/            |          |
|    ep_len_mean      | 60       |
|    ep_rew_mean      | 41.8     |
|    exploration_rate | 0.05     |
| time/               |          |
|    episodes         | 460      |
|    fps              | 95       |
|    time_elapsed     | 290      |
|    total_timesteps  | 27600    |
| train/              |          |
|    learning_rate    | 0.0001   |
|    loss             | 0.289    |
|    n_updates        | 1662     |
----------------------------------
----------------------------------
| rollout/            |          |
|    ep_len_mean      | 60       |
|    ep_rew_mean      | 41.8     |
|    exploration_rate | 0.05     |
| time/               |          |
|    episodes         | 464      |
|    fps              | 95       |
|    time_elapsed     | 292      |
|    total_timesteps  | 27840    |
| train/              |          |
|    learning_rate    | 0.0001   |
|    loss             | 0.263    |
|    n_updates        | 1677     |
----------------------------------
----------------------------------
| rollout/            |          |
|    ep_len_mean      | 60       |
|    ep_rew_mean      | 41.7     |
|    exploration_rate | 0.05     |
| time/               |          |
|    episodes         | 468      |
|    fps              | 95       |
|    time_elapsed     | 295      |
|    total_timesteps  | 28080    |
| train/              |          |
|    learning_rate    | 0.0001   |
|    loss             | 0.797    |
|    n_updates        | 1692     |
----------------------------------
----------------------------------
| rollout/            |          |
|    ep_len_mean      | 60       |
|    ep_rew_mean      | 41.6     |
|    exploration_rate | 0.05     |
| time/               |          |
|    episodes         | 472      |
|    fps              | 95       |
|    time_elapsed     | 297      |
|    total_timesteps  | 28320    |
| train/              |          |
|    learning_rate    | 0.0001   |
|    loss             | 0.818    |
|    n_updates        | 1707     |
----------------------------------
----------------------------------
| rollout/            |          |
|    ep_len_mean      | 60       |
|    ep_rew_mean      | 41.7     |
|    exploration_rate | 0.05     |
| time/               |          |
|    episodes         | 476      |
|    fps              | 95       |
|    time_elapsed     | 300      |
|    total_timesteps  | 28560    |
| train/              |          |
|    learning_rate    | 0.0001   |
|    loss             | 0.797    |
|    n_updates        | 1722     |
----------------------------------
----------------------------------
| rollout/            |          |
|    ep_len_mean      | 60       |
|    ep_rew_mean      | 41.8     |
|    exploration_rate | 0.05     |
| time/               |          |
|    episodes         | 480      |
|    fps              | 94       |
|    time_elapsed     | 303      |
|    total_timesteps  | 28800    |
| train/              |          |
|    learning_rate    | 0.0001   |
|    loss             | 0.549    |
|    n_updates        | 1737     |
----------------------------------
----------------------------------
| rollout/            |          |
|    ep_len_mean      | 60       |
|    ep_rew_mean      | 41.7     |
|    exploration_rate | 0.05     |
| time/               |          |
|    episodes         | 484      |
|    fps              | 94       |
|    time_elapsed     | 305      |
|    total_timesteps  | 29040    |
| train/              |          |
|    learning_rate    | 0.0001   |
|    loss             | 0.902    |
|    n_updates        | 1752     |
----------------------------------
----------------------------------
| rollout/            |          |
|    ep_len_mean      | 60       |
|    ep_rew_mean      | 41.7     |
|    exploration_rate | 0.05     |
| time/               |          |
|    episodes         | 488      |
|    fps              | 94       |
|    time_elapsed     | 308      |
|    total_timesteps  | 29280    |
| train/              |          |
|    learning_rate    | 0.0001   |
|    loss             | 0.382    |
|    n_updates        | 1767     |
----------------------------------
----------------------------------
| rollout/            |          |
|    ep_len_mean      | 60       |
|    ep_rew_mean      | 41.6     |
|    exploration_rate | 0.05     |
| time/               |          |
|    episodes         | 492      |
|    fps              | 94       |
|    time_elapsed     | 311      |
|    total_timesteps  | 29520    |
| train/              |          |
|    learning_rate    | 0.0001   |
|    loss             | 0.221    |
|    n_updates        | 1782     |
----------------------------------
----------------------------------
| rollout/            |          |
|    ep_len_mean      | 60       |
|    ep_rew_mean      | 41.6     |
|    exploration_rate | 0.05     |
| time/               |          |
|    episodes         | 496      |
|    fps              | 94       |
|    time_elapsed     | 313      |
|    total_timesteps  | 29760    |
| train/              |          |
|    learning_rate    | 0.0001   |
|    loss             | 0.591    |
|    n_updates        | 1797     |
----------------------------------
----------------------------------
| rollout/            |          |
|    ep_len_mean      | 60       |
|    ep_rew_mean      | 41.5     |
|    exploration_rate | 0.05     |
| time/               |          |
|    episodes         | 500      |
|    fps              | 94       |
|    time_elapsed     | 316      |
|    total_timesteps  | 30000    |
| train/              |          |
|    learning_rate    | 0.0001   |
|    loss             | 0.756    |
|    n_updates        | 1812     |
----------------------------------
----------------------------------
| rollout/            |          |
|    ep_len_mean      | 60       |
|    ep_rew_mean      | 41.6     |
|    exploration_rate | 0.05     |
| time/               |          |
|    episodes         | 504      |
|    fps              | 94       |
|    time_elapsed     | 318      |
|    total_timesteps  | 30240    |
| train/              |          |
|    learning_rate    | 0.0001   |
|    loss             | 1.28     |
|    n_updates        | 1827     |
----------------------------------
----------------------------------
| rollout/            |          |
|    ep_len_mean      | 60       |
|    ep_rew_mean      | 41.5     |
|    exploration_rate | 0.05     |
| time/               |          |
|    episodes         | 508      |
|    fps              | 94       |
|    time_elapsed     | 321      |
|    total_timesteps  | 30480    |
| train/              |          |
|    learning_rate    | 0.0001   |
|    loss             | 0.309    |
|    n_updates        | 1842     |
----------------------------------
----------------------------------
| rollout/            |          |
|    ep_len_mean      | 60       |
|    ep_rew_mean      | 41.5     |
|    exploration_rate | 0.05     |
| time/               |          |
|    episodes         | 512      |
|    fps              | 94       |
|    time_elapsed     | 324      |
|    total_timesteps  | 30720    |
| train/              |          |
|    learning_rate    | 0.0001   |
|    loss             | 0.706    |
|    n_updates        | 1857     |
----------------------------------
----------------------------------
| rollout/            |          |
|    ep_len_mean      | 60       |
|    ep_rew_mean      | 41.5     |
|    exploration_rate | 0.05     |
| time/               |          |
|    episodes         | 516      |
|    fps              | 94       |
|    time_elapsed     | 326      |
|    total_timesteps  | 30960    |
| train/              |          |
|    learning_rate    | 0.0001   |
|    loss             | 0.816    |
|    n_updates        | 1872     |
----------------------------------
----------------------------------
| rollout/            |          |
|    ep_len_mean      | 60       |
|    ep_rew_mean      | 41.7     |
|    exploration_rate | 0.05     |
| time/               |          |
|    episodes         | 520      |
|    fps              | 94       |
|    time_elapsed     | 329      |
|    total_timesteps  | 31200    |
| train/              |          |
|    learning_rate    | 0.0001   |
|    loss             | 0.924    |
|    n_updates        | 1887     |
----------------------------------
----------------------------------
| rollout/            |          |
|    ep_len_mean      | 60       |
|    ep_rew_mean      | 41.5     |
|    exploration_rate | 0.05     |
| time/               |          |
|    episodes         | 524      |
|    fps              | 94       |
|    time_elapsed     | 332      |
|    total_timesteps  | 31440    |
| train/              |          |
|    learning_rate    | 0.0001   |
|    loss             | 1.26     |
|    n_updates        | 1902     |
----------------------------------
----------------------------------
| rollout/            |          |
|    ep_len_mean      | 60       |
|    ep_rew_mean      | 41.5     |
|    exploration_rate | 0.05     |
| time/               |          |
|    episodes         | 528      |
|    fps              | 94       |
|    time_elapsed     | 334      |
|    total_timesteps  | 31680    |
| train/              |          |
|    learning_rate    | 0.0001   |
|    loss             | 0.474    |
|    n_updates        | 1917     |
----------------------------------
----------------------------------
| rollout/            |          |
|    ep_len_mean      | 60       |
|    ep_rew_mean      | 41.7     |
|    exploration_rate | 0.05     |
| time/               |          |
|    episodes         | 532      |
|    fps              | 94       |
|    time_elapsed     | 337      |
|    total_timesteps  | 31920    |
| train/              |          |
|    learning_rate    | 0.0001   |
|    loss             | 0.34     |
|    n_updates        | 1932     |
----------------------------------
----------------------------------
| rollout/            |          |
|    ep_len_mean      | 60       |
|    ep_rew_mean      | 41.7     |
|    exploration_rate | 0.05     |
| time/               |          |
|    episodes         | 536      |
|    fps              | 94       |
|    time_elapsed     | 340      |
|    total_timesteps  | 32160    |
| train/              |          |
|    learning_rate    | 0.0001   |
|    loss             | 1.23     |
|    n_updates        | 1947     |
----------------------------------
----------------------------------
| rollout/            |          |
|    ep_len_mean      | 60       |
|    ep_rew_mean      | 41.6     |
|    exploration_rate | 0.05     |
| time/               |          |
|    episodes         | 540      |
|    fps              | 94       |
|    time_elapsed     | 342      |
|    total_timesteps  | 32400    |
| train/              |          |
|    learning_rate    | 0.0001   |
|    loss             | 1.23     |
|    n_updates        | 1962     |
----------------------------------
----------------------------------
| rollout/            |          |
|    ep_len_mean      | 60       |
|    ep_rew_mean      | 41.4     |
|    exploration_rate | 0.05     |
| time/               |          |
|    episodes         | 544      |
|    fps              | 94       |
|    time_elapsed     | 345      |
|    total_timesteps  | 32640    |
| train/              |          |
|    learning_rate    | 0.0001   |
|    loss             | 0.678    |
|    n_updates        | 1977     |
----------------------------------
----------------------------------
| rollout/            |          |
|    ep_len_mean      | 60       |
|    ep_rew_mean      | 41.3     |
|    exploration_rate | 0.05     |
| time/               |          |
|    episodes         | 548      |
|    fps              | 94       |
|    time_elapsed     | 348      |
|    total_timesteps  | 32880    |
| train/              |          |
|    learning_rate    | 0.0001   |
|    loss             | 1.47     |
|    n_updates        | 1992     |
----------------------------------
----------------------------------
| rollout/            |          |
|    ep_len_mean      | 60       |
|    ep_rew_mean      | 41.4     |
|    exploration_rate | 0.05     |
| time/               |          |
|    episodes         | 552      |
|    fps              | 94       |
|    time_elapsed     | 350      |
|    total_timesteps  | 33120    |
| train/              |          |
|    learning_rate    | 0.0001   |
|    loss             | 0.274    |
|    n_updates        | 2007     |
----------------------------------
----------------------------------
| rollout/            |          |
|    ep_len_mean      | 60       |
|    ep_rew_mean      | 41.4     |
|    exploration_rate | 0.05     |
| time/               |          |
|    episodes         | 556      |
|    fps              | 94       |
|    time_elapsed     | 353      |
|    total_timesteps  | 33360    |
| train/              |          |
|    learning_rate    | 0.0001   |
|    loss             | 0.518    |
|    n_updates        | 2022     |
----------------------------------
----------------------------------
| rollout/            |          |
|    ep_len_mean      | 60       |
|    ep_rew_mean      | 41.5     |
|    exploration_rate | 0.05     |
| time/               |          |
|    episodes         | 560      |
|    fps              | 94       |
|    time_elapsed     | 355      |
|    total_timesteps  | 33600    |
| train/              |          |
|    learning_rate    | 0.0001   |
|    loss             | 0.514    |
|    n_updates        | 2037     |
----------------------------------
----------------------------------
| rollout/            |          |
|    ep_len_mean      | 60       |
|    ep_rew_mean      | 41.5     |
|    exploration_rate | 0.05     |
| time/               |          |
|    episodes         | 564      |
|    fps              | 94       |
|    time_elapsed     | 358      |
|    total_timesteps  | 33840    |
| train/              |          |
|    learning_rate    | 0.0001   |
|    loss             | 0.437    |
|    n_updates        | 2052     |
----------------------------------
----------------------------------
| rollout/            |          |
|    ep_len_mean      | 60       |
|    ep_rew_mean      | 41.4     |
|    exploration_rate | 0.05     |
| time/               |          |
|    episodes         | 568      |
|    fps              | 94       |
|    time_elapsed     | 361      |
|    total_timesteps  | 34080    |
| train/              |          |
|    learning_rate    | 0.0001   |
|    loss             | 1.04     |
|    n_updates        | 2067     |
----------------------------------
----------------------------------
| rollout/            |          |
|    ep_len_mean      | 60       |
|    ep_rew_mean      | 41.6     |
|    exploration_rate | 0.05     |
| time/               |          |
|    episodes         | 572      |
|    fps              | 94       |
|    time_elapsed     | 364      |
|    total_timesteps  | 34320    |
| train/              |          |
|    learning_rate    | 0.0001   |
|    loss             | 1.3      |
|    n_updates        | 2082     |
----------------------------------
----------------------------------
| rollout/            |          |
|    ep_len_mean      | 60       |
|    ep_rew_mean      | 41.4     |
|    exploration_rate | 0.05     |
| time/               |          |
|    episodes         | 576      |
|    fps              | 94       |
|    time_elapsed     | 366      |
|    total_timesteps  | 34560    |
| train/              |          |
|    learning_rate    | 0.0001   |
|    loss             | 1.15     |
|    n_updates        | 2097     |
----------------------------------
----------------------------------
| rollout/            |          |
|    ep_len_mean      | 60       |
|    ep_rew_mean      | 41.3     |
|    exploration_rate | 0.05     |
| time/               |          |
|    episodes         | 580      |
|    fps              | 94       |
|    time_elapsed     | 369      |
|    total_timesteps  | 34800    |
| train/              |          |
|    learning_rate    | 0.0001   |
|    loss             | 0.247    |
|    n_updates        | 2112     |
----------------------------------
----------------------------------
| rollout/            |          |
|    ep_len_mean      | 60       |
|    ep_rew_mean      | 41.2     |
|    exploration_rate | 0.05     |
| time/               |          |
|    episodes         | 584      |
|    fps              | 94       |
|    time_elapsed     | 371      |
|    total_timesteps  | 35040    |
| train/              |          |
|    learning_rate    | 0.0001   |
|    loss             | 0.49     |
|    n_updates        | 2127     |
----------------------------------
----------------------------------
| rollout/            |          |
|    ep_len_mean      | 60       |
|    ep_rew_mean      | 41       |
|    exploration_rate | 0.05     |
| time/               |          |
|    episodes         | 588      |
|    fps              | 94       |
|    time_elapsed     | 374      |
|    total_timesteps  | 35280    |
| train/              |          |
|    learning_rate    | 0.0001   |
|    loss             | 0.479    |
|    n_updates        | 2142     |
----------------------------------
----------------------------------
| rollout/            |          |
|    ep_len_mean      | 60       |
|    ep_rew_mean      | 40.9     |
|    exploration_rate | 0.05     |
| time/               |          |
|    episodes         | 592      |
|    fps              | 94       |
|    time_elapsed     | 377      |
|    total_timesteps  | 35520    |
| train/              |          |
|    learning_rate    | 0.0001   |
|    loss             | 0.423    |
|    n_updates        | 2157     |
----------------------------------
----------------------------------
| rollout/            |          |
|    ep_len_mean      | 60       |
|    ep_rew_mean      | 41.1     |
|    exploration_rate | 0.05     |
| time/               |          |
|    episodes         | 596      |
|    fps              | 94       |
|    time_elapsed     | 379      |
|    total_timesteps  | 35760    |
| train/              |          |
|    learning_rate    | 0.0001   |
|    loss             | 0.441    |
|    n_updates        | 2172     |
----------------------------------
----------------------------------
| rollout/            |          |
|    ep_len_mean      | 60       |
|    ep_rew_mean      | 41.1     |
|    exploration_rate | 0.05     |
| time/               |          |
|    episodes         | 600      |
|    fps              | 94       |
|    time_elapsed     | 382      |
|    total_timesteps  | 36000    |
| train/              |          |
|    learning_rate    | 0.0001   |
|    loss             | 0.911    |
|    n_updates        | 2187     |
----------------------------------
----------------------------------
| rollout/            |          |
|    ep_len_mean      | 60       |
|    ep_rew_mean      | 41.2     |
|    exploration_rate | 0.05     |
| time/               |          |
|    episodes         | 604      |
|    fps              | 94       |
|    time_elapsed     | 385      |
|    total_timesteps  | 36240    |
| train/              |          |
|    learning_rate    | 0.0001   |
|    loss             | 0.998    |
|    n_updates        | 2202     |
----------------------------------
----------------------------------
| rollout/            |          |
|    ep_len_mean      | 60       |
|    ep_rew_mean      | 41.2     |
|    exploration_rate | 0.05     |
| time/               |          |
|    episodes         | 608      |
|    fps              | 94       |
|    time_elapsed     | 387      |
|    total_timesteps  | 36480    |
| train/              |          |
|    learning_rate    | 0.0001   |
|    loss             | 0.455    |
|    n_updates        | 2217     |
----------------------------------
----------------------------------
| rollout/            |          |
|    ep_len_mean      | 60       |
|    ep_rew_mean      | 41.2     |
|    exploration_rate | 0.05     |
| time/               |          |
|    episodes         | 612      |
|    fps              | 94       |
|    time_elapsed     | 390      |
|    total_timesteps  | 36720    |
| train/              |          |
|    learning_rate    | 0.0001   |
|    loss             | 0.966    |
|    n_updates        | 2232     |
----------------------------------
----------------------------------
| rollout/            |          |
|    ep_len_mean      | 60       |
|    ep_rew_mean      | 41.1     |
|    exploration_rate | 0.05     |
| time/               |          |
|    episodes         | 616      |
|    fps              | 94       |
|    time_elapsed     | 393      |
|    total_timesteps  | 36960    |
| train/              |          |
|    learning_rate    | 0.0001   |
|    loss             | 0.373    |
|    n_updates        | 2247     |
----------------------------------
----------------------------------
| rollout/            |          |
|    ep_len_mean      | 60       |
|    ep_rew_mean      | 41       |
|    exploration_rate | 0.05     |
| time/               |          |
|    episodes         | 620      |
|    fps              | 93       |
|    time_elapsed     | 395      |
|    total_timesteps  | 37200    |
| train/              |          |
|    learning_rate    | 0.0001   |
|    loss             | 0.856    |
|    n_updates        | 2262     |
----------------------------------
----------------------------------
| rollout/            |          |
|    ep_len_mean      | 60       |
|    ep_rew_mean      | 41.2     |
|    exploration_rate | 0.05     |
| time/               |          |
|    episodes         | 624      |
|    fps              | 93       |
|    time_elapsed     | 398      |
|    total_timesteps  | 37440    |
| train/              |          |
|    learning_rate    | 0.0001   |
|    loss             | 1.51     |
|    n_updates        | 2277     |
----------------------------------
----------------------------------
| rollout/            |          |
|    ep_len_mean      | 60       |
|    ep_rew_mean      | 41.1     |
|    exploration_rate | 0.05     |
| time/               |          |
|    episodes         | 628      |
|    fps              | 93       |
|    time_elapsed     | 401      |
|    total_timesteps  | 37680    |
| train/              |          |
|    learning_rate    | 0.0001   |
|    loss             | 0.307    |
|    n_updates        | 2292     |
----------------------------------
----------------------------------
| rollout/            |          |
|    ep_len_mean      | 60       |
|    ep_rew_mean      | 41.1     |
|    exploration_rate | 0.05     |
| time/               |          |
|    episodes         | 632      |
|    fps              | 93       |
|    time_elapsed     | 403      |
|    total_timesteps  | 37920    |
| train/              |          |
|    learning_rate    | 0.0001   |
|    loss             | 0.631    |
|    n_updates        | 2307     |
----------------------------------
----------------------------------
| rollout/            |          |
|    ep_len_mean      | 60       |
|    ep_rew_mean      | 40.9     |
|    exploration_rate | 0.05     |
| time/               |          |
|    episodes         | 636      |
|    fps              | 93       |
|    time_elapsed     | 406      |
|    total_timesteps  | 38160    |
| train/              |          |
|    learning_rate    | 0.0001   |
|    loss             | 0.815    |
|    n_updates        | 2322     |
----------------------------------
----------------------------------
| rollout/            |          |
|    ep_len_mean      | 60       |
|    ep_rew_mean      | 40.9     |
|    exploration_rate | 0.05     |
| time/               |          |
|    episodes         | 640      |
|    fps              | 93       |
|    time_elapsed     | 409      |
|    total_timesteps  | 38400    |
| train/              |          |
|    learning_rate    | 0.0001   |
|    loss             | 0.42     |
|    n_updates        | 2337     |
----------------------------------
----------------------------------
| rollout/            |          |
|    ep_len_mean      | 60       |
|    ep_rew_mean      | 41.1     |
|    exploration_rate | 0.05     |
| time/               |          |
|    episodes         | 644      |
|    fps              | 93       |
|    time_elapsed     | 411      |
|    total_timesteps  | 38640    |
| train/              |          |
|    learning_rate    | 0.0001   |
|    loss             | 0.4      |
|    n_updates        | 2352     |
----------------------------------
----------------------------------
| rollout/            |          |
|    ep_len_mean      | 60       |
|    ep_rew_mean      | 41       |
|    exploration_rate | 0.05     |
| time/               |          |
|    episodes         | 648      |
|    fps              | 93       |
|    time_elapsed     | 414      |
|    total_timesteps  | 38880    |
| train/              |          |
|    learning_rate    | 0.0001   |
|    loss             | 0.402    |
|    n_updates        | 2367     |
----------------------------------
----------------------------------
| rollout/            |          |
|    ep_len_mean      | 60       |
|    ep_rew_mean      | 41       |
|    exploration_rate | 0.05     |
| time/               |          |
|    episodes         | 652      |
|    fps              | 93       |
|    time_elapsed     | 416      |
|    total_timesteps  | 39120    |
| train/              |          |
|    learning_rate    | 0.0001   |
|    loss             | 0.31     |
|    n_updates        | 2382     |
----------------------------------
----------------------------------
| rollout/            |          |
|    ep_len_mean      | 60       |
|    ep_rew_mean      | 41       |
|    exploration_rate | 0.05     |
| time/               |          |
|    episodes         | 656      |
|    fps              | 93       |
|    time_elapsed     | 419      |
|    total_timesteps  | 39360    |
| train/              |          |
|    learning_rate    | 0.0001   |
|    loss             | 0.417    |
|    n_updates        | 2397     |
----------------------------------
----------------------------------
| rollout/            |          |
|    ep_len_mean      | 60       |
|    ep_rew_mean      | 40.8     |
|    exploration_rate | 0.05     |
| time/               |          |
|    episodes         | 660      |
|    fps              | 93       |
|    time_elapsed     | 422      |
|    total_timesteps  | 39600    |
| train/              |          |
|    learning_rate    | 0.0001   |
|    loss             | 0.374    |
|    n_updates        | 2412     |
----------------------------------
----------------------------------
| rollout/            |          |
|    ep_len_mean      | 60       |
|    ep_rew_mean      | 40.8     |
|    exploration_rate | 0.05     |
| time/               |          |
|    episodes         | 664      |
|    fps              | 93       |
|    time_elapsed     | 425      |
|    total_timesteps  | 39840    |
| train/              |          |
|    learning_rate    | 0.0001   |
|    loss             | 0.815    |
|    n_updates        | 2427     |
----------------------------------
----------------------------------
| rollout/            |          |
|    ep_len_mean      | 60       |
|    ep_rew_mean      | 40.9     |
|    exploration_rate | 0.05     |
| time/               |          |
|    episodes         | 668      |
|    fps              | 93       |
|    time_elapsed     | 427      |
|    total_timesteps  | 40080    |
| train/              |          |
|    learning_rate    | 0.0001   |
|    loss             | 1.59     |
|    n_updates        | 2442     |
----------------------------------
----------------------------------
| rollout/            |          |
|    ep_len_mean      | 60       |
|    ep_rew_mean      | 40.7     |
|    exploration_rate | 0.05     |
| time/               |          |
|    episodes         | 672      |
|    fps              | 93       |
|    time_elapsed     | 430      |
|    total_timesteps  | 40320    |
| train/              |          |
|    learning_rate    | 0.0001   |
|    loss             | 0.219    |
|    n_updates        | 2457     |
----------------------------------
----------------------------------
| rollout/            |          |
|    ep_len_mean      | 60       |
|    ep_rew_mean      | 40.7     |
|    exploration_rate | 0.05     |
| time/               |          |
|    episodes         | 676      |
|    fps              | 93       |
|    time_elapsed     | 433      |
|    total_timesteps  | 40560    |
| train/              |          |
|    learning_rate    | 0.0001   |
|    loss             | 0.358    |
|    n_updates        | 2472     |
----------------------------------
----------------------------------
| rollout/            |          |
|    ep_len_mean      | 60       |
|    ep_rew_mean      | 40.7     |
|    exploration_rate | 0.05     |
| time/               |          |
|    episodes         | 680      |
|    fps              | 93       |
|    time_elapsed     | 435      |
|    total_timesteps  | 40800    |
| train/              |          |
|    learning_rate    | 0.0001   |
|    loss             | 0.212    |
|    n_updates        | 2487     |
----------------------------------
----------------------------------
| rollout/            |          |
|    ep_len_mean      | 60       |
|    ep_rew_mean      | 40.9     |
|    exploration_rate | 0.05     |
| time/               |          |
|    episodes         | 684      |
|    fps              | 93       |
|    time_elapsed     | 438      |
|    total_timesteps  | 41040    |
| train/              |          |
|    learning_rate    | 0.0001   |
|    loss             | 0.903    |
|    n_updates        | 2502     |
----------------------------------
----------------------------------
| rollout/            |          |
|    ep_len_mean      | 60       |
|    ep_rew_mean      | 41       |
|    exploration_rate | 0.05     |
| time/               |          |
|    episodes         | 688      |
|    fps              | 93       |
|    time_elapsed     | 441      |
|    total_timesteps  | 41280    |
| train/              |          |
|    learning_rate    | 0.0001   |
|    loss             | 0.526    |
|    n_updates        | 2517     |
----------------------------------
----------------------------------
| rollout/            |          |
|    ep_len_mean      | 60       |
|    ep_rew_mean      | 41.1     |
|    exploration_rate | 0.05     |
| time/               |          |
|    episodes         | 692      |
|    fps              | 93       |
|    time_elapsed     | 443      |
|    total_timesteps  | 41520    |
| train/              |          |
|    learning_rate    | 0.0001   |
|    loss             | 0.787    |
|    n_updates        | 2532     |
----------------------------------
----------------------------------
| rollout/            |          |
|    ep_len_mean      | 60       |
|    ep_rew_mean      | 41.1     |
|    exploration_rate | 0.05     |
| time/               |          |
|    episodes         | 696      |
|    fps              | 93       |
|    time_elapsed     | 446      |
|    total_timesteps  | 41760    |
| train/              |          |
|    learning_rate    | 0.0001   |
|    loss             | 0.392    |
|    n_updates        | 2547     |
----------------------------------
----------------------------------
| rollout/            |          |
|    ep_len_mean      | 60       |
|    ep_rew_mean      | 40.9     |
|    exploration_rate | 0.05     |
| time/               |          |
|    episodes         | 700      |
|    fps              | 93       |
|    time_elapsed     | 448      |
|    total_timesteps  | 42000    |
| train/              |          |
|    learning_rate    | 0.0001   |
|    loss             | 0.689    |
|    n_updates        | 2562     |
----------------------------------
----------------------------------
| rollout/            |          |
|    ep_len_mean      | 60       |
|    ep_rew_mean      | 40.7     |
|    exploration_rate | 0.05     |
| time/               |          |
|    episodes         | 704      |
|    fps              | 93       |
|    time_elapsed     | 451      |
|    total_timesteps  | 42240    |
| train/              |          |
|    learning_rate    | 0.0001   |
|    loss             | 0.867    |
|    n_updates        | 2577     |
----------------------------------
----------------------------------
| rollout/            |          |
|    ep_len_mean      | 60       |
|    ep_rew_mean      | 40.7     |
|    exploration_rate | 0.05     |
| time/               |          |
|    episodes         | 708      |
|    fps              | 93       |
|    time_elapsed     | 454      |
|    total_timesteps  | 42480    |
| train/              |          |
|    learning_rate    | 0.0001   |
|    loss             | 0.285    |
|    n_updates        | 2592     |
----------------------------------
----------------------------------
| rollout/            |          |
|    ep_len_mean      | 60       |
|    ep_rew_mean      | 40.6     |
|    exploration_rate | 0.05     |
| time/               |          |
|    episodes         | 712      |
|    fps              | 93       |
|    time_elapsed     | 456      |
|    total_timesteps  | 42720    |
| train/              |          |
|    learning_rate    | 0.0001   |
|    loss             | 1.39     |
|    n_updates        | 2607     |
----------------------------------
----------------------------------
| rollout/            |          |
|    ep_len_mean      | 60       |
|    ep_rew_mean      | 40.7     |
|    exploration_rate | 0.05     |
| time/               |          |
|    episodes         | 716      |
|    fps              | 93       |
|    time_elapsed     | 459      |
|    total_timesteps  | 42960    |
| train/              |          |
|    learning_rate    | 0.0001   |
|    loss             | 1.04     |
|    n_updates        | 2622     |
----------------------------------
----------------------------------
| rollout/            |          |
|    ep_len_mean      | 60       |
|    ep_rew_mean      | 40.8     |
|    exploration_rate | 0.05     |
| time/               |          |
|    episodes         | 720      |
|    fps              | 93       |
|    time_elapsed     | 462      |
|    total_timesteps  | 43200    |
| train/              |          |
|    learning_rate    | 0.0001   |
|    loss             | 1.61     |
|    n_updates        | 2637     |
----------------------------------
----------------------------------
| rollout/            |          |
|    ep_len_mean      | 60       |
|    ep_rew_mean      | 40.8     |
|    exploration_rate | 0.05     |
| time/               |          |
|    episodes         | 724      |
|    fps              | 93       |
|    time_elapsed     | 464      |
|    total_timesteps  | 43440    |
| train/              |          |
|    learning_rate    | 0.0001   |
|    loss             | 0.357    |
|    n_updates        | 2652     |
----------------------------------
----------------------------------
| rollout/            |          |
|    ep_len_mean      | 60       |
|    ep_rew_mean      | 40.8     |
|    exploration_rate | 0.05     |
| time/               |          |
|    episodes         | 728      |
|    fps              | 93       |
|    time_elapsed     | 467      |
|    total_timesteps  | 43680    |
| train/              |          |
|    learning_rate    | 0.0001   |
|    loss             | 0.127    |
|    n_updates        | 2667     |
----------------------------------
----------------------------------
| rollout/            |          |
|    ep_len_mean      | 60       |
|    ep_rew_mean      | 40.9     |
|    exploration_rate | 0.05     |
| time/               |          |
|    episodes         | 732      |
|    fps              | 93       |
|    time_elapsed     | 470      |
|    total_timesteps  | 43920    |
| train/              |          |
|    learning_rate    | 0.0001   |
|    loss             | 1.94     |
|    n_updates        | 2682     |
----------------------------------
----------------------------------
| rollout/            |          |
|    ep_len_mean      | 60       |
|    ep_rew_mean      | 40.9     |
|    exploration_rate | 0.05     |
| time/               |          |
|    episodes         | 736      |
|    fps              | 93       |
|    time_elapsed     | 472      |
|    total_timesteps  | 44160    |
| train/              |          |
|    learning_rate    | 0.0001   |
|    loss             | 0.227    |
|    n_updates        | 2697     |
----------------------------------
----------------------------------
| rollout/            |          |
|    ep_len_mean      | 60       |
|    ep_rew_mean      | 41       |
|    exploration_rate | 0.05     |
| time/               |          |
|    episodes         | 740      |
|    fps              | 93       |
|    time_elapsed     | 475      |
|    total_timesteps  | 44400    |
| train/              |          |
|    learning_rate    | 0.0001   |
|    loss             | 0.398    |
|    n_updates        | 2712     |
----------------------------------
----------------------------------
| rollout/            |          |
|    ep_len_mean      | 60       |
|    ep_rew_mean      | 40.9     |
|    exploration_rate | 0.05     |
| time/               |          |
|    episodes         | 744      |
|    fps              | 93       |
|    time_elapsed     | 478      |
|    total_timesteps  | 44640    |
| train/              |          |
|    learning_rate    | 0.0001   |
|    loss             | 0.432    |
|    n_updates        | 2727     |
----------------------------------
----------------------------------
| rollout/            |          |
|    ep_len_mean      | 60       |
|    ep_rew_mean      | 41       |
|    exploration_rate | 0.05     |
| time/               |          |
|    episodes         | 748      |
|    fps              | 93       |
|    time_elapsed     | 480      |
|    total_timesteps  | 44880    |
| train/              |          |
|    learning_rate    | 0.0001   |
|    loss             | 0.534    |
|    n_updates        | 2742     |
----------------------------------
----------------------------------
| rollout/            |          |
|    ep_len_mean      | 60       |
|    ep_rew_mean      | 41.1     |
|    exploration_rate | 0.05     |
| time/               |          |
|    episodes         | 752      |
|    fps              | 93       |
|    time_elapsed     | 483      |
|    total_timesteps  | 45120    |
| train/              |          |
|    learning_rate    | 0.0001   |
|    loss             | 0.244    |
|    n_updates        | 2757     |
----------------------------------
----------------------------------
| rollout/            |          |
|    ep_len_mean      | 60       |
|    ep_rew_mean      | 41.1     |
|    exploration_rate | 0.05     |
| time/               |          |
|    episodes         | 756      |
|    fps              | 93       |
|    time_elapsed     | 486      |
|    total_timesteps  | 45360    |
| train/              |          |
|    learning_rate    | 0.0001   |
|    loss             | 0.789    |
|    n_updates        | 2772     |
----------------------------------
----------------------------------
| rollout/            |          |
|    ep_len_mean      | 60       |
|    ep_rew_mean      | 41.1     |
|    exploration_rate | 0.05     |
| time/               |          |
|    episodes         | 760      |
|    fps              | 93       |
|    time_elapsed     | 488      |
|    total_timesteps  | 45600    |
| train/              |          |
|    learning_rate    | 0.0001   |
|    loss             | 0.295    |
|    n_updates        | 2787     |
----------------------------------
----------------------------------
| rollout/            |          |
|    ep_len_mean      | 60       |
|    ep_rew_mean      | 41.2     |
|    exploration_rate | 0.05     |
| time/               |          |
|    episodes         | 764      |
|    fps              | 93       |
|    time_elapsed     | 491      |
|    total_timesteps  | 45840    |
| train/              |          |
|    learning_rate    | 0.0001   |
|    loss             | 0.207    |
|    n_updates        | 2802     |
----------------------------------
----------------------------------
| rollout/            |          |
|    ep_len_mean      | 60       |
|    ep_rew_mean      | 41.2     |
|    exploration_rate | 0.05     |
| time/               |          |
|    episodes         | 768      |
|    fps              | 93       |
|    time_elapsed     | 494      |
|    total_timesteps  | 46080    |
| train/              |          |
|    learning_rate    | 0.0001   |
|    loss             | 1.1      |
|    n_updates        | 2817     |
----------------------------------
----------------------------------
| rollout/            |          |
|    ep_len_mean      | 60       |
|    ep_rew_mean      | 41.3     |
|    exploration_rate | 0.05     |
| time/               |          |
|    episodes         | 772      |
|    fps              | 93       |
|    time_elapsed     | 496      |
|    total_timesteps  | 46320    |
| train/              |          |
|    learning_rate    | 0.0001   |
|    loss             | 0.348    |
|    n_updates        | 2832     |
----------------------------------
----------------------------------
| rollout/            |          |
|    ep_len_mean      | 60       |
|    ep_rew_mean      | 41.3     |
|    exploration_rate | 0.05     |
| time/               |          |
|    episodes         | 776      |
|    fps              | 93       |
|    time_elapsed     | 499      |
|    total_timesteps  | 46560    |
| train/              |          |
|    learning_rate    | 0.0001   |
|    loss             | 0.276    |
|    n_updates        | 2847     |
----------------------------------
----------------------------------
| rollout/            |          |
|    ep_len_mean      | 60       |
|    ep_rew_mean      | 41.5     |
|    exploration_rate | 0.05     |
| time/               |          |
|    episodes         | 780      |
|    fps              | 93       |
|    time_elapsed     | 502      |
|    total_timesteps  | 46800    |
| train/              |          |
|    learning_rate    | 0.0001   |
|    loss             | 0.472    |
|    n_updates        | 2862     |
----------------------------------
----------------------------------
| rollout/            |          |
|    ep_len_mean      | 60       |
|    ep_rew_mean      | 41.4     |
|    exploration_rate | 0.05     |
| time/               |          |
|    episodes         | 784      |
|    fps              | 93       |
|    time_elapsed     | 504      |
|    total_timesteps  | 47040    |
| train/              |          |
|    learning_rate    | 0.0001   |
|    loss             | 0.363    |
|    n_updates        | 2877     |
----------------------------------
----------------------------------
| rollout/            |          |
|    ep_len_mean      | 60       |
|    ep_rew_mean      | 41.4     |
|    exploration_rate | 0.05     |
| time/               |          |
|    episodes         | 788      |
|    fps              | 93       |
|    time_elapsed     | 506      |
|    total_timesteps  | 47280    |
| train/              |          |
|    learning_rate    | 0.0001   |
|    loss             | 0.0944   |
|    n_updates        | 2892     |
----------------------------------
----------------------------------
| rollout/            |          |
|    ep_len_mean      | 60       |
|    ep_rew_mean      | 41.3     |
|    exploration_rate | 0.05     |
| time/               |          |
|    episodes         | 792      |
|    fps              | 93       |
|    time_elapsed     | 509      |
|    total_timesteps  | 47520    |
| train/              |          |
|    learning_rate    | 0.0001   |
|    loss             | 0.206    |
|    n_updates        | 2907     |
----------------------------------
----------------------------------
| rollout/            |          |
|    ep_len_mean      | 60       |
|    ep_rew_mean      | 41.4     |
|    exploration_rate | 0.05     |
| time/               |          |
|    episodes         | 796      |
|    fps              | 93       |
|    time_elapsed     | 511      |
|    total_timesteps  | 47760    |
| train/              |          |
|    learning_rate    | 0.0001   |
|    loss             | 0.464    |
|    n_updates        | 2922     |
----------------------------------
----------------------------------
| rollout/            |          |
|    ep_len_mean      | 60       |
|    ep_rew_mean      | 41.6     |
|    exploration_rate | 0.05     |
| time/               |          |
|    episodes         | 800      |
|    fps              | 93       |
|    time_elapsed     | 513      |
|    total_timesteps  | 48000    |
| train/              |          |
|    learning_rate    | 0.0001   |
|    loss             | 0.931    |
|    n_updates        | 2937     |
----------------------------------
----------------------------------
| rollout/            |          |
|    ep_len_mean      | 60       |
|    ep_rew_mean      | 41.6     |
|    exploration_rate | 0.05     |
| time/               |          |
|    episodes         | 804      |
|    fps              | 93       |
|    time_elapsed     | 515      |
|    total_timesteps  | 48240    |
| train/              |          |
|    learning_rate    | 0.0001   |
|    loss             | 0.692    |
|    n_updates        | 2952     |
----------------------------------
----------------------------------
| rollout/            |          |
|    ep_len_mean      | 60       |
|    ep_rew_mean      | 41.7     |
|    exploration_rate | 0.05     |
| time/               |          |
|    episodes         | 808      |
|    fps              | 93       |
|    time_elapsed     | 517      |
|    total_timesteps  | 48480    |
| train/              |          |
|    learning_rate    | 0.0001   |
|    loss             | 0.767    |
|    n_updates        | 2967     |
----------------------------------
----------------------------------
| rollout/            |          |
|    ep_len_mean      | 60       |
|    ep_rew_mean      | 41.8     |
|    exploration_rate | 0.05     |
| time/               |          |
|    episodes         | 812      |
|    fps              | 93       |
|    time_elapsed     | 519      |
|    total_timesteps  | 48720    |
| train/              |          |
|    learning_rate    | 0.0001   |
|    loss             | 0.146    |
|    n_updates        | 2982     |
----------------------------------
----------------------------------
| rollout/            |          |
|    ep_len_mean      | 60       |
|    ep_rew_mean      | 41.7     |
|    exploration_rate | 0.05     |
| time/               |          |
|    episodes         | 816      |
|    fps              | 93       |
|    time_elapsed     | 522      |
|    total_timesteps  | 48960    |
| train/              |          |
|    learning_rate    | 0.0001   |
|    loss             | 0.286    |
|    n_updates        | 2997     |
----------------------------------
----------------------------------
| rollout/            |          |
|    ep_len_mean      | 60       |
|    ep_rew_mean      | 41.7     |
|    exploration_rate | 0.05     |
| time/               |          |
|    episodes         | 820      |
|    fps              | 93       |
|    time_elapsed     | 524      |
|    total_timesteps  | 49200    |
| train/              |          |
|    learning_rate    | 0.0001   |
|    loss             | 0.858    |
|    n_updates        | 3012     |
----------------------------------
----------------------------------
| rollout/            |          |
|    ep_len_mean      | 60       |
|    ep_rew_mean      | 41.7     |
|    exploration_rate | 0.05     |
| time/               |          |
|    episodes         | 824      |
|    fps              | 93       |
|    time_elapsed     | 526      |
|    total_timesteps  | 49440    |
| train/              |          |
|    learning_rate    | 0.0001   |
|    loss             | 0.513    |
|    n_updates        | 3027     |
----------------------------------
----------------------------------
| rollout/            |          |
|    ep_len_mean      | 60       |
|    ep_rew_mean      | 41.6     |
|    exploration_rate | 0.05     |
| time/               |          |
|    episodes         | 828      |
|    fps              | 94       |
|    time_elapsed     | 528      |
|    total_timesteps  | 49680    |
| train/              |          |
|    learning_rate    | 0.0001   |
|    loss             | 0.172    |
|    n_updates        | 3042     |
----------------------------------
----------------------------------
| rollout/            |          |
|    ep_len_mean      | 60       |
|    ep_rew_mean      | 41.6     |
|    exploration_rate | 0.05     |
| time/               |          |
|    episodes         | 832      |
|    fps              | 94       |
|    time_elapsed     | 530      |
|    total_timesteps  | 49920    |
| train/              |          |
|    learning_rate    | 0.0001   |
|    loss             | 0.284    |
|    n_updates        | 3057     |
----------------------------------
----------------------------------
| rollout/            |          |
|    ep_len_mean      | 60       |
|    ep_rew_mean      | 41.5     |
|    exploration_rate | 0.05     |
| time/               |          |
|    episodes         | 836      |
|    fps              | 94       |
|    time_elapsed     | 532      |
|    total_timesteps  | 50160    |
| train/              |          |
|    learning_rate    | 0.0001   |
|    loss             | 0.372    |
|    n_updates        | 3072     |
----------------------------------
----------------------------------
| rollout/            |          |
|    ep_len_mean      | 60       |
|    ep_rew_mean      | 41.4     |
|    exploration_rate | 0.05     |
| time/               |          |
|    episodes         | 840      |
|    fps              | 94       |
|    time_elapsed     | 534      |
|    total_timesteps  | 50400    |
| train/              |          |
|    learning_rate    | 0.0001   |
|    loss             | 1.03     |
|    n_updates        | 3087     |
----------------------------------
----------------------------------
| rollout/            |          |
|    ep_len_mean      | 60       |
|    ep_rew_mean      | 41.4     |
|    exploration_rate | 0.05     |
| time/               |          |
|    episodes         | 844      |
|    fps              | 94       |
|    time_elapsed     | 536      |
|    total_timesteps  | 50640    |
| train/              |          |
|    learning_rate    | 0.0001   |
|    loss             | 0.162    |
|    n_updates        | 3102     |
----------------------------------
----------------------------------
| rollout/            |          |
|    ep_len_mean      | 60       |
|    ep_rew_mean      | 41.4     |
|    exploration_rate | 0.05     |
| time/               |          |
|    episodes         | 848      |
|    fps              | 94       |
|    time_elapsed     | 538      |
|    total_timesteps  | 50880    |
| train/              |          |
|    learning_rate    | 0.0001   |
|    loss             | 0.142    |
|    n_updates        | 3117     |
----------------------------------
----------------------------------
| rollout/            |          |
|    ep_len_mean      | 60       |
|    ep_rew_mean      | 41.3     |
|    exploration_rate | 0.05     |
| time/               |          |
|    episodes         | 852      |
|    fps              | 94       |
|    time_elapsed     | 540      |
|    total_timesteps  | 51120    |
| train/              |          |
|    learning_rate    | 0.0001   |
|    loss             | 0.941    |
|    n_updates        | 3132     |
----------------------------------
----------------------------------
| rollout/            |          |
|    ep_len_mean      | 60       |
|    ep_rew_mean      | 41.5     |
|    exploration_rate | 0.05     |
| time/               |          |
|    episodes         | 856      |
|    fps              | 94       |
|    time_elapsed     | 543      |
|    total_timesteps  | 51360    |
| train/              |          |
|    learning_rate    | 0.0001   |
|    loss             | 0.129    |
|    n_updates        | 3147     |
----------------------------------
----------------------------------
| rollout/            |          |
|    ep_len_mean      | 60       |
|    ep_rew_mean      | 41.5     |
|    exploration_rate | 0.05     |
| time/               |          |
|    episodes         | 860      |
|    fps              | 94       |
|    time_elapsed     | 545      |
|    total_timesteps  | 51600    |
| train/              |          |
|    learning_rate    | 0.0001   |
|    loss             | 1.34     |
|    n_updates        | 3162     |
----------------------------------
----------------------------------
| rollout/            |          |
|    ep_len_mean      | 60       |
|    ep_rew_mean      | 41.3     |
|    exploration_rate | 0.05     |
| time/               |          |
|    episodes         | 864      |
|    fps              | 94       |
|    time_elapsed     | 547      |
|    total_timesteps  | 51840    |
| train/              |          |
|    learning_rate    | 0.0001   |
|    loss             | 1.83     |
|    n_updates        | 3177     |
----------------------------------
----------------------------------
| rollout/            |          |
|    ep_len_mean      | 60       |
|    ep_rew_mean      | 41.3     |
|    exploration_rate | 0.05     |
| time/               |          |
|    episodes         | 868      |
|    fps              | 94       |
|    time_elapsed     | 549      |
|    total_timesteps  | 52080    |
| train/              |          |
|    learning_rate    | 0.0001   |
|    loss             | 1.07     |
|    n_updates        | 3192     |
----------------------------------
----------------------------------
| rollout/            |          |
|    ep_len_mean      | 60       |
|    ep_rew_mean      | 41.3     |
|    exploration_rate | 0.05     |
| time/               |          |
|    episodes         | 872      |
|    fps              | 94       |
|    time_elapsed     | 551      |
|    total_timesteps  | 52320    |
| train/              |          |
|    learning_rate    | 0.0001   |
|    loss             | 0.248    |
|    n_updates        | 3207     |
----------------------------------
----------------------------------
| rollout/            |          |
|    ep_len_mean      | 60       |
|    ep_rew_mean      | 41.3     |
|    exploration_rate | 0.05     |
| time/               |          |
|    episodes         | 876      |
|    fps              | 94       |
|    time_elapsed     | 554      |
|    total_timesteps  | 52560    |
| train/              |          |
|    learning_rate    | 0.0001   |
|    loss             | 0.971    |
|    n_updates        | 3222     |
----------------------------------
----------------------------------
| rollout/            |          |
|    ep_len_mean      | 60       |
|    ep_rew_mean      | 41.3     |
|    exploration_rate | 0.05     |
| time/               |          |
|    episodes         | 880      |
|    fps              | 94       |
|    time_elapsed     | 556      |
|    total_timesteps  | 52800    |
| train/              |          |
|    learning_rate    | 0.0001   |
|    loss             | 1.61     |
|    n_updates        | 3237     |
----------------------------------
----------------------------------
| rollout/            |          |
|    ep_len_mean      | 60       |
|    ep_rew_mean      | 41.2     |
|    exploration_rate | 0.05     |
| time/               |          |
|    episodes         | 884      |
|    fps              | 94       |
|    time_elapsed     | 558      |
|    total_timesteps  | 53040    |
| train/              |          |
|    learning_rate    | 0.0001   |
|    loss             | 1.23     |
|    n_updates        | 3252     |
----------------------------------
----------------------------------
| rollout/            |          |
|    ep_len_mean      | 60       |
|    ep_rew_mean      | 41.2     |
|    exploration_rate | 0.05     |
| time/               |          |
|    episodes         | 888      |
|    fps              | 95       |
|    time_elapsed     | 560      |
|    total_timesteps  | 53280    |
| train/              |          |
|    learning_rate    | 0.0001   |
|    loss             | 1.14     |
|    n_updates        | 3267     |
----------------------------------
----------------------------------
| rollout/            |          |
|    ep_len_mean      | 60       |
|    ep_rew_mean      | 41.1     |
|    exploration_rate | 0.05     |
| time/               |          |
|    episodes         | 892      |
|    fps              | 95       |
|    time_elapsed     | 562      |
|    total_timesteps  | 53520    |
| train/              |          |
|    learning_rate    | 0.0001   |
|    loss             | 0.998    |
|    n_updates        | 3282     |
----------------------------------
----------------------------------
| rollout/            |          |
|    ep_len_mean      | 60       |
|    ep_rew_mean      | 41       |
|    exploration_rate | 0.05     |
| time/               |          |
|    episodes         | 896      |
|    fps              | 95       |
|    time_elapsed     | 564      |
|    total_timesteps  | 53760    |
| train/              |          |
|    learning_rate    | 0.0001   |
|    loss             | 2.7      |
|    n_updates        | 3297     |
----------------------------------
----------------------------------
| rollout/            |          |
|    ep_len_mean      | 60       |
|    ep_rew_mean      | 41       |
|    exploration_rate | 0.05     |
| time/               |          |
|    episodes         | 900      |
|    fps              | 95       |
|    time_elapsed     | 567      |
|    total_timesteps  | 54000    |
| train/              |          |
|    learning_rate    | 0.0001   |
|    loss             | 0.488    |
|    n_updates        | 3312     |
----------------------------------
----------------------------------
| rollout/            |          |
|    ep_len_mean      | 60       |
|    ep_rew_mean      | 41       |
|    exploration_rate | 0.05     |
| time/               |          |
|    episodes         | 904      |
|    fps              | 95       |
|    time_elapsed     | 569      |
|    total_timesteps  | 54240    |
| train/              |          |
|    learning_rate    | 0.0001   |
|    loss             | 0.557    |
|    n_updates        | 3327     |
----------------------------------
----------------------------------
| rollout/            |          |
|    ep_len_mean      | 60       |
|    ep_rew_mean      | 40.7     |
|    exploration_rate | 0.05     |
| time/               |          |
|    episodes         | 908      |
|    fps              | 95       |
|    time_elapsed     | 571      |
|    total_timesteps  | 54480    |
| train/              |          |
|    learning_rate    | 0.0001   |
|    loss             | 2        |
|    n_updates        | 3342     |
----------------------------------
----------------------------------
| rollout/            |          |
|    ep_len_mean      | 60       |
|    ep_rew_mean      | 40.8     |
|    exploration_rate | 0.05     |
| time/               |          |
|    episodes         | 912      |
|    fps              | 95       |
|    time_elapsed     | 573      |
|    total_timesteps  | 54720    |
| train/              |          |
|    learning_rate    | 0.0001   |
|    loss             | 1.19     |
|    n_updates        | 3357     |
----------------------------------
----------------------------------
| rollout/            |          |
|    ep_len_mean      | 60       |
|    ep_rew_mean      | 40.9     |
|    exploration_rate | 0.05     |
| time/               |          |
|    episodes         | 916      |
|    fps              | 95       |
|    time_elapsed     | 575      |
|    total_timesteps  | 54960    |
| train/              |          |
|    learning_rate    | 0.0001   |
|    loss             | 0.18     |
|    n_updates        | 3372     |
----------------------------------
----------------------------------
| rollout/            |          |
|    ep_len_mean      | 60       |
|    ep_rew_mean      | 41       |
|    exploration_rate | 0.05     |
| time/               |          |
|    episodes         | 920      |
|    fps              | 95       |
|    time_elapsed     | 578      |
|    total_timesteps  | 55200    |
| train/              |          |
|    learning_rate    | 0.0001   |
|    loss             | 2.6      |
|    n_updates        | 3387     |
----------------------------------
----------------------------------
| rollout/            |          |
|    ep_len_mean      | 60       |
|    ep_rew_mean      | 41       |
|    exploration_rate | 0.05     |
| time/               |          |
|    episodes         | 924      |
|    fps              | 95       |
|    time_elapsed     | 580      |
|    total_timesteps  | 55440    |
| train/              |          |
|    learning_rate    | 0.0001   |
|    loss             | 0.99     |
|    n_updates        | 3402     |
----------------------------------
----------------------------------
| rollout/            |          |
|    ep_len_mean      | 60       |
|    ep_rew_mean      | 41       |
|    exploration_rate | 0.05     |
| time/               |          |
|    episodes         | 928      |
|    fps              | 95       |
|    time_elapsed     | 582      |
|    total_timesteps  | 55680    |
| train/              |          |
|    learning_rate    | 0.0001   |
|    loss             | 0.183    |
|    n_updates        | 3417     |
----------------------------------
----------------------------------
| rollout/            |          |
|    ep_len_mean      | 60       |
|    ep_rew_mean      | 40.9     |
|    exploration_rate | 0.05     |
| time/               |          |
|    episodes         | 932      |
|    fps              | 95       |
|    time_elapsed     | 584      |
|    total_timesteps  | 55920    |
| train/              |          |
|    learning_rate    | 0.0001   |
|    loss             | 0.336    |
|    n_updates        | 3432     |
----------------------------------
----------------------------------
| rollout/            |          |
|    ep_len_mean      | 60       |
|    ep_rew_mean      | 41       |
|    exploration_rate | 0.05     |
| time/               |          |
|    episodes         | 936      |
|    fps              | 95       |
|    time_elapsed     | 586      |
|    total_timesteps  | 56160    |
| train/              |          |
|    learning_rate    | 0.0001   |
|    loss             | 0.188    |
|    n_updates        | 3447     |
----------------------------------
----------------------------------
| rollout/            |          |
|    ep_len_mean      | 60       |
|    ep_rew_mean      | 40.9     |
|    exploration_rate | 0.05     |
| time/               |          |
|    episodes         | 940      |
|    fps              | 95       |
|    time_elapsed     | 588      |
|    total_timesteps  | 56400    |
| train/              |          |
|    learning_rate    | 0.0001   |
|    loss             | 1.35     |
|    n_updates        | 3462     |
----------------------------------
----------------------------------
| rollout/            |          |
|    ep_len_mean      | 60       |
|    ep_rew_mean      | 40.9     |
|    exploration_rate | 0.05     |
| time/               |          |
|    episodes         | 944      |
|    fps              | 95       |
|    time_elapsed     | 590      |
|    total_timesteps  | 56640    |
| train/              |          |
|    learning_rate    | 0.0001   |
|    loss             | 1.1      |
|    n_updates        | 3477     |
----------------------------------
----------------------------------
| rollout/            |          |
|    ep_len_mean      | 60       |
|    ep_rew_mean      | 41.1     |
|    exploration_rate | 0.05     |
| time/               |          |
|    episodes         | 948      |
|    fps              | 95       |
|    time_elapsed     | 593      |
|    total_timesteps  | 56880    |
| train/              |          |
|    learning_rate    | 0.0001   |
|    loss             | 0.0941   |
|    n_updates        | 3492     |
----------------------------------
----------------------------------
| rollout/            |          |
|    ep_len_mean      | 60       |
|    ep_rew_mean      | 41.2     |
|    exploration_rate | 0.05     |
| time/               |          |
|    episodes         | 952      |
|    fps              | 95       |
|    time_elapsed     | 595      |
|    total_timesteps  | 57120    |
| train/              |          |
|    learning_rate    | 0.0001   |
|    loss             | 0.203    |
|    n_updates        | 3507     |
----------------------------------
----------------------------------
| rollout/            |          |
|    ep_len_mean      | 60       |
|    ep_rew_mean      | 41.1     |
|    exploration_rate | 0.05     |
| time/               |          |
|    episodes         | 956      |
|    fps              | 95       |
|    time_elapsed     | 598      |
|    total_timesteps  | 57360    |
| train/              |          |
|    learning_rate    | 0.0001   |
|    loss             | 0.378    |
|    n_updates        | 3522     |
----------------------------------
----------------------------------
| rollout/            |          |
|    ep_len_mean      | 60       |
|    ep_rew_mean      | 41.2     |
|    exploration_rate | 0.05     |
| time/               |          |
|    episodes         | 960      |
|    fps              | 95       |
|    time_elapsed     | 601      |
|    total_timesteps  | 57600    |
| train/              |          |
|    learning_rate    | 0.0001   |
|    loss             | 1.18     |
|    n_updates        | 3537     |
----------------------------------
----------------------------------
| rollout/            |          |
|    ep_len_mean      | 60       |
|    ep_rew_mean      | 41.1     |
|    exploration_rate | 0.05     |
| time/               |          |
|    episodes         | 964      |
|    fps              | 95       |
|    time_elapsed     | 603      |
|    total_timesteps  | 57840    |
| train/              |          |
|    learning_rate    | 0.0001   |
|    loss             | 0.961    |
|    n_updates        | 3552     |
----------------------------------
----------------------------------
| rollout/            |          |
|    ep_len_mean      | 60       |
|    ep_rew_mean      | 41.2     |
|    exploration_rate | 0.05     |
| time/               |          |
|    episodes         | 968      |
|    fps              | 95       |
|    time_elapsed     | 606      |
|    total_timesteps  | 58080    |
| train/              |          |
|    learning_rate    | 0.0001   |
|    loss             | 1.74     |
|    n_updates        | 3567     |
----------------------------------
----------------------------------
| rollout/            |          |
|    ep_len_mean      | 60       |
|    ep_rew_mean      | 41.1     |
|    exploration_rate | 0.05     |
| time/               |          |
|    episodes         | 972      |
|    fps              | 95       |
|    time_elapsed     | 609      |
|    total_timesteps  | 58320    |
| train/              |          |
|    learning_rate    | 0.0001   |
|    loss             | 0.081    |
|    n_updates        | 3582     |
----------------------------------
----------------------------------
| rollout/            |          |
|    ep_len_mean      | 60       |
|    ep_rew_mean      | 41.1     |
|    exploration_rate | 0.05     |
| time/               |          |
|    episodes         | 976      |
|    fps              | 95       |
|    time_elapsed     | 612      |
|    total_timesteps  | 58560    |
| train/              |          |
|    learning_rate    | 0.0001   |
|    loss             | 0.179    |
|    n_updates        | 3597     |
----------------------------------
----------------------------------
| rollout/            |          |
|    ep_len_mean      | 60       |
|    ep_rew_mean      | 41.1     |
|    exploration_rate | 0.05     |
| time/               |          |
|    episodes         | 980      |
|    fps              | 95       |
|    time_elapsed     | 614      |
|    total_timesteps  | 58800    |
| train/              |          |
|    learning_rate    | 0.0001   |
|    loss             | 0.972    |
|    n_updates        | 3612     |
----------------------------------
----------------------------------
| rollout/            |          |
|    ep_len_mean      | 60       |
|    ep_rew_mean      | 41.1     |
|    exploration_rate | 0.05     |
| time/               |          |
|    episodes         | 984      |
|    fps              | 95       |
|    time_elapsed     | 617      |
|    total_timesteps  | 59040    |
| train/              |          |
|    learning_rate    | 0.0001   |
|    loss             | 0.201    |
|    n_updates        | 3627     |
----------------------------------
----------------------------------
| rollout/            |          |
|    ep_len_mean      | 60       |
|    ep_rew_mean      | 40.9     |
|    exploration_rate | 0.05     |
| time/               |          |
|    episodes         | 988      |
|    fps              | 95       |
|    time_elapsed     | 620      |
|    total_timesteps  | 59280    |
| train/              |          |
|    learning_rate    | 0.0001   |
|    loss             | 0.973    |
|    n_updates        | 3642     |
----------------------------------
----------------------------------
| rollout/            |          |
|    ep_len_mean      | 60       |
|    ep_rew_mean      | 41.2     |
|    exploration_rate | 0.05     |
| time/               |          |
|    episodes         | 992      |
|    fps              | 95       |
|    time_elapsed     | 623      |
|    total_timesteps  | 59520    |
| train/              |          |
|    learning_rate    | 0.0001   |
|    loss             | 0.295    |
|    n_updates        | 3657     |
----------------------------------
----------------------------------
| rollout/            |          |
|    ep_len_mean      | 60       |
|    ep_rew_mean      | 41.1     |
|    exploration_rate | 0.05     |
| time/               |          |
|    episodes         | 996      |
|    fps              | 95       |
|    time_elapsed     | 626      |
|    total_timesteps  | 59760    |
| train/              |          |
|    learning_rate    | 0.0001   |
|    loss             | 1.22     |
|    n_updates        | 3672     |
----------------------------------
----------------------------------
| rollout/            |          |
|    ep_len_mean      | 60       |
|    ep_rew_mean      | 41.2     |
|    exploration_rate | 0.05     |
| time/               |          |
|    episodes         | 1000     |
|    fps              | 95       |
|    time_elapsed     | 629      |
|    total_timesteps  | 60000    |
| train/              |          |
|    learning_rate    | 0.0001   |
|    loss             | 0.359    |
|    n_updates        | 3687     |
----------------------------------
----------------------------------
| rollout/            |          |
|    ep_len_mean      | 60       |
|    ep_rew_mean      | 41.3     |
|    exploration_rate | 0.05     |
| time/               |          |
|    episodes         | 1004     |
|    fps              | 95       |
|    time_elapsed     | 632      |
|    total_timesteps  | 60240    |
| train/              |          |
|    learning_rate    | 0.0001   |
|    loss             | 1.19     |
|    n_updates        | 3702     |
----------------------------------
----------------------------------
| rollout/            |          |
|    ep_len_mean      | 60       |
|    ep_rew_mean      | 41.6     |
|    exploration_rate | 0.05     |
| time/               |          |
|    episodes         | 1008     |
|    fps              | 95       |
|    time_elapsed     | 634      |
|    total_timesteps  | 60480    |
| train/              |          |
|    learning_rate    | 0.0001   |
|    loss             | 0.16     |
|    n_updates        | 3717     |
----------------------------------
----------------------------------
| rollout/            |          |
|    ep_len_mean      | 60       |
|    ep_rew_mean      | 41.6     |
|    exploration_rate | 0.05     |
| time/               |          |
|    episodes         | 1012     |
|    fps              | 95       |
|    time_elapsed     | 637      |
|    total_timesteps  | 60720    |
| train/              |          |
|    learning_rate    | 0.0001   |
|    loss             | 0.212    |
|    n_updates        | 3732     |
----------------------------------
----------------------------------
| rollout/            |          |
|    ep_len_mean      | 60       |
|    ep_rew_mean      | 41.6     |
|    exploration_rate | 0.05     |
| time/               |          |
|    episodes         | 1016     |
|    fps              | 95       |
|    time_elapsed     | 640      |
|    total_timesteps  | 60960    |
| train/              |          |
|    learning_rate    | 0.0001   |
|    loss             | 0.0781   |
|    n_updates        | 3747     |
----------------------------------
----------------------------------
| rollout/            |          |
|    ep_len_mean      | 60       |
|    ep_rew_mean      | 41.5     |
|    exploration_rate | 0.05     |
| time/               |          |
|    episodes         | 1020     |
|    fps              | 95       |
|    time_elapsed     | 643      |
|    total_timesteps  | 61200    |
| train/              |          |
|    learning_rate    | 0.0001   |
|    loss             | 0.333    |
|    n_updates        | 3762     |
----------------------------------
----------------------------------
| rollout/            |          |
|    ep_len_mean      | 60       |
|    ep_rew_mean      | 41.5     |
|    exploration_rate | 0.05     |
| time/               |          |
|    episodes         | 1024     |
|    fps              | 95       |
|    time_elapsed     | 646      |
|    total_timesteps  | 61440    |
| train/              |          |
|    learning_rate    | 0.0001   |
|    loss             | 1.08     |
|    n_updates        | 3777     |
----------------------------------
----------------------------------
| rollout/            |          |
|    ep_len_mean      | 60       |
|    ep_rew_mean      | 41.6     |
|    exploration_rate | 0.05     |
| time/               |          |
|    episodes         | 1028     |
|    fps              | 94       |
|    time_elapsed     | 649      |
|    total_timesteps  | 61680    |
| train/              |          |
|    learning_rate    | 0.0001   |
|    loss             | 0.295    |
|    n_updates        | 3792     |
----------------------------------
----------------------------------
| rollout/            |          |
|    ep_len_mean      | 60       |
|    ep_rew_mean      | 41.7     |
|    exploration_rate | 0.05     |
| time/               |          |
|    episodes         | 1032     |
|    fps              | 94       |
|    time_elapsed     | 652      |
|    total_timesteps  | 61920    |
| train/              |          |
|    learning_rate    | 0.0001   |
|    loss             | 1.84     |
|    n_updates        | 3807     |
----------------------------------
----------------------------------
| rollout/            |          |
|    ep_len_mean      | 60       |
|    ep_rew_mean      | 41.6     |
|    exploration_rate | 0.05     |
| time/               |          |
|    episodes         | 1036     |
|    fps              | 94       |
|    time_elapsed     | 655      |
|    total_timesteps  | 62160    |
| train/              |          |
|    learning_rate    | 0.0001   |
|    loss             | 1.13     |
|    n_updates        | 3822     |
----------------------------------
----------------------------------
| rollout/            |          |
|    ep_len_mean      | 60       |
|    ep_rew_mean      | 41.6     |
|    exploration_rate | 0.05     |
| time/               |          |
|    episodes         | 1040     |
|    fps              | 94       |
|    time_elapsed     | 657      |
|    total_timesteps  | 62400    |
| train/              |          |
|    learning_rate    | 0.0001   |
|    loss             | 0.117    |
|    n_updates        | 3837     |
----------------------------------
----------------------------------
| rollout/            |          |
|    ep_len_mean      | 60       |
|    ep_rew_mean      | 41.6     |
|    exploration_rate | 0.05     |
| time/               |          |
|    episodes         | 1044     |
|    fps              | 94       |
|    time_elapsed     | 660      |
|    total_timesteps  | 62640    |
| train/              |          |
|    learning_rate    | 0.0001   |
|    loss             | 1.2      |
|    n_updates        | 3852     |
----------------------------------
----------------------------------
| rollout/            |          |
|    ep_len_mean      | 60       |
|    ep_rew_mean      | 41.6     |
|    exploration_rate | 0.05     |
| time/               |          |
|    episodes         | 1048     |
|    fps              | 94       |
|    time_elapsed     | 663      |
|    total_timesteps  | 62880    |
| train/              |          |
|    learning_rate    | 0.0001   |
|    loss             | 1.4      |
|    n_updates        | 3867     |
----------------------------------
----------------------------------
| rollout/            |          |
|    ep_len_mean      | 60       |
|    ep_rew_mean      | 41.3     |
|    exploration_rate | 0.05     |
| time/               |          |
|    episodes         | 1052     |
|    fps              | 94       |
|    time_elapsed     | 665      |
|    total_timesteps  | 63120    |
| train/              |          |
|    learning_rate    | 0.0001   |
|    loss             | 1.1      |
|    n_updates        | 3882     |
----------------------------------
----------------------------------
| rollout/            |          |
|    ep_len_mean      | 60       |
|    ep_rew_mean      | 41.4     |
|    exploration_rate | 0.05     |
| time/               |          |
|    episodes         | 1056     |
|    fps              | 94       |
|    time_elapsed     | 668      |
|    total_timesteps  | 63360    |
| train/              |          |
|    learning_rate    | 0.0001   |
|    loss             | 0.461    |
|    n_updates        | 3897     |
----------------------------------
----------------------------------
| rollout/            |          |
|    ep_len_mean      | 60       |
|    ep_rew_mean      | 41.3     |
|    exploration_rate | 0.05     |
| time/               |          |
|    episodes         | 1060     |
|    fps              | 94       |
|    time_elapsed     | 671      |
|    total_timesteps  | 63600    |
| train/              |          |
|    learning_rate    | 0.0001   |
|    loss             | 0.274    |
|    n_updates        | 3912     |
----------------------------------
----------------------------------
| rollout/            |          |
|    ep_len_mean      | 60       |
|    ep_rew_mean      | 41.6     |
|    exploration_rate | 0.05     |
| time/               |          |
|    episodes         | 1064     |
|    fps              | 94       |
|    time_elapsed     | 673      |
|    total_timesteps  | 63840    |
| train/              |          |
|    learning_rate    | 0.0001   |
|    loss             | 1.32     |
|    n_updates        | 3927     |
----------------------------------
----------------------------------
| rollout/            |          |
|    ep_len_mean      | 60       |
|    ep_rew_mean      | 41.6     |
|    exploration_rate | 0.05     |
| time/               |          |
|    episodes         | 1068     |
|    fps              | 94       |
|    time_elapsed     | 676      |
|    total_timesteps  | 64080    |
| train/              |          |
|    learning_rate    | 0.0001   |
|    loss             | 0.415    |
|    n_updates        | 3942     |
----------------------------------
----------------------------------
| rollout/            |          |
|    ep_len_mean      | 60       |
|    ep_rew_mean      | 41.4     |
|    exploration_rate | 0.05     |
| time/               |          |
|    episodes         | 1072     |
|    fps              | 94       |
|    time_elapsed     | 679      |
|    total_timesteps  | 64320    |
| train/              |          |
|    learning_rate    | 0.0001   |
|    loss             | 0.381    |
|    n_updates        | 3957     |
----------------------------------
----------------------------------
| rollout/            |          |
|    ep_len_mean      | 60       |
|    ep_rew_mean      | 41.6     |
|    exploration_rate | 0.05     |
| time/               |          |
|    episodes         | 1076     |
|    fps              | 94       |
|    time_elapsed     | 681      |
|    total_timesteps  | 64560    |
| train/              |          |
|    learning_rate    | 0.0001   |
|    loss             | 0.449    |
|    n_updates        | 3972     |
----------------------------------
----------------------------------
| rollout/            |          |
|    ep_len_mean      | 60       |
|    ep_rew_mean      | 41.8     |
|    exploration_rate | 0.05     |
| time/               |          |
|    episodes         | 1080     |
|    fps              | 94       |
|    time_elapsed     | 684      |
|    total_timesteps  | 64800    |
| train/              |          |
|    learning_rate    | 0.0001   |
|    loss             | 0.248    |
|    n_updates        | 3987     |
----------------------------------
----------------------------------
| rollout/            |          |
|    ep_len_mean      | 60       |
|    ep_rew_mean      | 41.6     |
|    exploration_rate | 0.05     |
| time/               |          |
|    episodes         | 1084     |
|    fps              | 94       |
|    time_elapsed     | 686      |
|    total_timesteps  | 65040    |
| train/              |          |
|    learning_rate    | 0.0001   |
|    loss             | 0.237    |
|    n_updates        | 4002     |
----------------------------------
----------------------------------
| rollout/            |          |
|    ep_len_mean      | 60       |
|    ep_rew_mean      | 41.9     |
|    exploration_rate | 0.05     |
| time/               |          |
|    episodes         | 1088     |
|    fps              | 94       |
|    time_elapsed     | 689      |
|    total_timesteps  | 65280    |
| train/              |          |
|    learning_rate    | 0.0001   |
|    loss             | 2.41     |
|    n_updates        | 4017     |
----------------------------------
----------------------------------
| rollout/            |          |
|    ep_len_mean      | 60       |
|    ep_rew_mean      | 41.8     |
|    exploration_rate | 0.05     |
| time/               |          |
|    episodes         | 1092     |
|    fps              | 94       |
|    time_elapsed     | 692      |
|    total_timesteps  | 65520    |
| train/              |          |
|    learning_rate    | 0.0001   |
|    loss             | 0.589    |
|    n_updates        | 4032     |
----------------------------------
----------------------------------
| rollout/            |          |
|    ep_len_mean      | 60       |
|    ep_rew_mean      | 41.8     |
|    exploration_rate | 0.05     |
| time/               |          |
|    episodes         | 1096     |
|    fps              | 94       |
|    time_elapsed     | 695      |
|    total_timesteps  | 65760    |
| train/              |          |
|    learning_rate    | 0.0001   |
|    loss             | 0.413    |
|    n_updates        | 4047     |
----------------------------------
----------------------------------
| rollout/            |          |
|    ep_len_mean      | 60       |
|    ep_rew_mean      | 41.5     |
|    exploration_rate | 0.05     |
| time/               |          |
|    episodes         | 1100     |
|    fps              | 94       |
|    time_elapsed     | 697      |
|    total_timesteps  | 66000    |
| train/              |          |
|    learning_rate    | 0.0001   |
|    loss             | 1.53     |
|    n_updates        | 4062     |
----------------------------------
----------------------------------
| rollout/            |          |
|    ep_len_mean      | 60       |
|    ep_rew_mean      | 41.6     |
|    exploration_rate | 0.05     |
| time/               |          |
|    episodes         | 1104     |
|    fps              | 94       |
|    time_elapsed     | 700      |
|    total_timesteps  | 66240    |
| train/              |          |
|    learning_rate    | 0.0001   |
|    loss             | 2.63     |
|    n_updates        | 4077     |
----------------------------------
----------------------------------
| rollout/            |          |
|    ep_len_mean      | 60       |
|    ep_rew_mean      | 41.5     |
|    exploration_rate | 0.05     |
| time/               |          |
|    episodes         | 1108     |
|    fps              | 94       |
|    time_elapsed     | 703      |
|    total_timesteps  | 66480    |
| train/              |          |
|    learning_rate    | 0.0001   |
|    loss             | 1.36     |
|    n_updates        | 4092     |
----------------------------------
----------------------------------
| rollout/            |          |
|    ep_len_mean      | 60       |
|    ep_rew_mean      | 41.4     |
|    exploration_rate | 0.05     |
| time/               |          |
|    episodes         | 1112     |
|    fps              | 94       |
|    time_elapsed     | 705      |
|    total_timesteps  | 66720    |
| train/              |          |
|    learning_rate    | 0.0001   |
|    loss             | 0.14     |
|    n_updates        | 4107     |
----------------------------------
----------------------------------
| rollout/            |          |
|    ep_len_mean      | 60       |
|    ep_rew_mean      | 41.4     |
|    exploration_rate | 0.05     |
| time/               |          |
|    episodes         | 1116     |
|    fps              | 94       |
|    time_elapsed     | 708      |
|    total_timesteps  | 66960    |
| train/              |          |
|    learning_rate    | 0.0001   |
|    loss             | 1.17     |
|    n_updates        | 4122     |
----------------------------------
----------------------------------
| rollout/            |          |
|    ep_len_mean      | 60       |
|    ep_rew_mean      | 41.4     |
|    exploration_rate | 0.05     |
| time/               |          |
|    episodes         | 1120     |
|    fps              | 94       |
|    time_elapsed     | 711      |
|    total_timesteps  | 67200    |
| train/              |          |
|    learning_rate    | 0.0001   |
|    loss             | 0.0939   |
|    n_updates        | 4137     |
----------------------------------
----------------------------------
| rollout/            |          |
|    ep_len_mean      | 60       |
|    ep_rew_mean      | 41.4     |
|    exploration_rate | 0.05     |
| time/               |          |
|    episodes         | 1124     |
|    fps              | 94       |
|    time_elapsed     | 714      |
|    total_timesteps  | 67440    |
| train/              |          |
|    learning_rate    | 0.0001   |
|    loss             | 0.158    |
|    n_updates        | 4152     |
----------------------------------
----------------------------------
| rollout/            |          |
|    ep_len_mean      | 60       |
|    ep_rew_mean      | 41.5     |
|    exploration_rate | 0.05     |
| time/               |          |
|    episodes         | 1128     |
|    fps              | 94       |
|    time_elapsed     | 717      |
|    total_timesteps  | 67680    |
| train/              |          |
|    learning_rate    | 0.0001   |
|    loss             | 1.2      |
|    n_updates        | 4167     |
----------------------------------
----------------------------------
| rollout/            |          |
|    ep_len_mean      | 60       |
|    ep_rew_mean      | 41.5     |
|    exploration_rate | 0.05     |
| time/               |          |
|    episodes         | 1132     |
|    fps              | 94       |
|    time_elapsed     | 720      |
|    total_timesteps  | 67920    |
| train/              |          |
|    learning_rate    | 0.0001   |
|    loss             | 1.22     |
|    n_updates        | 4182     |
----------------------------------
----------------------------------
| rollout/            |          |
|    ep_len_mean      | 60       |
|    ep_rew_mean      | 41.7     |
|    exploration_rate | 0.05     |
| time/               |          |
|    episodes         | 1136     |
|    fps              | 94       |
|    time_elapsed     | 723      |
|    total_timesteps  | 68160    |
| train/              |          |
|    learning_rate    | 0.0001   |
|    loss             | 2.07     |
|    n_updates        | 4197     |
----------------------------------
----------------------------------
| rollout/            |          |
|    ep_len_mean      | 60       |
|    ep_rew_mean      | 41.8     |
|    exploration_rate | 0.05     |
| time/               |          |
|    episodes         | 1140     |
|    fps              | 94       |
|    time_elapsed     | 726      |
|    total_timesteps  | 68400    |
| train/              |          |
|    learning_rate    | 0.0001   |
|    loss             | 1.52     |
|    n_updates        | 4212     |
----------------------------------
----------------------------------
| rollout/            |          |
|    ep_len_mean      | 60       |
|    ep_rew_mean      | 41.7     |
|    exploration_rate | 0.05     |
| time/               |          |
|    episodes         | 1144     |
|    fps              | 94       |
|    time_elapsed     | 728      |
|    total_timesteps  | 68640    |
| train/              |          |
|    learning_rate    | 0.0001   |
|    loss             | 0.121    |
|    n_updates        | 4227     |
----------------------------------
----------------------------------
| rollout/            |          |
|    ep_len_mean      | 60       |
|    ep_rew_mean      | 41.6     |
|    exploration_rate | 0.05     |
| time/               |          |
|    episodes         | 1148     |
|    fps              | 94       |
|    time_elapsed     | 731      |
|    total_timesteps  | 68880    |
| train/              |          |
|    learning_rate    | 0.0001   |
|    loss             | 0.121    |
|    n_updates        | 4242     |
----------------------------------
----------------------------------
| rollout/            |          |
|    ep_len_mean      | 60       |
|    ep_rew_mean      | 41.8     |
|    exploration_rate | 0.05     |
| time/               |          |
|    episodes         | 1152     |
|    fps              | 94       |
|    time_elapsed     | 734      |
|    total_timesteps  | 69120    |
| train/              |          |
|    learning_rate    | 0.0001   |
|    loss             | 1.16     |
|    n_updates        | 4257     |
----------------------------------
----------------------------------
| rollout/            |          |
|    ep_len_mean      | 60       |
|    ep_rew_mean      | 41.6     |
|    exploration_rate | 0.05     |
| time/               |          |
|    episodes         | 1156     |
|    fps              | 94       |
|    time_elapsed     | 737      |
|    total_timesteps  | 69360    |
| train/              |          |
|    learning_rate    | 0.0001   |
|    loss             | 0.477    |
|    n_updates        | 4272     |
----------------------------------
----------------------------------
| rollout/            |          |
|    ep_len_mean      | 60       |
|    ep_rew_mean      | 41.6     |
|    exploration_rate | 0.05     |
| time/               |          |
|    episodes         | 1160     |
|    fps              | 94       |
|    time_elapsed     | 739      |
|    total_timesteps  | 69600    |
| train/              |          |
|    learning_rate    | 0.0001   |
|    loss             | 0.0721   |
|    n_updates        | 4287     |
----------------------------------
----------------------------------
| rollout/            |          |
|    ep_len_mean      | 60       |
|    ep_rew_mean      | 41.5     |
|    exploration_rate | 0.05     |
| time/               |          |
|    episodes         | 1164     |
|    fps              | 94       |
|    time_elapsed     | 742      |
|    total_timesteps  | 69840    |
| train/              |          |
|    learning_rate    | 0.0001   |
|    loss             | 3.14     |
|    n_updates        | 4302     |
----------------------------------
----------------------------------
| rollout/            |          |
|    ep_len_mean      | 60       |
|    ep_rew_mean      | 41.6     |
|    exploration_rate | 0.05     |
| time/               |          |
|    episodes         | 1168     |
|    fps              | 93       |
|    time_elapsed     | 745      |
|    total_timesteps  | 70080    |
| train/              |          |
|    learning_rate    | 0.0001   |
|    loss             | 2.35     |
|    n_updates        | 4317     |
----------------------------------
----------------------------------
| rollout/            |          |
|    ep_len_mean      | 60       |
|    ep_rew_mean      | 41.7     |
|    exploration_rate | 0.05     |
| time/               |          |
|    episodes         | 1172     |
|    fps              | 93       |
|    time_elapsed     | 748      |
|    total_timesteps  | 70320    |
| train/              |          |
|    learning_rate    | 0.0001   |
|    loss             | 0.323    |
|    n_updates        | 4332     |
----------------------------------
----------------------------------
| rollout/            |          |
|    ep_len_mean      | 60       |
|    ep_rew_mean      | 41.5     |
|    exploration_rate | 0.05     |
| time/               |          |
|    episodes         | 1176     |
|    fps              | 93       |
|    time_elapsed     | 751      |
|    total_timesteps  | 70560    |
| train/              |          |
|    learning_rate    | 0.0001   |
|    loss             | 0.171    |
|    n_updates        | 4347     |
----------------------------------
----------------------------------
| rollout/            |          |
|    ep_len_mean      | 60       |
|    ep_rew_mean      | 41.4     |
|    exploration_rate | 0.05     |
| time/               |          |
|    episodes         | 1180     |
|    fps              | 93       |
|    time_elapsed     | 754      |
|    total_timesteps  | 70800    |
| train/              |          |
|    learning_rate    | 0.0001   |
|    loss             | 1.25     |
|    n_updates        | 4362     |
----------------------------------
----------------------------------
| rollout/            |          |
|    ep_len_mean      | 60       |
|    ep_rew_mean      | 41.5     |
|    exploration_rate | 0.05     |
| time/               |          |
|    episodes         | 1184     |
|    fps              | 93       |
|    time_elapsed     | 757      |
|    total_timesteps  | 71040    |
| train/              |          |
|    learning_rate    | 0.0001   |
|    loss             | 0.128    |
|    n_updates        | 4377     |
----------------------------------
----------------------------------
| rollout/            |          |
|    ep_len_mean      | 60       |
|    ep_rew_mean      | 41.4     |
|    exploration_rate | 0.05     |
| time/               |          |
|    episodes         | 1188     |
|    fps              | 93       |
|    time_elapsed     | 760      |
|    total_timesteps  | 71280    |
| train/              |          |
|    learning_rate    | 0.0001   |
|    loss             | 0.269    |
|    n_updates        | 4392     |
----------------------------------
----------------------------------
| rollout/            |          |
|    ep_len_mean      | 60       |
|    ep_rew_mean      | 41.5     |
|    exploration_rate | 0.05     |
| time/               |          |
|    episodes         | 1192     |
|    fps              | 93       |
|    time_elapsed     | 763      |
|    total_timesteps  | 71520    |
| train/              |          |
|    learning_rate    | 0.0001   |
|    loss             | 0.233    |
|    n_updates        | 4407     |
----------------------------------
----------------------------------
| rollout/            |          |
|    ep_len_mean      | 60       |
|    ep_rew_mean      | 41.6     |
|    exploration_rate | 0.05     |
| time/               |          |
|    episodes         | 1196     |
|    fps              | 93       |
|    time_elapsed     | 765      |
|    total_timesteps  | 71760    |
| train/              |          |
|    learning_rate    | 0.0001   |
|    loss             | 0.218    |
|    n_updates        | 4422     |
----------------------------------
----------------------------------
| rollout/            |          |
|    ep_len_mean      | 60       |
|    ep_rew_mean      | 41.7     |
|    exploration_rate | 0.05     |
| time/               |          |
|    episodes         | 1200     |
|    fps              | 93       |
|    time_elapsed     | 768      |
|    total_timesteps  | 72000    |
| train/              |          |
|    learning_rate    | 0.0001   |
|    loss             | 1.28     |
|    n_updates        | 4437     |
----------------------------------
----------------------------------
| rollout/            |          |
|    ep_len_mean      | 60       |
|    ep_rew_mean      | 41.6     |
|    exploration_rate | 0.05     |
| time/               |          |
|    episodes         | 1204     |
|    fps              | 93       |
|    time_elapsed     | 771      |
|    total_timesteps  | 72240    |
| train/              |          |
|    learning_rate    | 0.0001   |
|    loss             | 1.09     |
|    n_updates        | 4452     |
----------------------------------
----------------------------------
| rollout/            |          |
|    ep_len_mean      | 60       |
|    ep_rew_mean      | 41.5     |
|    exploration_rate | 0.05     |
| time/               |          |
|    episodes         | 1208     |
|    fps              | 93       |
|    time_elapsed     | 774      |
|    total_timesteps  | 72480    |
| train/              |          |
|    learning_rate    | 0.0001   |
|    loss             | 1.21     |
|    n_updates        | 4467     |
----------------------------------
----------------------------------
| rollout/            |          |
|    ep_len_mean      | 60       |
|    ep_rew_mean      | 41.5     |
|    exploration_rate | 0.05     |
| time/               |          |
|    episodes         | 1212     |
|    fps              | 93       |
|    time_elapsed     | 776      |
|    total_timesteps  | 72720    |
| train/              |          |
|    learning_rate    | 0.0001   |
|    loss             | 1.32     |
|    n_updates        | 4482     |
----------------------------------
----------------------------------
| rollout/            |          |
|    ep_len_mean      | 60       |
|    ep_rew_mean      | 41.5     |
|    exploration_rate | 0.05     |
| time/               |          |
|    episodes         | 1216     |
|    fps              | 93       |
|    time_elapsed     | 779      |
|    total_timesteps  | 72960    |
| train/              |          |
|    learning_rate    | 0.0001   |
|    loss             | 0.161    |
|    n_updates        | 4497     |
----------------------------------
----------------------------------
| rollout/            |          |
|    ep_len_mean      | 60       |
|    ep_rew_mean      | 41.5     |
|    exploration_rate | 0.05     |
| time/               |          |
|    episodes         | 1220     |
|    fps              | 93       |
|    time_elapsed     | 782      |
|    total_timesteps  | 73200    |
| train/              |          |
|    learning_rate    | 0.0001   |
|    loss             | 0.693    |
|    n_updates        | 4512     |
----------------------------------
----------------------------------
| rollout/            |          |
|    ep_len_mean      | 60       |
|    ep_rew_mean      | 41.4     |
|    exploration_rate | 0.05     |
| time/               |          |
|    episodes         | 1224     |
|    fps              | 93       |
|    time_elapsed     | 785      |
|    total_timesteps  | 73440    |
| train/              |          |
|    learning_rate    | 0.0001   |
|    loss             | 0.498    |
|    n_updates        | 4527     |
----------------------------------
----------------------------------
| rollout/            |          |
|    ep_len_mean      | 60       |
|    ep_rew_mean      | 41.4     |
|    exploration_rate | 0.05     |
| time/               |          |
|    episodes         | 1228     |
|    fps              | 93       |
|    time_elapsed     | 788      |
|    total_timesteps  | 73680    |
| train/              |          |
|    learning_rate    | 0.0001   |
|    loss             | 2.31     |
|    n_updates        | 4542     |
----------------------------------
----------------------------------
| rollout/            |          |
|    ep_len_mean      | 60       |
|    ep_rew_mean      | 41.4     |
|    exploration_rate | 0.05     |
| time/               |          |
|    episodes         | 1232     |
|    fps              | 93       |
|    time_elapsed     | 791      |
|    total_timesteps  | 73920    |
| train/              |          |
|    learning_rate    | 0.0001   |
|    loss             | 0.302    |
|    n_updates        | 4557     |
----------------------------------
----------------------------------
| rollout/            |          |
|    ep_len_mean      | 60       |
|    ep_rew_mean      | 41.3     |
|    exploration_rate | 0.05     |
| time/               |          |
|    episodes         | 1236     |
|    fps              | 93       |
|    time_elapsed     | 794      |
|    total_timesteps  | 74160    |
| train/              |          |
|    learning_rate    | 0.0001   |
|    loss             | 0.332    |
|    n_updates        | 4572     |
----------------------------------
----------------------------------
| rollout/            |          |
|    ep_len_mean      | 60       |
|    ep_rew_mean      | 41.2     |
|    exploration_rate | 0.05     |
| time/               |          |
|    episodes         | 1240     |
|    fps              | 93       |
|    time_elapsed     | 796      |
|    total_timesteps  | 74400    |
| train/              |          |
|    learning_rate    | 0.0001   |
|    loss             | 0.431    |
|    n_updates        | 4587     |
----------------------------------
----------------------------------
| rollout/            |          |
|    ep_len_mean      | 60       |
|    ep_rew_mean      | 41.4     |
|    exploration_rate | 0.05     |
| time/               |          |
|    episodes         | 1244     |
|    fps              | 93       |
|    time_elapsed     | 799      |
|    total_timesteps  | 74640    |
| train/              |          |
|    learning_rate    | 0.0001   |
|    loss             | 0.132    |
|    n_updates        | 4602     |
----------------------------------
----------------------------------
| rollout/            |          |
|    ep_len_mean      | 60       |
|    ep_rew_mean      | 41.3     |
|    exploration_rate | 0.05     |
| time/               |          |
|    episodes         | 1248     |
|    fps              | 93       |
|    time_elapsed     | 802      |
|    total_timesteps  | 74880    |
| train/              |          |
|    learning_rate    | 0.0001   |
|    loss             | 0.147    |
|    n_updates        | 4617     |
----------------------------------
----------------------------------
| rollout/            |          |
|    ep_len_mean      | 60       |
|    ep_rew_mean      | 41.2     |
|    exploration_rate | 0.05     |
| time/               |          |
|    episodes         | 1252     |
|    fps              | 93       |
|    time_elapsed     | 805      |
|    total_timesteps  | 75120    |
| train/              |          |
|    learning_rate    | 0.0001   |
|    loss             | 1.23     |
|    n_updates        | 4632     |
----------------------------------
----------------------------------
| rollout/            |          |
|    ep_len_mean      | 60       |
|    ep_rew_mean      | 41.2     |
|    exploration_rate | 0.05     |
| time/               |          |
|    episodes         | 1256     |
|    fps              | 93       |
|    time_elapsed     | 808      |
|    total_timesteps  | 75360    |
| train/              |          |
|    learning_rate    | 0.0001   |
|    loss             | 0.113    |
|    n_updates        | 4647     |
----------------------------------
----------------------------------
| rollout/            |          |
|    ep_len_mean      | 60       |
|    ep_rew_mean      | 41.2     |
|    exploration_rate | 0.05     |
| time/               |          |
|    episodes         | 1260     |
|    fps              | 93       |
|    time_elapsed     | 811      |
|    total_timesteps  | 75600    |
| train/              |          |
|    learning_rate    | 0.0001   |
|    loss             | 0.176    |
|    n_updates        | 4662     |
----------------------------------
----------------------------------
| rollout/            |          |
|    ep_len_mean      | 60       |
|    ep_rew_mean      | 41.1     |
|    exploration_rate | 0.05     |
| time/               |          |
|    episodes         | 1264     |
|    fps              | 92       |
|    time_elapsed     | 815      |
|    total_timesteps  | 75840    |
| train/              |          |
|    learning_rate    | 0.0001   |
|    loss             | 0.231    |
|    n_updates        | 4677     |
----------------------------------
----------------------------------
| rollout/            |          |
|    ep_len_mean      | 60       |
|    ep_rew_mean      | 40.9     |
|    exploration_rate | 0.05     |
| time/               |          |
|    episodes         | 1268     |
|    fps              | 92       |
|    time_elapsed     | 818      |
|    total_timesteps  | 76080    |
| train/              |          |
|    learning_rate    | 0.0001   |
|    loss             | 0.349    |
|    n_updates        | 4692     |
----------------------------------
----------------------------------
| rollout/            |          |
|    ep_len_mean      | 60       |
|    ep_rew_mean      | 41.2     |
|    exploration_rate | 0.05     |
| time/               |          |
|    episodes         | 1272     |
|    fps              | 92       |
|    time_elapsed     | 821      |
|    total_timesteps  | 76320    |
| train/              |          |
|    learning_rate    | 0.0001   |
|    loss             | 0.291    |
|    n_updates        | 4707     |
----------------------------------
----------------------------------
| rollout/            |          |
|    ep_len_mean      | 60       |
|    ep_rew_mean      | 41.2     |
|    exploration_rate | 0.05     |
| time/               |          |
|    episodes         | 1276     |
|    fps              | 92       |
|    time_elapsed     | 824      |
|    total_timesteps  | 76560    |
| train/              |          |
|    learning_rate    | 0.0001   |
|    loss             | 1.53     |
|    n_updates        | 4722     |
----------------------------------
----------------------------------
| rollout/            |          |
|    ep_len_mean      | 60       |
|    ep_rew_mean      | 41       |
|    exploration_rate | 0.05     |
| time/               |          |
|    episodes         | 1280     |
|    fps              | 92       |
|    time_elapsed     | 827      |
|    total_timesteps  | 76800    |
| train/              |          |
|    learning_rate    | 0.0001   |
|    loss             | 1.33     |
|    n_updates        | 4737     |
----------------------------------
----------------------------------
| rollout/            |          |
|    ep_len_mean      | 60       |
|    ep_rew_mean      | 41.1     |
|    exploration_rate | 0.05     |
| time/               |          |
|    episodes         | 1284     |
|    fps              | 92       |
|    time_elapsed     | 830      |
|    total_timesteps  | 77040    |
| train/              |          |
|    learning_rate    | 0.0001   |
|    loss             | 1.34     |
|    n_updates        | 4752     |
----------------------------------
----------------------------------
| rollout/            |          |
|    ep_len_mean      | 60       |
|    ep_rew_mean      | 41       |
|    exploration_rate | 0.05     |
| time/               |          |
|    episodes         | 1288     |
|    fps              | 92       |
|    time_elapsed     | 833      |
|    total_timesteps  | 77280    |
| train/              |          |
|    learning_rate    | 0.0001   |
|    loss             | 1.72     |
|    n_updates        | 4767     |
----------------------------------
----------------------------------
| rollout/            |          |
|    ep_len_mean      | 60       |
|    ep_rew_mean      | 41       |
|    exploration_rate | 0.05     |
| time/               |          |
|    episodes         | 1292     |
|    fps              | 92       |
|    time_elapsed     | 836      |
|    total_timesteps  | 77520    |
| train/              |          |
|    learning_rate    | 0.0001   |
|    loss             | 1.16     |
|    n_updates        | 4782     |
----------------------------------
----------------------------------
| rollout/            |          |
|    ep_len_mean      | 60       |
|    ep_rew_mean      | 41       |
|    exploration_rate | 0.05     |
| time/               |          |
|    episodes         | 1296     |
|    fps              | 92       |
|    time_elapsed     | 839      |
|    total_timesteps  | 77760    |
| train/              |          |
|    learning_rate    | 0.0001   |
|    loss             | 2.99     |
|    n_updates        | 4797     |
----------------------------------
----------------------------------
| rollout/            |          |
|    ep_len_mean      | 60       |
|    ep_rew_mean      | 41       |
|    exploration_rate | 0.05     |
| time/               |          |
|    episodes         | 1300     |
|    fps              | 92       |
|    time_elapsed     | 842      |
|    total_timesteps  | 78000    |
| train/              |          |
|    learning_rate    | 0.0001   |
|    loss             | 0.43     |
|    n_updates        | 4812     |
----------------------------------
----------------------------------
| rollout/            |          |
|    ep_len_mean      | 60       |
|    ep_rew_mean      | 41.2     |
|    exploration_rate | 0.05     |
| time/               |          |
|    episodes         | 1304     |
|    fps              | 92       |
|    time_elapsed     | 845      |
|    total_timesteps  | 78240    |
| train/              |          |
|    learning_rate    | 0.0001   |
|    loss             | 2.55     |
|    n_updates        | 4827     |
----------------------------------
----------------------------------
| rollout/            |          |
|    ep_len_mean      | 60       |
|    ep_rew_mean      | 41.3     |
|    exploration_rate | 0.05     |
| time/               |          |
|    episodes         | 1308     |
|    fps              | 92       |
|    time_elapsed     | 847      |
|    total_timesteps  | 78480    |
| train/              |          |
|    learning_rate    | 0.0001   |
|    loss             | 0.0731   |
|    n_updates        | 4842     |
----------------------------------
----------------------------------
| rollout/            |          |
|    ep_len_mean      | 60       |
|    ep_rew_mean      | 41.2     |
|    exploration_rate | 0.05     |
| time/               |          |
|    episodes         | 1312     |
|    fps              | 92       |
|    time_elapsed     | 850      |
|    total_timesteps  | 78720    |
| train/              |          |
|    learning_rate    | 0.0001   |
|    loss             | 1.38     |
|    n_updates        | 4857     |
----------------------------------
----------------------------------
| rollout/            |          |
|    ep_len_mean      | 60       |
|    ep_rew_mean      | 41.1     |
|    exploration_rate | 0.05     |
| time/               |          |
|    episodes         | 1316     |
|    fps              | 92       |
|    time_elapsed     | 853      |
|    total_timesteps  | 78960    |
| train/              |          |
|    learning_rate    | 0.0001   |
|    loss             | 0.317    |
|    n_updates        | 4872     |
----------------------------------
----------------------------------
| rollout/            |          |
|    ep_len_mean      | 60       |
|    ep_rew_mean      | 41.1     |
|    exploration_rate | 0.05     |
| time/               |          |
|    episodes         | 1320     |
|    fps              | 92       |
|    time_elapsed     | 855      |
|    total_timesteps  | 79200    |
| train/              |          |
|    learning_rate    | 0.0001   |
|    loss             | 0.302    |
|    n_updates        | 4887     |
----------------------------------
----------------------------------
| rollout/            |          |
|    ep_len_mean      | 60       |
|    ep_rew_mean      | 40.9     |
|    exploration_rate | 0.05     |
| time/               |          |
|    episodes         | 1324     |
|    fps              | 92       |
|    time_elapsed     | 858      |
|    total_timesteps  | 79440    |
| train/              |          |
|    learning_rate    | 0.0001   |
|    loss             | 0.0899   |
|    n_updates        | 4902     |
----------------------------------
----------------------------------
| rollout/            |          |
|    ep_len_mean      | 60       |
|    ep_rew_mean      | 40.8     |
|    exploration_rate | 0.05     |
| time/               |          |
|    episodes         | 1328     |
|    fps              | 92       |
|    time_elapsed     | 861      |
|    total_timesteps  | 79680    |
| train/              |          |
|    learning_rate    | 0.0001   |
|    loss             | 1.59     |
|    n_updates        | 4917     |
----------------------------------
----------------------------------
| rollout/            |          |
|    ep_len_mean      | 60       |
|    ep_rew_mean      | 40.6     |
|    exploration_rate | 0.05     |
| time/               |          |
|    episodes         | 1332     |
|    fps              | 92       |
|    time_elapsed     | 863      |
|    total_timesteps  | 79920    |
| train/              |          |
|    learning_rate    | 0.0001   |
|    loss             | 0.378    |
|    n_updates        | 4932     |
----------------------------------
----------------------------------
| rollout/            |          |
|    ep_len_mean      | 60       |
|    ep_rew_mean      | 40.6     |
|    exploration_rate | 0.05     |
| time/               |          |
|    episodes         | 1336     |
|    fps              | 92       |
|    time_elapsed     | 866      |
|    total_timesteps  | 80160    |
| train/              |          |
|    learning_rate    | 0.0001   |
|    loss             | 0.221    |
|    n_updates        | 4947     |
----------------------------------
----------------------------------
| rollout/            |          |
|    ep_len_mean      | 60       |
|    ep_rew_mean      | 40.4     |
|    exploration_rate | 0.05     |
| time/               |          |
|    episodes         | 1340     |
|    fps              | 92       |
|    time_elapsed     | 868      |
|    total_timesteps  | 80400    |
| train/              |          |
|    learning_rate    | 0.0001   |
|    loss             | 0.188    |
|    n_updates        | 4962     |
----------------------------------
----------------------------------
| rollout/            |          |
|    ep_len_mean      | 60       |
|    ep_rew_mean      | 40.4     |
|    exploration_rate | 0.05     |
| time/               |          |
|    episodes         | 1344     |
|    fps              | 92       |
|    time_elapsed     | 871      |
|    total_timesteps  | 80640    |
| train/              |          |
|    learning_rate    | 0.0001   |
|    loss             | 0.264    |
|    n_updates        | 4977     |
----------------------------------
----------------------------------
| rollout/            |          |
|    ep_len_mean      | 60       |
|    ep_rew_mean      | 40.3     |
|    exploration_rate | 0.05     |
| time/               |          |
|    episodes         | 1348     |
|    fps              | 92       |
|    time_elapsed     | 874      |
|    total_timesteps  | 80880    |
| train/              |          |
|    learning_rate    | 0.0001   |
|    loss             | 3.58     |
|    n_updates        | 4992     |
----------------------------------
----------------------------------
| rollout/            |          |
|    ep_len_mean      | 60       |
|    ep_rew_mean      | 40.5     |
|    exploration_rate | 0.05     |
| time/               |          |
|    episodes         | 1352     |
|    fps              | 92       |
|    time_elapsed     | 877      |
|    total_timesteps  | 81120    |
| train/              |          |
|    learning_rate    | 0.0001   |
|    loss             | 0.296    |
|    n_updates        | 5007     |
----------------------------------
----------------------------------
| rollout/            |          |
|    ep_len_mean      | 60       |
|    ep_rew_mean      | 40.6     |
|    exploration_rate | 0.05     |
| time/               |          |
|    episodes         | 1356     |
|    fps              | 92       |
|    time_elapsed     | 879      |
|    total_timesteps  | 81360    |
| train/              |          |
|    learning_rate    | 0.0001   |
|    loss             | 1.24     |
|    n_updates        | 5022     |
----------------------------------
----------------------------------
| rollout/            |          |
|    ep_len_mean      | 60       |
|    ep_rew_mean      | 40.6     |
|    exploration_rate | 0.05     |
| time/               |          |
|    episodes         | 1360     |
|    fps              | 92       |
|    time_elapsed     | 882      |
|    total_timesteps  | 81600    |
| train/              |          |
|    learning_rate    | 0.0001   |
|    loss             | 1.46     |
|    n_updates        | 5037     |
----------------------------------
----------------------------------
| rollout/            |          |
|    ep_len_mean      | 60       |
|    ep_rew_mean      | 40.8     |
|    exploration_rate | 0.05     |
| time/               |          |
|    episodes         | 1364     |
|    fps              | 92       |
|    time_elapsed     | 884      |
|    total_timesteps  | 81840    |
| train/              |          |
|    learning_rate    | 0.0001   |
|    loss             | 0.213    |
|    n_updates        | 5052     |
----------------------------------
----------------------------------
| rollout/            |          |
|    ep_len_mean      | 60       |
|    ep_rew_mean      | 40.8     |
|    exploration_rate | 0.05     |
| time/               |          |
|    episodes         | 1368     |
|    fps              | 92       |
|    time_elapsed     | 887      |
|    total_timesteps  | 82080    |
| train/              |          |
|    learning_rate    | 0.0001   |
|    loss             | 1.64     |
|    n_updates        | 5067     |
----------------------------------
----------------------------------
| rollout/            |          |
|    ep_len_mean      | 60       |
|    ep_rew_mean      | 40.8     |
|    exploration_rate | 0.05     |
| time/               |          |
|    episodes         | 1372     |
|    fps              | 92       |
|    time_elapsed     | 890      |
|    total_timesteps  | 82320    |
| train/              |          |
|    learning_rate    | 0.0001   |
|    loss             | 0.322    |
|    n_updates        | 5082     |
----------------------------------
----------------------------------
| rollout/            |          |
|    ep_len_mean      | 60       |
|    ep_rew_mean      | 40.7     |
|    exploration_rate | 0.05     |
| time/               |          |
|    episodes         | 1376     |
|    fps              | 92       |
|    time_elapsed     | 893      |
|    total_timesteps  | 82560    |
| train/              |          |
|    learning_rate    | 0.0001   |
|    loss             | 2.34     |
|    n_updates        | 5097     |
----------------------------------
----------------------------------
| rollout/            |          |
|    ep_len_mean      | 60       |
|    ep_rew_mean      | 40.8     |
|    exploration_rate | 0.05     |
| time/               |          |
|    episodes         | 1380     |
|    fps              | 92       |
|    time_elapsed     | 895      |
|    total_timesteps  | 82800    |
| train/              |          |
|    learning_rate    | 0.0001   |
|    loss             | 2.62     |
|    n_updates        | 5112     |
----------------------------------
----------------------------------
| rollout/            |          |
|    ep_len_mean      | 60       |
|    ep_rew_mean      | 40.7     |
|    exploration_rate | 0.05     |
| time/               |          |
|    episodes         | 1384     |
|    fps              | 92       |
|    time_elapsed     | 898      |
|    total_timesteps  | 83040    |
| train/              |          |
|    learning_rate    | 0.0001   |
|    loss             | 1.38     |
|    n_updates        | 5127     |
----------------------------------
----------------------------------
| rollout/            |          |
|    ep_len_mean      | 60       |
|    ep_rew_mean      | 40.6     |
|    exploration_rate | 0.05     |
| time/               |          |
|    episodes         | 1388     |
|    fps              | 92       |
|    time_elapsed     | 900      |
|    total_timesteps  | 83280    |
| train/              |          |
|    learning_rate    | 0.0001   |
|    loss             | 0.303    |
|    n_updates        | 5142     |
----------------------------------
----------------------------------
| rollout/            |          |
|    ep_len_mean      | 60       |
|    ep_rew_mean      | 40.5     |
|    exploration_rate | 0.05     |
| time/               |          |
|    episodes         | 1392     |
|    fps              | 92       |
|    time_elapsed     | 903      |
|    total_timesteps  | 83520    |
| train/              |          |
|    learning_rate    | 0.0001   |
|    loss             | 0.217    |
|    n_updates        | 5157     |
----------------------------------
----------------------------------
| rollout/            |          |
|    ep_len_mean      | 60       |
|    ep_rew_mean      | 40.4     |
|    exploration_rate | 0.05     |
| time/               |          |
|    episodes         | 1396     |
|    fps              | 92       |
|    time_elapsed     | 906      |
|    total_timesteps  | 83760    |
| train/              |          |
|    learning_rate    | 0.0001   |
|    loss             | 2.5      |
|    n_updates        | 5172     |
----------------------------------
----------------------------------
| rollout/            |          |
|    ep_len_mean      | 60       |
|    ep_rew_mean      | 40.4     |
|    exploration_rate | 0.05     |
| time/               |          |
|    episodes         | 1400     |
|    fps              | 92       |
|    time_elapsed     | 909      |
|    total_timesteps  | 84000    |
| train/              |          |
|    learning_rate    | 0.0001   |
|    loss             | 0.173    |
|    n_updates        | 5187     |
----------------------------------
----------------------------------
| rollout/            |          |
|    ep_len_mean      | 60       |
|    ep_rew_mean      | 40.3     |
|    exploration_rate | 0.05     |
| time/               |          |
|    episodes         | 1404     |
|    fps              | 92       |
|    time_elapsed     | 911      |
|    total_timesteps  | 84240    |
| train/              |          |
|    learning_rate    | 0.0001   |
|    loss             | 0.232    |
|    n_updates        | 5202     |
----------------------------------
----------------------------------
| rollout/            |          |
|    ep_len_mean      | 60       |
|    ep_rew_mean      | 40.3     |
|    exploration_rate | 0.05     |
| time/               |          |
|    episodes         | 1408     |
|    fps              | 92       |
|    time_elapsed     | 914      |
|    total_timesteps  | 84480    |
| train/              |          |
|    learning_rate    | 0.0001   |
|    loss             | 0.142    |
|    n_updates        | 5217     |
----------------------------------
----------------------------------
| rollout/            |          |
|    ep_len_mean      | 60       |
|    ep_rew_mean      | 40.4     |
|    exploration_rate | 0.05     |
| time/               |          |
|    episodes         | 1412     |
|    fps              | 92       |
|    time_elapsed     | 916      |
|    total_timesteps  | 84720    |
| train/              |          |
|    learning_rate    | 0.0001   |
|    loss             | 0.191    |
|    n_updates        | 5232     |
----------------------------------
----------------------------------
| rollout/            |          |
|    ep_len_mean      | 60       |
|    ep_rew_mean      | 40.5     |
|    exploration_rate | 0.05     |
| time/               |          |
|    episodes         | 1416     |
|    fps              | 92       |
|    time_elapsed     | 919      |
|    total_timesteps  | 84960    |
| train/              |          |
|    learning_rate    | 0.0001   |
|    loss             | 0.479    |
|    n_updates        | 5247     |
----------------------------------
----------------------------------
| rollout/            |          |
|    ep_len_mean      | 60       |
|    ep_rew_mean      | 40.6     |
|    exploration_rate | 0.05     |
| time/               |          |
|    episodes         | 1420     |
|    fps              | 92       |
|    time_elapsed     | 922      |
|    total_timesteps  | 85200    |
| train/              |          |
|    learning_rate    | 0.0001   |
|    loss             | 0.323    |
|    n_updates        | 5262     |
----------------------------------
----------------------------------
| rollout/            |          |
|    ep_len_mean      | 60       |
|    ep_rew_mean      | 40.8     |
|    exploration_rate | 0.05     |
| time/               |          |
|    episodes         | 1424     |
|    fps              | 92       |
|    time_elapsed     | 924      |
|    total_timesteps  | 85440    |
| train/              |          |
|    learning_rate    | 0.0001   |
|    loss             | 0.0871   |
|    n_updates        | 5277     |
----------------------------------
----------------------------------
| rollout/            |          |
|    ep_len_mean      | 60       |
|    ep_rew_mean      | 40.8     |
|    exploration_rate | 0.05     |
| time/               |          |
|    episodes         | 1428     |
|    fps              | 92       |
|    time_elapsed     | 927      |
|    total_timesteps  | 85680    |
| train/              |          |
|    learning_rate    | 0.0001   |
|    loss             | 0.166    |
|    n_updates        | 5292     |
----------------------------------
----------------------------------
| rollout/            |          |
|    ep_len_mean      | 60       |
|    ep_rew_mean      | 41       |
|    exploration_rate | 0.05     |
| time/               |          |
|    episodes         | 1432     |
|    fps              | 92       |
|    time_elapsed     | 930      |
|    total_timesteps  | 85920    |
| train/              |          |
|    learning_rate    | 0.0001   |
|    loss             | 1.35     |
|    n_updates        | 5307     |
----------------------------------
----------------------------------
| rollout/            |          |
|    ep_len_mean      | 60       |
|    ep_rew_mean      | 40.9     |
|    exploration_rate | 0.05     |
| time/               |          |
|    episodes         | 1436     |
|    fps              | 92       |
|    time_elapsed     | 932      |
|    total_timesteps  | 86160    |
| train/              |          |
|    learning_rate    | 0.0001   |
|    loss             | 0.257    |
|    n_updates        | 5322     |
----------------------------------
----------------------------------
| rollout/            |          |
|    ep_len_mean      | 60       |
|    ep_rew_mean      | 41       |
|    exploration_rate | 0.05     |
| time/               |          |
|    episodes         | 1440     |
|    fps              | 92       |
|    time_elapsed     | 935      |
|    total_timesteps  | 86400    |
| train/              |          |
|    learning_rate    | 0.0001   |
|    loss             | 0.149    |
|    n_updates        | 5337     |
----------------------------------
----------------------------------
| rollout/            |          |
|    ep_len_mean      | 60       |
|    ep_rew_mean      | 41       |
|    exploration_rate | 0.05     |
| time/               |          |
|    episodes         | 1444     |
|    fps              | 92       |
|    time_elapsed     | 938      |
|    total_timesteps  | 86640    |
| train/              |          |
|    learning_rate    | 0.0001   |
|    loss             | 0.191    |
|    n_updates        | 5352     |
----------------------------------
----------------------------------
| rollout/            |          |
|    ep_len_mean      | 60       |
|    ep_rew_mean      | 41       |
|    exploration_rate | 0.05     |
| time/               |          |
|    episodes         | 1448     |
|    fps              | 92       |
|    time_elapsed     | 940      |
|    total_timesteps  | 86880    |
| train/              |          |
|    learning_rate    | 0.0001   |
|    loss             | 1.62     |
|    n_updates        | 5367     |
----------------------------------
----------------------------------
| rollout/            |          |
|    ep_len_mean      | 60       |
|    ep_rew_mean      | 41.1     |
|    exploration_rate | 0.05     |
| time/               |          |
|    episodes         | 1452     |
|    fps              | 92       |
|    time_elapsed     | 943      |
|    total_timesteps  | 87120    |
| train/              |          |
|    learning_rate    | 0.0001   |
|    loss             | 1.39     |
|    n_updates        | 5382     |
----------------------------------
----------------------------------
| rollout/            |          |
|    ep_len_mean      | 60       |
|    ep_rew_mean      | 41.1     |
|    exploration_rate | 0.05     |
| time/               |          |
|    episodes         | 1456     |
|    fps              | 92       |
|    time_elapsed     | 945      |
|    total_timesteps  | 87360    |
| train/              |          |
|    learning_rate    | 0.0001   |
|    loss             | 0.157    |
|    n_updates        | 5397     |
----------------------------------
----------------------------------
| rollout/            |          |
|    ep_len_mean      | 60       |
|    ep_rew_mean      | 41.2     |
|    exploration_rate | 0.05     |
| time/               |          |
|    episodes         | 1460     |
|    fps              | 92       |
|    time_elapsed     | 948      |
|    total_timesteps  | 87600    |
| train/              |          |
|    learning_rate    | 0.0001   |
|    loss             | 0.353    |
|    n_updates        | 5412     |
----------------------------------
----------------------------------
| rollout/            |          |
|    ep_len_mean      | 60       |
|    ep_rew_mean      | 40.9     |
|    exploration_rate | 0.05     |
| time/               |          |
|    episodes         | 1464     |
|    fps              | 92       |
|    time_elapsed     | 951      |
|    total_timesteps  | 87840    |
| train/              |          |
|    learning_rate    | 0.0001   |
|    loss             | 1.7      |
|    n_updates        | 5427     |
----------------------------------
----------------------------------
| rollout/            |          |
|    ep_len_mean      | 60       |
|    ep_rew_mean      | 41       |
|    exploration_rate | 0.05     |
| time/               |          |
|    episodes         | 1468     |
|    fps              | 92       |
|    time_elapsed     | 953      |
|    total_timesteps  | 88080    |
| train/              |          |
|    learning_rate    | 0.0001   |
|    loss             | 0.322    |
|    n_updates        | 5442     |
----------------------------------
----------------------------------
| rollout/            |          |
|    ep_len_mean      | 60       |
|    ep_rew_mean      | 41       |
|    exploration_rate | 0.05     |
| time/               |          |
|    episodes         | 1472     |
|    fps              | 92       |
|    time_elapsed     | 956      |
|    total_timesteps  | 88320    |
| train/              |          |
|    learning_rate    | 0.0001   |
|    loss             | 1.33     |
|    n_updates        | 5457     |
----------------------------------
----------------------------------
| rollout/            |          |
|    ep_len_mean      | 60       |
|    ep_rew_mean      | 41       |
|    exploration_rate | 0.05     |
| time/               |          |
|    episodes         | 1476     |
|    fps              | 92       |
|    time_elapsed     | 959      |
|    total_timesteps  | 88560    |
| train/              |          |
|    learning_rate    | 0.0001   |
|    loss             | 1.52     |
|    n_updates        | 5472     |
----------------------------------
----------------------------------
| rollout/            |          |
|    ep_len_mean      | 60       |
|    ep_rew_mean      | 41.1     |
|    exploration_rate | 0.05     |
| time/               |          |
|    episodes         | 1480     |
|    fps              | 92       |
|    time_elapsed     | 961      |
|    total_timesteps  | 88800    |
| train/              |          |
|    learning_rate    | 0.0001   |
|    loss             | 0.13     |
|    n_updates        | 5487     |
----------------------------------
----------------------------------
| rollout/            |          |
|    ep_len_mean      | 60       |
|    ep_rew_mean      | 41.2     |
|    exploration_rate | 0.05     |
| time/               |          |
|    episodes         | 1484     |
|    fps              | 92       |
|    time_elapsed     | 964      |
|    total_timesteps  | 89040    |
| train/              |          |
|    learning_rate    | 0.0001   |
|    loss             | 1.38     |
|    n_updates        | 5502     |
----------------------------------
----------------------------------
| rollout/            |          |
|    ep_len_mean      | 60       |
|    ep_rew_mean      | 41.4     |
|    exploration_rate | 0.05     |
| time/               |          |
|    episodes         | 1488     |
|    fps              | 92       |
|    time_elapsed     | 967      |
|    total_timesteps  | 89280    |
| train/              |          |
|    learning_rate    | 0.0001   |
|    loss             | 1.39     |
|    n_updates        | 5517     |
----------------------------------
----------------------------------
| rollout/            |          |
|    ep_len_mean      | 60       |
|    ep_rew_mean      | 41.6     |
|    exploration_rate | 0.05     |
| time/               |          |
|    episodes         | 1492     |
|    fps              | 92       |
|    time_elapsed     | 969      |
|    total_timesteps  | 89520    |
| train/              |          |
|    learning_rate    | 0.0001   |
|    loss             | 0.536    |
|    n_updates        | 5532     |
----------------------------------
----------------------------------
| rollout/            |          |
|    ep_len_mean      | 60       |
|    ep_rew_mean      | 41.6     |
|    exploration_rate | 0.05     |
| time/               |          |
|    episodes         | 1496     |
|    fps              | 92       |
|    time_elapsed     | 972      |
|    total_timesteps  | 89760    |
| train/              |          |
|    learning_rate    | 0.0001   |
|    loss             | 0.0965   |
|    n_updates        | 5547     |
----------------------------------
----------------------------------
| rollout/            |          |
|    ep_len_mean      | 60       |
|    ep_rew_mean      | 41.8     |
|    exploration_rate | 0.05     |
| time/               |          |
|    episodes         | 1500     |
|    fps              | 92       |
|    time_elapsed     | 975      |
|    total_timesteps  | 90000    |
| train/              |          |
|    learning_rate    | 0.0001   |
|    loss             | 0.167    |
|    n_updates        | 5562     |
----------------------------------
----------------------------------
| rollout/            |          |
|    ep_len_mean      | 60       |
|    ep_rew_mean      | 41.8     |
|    exploration_rate | 0.05     |
| time/               |          |
|    episodes         | 1504     |
|    fps              | 92       |
|    time_elapsed     | 977      |
|    total_timesteps  | 90240    |
| train/              |          |
|    learning_rate    | 0.0001   |
|    loss             | 0.36     |
|    n_updates        | 5577     |
----------------------------------
----------------------------------
| rollout/            |          |
|    ep_len_mean      | 60       |
|    ep_rew_mean      | 42       |
|    exploration_rate | 0.05     |
| time/               |          |
|    episodes         | 1508     |
|    fps              | 92       |
|    time_elapsed     | 980      |
|    total_timesteps  | 90480    |
| train/              |          |
|    learning_rate    | 0.0001   |
|    loss             | 0.197    |
|    n_updates        | 5592     |
----------------------------------
----------------------------------
| rollout/            |          |
|    ep_len_mean      | 60       |
|    ep_rew_mean      | 42       |
|    exploration_rate | 0.05     |
| time/               |          |
|    episodes         | 1512     |
|    fps              | 92       |
|    time_elapsed     | 983      |
|    total_timesteps  | 90720    |
| train/              |          |
|    learning_rate    | 0.0001   |
|    loss             | 1.52     |
|    n_updates        | 5607     |
----------------------------------
----------------------------------
| rollout/            |          |
|    ep_len_mean      | 60       |
|    ep_rew_mean      | 41.8     |
|    exploration_rate | 0.05     |
| time/               |          |
|    episodes         | 1516     |
|    fps              | 92       |
|    time_elapsed     | 985      |
|    total_timesteps  | 90960    |
| train/              |          |
|    learning_rate    | 0.0001   |
|    loss             | 0.309    |
|    n_updates        | 5622     |
----------------------------------
----------------------------------
| rollout/            |          |
|    ep_len_mean      | 60       |
|    ep_rew_mean      | 41.8     |
|    exploration_rate | 0.05     |
| time/               |          |
|    episodes         | 1520     |
|    fps              | 92       |
|    time_elapsed     | 988      |
|    total_timesteps  | 91200    |
| train/              |          |
|    learning_rate    | 0.0001   |
|    loss             | 1.48     |
|    n_updates        | 5637     |
----------------------------------
----------------------------------
| rollout/            |          |
|    ep_len_mean      | 60       |
|    ep_rew_mean      | 41.8     |
|    exploration_rate | 0.05     |
| time/               |          |
|    episodes         | 1524     |
|    fps              | 92       |
|    time_elapsed     | 991      |
|    total_timesteps  | 91440    |
| train/              |          |
|    learning_rate    | 0.0001   |
|    loss             | 2.9      |
|    n_updates        | 5652     |
----------------------------------
----------------------------------
| rollout/            |          |
|    ep_len_mean      | 60       |
|    ep_rew_mean      | 41.9     |
|    exploration_rate | 0.05     |
| time/               |          |
|    episodes         | 1528     |
|    fps              | 92       |
|    time_elapsed     | 994      |
|    total_timesteps  | 91680    |
| train/              |          |
|    learning_rate    | 0.0001   |
|    loss             | 1.42     |
|    n_updates        | 5667     |
----------------------------------
----------------------------------
| rollout/            |          |
|    ep_len_mean      | 60       |
|    ep_rew_mean      | 41.9     |
|    exploration_rate | 0.05     |
| time/               |          |
|    episodes         | 1532     |
|    fps              | 92       |
|    time_elapsed     | 996      |
|    total_timesteps  | 91920    |
| train/              |          |
|    learning_rate    | 0.0001   |
|    loss             | 0.0975   |
|    n_updates        | 5682     |
----------------------------------
----------------------------------
| rollout/            |          |
|    ep_len_mean      | 60       |
|    ep_rew_mean      | 42.1     |
|    exploration_rate | 0.05     |
| time/               |          |
|    episodes         | 1536     |
|    fps              | 92       |
|    time_elapsed     | 999      |
|    total_timesteps  | 92160    |
| train/              |          |
|    learning_rate    | 0.0001   |
|    loss             | 1.44     |
|    n_updates        | 5697     |
----------------------------------
----------------------------------
| rollout/            |          |
|    ep_len_mean      | 60       |
|    ep_rew_mean      | 42.1     |
|    exploration_rate | 0.05     |
| time/               |          |
|    episodes         | 1540     |
|    fps              | 92       |
|    time_elapsed     | 1002     |
|    total_timesteps  | 92400    |
| train/              |          |
|    learning_rate    | 0.0001   |
|    loss             | 1.51     |
|    n_updates        | 5712     |
----------------------------------
----------------------------------
| rollout/            |          |
|    ep_len_mean      | 60       |
|    ep_rew_mean      | 42.2     |
|    exploration_rate | 0.05     |
| time/               |          |
|    episodes         | 1544     |
|    fps              | 92       |
|    time_elapsed     | 1004     |
|    total_timesteps  | 92640    |
| train/              |          |
|    learning_rate    | 0.0001   |
|    loss             | 5.45     |
|    n_updates        | 5727     |
----------------------------------
----------------------------------
| rollout/            |          |
|    ep_len_mean      | 60       |
|    ep_rew_mean      | 42.2     |
|    exploration_rate | 0.05     |
| time/               |          |
|    episodes         | 1548     |
|    fps              | 92       |
|    time_elapsed     | 1007     |
|    total_timesteps  | 92880    |
| train/              |          |
|    learning_rate    | 0.0001   |
|    loss             | 0.256    |
|    n_updates        | 5742     |
----------------------------------
----------------------------------
| rollout/            |          |
|    ep_len_mean      | 60       |
|    ep_rew_mean      | 42.2     |
|    exploration_rate | 0.05     |
| time/               |          |
|    episodes         | 1552     |
|    fps              | 92       |
|    time_elapsed     | 1010     |
|    total_timesteps  | 93120    |
| train/              |          |
|    learning_rate    | 0.0001   |
|    loss             | 0.076    |
|    n_updates        | 5757     |
----------------------------------
----------------------------------
| rollout/            |          |
|    ep_len_mean      | 60       |
|    ep_rew_mean      | 42.2     |
|    exploration_rate | 0.05     |
| time/               |          |
|    episodes         | 1556     |
|    fps              | 92       |
|    time_elapsed     | 1013     |
|    total_timesteps  | 93360    |
| train/              |          |
|    learning_rate    | 0.0001   |
|    loss             | 0.25     |
|    n_updates        | 5772     |
----------------------------------
----------------------------------
| rollout/            |          |
|    ep_len_mean      | 60       |
|    ep_rew_mean      | 42.1     |
|    exploration_rate | 0.05     |
| time/               |          |
|    episodes         | 1560     |
|    fps              | 92       |
|    time_elapsed     | 1015     |
|    total_timesteps  | 93600    |
| train/              |          |
|    learning_rate    | 0.0001   |
|    loss             | 0.13     |
|    n_updates        | 5787     |
----------------------------------
----------------------------------
| rollout/            |          |
|    ep_len_mean      | 60       |
|    ep_rew_mean      | 42.2     |
|    exploration_rate | 0.05     |
| time/               |          |
|    episodes         | 1564     |
|    fps              | 92       |
|    time_elapsed     | 1018     |
|    total_timesteps  | 93840    |
| train/              |          |
|    learning_rate    | 0.0001   |
|    loss             | 0.383    |
|    n_updates        | 5802     |
----------------------------------
----------------------------------
| rollout/            |          |
|    ep_len_mean      | 60       |
|    ep_rew_mean      | 42.1     |
|    exploration_rate | 0.05     |
| time/               |          |
|    episodes         | 1568     |
|    fps              | 92       |
|    time_elapsed     | 1021     |
|    total_timesteps  | 94080    |
| train/              |          |
|    learning_rate    | 0.0001   |
|    loss             | 2.89     |
|    n_updates        | 5817     |
----------------------------------
----------------------------------
| rollout/            |          |
|    ep_len_mean      | 60       |
|    ep_rew_mean      | 42.1     |
|    exploration_rate | 0.05     |
| time/               |          |
|    episodes         | 1572     |
|    fps              | 92       |
|    time_elapsed     | 1023     |
|    total_timesteps  | 94320    |
| train/              |          |
|    learning_rate    | 0.0001   |
|    loss             | 0.166    |
|    n_updates        | 5832     |
----------------------------------
----------------------------------
| rollout/            |          |
|    ep_len_mean      | 60       |
|    ep_rew_mean      | 42.2     |
|    exploration_rate | 0.05     |
| time/               |          |
|    episodes         | 1576     |
|    fps              | 92       |
|    time_elapsed     | 1026     |
|    total_timesteps  | 94560    |
| train/              |          |
|    learning_rate    | 0.0001   |
|    loss             | 1.35     |
|    n_updates        | 5847     |
----------------------------------
----------------------------------
| rollout/            |          |
|    ep_len_mean      | 60       |
|    ep_rew_mean      | 42.2     |
|    exploration_rate | 0.05     |
| time/               |          |
|    episodes         | 1580     |
|    fps              | 92       |
|    time_elapsed     | 1029     |
|    total_timesteps  | 94800    |
| train/              |          |
|    learning_rate    | 0.0001   |
|    loss             | 0.176    |
|    n_updates        | 5862     |
----------------------------------
----------------------------------
| rollout/            |          |
|    ep_len_mean      | 60       |
|    ep_rew_mean      | 42.4     |
|    exploration_rate | 0.05     |
| time/               |          |
|    episodes         | 1584     |
|    fps              | 92       |
|    time_elapsed     | 1031     |
|    total_timesteps  | 95040    |
| train/              |          |
|    learning_rate    | 0.0001   |
|    loss             | 0.233    |
|    n_updates        | 5877     |
----------------------------------
----------------------------------
| rollout/            |          |
|    ep_len_mean      | 60       |
|    ep_rew_mean      | 42.3     |
|    exploration_rate | 0.05     |
| time/               |          |
|    episodes         | 1588     |
|    fps              | 92       |
|    time_elapsed     | 1034     |
|    total_timesteps  | 95280    |
| train/              |          |
|    learning_rate    | 0.0001   |
|    loss             | 0.1      |
|    n_updates        | 5892     |
----------------------------------
----------------------------------
| rollout/            |          |
|    ep_len_mean      | 60       |
|    ep_rew_mean      | 42.3     |
|    exploration_rate | 0.05     |
| time/               |          |
|    episodes         | 1592     |
|    fps              | 92       |
|    time_elapsed     | 1037     |
|    total_timesteps  | 95520    |
| train/              |          |
|    learning_rate    | 0.0001   |
|    loss             | 0.142    |
|    n_updates        | 5907     |
----------------------------------
----------------------------------
| rollout/            |          |
|    ep_len_mean      | 60       |
|    ep_rew_mean      | 42.3     |
|    exploration_rate | 0.05     |
| time/               |          |
|    episodes         | 1596     |
|    fps              | 92       |
|    time_elapsed     | 1040     |
|    total_timesteps  | 95760    |
| train/              |          |
|    learning_rate    | 0.0001   |
|    loss             | 1.53     |
|    n_updates        | 5922     |
----------------------------------
----------------------------------
| rollout/            |          |
|    ep_len_mean      | 60       |
|    ep_rew_mean      | 42.3     |
|    exploration_rate | 0.05     |
| time/               |          |
|    episodes         | 1600     |
|    fps              | 92       |
|    time_elapsed     | 1042     |
|    total_timesteps  | 96000    |
| train/              |          |
|    learning_rate    | 0.0001   |
|    loss             | 1.36     |
|    n_updates        | 5937     |
----------------------------------
----------------------------------
| rollout/            |          |
|    ep_len_mean      | 60       |
|    ep_rew_mean      | 42.3     |
|    exploration_rate | 0.05     |
| time/               |          |
|    episodes         | 1604     |
|    fps              | 92       |
|    time_elapsed     | 1045     |
|    total_timesteps  | 96240    |
| train/              |          |
|    learning_rate    | 0.0001   |
|    loss             | 0.369    |
|    n_updates        | 5952     |
----------------------------------
----------------------------------
| rollout/            |          |
|    ep_len_mean      | 60       |
|    ep_rew_mean      | 42.2     |
|    exploration_rate | 0.05     |
| time/               |          |
|    episodes         | 1608     |
|    fps              | 92       |
|    time_elapsed     | 1048     |
|    total_timesteps  | 96480    |
| train/              |          |
|    learning_rate    | 0.0001   |
|    loss             | 0.113    |
|    n_updates        | 5967     |
----------------------------------
----------------------------------
| rollout/            |          |
|    ep_len_mean      | 60       |
|    ep_rew_mean      | 42       |
|    exploration_rate | 0.05     |
| time/               |          |
|    episodes         | 1612     |
|    fps              | 92       |
|    time_elapsed     | 1050     |
|    total_timesteps  | 96720    |
| train/              |          |
|    learning_rate    | 0.0001   |
|    loss             | 1.74     |
|    n_updates        | 5982     |
----------------------------------
----------------------------------
| rollout/            |          |
|    ep_len_mean      | 60       |
|    ep_rew_mean      | 42.1     |
|    exploration_rate | 0.05     |
| time/               |          |
|    episodes         | 1616     |
|    fps              | 92       |
|    time_elapsed     | 1053     |
|    total_timesteps  | 96960    |
| train/              |          |
|    learning_rate    | 0.0001   |
|    loss             | 0.269    |
|    n_updates        | 5997     |
----------------------------------
----------------------------------
| rollout/            |          |
|    ep_len_mean      | 60       |
|    ep_rew_mean      | 42       |
|    exploration_rate | 0.05     |
| time/               |          |
|    episodes         | 1620     |
|    fps              | 92       |
|    time_elapsed     | 1056     |
|    total_timesteps  | 97200    |
| train/              |          |
|    learning_rate    | 0.0001   |
|    loss             | 0.333    |
|    n_updates        | 6012     |
----------------------------------
----------------------------------
| rollout/            |          |
|    ep_len_mean      | 60       |
|    ep_rew_mean      | 41.8     |
|    exploration_rate | 0.05     |
| time/               |          |
|    episodes         | 1624     |
|    fps              | 92       |
|    time_elapsed     | 1058     |
|    total_timesteps  | 97440    |
| train/              |          |
|    learning_rate    | 0.0001   |
|    loss             | 0.18     |
|    n_updates        | 6027     |
----------------------------------
----------------------------------
| rollout/            |          |
|    ep_len_mean      | 60       |
|    ep_rew_mean      | 41.7     |
|    exploration_rate | 0.05     |
| time/               |          |
|    episodes         | 1628     |
|    fps              | 92       |
|    time_elapsed     | 1061     |
|    total_timesteps  | 97680    |
| train/              |          |
|    learning_rate    | 0.0001   |
|    loss             | 0.2      |
|    n_updates        | 6042     |
----------------------------------
----------------------------------
| rollout/            |          |
|    ep_len_mean      | 60       |
|    ep_rew_mean      | 41.7     |
|    exploration_rate | 0.05     |
| time/               |          |
|    episodes         | 1632     |
|    fps              | 92       |
|    time_elapsed     | 1063     |
|    total_timesteps  | 97920    |
| train/              |          |
|    learning_rate    | 0.0001   |
|    loss             | 0.275    |
|    n_updates        | 6057     |
----------------------------------
----------------------------------
| rollout/            |          |
|    ep_len_mean      | 60       |
|    ep_rew_mean      | 41.8     |
|    exploration_rate | 0.05     |
| time/               |          |
|    episodes         | 1636     |
|    fps              | 92       |
|    time_elapsed     | 1066     |
|    total_timesteps  | 98160    |
| train/              |          |
|    learning_rate    | 0.0001   |
|    loss             | 0.463    |
|    n_updates        | 6072     |
----------------------------------
----------------------------------
| rollout/            |          |
|    ep_len_mean      | 60       |
|    ep_rew_mean      | 41.8     |
|    exploration_rate | 0.05     |
| time/               |          |
|    episodes         | 1640     |
|    fps              | 92       |
|    time_elapsed     | 1069     |
|    total_timesteps  | 98400    |
| train/              |          |
|    learning_rate    | 0.0001   |
|    loss             | 1.4      |
|    n_updates        | 6087     |
----------------------------------
----------------------------------
| rollout/            |          |
|    ep_len_mean      | 60       |
|    ep_rew_mean      | 41.8     |
|    exploration_rate | 0.05     |
| time/               |          |
|    episodes         | 1644     |
|    fps              | 92       |
|    time_elapsed     | 1071     |
|    total_timesteps  | 98640    |
| train/              |          |
|    learning_rate    | 0.0001   |
|    loss             | 1.91     |
|    n_updates        | 6102     |
----------------------------------
----------------------------------
| rollout/            |          |
|    ep_len_mean      | 60       |
|    ep_rew_mean      | 41.7     |
|    exploration_rate | 0.05     |
| time/               |          |
|    episodes         | 1648     |
|    fps              | 92       |
|    time_elapsed     | 1074     |
|    total_timesteps  | 98880    |
| train/              |          |
|    learning_rate    | 0.0001   |
|    loss             | 1.49     |
|    n_updates        | 6117     |
----------------------------------
----------------------------------
| rollout/            |          |
|    ep_len_mean      | 60       |
|    ep_rew_mean      | 41.5     |
|    exploration_rate | 0.05     |
| time/               |          |
|    episodes         | 1652     |
|    fps              | 92       |
|    time_elapsed     | 1077     |
|    total_timesteps  | 99120    |
| train/              |          |
|    learning_rate    | 0.0001   |
|    loss             | 1.39     |
|    n_updates        | 6132     |
----------------------------------
----------------------------------
| rollout/            |          |
|    ep_len_mean      | 60       |
|    ep_rew_mean      | 41.3     |
|    exploration_rate | 0.05     |
| time/               |          |
|    episodes         | 1656     |
|    fps              | 92       |
|    time_elapsed     | 1079     |
|    total_timesteps  | 99360    |
| train/              |          |
|    learning_rate    | 0.0001   |
|    loss             | 0.174    |
|    n_updates        | 6147     |
----------------------------------
----------------------------------
| rollout/            |          |
|    ep_len_mean      | 60       |
|    ep_rew_mean      | 41.3     |
|    exploration_rate | 0.05     |
| time/               |          |
|    episodes         | 1660     |
|    fps              | 92       |
|    time_elapsed     | 1082     |
|    total_timesteps  | 99600    |
| train/              |          |
|    learning_rate    | 0.0001   |
|    loss             | 0.119    |
|    n_updates        | 6162     |
----------------------------------
----------------------------------
| rollout/            |          |
|    ep_len_mean      | 60       |
|    ep_rew_mean      | 41.3     |
|    exploration_rate | 0.05     |
| time/               |          |
|    episodes         | 1664     |
|    fps              | 92       |
|    time_elapsed     | 1084     |
|    total_timesteps  | 99840    |
| train/              |          |
|    learning_rate    | 0.0001   |
|    loss             | 0.105    |
|    n_updates        | 6177     |
----------------------------------
  saved model: D:\Projects\TN+NTN\drl\models\dqn_seed0.zip
  evaluating dqn seed=0 (200 episodes)...
    dqn seed=0 eval: 20/200 episodes
    dqn seed=0 eval: 40/200 episodes
    dqn seed=0 eval: 60/200 episodes
    dqn seed=0 eval: 80/200 episodes
    dqn seed=0 eval: 100/200 episodes
    dqn seed=0 eval: 120/200 episodes
    dqn seed=0 eval: 140/200 episodes
    dqn seed=0 eval: 160/200 episodes
    dqn seed=0 eval: 180/200 episodes
    dqn seed=0 eval: 200/200 episodes
  training dqn seed=1 ...
Using cpu device
----------------------------------
| rollout/            |          |
|    ep_len_mean      | 60       |
|    ep_rew_mean      | -3.48    |
|    exploration_rate | 0.977    |
| time/               |          |
|    episodes         | 4        |
|    fps              | 155      |
|    time_elapsed     | 1        |
|    total_timesteps  | 240      |
----------------------------------
----------------------------------
| rollout/            |          |
|    ep_len_mean      | 60       |
|    ep_rew_mean      | -5.55    |
|    exploration_rate | 0.954    |
| time/               |          |
|    episodes         | 8        |
|    fps              | 166      |
|    time_elapsed     | 2        |
|    total_timesteps  | 480      |
----------------------------------
----------------------------------
| rollout/            |          |
|    ep_len_mean      | 60       |
|    ep_rew_mean      | -3.72    |
|    exploration_rate | 0.932    |
| time/               |          |
|    episodes         | 12       |
|    fps              | 163      |
|    time_elapsed     | 4        |
|    total_timesteps  | 720      |
----------------------------------
----------------------------------
| rollout/            |          |
|    ep_len_mean      | 60       |
|    ep_rew_mean      | -1.9     |
|    exploration_rate | 0.909    |
| time/               |          |
|    episodes         | 16       |
|    fps              | 159      |
|    time_elapsed     | 6        |
|    total_timesteps  | 960      |
----------------------------------
----------------------------------
| rollout/            |          |
|    ep_len_mean      | 60       |
|    ep_rew_mean      | 0.133    |
|    exploration_rate | 0.886    |
| time/               |          |
|    episodes         | 20       |
|    fps              | 148      |
|    time_elapsed     | 8        |
|    total_timesteps  | 1200     |
| train/              |          |
|    learning_rate    | 0.0001   |
|    loss             | 0.279    |
|    n_updates        | 12       |
----------------------------------
----------------------------------
| rollout/            |          |
|    ep_len_mean      | 60       |
|    ep_rew_mean      | -0.78    |
|    exploration_rate | 0.863    |
| time/               |          |
|    episodes         | 24       |
|    fps              | 145      |
|    time_elapsed     | 9        |
|    total_timesteps  | 1440     |
| train/              |          |
|    learning_rate    | 0.0001   |
|    loss             | 0.256    |
|    n_updates        | 27       |
----------------------------------
----------------------------------
| rollout/            |          |
|    ep_len_mean      | 60       |
|    ep_rew_mean      | 0.276    |
|    exploration_rate | 0.84     |
| time/               |          |
|    episodes         | 28       |
|    fps              | 139      |
|    time_elapsed     | 12       |
|    total_timesteps  | 1680     |
| train/              |          |
|    learning_rate    | 0.0001   |
|    loss             | 0.287    |
|    n_updates        | 42       |
----------------------------------
----------------------------------
| rollout/            |          |
|    ep_len_mean      | 60       |
|    ep_rew_mean      | 0.872    |
|    exploration_rate | 0.818    |
| time/               |          |
|    episodes         | 32       |
|    fps              | 135      |
|    time_elapsed     | 14       |
|    total_timesteps  | 1920     |
| train/              |          |
|    learning_rate    | 0.0001   |
|    loss             | 0.25     |
|    n_updates        | 57       |
----------------------------------
----------------------------------
| rollout/            |          |
|    ep_len_mean      | 60       |
|    ep_rew_mean      | 1.43     |
|    exploration_rate | 0.795    |
| time/               |          |
|    episodes         | 36       |
|    fps              | 132      |
|    time_elapsed     | 16       |
|    total_timesteps  | 2160     |
| train/              |          |
|    learning_rate    | 0.0001   |
|    loss             | 0.266    |
|    n_updates        | 72       |
----------------------------------
----------------------------------
| rollout/            |          |
|    ep_len_mean      | 60       |
|    ep_rew_mean      | 1.82     |
|    exploration_rate | 0.772    |
| time/               |          |
|    episodes         | 40       |
|    fps              | 130      |
|    time_elapsed     | 18       |
|    total_timesteps  | 2400     |
| train/              |          |
|    learning_rate    | 0.0001   |
|    loss             | 0.266    |
|    n_updates        | 87       |
----------------------------------
----------------------------------
| rollout/            |          |
|    ep_len_mean      | 60       |
|    ep_rew_mean      | 1.96     |
|    exploration_rate | 0.749    |
| time/               |          |
|    episodes         | 44       |
|    fps              | 129      |
|    time_elapsed     | 20       |
|    total_timesteps  | 2640     |
| train/              |          |
|    learning_rate    | 0.0001   |
|    loss             | 0.265    |
|    n_updates        | 102      |
----------------------------------
----------------------------------
| rollout/            |          |
|    ep_len_mean      | 60       |
|    ep_rew_mean      | 2.59     |
|    exploration_rate | 0.726    |
| time/               |          |
|    episodes         | 48       |
|    fps              | 126      |
|    time_elapsed     | 22       |
|    total_timesteps  | 2880     |
| train/              |          |
|    learning_rate    | 0.0001   |
|    loss             | 0.23     |
|    n_updates        | 117      |
----------------------------------
----------------------------------
| rollout/            |          |
|    ep_len_mean      | 60       |
|    ep_rew_mean      | 3.11     |
|    exploration_rate | 0.704    |
| time/               |          |
|    episodes         | 52       |
|    fps              | 124      |
|    time_elapsed     | 25       |
|    total_timesteps  | 3120     |
| train/              |          |
|    learning_rate    | 0.0001   |
|    loss             | 0.271    |
|    n_updates        | 132      |
----------------------------------
----------------------------------
| rollout/            |          |
|    ep_len_mean      | 60       |
|    ep_rew_mean      | 3.3      |
|    exploration_rate | 0.681    |
| time/               |          |
|    episodes         | 56       |
|    fps              | 123      |
|    time_elapsed     | 27       |
|    total_timesteps  | 3360     |
| train/              |          |
|    learning_rate    | 0.0001   |
|    loss             | 0.23     |
|    n_updates        | 147      |
----------------------------------
----------------------------------
| rollout/            |          |
|    ep_len_mean      | 60       |
|    ep_rew_mean      | 4.17     |
|    exploration_rate | 0.658    |
| time/               |          |
|    episodes         | 60       |
|    fps              | 122      |
|    time_elapsed     | 29       |
|    total_timesteps  | 3600     |
| train/              |          |
|    learning_rate    | 0.0001   |
|    loss             | 0.219    |
|    n_updates        | 162      |
----------------------------------
----------------------------------
| rollout/            |          |
|    ep_len_mean      | 60       |
|    ep_rew_mean      | 4.02     |
|    exploration_rate | 0.635    |
| time/               |          |
|    episodes         | 64       |
|    fps              | 121      |
|    time_elapsed     | 31       |
|    total_timesteps  | 3840     |
| train/              |          |
|    learning_rate    | 0.0001   |
|    loss             | 0.178    |
|    n_updates        | 177      |
----------------------------------
----------------------------------
| rollout/            |          |
|    ep_len_mean      | 60       |
|    ep_rew_mean      | 4.52     |
|    exploration_rate | 0.612    |
| time/               |          |
|    episodes         | 68       |
|    fps              | 120      |
|    time_elapsed     | 33       |
|    total_timesteps  | 4080     |
| train/              |          |
|    learning_rate    | 0.0001   |
|    loss             | 0.261    |
|    n_updates        | 192      |
----------------------------------
----------------------------------
| rollout/            |          |
|    ep_len_mean      | 60       |
|    ep_rew_mean      | 4.73     |
|    exploration_rate | 0.59     |
| time/               |          |
|    episodes         | 72       |
|    fps              | 120      |
|    time_elapsed     | 35       |
|    total_timesteps  | 4320     |
| train/              |          |
|    learning_rate    | 0.0001   |
|    loss             | 0.29     |
|    n_updates        | 207      |
----------------------------------
----------------------------------
| rollout/            |          |
|    ep_len_mean      | 60       |
|    ep_rew_mean      | 4.87     |
|    exploration_rate | 0.567    |
| time/               |          |
|    episodes         | 76       |
|    fps              | 119      |
|    time_elapsed     | 38       |
|    total_timesteps  | 4560     |
| train/              |          |
|    learning_rate    | 0.0001   |
|    loss             | 0.216    |
|    n_updates        | 222      |
----------------------------------
----------------------------------
| rollout/            |          |
|    ep_len_mean      | 60       |
|    ep_rew_mean      | 5.44     |
|    exploration_rate | 0.544    |
| time/               |          |
|    episodes         | 80       |
|    fps              | 119      |
|    time_elapsed     | 40       |
|    total_timesteps  | 4800     |
| train/              |          |
|    learning_rate    | 0.0001   |
|    loss             | 0.247    |
|    n_updates        | 237      |
----------------------------------
----------------------------------
| rollout/            |          |
|    ep_len_mean      | 60       |
|    ep_rew_mean      | 5.64     |
|    exploration_rate | 0.521    |
| time/               |          |
|    episodes         | 84       |
|    fps              | 119      |
|    time_elapsed     | 42       |
|    total_timesteps  | 5040     |
| train/              |          |
|    learning_rate    | 0.0001   |
|    loss             | 0.391    |
|    n_updates        | 252      |
----------------------------------
----------------------------------
| rollout/            |          |
|    ep_len_mean      | 60       |
|    ep_rew_mean      | 5.89     |
|    exploration_rate | 0.498    |
| time/               |          |
|    episodes         | 88       |
|    fps              | 118      |
|    time_elapsed     | 44       |
|    total_timesteps  | 5280     |
| train/              |          |
|    learning_rate    | 0.0001   |
|    loss             | 0.363    |
|    n_updates        | 267      |
----------------------------------
----------------------------------
| rollout/            |          |
|    ep_len_mean      | 60       |
|    ep_rew_mean      | 5.9      |
|    exploration_rate | 0.476    |
| time/               |          |
|    episodes         | 92       |
|    fps              | 118      |
|    time_elapsed     | 46       |
|    total_timesteps  | 5520     |
| train/              |          |
|    learning_rate    | 0.0001   |
|    loss             | 0.164    |
|    n_updates        | 282      |
----------------------------------
----------------------------------
| rollout/            |          |
|    ep_len_mean      | 60       |
|    ep_rew_mean      | 6.04     |
|    exploration_rate | 0.453    |
| time/               |          |
|    episodes         | 96       |
|    fps              | 118      |
|    time_elapsed     | 48       |
|    total_timesteps  | 5760     |
| train/              |          |
|    learning_rate    | 0.0001   |
|    loss             | 0.217    |
|    n_updates        | 297      |
----------------------------------
----------------------------------
| rollout/            |          |
|    ep_len_mean      | 60       |
|    ep_rew_mean      | 6.4      |
|    exploration_rate | 0.43     |
| time/               |          |
|    episodes         | 100      |
|    fps              | 117      |
|    time_elapsed     | 50       |
|    total_timesteps  | 6000     |
| train/              |          |
|    learning_rate    | 0.0001   |
|    loss             | 0.25     |
|    n_updates        | 312      |
----------------------------------
----------------------------------
| rollout/            |          |
|    ep_len_mean      | 60       |
|    ep_rew_mean      | 7.17     |
|    exploration_rate | 0.407    |
| time/               |          |
|    episodes         | 104      |
|    fps              | 117      |
|    time_elapsed     | 52       |
|    total_timesteps  | 6240     |
| train/              |          |
|    learning_rate    | 0.0001   |
|    loss             | 0.285    |
|    n_updates        | 327      |
----------------------------------
----------------------------------
| rollout/            |          |
|    ep_len_mean      | 60       |
|    ep_rew_mean      | 8.46     |
|    exploration_rate | 0.384    |
| time/               |          |
|    episodes         | 108      |
|    fps              | 117      |
|    time_elapsed     | 55       |
|    total_timesteps  | 6480     |
| train/              |          |
|    learning_rate    | 0.0001   |
|    loss             | 0.217    |
|    n_updates        | 342      |
----------------------------------
----------------------------------
| rollout/            |          |
|    ep_len_mean      | 60       |
|    ep_rew_mean      | 9.62     |
|    exploration_rate | 0.362    |
| time/               |          |
|    episodes         | 112      |
|    fps              | 115      |
|    time_elapsed     | 57       |
|    total_timesteps  | 6720     |
| train/              |          |
|    learning_rate    | 0.0001   |
|    loss             | 0.181    |
|    n_updates        | 357      |
----------------------------------
----------------------------------
| rollout/            |          |
|    ep_len_mean      | 60       |
|    ep_rew_mean      | 10.1     |
|    exploration_rate | 0.339    |
| time/               |          |
|    episodes         | 116      |
|    fps              | 115      |
|    time_elapsed     | 60       |
|    total_timesteps  | 6960     |
| train/              |          |
|    learning_rate    | 0.0001   |
|    loss             | 0.146    |
|    n_updates        | 372      |
----------------------------------
----------------------------------
| rollout/            |          |
|    ep_len_mean      | 60       |
|    ep_rew_mean      | 10.6     |
|    exploration_rate | 0.316    |
| time/               |          |
|    episodes         | 120      |
|    fps              | 115      |
|    time_elapsed     | 62       |
|    total_timesteps  | 7200     |
| train/              |          |
|    learning_rate    | 0.0001   |
|    loss             | 0.412    |
|    n_updates        | 387      |
----------------------------------
----------------------------------
| rollout/            |          |
|    ep_len_mean      | 60       |
|    ep_rew_mean      | 12.1     |
|    exploration_rate | 0.293    |
| time/               |          |
|    episodes         | 124      |
|    fps              | 114      |
|    time_elapsed     | 64       |
|    total_timesteps  | 7440     |
| train/              |          |
|    learning_rate    | 0.0001   |
|    loss             | 0.287    |
|    n_updates        | 402      |
----------------------------------
----------------------------------
| rollout/            |          |
|    ep_len_mean      | 60       |
|    ep_rew_mean      | 13.1     |
|    exploration_rate | 0.27     |
| time/               |          |
|    episodes         | 128      |
|    fps              | 113      |
|    time_elapsed     | 67       |
|    total_timesteps  | 7680     |
| train/              |          |
|    learning_rate    | 0.0001   |
|    loss             | 0.287    |
|    n_updates        | 417      |
----------------------------------
----------------------------------
| rollout/            |          |
|    ep_len_mean      | 60       |
|    ep_rew_mean      | 13.9     |
|    exploration_rate | 0.248    |
| time/               |          |
|    episodes         | 132      |
|    fps              | 113      |
|    time_elapsed     | 69       |
|    total_timesteps  | 7920     |
| train/              |          |
|    learning_rate    | 0.0001   |
|    loss             | 0.239    |
|    n_updates        | 432      |
----------------------------------
----------------------------------
| rollout/            |          |
|    ep_len_mean      | 60       |
|    ep_rew_mean      | 15.1     |
|    exploration_rate | 0.225    |
| time/               |          |
|    episodes         | 136      |
|    fps              | 112      |
|    time_elapsed     | 72       |
|    total_timesteps  | 8160     |
| train/              |          |
|    learning_rate    | 0.0001   |
|    loss             | 0.379    |
|    n_updates        | 447      |
----------------------------------
----------------------------------
| rollout/            |          |
|    ep_len_mean      | 60       |
|    ep_rew_mean      | 16       |
|    exploration_rate | 0.202    |
| time/               |          |
|    episodes         | 140      |
|    fps              | 112      |
|    time_elapsed     | 74       |
|    total_timesteps  | 8400     |
| train/              |          |
|    learning_rate    | 0.0001   |
|    loss             | 0.269    |
|    n_updates        | 462      |
----------------------------------
----------------------------------
| rollout/            |          |
|    ep_len_mean      | 60       |
|    ep_rew_mean      | 16.7     |
|    exploration_rate | 0.179    |
| time/               |          |
|    episodes         | 144      |
|    fps              | 111      |
|    time_elapsed     | 77       |
|    total_timesteps  | 8640     |
| train/              |          |
|    learning_rate    | 0.0001   |
|    loss             | 0.257    |
|    n_updates        | 477      |
----------------------------------
----------------------------------
| rollout/            |          |
|    ep_len_mean      | 60       |
|    ep_rew_mean      | 17.7     |
|    exploration_rate | 0.156    |
| time/               |          |
|    episodes         | 148      |
|    fps              | 111      |
|    time_elapsed     | 79       |
|    total_timesteps  | 8880     |
| train/              |          |
|    learning_rate    | 0.0001   |
|    loss             | 0.352    |
|    n_updates        | 492      |
----------------------------------
----------------------------------
| rollout/            |          |
|    ep_len_mean      | 60       |
|    ep_rew_mean      | 18.7     |
|    exploration_rate | 0.134    |
| time/               |          |
|    episodes         | 152      |
|    fps              | 110      |
|    time_elapsed     | 82       |
|    total_timesteps  | 9120     |
| train/              |          |
|    learning_rate    | 0.0001   |
|    loss             | 0.331    |
|    n_updates        | 507      |
----------------------------------
----------------------------------
| rollout/            |          |
|    ep_len_mean      | 60       |
|    ep_rew_mean      | 20       |
|    exploration_rate | 0.111    |
| time/               |          |
|    episodes         | 156      |
|    fps              | 110      |
|    time_elapsed     | 84       |
|    total_timesteps  | 9360     |
| train/              |          |
|    learning_rate    | 0.0001   |
|    loss             | 0.28     |
|    n_updates        | 522      |
----------------------------------
----------------------------------
| rollout/            |          |
|    ep_len_mean      | 60       |
|    ep_rew_mean      | 20.9     |
|    exploration_rate | 0.088    |
| time/               |          |
|    episodes         | 160      |
|    fps              | 109      |
|    time_elapsed     | 87       |
|    total_timesteps  | 9600     |
| train/              |          |
|    learning_rate    | 0.0001   |
|    loss             | 0.413    |
|    n_updates        | 537      |
----------------------------------
----------------------------------
| rollout/            |          |
|    ep_len_mean      | 60       |
|    ep_rew_mean      | 22.5     |
|    exploration_rate | 0.0652   |
| time/               |          |
|    episodes         | 164      |
|    fps              | 108      |
|    time_elapsed     | 90       |
|    total_timesteps  | 9840     |
| train/              |          |
|    learning_rate    | 0.0001   |
|    loss             | 0.218    |
|    n_updates        | 552      |
----------------------------------
----------------------------------
| rollout/            |          |
|    ep_len_mean      | 60       |
|    ep_rew_mean      | 23.4     |
|    exploration_rate | 0.05     |
| time/               |          |
|    episodes         | 168      |
|    fps              | 108      |
|    time_elapsed     | 92       |
|    total_timesteps  | 10080    |
| train/              |          |
|    learning_rate    | 0.0001   |
|    loss             | 0.421    |
|    n_updates        | 567      |
----------------------------------
----------------------------------
| rollout/            |          |
|    ep_len_mean      | 60       |
|    ep_rew_mean      | 24.6     |
|    exploration_rate | 0.05     |
| time/               |          |
|    episodes         | 172      |
|    fps              | 108      |
|    time_elapsed     | 95       |
|    total_timesteps  | 10320    |
| train/              |          |
|    learning_rate    | 0.0001   |
|    loss             | 0.162    |
|    n_updates        | 582      |
----------------------------------
----------------------------------
| rollout/            |          |
|    ep_len_mean      | 60       |
|    ep_rew_mean      | 25.8     |
|    exploration_rate | 0.05     |
| time/               |          |
|    episodes         | 176      |
|    fps              | 107      |
|    time_elapsed     | 98       |
|    total_timesteps  | 10560    |
| train/              |          |
|    learning_rate    | 0.0001   |
|    loss             | 0.235    |
|    n_updates        | 597      |
----------------------------------
----------------------------------
| rollout/            |          |
|    ep_len_mean      | 60       |
|    ep_rew_mean      | 26.8     |
|    exploration_rate | 0.05     |
| time/               |          |
|    episodes         | 180      |
|    fps              | 107      |
|    time_elapsed     | 100      |
|    total_timesteps  | 10800    |
| train/              |          |
|    learning_rate    | 0.0001   |
|    loss             | 0.255    |
|    n_updates        | 612      |
----------------------------------
----------------------------------
| rollout/            |          |
|    ep_len_mean      | 60       |
|    ep_rew_mean      | 28.1     |
|    exploration_rate | 0.05     |
| time/               |          |
|    episodes         | 184      |
|    fps              | 106      |
|    time_elapsed     | 103      |
|    total_timesteps  | 11040    |
| train/              |          |
|    learning_rate    | 0.0001   |
|    loss             | 0.5      |
|    n_updates        | 627      |
----------------------------------
----------------------------------
| rollout/            |          |
|    ep_len_mean      | 60       |
|    ep_rew_mean      | 29.3     |
|    exploration_rate | 0.05     |
| time/               |          |
|    episodes         | 188      |
|    fps              | 106      |
|    time_elapsed     | 106      |
|    total_timesteps  | 11280    |
| train/              |          |
|    learning_rate    | 0.0001   |
|    loss             | 0.287    |
|    n_updates        | 642      |
----------------------------------
----------------------------------
| rollout/            |          |
|    ep_len_mean      | 60       |
|    ep_rew_mean      | 30.6     |
|    exploration_rate | 0.05     |
| time/               |          |
|    episodes         | 192      |
|    fps              | 105      |
|    time_elapsed     | 108      |
|    total_timesteps  | 11520    |
| train/              |          |
|    learning_rate    | 0.0001   |
|    loss             | 0.239    |
|    n_updates        | 657      |
----------------------------------
----------------------------------
| rollout/            |          |
|    ep_len_mean      | 60       |
|    ep_rew_mean      | 31.9     |
|    exploration_rate | 0.05     |
| time/               |          |
|    episodes         | 196      |
|    fps              | 105      |
|    time_elapsed     | 111      |
|    total_timesteps  | 11760    |
| train/              |          |
|    learning_rate    | 0.0001   |
|    loss             | 0.0924   |
|    n_updates        | 672      |
----------------------------------
----------------------------------
| rollout/            |          |
|    ep_len_mean      | 60       |
|    ep_rew_mean      | 33       |
|    exploration_rate | 0.05     |
| time/               |          |
|    episodes         | 200      |
|    fps              | 105      |
|    time_elapsed     | 114      |
|    total_timesteps  | 12000    |
| train/              |          |
|    learning_rate    | 0.0001   |
|    loss             | 0.252    |
|    n_updates        | 687      |
----------------------------------
----------------------------------
| rollout/            |          |
|    ep_len_mean      | 60       |
|    ep_rew_mean      | 34       |
|    exploration_rate | 0.05     |
| time/               |          |
|    episodes         | 204      |
|    fps              | 104      |
|    time_elapsed     | 116      |
|    total_timesteps  | 12240    |
| train/              |          |
|    learning_rate    | 0.0001   |
|    loss             | 0.315    |
|    n_updates        | 702      |
----------------------------------
----------------------------------
| rollout/            |          |
|    ep_len_mean      | 60       |
|    ep_rew_mean      | 34.7     |
|    exploration_rate | 0.05     |
| time/               |          |
|    episodes         | 208      |
|    fps              | 104      |
|    time_elapsed     | 119      |
|    total_timesteps  | 12480    |
| train/              |          |
|    learning_rate    | 0.0001   |
|    loss             | 0.638    |
|    n_updates        | 717      |
----------------------------------
----------------------------------
| rollout/            |          |
|    ep_len_mean      | 60       |
|    ep_rew_mean      | 35.2     |
|    exploration_rate | 0.05     |
| time/               |          |
|    episodes         | 212      |
|    fps              | 104      |
|    time_elapsed     | 122      |
|    total_timesteps  | 12720    |
| train/              |          |
|    learning_rate    | 0.0001   |
|    loss             | 0.326    |
|    n_updates        | 732      |
----------------------------------
----------------------------------
| rollout/            |          |
|    ep_len_mean      | 60       |
|    ep_rew_mean      | 36.2     |
|    exploration_rate | 0.05     |
| time/               |          |
|    episodes         | 216      |
|    fps              | 103      |
|    time_elapsed     | 124      |
|    total_timesteps  | 12960    |
| train/              |          |
|    learning_rate    | 0.0001   |
|    loss             | 0.43     |
|    n_updates        | 747      |
----------------------------------
----------------------------------
| rollout/            |          |
|    ep_len_mean      | 60       |
|    ep_rew_mean      | 37.1     |
|    exploration_rate | 0.05     |
| time/               |          |
|    episodes         | 220      |
|    fps              | 103      |
|    time_elapsed     | 127      |
|    total_timesteps  | 13200    |
| train/              |          |
|    learning_rate    | 0.0001   |
|    loss             | 0.449    |
|    n_updates        | 762      |
----------------------------------
----------------------------------
| rollout/            |          |
|    ep_len_mean      | 60       |
|    ep_rew_mean      | 37.3     |
|    exploration_rate | 0.05     |
| time/               |          |
|    episodes         | 224      |
|    fps              | 103      |
|    time_elapsed     | 130      |
|    total_timesteps  | 13440    |
| train/              |          |
|    learning_rate    | 0.0001   |
|    loss             | 0.618    |
|    n_updates        | 777      |
----------------------------------
----------------------------------
| rollout/            |          |
|    ep_len_mean      | 60       |
|    ep_rew_mean      | 37.5     |
|    exploration_rate | 0.05     |
| time/               |          |
|    episodes         | 228      |
|    fps              | 103      |
|    time_elapsed     | 132      |
|    total_timesteps  | 13680    |
| train/              |          |
|    learning_rate    | 0.0001   |
|    loss             | 0.368    |
|    n_updates        | 792      |
----------------------------------
----------------------------------
| rollout/            |          |
|    ep_len_mean      | 60       |
|    ep_rew_mean      | 38.1     |
|    exploration_rate | 0.05     |
| time/               |          |
|    episodes         | 232      |
|    fps              | 102      |
|    time_elapsed     | 135      |
|    total_timesteps  | 13920    |
| train/              |          |
|    learning_rate    | 0.0001   |
|    loss             | 0.665    |
|    n_updates        | 807      |
----------------------------------
----------------------------------
| rollout/            |          |
|    ep_len_mean      | 60       |
|    ep_rew_mean      | 38.3     |
|    exploration_rate | 0.05     |
| time/               |          |
|    episodes         | 236      |
|    fps              | 102      |
|    time_elapsed     | 138      |
|    total_timesteps  | 14160    |
| train/              |          |
|    learning_rate    | 0.0001   |
|    loss             | 0.435    |
|    n_updates        | 822      |
----------------------------------
----------------------------------
| rollout/            |          |
|    ep_len_mean      | 60       |
|    ep_rew_mean      | 38.8     |
|    exploration_rate | 0.05     |
| time/               |          |
|    episodes         | 240      |
|    fps              | 102      |
|    time_elapsed     | 140      |
|    total_timesteps  | 14400    |
| train/              |          |
|    learning_rate    | 0.0001   |
|    loss             | 0.374    |
|    n_updates        | 837      |
----------------------------------
----------------------------------
| rollout/            |          |
|    ep_len_mean      | 60       |
|    ep_rew_mean      | 39.4     |
|    exploration_rate | 0.05     |
| time/               |          |
|    episodes         | 244      |
|    fps              | 102      |
|    time_elapsed     | 143      |
|    total_timesteps  | 14640    |
| train/              |          |
|    learning_rate    | 0.0001   |
|    loss             | 0.427    |
|    n_updates        | 852      |
----------------------------------
----------------------------------
| rollout/            |          |
|    ep_len_mean      | 60       |
|    ep_rew_mean      | 39.7     |
|    exploration_rate | 0.05     |
| time/               |          |
|    episodes         | 248      |
|    fps              | 101      |
|    time_elapsed     | 145      |
|    total_timesteps  | 14880    |
| train/              |          |
|    learning_rate    | 0.0001   |
|    loss             | 0.564    |
|    n_updates        | 867      |
----------------------------------
----------------------------------
| rollout/            |          |
|    ep_len_mean      | 60       |
|    ep_rew_mean      | 40       |
|    exploration_rate | 0.05     |
| time/               |          |
|    episodes         | 252      |
|    fps              | 101      |
|    time_elapsed     | 148      |
|    total_timesteps  | 15120    |
| train/              |          |
|    learning_rate    | 0.0001   |
|    loss             | 0.439    |
|    n_updates        | 882      |
----------------------------------
----------------------------------
| rollout/            |          |
|    ep_len_mean      | 60       |
|    ep_rew_mean      | 40.1     |
|    exploration_rate | 0.05     |
| time/               |          |
|    episodes         | 256      |
|    fps              | 101      |
|    time_elapsed     | 151      |
|    total_timesteps  | 15360    |
| train/              |          |
|    learning_rate    | 0.0001   |
|    loss             | 0.483    |
|    n_updates        | 897      |
----------------------------------
----------------------------------
| rollout/            |          |
|    ep_len_mean      | 60       |
|    ep_rew_mean      | 40.2     |
|    exploration_rate | 0.05     |
| time/               |          |
|    episodes         | 260      |
|    fps              | 101      |
|    time_elapsed     | 154      |
|    total_timesteps  | 15600    |
| train/              |          |
|    learning_rate    | 0.0001   |
|    loss             | 0.453    |
|    n_updates        | 912      |
----------------------------------
----------------------------------
| rollout/            |          |
|    ep_len_mean      | 60       |
|    ep_rew_mean      | 40.1     |
|    exploration_rate | 0.05     |
| time/               |          |
|    episodes         | 264      |
|    fps              | 101      |
|    time_elapsed     | 156      |
|    total_timesteps  | 15840    |
| train/              |          |
|    learning_rate    | 0.0001   |
|    loss             | 0.282    |
|    n_updates        | 927      |
----------------------------------
----------------------------------
| rollout/            |          |
|    ep_len_mean      | 60       |
|    ep_rew_mean      | 40.4     |
|    exploration_rate | 0.05     |
| time/               |          |
|    episodes         | 268      |
|    fps              | 100      |
|    time_elapsed     | 159      |
|    total_timesteps  | 16080    |
| train/              |          |
|    learning_rate    | 0.0001   |
|    loss             | 0.598    |
|    n_updates        | 942      |
----------------------------------
----------------------------------
| rollout/            |          |
|    ep_len_mean      | 60       |
|    ep_rew_mean      | 40.6     |
|    exploration_rate | 0.05     |
| time/               |          |
|    episodes         | 272      |
|    fps              | 100      |
|    time_elapsed     | 162      |
|    total_timesteps  | 16320    |
| train/              |          |
|    learning_rate    | 0.0001   |
|    loss             | 0.509    |
|    n_updates        | 957      |
----------------------------------
----------------------------------
| rollout/            |          |
|    ep_len_mean      | 60       |
|    ep_rew_mean      | 40.7     |
|    exploration_rate | 0.05     |
| time/               |          |
|    episodes         | 276      |
|    fps              | 100      |
|    time_elapsed     | 164      |
|    total_timesteps  | 16560    |
| train/              |          |
|    learning_rate    | 0.0001   |
|    loss             | 0.411    |
|    n_updates        | 972      |
----------------------------------
----------------------------------
| rollout/            |          |
|    ep_len_mean      | 60       |
|    ep_rew_mean      | 40.6     |
|    exploration_rate | 0.05     |
| time/               |          |
|    episodes         | 280      |
|    fps              | 100      |
|    time_elapsed     | 167      |
|    total_timesteps  | 16800    |
| train/              |          |
|    learning_rate    | 0.0001   |
|    loss             | 0.559    |
|    n_updates        | 987      |
----------------------------------
----------------------------------
| rollout/            |          |
|    ep_len_mean      | 60       |
|    ep_rew_mean      | 40.6     |
|    exploration_rate | 0.05     |
| time/               |          |
|    episodes         | 284      |
|    fps              | 100      |
|    time_elapsed     | 170      |
|    total_timesteps  | 17040    |
| train/              |          |
|    learning_rate    | 0.0001   |
|    loss             | 0.342    |
|    n_updates        | 1002     |
----------------------------------
----------------------------------
| rollout/            |          |
|    ep_len_mean      | 60       |
|    ep_rew_mean      | 40.6     |
|    exploration_rate | 0.05     |
| time/               |          |
|    episodes         | 288      |
|    fps              | 100      |
|    time_elapsed     | 172      |
|    total_timesteps  | 17280    |
| train/              |          |
|    learning_rate    | 0.0001   |
|    loss             | 0.332    |
|    n_updates        | 1017     |
----------------------------------
----------------------------------
| rollout/            |          |
|    ep_len_mean      | 60       |
|    ep_rew_mean      | 40.7     |
|    exploration_rate | 0.05     |
| time/               |          |
|    episodes         | 292      |
|    fps              | 99       |
|    time_elapsed     | 175      |
|    total_timesteps  | 17520    |
| train/              |          |
|    learning_rate    | 0.0001   |
|    loss             | 0.639    |
|    n_updates        | 1032     |
----------------------------------
----------------------------------
| rollout/            |          |
|    ep_len_mean      | 60       |
|    ep_rew_mean      | 40.5     |
|    exploration_rate | 0.05     |
| time/               |          |
|    episodes         | 296      |
|    fps              | 99       |
|    time_elapsed     | 178      |
|    total_timesteps  | 17760    |
| train/              |          |
|    learning_rate    | 0.0001   |
|    loss             | 0.34     |
|    n_updates        | 1047     |
----------------------------------
----------------------------------
| rollout/            |          |
|    ep_len_mean      | 60       |
|    ep_rew_mean      | 40.5     |
|    exploration_rate | 0.05     |
| time/               |          |
|    episodes         | 300      |
|    fps              | 99       |
|    time_elapsed     | 180      |
|    total_timesteps  | 18000    |
| train/              |          |
|    learning_rate    | 0.0001   |
|    loss             | 0.569    |
|    n_updates        | 1062     |
----------------------------------
----------------------------------
| rollout/            |          |
|    ep_len_mean      | 60       |
|    ep_rew_mean      | 40.4     |
|    exploration_rate | 0.05     |
| time/               |          |
|    episodes         | 304      |
|    fps              | 99       |
|    time_elapsed     | 183      |
|    total_timesteps  | 18240    |
| train/              |          |
|    learning_rate    | 0.0001   |
|    loss             | 0.678    |
|    n_updates        | 1077     |
----------------------------------
----------------------------------
| rollout/            |          |
|    ep_len_mean      | 60       |
|    ep_rew_mean      | 40.4     |
|    exploration_rate | 0.05     |
| time/               |          |
|    episodes         | 308      |
|    fps              | 99       |
|    time_elapsed     | 186      |
|    total_timesteps  | 18480    |
| train/              |          |
|    learning_rate    | 0.0001   |
|    loss             | 0.511    |
|    n_updates        | 1092     |
----------------------------------
----------------------------------
| rollout/            |          |
|    ep_len_mean      | 60       |
|    ep_rew_mean      | 40.2     |
|    exploration_rate | 0.05     |
| time/               |          |
|    episodes         | 312      |
|    fps              | 99       |
|    time_elapsed     | 188      |
|    total_timesteps  | 18720    |
| train/              |          |
|    learning_rate    | 0.0001   |
|    loss             | 0.262    |
|    n_updates        | 1107     |
----------------------------------
----------------------------------
| rollout/            |          |
|    ep_len_mean      | 60       |
|    ep_rew_mean      | 40.2     |
|    exploration_rate | 0.05     |
| time/               |          |
|    episodes         | 316      |
|    fps              | 99       |
|    time_elapsed     | 191      |
|    total_timesteps  | 18960    |
| train/              |          |
|    learning_rate    | 0.0001   |
|    loss             | 0.398    |
|    n_updates        | 1122     |
----------------------------------
----------------------------------
| rollout/            |          |
|    ep_len_mean      | 60       |
|    ep_rew_mean      | 40.2     |
|    exploration_rate | 0.05     |
| time/               |          |
|    episodes         | 320      |
|    fps              | 98       |
|    time_elapsed     | 194      |
|    total_timesteps  | 19200    |
| train/              |          |
|    learning_rate    | 0.0001   |
|    loss             | 0.53     |
|    n_updates        | 1137     |
----------------------------------
----------------------------------
| rollout/            |          |
|    ep_len_mean      | 60       |
|    ep_rew_mean      | 40.4     |
|    exploration_rate | 0.05     |
| time/               |          |
|    episodes         | 324      |
|    fps              | 98       |
|    time_elapsed     | 196      |
|    total_timesteps  | 19440    |
| train/              |          |
|    learning_rate    | 0.0001   |
|    loss             | 0.685    |
|    n_updates        | 1152     |
----------------------------------
----------------------------------
| rollout/            |          |
|    ep_len_mean      | 60       |
|    ep_rew_mean      | 40.5     |
|    exploration_rate | 0.05     |
| time/               |          |
|    episodes         | 328      |
|    fps              | 98       |
|    time_elapsed     | 199      |
|    total_timesteps  | 19680    |
| train/              |          |
|    learning_rate    | 0.0001   |
|    loss             | 0.326    |
|    n_updates        | 1167     |
----------------------------------
----------------------------------
| rollout/            |          |
|    ep_len_mean      | 60       |
|    ep_rew_mean      | 40.8     |
|    exploration_rate | 0.05     |
| time/               |          |
|    episodes         | 332      |
|    fps              | 98       |
|    time_elapsed     | 202      |
|    total_timesteps  | 19920    |
| train/              |          |
|    learning_rate    | 0.0001   |
|    loss             | 0.649    |
|    n_updates        | 1182     |
----------------------------------
----------------------------------
| rollout/            |          |
|    ep_len_mean      | 60       |
|    ep_rew_mean      | 40.6     |
|    exploration_rate | 0.05     |
| time/               |          |
|    episodes         | 336      |
|    fps              | 98       |
|    time_elapsed     | 204      |
|    total_timesteps  | 20160    |
| train/              |          |
|    learning_rate    | 0.0001   |
|    loss             | 0.691    |
|    n_updates        | 1197     |
----------------------------------
----------------------------------
| rollout/            |          |
|    ep_len_mean      | 60       |
|    ep_rew_mean      | 40.6     |
|    exploration_rate | 0.05     |
| time/               |          |
|    episodes         | 340      |
|    fps              | 98       |
|    time_elapsed     | 207      |
|    total_timesteps  | 20400    |
| train/              |          |
|    learning_rate    | 0.0001   |
|    loss             | 0.668    |
|    n_updates        | 1212     |
----------------------------------
----------------------------------
| rollout/            |          |
|    ep_len_mean      | 60       |
|    ep_rew_mean      | 40.9     |
|    exploration_rate | 0.05     |
| time/               |          |
|    episodes         | 344      |
|    fps              | 98       |
|    time_elapsed     | 210      |
|    total_timesteps  | 20640    |
| train/              |          |
|    learning_rate    | 0.0001   |
|    loss             | 0.284    |
|    n_updates        | 1227     |
----------------------------------
----------------------------------
| rollout/            |          |
|    ep_len_mean      | 60       |
|    ep_rew_mean      | 40.8     |
|    exploration_rate | 0.05     |
| time/               |          |
|    episodes         | 348      |
|    fps              | 98       |
|    time_elapsed     | 212      |
|    total_timesteps  | 20880    |
| train/              |          |
|    learning_rate    | 0.0001   |
|    loss             | 0.36     |
|    n_updates        | 1242     |
----------------------------------
----------------------------------
| rollout/            |          |
|    ep_len_mean      | 60       |
|    ep_rew_mean      | 40.9     |
|    exploration_rate | 0.05     |
| time/               |          |
|    episodes         | 352      |
|    fps              | 97       |
|    time_elapsed     | 215      |
|    total_timesteps  | 21120    |
| train/              |          |
|    learning_rate    | 0.0001   |
|    loss             | 0.502    |
|    n_updates        | 1257     |
----------------------------------
----------------------------------
| rollout/            |          |
|    ep_len_mean      | 60       |
|    ep_rew_mean      | 41       |
|    exploration_rate | 0.05     |
| time/               |          |
|    episodes         | 356      |
|    fps              | 97       |
|    time_elapsed     | 218      |
|    total_timesteps  | 21360    |
| train/              |          |
|    learning_rate    | 0.0001   |
|    loss             | 0.36     |
|    n_updates        | 1272     |
----------------------------------
----------------------------------
| rollout/            |          |
|    ep_len_mean      | 60       |
|    ep_rew_mean      | 41.1     |
|    exploration_rate | 0.05     |
| time/               |          |
|    episodes         | 360      |
|    fps              | 97       |
|    time_elapsed     | 221      |
|    total_timesteps  | 21600    |
| train/              |          |
|    learning_rate    | 0.0001   |
|    loss             | 0.353    |
|    n_updates        | 1287     |
----------------------------------
----------------------------------
| rollout/            |          |
|    ep_len_mean      | 60       |
|    ep_rew_mean      | 41.2     |
|    exploration_rate | 0.05     |
| time/               |          |
|    episodes         | 364      |
|    fps              | 97       |
|    time_elapsed     | 223      |
|    total_timesteps  | 21840    |
| train/              |          |
|    learning_rate    | 0.0001   |
|    loss             | 0.534    |
|    n_updates        | 1302     |
----------------------------------
----------------------------------
| rollout/            |          |
|    ep_len_mean      | 60       |
|    ep_rew_mean      | 41.1     |
|    exploration_rate | 0.05     |
| time/               |          |
|    episodes         | 368      |
|    fps              | 97       |
|    time_elapsed     | 226      |
|    total_timesteps  | 22080    |
| train/              |          |
|    learning_rate    | 0.0001   |
|    loss             | 0.593    |
|    n_updates        | 1317     |
----------------------------------
----------------------------------
| rollout/            |          |
|    ep_len_mean      | 60       |
|    ep_rew_mean      | 41.1     |
|    exploration_rate | 0.05     |
| time/               |          |
|    episodes         | 372      |
|    fps              | 97       |
|    time_elapsed     | 229      |
|    total_timesteps  | 22320    |
| train/              |          |
|    learning_rate    | 0.0001   |
|    loss             | 0.711    |
|    n_updates        | 1332     |
----------------------------------
----------------------------------
| rollout/            |          |
|    ep_len_mean      | 60       |
|    ep_rew_mean      | 41.1     |
|    exploration_rate | 0.05     |
| time/               |          |
|    episodes         | 376      |
|    fps              | 97       |
|    time_elapsed     | 232      |
|    total_timesteps  | 22560    |
| train/              |          |
|    learning_rate    | 0.0001   |
|    loss             | 0.477    |
|    n_updates        | 1347     |
----------------------------------
----------------------------------
| rollout/            |          |
|    ep_len_mean      | 60       |
|    ep_rew_mean      | 41.2     |
|    exploration_rate | 0.05     |
| time/               |          |
|    episodes         | 380      |
|    fps              | 97       |
|    time_elapsed     | 234      |
|    total_timesteps  | 22800    |
| train/              |          |
|    learning_rate    | 0.0001   |
|    loss             | 0.325    |
|    n_updates        | 1362     |
----------------------------------
----------------------------------
| rollout/            |          |
|    ep_len_mean      | 60       |
|    ep_rew_mean      | 41.1     |
|    exploration_rate | 0.05     |
| time/               |          |
|    episodes         | 384      |
|    fps              | 97       |
|    time_elapsed     | 237      |
|    total_timesteps  | 23040    |
| train/              |          |
|    learning_rate    | 0.0001   |
|    loss             | 0.423    |
|    n_updates        | 1377     |
----------------------------------
----------------------------------
| rollout/            |          |
|    ep_len_mean      | 60       |
|    ep_rew_mean      | 41       |
|    exploration_rate | 0.05     |
| time/               |          |
|    episodes         | 388      |
|    fps              | 96       |
|    time_elapsed     | 240      |
|    total_timesteps  | 23280    |
| train/              |          |
|    learning_rate    | 0.0001   |
|    loss             | 0.426    |
|    n_updates        | 1392     |
----------------------------------
----------------------------------
| rollout/            |          |
|    ep_len_mean      | 60       |
|    ep_rew_mean      | 41.1     |
|    exploration_rate | 0.05     |
| time/               |          |
|    episodes         | 392      |
|    fps              | 96       |
|    time_elapsed     | 242      |
|    total_timesteps  | 23520    |
| train/              |          |
|    learning_rate    | 0.0001   |
|    loss             | 0.635    |
|    n_updates        | 1407     |
----------------------------------
----------------------------------
| rollout/            |          |
|    ep_len_mean      | 60       |
|    ep_rew_mean      | 41.2     |
|    exploration_rate | 0.05     |
| time/               |          |
|    episodes         | 396      |
|    fps              | 96       |
|    time_elapsed     | 245      |
|    total_timesteps  | 23760    |
| train/              |          |
|    learning_rate    | 0.0001   |
|    loss             | 0.372    |
|    n_updates        | 1422     |
----------------------------------
----------------------------------
| rollout/            |          |
|    ep_len_mean      | 60       |
|    ep_rew_mean      | 41.2     |
|    exploration_rate | 0.05     |
| time/               |          |
|    episodes         | 400      |
|    fps              | 96       |
|    time_elapsed     | 247      |
|    total_timesteps  | 24000    |
| train/              |          |
|    learning_rate    | 0.0001   |
|    loss             | 0.31     |
|    n_updates        | 1437     |
----------------------------------
----------------------------------
| rollout/            |          |
|    ep_len_mean      | 60       |
|    ep_rew_mean      | 41.3     |
|    exploration_rate | 0.05     |
| time/               |          |
|    episodes         | 404      |
|    fps              | 96       |
|    time_elapsed     | 250      |
|    total_timesteps  | 24240    |
| train/              |          |
|    learning_rate    | 0.0001   |
|    loss             | 0.73     |
|    n_updates        | 1452     |
----------------------------------
----------------------------------
| rollout/            |          |
|    ep_len_mean      | 60       |
|    ep_rew_mean      | 41.4     |
|    exploration_rate | 0.05     |
| time/               |          |
|    episodes         | 408      |
|    fps              | 96       |
|    time_elapsed     | 253      |
|    total_timesteps  | 24480    |
| train/              |          |
|    learning_rate    | 0.0001   |
|    loss             | 0.65     |
|    n_updates        | 1467     |
----------------------------------
----------------------------------
| rollout/            |          |
|    ep_len_mean      | 60       |
|    ep_rew_mean      | 41.4     |
|    exploration_rate | 0.05     |
| time/               |          |
|    episodes         | 412      |
|    fps              | 96       |
|    time_elapsed     | 255      |
|    total_timesteps  | 24720    |
| train/              |          |
|    learning_rate    | 0.0001   |
|    loss             | 0.314    |
|    n_updates        | 1482     |
----------------------------------
----------------------------------
| rollout/            |          |
|    ep_len_mean      | 60       |
|    ep_rew_mean      | 41.4     |
|    exploration_rate | 0.05     |
| time/               |          |
|    episodes         | 416      |
|    fps              | 96       |
|    time_elapsed     | 258      |
|    total_timesteps  | 24960    |
| train/              |          |
|    learning_rate    | 0.0001   |
|    loss             | 0.491    |
|    n_updates        | 1497     |
----------------------------------
----------------------------------
| rollout/            |          |
|    ep_len_mean      | 60       |
|    ep_rew_mean      | 41.5     |
|    exploration_rate | 0.05     |
| time/               |          |
|    episodes         | 420      |
|    fps              | 96       |
|    time_elapsed     | 261      |
|    total_timesteps  | 25200    |
| train/              |          |
|    learning_rate    | 0.0001   |
|    loss             | 0.437    |
|    n_updates        | 1512     |
----------------------------------
----------------------------------
| rollout/            |          |
|    ep_len_mean      | 60       |
|    ep_rew_mean      | 41.5     |
|    exploration_rate | 0.05     |
| time/               |          |
|    episodes         | 424      |
|    fps              | 96       |
|    time_elapsed     | 263      |
|    total_timesteps  | 25440    |
| train/              |          |
|    learning_rate    | 0.0001   |
|    loss             | 0.792    |
|    n_updates        | 1527     |
----------------------------------
----------------------------------
| rollout/            |          |
|    ep_len_mean      | 60       |
|    ep_rew_mean      | 41.4     |
|    exploration_rate | 0.05     |
| time/               |          |
|    episodes         | 428      |
|    fps              | 96       |
|    time_elapsed     | 266      |
|    total_timesteps  | 25680    |
| train/              |          |
|    learning_rate    | 0.0001   |
|    loss             | 1.02     |
|    n_updates        | 1542     |
----------------------------------
----------------------------------
| rollout/            |          |
|    ep_len_mean      | 60       |
|    ep_rew_mean      | 41.3     |
|    exploration_rate | 0.05     |
| time/               |          |
|    episodes         | 432      |
|    fps              | 96       |
|    time_elapsed     | 269      |
|    total_timesteps  | 25920    |
| train/              |          |
|    learning_rate    | 0.0001   |
|    loss             | 0.647    |
|    n_updates        | 1557     |
----------------------------------
----------------------------------
| rollout/            |          |
|    ep_len_mean      | 60       |
|    ep_rew_mean      | 41.4     |
|    exploration_rate | 0.05     |
| time/               |          |
|    episodes         | 436      |
|    fps              | 96       |
|    time_elapsed     | 271      |
|    total_timesteps  | 26160    |
| train/              |          |
|    learning_rate    | 0.0001   |
|    loss             | 0.695    |
|    n_updates        | 1572     |
----------------------------------
----------------------------------
| rollout/            |          |
|    ep_len_mean      | 60       |
|    ep_rew_mean      | 41.4     |
|    exploration_rate | 0.05     |
| time/               |          |
|    episodes         | 440      |
|    fps              | 96       |
|    time_elapsed     | 274      |
|    total_timesteps  | 26400    |
| train/              |          |
|    learning_rate    | 0.0001   |
|    loss             | 0.504    |
|    n_updates        | 1587     |
----------------------------------
----------------------------------
| rollout/            |          |
|    ep_len_mean      | 60       |
|    ep_rew_mean      | 41.5     |
|    exploration_rate | 0.05     |
| time/               |          |
|    episodes         | 444      |
|    fps              | 96       |
|    time_elapsed     | 277      |
|    total_timesteps  | 26640    |
| train/              |          |
|    learning_rate    | 0.0001   |
|    loss             | 0.722    |
|    n_updates        | 1602     |
----------------------------------
----------------------------------
| rollout/            |          |
|    ep_len_mean      | 60       |
|    ep_rew_mean      | 41.5     |
|    exploration_rate | 0.05     |
| time/               |          |
|    episodes         | 448      |
|    fps              | 96       |
|    time_elapsed     | 279      |
|    total_timesteps  | 26880    |
| train/              |          |
|    learning_rate    | 0.0001   |
|    loss             | 0.286    |
|    n_updates        | 1617     |
----------------------------------
----------------------------------
| rollout/            |          |
|    ep_len_mean      | 60       |
|    ep_rew_mean      | 41.4     |
|    exploration_rate | 0.05     |
| time/               |          |
|    episodes         | 452      |
|    fps              | 96       |
|    time_elapsed     | 282      |
|    total_timesteps  | 27120    |
| train/              |          |
|    learning_rate    | 0.0001   |
|    loss             | 0.869    |
|    n_updates        | 1632     |
----------------------------------
----------------------------------
| rollout/            |          |
|    ep_len_mean      | 60       |
|    ep_rew_mean      | 41.4     |
|    exploration_rate | 0.05     |
| time/               |          |
|    episodes         | 456      |
|    fps              | 95       |
|    time_elapsed     | 285      |
|    total_timesteps  | 27360    |
| train/              |          |
|    learning_rate    | 0.0001   |
|    loss             | 0.424    |
|    n_updates        | 1647     |
----------------------------------
----------------------------------
| rollout/            |          |
|    ep_len_mean      | 60       |
|    ep_rew_mean      | 41.4     |
|    exploration_rate | 0.05     |
| time/               |          |
|    episodes         | 460      |
|    fps              | 95       |
|    time_elapsed     | 287      |
|    total_timesteps  | 27600    |
| train/              |          |
|    learning_rate    | 0.0001   |
|    loss             | 0.549    |
|    n_updates        | 1662     |
----------------------------------
----------------------------------
| rollout/            |          |
|    ep_len_mean      | 60       |
|    ep_rew_mean      | 41.4     |
|    exploration_rate | 0.05     |
| time/               |          |
|    episodes         | 464      |
|    fps              | 95       |
|    time_elapsed     | 290      |
|    total_timesteps  | 27840    |
| train/              |          |
|    learning_rate    | 0.0001   |
|    loss             | 1.03     |
|    n_updates        | 1677     |
----------------------------------
----------------------------------
| rollout/            |          |
|    ep_len_mean      | 60       |
|    ep_rew_mean      | 41.2     |
|    exploration_rate | 0.05     |
| time/               |          |
|    episodes         | 468      |
|    fps              | 95       |
|    time_elapsed     | 293      |
|    total_timesteps  | 28080    |
| train/              |          |
|    learning_rate    | 0.0001   |
|    loss             | 0.778    |
|    n_updates        | 1692     |
----------------------------------
----------------------------------
| rollout/            |          |
|    ep_len_mean      | 60       |
|    ep_rew_mean      | 41       |
|    exploration_rate | 0.05     |
| time/               |          |
|    episodes         | 472      |
|    fps              | 95       |
|    time_elapsed     | 295      |
|    total_timesteps  | 28320    |
| train/              |          |
|    learning_rate    | 0.0001   |
|    loss             | 0.384    |
|    n_updates        | 1707     |
----------------------------------
----------------------------------
| rollout/            |          |
|    ep_len_mean      | 60       |
|    ep_rew_mean      | 41.2     |
|    exploration_rate | 0.05     |
| time/               |          |
|    episodes         | 476      |
|    fps              | 95       |
|    time_elapsed     | 298      |
|    total_timesteps  | 28560    |
| train/              |          |
|    learning_rate    | 0.0001   |
|    loss             | 0.936    |
|    n_updates        | 1722     |
----------------------------------
----------------------------------
| rollout/            |          |
|    ep_len_mean      | 60       |
|    ep_rew_mean      | 41.1     |
|    exploration_rate | 0.05     |
| time/               |          |
|    episodes         | 480      |
|    fps              | 95       |
|    time_elapsed     | 301      |
|    total_timesteps  | 28800    |
| train/              |          |
|    learning_rate    | 0.0001   |
|    loss             | 1.14     |
|    n_updates        | 1737     |
----------------------------------
----------------------------------
| rollout/            |          |
|    ep_len_mean      | 60       |
|    ep_rew_mean      | 41       |
|    exploration_rate | 0.05     |
| time/               |          |
|    episodes         | 484      |
|    fps              | 95       |
|    time_elapsed     | 303      |
|    total_timesteps  | 29040    |
| train/              |          |
|    learning_rate    | 0.0001   |
|    loss             | 0.452    |
|    n_updates        | 1752     |
----------------------------------
----------------------------------
| rollout/            |          |
|    ep_len_mean      | 60       |
|    ep_rew_mean      | 41.1     |
|    exploration_rate | 0.05     |
| time/               |          |
|    episodes         | 488      |
|    fps              | 95       |
|    time_elapsed     | 306      |
|    total_timesteps  | 29280    |
| train/              |          |
|    learning_rate    | 0.0001   |
|    loss             | 0.789    |
|    n_updates        | 1767     |
----------------------------------
----------------------------------
| rollout/            |          |
|    ep_len_mean      | 60       |
|    ep_rew_mean      | 41.1     |
|    exploration_rate | 0.05     |
| time/               |          |
|    episodes         | 492      |
|    fps              | 95       |
|    time_elapsed     | 309      |
|    total_timesteps  | 29520    |
| train/              |          |
|    learning_rate    | 0.0001   |
|    loss             | 0.281    |
|    n_updates        | 1782     |
----------------------------------
----------------------------------
| rollout/            |          |
|    ep_len_mean      | 60       |
|    ep_rew_mean      | 40.9     |
|    exploration_rate | 0.05     |
| time/               |          |
|    episodes         | 496      |
|    fps              | 95       |
|    time_elapsed     | 311      |
|    total_timesteps  | 29760    |
| train/              |          |
|    learning_rate    | 0.0001   |
|    loss             | 0.875    |
|    n_updates        | 1797     |
----------------------------------
----------------------------------
| rollout/            |          |
|    ep_len_mean      | 60       |
|    ep_rew_mean      | 40.9     |
|    exploration_rate | 0.05     |
| time/               |          |
|    episodes         | 500      |
|    fps              | 95       |
|    time_elapsed     | 314      |
|    total_timesteps  | 30000    |
| train/              |          |
|    learning_rate    | 0.0001   |
|    loss             | 0.729    |
|    n_updates        | 1812     |
----------------------------------
----------------------------------
| rollout/            |          |
|    ep_len_mean      | 60       |
|    ep_rew_mean      | 41       |
|    exploration_rate | 0.05     |
| time/               |          |
|    episodes         | 504      |
|    fps              | 95       |
|    time_elapsed     | 317      |
|    total_timesteps  | 30240    |
| train/              |          |
|    learning_rate    | 0.0001   |
|    loss             | 0.666    |
|    n_updates        | 1827     |
----------------------------------
----------------------------------
| rollout/            |          |
|    ep_len_mean      | 60       |
|    ep_rew_mean      | 41       |
|    exploration_rate | 0.05     |
| time/               |          |
|    episodes         | 508      |
|    fps              | 95       |
|    time_elapsed     | 319      |
|    total_timesteps  | 30480    |
| train/              |          |
|    learning_rate    | 0.0001   |
|    loss             | 0.277    |
|    n_updates        | 1842     |
----------------------------------
----------------------------------
| rollout/            |          |
|    ep_len_mean      | 60       |
|    ep_rew_mean      | 41.2     |
|    exploration_rate | 0.05     |
| time/               |          |
|    episodes         | 512      |
|    fps              | 95       |
|    time_elapsed     | 322      |
|    total_timesteps  | 30720    |
| train/              |          |
|    learning_rate    | 0.0001   |
|    loss             | 0.438    |
|    n_updates        | 1857     |
----------------------------------
----------------------------------
| rollout/            |          |
|    ep_len_mean      | 60       |
|    ep_rew_mean      | 41.2     |
|    exploration_rate | 0.05     |
| time/               |          |
|    episodes         | 516      |
|    fps              | 95       |
|    time_elapsed     | 325      |
|    total_timesteps  | 30960    |
| train/              |          |
|    learning_rate    | 0.0001   |
|    loss             | 1.02     |
|    n_updates        | 1872     |
----------------------------------
----------------------------------
| rollout/            |          |
|    ep_len_mean      | 60       |
|    ep_rew_mean      | 41.2     |
|    exploration_rate | 0.05     |
| time/               |          |
|    episodes         | 520      |
|    fps              | 95       |
|    time_elapsed     | 327      |
|    total_timesteps  | 31200    |
| train/              |          |
|    learning_rate    | 0.0001   |
|    loss             | 0.636    |
|    n_updates        | 1887     |
----------------------------------
----------------------------------
| rollout/            |          |
|    ep_len_mean      | 60       |
|    ep_rew_mean      | 41.1     |
|    exploration_rate | 0.05     |
| time/               |          |
|    episodes         | 524      |
|    fps              | 95       |
|    time_elapsed     | 330      |
|    total_timesteps  | 31440    |
| train/              |          |
|    learning_rate    | 0.0001   |
|    loss             | 0.737    |
|    n_updates        | 1902     |
----------------------------------
----------------------------------
| rollout/            |          |
|    ep_len_mean      | 60       |
|    ep_rew_mean      | 41       |
|    exploration_rate | 0.05     |
| time/               |          |
|    episodes         | 528      |
|    fps              | 95       |
|    time_elapsed     | 332      |
|    total_timesteps  | 31680    |
| train/              |          |
|    learning_rate    | 0.0001   |
|    loss             | 0.385    |
|    n_updates        | 1917     |
----------------------------------
----------------------------------
| rollout/            |          |
|    ep_len_mean      | 60       |
|    ep_rew_mean      | 41.1     |
|    exploration_rate | 0.05     |
| time/               |          |
|    episodes         | 532      |
|    fps              | 95       |
|    time_elapsed     | 335      |
|    total_timesteps  | 31920    |
| train/              |          |
|    learning_rate    | 0.0001   |
|    loss             | 0.469    |
|    n_updates        | 1932     |
----------------------------------
----------------------------------
| rollout/            |          |
|    ep_len_mean      | 60       |
|    ep_rew_mean      | 41.2     |
|    exploration_rate | 0.05     |
| time/               |          |
|    episodes         | 536      |
|    fps              | 95       |
|    time_elapsed     | 338      |
|    total_timesteps  | 32160    |
| train/              |          |
|    learning_rate    | 0.0001   |
|    loss             | 0.442    |
|    n_updates        | 1947     |
----------------------------------
----------------------------------
| rollout/            |          |
|    ep_len_mean      | 60       |
|    ep_rew_mean      | 41.2     |
|    exploration_rate | 0.05     |
| time/               |          |
|    episodes         | 540      |
|    fps              | 95       |
|    time_elapsed     | 340      |
|    total_timesteps  | 32400    |
| train/              |          |
|    learning_rate    | 0.0001   |
|    loss             | 0.624    |
|    n_updates        | 1962     |
----------------------------------
----------------------------------
| rollout/            |          |
|    ep_len_mean      | 60       |
|    ep_rew_mean      | 41       |
|    exploration_rate | 0.05     |
| time/               |          |
|    episodes         | 544      |
|    fps              | 95       |
|    time_elapsed     | 343      |
|    total_timesteps  | 32640    |
| train/              |          |
|    learning_rate    | 0.0001   |
|    loss             | 0.398    |
|    n_updates        | 1977     |
----------------------------------
----------------------------------
| rollout/            |          |
|    ep_len_mean      | 60       |
|    ep_rew_mean      | 41       |
|    exploration_rate | 0.05     |
| time/               |          |
|    episodes         | 548      |
|    fps              | 94       |
|    time_elapsed     | 346      |
|    total_timesteps  | 32880    |
| train/              |          |
|    learning_rate    | 0.0001   |
|    loss             | 1.66     |
|    n_updates        | 1992     |
----------------------------------
----------------------------------
| rollout/            |          |
|    ep_len_mean      | 60       |
|    ep_rew_mean      | 41       |
|    exploration_rate | 0.05     |
| time/               |          |
|    episodes         | 552      |
|    fps              | 94       |
|    time_elapsed     | 348      |
|    total_timesteps  | 33120    |
| train/              |          |
|    learning_rate    | 0.0001   |
|    loss             | 0.53     |
|    n_updates        | 2007     |
----------------------------------
----------------------------------
| rollout/            |          |
|    ep_len_mean      | 60       |
|    ep_rew_mean      | 41       |
|    exploration_rate | 0.05     |
| time/               |          |
|    episodes         | 556      |
|    fps              | 94       |
|    time_elapsed     | 351      |
|    total_timesteps  | 33360    |
| train/              |          |
|    learning_rate    | 0.0001   |
|    loss             | 0.323    |
|    n_updates        | 2022     |
----------------------------------
----------------------------------
| rollout/            |          |
|    ep_len_mean      | 60       |
|    ep_rew_mean      | 41       |
|    exploration_rate | 0.05     |
| time/               |          |
|    episodes         | 560      |
|    fps              | 94       |
|    time_elapsed     | 353      |
|    total_timesteps  | 33600    |
| train/              |          |
|    learning_rate    | 0.0001   |
|    loss             | 0.515    |
|    n_updates        | 2037     |
----------------------------------
----------------------------------
| rollout/            |          |
|    ep_len_mean      | 60       |
|    ep_rew_mean      | 41       |
|    exploration_rate | 0.05     |
| time/               |          |
|    episodes         | 564      |
|    fps              | 94       |
|    time_elapsed     | 356      |
|    total_timesteps  | 33840    |
| train/              |          |
|    learning_rate    | 0.0001   |
|    loss             | 0.346    |
|    n_updates        | 2052     |
----------------------------------
----------------------------------
| rollout/            |          |
|    ep_len_mean      | 60       |
|    ep_rew_mean      | 40.9     |
|    exploration_rate | 0.05     |
| time/               |          |
|    episodes         | 568      |
|    fps              | 94       |
|    time_elapsed     | 359      |
|    total_timesteps  | 34080    |
| train/              |          |
|    learning_rate    | 0.0001   |
|    loss             | 0.591    |
|    n_updates        | 2067     |
----------------------------------
----------------------------------
| rollout/            |          |
|    ep_len_mean      | 60       |
|    ep_rew_mean      | 41.1     |
|    exploration_rate | 0.05     |
| time/               |          |
|    episodes         | 572      |
|    fps              | 94       |
|    time_elapsed     | 361      |
|    total_timesteps  | 34320    |
| train/              |          |
|    learning_rate    | 0.0001   |
|    loss             | 0.277    |
|    n_updates        | 2082     |
----------------------------------
----------------------------------
| rollout/            |          |
|    ep_len_mean      | 60       |
|    ep_rew_mean      | 40.9     |
|    exploration_rate | 0.05     |
| time/               |          |
|    episodes         | 576      |
|    fps              | 94       |
|    time_elapsed     | 364      |
|    total_timesteps  | 34560    |
| train/              |          |
|    learning_rate    | 0.0001   |
|    loss             | 0.436    |
|    n_updates        | 2097     |
----------------------------------
----------------------------------
| rollout/            |          |
|    ep_len_mean      | 60       |
|    ep_rew_mean      | 41       |
|    exploration_rate | 0.05     |
| time/               |          |
|    episodes         | 580      |
|    fps              | 94       |
|    time_elapsed     | 367      |
|    total_timesteps  | 34800    |
| train/              |          |
|    learning_rate    | 0.0001   |
|    loss             | 0.572    |
|    n_updates        | 2112     |
----------------------------------
----------------------------------
| rollout/            |          |
|    ep_len_mean      | 60       |
|    ep_rew_mean      | 40.9     |
|    exploration_rate | 0.05     |
| time/               |          |
|    episodes         | 584      |
|    fps              | 94       |
|    time_elapsed     | 369      |
|    total_timesteps  | 35040    |
| train/              |          |
|    learning_rate    | 0.0001   |
|    loss             | 0.692    |
|    n_updates        | 2127     |
----------------------------------
----------------------------------
| rollout/            |          |
|    ep_len_mean      | 60       |
|    ep_rew_mean      | 40.8     |
|    exploration_rate | 0.05     |
| time/               |          |
|    episodes         | 588      |
|    fps              | 94       |
|    time_elapsed     | 372      |
|    total_timesteps  | 35280    |
| train/              |          |
|    learning_rate    | 0.0001   |
|    loss             | 0.307    |
|    n_updates        | 2142     |
----------------------------------
----------------------------------
| rollout/            |          |
|    ep_len_mean      | 60       |
|    ep_rew_mean      | 40.7     |
|    exploration_rate | 0.05     |
| time/               |          |
|    episodes         | 592      |
|    fps              | 94       |
|    time_elapsed     | 375      |
|    total_timesteps  | 35520    |
| train/              |          |
|    learning_rate    | 0.0001   |
|    loss             | 1.14     |
|    n_updates        | 2157     |
----------------------------------
----------------------------------
| rollout/            |          |
|    ep_len_mean      | 60       |
|    ep_rew_mean      | 40.8     |
|    exploration_rate | 0.05     |
| time/               |          |
|    episodes         | 596      |
|    fps              | 94       |
|    time_elapsed     | 377      |
|    total_timesteps  | 35760    |
| train/              |          |
|    learning_rate    | 0.0001   |
|    loss             | 1.14     |
|    n_updates        | 2172     |
----------------------------------
----------------------------------
| rollout/            |          |
|    ep_len_mean      | 60       |
|    ep_rew_mean      | 40.8     |
|    exploration_rate | 0.05     |
| time/               |          |
|    episodes         | 600      |
|    fps              | 94       |
|    time_elapsed     | 380      |
|    total_timesteps  | 36000    |
| train/              |          |
|    learning_rate    | 0.0001   |
|    loss             | 0.445    |
|    n_updates        | 2187     |
----------------------------------
----------------------------------
| rollout/            |          |
|    ep_len_mean      | 60       |
|    ep_rew_mean      | 40.9     |
|    exploration_rate | 0.05     |
| time/               |          |
|    episodes         | 604      |
|    fps              | 94       |
|    time_elapsed     | 382      |
|    total_timesteps  | 36240    |
| train/              |          |
|    learning_rate    | 0.0001   |
|    loss             | 0.752    |
|    n_updates        | 2202     |
----------------------------------
----------------------------------
| rollout/            |          |
|    ep_len_mean      | 60       |
|    ep_rew_mean      | 40.8     |
|    exploration_rate | 0.05     |
| time/               |          |
|    episodes         | 608      |
|    fps              | 94       |
|    time_elapsed     | 385      |
|    total_timesteps  | 36480    |
| train/              |          |
|    learning_rate    | 0.0001   |
|    loss             | 1.08     |
|    n_updates        | 2217     |
----------------------------------
----------------------------------
| rollout/            |          |
|    ep_len_mean      | 60       |
|    ep_rew_mean      | 40.6     |
|    exploration_rate | 0.05     |
| time/               |          |
|    episodes         | 612      |
|    fps              | 94       |
|    time_elapsed     | 388      |
|    total_timesteps  | 36720    |
| train/              |          |
|    learning_rate    | 0.0001   |
|    loss             | 0.889    |
|    n_updates        | 2232     |
----------------------------------
----------------------------------
| rollout/            |          |
|    ep_len_mean      | 60       |
|    ep_rew_mean      | 40.6     |
|    exploration_rate | 0.05     |
| time/               |          |
|    episodes         | 616      |
|    fps              | 94       |
|    time_elapsed     | 390      |
|    total_timesteps  | 36960    |
| train/              |          |
|    learning_rate    | 0.0001   |
|    loss             | 0.527    |
|    n_updates        | 2247     |
----------------------------------
----------------------------------
| rollout/            |          |
|    ep_len_mean      | 60       |
|    ep_rew_mean      | 40.6     |
|    exploration_rate | 0.05     |
| time/               |          |
|    episodes         | 620      |
|    fps              | 94       |
|    time_elapsed     | 393      |
|    total_timesteps  | 37200    |
| train/              |          |
|    learning_rate    | 0.0001   |
|    loss             | 0.872    |
|    n_updates        | 2262     |
----------------------------------
----------------------------------
| rollout/            |          |
|    ep_len_mean      | 60       |
|    ep_rew_mean      | 40.7     |
|    exploration_rate | 0.05     |
| time/               |          |
|    episodes         | 624      |
|    fps              | 94       |
|    time_elapsed     | 396      |
|    total_timesteps  | 37440    |
| train/              |          |
|    learning_rate    | 0.0001   |
|    loss             | 0.766    |
|    n_updates        | 2277     |
----------------------------------
----------------------------------
| rollout/            |          |
|    ep_len_mean      | 60       |
|    ep_rew_mean      | 40.9     |
|    exploration_rate | 0.05     |
| time/               |          |
|    episodes         | 628      |
|    fps              | 94       |
|    time_elapsed     | 398      |
|    total_timesteps  | 37680    |
| train/              |          |
|    learning_rate    | 0.0001   |
|    loss             | 0.391    |
|    n_updates        | 2292     |
----------------------------------
----------------------------------
| rollout/            |          |
|    ep_len_mean      | 60       |
|    ep_rew_mean      | 40.8     |
|    exploration_rate | 0.05     |
| time/               |          |
|    episodes         | 632      |
|    fps              | 94       |
|    time_elapsed     | 401      |
|    total_timesteps  | 37920    |
| train/              |          |
|    learning_rate    | 0.0001   |
|    loss             | 1.75     |
|    n_updates        | 2307     |
----------------------------------
----------------------------------
| rollout/            |          |
|    ep_len_mean      | 60       |
|    ep_rew_mean      | 40.7     |
|    exploration_rate | 0.05     |
| time/               |          |
|    episodes         | 636      |
|    fps              | 94       |
|    time_elapsed     | 403      |
|    total_timesteps  | 38160    |
| train/              |          |
|    learning_rate    | 0.0001   |
|    loss             | 0.303    |
|    n_updates        | 2322     |
----------------------------------
----------------------------------
| rollout/            |          |
|    ep_len_mean      | 60       |
|    ep_rew_mean      | 40.6     |
|    exploration_rate | 0.05     |
| time/               |          |
|    episodes         | 640      |
|    fps              | 94       |
|    time_elapsed     | 406      |
|    total_timesteps  | 38400    |
| train/              |          |
|    learning_rate    | 0.0001   |
|    loss             | 1        |
|    n_updates        | 2337     |
----------------------------------
----------------------------------
| rollout/            |          |
|    ep_len_mean      | 60       |
|    ep_rew_mean      | 40.7     |
|    exploration_rate | 0.05     |
| time/               |          |
|    episodes         | 644      |
|    fps              | 94       |
|    time_elapsed     | 409      |
|    total_timesteps  | 38640    |
| train/              |          |
|    learning_rate    | 0.0001   |
|    loss             | 1.91     |
|    n_updates        | 2352     |
----------------------------------
----------------------------------
| rollout/            |          |
|    ep_len_mean      | 60       |
|    ep_rew_mean      | 40.8     |
|    exploration_rate | 0.05     |
| time/               |          |
|    episodes         | 648      |
|    fps              | 94       |
|    time_elapsed     | 412      |
|    total_timesteps  | 38880    |
| train/              |          |
|    learning_rate    | 0.0001   |
|    loss             | 0.294    |
|    n_updates        | 2367     |
----------------------------------
----------------------------------
| rollout/            |          |
|    ep_len_mean      | 60       |
|    ep_rew_mean      | 40.9     |
|    exploration_rate | 0.05     |
| time/               |          |
|    episodes         | 652      |
|    fps              | 94       |
|    time_elapsed     | 414      |
|    total_timesteps  | 39120    |
| train/              |          |
|    learning_rate    | 0.0001   |
|    loss             | 0.407    |
|    n_updates        | 2382     |
----------------------------------
----------------------------------
| rollout/            |          |
|    ep_len_mean      | 60       |
|    ep_rew_mean      | 40.9     |
|    exploration_rate | 0.05     |
| time/               |          |
|    episodes         | 656      |
|    fps              | 94       |
|    time_elapsed     | 417      |
|    total_timesteps  | 39360    |
| train/              |          |
|    learning_rate    | 0.0001   |
|    loss             | 0.666    |
|    n_updates        | 2397     |
----------------------------------
----------------------------------
| rollout/            |          |
|    ep_len_mean      | 60       |
|    ep_rew_mean      | 40.7     |
|    exploration_rate | 0.05     |
| time/               |          |
|    episodes         | 660      |
|    fps              | 94       |
|    time_elapsed     | 419      |
|    total_timesteps  | 39600    |
| train/              |          |
|    learning_rate    | 0.0001   |
|    loss             | 0.425    |
|    n_updates        | 2412     |
----------------------------------
----------------------------------
| rollout/            |          |
|    ep_len_mean      | 60       |
|    ep_rew_mean      | 40.8     |
|    exploration_rate | 0.05     |
| time/               |          |
|    episodes         | 664      |
|    fps              | 94       |
|    time_elapsed     | 422      |
|    total_timesteps  | 39840    |
| train/              |          |
|    learning_rate    | 0.0001   |
|    loss             | 0.165    |
|    n_updates        | 2427     |
----------------------------------
----------------------------------
| rollout/            |          |
|    ep_len_mean      | 60       |
|    ep_rew_mean      | 41       |
|    exploration_rate | 0.05     |
| time/               |          |
|    episodes         | 668      |
|    fps              | 94       |
|    time_elapsed     | 425      |
|    total_timesteps  | 40080    |
| train/              |          |
|    learning_rate    | 0.0001   |
|    loss             | 1.12     |
|    n_updates        | 2442     |
----------------------------------
----------------------------------
| rollout/            |          |
|    ep_len_mean      | 60       |
|    ep_rew_mean      | 40.9     |
|    exploration_rate | 0.05     |
| time/               |          |
|    episodes         | 672      |
|    fps              | 94       |
|    time_elapsed     | 427      |
|    total_timesteps  | 40320    |
| train/              |          |
|    learning_rate    | 0.0001   |
|    loss             | 0.546    |
|    n_updates        | 2457     |
----------------------------------
----------------------------------
| rollout/            |          |
|    ep_len_mean      | 60       |
|    ep_rew_mean      | 41       |
|    exploration_rate | 0.05     |
| time/               |          |
|    episodes         | 676      |
|    fps              | 94       |
|    time_elapsed     | 430      |
|    total_timesteps  | 40560    |
| train/              |          |
|    learning_rate    | 0.0001   |
|    loss             | 0.824    |
|    n_updates        | 2472     |
----------------------------------
----------------------------------
| rollout/            |          |
|    ep_len_mean      | 60       |
|    ep_rew_mean      | 41       |
|    exploration_rate | 0.05     |
| time/               |          |
|    episodes         | 680      |
|    fps              | 94       |
|    time_elapsed     | 433      |
|    total_timesteps  | 40800    |
| train/              |          |
|    learning_rate    | 0.0001   |
|    loss             | 1.29     |
|    n_updates        | 2487     |
----------------------------------
----------------------------------
| rollout/            |          |
|    ep_len_mean      | 60       |
|    ep_rew_mean      | 40.9     |
|    exploration_rate | 0.05     |
| time/               |          |
|    episodes         | 684      |
|    fps              | 94       |
|    time_elapsed     | 435      |
|    total_timesteps  | 41040    |
| train/              |          |
|    learning_rate    | 0.0001   |
|    loss             | 0.937    |
|    n_updates        | 2502     |
----------------------------------
----------------------------------
| rollout/            |          |
|    ep_len_mean      | 60       |
|    ep_rew_mean      | 41       |
|    exploration_rate | 0.05     |
| time/               |          |
|    episodes         | 688      |
|    fps              | 94       |
|    time_elapsed     | 438      |
|    total_timesteps  | 41280    |
| train/              |          |
|    learning_rate    | 0.0001   |
|    loss             | 0.924    |
|    n_updates        | 2517     |
----------------------------------
----------------------------------
| rollout/            |          |
|    ep_len_mean      | 60       |
|    ep_rew_mean      | 41.1     |
|    exploration_rate | 0.05     |
| time/               |          |
|    episodes         | 692      |
|    fps              | 94       |
|    time_elapsed     | 441      |
|    total_timesteps  | 41520    |
| train/              |          |
|    learning_rate    | 0.0001   |
|    loss             | 0.248    |
|    n_updates        | 2532     |
----------------------------------
----------------------------------
| rollout/            |          |
|    ep_len_mean      | 60       |
|    ep_rew_mean      | 41.2     |
|    exploration_rate | 0.05     |
| time/               |          |
|    episodes         | 696      |
|    fps              | 94       |
|    time_elapsed     | 443      |
|    total_timesteps  | 41760    |
| train/              |          |
|    learning_rate    | 0.0001   |
|    loss             | 0.338    |
|    n_updates        | 2547     |
----------------------------------
----------------------------------
| rollout/            |          |
|    ep_len_mean      | 60       |
|    ep_rew_mean      | 41.1     |
|    exploration_rate | 0.05     |
| time/               |          |
|    episodes         | 700      |
|    fps              | 94       |
|    time_elapsed     | 446      |
|    total_timesteps  | 42000    |
| train/              |          |
|    learning_rate    | 0.0001   |
|    loss             | 0.323    |
|    n_updates        | 2562     |
----------------------------------
----------------------------------
| rollout/            |          |
|    ep_len_mean      | 60       |
|    ep_rew_mean      | 40.9     |
|    exploration_rate | 0.05     |
| time/               |          |
|    episodes         | 704      |
|    fps              | 94       |
|    time_elapsed     | 448      |
|    total_timesteps  | 42240    |
| train/              |          |
|    learning_rate    | 0.0001   |
|    loss             | 0.141    |
|    n_updates        | 2577     |
----------------------------------
----------------------------------
| rollout/            |          |
|    ep_len_mean      | 60       |
|    ep_rew_mean      | 41       |
|    exploration_rate | 0.05     |
| time/               |          |
|    episodes         | 708      |
|    fps              | 94       |
|    time_elapsed     | 451      |
|    total_timesteps  | 42480    |
| train/              |          |
|    learning_rate    | 0.0001   |
|    loss             | 0.879    |
|    n_updates        | 2592     |
----------------------------------
----------------------------------
| rollout/            |          |
|    ep_len_mean      | 60       |
|    ep_rew_mean      | 41       |
|    exploration_rate | 0.05     |
| time/               |          |
|    episodes         | 712      |
|    fps              | 94       |
|    time_elapsed     | 454      |
|    total_timesteps  | 42720    |
| train/              |          |
|    learning_rate    | 0.0001   |
|    loss             | 0.879    |
|    n_updates        | 2607     |
----------------------------------
----------------------------------
| rollout/            |          |
|    ep_len_mean      | 60       |
|    ep_rew_mean      | 41.1     |
|    exploration_rate | 0.05     |
| time/               |          |
|    episodes         | 716      |
|    fps              | 94       |
|    time_elapsed     | 456      |
|    total_timesteps  | 42960    |
| train/              |          |
|    learning_rate    | 0.0001   |
|    loss             | 0.347    |
|    n_updates        | 2622     |
----------------------------------
----------------------------------
| rollout/            |          |
|    ep_len_mean      | 60       |
|    ep_rew_mean      | 41       |
|    exploration_rate | 0.05     |
| time/               |          |
|    episodes         | 720      |
|    fps              | 93       |
|    time_elapsed     | 459      |
|    total_timesteps  | 43200    |
| train/              |          |
|    learning_rate    | 0.0001   |
|    loss             | 0.292    |
|    n_updates        | 2637     |
----------------------------------
----------------------------------
| rollout/            |          |
|    ep_len_mean      | 60       |
|    ep_rew_mean      | 40.9     |
|    exploration_rate | 0.05     |
| time/               |          |
|    episodes         | 724      |
|    fps              | 94       |
|    time_elapsed     | 462      |
|    total_timesteps  | 43440    |
| train/              |          |
|    learning_rate    | 0.0001   |
|    loss             | 0.274    |
|    n_updates        | 2652     |
----------------------------------
----------------------------------
| rollout/            |          |
|    ep_len_mean      | 60       |
|    ep_rew_mean      | 40.8     |
|    exploration_rate | 0.05     |
| time/               |          |
|    episodes         | 728      |
|    fps              | 93       |
|    time_elapsed     | 464      |
|    total_timesteps  | 43680    |
| train/              |          |
|    learning_rate    | 0.0001   |
|    loss             | 0.171    |
|    n_updates        | 2667     |
----------------------------------
----------------------------------
| rollout/            |          |
|    ep_len_mean      | 60       |
|    ep_rew_mean      | 40.8     |
|    exploration_rate | 0.05     |
| time/               |          |
|    episodes         | 732      |
|    fps              | 93       |
|    time_elapsed     | 467      |
|    total_timesteps  | 43920    |
| train/              |          |
|    learning_rate    | 0.0001   |
|    loss             | 0.275    |
|    n_updates        | 2682     |
----------------------------------
----------------------------------
| rollout/            |          |
|    ep_len_mean      | 60       |
|    ep_rew_mean      | 40.8     |
|    exploration_rate | 0.05     |
| time/               |          |
|    episodes         | 736      |
|    fps              | 93       |
|    time_elapsed     | 470      |
|    total_timesteps  | 44160    |
| train/              |          |
|    learning_rate    | 0.0001   |
|    loss             | 0.972    |
|    n_updates        | 2697     |
----------------------------------
----------------------------------
| rollout/            |          |
|    ep_len_mean      | 60       |
|    ep_rew_mean      | 40.8     |
|    exploration_rate | 0.05     |
| time/               |          |
|    episodes         | 740      |
|    fps              | 93       |
|    time_elapsed     | 473      |
|    total_timesteps  | 44400    |
| train/              |          |
|    learning_rate    | 0.0001   |
|    loss             | 2.27     |
|    n_updates        | 2712     |
----------------------------------
----------------------------------
| rollout/            |          |
|    ep_len_mean      | 60       |
|    ep_rew_mean      | 40.8     |
|    exploration_rate | 0.05     |
| time/               |          |
|    episodes         | 744      |
|    fps              | 93       |
|    time_elapsed     | 476      |
|    total_timesteps  | 44640    |
| train/              |          |
|    learning_rate    | 0.0001   |
|    loss             | 0.348    |
|    n_updates        | 2727     |
----------------------------------
----------------------------------
| rollout/            |          |
|    ep_len_mean      | 60       |
|    ep_rew_mean      | 40.7     |
|    exploration_rate | 0.05     |
| time/               |          |
|    episodes         | 748      |
|    fps              | 93       |
|    time_elapsed     | 478      |
|    total_timesteps  | 44880    |
| train/              |          |
|    learning_rate    | 0.0001   |
|    loss             | 0.687    |
|    n_updates        | 2742     |
----------------------------------
----------------------------------
| rollout/            |          |
|    ep_len_mean      | 60       |
|    ep_rew_mean      | 40.6     |
|    exploration_rate | 0.05     |
| time/               |          |
|    episodes         | 752      |
|    fps              | 93       |
|    time_elapsed     | 481      |
|    total_timesteps  | 45120    |
| train/              |          |
|    learning_rate    | 0.0001   |
|    loss             | 0.578    |
|    n_updates        | 2757     |
----------------------------------
----------------------------------
| rollout/            |          |
|    ep_len_mean      | 60       |
|    ep_rew_mean      | 40.7     |
|    exploration_rate | 0.05     |
| time/               |          |
|    episodes         | 756      |
|    fps              | 93       |
|    time_elapsed     | 483      |
|    total_timesteps  | 45360    |
| train/              |          |
|    learning_rate    | 0.0001   |
|    loss             | 0.425    |
|    n_updates        | 2772     |
----------------------------------
----------------------------------
| rollout/            |          |
|    ep_len_mean      | 60       |
|    ep_rew_mean      | 40.5     |
|    exploration_rate | 0.05     |
| time/               |          |
|    episodes         | 760      |
|    fps              | 93       |
|    time_elapsed     | 486      |
|    total_timesteps  | 45600    |
| train/              |          |
|    learning_rate    | 0.0001   |
|    loss             | 0.45     |
|    n_updates        | 2787     |
----------------------------------
----------------------------------
| rollout/            |          |
|    ep_len_mean      | 60       |
|    ep_rew_mean      | 40.6     |
|    exploration_rate | 0.05     |
| time/               |          |
|    episodes         | 764      |
|    fps              | 93       |
|    time_elapsed     | 488      |
|    total_timesteps  | 45840    |
| train/              |          |
|    learning_rate    | 0.0001   |
|    loss             | 0.963    |
|    n_updates        | 2802     |
----------------------------------
----------------------------------
| rollout/            |          |
|    ep_len_mean      | 60       |
|    ep_rew_mean      | 40.7     |
|    exploration_rate | 0.05     |
| time/               |          |
|    episodes         | 768      |
|    fps              | 93       |
|    time_elapsed     | 491      |
|    total_timesteps  | 46080    |
| train/              |          |
|    learning_rate    | 0.0001   |
|    loss             | 1.43     |
|    n_updates        | 2817     |
----------------------------------
----------------------------------
| rollout/            |          |
|    ep_len_mean      | 60       |
|    ep_rew_mean      | 40.6     |
|    exploration_rate | 0.05     |
| time/               |          |
|    episodes         | 772      |
|    fps              | 93       |
|    time_elapsed     | 494      |
|    total_timesteps  | 46320    |
| train/              |          |
|    learning_rate    | 0.0001   |
|    loss             | 0.616    |
|    n_updates        | 2832     |
----------------------------------
----------------------------------
| rollout/            |          |
|    ep_len_mean      | 60       |
|    ep_rew_mean      | 40.6     |
|    exploration_rate | 0.05     |
| time/               |          |
|    episodes         | 776      |
|    fps              | 93       |
|    time_elapsed     | 496      |
|    total_timesteps  | 46560    |
| train/              |          |
|    learning_rate    | 0.0001   |
|    loss             | 1.45     |
|    n_updates        | 2847     |
----------------------------------
----------------------------------
| rollout/            |          |
|    ep_len_mean      | 60       |
|    ep_rew_mean      | 40.7     |
|    exploration_rate | 0.05     |
| time/               |          |
|    episodes         | 780      |
|    fps              | 93       |
|    time_elapsed     | 499      |
|    total_timesteps  | 46800    |
| train/              |          |
|    learning_rate    | 0.0001   |
|    loss             | 1.1      |
|    n_updates        | 2862     |
----------------------------------
----------------------------------
| rollout/            |          |
|    ep_len_mean      | 60       |
|    ep_rew_mean      | 41.2     |
|    exploration_rate | 0.05     |
| time/               |          |
|    episodes         | 784      |
|    fps              | 93       |
|    time_elapsed     | 502      |
|    total_timesteps  | 47040    |
| train/              |          |
|    learning_rate    | 0.0001   |
|    loss             | 0.325    |
|    n_updates        | 2877     |
----------------------------------
----------------------------------
| rollout/            |          |
|    ep_len_mean      | 60       |
|    ep_rew_mean      | 41.4     |
|    exploration_rate | 0.05     |
| time/               |          |
|    episodes         | 788      |
|    fps              | 93       |
|    time_elapsed     | 504      |
|    total_timesteps  | 47280    |
| train/              |          |
|    learning_rate    | 0.0001   |
|    loss             | 1.24     |
|    n_updates        | 2892     |
----------------------------------
----------------------------------
| rollout/            |          |
|    ep_len_mean      | 60       |
|    ep_rew_mean      | 41.2     |
|    exploration_rate | 0.05     |
| time/               |          |
|    episodes         | 792      |
|    fps              | 93       |
|    time_elapsed     | 507      |
|    total_timesteps  | 47520    |
| train/              |          |
|    learning_rate    | 0.0001   |
|    loss             | 0.442    |
|    n_updates        | 2907     |
----------------------------------
----------------------------------
| rollout/            |          |
|    ep_len_mean      | 60       |
|    ep_rew_mean      | 41.2     |
|    exploration_rate | 0.05     |
| time/               |          |
|    episodes         | 796      |
|    fps              | 93       |
|    time_elapsed     | 509      |
|    total_timesteps  | 47760    |
| train/              |          |
|    learning_rate    | 0.0001   |
|    loss             | 1.18     |
|    n_updates        | 2922     |
----------------------------------
----------------------------------
| rollout/            |          |
|    ep_len_mean      | 60       |
|    ep_rew_mean      | 41.4     |
|    exploration_rate | 0.05     |
| time/               |          |
|    episodes         | 800      |
|    fps              | 93       |
|    time_elapsed     | 512      |
|    total_timesteps  | 48000    |
| train/              |          |
|    learning_rate    | 0.0001   |
|    loss             | 1.72     |
|    n_updates        | 2937     |
----------------------------------
----------------------------------
| rollout/            |          |
|    ep_len_mean      | 60       |
|    ep_rew_mean      | 41.5     |
|    exploration_rate | 0.05     |
| time/               |          |
|    episodes         | 804      |
|    fps              | 93       |
|    time_elapsed     | 515      |
|    total_timesteps  | 48240    |
| train/              |          |
|    learning_rate    | 0.0001   |
|    loss             | 1.44     |
|    n_updates        | 2952     |
----------------------------------
----------------------------------
| rollout/            |          |
|    ep_len_mean      | 60       |
|    ep_rew_mean      | 41.4     |
|    exploration_rate | 0.05     |
| time/               |          |
|    episodes         | 808      |
|    fps              | 93       |
|    time_elapsed     | 517      |
|    total_timesteps  | 48480    |
| train/              |          |
|    learning_rate    | 0.0001   |
|    loss             | 0.238    |
|    n_updates        | 2967     |
----------------------------------
----------------------------------
| rollout/            |          |
|    ep_len_mean      | 60       |
|    ep_rew_mean      | 41.4     |
|    exploration_rate | 0.05     |
| time/               |          |
|    episodes         | 812      |
|    fps              | 93       |
|    time_elapsed     | 519      |
|    total_timesteps  | 48720    |
| train/              |          |
|    learning_rate    | 0.0001   |
|    loss             | 0.937    |
|    n_updates        | 2982     |
----------------------------------
----------------------------------
| rollout/            |          |
|    ep_len_mean      | 60       |
|    ep_rew_mean      | 41.3     |
|    exploration_rate | 0.05     |
| time/               |          |
|    episodes         | 816      |
|    fps              | 93       |
|    time_elapsed     | 522      |
|    total_timesteps  | 48960    |
| train/              |          |
|    learning_rate    | 0.0001   |
|    loss             | 1.72     |
|    n_updates        | 2997     |
----------------------------------
----------------------------------
| rollout/            |          |
|    ep_len_mean      | 60       |
|    ep_rew_mean      | 41.4     |
|    exploration_rate | 0.05     |
| time/               |          |
|    episodes         | 820      |
|    fps              | 93       |
|    time_elapsed     | 524      |
|    total_timesteps  | 49200    |
| train/              |          |
|    learning_rate    | 0.0001   |
|    loss             | 1.24     |
|    n_updates        | 3012     |
----------------------------------
----------------------------------
| rollout/            |          |
|    ep_len_mean      | 60       |
|    ep_rew_mean      | 41.6     |
|    exploration_rate | 0.05     |
| time/               |          |
|    episodes         | 824      |
|    fps              | 93       |
|    time_elapsed     | 526      |
|    total_timesteps  | 49440    |
| train/              |          |
|    learning_rate    | 0.0001   |
|    loss             | 0.535    |
|    n_updates        | 3027     |
----------------------------------
----------------------------------
| rollout/            |          |
|    ep_len_mean      | 60       |
|    ep_rew_mean      | 41.5     |
|    exploration_rate | 0.05     |
| time/               |          |
|    episodes         | 828      |
|    fps              | 93       |
|    time_elapsed     | 528      |
|    total_timesteps  | 49680    |
| train/              |          |
|    learning_rate    | 0.0001   |
|    loss             | 0.345    |
|    n_updates        | 3042     |
----------------------------------
----------------------------------
| rollout/            |          |
|    ep_len_mean      | 60       |
|    ep_rew_mean      | 41.4     |
|    exploration_rate | 0.05     |
| time/               |          |
|    episodes         | 832      |
|    fps              | 94       |
|    time_elapsed     | 531      |
|    total_timesteps  | 49920    |
| train/              |          |
|    learning_rate    | 0.0001   |
|    loss             | 1.13     |
|    n_updates        | 3057     |
----------------------------------
----------------------------------
| rollout/            |          |
|    ep_len_mean      | 60       |
|    ep_rew_mean      | 41.4     |
|    exploration_rate | 0.05     |
| time/               |          |
|    episodes         | 836      |
|    fps              | 94       |
|    time_elapsed     | 533      |
|    total_timesteps  | 50160    |
| train/              |          |
|    learning_rate    | 0.0001   |
|    loss             | 0.925    |
|    n_updates        | 3072     |
----------------------------------
----------------------------------
| rollout/            |          |
|    ep_len_mean      | 60       |
|    ep_rew_mean      | 41.5     |
|    exploration_rate | 0.05     |
| time/               |          |
|    episodes         | 840      |
|    fps              | 94       |
|    time_elapsed     | 535      |
|    total_timesteps  | 50400    |
| train/              |          |
|    learning_rate    | 0.0001   |
|    loss             | 0.492    |
|    n_updates        | 3087     |
----------------------------------
----------------------------------
| rollout/            |          |
|    ep_len_mean      | 60       |
|    ep_rew_mean      | 41.4     |
|    exploration_rate | 0.05     |
| time/               |          |
|    episodes         | 844      |
|    fps              | 94       |
|    time_elapsed     | 537      |
|    total_timesteps  | 50640    |
| train/              |          |
|    learning_rate    | 0.0001   |
|    loss             | 0.925    |
|    n_updates        | 3102     |
----------------------------------
----------------------------------
| rollout/            |          |
|    ep_len_mean      | 60       |
|    ep_rew_mean      | 41.4     |
|    exploration_rate | 0.05     |
| time/               |          |
|    episodes         | 848      |
|    fps              | 94       |
|    time_elapsed     | 539      |
|    total_timesteps  | 50880    |
| train/              |          |
|    learning_rate    | 0.0001   |
|    loss             | 1.16     |
|    n_updates        | 3117     |
----------------------------------
----------------------------------
| rollout/            |          |
|    ep_len_mean      | 60       |
|    ep_rew_mean      | 41.5     |
|    exploration_rate | 0.05     |
| time/               |          |
|    episodes         | 852      |
|    fps              | 94       |
|    time_elapsed     | 541      |
|    total_timesteps  | 51120    |
| train/              |          |
|    learning_rate    | 0.0001   |
|    loss             | 0.98     |
|    n_updates        | 3132     |
----------------------------------
----------------------------------
| rollout/            |          |
|    ep_len_mean      | 60       |
|    ep_rew_mean      | 41.4     |
|    exploration_rate | 0.05     |
| time/               |          |
|    episodes         | 856      |
|    fps              | 94       |
|    time_elapsed     | 543      |
|    total_timesteps  | 51360    |
| train/              |          |
|    learning_rate    | 0.0001   |
|    loss             | 0.597    |
|    n_updates        | 3147     |
----------------------------------
----------------------------------
| rollout/            |          |
|    ep_len_mean      | 60       |
|    ep_rew_mean      | 41.6     |
|    exploration_rate | 0.05     |
| time/               |          |
|    episodes         | 860      |
|    fps              | 94       |
|    time_elapsed     | 546      |
|    total_timesteps  | 51600    |
| train/              |          |
|    learning_rate    | 0.0001   |
|    loss             | 1.94     |
|    n_updates        | 3162     |
----------------------------------
----------------------------------
| rollout/            |          |
|    ep_len_mean      | 60       |
|    ep_rew_mean      | 41.6     |
|    exploration_rate | 0.05     |
| time/               |          |
|    episodes         | 864      |
|    fps              | 94       |
|    time_elapsed     | 548      |
|    total_timesteps  | 51840    |
| train/              |          |
|    learning_rate    | 0.0001   |
|    loss             | 1.32     |
|    n_updates        | 3177     |
----------------------------------
----------------------------------
| rollout/            |          |
|    ep_len_mean      | 60       |
|    ep_rew_mean      | 41.6     |
|    exploration_rate | 0.05     |
| time/               |          |
|    episodes         | 868      |
|    fps              | 94       |
|    time_elapsed     | 550      |
|    total_timesteps  | 52080    |
| train/              |          |
|    learning_rate    | 0.0001   |
|    loss             | 0.414    |
|    n_updates        | 3192     |
----------------------------------
----------------------------------
| rollout/            |          |
|    ep_len_mean      | 60       |
|    ep_rew_mean      | 41.7     |
|    exploration_rate | 0.05     |
| time/               |          |
|    episodes         | 872      |
|    fps              | 94       |
|    time_elapsed     | 552      |
|    total_timesteps  | 52320    |
| train/              |          |
|    learning_rate    | 0.0001   |
|    loss             | 0.608    |
|    n_updates        | 3207     |
----------------------------------
----------------------------------
| rollout/            |          |
|    ep_len_mean      | 60       |
|    ep_rew_mean      | 41.7     |
|    exploration_rate | 0.05     |
| time/               |          |
|    episodes         | 876      |
|    fps              | 94       |
|    time_elapsed     | 554      |
|    total_timesteps  | 52560    |
| train/              |          |
|    learning_rate    | 0.0001   |
|    loss             | 0.425    |
|    n_updates        | 3222     |
----------------------------------
----------------------------------
| rollout/            |          |
|    ep_len_mean      | 60       |
|    ep_rew_mean      | 41.7     |
|    exploration_rate | 0.05     |
| time/               |          |
|    episodes         | 880      |
|    fps              | 94       |
|    time_elapsed     | 556      |
|    total_timesteps  | 52800    |
| train/              |          |
|    learning_rate    | 0.0001   |
|    loss             | 1.09     |
|    n_updates        | 3237     |
----------------------------------
----------------------------------
| rollout/            |          |
|    ep_len_mean      | 60       |
|    ep_rew_mean      | 41.5     |
|    exploration_rate | 0.05     |
| time/               |          |
|    episodes         | 884      |
|    fps              | 94       |
|    time_elapsed     | 559      |
|    total_timesteps  | 53040    |
| train/              |          |
|    learning_rate    | 0.0001   |
|    loss             | 0.401    |
|    n_updates        | 3252     |
----------------------------------
----------------------------------
| rollout/            |          |
|    ep_len_mean      | 60       |
|    ep_rew_mean      | 41.4     |
|    exploration_rate | 0.05     |
| time/               |          |
|    episodes         | 888      |
|    fps              | 94       |
|    time_elapsed     | 561      |
|    total_timesteps  | 53280    |
| train/              |          |
|    learning_rate    | 0.0001   |
|    loss             | 0.252    |
|    n_updates        | 3267     |
----------------------------------
----------------------------------
| rollout/            |          |
|    ep_len_mean      | 60       |
|    ep_rew_mean      | 41.5     |
|    exploration_rate | 0.05     |
| time/               |          |
|    episodes         | 892      |
|    fps              | 95       |
|    time_elapsed     | 563      |
|    total_timesteps  | 53520    |
| train/              |          |
|    learning_rate    | 0.0001   |
|    loss             | 0.262    |
|    n_updates        | 3282     |
----------------------------------
----------------------------------
| rollout/            |          |
|    ep_len_mean      | 60       |
|    ep_rew_mean      | 41.4     |
|    exploration_rate | 0.05     |
| time/               |          |
|    episodes         | 896      |
|    fps              | 95       |
|    time_elapsed     | 565      |
|    total_timesteps  | 53760    |
| train/              |          |
|    learning_rate    | 0.0001   |
|    loss             | 0.112    |
|    n_updates        | 3297     |
----------------------------------
----------------------------------
| rollout/            |          |
|    ep_len_mean      | 60       |
|    ep_rew_mean      | 41.4     |
|    exploration_rate | 0.05     |
| time/               |          |
|    episodes         | 900      |
|    fps              | 95       |
|    time_elapsed     | 567      |
|    total_timesteps  | 54000    |
| train/              |          |
|    learning_rate    | 0.0001   |
|    loss             | 0.476    |
|    n_updates        | 3312     |
----------------------------------
----------------------------------
| rollout/            |          |
|    ep_len_mean      | 60       |
|    ep_rew_mean      | 41.4     |
|    exploration_rate | 0.05     |
| time/               |          |
|    episodes         | 904      |
|    fps              | 95       |
|    time_elapsed     | 569      |
|    total_timesteps  | 54240    |
| train/              |          |
|    learning_rate    | 0.0001   |
|    loss             | 1.9      |
|    n_updates        | 3327     |
----------------------------------
----------------------------------
| rollout/            |          |
|    ep_len_mean      | 60       |
|    ep_rew_mean      | 41.3     |
|    exploration_rate | 0.05     |
| time/               |          |
|    episodes         | 908      |
|    fps              | 95       |
|    time_elapsed     | 571      |
|    total_timesteps  | 54480    |
| train/              |          |
|    learning_rate    | 0.0001   |
|    loss             | 0.631    |
|    n_updates        | 3342     |
----------------------------------
----------------------------------
| rollout/            |          |
|    ep_len_mean      | 60       |
|    ep_rew_mean      | 41.2     |
|    exploration_rate | 0.05     |
| time/               |          |
|    episodes         | 912      |
|    fps              | 95       |
|    time_elapsed     | 573      |
|    total_timesteps  | 54720    |
| train/              |          |
|    learning_rate    | 0.0001   |
|    loss             | 2.64     |
|    n_updates        | 3357     |
----------------------------------
----------------------------------
| rollout/            |          |
|    ep_len_mean      | 60       |
|    ep_rew_mean      | 41.3     |
|    exploration_rate | 0.05     |
| time/               |          |
|    episodes         | 916      |
|    fps              | 95       |
|    time_elapsed     | 576      |
|    total_timesteps  | 54960    |
| train/              |          |
|    learning_rate    | 0.0001   |
|    loss             | 0.696    |
|    n_updates        | 3372     |
----------------------------------
----------------------------------
| rollout/            |          |
|    ep_len_mean      | 60       |
|    ep_rew_mean      | 41.3     |
|    exploration_rate | 0.05     |
| time/               |          |
|    episodes         | 920      |
|    fps              | 95       |
|    time_elapsed     | 578      |
|    total_timesteps  | 55200    |
| train/              |          |
|    learning_rate    | 0.0001   |
|    loss             | 0.339    |
|    n_updates        | 3387     |
----------------------------------
----------------------------------
| rollout/            |          |
|    ep_len_mean      | 60       |
|    ep_rew_mean      | 41.3     |
|    exploration_rate | 0.05     |
| time/               |          |
|    episodes         | 924      |
|    fps              | 95       |
|    time_elapsed     | 580      |
|    total_timesteps  | 55440    |
| train/              |          |
|    learning_rate    | 0.0001   |
|    loss             | 0.57     |
|    n_updates        | 3402     |
----------------------------------
----------------------------------
| rollout/            |          |
|    ep_len_mean      | 60       |
|    ep_rew_mean      | 41.4     |
|    exploration_rate | 0.05     |
| time/               |          |
|    episodes         | 928      |
|    fps              | 95       |
|    time_elapsed     | 582      |
|    total_timesteps  | 55680    |
| train/              |          |
|    learning_rate    | 0.0001   |
|    loss             | 0.664    |
|    n_updates        | 3417     |
----------------------------------
----------------------------------
| rollout/            |          |
|    ep_len_mean      | 60       |
|    ep_rew_mean      | 41.4     |
|    exploration_rate | 0.05     |
| time/               |          |
|    episodes         | 932      |
|    fps              | 95       |
|    time_elapsed     | 584      |
|    total_timesteps  | 55920    |
| train/              |          |
|    learning_rate    | 0.0001   |
|    loss             | 1.13     |
|    n_updates        | 3432     |
----------------------------------
----------------------------------
| rollout/            |          |
|    ep_len_mean      | 60       |
|    ep_rew_mean      | 41.5     |
|    exploration_rate | 0.05     |
| time/               |          |
|    episodes         | 936      |
|    fps              | 95       |
|    time_elapsed     | 587      |
|    total_timesteps  | 56160    |
| train/              |          |
|    learning_rate    | 0.0001   |
|    loss             | 0.345    |
|    n_updates        | 3447     |
----------------------------------
----------------------------------
| rollout/            |          |
|    ep_len_mean      | 60       |
|    ep_rew_mean      | 41.5     |
|    exploration_rate | 0.05     |
| time/               |          |
|    episodes         | 940      |
|    fps              | 95       |
|    time_elapsed     | 589      |
|    total_timesteps  | 56400    |
| train/              |          |
|    learning_rate    | 0.0001   |
|    loss             | 1.24     |
|    n_updates        | 3462     |
----------------------------------
----------------------------------
| rollout/            |          |
|    ep_len_mean      | 60       |
|    ep_rew_mean      | 41.5     |
|    exploration_rate | 0.05     |
| time/               |          |
|    episodes         | 944      |
|    fps              | 95       |
|    time_elapsed     | 591      |
|    total_timesteps  | 56640    |
| train/              |          |
|    learning_rate    | 0.0001   |
|    loss             | 2.08     |
|    n_updates        | 3477     |
----------------------------------
----------------------------------
| rollout/            |          |
|    ep_len_mean      | 60       |
|    ep_rew_mean      | 41.5     |
|    exploration_rate | 0.05     |
| time/               |          |
|    episodes         | 948      |
|    fps              | 95       |
|    time_elapsed     | 593      |
|    total_timesteps  | 56880    |
| train/              |          |
|    learning_rate    | 0.0001   |
|    loss             | 0.343    |
|    n_updates        | 3492     |
----------------------------------
----------------------------------
| rollout/            |          |
|    ep_len_mean      | 60       |
|    ep_rew_mean      | 41.5     |
|    exploration_rate | 0.05     |
| time/               |          |
|    episodes         | 952      |
|    fps              | 95       |
|    time_elapsed     | 595      |
|    total_timesteps  | 57120    |
| train/              |          |
|    learning_rate    | 0.0001   |
|    loss             | 1.9      |
|    n_updates        | 3507     |
----------------------------------
----------------------------------
| rollout/            |          |
|    ep_len_mean      | 60       |
|    ep_rew_mean      | 41.6     |
|    exploration_rate | 0.05     |
| time/               |          |
|    episodes         | 956      |
|    fps              | 95       |
|    time_elapsed     | 598      |
|    total_timesteps  | 57360    |
| train/              |          |
|    learning_rate    | 0.0001   |
|    loss             | 0.447    |
|    n_updates        | 3522     |
----------------------------------
----------------------------------
| rollout/            |          |
|    ep_len_mean      | 60       |
|    ep_rew_mean      | 41.6     |
|    exploration_rate | 0.05     |
| time/               |          |
|    episodes         | 960      |
|    fps              | 95       |
|    time_elapsed     | 600      |
|    total_timesteps  | 57600    |
| train/              |          |
|    learning_rate    | 0.0001   |
|    loss             | 0.721    |
|    n_updates        | 3537     |
----------------------------------
----------------------------------
| rollout/            |          |
|    ep_len_mean      | 60       |
|    ep_rew_mean      | 41.6     |
|    exploration_rate | 0.05     |
| time/               |          |
|    episodes         | 964      |
|    fps              | 95       |
|    time_elapsed     | 602      |
|    total_timesteps  | 57840    |
| train/              |          |
|    learning_rate    | 0.0001   |
|    loss             | 0.249    |
|    n_updates        | 3552     |
----------------------------------
----------------------------------
| rollout/            |          |
|    ep_len_mean      | 60       |
|    ep_rew_mean      | 41.5     |
|    exploration_rate | 0.05     |
| time/               |          |
|    episodes         | 968      |
|    fps              | 96       |
|    time_elapsed     | 604      |
|    total_timesteps  | 58080    |
| train/              |          |
|    learning_rate    | 0.0001   |
|    loss             | 0.356    |
|    n_updates        | 3567     |
----------------------------------
----------------------------------
| rollout/            |          |
|    ep_len_mean      | 60       |
|    ep_rew_mean      | 41.4     |
|    exploration_rate | 0.05     |
| time/               |          |
|    episodes         | 972      |
|    fps              | 96       |
|    time_elapsed     | 606      |
|    total_timesteps  | 58320    |
| train/              |          |
|    learning_rate    | 0.0001   |
|    loss             | 1.89     |
|    n_updates        | 3582     |
----------------------------------
----------------------------------
| rollout/            |          |
|    ep_len_mean      | 60       |
|    ep_rew_mean      | 41.3     |
|    exploration_rate | 0.05     |
| time/               |          |
|    episodes         | 976      |
|    fps              | 96       |
|    time_elapsed     | 609      |
|    total_timesteps  | 58560    |
| train/              |          |
|    learning_rate    | 0.0001   |
|    loss             | 1.08     |
|    n_updates        | 3597     |
----------------------------------
----------------------------------
| rollout/            |          |
|    ep_len_mean      | 60       |
|    ep_rew_mean      | 41.2     |
|    exploration_rate | 0.05     |
| time/               |          |
|    episodes         | 980      |
|    fps              | 96       |
|    time_elapsed     | 612      |
|    total_timesteps  | 58800    |
| train/              |          |
|    learning_rate    | 0.0001   |
|    loss             | 0.951    |
|    n_updates        | 3612     |
----------------------------------
----------------------------------
| rollout/            |          |
|    ep_len_mean      | 60       |
|    ep_rew_mean      | 41       |
|    exploration_rate | 0.05     |
| time/               |          |
|    episodes         | 984      |
|    fps              | 96       |
|    time_elapsed     | 614      |
|    total_timesteps  | 59040    |
| train/              |          |
|    learning_rate    | 0.0001   |
|    loss             | 1.09     |
|    n_updates        | 3627     |
----------------------------------
----------------------------------
| rollout/            |          |
|    ep_len_mean      | 60       |
|    ep_rew_mean      | 41       |
|    exploration_rate | 0.05     |
| time/               |          |
|    episodes         | 988      |
|    fps              | 96       |
|    time_elapsed     | 617      |
|    total_timesteps  | 59280    |
| train/              |          |
|    learning_rate    | 0.0001   |
|    loss             | 2.47     |
|    n_updates        | 3642     |
----------------------------------
----------------------------------
| rollout/            |          |
|    ep_len_mean      | 60       |
|    ep_rew_mean      | 41       |
|    exploration_rate | 0.05     |
| time/               |          |
|    episodes         | 992      |
|    fps              | 95       |
|    time_elapsed     | 620      |
|    total_timesteps  | 59520    |
| train/              |          |
|    learning_rate    | 0.0001   |
|    loss             | 1.05     |
|    n_updates        | 3657     |
----------------------------------
----------------------------------
| rollout/            |          |
|    ep_len_mean      | 60       |
|    ep_rew_mean      | 41.1     |
|    exploration_rate | 0.05     |
| time/               |          |
|    episodes         | 996      |
|    fps              | 95       |
|    time_elapsed     | 622      |
|    total_timesteps  | 59760    |
| train/              |          |
|    learning_rate    | 0.0001   |
|    loss             | 1.21     |
|    n_updates        | 3672     |
----------------------------------
----------------------------------
| rollout/            |          |
|    ep_len_mean      | 60       |
|    ep_rew_mean      | 41.1     |
|    exploration_rate | 0.05     |
| time/               |          |
|    episodes         | 1000     |
|    fps              | 95       |
|    time_elapsed     | 625      |
|    total_timesteps  | 60000    |
| train/              |          |
|    learning_rate    | 0.0001   |
|    loss             | 0.177    |
|    n_updates        | 3687     |
----------------------------------
----------------------------------
| rollout/            |          |
|    ep_len_mean      | 60       |
|    ep_rew_mean      | 41.1     |
|    exploration_rate | 0.05     |
| time/               |          |
|    episodes         | 1004     |
|    fps              | 95       |
|    time_elapsed     | 628      |
|    total_timesteps  | 60240    |
| train/              |          |
|    learning_rate    | 0.0001   |
|    loss             | 1.41     |
|    n_updates        | 3702     |
----------------------------------
----------------------------------
| rollout/            |          |
|    ep_len_mean      | 60       |
|    ep_rew_mean      | 41.2     |
|    exploration_rate | 0.05     |
| time/               |          |
|    episodes         | 1008     |
|    fps              | 95       |
|    time_elapsed     | 630      |
|    total_timesteps  | 60480    |
| train/              |          |
|    learning_rate    | 0.0001   |
|    loss             | 0.279    |
|    n_updates        | 3717     |
----------------------------------
----------------------------------
| rollout/            |          |
|    ep_len_mean      | 60       |
|    ep_rew_mean      | 41.3     |
|    exploration_rate | 0.05     |
| time/               |          |
|    episodes         | 1012     |
|    fps              | 95       |
|    time_elapsed     | 633      |
|    total_timesteps  | 60720    |
| train/              |          |
|    learning_rate    | 0.0001   |
|    loss             | 2.44     |
|    n_updates        | 3732     |
----------------------------------
----------------------------------
| rollout/            |          |
|    ep_len_mean      | 60       |
|    ep_rew_mean      | 41.4     |
|    exploration_rate | 0.05     |
| time/               |          |
|    episodes         | 1016     |
|    fps              | 95       |
|    time_elapsed     | 635      |
|    total_timesteps  | 60960    |
| train/              |          |
|    learning_rate    | 0.0001   |
|    loss             | 0.237    |
|    n_updates        | 3747     |
----------------------------------
----------------------------------
| rollout/            |          |
|    ep_len_mean      | 60       |
|    ep_rew_mean      | 41.4     |
|    exploration_rate | 0.05     |
| time/               |          |
|    episodes         | 1020     |
|    fps              | 95       |
|    time_elapsed     | 638      |
|    total_timesteps  | 61200    |
| train/              |          |
|    learning_rate    | 0.0001   |
|    loss             | 0.206    |
|    n_updates        | 3762     |
----------------------------------
----------------------------------
| rollout/            |          |
|    ep_len_mean      | 60       |
|    ep_rew_mean      | 41.5     |
|    exploration_rate | 0.05     |
| time/               |          |
|    episodes         | 1024     |
|    fps              | 95       |
|    time_elapsed     | 641      |
|    total_timesteps  | 61440    |
| train/              |          |
|    learning_rate    | 0.0001   |
|    loss             | 0.396    |
|    n_updates        | 3777     |
----------------------------------
----------------------------------
| rollout/            |          |
|    ep_len_mean      | 60       |
|    ep_rew_mean      | 41.5     |
|    exploration_rate | 0.05     |
| time/               |          |
|    episodes         | 1028     |
|    fps              | 95       |
|    time_elapsed     | 643      |
|    total_timesteps  | 61680    |
| train/              |          |
|    learning_rate    | 0.0001   |
|    loss             | 1.28     |
|    n_updates        | 3792     |
----------------------------------
----------------------------------
| rollout/            |          |
|    ep_len_mean      | 60       |
|    ep_rew_mean      | 41.5     |
|    exploration_rate | 0.05     |
| time/               |          |
|    episodes         | 1032     |
|    fps              | 95       |
|    time_elapsed     | 646      |
|    total_timesteps  | 61920    |
| train/              |          |
|    learning_rate    | 0.0001   |
|    loss             | 0.286    |
|    n_updates        | 3807     |
----------------------------------
----------------------------------
| rollout/            |          |
|    ep_len_mean      | 60       |
|    ep_rew_mean      | 41.3     |
|    exploration_rate | 0.05     |
| time/               |          |
|    episodes         | 1036     |
|    fps              | 95       |
|    time_elapsed     | 649      |
|    total_timesteps  | 62160    |
| train/              |          |
|    learning_rate    | 0.0001   |
|    loss             | 0.193    |
|    n_updates        | 3822     |
----------------------------------
----------------------------------
| rollout/            |          |
|    ep_len_mean      | 60       |
|    ep_rew_mean      | 41.4     |
|    exploration_rate | 0.05     |
| time/               |          |
|    episodes         | 1040     |
|    fps              | 95       |
|    time_elapsed     | 652      |
|    total_timesteps  | 62400    |
| train/              |          |
|    learning_rate    | 0.0001   |
|    loss             | 1.25     |
|    n_updates        | 3837     |
----------------------------------
----------------------------------
| rollout/            |          |
|    ep_len_mean      | 60       |
|    ep_rew_mean      | 41.5     |
|    exploration_rate | 0.05     |
| time/               |          |
|    episodes         | 1044     |
|    fps              | 95       |
|    time_elapsed     | 656      |
|    total_timesteps  | 62640    |
| train/              |          |
|    learning_rate    | 0.0001   |
|    loss             | 0.478    |
|    n_updates        | 3852     |
----------------------------------
----------------------------------
| rollout/            |          |
|    ep_len_mean      | 60       |
|    ep_rew_mean      | 41.7     |
|    exploration_rate | 0.05     |
| time/               |          |
|    episodes         | 1048     |
|    fps              | 95       |
|    time_elapsed     | 659      |
|    total_timesteps  | 62880    |
| train/              |          |
|    learning_rate    | 0.0001   |
|    loss             | 0.275    |
|    n_updates        | 3867     |
----------------------------------
----------------------------------
| rollout/            |          |
|    ep_len_mean      | 60       |
|    ep_rew_mean      | 41.7     |
|    exploration_rate | 0.05     |
| time/               |          |
|    episodes         | 1052     |
|    fps              | 95       |
|    time_elapsed     | 661      |
|    total_timesteps  | 63120    |
| train/              |          |
|    learning_rate    | 0.0001   |
|    loss             | 1.33     |
|    n_updates        | 3882     |
----------------------------------
----------------------------------
| rollout/            |          |
|    ep_len_mean      | 60       |
|    ep_rew_mean      | 41.7     |
|    exploration_rate | 0.05     |
| time/               |          |
|    episodes         | 1056     |
|    fps              | 95       |
|    time_elapsed     | 664      |
|    total_timesteps  | 63360    |
| train/              |          |
|    learning_rate    | 0.0001   |
|    loss             | 0.991    |
|    n_updates        | 3897     |
----------------------------------
----------------------------------
| rollout/            |          |
|    ep_len_mean      | 60       |
|    ep_rew_mean      | 41.7     |
|    exploration_rate | 0.05     |
| time/               |          |
|    episodes         | 1060     |
|    fps              | 95       |
|    time_elapsed     | 667      |
|    total_timesteps  | 63600    |
| train/              |          |
|    learning_rate    | 0.0001   |
|    loss             | 0.169    |
|    n_updates        | 3912     |
----------------------------------
----------------------------------
| rollout/            |          |
|    ep_len_mean      | 60       |
|    ep_rew_mean      | 41.8     |
|    exploration_rate | 0.05     |
| time/               |          |
|    episodes         | 1064     |
|    fps              | 95       |
|    time_elapsed     | 670      |
|    total_timesteps  | 63840    |
| train/              |          |
|    learning_rate    | 0.0001   |
|    loss             | 2.19     |
|    n_updates        | 3927     |
----------------------------------
----------------------------------
| rollout/            |          |
|    ep_len_mean      | 60       |
|    ep_rew_mean      | 41.7     |
|    exploration_rate | 0.05     |
| time/               |          |
|    episodes         | 1068     |
|    fps              | 95       |
|    time_elapsed     | 672      |
|    total_timesteps  | 64080    |
| train/              |          |
|    learning_rate    | 0.0001   |
|    loss             | 2.32     |
|    n_updates        | 3942     |
----------------------------------
----------------------------------
| rollout/            |          |
|    ep_len_mean      | 60       |
|    ep_rew_mean      | 41.8     |
|    exploration_rate | 0.05     |
| time/               |          |
|    episodes         | 1072     |
|    fps              | 95       |
|    time_elapsed     | 675      |
|    total_timesteps  | 64320    |
| train/              |          |
|    learning_rate    | 0.0001   |
|    loss             | 0.719    |
|    n_updates        | 3957     |
----------------------------------
----------------------------------
| rollout/            |          |
|    ep_len_mean      | 60       |
|    ep_rew_mean      | 42       |
|    exploration_rate | 0.05     |
| time/               |          |
|    episodes         | 1076     |
|    fps              | 95       |
|    time_elapsed     | 678      |
|    total_timesteps  | 64560    |
| train/              |          |
|    learning_rate    | 0.0001   |
|    loss             | 2.37     |
|    n_updates        | 3972     |
----------------------------------
----------------------------------
| rollout/            |          |
|    ep_len_mean      | 60       |
|    ep_rew_mean      | 42.1     |
|    exploration_rate | 0.05     |
| time/               |          |
|    episodes         | 1080     |
|    fps              | 95       |
|    time_elapsed     | 680      |
|    total_timesteps  | 64800    |
| train/              |          |
|    learning_rate    | 0.0001   |
|    loss             | 0.275    |
|    n_updates        | 3987     |
----------------------------------
----------------------------------
| rollout/            |          |
|    ep_len_mean      | 60       |
|    ep_rew_mean      | 42.3     |
|    exploration_rate | 0.05     |
| time/               |          |
|    episodes         | 1084     |
|    fps              | 95       |
|    time_elapsed     | 683      |
|    total_timesteps  | 65040    |
| train/              |          |
|    learning_rate    | 0.0001   |
|    loss             | 0.62     |
|    n_updates        | 4002     |
----------------------------------
----------------------------------
| rollout/            |          |
|    ep_len_mean      | 60       |
|    ep_rew_mean      | 42.4     |
|    exploration_rate | 0.05     |
| time/               |          |
|    episodes         | 1088     |
|    fps              | 95       |
|    time_elapsed     | 686      |
|    total_timesteps  | 65280    |
| train/              |          |
|    learning_rate    | 0.0001   |
|    loss             | 0.463    |
|    n_updates        | 4017     |
----------------------------------
----------------------------------
| rollout/            |          |
|    ep_len_mean      | 60       |
|    ep_rew_mean      | 42.4     |
|    exploration_rate | 0.05     |
| time/               |          |
|    episodes         | 1092     |
|    fps              | 95       |
|    time_elapsed     | 688      |
|    total_timesteps  | 65520    |
| train/              |          |
|    learning_rate    | 0.0001   |
|    loss             | 0.245    |
|    n_updates        | 4032     |
----------------------------------
----------------------------------
| rollout/            |          |
|    ep_len_mean      | 60       |
|    ep_rew_mean      | 42.3     |
|    exploration_rate | 0.05     |
| time/               |          |
|    episodes         | 1096     |
|    fps              | 95       |
|    time_elapsed     | 691      |
|    total_timesteps  | 65760    |
| train/              |          |
|    learning_rate    | 0.0001   |
|    loss             | 0.396    |
|    n_updates        | 4047     |
----------------------------------
----------------------------------
| rollout/            |          |
|    ep_len_mean      | 60       |
|    ep_rew_mean      | 42.2     |
|    exploration_rate | 0.05     |
| time/               |          |
|    episodes         | 1100     |
|    fps              | 95       |
|    time_elapsed     | 694      |
|    total_timesteps  | 66000    |
| train/              |          |
|    learning_rate    | 0.0001   |
|    loss             | 2.17     |
|    n_updates        | 4062     |
----------------------------------
----------------------------------
| rollout/            |          |
|    ep_len_mean      | 60       |
|    ep_rew_mean      | 42.2     |
|    exploration_rate | 0.05     |
| time/               |          |
|    episodes         | 1104     |
|    fps              | 95       |
|    time_elapsed     | 696      |
|    total_timesteps  | 66240    |
| train/              |          |
|    learning_rate    | 0.0001   |
|    loss             | 0.161    |
|    n_updates        | 4077     |
----------------------------------
----------------------------------
| rollout/            |          |
|    ep_len_mean      | 60       |
|    ep_rew_mean      | 42.1     |
|    exploration_rate | 0.05     |
| time/               |          |
|    episodes         | 1108     |
|    fps              | 95       |
|    time_elapsed     | 699      |
|    total_timesteps  | 66480    |
| train/              |          |
|    learning_rate    | 0.0001   |
|    loss             | 0.475    |
|    n_updates        | 4092     |
----------------------------------
----------------------------------
| rollout/            |          |
|    ep_len_mean      | 60       |
|    ep_rew_mean      | 42.1     |
|    exploration_rate | 0.05     |
| time/               |          |
|    episodes         | 1112     |
|    fps              | 95       |
|    time_elapsed     | 702      |
|    total_timesteps  | 66720    |
| train/              |          |
|    learning_rate    | 0.0001   |
|    loss             | 0.23     |
|    n_updates        | 4107     |
----------------------------------
----------------------------------
| rollout/            |          |
|    ep_len_mean      | 60       |
|    ep_rew_mean      | 42       |
|    exploration_rate | 0.05     |
| time/               |          |
|    episodes         | 1116     |
|    fps              | 95       |
|    time_elapsed     | 704      |
|    total_timesteps  | 66960    |
| train/              |          |
|    learning_rate    | 0.0001   |
|    loss             | 2.4      |
|    n_updates        | 4122     |
----------------------------------
----------------------------------
| rollout/            |          |
|    ep_len_mean      | 60       |
|    ep_rew_mean      | 42       |
|    exploration_rate | 0.05     |
| time/               |          |
|    episodes         | 1120     |
|    fps              | 94       |
|    time_elapsed     | 707      |
|    total_timesteps  | 67200    |
| train/              |          |
|    learning_rate    | 0.0001   |
|    loss             | 0.252    |
|    n_updates        | 4137     |
----------------------------------
----------------------------------
| rollout/            |          |
|    ep_len_mean      | 60       |
|    ep_rew_mean      | 42       |
|    exploration_rate | 0.05     |
| time/               |          |
|    episodes         | 1124     |
|    fps              | 94       |
|    time_elapsed     | 710      |
|    total_timesteps  | 67440    |
| train/              |          |
|    learning_rate    | 0.0001   |
|    loss             | 0.243    |
|    n_updates        | 4152     |
----------------------------------
----------------------------------
| rollout/            |          |
|    ep_len_mean      | 60       |
|    ep_rew_mean      | 42.1     |
|    exploration_rate | 0.05     |
| time/               |          |
|    episodes         | 1128     |
|    fps              | 94       |
|    time_elapsed     | 712      |
|    total_timesteps  | 67680    |
| train/              |          |
|    learning_rate    | 0.0001   |
|    loss             | 0.256    |
|    n_updates        | 4167     |
----------------------------------
----------------------------------
| rollout/            |          |
|    ep_len_mean      | 60       |
|    ep_rew_mean      | 42       |
|    exploration_rate | 0.05     |
| time/               |          |
|    episodes         | 1132     |
|    fps              | 94       |
|    time_elapsed     | 715      |
|    total_timesteps  | 67920    |
| train/              |          |
|    learning_rate    | 0.0001   |
|    loss             | 0.62     |
|    n_updates        | 4182     |
----------------------------------
----------------------------------
| rollout/            |          |
|    ep_len_mean      | 60       |
|    ep_rew_mean      | 42.2     |
|    exploration_rate | 0.05     |
| time/               |          |
|    episodes         | 1136     |
|    fps              | 94       |
|    time_elapsed     | 718      |
|    total_timesteps  | 68160    |
| train/              |          |
|    learning_rate    | 0.0001   |
|    loss             | 1.32     |
|    n_updates        | 4197     |
----------------------------------
----------------------------------
| rollout/            |          |
|    ep_len_mean      | 60       |
|    ep_rew_mean      | 42.1     |
|    exploration_rate | 0.05     |
| time/               |          |
|    episodes         | 1140     |
|    fps              | 94       |
|    time_elapsed     | 720      |
|    total_timesteps  | 68400    |
| train/              |          |
|    learning_rate    | 0.0001   |
|    loss             | 0.579    |
|    n_updates        | 4212     |
----------------------------------
----------------------------------
| rollout/            |          |
|    ep_len_mean      | 60       |
|    ep_rew_mean      | 41.9     |
|    exploration_rate | 0.05     |
| time/               |          |
|    episodes         | 1144     |
|    fps              | 94       |
|    time_elapsed     | 723      |
|    total_timesteps  | 68640    |
| train/              |          |
|    learning_rate    | 0.0001   |
|    loss             | 0.619    |
|    n_updates        | 4227     |
----------------------------------
----------------------------------
| rollout/            |          |
|    ep_len_mean      | 60       |
|    ep_rew_mean      | 41.9     |
|    exploration_rate | 0.05     |
| time/               |          |
|    episodes         | 1148     |
|    fps              | 94       |
|    time_elapsed     | 726      |
|    total_timesteps  | 68880    |
| train/              |          |
|    learning_rate    | 0.0001   |
|    loss             | 0.205    |
|    n_updates        | 4242     |
----------------------------------
----------------------------------
| rollout/            |          |
|    ep_len_mean      | 60       |
|    ep_rew_mean      | 41.9     |
|    exploration_rate | 0.05     |
| time/               |          |
|    episodes         | 1152     |
|    fps              | 94       |
|    time_elapsed     | 729      |
|    total_timesteps  | 69120    |
| train/              |          |
|    learning_rate    | 0.0001   |
|    loss             | 1.34     |
|    n_updates        | 4257     |
----------------------------------
----------------------------------
| rollout/            |          |
|    ep_len_mean      | 60       |
|    ep_rew_mean      | 41.8     |
|    exploration_rate | 0.05     |
| time/               |          |
|    episodes         | 1156     |
|    fps              | 94       |
|    time_elapsed     | 731      |
|    total_timesteps  | 69360    |
| train/              |          |
|    learning_rate    | 0.0001   |
|    loss             | 1.34     |
|    n_updates        | 4272     |
----------------------------------
----------------------------------
| rollout/            |          |
|    ep_len_mean      | 60       |
|    ep_rew_mean      | 41.8     |
|    exploration_rate | 0.05     |
| time/               |          |
|    episodes         | 1160     |
|    fps              | 94       |
|    time_elapsed     | 734      |
|    total_timesteps  | 69600    |
| train/              |          |
|    learning_rate    | 0.0001   |
|    loss             | 0.332    |
|    n_updates        | 4287     |
----------------------------------
----------------------------------
| rollout/            |          |
|    ep_len_mean      | 60       |
|    ep_rew_mean      | 41.8     |
|    exploration_rate | 0.05     |
| time/               |          |
|    episodes         | 1164     |
|    fps              | 94       |
|    time_elapsed     | 736      |
|    total_timesteps  | 69840    |
| train/              |          |
|    learning_rate    | 0.0001   |
|    loss             | 1.49     |
|    n_updates        | 4302     |
----------------------------------
----------------------------------
| rollout/            |          |
|    ep_len_mean      | 60       |
|    ep_rew_mean      | 41.9     |
|    exploration_rate | 0.05     |
| time/               |          |
|    episodes         | 1168     |
|    fps              | 94       |
|    time_elapsed     | 739      |
|    total_timesteps  | 70080    |
| train/              |          |
|    learning_rate    | 0.0001   |
|    loss             | 0.464    |
|    n_updates        | 4317     |
----------------------------------
----------------------------------
| rollout/            |          |
|    ep_len_mean      | 60       |
|    ep_rew_mean      | 41.9     |
|    exploration_rate | 0.05     |
| time/               |          |
|    episodes         | 1172     |
|    fps              | 94       |
|    time_elapsed     | 742      |
|    total_timesteps  | 70320    |
| train/              |          |
|    learning_rate    | 0.0001   |
|    loss             | 0.335    |
|    n_updates        | 4332     |
----------------------------------
----------------------------------
| rollout/            |          |
|    ep_len_mean      | 60       |
|    ep_rew_mean      | 41.8     |
|    exploration_rate | 0.05     |
| time/               |          |
|    episodes         | 1176     |
|    fps              | 94       |
|    time_elapsed     | 744      |
|    total_timesteps  | 70560    |
| train/              |          |
|    learning_rate    | 0.0001   |
|    loss             | 0.143    |
|    n_updates        | 4347     |
----------------------------------
----------------------------------
| rollout/            |          |
|    ep_len_mean      | 60       |
|    ep_rew_mean      | 41.7     |
|    exploration_rate | 0.05     |
| time/               |          |
|    episodes         | 1180     |
|    fps              | 94       |
|    time_elapsed     | 747      |
|    total_timesteps  | 70800    |
| train/              |          |
|    learning_rate    | 0.0001   |
|    loss             | 0.29     |
|    n_updates        | 4362     |
----------------------------------
----------------------------------
| rollout/            |          |
|    ep_len_mean      | 60       |
|    ep_rew_mean      | 41.6     |
|    exploration_rate | 0.05     |
| time/               |          |
|    episodes         | 1184     |
|    fps              | 94       |
|    time_elapsed     | 750      |
|    total_timesteps  | 71040    |
| train/              |          |
|    learning_rate    | 0.0001   |
|    loss             | 1.32     |
|    n_updates        | 4377     |
----------------------------------
----------------------------------
| rollout/            |          |
|    ep_len_mean      | 60       |
|    ep_rew_mean      | 41.5     |
|    exploration_rate | 0.05     |
| time/               |          |
|    episodes         | 1188     |
|    fps              | 94       |
|    time_elapsed     | 752      |
|    total_timesteps  | 71280    |
| train/              |          |
|    learning_rate    | 0.0001   |
|    loss             | 1.35     |
|    n_updates        | 4392     |
----------------------------------
----------------------------------
| rollout/            |          |
|    ep_len_mean      | 60       |
|    ep_rew_mean      | 41.5     |
|    exploration_rate | 0.05     |
| time/               |          |
|    episodes         | 1192     |
|    fps              | 94       |
|    time_elapsed     | 755      |
|    total_timesteps  | 71520    |
| train/              |          |
|    learning_rate    | 0.0001   |
|    loss             | 0.215    |
|    n_updates        | 4407     |
----------------------------------
----------------------------------
| rollout/            |          |
|    ep_len_mean      | 60       |
|    ep_rew_mean      | 41.6     |
|    exploration_rate | 0.05     |
| time/               |          |
|    episodes         | 1196     |
|    fps              | 94       |
|    time_elapsed     | 757      |
|    total_timesteps  | 71760    |
| train/              |          |
|    learning_rate    | 0.0001   |
|    loss             | 0.142    |
|    n_updates        | 4422     |
----------------------------------
----------------------------------
| rollout/            |          |
|    ep_len_mean      | 60       |
|    ep_rew_mean      | 41.6     |
|    exploration_rate | 0.05     |
| time/               |          |
|    episodes         | 1200     |
|    fps              | 94       |
|    time_elapsed     | 760      |
|    total_timesteps  | 72000    |
| train/              |          |
|    learning_rate    | 0.0001   |
|    loss             | 1.07     |
|    n_updates        | 4437     |
----------------------------------
----------------------------------
| rollout/            |          |
|    ep_len_mean      | 60       |
|    ep_rew_mean      | 41.6     |
|    exploration_rate | 0.05     |
| time/               |          |
|    episodes         | 1204     |
|    fps              | 94       |
|    time_elapsed     | 763      |
|    total_timesteps  | 72240    |
| train/              |          |
|    learning_rate    | 0.0001   |
|    loss             | 1.27     |
|    n_updates        | 4452     |
----------------------------------
----------------------------------
| rollout/            |          |
|    ep_len_mean      | 60       |
|    ep_rew_mean      | 41.6     |
|    exploration_rate | 0.05     |
| time/               |          |
|    episodes         | 1208     |
|    fps              | 94       |
|    time_elapsed     | 765      |
|    total_timesteps  | 72480    |
| train/              |          |
|    learning_rate    | 0.0001   |
|    loss             | 1.31     |
|    n_updates        | 4467     |
----------------------------------
----------------------------------
| rollout/            |          |
|    ep_len_mean      | 60       |
|    ep_rew_mean      | 41.7     |
|    exploration_rate | 0.05     |
| time/               |          |
|    episodes         | 1212     |
|    fps              | 94       |
|    time_elapsed     | 768      |
|    total_timesteps  | 72720    |
| train/              |          |
|    learning_rate    | 0.0001   |
|    loss             | 1.34     |
|    n_updates        | 4482     |
----------------------------------
----------------------------------
| rollout/            |          |
|    ep_len_mean      | 60       |
|    ep_rew_mean      | 41.7     |
|    exploration_rate | 0.05     |
| time/               |          |
|    episodes         | 1216     |
|    fps              | 94       |
|    time_elapsed     | 771      |
|    total_timesteps  | 72960    |
| train/              |          |
|    learning_rate    | 0.0001   |
|    loss             | 0.349    |
|    n_updates        | 4497     |
----------------------------------
----------------------------------
| rollout/            |          |
|    ep_len_mean      | 60       |
|    ep_rew_mean      | 41.7     |
|    exploration_rate | 0.05     |
| time/               |          |
|    episodes         | 1220     |
|    fps              | 94       |
|    time_elapsed     | 774      |
|    total_timesteps  | 73200    |
| train/              |          |
|    learning_rate    | 0.0001   |
|    loss             | 1.83     |
|    n_updates        | 4512     |
----------------------------------
----------------------------------
| rollout/            |          |
|    ep_len_mean      | 60       |
|    ep_rew_mean      | 41.6     |
|    exploration_rate | 0.05     |
| time/               |          |
|    episodes         | 1224     |
|    fps              | 94       |
|    time_elapsed     | 777      |
|    total_timesteps  | 73440    |
| train/              |          |
|    learning_rate    | 0.0001   |
|    loss             | 0.284    |
|    n_updates        | 4527     |
----------------------------------
----------------------------------
| rollout/            |          |
|    ep_len_mean      | 60       |
|    ep_rew_mean      | 41.5     |
|    exploration_rate | 0.05     |
| time/               |          |
|    episodes         | 1228     |
|    fps              | 94       |
|    time_elapsed     | 779      |
|    total_timesteps  | 73680    |
| train/              |          |
|    learning_rate    | 0.0001   |
|    loss             | 0.491    |
|    n_updates        | 4542     |
----------------------------------
----------------------------------
| rollout/            |          |
|    ep_len_mean      | 60       |
|    ep_rew_mean      | 41.5     |
|    exploration_rate | 0.05     |
| time/               |          |
|    episodes         | 1232     |
|    fps              | 94       |
|    time_elapsed     | 782      |
|    total_timesteps  | 73920    |
| train/              |          |
|    learning_rate    | 0.0001   |
|    loss             | 1.23     |
|    n_updates        | 4557     |
----------------------------------
----------------------------------
| rollout/            |          |
|    ep_len_mean      | 60       |
|    ep_rew_mean      | 41.4     |
|    exploration_rate | 0.05     |
| time/               |          |
|    episodes         | 1236     |
|    fps              | 94       |
|    time_elapsed     | 785      |
|    total_timesteps  | 74160    |
| train/              |          |
|    learning_rate    | 0.0001   |
|    loss             | 1.21     |
|    n_updates        | 4572     |
----------------------------------
----------------------------------
| rollout/            |          |
|    ep_len_mean      | 60       |
|    ep_rew_mean      | 41.2     |
|    exploration_rate | 0.05     |
| time/               |          |
|    episodes         | 1240     |
|    fps              | 94       |
|    time_elapsed     | 787      |
|    total_timesteps  | 74400    |
| train/              |          |
|    learning_rate    | 0.0001   |
|    loss             | 2.35     |
|    n_updates        | 4587     |
----------------------------------
----------------------------------
| rollout/            |          |
|    ep_len_mean      | 60       |
|    ep_rew_mean      | 41.3     |
|    exploration_rate | 0.05     |
| time/               |          |
|    episodes         | 1244     |
|    fps              | 94       |
|    time_elapsed     | 790      |
|    total_timesteps  | 74640    |
| train/              |          |
|    learning_rate    | 0.0001   |
|    loss             | 0.239    |
|    n_updates        | 4602     |
----------------------------------
----------------------------------
| rollout/            |          |
|    ep_len_mean      | 60       |
|    ep_rew_mean      | 41.3     |
|    exploration_rate | 0.05     |
| time/               |          |
|    episodes         | 1248     |
|    fps              | 94       |
|    time_elapsed     | 793      |
|    total_timesteps  | 74880    |
| train/              |          |
|    learning_rate    | 0.0001   |
|    loss             | 0.4      |
|    n_updates        | 4617     |
----------------------------------
----------------------------------
| rollout/            |          |
|    ep_len_mean      | 60       |
|    ep_rew_mean      | 41.2     |
|    exploration_rate | 0.05     |
| time/               |          |
|    episodes         | 1252     |
|    fps              | 94       |
|    time_elapsed     | 795      |
|    total_timesteps  | 75120    |
| train/              |          |
|    learning_rate    | 0.0001   |
|    loss             | 0.268    |
|    n_updates        | 4632     |
----------------------------------
----------------------------------
| rollout/            |          |
|    ep_len_mean      | 60       |
|    ep_rew_mean      | 41.2     |
|    exploration_rate | 0.05     |
| time/               |          |
|    episodes         | 1256     |
|    fps              | 94       |
|    time_elapsed     | 798      |
|    total_timesteps  | 75360    |
| train/              |          |
|    learning_rate    | 0.0001   |
|    loss             | 0.69     |
|    n_updates        | 4647     |
----------------------------------
----------------------------------
| rollout/            |          |
|    ep_len_mean      | 60       |
|    ep_rew_mean      | 41.1     |
|    exploration_rate | 0.05     |
| time/               |          |
|    episodes         | 1260     |
|    fps              | 94       |
|    time_elapsed     | 801      |
|    total_timesteps  | 75600    |
| train/              |          |
|    learning_rate    | 0.0001   |
|    loss             | 0.38     |
|    n_updates        | 4662     |
----------------------------------
----------------------------------
| rollout/            |          |
|    ep_len_mean      | 60       |
|    ep_rew_mean      | 41       |
|    exploration_rate | 0.05     |
| time/               |          |
|    episodes         | 1264     |
|    fps              | 94       |
|    time_elapsed     | 803      |
|    total_timesteps  | 75840    |
| train/              |          |
|    learning_rate    | 0.0001   |
|    loss             | 0.208    |
|    n_updates        | 4677     |
----------------------------------
----------------------------------
| rollout/            |          |
|    ep_len_mean      | 60       |
|    ep_rew_mean      | 41       |
|    exploration_rate | 0.05     |
| time/               |          |
|    episodes         | 1268     |
|    fps              | 94       |
|    time_elapsed     | 806      |
|    total_timesteps  | 76080    |
| train/              |          |
|    learning_rate    | 0.0001   |
|    loss             | 0.281    |
|    n_updates        | 4692     |
----------------------------------
----------------------------------
| rollout/            |          |
|    ep_len_mean      | 60       |
|    ep_rew_mean      | 40.9     |
|    exploration_rate | 0.05     |
| time/               |          |
|    episodes         | 1272     |
|    fps              | 94       |
|    time_elapsed     | 808      |
|    total_timesteps  | 76320    |
| train/              |          |
|    learning_rate    | 0.0001   |
|    loss             | 1.15     |
|    n_updates        | 4707     |
----------------------------------
----------------------------------
| rollout/            |          |
|    ep_len_mean      | 60       |
|    ep_rew_mean      | 40.9     |
|    exploration_rate | 0.05     |
| time/               |          |
|    episodes         | 1276     |
|    fps              | 94       |
|    time_elapsed     | 811      |
|    total_timesteps  | 76560    |
| train/              |          |
|    learning_rate    | 0.0001   |
|    loss             | 0.291    |
|    n_updates        | 4722     |
----------------------------------
----------------------------------
| rollout/            |          |
|    ep_len_mean      | 60       |
|    ep_rew_mean      | 40.9     |
|    exploration_rate | 0.05     |
| time/               |          |
|    episodes         | 1280     |
|    fps              | 94       |
|    time_elapsed     | 814      |
|    total_timesteps  | 76800    |
| train/              |          |
|    learning_rate    | 0.0001   |
|    loss             | 0.489    |
|    n_updates        | 4737     |
----------------------------------
----------------------------------
| rollout/            |          |
|    ep_len_mean      | 60       |
|    ep_rew_mean      | 41       |
|    exploration_rate | 0.05     |
| time/               |          |
|    episodes         | 1284     |
|    fps              | 94       |
|    time_elapsed     | 816      |
|    total_timesteps  | 77040    |
| train/              |          |
|    learning_rate    | 0.0001   |
|    loss             | 1.3      |
|    n_updates        | 4752     |
----------------------------------
----------------------------------
| rollout/            |          |
|    ep_len_mean      | 60       |
|    ep_rew_mean      | 41.1     |
|    exploration_rate | 0.05     |
| time/               |          |
|    episodes         | 1288     |
|    fps              | 94       |
|    time_elapsed     | 819      |
|    total_timesteps  | 77280    |
| train/              |          |
|    learning_rate    | 0.0001   |
|    loss             | 0.493    |
|    n_updates        | 4767     |
----------------------------------
----------------------------------
| rollout/            |          |
|    ep_len_mean      | 60       |
|    ep_rew_mean      | 41.1     |
|    exploration_rate | 0.05     |
| time/               |          |
|    episodes         | 1292     |
|    fps              | 94       |
|    time_elapsed     | 822      |
|    total_timesteps  | 77520    |
| train/              |          |
|    learning_rate    | 0.0001   |
|    loss             | 2.71     |
|    n_updates        | 4782     |
----------------------------------
----------------------------------
| rollout/            |          |
|    ep_len_mean      | 60       |
|    ep_rew_mean      | 41.2     |
|    exploration_rate | 0.05     |
| time/               |          |
|    episodes         | 1296     |
|    fps              | 94       |
|    time_elapsed     | 824      |
|    total_timesteps  | 77760    |
| train/              |          |
|    learning_rate    | 0.0001   |
|    loss             | 1.34     |
|    n_updates        | 4797     |
----------------------------------
----------------------------------
| rollout/            |          |
|    ep_len_mean      | 60       |
|    ep_rew_mean      | 41.2     |
|    exploration_rate | 0.05     |
| time/               |          |
|    episodes         | 1300     |
|    fps              | 94       |
|    time_elapsed     | 827      |
|    total_timesteps  | 78000    |
| train/              |          |
|    learning_rate    | 0.0001   |
|    loss             | 1.38     |
|    n_updates        | 4812     |
----------------------------------
----------------------------------
| rollout/            |          |
|    ep_len_mean      | 60       |
|    ep_rew_mean      | 41.3     |
|    exploration_rate | 0.05     |
| time/               |          |
|    episodes         | 1304     |
|    fps              | 94       |
|    time_elapsed     | 830      |
|    total_timesteps  | 78240    |
| train/              |          |
|    learning_rate    | 0.0001   |
|    loss             | 0.39     |
|    n_updates        | 4827     |
----------------------------------
----------------------------------
| rollout/            |          |
|    ep_len_mean      | 60       |
|    ep_rew_mean      | 41.3     |
|    exploration_rate | 0.05     |
| time/               |          |
|    episodes         | 1308     |
|    fps              | 94       |
|    time_elapsed     | 832      |
|    total_timesteps  | 78480    |
| train/              |          |
|    learning_rate    | 0.0001   |
|    loss             | 0.445    |
|    n_updates        | 4842     |
----------------------------------
----------------------------------
| rollout/            |          |
|    ep_len_mean      | 60       |
|    ep_rew_mean      | 41.3     |
|    exploration_rate | 0.05     |
| time/               |          |
|    episodes         | 1312     |
|    fps              | 94       |
|    time_elapsed     | 835      |
|    total_timesteps  | 78720    |
| train/              |          |
|    learning_rate    | 0.0001   |
|    loss             | 0.273    |
|    n_updates        | 4857     |
----------------------------------
----------------------------------
| rollout/            |          |
|    ep_len_mean      | 60       |
|    ep_rew_mean      | 41.3     |
|    exploration_rate | 0.05     |
| time/               |          |
|    episodes         | 1316     |
|    fps              | 94       |
|    time_elapsed     | 838      |
|    total_timesteps  | 78960    |
| train/              |          |
|    learning_rate    | 0.0001   |
|    loss             | 0.341    |
|    n_updates        | 4872     |
----------------------------------
----------------------------------
| rollout/            |          |
|    ep_len_mean      | 60       |
|    ep_rew_mean      | 41.1     |
|    exploration_rate | 0.05     |
| time/               |          |
|    episodes         | 1320     |
|    fps              | 94       |
|    time_elapsed     | 840      |
|    total_timesteps  | 79200    |
| train/              |          |
|    learning_rate    | 0.0001   |
|    loss             | 0.338    |
|    n_updates        | 4887     |
----------------------------------
----------------------------------
| rollout/            |          |
|    ep_len_mean      | 60       |
|    ep_rew_mean      | 41       |
|    exploration_rate | 0.05     |
| time/               |          |
|    episodes         | 1324     |
|    fps              | 94       |
|    time_elapsed     | 843      |
|    total_timesteps  | 79440    |
| train/              |          |
|    learning_rate    | 0.0001   |
|    loss             | 0.482    |
|    n_updates        | 4902     |
----------------------------------
----------------------------------
| rollout/            |          |
|    ep_len_mean      | 60       |
|    ep_rew_mean      | 40.9     |
|    exploration_rate | 0.05     |
| time/               |          |
|    episodes         | 1328     |
|    fps              | 94       |
|    time_elapsed     | 845      |
|    total_timesteps  | 79680    |
| train/              |          |
|    learning_rate    | 0.0001   |
|    loss             | 0.276    |
|    n_updates        | 4917     |
----------------------------------
----------------------------------
| rollout/            |          |
|    ep_len_mean      | 60       |
|    ep_rew_mean      | 40.9     |
|    exploration_rate | 0.05     |
| time/               |          |
|    episodes         | 1332     |
|    fps              | 94       |
|    time_elapsed     | 848      |
|    total_timesteps  | 79920    |
| train/              |          |
|    learning_rate    | 0.0001   |
|    loss             | 0.306    |
|    n_updates        | 4932     |
----------------------------------
----------------------------------
| rollout/            |          |
|    ep_len_mean      | 60       |
|    ep_rew_mean      | 40.9     |
|    exploration_rate | 0.05     |
| time/               |          |
|    episodes         | 1336     |
|    fps              | 94       |
|    time_elapsed     | 850      |
|    total_timesteps  | 80160    |
| train/              |          |
|    learning_rate    | 0.0001   |
|    loss             | 2.56     |
|    n_updates        | 4947     |
----------------------------------
----------------------------------
| rollout/            |          |
|    ep_len_mean      | 60       |
|    ep_rew_mean      | 41       |
|    exploration_rate | 0.05     |
| time/               |          |
|    episodes         | 1340     |
|    fps              | 94       |
|    time_elapsed     | 853      |
|    total_timesteps  | 80400    |
| train/              |          |
|    learning_rate    | 0.0001   |
|    loss             | 1.75     |
|    n_updates        | 4962     |
----------------------------------
----------------------------------
| rollout/            |          |
|    ep_len_mean      | 60       |
|    ep_rew_mean      | 41       |
|    exploration_rate | 0.05     |
| time/               |          |
|    episodes         | 1344     |
|    fps              | 94       |
|    time_elapsed     | 856      |
|    total_timesteps  | 80640    |
| train/              |          |
|    learning_rate    | 0.0001   |
|    loss             | 3.55     |
|    n_updates        | 4977     |
----------------------------------
----------------------------------
| rollout/            |          |
|    ep_len_mean      | 60       |
|    ep_rew_mean      | 41       |
|    exploration_rate | 0.05     |
| time/               |          |
|    episodes         | 1348     |
|    fps              | 94       |
|    time_elapsed     | 858      |
|    total_timesteps  | 80880    |
| train/              |          |
|    learning_rate    | 0.0001   |
|    loss             | 0.22     |
|    n_updates        | 4992     |
----------------------------------
----------------------------------
| rollout/            |          |
|    ep_len_mean      | 60       |
|    ep_rew_mean      | 41.1     |
|    exploration_rate | 0.05     |
| time/               |          |
|    episodes         | 1352     |
|    fps              | 94       |
|    time_elapsed     | 861      |
|    total_timesteps  | 81120    |
| train/              |          |
|    learning_rate    | 0.0001   |
|    loss             | 0.482    |
|    n_updates        | 5007     |
----------------------------------
----------------------------------
| rollout/            |          |
|    ep_len_mean      | 60       |
|    ep_rew_mean      | 41.2     |
|    exploration_rate | 0.05     |
| time/               |          |
|    episodes         | 1356     |
|    fps              | 94       |
|    time_elapsed     | 864      |
|    total_timesteps  | 81360    |
| train/              |          |
|    learning_rate    | 0.0001   |
|    loss             | 0.233    |
|    n_updates        | 5022     |
----------------------------------
----------------------------------
| rollout/            |          |
|    ep_len_mean      | 60       |
|    ep_rew_mean      | 41.2     |
|    exploration_rate | 0.05     |
| time/               |          |
|    episodes         | 1360     |
|    fps              | 94       |
|    time_elapsed     | 866      |
|    total_timesteps  | 81600    |
| train/              |          |
|    learning_rate    | 0.0001   |
|    loss             | 0.73     |
|    n_updates        | 5037     |
----------------------------------
----------------------------------
| rollout/            |          |
|    ep_len_mean      | 60       |
|    ep_rew_mean      | 41.5     |
|    exploration_rate | 0.05     |
| time/               |          |
|    episodes         | 1364     |
|    fps              | 94       |
|    time_elapsed     | 869      |
|    total_timesteps  | 81840    |
| train/              |          |
|    learning_rate    | 0.0001   |
|    loss             | 1.2      |
|    n_updates        | 5052     |
----------------------------------
----------------------------------
| rollout/            |          |
|    ep_len_mean      | 60       |
|    ep_rew_mean      | 41.5     |
|    exploration_rate | 0.05     |
| time/               |          |
|    episodes         | 1368     |
|    fps              | 94       |
|    time_elapsed     | 872      |
|    total_timesteps  | 82080    |
| train/              |          |
|    learning_rate    | 0.0001   |
|    loss             | 1.56     |
|    n_updates        | 5067     |
----------------------------------
----------------------------------
| rollout/            |          |
|    ep_len_mean      | 60       |
|    ep_rew_mean      | 41.4     |
|    exploration_rate | 0.05     |
| time/               |          |
|    episodes         | 1372     |
|    fps              | 94       |
|    time_elapsed     | 874      |
|    total_timesteps  | 82320    |
| train/              |          |
|    learning_rate    | 0.0001   |
|    loss             | 1.37     |
|    n_updates        | 5082     |
----------------------------------
----------------------------------
| rollout/            |          |
|    ep_len_mean      | 60       |
|    ep_rew_mean      | 41.5     |
|    exploration_rate | 0.05     |
| time/               |          |
|    episodes         | 1376     |
|    fps              | 94       |
|    time_elapsed     | 877      |
|    total_timesteps  | 82560    |
| train/              |          |
|    learning_rate    | 0.0001   |
|    loss             | 0.45     |
|    n_updates        | 5097     |
----------------------------------
----------------------------------
| rollout/            |          |
|    ep_len_mean      | 60       |
|    ep_rew_mean      | 41.5     |
|    exploration_rate | 0.05     |
| time/               |          |
|    episodes         | 1380     |
|    fps              | 94       |
|    time_elapsed     | 880      |
|    total_timesteps  | 82800    |
| train/              |          |
|    learning_rate    | 0.0001   |
|    loss             | 1.49     |
|    n_updates        | 5112     |
----------------------------------
----------------------------------
| rollout/            |          |
|    ep_len_mean      | 60       |
|    ep_rew_mean      | 41.5     |
|    exploration_rate | 0.05     |
| time/               |          |
|    episodes         | 1384     |
|    fps              | 94       |
|    time_elapsed     | 882      |
|    total_timesteps  | 83040    |
| train/              |          |
|    learning_rate    | 0.0001   |
|    loss             | 1.65     |
|    n_updates        | 5127     |
----------------------------------
----------------------------------
| rollout/            |          |
|    ep_len_mean      | 60       |
|    ep_rew_mean      | 41.5     |
|    exploration_rate | 0.05     |
| time/               |          |
|    episodes         | 1388     |
|    fps              | 94       |
|    time_elapsed     | 885      |
|    total_timesteps  | 83280    |
| train/              |          |
|    learning_rate    | 0.0001   |
|    loss             | 1.72     |
|    n_updates        | 5142     |
----------------------------------
----------------------------------
| rollout/            |          |
|    ep_len_mean      | 60       |
|    ep_rew_mean      | 41.3     |
|    exploration_rate | 0.05     |
| time/               |          |
|    episodes         | 1392     |
|    fps              | 94       |
|    time_elapsed     | 888      |
|    total_timesteps  | 83520    |
| train/              |          |
|    learning_rate    | 0.0001   |
|    loss             | 0.251    |
|    n_updates        | 5157     |
----------------------------------
----------------------------------
| rollout/            |          |
|    ep_len_mean      | 60       |
|    ep_rew_mean      | 41.2     |
|    exploration_rate | 0.05     |
| time/               |          |
|    episodes         | 1396     |
|    fps              | 94       |
|    time_elapsed     | 890      |
|    total_timesteps  | 83760    |
| train/              |          |
|    learning_rate    | 0.0001   |
|    loss             | 1.37     |
|    n_updates        | 5172     |
----------------------------------
----------------------------------
| rollout/            |          |
|    ep_len_mean      | 60       |
|    ep_rew_mean      | 41.3     |
|    exploration_rate | 0.05     |
| time/               |          |
|    episodes         | 1400     |
|    fps              | 94       |
|    time_elapsed     | 893      |
|    total_timesteps  | 84000    |
| train/              |          |
|    learning_rate    | 0.0001   |
|    loss             | 0.254    |
|    n_updates        | 5187     |
----------------------------------
----------------------------------
| rollout/            |          |
|    ep_len_mean      | 60       |
|    ep_rew_mean      | 41.3     |
|    exploration_rate | 0.05     |
| time/               |          |
|    episodes         | 1404     |
|    fps              | 93       |
|    time_elapsed     | 896      |
|    total_timesteps  | 84240    |
| train/              |          |
|    learning_rate    | 0.0001   |
|    loss             | 0.276    |
|    n_updates        | 5202     |
----------------------------------
----------------------------------
| rollout/            |          |
|    ep_len_mean      | 60       |
|    ep_rew_mean      | 41.3     |
|    exploration_rate | 0.05     |
| time/               |          |
|    episodes         | 1408     |
|    fps              | 93       |
|    time_elapsed     | 898      |
|    total_timesteps  | 84480    |
| train/              |          |
|    learning_rate    | 0.0001   |
|    loss             | 1.84     |
|    n_updates        | 5217     |
----------------------------------
----------------------------------
| rollout/            |          |
|    ep_len_mean      | 60       |
|    ep_rew_mean      | 41.2     |
|    exploration_rate | 0.05     |
| time/               |          |
|    episodes         | 1412     |
|    fps              | 93       |
|    time_elapsed     | 901      |
|    total_timesteps  | 84720    |
| train/              |          |
|    learning_rate    | 0.0001   |
|    loss             | 0.295    |
|    n_updates        | 5232     |
----------------------------------
----------------------------------
| rollout/            |          |
|    ep_len_mean      | 60       |
|    ep_rew_mean      | 41.3     |
|    exploration_rate | 0.05     |
| time/               |          |
|    episodes         | 1416     |
|    fps              | 93       |
|    time_elapsed     | 904      |
|    total_timesteps  | 84960    |
| train/              |          |
|    learning_rate    | 0.0001   |
|    loss             | 0.278    |
|    n_updates        | 5247     |
----------------------------------
----------------------------------
| rollout/            |          |
|    ep_len_mean      | 60       |
|    ep_rew_mean      | 41.7     |
|    exploration_rate | 0.05     |
| time/               |          |
|    episodes         | 1420     |
|    fps              | 93       |
|    time_elapsed     | 906      |
|    total_timesteps  | 85200    |
| train/              |          |
|    learning_rate    | 0.0001   |
|    loss             | 2.59     |
|    n_updates        | 5262     |
----------------------------------
----------------------------------
| rollout/            |          |
|    ep_len_mean      | 60       |
|    ep_rew_mean      | 41.8     |
|    exploration_rate | 0.05     |
| time/               |          |
|    episodes         | 1424     |
|    fps              | 93       |
|    time_elapsed     | 909      |
|    total_timesteps  | 85440    |
| train/              |          |
|    learning_rate    | 0.0001   |
|    loss             | 1.41     |
|    n_updates        | 5277     |
----------------------------------
----------------------------------
| rollout/            |          |
|    ep_len_mean      | 60       |
|    ep_rew_mean      | 41.9     |
|    exploration_rate | 0.05     |
| time/               |          |
|    episodes         | 1428     |
|    fps              | 93       |
|    time_elapsed     | 912      |
|    total_timesteps  | 85680    |
| train/              |          |
|    learning_rate    | 0.0001   |
|    loss             | 1.4      |
|    n_updates        | 5292     |
----------------------------------
----------------------------------
| rollout/            |          |
|    ep_len_mean      | 60       |
|    ep_rew_mean      | 42       |
|    exploration_rate | 0.05     |
| time/               |          |
|    episodes         | 1432     |
|    fps              | 93       |
|    time_elapsed     | 914      |
|    total_timesteps  | 85920    |
| train/              |          |
|    learning_rate    | 0.0001   |
|    loss             | 0.77     |
|    n_updates        | 5307     |
----------------------------------
----------------------------------
| rollout/            |          |
|    ep_len_mean      | 60       |
|    ep_rew_mean      | 42.1     |
|    exploration_rate | 0.05     |
| time/               |          |
|    episodes         | 1436     |
|    fps              | 93       |
|    time_elapsed     | 917      |
|    total_timesteps  | 86160    |
| train/              |          |
|    learning_rate    | 0.0001   |
|    loss             | 1.26     |
|    n_updates        | 5322     |
----------------------------------
----------------------------------
| rollout/            |          |
|    ep_len_mean      | 60       |
|    ep_rew_mean      | 42.1     |
|    exploration_rate | 0.05     |
| time/               |          |
|    episodes         | 1440     |
|    fps              | 93       |
|    time_elapsed     | 920      |
|    total_timesteps  | 86400    |
| train/              |          |
|    learning_rate    | 0.0001   |
|    loss             | 0.345    |
|    n_updates        | 5337     |
----------------------------------
----------------------------------
| rollout/            |          |
|    ep_len_mean      | 60       |
|    ep_rew_mean      | 42.1     |
|    exploration_rate | 0.05     |
| time/               |          |
|    episodes         | 1444     |
|    fps              | 93       |
|    time_elapsed     | 922      |
|    total_timesteps  | 86640    |
| train/              |          |
|    learning_rate    | 0.0001   |
|    loss             | 0.158    |
|    n_updates        | 5352     |
----------------------------------
----------------------------------
| rollout/            |          |
|    ep_len_mean      | 60       |
|    ep_rew_mean      | 42       |
|    exploration_rate | 0.05     |
| time/               |          |
|    episodes         | 1448     |
|    fps              | 93       |
|    time_elapsed     | 925      |
|    total_timesteps  | 86880    |
| train/              |          |
|    learning_rate    | 0.0001   |
|    loss             | 1.63     |
|    n_updates        | 5367     |
----------------------------------
----------------------------------
| rollout/            |          |
|    ep_len_mean      | 60       |
|    ep_rew_mean      | 42       |
|    exploration_rate | 0.05     |
| time/               |          |
|    episodes         | 1452     |
|    fps              | 93       |
|    time_elapsed     | 928      |
|    total_timesteps  | 87120    |
| train/              |          |
|    learning_rate    | 0.0001   |
|    loss             | 0.144    |
|    n_updates        | 5382     |
----------------------------------
----------------------------------
| rollout/            |          |
|    ep_len_mean      | 60       |
|    ep_rew_mean      | 42.1     |
|    exploration_rate | 0.05     |
| time/               |          |
|    episodes         | 1456     |
|    fps              | 93       |
|    time_elapsed     | 931      |
|    total_timesteps  | 87360    |
| train/              |          |
|    learning_rate    | 0.0001   |
|    loss             | 1.33     |
|    n_updates        | 5397     |
----------------------------------
----------------------------------
| rollout/            |          |
|    ep_len_mean      | 60       |
|    ep_rew_mean      | 42.2     |
|    exploration_rate | 0.05     |
| time/               |          |
|    episodes         | 1460     |
|    fps              | 93       |
|    time_elapsed     | 934      |
|    total_timesteps  | 87600    |
| train/              |          |
|    learning_rate    | 0.0001   |
|    loss             | 0.222    |
|    n_updates        | 5412     |
----------------------------------
----------------------------------
| rollout/            |          |
|    ep_len_mean      | 60       |
|    ep_rew_mean      | 42       |
|    exploration_rate | 0.05     |
| time/               |          |
|    episodes         | 1464     |
|    fps              | 93       |
|    time_elapsed     | 937      |
|    total_timesteps  | 87840    |
| train/              |          |
|    learning_rate    | 0.0001   |
|    loss             | 0.129    |
|    n_updates        | 5427     |
----------------------------------
----------------------------------
| rollout/            |          |
|    ep_len_mean      | 60       |
|    ep_rew_mean      | 42       |
|    exploration_rate | 0.05     |
| time/               |          |
|    episodes         | 1468     |
|    fps              | 93       |
|    time_elapsed     | 940      |
|    total_timesteps  | 88080    |
| train/              |          |
|    learning_rate    | 0.0001   |
|    loss             | 0.0648   |
|    n_updates        | 5442     |
----------------------------------
----------------------------------
| rollout/            |          |
|    ep_len_mean      | 60       |
|    ep_rew_mean      | 42.1     |
|    exploration_rate | 0.05     |
| time/               |          |
|    episodes         | 1472     |
|    fps              | 93       |
|    time_elapsed     | 943      |
|    total_timesteps  | 88320    |
| train/              |          |
|    learning_rate    | 0.0001   |
|    loss             | 1.53     |
|    n_updates        | 5457     |
----------------------------------
----------------------------------
| rollout/            |          |
|    ep_len_mean      | 60       |
|    ep_rew_mean      | 42       |
|    exploration_rate | 0.05     |
| time/               |          |
|    episodes         | 1476     |
|    fps              | 93       |
|    time_elapsed     | 945      |
|    total_timesteps  | 88560    |
| train/              |          |
|    learning_rate    | 0.0001   |
|    loss             | 0.313    |
|    n_updates        | 5472     |
----------------------------------
----------------------------------
| rollout/            |          |
|    ep_len_mean      | 60       |
|    ep_rew_mean      | 42.1     |
|    exploration_rate | 0.05     |
| time/               |          |
|    episodes         | 1480     |
|    fps              | 93       |
|    time_elapsed     | 948      |
|    total_timesteps  | 88800    |
| train/              |          |
|    learning_rate    | 0.0001   |
|    loss             | 1.69     |
|    n_updates        | 5487     |
----------------------------------
----------------------------------
| rollout/            |          |
|    ep_len_mean      | 60       |
|    ep_rew_mean      | 42.1     |
|    exploration_rate | 0.05     |
| time/               |          |
|    episodes         | 1484     |
|    fps              | 93       |
|    time_elapsed     | 951      |
|    total_timesteps  | 89040    |
| train/              |          |
|    learning_rate    | 0.0001   |
|    loss             | 0.348    |
|    n_updates        | 5502     |
----------------------------------
----------------------------------
| rollout/            |          |
|    ep_len_mean      | 60       |
|    ep_rew_mean      | 42.2     |
|    exploration_rate | 0.05     |
| time/               |          |
|    episodes         | 1488     |
|    fps              | 93       |
|    time_elapsed     | 954      |
|    total_timesteps  | 89280    |
| train/              |          |
|    learning_rate    | 0.0001   |
|    loss             | 0.238    |
|    n_updates        | 5517     |
----------------------------------
----------------------------------
| rollout/            |          |
|    ep_len_mean      | 60       |
|    ep_rew_mean      | 42.3     |
|    exploration_rate | 0.05     |
| time/               |          |
|    episodes         | 1492     |
|    fps              | 93       |
|    time_elapsed     | 956      |
|    total_timesteps  | 89520    |
| train/              |          |
|    learning_rate    | 0.0001   |
|    loss             | 0.0384   |
|    n_updates        | 5532     |
----------------------------------
----------------------------------
| rollout/            |          |
|    ep_len_mean      | 60       |
|    ep_rew_mean      | 42.4     |
|    exploration_rate | 0.05     |
| time/               |          |
|    episodes         | 1496     |
|    fps              | 93       |
|    time_elapsed     | 959      |
|    total_timesteps  | 89760    |
| train/              |          |
|    learning_rate    | 0.0001   |
|    loss             | 0.475    |
|    n_updates        | 5547     |
----------------------------------
----------------------------------
| rollout/            |          |
|    ep_len_mean      | 60       |
|    ep_rew_mean      | 42.5     |
|    exploration_rate | 0.05     |
| time/               |          |
|    episodes         | 1500     |
|    fps              | 93       |
|    time_elapsed     | 962      |
|    total_timesteps  | 90000    |
| train/              |          |
|    learning_rate    | 0.0001   |
|    loss             | 2.71     |
|    n_updates        | 5562     |
----------------------------------
----------------------------------
| rollout/            |          |
|    ep_len_mean      | 60       |
|    ep_rew_mean      | 42.3     |
|    exploration_rate | 0.05     |
| time/               |          |
|    episodes         | 1504     |
|    fps              | 93       |
|    time_elapsed     | 964      |
|    total_timesteps  | 90240    |
| train/              |          |
|    learning_rate    | 0.0001   |
|    loss             | 2.66     |
|    n_updates        | 5577     |
----------------------------------
----------------------------------
| rollout/            |          |
|    ep_len_mean      | 60       |
|    ep_rew_mean      | 42.3     |
|    exploration_rate | 0.05     |
| time/               |          |
|    episodes         | 1508     |
|    fps              | 93       |
|    time_elapsed     | 967      |
|    total_timesteps  | 90480    |
| train/              |          |
|    learning_rate    | 0.0001   |
|    loss             | 1.43     |
|    n_updates        | 5592     |
----------------------------------
----------------------------------
| rollout/            |          |
|    ep_len_mean      | 60       |
|    ep_rew_mean      | 42.4     |
|    exploration_rate | 0.05     |
| time/               |          |
|    episodes         | 1512     |
|    fps              | 93       |
|    time_elapsed     | 970      |
|    total_timesteps  | 90720    |
| train/              |          |
|    learning_rate    | 0.0001   |
|    loss             | 0.413    |
|    n_updates        | 5607     |
----------------------------------
----------------------------------
| rollout/            |          |
|    ep_len_mean      | 60       |
|    ep_rew_mean      | 42.3     |
|    exploration_rate | 0.05     |
| time/               |          |
|    episodes         | 1516     |
|    fps              | 93       |
|    time_elapsed     | 972      |
|    total_timesteps  | 90960    |
| train/              |          |
|    learning_rate    | 0.0001   |
|    loss             | 0.533    |
|    n_updates        | 5622     |
----------------------------------
----------------------------------
| rollout/            |          |
|    ep_len_mean      | 60       |
|    ep_rew_mean      | 42.1     |
|    exploration_rate | 0.05     |
| time/               |          |
|    episodes         | 1520     |
|    fps              | 93       |
|    time_elapsed     | 975      |
|    total_timesteps  | 91200    |
| train/              |          |
|    learning_rate    | 0.0001   |
|    loss             | 0.24     |
|    n_updates        | 5637     |
----------------------------------
----------------------------------
| rollout/            |          |
|    ep_len_mean      | 60       |
|    ep_rew_mean      | 42       |
|    exploration_rate | 0.05     |
| time/               |          |
|    episodes         | 1524     |
|    fps              | 93       |
|    time_elapsed     | 978      |
|    total_timesteps  | 91440    |
| train/              |          |
|    learning_rate    | 0.0001   |
|    loss             | 0.0557   |
|    n_updates        | 5652     |
----------------------------------
----------------------------------
| rollout/            |          |
|    ep_len_mean      | 60       |
|    ep_rew_mean      | 42       |
|    exploration_rate | 0.05     |
| time/               |          |
|    episodes         | 1528     |
|    fps              | 93       |
|    time_elapsed     | 981      |
|    total_timesteps  | 91680    |
| train/              |          |
|    learning_rate    | 0.0001   |
|    loss             | 0.333    |
|    n_updates        | 5667     |
----------------------------------
----------------------------------
| rollout/            |          |
|    ep_len_mean      | 60       |
|    ep_rew_mean      | 42.1     |
|    exploration_rate | 0.05     |
| time/               |          |
|    episodes         | 1532     |
|    fps              | 93       |
|    time_elapsed     | 983      |
|    total_timesteps  | 91920    |
| train/              |          |
|    learning_rate    | 0.0001   |
|    loss             | 1.49     |
|    n_updates        | 5682     |
----------------------------------
----------------------------------
| rollout/            |          |
|    ep_len_mean      | 60       |
|    ep_rew_mean      | 42.1     |
|    exploration_rate | 0.05     |
| time/               |          |
|    episodes         | 1536     |
|    fps              | 93       |
|    time_elapsed     | 986      |
|    total_timesteps  | 92160    |
| train/              |          |
|    learning_rate    | 0.0001   |
|    loss             | 0.124    |
|    n_updates        | 5697     |
----------------------------------
----------------------------------
| rollout/            |          |
|    ep_len_mean      | 60       |
|    ep_rew_mean      | 42.2     |
|    exploration_rate | 0.05     |
| time/               |          |
|    episodes         | 1540     |
|    fps              | 93       |
|    time_elapsed     | 989      |
|    total_timesteps  | 92400    |
| train/              |          |
|    learning_rate    | 0.0001   |
|    loss             | 1.57     |
|    n_updates        | 5712     |
----------------------------------
----------------------------------
| rollout/            |          |
|    ep_len_mean      | 60       |
|    ep_rew_mean      | 42.2     |
|    exploration_rate | 0.05     |
| time/               |          |
|    episodes         | 1544     |
|    fps              | 93       |
|    time_elapsed     | 991      |
|    total_timesteps  | 92640    |
| train/              |          |
|    learning_rate    | 0.0001   |
|    loss             | 0.33     |
|    n_updates        | 5727     |
----------------------------------
----------------------------------
| rollout/            |          |
|    ep_len_mean      | 60       |
|    ep_rew_mean      | 42.3     |
|    exploration_rate | 0.05     |
| time/               |          |
|    episodes         | 1548     |
|    fps              | 93       |
|    time_elapsed     | 994      |
|    total_timesteps  | 92880    |
| train/              |          |
|    learning_rate    | 0.0001   |
|    loss             | 2.03     |
|    n_updates        | 5742     |
----------------------------------
----------------------------------
| rollout/            |          |
|    ep_len_mean      | 60       |
|    ep_rew_mean      | 42.3     |
|    exploration_rate | 0.05     |
| time/               |          |
|    episodes         | 1552     |
|    fps              | 93       |
|    time_elapsed     | 997      |
|    total_timesteps  | 93120    |
| train/              |          |
|    learning_rate    | 0.0001   |
|    loss             | 0.148    |
|    n_updates        | 5757     |
----------------------------------
----------------------------------
| rollout/            |          |
|    ep_len_mean      | 60       |
|    ep_rew_mean      | 42.3     |
|    exploration_rate | 0.05     |
| time/               |          |
|    episodes         | 1556     |
|    fps              | 93       |
|    time_elapsed     | 1000     |
|    total_timesteps  | 93360    |
| train/              |          |
|    learning_rate    | 0.0001   |
|    loss             | 0.216    |
|    n_updates        | 5772     |
----------------------------------
----------------------------------
| rollout/            |          |
|    ep_len_mean      | 60       |
|    ep_rew_mean      | 42.2     |
|    exploration_rate | 0.05     |
| time/               |          |
|    episodes         | 1560     |
|    fps              | 93       |
|    time_elapsed     | 1003     |
|    total_timesteps  | 93600    |
| train/              |          |
|    learning_rate    | 0.0001   |
|    loss             | 2.74     |
|    n_updates        | 5787     |
----------------------------------
----------------------------------
| rollout/            |          |
|    ep_len_mean      | 60       |
|    ep_rew_mean      | 42.2     |
|    exploration_rate | 0.05     |
| time/               |          |
|    episodes         | 1564     |
|    fps              | 93       |
|    time_elapsed     | 1005     |
|    total_timesteps  | 93840    |
| train/              |          |
|    learning_rate    | 0.0001   |
|    loss             | 4.13     |
|    n_updates        | 5802     |
----------------------------------
----------------------------------
| rollout/            |          |
|    ep_len_mean      | 60       |
|    ep_rew_mean      | 42.2     |
|    exploration_rate | 0.05     |
| time/               |          |
|    episodes         | 1568     |
|    fps              | 93       |
|    time_elapsed     | 1008     |
|    total_timesteps  | 94080    |
| train/              |          |
|    learning_rate    | 0.0001   |
|    loss             | 0.15     |
|    n_updates        | 5817     |
----------------------------------
----------------------------------
| rollout/            |          |
|    ep_len_mean      | 60       |
|    ep_rew_mean      | 42.2     |
|    exploration_rate | 0.05     |
| time/               |          |
|    episodes         | 1572     |
|    fps              | 93       |
|    time_elapsed     | 1011     |
|    total_timesteps  | 94320    |
| train/              |          |
|    learning_rate    | 0.0001   |
|    loss             | 1.36     |
|    n_updates        | 5832     |
----------------------------------
----------------------------------
| rollout/            |          |
|    ep_len_mean      | 60       |
|    ep_rew_mean      | 42.3     |
|    exploration_rate | 0.05     |
| time/               |          |
|    episodes         | 1576     |
|    fps              | 93       |
|    time_elapsed     | 1014     |
|    total_timesteps  | 94560    |
| train/              |          |
|    learning_rate    | 0.0001   |
|    loss             | 1.87     |
|    n_updates        | 5847     |
----------------------------------
----------------------------------
| rollout/            |          |
|    ep_len_mean      | 60       |
|    ep_rew_mean      | 42.2     |
|    exploration_rate | 0.05     |
| time/               |          |
|    episodes         | 1580     |
|    fps              | 93       |
|    time_elapsed     | 1016     |
|    total_timesteps  | 94800    |
| train/              |          |
|    learning_rate    | 0.0001   |
|    loss             | 0.123    |
|    n_updates        | 5862     |
----------------------------------
----------------------------------
| rollout/            |          |
|    ep_len_mean      | 60       |
|    ep_rew_mean      | 42.2     |
|    exploration_rate | 0.05     |
| time/               |          |
|    episodes         | 1584     |
|    fps              | 93       |
|    time_elapsed     | 1019     |
|    total_timesteps  | 95040    |
| train/              |          |
|    learning_rate    | 0.0001   |
|    loss             | 0.0887   |
|    n_updates        | 5877     |
----------------------------------
----------------------------------
| rollout/            |          |
|    ep_len_mean      | 60       |
|    ep_rew_mean      | 42.1     |
|    exploration_rate | 0.05     |
| time/               |          |
|    episodes         | 1588     |
|    fps              | 93       |
|    time_elapsed     | 1022     |
|    total_timesteps  | 95280    |
| train/              |          |
|    learning_rate    | 0.0001   |
|    loss             | 1.64     |
|    n_updates        | 5892     |
----------------------------------
----------------------------------
| rollout/            |          |
|    ep_len_mean      | 60       |
|    ep_rew_mean      | 42.1     |
|    exploration_rate | 0.05     |
| time/               |          |
|    episodes         | 1592     |
|    fps              | 93       |
|    time_elapsed     | 1025     |
|    total_timesteps  | 95520    |
| train/              |          |
|    learning_rate    | 0.0001   |
|    loss             | 0.158    |
|    n_updates        | 5907     |
----------------------------------
----------------------------------
| rollout/            |          |
|    ep_len_mean      | 60       |
|    ep_rew_mean      | 42       |
|    exploration_rate | 0.05     |
| time/               |          |
|    episodes         | 1596     |
|    fps              | 93       |
|    time_elapsed     | 1027     |
|    total_timesteps  | 95760    |
| train/              |          |
|    learning_rate    | 0.0001   |
|    loss             | 2.01     |
|    n_updates        | 5922     |
----------------------------------
----------------------------------
| rollout/            |          |
|    ep_len_mean      | 60       |
|    ep_rew_mean      | 41.9     |
|    exploration_rate | 0.05     |
| time/               |          |
|    episodes         | 1600     |
|    fps              | 93       |
|    time_elapsed     | 1030     |
|    total_timesteps  | 96000    |
| train/              |          |
|    learning_rate    | 0.0001   |
|    loss             | 0.247    |
|    n_updates        | 5937     |
----------------------------------
----------------------------------
| rollout/            |          |
|    ep_len_mean      | 60       |
|    ep_rew_mean      | 42       |
|    exploration_rate | 0.05     |
| time/               |          |
|    episodes         | 1604     |
|    fps              | 93       |
|    time_elapsed     | 1032     |
|    total_timesteps  | 96240    |
| train/              |          |
|    learning_rate    | 0.0001   |
|    loss             | 1.68     |
|    n_updates        | 5952     |
----------------------------------
----------------------------------
| rollout/            |          |
|    ep_len_mean      | 60       |
|    ep_rew_mean      | 41.9     |
|    exploration_rate | 0.05     |
| time/               |          |
|    episodes         | 1608     |
|    fps              | 93       |
|    time_elapsed     | 1035     |
|    total_timesteps  | 96480    |
| train/              |          |
|    learning_rate    | 0.0001   |
|    loss             | 1.47     |
|    n_updates        | 5967     |
----------------------------------
----------------------------------
| rollout/            |          |
|    ep_len_mean      | 60       |
|    ep_rew_mean      | 41.8     |
|    exploration_rate | 0.05     |
| time/               |          |
|    episodes         | 1612     |
|    fps              | 93       |
|    time_elapsed     | 1038     |
|    total_timesteps  | 96720    |
| train/              |          |
|    learning_rate    | 0.0001   |
|    loss             | 0.211    |
|    n_updates        | 5982     |
----------------------------------
----------------------------------
| rollout/            |          |
|    ep_len_mean      | 60       |
|    ep_rew_mean      | 41.7     |
|    exploration_rate | 0.05     |
| time/               |          |
|    episodes         | 1616     |
|    fps              | 93       |
|    time_elapsed     | 1040     |
|    total_timesteps  | 96960    |
| train/              |          |
|    learning_rate    | 0.0001   |
|    loss             | 1.59     |
|    n_updates        | 5997     |
----------------------------------
----------------------------------
| rollout/            |          |
|    ep_len_mean      | 60       |
|    ep_rew_mean      | 41.8     |
|    exploration_rate | 0.05     |
| time/               |          |
|    episodes         | 1620     |
|    fps              | 93       |
|    time_elapsed     | 1043     |
|    total_timesteps  | 97200    |
| train/              |          |
|    learning_rate    | 0.0001   |
|    loss             | 0.477    |
|    n_updates        | 6012     |
----------------------------------
----------------------------------
| rollout/            |          |
|    ep_len_mean      | 60       |
|    ep_rew_mean      | 41.8     |
|    exploration_rate | 0.05     |
| time/               |          |
|    episodes         | 1624     |
|    fps              | 93       |
|    time_elapsed     | 1046     |
|    total_timesteps  | 97440    |
| train/              |          |
|    learning_rate    | 0.0001   |
|    loss             | 0.308    |
|    n_updates        | 6027     |
----------------------------------
----------------------------------
| rollout/            |          |
|    ep_len_mean      | 60       |
|    ep_rew_mean      | 41.6     |
|    exploration_rate | 0.05     |
| time/               |          |
|    episodes         | 1628     |
|    fps              | 93       |
|    time_elapsed     | 1048     |
|    total_timesteps  | 97680    |
| train/              |          |
|    learning_rate    | 0.0001   |
|    loss             | 1.63     |
|    n_updates        | 6042     |
----------------------------------
----------------------------------
| rollout/            |          |
|    ep_len_mean      | 60       |
|    ep_rew_mean      | 41.5     |
|    exploration_rate | 0.05     |
| time/               |          |
|    episodes         | 1632     |
|    fps              | 93       |
|    time_elapsed     | 1051     |
|    total_timesteps  | 97920    |
| train/              |          |
|    learning_rate    | 0.0001   |
|    loss             | 0.396    |
|    n_updates        | 6057     |
----------------------------------
----------------------------------
| rollout/            |          |
|    ep_len_mean      | 60       |
|    ep_rew_mean      | 41.6     |
|    exploration_rate | 0.05     |
| time/               |          |
|    episodes         | 1636     |
|    fps              | 93       |
|    time_elapsed     | 1054     |
|    total_timesteps  | 98160    |
| train/              |          |
|    learning_rate    | 0.0001   |
|    loss             | 0.392    |
|    n_updates        | 6072     |
----------------------------------
----------------------------------
| rollout/            |          |
|    ep_len_mean      | 60       |
|    ep_rew_mean      | 41.6     |
|    exploration_rate | 0.05     |
| time/               |          |
|    episodes         | 1640     |
|    fps              | 93       |
|    time_elapsed     | 1056     |
|    total_timesteps  | 98400    |
| train/              |          |
|    learning_rate    | 0.0001   |
|    loss             | 0.207    |
|    n_updates        | 6087     |
----------------------------------
----------------------------------
| rollout/            |          |
|    ep_len_mean      | 60       |
|    ep_rew_mean      | 41.5     |
|    exploration_rate | 0.05     |
| time/               |          |
|    episodes         | 1644     |
|    fps              | 93       |
|    time_elapsed     | 1059     |
|    total_timesteps  | 98640    |
| train/              |          |
|    learning_rate    | 0.0001   |
|    loss             | 0.462    |
|    n_updates        | 6102     |
----------------------------------
----------------------------------
| rollout/            |          |
|    ep_len_mean      | 60       |
|    ep_rew_mean      | 41.6     |
|    exploration_rate | 0.05     |
| time/               |          |
|    episodes         | 1648     |
|    fps              | 93       |
|    time_elapsed     | 1062     |
|    total_timesteps  | 98880    |
| train/              |          |
|    learning_rate    | 0.0001   |
|    loss             | 1.54     |
|    n_updates        | 6117     |
----------------------------------
----------------------------------
| rollout/            |          |
|    ep_len_mean      | 60       |
|    ep_rew_mean      | 41.4     |
|    exploration_rate | 0.05     |
| time/               |          |
|    episodes         | 1652     |
|    fps              | 93       |
|    time_elapsed     | 1064     |
|    total_timesteps  | 99120    |
| train/              |          |
|    learning_rate    | 0.0001   |
|    loss             | 1.46     |
|    n_updates        | 6132     |
----------------------------------
----------------------------------
| rollout/            |          |
|    ep_len_mean      | 60       |
|    ep_rew_mean      | 41.4     |
|    exploration_rate | 0.05     |
| time/               |          |
|    episodes         | 1656     |
|    fps              | 93       |
|    time_elapsed     | 1067     |
|    total_timesteps  | 99360    |
| train/              |          |
|    learning_rate    | 0.0001   |
|    loss             | 2.98     |
|    n_updates        | 6147     |
----------------------------------
----------------------------------
| rollout/            |          |
|    ep_len_mean      | 60       |
|    ep_rew_mean      | 41.3     |
|    exploration_rate | 0.05     |
| time/               |          |
|    episodes         | 1660     |
|    fps              | 93       |
|    time_elapsed     | 1070     |
|    total_timesteps  | 99600    |
| train/              |          |
|    learning_rate    | 0.0001   |
|    loss             | 0.12     |
|    n_updates        | 6162     |
----------------------------------
----------------------------------
| rollout/            |          |
|    ep_len_mean      | 60       |
|    ep_rew_mean      | 41.3     |
|    exploration_rate | 0.05     |
| time/               |          |
|    episodes         | 1664     |
|    fps              | 93       |
|    time_elapsed     | 1073     |
|    total_timesteps  | 99840    |
| train/              |          |
|    learning_rate    | 0.0001   |
|    loss             | 0.0386   |
|    n_updates        | 6177     |
----------------------------------
  saved model: D:\Projects\TN+NTN\drl\models\dqn_seed1.zip
  evaluating dqn seed=1 (200 episodes)...
    dqn seed=1 eval: 20/200 episodes
    dqn seed=1 eval: 40/200 episodes
    dqn seed=1 eval: 60/200 episodes
    dqn seed=1 eval: 80/200 episodes
    dqn seed=1 eval: 100/200 episodes
    dqn seed=1 eval: 120/200 episodes
    dqn seed=1 eval: 140/200 episodes
    dqn seed=1 eval: 160/200 episodes
    dqn seed=1 eval: 180/200 episodes
    dqn seed=1 eval: 200/200 episodes
  training dqn seed=2 ...
Using cpu device
----------------------------------
| rollout/            |          |
|    ep_len_mean      | 60       |
|    ep_rew_mean      | -0.0515  |
|    exploration_rate | 0.977    |
| time/               |          |
|    episodes         | 4        |
|    fps              | 153      |
|    time_elapsed     | 1        |
|    total_timesteps  | 240      |
----------------------------------
----------------------------------
| rollout/            |          |
|    ep_len_mean      | 60       |
|    ep_rew_mean      | -2.33    |
|    exploration_rate | 0.954    |
| time/               |          |
|    episodes         | 8        |
|    fps              | 155      |
|    time_elapsed     | 3        |
|    total_timesteps  | 480      |
----------------------------------
----------------------------------
| rollout/            |          |
|    ep_len_mean      | 60       |
|    ep_rew_mean      | -0.288   |
|    exploration_rate | 0.932    |
| time/               |          |
|    episodes         | 12       |
|    fps              | 155      |
|    time_elapsed     | 4        |
|    total_timesteps  | 720      |
----------------------------------
----------------------------------
| rollout/            |          |
|    ep_len_mean      | 60       |
|    ep_rew_mean      | 0.194    |
|    exploration_rate | 0.909    |
| time/               |          |
|    episodes         | 16       |
|    fps              | 153      |
|    time_elapsed     | 6        |
|    total_timesteps  | 960      |
----------------------------------
----------------------------------
| rollout/            |          |
|    ep_len_mean      | 60       |
|    ep_rew_mean      | 1.27     |
|    exploration_rate | 0.886    |
| time/               |          |
|    episodes         | 20       |
|    fps              | 145      |
|    time_elapsed     | 8        |
|    total_timesteps  | 1200     |
| train/              |          |
|    learning_rate    | 0.0001   |
|    loss             | 0.295    |
|    n_updates        | 12       |
----------------------------------
----------------------------------
| rollout/            |          |
|    ep_len_mean      | 60       |
|    ep_rew_mean      | 0.143    |
|    exploration_rate | 0.863    |
| time/               |          |
|    episodes         | 24       |
|    fps              | 142      |
|    time_elapsed     | 10       |
|    total_timesteps  | 1440     |
| train/              |          |
|    learning_rate    | 0.0001   |
|    loss             | 0.251    |
|    n_updates        | 27       |
----------------------------------
----------------------------------
| rollout/            |          |
|    ep_len_mean      | 60       |
|    ep_rew_mean      | 1.63     |
|    exploration_rate | 0.84     |
| time/               |          |
|    episodes         | 28       |
|    fps              | 136      |
|    time_elapsed     | 12       |
|    total_timesteps  | 1680     |
| train/              |          |
|    learning_rate    | 0.0001   |
|    loss             | 0.265    |
|    n_updates        | 42       |
----------------------------------
----------------------------------
| rollout/            |          |
|    ep_len_mean      | 60       |
|    ep_rew_mean      | 1.74     |
|    exploration_rate | 0.818    |
| time/               |          |
|    episodes         | 32       |
|    fps              | 132      |
|    time_elapsed     | 14       |
|    total_timesteps  | 1920     |
| train/              |          |
|    learning_rate    | 0.0001   |
|    loss             | 0.27     |
|    n_updates        | 57       |
----------------------------------
----------------------------------
| rollout/            |          |
|    ep_len_mean      | 60       |
|    ep_rew_mean      | 2.26     |
|    exploration_rate | 0.795    |
| time/               |          |
|    episodes         | 36       |
|    fps              | 130      |
|    time_elapsed     | 16       |
|    total_timesteps  | 2160     |
| train/              |          |
|    learning_rate    | 0.0001   |
|    loss             | 0.255    |
|    n_updates        | 72       |
----------------------------------
----------------------------------
| rollout/            |          |
|    ep_len_mean      | 60       |
|    ep_rew_mean      | 2.6      |
|    exploration_rate | 0.772    |
| time/               |          |
|    episodes         | 40       |
|    fps              | 128      |
|    time_elapsed     | 18       |
|    total_timesteps  | 2400     |
| train/              |          |
|    learning_rate    | 0.0001   |
|    loss             | 0.273    |
|    n_updates        | 87       |
----------------------------------
----------------------------------
| rollout/            |          |
|    ep_len_mean      | 60       |
|    ep_rew_mean      | 3.16     |
|    exploration_rate | 0.749    |
| time/               |          |
|    episodes         | 44       |
|    fps              | 125      |
|    time_elapsed     | 21       |
|    total_timesteps  | 2640     |
| train/              |          |
|    learning_rate    | 0.0001   |
|    loss             | 0.213    |
|    n_updates        | 102      |
----------------------------------
----------------------------------
| rollout/            |          |
|    ep_len_mean      | 60       |
|    ep_rew_mean      | 4.12     |
|    exploration_rate | 0.726    |
| time/               |          |
|    episodes         | 48       |
|    fps              | 123      |
|    time_elapsed     | 23       |
|    total_timesteps  | 2880     |
| train/              |          |
|    learning_rate    | 0.0001   |
|    loss             | 0.215    |
|    n_updates        | 117      |
----------------------------------
----------------------------------
| rollout/            |          |
|    ep_len_mean      | 60       |
|    ep_rew_mean      | 4.94     |
|    exploration_rate | 0.704    |
| time/               |          |
|    episodes         | 52       |
|    fps              | 120      |
|    time_elapsed     | 25       |
|    total_timesteps  | 3120     |
| train/              |          |
|    learning_rate    | 0.0001   |
|    loss             | 0.226    |
|    n_updates        | 132      |
----------------------------------
----------------------------------
| rollout/            |          |
|    ep_len_mean      | 60       |
|    ep_rew_mean      | 5.21     |
|    exploration_rate | 0.681    |
| time/               |          |
|    episodes         | 56       |
|    fps              | 119      |
|    time_elapsed     | 28       |
|    total_timesteps  | 3360     |
| train/              |          |
|    learning_rate    | 0.0001   |
|    loss             | 0.222    |
|    n_updates        | 147      |
----------------------------------
----------------------------------
| rollout/            |          |
|    ep_len_mean      | 60       |
|    ep_rew_mean      | 5.7      |
|    exploration_rate | 0.658    |
| time/               |          |
|    episodes         | 60       |
|    fps              | 118      |
|    time_elapsed     | 30       |
|    total_timesteps  | 3600     |
| train/              |          |
|    learning_rate    | 0.0001   |
|    loss             | 0.206    |
|    n_updates        | 162      |
----------------------------------
----------------------------------
| rollout/            |          |
|    ep_len_mean      | 60       |
|    ep_rew_mean      | 5.32     |
|    exploration_rate | 0.635    |
| time/               |          |
|    episodes         | 64       |
|    fps              | 119      |
|    time_elapsed     | 32       |
|    total_timesteps  | 3840     |
| train/              |          |
|    learning_rate    | 0.0001   |
|    loss             | 0.224    |
|    n_updates        | 177      |
----------------------------------
----------------------------------
| rollout/            |          |
|    ep_len_mean      | 60       |
|    ep_rew_mean      | 6.05     |
|    exploration_rate | 0.612    |
| time/               |          |
|    episodes         | 68       |
|    fps              | 118      |
|    time_elapsed     | 34       |
|    total_timesteps  | 4080     |
| train/              |          |
|    learning_rate    | 0.0001   |
|    loss             | 0.254    |
|    n_updates        | 192      |
----------------------------------
----------------------------------
| rollout/            |          |
|    ep_len_mean      | 60       |
|    ep_rew_mean      | 6.43     |
|    exploration_rate | 0.59     |
| time/               |          |
|    episodes         | 72       |
|    fps              | 117      |
|    time_elapsed     | 36       |
|    total_timesteps  | 4320     |
| train/              |          |
|    learning_rate    | 0.0001   |
|    loss             | 0.216    |
|    n_updates        | 207      |
----------------------------------
----------------------------------
| rollout/            |          |
|    ep_len_mean      | 60       |
|    ep_rew_mean      | 6.87     |
|    exploration_rate | 0.567    |
| time/               |          |
|    episodes         | 76       |
|    fps              | 117      |
|    time_elapsed     | 38       |
|    total_timesteps  | 4560     |
| train/              |          |
|    learning_rate    | 0.0001   |
|    loss             | 0.17     |
|    n_updates        | 222      |
----------------------------------
----------------------------------
| rollout/            |          |
|    ep_len_mean      | 60       |
|    ep_rew_mean      | 7.55     |
|    exploration_rate | 0.544    |
| time/               |          |
|    episodes         | 80       |
|    fps              | 116      |
|    time_elapsed     | 41       |
|    total_timesteps  | 4800     |
| train/              |          |
|    learning_rate    | 0.0001   |
|    loss             | 0.222    |
|    n_updates        | 237      |
----------------------------------
----------------------------------
| rollout/            |          |
|    ep_len_mean      | 60       |
|    ep_rew_mean      | 7.95     |
|    exploration_rate | 0.521    |
| time/               |          |
|    episodes         | 84       |
|    fps              | 115      |
|    time_elapsed     | 43       |
|    total_timesteps  | 5040     |
| train/              |          |
|    learning_rate    | 0.0001   |
|    loss             | 0.29     |
|    n_updates        | 252      |
----------------------------------
----------------------------------
| rollout/            |          |
|    ep_len_mean      | 60       |
|    ep_rew_mean      | 8.28     |
|    exploration_rate | 0.498    |
| time/               |          |
|    episodes         | 88       |
|    fps              | 115      |
|    time_elapsed     | 45       |
|    total_timesteps  | 5280     |
| train/              |          |
|    learning_rate    | 0.0001   |
|    loss             | 0.273    |
|    n_updates        | 267      |
----------------------------------
----------------------------------
| rollout/            |          |
|    ep_len_mean      | 60       |
|    ep_rew_mean      | 8.77     |
|    exploration_rate | 0.476    |
| time/               |          |
|    episodes         | 92       |
|    fps              | 114      |
|    time_elapsed     | 48       |
|    total_timesteps  | 5520     |
| train/              |          |
|    learning_rate    | 0.0001   |
|    loss             | 0.15     |
|    n_updates        | 282      |
----------------------------------
----------------------------------
| rollout/            |          |
|    ep_len_mean      | 60       |
|    ep_rew_mean      | 9.46     |
|    exploration_rate | 0.453    |
| time/               |          |
|    episodes         | 96       |
|    fps              | 114      |
|    time_elapsed     | 50       |
|    total_timesteps  | 5760     |
| train/              |          |
|    learning_rate    | 0.0001   |
|    loss             | 0.199    |
|    n_updates        | 297      |
----------------------------------
----------------------------------
| rollout/            |          |
|    ep_len_mean      | 60       |
|    ep_rew_mean      | 9.77     |
|    exploration_rate | 0.43     |
| time/               |          |
|    episodes         | 100      |
|    fps              | 114      |
|    time_elapsed     | 52       |
|    total_timesteps  | 6000     |
| train/              |          |
|    learning_rate    | 0.0001   |
|    loss             | 0.136    |
|    n_updates        | 312      |
----------------------------------
----------------------------------
| rollout/            |          |
|    ep_len_mean      | 60       |
|    ep_rew_mean      | 10.5     |
|    exploration_rate | 0.407    |
| time/               |          |
|    episodes         | 104      |
|    fps              | 113      |
|    time_elapsed     | 54       |
|    total_timesteps  | 6240     |
| train/              |          |
|    learning_rate    | 0.0001   |
|    loss             | 0.262    |
|    n_updates        | 327      |
----------------------------------
----------------------------------
| rollout/            |          |
|    ep_len_mean      | 60       |
|    ep_rew_mean      | 11.6     |
|    exploration_rate | 0.384    |
| time/               |          |
|    episodes         | 108      |
|    fps              | 113      |
|    time_elapsed     | 57       |
|    total_timesteps  | 6480     |
| train/              |          |
|    learning_rate    | 0.0001   |
|    loss             | 0.255    |
|    n_updates        | 342      |
----------------------------------
----------------------------------
| rollout/            |          |
|    ep_len_mean      | 60       |
|    ep_rew_mean      | 12.3     |
|    exploration_rate | 0.362    |
| time/               |          |
|    episodes         | 112      |
|    fps              | 112      |
|    time_elapsed     | 59       |
|    total_timesteps  | 6720     |
| train/              |          |
|    learning_rate    | 0.0001   |
|    loss             | 0.162    |
|    n_updates        | 357      |
----------------------------------
----------------------------------
| rollout/            |          |
|    ep_len_mean      | 60       |
|    ep_rew_mean      | 13.1     |
|    exploration_rate | 0.339    |
| time/               |          |
|    episodes         | 116      |
|    fps              | 112      |
|    time_elapsed     | 61       |
|    total_timesteps  | 6960     |
| train/              |          |
|    learning_rate    | 0.0001   |
|    loss             | 0.108    |
|    n_updates        | 372      |
----------------------------------
----------------------------------
| rollout/            |          |
|    ep_len_mean      | 60       |
|    ep_rew_mean      | 14       |
|    exploration_rate | 0.316    |
| time/               |          |
|    episodes         | 120      |
|    fps              | 112      |
|    time_elapsed     | 64       |
|    total_timesteps  | 7200     |
| train/              |          |
|    learning_rate    | 0.0001   |
|    loss             | 0.282    |
|    n_updates        | 387      |
----------------------------------
----------------------------------
| rollout/            |          |
|    ep_len_mean      | 60       |
|    ep_rew_mean      | 15.4     |
|    exploration_rate | 0.293    |
| time/               |          |
|    episodes         | 124      |
|    fps              | 111      |
|    time_elapsed     | 66       |
|    total_timesteps  | 7440     |
| train/              |          |
|    learning_rate    | 0.0001   |
|    loss             | 0.222    |
|    n_updates        | 402      |
----------------------------------
----------------------------------
| rollout/            |          |
|    ep_len_mean      | 60       |
|    ep_rew_mean      | 16.2     |
|    exploration_rate | 0.27     |
| time/               |          |
|    episodes         | 128      |
|    fps              | 111      |
|    time_elapsed     | 69       |
|    total_timesteps  | 7680     |
| train/              |          |
|    learning_rate    | 0.0001   |
|    loss             | 0.133    |
|    n_updates        | 417      |
----------------------------------
----------------------------------
| rollout/            |          |
|    ep_len_mean      | 60       |
|    ep_rew_mean      | 17.4     |
|    exploration_rate | 0.248    |
| time/               |          |
|    episodes         | 132      |
|    fps              | 110      |
|    time_elapsed     | 71       |
|    total_timesteps  | 7920     |
| train/              |          |
|    learning_rate    | 0.0001   |
|    loss             | 0.125    |
|    n_updates        | 432      |
----------------------------------
----------------------------------
| rollout/            |          |
|    ep_len_mean      | 60       |
|    ep_rew_mean      | 18.3     |
|    exploration_rate | 0.225    |
| time/               |          |
|    episodes         | 136      |
|    fps              | 109      |
|    time_elapsed     | 74       |
|    total_timesteps  | 8160     |
| train/              |          |
|    learning_rate    | 0.0001   |
|    loss             | 0.281    |
|    n_updates        | 447      |
----------------------------------
----------------------------------
| rollout/            |          |
|    ep_len_mean      | 60       |
|    ep_rew_mean      | 19.6     |
|    exploration_rate | 0.202    |
| time/               |          |
|    episodes         | 140      |
|    fps              | 109      |
|    time_elapsed     | 76       |
|    total_timesteps  | 8400     |
| train/              |          |
|    learning_rate    | 0.0001   |
|    loss             | 0.249    |
|    n_updates        | 462      |
----------------------------------
----------------------------------
| rollout/            |          |
|    ep_len_mean      | 60       |
|    ep_rew_mean      | 20.4     |
|    exploration_rate | 0.179    |
| time/               |          |
|    episodes         | 144      |
|    fps              | 108      |
|    time_elapsed     | 79       |
|    total_timesteps  | 8640     |
| train/              |          |
|    learning_rate    | 0.0001   |
|    loss             | 0.125    |
|    n_updates        | 477      |
----------------------------------
----------------------------------
| rollout/            |          |
|    ep_len_mean      | 60       |
|    ep_rew_mean      | 21.3     |
|    exploration_rate | 0.156    |
| time/               |          |
|    episodes         | 148      |
|    fps              | 108      |
|    time_elapsed     | 82       |
|    total_timesteps  | 8880     |
| train/              |          |
|    learning_rate    | 0.0001   |
|    loss             | 0.0777   |
|    n_updates        | 492      |
----------------------------------
----------------------------------
| rollout/            |          |
|    ep_len_mean      | 60       |
|    ep_rew_mean      | 22.2     |
|    exploration_rate | 0.134    |
| time/               |          |
|    episodes         | 152      |
|    fps              | 107      |
|    time_elapsed     | 84       |
|    total_timesteps  | 9120     |
| train/              |          |
|    learning_rate    | 0.0001   |
|    loss             | 0.273    |
|    n_updates        | 507      |
----------------------------------
----------------------------------
| rollout/            |          |
|    ep_len_mean      | 60       |
|    ep_rew_mean      | 23.4     |
|    exploration_rate | 0.111    |
| time/               |          |
|    episodes         | 156      |
|    fps              | 107      |
|    time_elapsed     | 87       |
|    total_timesteps  | 9360     |
| train/              |          |
|    learning_rate    | 0.0001   |
|    loss             | 0.269    |
|    n_updates        | 522      |
----------------------------------
----------------------------------
| rollout/            |          |
|    ep_len_mean      | 60       |
|    ep_rew_mean      | 24.3     |
|    exploration_rate | 0.088    |
| time/               |          |
|    episodes         | 160      |
|    fps              | 106      |
|    time_elapsed     | 89       |
|    total_timesteps  | 9600     |
| train/              |          |
|    learning_rate    | 0.0001   |
|    loss             | 0.0903   |
|    n_updates        | 537      |
----------------------------------
----------------------------------
| rollout/            |          |
|    ep_len_mean      | 60       |
|    ep_rew_mean      | 25.9     |
|    exploration_rate | 0.0652   |
| time/               |          |
|    episodes         | 164      |
|    fps              | 106      |
|    time_elapsed     | 92       |
|    total_timesteps  | 9840     |
| train/              |          |
|    learning_rate    | 0.0001   |
|    loss             | 0.154    |
|    n_updates        | 552      |
----------------------------------
----------------------------------
| rollout/            |          |
|    ep_len_mean      | 60       |
|    ep_rew_mean      | 27       |
|    exploration_rate | 0.05     |
| time/               |          |
|    episodes         | 168      |
|    fps              | 105      |
|    time_elapsed     | 95       |
|    total_timesteps  | 10080    |
| train/              |          |
|    learning_rate    | 0.0001   |
|    loss             | 0.301    |
|    n_updates        | 567      |
----------------------------------
----------------------------------
| rollout/            |          |
|    ep_len_mean      | 60       |
|    ep_rew_mean      | 28.1     |
|    exploration_rate | 0.05     |
| time/               |          |
|    episodes         | 172      |
|    fps              | 105      |
|    time_elapsed     | 97       |
|    total_timesteps  | 10320    |
| train/              |          |
|    learning_rate    | 0.0001   |
|    loss             | 0.151    |
|    n_updates        | 582      |
----------------------------------
----------------------------------
| rollout/            |          |
|    ep_len_mean      | 60       |
|    ep_rew_mean      | 29.1     |
|    exploration_rate | 0.05     |
| time/               |          |
|    episodes         | 176      |
|    fps              | 105      |
|    time_elapsed     | 100      |
|    total_timesteps  | 10560    |
| train/              |          |
|    learning_rate    | 0.0001   |
|    loss             | 0.0796   |
|    n_updates        | 597      |
----------------------------------
----------------------------------
| rollout/            |          |
|    ep_len_mean      | 60       |
|    ep_rew_mean      | 29.9     |
|    exploration_rate | 0.05     |
| time/               |          |
|    episodes         | 180      |
|    fps              | 104      |
|    time_elapsed     | 103      |
|    total_timesteps  | 10800    |
| train/              |          |
|    learning_rate    | 0.0001   |
|    loss             | 0.188    |
|    n_updates        | 612      |
----------------------------------
----------------------------------
| rollout/            |          |
|    ep_len_mean      | 60       |
|    ep_rew_mean      | 31       |
|    exploration_rate | 0.05     |
| time/               |          |
|    episodes         | 184      |
|    fps              | 104      |
|    time_elapsed     | 105      |
|    total_timesteps  | 11040    |
| train/              |          |
|    learning_rate    | 0.0001   |
|    loss             | 0.43     |
|    n_updates        | 627      |
----------------------------------
----------------------------------
| rollout/            |          |
|    ep_len_mean      | 60       |
|    ep_rew_mean      | 32.1     |
|    exploration_rate | 0.05     |
| time/               |          |
|    episodes         | 188      |
|    fps              | 104      |
|    time_elapsed     | 108      |
|    total_timesteps  | 11280    |
| train/              |          |
|    learning_rate    | 0.0001   |
|    loss             | 0.25     |
|    n_updates        | 642      |
----------------------------------
----------------------------------
| rollout/            |          |
|    ep_len_mean      | 60       |
|    ep_rew_mean      | 33       |
|    exploration_rate | 0.05     |
| time/               |          |
|    episodes         | 192      |
|    fps              | 103      |
|    time_elapsed     | 110      |
|    total_timesteps  | 11520    |
| train/              |          |
|    learning_rate    | 0.0001   |
|    loss             | 0.208    |
|    n_updates        | 657      |
----------------------------------
----------------------------------
| rollout/            |          |
|    ep_len_mean      | 60       |
|    ep_rew_mean      | 33.6     |
|    exploration_rate | 0.05     |
| time/               |          |
|    episodes         | 196      |
|    fps              | 103      |
|    time_elapsed     | 113      |
|    total_timesteps  | 11760    |
| train/              |          |
|    learning_rate    | 0.0001   |
|    loss             | 0.494    |
|    n_updates        | 672      |
----------------------------------
----------------------------------
| rollout/            |          |
|    ep_len_mean      | 60       |
|    ep_rew_mean      | 34.6     |
|    exploration_rate | 0.05     |
| time/               |          |
|    episodes         | 200      |
|    fps              | 103      |
|    time_elapsed     | 116      |
|    total_timesteps  | 12000    |
| train/              |          |
|    learning_rate    | 0.0001   |
|    loss             | 0.247    |
|    n_updates        | 687      |
----------------------------------
----------------------------------
| rollout/            |          |
|    ep_len_mean      | 60       |
|    ep_rew_mean      | 35.4     |
|    exploration_rate | 0.05     |
| time/               |          |
|    episodes         | 204      |
|    fps              | 102      |
|    time_elapsed     | 118      |
|    total_timesteps  | 12240    |
| train/              |          |
|    learning_rate    | 0.0001   |
|    loss             | 0.211    |
|    n_updates        | 702      |
----------------------------------
----------------------------------
| rollout/            |          |
|    ep_len_mean      | 60       |
|    ep_rew_mean      | 36.2     |
|    exploration_rate | 0.05     |
| time/               |          |
|    episodes         | 208      |
|    fps              | 102      |
|    time_elapsed     | 121      |
|    total_timesteps  | 12480    |
| train/              |          |
|    learning_rate    | 0.0001   |
|    loss             | 0.148    |
|    n_updates        | 717      |
----------------------------------
----------------------------------
| rollout/            |          |
|    ep_len_mean      | 60       |
|    ep_rew_mean      | 37       |
|    exploration_rate | 0.05     |
| time/               |          |
|    episodes         | 212      |
|    fps              | 102      |
|    time_elapsed     | 124      |
|    total_timesteps  | 12720    |
| train/              |          |
|    learning_rate    | 0.0001   |
|    loss             | 0.271    |
|    n_updates        | 732      |
----------------------------------
----------------------------------
| rollout/            |          |
|    ep_len_mean      | 60       |
|    ep_rew_mean      | 37.6     |
|    exploration_rate | 0.05     |
| time/               |          |
|    episodes         | 216      |
|    fps              | 102      |
|    time_elapsed     | 126      |
|    total_timesteps  | 12960    |
| train/              |          |
|    learning_rate    | 0.0001   |
|    loss             | 0.201    |
|    n_updates        | 747      |
----------------------------------
----------------------------------
| rollout/            |          |
|    ep_len_mean      | 60       |
|    ep_rew_mean      | 38.2     |
|    exploration_rate | 0.05     |
| time/               |          |
|    episodes         | 220      |
|    fps              | 101      |
|    time_elapsed     | 129      |
|    total_timesteps  | 13200    |
| train/              |          |
|    learning_rate    | 0.0001   |
|    loss             | 0.24     |
|    n_updates        | 762      |
----------------------------------
----------------------------------
| rollout/            |          |
|    ep_len_mean      | 60       |
|    ep_rew_mean      | 38.6     |
|    exploration_rate | 0.05     |
| time/               |          |
|    episodes         | 224      |
|    fps              | 101      |
|    time_elapsed     | 132      |
|    total_timesteps  | 13440    |
| train/              |          |
|    learning_rate    | 0.0001   |
|    loss             | 0.167    |
|    n_updates        | 777      |
----------------------------------
----------------------------------
| rollout/            |          |
|    ep_len_mean      | 60       |
|    ep_rew_mean      | 39.1     |
|    exploration_rate | 0.05     |
| time/               |          |
|    episodes         | 228      |
|    fps              | 101      |
|    time_elapsed     | 134      |
|    total_timesteps  | 13680    |
| train/              |          |
|    learning_rate    | 0.0001   |
|    loss             | 0.177    |
|    n_updates        | 792      |
----------------------------------
----------------------------------
| rollout/            |          |
|    ep_len_mean      | 60       |
|    ep_rew_mean      | 39.5     |
|    exploration_rate | 0.05     |
| time/               |          |
|    episodes         | 232      |
|    fps              | 101      |
|    time_elapsed     | 137      |
|    total_timesteps  | 13920    |
| train/              |          |
|    learning_rate    | 0.0001   |
|    loss             | 0.522    |
|    n_updates        | 807      |
----------------------------------
----------------------------------
| rollout/            |          |
|    ep_len_mean      | 60       |
|    ep_rew_mean      | 40.1     |
|    exploration_rate | 0.05     |
| time/               |          |
|    episodes         | 236      |
|    fps              | 100      |
|    time_elapsed     | 140      |
|    total_timesteps  | 14160    |
| train/              |          |
|    learning_rate    | 0.0001   |
|    loss             | 0.35     |
|    n_updates        | 822      |
----------------------------------
----------------------------------
| rollout/            |          |
|    ep_len_mean      | 60       |
|    ep_rew_mean      | 40.4     |
|    exploration_rate | 0.05     |
| time/               |          |
|    episodes         | 240      |
|    fps              | 100      |
|    time_elapsed     | 142      |
|    total_timesteps  | 14400    |
| train/              |          |
|    learning_rate    | 0.0001   |
|    loss             | 0.309    |
|    n_updates        | 837      |
----------------------------------
----------------------------------
| rollout/            |          |
|    ep_len_mean      | 60       |
|    ep_rew_mean      | 40.6     |
|    exploration_rate | 0.05     |
| time/               |          |
|    episodes         | 244      |
|    fps              | 100      |
|    time_elapsed     | 145      |
|    total_timesteps  | 14640    |
| train/              |          |
|    learning_rate    | 0.0001   |
|    loss             | 0.298    |
|    n_updates        | 852      |
----------------------------------
----------------------------------
| rollout/            |          |
|    ep_len_mean      | 60       |
|    ep_rew_mean      | 40.8     |
|    exploration_rate | 0.05     |
| time/               |          |
|    episodes         | 248      |
|    fps              | 100      |
|    time_elapsed     | 148      |
|    total_timesteps  | 14880    |
| train/              |          |
|    learning_rate    | 0.0001   |
|    loss             | 0.247    |
|    n_updates        | 867      |
----------------------------------
----------------------------------
| rollout/            |          |
|    ep_len_mean      | 60       |
|    ep_rew_mean      | 41.1     |
|    exploration_rate | 0.05     |
| time/               |          |
|    episodes         | 252      |
|    fps              | 100      |
|    time_elapsed     | 150      |
|    total_timesteps  | 15120    |
| train/              |          |
|    learning_rate    | 0.0001   |
|    loss             | 0.429    |
|    n_updates        | 882      |
----------------------------------
----------------------------------
| rollout/            |          |
|    ep_len_mean      | 60       |
|    ep_rew_mean      | 41.2     |
|    exploration_rate | 0.05     |
| time/               |          |
|    episodes         | 256      |
|    fps              | 100      |
|    time_elapsed     | 153      |
|    total_timesteps  | 15360    |
| train/              |          |
|    learning_rate    | 0.0001   |
|    loss             | 0.372    |
|    n_updates        | 897      |
----------------------------------
----------------------------------
| rollout/            |          |
|    ep_len_mean      | 60       |
|    ep_rew_mean      | 41.5     |
|    exploration_rate | 0.05     |
| time/               |          |
|    episodes         | 260      |
|    fps              | 99       |
|    time_elapsed     | 156      |
|    total_timesteps  | 15600    |
| train/              |          |
|    learning_rate    | 0.0001   |
|    loss             | 0.519    |
|    n_updates        | 912      |
----------------------------------
----------------------------------
| rollout/            |          |
|    ep_len_mean      | 60       |
|    ep_rew_mean      | 41.5     |
|    exploration_rate | 0.05     |
| time/               |          |
|    episodes         | 264      |
|    fps              | 99       |
|    time_elapsed     | 158      |
|    total_timesteps  | 15840    |
| train/              |          |
|    learning_rate    | 0.0001   |
|    loss             | 0.441    |
|    n_updates        | 927      |
----------------------------------
----------------------------------
| rollout/            |          |
|    ep_len_mean      | 60       |
|    ep_rew_mean      | 41.5     |
|    exploration_rate | 0.05     |
| time/               |          |
|    episodes         | 268      |
|    fps              | 99       |
|    time_elapsed     | 161      |
|    total_timesteps  | 16080    |
| train/              |          |
|    learning_rate    | 0.0001   |
|    loss             | 0.742    |
|    n_updates        | 942      |
----------------------------------
----------------------------------
| rollout/            |          |
|    ep_len_mean      | 60       |
|    ep_rew_mean      | 41.6     |
|    exploration_rate | 0.05     |
| time/               |          |
|    episodes         | 272      |
|    fps              | 99       |
|    time_elapsed     | 164      |
|    total_timesteps  | 16320    |
| train/              |          |
|    learning_rate    | 0.0001   |
|    loss             | 0.559    |
|    n_updates        | 957      |
----------------------------------
----------------------------------
| rollout/            |          |
|    ep_len_mean      | 60       |
|    ep_rew_mean      | 41.7     |
|    exploration_rate | 0.05     |
| time/               |          |
|    episodes         | 276      |
|    fps              | 99       |
|    time_elapsed     | 166      |
|    total_timesteps  | 16560    |
| train/              |          |
|    learning_rate    | 0.0001   |
|    loss             | 0.225    |
|    n_updates        | 972      |
----------------------------------
----------------------------------
| rollout/            |          |
|    ep_len_mean      | 60       |
|    ep_rew_mean      | 41.7     |
|    exploration_rate | 0.05     |
| time/               |          |
|    episodes         | 280      |
|    fps              | 99       |
|    time_elapsed     | 169      |
|    total_timesteps  | 16800    |
| train/              |          |
|    learning_rate    | 0.0001   |
|    loss             | 0.384    |
|    n_updates        | 987      |
----------------------------------
----------------------------------
| rollout/            |          |
|    ep_len_mean      | 60       |
|    ep_rew_mean      | 41.7     |
|    exploration_rate | 0.05     |
| time/               |          |
|    episodes         | 284      |
|    fps              | 98       |
|    time_elapsed     | 172      |
|    total_timesteps  | 17040    |
| train/              |          |
|    learning_rate    | 0.0001   |
|    loss             | 0.449    |
|    n_updates        | 1002     |
----------------------------------
----------------------------------
| rollout/            |          |
|    ep_len_mean      | 60       |
|    ep_rew_mean      | 41.6     |
|    exploration_rate | 0.05     |
| time/               |          |
|    episodes         | 288      |
|    fps              | 98       |
|    time_elapsed     | 174      |
|    total_timesteps  | 17280    |
| train/              |          |
|    learning_rate    | 0.0001   |
|    loss             | 0.397    |
|    n_updates        | 1017     |
----------------------------------
----------------------------------
| rollout/            |          |
|    ep_len_mean      | 60       |
|    ep_rew_mean      | 41.4     |
|    exploration_rate | 0.05     |
| time/               |          |
|    episodes         | 292      |
|    fps              | 98       |
|    time_elapsed     | 177      |
|    total_timesteps  | 17520    |
| train/              |          |
|    learning_rate    | 0.0001   |
|    loss             | 0.491    |
|    n_updates        | 1032     |
----------------------------------
----------------------------------
| rollout/            |          |
|    ep_len_mean      | 60       |
|    ep_rew_mean      | 41.5     |
|    exploration_rate | 0.05     |
| time/               |          |
|    episodes         | 296      |
|    fps              | 98       |
|    time_elapsed     | 180      |
|    total_timesteps  | 17760    |
| train/              |          |
|    learning_rate    | 0.0001   |
|    loss             | 0.581    |
|    n_updates        | 1047     |
----------------------------------
----------------------------------
| rollout/            |          |
|    ep_len_mean      | 60       |
|    ep_rew_mean      | 41.4     |
|    exploration_rate | 0.05     |
| time/               |          |
|    episodes         | 300      |
|    fps              | 98       |
|    time_elapsed     | 182      |
|    total_timesteps  | 18000    |
| train/              |          |
|    learning_rate    | 0.0001   |
|    loss             | 0.338    |
|    n_updates        | 1062     |
----------------------------------
----------------------------------
| rollout/            |          |
|    ep_len_mean      | 60       |
|    ep_rew_mean      | 41.5     |
|    exploration_rate | 0.05     |
| time/               |          |
|    episodes         | 304      |
|    fps              | 98       |
|    time_elapsed     | 185      |
|    total_timesteps  | 18240    |
| train/              |          |
|    learning_rate    | 0.0001   |
|    loss             | 0.68     |
|    n_updates        | 1077     |
----------------------------------
----------------------------------
| rollout/            |          |
|    ep_len_mean      | 60       |
|    ep_rew_mean      | 41.3     |
|    exploration_rate | 0.05     |
| time/               |          |
|    episodes         | 308      |
|    fps              | 98       |
|    time_elapsed     | 187      |
|    total_timesteps  | 18480    |
| train/              |          |
|    learning_rate    | 0.0001   |
|    loss             | 0.183    |
|    n_updates        | 1092     |
----------------------------------
----------------------------------
| rollout/            |          |
|    ep_len_mean      | 60       |
|    ep_rew_mean      | 41.4     |
|    exploration_rate | 0.05     |
| time/               |          |
|    episodes         | 312      |
|    fps              | 98       |
|    time_elapsed     | 190      |
|    total_timesteps  | 18720    |
| train/              |          |
|    learning_rate    | 0.0001   |
|    loss             | 0.246    |
|    n_updates        | 1107     |
----------------------------------
----------------------------------
| rollout/            |          |
|    ep_len_mean      | 60       |
|    ep_rew_mean      | 41.5     |
|    exploration_rate | 0.05     |
| time/               |          |
|    episodes         | 316      |
|    fps              | 98       |
|    time_elapsed     | 193      |
|    total_timesteps  | 18960    |
| train/              |          |
|    learning_rate    | 0.0001   |
|    loss             | 0.639    |
|    n_updates        | 1122     |
----------------------------------
----------------------------------
| rollout/            |          |
|    ep_len_mean      | 60       |
|    ep_rew_mean      | 41.5     |
|    exploration_rate | 0.05     |
| time/               |          |
|    episodes         | 320      |
|    fps              | 98       |
|    time_elapsed     | 195      |
|    total_timesteps  | 19200    |
| train/              |          |
|    learning_rate    | 0.0001   |
|    loss             | 0.472    |
|    n_updates        | 1137     |
----------------------------------
----------------------------------
| rollout/            |          |
|    ep_len_mean      | 60       |
|    ep_rew_mean      | 41.5     |
|    exploration_rate | 0.05     |
| time/               |          |
|    episodes         | 324      |
|    fps              | 97       |
|    time_elapsed     | 198      |
|    total_timesteps  | 19440    |
| train/              |          |
|    learning_rate    | 0.0001   |
|    loss             | 0.4      |
|    n_updates        | 1152     |
----------------------------------
----------------------------------
| rollout/            |          |
|    ep_len_mean      | 60       |
|    ep_rew_mean      | 41.5     |
|    exploration_rate | 0.05     |
| time/               |          |
|    episodes         | 328      |
|    fps              | 97       |
|    time_elapsed     | 201      |
|    total_timesteps  | 19680    |
| train/              |          |
|    learning_rate    | 0.0001   |
|    loss             | 0.292    |
|    n_updates        | 1167     |
----------------------------------
----------------------------------
| rollout/            |          |
|    ep_len_mean      | 60       |
|    ep_rew_mean      | 41.6     |
|    exploration_rate | 0.05     |
| time/               |          |
|    episodes         | 332      |
|    fps              | 97       |
|    time_elapsed     | 203      |
|    total_timesteps  | 19920    |
| train/              |          |
|    learning_rate    | 0.0001   |
|    loss             | 0.268    |
|    n_updates        | 1182     |
----------------------------------
----------------------------------
| rollout/            |          |
|    ep_len_mean      | 60       |
|    ep_rew_mean      | 41.4     |
|    exploration_rate | 0.05     |
| time/               |          |
|    episodes         | 336      |
|    fps              | 97       |
|    time_elapsed     | 206      |
|    total_timesteps  | 20160    |
| train/              |          |
|    learning_rate    | 0.0001   |
|    loss             | 0.645    |
|    n_updates        | 1197     |
----------------------------------
----------------------------------
| rollout/            |          |
|    ep_len_mean      | 60       |
|    ep_rew_mean      | 41.3     |
|    exploration_rate | 0.05     |
| time/               |          |
|    episodes         | 340      |
|    fps              | 97       |
|    time_elapsed     | 208      |
|    total_timesteps  | 20400    |
| train/              |          |
|    learning_rate    | 0.0001   |
|    loss             | 0.316    |
|    n_updates        | 1212     |
----------------------------------
----------------------------------
| rollout/            |          |
|    ep_len_mean      | 60       |
|    ep_rew_mean      | 41.5     |
|    exploration_rate | 0.05     |
| time/               |          |
|    episodes         | 344      |
|    fps              | 97       |
|    time_elapsed     | 211      |
|    total_timesteps  | 20640    |
| train/              |          |
|    learning_rate    | 0.0001   |
|    loss             | 0.401    |
|    n_updates        | 1227     |
----------------------------------
----------------------------------
| rollout/            |          |
|    ep_len_mean      | 60       |
|    ep_rew_mean      | 41.5     |
|    exploration_rate | 0.05     |
| time/               |          |
|    episodes         | 348      |
|    fps              | 97       |
|    time_elapsed     | 214      |
|    total_timesteps  | 20880    |
| train/              |          |
|    learning_rate    | 0.0001   |
|    loss             | 0.191    |
|    n_updates        | 1242     |
----------------------------------
----------------------------------
| rollout/            |          |
|    ep_len_mean      | 60       |
|    ep_rew_mean      | 41.5     |
|    exploration_rate | 0.05     |
| time/               |          |
|    episodes         | 352      |
|    fps              | 97       |
|    time_elapsed     | 216      |
|    total_timesteps  | 21120    |
| train/              |          |
|    learning_rate    | 0.0001   |
|    loss             | 0.711    |
|    n_updates        | 1257     |
----------------------------------
----------------------------------
| rollout/            |          |
|    ep_len_mean      | 60       |
|    ep_rew_mean      | 41.6     |
|    exploration_rate | 0.05     |
| time/               |          |
|    episodes         | 356      |
|    fps              | 97       |
|    time_elapsed     | 219      |
|    total_timesteps  | 21360    |
| train/              |          |
|    learning_rate    | 0.0001   |
|    loss             | 0.202    |
|    n_updates        | 1272     |
----------------------------------
----------------------------------
| rollout/            |          |
|    ep_len_mean      | 60       |
|    ep_rew_mean      | 41.5     |
|    exploration_rate | 0.05     |
| time/               |          |
|    episodes         | 360      |
|    fps              | 97       |
|    time_elapsed     | 222      |
|    total_timesteps  | 21600    |
| train/              |          |
|    learning_rate    | 0.0001   |
|    loss             | 0.239    |
|    n_updates        | 1287     |
----------------------------------
----------------------------------
| rollout/            |          |
|    ep_len_mean      | 60       |
|    ep_rew_mean      | 41.6     |
|    exploration_rate | 0.05     |
| time/               |          |
|    episodes         | 364      |
|    fps              | 97       |
|    time_elapsed     | 225      |
|    total_timesteps  | 21840    |
| train/              |          |
|    learning_rate    | 0.0001   |
|    loss             | 0.298    |
|    n_updates        | 1302     |
----------------------------------
----------------------------------
| rollout/            |          |
|    ep_len_mean      | 60       |
|    ep_rew_mean      | 41.4     |
|    exploration_rate | 0.05     |
| time/               |          |
|    episodes         | 368      |
|    fps              | 97       |
|    time_elapsed     | 227      |
|    total_timesteps  | 22080    |
| train/              |          |
|    learning_rate    | 0.0001   |
|    loss             | 0.451    |
|    n_updates        | 1317     |
----------------------------------
----------------------------------
| rollout/            |          |
|    ep_len_mean      | 60       |
|    ep_rew_mean      | 41.4     |
|    exploration_rate | 0.05     |
| time/               |          |
|    episodes         | 372      |
|    fps              | 96       |
|    time_elapsed     | 230      |
|    total_timesteps  | 22320    |
| train/              |          |
|    learning_rate    | 0.0001   |
|    loss             | 0.435    |
|    n_updates        | 1332     |
----------------------------------
----------------------------------
| rollout/            |          |
|    ep_len_mean      | 60       |
|    ep_rew_mean      | 41.5     |
|    exploration_rate | 0.05     |
| time/               |          |
|    episodes         | 376      |
|    fps              | 96       |
|    time_elapsed     | 232      |
|    total_timesteps  | 22560    |
| train/              |          |
|    learning_rate    | 0.0001   |
|    loss             | 0.329    |
|    n_updates        | 1347     |
----------------------------------
----------------------------------
| rollout/            |          |
|    ep_len_mean      | 60       |
|    ep_rew_mean      | 41.5     |
|    exploration_rate | 0.05     |
| time/               |          |
|    episodes         | 380      |
|    fps              | 96       |
|    time_elapsed     | 235      |
|    total_timesteps  | 22800    |
| train/              |          |
|    learning_rate    | 0.0001   |
|    loss             | 0.179    |
|    n_updates        | 1362     |
----------------------------------
----------------------------------
| rollout/            |          |
|    ep_len_mean      | 60       |
|    ep_rew_mean      | 41.5     |
|    exploration_rate | 0.05     |
| time/               |          |
|    episodes         | 384      |
|    fps              | 96       |
|    time_elapsed     | 238      |
|    total_timesteps  | 23040    |
| train/              |          |
|    learning_rate    | 0.0001   |
|    loss             | 0.531    |
|    n_updates        | 1377     |
----------------------------------
----------------------------------
| rollout/            |          |
|    ep_len_mean      | 60       |
|    ep_rew_mean      | 41.6     |
|    exploration_rate | 0.05     |
| time/               |          |
|    episodes         | 388      |
|    fps              | 96       |
|    time_elapsed     | 240      |
|    total_timesteps  | 23280    |
| train/              |          |
|    learning_rate    | 0.0001   |
|    loss             | 0.544    |
|    n_updates        | 1392     |
----------------------------------
----------------------------------
| rollout/            |          |
|    ep_len_mean      | 60       |
|    ep_rew_mean      | 41.7     |
|    exploration_rate | 0.05     |
| time/               |          |
|    episodes         | 392      |
|    fps              | 96       |
|    time_elapsed     | 243      |
|    total_timesteps  | 23520    |
| train/              |          |
|    learning_rate    | 0.0001   |
|    loss             | 0.746    |
|    n_updates        | 1407     |
----------------------------------
----------------------------------
| rollout/            |          |
|    ep_len_mean      | 60       |
|    ep_rew_mean      | 41.6     |
|    exploration_rate | 0.05     |
| time/               |          |
|    episodes         | 396      |
|    fps              | 96       |
|    time_elapsed     | 246      |
|    total_timesteps  | 23760    |
| train/              |          |
|    learning_rate    | 0.0001   |
|    loss             | 0.182    |
|    n_updates        | 1422     |
----------------------------------
----------------------------------
| rollout/            |          |
|    ep_len_mean      | 60       |
|    ep_rew_mean      | 41.7     |
|    exploration_rate | 0.05     |
| time/               |          |
|    episodes         | 400      |
|    fps              | 96       |
|    time_elapsed     | 248      |
|    total_timesteps  | 24000    |
| train/              |          |
|    learning_rate    | 0.0001   |
|    loss             | 0.291    |
|    n_updates        | 1437     |
----------------------------------
----------------------------------
| rollout/            |          |
|    ep_len_mean      | 60       |
|    ep_rew_mean      | 41.7     |
|    exploration_rate | 0.05     |
| time/               |          |
|    episodes         | 404      |
|    fps              | 96       |
|    time_elapsed     | 251      |
|    total_timesteps  | 24240    |
| train/              |          |
|    learning_rate    | 0.0001   |
|    loss             | 0.235    |
|    n_updates        | 1452     |
----------------------------------
----------------------------------
| rollout/            |          |
|    ep_len_mean      | 60       |
|    ep_rew_mean      | 41.9     |
|    exploration_rate | 0.05     |
| time/               |          |
|    episodes         | 408      |
|    fps              | 96       |
|    time_elapsed     | 254      |
|    total_timesteps  | 24480    |
| train/              |          |
|    learning_rate    | 0.0001   |
|    loss             | 0.414    |
|    n_updates        | 1467     |
----------------------------------
----------------------------------
| rollout/            |          |
|    ep_len_mean      | 60       |
|    ep_rew_mean      | 41.8     |
|    exploration_rate | 0.05     |
| time/               |          |
|    episodes         | 412      |
|    fps              | 96       |
|    time_elapsed     | 256      |
|    total_timesteps  | 24720    |
| train/              |          |
|    learning_rate    | 0.0001   |
|    loss             | 0.301    |
|    n_updates        | 1482     |
----------------------------------
----------------------------------
| rollout/            |          |
|    ep_len_mean      | 60       |
|    ep_rew_mean      | 41.7     |
|    exploration_rate | 0.05     |
| time/               |          |
|    episodes         | 416      |
|    fps              | 96       |
|    time_elapsed     | 259      |
|    total_timesteps  | 24960    |
| train/              |          |
|    learning_rate    | 0.0001   |
|    loss             | 0.324    |
|    n_updates        | 1497     |
----------------------------------
----------------------------------
| rollout/            |          |
|    ep_len_mean      | 60       |
|    ep_rew_mean      | 41.8     |
|    exploration_rate | 0.05     |
| time/               |          |
|    episodes         | 420      |
|    fps              | 96       |
|    time_elapsed     | 262      |
|    total_timesteps  | 25200    |
| train/              |          |
|    learning_rate    | 0.0001   |
|    loss             | 0.39     |
|    n_updates        | 1512     |
----------------------------------
----------------------------------
| rollout/            |          |
|    ep_len_mean      | 60       |
|    ep_rew_mean      | 41.8     |
|    exploration_rate | 0.05     |
| time/               |          |
|    episodes         | 424      |
|    fps              | 96       |
|    time_elapsed     | 264      |
|    total_timesteps  | 25440    |
| train/              |          |
|    learning_rate    | 0.0001   |
|    loss             | 0.703    |
|    n_updates        | 1527     |
----------------------------------
----------------------------------
| rollout/            |          |
|    ep_len_mean      | 60       |
|    ep_rew_mean      | 41.6     |
|    exploration_rate | 0.05     |
| time/               |          |
|    episodes         | 428      |
|    fps              | 96       |
|    time_elapsed     | 267      |
|    total_timesteps  | 25680    |
| train/              |          |
|    learning_rate    | 0.0001   |
|    loss             | 0.205    |
|    n_updates        | 1542     |
----------------------------------
----------------------------------
| rollout/            |          |
|    ep_len_mean      | 60       |
|    ep_rew_mean      | 41.6     |
|    exploration_rate | 0.05     |
| time/               |          |
|    episodes         | 432      |
|    fps              | 95       |
|    time_elapsed     | 270      |
|    total_timesteps  | 25920    |
| train/              |          |
|    learning_rate    | 0.0001   |
|    loss             | 0.482    |
|    n_updates        | 1557     |
----------------------------------
----------------------------------
| rollout/            |          |
|    ep_len_mean      | 60       |
|    ep_rew_mean      | 41.7     |
|    exploration_rate | 0.05     |
| time/               |          |
|    episodes         | 436      |
|    fps              | 95       |
|    time_elapsed     | 272      |
|    total_timesteps  | 26160    |
| train/              |          |
|    learning_rate    | 0.0001   |
|    loss             | 0.306    |
|    n_updates        | 1572     |
----------------------------------
----------------------------------
| rollout/            |          |
|    ep_len_mean      | 60       |
|    ep_rew_mean      | 41.8     |
|    exploration_rate | 0.05     |
| time/               |          |
|    episodes         | 440      |
|    fps              | 95       |
|    time_elapsed     | 275      |
|    total_timesteps  | 26400    |
| train/              |          |
|    learning_rate    | 0.0001   |
|    loss             | 0.258    |
|    n_updates        | 1587     |
----------------------------------
----------------------------------
| rollout/            |          |
|    ep_len_mean      | 60       |
|    ep_rew_mean      | 41.9     |
|    exploration_rate | 0.05     |
| time/               |          |
|    episodes         | 444      |
|    fps              | 95       |
|    time_elapsed     | 277      |
|    total_timesteps  | 26640    |
| train/              |          |
|    learning_rate    | 0.0001   |
|    loss             | 0.621    |
|    n_updates        | 1602     |
----------------------------------
----------------------------------
| rollout/            |          |
|    ep_len_mean      | 60       |
|    ep_rew_mean      | 41.9     |
|    exploration_rate | 0.05     |
| time/               |          |
|    episodes         | 448      |
|    fps              | 95       |
|    time_elapsed     | 280      |
|    total_timesteps  | 26880    |
| train/              |          |
|    learning_rate    | 0.0001   |
|    loss             | 0.815    |
|    n_updates        | 1617     |
----------------------------------
----------------------------------
| rollout/            |          |
|    ep_len_mean      | 60       |
|    ep_rew_mean      | 41.7     |
|    exploration_rate | 0.05     |
| time/               |          |
|    episodes         | 452      |
|    fps              | 95       |
|    time_elapsed     | 283      |
|    total_timesteps  | 27120    |
| train/              |          |
|    learning_rate    | 0.0001   |
|    loss             | 0.434    |
|    n_updates        | 1632     |
----------------------------------
----------------------------------
| rollout/            |          |
|    ep_len_mean      | 60       |
|    ep_rew_mean      | 41.5     |
|    exploration_rate | 0.05     |
| time/               |          |
|    episodes         | 456      |
|    fps              | 95       |
|    time_elapsed     | 285      |
|    total_timesteps  | 27360    |
| train/              |          |
|    learning_rate    | 0.0001   |
|    loss             | 0.371    |
|    n_updates        | 1647     |
----------------------------------
----------------------------------
| rollout/            |          |
|    ep_len_mean      | 60       |
|    ep_rew_mean      | 41.6     |
|    exploration_rate | 0.05     |
| time/               |          |
|    episodes         | 460      |
|    fps              | 95       |
|    time_elapsed     | 288      |
|    total_timesteps  | 27600    |
| train/              |          |
|    learning_rate    | 0.0001   |
|    loss             | 0.38     |
|    n_updates        | 1662     |
----------------------------------
----------------------------------
| rollout/            |          |
|    ep_len_mean      | 60       |
|    ep_rew_mean      | 41.6     |
|    exploration_rate | 0.05     |
| time/               |          |
|    episodes         | 464      |
|    fps              | 95       |
|    time_elapsed     | 291      |
|    total_timesteps  | 27840    |
| train/              |          |
|    learning_rate    | 0.0001   |
|    loss             | 0.56     |
|    n_updates        | 1677     |
----------------------------------
----------------------------------
| rollout/            |          |
|    ep_len_mean      | 60       |
|    ep_rew_mean      | 41.6     |
|    exploration_rate | 0.05     |
| time/               |          |
|    episodes         | 468      |
|    fps              | 95       |
|    time_elapsed     | 293      |
|    total_timesteps  | 28080    |
| train/              |          |
|    learning_rate    | 0.0001   |
|    loss             | 0.811    |
|    n_updates        | 1692     |
----------------------------------
----------------------------------
| rollout/            |          |
|    ep_len_mean      | 60       |
|    ep_rew_mean      | 41.5     |
|    exploration_rate | 0.05     |
| time/               |          |
|    episodes         | 472      |
|    fps              | 95       |
|    time_elapsed     | 296      |
|    total_timesteps  | 28320    |
| train/              |          |
|    learning_rate    | 0.0001   |
|    loss             | 0.368    |
|    n_updates        | 1707     |
----------------------------------
----------------------------------
| rollout/            |          |
|    ep_len_mean      | 60       |
|    ep_rew_mean      | 41.5     |
|    exploration_rate | 0.05     |
| time/               |          |
|    episodes         | 476      |
|    fps              | 95       |
|    time_elapsed     | 299      |
|    total_timesteps  | 28560    |
| train/              |          |
|    learning_rate    | 0.0001   |
|    loss             | 0.32     |
|    n_updates        | 1722     |
----------------------------------
----------------------------------
| rollout/            |          |
|    ep_len_mean      | 60       |
|    ep_rew_mean      | 41.5     |
|    exploration_rate | 0.05     |
| time/               |          |
|    episodes         | 480      |
|    fps              | 95       |
|    time_elapsed     | 301      |
|    total_timesteps  | 28800    |
| train/              |          |
|    learning_rate    | 0.0001   |
|    loss             | 0.686    |
|    n_updates        | 1737     |
----------------------------------
----------------------------------
| rollout/            |          |
|    ep_len_mean      | 60       |
|    ep_rew_mean      | 41.5     |
|    exploration_rate | 0.05     |
| time/               |          |
|    episodes         | 484      |
|    fps              | 95       |
|    time_elapsed     | 304      |
|    total_timesteps  | 29040    |
| train/              |          |
|    learning_rate    | 0.0001   |
|    loss             | 0.529    |
|    n_updates        | 1752     |
----------------------------------
----------------------------------
| rollout/            |          |
|    ep_len_mean      | 60       |
|    ep_rew_mean      | 41.5     |
|    exploration_rate | 0.05     |
| time/               |          |
|    episodes         | 488      |
|    fps              | 95       |
|    time_elapsed     | 307      |
|    total_timesteps  | 29280    |
| train/              |          |
|    learning_rate    | 0.0001   |
|    loss             | 0.749    |
|    n_updates        | 1767     |
----------------------------------
----------------------------------
| rollout/            |          |
|    ep_len_mean      | 60       |
|    ep_rew_mean      | 41.5     |
|    exploration_rate | 0.05     |
| time/               |          |
|    episodes         | 492      |
|    fps              | 95       |
|    time_elapsed     | 309      |
|    total_timesteps  | 29520    |
| train/              |          |
|    learning_rate    | 0.0001   |
|    loss             | 0.286    |
|    n_updates        | 1782     |
----------------------------------
----------------------------------
| rollout/            |          |
|    ep_len_mean      | 60       |
|    ep_rew_mean      | 41.6     |
|    exploration_rate | 0.05     |
| time/               |          |
|    episodes         | 496      |
|    fps              | 95       |
|    time_elapsed     | 312      |
|    total_timesteps  | 29760    |
| train/              |          |
|    learning_rate    | 0.0001   |
|    loss             | 0.834    |
|    n_updates        | 1797     |
----------------------------------
----------------------------------
| rollout/            |          |
|    ep_len_mean      | 60       |
|    ep_rew_mean      | 41.5     |
|    exploration_rate | 0.05     |
| time/               |          |
|    episodes         | 500      |
|    fps              | 95       |
|    time_elapsed     | 315      |
|    total_timesteps  | 30000    |
| train/              |          |
|    learning_rate    | 0.0001   |
|    loss             | 0.198    |
|    n_updates        | 1812     |
----------------------------------
----------------------------------
| rollout/            |          |
|    ep_len_mean      | 60       |
|    ep_rew_mean      | 41.7     |
|    exploration_rate | 0.05     |
| time/               |          |
|    episodes         | 504      |
|    fps              | 95       |
|    time_elapsed     | 317      |
|    total_timesteps  | 30240    |
| train/              |          |
|    learning_rate    | 0.0001   |
|    loss             | 0.284    |
|    n_updates        | 1827     |
----------------------------------
----------------------------------
| rollout/            |          |
|    ep_len_mean      | 60       |
|    ep_rew_mean      | 41.7     |
|    exploration_rate | 0.05     |
| time/               |          |
|    episodes         | 508      |
|    fps              | 95       |
|    time_elapsed     | 320      |
|    total_timesteps  | 30480    |
| train/              |          |
|    learning_rate    | 0.0001   |
|    loss             | 0.511    |
|    n_updates        | 1842     |
----------------------------------
----------------------------------
| rollout/            |          |
|    ep_len_mean      | 60       |
|    ep_rew_mean      | 41.6     |
|    exploration_rate | 0.05     |
| time/               |          |
|    episodes         | 512      |
|    fps              | 95       |
|    time_elapsed     | 323      |
|    total_timesteps  | 30720    |
| train/              |          |
|    learning_rate    | 0.0001   |
|    loss             | 0.263    |
|    n_updates        | 1857     |
----------------------------------
----------------------------------
| rollout/            |          |
|    ep_len_mean      | 60       |
|    ep_rew_mean      | 41.8     |
|    exploration_rate | 0.05     |
| time/               |          |
|    episodes         | 516      |
|    fps              | 95       |
|    time_elapsed     | 325      |
|    total_timesteps  | 30960    |
| train/              |          |
|    learning_rate    | 0.0001   |
|    loss             | 0.621    |
|    n_updates        | 1872     |
----------------------------------
----------------------------------
| rollout/            |          |
|    ep_len_mean      | 60       |
|    ep_rew_mean      | 41.8     |
|    exploration_rate | 0.05     |
| time/               |          |
|    episodes         | 520      |
|    fps              | 94       |
|    time_elapsed     | 328      |
|    total_timesteps  | 31200    |
| train/              |          |
|    learning_rate    | 0.0001   |
|    loss             | 0.388    |
|    n_updates        | 1887     |
----------------------------------
----------------------------------
| rollout/            |          |
|    ep_len_mean      | 60       |
|    ep_rew_mean      | 41.8     |
|    exploration_rate | 0.05     |
| time/               |          |
|    episodes         | 524      |
|    fps              | 94       |
|    time_elapsed     | 331      |
|    total_timesteps  | 31440    |
| train/              |          |
|    learning_rate    | 0.0001   |
|    loss             | 0.367    |
|    n_updates        | 1902     |
----------------------------------
----------------------------------
| rollout/            |          |
|    ep_len_mean      | 60       |
|    ep_rew_mean      | 41.7     |
|    exploration_rate | 0.05     |
| time/               |          |
|    episodes         | 528      |
|    fps              | 94       |
|    time_elapsed     | 333      |
|    total_timesteps  | 31680    |
| train/              |          |
|    learning_rate    | 0.0001   |
|    loss             | 1.01     |
|    n_updates        | 1917     |
----------------------------------
----------------------------------
| rollout/            |          |
|    ep_len_mean      | 60       |
|    ep_rew_mean      | 41.7     |
|    exploration_rate | 0.05     |
| time/               |          |
|    episodes         | 532      |
|    fps              | 94       |
|    time_elapsed     | 336      |
|    total_timesteps  | 31920    |
| train/              |          |
|    learning_rate    | 0.0001   |
|    loss             | 0.364    |
|    n_updates        | 1932     |
----------------------------------
----------------------------------
| rollout/            |          |
|    ep_len_mean      | 60       |
|    ep_rew_mean      | 41.8     |
|    exploration_rate | 0.05     |
| time/               |          |
|    episodes         | 536      |
|    fps              | 94       |
|    time_elapsed     | 338      |
|    total_timesteps  | 32160    |
| train/              |          |
|    learning_rate    | 0.0001   |
|    loss             | 0.553    |
|    n_updates        | 1947     |
----------------------------------
----------------------------------
| rollout/            |          |
|    ep_len_mean      | 60       |
|    ep_rew_mean      | 41.7     |
|    exploration_rate | 0.05     |
| time/               |          |
|    episodes         | 540      |
|    fps              | 94       |
|    time_elapsed     | 341      |
|    total_timesteps  | 32400    |
| train/              |          |
|    learning_rate    | 0.0001   |
|    loss             | 0.311    |
|    n_updates        | 1962     |
----------------------------------
----------------------------------
| rollout/            |          |
|    ep_len_mean      | 60       |
|    ep_rew_mean      | 41.6     |
|    exploration_rate | 0.05     |
| time/               |          |
|    episodes         | 544      |
|    fps              | 94       |
|    time_elapsed     | 344      |
|    total_timesteps  | 32640    |
| train/              |          |
|    learning_rate    | 0.0001   |
|    loss             | 0.402    |
|    n_updates        | 1977     |
----------------------------------
----------------------------------
| rollout/            |          |
|    ep_len_mean      | 60       |
|    ep_rew_mean      | 41.7     |
|    exploration_rate | 0.05     |
| time/               |          |
|    episodes         | 548      |
|    fps              | 94       |
|    time_elapsed     | 347      |
|    total_timesteps  | 32880    |
| train/              |          |
|    learning_rate    | 0.0001   |
|    loss             | 0.294    |
|    n_updates        | 1992     |
----------------------------------
----------------------------------
| rollout/            |          |
|    ep_len_mean      | 60       |
|    ep_rew_mean      | 41.8     |
|    exploration_rate | 0.05     |
| time/               |          |
|    episodes         | 552      |
|    fps              | 94       |
|    time_elapsed     | 349      |
|    total_timesteps  | 33120    |
| train/              |          |
|    learning_rate    | 0.0001   |
|    loss             | 0.578    |
|    n_updates        | 2007     |
----------------------------------
----------------------------------
| rollout/            |          |
|    ep_len_mean      | 60       |
|    ep_rew_mean      | 42       |
|    exploration_rate | 0.05     |
| time/               |          |
|    episodes         | 556      |
|    fps              | 94       |
|    time_elapsed     | 352      |
|    total_timesteps  | 33360    |
| train/              |          |
|    learning_rate    | 0.0001   |
|    loss             | 0.58     |
|    n_updates        | 2022     |
----------------------------------
----------------------------------
| rollout/            |          |
|    ep_len_mean      | 60       |
|    ep_rew_mean      | 42       |
|    exploration_rate | 0.05     |
| time/               |          |
|    episodes         | 560      |
|    fps              | 94       |
|    time_elapsed     | 354      |
|    total_timesteps  | 33600    |
| train/              |          |
|    learning_rate    | 0.0001   |
|    loss             | 1.56     |
|    n_updates        | 2037     |
----------------------------------
----------------------------------
| rollout/            |          |
|    ep_len_mean      | 60       |
|    ep_rew_mean      | 41.9     |
|    exploration_rate | 0.05     |
| time/               |          |
|    episodes         | 564      |
|    fps              | 94       |
|    time_elapsed     | 357      |
|    total_timesteps  | 33840    |
| train/              |          |
|    learning_rate    | 0.0001   |
|    loss             | 0.7      |
|    n_updates        | 2052     |
----------------------------------
----------------------------------
| rollout/            |          |
|    ep_len_mean      | 60       |
|    ep_rew_mean      | 41.9     |
|    exploration_rate | 0.05     |
| time/               |          |
|    episodes         | 568      |
|    fps              | 94       |
|    time_elapsed     | 360      |
|    total_timesteps  | 34080    |
| train/              |          |
|    learning_rate    | 0.0001   |
|    loss             | 0.577    |
|    n_updates        | 2067     |
----------------------------------
----------------------------------
| rollout/            |          |
|    ep_len_mean      | 60       |
|    ep_rew_mean      | 42       |
|    exploration_rate | 0.05     |
| time/               |          |
|    episodes         | 572      |
|    fps              | 94       |
|    time_elapsed     | 362      |
|    total_timesteps  | 34320    |
| train/              |          |
|    learning_rate    | 0.0001   |
|    loss             | 0.809    |
|    n_updates        | 2082     |
----------------------------------
----------------------------------
| rollout/            |          |
|    ep_len_mean      | 60       |
|    ep_rew_mean      | 41.8     |
|    exploration_rate | 0.05     |
| time/               |          |
|    episodes         | 576      |
|    fps              | 94       |
|    time_elapsed     | 365      |
|    total_timesteps  | 34560    |
| train/              |          |
|    learning_rate    | 0.0001   |
|    loss             | 0.486    |
|    n_updates        | 2097     |
----------------------------------
----------------------------------
| rollout/            |          |
|    ep_len_mean      | 60       |
|    ep_rew_mean      | 41.8     |
|    exploration_rate | 0.05     |
| time/               |          |
|    episodes         | 580      |
|    fps              | 94       |
|    time_elapsed     | 368      |
|    total_timesteps  | 34800    |
| train/              |          |
|    learning_rate    | 0.0001   |
|    loss             | 0.781    |
|    n_updates        | 2112     |
----------------------------------
----------------------------------
| rollout/            |          |
|    ep_len_mean      | 60       |
|    ep_rew_mean      | 41.7     |
|    exploration_rate | 0.05     |
| time/               |          |
|    episodes         | 584      |
|    fps              | 94       |
|    time_elapsed     | 370      |
|    total_timesteps  | 35040    |
| train/              |          |
|    learning_rate    | 0.0001   |
|    loss             | 0.438    |
|    n_updates        | 2127     |
----------------------------------
----------------------------------
| rollout/            |          |
|    ep_len_mean      | 60       |
|    ep_rew_mean      | 41.5     |
|    exploration_rate | 0.05     |
| time/               |          |
|    episodes         | 588      |
|    fps              | 94       |
|    time_elapsed     | 373      |
|    total_timesteps  | 35280    |
| train/              |          |
|    learning_rate    | 0.0001   |
|    loss             | 0.272    |
|    n_updates        | 2142     |
----------------------------------
----------------------------------
| rollout/            |          |
|    ep_len_mean      | 60       |
|    ep_rew_mean      | 41.5     |
|    exploration_rate | 0.05     |
| time/               |          |
|    episodes         | 592      |
|    fps              | 94       |
|    time_elapsed     | 375      |
|    total_timesteps  | 35520    |
| train/              |          |
|    learning_rate    | 0.0001   |
|    loss             | 0.396    |
|    n_updates        | 2157     |
----------------------------------
----------------------------------
| rollout/            |          |
|    ep_len_mean      | 60       |
|    ep_rew_mean      | 41.6     |
|    exploration_rate | 0.05     |
| time/               |          |
|    episodes         | 596      |
|    fps              | 94       |
|    time_elapsed     | 378      |
|    total_timesteps  | 35760    |
| train/              |          |
|    learning_rate    | 0.0001   |
|    loss             | 0.226    |
|    n_updates        | 2172     |
----------------------------------
----------------------------------
| rollout/            |          |
|    ep_len_mean      | 60       |
|    ep_rew_mean      | 41.5     |
|    exploration_rate | 0.05     |
| time/               |          |
|    episodes         | 600      |
|    fps              | 94       |
|    time_elapsed     | 381      |
|    total_timesteps  | 36000    |
| train/              |          |
|    learning_rate    | 0.0001   |
|    loss             | 0.222    |
|    n_updates        | 2187     |
----------------------------------
----------------------------------
| rollout/            |          |
|    ep_len_mean      | 60       |
|    ep_rew_mean      | 41.4     |
|    exploration_rate | 0.05     |
| time/               |          |
|    episodes         | 604      |
|    fps              | 94       |
|    time_elapsed     | 383      |
|    total_timesteps  | 36240    |
| train/              |          |
|    learning_rate    | 0.0001   |
|    loss             | 0.6      |
|    n_updates        | 2202     |
----------------------------------
----------------------------------
| rollout/            |          |
|    ep_len_mean      | 60       |
|    ep_rew_mean      | 41.5     |
|    exploration_rate | 0.05     |
| time/               |          |
|    episodes         | 608      |
|    fps              | 94       |
|    time_elapsed     | 386      |
|    total_timesteps  | 36480    |
| train/              |          |
|    learning_rate    | 0.0001   |
|    loss             | 0.425    |
|    n_updates        | 2217     |
----------------------------------
----------------------------------
| rollout/            |          |
|    ep_len_mean      | 60       |
|    ep_rew_mean      | 41.5     |
|    exploration_rate | 0.05     |
| time/               |          |
|    episodes         | 612      |
|    fps              | 94       |
|    time_elapsed     | 389      |
|    total_timesteps  | 36720    |
| train/              |          |
|    learning_rate    | 0.0001   |
|    loss             | 0.584    |
|    n_updates        | 2232     |
----------------------------------
----------------------------------
| rollout/            |          |
|    ep_len_mean      | 60       |
|    ep_rew_mean      | 41.3     |
|    exploration_rate | 0.05     |
| time/               |          |
|    episodes         | 616      |
|    fps              | 94       |
|    time_elapsed     | 391      |
|    total_timesteps  | 36960    |
| train/              |          |
|    learning_rate    | 0.0001   |
|    loss             | 0.265    |
|    n_updates        | 2247     |
----------------------------------
----------------------------------
| rollout/            |          |
|    ep_len_mean      | 60       |
|    ep_rew_mean      | 41.3     |
|    exploration_rate | 0.05     |
| time/               |          |
|    episodes         | 620      |
|    fps              | 94       |
|    time_elapsed     | 394      |
|    total_timesteps  | 37200    |
| train/              |          |
|    learning_rate    | 0.0001   |
|    loss             | 0.277    |
|    n_updates        | 2262     |
----------------------------------
----------------------------------
| rollout/            |          |
|    ep_len_mean      | 60       |
|    ep_rew_mean      | 41.3     |
|    exploration_rate | 0.05     |
| time/               |          |
|    episodes         | 624      |
|    fps              | 94       |
|    time_elapsed     | 396      |
|    total_timesteps  | 37440    |
| train/              |          |
|    learning_rate    | 0.0001   |
|    loss             | 0.34     |
|    n_updates        | 2277     |
----------------------------------
----------------------------------
| rollout/            |          |
|    ep_len_mean      | 60       |
|    ep_rew_mean      | 41.4     |
|    exploration_rate | 0.05     |
| time/               |          |
|    episodes         | 628      |
|    fps              | 94       |
|    time_elapsed     | 399      |
|    total_timesteps  | 37680    |
| train/              |          |
|    learning_rate    | 0.0001   |
|    loss             | 1.4      |
|    n_updates        | 2292     |
----------------------------------
----------------------------------
| rollout/            |          |
|    ep_len_mean      | 60       |
|    ep_rew_mean      | 41.5     |
|    exploration_rate | 0.05     |
| time/               |          |
|    episodes         | 632      |
|    fps              | 94       |
|    time_elapsed     | 402      |
|    total_timesteps  | 37920    |
| train/              |          |
|    learning_rate    | 0.0001   |
|    loss             | 0.246    |
|    n_updates        | 2307     |
----------------------------------
----------------------------------
| rollout/            |          |
|    ep_len_mean      | 60       |
|    ep_rew_mean      | 41.3     |
|    exploration_rate | 0.05     |
| time/               |          |
|    episodes         | 636      |
|    fps              | 94       |
|    time_elapsed     | 404      |
|    total_timesteps  | 38160    |
| train/              |          |
|    learning_rate    | 0.0001   |
|    loss             | 0.262    |
|    n_updates        | 2322     |
----------------------------------
----------------------------------
| rollout/            |          |
|    ep_len_mean      | 60       |
|    ep_rew_mean      | 41.5     |
|    exploration_rate | 0.05     |
| time/               |          |
|    episodes         | 640      |
|    fps              | 94       |
|    time_elapsed     | 407      |
|    total_timesteps  | 38400    |
| train/              |          |
|    learning_rate    | 0.0001   |
|    loss             | 0.519    |
|    n_updates        | 2337     |
----------------------------------
----------------------------------
| rollout/            |          |
|    ep_len_mean      | 60       |
|    ep_rew_mean      | 41.5     |
|    exploration_rate | 0.05     |
| time/               |          |
|    episodes         | 644      |
|    fps              | 94       |
|    time_elapsed     | 410      |
|    total_timesteps  | 38640    |
| train/              |          |
|    learning_rate    | 0.0001   |
|    loss             | 0.262    |
|    n_updates        | 2352     |
----------------------------------
----------------------------------
| rollout/            |          |
|    ep_len_mean      | 60       |
|    ep_rew_mean      | 41.3     |
|    exploration_rate | 0.05     |
| time/               |          |
|    episodes         | 648      |
|    fps              | 94       |
|    time_elapsed     | 412      |
|    total_timesteps  | 38880    |
| train/              |          |
|    learning_rate    | 0.0001   |
|    loss             | 0.928    |
|    n_updates        | 2367     |
----------------------------------
----------------------------------
| rollout/            |          |
|    ep_len_mean      | 60       |
|    ep_rew_mean      | 41.3     |
|    exploration_rate | 0.05     |
| time/               |          |
|    episodes         | 652      |
|    fps              | 94       |
|    time_elapsed     | 415      |
|    total_timesteps  | 39120    |
| train/              |          |
|    learning_rate    | 0.0001   |
|    loss             | 0.488    |
|    n_updates        | 2382     |
----------------------------------
----------------------------------
| rollout/            |          |
|    ep_len_mean      | 60       |
|    ep_rew_mean      | 41.1     |
|    exploration_rate | 0.05     |
| time/               |          |
|    episodes         | 656      |
|    fps              | 94       |
|    time_elapsed     | 417      |
|    total_timesteps  | 39360    |
| train/              |          |
|    learning_rate    | 0.0001   |
|    loss             | 0.867    |
|    n_updates        | 2397     |
----------------------------------
----------------------------------
| rollout/            |          |
|    ep_len_mean      | 60       |
|    ep_rew_mean      | 41.1     |
|    exploration_rate | 0.05     |
| time/               |          |
|    episodes         | 660      |
|    fps              | 94       |
|    time_elapsed     | 420      |
|    total_timesteps  | 39600    |
| train/              |          |
|    learning_rate    | 0.0001   |
|    loss             | 0.205    |
|    n_updates        | 2412     |
----------------------------------
----------------------------------
| rollout/            |          |
|    ep_len_mean      | 60       |
|    ep_rew_mean      | 41.3     |
|    exploration_rate | 0.05     |
| time/               |          |
|    episodes         | 664      |
|    fps              | 94       |
|    time_elapsed     | 423      |
|    total_timesteps  | 39840    |
| train/              |          |
|    learning_rate    | 0.0001   |
|    loss             | 0.201    |
|    n_updates        | 2427     |
----------------------------------
----------------------------------
| rollout/            |          |
|    ep_len_mean      | 60       |
|    ep_rew_mean      | 41.2     |
|    exploration_rate | 0.05     |
| time/               |          |
|    episodes         | 668      |
|    fps              | 94       |
|    time_elapsed     | 425      |
|    total_timesteps  | 40080    |
| train/              |          |
|    learning_rate    | 0.0001   |
|    loss             | 2.55     |
|    n_updates        | 2442     |
----------------------------------
----------------------------------
| rollout/            |          |
|    ep_len_mean      | 60       |
|    ep_rew_mean      | 41.2     |
|    exploration_rate | 0.05     |
| time/               |          |
|    episodes         | 672      |
|    fps              | 94       |
|    time_elapsed     | 428      |
|    total_timesteps  | 40320    |
| train/              |          |
|    learning_rate    | 0.0001   |
|    loss             | 0.285    |
|    n_updates        | 2457     |
----------------------------------
----------------------------------
| rollout/            |          |
|    ep_len_mean      | 60       |
|    ep_rew_mean      | 41.2     |
|    exploration_rate | 0.05     |
| time/               |          |
|    episodes         | 676      |
|    fps              | 94       |
|    time_elapsed     | 431      |
|    total_timesteps  | 40560    |
| train/              |          |
|    learning_rate    | 0.0001   |
|    loss             | 0.24     |
|    n_updates        | 2472     |
----------------------------------
----------------------------------
| rollout/            |          |
|    ep_len_mean      | 60       |
|    ep_rew_mean      | 41.3     |
|    exploration_rate | 0.05     |
| time/               |          |
|    episodes         | 680      |
|    fps              | 94       |
|    time_elapsed     | 433      |
|    total_timesteps  | 40800    |
| train/              |          |
|    learning_rate    | 0.0001   |
|    loss             | 0.935    |
|    n_updates        | 2487     |
----------------------------------
----------------------------------
| rollout/            |          |
|    ep_len_mean      | 60       |
|    ep_rew_mean      | 41.3     |
|    exploration_rate | 0.05     |
| time/               |          |
|    episodes         | 684      |
|    fps              | 94       |
|    time_elapsed     | 436      |
|    total_timesteps  | 41040    |
| train/              |          |
|    learning_rate    | 0.0001   |
|    loss             | 0.464    |
|    n_updates        | 2502     |
----------------------------------
----------------------------------
| rollout/            |          |
|    ep_len_mean      | 60       |
|    ep_rew_mean      | 41.5     |
|    exploration_rate | 0.05     |
| time/               |          |
|    episodes         | 688      |
|    fps              | 93       |
|    time_elapsed     | 439      |
|    total_timesteps  | 41280    |
| train/              |          |
|    learning_rate    | 0.0001   |
|    loss             | 0.289    |
|    n_updates        | 2517     |
----------------------------------
----------------------------------
| rollout/            |          |
|    ep_len_mean      | 60       |
|    ep_rew_mean      | 41.5     |
|    exploration_rate | 0.05     |
| time/               |          |
|    episodes         | 692      |
|    fps              | 93       |
|    time_elapsed     | 442      |
|    total_timesteps  | 41520    |
| train/              |          |
|    learning_rate    | 0.0001   |
|    loss             | 0.174    |
|    n_updates        | 2532     |
----------------------------------
----------------------------------
| rollout/            |          |
|    ep_len_mean      | 60       |
|    ep_rew_mean      | 41.3     |
|    exploration_rate | 0.05     |
| time/               |          |
|    episodes         | 696      |
|    fps              | 93       |
|    time_elapsed     | 444      |
|    total_timesteps  | 41760    |
| train/              |          |
|    learning_rate    | 0.0001   |
|    loss             | 1.03     |
|    n_updates        | 2547     |
----------------------------------
----------------------------------
| rollout/            |          |
|    ep_len_mean      | 60       |
|    ep_rew_mean      | 41.4     |
|    exploration_rate | 0.05     |
| time/               |          |
|    episodes         | 700      |
|    fps              | 93       |
|    time_elapsed     | 447      |
|    total_timesteps  | 42000    |
| train/              |          |
|    learning_rate    | 0.0001   |
|    loss             | 0.242    |
|    n_updates        | 2562     |
----------------------------------
----------------------------------
| rollout/            |          |
|    ep_len_mean      | 60       |
|    ep_rew_mean      | 41.3     |
|    exploration_rate | 0.05     |
| time/               |          |
|    episodes         | 704      |
|    fps              | 93       |
|    time_elapsed     | 450      |
|    total_timesteps  | 42240    |
| train/              |          |
|    learning_rate    | 0.0001   |
|    loss             | 0.953    |
|    n_updates        | 2577     |
----------------------------------
----------------------------------
| rollout/            |          |
|    ep_len_mean      | 60       |
|    ep_rew_mean      | 41.3     |
|    exploration_rate | 0.05     |
| time/               |          |
|    episodes         | 708      |
|    fps              | 93       |
|    time_elapsed     | 452      |
|    total_timesteps  | 42480    |
| train/              |          |
|    learning_rate    | 0.0001   |
|    loss             | 0.14     |
|    n_updates        | 2592     |
----------------------------------
----------------------------------
| rollout/            |          |
|    ep_len_mean      | 60       |
|    ep_rew_mean      | 41.3     |
|    exploration_rate | 0.05     |
| time/               |          |
|    episodes         | 712      |
|    fps              | 93       |
|    time_elapsed     | 455      |
|    total_timesteps  | 42720    |
| train/              |          |
|    learning_rate    | 0.0001   |
|    loss             | 0.818    |
|    n_updates        | 2607     |
----------------------------------
----------------------------------
| rollout/            |          |
|    ep_len_mean      | 60       |
|    ep_rew_mean      | 41.5     |
|    exploration_rate | 0.05     |
| time/               |          |
|    episodes         | 716      |
|    fps              | 93       |
|    time_elapsed     | 458      |
|    total_timesteps  | 42960    |
| train/              |          |
|    learning_rate    | 0.0001   |
|    loss             | 1.44     |
|    n_updates        | 2622     |
----------------------------------
----------------------------------
| rollout/            |          |
|    ep_len_mean      | 60       |
|    ep_rew_mean      | 41.5     |
|    exploration_rate | 0.05     |
| time/               |          |
|    episodes         | 720      |
|    fps              | 93       |
|    time_elapsed     | 460      |
|    total_timesteps  | 43200    |
| train/              |          |
|    learning_rate    | 0.0001   |
|    loss             | 0.0953   |
|    n_updates        | 2637     |
----------------------------------
----------------------------------
| rollout/            |          |
|    ep_len_mean      | 60       |
|    ep_rew_mean      | 41.4     |
|    exploration_rate | 0.05     |
| time/               |          |
|    episodes         | 724      |
|    fps              | 93       |
|    time_elapsed     | 463      |
|    total_timesteps  | 43440    |
| train/              |          |
|    learning_rate    | 0.0001   |
|    loss             | 0.902    |
|    n_updates        | 2652     |
----------------------------------
----------------------------------
| rollout/            |          |
|    ep_len_mean      | 60       |
|    ep_rew_mean      | 41.4     |
|    exploration_rate | 0.05     |
| time/               |          |
|    episodes         | 728      |
|    fps              | 93       |
|    time_elapsed     | 465      |
|    total_timesteps  | 43680    |
| train/              |          |
|    learning_rate    | 0.0001   |
|    loss             | 1.06     |
|    n_updates        | 2667     |
----------------------------------
----------------------------------
| rollout/            |          |
|    ep_len_mean      | 60       |
|    ep_rew_mean      | 41.4     |
|    exploration_rate | 0.05     |
| time/               |          |
|    episodes         | 732      |
|    fps              | 93       |
|    time_elapsed     | 468      |
|    total_timesteps  | 43920    |
| train/              |          |
|    learning_rate    | 0.0001   |
|    loss             | 1.09     |
|    n_updates        | 2682     |
----------------------------------
----------------------------------
| rollout/            |          |
|    ep_len_mean      | 60       |
|    ep_rew_mean      | 41.3     |
|    exploration_rate | 0.05     |
| time/               |          |
|    episodes         | 736      |
|    fps              | 93       |
|    time_elapsed     | 471      |
|    total_timesteps  | 44160    |
| train/              |          |
|    learning_rate    | 0.0001   |
|    loss             | 0.973    |
|    n_updates        | 2697     |
----------------------------------
----------------------------------
| rollout/            |          |
|    ep_len_mean      | 60       |
|    ep_rew_mean      | 41.2     |
|    exploration_rate | 0.05     |
| time/               |          |
|    episodes         | 740      |
|    fps              | 93       |
|    time_elapsed     | 474      |
|    total_timesteps  | 44400    |
| train/              |          |
|    learning_rate    | 0.0001   |
|    loss             | 1.69     |
|    n_updates        | 2712     |
----------------------------------
----------------------------------
| rollout/            |          |
|    ep_len_mean      | 60       |
|    ep_rew_mean      | 41.2     |
|    exploration_rate | 0.05     |
| time/               |          |
|    episodes         | 744      |
|    fps              | 93       |
|    time_elapsed     | 476      |
|    total_timesteps  | 44640    |
| train/              |          |
|    learning_rate    | 0.0001   |
|    loss             | 0.514    |
|    n_updates        | 2727     |
----------------------------------
----------------------------------
| rollout/            |          |
|    ep_len_mean      | 60       |
|    ep_rew_mean      | 41.3     |
|    exploration_rate | 0.05     |
| time/               |          |
|    episodes         | 748      |
|    fps              | 93       |
|    time_elapsed     | 479      |
|    total_timesteps  | 44880    |
| train/              |          |
|    learning_rate    | 0.0001   |
|    loss             | 1.54     |
|    n_updates        | 2742     |
----------------------------------
----------------------------------
| rollout/            |          |
|    ep_len_mean      | 60       |
|    ep_rew_mean      | 41.3     |
|    exploration_rate | 0.05     |
| time/               |          |
|    episodes         | 752      |
|    fps              | 93       |
|    time_elapsed     | 481      |
|    total_timesteps  | 45120    |
| train/              |          |
|    learning_rate    | 0.0001   |
|    loss             | 0.37     |
|    n_updates        | 2757     |
----------------------------------
----------------------------------
| rollout/            |          |
|    ep_len_mean      | 60       |
|    ep_rew_mean      | 41.4     |
|    exploration_rate | 0.05     |
| time/               |          |
|    episodes         | 756      |
|    fps              | 93       |
|    time_elapsed     | 484      |
|    total_timesteps  | 45360    |
| train/              |          |
|    learning_rate    | 0.0001   |
|    loss             | 0.376    |
|    n_updates        | 2772     |
----------------------------------
----------------------------------
| rollout/            |          |
|    ep_len_mean      | 60       |
|    ep_rew_mean      | 41.3     |
|    exploration_rate | 0.05     |
| time/               |          |
|    episodes         | 760      |
|    fps              | 93       |
|    time_elapsed     | 487      |
|    total_timesteps  | 45600    |
| train/              |          |
|    learning_rate    | 0.0001   |
|    loss             | 1.01     |
|    n_updates        | 2787     |
----------------------------------
----------------------------------
| rollout/            |          |
|    ep_len_mean      | 60       |
|    ep_rew_mean      | 41.2     |
|    exploration_rate | 0.05     |
| time/               |          |
|    episodes         | 764      |
|    fps              | 93       |
|    time_elapsed     | 489      |
|    total_timesteps  | 45840    |
| train/              |          |
|    learning_rate    | 0.0001   |
|    loss             | 0.317    |
|    n_updates        | 2802     |
----------------------------------
----------------------------------
| rollout/            |          |
|    ep_len_mean      | 60       |
|    ep_rew_mean      | 41.3     |
|    exploration_rate | 0.05     |
| time/               |          |
|    episodes         | 768      |
|    fps              | 93       |
|    time_elapsed     | 492      |
|    total_timesteps  | 46080    |
| train/              |          |
|    learning_rate    | 0.0001   |
|    loss             | 1.1      |
|    n_updates        | 2817     |
----------------------------------
----------------------------------
| rollout/            |          |
|    ep_len_mean      | 60       |
|    ep_rew_mean      | 41.3     |
|    exploration_rate | 0.05     |
| time/               |          |
|    episodes         | 772      |
|    fps              | 93       |
|    time_elapsed     | 495      |
|    total_timesteps  | 46320    |
| train/              |          |
|    learning_rate    | 0.0001   |
|    loss             | 0.183    |
|    n_updates        | 2832     |
----------------------------------
----------------------------------
| rollout/            |          |
|    ep_len_mean      | 60       |
|    ep_rew_mean      | 41.3     |
|    exploration_rate | 0.05     |
| time/               |          |
|    episodes         | 776      |
|    fps              | 93       |
|    time_elapsed     | 497      |
|    total_timesteps  | 46560    |
| train/              |          |
|    learning_rate    | 0.0001   |
|    loss             | 0.495    |
|    n_updates        | 2847     |
----------------------------------
----------------------------------
| rollout/            |          |
|    ep_len_mean      | 60       |
|    ep_rew_mean      | 41.2     |
|    exploration_rate | 0.05     |
| time/               |          |
|    episodes         | 780      |
|    fps              | 93       |
|    time_elapsed     | 500      |
|    total_timesteps  | 46800    |
| train/              |          |
|    learning_rate    | 0.0001   |
|    loss             | 0.281    |
|    n_updates        | 2862     |
----------------------------------
----------------------------------
| rollout/            |          |
|    ep_len_mean      | 60       |
|    ep_rew_mean      | 41.5     |
|    exploration_rate | 0.05     |
| time/               |          |
|    episodes         | 784      |
|    fps              | 93       |
|    time_elapsed     | 502      |
|    total_timesteps  | 47040    |
| train/              |          |
|    learning_rate    | 0.0001   |
|    loss             | 1.02     |
|    n_updates        | 2877     |
----------------------------------
----------------------------------
| rollout/            |          |
|    ep_len_mean      | 60       |
|    ep_rew_mean      | 41.3     |
|    exploration_rate | 0.05     |
| time/               |          |
|    episodes         | 788      |
|    fps              | 93       |
|    time_elapsed     | 505      |
|    total_timesteps  | 47280    |
| train/              |          |
|    learning_rate    | 0.0001   |
|    loss             | 0.943    |
|    n_updates        | 2892     |
----------------------------------
----------------------------------
| rollout/            |          |
|    ep_len_mean      | 60       |
|    ep_rew_mean      | 41.2     |
|    exploration_rate | 0.05     |
| time/               |          |
|    episodes         | 792      |
|    fps              | 93       |
|    time_elapsed     | 508      |
|    total_timesteps  | 47520    |
| train/              |          |
|    learning_rate    | 0.0001   |
|    loss             | 1.51     |
|    n_updates        | 2907     |
----------------------------------
----------------------------------
| rollout/            |          |
|    ep_len_mean      | 60       |
|    ep_rew_mean      | 41.3     |
|    exploration_rate | 0.05     |
| time/               |          |
|    episodes         | 796      |
|    fps              | 93       |
|    time_elapsed     | 510      |
|    total_timesteps  | 47760    |
| train/              |          |
|    learning_rate    | 0.0001   |
|    loss             | 0.293    |
|    n_updates        | 2922     |
----------------------------------
----------------------------------
| rollout/            |          |
|    ep_len_mean      | 60       |
|    ep_rew_mean      | 41.4     |
|    exploration_rate | 0.05     |
| time/               |          |
|    episodes         | 800      |
|    fps              | 93       |
|    time_elapsed     | 513      |
|    total_timesteps  | 48000    |
| train/              |          |
|    learning_rate    | 0.0001   |
|    loss             | 1.23     |
|    n_updates        | 2937     |
----------------------------------
----------------------------------
| rollout/            |          |
|    ep_len_mean      | 60       |
|    ep_rew_mean      | 41.4     |
|    exploration_rate | 0.05     |
| time/               |          |
|    episodes         | 804      |
|    fps              | 93       |
|    time_elapsed     | 516      |
|    total_timesteps  | 48240    |
| train/              |          |
|    learning_rate    | 0.0001   |
|    loss             | 0.411    |
|    n_updates        | 2952     |
----------------------------------
----------------------------------
| rollout/            |          |
|    ep_len_mean      | 60       |
|    ep_rew_mean      | 41.4     |
|    exploration_rate | 0.05     |
| time/               |          |
|    episodes         | 808      |
|    fps              | 93       |
|    time_elapsed     | 519      |
|    total_timesteps  | 48480    |
| train/              |          |
|    learning_rate    | 0.0001   |
|    loss             | 0.509    |
|    n_updates        | 2967     |
----------------------------------
----------------------------------
| rollout/            |          |
|    ep_len_mean      | 60       |
|    ep_rew_mean      | 41.3     |
|    exploration_rate | 0.05     |
| time/               |          |
|    episodes         | 812      |
|    fps              | 93       |
|    time_elapsed     | 521      |
|    total_timesteps  | 48720    |
| train/              |          |
|    learning_rate    | 0.0001   |
|    loss             | 0.137    |
|    n_updates        | 2982     |
----------------------------------
----------------------------------
| rollout/            |          |
|    ep_len_mean      | 60       |
|    ep_rew_mean      | 41.3     |
|    exploration_rate | 0.05     |
| time/               |          |
|    episodes         | 816      |
|    fps              | 93       |
|    time_elapsed     | 524      |
|    total_timesteps  | 48960    |
| train/              |          |
|    learning_rate    | 0.0001   |
|    loss             | 1.75     |
|    n_updates        | 2997     |
----------------------------------
----------------------------------
| rollout/            |          |
|    ep_len_mean      | 60       |
|    ep_rew_mean      | 41.2     |
|    exploration_rate | 0.05     |
| time/               |          |
|    episodes         | 820      |
|    fps              | 93       |
|    time_elapsed     | 526      |
|    total_timesteps  | 49200    |
| train/              |          |
|    learning_rate    | 0.0001   |
|    loss             | 1.72     |
|    n_updates        | 3012     |
----------------------------------
----------------------------------
| rollout/            |          |
|    ep_len_mean      | 60       |
|    ep_rew_mean      | 41.3     |
|    exploration_rate | 0.05     |
| time/               |          |
|    episodes         | 824      |
|    fps              | 93       |
|    time_elapsed     | 528      |
|    total_timesteps  | 49440    |
| train/              |          |
|    learning_rate    | 0.0001   |
|    loss             | 0.311    |
|    n_updates        | 3027     |
----------------------------------
----------------------------------
| rollout/            |          |
|    ep_len_mean      | 60       |
|    ep_rew_mean      | 41.1     |
|    exploration_rate | 0.05     |
| time/               |          |
|    episodes         | 828      |
|    fps              | 93       |
|    time_elapsed     | 530      |
|    total_timesteps  | 49680    |
| train/              |          |
|    learning_rate    | 0.0001   |
|    loss             | 0.255    |
|    n_updates        | 3042     |
----------------------------------
----------------------------------
| rollout/            |          |
|    ep_len_mean      | 60       |
|    ep_rew_mean      | 41.1     |
|    exploration_rate | 0.05     |
| time/               |          |
|    episodes         | 832      |
|    fps              | 93       |
|    time_elapsed     | 533      |
|    total_timesteps  | 49920    |
| train/              |          |
|    learning_rate    | 0.0001   |
|    loss             | 0.279    |
|    n_updates        | 3057     |
----------------------------------
----------------------------------
| rollout/            |          |
|    ep_len_mean      | 60       |
|    ep_rew_mean      | 41.1     |
|    exploration_rate | 0.05     |
| time/               |          |
|    episodes         | 836      |
|    fps              | 93       |
|    time_elapsed     | 535      |
|    total_timesteps  | 50160    |
| train/              |          |
|    learning_rate    | 0.0001   |
|    loss             | 0.276    |
|    n_updates        | 3072     |
----------------------------------
----------------------------------
| rollout/            |          |
|    ep_len_mean      | 60       |
|    ep_rew_mean      | 41.1     |
|    exploration_rate | 0.05     |
| time/               |          |
|    episodes         | 840      |
|    fps              | 93       |
|    time_elapsed     | 537      |
|    total_timesteps  | 50400    |
| train/              |          |
|    learning_rate    | 0.0001   |
|    loss             | 1.11     |
|    n_updates        | 3087     |
----------------------------------
----------------------------------
| rollout/            |          |
|    ep_len_mean      | 60       |
|    ep_rew_mean      | 41.2     |
|    exploration_rate | 0.05     |
| time/               |          |
|    episodes         | 844      |
|    fps              | 93       |
|    time_elapsed     | 539      |
|    total_timesteps  | 50640    |
| train/              |          |
|    learning_rate    | 0.0001   |
|    loss             | 1.77     |
|    n_updates        | 3102     |
----------------------------------
----------------------------------
| rollout/            |          |
|    ep_len_mean      | 60       |
|    ep_rew_mean      | 41.2     |
|    exploration_rate | 0.05     |
| time/               |          |
|    episodes         | 848      |
|    fps              | 93       |
|    time_elapsed     | 541      |
|    total_timesteps  | 50880    |
| train/              |          |
|    learning_rate    | 0.0001   |
|    loss             | 1.7      |
|    n_updates        | 3117     |
----------------------------------
----------------------------------
| rollout/            |          |
|    ep_len_mean      | 60       |
|    ep_rew_mean      | 41.3     |
|    exploration_rate | 0.05     |
| time/               |          |
|    episodes         | 852      |
|    fps              | 93       |
|    time_elapsed     | 544      |
|    total_timesteps  | 51120    |
| train/              |          |
|    learning_rate    | 0.0001   |
|    loss             | 0.441    |
|    n_updates        | 3132     |
----------------------------------
----------------------------------
| rollout/            |          |
|    ep_len_mean      | 60       |
|    ep_rew_mean      | 41.2     |
|    exploration_rate | 0.05     |
| time/               |          |
|    episodes         | 856      |
|    fps              | 93       |
|    time_elapsed     | 547      |
|    total_timesteps  | 51360    |
| train/              |          |
|    learning_rate    | 0.0001   |
|    loss             | 0.113    |
|    n_updates        | 3147     |
----------------------------------
----------------------------------
| rollout/            |          |
|    ep_len_mean      | 60       |
|    ep_rew_mean      | 41.1     |
|    exploration_rate | 0.05     |
| time/               |          |
|    episodes         | 860      |
|    fps              | 93       |
|    time_elapsed     | 549      |
|    total_timesteps  | 51600    |
| train/              |          |
|    learning_rate    | 0.0001   |
|    loss             | 1.07     |
|    n_updates        | 3162     |
----------------------------------
----------------------------------
| rollout/            |          |
|    ep_len_mean      | 60       |
|    ep_rew_mean      | 41.1     |
|    exploration_rate | 0.05     |
| time/               |          |
|    episodes         | 864      |
|    fps              | 93       |
|    time_elapsed     | 551      |
|    total_timesteps  | 51840    |
| train/              |          |
|    learning_rate    | 0.0001   |
|    loss             | 1.12     |
|    n_updates        | 3177     |
----------------------------------
----------------------------------
| rollout/            |          |
|    ep_len_mean      | 60       |
|    ep_rew_mean      | 40.8     |
|    exploration_rate | 0.05     |
| time/               |          |
|    episodes         | 868      |
|    fps              | 94       |
|    time_elapsed     | 553      |
|    total_timesteps  | 52080    |
| train/              |          |
|    learning_rate    | 0.0001   |
|    loss             | 0.289    |
|    n_updates        | 3192     |
----------------------------------
----------------------------------
| rollout/            |          |
|    ep_len_mean      | 60       |
|    ep_rew_mean      | 40.8     |
|    exploration_rate | 0.05     |
| time/               |          |
|    episodes         | 872      |
|    fps              | 94       |
|    time_elapsed     | 556      |
|    total_timesteps  | 52320    |
| train/              |          |
|    learning_rate    | 0.0001   |
|    loss             | 0.213    |
|    n_updates        | 3207     |
----------------------------------
----------------------------------
| rollout/            |          |
|    ep_len_mean      | 60       |
|    ep_rew_mean      | 40.8     |
|    exploration_rate | 0.05     |
| time/               |          |
|    episodes         | 876      |
|    fps              | 94       |
|    time_elapsed     | 558      |
|    total_timesteps  | 52560    |
| train/              |          |
|    learning_rate    | 0.0001   |
|    loss             | 0.867    |
|    n_updates        | 3222     |
----------------------------------
----------------------------------
| rollout/            |          |
|    ep_len_mean      | 60       |
|    ep_rew_mean      | 41       |
|    exploration_rate | 0.05     |
| time/               |          |
|    episodes         | 880      |
|    fps              | 94       |
|    time_elapsed     | 560      |
|    total_timesteps  | 52800    |
| train/              |          |
|    learning_rate    | 0.0001   |
|    loss             | 0.122    |
|    n_updates        | 3237     |
----------------------------------
----------------------------------
| rollout/            |          |
|    ep_len_mean      | 60       |
|    ep_rew_mean      | 40.8     |
|    exploration_rate | 0.05     |
| time/               |          |
|    episodes         | 884      |
|    fps              | 94       |
|    time_elapsed     | 562      |
|    total_timesteps  | 53040    |
| train/              |          |
|    learning_rate    | 0.0001   |
|    loss             | 1.08     |
|    n_updates        | 3252     |
----------------------------------
----------------------------------
| rollout/            |          |
|    ep_len_mean      | 60       |
|    ep_rew_mean      | 41       |
|    exploration_rate | 0.05     |
| time/               |          |
|    episodes         | 888      |
|    fps              | 94       |
|    time_elapsed     | 564      |
|    total_timesteps  | 53280    |
| train/              |          |
|    learning_rate    | 0.0001   |
|    loss             | 1.08     |
|    n_updates        | 3267     |
----------------------------------
----------------------------------
| rollout/            |          |
|    ep_len_mean      | 60       |
|    ep_rew_mean      | 41       |
|    exploration_rate | 0.05     |
| time/               |          |
|    episodes         | 892      |
|    fps              | 94       |
|    time_elapsed     | 567      |
|    total_timesteps  | 53520    |
| train/              |          |
|    learning_rate    | 0.0001   |
|    loss             | 0.895    |
|    n_updates        | 3282     |
----------------------------------
----------------------------------
| rollout/            |          |
|    ep_len_mean      | 60       |
|    ep_rew_mean      | 41       |
|    exploration_rate | 0.05     |
| time/               |          |
|    episodes         | 896      |
|    fps              | 94       |
|    time_elapsed     | 569      |
|    total_timesteps  | 53760    |
| train/              |          |
|    learning_rate    | 0.0001   |
|    loss             | 0.467    |
|    n_updates        | 3297     |
----------------------------------
----------------------------------
| rollout/            |          |
|    ep_len_mean      | 60       |
|    ep_rew_mean      | 40.9     |
|    exploration_rate | 0.05     |
| time/               |          |
|    episodes         | 900      |
|    fps              | 94       |
|    time_elapsed     | 571      |
|    total_timesteps  | 54000    |
| train/              |          |
|    learning_rate    | 0.0001   |
|    loss             | 0.42     |
|    n_updates        | 3312     |
----------------------------------
----------------------------------
| rollout/            |          |
|    ep_len_mean      | 60       |
|    ep_rew_mean      | 41       |
|    exploration_rate | 0.05     |
| time/               |          |
|    episodes         | 904      |
|    fps              | 94       |
|    time_elapsed     | 573      |
|    total_timesteps  | 54240    |
| train/              |          |
|    learning_rate    | 0.0001   |
|    loss             | 0.932    |
|    n_updates        | 3327     |
----------------------------------
----------------------------------
| rollout/            |          |
|    ep_len_mean      | 60       |
|    ep_rew_mean      | 40.9     |
|    exploration_rate | 0.05     |
| time/               |          |
|    episodes         | 908      |
|    fps              | 94       |
|    time_elapsed     | 575      |
|    total_timesteps  | 54480    |
| train/              |          |
|    learning_rate    | 0.0001   |
|    loss             | 0.347    |
|    n_updates        | 3342     |
----------------------------------
----------------------------------
| rollout/            |          |
|    ep_len_mean      | 60       |
|    ep_rew_mean      | 41       |
|    exploration_rate | 0.05     |
| time/               |          |
|    episodes         | 912      |
|    fps              | 94       |
|    time_elapsed     | 578      |
|    total_timesteps  | 54720    |
| train/              |          |
|    learning_rate    | 0.0001   |
|    loss             | 0.376    |
|    n_updates        | 3357     |
----------------------------------
----------------------------------
| rollout/            |          |
|    ep_len_mean      | 60       |
|    ep_rew_mean      | 41.1     |
|    exploration_rate | 0.05     |
| time/               |          |
|    episodes         | 916      |
|    fps              | 94       |
|    time_elapsed     | 580      |
|    total_timesteps  | 54960    |
| train/              |          |
|    learning_rate    | 0.0001   |
|    loss             | 1.22     |
|    n_updates        | 3372     |
----------------------------------
----------------------------------
| rollout/            |          |
|    ep_len_mean      | 60       |
|    ep_rew_mean      | 41.3     |
|    exploration_rate | 0.05     |
| time/               |          |
|    episodes         | 920      |
|    fps              | 94       |
|    time_elapsed     | 582      |
|    total_timesteps  | 55200    |
| train/              |          |
|    learning_rate    | 0.0001   |
|    loss             | 0.52     |
|    n_updates        | 3387     |
----------------------------------
----------------------------------
| rollout/            |          |
|    ep_len_mean      | 60       |
|    ep_rew_mean      | 41.3     |
|    exploration_rate | 0.05     |
| time/               |          |
|    episodes         | 924      |
|    fps              | 94       |
|    time_elapsed     | 584      |
|    total_timesteps  | 55440    |
| train/              |          |
|    learning_rate    | 0.0001   |
|    loss             | 1.02     |
|    n_updates        | 3402     |
----------------------------------
----------------------------------
| rollout/            |          |
|    ep_len_mean      | 60       |
|    ep_rew_mean      | 41.5     |
|    exploration_rate | 0.05     |
| time/               |          |
|    episodes         | 928      |
|    fps              | 94       |
|    time_elapsed     | 586      |
|    total_timesteps  | 55680    |
| train/              |          |
|    learning_rate    | 0.0001   |
|    loss             | 1.09     |
|    n_updates        | 3417     |
----------------------------------
----------------------------------
| rollout/            |          |
|    ep_len_mean      | 60       |
|    ep_rew_mean      | 41.4     |
|    exploration_rate | 0.05     |
| time/               |          |
|    episodes         | 932      |
|    fps              | 94       |
|    time_elapsed     | 588      |
|    total_timesteps  | 55920    |
| train/              |          |
|    learning_rate    | 0.0001   |
|    loss             | 0.199    |
|    n_updates        | 3432     |
----------------------------------
----------------------------------
| rollout/            |          |
|    ep_len_mean      | 60       |
|    ep_rew_mean      | 41.5     |
|    exploration_rate | 0.05     |
| time/               |          |
|    episodes         | 936      |
|    fps              | 95       |
|    time_elapsed     | 590      |
|    total_timesteps  | 56160    |
| train/              |          |
|    learning_rate    | 0.0001   |
|    loss             | 0.39     |
|    n_updates        | 3447     |
----------------------------------
----------------------------------
| rollout/            |          |
|    ep_len_mean      | 60       |
|    ep_rew_mean      | 41.4     |
|    exploration_rate | 0.05     |
| time/               |          |
|    episodes         | 940      |
|    fps              | 95       |
|    time_elapsed     | 593      |
|    total_timesteps  | 56400    |
| train/              |          |
|    learning_rate    | 0.0001   |
|    loss             | 0.568    |
|    n_updates        | 3462     |
----------------------------------
----------------------------------
| rollout/            |          |
|    ep_len_mean      | 60       |
|    ep_rew_mean      | 41.4     |
|    exploration_rate | 0.05     |
| time/               |          |
|    episodes         | 944      |
|    fps              | 95       |
|    time_elapsed     | 595      |
|    total_timesteps  | 56640    |
| train/              |          |
|    learning_rate    | 0.0001   |
|    loss             | 0.295    |
|    n_updates        | 3477     |
----------------------------------
----------------------------------
| rollout/            |          |
|    ep_len_mean      | 60       |
|    ep_rew_mean      | 41.1     |
|    exploration_rate | 0.05     |
| time/               |          |
|    episodes         | 948      |
|    fps              | 95       |
|    time_elapsed     | 597      |
|    total_timesteps  | 56880    |
| train/              |          |
|    learning_rate    | 0.0001   |
|    loss             | 1.01     |
|    n_updates        | 3492     |
----------------------------------
----------------------------------
| rollout/            |          |
|    ep_len_mean      | 60       |
|    ep_rew_mean      | 41.1     |
|    exploration_rate | 0.05     |
| time/               |          |
|    episodes         | 952      |
|    fps              | 95       |
|    time_elapsed     | 599      |
|    total_timesteps  | 57120    |
| train/              |          |
|    learning_rate    | 0.0001   |
|    loss             | 0.289    |
|    n_updates        | 3507     |
----------------------------------
----------------------------------
| rollout/            |          |
|    ep_len_mean      | 60       |
|    ep_rew_mean      | 41       |
|    exploration_rate | 0.05     |
| time/               |          |
|    episodes         | 956      |
|    fps              | 95       |
|    time_elapsed     | 601      |
|    total_timesteps  | 57360    |
| train/              |          |
|    learning_rate    | 0.0001   |
|    loss             | 1.02     |
|    n_updates        | 3522     |
----------------------------------
----------------------------------
| rollout/            |          |
|    ep_len_mean      | 60       |
|    ep_rew_mean      | 41.1     |
|    exploration_rate | 0.05     |
| time/               |          |
|    episodes         | 960      |
|    fps              | 95       |
|    time_elapsed     | 603      |
|    total_timesteps  | 57600    |
| train/              |          |
|    learning_rate    | 0.0001   |
|    loss             | 2.9      |
|    n_updates        | 3537     |
----------------------------------
----------------------------------
| rollout/            |          |
|    ep_len_mean      | 60       |
|    ep_rew_mean      | 41.1     |
|    exploration_rate | 0.05     |
| time/               |          |
|    episodes         | 964      |
|    fps              | 95       |
|    time_elapsed     | 606      |
|    total_timesteps  | 57840    |
| train/              |          |
|    learning_rate    | 0.0001   |
|    loss             | 2.12     |
|    n_updates        | 3552     |
----------------------------------
----------------------------------
| rollout/            |          |
|    ep_len_mean      | 60       |
|    ep_rew_mean      | 41.2     |
|    exploration_rate | 0.05     |
| time/               |          |
|    episodes         | 968      |
|    fps              | 95       |
|    time_elapsed     | 608      |
|    total_timesteps  | 58080    |
| train/              |          |
|    learning_rate    | 0.0001   |
|    loss             | 0.909    |
|    n_updates        | 3567     |
----------------------------------
----------------------------------
| rollout/            |          |
|    ep_len_mean      | 60       |
|    ep_rew_mean      | 41.1     |
|    exploration_rate | 0.05     |
| time/               |          |
|    episodes         | 972      |
|    fps              | 95       |
|    time_elapsed     | 610      |
|    total_timesteps  | 58320    |
| train/              |          |
|    learning_rate    | 0.0001   |
|    loss             | 0.235    |
|    n_updates        | 3582     |
----------------------------------
----------------------------------
| rollout/            |          |
|    ep_len_mean      | 60       |
|    ep_rew_mean      | 41.1     |
|    exploration_rate | 0.05     |
| time/               |          |
|    episodes         | 976      |
|    fps              | 95       |
|    time_elapsed     | 612      |
|    total_timesteps  | 58560    |
| train/              |          |
|    learning_rate    | 0.0001   |
|    loss             | 1.11     |
|    n_updates        | 3597     |
----------------------------------
----------------------------------
| rollout/            |          |
|    ep_len_mean      | 60       |
|    ep_rew_mean      | 40.9     |
|    exploration_rate | 0.05     |
| time/               |          |
|    episodes         | 980      |
|    fps              | 95       |
|    time_elapsed     | 614      |
|    total_timesteps  | 58800    |
| train/              |          |
|    learning_rate    | 0.0001   |
|    loss             | 1.03     |
|    n_updates        | 3612     |
----------------------------------
----------------------------------
| rollout/            |          |
|    ep_len_mean      | 60       |
|    ep_rew_mean      | 41       |
|    exploration_rate | 0.05     |
| time/               |          |
|    episodes         | 984      |
|    fps              | 95       |
|    time_elapsed     | 616      |
|    total_timesteps  | 59040    |
| train/              |          |
|    learning_rate    | 0.0001   |
|    loss             | 0.3      |
|    n_updates        | 3627     |
----------------------------------
----------------------------------
| rollout/            |          |
|    ep_len_mean      | 60       |
|    ep_rew_mean      | 40.8     |
|    exploration_rate | 0.05     |
| time/               |          |
|    episodes         | 988      |
|    fps              | 95       |
|    time_elapsed     | 618      |
|    total_timesteps  | 59280    |
| train/              |          |
|    learning_rate    | 0.0001   |
|    loss             | 0.101    |
|    n_updates        | 3642     |
----------------------------------
----------------------------------
| rollout/            |          |
|    ep_len_mean      | 60       |
|    ep_rew_mean      | 40.7     |
|    exploration_rate | 0.05     |
| time/               |          |
|    episodes         | 992      |
|    fps              | 95       |
|    time_elapsed     | 621      |
|    total_timesteps  | 59520    |
| train/              |          |
|    learning_rate    | 0.0001   |
|    loss             | 0.22     |
|    n_updates        | 3657     |
----------------------------------
----------------------------------
| rollout/            |          |
|    ep_len_mean      | 60       |
|    ep_rew_mean      | 40.7     |
|    exploration_rate | 0.05     |
| time/               |          |
|    episodes         | 996      |
|    fps              | 95       |
|    time_elapsed     | 623      |
|    total_timesteps  | 59760    |
| train/              |          |
|    learning_rate    | 0.0001   |
|    loss             | 1.12     |
|    n_updates        | 3672     |
----------------------------------
----------------------------------
| rollout/            |          |
|    ep_len_mean      | 60       |
|    ep_rew_mean      | 40.6     |
|    exploration_rate | 0.05     |
| time/               |          |
|    episodes         | 1000     |
|    fps              | 95       |
|    time_elapsed     | 625      |
|    total_timesteps  | 60000    |
| train/              |          |
|    learning_rate    | 0.0001   |
|    loss             | 0.338    |
|    n_updates        | 3687     |
----------------------------------
----------------------------------
| rollout/            |          |
|    ep_len_mean      | 60       |
|    ep_rew_mean      | 40.6     |
|    exploration_rate | 0.05     |
| time/               |          |
|    episodes         | 1004     |
|    fps              | 95       |
|    time_elapsed     | 628      |
|    total_timesteps  | 60240    |
| train/              |          |
|    learning_rate    | 0.0001   |
|    loss             | 0.465    |
|    n_updates        | 3702     |
----------------------------------
----------------------------------
| rollout/            |          |
|    ep_len_mean      | 60       |
|    ep_rew_mean      | 40.6     |
|    exploration_rate | 0.05     |
| time/               |          |
|    episodes         | 1008     |
|    fps              | 95       |
|    time_elapsed     | 630      |
|    total_timesteps  | 60480    |
| train/              |          |
|    learning_rate    | 0.0001   |
|    loss             | 0.385    |
|    n_updates        | 3717     |
----------------------------------
----------------------------------
| rollout/            |          |
|    ep_len_mean      | 60       |
|    ep_rew_mean      | 40.8     |
|    exploration_rate | 0.05     |
| time/               |          |
|    episodes         | 1012     |
|    fps              | 95       |
|    time_elapsed     | 632      |
|    total_timesteps  | 60720    |
| train/              |          |
|    learning_rate    | 0.0001   |
|    loss             | 0.247    |
|    n_updates        | 3732     |
----------------------------------
----------------------------------
| rollout/            |          |
|    ep_len_mean      | 60       |
|    ep_rew_mean      | 40.7     |
|    exploration_rate | 0.05     |
| time/               |          |
|    episodes         | 1016     |
|    fps              | 96       |
|    time_elapsed     | 634      |
|    total_timesteps  | 60960    |
| train/              |          |
|    learning_rate    | 0.0001   |
|    loss             | 0.166    |
|    n_updates        | 3747     |
----------------------------------
----------------------------------
| rollout/            |          |
|    ep_len_mean      | 60       |
|    ep_rew_mean      | 40.5     |
|    exploration_rate | 0.05     |
| time/               |          |
|    episodes         | 1020     |
|    fps              | 96       |
|    time_elapsed     | 636      |
|    total_timesteps  | 61200    |
| train/              |          |
|    learning_rate    | 0.0001   |
|    loss             | 0.0876   |
|    n_updates        | 3762     |
----------------------------------
----------------------------------
| rollout/            |          |
|    ep_len_mean      | 60       |
|    ep_rew_mean      | 40.3     |
|    exploration_rate | 0.05     |
| time/               |          |
|    episodes         | 1024     |
|    fps              | 96       |
|    time_elapsed     | 638      |
|    total_timesteps  | 61440    |
| train/              |          |
|    learning_rate    | 0.0001   |
|    loss             | 1.12     |
|    n_updates        | 3777     |
----------------------------------
----------------------------------
| rollout/            |          |
|    ep_len_mean      | 60       |
|    ep_rew_mean      | 40.2     |
|    exploration_rate | 0.05     |
| time/               |          |
|    episodes         | 1028     |
|    fps              | 96       |
|    time_elapsed     | 640      |
|    total_timesteps  | 61680    |
| train/              |          |
|    learning_rate    | 0.0001   |
|    loss             | 1.25     |
|    n_updates        | 3792     |
----------------------------------
----------------------------------
| rollout/            |          |
|    ep_len_mean      | 60       |
|    ep_rew_mean      | 40.3     |
|    exploration_rate | 0.05     |
| time/               |          |
|    episodes         | 1032     |
|    fps              | 96       |
|    time_elapsed     | 643      |
|    total_timesteps  | 61920    |
| train/              |          |
|    learning_rate    | 0.0001   |
|    loss             | 1.2      |
|    n_updates        | 3807     |
----------------------------------
----------------------------------
| rollout/            |          |
|    ep_len_mean      | 60       |
|    ep_rew_mean      | 40.2     |
|    exploration_rate | 0.05     |
| time/               |          |
|    episodes         | 1036     |
|    fps              | 96       |
|    time_elapsed     | 645      |
|    total_timesteps  | 62160    |
| train/              |          |
|    learning_rate    | 0.0001   |
|    loss             | 0.0717   |
|    n_updates        | 3822     |
----------------------------------
----------------------------------
| rollout/            |          |
|    ep_len_mean      | 60       |
|    ep_rew_mean      | 40.3     |
|    exploration_rate | 0.05     |
| time/               |          |
|    episodes         | 1040     |
|    fps              | 96       |
|    time_elapsed     | 647      |
|    total_timesteps  | 62400    |
| train/              |          |
|    learning_rate    | 0.0001   |
|    loss             | 0.971    |
|    n_updates        | 3837     |
----------------------------------
----------------------------------
| rollout/            |          |
|    ep_len_mean      | 60       |
|    ep_rew_mean      | 40.2     |
|    exploration_rate | 0.05     |
| time/               |          |
|    episodes         | 1044     |
|    fps              | 96       |
|    time_elapsed     | 649      |
|    total_timesteps  | 62640    |
| train/              |          |
|    learning_rate    | 0.0001   |
|    loss             | 0.444    |
|    n_updates        | 3852     |
----------------------------------
----------------------------------
| rollout/            |          |
|    ep_len_mean      | 60       |
|    ep_rew_mean      | 40.5     |
|    exploration_rate | 0.05     |
| time/               |          |
|    episodes         | 1048     |
|    fps              | 96       |
|    time_elapsed     | 651      |
|    total_timesteps  | 62880    |
| train/              |          |
|    learning_rate    | 0.0001   |
|    loss             | 0.194    |
|    n_updates        | 3867     |
----------------------------------
----------------------------------
| rollout/            |          |
|    ep_len_mean      | 60       |
|    ep_rew_mean      | 40.6     |
|    exploration_rate | 0.05     |
| time/               |          |
|    episodes         | 1052     |
|    fps              | 96       |
|    time_elapsed     | 653      |
|    total_timesteps  | 63120    |
| train/              |          |
|    learning_rate    | 0.0001   |
|    loss             | 0.423    |
|    n_updates        | 3882     |
----------------------------------
----------------------------------
| rollout/            |          |
|    ep_len_mean      | 60       |
|    ep_rew_mean      | 40.7     |
|    exploration_rate | 0.05     |
| time/               |          |
|    episodes         | 1056     |
|    fps              | 96       |
|    time_elapsed     | 656      |
|    total_timesteps  | 63360    |
| train/              |          |
|    learning_rate    | 0.0001   |
|    loss             | 0.318    |
|    n_updates        | 3897     |
----------------------------------
----------------------------------
| rollout/            |          |
|    ep_len_mean      | 60       |
|    ep_rew_mean      | 40.7     |
|    exploration_rate | 0.05     |
| time/               |          |
|    episodes         | 1060     |
|    fps              | 96       |
|    time_elapsed     | 658      |
|    total_timesteps  | 63600    |
| train/              |          |
|    learning_rate    | 0.0001   |
|    loss             | 0.348    |
|    n_updates        | 3912     |
----------------------------------
----------------------------------
| rollout/            |          |
|    ep_len_mean      | 60       |
|    ep_rew_mean      | 40.8     |
|    exploration_rate | 0.05     |
| time/               |          |
|    episodes         | 1064     |
|    fps              | 96       |
|    time_elapsed     | 660      |
|    total_timesteps  | 63840    |
| train/              |          |
|    learning_rate    | 0.0001   |
|    loss             | 0.429    |
|    n_updates        | 3927     |
----------------------------------
----------------------------------
| rollout/            |          |
|    ep_len_mean      | 60       |
|    ep_rew_mean      | 40.8     |
|    exploration_rate | 0.05     |
| time/               |          |
|    episodes         | 1068     |
|    fps              | 96       |
|    time_elapsed     | 662      |
|    total_timesteps  | 64080    |
| train/              |          |
|    learning_rate    | 0.0001   |
|    loss             | 0.179    |
|    n_updates        | 3942     |
----------------------------------
----------------------------------
| rollout/            |          |
|    ep_len_mean      | 60       |
|    ep_rew_mean      | 40.9     |
|    exploration_rate | 0.05     |
| time/               |          |
|    episodes         | 1072     |
|    fps              | 96       |
|    time_elapsed     | 664      |
|    total_timesteps  | 64320    |
| train/              |          |
|    learning_rate    | 0.0001   |
|    loss             | 0.314    |
|    n_updates        | 3957     |
----------------------------------
----------------------------------
| rollout/            |          |
|    ep_len_mean      | 60       |
|    ep_rew_mean      | 40.9     |
|    exploration_rate | 0.05     |
| time/               |          |
|    episodes         | 1076     |
|    fps              | 96       |
|    time_elapsed     | 666      |
|    total_timesteps  | 64560    |
| train/              |          |
|    learning_rate    | 0.0001   |
|    loss             | 1.39     |
|    n_updates        | 3972     |
----------------------------------
----------------------------------
| rollout/            |          |
|    ep_len_mean      | 60       |
|    ep_rew_mean      | 41       |
|    exploration_rate | 0.05     |
| time/               |          |
|    episodes         | 1080     |
|    fps              | 96       |
|    time_elapsed     | 668      |
|    total_timesteps  | 64800    |
| train/              |          |
|    learning_rate    | 0.0001   |
|    loss             | 0.323    |
|    n_updates        | 3987     |
----------------------------------
----------------------------------
| rollout/            |          |
|    ep_len_mean      | 60       |
|    ep_rew_mean      | 41.1     |
|    exploration_rate | 0.05     |
| time/               |          |
|    episodes         | 1084     |
|    fps              | 96       |
|    time_elapsed     | 670      |
|    total_timesteps  | 65040    |
| train/              |          |
|    learning_rate    | 0.0001   |
|    loss             | 0.392    |
|    n_updates        | 4002     |
----------------------------------
----------------------------------
| rollout/            |          |
|    ep_len_mean      | 60       |
|    ep_rew_mean      | 41.3     |
|    exploration_rate | 0.05     |
| time/               |          |
|    episodes         | 1088     |
|    fps              | 96       |
|    time_elapsed     | 672      |
|    total_timesteps  | 65280    |
| train/              |          |
|    learning_rate    | 0.0001   |
|    loss             | 0.24     |
|    n_updates        | 4017     |
----------------------------------
----------------------------------
| rollout/            |          |
|    ep_len_mean      | 60       |
|    ep_rew_mean      | 41.5     |
|    exploration_rate | 0.05     |
| time/               |          |
|    episodes         | 1092     |
|    fps              | 97       |
|    time_elapsed     | 675      |
|    total_timesteps  | 65520    |
| train/              |          |
|    learning_rate    | 0.0001   |
|    loss             | 2.4      |
|    n_updates        | 4032     |
----------------------------------
----------------------------------
| rollout/            |          |
|    ep_len_mean      | 60       |
|    ep_rew_mean      | 41.4     |
|    exploration_rate | 0.05     |
| time/               |          |
|    episodes         | 1096     |
|    fps              | 97       |
|    time_elapsed     | 677      |
|    total_timesteps  | 65760    |
| train/              |          |
|    learning_rate    | 0.0001   |
|    loss             | 0.356    |
|    n_updates        | 4047     |
----------------------------------
----------------------------------
| rollout/            |          |
|    ep_len_mean      | 60       |
|    ep_rew_mean      | 41.4     |
|    exploration_rate | 0.05     |
| time/               |          |
|    episodes         | 1100     |
|    fps              | 97       |
|    time_elapsed     | 679      |
|    total_timesteps  | 66000    |
| train/              |          |
|    learning_rate    | 0.0001   |
|    loss             | 0.305    |
|    n_updates        | 4062     |
----------------------------------
----------------------------------
| rollout/            |          |
|    ep_len_mean      | 60       |
|    ep_rew_mean      | 41.5     |
|    exploration_rate | 0.05     |
| time/               |          |
|    episodes         | 1104     |
|    fps              | 97       |
|    time_elapsed     | 681      |
|    total_timesteps  | 66240    |
| train/              |          |
|    learning_rate    | 0.0001   |
|    loss             | 1.26     |
|    n_updates        | 4077     |
----------------------------------
----------------------------------
| rollout/            |          |
|    ep_len_mean      | 60       |
|    ep_rew_mean      | 41.4     |
|    exploration_rate | 0.05     |
| time/               |          |
|    episodes         | 1108     |
|    fps              | 97       |
|    time_elapsed     | 683      |
|    total_timesteps  | 66480    |
| train/              |          |
|    learning_rate    | 0.0001   |
|    loss             | 0.287    |
|    n_updates        | 4092     |
----------------------------------
----------------------------------
| rollout/            |          |
|    ep_len_mean      | 60       |
|    ep_rew_mean      | 41.4     |
|    exploration_rate | 0.05     |
| time/               |          |
|    episodes         | 1112     |
|    fps              | 97       |
|    time_elapsed     | 685      |
|    total_timesteps  | 66720    |
| train/              |          |
|    learning_rate    | 0.0001   |
|    loss             | 0.165    |
|    n_updates        | 4107     |
----------------------------------
----------------------------------
| rollout/            |          |
|    ep_len_mean      | 60       |
|    ep_rew_mean      | 41.4     |
|    exploration_rate | 0.05     |
| time/               |          |
|    episodes         | 1116     |
|    fps              | 97       |
|    time_elapsed     | 687      |
|    total_timesteps  | 66960    |
| train/              |          |
|    learning_rate    | 0.0001   |
|    loss             | 1.2      |
|    n_updates        | 4122     |
----------------------------------
----------------------------------
| rollout/            |          |
|    ep_len_mean      | 60       |
|    ep_rew_mean      | 41.5     |
|    exploration_rate | 0.05     |
| time/               |          |
|    episodes         | 1120     |
|    fps              | 97       |
|    time_elapsed     | 690      |
|    total_timesteps  | 67200    |
| train/              |          |
|    learning_rate    | 0.0001   |
|    loss             | 1.1      |
|    n_updates        | 4137     |
----------------------------------
----------------------------------
| rollout/            |          |
|    ep_len_mean      | 60       |
|    ep_rew_mean      | 41.7     |
|    exploration_rate | 0.05     |
| time/               |          |
|    episodes         | 1124     |
|    fps              | 97       |
|    time_elapsed     | 692      |
|    total_timesteps  | 67440    |
| train/              |          |
|    learning_rate    | 0.0001   |
|    loss             | 1.44     |
|    n_updates        | 4152     |
----------------------------------
----------------------------------
| rollout/            |          |
|    ep_len_mean      | 60       |
|    ep_rew_mean      | 41.8     |
|    exploration_rate | 0.05     |
| time/               |          |
|    episodes         | 1128     |
|    fps              | 97       |
|    time_elapsed     | 694      |
|    total_timesteps  | 67680    |
| train/              |          |
|    learning_rate    | 0.0001   |
|    loss             | 1.11     |
|    n_updates        | 4167     |
----------------------------------
----------------------------------
| rollout/            |          |
|    ep_len_mean      | 60       |
|    ep_rew_mean      | 41.7     |
|    exploration_rate | 0.05     |
| time/               |          |
|    episodes         | 1132     |
|    fps              | 97       |
|    time_elapsed     | 696      |
|    total_timesteps  | 67920    |
| train/              |          |
|    learning_rate    | 0.0001   |
|    loss             | 1.3      |
|    n_updates        | 4182     |
----------------------------------
----------------------------------
| rollout/            |          |
|    ep_len_mean      | 60       |
|    ep_rew_mean      | 41.8     |
|    exploration_rate | 0.05     |
| time/               |          |
|    episodes         | 1136     |
|    fps              | 97       |
|    time_elapsed     | 698      |
|    total_timesteps  | 68160    |
| train/              |          |
|    learning_rate    | 0.0001   |
|    loss             | 1.17     |
|    n_updates        | 4197     |
----------------------------------
----------------------------------
| rollout/            |          |
|    ep_len_mean      | 60       |
|    ep_rew_mean      | 41.8     |
|    exploration_rate | 0.05     |
| time/               |          |
|    episodes         | 1140     |
|    fps              | 97       |
|    time_elapsed     | 700      |
|    total_timesteps  | 68400    |
| train/              |          |
|    learning_rate    | 0.0001   |
|    loss             | 2.24     |
|    n_updates        | 4212     |
----------------------------------
----------------------------------
| rollout/            |          |
|    ep_len_mean      | 60       |
|    ep_rew_mean      | 41.9     |
|    exploration_rate | 0.05     |
| time/               |          |
|    episodes         | 1144     |
|    fps              | 97       |
|    time_elapsed     | 702      |
|    total_timesteps  | 68640    |
| train/              |          |
|    learning_rate    | 0.0001   |
|    loss             | 1.23     |
|    n_updates        | 4227     |
----------------------------------
----------------------------------
| rollout/            |          |
|    ep_len_mean      | 60       |
|    ep_rew_mean      | 41.8     |
|    exploration_rate | 0.05     |
| time/               |          |
|    episodes         | 1148     |
|    fps              | 97       |
|    time_elapsed     | 705      |
|    total_timesteps  | 68880    |
| train/              |          |
|    learning_rate    | 0.0001   |
|    loss             | 0.157    |
|    n_updates        | 4242     |
----------------------------------
----------------------------------
| rollout/            |          |
|    ep_len_mean      | 60       |
|    ep_rew_mean      | 41.8     |
|    exploration_rate | 0.05     |
| time/               |          |
|    episodes         | 1152     |
|    fps              | 97       |
|    time_elapsed     | 707      |
|    total_timesteps  | 69120    |
| train/              |          |
|    learning_rate    | 0.0001   |
|    loss             | 1.09     |
|    n_updates        | 4257     |
----------------------------------
----------------------------------
| rollout/            |          |
|    ep_len_mean      | 60       |
|    ep_rew_mean      | 41.9     |
|    exploration_rate | 0.05     |
| time/               |          |
|    episodes         | 1156     |
|    fps              | 97       |
|    time_elapsed     | 709      |
|    total_timesteps  | 69360    |
| train/              |          |
|    learning_rate    | 0.0001   |
|    loss             | 0.278    |
|    n_updates        | 4272     |
----------------------------------
----------------------------------
| rollout/            |          |
|    ep_len_mean      | 60       |
|    ep_rew_mean      | 41.9     |
|    exploration_rate | 0.05     |
| time/               |          |
|    episodes         | 1160     |
|    fps              | 97       |
|    time_elapsed     | 711      |
|    total_timesteps  | 69600    |
| train/              |          |
|    learning_rate    | 0.0001   |
|    loss             | 0.439    |
|    n_updates        | 4287     |
----------------------------------
----------------------------------
| rollout/            |          |
|    ep_len_mean      | 60       |
|    ep_rew_mean      | 41.8     |
|    exploration_rate | 0.05     |
| time/               |          |
|    episodes         | 1164     |
|    fps              | 97       |
|    time_elapsed     | 713      |
|    total_timesteps  | 69840    |
| train/              |          |
|    learning_rate    | 0.0001   |
|    loss             | 0.352    |
|    n_updates        | 4302     |
----------------------------------
----------------------------------
| rollout/            |          |
|    ep_len_mean      | 60       |
|    ep_rew_mean      | 42       |
|    exploration_rate | 0.05     |
| time/               |          |
|    episodes         | 1168     |
|    fps              | 97       |
|    time_elapsed     | 715      |
|    total_timesteps  | 70080    |
| train/              |          |
|    learning_rate    | 0.0001   |
|    loss             | 2.16     |
|    n_updates        | 4317     |
----------------------------------
----------------------------------
| rollout/            |          |
|    ep_len_mean      | 60       |
|    ep_rew_mean      | 42       |
|    exploration_rate | 0.05     |
| time/               |          |
|    episodes         | 1172     |
|    fps              | 97       |
|    time_elapsed     | 717      |
|    total_timesteps  | 70320    |
| train/              |          |
|    learning_rate    | 0.0001   |
|    loss             | 0.367    |
|    n_updates        | 4332     |
----------------------------------
----------------------------------
| rollout/            |          |
|    ep_len_mean      | 60       |
|    ep_rew_mean      | 41.8     |
|    exploration_rate | 0.05     |
| time/               |          |
|    episodes         | 1176     |
|    fps              | 98       |
|    time_elapsed     | 719      |
|    total_timesteps  | 70560    |
| train/              |          |
|    learning_rate    | 0.0001   |
|    loss             | 0.26     |
|    n_updates        | 4347     |
----------------------------------
----------------------------------
| rollout/            |          |
|    ep_len_mean      | 60       |
|    ep_rew_mean      | 41.9     |
|    exploration_rate | 0.05     |
| time/               |          |
|    episodes         | 1180     |
|    fps              | 98       |
|    time_elapsed     | 722      |
|    total_timesteps  | 70800    |
| train/              |          |
|    learning_rate    | 0.0001   |
|    loss             | 1.18     |
|    n_updates        | 4362     |
----------------------------------
----------------------------------
| rollout/            |          |
|    ep_len_mean      | 60       |
|    ep_rew_mean      | 41.7     |
|    exploration_rate | 0.05     |
| time/               |          |
|    episodes         | 1184     |
|    fps              | 98       |
|    time_elapsed     | 724      |
|    total_timesteps  | 71040    |
| train/              |          |
|    learning_rate    | 0.0001   |
|    loss             | 0.288    |
|    n_updates        | 4377     |
----------------------------------
----------------------------------
| rollout/            |          |
|    ep_len_mean      | 60       |
|    ep_rew_mean      | 41.7     |
|    exploration_rate | 0.05     |
| time/               |          |
|    episodes         | 1188     |
|    fps              | 98       |
|    time_elapsed     | 726      |
|    total_timesteps  | 71280    |
| train/              |          |
|    learning_rate    | 0.0001   |
|    loss             | 0.547    |
|    n_updates        | 4392     |
----------------------------------
----------------------------------
| rollout/            |          |
|    ep_len_mean      | 60       |
|    ep_rew_mean      | 41.7     |
|    exploration_rate | 0.05     |
| time/               |          |
|    episodes         | 1192     |
|    fps              | 98       |
|    time_elapsed     | 728      |
|    total_timesteps  | 71520    |
| train/              |          |
|    learning_rate    | 0.0001   |
|    loss             | 1.18     |
|    n_updates        | 4407     |
----------------------------------
----------------------------------
| rollout/            |          |
|    ep_len_mean      | 60       |
|    ep_rew_mean      | 41.7     |
|    exploration_rate | 0.05     |
| time/               |          |
|    episodes         | 1196     |
|    fps              | 98       |
|    time_elapsed     | 730      |
|    total_timesteps  | 71760    |
| train/              |          |
|    learning_rate    | 0.0001   |
|    loss             | 0.32     |
|    n_updates        | 4422     |
----------------------------------
----------------------------------
| rollout/            |          |
|    ep_len_mean      | 60       |
|    ep_rew_mean      | 41.8     |
|    exploration_rate | 0.05     |
| time/               |          |
|    episodes         | 1200     |
|    fps              | 98       |
|    time_elapsed     | 733      |
|    total_timesteps  | 72000    |
| train/              |          |
|    learning_rate    | 0.0001   |
|    loss             | 1.23     |
|    n_updates        | 4437     |
----------------------------------
----------------------------------
| rollout/            |          |
|    ep_len_mean      | 60       |
|    ep_rew_mean      | 41.7     |
|    exploration_rate | 0.05     |
| time/               |          |
|    episodes         | 1204     |
|    fps              | 98       |
|    time_elapsed     | 735      |
|    total_timesteps  | 72240    |
| train/              |          |
|    learning_rate    | 0.0001   |
|    loss             | 0.161    |
|    n_updates        | 4452     |
----------------------------------
----------------------------------
| rollout/            |          |
|    ep_len_mean      | 60       |
|    ep_rew_mean      | 41.8     |
|    exploration_rate | 0.05     |
| time/               |          |
|    episodes         | 1208     |
|    fps              | 98       |
|    time_elapsed     | 737      |
|    total_timesteps  | 72480    |
| train/              |          |
|    learning_rate    | 0.0001   |
|    loss             | 0.271    |
|    n_updates        | 4467     |
----------------------------------
----------------------------------
| rollout/            |          |
|    ep_len_mean      | 60       |
|    ep_rew_mean      | 41.8     |
|    exploration_rate | 0.05     |
| time/               |          |
|    episodes         | 1212     |
|    fps              | 98       |
|    time_elapsed     | 739      |
|    total_timesteps  | 72720    |
| train/              |          |
|    learning_rate    | 0.0001   |
|    loss             | 0.196    |
|    n_updates        | 4482     |
----------------------------------
----------------------------------
| rollout/            |          |
|    ep_len_mean      | 60       |
|    ep_rew_mean      | 41.7     |
|    exploration_rate | 0.05     |
| time/               |          |
|    episodes         | 1216     |
|    fps              | 98       |
|    time_elapsed     | 741      |
|    total_timesteps  | 72960    |
| train/              |          |
|    learning_rate    | 0.0001   |
|    loss             | 1.22     |
|    n_updates        | 4497     |
----------------------------------
----------------------------------
| rollout/            |          |
|    ep_len_mean      | 60       |
|    ep_rew_mean      | 41.7     |
|    exploration_rate | 0.05     |
| time/               |          |
|    episodes         | 1220     |
|    fps              | 98       |
|    time_elapsed     | 744      |
|    total_timesteps  | 73200    |
| train/              |          |
|    learning_rate    | 0.0001   |
|    loss             | 1.41     |
|    n_updates        | 4512     |
----------------------------------
----------------------------------
| rollout/            |          |
|    ep_len_mean      | 60       |
|    ep_rew_mean      | 41.5     |
|    exploration_rate | 0.05     |
| time/               |          |
|    episodes         | 1224     |
|    fps              | 98       |
|    time_elapsed     | 746      |
|    total_timesteps  | 73440    |
| train/              |          |
|    learning_rate    | 0.0001   |
|    loss             | 1.62     |
|    n_updates        | 4527     |
----------------------------------
----------------------------------
| rollout/            |          |
|    ep_len_mean      | 60       |
|    ep_rew_mean      | 41.5     |
|    exploration_rate | 0.05     |
| time/               |          |
|    episodes         | 1228     |
|    fps              | 98       |
|    time_elapsed     | 748      |
|    total_timesteps  | 73680    |
| train/              |          |
|    learning_rate    | 0.0001   |
|    loss             | 1.56     |
|    n_updates        | 4542     |
----------------------------------
----------------------------------
| rollout/            |          |
|    ep_len_mean      | 60       |
|    ep_rew_mean      | 41.5     |
|    exploration_rate | 0.05     |
| time/               |          |
|    episodes         | 1232     |
|    fps              | 98       |
|    time_elapsed     | 750      |
|    total_timesteps  | 73920    |
| train/              |          |
|    learning_rate    | 0.0001   |
|    loss             | 0.13     |
|    n_updates        | 4557     |
----------------------------------
----------------------------------
| rollout/            |          |
|    ep_len_mean      | 60       |
|    ep_rew_mean      | 41.5     |
|    exploration_rate | 0.05     |
| time/               |          |
|    episodes         | 1236     |
|    fps              | 98       |
|    time_elapsed     | 752      |
|    total_timesteps  | 74160    |
| train/              |          |
|    learning_rate    | 0.0001   |
|    loss             | 0.279    |
|    n_updates        | 4572     |
----------------------------------
----------------------------------
| rollout/            |          |
|    ep_len_mean      | 60       |
|    ep_rew_mean      | 41.4     |
|    exploration_rate | 0.05     |
| time/               |          |
|    episodes         | 1240     |
|    fps              | 98       |
|    time_elapsed     | 755      |
|    total_timesteps  | 74400    |
| train/              |          |
|    learning_rate    | 0.0001   |
|    loss             | 2.54     |
|    n_updates        | 4587     |
----------------------------------
----------------------------------
| rollout/            |          |
|    ep_len_mean      | 60       |
|    ep_rew_mean      | 41.3     |
|    exploration_rate | 0.05     |
| time/               |          |
|    episodes         | 1244     |
|    fps              | 98       |
|    time_elapsed     | 757      |
|    total_timesteps  | 74640    |
| train/              |          |
|    learning_rate    | 0.0001   |
|    loss             | 1.24     |
|    n_updates        | 4602     |
----------------------------------
----------------------------------
| rollout/            |          |
|    ep_len_mean      | 60       |
|    ep_rew_mean      | 41.3     |
|    exploration_rate | 0.05     |
| time/               |          |
|    episodes         | 1248     |
|    fps              | 98       |
|    time_elapsed     | 759      |
|    total_timesteps  | 74880    |
| train/              |          |
|    learning_rate    | 0.0001   |
|    loss             | 1.46     |
|    n_updates        | 4617     |
----------------------------------
----------------------------------
| rollout/            |          |
|    ep_len_mean      | 60       |
|    ep_rew_mean      | 41.4     |
|    exploration_rate | 0.05     |
| time/               |          |
|    episodes         | 1252     |
|    fps              | 98       |
|    time_elapsed     | 761      |
|    total_timesteps  | 75120    |
| train/              |          |
|    learning_rate    | 0.0001   |
|    loss             | 0.4      |
|    n_updates        | 4632     |
----------------------------------
----------------------------------
| rollout/            |          |
|    ep_len_mean      | 60       |
|    ep_rew_mean      | 41.2     |
|    exploration_rate | 0.05     |
| time/               |          |
|    episodes         | 1256     |
|    fps              | 98       |
|    time_elapsed     | 764      |
|    total_timesteps  | 75360    |
| train/              |          |
|    learning_rate    | 0.0001   |
|    loss             | 0.355    |
|    n_updates        | 4647     |
----------------------------------
----------------------------------
| rollout/            |          |
|    ep_len_mean      | 60       |
|    ep_rew_mean      | 41.2     |
|    exploration_rate | 0.05     |
| time/               |          |
|    episodes         | 1260     |
|    fps              | 98       |
|    time_elapsed     | 766      |
|    total_timesteps  | 75600    |
| train/              |          |
|    learning_rate    | 0.0001   |
|    loss             | 1.13     |
|    n_updates        | 4662     |
----------------------------------
----------------------------------
| rollout/            |          |
|    ep_len_mean      | 60       |
|    ep_rew_mean      | 41.2     |
|    exploration_rate | 0.05     |
| time/               |          |
|    episodes         | 1264     |
|    fps              | 98       |
|    time_elapsed     | 768      |
|    total_timesteps  | 75840    |
| train/              |          |
|    learning_rate    | 0.0001   |
|    loss             | 1.29     |
|    n_updates        | 4677     |
----------------------------------
----------------------------------
| rollout/            |          |
|    ep_len_mean      | 60       |
|    ep_rew_mean      | 41.1     |
|    exploration_rate | 0.05     |
| time/               |          |
|    episodes         | 1268     |
|    fps              | 98       |
|    time_elapsed     | 770      |
|    total_timesteps  | 76080    |
| train/              |          |
|    learning_rate    | 0.0001   |
|    loss             | 1.21     |
|    n_updates        | 4692     |
----------------------------------
----------------------------------
| rollout/            |          |
|    ep_len_mean      | 60       |
|    ep_rew_mean      | 41       |
|    exploration_rate | 0.05     |
| time/               |          |
|    episodes         | 1272     |
|    fps              | 98       |
|    time_elapsed     | 772      |
|    total_timesteps  | 76320    |
| train/              |          |
|    learning_rate    | 0.0001   |
|    loss             | 0.0336   |
|    n_updates        | 4707     |
----------------------------------
----------------------------------
| rollout/            |          |
|    ep_len_mean      | 60       |
|    ep_rew_mean      | 41.2     |
|    exploration_rate | 0.05     |
| time/               |          |
|    episodes         | 1276     |
|    fps              | 98       |
|    time_elapsed     | 774      |
|    total_timesteps  | 76560    |
| train/              |          |
|    learning_rate    | 0.0001   |
|    loss             | 0.282    |
|    n_updates        | 4722     |
----------------------------------
----------------------------------
| rollout/            |          |
|    ep_len_mean      | 60       |
|    ep_rew_mean      | 41.1     |
|    exploration_rate | 0.05     |
| time/               |          |
|    episodes         | 1280     |
|    fps              | 98       |
|    time_elapsed     | 777      |
|    total_timesteps  | 76800    |
| train/              |          |
|    learning_rate    | 0.0001   |
|    loss             | 2.39     |
|    n_updates        | 4737     |
----------------------------------
----------------------------------
| rollout/            |          |
|    ep_len_mean      | 60       |
|    ep_rew_mean      | 41.1     |
|    exploration_rate | 0.05     |
| time/               |          |
|    episodes         | 1284     |
|    fps              | 98       |
|    time_elapsed     | 779      |
|    total_timesteps  | 77040    |
| train/              |          |
|    learning_rate    | 0.0001   |
|    loss             | 2.37     |
|    n_updates        | 4752     |
----------------------------------
----------------------------------
| rollout/            |          |
|    ep_len_mean      | 60       |
|    ep_rew_mean      | 41       |
|    exploration_rate | 0.05     |
| time/               |          |
|    episodes         | 1288     |
|    fps              | 98       |
|    time_elapsed     | 781      |
|    total_timesteps  | 77280    |
| train/              |          |
|    learning_rate    | 0.0001   |
|    loss             | 1.41     |
|    n_updates        | 4767     |
----------------------------------
----------------------------------
| rollout/            |          |
|    ep_len_mean      | 60       |
|    ep_rew_mean      | 41       |
|    exploration_rate | 0.05     |
| time/               |          |
|    episodes         | 1292     |
|    fps              | 98       |
|    time_elapsed     | 783      |
|    total_timesteps  | 77520    |
| train/              |          |
|    learning_rate    | 0.0001   |
|    loss             | 2.63     |
|    n_updates        | 4782     |
----------------------------------
----------------------------------
| rollout/            |          |
|    ep_len_mean      | 60       |
|    ep_rew_mean      | 41.1     |
|    exploration_rate | 0.05     |
| time/               |          |
|    episodes         | 1296     |
|    fps              | 98       |
|    time_elapsed     | 786      |
|    total_timesteps  | 77760    |
| train/              |          |
|    learning_rate    | 0.0001   |
|    loss             | 0.222    |
|    n_updates        | 4797     |
----------------------------------
----------------------------------
| rollout/            |          |
|    ep_len_mean      | 60       |
|    ep_rew_mean      | 41       |
|    exploration_rate | 0.05     |
| time/               |          |
|    episodes         | 1300     |
|    fps              | 98       |
|    time_elapsed     | 788      |
|    total_timesteps  | 78000    |
| train/              |          |
|    learning_rate    | 0.0001   |
|    loss             | 0.169    |
|    n_updates        | 4812     |
----------------------------------
----------------------------------
| rollout/            |          |
|    ep_len_mean      | 60       |
|    ep_rew_mean      | 40.9     |
|    exploration_rate | 0.05     |
| time/               |          |
|    episodes         | 1304     |
|    fps              | 98       |
|    time_elapsed     | 790      |
|    total_timesteps  | 78240    |
| train/              |          |
|    learning_rate    | 0.0001   |
|    loss             | 0.181    |
|    n_updates        | 4827     |
----------------------------------
----------------------------------
| rollout/            |          |
|    ep_len_mean      | 60       |
|    ep_rew_mean      | 41       |
|    exploration_rate | 0.05     |
| time/               |          |
|    episodes         | 1308     |
|    fps              | 99       |
|    time_elapsed     | 792      |
|    total_timesteps  | 78480    |
| train/              |          |
|    learning_rate    | 0.0001   |
|    loss             | 1.2      |
|    n_updates        | 4842     |
----------------------------------
----------------------------------
| rollout/            |          |
|    ep_len_mean      | 60       |
|    ep_rew_mean      | 41       |
|    exploration_rate | 0.05     |
| time/               |          |
|    episodes         | 1312     |
|    fps              | 99       |
|    time_elapsed     | 794      |
|    total_timesteps  | 78720    |
| train/              |          |
|    learning_rate    | 0.0001   |
|    loss             | 3.58     |
|    n_updates        | 4857     |
----------------------------------
----------------------------------
| rollout/            |          |
|    ep_len_mean      | 60       |
|    ep_rew_mean      | 41.1     |
|    exploration_rate | 0.05     |
| time/               |          |
|    episodes         | 1316     |
|    fps              | 99       |
|    time_elapsed     | 796      |
|    total_timesteps  | 78960    |
| train/              |          |
|    learning_rate    | 0.0001   |
|    loss             | 0.227    |
|    n_updates        | 4872     |
----------------------------------
----------------------------------
| rollout/            |          |
|    ep_len_mean      | 60       |
|    ep_rew_mean      | 40.9     |
|    exploration_rate | 0.05     |
| time/               |          |
|    episodes         | 1320     |
|    fps              | 99       |
|    time_elapsed     | 798      |
|    total_timesteps  | 79200    |
| train/              |          |
|    learning_rate    | 0.0001   |
|    loss             | 0.261    |
|    n_updates        | 4887     |
----------------------------------
----------------------------------
| rollout/            |          |
|    ep_len_mean      | 60       |
|    ep_rew_mean      | 41.1     |
|    exploration_rate | 0.05     |
| time/               |          |
|    episodes         | 1324     |
|    fps              | 99       |
|    time_elapsed     | 801      |
|    total_timesteps  | 79440    |
| train/              |          |
|    learning_rate    | 0.0001   |
|    loss             | 0.174    |
|    n_updates        | 4902     |
----------------------------------
----------------------------------
| rollout/            |          |
|    ep_len_mean      | 60       |
|    ep_rew_mean      | 41.1     |
|    exploration_rate | 0.05     |
| time/               |          |
|    episodes         | 1328     |
|    fps              | 99       |
|    time_elapsed     | 803      |
|    total_timesteps  | 79680    |
| train/              |          |
|    learning_rate    | 0.0001   |
|    loss             | 1.44     |
|    n_updates        | 4917     |
----------------------------------
----------------------------------
| rollout/            |          |
|    ep_len_mean      | 60       |
|    ep_rew_mean      | 41.2     |
|    exploration_rate | 0.05     |
| time/               |          |
|    episodes         | 1332     |
|    fps              | 99       |
|    time_elapsed     | 805      |
|    total_timesteps  | 79920    |
| train/              |          |
|    learning_rate    | 0.0001   |
|    loss             | 2.47     |
|    n_updates        | 4932     |
----------------------------------
----------------------------------
| rollout/            |          |
|    ep_len_mean      | 60       |
|    ep_rew_mean      | 41.2     |
|    exploration_rate | 0.05     |
| time/               |          |
|    episodes         | 1336     |
|    fps              | 99       |
|    time_elapsed     | 807      |
|    total_timesteps  | 80160    |
| train/              |          |
|    learning_rate    | 0.0001   |
|    loss             | 1.33     |
|    n_updates        | 4947     |
----------------------------------
----------------------------------
| rollout/            |          |
|    ep_len_mean      | 60       |
|    ep_rew_mean      | 41.3     |
|    exploration_rate | 0.05     |
| time/               |          |
|    episodes         | 1340     |
|    fps              | 99       |
|    time_elapsed     | 809      |
|    total_timesteps  | 80400    |
| train/              |          |
|    learning_rate    | 0.0001   |
|    loss             | 0.23     |
|    n_updates        | 4962     |
----------------------------------
----------------------------------
| rollout/            |          |
|    ep_len_mean      | 60       |
|    ep_rew_mean      | 41.3     |
|    exploration_rate | 0.05     |
| time/               |          |
|    episodes         | 1344     |
|    fps              | 99       |
|    time_elapsed     | 812      |
|    total_timesteps  | 80640    |
| train/              |          |
|    learning_rate    | 0.0001   |
|    loss             | 0.0987   |
|    n_updates        | 4977     |
----------------------------------
----------------------------------
| rollout/            |          |
|    ep_len_mean      | 60       |
|    ep_rew_mean      | 41.2     |
|    exploration_rate | 0.05     |
| time/               |          |
|    episodes         | 1348     |
|    fps              | 99       |
|    time_elapsed     | 814      |
|    total_timesteps  | 80880    |
| train/              |          |
|    learning_rate    | 0.0001   |
|    loss             | 0.16     |
|    n_updates        | 4992     |
----------------------------------
----------------------------------
| rollout/            |          |
|    ep_len_mean      | 60       |
|    ep_rew_mean      | 41.2     |
|    exploration_rate | 0.05     |
| time/               |          |
|    episodes         | 1352     |
|    fps              | 99       |
|    time_elapsed     | 816      |
|    total_timesteps  | 81120    |
| train/              |          |
|    learning_rate    | 0.0001   |
|    loss             | 0.1      |
|    n_updates        | 5007     |
----------------------------------
----------------------------------
| rollout/            |          |
|    ep_len_mean      | 60       |
|    ep_rew_mean      | 41.4     |
|    exploration_rate | 0.05     |
| time/               |          |
|    episodes         | 1356     |
|    fps              | 99       |
|    time_elapsed     | 818      |
|    total_timesteps  | 81360    |
| train/              |          |
|    learning_rate    | 0.0001   |
|    loss             | 0.0665   |
|    n_updates        | 5022     |
----------------------------------
----------------------------------
| rollout/            |          |
|    ep_len_mean      | 60       |
|    ep_rew_mean      | 41.4     |
|    exploration_rate | 0.05     |
| time/               |          |
|    episodes         | 1360     |
|    fps              | 99       |
|    time_elapsed     | 821      |
|    total_timesteps  | 81600    |
| train/              |          |
|    learning_rate    | 0.0001   |
|    loss             | 0.418    |
|    n_updates        | 5037     |
----------------------------------
----------------------------------
| rollout/            |          |
|    ep_len_mean      | 60       |
|    ep_rew_mean      | 41.5     |
|    exploration_rate | 0.05     |
| time/               |          |
|    episodes         | 1364     |
|    fps              | 99       |
|    time_elapsed     | 823      |
|    total_timesteps  | 81840    |
| train/              |          |
|    learning_rate    | 0.0001   |
|    loss             | 0.186    |
|    n_updates        | 5052     |
----------------------------------
----------------------------------
| rollout/            |          |
|    ep_len_mean      | 60       |
|    ep_rew_mean      | 41.5     |
|    exploration_rate | 0.05     |
| time/               |          |
|    episodes         | 1368     |
|    fps              | 99       |
|    time_elapsed     | 825      |
|    total_timesteps  | 82080    |
| train/              |          |
|    learning_rate    | 0.0001   |
|    loss             | 0.167    |
|    n_updates        | 5067     |
----------------------------------
----------------------------------
| rollout/            |          |
|    ep_len_mean      | 60       |
|    ep_rew_mean      | 41.5     |
|    exploration_rate | 0.05     |
| time/               |          |
|    episodes         | 1372     |
|    fps              | 99       |
|    time_elapsed     | 827      |
|    total_timesteps  | 82320    |
| train/              |          |
|    learning_rate    | 0.0001   |
|    loss             | 1.5      |
|    n_updates        | 5082     |
----------------------------------
----------------------------------
| rollout/            |          |
|    ep_len_mean      | 60       |
|    ep_rew_mean      | 41.5     |
|    exploration_rate | 0.05     |
| time/               |          |
|    episodes         | 1376     |
|    fps              | 99       |
|    time_elapsed     | 830      |
|    total_timesteps  | 82560    |
| train/              |          |
|    learning_rate    | 0.0001   |
|    loss             | 0.195    |
|    n_updates        | 5097     |
----------------------------------
----------------------------------
| rollout/            |          |
|    ep_len_mean      | 60       |
|    ep_rew_mean      | 41.5     |
|    exploration_rate | 0.05     |
| time/               |          |
|    episodes         | 1380     |
|    fps              | 99       |
|    time_elapsed     | 832      |
|    total_timesteps  | 82800    |
| train/              |          |
|    learning_rate    | 0.0001   |
|    loss             | 0.11     |
|    n_updates        | 5112     |
----------------------------------
----------------------------------
| rollout/            |          |
|    ep_len_mean      | 60       |
|    ep_rew_mean      | 41.5     |
|    exploration_rate | 0.05     |
| time/               |          |
|    episodes         | 1384     |
|    fps              | 99       |
|    time_elapsed     | 834      |
|    total_timesteps  | 83040    |
| train/              |          |
|    learning_rate    | 0.0001   |
|    loss             | 1.42     |
|    n_updates        | 5127     |
----------------------------------
----------------------------------
| rollout/            |          |
|    ep_len_mean      | 60       |
|    ep_rew_mean      | 41.6     |
|    exploration_rate | 0.05     |
| time/               |          |
|    episodes         | 1388     |
|    fps              | 99       |
|    time_elapsed     | 836      |
|    total_timesteps  | 83280    |
| train/              |          |
|    learning_rate    | 0.0001   |
|    loss             | 0.323    |
|    n_updates        | 5142     |
----------------------------------
----------------------------------
| rollout/            |          |
|    ep_len_mean      | 60       |
|    ep_rew_mean      | 41.5     |
|    exploration_rate | 0.05     |
| time/               |          |
|    episodes         | 1392     |
|    fps              | 99       |
|    time_elapsed     | 838      |
|    total_timesteps  | 83520    |
| train/              |          |
|    learning_rate    | 0.0001   |
|    loss             | 0.277    |
|    n_updates        | 5157     |
----------------------------------
----------------------------------
| rollout/            |          |
|    ep_len_mean      | 60       |
|    ep_rew_mean      | 41.4     |
|    exploration_rate | 0.05     |
| time/               |          |
|    episodes         | 1396     |
|    fps              | 99       |
|    time_elapsed     | 840      |
|    total_timesteps  | 83760    |
| train/              |          |
|    learning_rate    | 0.0001   |
|    loss             | 0.186    |
|    n_updates        | 5172     |
----------------------------------
----------------------------------
| rollout/            |          |
|    ep_len_mean      | 60       |
|    ep_rew_mean      | 41.5     |
|    exploration_rate | 0.05     |
| time/               |          |
|    episodes         | 1400     |
|    fps              | 99       |
|    time_elapsed     | 843      |
|    total_timesteps  | 84000    |
| train/              |          |
|    learning_rate    | 0.0001   |
|    loss             | 0.338    |
|    n_updates        | 5187     |
----------------------------------
----------------------------------
| rollout/            |          |
|    ep_len_mean      | 60       |
|    ep_rew_mean      | 41.7     |
|    exploration_rate | 0.05     |
| time/               |          |
|    episodes         | 1404     |
|    fps              | 99       |
|    time_elapsed     | 845      |
|    total_timesteps  | 84240    |
| train/              |          |
|    learning_rate    | 0.0001   |
|    loss             | 1.39     |
|    n_updates        | 5202     |
----------------------------------
----------------------------------
| rollout/            |          |
|    ep_len_mean      | 60       |
|    ep_rew_mean      | 41.7     |
|    exploration_rate | 0.05     |
| time/               |          |
|    episodes         | 1408     |
|    fps              | 99       |
|    time_elapsed     | 847      |
|    total_timesteps  | 84480    |
| train/              |          |
|    learning_rate    | 0.0001   |
|    loss             | 1.41     |
|    n_updates        | 5217     |
----------------------------------
----------------------------------
| rollout/            |          |
|    ep_len_mean      | 60       |
|    ep_rew_mean      | 41.7     |
|    exploration_rate | 0.05     |
| time/               |          |
|    episodes         | 1412     |
|    fps              | 99       |
|    time_elapsed     | 849      |
|    total_timesteps  | 84720    |
| train/              |          |
|    learning_rate    | 0.0001   |
|    loss             | 0.145    |
|    n_updates        | 5232     |
----------------------------------
----------------------------------
| rollout/            |          |
|    ep_len_mean      | 60       |
|    ep_rew_mean      | 41.6     |
|    exploration_rate | 0.05     |
| time/               |          |
|    episodes         | 1416     |
|    fps              | 99       |
|    time_elapsed     | 851      |
|    total_timesteps  | 84960    |
| train/              |          |
|    learning_rate    | 0.0001   |
|    loss             | 0.28     |
|    n_updates        | 5247     |
----------------------------------
----------------------------------
| rollout/            |          |
|    ep_len_mean      | 60       |
|    ep_rew_mean      | 41.7     |
|    exploration_rate | 0.05     |
| time/               |          |
|    episodes         | 1420     |
|    fps              | 99       |
|    time_elapsed     | 853      |
|    total_timesteps  | 85200    |
| train/              |          |
|    learning_rate    | 0.0001   |
|    loss             | 0.214    |
|    n_updates        | 5262     |
----------------------------------
----------------------------------
| rollout/            |          |
|    ep_len_mean      | 60       |
|    ep_rew_mean      | 41.6     |
|    exploration_rate | 0.05     |
| time/               |          |
|    episodes         | 1424     |
|    fps              | 99       |
|    time_elapsed     | 856      |
|    total_timesteps  | 85440    |
| train/              |          |
|    learning_rate    | 0.0001   |
|    loss             | 0.16     |
|    n_updates        | 5277     |
----------------------------------
----------------------------------
| rollout/            |          |
|    ep_len_mean      | 60       |
|    ep_rew_mean      | 41.5     |
|    exploration_rate | 0.05     |
| time/               |          |
|    episodes         | 1428     |
|    fps              | 99       |
|    time_elapsed     | 858      |
|    total_timesteps  | 85680    |
| train/              |          |
|    learning_rate    | 0.0001   |
|    loss             | 1.33     |
|    n_updates        | 5292     |
----------------------------------
----------------------------------
| rollout/            |          |
|    ep_len_mean      | 60       |
|    ep_rew_mean      | 41.3     |
|    exploration_rate | 0.05     |
| time/               |          |
|    episodes         | 1432     |
|    fps              | 99       |
|    time_elapsed     | 860      |
|    total_timesteps  | 85920    |
| train/              |          |
|    learning_rate    | 0.0001   |
|    loss             | 0.101    |
|    n_updates        | 5307     |
----------------------------------
----------------------------------
| rollout/            |          |
|    ep_len_mean      | 60       |
|    ep_rew_mean      | 41.3     |
|    exploration_rate | 0.05     |
| time/               |          |
|    episodes         | 1436     |
|    fps              | 99       |
|    time_elapsed     | 862      |
|    total_timesteps  | 86160    |
| train/              |          |
|    learning_rate    | 0.0001   |
|    loss             | 0.146    |
|    n_updates        | 5322     |
----------------------------------
----------------------------------
| rollout/            |          |
|    ep_len_mean      | 60       |
|    ep_rew_mean      | 41.2     |
|    exploration_rate | 0.05     |
| time/               |          |
|    episodes         | 1440     |
|    fps              | 99       |
|    time_elapsed     | 864      |
|    total_timesteps  | 86400    |
| train/              |          |
|    learning_rate    | 0.0001   |
|    loss             | 1.32     |
|    n_updates        | 5337     |
----------------------------------
----------------------------------
| rollout/            |          |
|    ep_len_mean      | 60       |
|    ep_rew_mean      | 41.1     |
|    exploration_rate | 0.05     |
| time/               |          |
|    episodes         | 1444     |
|    fps              | 99       |
|    time_elapsed     | 866      |
|    total_timesteps  | 86640    |
| train/              |          |
|    learning_rate    | 0.0001   |
|    loss             | 0.241    |
|    n_updates        | 5352     |
----------------------------------
----------------------------------
| rollout/            |          |
|    ep_len_mean      | 60       |
|    ep_rew_mean      | 41       |
|    exploration_rate | 0.05     |
| time/               |          |
|    episodes         | 1448     |
|    fps              | 99       |
|    time_elapsed     | 868      |
|    total_timesteps  | 86880    |
| train/              |          |
|    learning_rate    | 0.0001   |
|    loss             | 0.137    |
|    n_updates        | 5367     |
----------------------------------
----------------------------------
| rollout/            |          |
|    ep_len_mean      | 60       |
|    ep_rew_mean      | 41       |
|    exploration_rate | 0.05     |
| time/               |          |
|    episodes         | 1452     |
|    fps              | 99       |
|    time_elapsed     | 871      |
|    total_timesteps  | 87120    |
| train/              |          |
|    learning_rate    | 0.0001   |
|    loss             | 0.0942   |
|    n_updates        | 5382     |
----------------------------------
----------------------------------
| rollout/            |          |
|    ep_len_mean      | 60       |
|    ep_rew_mean      | 40.9     |
|    exploration_rate | 0.05     |
| time/               |          |
|    episodes         | 1456     |
|    fps              | 100      |
|    time_elapsed     | 873      |
|    total_timesteps  | 87360    |
| train/              |          |
|    learning_rate    | 0.0001   |
|    loss             | 0.118    |
|    n_updates        | 5397     |
----------------------------------
----------------------------------
| rollout/            |          |
|    ep_len_mean      | 60       |
|    ep_rew_mean      | 41       |
|    exploration_rate | 0.05     |
| time/               |          |
|    episodes         | 1460     |
|    fps              | 100      |
|    time_elapsed     | 875      |
|    total_timesteps  | 87600    |
| train/              |          |
|    learning_rate    | 0.0001   |
|    loss             | 0.134    |
|    n_updates        | 5412     |
----------------------------------
----------------------------------
| rollout/            |          |
|    ep_len_mean      | 60       |
|    ep_rew_mean      | 40.9     |
|    exploration_rate | 0.05     |
| time/               |          |
|    episodes         | 1464     |
|    fps              | 100      |
|    time_elapsed     | 877      |
|    total_timesteps  | 87840    |
| train/              |          |
|    learning_rate    | 0.0001   |
|    loss             | 0.164    |
|    n_updates        | 5427     |
----------------------------------
----------------------------------
| rollout/            |          |
|    ep_len_mean      | 60       |
|    ep_rew_mean      | 41       |
|    exploration_rate | 0.05     |
| time/               |          |
|    episodes         | 1468     |
|    fps              | 100      |
|    time_elapsed     | 879      |
|    total_timesteps  | 88080    |
| train/              |          |
|    learning_rate    | 0.0001   |
|    loss             | 1.65     |
|    n_updates        | 5442     |
----------------------------------
----------------------------------
| rollout/            |          |
|    ep_len_mean      | 60       |
|    ep_rew_mean      | 41       |
|    exploration_rate | 0.05     |
| time/               |          |
|    episodes         | 1472     |
|    fps              | 100      |
|    time_elapsed     | 882      |
|    total_timesteps  | 88320    |
| train/              |          |
|    learning_rate    | 0.0001   |
|    loss             | 1.46     |
|    n_updates        | 5457     |
----------------------------------
----------------------------------
| rollout/            |          |
|    ep_len_mean      | 60       |
|    ep_rew_mean      | 40.9     |
|    exploration_rate | 0.05     |
| time/               |          |
|    episodes         | 1476     |
|    fps              | 100      |
|    time_elapsed     | 884      |
|    total_timesteps  | 88560    |
| train/              |          |
|    learning_rate    | 0.0001   |
|    loss             | 0.229    |
|    n_updates        | 5472     |
----------------------------------
----------------------------------
| rollout/            |          |
|    ep_len_mean      | 60       |
|    ep_rew_mean      | 41       |
|    exploration_rate | 0.05     |
| time/               |          |
|    episodes         | 1480     |
|    fps              | 100      |
|    time_elapsed     | 886      |
|    total_timesteps  | 88800    |
| train/              |          |
|    learning_rate    | 0.0001   |
|    loss             | 1.56     |
|    n_updates        | 5487     |
----------------------------------
----------------------------------
| rollout/            |          |
|    ep_len_mean      | 60       |
|    ep_rew_mean      | 41       |
|    exploration_rate | 0.05     |
| time/               |          |
|    episodes         | 1484     |
|    fps              | 100      |
|    time_elapsed     | 888      |
|    total_timesteps  | 89040    |
| train/              |          |
|    learning_rate    | 0.0001   |
|    loss             | 0.491    |
|    n_updates        | 5502     |
----------------------------------
----------------------------------
| rollout/            |          |
|    ep_len_mean      | 60       |
|    ep_rew_mean      | 40.9     |
|    exploration_rate | 0.05     |
| time/               |          |
|    episodes         | 1488     |
|    fps              | 100      |
|    time_elapsed     | 891      |
|    total_timesteps  | 89280    |
| train/              |          |
|    learning_rate    | 0.0001   |
|    loss             | 0.116    |
|    n_updates        | 5517     |
----------------------------------
----------------------------------
| rollout/            |          |
|    ep_len_mean      | 60       |
|    ep_rew_mean      | 41       |
|    exploration_rate | 0.05     |
| time/               |          |
|    episodes         | 1492     |
|    fps              | 100      |
|    time_elapsed     | 893      |
|    total_timesteps  | 89520    |
| train/              |          |
|    learning_rate    | 0.0001   |
|    loss             | 1.34     |
|    n_updates        | 5532     |
----------------------------------
----------------------------------
| rollout/            |          |
|    ep_len_mean      | 60       |
|    ep_rew_mean      | 41.1     |
|    exploration_rate | 0.05     |
| time/               |          |
|    episodes         | 1496     |
|    fps              | 100      |
|    time_elapsed     | 895      |
|    total_timesteps  | 89760    |
| train/              |          |
|    learning_rate    | 0.0001   |
|    loss             | 1.35     |
|    n_updates        | 5547     |
----------------------------------
----------------------------------
| rollout/            |          |
|    ep_len_mean      | 60       |
|    ep_rew_mean      | 41.1     |
|    exploration_rate | 0.05     |
| time/               |          |
|    episodes         | 1500     |
|    fps              | 100      |
|    time_elapsed     | 898      |
|    total_timesteps  | 90000    |
| train/              |          |
|    learning_rate    | 0.0001   |
|    loss             | 1.43     |
|    n_updates        | 5562     |
----------------------------------
----------------------------------
| rollout/            |          |
|    ep_len_mean      | 60       |
|    ep_rew_mean      | 41       |
|    exploration_rate | 0.05     |
| time/               |          |
|    episodes         | 1504     |
|    fps              | 100      |
|    time_elapsed     | 900      |
|    total_timesteps  | 90240    |
| train/              |          |
|    learning_rate    | 0.0001   |
|    loss             | 0.0929   |
|    n_updates        | 5577     |
----------------------------------
----------------------------------
| rollout/            |          |
|    ep_len_mean      | 60       |
|    ep_rew_mean      | 41.1     |
|    exploration_rate | 0.05     |
| time/               |          |
|    episodes         | 1508     |
|    fps              | 100      |
|    time_elapsed     | 902      |
|    total_timesteps  | 90480    |
| train/              |          |
|    learning_rate    | 0.0001   |
|    loss             | 1.45     |
|    n_updates        | 5592     |
----------------------------------
----------------------------------
| rollout/            |          |
|    ep_len_mean      | 60       |
|    ep_rew_mean      | 41.1     |
|    exploration_rate | 0.05     |
| time/               |          |
|    episodes         | 1512     |
|    fps              | 100      |
|    time_elapsed     | 904      |
|    total_timesteps  | 90720    |
| train/              |          |
|    learning_rate    | 0.0001   |
|    loss             | 1.41     |
|    n_updates        | 5607     |
----------------------------------
----------------------------------
| rollout/            |          |
|    ep_len_mean      | 60       |
|    ep_rew_mean      | 41.2     |
|    exploration_rate | 0.05     |
| time/               |          |
|    episodes         | 1516     |
|    fps              | 100      |
|    time_elapsed     | 906      |
|    total_timesteps  | 90960    |
| train/              |          |
|    learning_rate    | 0.0001   |
|    loss             | 0.131    |
|    n_updates        | 5622     |
----------------------------------
----------------------------------
| rollout/            |          |
|    ep_len_mean      | 60       |
|    ep_rew_mean      | 41.1     |
|    exploration_rate | 0.05     |
| time/               |          |
|    episodes         | 1520     |
|    fps              | 100      |
|    time_elapsed     | 908      |
|    total_timesteps  | 91200    |
| train/              |          |
|    learning_rate    | 0.0001   |
|    loss             | 1.63     |
|    n_updates        | 5637     |
----------------------------------
----------------------------------
| rollout/            |          |
|    ep_len_mean      | 60       |
|    ep_rew_mean      | 41.4     |
|    exploration_rate | 0.05     |
| time/               |          |
|    episodes         | 1524     |
|    fps              | 100      |
|    time_elapsed     | 911      |
|    total_timesteps  | 91440    |
| train/              |          |
|    learning_rate    | 0.0001   |
|    loss             | 1.48     |
|    n_updates        | 5652     |
----------------------------------
----------------------------------
| rollout/            |          |
|    ep_len_mean      | 60       |
|    ep_rew_mean      | 41.3     |
|    exploration_rate | 0.05     |
| time/               |          |
|    episodes         | 1528     |
|    fps              | 100      |
|    time_elapsed     | 913      |
|    total_timesteps  | 91680    |
| train/              |          |
|    learning_rate    | 0.0001   |
|    loss             | 1.34     |
|    n_updates        | 5667     |
----------------------------------
----------------------------------
| rollout/            |          |
|    ep_len_mean      | 60       |
|    ep_rew_mean      | 41.5     |
|    exploration_rate | 0.05     |
| time/               |          |
|    episodes         | 1532     |
|    fps              | 100      |
|    time_elapsed     | 915      |
|    total_timesteps  | 91920    |
| train/              |          |
|    learning_rate    | 0.0001   |
|    loss             | 0.264    |
|    n_updates        | 5682     |
----------------------------------
----------------------------------
| rollout/            |          |
|    ep_len_mean      | 60       |
|    ep_rew_mean      | 41.5     |
|    exploration_rate | 0.05     |
| time/               |          |
|    episodes         | 1536     |
|    fps              | 100      |
|    time_elapsed     | 917      |
|    total_timesteps  | 92160    |
| train/              |          |
|    learning_rate    | 0.0001   |
|    loss             | 1.49     |
|    n_updates        | 5697     |
----------------------------------
----------------------------------
| rollout/            |          |
|    ep_len_mean      | 60       |
|    ep_rew_mean      | 41.5     |
|    exploration_rate | 0.05     |
| time/               |          |
|    episodes         | 1540     |
|    fps              | 100      |
|    time_elapsed     | 919      |
|    total_timesteps  | 92400    |
| train/              |          |
|    learning_rate    | 0.0001   |
|    loss             | 0.23     |
|    n_updates        | 5712     |
----------------------------------
----------------------------------
| rollout/            |          |
|    ep_len_mean      | 60       |
|    ep_rew_mean      | 41.4     |
|    exploration_rate | 0.05     |
| time/               |          |
|    episodes         | 1544     |
|    fps              | 100      |
|    time_elapsed     | 922      |
|    total_timesteps  | 92640    |
| train/              |          |
|    learning_rate    | 0.0001   |
|    loss             | 1.72     |
|    n_updates        | 5727     |
----------------------------------
----------------------------------
| rollout/            |          |
|    ep_len_mean      | 60       |
|    ep_rew_mean      | 41.4     |
|    exploration_rate | 0.05     |
| time/               |          |
|    episodes         | 1548     |
|    fps              | 100      |
|    time_elapsed     | 924      |
|    total_timesteps  | 92880    |
| train/              |          |
|    learning_rate    | 0.0001   |
|    loss             | 0.1      |
|    n_updates        | 5742     |
----------------------------------
----------------------------------
| rollout/            |          |
|    ep_len_mean      | 60       |
|    ep_rew_mean      | 41.4     |
|    exploration_rate | 0.05     |
| time/               |          |
|    episodes         | 1552     |
|    fps              | 100      |
|    time_elapsed     | 926      |
|    total_timesteps  | 93120    |
| train/              |          |
|    learning_rate    | 0.0001   |
|    loss             | 0.236    |
|    n_updates        | 5757     |
----------------------------------
----------------------------------
| rollout/            |          |
|    ep_len_mean      | 60       |
|    ep_rew_mean      | 41.4     |
|    exploration_rate | 0.05     |
| time/               |          |
|    episodes         | 1556     |
|    fps              | 100      |
|    time_elapsed     | 928      |
|    total_timesteps  | 93360    |
| train/              |          |
|    learning_rate    | 0.0001   |
|    loss             | 0.126    |
|    n_updates        | 5772     |
----------------------------------
----------------------------------
| rollout/            |          |
|    ep_len_mean      | 60       |
|    ep_rew_mean      | 41.5     |
|    exploration_rate | 0.05     |
| time/               |          |
|    episodes         | 1560     |
|    fps              | 100      |
|    time_elapsed     | 930      |
|    total_timesteps  | 93600    |
| train/              |          |
|    learning_rate    | 0.0001   |
|    loss             | 0.328    |
|    n_updates        | 5787     |
----------------------------------
----------------------------------
| rollout/            |          |
|    ep_len_mean      | 60       |
|    ep_rew_mean      | 41.5     |
|    exploration_rate | 0.05     |
| time/               |          |
|    episodes         | 1564     |
|    fps              | 100      |
|    time_elapsed     | 933      |
|    total_timesteps  | 93840    |
| train/              |          |
|    learning_rate    | 0.0001   |
|    loss             | 2.89     |
|    n_updates        | 5802     |
----------------------------------
----------------------------------
| rollout/            |          |
|    ep_len_mean      | 60       |
|    ep_rew_mean      | 41.4     |
|    exploration_rate | 0.05     |
| time/               |          |
|    episodes         | 1568     |
|    fps              | 100      |
|    time_elapsed     | 935      |
|    total_timesteps  | 94080    |
| train/              |          |
|    learning_rate    | 0.0001   |
|    loss             | 0.356    |
|    n_updates        | 5817     |
----------------------------------
----------------------------------
| rollout/            |          |
|    ep_len_mean      | 60       |
|    ep_rew_mean      | 41.5     |
|    exploration_rate | 0.05     |
| time/               |          |
|    episodes         | 1572     |
|    fps              | 100      |
|    time_elapsed     | 937      |
|    total_timesteps  | 94320    |
| train/              |          |
|    learning_rate    | 0.0001   |
|    loss             | 3.05     |
|    n_updates        | 5832     |
----------------------------------
----------------------------------
| rollout/            |          |
|    ep_len_mean      | 60       |
|    ep_rew_mean      | 41.5     |
|    exploration_rate | 0.05     |
| time/               |          |
|    episodes         | 1576     |
|    fps              | 100      |
|    time_elapsed     | 939      |
|    total_timesteps  | 94560    |
| train/              |          |
|    learning_rate    | 0.0001   |
|    loss             | 1.43     |
|    n_updates        | 5847     |
----------------------------------
----------------------------------
| rollout/            |          |
|    ep_len_mean      | 60       |
|    ep_rew_mean      | 41.5     |
|    exploration_rate | 0.05     |
| time/               |          |
|    episodes         | 1580     |
|    fps              | 100      |
|    time_elapsed     | 941      |
|    total_timesteps  | 94800    |
| train/              |          |
|    learning_rate    | 0.0001   |
|    loss             | 1.37     |
|    n_updates        | 5862     |
----------------------------------
----------------------------------
| rollout/            |          |
|    ep_len_mean      | 60       |
|    ep_rew_mean      | 41.5     |
|    exploration_rate | 0.05     |
| time/               |          |
|    episodes         | 1584     |
|    fps              | 100      |
|    time_elapsed     | 944      |
|    total_timesteps  | 95040    |
| train/              |          |
|    learning_rate    | 0.0001   |
|    loss             | 1.53     |
|    n_updates        | 5877     |
----------------------------------
----------------------------------
| rollout/            |          |
|    ep_len_mean      | 60       |
|    ep_rew_mean      | 41.6     |
|    exploration_rate | 0.05     |
| time/               |          |
|    episodes         | 1588     |
|    fps              | 100      |
|    time_elapsed     | 946      |
|    total_timesteps  | 95280    |
| train/              |          |
|    learning_rate    | 0.0001   |
|    loss             | 2.68     |
|    n_updates        | 5892     |
----------------------------------
----------------------------------
| rollout/            |          |
|    ep_len_mean      | 60       |
|    ep_rew_mean      | 41.7     |
|    exploration_rate | 0.05     |
| time/               |          |
|    episodes         | 1592     |
|    fps              | 100      |
|    time_elapsed     | 948      |
|    total_timesteps  | 95520    |
| train/              |          |
|    learning_rate    | 0.0001   |
|    loss             | 0.0827   |
|    n_updates        | 5907     |
----------------------------------
----------------------------------
| rollout/            |          |
|    ep_len_mean      | 60       |
|    ep_rew_mean      | 41.6     |
|    exploration_rate | 0.05     |
| time/               |          |
|    episodes         | 1596     |
|    fps              | 100      |
|    time_elapsed     | 950      |
|    total_timesteps  | 95760    |
| train/              |          |
|    learning_rate    | 0.0001   |
|    loss             | 0.12     |
|    n_updates        | 5922     |
----------------------------------
----------------------------------
| rollout/            |          |
|    ep_len_mean      | 60       |
|    ep_rew_mean      | 41.6     |
|    exploration_rate | 0.05     |
| time/               |          |
|    episodes         | 1600     |
|    fps              | 100      |
|    time_elapsed     | 952      |
|    total_timesteps  | 96000    |
| train/              |          |
|    learning_rate    | 0.0001   |
|    loss             | 2.74     |
|    n_updates        | 5937     |
----------------------------------
----------------------------------
| rollout/            |          |
|    ep_len_mean      | 60       |
|    ep_rew_mean      | 41.6     |
|    exploration_rate | 0.05     |
| time/               |          |
|    episodes         | 1604     |
|    fps              | 100      |
|    time_elapsed     | 954      |
|    total_timesteps  | 96240    |
| train/              |          |
|    learning_rate    | 0.0001   |
|    loss             | 0.103    |
|    n_updates        | 5952     |
----------------------------------
----------------------------------
| rollout/            |          |
|    ep_len_mean      | 60       |
|    ep_rew_mean      | 41.5     |
|    exploration_rate | 0.05     |
| time/               |          |
|    episodes         | 1608     |
|    fps              | 100      |
|    time_elapsed     | 956      |
|    total_timesteps  | 96480    |
| train/              |          |
|    learning_rate    | 0.0001   |
|    loss             | 1.45     |
|    n_updates        | 5967     |
----------------------------------
----------------------------------
| rollout/            |          |
|    ep_len_mean      | 60       |
|    ep_rew_mean      | 41.3     |
|    exploration_rate | 0.05     |
| time/               |          |
|    episodes         | 1612     |
|    fps              | 100      |
|    time_elapsed     | 958      |
|    total_timesteps  | 96720    |
| train/              |          |
|    learning_rate    | 0.0001   |
|    loss             | 0.0491   |
|    n_updates        | 5982     |
----------------------------------
----------------------------------
| rollout/            |          |
|    ep_len_mean      | 60       |
|    ep_rew_mean      | 41.3     |
|    exploration_rate | 0.05     |
| time/               |          |
|    episodes         | 1616     |
|    fps              | 100      |
|    time_elapsed     | 961      |
|    total_timesteps  | 96960    |
| train/              |          |
|    learning_rate    | 0.0001   |
|    loss             | 0.0675   |
|    n_updates        | 5997     |
----------------------------------
----------------------------------
| rollout/            |          |
|    ep_len_mean      | 60       |
|    ep_rew_mean      | 41.3     |
|    exploration_rate | 0.05     |
| time/               |          |
|    episodes         | 1620     |
|    fps              | 100      |
|    time_elapsed     | 963      |
|    total_timesteps  | 97200    |
| train/              |          |
|    learning_rate    | 0.0001   |
|    loss             | 1.47     |
|    n_updates        | 6012     |
----------------------------------
----------------------------------
| rollout/            |          |
|    ep_len_mean      | 60       |
|    ep_rew_mean      | 41.3     |
|    exploration_rate | 0.05     |
| time/               |          |
|    episodes         | 1624     |
|    fps              | 100      |
|    time_elapsed     | 965      |
|    total_timesteps  | 97440    |
| train/              |          |
|    learning_rate    | 0.0001   |
|    loss             | 2.78     |
|    n_updates        | 6027     |
----------------------------------
----------------------------------
| rollout/            |          |
|    ep_len_mean      | 60       |
|    ep_rew_mean      | 41.3     |
|    exploration_rate | 0.05     |
| time/               |          |
|    episodes         | 1628     |
|    fps              | 100      |
|    time_elapsed     | 967      |
|    total_timesteps  | 97680    |
| train/              |          |
|    learning_rate    | 0.0001   |
|    loss             | 0.229    |
|    n_updates        | 6042     |
----------------------------------
----------------------------------
| rollout/            |          |
|    ep_len_mean      | 60       |
|    ep_rew_mean      | 41.2     |
|    exploration_rate | 0.05     |
| time/               |          |
|    episodes         | 1632     |
|    fps              | 100      |
|    time_elapsed     | 969      |
|    total_timesteps  | 97920    |
| train/              |          |
|    learning_rate    | 0.0001   |
|    loss             | 0.0901   |
|    n_updates        | 6057     |
----------------------------------
----------------------------------
| rollout/            |          |
|    ep_len_mean      | 60       |
|    ep_rew_mean      | 41.3     |
|    exploration_rate | 0.05     |
| time/               |          |
|    episodes         | 1636     |
|    fps              | 100      |
|    time_elapsed     | 971      |
|    total_timesteps  | 98160    |
| train/              |          |
|    learning_rate    | 0.0001   |
|    loss             | 0.203    |
|    n_updates        | 6072     |
----------------------------------
----------------------------------
| rollout/            |          |
|    ep_len_mean      | 60       |
|    ep_rew_mean      | 41.3     |
|    exploration_rate | 0.05     |
| time/               |          |
|    episodes         | 1640     |
|    fps              | 101      |
|    time_elapsed     | 974      |
|    total_timesteps  | 98400    |
| train/              |          |
|    learning_rate    | 0.0001   |
|    loss             | 0.143    |
|    n_updates        | 6087     |
----------------------------------
----------------------------------
| rollout/            |          |
|    ep_len_mean      | 60       |
|    ep_rew_mean      | 41.6     |
|    exploration_rate | 0.05     |
| time/               |          |
|    episodes         | 1644     |
|    fps              | 101      |
|    time_elapsed     | 976      |
|    total_timesteps  | 98640    |
| train/              |          |
|    learning_rate    | 0.0001   |
|    loss             | 1.44     |
|    n_updates        | 6102     |
----------------------------------
----------------------------------
| rollout/            |          |
|    ep_len_mean      | 60       |
|    ep_rew_mean      | 41.7     |
|    exploration_rate | 0.05     |
| time/               |          |
|    episodes         | 1648     |
|    fps              | 101      |
|    time_elapsed     | 978      |
|    total_timesteps  | 98880    |
| train/              |          |
|    learning_rate    | 0.0001   |
|    loss             | 1.45     |
|    n_updates        | 6117     |
----------------------------------
----------------------------------
| rollout/            |          |
|    ep_len_mean      | 60       |
|    ep_rew_mean      | 41.6     |
|    exploration_rate | 0.05     |
| time/               |          |
|    episodes         | 1652     |
|    fps              | 101      |
|    time_elapsed     | 980      |
|    total_timesteps  | 99120    |
| train/              |          |
|    learning_rate    | 0.0001   |
|    loss             | 0.145    |
|    n_updates        | 6132     |
----------------------------------
----------------------------------
| rollout/            |          |
|    ep_len_mean      | 60       |
|    ep_rew_mean      | 41.6     |
|    exploration_rate | 0.05     |
| time/               |          |
|    episodes         | 1656     |
|    fps              | 101      |
|    time_elapsed     | 982      |
|    total_timesteps  | 99360    |
| train/              |          |
|    learning_rate    | 0.0001   |
|    loss             | 0.199    |
|    n_updates        | 6147     |
----------------------------------
----------------------------------
| rollout/            |          |
|    ep_len_mean      | 60       |
|    ep_rew_mean      | 41.3     |
|    exploration_rate | 0.05     |
| time/               |          |
|    episodes         | 1660     |
|    fps              | 101      |
|    time_elapsed     | 984      |
|    total_timesteps  | 99600    |
| train/              |          |
|    learning_rate    | 0.0001   |
|    loss             | 3.02     |
|    n_updates        | 6162     |
----------------------------------
----------------------------------
| rollout/            |          |
|    ep_len_mean      | 60       |
|    ep_rew_mean      | 41.2     |
|    exploration_rate | 0.05     |
| time/               |          |
|    episodes         | 1664     |
|    fps              | 101      |
|    time_elapsed     | 986      |
|    total_timesteps  | 99840    |
| train/              |          |
|    learning_rate    | 0.0001   |
|    loss             | 1.71     |
|    n_updates        | 6177     |
----------------------------------
  saved model: D:\Projects\TN+NTN\drl\models\dqn_seed2.zip
  evaluating dqn seed=2 (200 episodes)...
    dqn seed=2 eval: 20/200 episodes
    dqn seed=2 eval: 40/200 episodes
    dqn seed=2 eval: 60/200 episodes
    dqn seed=2 eval: 80/200 episodes
    dqn seed=2 eval: 100/200 episodes
    dqn seed=2 eval: 120/200 episodes
    dqn seed=2 eval: 140/200 episodes
    dqn seed=2 eval: 160/200 episodes
    dqn seed=2 eval: 180/200 episodes
    dqn seed=2 eval: 200/200 episodes

summary (mean [95% CI]) by policy:
  dqn          reward=  43.46 [  43.26,   43.67]  switch_rate=0.142  outage_rate=0.000
  greedy       reward=  39.96 [  39.69,   40.24]  switch_rate=0.169  outage_rate=0.000
  hysteresis   reward=  40.90 [  40.61,   41.21]  switch_rate=0.062  outage_rate=0.000
  oracle       reward=  45.29 [  44.92,   45.65]  switch_rate=0.050  outage_rate=0.000
  ppo          reward=  44.16 [  43.95,   44.39]  switch_rate=0.037  outage_rate=0.000
  random       reward=   3.13 [   2.04,    4.18]  switch_rate=0.413  outage_rate=0.332

full results: D:\Projects\TN+NTN\drl\figures\phase5_full_eval_results.csv
summary: D:\Projects\TN+NTN\drl\figures\phase5_summary.csv
--- make_phase5_figures ---
figures written to D:\Projects\TN+NTN\drl\figures
--- sweep_reward_handover (Phase 6 + ablation) ---
Gym has been unmaintained since 2022 and does not support NumPy 2.0 amongst other critical functionality.
Please upgrade to Gymnasium, the maintained drop-in replacement of Gym, or contact the authors of your software and request that they upgrade.
Users of this version of Gym should be able to simply replace 'import gym' with 'import gymnasium as gym' in the vast majority of cases.
See the migration guide at https://gymnasium.farama.org/introduction/migration_guide/ for additional information.
running handover-penalty sweep (balanced reward)...
  handover_penalty=0.0 ...
Using cpu device
---------------------------------
| rollout/           |          |
|    ep_len_mean     | 60       |
|    ep_rew_mean     | 4.82     |
| time/              |          |
|    fps             | 133      |
|    iterations      | 1        |
|    time_elapsed    | 15       |
|    total_timesteps | 2048     |
---------------------------------
------------------------------------------
| rollout/                |              |
|    ep_len_mean          | 60           |
|    ep_rew_mean          | 7.68         |
| time/                   |              |
|    fps                  | 131          |
|    iterations           | 2            |
|    time_elapsed         | 31           |
|    total_timesteps      | 4096         |
| train/                  |              |
|    approx_kl            | 0.0155510325 |
|    clip_fraction        | 0.155        |
|    clip_range           | 0.2          |
|    entropy_loss         | -1.6         |
|    explained_variance   | -0.0178      |
|    learning_rate        | 0.0003       |
|    loss                 | 4.42         |
|    n_updates            | 10           |
|    policy_gradient_loss | -0.0205      |
|    value_loss           | 10.8         |
------------------------------------------
-----------------------------------------
| rollout/                |             |
|    ep_len_mean          | 60          |
|    ep_rew_mean          | 10          |
| time/                   |             |
|    fps                  | 131         |
|    iterations           | 3           |
|    time_elapsed         | 46          |
|    total_timesteps      | 6144        |
| train/                  |             |
|    approx_kl            | 0.013431972 |
|    clip_fraction        | 0.1         |
|    clip_range           | 0.2         |
|    entropy_loss         | -1.57       |
|    explained_variance   | 0.135       |
|    learning_rate        | 0.0003      |
|    loss                 | 4.31        |
|    n_updates            | 20          |
|    policy_gradient_loss | -0.0163     |
|    value_loss           | 10.2        |
-----------------------------------------
-----------------------------------------
| rollout/                |             |
|    ep_len_mean          | 60          |
|    ep_rew_mean          | 15.7        |
| time/                   |             |
|    fps                  | 129         |
|    iterations           | 4           |
|    time_elapsed         | 63          |
|    total_timesteps      | 8192        |
| train/                  |             |
|    approx_kl            | 0.015728155 |
|    clip_fraction        | 0.0774      |
|    clip_range           | 0.2         |
|    entropy_loss         | -1.53       |
|    explained_variance   | 0.133       |
|    learning_rate        | 0.0003      |
|    loss                 | 5.08        |
|    n_updates            | 30          |
|    policy_gradient_loss | -0.0146     |
|    value_loss           | 12.9        |
-----------------------------------------
-----------------------------------------
| rollout/                |             |
|    ep_len_mean          | 60          |
|    ep_rew_mean          | 20.5        |
| time/                   |             |
|    fps                  | 127         |
|    iterations           | 5           |
|    time_elapsed         | 80          |
|    total_timesteps      | 10240       |
| train/                  |             |
|    approx_kl            | 0.009354284 |
|    clip_fraction        | 0.0199      |
|    clip_range           | 0.2         |
|    entropy_loss         | -1.47       |
|    explained_variance   | 0.124       |
|    learning_rate        | 0.0003      |
|    loss                 | 7.76        |
|    n_updates            | 40          |
|    policy_gradient_loss | -0.00727    |
|    value_loss           | 19.5        |
-----------------------------------------
----------------------------------------
| rollout/                |            |
|    ep_len_mean          | 60         |
|    ep_rew_mean          | 25.9       |
| time/                   |            |
|    fps                  | 125        |
|    iterations           | 6          |
|    time_elapsed         | 97         |
|    total_timesteps      | 12288      |
| train/                  |            |
|    approx_kl            | 0.00907526 |
|    clip_fraction        | 0.017      |
|    clip_range           | 0.2        |
|    entropy_loss         | -1.41      |
|    explained_variance   | 0.0596     |
|    learning_rate        | 0.0003     |
|    loss                 | 9.46       |
|    n_updates            | 50         |
|    policy_gradient_loss | -0.00515   |
|    value_loss           | 21.7       |
----------------------------------------
------------------------------------------
| rollout/                |              |
|    ep_len_mean          | 60           |
|    ep_rew_mean          | 28.6         |
| time/                   |              |
|    fps                  | 123          |
|    iterations           | 7            |
|    time_elapsed         | 115          |
|    total_timesteps      | 14336        |
| train/                  |              |
|    approx_kl            | 0.0099022975 |
|    clip_fraction        | 0.0271       |
|    clip_range           | 0.2          |
|    entropy_loss         | -1.37        |
|    explained_variance   | 0.0692       |
|    learning_rate        | 0.0003       |
|    loss                 | 14.2         |
|    n_updates            | 60           |
|    policy_gradient_loss | -0.00597     |
|    value_loss           | 29.8         |
------------------------------------------
-----------------------------------------
| rollout/                |             |
|    ep_len_mean          | 60          |
|    ep_rew_mean          | 31.7        |
| time/                   |             |
|    fps                  | 122         |
|    iterations           | 8           |
|    time_elapsed         | 133         |
|    total_timesteps      | 16384       |
| train/                  |             |
|    approx_kl            | 0.008749656 |
|    clip_fraction        | 0.0281      |
|    clip_range           | 0.2         |
|    entropy_loss         | -1.28       |
|    explained_variance   | 0.0124      |
|    learning_rate        | 0.0003      |
|    loss                 | 15.8        |
|    n_updates            | 70          |
|    policy_gradient_loss | -0.00664    |
|    value_loss           | 33.1        |
-----------------------------------------
------------------------------------------
| rollout/                |              |
|    ep_len_mean          | 60           |
|    ep_rew_mean          | 33.6         |
| time/                   |              |
|    fps                  | 120          |
|    iterations           | 9            |
|    time_elapsed         | 152          |
|    total_timesteps      | 18432        |
| train/                  |              |
|    approx_kl            | 0.0095663695 |
|    clip_fraction        | 0.0325       |
|    clip_range           | 0.2          |
|    entropy_loss         | -1.24        |
|    explained_variance   | 0.0405       |
|    learning_rate        | 0.0003       |
|    loss                 | 18.5         |
|    n_updates            | 80           |
|    policy_gradient_loss | -0.00594     |
|    value_loss           | 38.4         |
------------------------------------------
------------------------------------------
| rollout/                |              |
|    ep_len_mean          | 60           |
|    ep_rew_mean          | 35.2         |
| time/                   |              |
|    fps                  | 119          |
|    iterations           | 10           |
|    time_elapsed         | 171          |
|    total_timesteps      | 20480        |
| train/                  |              |
|    approx_kl            | 0.0026764087 |
|    clip_fraction        | 0.00459      |
|    clip_range           | 0.2          |
|    entropy_loss         | -1.2         |
|    explained_variance   | 0.0473       |
|    learning_rate        | 0.0003       |
|    loss                 | 18.4         |
|    n_updates            | 90           |
|    policy_gradient_loss | -0.00164     |
|    value_loss           | 38.3         |
------------------------------------------
------------------------------------------
| rollout/                |              |
|    ep_len_mean          | 60           |
|    ep_rew_mean          | 35.6         |
| time/                   |              |
|    fps                  | 118          |
|    iterations           | 11           |
|    time_elapsed         | 190          |
|    total_timesteps      | 22528        |
| train/                  |              |
|    approx_kl            | 0.0068095727 |
|    clip_fraction        | 0.0484       |
|    clip_range           | 0.2          |
|    entropy_loss         | -1.14        |
|    explained_variance   | 0.0666       |
|    learning_rate        | 0.0003       |
|    loss                 | 21.4         |
|    n_updates            | 100          |
|    policy_gradient_loss | -0.00705     |
|    value_loss           | 43.4         |
------------------------------------------
------------------------------------------
| rollout/                |              |
|    ep_len_mean          | 60           |
|    ep_rew_mean          | 35.6         |
| time/                   |              |
|    fps                  | 117          |
|    iterations           | 12           |
|    time_elapsed         | 208          |
|    total_timesteps      | 24576        |
| train/                  |              |
|    approx_kl            | 0.0077304756 |
|    clip_fraction        | 0.0383       |
|    clip_range           | 0.2          |
|    entropy_loss         | -1.15        |
|    explained_variance   | 0.0683       |
|    learning_rate        | 0.0003       |
|    loss                 | 22.3         |
|    n_updates            | 110          |
|    policy_gradient_loss | -0.00469     |
|    value_loss           | 43.6         |
------------------------------------------
----------------------------------------
| rollout/                |            |
|    ep_len_mean          | 60         |
|    ep_rew_mean          | 36.1       |
| time/                   |            |
|    fps                  | 116        |
|    iterations           | 13         |
|    time_elapsed         | 228        |
|    total_timesteps      | 26624      |
| train/                  |            |
|    approx_kl            | 0.00783455 |
|    clip_fraction        | 0.0352     |
|    clip_range           | 0.2        |
|    entropy_loss         | -1.1       |
|    explained_variance   | 0.0863     |
|    learning_rate        | 0.0003     |
|    loss                 | 24.1       |
|    n_updates            | 120        |
|    policy_gradient_loss | -0.0069    |
|    value_loss           | 51.5       |
----------------------------------------
----------------------------------------
| rollout/                |            |
|    ep_len_mean          | 60         |
|    ep_rew_mean          | 36.8       |
| time/                   |            |
|    fps                  | 115        |
|    iterations           | 14         |
|    time_elapsed         | 248        |
|    total_timesteps      | 28672      |
| train/                  |            |
|    approx_kl            | 0.00799826 |
|    clip_fraction        | 0.0558     |
|    clip_range           | 0.2        |
|    entropy_loss         | -1.05      |
|    explained_variance   | 0.0572     |
|    learning_rate        | 0.0003     |
|    loss                 | 25.3       |
|    n_updates            | 130        |
|    policy_gradient_loss | -0.00469   |
|    value_loss           | 47.1       |
----------------------------------------
-----------------------------------------
| rollout/                |             |
|    ep_len_mean          | 60          |
|    ep_rew_mean          | 37.7        |
| time/                   |             |
|    fps                  | 115         |
|    iterations           | 15          |
|    time_elapsed         | 266         |
|    total_timesteps      | 30720       |
| train/                  |             |
|    approx_kl            | 0.008953413 |
|    clip_fraction        | 0.0635      |
|    clip_range           | 0.2         |
|    entropy_loss         | -1          |
|    explained_variance   | 0.122       |
|    learning_rate        | 0.0003      |
|    loss                 | 21.2        |
|    n_updates            | 140         |
|    policy_gradient_loss | -0.00622    |
|    value_loss           | 48.8        |
-----------------------------------------
-----------------------------------------
| rollout/                |             |
|    ep_len_mean          | 60          |
|    ep_rew_mean          | 38.9        |
| time/                   |             |
|    fps                  | 114         |
|    iterations           | 16          |
|    time_elapsed         | 285         |
|    total_timesteps      | 32768       |
| train/                  |             |
|    approx_kl            | 0.004052248 |
|    clip_fraction        | 0.0229      |
|    clip_range           | 0.2         |
|    entropy_loss         | -0.916      |
|    explained_variance   | 0.0992      |
|    learning_rate        | 0.0003      |
|    loss                 | 26.5        |
|    n_updates            | 150         |
|    policy_gradient_loss | -0.00453    |
|    value_loss           | 54.3        |
-----------------------------------------
------------------------------------------
| rollout/                |              |
|    ep_len_mean          | 60           |
|    ep_rew_mean          | 39.4         |
| time/                   |              |
|    fps                  | 114          |
|    iterations           | 17           |
|    time_elapsed         | 304          |
|    total_timesteps      | 34816        |
| train/                  |              |
|    approx_kl            | 0.0049444768 |
|    clip_fraction        | 0.0268       |
|    clip_range           | 0.2          |
|    entropy_loss         | -0.889       |
|    explained_variance   | 0.133        |
|    learning_rate        | 0.0003       |
|    loss                 | 26.2         |
|    n_updates            | 160          |
|    policy_gradient_loss | -0.00459     |
|    value_loss           | 51.2         |
------------------------------------------
------------------------------------------
| rollout/                |              |
|    ep_len_mean          | 60           |
|    ep_rew_mean          | 39.8         |
| time/                   |              |
|    fps                  | 114          |
|    iterations           | 18           |
|    time_elapsed         | 323          |
|    total_timesteps      | 36864        |
| train/                  |              |
|    approx_kl            | 0.0056359423 |
|    clip_fraction        | 0.0251       |
|    clip_range           | 0.2          |
|    entropy_loss         | -0.872       |
|    explained_variance   | 0.071        |
|    learning_rate        | 0.0003       |
|    loss                 | 28.3         |
|    n_updates            | 170          |
|    policy_gradient_loss | -0.00353     |
|    value_loss           | 57.4         |
------------------------------------------
-----------------------------------------
| rollout/                |             |
|    ep_len_mean          | 60          |
|    ep_rew_mean          | 39.4        |
| time/                   |             |
|    fps                  | 113         |
|    iterations           | 19          |
|    time_elapsed         | 341         |
|    total_timesteps      | 38912       |
| train/                  |             |
|    approx_kl            | 0.004585268 |
|    clip_fraction        | 0.0251      |
|    clip_range           | 0.2         |
|    entropy_loss         | -0.825      |
|    explained_variance   | 0.0883      |
|    learning_rate        | 0.0003      |
|    loss                 | 22.2        |
|    n_updates            | 180         |
|    policy_gradient_loss | -0.00444    |
|    value_loss           | 53.4        |
-----------------------------------------
-----------------------------------------
| rollout/                |             |
|    ep_len_mean          | 60          |
|    ep_rew_mean          | 39.5        |
| time/                   |             |
|    fps                  | 113         |
|    iterations           | 20          |
|    time_elapsed         | 360         |
|    total_timesteps      | 40960       |
| train/                  |             |
|    approx_kl            | 0.003431316 |
|    clip_fraction        | 0.0302      |
|    clip_range           | 0.2         |
|    entropy_loss         | -0.807      |
|    explained_variance   | 0.112       |
|    learning_rate        | 0.0003      |
|    loss                 | 30.6        |
|    n_updates            | 190         |
|    policy_gradient_loss | -0.00521    |
|    value_loss           | 56.5        |
-----------------------------------------
-----------------------------------------
| rollout/                |             |
|    ep_len_mean          | 60          |
|    ep_rew_mean          | 40          |
| time/                   |             |
|    fps                  | 113         |
|    iterations           | 21          |
|    time_elapsed         | 379         |
|    total_timesteps      | 43008       |
| train/                  |             |
|    approx_kl            | 0.003904557 |
|    clip_fraction        | 0.0135      |
|    clip_range           | 0.2         |
|    entropy_loss         | -0.811      |
|    explained_variance   | 0.116       |
|    learning_rate        | 0.0003      |
|    loss                 | 25.1        |
|    n_updates            | 200         |
|    policy_gradient_loss | -0.00343    |
|    value_loss           | 53.8        |
-----------------------------------------
------------------------------------------
| rollout/                |              |
|    ep_len_mean          | 60           |
|    ep_rew_mean          | 40.4         |
| time/                   |              |
|    fps                  | 112          |
|    iterations           | 22           |
|    time_elapsed         | 398          |
|    total_timesteps      | 45056        |
| train/                  |              |
|    approx_kl            | 0.0052046054 |
|    clip_fraction        | 0.0366       |
|    clip_range           | 0.2          |
|    entropy_loss         | -0.775       |
|    explained_variance   | 0.0826       |
|    learning_rate        | 0.0003       |
|    loss                 | 29.1         |
|    n_updates            | 210          |
|    policy_gradient_loss | -0.00467     |
|    value_loss           | 58.8         |
------------------------------------------
-----------------------------------------
| rollout/                |             |
|    ep_len_mean          | 60          |
|    ep_rew_mean          | 41.2        |
| time/                   |             |
|    fps                  | 112         |
|    iterations           | 23          |
|    time_elapsed         | 417         |
|    total_timesteps      | 47104       |
| train/                  |             |
|    approx_kl            | 0.005077951 |
|    clip_fraction        | 0.0368      |
|    clip_range           | 0.2         |
|    entropy_loss         | -0.778      |
|    explained_variance   | 0.143       |
|    learning_rate        | 0.0003      |
|    loss                 | 23.3        |
|    n_updates            | 220         |
|    policy_gradient_loss | -0.005      |
|    value_loss           | 54.7        |
-----------------------------------------
------------------------------------------
| rollout/                |              |
|    ep_len_mean          | 60           |
|    ep_rew_mean          | 40.9         |
| time/                   |              |
|    fps                  | 112          |
|    iterations           | 24           |
|    time_elapsed         | 436          |
|    total_timesteps      | 49152        |
| train/                  |              |
|    approx_kl            | 0.0023379186 |
|    clip_fraction        | 0.0333       |
|    clip_range           | 0.2          |
|    entropy_loss         | -0.707       |
|    explained_variance   | 0.0936       |
|    learning_rate        | 0.0003       |
|    loss                 | 37.3         |
|    n_updates            | 230          |
|    policy_gradient_loss | -0.00397     |
|    value_loss           | 63.4         |
------------------------------------------
------------------------------------------
| rollout/                |              |
|    ep_len_mean          | 60           |
|    ep_rew_mean          | 41.7         |
| time/                   |              |
|    fps                  | 112          |
|    iterations           | 25           |
|    time_elapsed         | 456          |
|    total_timesteps      | 51200        |
| train/                  |              |
|    approx_kl            | 0.0053145224 |
|    clip_fraction        | 0.0273       |
|    clip_range           | 0.2          |
|    entropy_loss         | -0.688       |
|    explained_variance   | 0.0498       |
|    learning_rate        | 0.0003       |
|    loss                 | 30.4         |
|    n_updates            | 240          |
|    policy_gradient_loss | -0.00443     |
|    value_loss           | 59.7         |
------------------------------------------
    evaluating (100 episodes)...
    eval: 20/100 episodes
    eval: 40/100 episodes
    eval: 60/100 episodes
    eval: 80/100 episodes
    eval: 100/100 episodes
  handover_penalty=0.05 ...
Using cpu device
---------------------------------
| rollout/           |          |
|    ep_len_mean     | 60       |
|    ep_rew_mean     | 3.46     |
| time/              |          |
|    fps             | 154      |
|    iterations      | 1        |
|    time_elapsed    | 13       |
|    total_timesteps | 2048     |
---------------------------------
-----------------------------------------
| rollout/                |             |
|    ep_len_mean          | 60          |
|    ep_rew_mean          | 6.31        |
| time/                   |             |
|    fps                  | 144         |
|    iterations           | 2           |
|    time_elapsed         | 28          |
|    total_timesteps      | 4096        |
| train/                  |             |
|    approx_kl            | 0.015684895 |
|    clip_fraction        | 0.161       |
|    clip_range           | 0.2         |
|    entropy_loss         | -1.6        |
|    explained_variance   | -0.0182     |
|    learning_rate        | 0.0003      |
|    loss                 | 4.14        |
|    n_updates            | 10          |
|    policy_gradient_loss | -0.0209     |
|    value_loss           | 9.97        |
-----------------------------------------
-----------------------------------------
| rollout/                |             |
|    ep_len_mean          | 60          |
|    ep_rew_mean          | 8.53        |
| time/                   |             |
|    fps                  | 141         |
|    iterations           | 3           |
|    time_elapsed         | 43          |
|    total_timesteps      | 6144        |
| train/                  |             |
|    approx_kl            | 0.013650535 |
|    clip_fraction        | 0.114       |
|    clip_range           | 0.2         |
|    entropy_loss         | -1.57       |
|    explained_variance   | 0.138       |
|    learning_rate        | 0.0003      |
|    loss                 | 3.95        |
|    n_updates            | 20          |
|    policy_gradient_loss | -0.0174     |
|    value_loss           | 9.15        |
-----------------------------------------
-----------------------------------------
| rollout/                |             |
|    ep_len_mean          | 60          |
|    ep_rew_mean          | 14.1        |
| time/                   |             |
|    fps                  | 136         |
|    iterations           | 4           |
|    time_elapsed         | 60          |
|    total_timesteps      | 8192        |
| train/                  |             |
|    approx_kl            | 0.015711963 |
|    clip_fraction        | 0.0924      |
|    clip_range           | 0.2         |
|    entropy_loss         | -1.52       |
|    explained_variance   | 0.14        |
|    learning_rate        | 0.0003      |
|    loss                 | 4.55        |
|    n_updates            | 30          |
|    policy_gradient_loss | -0.0159     |
|    value_loss           | 11.4        |
-----------------------------------------
-----------------------------------------
| rollout/                |             |
|    ep_len_mean          | 60          |
|    ep_rew_mean          | 19          |
| time/                   |             |
|    fps                  | 132         |
|    iterations           | 5           |
|    time_elapsed         | 77          |
|    total_timesteps      | 10240       |
| train/                  |             |
|    approx_kl            | 0.011282842 |
|    clip_fraction        | 0.0284      |
|    clip_range           | 0.2         |
|    entropy_loss         | -1.47       |
|    explained_variance   | 0.136       |
|    learning_rate        | 0.0003      |
|    loss                 | 6.78        |
|    n_updates            | 40          |
|    policy_gradient_loss | -0.00819    |
|    value_loss           | 16.9        |
-----------------------------------------
------------------------------------------
| rollout/                |              |
|    ep_len_mean          | 60           |
|    ep_rew_mean          | 24.4         |
| time/                   |              |
|    fps                  | 129          |
|    iterations           | 6            |
|    time_elapsed         | 94           |
|    total_timesteps      | 12288        |
| train/                  |              |
|    approx_kl            | 0.0060402453 |
|    clip_fraction        | 0.00371      |
|    clip_range           | 0.2          |
|    entropy_loss         | -1.41        |
|    explained_variance   | 0.0643       |
|    learning_rate        | 0.0003       |
|    loss                 | 8.74         |
|    n_updates            | 50           |
|    policy_gradient_loss | -0.00364     |
|    value_loss           | 20.2         |
------------------------------------------
-----------------------------------------
| rollout/                |             |
|    ep_len_mean          | 60          |
|    ep_rew_mean          | 27.1        |
| time/                   |             |
|    fps                  | 128         |
|    iterations           | 7           |
|    time_elapsed         | 111         |
|    total_timesteps      | 14336       |
| train/                  |             |
|    approx_kl            | 0.008462209 |
|    clip_fraction        | 0.031       |
|    clip_range           | 0.2         |
|    entropy_loss         | -1.37       |
|    explained_variance   | 0.0768      |
|    learning_rate        | 0.0003      |
|    loss                 | 12.7        |
|    n_updates            | 60          |
|    policy_gradient_loss | -0.00747    |
|    value_loss           | 26.8        |
-----------------------------------------
-----------------------------------------
| rollout/                |             |
|    ep_len_mean          | 60          |
|    ep_rew_mean          | 30          |
| time/                   |             |
|    fps                  | 125         |
|    iterations           | 8           |
|    time_elapsed         | 130         |
|    total_timesteps      | 16384       |
| train/                  |             |
|    approx_kl            | 0.007390104 |
|    clip_fraction        | 0.0354      |
|    clip_range           | 0.2         |
|    entropy_loss         | -1.29       |
|    explained_variance   | 0.0141      |
|    learning_rate        | 0.0003      |
|    loss                 | 14.2        |
|    n_updates            | 70          |
|    policy_gradient_loss | -0.00713    |
|    value_loss           | 30          |
-----------------------------------------
-----------------------------------------
| rollout/                |             |
|    ep_len_mean          | 60          |
|    ep_rew_mean          | 32          |
| time/                   |             |
|    fps                  | 123         |
|    iterations           | 9           |
|    time_elapsed         | 149         |
|    total_timesteps      | 18432       |
| train/                  |             |
|    approx_kl            | 0.009838449 |
|    clip_fraction        | 0.0314      |
|    clip_range           | 0.2         |
|    entropy_loss         | -1.25       |
|    explained_variance   | 0.0504      |
|    learning_rate        | 0.0003      |
|    loss                 | 16.9        |
|    n_updates            | 80          |
|    policy_gradient_loss | -0.00631    |
|    value_loss           | 34.8        |
-----------------------------------------
-----------------------------------------
| rollout/                |             |
|    ep_len_mean          | 60          |
|    ep_rew_mean          | 33.8        |
| time/                   |             |
|    fps                  | 122         |
|    iterations           | 10          |
|    time_elapsed         | 166         |
|    total_timesteps      | 20480       |
| train/                  |             |
|    approx_kl            | 0.004548882 |
|    clip_fraction        | 0.00977     |
|    clip_range           | 0.2         |
|    entropy_loss         | -1.2        |
|    explained_variance   | 0.0494      |
|    learning_rate        | 0.0003      |
|    loss                 | 16.8        |
|    n_updates            | 90          |
|    policy_gradient_loss | -0.00205    |
|    value_loss           | 35.2        |
-----------------------------------------
------------------------------------------
| rollout/                |              |
|    ep_len_mean          | 60           |
|    ep_rew_mean          | 34.5         |
| time/                   |              |
|    fps                  | 121          |
|    iterations           | 11           |
|    time_elapsed         | 185          |
|    total_timesteps      | 22528        |
| train/                  |              |
|    approx_kl            | 0.0061337487 |
|    clip_fraction        | 0.0437       |
|    clip_range           | 0.2          |
|    entropy_loss         | -1.13        |
|    explained_variance   | 0.0692       |
|    learning_rate        | 0.0003       |
|    loss                 | 19.7         |
|    n_updates            | 100          |
|    policy_gradient_loss | -0.00558     |
|    value_loss           | 40.3         |
------------------------------------------
----------------------------------------
| rollout/                |            |
|    ep_len_mean          | 60         |
|    ep_rew_mean          | 34.7       |
| time/                   |            |
|    fps                  | 120        |
|    iterations           | 12         |
|    time_elapsed         | 203        |
|    total_timesteps      | 24576      |
| train/                  |            |
|    approx_kl            | 0.00632371 |
|    clip_fraction        | 0.0189     |
|    clip_range           | 0.2        |
|    entropy_loss         | -1.13      |
|    explained_variance   | 0.0719     |
|    learning_rate        | 0.0003     |
|    loss                 | 20.8       |
|    n_updates            | 110        |
|    policy_gradient_loss | -0.00409   |
|    value_loss           | 40.6       |
----------------------------------------
-----------------------------------------
| rollout/                |             |
|    ep_len_mean          | 60          |
|    ep_rew_mean          | 35.2        |
| time/                   |             |
|    fps                  | 120         |
|    iterations           | 13          |
|    time_elapsed         | 221         |
|    total_timesteps      | 26624       |
| train/                  |             |
|    approx_kl            | 0.008531569 |
|    clip_fraction        | 0.0447      |
|    clip_range           | 0.2         |
|    entropy_loss         | -1.06       |
|    explained_variance   | 0.0844      |
|    learning_rate        | 0.0003      |
|    loss                 | 23          |
|    n_updates            | 120         |
|    policy_gradient_loss | -0.0077     |
|    value_loss           | 49          |
-----------------------------------------
------------------------------------------
| rollout/                |              |
|    ep_len_mean          | 60           |
|    ep_rew_mean          | 36           |
| time/                   |              |
|    fps                  | 119          |
|    iterations           | 14           |
|    time_elapsed         | 239          |
|    total_timesteps      | 28672        |
| train/                  |              |
|    approx_kl            | 0.0075210184 |
|    clip_fraction        | 0.0358       |
|    clip_range           | 0.2          |
|    entropy_loss         | -1.01        |
|    explained_variance   | 0.0482       |
|    learning_rate        | 0.0003       |
|    loss                 | 24.2         |
|    n_updates            | 130          |
|    policy_gradient_loss | -0.00347     |
|    value_loss           | 45.1         |
------------------------------------------
-----------------------------------------
| rollout/                |             |
|    ep_len_mean          | 60          |
|    ep_rew_mean          | 37.1        |
| time/                   |             |
|    fps                  | 119         |
|    iterations           | 15          |
|    time_elapsed         | 257         |
|    total_timesteps      | 30720       |
| train/                  |             |
|    approx_kl            | 0.008177993 |
|    clip_fraction        | 0.0442      |
|    clip_range           | 0.2         |
|    entropy_loss         | -0.961      |
|    explained_variance   | 0.119       |
|    learning_rate        | 0.0003      |
|    loss                 | 20.2        |
|    n_updates            | 140         |
|    policy_gradient_loss | -0.00541    |
|    value_loss           | 46.5        |
-----------------------------------------
-----------------------------------------
| rollout/                |             |
|    ep_len_mean          | 60          |
|    ep_rew_mean          | 38.4        |
| time/                   |             |
|    fps                  | 118         |
|    iterations           | 16          |
|    time_elapsed         | 276         |
|    total_timesteps      | 32768       |
| train/                  |             |
|    approx_kl            | 0.004249946 |
|    clip_fraction        | 0.0135      |
|    clip_range           | 0.2         |
|    entropy_loss         | -0.855      |
|    explained_variance   | 0.0993      |
|    learning_rate        | 0.0003      |
|    loss                 | 25.1        |
|    n_updates            | 150         |
|    policy_gradient_loss | -0.00389    |
|    value_loss           | 51.5        |
-----------------------------------------
----------------------------------------
| rollout/                |            |
|    ep_len_mean          | 60         |
|    ep_rew_mean          | 39.1       |
| time/                   |            |
|    fps                  | 117        |
|    iterations           | 17         |
|    time_elapsed         | 295        |
|    total_timesteps      | 34816      |
| train/                  |            |
|    approx_kl            | 0.00427805 |
|    clip_fraction        | 0.0253     |
|    clip_range           | 0.2        |
|    entropy_loss         | -0.819     |
|    explained_variance   | 0.13       |
|    learning_rate        | 0.0003     |
|    loss                 | 25.2       |
|    n_updates            | 160        |
|    policy_gradient_loss | -0.00471   |
|    value_loss           | 48.9       |
----------------------------------------
------------------------------------------
| rollout/                |              |
|    ep_len_mean          | 60           |
|    ep_rew_mean          | 39.5         |
| time/                   |              |
|    fps                  | 118          |
|    iterations           | 18           |
|    time_elapsed         | 312          |
|    total_timesteps      | 36864        |
| train/                  |              |
|    approx_kl            | 0.0024969657 |
|    clip_fraction        | 0.0106       |
|    clip_range           | 0.2          |
|    entropy_loss         | -0.821       |
|    explained_variance   | 0.0643       |
|    learning_rate        | 0.0003       |
|    loss                 | 26.6         |
|    n_updates            | 170          |
|    policy_gradient_loss | -0.0022      |
|    value_loss           | 54.9         |
------------------------------------------
------------------------------------------
| rollout/                |              |
|    ep_len_mean          | 60           |
|    ep_rew_mean          | 38.9         |
| time/                   |              |
|    fps                  | 118          |
|    iterations           | 19           |
|    time_elapsed         | 327          |
|    total_timesteps      | 38912        |
| train/                  |              |
|    approx_kl            | 0.0036332489 |
|    clip_fraction        | 0.0233       |
|    clip_range           | 0.2          |
|    entropy_loss         | -0.789       |
|    explained_variance   | 0.0863       |
|    learning_rate        | 0.0003       |
|    loss                 | 21.5         |
|    n_updates            | 180          |
|    policy_gradient_loss | -0.00423     |
|    value_loss           | 51.6         |
------------------------------------------
------------------------------------------
| rollout/                |              |
|    ep_len_mean          | 60           |
|    ep_rew_mean          | 38.7         |
| time/                   |              |
|    fps                  | 118          |
|    iterations           | 20           |
|    time_elapsed         | 345          |
|    total_timesteps      | 40960        |
| train/                  |              |
|    approx_kl            | 0.0037127775 |
|    clip_fraction        | 0.0355       |
|    clip_range           | 0.2          |
|    entropy_loss         | -0.786       |
|    explained_variance   | 0.115        |
|    learning_rate        | 0.0003       |
|    loss                 | 29.6         |
|    n_updates            | 190          |
|    policy_gradient_loss | -0.00622     |
|    value_loss           | 54.6         |
------------------------------------------
-----------------------------------------
| rollout/                |             |
|    ep_len_mean          | 60          |
|    ep_rew_mean          | 39.2        |
| time/                   |             |
|    fps                  | 118         |
|    iterations           | 21          |
|    time_elapsed         | 361         |
|    total_timesteps      | 43008       |
| train/                  |             |
|    approx_kl            | 0.003733589 |
|    clip_fraction        | 0.0174      |
|    clip_range           | 0.2         |
|    entropy_loss         | -0.785      |
|    explained_variance   | 0.118       |
|    learning_rate        | 0.0003      |
|    loss                 | 24.2        |
|    n_updates            | 200         |
|    policy_gradient_loss | -0.00329    |
|    value_loss           | 51.8        |
-----------------------------------------
------------------------------------------
| rollout/                |              |
|    ep_len_mean          | 60           |
|    ep_rew_mean          | 39.6         |
| time/                   |              |
|    fps                  | 119          |
|    iterations           | 22           |
|    time_elapsed         | 378          |
|    total_timesteps      | 45056        |
| train/                  |              |
|    approx_kl            | 0.0027141382 |
|    clip_fraction        | 0.0214       |
|    clip_range           | 0.2          |
|    entropy_loss         | -0.745       |
|    explained_variance   | 0.0828       |
|    learning_rate        | 0.0003       |
|    loss                 | 27.8         |
|    n_updates            | 210          |
|    policy_gradient_loss | -0.00337     |
|    value_loss           | 56.5         |
------------------------------------------
------------------------------------------
| rollout/                |              |
|    ep_len_mean          | 60           |
|    ep_rew_mean          | 40.5         |
| time/                   |              |
|    fps                  | 118          |
|    iterations           | 23           |
|    time_elapsed         | 399          |
|    total_timesteps      | 47104        |
| train/                  |              |
|    approx_kl            | 0.0061604707 |
|    clip_fraction        | 0.0467       |
|    clip_range           | 0.2          |
|    entropy_loss         | -0.745       |
|    explained_variance   | 0.143        |
|    learning_rate        | 0.0003       |
|    loss                 | 22.6         |
|    n_updates            | 220          |
|    policy_gradient_loss | -0.00507     |
|    value_loss           | 53.2         |
------------------------------------------
------------------------------------------
| rollout/                |              |
|    ep_len_mean          | 60           |
|    ep_rew_mean          | 40.2         |
| time/                   |              |
|    fps                  | 117          |
|    iterations           | 24           |
|    time_elapsed         | 417          |
|    total_timesteps      | 49152        |
| train/                  |              |
|    approx_kl            | 0.0032538155 |
|    clip_fraction        | 0.0225       |
|    clip_range           | 0.2          |
|    entropy_loss         | -0.677       |
|    explained_variance   | 0.0935       |
|    learning_rate        | 0.0003       |
|    loss                 | 35.9         |
|    n_updates            | 230          |
|    policy_gradient_loss | -0.0039      |
|    value_loss           | 61           |
------------------------------------------
------------------------------------------
| rollout/                |              |
|    ep_len_mean          | 60           |
|    ep_rew_mean          | 41           |
| time/                   |              |
|    fps                  | 118          |
|    iterations           | 25           |
|    time_elapsed         | 432          |
|    total_timesteps      | 51200        |
| train/                  |              |
|    approx_kl            | 0.0057438407 |
|    clip_fraction        | 0.0327       |
|    clip_range           | 0.2          |
|    entropy_loss         | -0.638       |
|    explained_variance   | 0.0501       |
|    learning_rate        | 0.0003       |
|    loss                 | 29.2         |
|    n_updates            | 240          |
|    policy_gradient_loss | -0.0046      |
|    value_loss           | 57.4         |
------------------------------------------
    evaluating (100 episodes)...
    eval: 20/100 episodes
    eval: 40/100 episodes
    eval: 60/100 episodes
    eval: 80/100 episodes
    eval: 100/100 episodes
  handover_penalty=0.15 ...
Using cpu device
---------------------------------
| rollout/           |          |
|    ep_len_mean     | 60       |
|    ep_rew_mean     | 0.734    |
| time/              |          |
|    fps             | 145      |
|    iterations      | 1        |
|    time_elapsed    | 14       |
|    total_timesteps | 2048     |
---------------------------------
----------------------------------------
| rollout/                |            |
|    ep_len_mean          | 60         |
|    ep_rew_mean          | 3.54       |
| time/                   |            |
|    fps                  | 147        |
|    iterations           | 2          |
|    time_elapsed         | 27         |
|    total_timesteps      | 4096       |
| train/                  |            |
|    approx_kl            | 0.01588324 |
|    clip_fraction        | 0.164      |
|    clip_range           | 0.2        |
|    entropy_loss         | -1.6       |
|    explained_variance   | -0.019     |
|    learning_rate        | 0.0003     |
|    loss                 | 3.63       |
|    n_updates            | 10         |
|    policy_gradient_loss | -0.0216    |
|    value_loss           | 8.67       |
----------------------------------------
-----------------------------------------
| rollout/                |             |
|    ep_len_mean          | 60          |
|    ep_rew_mean          | 5.79        |
| time/                   |             |
|    fps                  | 145         |
|    iterations           | 3           |
|    time_elapsed         | 42          |
|    total_timesteps      | 6144        |
| train/                  |             |
|    approx_kl            | 0.014199831 |
|    clip_fraction        | 0.148       |
|    clip_range           | 0.2         |
|    entropy_loss         | -1.57       |
|    explained_variance   | 0.145       |
|    learning_rate        | 0.0003      |
|    loss                 | 3.26        |
|    n_updates            | 20          |
|    policy_gradient_loss | -0.0203     |
|    value_loss           | 7.32        |
-----------------------------------------
-----------------------------------------
| rollout/                |             |
|    ep_len_mean          | 60          |
|    ep_rew_mean          | 11.3        |
| time/                   |             |
|    fps                  | 144         |
|    iterations           | 4           |
|    time_elapsed         | 56          |
|    total_timesteps      | 8192        |
| train/                  |             |
|    approx_kl            | 0.016310075 |
|    clip_fraction        | 0.113       |
|    clip_range           | 0.2         |
|    entropy_loss         | -1.52       |
|    explained_variance   | 0.153       |
|    learning_rate        | 0.0003      |
|    loss                 | 3.7         |
|    n_updates            | 30          |
|    policy_gradient_loss | -0.0177     |
|    value_loss           | 9.08        |
-----------------------------------------
-----------------------------------------
| rollout/                |             |
|    ep_len_mean          | 60          |
|    ep_rew_mean          | 16.1        |
| time/                   |             |
|    fps                  | 143         |
|    iterations           | 5           |
|    time_elapsed         | 71          |
|    total_timesteps      | 10240       |
| train/                  |             |
|    approx_kl            | 0.012849061 |
|    clip_fraction        | 0.05        |
|    clip_range           | 0.2         |
|    entropy_loss         | -1.47       |
|    explained_variance   | 0.153       |
|    learning_rate        | 0.0003      |
|    loss                 | 5.2         |
|    n_updates            | 40          |
|    policy_gradient_loss | -0.00891    |
|    value_loss           | 12.9        |
-----------------------------------------
----------------------------------------
| rollout/                |            |
|    ep_len_mean          | 60         |
|    ep_rew_mean          | 21.3       |
| time/                   |            |
|    fps                  | 141        |
|    iterations           | 6          |
|    time_elapsed         | 87         |
|    total_timesteps      | 12288      |
| train/                  |            |
|    approx_kl            | 0.00687054 |
|    clip_fraction        | 0.01       |
|    clip_range           | 0.2        |
|    entropy_loss         | -1.41      |
|    explained_variance   | 0.0648     |
|    learning_rate        | 0.0003     |
|    loss                 | 6.82       |
|    n_updates            | 50         |
|    policy_gradient_loss | -0.00331   |
|    value_loss           | 16         |
----------------------------------------
-----------------------------------------
| rollout/                |             |
|    ep_len_mean          | 60          |
|    ep_rew_mean          | 24.1        |
| time/                   |             |
|    fps                  | 139         |
|    iterations           | 7           |
|    time_elapsed         | 102         |
|    total_timesteps      | 14336       |
| train/                  |             |
|    approx_kl            | 0.010645602 |
|    clip_fraction        | 0.0305      |
|    clip_range           | 0.2         |
|    entropy_loss         | -1.36       |
|    explained_variance   | 0.084       |
|    learning_rate        | 0.0003      |
|    loss                 | 10.1        |
|    n_updates            | 60          |
|    policy_gradient_loss | -0.00728    |
|    value_loss           | 21.3        |
-----------------------------------------
-----------------------------------------
| rollout/                |             |
|    ep_len_mean          | 60          |
|    ep_rew_mean          | 27.1        |
| time/                   |             |
|    fps                  | 139         |
|    iterations           | 8           |
|    time_elapsed         | 117         |
|    total_timesteps      | 16384       |
| train/                  |             |
|    approx_kl            | 0.010915941 |
|    clip_fraction        | 0.0311      |
|    clip_range           | 0.2         |
|    entropy_loss         | -1.27       |
|    explained_variance   | 0.0146      |
|    learning_rate        | 0.0003      |
|    loss                 | 11.5        |
|    n_updates            | 70          |
|    policy_gradient_loss | -0.00724    |
|    value_loss           | 24.4        |
-----------------------------------------
-----------------------------------------
| rollout/                |             |
|    ep_len_mean          | 60          |
|    ep_rew_mean          | 29.3        |
| time/                   |             |
|    fps                  | 139         |
|    iterations           | 9           |
|    time_elapsed         | 132         |
|    total_timesteps      | 18432       |
| train/                  |             |
|    approx_kl            | 0.009122876 |
|    clip_fraction        | 0.0394      |
|    clip_range           | 0.2         |
|    entropy_loss         | -1.22       |
|    explained_variance   | 0.0586      |
|    learning_rate        | 0.0003      |
|    loss                 | 14          |
|    n_updates            | 80          |
|    policy_gradient_loss | -0.00718    |
|    value_loss           | 28.7        |
-----------------------------------------
------------------------------------------
| rollout/                |              |
|    ep_len_mean          | 60           |
|    ep_rew_mean          | 31.6         |
| time/                   |              |
|    fps                  | 138          |
|    iterations           | 10           |
|    time_elapsed         | 147          |
|    total_timesteps      | 20480        |
| train/                  |              |
|    approx_kl            | 0.0072390167 |
|    clip_fraction        | 0.00874      |
|    clip_range           | 0.2          |
|    entropy_loss         | -1.16        |
|    explained_variance   | 0.0409       |
|    learning_rate        | 0.0003       |
|    loss                 | 14.1         |
|    n_updates            | 90           |
|    policy_gradient_loss | -0.00208     |
|    value_loss           | 29.5         |
------------------------------------------
----------------------------------------
| rollout/                |            |
|    ep_len_mean          | 60         |
|    ep_rew_mean          | 32.6       |
| time/                   |            |
|    fps                  | 138        |
|    iterations           | 11         |
|    time_elapsed         | 162        |
|    total_timesteps      | 22528      |
| train/                  |            |
|    approx_kl            | 0.00724161 |
|    clip_fraction        | 0.04       |
|    clip_range           | 0.2        |
|    entropy_loss         | -1.07      |
|    explained_variance   | 0.0684     |
|    learning_rate        | 0.0003     |
|    loss                 | 17.2       |
|    n_updates            | 100        |
|    policy_gradient_loss | -0.00607   |
|    value_loss           | 35         |
----------------------------------------
-----------------------------------------
| rollout/                |             |
|    ep_len_mean          | 60          |
|    ep_rew_mean          | 33.1        |
| time/                   |             |
|    fps                  | 138         |
|    iterations           | 12          |
|    time_elapsed         | 177         |
|    total_timesteps      | 24576       |
| train/                  |             |
|    approx_kl            | 0.005260452 |
|    clip_fraction        | 0.0169      |
|    clip_range           | 0.2         |
|    entropy_loss         | -1.06       |
|    explained_variance   | 0.0677      |
|    learning_rate        | 0.0003      |
|    loss                 | 18.1        |
|    n_updates            | 110         |
|    policy_gradient_loss | -0.00345    |
|    value_loss           | 34.7        |
-----------------------------------------
------------------------------------------
| rollout/                |              |
|    ep_len_mean          | 60           |
|    ep_rew_mean          | 33.6         |
| time/                   |              |
|    fps                  | 138          |
|    iterations           | 13           |
|    time_elapsed         | 192          |
|    total_timesteps      | 26624        |
| train/                  |              |
|    approx_kl            | 0.0069902837 |
|    clip_fraction        | 0.0322       |
|    clip_range           | 0.2          |
|    entropy_loss         | -1.01        |
|    explained_variance   | 0.0822       |
|    learning_rate        | 0.0003       |
|    loss                 | 20.1         |
|    n_updates            | 120          |
|    policy_gradient_loss | -0.00622     |
|    value_loss           | 42.7         |
------------------------------------------
-----------------------------------------
| rollout/                |             |
|    ep_len_mean          | 60          |
|    ep_rew_mean          | 34.3        |
| time/                   |             |
|    fps                  | 138         |
|    iterations           | 14          |
|    time_elapsed         | 207         |
|    total_timesteps      | 28672       |
| train/                  |             |
|    approx_kl            | 0.005688159 |
|    clip_fraction        | 0.0223      |
|    clip_range           | 0.2         |
|    entropy_loss         | -0.942      |
|    explained_variance   | 0.046       |
|    learning_rate        | 0.0003      |
|    loss                 | 21.7        |
|    n_updates            | 130         |
|    policy_gradient_loss | -0.003      |
|    value_loss           | 40.6        |
-----------------------------------------
-----------------------------------------
| rollout/                |             |
|    ep_len_mean          | 60          |
|    ep_rew_mean          | 35.3        |
| time/                   |             |
|    fps                  | 137         |
|    iterations           | 15          |
|    time_elapsed         | 223         |
|    total_timesteps      | 30720       |
| train/                  |             |
|    approx_kl            | 0.006095361 |
|    clip_fraction        | 0.0362      |
|    clip_range           | 0.2         |
|    entropy_loss         | -0.906      |
|    explained_variance   | 0.117       |
|    learning_rate        | 0.0003      |
|    loss                 | 17.9        |
|    n_updates            | 140         |
|    policy_gradient_loss | -0.00451    |
|    value_loss           | 41.1        |
-----------------------------------------
------------------------------------------
| rollout/                |              |
|    ep_len_mean          | 60           |
|    ep_rew_mean          | 36.6         |
| time/                   |              |
|    fps                  | 137          |
|    iterations           | 16           |
|    time_elapsed         | 238          |
|    total_timesteps      | 32768        |
| train/                  |              |
|    approx_kl            | 0.0039987285 |
|    clip_fraction        | 0.0177       |
|    clip_range           | 0.2          |
|    entropy_loss         | -0.797       |
|    explained_variance   | 0.0978       |
|    learning_rate        | 0.0003       |
|    loss                 | 22.2         |
|    n_updates            | 150          |
|    policy_gradient_loss | -0.00448     |
|    value_loss           | 45.8         |
------------------------------------------
-----------------------------------------
| rollout/                |             |
|    ep_len_mean          | 60          |
|    ep_rew_mean          | 37.4        |
| time/                   |             |
|    fps                  | 137         |
|    iterations           | 17          |
|    time_elapsed         | 253         |
|    total_timesteps      | 34816       |
| train/                  |             |
|    approx_kl            | 0.005489718 |
|    clip_fraction        | 0.0315      |
|    clip_range           | 0.2         |
|    entropy_loss         | -0.777      |
|    explained_variance   | 0.126       |
|    learning_rate        | 0.0003      |
|    loss                 | 22.6        |
|    n_updates            | 160         |
|    policy_gradient_loss | -0.00514    |
|    value_loss           | 43.7        |
-----------------------------------------
------------------------------------------
| rollout/                |              |
|    ep_len_mean          | 60           |
|    ep_rew_mean          | 37.9         |
| time/                   |              |
|    fps                  | 137          |
|    iterations           | 18           |
|    time_elapsed         | 269          |
|    total_timesteps      | 36864        |
| train/                  |              |
|    approx_kl            | 0.0021011704 |
|    clip_fraction        | 0.00425      |
|    clip_range           | 0.2          |
|    entropy_loss         | -0.759       |
|    explained_variance   | 0.0631       |
|    learning_rate        | 0.0003       |
|    loss                 | 24.1         |
|    n_updates            | 170          |
|    policy_gradient_loss | -0.00187     |
|    value_loss           | 50           |
------------------------------------------
------------------------------------------
| rollout/                |              |
|    ep_len_mean          | 60           |
|    ep_rew_mean          | 37.7         |
| time/                   |              |
|    fps                  | 137          |
|    iterations           | 19           |
|    time_elapsed         | 283          |
|    total_timesteps      | 38912        |
| train/                  |              |
|    approx_kl            | 0.0045965016 |
|    clip_fraction        | 0.0167       |
|    clip_range           | 0.2          |
|    entropy_loss         | -0.703       |
|    explained_variance   | 0.0852       |
|    learning_rate        | 0.0003       |
|    loss                 | 19.4         |
|    n_updates            | 180          |
|    policy_gradient_loss | -0.00355     |
|    value_loss           | 46.7         |
------------------------------------------
------------------------------------------
| rollout/                |              |
|    ep_len_mean          | 60           |
|    ep_rew_mean          | 37.6         |
| time/                   |              |
|    fps                  | 136          |
|    iterations           | 20           |
|    time_elapsed         | 299          |
|    total_timesteps      | 40960        |
| train/                  |              |
|    approx_kl            | 0.0022458993 |
|    clip_fraction        | 0.0281       |
|    clip_range           | 0.2          |
|    entropy_loss         | -0.702       |
|    explained_variance   | 0.112        |
|    learning_rate        | 0.0003       |
|    loss                 | 27.3         |
|    n_updates            | 190          |
|    policy_gradient_loss | -0.00494     |
|    value_loss           | 49.8         |
------------------------------------------
-----------------------------------------
| rollout/                |             |
|    ep_len_mean          | 60          |
|    ep_rew_mean          | 38.4        |
| time/                   |             |
|    fps                  | 136         |
|    iterations           | 21          |
|    time_elapsed         | 314         |
|    total_timesteps      | 43008       |
| train/                  |             |
|    approx_kl            | 0.004130193 |
|    clip_fraction        | 0.0165      |
|    clip_range           | 0.2         |
|    entropy_loss         | -0.68       |
|    explained_variance   | 0.116       |
|    learning_rate        | 0.0003      |
|    loss                 | 22          |
|    n_updates            | 200         |
|    policy_gradient_loss | -0.00322    |
|    value_loss           | 47.4        |
-----------------------------------------
-----------------------------------------
| rollout/                |             |
|    ep_len_mean          | 60          |
|    ep_rew_mean          | 38.8        |
| time/                   |             |
|    fps                  | 136         |
|    iterations           | 22          |
|    time_elapsed         | 330         |
|    total_timesteps      | 45056       |
| train/                  |             |
|    approx_kl            | 0.003174767 |
|    clip_fraction        | 0.022       |
|    clip_range           | 0.2         |
|    entropy_loss         | -0.628      |
|    explained_variance   | 0.0802      |
|    learning_rate        | 0.0003      |
|    loss                 | 25.7        |
|    n_updates            | 210         |
|    policy_gradient_loss | -0.00276    |
|    value_loss           | 52.1        |
-----------------------------------------
------------------------------------------
| rollout/                |              |
|    ep_len_mean          | 60           |
|    ep_rew_mean          | 39.8         |
| time/                   |              |
|    fps                  | 136          |
|    iterations           | 23           |
|    time_elapsed         | 346          |
|    total_timesteps      | 47104        |
| train/                  |              |
|    approx_kl            | 0.0036193193 |
|    clip_fraction        | 0.0228       |
|    clip_range           | 0.2          |
|    entropy_loss         | -0.627       |
|    explained_variance   | 0.137        |
|    learning_rate        | 0.0003       |
|    loss                 | 21           |
|    n_updates            | 220          |
|    policy_gradient_loss | -0.00285     |
|    value_loss           | 49.1         |
------------------------------------------
------------------------------------------
| rollout/                |              |
|    ep_len_mean          | 60           |
|    ep_rew_mean          | 39.5         |
| time/                   |              |
|    fps                  | 135          |
|    iterations           | 24           |
|    time_elapsed         | 361          |
|    total_timesteps      | 49152        |
| train/                  |              |
|    approx_kl            | 0.0022096047 |
|    clip_fraction        | 0.025        |
|    clip_range           | 0.2          |
|    entropy_loss         | -0.575       |
|    explained_variance   | 0.0936       |
|    learning_rate        | 0.0003       |
|    loss                 | 33.5         |
|    n_updates            | 230          |
|    policy_gradient_loss | -0.00324     |
|    value_loss           | 56.9         |
------------------------------------------
-----------------------------------------
| rollout/                |             |
|    ep_len_mean          | 60          |
|    ep_rew_mean          | 40.3        |
| time/                   |             |
|    fps                  | 135         |
|    iterations           | 25          |
|    time_elapsed         | 376         |
|    total_timesteps      | 51200       |
| train/                  |             |
|    approx_kl            | 0.004608864 |
|    clip_fraction        | 0.0277      |
|    clip_range           | 0.2         |
|    entropy_loss         | -0.544      |
|    explained_variance   | 0.0419      |
|    learning_rate        | 0.0003      |
|    loss                 | 27          |
|    n_updates            | 240         |
|    policy_gradient_loss | -0.00334    |
|    value_loss           | 53.6        |
-----------------------------------------
    evaluating (100 episodes)...
    eval: 20/100 episodes
    eval: 40/100 episodes
    eval: 60/100 episodes
    eval: 80/100 episodes
    eval: 100/100 episodes
  handover_penalty=0.3 ...
Using cpu device
---------------------------------
| rollout/           |          |
|    ep_len_mean     | 60       |
|    ep_rew_mean     | -3.35    |
| time/              |          |
|    fps             | 158      |
|    iterations      | 1        |
|    time_elapsed    | 12       |
|    total_timesteps | 2048     |
---------------------------------
-----------------------------------------
| rollout/                |             |
|    ep_len_mean          | 60          |
|    ep_rew_mean          | -0.554      |
| time/                   |             |
|    fps                  | 165         |
|    iterations           | 2           |
|    time_elapsed         | 24          |
|    total_timesteps      | 4096        |
| train/                  |             |
|    approx_kl            | 0.016299065 |
|    clip_fraction        | 0.164       |
|    clip_range           | 0.2         |
|    entropy_loss         | -1.6        |
|    explained_variance   | -0.0198     |
|    learning_rate        | 0.0003      |
|    loss                 | 3.06        |
|    n_updates            | 10          |
|    policy_gradient_loss | -0.0223     |
|    value_loss           | 7.41        |
-----------------------------------------
-----------------------------------------
| rollout/                |             |
|    ep_len_mean          | 60          |
|    ep_rew_mean          | 1.72        |
| time/                   |             |
|    fps                  | 167         |
|    iterations           | 3           |
|    time_elapsed         | 36          |
|    total_timesteps      | 6144        |
| train/                  |             |
|    approx_kl            | 0.014473649 |
|    clip_fraction        | 0.19        |
|    clip_range           | 0.2         |
|    entropy_loss         | -1.56       |
|    explained_variance   | 0.146       |
|    learning_rate        | 0.0003      |
|    loss                 | 2.49        |
|    n_updates            | 20          |
|    policy_gradient_loss | -0.0253     |
|    value_loss           | 5.39        |
-----------------------------------------
-----------------------------------------
| rollout/                |             |
|    ep_len_mean          | 60          |
|    ep_rew_mean          | 7.13        |
| time/                   |             |
|    fps                  | 161         |
|    iterations           | 4           |
|    time_elapsed         | 50          |
|    total_timesteps      | 8192        |
| train/                  |             |
|    approx_kl            | 0.017641455 |
|    clip_fraction        | 0.155       |
|    clip_range           | 0.2         |
|    entropy_loss         | -1.51       |
|    explained_variance   | 0.174       |
|    learning_rate        | 0.0003      |
|    loss                 | 2.64        |
|    n_updates            | 30          |
|    policy_gradient_loss | -0.023      |
|    value_loss           | 6.38        |
-----------------------------------------
-----------------------------------------
| rollout/                |             |
|    ep_len_mean          | 60          |
|    ep_rew_mean          | 12          |
| time/                   |             |
|    fps                  | 160         |
|    iterations           | 5           |
|    time_elapsed         | 63          |
|    total_timesteps      | 10240       |
| train/                  |             |
|    approx_kl            | 0.012158126 |
|    clip_fraction        | 0.0757      |
|    clip_range           | 0.2         |
|    entropy_loss         | -1.46       |
|    explained_variance   | 0.167       |
|    learning_rate        | 0.0003      |
|    loss                 | 3.36        |
|    n_updates            | 40          |
|    policy_gradient_loss | -0.0118     |
|    value_loss           | 8.61        |
-----------------------------------------
-----------------------------------------
| rollout/                |             |
|    ep_len_mean          | 60          |
|    ep_rew_mean          | 17.4        |
| time/                   |             |
|    fps                  | 157         |
|    iterations           | 6           |
|    time_elapsed         | 77          |
|    total_timesteps      | 12288       |
| train/                  |             |
|    approx_kl            | 0.009949472 |
|    clip_fraction        | 0.0183      |
|    clip_range           | 0.2         |
|    entropy_loss         | -1.39       |
|    explained_variance   | 0.0549      |
|    learning_rate        | 0.0003      |
|    loss                 | 4.5         |
|    n_updates            | 50          |
|    policy_gradient_loss | -0.00608    |
|    value_loss           | 10.9        |
-----------------------------------------
-----------------------------------------
| rollout/                |             |
|    ep_len_mean          | 60          |
|    ep_rew_mean          | 20.7        |
| time/                   |             |
|    fps                  | 150         |
|    iterations           | 7           |
|    time_elapsed         | 95          |
|    total_timesteps      | 14336       |
| train/                  |             |
|    approx_kl            | 0.011479623 |
|    clip_fraction        | 0.0386      |
|    clip_range           | 0.2         |
|    entropy_loss         | -1.31       |
|    explained_variance   | 0.0888      |
|    learning_rate        | 0.0003      |
|    loss                 | 6.95        |
|    n_updates            | 60          |
|    policy_gradient_loss | -0.00967    |
|    value_loss           | 15.2        |
-----------------------------------------
-----------------------------------------
| rollout/                |             |
|    ep_len_mean          | 60          |
|    ep_rew_mean          | 24.2        |
| time/                   |             |
|    fps                  | 148         |
|    iterations           | 8           |
|    time_elapsed         | 110         |
|    total_timesteps      | 16384       |
| train/                  |             |
|    approx_kl            | 0.012010183 |
|    clip_fraction        | 0.0328      |
|    clip_range           | 0.2         |
|    entropy_loss         | -1.22       |
|    explained_variance   | 0.00318     |
|    learning_rate        | 0.0003      |
|    loss                 | 8.77        |
|    n_updates            | 70          |
|    policy_gradient_loss | -0.00713    |
|    value_loss           | 18.9        |
-----------------------------------------
----------------------------------------
| rollout/                |            |
|    ep_len_mean          | 60         |
|    ep_rew_mean          | 26.6       |
| time/                   |            |
|    fps                  | 147        |
|    iterations           | 9          |
|    time_elapsed         | 125        |
|    total_timesteps      | 18432      |
| train/                  |            |
|    approx_kl            | 0.00882038 |
|    clip_fraction        | 0.0479     |
|    clip_range           | 0.2        |
|    entropy_loss         | -1.15      |
|    explained_variance   | 0.0489     |
|    learning_rate        | 0.0003     |
|    loss                 | 11.4       |
|    n_updates            | 80         |
|    policy_gradient_loss | -0.00861   |
|    value_loss           | 23.4       |
----------------------------------------
-----------------------------------------
| rollout/                |             |
|    ep_len_mean          | 60          |
|    ep_rew_mean          | 29.1        |
| time/                   |             |
|    fps                  | 146         |
|    iterations           | 10          |
|    time_elapsed         | 139         |
|    total_timesteps      | 20480       |
| train/                  |             |
|    approx_kl            | 0.008064595 |
|    clip_fraction        | 0.0361      |
|    clip_range           | 0.2         |
|    entropy_loss         | -1.08       |
|    explained_variance   | 0.024       |
|    learning_rate        | 0.0003      |
|    loss                 | 11.3        |
|    n_updates            | 90          |
|    policy_gradient_loss | -0.00457    |
|    value_loss           | 23.4        |
-----------------------------------------
-----------------------------------------
| rollout/                |             |
|    ep_len_mean          | 60          |
|    ep_rew_mean          | 30.1        |
| time/                   |             |
|    fps                  | 145         |
|    iterations           | 11          |
|    time_elapsed         | 154         |
|    total_timesteps      | 22528       |
| train/                  |             |
|    approx_kl            | 0.006071885 |
|    clip_fraction        | 0.0328      |
|    clip_range           | 0.2         |
|    entropy_loss         | -0.983      |
|    explained_variance   | 0.0611      |
|    learning_rate        | 0.0003      |
|    loss                 | 14          |
|    n_updates            | 100         |
|    policy_gradient_loss | -0.00479    |
|    value_loss           | 28.7        |
-----------------------------------------
-----------------------------------------
| rollout/                |             |
|    ep_len_mean          | 60          |
|    ep_rew_mean          | 30.9        |
| time/                   |             |
|    fps                  | 145         |
|    iterations           | 12          |
|    time_elapsed         | 168         |
|    total_timesteps      | 24576       |
| train/                  |             |
|    approx_kl            | 0.003929003 |
|    clip_fraction        | 0.0132      |
|    clip_range           | 0.2         |
|    entropy_loss         | -0.958      |
|    explained_variance   | 0.066       |
|    learning_rate        | 0.0003      |
|    loss                 | 14.9        |
|    n_updates            | 110         |
|    policy_gradient_loss | -0.00264    |
|    value_loss           | 28.7        |
-----------------------------------------
------------------------------------------
| rollout/                |              |
|    ep_len_mean          | 60           |
|    ep_rew_mean          | 31.5         |
| time/                   |              |
|    fps                  | 145          |
|    iterations           | 13           |
|    time_elapsed         | 183          |
|    total_timesteps      | 26624        |
| train/                  |              |
|    approx_kl            | 0.0068052383 |
|    clip_fraction        | 0.0571       |
|    clip_range           | 0.2          |
|    entropy_loss         | -0.89        |
|    explained_variance   | 0.0751       |
|    learning_rate        | 0.0003       |
|    loss                 | 16.8         |
|    n_updates            | 120          |
|    policy_gradient_loss | -0.00849     |
|    value_loss           | 35.5         |
------------------------------------------
-----------------------------------------
| rollout/                |             |
|    ep_len_mean          | 60          |
|    ep_rew_mean          | 32.8        |
| time/                   |             |
|    fps                  | 144         |
|    iterations           | 14          |
|    time_elapsed         | 198         |
|    total_timesteps      | 28672       |
| train/                  |             |
|    approx_kl            | 0.005584484 |
|    clip_fraction        | 0.0393      |
|    clip_range           | 0.2         |
|    entropy_loss         | -0.811      |
|    explained_variance   | 0.0399      |
|    learning_rate        | 0.0003      |
|    loss                 | 19          |
|    n_updates            | 130         |
|    policy_gradient_loss | -0.00384    |
|    value_loss           | 35.2        |
-----------------------------------------
------------------------------------------
| rollout/                |              |
|    ep_len_mean          | 60           |
|    ep_rew_mean          | 34.2         |
| time/                   |              |
|    fps                  | 144          |
|    iterations           | 15           |
|    time_elapsed         | 212          |
|    total_timesteps      | 30720        |
| train/                  |              |
|    approx_kl            | 0.0052164188 |
|    clip_fraction        | 0.0272       |
|    clip_range           | 0.2          |
|    entropy_loss         | -0.771       |
|    explained_variance   | 0.114        |
|    learning_rate        | 0.0003       |
|    loss                 | 16           |
|    n_updates            | 140          |
|    policy_gradient_loss | -0.00433     |
|    value_loss           | 36.6         |
------------------------------------------
------------------------------------------
| rollout/                |              |
|    ep_len_mean          | 60           |
|    ep_rew_mean          | 35.7         |
| time/                   |              |
|    fps                  | 144          |
|    iterations           | 16           |
|    time_elapsed         | 227          |
|    total_timesteps      | 32768        |
| train/                  |              |
|    approx_kl            | 0.0027296029 |
|    clip_fraction        | 0.0173       |
|    clip_range           | 0.2          |
|    entropy_loss         | -0.656       |
|    explained_variance   | 0.0898       |
|    learning_rate        | 0.0003       |
|    loss                 | 20           |
|    n_updates            | 150          |
|    policy_gradient_loss | -0.00401     |
|    value_loss           | 40.9         |
------------------------------------------
------------------------------------------
| rollout/                |              |
|    ep_len_mean          | 60           |
|    ep_rew_mean          | 36.4         |
| time/                   |              |
|    fps                  | 143          |
|    iterations           | 17           |
|    time_elapsed         | 243          |
|    total_timesteps      | 34816        |
| train/                  |              |
|    approx_kl            | 0.0032854108 |
|    clip_fraction        | 0.0209       |
|    clip_range           | 0.2          |
|    entropy_loss         | -0.651       |
|    explained_variance   | 0.121        |
|    learning_rate        | 0.0003       |
|    loss                 | 20.6         |
|    n_updates            | 160          |
|    policy_gradient_loss | -0.00396     |
|    value_loss           | 39.8         |
------------------------------------------
------------------------------------------
| rollout/                |              |
|    ep_len_mean          | 60           |
|    ep_rew_mean          | 37.2         |
| time/                   |              |
|    fps                  | 142          |
|    iterations           | 18           |
|    time_elapsed         | 259          |
|    total_timesteps      | 36864        |
| train/                  |              |
|    approx_kl            | 0.0018961211 |
|    clip_fraction        | 0.00342      |
|    clip_range           | 0.2          |
|    entropy_loss         | -0.624       |
|    explained_variance   | 0.0625       |
|    learning_rate        | 0.0003       |
|    loss                 | 21.9         |
|    n_updates            | 170          |
|    policy_gradient_loss | -0.0017      |
|    value_loss           | 45.8         |
------------------------------------------
------------------------------------------
| rollout/                |              |
|    ep_len_mean          | 60           |
|    ep_rew_mean          | 37.3         |
| time/                   |              |
|    fps                  | 142          |
|    iterations           | 19           |
|    time_elapsed         | 273          |
|    total_timesteps      | 38912        |
| train/                  |              |
|    approx_kl            | 0.0030317127 |
|    clip_fraction        | 0.0131       |
|    clip_range           | 0.2          |
|    entropy_loss         | -0.556       |
|    explained_variance   | 0.0808       |
|    learning_rate        | 0.0003       |
|    loss                 | 18.3         |
|    n_updates            | 180          |
|    policy_gradient_loss | -0.00314     |
|    value_loss           | 44.2         |
------------------------------------------
------------------------------------------
| rollout/                |              |
|    ep_len_mean          | 60           |
|    ep_rew_mean          | 37.5         |
| time/                   |              |
|    fps                  | 140          |
|    iterations           | 20           |
|    time_elapsed         | 291          |
|    total_timesteps      | 40960        |
| train/                  |              |
|    approx_kl            | 0.0027970173 |
|    clip_fraction        | 0.0292       |
|    clip_range           | 0.2          |
|    entropy_loss         | -0.527       |
|    explained_variance   | 0.11         |
|    learning_rate        | 0.0003       |
|    loss                 | 26           |
|    n_updates            | 190          |
|    policy_gradient_loss | -0.00454     |
|    value_loss           | 47.6         |
------------------------------------------
------------------------------------------
| rollout/                |              |
|    ep_len_mean          | 60           |
|    ep_rew_mean          | 38.4         |
| time/                   |              |
|    fps                  | 140          |
|    iterations           | 21           |
|    time_elapsed         | 306          |
|    total_timesteps      | 43008        |
| train/                  |              |
|    approx_kl            | 0.0024282155 |
|    clip_fraction        | 0.0148       |
|    clip_range           | 0.2          |
|    entropy_loss         | -0.471       |
|    explained_variance   | 0.115        |
|    learning_rate        | 0.0003       |
|    loss                 | 20.8         |
|    n_updates            | 200          |
|    policy_gradient_loss | -0.00295     |
|    value_loss           | 44.9         |
------------------------------------------
------------------------------------------
| rollout/                |              |
|    ep_len_mean          | 60           |
|    ep_rew_mean          | 38.8         |
| time/                   |              |
|    fps                  | 140          |
|    iterations           | 22           |
|    time_elapsed         | 321          |
|    total_timesteps      | 45056        |
| train/                  |              |
|    approx_kl            | 0.0024188964 |
|    clip_fraction        | 0.0192       |
|    clip_range           | 0.2          |
|    entropy_loss         | -0.439       |
|    explained_variance   | 0.0791       |
|    learning_rate        | 0.0003       |
|    loss                 | 25.3         |
|    n_updates            | 210          |
|    policy_gradient_loss | -0.00216     |
|    value_loss           | 50.9         |
------------------------------------------
-----------------------------------------
| rollout/                |             |
|    ep_len_mean          | 60          |
|    ep_rew_mean          | 39.8        |
| time/                   |             |
|    fps                  | 140         |
|    iterations           | 23          |
|    time_elapsed         | 335         |
|    total_timesteps      | 47104       |
| train/                  |             |
|    approx_kl            | 0.001987269 |
|    clip_fraction        | 0.0189      |
|    clip_range           | 0.2         |
|    entropy_loss         | -0.433      |
|    explained_variance   | 0.129       |
|    learning_rate        | 0.0003      |
|    loss                 | 19.6        |
|    n_updates            | 220         |
|    policy_gradient_loss | -0.00229    |
|    value_loss           | 47.2        |
-----------------------------------------
-----------------------------------------
| rollout/                |             |
|    ep_len_mean          | 60          |
|    ep_rew_mean          | 39.6        |
| time/                   |             |
|    fps                  | 140         |
|    iterations           | 24          |
|    time_elapsed         | 350         |
|    total_timesteps      | 49152       |
| train/                  |             |
|    approx_kl            | 0.001995101 |
|    clip_fraction        | 0.0177      |
|    clip_range           | 0.2         |
|    entropy_loss         | -0.397      |
|    explained_variance   | 0.0947      |
|    learning_rate        | 0.0003      |
|    loss                 | 32.5        |
|    n_updates            | 230         |
|    policy_gradient_loss | -0.00235    |
|    value_loss           | 54.9        |
-----------------------------------------
------------------------------------------
| rollout/                |              |
|    ep_len_mean          | 60           |
|    ep_rew_mean          | 40.3         |
| time/                   |              |
|    fps                  | 140          |
|    iterations           | 25           |
|    time_elapsed         | 365          |
|    total_timesteps      | 51200        |
| train/                  |              |
|    approx_kl            | 0.0027891179 |
|    clip_fraction        | 0.0187       |
|    clip_range           | 0.2          |
|    entropy_loss         | -0.365       |
|    explained_variance   | 0.0443       |
|    learning_rate        | 0.0003       |
|    loss                 | 26.7         |
|    n_updates            | 240          |
|    policy_gradient_loss | -0.00271     |
|    value_loss           | 53.4         |
------------------------------------------
    evaluating (100 episodes)...
    eval: 20/100 episodes
    eval: 40/100 episodes
    eval: 60/100 episodes
    eval: 80/100 episodes
    eval: 100/100 episodes
  handover_penalty=0.5 ...
Using cpu device
---------------------------------
| rollout/           |          |
|    ep_len_mean     | 60       |
|    ep_rew_mean     | -8.79    |
| time/              |          |
|    fps             | 164      |
|    iterations      | 1        |
|    time_elapsed    | 12       |
|    total_timesteps | 2048     |
---------------------------------
-----------------------------------------
| rollout/                |             |
|    ep_len_mean          | 60          |
|    ep_rew_mean          | -5.93       |
| time/                   |             |
|    fps                  | 122         |
|    iterations           | 2           |
|    time_elapsed         | 33          |
|    total_timesteps      | 4096        |
| train/                  |             |
|    approx_kl            | 0.016832547 |
|    clip_fraction        | 0.172       |
|    clip_range           | 0.2         |
|    entropy_loss         | -1.6        |
|    explained_variance   | -0.0196     |
|    learning_rate        | 0.0003      |
|    loss                 | 2.75        |
|    n_updates            | 10          |
|    policy_gradient_loss | -0.0235     |
|    value_loss           | 7.07        |
-----------------------------------------
------------------------------------------
| rollout/                |              |
|    ep_len_mean          | 60           |
|    ep_rew_mean          | -3.69        |
| time/                   |              |
|    fps                  | 131          |
|    iterations           | 3            |
|    time_elapsed         | 46           |
|    total_timesteps      | 6144         |
| train/                  |              |
|    approx_kl            | 0.0155407125 |
|    clip_fraction        | 0.241        |
|    clip_range           | 0.2          |
|    entropy_loss         | -1.56        |
|    explained_variance   | 0.0952       |
|    learning_rate        | 0.0003       |
|    loss                 | 1.93         |
|    n_updates            | 20           |
|    policy_gradient_loss | -0.0302      |
|    value_loss           | 4.04         |
------------------------------------------
-----------------------------------------
| rollout/                |             |
|    ep_len_mean          | 60          |
|    ep_rew_mean          | 1.69        |
| time/                   |             |
|    fps                  | 125         |
|    iterations           | 4           |
|    time_elapsed         | 65          |
|    total_timesteps      | 8192        |
| train/                  |             |
|    approx_kl            | 0.017116664 |
|    clip_fraction        | 0.199       |
|    clip_range           | 0.2         |
|    entropy_loss         | -1.5        |
|    explained_variance   | 0.187       |
|    learning_rate        | 0.0003      |
|    loss                 | 1.86        |
|    n_updates            | 30          |
|    policy_gradient_loss | -0.0288     |
|    value_loss           | 4.42        |
-----------------------------------------
-----------------------------------------
| rollout/                |             |
|    ep_len_mean          | 60          |
|    ep_rew_mean          | 6.63        |
| time/                   |             |
|    fps                  | 108         |
|    iterations           | 5           |
|    time_elapsed         | 94          |
|    total_timesteps      | 10240       |
| train/                  |             |
|    approx_kl            | 0.014621564 |
|    clip_fraction        | 0.135       |
|    clip_range           | 0.2         |
|    entropy_loss         | -1.44       |
|    explained_variance   | 0.192       |
|    learning_rate        | 0.0003      |
|    loss                 | 1.82        |
|    n_updates            | 40          |
|    policy_gradient_loss | -0.0186     |
|    value_loss           | 4.86        |
-----------------------------------------
-----------------------------------------
| rollout/                |             |
|    ep_len_mean          | 60          |
|    ep_rew_mean          | 12.2        |
| time/                   |             |
|    fps                  | 107         |
|    iterations           | 6           |
|    time_elapsed         | 114         |
|    total_timesteps      | 12288       |
| train/                  |             |
|    approx_kl            | 0.015081773 |
|    clip_fraction        | 0.0554      |
|    clip_range           | 0.2         |
|    entropy_loss         | -1.36       |
|    explained_variance   | 0.0351      |
|    learning_rate        | 0.0003      |
|    loss                 | 2.39        |
|    n_updates            | 50          |
|    policy_gradient_loss | -0.0104     |
|    value_loss           | 6.17        |
-----------------------------------------
-----------------------------------------
| rollout/                |             |
|    ep_len_mean          | 60          |
|    ep_rew_mean          | 16.4        |
| time/                   |             |
|    fps                  | 105         |
|    iterations           | 7           |
|    time_elapsed         | 135         |
|    total_timesteps      | 14336       |
| train/                  |             |
|    approx_kl            | 0.011365753 |
|    clip_fraction        | 0.0522      |
|    clip_range           | 0.2         |
|    entropy_loss         | -1.28       |
|    explained_variance   | 0.0958      |
|    learning_rate        | 0.0003      |
|    loss                 | 3.72        |
|    n_updates            | 60          |
|    policy_gradient_loss | -0.00792    |
|    value_loss           | 8.8         |
-----------------------------------------
-----------------------------------------
| rollout/                |             |
|    ep_len_mean          | 60          |
|    ep_rew_mean          | 20.7        |
| time/                   |             |
|    fps                  | 105         |
|    iterations           | 8           |
|    time_elapsed         | 155         |
|    total_timesteps      | 16384       |
| train/                  |             |
|    approx_kl            | 0.010052443 |
|    clip_fraction        | 0.0336      |
|    clip_range           | 0.2         |
|    entropy_loss         | -1.16       |
|    explained_variance   | 0.000299    |
|    learning_rate        | 0.0003      |
|    loss                 | 5.72        |
|    n_updates            | 70          |
|    policy_gradient_loss | -0.00808    |
|    value_loss           | 13          |
-----------------------------------------
-----------------------------------------
| rollout/                |             |
|    ep_len_mean          | 60          |
|    ep_rew_mean          | 23.6        |
| time/                   |             |
|    fps                  | 104         |
|    iterations           | 9           |
|    time_elapsed         | 175         |
|    total_timesteps      | 18432       |
| train/                  |             |
|    approx_kl            | 0.009422069 |
|    clip_fraction        | 0.0497      |
|    clip_range           | 0.2         |
|    entropy_loss         | -1.07       |
|    explained_variance   | 0.0407      |
|    learning_rate        | 0.0003      |
|    loss                 | 8.04        |
|    n_updates            | 80          |
|    policy_gradient_loss | -0.0095     |
|    value_loss           | 17.1        |
-----------------------------------------
-----------------------------------------
| rollout/                |             |
|    ep_len_mean          | 60          |
|    ep_rew_mean          | 26.2        |
| time/                   |             |
|    fps                  | 106         |
|    iterations           | 10          |
|    time_elapsed         | 191         |
|    total_timesteps      | 20480       |
| train/                  |             |
|    approx_kl            | 0.006995513 |
|    clip_fraction        | 0.0342      |
|    clip_range           | 0.2         |
|    entropy_loss         | -0.988      |
|    explained_variance   | 0.0163      |
|    learning_rate        | 0.0003      |
|    loss                 | 8.86        |
|    n_updates            | 90          |
|    policy_gradient_loss | -0.00456    |
|    value_loss           | 18.7        |
-----------------------------------------
-----------------------------------------
| rollout/                |             |
|    ep_len_mean          | 60          |
|    ep_rew_mean          | 27.7        |
| time/                   |             |
|    fps                  | 108         |
|    iterations           | 11          |
|    time_elapsed         | 207         |
|    total_timesteps      | 22528       |
| train/                  |             |
|    approx_kl            | 0.007950297 |
|    clip_fraction        | 0.0576      |
|    clip_range           | 0.2         |
|    entropy_loss         | -0.865      |
|    explained_variance   | 0.0389      |
|    learning_rate        | 0.0003      |
|    loss                 | 11.5        |
|    n_updates            | 100         |
|    policy_gradient_loss | -0.00681    |
|    value_loss           | 23.3        |
-----------------------------------------
------------------------------------------
| rollout/                |              |
|    ep_len_mean          | 60           |
|    ep_rew_mean          | 29.2         |
| time/                   |              |
|    fps                  | 110          |
|    iterations           | 12           |
|    time_elapsed         | 222          |
|    total_timesteps      | 24576        |
| train/                  |              |
|    approx_kl            | 0.0036089164 |
|    clip_fraction        | 0.0157       |
|    clip_range           | 0.2          |
|    entropy_loss         | -0.833       |
|    explained_variance   | 0.0647       |
|    learning_rate        | 0.0003       |
|    loss                 | 12.4         |
|    n_updates            | 110          |
|    policy_gradient_loss | -0.00325     |
|    value_loss           | 24.2         |
------------------------------------------
------------------------------------------
| rollout/                |              |
|    ep_len_mean          | 60           |
|    ep_rew_mean          | 30.4         |
| time/                   |              |
|    fps                  | 112          |
|    iterations           | 13           |
|    time_elapsed         | 237          |
|    total_timesteps      | 26624        |
| train/                  |              |
|    approx_kl            | 0.0041764867 |
|    clip_fraction        | 0.0316       |
|    clip_range           | 0.2          |
|    entropy_loss         | -0.77        |
|    explained_variance   | 0.0693       |
|    learning_rate        | 0.0003       |
|    loss                 | 14           |
|    n_updates            | 120          |
|    policy_gradient_loss | -0.00537     |
|    value_loss           | 29.9         |
------------------------------------------
-----------------------------------------
| rollout/                |             |
|    ep_len_mean          | 60          |
|    ep_rew_mean          | 31.6        |
| time/                   |             |
|    fps                  | 113         |
|    iterations           | 14          |
|    time_elapsed         | 253         |
|    total_timesteps      | 28672       |
| train/                  |             |
|    approx_kl            | 0.005222983 |
|    clip_fraction        | 0.034       |
|    clip_range           | 0.2         |
|    entropy_loss         | -0.701      |
|    explained_variance   | 0.0397      |
|    learning_rate        | 0.0003      |
|    loss                 | 16.9        |
|    n_updates            | 130         |
|    policy_gradient_loss | -0.00382    |
|    value_loss           | 31.5        |
-----------------------------------------
-----------------------------------------
| rollout/                |             |
|    ep_len_mean          | 60          |
|    ep_rew_mean          | 32.9        |
| time/                   |             |
|    fps                  | 114         |
|    iterations           | 15          |
|    time_elapsed         | 269         |
|    total_timesteps      | 30720       |
| train/                  |             |
|    approx_kl            | 0.003431838 |
|    clip_fraction        | 0.0262      |
|    clip_range           | 0.2         |
|    entropy_loss         | -0.66       |
|    explained_variance   | 0.109       |
|    learning_rate        | 0.0003      |
|    loss                 | 14.3        |
|    n_updates            | 140         |
|    policy_gradient_loss | -0.00409    |
|    value_loss           | 32.4        |
-----------------------------------------
------------------------------------------
| rollout/                |              |
|    ep_len_mean          | 60           |
|    ep_rew_mean          | 34.3         |
| time/                   |              |
|    fps                  | 115          |
|    iterations           | 16           |
|    time_elapsed         | 284          |
|    total_timesteps      | 32768        |
| train/                  |              |
|    approx_kl            | 0.0033222032 |
|    clip_fraction        | 0.0251       |
|    clip_range           | 0.2          |
|    entropy_loss         | -0.561       |
|    explained_variance   | 0.0856       |
|    learning_rate        | 0.0003       |
|    loss                 | 18.8         |
|    n_updates            | 150          |
|    policy_gradient_loss | -0.00593     |
|    value_loss           | 37.6         |
------------------------------------------
------------------------------------------
| rollout/                |              |
|    ep_len_mean          | 60           |
|    ep_rew_mean          | 35.5         |
| time/                   |              |
|    fps                  | 115          |
|    iterations           | 17           |
|    time_elapsed         | 301          |
|    total_timesteps      | 34816        |
| train/                  |              |
|    approx_kl            | 0.0039026705 |
|    clip_fraction        | 0.0362       |
|    clip_range           | 0.2          |
|    entropy_loss         | -0.545       |
|    explained_variance   | 0.115        |
|    learning_rate        | 0.0003       |
|    loss                 | 19.3         |
|    n_updates            | 160          |
|    policy_gradient_loss | -0.00529     |
|    value_loss           | 37.1         |
------------------------------------------
-----------------------------------------
| rollout/                |             |
|    ep_len_mean          | 60          |
|    ep_rew_mean          | 36.6        |
| time/                   |             |
|    fps                  | 112         |
|    iterations           | 18          |
|    time_elapsed         | 329         |
|    total_timesteps      | 36864       |
| train/                  |             |
|    approx_kl            | 0.002663523 |
|    clip_fraction        | 0.0247      |
|    clip_range           | 0.2         |
|    entropy_loss         | -0.515      |
|    explained_variance   | 0.0581      |
|    learning_rate        | 0.0003      |
|    loss                 | 20.5        |
|    n_updates            | 170         |
|    policy_gradient_loss | -0.00297    |
|    value_loss           | 43.3        |
-----------------------------------------
------------------------------------------
| rollout/                |              |
|    ep_len_mean          | 60           |
|    ep_rew_mean          | 37           |
| time/                   |              |
|    fps                  | 109          |
|    iterations           | 19           |
|    time_elapsed         | 356          |
|    total_timesteps      | 38912        |
| train/                  |              |
|    approx_kl            | 0.0024208103 |
|    clip_fraction        | 0.0113       |
|    clip_range           | 0.2          |
|    entropy_loss         | -0.441       |
|    explained_variance   | 0.0792       |
|    learning_rate        | 0.0003       |
|    loss                 | 17.2         |
|    n_updates            | 180          |
|    policy_gradient_loss | -0.0021      |
|    value_loss           | 41.8         |
------------------------------------------
------------------------------------------
| rollout/                |              |
|    ep_len_mean          | 60           |
|    ep_rew_mean          | 37           |
| time/                   |              |
|    fps                  | 103          |
|    iterations           | 20           |
|    time_elapsed         | 394          |
|    total_timesteps      | 40960        |
| train/                  |              |
|    approx_kl            | 0.0023199646 |
|    clip_fraction        | 0.0312       |
|    clip_range           | 0.2          |
|    entropy_loss         | -0.421       |
|    explained_variance   | 0.111        |
|    learning_rate        | 0.0003       |
|    loss                 | 25           |
|    n_updates            | 190          |
|    policy_gradient_loss | -0.0045      |
|    value_loss           | 45.5         |
------------------------------------------
------------------------------------------
| rollout/                |              |
|    ep_len_mean          | 60           |
|    ep_rew_mean          | 37.7         |
| time/                   |              |
|    fps                  | 100          |
|    iterations           | 21           |
|    time_elapsed         | 429          |
|    total_timesteps      | 43008        |
| train/                  |              |
|    approx_kl            | 0.0018763794 |
|    clip_fraction        | 0.0208       |
|    clip_range           | 0.2          |
|    entropy_loss         | -0.387       |
|    explained_variance   | 0.115        |
|    learning_rate        | 0.0003       |
|    loss                 | 20.2         |
|    n_updates            | 200          |
|    policy_gradient_loss | -0.00257     |
|    value_loss           | 42.9         |
------------------------------------------
------------------------------------------
| rollout/                |              |
|    ep_len_mean          | 60           |
|    ep_rew_mean          | 38.2         |
| time/                   |              |
|    fps                  | 97           |
|    iterations           | 22           |
|    time_elapsed         | 461          |
|    total_timesteps      | 45056        |
| train/                  |              |
|    approx_kl            | 0.0012040957 |
|    clip_fraction        | 0.00728      |
|    clip_range           | 0.2          |
|    entropy_loss         | -0.357       |
|    explained_variance   | 0.0747       |
|    learning_rate        | 0.0003       |
|    loss                 | 24.5         |
|    n_updates            | 210          |
|    policy_gradient_loss | -0.00195     |
|    value_loss           | 49.5         |
------------------------------------------
-----------------------------------------
| rollout/                |             |
|    ep_len_mean          | 60          |
|    ep_rew_mean          | 39.2        |
| time/                   |             |
|    fps                  | 97          |
|    iterations           | 23          |
|    time_elapsed         | 481         |
|    total_timesteps      | 47104       |
| train/                  |             |
|    approx_kl            | 0.001754978 |
|    clip_fraction        | 0.0167      |
|    clip_range           | 0.2         |
|    entropy_loss         | -0.349      |
|    explained_variance   | 0.125       |
|    learning_rate        | 0.0003      |
|    loss                 | 19.1        |
|    n_updates            | 220         |
|    policy_gradient_loss | -0.00276    |
|    value_loss           | 45.6        |
-----------------------------------------
------------------------------------------
| rollout/                |              |
|    ep_len_mean          | 60           |
|    ep_rew_mean          | 39.1         |
| time/                   |              |
|    fps                  | 98           |
|    iterations           | 24           |
|    time_elapsed         | 500          |
|    total_timesteps      | 49152        |
| train/                  |              |
|    approx_kl            | 0.0015652496 |
|    clip_fraction        | 0.00957      |
|    clip_range           | 0.2          |
|    entropy_loss         | -0.304       |
|    explained_variance   | 0.0994       |
|    learning_rate        | 0.0003       |
|    loss                 | 31.9         |
|    n_updates            | 230          |
|    policy_gradient_loss | -0.00253     |
|    value_loss           | 53.6         |
------------------------------------------
------------------------------------------
| rollout/                |              |
|    ep_len_mean          | 60           |
|    ep_rew_mean          | 40           |
| time/                   |              |
|    fps                  | 98           |
|    iterations           | 25           |
|    time_elapsed         | 519          |
|    total_timesteps      | 51200        |
| train/                  |              |
|    approx_kl            | 0.0014121244 |
|    clip_fraction        | 0.0119       |
|    clip_range           | 0.2          |
|    entropy_loss         | -0.285       |
|    explained_variance   | 0.0428       |
|    learning_rate        | 0.0003       |
|    loss                 | 26.1         |
|    n_updates            | 240          |
|    policy_gradient_loss | -0.00226     |
|    value_loss           | 52.3         |
------------------------------------------
    evaluating (100 episodes)...
    eval: 20/100 episodes
    eval: 40/100 episodes
    eval: 60/100 episodes
    eval: 80/100 episodes
    eval: 100/100 episodes
 handover_penalty  reward_mean  switch_rate_mean  outage_rate_mean
             0.00    44.303175          0.069000               0.0
             0.05    44.251197          0.066167               0.0
             0.15    43.849337          0.054833               0.0
             0.30    43.460428          0.045167               0.0
             0.50    43.006366          0.037500               0.0

switch rate monotonically non-increasing with handover penalty: True

running reward-profile sweep (handover_penalty=0.15)...
  reward_profile=balanced ...
Using cpu device
---------------------------------
| rollout/           |          |
|    ep_len_mean     | 60       |
|    ep_rew_mean     | 0.734    |
| time/              |          |
|    fps             | 136      |
|    iterations      | 1        |
|    time_elapsed    | 15       |
|    total_timesteps | 2048     |
---------------------------------
----------------------------------------
| rollout/                |            |
|    ep_len_mean          | 60         |
|    ep_rew_mean          | 3.54       |
| time/                   |            |
|    fps                  | 135        |
|    iterations           | 2          |
|    time_elapsed         | 30         |
|    total_timesteps      | 4096       |
| train/                  |            |
|    approx_kl            | 0.01588324 |
|    clip_fraction        | 0.164      |
|    clip_range           | 0.2        |
|    entropy_loss         | -1.6       |
|    explained_variance   | -0.019     |
|    learning_rate        | 0.0003     |
|    loss                 | 3.63       |
|    n_updates            | 10         |
|    policy_gradient_loss | -0.0216    |
|    value_loss           | 8.67       |
----------------------------------------
-----------------------------------------
| rollout/                |             |
|    ep_len_mean          | 60          |
|    ep_rew_mean          | 5.79        |
| time/                   |             |
|    fps                  | 133         |
|    iterations           | 3           |
|    time_elapsed         | 46          |
|    total_timesteps      | 6144        |
| train/                  |             |
|    approx_kl            | 0.014199831 |
|    clip_fraction        | 0.148       |
|    clip_range           | 0.2         |
|    entropy_loss         | -1.57       |
|    explained_variance   | 0.145       |
|    learning_rate        | 0.0003      |
|    loss                 | 3.26        |
|    n_updates            | 20          |
|    policy_gradient_loss | -0.0203     |
|    value_loss           | 7.32        |
-----------------------------------------
-----------------------------------------
| rollout/                |             |
|    ep_len_mean          | 60          |
|    ep_rew_mean          | 11.3        |
| time/                   |             |
|    fps                  | 130         |
|    iterations           | 4           |
|    time_elapsed         | 62          |
|    total_timesteps      | 8192        |
| train/                  |             |
|    approx_kl            | 0.016310075 |
|    clip_fraction        | 0.113       |
|    clip_range           | 0.2         |
|    entropy_loss         | -1.52       |
|    explained_variance   | 0.153       |
|    learning_rate        | 0.0003      |
|    loss                 | 3.7         |
|    n_updates            | 30          |
|    policy_gradient_loss | -0.0177     |
|    value_loss           | 9.08        |
-----------------------------------------
-----------------------------------------
| rollout/                |             |
|    ep_len_mean          | 60          |
|    ep_rew_mean          | 16.1        |
| time/                   |             |
|    fps                  | 127         |
|    iterations           | 5           |
|    time_elapsed         | 80          |
|    total_timesteps      | 10240       |
| train/                  |             |
|    approx_kl            | 0.012849061 |
|    clip_fraction        | 0.05        |
|    clip_range           | 0.2         |
|    entropy_loss         | -1.47       |
|    explained_variance   | 0.153       |
|    learning_rate        | 0.0003      |
|    loss                 | 5.2         |
|    n_updates            | 40          |
|    policy_gradient_loss | -0.00891    |
|    value_loss           | 12.9        |
-----------------------------------------
----------------------------------------
| rollout/                |            |
|    ep_len_mean          | 60         |
|    ep_rew_mean          | 21.3       |
| time/                   |            |
|    fps                  | 126        |
|    iterations           | 6          |
|    time_elapsed         | 97         |
|    total_timesteps      | 12288      |
| train/                  |            |
|    approx_kl            | 0.00687054 |
|    clip_fraction        | 0.01       |
|    clip_range           | 0.2        |
|    entropy_loss         | -1.41      |
|    explained_variance   | 0.0648     |
|    learning_rate        | 0.0003     |
|    loss                 | 6.82       |
|    n_updates            | 50         |
|    policy_gradient_loss | -0.00331   |
|    value_loss           | 16         |
----------------------------------------
-----------------------------------------
| rollout/                |             |
|    ep_len_mean          | 60          |
|    ep_rew_mean          | 24.1        |
| time/                   |             |
|    fps                  | 124         |
|    iterations           | 7           |
|    time_elapsed         | 115         |
|    total_timesteps      | 14336       |
| train/                  |             |
|    approx_kl            | 0.010645602 |
|    clip_fraction        | 0.0305      |
|    clip_range           | 0.2         |
|    entropy_loss         | -1.36       |
|    explained_variance   | 0.084       |
|    learning_rate        | 0.0003      |
|    loss                 | 10.1        |
|    n_updates            | 60          |
|    policy_gradient_loss | -0.00728    |
|    value_loss           | 21.3        |
-----------------------------------------
-----------------------------------------
| rollout/                |             |
|    ep_len_mean          | 60          |
|    ep_rew_mean          | 27.1        |
| time/                   |             |
|    fps                  | 123         |
|    iterations           | 8           |
|    time_elapsed         | 133         |
|    total_timesteps      | 16384       |
| train/                  |             |
|    approx_kl            | 0.010915941 |
|    clip_fraction        | 0.0311      |
|    clip_range           | 0.2         |
|    entropy_loss         | -1.27       |
|    explained_variance   | 0.0146      |
|    learning_rate        | 0.0003      |
|    loss                 | 11.5        |
|    n_updates            | 70          |
|    policy_gradient_loss | -0.00724    |
|    value_loss           | 24.4        |
-----------------------------------------
-----------------------------------------
| rollout/                |             |
|    ep_len_mean          | 60          |
|    ep_rew_mean          | 29.3        |
| time/                   |             |
|    fps                  | 120         |
|    iterations           | 9           |
|    time_elapsed         | 152         |
|    total_timesteps      | 18432       |
| train/                  |             |
|    approx_kl            | 0.009122876 |
|    clip_fraction        | 0.0394      |
|    clip_range           | 0.2         |
|    entropy_loss         | -1.22       |
|    explained_variance   | 0.0586      |
|    learning_rate        | 0.0003      |
|    loss                 | 14          |
|    n_updates            | 80          |
|    policy_gradient_loss | -0.00718    |
|    value_loss           | 28.7        |
-----------------------------------------
------------------------------------------
| rollout/                |              |
|    ep_len_mean          | 60           |
|    ep_rew_mean          | 31.6         |
| time/                   |              |
|    fps                  | 118          |
|    iterations           | 10           |
|    time_elapsed         | 172          |
|    total_timesteps      | 20480        |
| train/                  |              |
|    approx_kl            | 0.0072390167 |
|    clip_fraction        | 0.00874      |
|    clip_range           | 0.2          |
|    entropy_loss         | -1.16        |
|    explained_variance   | 0.0409       |
|    learning_rate        | 0.0003       |
|    loss                 | 14.1         |
|    n_updates            | 90           |
|    policy_gradient_loss | -0.00208     |
|    value_loss           | 29.5         |
------------------------------------------
----------------------------------------
| rollout/                |            |
|    ep_len_mean          | 60         |
|    ep_rew_mean          | 32.6       |
| time/                   |            |
|    fps                  | 118        |
|    iterations           | 11         |
|    time_elapsed         | 190        |
|    total_timesteps      | 22528      |
| train/                  |            |
|    approx_kl            | 0.00724161 |
|    clip_fraction        | 0.04       |
|    clip_range           | 0.2        |
|    entropy_loss         | -1.07      |
|    explained_variance   | 0.0684     |
|    learning_rate        | 0.0003     |
|    loss                 | 17.2       |
|    n_updates            | 100        |
|    policy_gradient_loss | -0.00607   |
|    value_loss           | 35         |
----------------------------------------
-----------------------------------------
| rollout/                |             |
|    ep_len_mean          | 60          |
|    ep_rew_mean          | 33.1        |
| time/                   |             |
|    fps                  | 119         |
|    iterations           | 12          |
|    time_elapsed         | 205         |
|    total_timesteps      | 24576       |
| train/                  |             |
|    approx_kl            | 0.005260452 |
|    clip_fraction        | 0.0169      |
|    clip_range           | 0.2         |
|    entropy_loss         | -1.06       |
|    explained_variance   | 0.0677      |
|    learning_rate        | 0.0003      |
|    loss                 | 18.1        |
|    n_updates            | 110         |
|    policy_gradient_loss | -0.00345    |
|    value_loss           | 34.7        |
-----------------------------------------
------------------------------------------
| rollout/                |              |
|    ep_len_mean          | 60           |
|    ep_rew_mean          | 33.6         |
| time/                   |              |
|    fps                  | 119          |
|    iterations           | 13           |
|    time_elapsed         | 222          |
|    total_timesteps      | 26624        |
| train/                  |              |
|    approx_kl            | 0.0069902837 |
|    clip_fraction        | 0.0322       |
|    clip_range           | 0.2          |
|    entropy_loss         | -1.01        |
|    explained_variance   | 0.0822       |
|    learning_rate        | 0.0003       |
|    loss                 | 20.1         |
|    n_updates            | 120          |
|    policy_gradient_loss | -0.00622     |
|    value_loss           | 42.7         |
------------------------------------------
-----------------------------------------
| rollout/                |             |
|    ep_len_mean          | 60          |
|    ep_rew_mean          | 34.3        |
| time/                   |             |
|    fps                  | 117         |
|    iterations           | 14          |
|    time_elapsed         | 242         |
|    total_timesteps      | 28672       |
| train/                  |             |
|    approx_kl            | 0.005688159 |
|    clip_fraction        | 0.0223      |
|    clip_range           | 0.2         |
|    entropy_loss         | -0.942      |
|    explained_variance   | 0.046       |
|    learning_rate        | 0.0003      |
|    loss                 | 21.7        |
|    n_updates            | 130         |
|    policy_gradient_loss | -0.003      |
|    value_loss           | 40.6        |
-----------------------------------------
-----------------------------------------
| rollout/                |             |
|    ep_len_mean          | 60          |
|    ep_rew_mean          | 35.3        |
| time/                   |             |
|    fps                  | 113         |
|    iterations           | 15          |
|    time_elapsed         | 271         |
|    total_timesteps      | 30720       |
| train/                  |             |
|    approx_kl            | 0.006095361 |
|    clip_fraction        | 0.0362      |
|    clip_range           | 0.2         |
|    entropy_loss         | -0.906      |
|    explained_variance   | 0.117       |
|    learning_rate        | 0.0003      |
|    loss                 | 17.9        |
|    n_updates            | 140         |
|    policy_gradient_loss | -0.00451    |
|    value_loss           | 41.1        |
-----------------------------------------
------------------------------------------
| rollout/                |              |
|    ep_len_mean          | 60           |
|    ep_rew_mean          | 36.6         |
| time/                   |              |
|    fps                  | 112          |
|    iterations           | 16           |
|    time_elapsed         | 291          |
|    total_timesteps      | 32768        |
| train/                  |              |
|    approx_kl            | 0.0039987285 |
|    clip_fraction        | 0.0177       |
|    clip_range           | 0.2          |
|    entropy_loss         | -0.797       |
|    explained_variance   | 0.0978       |
|    learning_rate        | 0.0003       |
|    loss                 | 22.2         |
|    n_updates            | 150          |
|    policy_gradient_loss | -0.00448     |
|    value_loss           | 45.8         |
------------------------------------------
-----------------------------------------
| rollout/                |             |
|    ep_len_mean          | 60          |
|    ep_rew_mean          | 37.4        |
| time/                   |             |
|    fps                  | 112         |
|    iterations           | 17          |
|    time_elapsed         | 308         |
|    total_timesteps      | 34816       |
| train/                  |             |
|    approx_kl            | 0.005489718 |
|    clip_fraction        | 0.0315      |
|    clip_range           | 0.2         |
|    entropy_loss         | -0.777      |
|    explained_variance   | 0.126       |
|    learning_rate        | 0.0003      |
|    loss                 | 22.6        |
|    n_updates            | 160         |
|    policy_gradient_loss | -0.00514    |
|    value_loss           | 43.7        |
-----------------------------------------
------------------------------------------
| rollout/                |              |
|    ep_len_mean          | 60           |
|    ep_rew_mean          | 37.9         |
| time/                   |              |
|    fps                  | 113          |
|    iterations           | 18           |
|    time_elapsed         | 326          |
|    total_timesteps      | 36864        |
| train/                  |              |
|    approx_kl            | 0.0021011704 |
|    clip_fraction        | 0.00425      |
|    clip_range           | 0.2          |
|    entropy_loss         | -0.759       |
|    explained_variance   | 0.0631       |
|    learning_rate        | 0.0003       |
|    loss                 | 24.1         |
|    n_updates            | 170          |
|    policy_gradient_loss | -0.00187     |
|    value_loss           | 50           |
------------------------------------------
------------------------------------------
| rollout/                |              |
|    ep_len_mean          | 60           |
|    ep_rew_mean          | 37.7         |
| time/                   |              |
|    fps                  | 113          |
|    iterations           | 19           |
|    time_elapsed         | 343          |
|    total_timesteps      | 38912        |
| train/                  |              |
|    approx_kl            | 0.0045965016 |
|    clip_fraction        | 0.0167       |
|    clip_range           | 0.2          |
|    entropy_loss         | -0.703       |
|    explained_variance   | 0.0852       |
|    learning_rate        | 0.0003       |
|    loss                 | 19.4         |
|    n_updates            | 180          |
|    policy_gradient_loss | -0.00355     |
|    value_loss           | 46.7         |
------------------------------------------
------------------------------------------
| rollout/                |              |
|    ep_len_mean          | 60           |
|    ep_rew_mean          | 37.6         |
| time/                   |              |
|    fps                  | 113          |
|    iterations           | 20           |
|    time_elapsed         | 360          |
|    total_timesteps      | 40960        |
| train/                  |              |
|    approx_kl            | 0.0022458993 |
|    clip_fraction        | 0.0281       |
|    clip_range           | 0.2          |
|    entropy_loss         | -0.702       |
|    explained_variance   | 0.112        |
|    learning_rate        | 0.0003       |
|    loss                 | 27.3         |
|    n_updates            | 190          |
|    policy_gradient_loss | -0.00494     |
|    value_loss           | 49.8         |
------------------------------------------
-----------------------------------------
| rollout/                |             |
|    ep_len_mean          | 60          |
|    ep_rew_mean          | 38.4        |
| time/                   |             |
|    fps                  | 114         |
|    iterations           | 21          |
|    time_elapsed         | 376         |
|    total_timesteps      | 43008       |
| train/                  |             |
|    approx_kl            | 0.004130193 |
|    clip_fraction        | 0.0165      |
|    clip_range           | 0.2         |
|    entropy_loss         | -0.68       |
|    explained_variance   | 0.116       |
|    learning_rate        | 0.0003      |
|    loss                 | 22          |
|    n_updates            | 200         |
|    policy_gradient_loss | -0.00322    |
|    value_loss           | 47.4        |
-----------------------------------------
-----------------------------------------
| rollout/                |             |
|    ep_len_mean          | 60          |
|    ep_rew_mean          | 38.8        |
| time/                   |             |
|    fps                  | 114         |
|    iterations           | 22          |
|    time_elapsed         | 393         |
|    total_timesteps      | 45056       |
| train/                  |             |
|    approx_kl            | 0.003174767 |
|    clip_fraction        | 0.022       |
|    clip_range           | 0.2         |
|    entropy_loss         | -0.628      |
|    explained_variance   | 0.0802      |
|    learning_rate        | 0.0003      |
|    loss                 | 25.7        |
|    n_updates            | 210         |
|    policy_gradient_loss | -0.00276    |
|    value_loss           | 52.1        |
-----------------------------------------
------------------------------------------
| rollout/                |              |
|    ep_len_mean          | 60           |
|    ep_rew_mean          | 39.8         |
| time/                   |              |
|    fps                  | 114          |
|    iterations           | 23           |
|    time_elapsed         | 410          |
|    total_timesteps      | 47104        |
| train/                  |              |
|    approx_kl            | 0.0036193193 |
|    clip_fraction        | 0.0228       |
|    clip_range           | 0.2          |
|    entropy_loss         | -0.627       |
|    explained_variance   | 0.137        |
|    learning_rate        | 0.0003       |
|    loss                 | 21           |
|    n_updates            | 220          |
|    policy_gradient_loss | -0.00285     |
|    value_loss           | 49.1         |
------------------------------------------
------------------------------------------
| rollout/                |              |
|    ep_len_mean          | 60           |
|    ep_rew_mean          | 39.5         |
| time/                   |              |
|    fps                  | 114          |
|    iterations           | 24           |
|    time_elapsed         | 430          |
|    total_timesteps      | 49152        |
| train/                  |              |
|    approx_kl            | 0.0022096047 |
|    clip_fraction        | 0.025        |
|    clip_range           | 0.2          |
|    entropy_loss         | -0.575       |
|    explained_variance   | 0.0936       |
|    learning_rate        | 0.0003       |
|    loss                 | 33.5         |
|    n_updates            | 230          |
|    policy_gradient_loss | -0.00324     |
|    value_loss           | 56.9         |
------------------------------------------
-----------------------------------------
| rollout/                |             |
|    ep_len_mean          | 60          |
|    ep_rew_mean          | 40.3        |
| time/                   |             |
|    fps                  | 113         |
|    iterations           | 25          |
|    time_elapsed         | 451         |
|    total_timesteps      | 51200       |
| train/                  |             |
|    approx_kl            | 0.004608864 |
|    clip_fraction        | 0.0277      |
|    clip_range           | 0.2         |
|    entropy_loss         | -0.544      |
|    explained_variance   | 0.0419      |
|    learning_rate        | 0.0003      |
|    loss                 | 27          |
|    n_updates            | 240         |
|    policy_gradient_loss | -0.00334    |
|    value_loss           | 53.6        |
-----------------------------------------
    evaluating (100 episodes)...
    eval: 20/100 episodes
    eval: 40/100 episodes
    eval: 60/100 episodes
    eval: 80/100 episodes
    eval: 100/100 episodes
  reward_profile=throughput-leaning ...
Using cpu device
---------------------------------
| rollout/           |          |
|    ep_len_mean     | 60       |
|    ep_rew_mean     | -0.258   |
| time/              |          |
|    fps             | 156      |
|    iterations      | 1        |
|    time_elapsed    | 13       |
|    total_timesteps | 2048     |
---------------------------------
-----------------------------------------
| rollout/                |             |
|    ep_len_mean          | 60          |
|    ep_rew_mean          | 2.57        |
| time/                   |             |
|    fps                  | 153         |
|    iterations           | 2           |
|    time_elapsed         | 26          |
|    total_timesteps      | 4096        |
| train/                  |             |
|    approx_kl            | 0.015921392 |
|    clip_fraction        | 0.168       |
|    clip_range           | 0.2         |
|    entropy_loss         | -1.6        |
|    explained_variance   | -0.0188     |
|    learning_rate        | 0.0003      |
|    loss                 | 3.57        |
|    n_updates            | 10          |
|    policy_gradient_loss | -0.0219     |
|    value_loss           | 8.49        |
-----------------------------------------
-----------------------------------------
| rollout/                |             |
|    ep_len_mean          | 60          |
|    ep_rew_mean          | 4.81        |
| time/                   |             |
|    fps                  | 144         |
|    iterations           | 3           |
|    time_elapsed         | 42          |
|    total_timesteps      | 6144        |
| train/                  |             |
|    approx_kl            | 0.013810005 |
|    clip_fraction        | 0.154       |
|    clip_range           | 0.2         |
|    entropy_loss         | -1.57       |
|    explained_variance   | 0.15        |
|    learning_rate        | 0.0003      |
|    loss                 | 3.12        |
|    n_updates            | 20          |
|    policy_gradient_loss | -0.0208     |
|    value_loss           | 6.81        |
-----------------------------------------
-----------------------------------------
| rollout/                |             |
|    ep_len_mean          | 60          |
|    ep_rew_mean          | 10.4        |
| time/                   |             |
|    fps                  | 142         |
|    iterations           | 4           |
|    time_elapsed         | 57          |
|    total_timesteps      | 8192        |
| train/                  |             |
|    approx_kl            | 0.016202297 |
|    clip_fraction        | 0.126       |
|    clip_range           | 0.2         |
|    entropy_loss         | -1.52       |
|    explained_variance   | 0.144       |
|    learning_rate        | 0.0003      |
|    loss                 | 3.37        |
|    n_updates            | 30          |
|    policy_gradient_loss | -0.0193     |
|    value_loss           | 8.49        |
-----------------------------------------
-----------------------------------------
| rollout/                |             |
|    ep_len_mean          | 60          |
|    ep_rew_mean          | 15.3        |
| time/                   |             |
|    fps                  | 142         |
|    iterations           | 5           |
|    time_elapsed         | 72          |
|    total_timesteps      | 10240       |
| train/                  |             |
|    approx_kl            | 0.013049585 |
|    clip_fraction        | 0.0551      |
|    clip_range           | 0.2         |
|    entropy_loss         | -1.47       |
|    explained_variance   | 0.146       |
|    learning_rate        | 0.0003      |
|    loss                 | 4.76        |
|    n_updates            | 40          |
|    policy_gradient_loss | -0.00953    |
|    value_loss           | 12.2        |
-----------------------------------------
------------------------------------------
| rollout/                |              |
|    ep_len_mean          | 60           |
|    ep_rew_mean          | 20.5         |
| time/                   |              |
|    fps                  | 141          |
|    iterations           | 6            |
|    time_elapsed         | 86           |
|    total_timesteps      | 12288        |
| train/                  |              |
|    approx_kl            | 0.0071658553 |
|    clip_fraction        | 0.00918      |
|    clip_range           | 0.2          |
|    entropy_loss         | -1.41        |
|    explained_variance   | 0.0632       |
|    learning_rate        | 0.0003       |
|    loss                 | 6.31         |
|    n_updates            | 50           |
|    policy_gradient_loss | -0.00352     |
|    value_loss           | 14.9         |
------------------------------------------
----------------------------------------
| rollout/                |            |
|    ep_len_mean          | 60         |
|    ep_rew_mean          | 23.4       |
| time/                   |            |
|    fps                  | 142        |
|    iterations           | 7          |
|    time_elapsed         | 100        |
|    total_timesteps      | 14336      |
| train/                  |            |
|    approx_kl            | 0.00920693 |
|    clip_fraction        | 0.0286     |
|    clip_range           | 0.2        |
|    entropy_loss         | -1.35      |
|    explained_variance   | 0.0843     |
|    learning_rate        | 0.0003     |
|    loss                 | 9.35       |
|    n_updates            | 60         |
|    policy_gradient_loss | -0.00744   |
|    value_loss           | 20.1       |
----------------------------------------
-----------------------------------------
| rollout/                |             |
|    ep_len_mean          | 60          |
|    ep_rew_mean          | 26.5        |
| time/                   |             |
|    fps                  | 142         |
|    iterations           | 8           |
|    time_elapsed         | 115         |
|    total_timesteps      | 16384       |
| train/                  |             |
|    approx_kl            | 0.010455908 |
|    clip_fraction        | 0.021       |
|    clip_range           | 0.2         |
|    entropy_loss         | -1.27       |
|    explained_variance   | 0.0173      |
|    learning_rate        | 0.0003      |
|    loss                 | 10.8        |
|    n_updates            | 70          |
|    policy_gradient_loss | -0.00627    |
|    value_loss           | 23.4        |
-----------------------------------------
----------------------------------------
| rollout/                |            |
|    ep_len_mean          | 60         |
|    ep_rew_mean          | 28.7       |
| time/                   |            |
|    fps                  | 141        |
|    iterations           | 9          |
|    time_elapsed         | 129        |
|    total_timesteps      | 18432      |
| train/                  |            |
|    approx_kl            | 0.00966684 |
|    clip_fraction        | 0.0356     |
|    clip_range           | 0.2        |
|    entropy_loss         | -1.22      |
|    explained_variance   | 0.0581     |
|    learning_rate        | 0.0003     |
|    loss                 | 13.6       |
|    n_updates            | 80         |
|    policy_gradient_loss | -0.00676   |
|    value_loss           | 27.9       |
----------------------------------------
-----------------------------------------
| rollout/                |             |
|    ep_len_mean          | 60          |
|    ep_rew_mean          | 30.9        |
| time/                   |             |
|    fps                  | 142         |
|    iterations           | 10          |
|    time_elapsed         | 143         |
|    total_timesteps      | 20480       |
| train/                  |             |
|    approx_kl            | 0.010015863 |
|    clip_fraction        | 0.0229      |
|    clip_range           | 0.2         |
|    entropy_loss         | -1.15       |
|    explained_variance   | 0.0357      |
|    learning_rate        | 0.0003      |
|    loss                 | 13.5        |
|    n_updates            | 90          |
|    policy_gradient_loss | -0.00372    |
|    value_loss           | 28.4        |
-----------------------------------------
------------------------------------------
| rollout/                |              |
|    ep_len_mean          | 60           |
|    ep_rew_mean          | 32           |
| time/                   |              |
|    fps                  | 141          |
|    iterations           | 11           |
|    time_elapsed         | 158          |
|    total_timesteps      | 22528        |
| train/                  |              |
|    approx_kl            | 0.0056100166 |
|    clip_fraction        | 0.0379       |
|    clip_range           | 0.2          |
|    entropy_loss         | -1.05        |
|    explained_variance   | 0.0684       |
|    learning_rate        | 0.0003       |
|    loss                 | 16.7         |
|    n_updates            | 100          |
|    policy_gradient_loss | -0.00554     |
|    value_loss           | 33.6         |
------------------------------------------
------------------------------------------
| rollout/                |              |
|    ep_len_mean          | 60           |
|    ep_rew_mean          | 32.8         |
| time/                   |              |
|    fps                  | 141          |
|    iterations           | 12           |
|    time_elapsed         | 173          |
|    total_timesteps      | 24576        |
| train/                  |              |
|    approx_kl            | 0.0047208862 |
|    clip_fraction        | 0.0162       |
|    clip_range           | 0.2          |
|    entropy_loss         | -1.03        |
|    explained_variance   | 0.0657       |
|    learning_rate        | 0.0003       |
|    loss                 | 17.4         |
|    n_updates            | 110          |
|    policy_gradient_loss | -0.0035      |
|    value_loss           | 33.5         |
------------------------------------------
------------------------------------------
| rollout/                |              |
|    ep_len_mean          | 60           |
|    ep_rew_mean          | 33.4         |
| time/                   |              |
|    fps                  | 141          |
|    iterations           | 13           |
|    time_elapsed         | 188          |
|    total_timesteps      | 26624        |
| train/                  |              |
|    approx_kl            | 0.0068383873 |
|    clip_fraction        | 0.0306       |
|    clip_range           | 0.2          |
|    entropy_loss         | -0.964       |
|    explained_variance   | 0.0805       |
|    learning_rate        | 0.0003       |
|    loss                 | 19.4         |
|    n_updates            | 120          |
|    policy_gradient_loss | -0.00651     |
|    value_loss           | 41.2         |
------------------------------------------
-----------------------------------------
| rollout/                |             |
|    ep_len_mean          | 60          |
|    ep_rew_mean          | 34.4        |
| time/                   |             |
|    fps                  | 140         |
|    iterations           | 14          |
|    time_elapsed         | 203         |
|    total_timesteps      | 28672       |
| train/                  |             |
|    approx_kl            | 0.005467119 |
|    clip_fraction        | 0.032       |
|    clip_range           | 0.2         |
|    entropy_loss         | -0.895      |
|    explained_variance   | 0.0478      |
|    learning_rate        | 0.0003      |
|    loss                 | 21.1        |
|    n_updates            | 130         |
|    policy_gradient_loss | -0.00332    |
|    value_loss           | 39.6        |
-----------------------------------------
------------------------------------------
| rollout/                |              |
|    ep_len_mean          | 60           |
|    ep_rew_mean          | 35.6         |
| time/                   |              |
|    fps                  | 139          |
|    iterations           | 15           |
|    time_elapsed         | 220          |
|    total_timesteps      | 30720        |
| train/                  |              |
|    approx_kl            | 0.0051863263 |
|    clip_fraction        | 0.0327       |
|    clip_range           | 0.2          |
|    entropy_loss         | -0.851       |
|    explained_variance   | 0.117        |
|    learning_rate        | 0.0003       |
|    loss                 | 18.1         |
|    n_updates            | 140          |
|    policy_gradient_loss | -0.00461     |
|    value_loss           | 41.4         |
------------------------------------------
-----------------------------------------
| rollout/                |             |
|    ep_len_mean          | 60          |
|    ep_rew_mean          | 36.9        |
| time/                   |             |
|    fps                  | 136         |
|    iterations           | 16          |
|    time_elapsed         | 239         |
|    total_timesteps      | 32768       |
| train/                  |             |
|    approx_kl            | 0.003411308 |
|    clip_fraction        | 0.017       |
|    clip_range           | 0.2         |
|    entropy_loss         | -0.753      |
|    explained_variance   | 0.0978      |
|    learning_rate        | 0.0003      |
|    loss                 | 21.9        |
|    n_updates            | 150         |
|    policy_gradient_loss | -0.00398    |
|    value_loss           | 45.2        |
-----------------------------------------
----------------------------------------
| rollout/                |            |
|    ep_len_mean          | 60         |
|    ep_rew_mean          | 37.5       |
| time/                   |            |
|    fps                  | 135        |
|    iterations           | 17         |
|    time_elapsed         | 257        |
|    total_timesteps      | 34816      |
| train/                  |            |
|    approx_kl            | 0.00477984 |
|    clip_fraction        | 0.0285     |
|    clip_range           | 0.2        |
|    entropy_loss         | -0.741     |
|    explained_variance   | 0.125      |
|    learning_rate        | 0.0003     |
|    loss                 | 22.6       |
|    n_updates            | 160        |
|    policy_gradient_loss | -0.00475   |
|    value_loss           | 43.7       |
----------------------------------------
-----------------------------------------
| rollout/                |             |
|    ep_len_mean          | 60          |
|    ep_rew_mean          | 38          |
| time/                   |             |
|    fps                  | 134         |
|    iterations           | 18          |
|    time_elapsed         | 274         |
|    total_timesteps      | 36864       |
| train/                  |             |
|    approx_kl            | 0.001534401 |
|    clip_fraction        | 0.0173      |
|    clip_range           | 0.2         |
|    entropy_loss         | -0.723      |
|    explained_variance   | 0.0609      |
|    learning_rate        | 0.0003      |
|    loss                 | 23.9        |
|    n_updates            | 170         |
|    policy_gradient_loss | -0.002      |
|    value_loss           | 49.4        |
-----------------------------------------
----------------------------------------
| rollout/                |            |
|    ep_len_mean          | 60         |
|    ep_rew_mean          | 37.8       |
| time/                   |            |
|    fps                  | 133        |
|    iterations           | 19         |
|    time_elapsed         | 291        |
|    total_timesteps      | 38912      |
| train/                  |            |
|    approx_kl            | 0.00520161 |
|    clip_fraction        | 0.019      |
|    clip_range           | 0.2        |
|    entropy_loss         | -0.67      |
|    explained_variance   | 0.0828     |
|    learning_rate        | 0.0003     |
|    loss                 | 19.4       |
|    n_updates            | 180        |
|    policy_gradient_loss | -0.00314   |
|    value_loss           | 46.5       |
----------------------------------------
------------------------------------------
| rollout/                |              |
|    ep_len_mean          | 60           |
|    ep_rew_mean          | 37.8         |
| time/                   |              |
|    fps                  | 132          |
|    iterations           | 20           |
|    time_elapsed         | 308          |
|    total_timesteps      | 40960        |
| train/                  |              |
|    approx_kl            | 0.0027829567 |
|    clip_fraction        | 0.0348       |
|    clip_range           | 0.2          |
|    entropy_loss         | -0.666       |
|    explained_variance   | 0.111        |
|    learning_rate        | 0.0003       |
|    loss                 | 27.1         |
|    n_updates            | 190          |
|    policy_gradient_loss | -0.00508     |
|    value_loss           | 50           |
------------------------------------------
------------------------------------------
| rollout/                |              |
|    ep_len_mean          | 60           |
|    ep_rew_mean          | 38.5         |
| time/                   |              |
|    fps                  | 131          |
|    iterations           | 21           |
|    time_elapsed         | 327          |
|    total_timesteps      | 43008        |
| train/                  |              |
|    approx_kl            | 0.0028088272 |
|    clip_fraction        | 0.00937      |
|    clip_range           | 0.2          |
|    entropy_loss         | -0.638       |
|    explained_variance   | 0.112        |
|    learning_rate        | 0.0003       |
|    loss                 | 21.8         |
|    n_updates            | 200          |
|    policy_gradient_loss | -0.00265     |
|    value_loss           | 47           |
------------------------------------------
------------------------------------------
| rollout/                |              |
|    ep_len_mean          | 60           |
|    ep_rew_mean          | 38.9         |
| time/                   |              |
|    fps                  | 130          |
|    iterations           | 22           |
|    time_elapsed         | 344          |
|    total_timesteps      | 45056        |
| train/                  |              |
|    approx_kl            | 0.0023142924 |
|    clip_fraction        | 0.0247       |
|    clip_range           | 0.2          |
|    entropy_loss         | -0.585       |
|    explained_variance   | 0.0811       |
|    learning_rate        | 0.0003       |
|    loss                 | 26.1         |
|    n_updates            | 210          |
|    policy_gradient_loss | -0.00279     |
|    value_loss           | 52           |
------------------------------------------
------------------------------------------
| rollout/                |              |
|    ep_len_mean          | 60           |
|    ep_rew_mean          | 39.9         |
| time/                   |              |
|    fps                  | 131          |
|    iterations           | 23           |
|    time_elapsed         | 358          |
|    total_timesteps      | 47104        |
| train/                  |              |
|    approx_kl            | 0.0036490015 |
|    clip_fraction        | 0.0205       |
|    clip_range           | 0.2          |
|    entropy_loss         | -0.583       |
|    explained_variance   | 0.136        |
|    learning_rate        | 0.0003       |
|    loss                 | 21.2         |
|    n_updates            | 220          |
|    policy_gradient_loss | -0.00306     |
|    value_loss           | 49.3         |
------------------------------------------
------------------------------------------
| rollout/                |              |
|    ep_len_mean          | 60           |
|    ep_rew_mean          | 39.7         |
| time/                   |              |
|    fps                  | 129          |
|    iterations           | 24           |
|    time_elapsed         | 379          |
|    total_timesteps      | 49152        |
| train/                  |              |
|    approx_kl            | 0.0020649973 |
|    clip_fraction        | 0.0299       |
|    clip_range           | 0.2          |
|    entropy_loss         | -0.534       |
|    explained_variance   | 0.0915       |
|    learning_rate        | 0.0003       |
|    loss                 | 33.4         |
|    n_updates            | 230          |
|    policy_gradient_loss | -0.00332     |
|    value_loss           | 56.5         |
------------------------------------------
------------------------------------------
| rollout/                |              |
|    ep_len_mean          | 60           |
|    ep_rew_mean          | 40.4         |
| time/                   |              |
|    fps                  | 127          |
|    iterations           | 25           |
|    time_elapsed         | 401          |
|    total_timesteps      | 51200        |
| train/                  |              |
|    approx_kl            | 0.0047501074 |
|    clip_fraction        | 0.0254       |
|    clip_range           | 0.2          |
|    entropy_loss         | -0.509       |
|    explained_variance   | 0.0406       |
|    learning_rate        | 0.0003       |
|    loss                 | 27.2         |
|    n_updates            | 240          |
|    policy_gradient_loss | -0.0038      |
|    value_loss           | 53.8         |
------------------------------------------
    evaluating (100 episodes)...
    eval: 20/100 episodes
    eval: 40/100 episodes
    eval: 60/100 episodes
    eval: 80/100 episodes
    eval: 100/100 episodes
  reward_profile=latency-leaning ...
Using cpu device
---------------------------------
| rollout/           |          |
|    ep_len_mean     | 60       |
|    ep_rew_mean     | 2.55     |
| time/              |          |
|    fps             | 171      |
|    iterations      | 1        |
|    time_elapsed    | 11       |
|    total_timesteps | 2048     |
---------------------------------
-----------------------------------------
| rollout/                |             |
|    ep_len_mean          | 60          |
|    ep_rew_mean          | 5.31        |
| time/                   |             |
|    fps                  | 164         |
|    iterations           | 2           |
|    time_elapsed         | 24          |
|    total_timesteps      | 4096        |
| train/                  |             |
|    approx_kl            | 0.015967801 |
|    clip_fraction        | 0.156       |
|    clip_range           | 0.2         |
|    entropy_loss         | -1.6        |
|    explained_variance   | -0.0194     |
|    learning_rate        | 0.0003      |
|    loss                 | 3.82        |
|    n_updates            | 10          |
|    policy_gradient_loss | -0.021      |
|    value_loss           | 9.25        |
-----------------------------------------
-----------------------------------------
| rollout/                |             |
|    ep_len_mean          | 60          |
|    ep_rew_mean          | 7.53        |
| time/                   |             |
|    fps                  | 155         |
|    iterations           | 3           |
|    time_elapsed         | 39          |
|    total_timesteps      | 6144        |
| train/                  |             |
|    approx_kl            | 0.014261365 |
|    clip_fraction        | 0.133       |
|    clip_range           | 0.2         |
|    entropy_loss         | -1.57       |
|    explained_variance   | 0.147       |
|    learning_rate        | 0.0003      |
|    loss                 | 3.59        |
|    n_updates            | 20          |
|    policy_gradient_loss | -0.019      |
|    value_loss           | 8.22        |
-----------------------------------------
-----------------------------------------
| rollout/                |             |
|    ep_len_mean          | 60          |
|    ep_rew_mean          | 13.1        |
| time/                   |             |
|    fps                  | 152         |
|    iterations           | 4           |
|    time_elapsed         | 53          |
|    total_timesteps      | 8192        |
| train/                  |             |
|    approx_kl            | 0.017286196 |
|    clip_fraction        | 0.103       |
|    clip_range           | 0.2         |
|    entropy_loss         | -1.52       |
|    explained_variance   | 0.166       |
|    learning_rate        | 0.0003      |
|    loss                 | 4.07        |
|    n_updates            | 30          |
|    policy_gradient_loss | -0.0167     |
|    value_loss           | 10.2        |
-----------------------------------------
----------------------------------------
| rollout/                |            |
|    ep_len_mean          | 60         |
|    ep_rew_mean          | 18.1       |
| time/                   |            |
|    fps                  | 148        |
|    iterations           | 5          |
|    time_elapsed         | 68         |
|    total_timesteps      | 10240      |
| train/                  |            |
|    approx_kl            | 0.01299696 |
|    clip_fraction        | 0.0365     |
|    clip_range           | 0.2        |
|    entropy_loss         | -1.46      |
|    explained_variance   | 0.15       |
|    learning_rate        | 0.0003     |
|    loss                 | 6.23       |
|    n_updates            | 40         |
|    policy_gradient_loss | -0.00795   |
|    value_loss           | 15.5       |
----------------------------------------
------------------------------------------
| rollout/                |              |
|    ep_len_mean          | 60           |
|    ep_rew_mean          | 23.4         |
| time/                   |              |
|    fps                  | 146          |
|    iterations           | 6            |
|    time_elapsed         | 84           |
|    total_timesteps      | 12288        |
| train/                  |              |
|    approx_kl            | 0.0050413418 |
|    clip_fraction        | 0.00562      |
|    clip_range           | 0.2          |
|    entropy_loss         | -1.4         |
|    explained_variance   | 0.0624       |
|    learning_rate        | 0.0003       |
|    loss                 | 7.85         |
|    n_updates            | 50           |
|    policy_gradient_loss | -0.00296     |
|    value_loss           | 18.6         |
------------------------------------------
-----------------------------------------
| rollout/                |             |
|    ep_len_mean          | 60          |
|    ep_rew_mean          | 26.2        |
| time/                   |             |
|    fps                  | 140         |
|    iterations           | 7           |
|    time_elapsed         | 102         |
|    total_timesteps      | 14336       |
| train/                  |             |
|    approx_kl            | 0.010071913 |
|    clip_fraction        | 0.0279      |
|    clip_range           | 0.2         |
|    entropy_loss         | -1.36       |
|    explained_variance   | 0.0786      |
|    learning_rate        | 0.0003      |
|    loss                 | 11.6        |
|    n_updates            | 60          |
|    policy_gradient_loss | -0.0074     |
|    value_loss           | 24.7        |
-----------------------------------------
-----------------------------------------
| rollout/                |             |
|    ep_len_mean          | 60          |
|    ep_rew_mean          | 29.1        |
| time/                   |             |
|    fps                  | 126         |
|    iterations           | 8           |
|    time_elapsed         | 129         |
|    total_timesteps      | 16384       |
| train/                  |             |
|    approx_kl            | 0.009615987 |
|    clip_fraction        | 0.0293      |
|    clip_range           | 0.2         |
|    entropy_loss         | -1.27       |
|    explained_variance   | 0.00959     |
|    learning_rate        | 0.0003      |
|    loss                 | 12.9        |
|    n_updates            | 70          |
|    policy_gradient_loss | -0.00703    |
|    value_loss           | 27.5        |
-----------------------------------------
-----------------------------------------
| rollout/                |             |
|    ep_len_mean          | 60          |
|    ep_rew_mean          | 31.5        |
| time/                   |             |
|    fps                  | 116         |
|    iterations           | 9           |
|    time_elapsed         | 157         |
|    total_timesteps      | 18432       |
| train/                  |             |
|    approx_kl            | 0.009213004 |
|    clip_fraction        | 0.0374      |
|    clip_range           | 0.2         |
|    entropy_loss         | -1.21       |
|    explained_variance   | 0.0517      |
|    learning_rate        | 0.0003      |
|    loss                 | 15.8        |
|    n_updates            | 80          |
|    policy_gradient_loss | -0.00716    |
|    value_loss           | 32.2        |
-----------------------------------------
------------------------------------------
| rollout/                |              |
|    ep_len_mean          | 60           |
|    ep_rew_mean          | 33.6         |
| time/                   |              |
|    fps                  | 112          |
|    iterations           | 10           |
|    time_elapsed         | 181          |
|    total_timesteps      | 20480        |
| train/                  |              |
|    approx_kl            | 0.0053048246 |
|    clip_fraction        | 0.0129       |
|    clip_range           | 0.2          |
|    entropy_loss         | -1.15        |
|    explained_variance   | 0.0452       |
|    learning_rate        | 0.0003       |
|    loss                 | 15.9         |
|    n_updates            | 90           |
|    policy_gradient_loss | -0.0026      |
|    value_loss           | 33.6         |
------------------------------------------
------------------------------------------
| rollout/                |              |
|    ep_len_mean          | 60           |
|    ep_rew_mean          | 34.3         |
| time/                   |              |
|    fps                  | 110          |
|    iterations           | 11           |
|    time_elapsed         | 203          |
|    total_timesteps      | 22528        |
| train/                  |              |
|    approx_kl            | 0.0060572326 |
|    clip_fraction        | 0.0274       |
|    clip_range           | 0.2          |
|    entropy_loss         | -1.08        |
|    explained_variance   | 0.0658       |
|    learning_rate        | 0.0003       |
|    loss                 | 18.8         |
|    n_updates            | 100          |
|    policy_gradient_loss | -0.00468     |
|    value_loss           | 38.8         |
------------------------------------------
------------------------------------------
| rollout/                |              |
|    ep_len_mean          | 60           |
|    ep_rew_mean          | 34.3         |
| time/                   |              |
|    fps                  | 111          |
|    iterations           | 12           |
|    time_elapsed         | 219          |
|    total_timesteps      | 24576        |
| train/                  |              |
|    approx_kl            | 0.0038642557 |
|    clip_fraction        | 0.0131       |
|    clip_range           | 0.2          |
|    entropy_loss         | -1.1         |
|    explained_variance   | 0.0689       |
|    learning_rate        | 0.0003       |
|    loss                 | 20           |
|    n_updates            | 110          |
|    policy_gradient_loss | -0.00339     |
|    value_loss           | 38.7         |
------------------------------------------
------------------------------------------
| rollout/                |              |
|    ep_len_mean          | 60           |
|    ep_rew_mean          | 34.6         |
| time/                   |              |
|    fps                  | 112          |
|    iterations           | 13           |
|    time_elapsed         | 237          |
|    total_timesteps      | 26624        |
| train/                  |              |
|    approx_kl            | 0.0077933464 |
|    clip_fraction        | 0.0436       |
|    clip_range           | 0.2          |
|    entropy_loss         | -1.05        |
|    explained_variance   | 0.0822       |
|    learning_rate        | 0.0003       |
|    loss                 | 21.5         |
|    n_updates            | 120          |
|    policy_gradient_loss | -0.00747     |
|    value_loss           | 46.1         |
------------------------------------------
------------------------------------------
| rollout/                |              |
|    ep_len_mean          | 60           |
|    ep_rew_mean          | 35.3         |
| time/                   |              |
|    fps                  | 109          |
|    iterations           | 14           |
|    time_elapsed         | 261          |
|    total_timesteps      | 28672        |
| train/                  |              |
|    approx_kl            | 0.0062705954 |
|    clip_fraction        | 0.0366       |
|    clip_range           | 0.2          |
|    entropy_loss         | -0.985       |
|    explained_variance   | 0.0435       |
|    learning_rate        | 0.0003       |
|    loss                 | 22.8         |
|    n_updates            | 130          |
|    policy_gradient_loss | -0.00427     |
|    value_loss           | 42.7         |
------------------------------------------
-----------------------------------------
| rollout/                |             |
|    ep_len_mean          | 60          |
|    ep_rew_mean          | 36.4        |
| time/                   |             |
|    fps                  | 110         |
|    iterations           | 15          |
|    time_elapsed         | 278         |
|    total_timesteps      | 30720       |
| train/                  |             |
|    approx_kl            | 0.008931244 |
|    clip_fraction        | 0.0612      |
|    clip_range           | 0.2         |
|    entropy_loss         | -0.961      |
|    explained_variance   | 0.117       |
|    learning_rate        | 0.0003      |
|    loss                 | 18.9        |
|    n_updates            | 140         |
|    policy_gradient_loss | -0.00612    |
|    value_loss           | 43.5        |
-----------------------------------------
-----------------------------------------
| rollout/                |             |
|    ep_len_mean          | 60          |
|    ep_rew_mean          | 37.7        |
| time/                   |             |
|    fps                  | 111         |
|    iterations           | 16          |
|    time_elapsed         | 294         |
|    total_timesteps      | 32768       |
| train/                  |             |
|    approx_kl            | 0.003551968 |
|    clip_fraction        | 0.0125      |
|    clip_range           | 0.2         |
|    entropy_loss         | -0.839      |
|    explained_variance   | 0.0973      |
|    learning_rate        | 0.0003      |
|    loss                 | 23.4        |
|    n_updates            | 150         |
|    policy_gradient_loss | -0.00298    |
|    value_loss           | 48.2        |
-----------------------------------------
------------------------------------------
| rollout/                |              |
|    ep_len_mean          | 60           |
|    ep_rew_mean          | 38.4         |
| time/                   |              |
|    fps                  | 108          |
|    iterations           | 17           |
|    time_elapsed         | 320          |
|    total_timesteps      | 34816        |
| train/                  |              |
|    approx_kl            | 0.0057615982 |
|    clip_fraction        | 0.0353       |
|    clip_range           | 0.2          |
|    entropy_loss         | -0.839       |
|    explained_variance   | 0.133        |
|    learning_rate        | 0.0003       |
|    loss                 | 23.8         |
|    n_updates            | 160          |
|    policy_gradient_loss | -0.00527     |
|    value_loss           | 46.2         |
------------------------------------------
-----------------------------------------
| rollout/                |             |
|    ep_len_mean          | 60          |
|    ep_rew_mean          | 38.9        |
| time/                   |             |
|    fps                  | 106         |
|    iterations           | 18          |
|    time_elapsed         | 346         |
|    total_timesteps      | 36864       |
| train/                  |             |
|    approx_kl            | 0.002848255 |
|    clip_fraction        | 0.0114      |
|    clip_range           | 0.2         |
|    entropy_loss         | -0.806      |
|    explained_variance   | 0.0632      |
|    learning_rate        | 0.0003      |
|    loss                 | 25.6        |
|    n_updates            | 170         |
|    policy_gradient_loss | -0.00223    |
|    value_loss           | 52.9        |
-----------------------------------------
------------------------------------------
| rollout/                |              |
|    ep_len_mean          | 60           |
|    ep_rew_mean          | 38.6         |
| time/                   |              |
|    fps                  | 103          |
|    iterations           | 19           |
|    time_elapsed         | 376          |
|    total_timesteps      | 38912        |
| train/                  |              |
|    approx_kl            | 0.0050134626 |
|    clip_fraction        | 0.0342       |
|    clip_range           | 0.2          |
|    entropy_loss         | -0.748       |
|    explained_variance   | 0.0838       |
|    learning_rate        | 0.0003       |
|    loss                 | 20.3         |
|    n_updates            | 180          |
|    policy_gradient_loss | -0.00465     |
|    value_loss           | 48.8         |
------------------------------------------
-----------------------------------------
| rollout/                |             |
|    ep_len_mean          | 60          |
|    ep_rew_mean          | 38.6        |
| time/                   |             |
|    fps                  | 102         |
|    iterations           | 20          |
|    time_elapsed         | 398         |
|    total_timesteps      | 40960       |
| train/                  |             |
|    approx_kl            | 0.003416819 |
|    clip_fraction        | 0.0354      |
|    clip_range           | 0.2         |
|    entropy_loss         | -0.771      |
|    explained_variance   | 0.119       |
|    learning_rate        | 0.0003      |
|    loss                 | 28          |
|    n_updates            | 190         |
|    policy_gradient_loss | -0.00594    |
|    value_loss           | 51.7        |
-----------------------------------------
-----------------------------------------
| rollout/                |             |
|    ep_len_mean          | 60          |
|    ep_rew_mean          | 39.2        |
| time/                   |             |
|    fps                  | 102         |
|    iterations           | 21          |
|    time_elapsed         | 418         |
|    total_timesteps      | 43008       |
| train/                  |             |
|    approx_kl            | 0.005105483 |
|    clip_fraction        | 0.035       |
|    clip_range           | 0.2         |
|    entropy_loss         | -0.735      |
|    explained_variance   | 0.115       |
|    learning_rate        | 0.0003      |
|    loss                 | 23.3        |
|    n_updates            | 200         |
|    policy_gradient_loss | -0.00473    |
|    value_loss           | 50.2        |
-----------------------------------------
------------------------------------------
| rollout/                |              |
|    ep_len_mean          | 60           |
|    ep_rew_mean          | 39.7         |
| time/                   |              |
|    fps                  | 101          |
|    iterations           | 22           |
|    time_elapsed         | 442          |
|    total_timesteps      | 45056        |
| train/                  |              |
|    approx_kl            | 0.0051985914 |
|    clip_fraction        | 0.0369       |
|    clip_range           | 0.2          |
|    entropy_loss         | -0.675       |
|    explained_variance   | 0.0835       |
|    learning_rate        | 0.0003       |
|    loss                 | 27           |
|    n_updates            | 210          |
|    policy_gradient_loss | -0.00456     |
|    value_loss           | 54.3         |
------------------------------------------
------------------------------------------
| rollout/                |              |
|    ep_len_mean          | 60           |
|    ep_rew_mean          | 40.7         |
| time/                   |              |
|    fps                  | 101          |
|    iterations           | 23           |
|    time_elapsed         | 464          |
|    total_timesteps      | 47104        |
| train/                  |              |
|    approx_kl            | 0.0030649714 |
|    clip_fraction        | 0.0185       |
|    clip_range           | 0.2          |
|    entropy_loss         | -0.678       |
|    explained_variance   | 0.136        |
|    learning_rate        | 0.0003       |
|    loss                 | 22.4         |
|    n_updates            | 220          |
|    policy_gradient_loss | -0.00331     |
|    value_loss           | 52.1         |
------------------------------------------
-----------------------------------------
| rollout/                |             |
|    ep_len_mean          | 60          |
|    ep_rew_mean          | 40.6        |
| time/                   |             |
|    fps                  | 99          |
|    iterations           | 24          |
|    time_elapsed         | 492         |
|    total_timesteps      | 49152       |
| train/                  |             |
|    approx_kl            | 0.002134322 |
|    clip_fraction        | 0.0264      |
|    clip_range           | 0.2         |
|    entropy_loss         | -0.608      |
|    explained_variance   | 0.0947      |
|    learning_rate        | 0.0003      |
|    loss                 | 34.1        |
|    n_updates            | 230         |
|    policy_gradient_loss | -0.0043     |
|    value_loss           | 58.8        |
-----------------------------------------
------------------------------------------
| rollout/                |              |
|    ep_len_mean          | 60           |
|    ep_rew_mean          | 41.3         |
| time/                   |              |
|    fps                  | 100          |
|    iterations           | 25           |
|    time_elapsed         | 511          |
|    total_timesteps      | 51200        |
| train/                  |              |
|    approx_kl            | 0.0050089248 |
|    clip_fraction        | 0.0308       |
|    clip_range           | 0.2          |
|    entropy_loss         | -0.572       |
|    explained_variance   | 0.0426       |
|    learning_rate        | 0.0003       |
|    loss                 | 28.5         |
|    n_updates            | 240          |
|    policy_gradient_loss | -0.0039      |
|    value_loss           | 56.4         |
------------------------------------------
    evaluating (100 episodes)...
    eval: 20/100 episodes
    eval: 40/100 episodes
    eval: 60/100 episodes
    eval: 80/100 episodes
    eval: 100/100 episodes
  reward_profile=reliability-leaning ...
Using cpu device
---------------------------------
| rollout/           |          |
|    ep_len_mean     | 60       |
|    ep_rew_mean     | -0.0905  |
| time/              |          |
|    fps             | 112      |
|    iterations      | 1        |
|    time_elapsed    | 18       |
|    total_timesteps | 2048     |
---------------------------------
-----------------------------------------
| rollout/                |             |
|    ep_len_mean          | 60          |
|    ep_rew_mean          | 2.63        |
| time/                   |             |
|    fps                  | 109         |
|    iterations           | 2           |
|    time_elapsed         | 37          |
|    total_timesteps      | 4096        |
| train/                  |             |
|    approx_kl            | 0.015933942 |
|    clip_fraction        | 0.16        |
|    clip_range           | 0.2         |
|    entropy_loss         | -1.6        |
|    explained_variance   | -0.0184     |
|    learning_rate        | 0.0003      |
|    loss                 | 3.55        |
|    n_updates            | 10          |
|    policy_gradient_loss | -0.0217     |
|    value_loss           | 8.44        |
-----------------------------------------
-----------------------------------------
| rollout/                |             |
|    ep_len_mean          | 60          |
|    ep_rew_mean          | 4.92        |
| time/                   |             |
|    fps                  | 107         |
|    iterations           | 3           |
|    time_elapsed         | 57          |
|    total_timesteps      | 6144        |
| train/                  |             |
|    approx_kl            | 0.013981091 |
|    clip_fraction        | 0.156       |
|    clip_range           | 0.2         |
|    entropy_loss         | -1.57       |
|    explained_variance   | 0.14        |
|    learning_rate        | 0.0003      |
|    loss                 | 3.1         |
|    n_updates            | 20          |
|    policy_gradient_loss | -0.0213     |
|    value_loss           | 6.98        |
-----------------------------------------
-----------------------------------------
| rollout/                |             |
|    ep_len_mean          | 60          |
|    ep_rew_mean          | 10.3        |
| time/                   |             |
|    fps                  | 103         |
|    iterations           | 4           |
|    time_elapsed         | 79          |
|    total_timesteps      | 8192        |
| train/                  |             |
|    approx_kl            | 0.015217112 |
|    clip_fraction        | 0.119       |
|    clip_range           | 0.2         |
|    entropy_loss         | -1.52       |
|    explained_variance   | 0.151       |
|    learning_rate        | 0.0003      |
|    loss                 | 3.46        |
|    n_updates            | 30          |
|    policy_gradient_loss | -0.0192     |
|    value_loss           | 8.49        |
-----------------------------------------
-----------------------------------------
| rollout/                |             |
|    ep_len_mean          | 60          |
|    ep_rew_mean          | 15.1        |
| time/                   |             |
|    fps                  | 103         |
|    iterations           | 5           |
|    time_elapsed         | 98          |
|    total_timesteps      | 10240       |
| train/                  |             |
|    approx_kl            | 0.012282676 |
|    clip_fraction        | 0.0602      |
|    clip_range           | 0.2         |
|    entropy_loss         | -1.47       |
|    explained_variance   | 0.147       |
|    learning_rate        | 0.0003      |
|    loss                 | 4.71        |
|    n_updates            | 40          |
|    policy_gradient_loss | -0.0103     |
|    value_loss           | 11.8        |
-----------------------------------------
-----------------------------------------
| rollout/                |             |
|    ep_len_mean          | 60          |
|    ep_rew_mean          | 20.3        |
| time/                   |             |
|    fps                  | 101         |
|    iterations           | 6           |
|    time_elapsed         | 121         |
|    total_timesteps      | 12288       |
| train/                  |             |
|    approx_kl            | 0.009017048 |
|    clip_fraction        | 0.0241      |
|    clip_range           | 0.2         |
|    entropy_loss         | -1.41       |
|    explained_variance   | 0.0658      |
|    learning_rate        | 0.0003      |
|    loss                 | 6.16        |
|    n_updates            | 50          |
|    policy_gradient_loss | -0.00482    |
|    value_loss           | 14.6        |
-----------------------------------------
-----------------------------------------
| rollout/                |             |
|    ep_len_mean          | 60          |
|    ep_rew_mean          | 23.3        |
| time/                   |             |
|    fps                  | 98          |
|    iterations           | 7           |
|    time_elapsed         | 145         |
|    total_timesteps      | 14336       |
| train/                  |             |
|    approx_kl            | 0.011466695 |
|    clip_fraction        | 0.0328      |
|    clip_range           | 0.2         |
|    entropy_loss         | -1.36       |
|    explained_variance   | 0.0787      |
|    learning_rate        | 0.0003      |
|    loss                 | 9.47        |
|    n_updates            | 60          |
|    policy_gradient_loss | -0.0084     |
|    value_loss           | 20          |
-----------------------------------------
-----------------------------------------
| rollout/                |             |
|    ep_len_mean          | 60          |
|    ep_rew_mean          | 26.7        |
| time/                   |             |
|    fps                  | 94          |
|    iterations           | 8           |
|    time_elapsed         | 173         |
|    total_timesteps      | 16384       |
| train/                  |             |
|    approx_kl            | 0.011247233 |
|    clip_fraction        | 0.0265      |
|    clip_range           | 0.2         |
|    entropy_loss         | -1.26       |
|    explained_variance   | 0.0125      |
|    learning_rate        | 0.0003      |
|    loss                 | 11.1        |
|    n_updates            | 70          |
|    policy_gradient_loss | -0.00653    |
|    value_loss           | 23.7        |
-----------------------------------------
-----------------------------------------
| rollout/                |             |
|    ep_len_mean          | 60          |
|    ep_rew_mean          | 28.8        |
| time/                   |             |
|    fps                  | 93          |
|    iterations           | 9           |
|    time_elapsed         | 197         |
|    total_timesteps      | 18432       |
| train/                  |             |
|    approx_kl            | 0.009899784 |
|    clip_fraction        | 0.0527      |
|    clip_range           | 0.2         |
|    entropy_loss         | -1.19       |
|    explained_variance   | 0.0521      |
|    learning_rate        | 0.0003      |
|    loss                 | 14          |
|    n_updates            | 80          |
|    policy_gradient_loss | -0.00836    |
|    value_loss           | 29          |
-----------------------------------------
------------------------------------------
| rollout/                |              |
|    ep_len_mean          | 60           |
|    ep_rew_mean          | 31.2         |
| time/                   |              |
|    fps                  | 91           |
|    iterations           | 10           |
|    time_elapsed         | 223          |
|    total_timesteps      | 20480        |
| train/                  |              |
|    approx_kl            | 0.0056045824 |
|    clip_fraction        | 0.0173       |
|    clip_range           | 0.2          |
|    entropy_loss         | -1.12        |
|    explained_variance   | 0.0396       |
|    learning_rate        | 0.0003       |
|    loss                 | 13.8         |
|    n_updates            | 90           |
|    policy_gradient_loss | -0.00306     |
|    value_loss           | 28.7         |
------------------------------------------
------------------------------------------
| rollout/                |              |
|    ep_len_mean          | 60           |
|    ep_rew_mean          | 32           |
| time/                   |              |
|    fps                  | 92           |
|    iterations           | 11           |
|    time_elapsed         | 244          |
|    total_timesteps      | 22528        |
| train/                  |              |
|    approx_kl            | 0.0065043545 |
|    clip_fraction        | 0.0181       |
|    clip_range           | 0.2          |
|    entropy_loss         | -1.03        |
|    explained_variance   | 0.071        |
|    learning_rate        | 0.0003       |
|    loss                 | 16.9         |
|    n_updates            | 100          |
|    policy_gradient_loss | -0.00414     |
|    value_loss           | 34.2         |
------------------------------------------
------------------------------------------
| rollout/                |              |
|    ep_len_mean          | 60           |
|    ep_rew_mean          | 32.8         |
| time/                   |              |
|    fps                  | 93           |
|    iterations           | 12           |
|    time_elapsed         | 262          |
|    total_timesteps      | 24576        |
| train/                  |              |
|    approx_kl            | 0.0025898644 |
|    clip_fraction        | 0.00161      |
|    clip_range           | 0.2          |
|    entropy_loss         | -1.03        |
|    explained_variance   | 0.0707       |
|    learning_rate        | 0.0003       |
|    loss                 | 17.6         |
|    n_updates            | 110          |
|    policy_gradient_loss | -0.00175     |
|    value_loss           | 33.9         |
------------------------------------------
------------------------------------------
| rollout/                |              |
|    ep_len_mean          | 60           |
|    ep_rew_mean          | 33.3         |
| time/                   |              |
|    fps                  | 95           |
|    iterations           | 13           |
|    time_elapsed         | 279          |
|    total_timesteps      | 26624        |
| train/                  |              |
|    approx_kl            | 0.0073590176 |
|    clip_fraction        | 0.0451       |
|    clip_range           | 0.2          |
|    entropy_loss         | -0.978       |
|    explained_variance   | 0.0818       |
|    learning_rate        | 0.0003       |
|    loss                 | 19.8         |
|    n_updates            | 120          |
|    policy_gradient_loss | -0.00765     |
|    value_loss           | 42           |
------------------------------------------
------------------------------------------
| rollout/                |              |
|    ep_len_mean          | 60           |
|    ep_rew_mean          | 34.1         |
| time/                   |              |
|    fps                  | 95           |
|    iterations           | 14           |
|    time_elapsed         | 300          |
|    total_timesteps      | 28672        |
| train/                  |              |
|    approx_kl            | 0.0060020625 |
|    clip_fraction        | 0.032        |
|    clip_range           | 0.2          |
|    entropy_loss         | -0.917       |
|    explained_variance   | 0.0496       |
|    learning_rate        | 0.0003       |
|    loss                 | 21.7         |
|    n_updates            | 130          |
|    policy_gradient_loss | -0.00297     |
|    value_loss           | 40.4         |
------------------------------------------
------------------------------------------
| rollout/                |              |
|    ep_len_mean          | 60           |
|    ep_rew_mean          | 35           |
| time/                   |              |
|    fps                  | 95           |
|    iterations           | 15           |
|    time_elapsed         | 320          |
|    total_timesteps      | 30720        |
| train/                  |              |
|    approx_kl            | 0.0066666235 |
|    clip_fraction        | 0.0353       |
|    clip_range           | 0.2          |
|    entropy_loss         | -0.885       |
|    explained_variance   | 0.121        |
|    learning_rate        | 0.0003       |
|    loss                 | 17.7         |
|    n_updates            | 140          |
|    policy_gradient_loss | -0.00494     |
|    value_loss           | 40.6         |
------------------------------------------
------------------------------------------
| rollout/                |              |
|    ep_len_mean          | 60           |
|    ep_rew_mean          | 36           |
| time/                   |              |
|    fps                  | 95           |
|    iterations           | 16           |
|    time_elapsed         | 342          |
|    total_timesteps      | 32768        |
| train/                  |              |
|    approx_kl            | 0.0033994422 |
|    clip_fraction        | 0.00918      |
|    clip_range           | 0.2          |
|    entropy_loss         | -0.78        |
|    explained_variance   | 0.0938       |
|    learning_rate        | 0.0003       |
|    loss                 | 21.6         |
|    n_updates            | 150          |
|    policy_gradient_loss | -0.00323     |
|    value_loss           | 44.7         |
------------------------------------------
------------------------------------------
| rollout/                |              |
|    ep_len_mean          | 60           |
|    ep_rew_mean          | 36.8         |
| time/                   |              |
|    fps                  | 96           |
|    iterations           | 17           |
|    time_elapsed         | 362          |
|    total_timesteps      | 34816        |
| train/                  |              |
|    approx_kl            | 0.0054539656 |
|    clip_fraction        | 0.0412       |
|    clip_range           | 0.2          |
|    entropy_loss         | -0.773       |
|    explained_variance   | 0.123        |
|    learning_rate        | 0.0003       |
|    loss                 | 22.2         |
|    n_updates            | 160          |
|    policy_gradient_loss | -0.00533     |
|    value_loss           | 42.5         |
------------------------------------------
-----------------------------------------
| rollout/                |             |
|    ep_len_mean          | 60          |
|    ep_rew_mean          | 37.2        |
| time/                   |             |
|    fps                  | 95          |
|    iterations           | 18          |
|    time_elapsed         | 384         |
|    total_timesteps      | 36864       |
| train/                  |             |
|    approx_kl            | 0.003249317 |
|    clip_fraction        | 0.0175      |
|    clip_range           | 0.2         |
|    entropy_loss         | -0.749      |
|    explained_variance   | 0.0679      |
|    learning_rate        | 0.0003      |
|    loss                 | 23.2        |
|    n_updates            | 170         |
|    policy_gradient_loss | -0.00279    |
|    value_loss           | 48.5        |
-----------------------------------------
------------------------------------------
| rollout/                |              |
|    ep_len_mean          | 60           |
|    ep_rew_mean          | 37.1         |
| time/                   |              |
|    fps                  | 95           |
|    iterations           | 19           |
|    time_elapsed         | 405          |
|    total_timesteps      | 38912        |
| train/                  |              |
|    approx_kl            | 0.0022954685 |
|    clip_fraction        | 0.0126       |
|    clip_range           | 0.2          |
|    entropy_loss         | -0.685       |
|    explained_variance   | 0.0916       |
|    learning_rate        | 0.0003       |
|    loss                 | 18.8         |
|    n_updates            | 180          |
|    policy_gradient_loss | -0.00289     |
|    value_loss           | 45.8         |
------------------------------------------
------------------------------------------
| rollout/                |              |
|    ep_len_mean          | 60           |
|    ep_rew_mean          | 37           |
| time/                   |              |
|    fps                  | 94           |
|    iterations           | 20           |
|    time_elapsed         | 432          |
|    total_timesteps      | 40960        |
| train/                  |              |
|    approx_kl            | 0.0028269128 |
|    clip_fraction        | 0.0308       |
|    clip_range           | 0.2          |
|    entropy_loss         | -0.682       |
|    explained_variance   | 0.111        |
|    learning_rate        | 0.0003       |
|    loss                 | 26.6         |
|    n_updates            | 190          |
|    policy_gradient_loss | -0.00564     |
|    value_loss           | 48.6         |
------------------------------------------
------------------------------------------
| rollout/                |              |
|    ep_len_mean          | 60           |
|    ep_rew_mean          | 37.8         |
| time/                   |              |
|    fps                  | 95           |
|    iterations           | 21           |
|    time_elapsed         | 450          |
|    total_timesteps      | 43008        |
| train/                  |              |
|    approx_kl            | 0.0045329398 |
|    clip_fraction        | 0.0293       |
|    clip_range           | 0.2          |
|    entropy_loss         | -0.653       |
|    explained_variance   | 0.116        |
|    learning_rate        | 0.0003       |
|    loss                 | 21.4         |
|    n_updates            | 200          |
|    policy_gradient_loss | -0.00439     |
|    value_loss           | 45.9         |
------------------------------------------
------------------------------------------
| rollout/                |              |
|    ep_len_mean          | 60           |
|    ep_rew_mean          | 38.1         |
| time/                   |              |
|    fps                  | 96           |
|    iterations           | 22           |
|    time_elapsed         | 469          |
|    total_timesteps      | 45056        |
| train/                  |              |
|    approx_kl            | 0.0021401292 |
|    clip_fraction        | 0.0107       |
|    clip_range           | 0.2          |
|    entropy_loss         | -0.601       |
|    explained_variance   | 0.08         |
|    learning_rate        | 0.0003       |
|    loss                 | 25.1         |
|    n_updates            | 210          |
|    policy_gradient_loss | -0.00298     |
|    value_loss           | 51.5         |
------------------------------------------
------------------------------------------
| rollout/                |              |
|    ep_len_mean          | 60           |
|    ep_rew_mean          | 39.1         |
| time/                   |              |
|    fps                  | 96           |
|    iterations           | 23           |
|    time_elapsed         | 486          |
|    total_timesteps      | 47104        |
| train/                  |              |
|    approx_kl            | 0.0031360802 |
|    clip_fraction        | 0.0188       |
|    clip_range           | 0.2          |
|    entropy_loss         | -0.617       |
|    explained_variance   | 0.131        |
|    learning_rate        | 0.0003       |
|    loss                 | 20           |
|    n_updates            | 220          |
|    policy_gradient_loss | -0.0028      |
|    value_loss           | 47.5         |
------------------------------------------
-----------------------------------------
| rollout/                |             |
|    ep_len_mean          | 60          |
|    ep_rew_mean          | 38.7        |
| time/                   |             |
|    fps                  | 97          |
|    iterations           | 24          |
|    time_elapsed         | 506         |
|    total_timesteps      | 49152       |
| train/                  |             |
|    approx_kl            | 0.002306222 |
|    clip_fraction        | 0.0226      |
|    clip_range           | 0.2         |
|    entropy_loss         | -0.559      |
|    explained_variance   | 0.0976      |
|    learning_rate        | 0.0003      |
|    loss                 | 32.6        |
|    n_updates            | 230         |
|    policy_gradient_loss | -0.00374    |
|    value_loss           | 55.3        |
-----------------------------------------
------------------------------------------
| rollout/                |              |
|    ep_len_mean          | 60           |
|    ep_rew_mean          | 39.6         |
| time/                   |              |
|    fps                  | 96           |
|    iterations           | 25           |
|    time_elapsed         | 529          |
|    total_timesteps      | 51200        |
| train/                  |              |
|    approx_kl            | 0.0043704845 |
|    clip_fraction        | 0.0284       |
|    clip_range           | 0.2          |
|    entropy_loss         | -0.524       |
|    explained_variance   | 0.0481       |
|    learning_rate        | 0.0003       |
|    loss                 | 26.3         |
|    n_updates            | 240          |
|    policy_gradient_loss | -0.00462     |
|    value_loss           | 52.6         |
------------------------------------------
    evaluating (100 episodes)...
    eval: 20/100 episodes
    eval: 40/100 episodes
    eval: 60/100 episodes
    eval: 80/100 episodes
    eval: 100/100 episodes
     reward_profile  reward_mean  switch_rate_mean  outage_rate_mean
           balanced    43.849337          0.054833               0.0
 throughput-leaning    43.454013          0.052667               0.0
    latency-leaning    44.905468          0.054167               0.0
reliability-leaning    43.264205          0.049500               0.0

figures + csv written to D:\Projects\TN+NTN\drl\figures
--- eval_geometry_generalization (Phase 1.4) ---
Gym has been unmaintained since 2022 and does not support NumPy 2.0 amongst other critical functionality.
Please upgrade to Gymnasium, the maintained drop-in replacement of Gym, or contact the authors of your software and request that they upgrade.
Users of this version of Gym should be able to simply replace 'import gym' with 'import gymnasium as gym' in the vast majority of cases.
See the migration guide at https://gymnasium.farama.org/introduction/migration_guide/ for additional information.
evaluating hysteresis under nominal geometry...
    hysteresis/nominal: 20/200 episodes
    hysteresis/nominal: 40/200 episodes
    hysteresis/nominal: 60/200 episodes
    hysteresis/nominal: 80/200 episodes
    hysteresis/nominal: 100/200 episodes
    hysteresis/nominal: 120/200 episodes
    hysteresis/nominal: 140/200 episodes
    hysteresis/nominal: 160/200 episodes
    hysteresis/nominal: 180/200 episodes
    hysteresis/nominal: 200/200 episodes
evaluating ppo seed=0 under nominal geometry...
    ppo_seed0/nominal: 20/200 episodes
    ppo_seed0/nominal: 40/200 episodes
    ppo_seed0/nominal: 60/200 episodes
    ppo_seed0/nominal: 80/200 episodes
    ppo_seed0/nominal: 100/200 episodes
    ppo_seed0/nominal: 120/200 episodes
    ppo_seed0/nominal: 140/200 episodes
    ppo_seed0/nominal: 160/200 episodes
    ppo_seed0/nominal: 180/200 episodes
    ppo_seed0/nominal: 200/200 episodes
evaluating ppo seed=1 under nominal geometry...
    ppo_seed1/nominal: 20/200 episodes
    ppo_seed1/nominal: 40/200 episodes
    ppo_seed1/nominal: 60/200 episodes
    ppo_seed1/nominal: 80/200 episodes
    ppo_seed1/nominal: 100/200 episodes
    ppo_seed1/nominal: 120/200 episodes
    ppo_seed1/nominal: 140/200 episodes
    ppo_seed1/nominal: 160/200 episodes
    ppo_seed1/nominal: 180/200 episodes
    ppo_seed1/nominal: 200/200 episodes
evaluating ppo seed=2 under nominal geometry...
    ppo_seed2/nominal: 20/200 episodes
    ppo_seed2/nominal: 40/200 episodes
    ppo_seed2/nominal: 60/200 episodes
    ppo_seed2/nominal: 80/200 episodes
    ppo_seed2/nominal: 100/200 episodes
    ppo_seed2/nominal: 120/200 episodes
    ppo_seed2/nominal: 140/200 episodes
    ppo_seed2/nominal: 160/200 episodes
    ppo_seed2/nominal: 180/200 episodes
    ppo_seed2/nominal: 200/200 episodes
evaluating hysteresis under shifted geometry...
    hysteresis/shifted: 20/200 episodes
    hysteresis/shifted: 40/200 episodes
    hysteresis/shifted: 60/200 episodes
    hysteresis/shifted: 80/200 episodes
    hysteresis/shifted: 100/200 episodes
    hysteresis/shifted: 120/200 episodes
    hysteresis/shifted: 140/200 episodes
    hysteresis/shifted: 160/200 episodes
    hysteresis/shifted: 180/200 episodes
    hysteresis/shifted: 200/200 episodes
evaluating ppo seed=0 under shifted geometry...
    ppo_seed0/shifted: 20/200 episodes
    ppo_seed0/shifted: 40/200 episodes
    ppo_seed0/shifted: 60/200 episodes
    ppo_seed0/shifted: 80/200 episodes
    ppo_seed0/shifted: 100/200 episodes
    ppo_seed0/shifted: 120/200 episodes
    ppo_seed0/shifted: 140/200 episodes
    ppo_seed0/shifted: 160/200 episodes
    ppo_seed0/shifted: 180/200 episodes
    ppo_seed0/shifted: 200/200 episodes
evaluating ppo seed=1 under shifted geometry...
    ppo_seed1/shifted: 20/200 episodes
    ppo_seed1/shifted: 40/200 episodes
    ppo_seed1/shifted: 60/200 episodes
    ppo_seed1/shifted: 80/200 episodes
    ppo_seed1/shifted: 100/200 episodes
    ppo_seed1/shifted: 120/200 episodes
    ppo_seed1/shifted: 140/200 episodes
    ppo_seed1/shifted: 160/200 episodes
    ppo_seed1/shifted: 180/200 episodes
    ppo_seed1/shifted: 200/200 episodes
evaluating ppo seed=2 under shifted geometry...
    ppo_seed2/shifted: 20/200 episodes
    ppo_seed2/shifted: 40/200 episodes
    ppo_seed2/shifted: 60/200 episodes
    ppo_seed2/shifted: 80/200 episodes
    ppo_seed2/shifted: 100/200 episodes
    ppo_seed2/shifted: 120/200 episodes
    ppo_seed2/shifted: 140/200 episodes
    ppo_seed2/shifted: 160/200 episodes
    ppo_seed2/shifted: 180/200 episodes
    ppo_seed2/shifted: 200/200 episodes

    policy geometry  reward_mean  switch_rate_mean  outage_rate_mean
hysteresis  nominal    40.903817          0.062500               0.0
 ppo_seed0  nominal    43.896757          0.039583               0.0
 ppo_seed1  nominal    44.961315          0.023000               0.0
 ppo_seed2  nominal    43.998193          0.047167               0.0
hysteresis  shifted    41.312362          0.081667               0.0
 ppo_seed0  shifted    43.915555          0.056917               0.0
 ppo_seed1  shifted    45.045364          0.031750               0.0
 ppo_seed2  shifted    44.050981          0.058167               0.0

Saved: D:\Projects\TN+NTN\drl\figures\phase8_geometry_generalization.csv
--- significance_tests ---
ppo vs dqn [total_reward]: mean 44.1648 vs 43.4613, Welch p=5.90e-06, MWU p=3.85e-06, d=0.263
ppo vs dqn [switch_rate]: mean 0.0373 vs 0.1421, Welch p=3.03e-165, MWU p=1.66e-149, d=-2.014
ppo vs hysteresis [total_reward]: mean 44.1648 vs 40.9038, Welch p=4.53e-53, MWU p=1.76e-45, d=1.246
ppo vs hysteresis [switch_rate]: mean 0.0373 vs 0.0625, Welch p=1.05e-24, MWU p=2.54e-26, d=-0.851
ppo vs oracle [total_reward]: mean 44.1648 vs 45.2919, Welch p=7.08e-07, MWU p=2.22e-07, d=-0.409
ppo vs oracle [switch_rate]: mean 0.0373 vs 0.0496, Welch p=2.31e-05, MWU p=1.29e-05, d=-0.384
dqn vs hysteresis [total_reward]: mean 43.4613 vs 40.9038, Welch p=2.20e-37, MWU p=9.40e-34, d=1.038
dqn vs hysteresis [switch_rate]: mean 0.1421 vs 0.0625, Welch p=2.10e-94, MWU p=2.23e-57, d=1.335

Saved: D:\Projects\TN+NTN\drl\figures\phase7_significance.csv
=== Thu Sep  3 23:20:59 EDT 2026 KU campaign done ===
